source name	characteristics[organism]	characteristics[organism part]	characteristics[cell type]	characteristics[biological replicate]	characteristics[disease]	characteristics[developmental stage]	characteristics[strain or breed]	characteristics[experimental group]	assay name	technology type	comment[technical replicate]	comment[data file]	comment[sdrf version]	comment[sdrf template]	comment[sdrf template]	comment[sdrf annotation tool]	comment[proteomics data acquisition method]	comment[instrument]	comment[cleavage agent details]	comment[label]	comment[fraction identifier]	comment[dissociation method]	comment[collision energy]	comment[precursor mass tolerance]	comment[fragment mass tolerance]	comment[modification parameters]	comment[modification parameters]	comment[modification parameters]	comment[modification parameters]	comment[modification parameters]	comment[modification parameters]	factor value[experimental group]
control 1	Mus musculus	bone marrow	leukemia cell	1	acute myeloid leukemia	adult	C57BL/6J	control	220708_eif6_TMT10_F01_of_08_R1-TMT126	proteomic profiling by mass spectrometry	1	220708_eif6_TMT10_F01_of_08_R1.raw	v1.1.0	NT=ms-proteomics;VV=v1.1.0	NT=vertebrates;VV=v1.1.0	manual curation	NT=Data-dependent acquisition;AC=PRIDE:0000627	NT=Orbitrap Exploris 480;AC=MS:1003028	NT=Trypsin;AC=MS:1001251	TMT126	1	NT=beam-type collision-induced dissociation;AC=MS:1000422	35% NCE	10 ppm	0.02 Da	NT=Carbamidomethyl;AC=UNIMOD:4;TA=C;MT=Fixed	NT=TMT6plex;AC=UNIMOD:737;TA=K;MT=Fixed	NT=TMT6plex;AC=UNIMOD:737;PP=Any N-term;MT=Fixed	NT=Oxidation;AC=UNIMOD:35;TA=M;MT=Variable	NT=Acetyl;AC=UNIMOD:1;PP=Protein N-term;MT=Variable	NT=Met-loss;AC=UNIMOD:765;TA=M;PP=Protein N-term;MT=Variable	control
control 1	Mus musculus	bone marrow	leukemia cell	1	acute myeloid leukemia	adult	C57BL/6J	control	220708_eif6_TMT10_F02_of_08_R1-TMT126	proteomic profiling by mass spectrometry	1	220708_eif6_TMT10_F02_of_08_R1.raw	v1.1.0	NT=ms-proteomics;VV=v1.1.0	NT=vertebrates;VV=v1.1.0	manual curation	NT=Data-dependent acquisition;AC=PRIDE:0000627	NT=Orbitrap Exploris 480;AC=MS:1003028	NT=Trypsin;AC=MS:1001251	TMT126	2	NT=beam-type collision-induced dissociation;AC=MS:1000422	35% NCE	10 ppm	0.02 Da	NT=Carbamidomethyl;AC=UNIMOD:4;TA=C;MT=Fixed	NT=TMT6plex;AC=UNIMOD:737;TA=K;MT=Fixed	NT=TMT6plex;AC=UNIMOD:737;PP=Any N-term;MT=Fixed	NT=Oxidation;AC=UNIMOD:35;TA=M;MT=Variable	NT=Acetyl;AC=UNIMOD:1;PP=Protein N-term;MT=Variable	NT=Met-loss;AC=UNIMOD:765;TA=M;PP=Protein N-term;MT=Variable	control
control 1	Mus musculus	bone marrow	leukemia cell	1	acute myeloid leukemia	adult	C57BL/6J	control	220708_eif6_TMT10_F03_of_08_R1-TMT126	proteomic profiling by mass spectrometry	1	220708_eif6_TMT10_F03_of_08_R1.raw	v1.1.0	NT=ms-proteomics;VV=v1.1.0	NT=vertebrates;VV=v1.1.0	manual curation	NT=Data-dependent acquisition;AC=PRIDE:0000627	NT=Orbitrap Exploris 480;AC=MS:1003028	NT=Trypsin;AC=MS:1001251	TMT126	3	NT=beam-type collision-induced dissociation;AC=MS:1000422	35% NCE	10 ppm	0.02 Da	NT=Carbamidomethyl;AC=UNIMOD:4;TA=C;MT=Fixed	NT=TMT6plex;AC=UNIMOD:737;TA=K;MT=Fixed	NT=TMT6plex;AC=UNIMOD:737;PP=Any N-term;MT=Fixed	NT=Oxidation;AC=UNIMOD:35;TA=M;MT=Variable	NT=Acetyl;AC=UNIMOD:1;PP=Protein N-term;MT=Variable	NT=Met-loss;AC=UNIMOD:765;TA=M;PP=Protein N-term;MT=Variable	control
control 1	Mus musculus	bone marrow	leukemia cell	1	acute myeloid leukemia	adult	C57BL/6J	control	220708_eif6_TMT10_F04_of_08_R1-TMT126	proteomic profiling by mass spectrometry	1	220708_eif6_TMT10_F04_of_08_R1.raw	v1.1.0	NT=ms-proteomics;VV=v1.1.0	NT=vertebrates;VV=v1.1.0	manual curation	NT=Data-dependent acquisition;AC=PRIDE:0000627	NT=Orbitrap Exploris 480;AC=MS:1003028	NT=Trypsin;AC=MS:1001251	TMT126	4	NT=beam-type collision-induced dissociation;AC=MS:1000422	35% NCE	10 ppm	0.02 Da	NT=Carbamidomethyl;AC=UNIMOD:4;TA=C;MT=Fixed	NT=TMT6plex;AC=UNIMOD:737;TA=K;MT=Fixed	NT=TMT6plex;AC=UNIMOD:737;PP=Any N-term;MT=Fixed	NT=Oxidation;AC=UNIMOD:35;TA=M;MT=Variable	NT=Acetyl;AC=UNIMOD:1;PP=Protein N-term;MT=Variable	NT=Met-loss;AC=UNIMOD:765;TA=M;PP=Protein N-term;MT=Variable	control
control 1	Mus musculus	bone marrow	leukemia cell	1	acute myeloid leukemia	adult	C57BL/6J	control	220708_eif6_TMT10_F05_of_08_R1-TMT126	proteomic profiling by mass spectrometry	1	220708_eif6_TMT10_F05_of_08_R1.raw	v1.1.0	NT=ms-proteomics;VV=v1.1.0	NT=vertebrates;VV=v1.1.0	manual curation	NT=Data-dependent acquisition;AC=PRIDE:0000627	NT=Orbitrap Exploris 480;AC=MS:1003028	NT=Trypsin;AC=MS:1001251	TMT126	5	NT=beam-type collision-induced dissociation;AC=MS:1000422	35% NCE	10 ppm	0.02 Da	NT=Carbamidomethyl;AC=UNIMOD:4;TA=C;MT=Fixed	NT=TMT6plex;AC=UNIMOD:737;TA=K;MT=Fixed	NT=TMT6plex;AC=UNIMOD:737;PP=Any N-term;MT=Fixed	NT=Oxidation;AC=UNIMOD:35;TA=M;MT=Variable	NT=Acetyl;AC=UNIMOD:1;PP=Protein N-term;MT=Variable	NT=Met-loss;AC=UNIMOD:765;TA=M;PP=Protein N-term;MT=Variable	control
control 1	Mus musculus	bone marrow	leukemia cell	1	acute myeloid leukemia	adult	C57BL/6J	control	220708_eif6_TMT10_F06_of_08_R1-TMT126	proteomic profiling by mass spectrometry	1	220708_eif6_TMT10_F06_of_08_R1.raw	v1.1.0	NT=ms-proteomics;VV=v1.1.0	NT=vertebrates;VV=v1.1.0	manual curation	NT=Data-dependent acquisition;AC=PRIDE:0000627	NT=Orbitrap Exploris 480;AC=MS:1003028	NT=Trypsin;AC=MS:1001251	TMT126	6	NT=beam-type collision-induced dissociation;AC=MS:1000422	35% NCE	10 ppm	0.02 Da	NT=Carbamidomethyl;AC=UNIMOD:4;TA=C;MT=Fixed	NT=TMT6plex;AC=UNIMOD:737;TA=K;MT=Fixed	NT=TMT6plex;AC=UNIMOD:737;PP=Any N-term;MT=Fixed	NT=Oxidation;AC=UNIMOD:35;TA=M;MT=Variable	NT=Acetyl;AC=UNIMOD:1;PP=Protein N-term;MT=Variable	NT=Met-loss;AC=UNIMOD:765;TA=M;PP=Protein N-term;MT=Variable	control
control 1	Mus musculus	bone marrow	leukemia cell	1	acute myeloid leukemia	adult	C57BL/6J	control	220708_eif6_TMT10_F07_of_08_R1-TMT126	proteomic profiling by mass spectrometry	1	220708_eif6_TMT10_F07_of_08_R1.raw	v1.1.0	NT=ms-proteomics;VV=v1.1.0	NT=vertebrates;VV=v1.1.0	manual curation	NT=Data-dependent acquisition;AC=PRIDE:0000627	NT=Orbitrap Exploris 480;AC=MS:1003028	NT=Trypsin;AC=MS:1001251	TMT126	7	NT=beam-type collision-induced dissociation;AC=MS:1000422	35% NCE	10 ppm	0.02 Da	NT=Carbamidomethyl;AC=UNIMOD:4;TA=C;MT=Fixed	NT=TMT6plex;AC=UNIMOD:737;TA=K;MT=Fixed	NT=TMT6plex;AC=UNIMOD:737;PP=Any N-term;MT=Fixed	NT=Oxidation;AC=UNIMOD:35;TA=M;MT=Variable	NT=Acetyl;AC=UNIMOD:1;PP=Protein N-term;MT=Variable	NT=Met-loss;AC=UNIMOD:765;TA=M;PP=Protein N-term;MT=Variable	control
control 1	Mus musculus	bone marrow	leukemia cell	1	acute myeloid leukemia	adult	C57BL/6J	control	220708_eif6_TMT10_F08_of_08_R1-TMT126	proteomic profiling by mass spectrometry	1	220708_eif6_TMT10_F08_of_08_R1.raw	v1.1.0	NT=ms-proteomics;VV=v1.1.0	NT=vertebrates;VV=v1.1.0	manual curation	NT=Data-dependent acquisition;AC=PRIDE:0000627	NT=Orbitrap Exploris 480;AC=MS:1003028	NT=Trypsin;AC=MS:1001251	TMT126	8	NT=beam-type collision-induced dissociation;AC=MS:1000422	35% NCE	10 ppm	0.02 Da	NT=Carbamidomethyl;AC=UNIMOD:4;TA=C;MT=Fixed	NT=TMT6plex;AC=UNIMOD:737;TA=K;MT=Fixed	NT=TMT6plex;AC=UNIMOD:737;PP=Any N-term;MT=Fixed	NT=Oxidation;AC=UNIMOD:35;TA=M;MT=Variable	NT=Acetyl;AC=UNIMOD:1;PP=Protein N-term;MT=Variable	NT=Met-loss;AC=UNIMOD:765;TA=M;PP=Protein N-term;MT=Variable	control
control 2	Mus musculus	bone marrow	leukemia cell	2	acute myeloid leukemia	adult	C57BL/6J	control	220708_eif6_TMT10_F01_of_08_R1-TMT127N	proteomic profiling by mass spectrometry	1	220708_eif6_TMT10_F01_of_08_R1.raw	v1.1.0	NT=ms-proteomics;VV=v1.1.0	NT=vertebrates;VV=v1.1.0	manual curation	NT=Data-dependent acquisition;AC=PRIDE:0000627	NT=Orbitrap Exploris 480;AC=MS:1003028	NT=Trypsin;AC=MS:1001251	TMT127N	1	NT=beam-type collision-induced dissociation;AC=MS:1000422	35% NCE	10 ppm	0.02 Da	NT=Carbamidomethyl;AC=UNIMOD:4;TA=C;MT=Fixed	NT=TMT6plex;AC=UNIMOD:737;TA=K;MT=Fixed	NT=TMT6plex;AC=UNIMOD:737;PP=Any N-term;MT=Fixed	NT=Oxidation;AC=UNIMOD:35;TA=M;MT=Variable	NT=Acetyl;AC=UNIMOD:1;PP=Protein N-term;MT=Variable	NT=Met-loss;AC=UNIMOD:765;TA=M;PP=Protein N-term;MT=Variable	control
control 2	Mus musculus	bone marrow	leukemia cell	2	acute myeloid leukemia	adult	C57BL/6J	control	220708_eif6_TMT10_F02_of_08_R1-TMT127N	proteomic profiling by mass spectrometry	1	220708_eif6_TMT10_F02_of_08_R1.raw	v1.1.0	NT=ms-proteomics;VV=v1.1.0	NT=vertebrates;VV=v1.1.0	manual curation	NT=Data-dependent acquisition;AC=PRIDE:0000627	NT=Orbitrap Exploris 480;AC=MS:1003028	NT=Trypsin;AC=MS:1001251	TMT127N	2	NT=beam-type collision-induced dissociation;AC=MS:1000422	35% NCE	10 ppm	0.02 Da	NT=Carbamidomethyl;AC=UNIMOD:4;TA=C;MT=Fixed	NT=TMT6plex;AC=UNIMOD:737;TA=K;MT=Fixed	NT=TMT6plex;AC=UNIMOD:737;PP=Any N-term;MT=Fixed	NT=Oxidation;AC=UNIMOD:35;TA=M;MT=Variable	NT=Acetyl;AC=UNIMOD:1;PP=Protein N-term;MT=Variable	NT=Met-loss;AC=UNIMOD:765;TA=M;PP=Protein N-term;MT=Variable	control
control 2	Mus musculus	bone marrow	leukemia cell	2	acute myeloid leukemia	adult	C57BL/6J	control	220708_eif6_TMT10_F03_of_08_R1-TMT127N	proteomic profiling by mass spectrometry	1	220708_eif6_TMT10_F03_of_08_R1.raw	v1.1.0	NT=ms-proteomics;VV=v1.1.0	NT=vertebrates;VV=v1.1.0	manual curation	NT=Data-dependent acquisition;AC=PRIDE:0000627	NT=Orbitrap Exploris 480;AC=MS:1003028	NT=Trypsin;AC=MS:1001251	TMT127N	3	NT=beam-type collision-induced dissociation;AC=MS:1000422	35% NCE	10 ppm	0.02 Da	NT=Carbamidomethyl;AC=UNIMOD:4;TA=C;MT=Fixed	NT=TMT6plex;AC=UNIMOD:737;TA=K;MT=Fixed	NT=TMT6plex;AC=UNIMOD:737;PP=Any N-term;MT=Fixed	NT=Oxidation;AC=UNIMOD:35;TA=M;MT=Variable	NT=Acetyl;AC=UNIMOD:1;PP=Protein N-term;MT=Variable	NT=Met-loss;AC=UNIMOD:765;TA=M;PP=Protein N-term;MT=Variable	control
control 2	Mus musculus	bone marrow	leukemia cell	2	acute myeloid leukemia	adult	C57BL/6J	control	220708_eif6_TMT10_F04_of_08_R1-TMT127N	proteomic profiling by mass spectrometry	1	220708_eif6_TMT10_F04_of_08_R1.raw	v1.1.0	NT=ms-proteomics;VV=v1.1.0	NT=vertebrates;VV=v1.1.0	manual curation	NT=Data-dependent acquisition;AC=PRIDE:0000627	NT=Orbitrap Exploris 480;AC=MS:1003028	NT=Trypsin;AC=MS:1001251	TMT127N	4	NT=beam-type collision-induced dissociation;AC=MS:1000422	35% NCE	10 ppm	0.02 Da	NT=Carbamidomethyl;AC=UNIMOD:4;TA=C;MT=Fixed	NT=TMT6plex;AC=UNIMOD:737;TA=K;MT=Fixed	NT=TMT6plex;AC=UNIMOD:737;PP=Any N-term;MT=Fixed	NT=Oxidation;AC=UNIMOD:35;TA=M;MT=Variable	NT=Acetyl;AC=UNIMOD:1;PP=Protein N-term;MT=Variable	NT=Met-loss;AC=UNIMOD:765;TA=M;PP=Protein N-term;MT=Variable	control
control 2	Mus musculus	bone marrow	leukemia cell	2	acute myeloid leukemia	adult	C57BL/6J	control	220708_eif6_TMT10_F05_of_08_R1-TMT127N	proteomic profiling by mass spectrometry	1	220708_eif6_TMT10_F05_of_08_R1.raw	v1.1.0	NT=ms-proteomics;VV=v1.1.0	NT=vertebrates;VV=v1.1.0	manual curation	NT=Data-dependent acquisition;AC=PRIDE:0000627	NT=Orbitrap Exploris 480;AC=MS:1003028	NT=Trypsin;AC=MS:1001251	TMT127N	5	NT=beam-type collision-induced dissociation;AC=MS:1000422	35% NCE	10 ppm	0.02 Da	NT=Carbamidomethyl;AC=UNIMOD:4;TA=C;MT=Fixed	NT=TMT6plex;AC=UNIMOD:737;TA=K;MT=Fixed	NT=TMT6plex;AC=UNIMOD:737;PP=Any N-term;MT=Fixed	NT=Oxidation;AC=UNIMOD:35;TA=M;MT=Variable	NT=Acetyl;AC=UNIMOD:1;PP=Protein N-term;MT=Variable	NT=Met-loss;AC=UNIMOD:765;TA=M;PP=Protein N-term;MT=Variable	control
control 2	Mus musculus	bone marrow	leukemia cell	2	acute myeloid leukemia	adult	C57BL/6J	control	220708_eif6_TMT10_F06_of_08_R1-TMT127N	proteomic profiling by mass spectrometry	1	220708_eif6_TMT10_F06_of_08_R1.raw	v1.1.0	NT=ms-proteomics;VV=v1.1.0	NT=vertebrates;VV=v1.1.0	manual curation	NT=Data-dependent acquisition;AC=PRIDE:0000627	NT=Orbitrap Exploris 480;AC=MS:1003028	NT=Trypsin;AC=MS:1001251	TMT127N	6	NT=beam-type collision-induced dissociation;AC=MS:1000422	35% NCE	10 ppm	0.02 Da	NT=Carbamidomethyl;AC=UNIMOD:4;TA=C;MT=Fixed	NT=TMT6plex;AC=UNIMOD:737;TA=K;MT=Fixed	NT=TMT6plex;AC=UNIMOD:737;PP=Any N-term;MT=Fixed	NT=Oxidation;AC=UNIMOD:35;TA=M;MT=Variable	NT=Acetyl;AC=UNIMOD:1;PP=Protein N-term;MT=Variable	NT=Met-loss;AC=UNIMOD:765;TA=M;PP=Protein N-term;MT=Variable	control
control 2	Mus musculus	bone marrow	leukemia cell	2	acute myeloid leukemia	adult	C57BL/6J	control	220708_eif6_TMT10_F07_of_08_R1-TMT127N	proteomic profiling by mass spectrometry	1	220708_eif6_TMT10_F07_of_08_R1.raw	v1.1.0	NT=ms-proteomics;VV=v1.1.0	NT=vertebrates;VV=v1.1.0	manual curation	NT=Data-dependent acquisition;AC=PRIDE:0000627	NT=Orbitrap Exploris 480;AC=MS:1003028	NT=Trypsin;AC=MS:1001251	TMT127N	7	NT=beam-type collision-induced dissociation;AC=MS:1000422	35% NCE	10 ppm	0.02 Da	NT=Carbamidomethyl;AC=UNIMOD:4;TA=C;MT=Fixed	NT=TMT6plex;AC=UNIMOD:737;TA=K;MT=Fixed	NT=TMT6plex;AC=UNIMOD:737;PP=Any N-term;MT=Fixed	NT=Oxidation;AC=UNIMOD:35;TA=M;MT=Variable	NT=Acetyl;AC=UNIMOD:1;PP=Protein N-term;MT=Variable	NT=Met-loss;AC=UNIMOD:765;TA=M;PP=Protein N-term;MT=Variable	control
control 2	Mus musculus	bone marrow	leukemia cell	2	acute myeloid leukemia	adult	C57BL/6J	control	220708_eif6_TMT10_F08_of_08_R1-TMT127N	proteomic profiling by mass spectrometry	1	220708_eif6_TMT10_F08_of_08_R1.raw	v1.1.0	NT=ms-proteomics;VV=v1.1.0	NT=vertebrates;VV=v1.1.0	manual curation	NT=Data-dependent acquisition;AC=PRIDE:0000627	NT=Orbitrap Exploris 480;AC=MS:1003028	NT=Trypsin;AC=MS:1001251	TMT127N	8	NT=beam-type collision-induced dissociation;AC=MS:1000422	35% NCE	10 ppm	0.02 Da	NT=Carbamidomethyl;AC=UNIMOD:4;TA=C;MT=Fixed	NT=TMT6plex;AC=UNIMOD:737;TA=K;MT=Fixed	NT=TMT6plex;AC=UNIMOD:737;PP=Any N-term;MT=Fixed	NT=Oxidation;AC=UNIMOD:35;TA=M;MT=Variable	NT=Acetyl;AC=UNIMOD:1;PP=Protein N-term;MT=Variable	NT=Met-loss;AC=UNIMOD:765;TA=M;PP=Protein N-term;MT=Variable	control
control 3	Mus musculus	bone marrow	leukemia cell	3	acute myeloid leukemia	adult	C57BL/6J	control	220708_eif6_TMT10_F01_of_08_R1-TMT127C	proteomic profiling by mass spectrometry	1	220708_eif6_TMT10_F01_of_08_R1.raw	v1.1.0	NT=ms-proteomics;VV=v1.1.0	NT=vertebrates;VV=v1.1.0	manual curation	NT=Data-dependent acquisition;AC=PRIDE:0000627	NT=Orbitrap Exploris 480;AC=MS:1003028	NT=Trypsin;AC=MS:1001251	TMT127C	1	NT=beam-type collision-induced dissociation;AC=MS:1000422	35% NCE	10 ppm	0.02 Da	NT=Carbamidomethyl;AC=UNIMOD:4;TA=C;MT=Fixed	NT=TMT6plex;AC=UNIMOD:737;TA=K;MT=Fixed	NT=TMT6plex;AC=UNIMOD:737;PP=Any N-term;MT=Fixed	NT=Oxidation;AC=UNIMOD:35;TA=M;MT=Variable	NT=Acetyl;AC=UNIMOD:1;PP=Protein N-term;MT=Variable	NT=Met-loss;AC=UNIMOD:765;TA=M;PP=Protein N-term;MT=Variable	control
control 3	Mus musculus	bone marrow	leukemia cell	3	acute myeloid leukemia	adult	C57BL/6J	control	220708_eif6_TMT10_F02_of_08_R1-TMT127C	proteomic profiling by mass spectrometry	1	220708_eif6_TMT10_F02_of_08_R1.raw	v1.1.0	NT=ms-proteomics;VV=v1.1.0	NT=vertebrates;VV=v1.1.0	manual curation	NT=Data-dependent acquisition;AC=PRIDE:0000627	NT=Orbitrap Exploris 480;AC=MS:1003028	NT=Trypsin;AC=MS:1001251	TMT127C	2	NT=beam-type collision-induced dissociation;AC=MS:1000422	35% NCE	10 ppm	0.02 Da	NT=Carbamidomethyl;AC=UNIMOD:4;TA=C;MT=Fixed	NT=TMT6plex;AC=UNIMOD:737;TA=K;MT=Fixed	NT=TMT6plex;AC=UNIMOD:737;PP=Any N-term;MT=Fixed	NT=Oxidation;AC=UNIMOD:35;TA=M;MT=Variable	NT=Acetyl;AC=UNIMOD:1;PP=Protein N-term;MT=Variable	NT=Met-loss;AC=UNIMOD:765;TA=M;PP=Protein N-term;MT=Variable	control
control 3	Mus musculus	bone marrow	leukemia cell	3	acute myeloid leukemia	adult	C57BL/6J	control	220708_eif6_TMT10_F03_of_08_R1-TMT127C	proteomic profiling by mass spectrometry	1	220708_eif6_TMT10_F03_of_08_R1.raw	v1.1.0	NT=ms-proteomics;VV=v1.1.0	NT=vertebrates;VV=v1.1.0	manual curation	NT=Data-dependent acquisition;AC=PRIDE:0000627	NT=Orbitrap Exploris 480;AC=MS:1003028	NT=Trypsin;AC=MS:1001251	TMT127C	3	NT=beam-type collision-induced dissociation;AC=MS:1000422	35% NCE	10 ppm	0.02 Da	NT=Carbamidomethyl;AC=UNIMOD:4;TA=C;MT=Fixed	NT=TMT6plex;AC=UNIMOD:737;TA=K;MT=Fixed	NT=TMT6plex;AC=UNIMOD:737;PP=Any N-term;MT=Fixed	NT=Oxidation;AC=UNIMOD:35;TA=M;MT=Variable	NT=Acetyl;AC=UNIMOD:1;PP=Protein N-term;MT=Variable	NT=Met-loss;AC=UNIMOD:765;TA=M;PP=Protein N-term;MT=Variable	control
control 3	Mus musculus	bone marrow	leukemia cell	3	acute myeloid leukemia	adult	C57BL/6J	control	220708_eif6_TMT10_F04_of_08_R1-TMT127C	proteomic profiling by mass spectrometry	1	220708_eif6_TMT10_F04_of_08_R1.raw	v1.1.0	NT=ms-proteomics;VV=v1.1.0	NT=vertebrates;VV=v1.1.0	manual curation	NT=Data-dependent acquisition;AC=PRIDE:0000627	NT=Orbitrap Exploris 480;AC=MS:1003028	NT=Trypsin;AC=MS:1001251	TMT127C	4	NT=beam-type collision-induced dissociation;AC=MS:1000422	35% NCE	10 ppm	0.02 Da	NT=Carbamidomethyl;AC=UNIMOD:4;TA=C;MT=Fixed	NT=TMT6plex;AC=UNIMOD:737;TA=K;MT=Fixed	NT=TMT6plex;AC=UNIMOD:737;PP=Any N-term;MT=Fixed	NT=Oxidation;AC=UNIMOD:35;TA=M;MT=Variable	NT=Acetyl;AC=UNIMOD:1;PP=Protein N-term;MT=Variable	NT=Met-loss;AC=UNIMOD:765;TA=M;PP=Protein N-term;MT=Variable	control
control 3	Mus musculus	bone marrow	leukemia cell	3	acute myeloid leukemia	adult	C57BL/6J	control	220708_eif6_TMT10_F05_of_08_R1-TMT127C	proteomic profiling by mass spectrometry	1	220708_eif6_TMT10_F05_of_08_R1.raw	v1.1.0	NT=ms-proteomics;VV=v1.1.0	NT=vertebrates;VV=v1.1.0	manual curation	NT=Data-dependent acquisition;AC=PRIDE:0000627	NT=Orbitrap Exploris 480;AC=MS:1003028	NT=Trypsin;AC=MS:1001251	TMT127C	5	NT=beam-type collision-induced dissociation;AC=MS:1000422	35% NCE	10 ppm	0.02 Da	NT=Carbamidomethyl;AC=UNIMOD:4;TA=C;MT=Fixed	NT=TMT6plex;AC=UNIMOD:737;TA=K;MT=Fixed	NT=TMT6plex;AC=UNIMOD:737;PP=Any N-term;MT=Fixed	NT=Oxidation;AC=UNIMOD:35;TA=M;MT=Variable	NT=Acetyl;AC=UNIMOD:1;PP=Protein N-term;MT=Variable	NT=Met-loss;AC=UNIMOD:765;TA=M;PP=Protein N-term;MT=Variable	control
control 3	Mus musculus	bone marrow	leukemia cell	3	acute myeloid leukemia	adult	C57BL/6J	control	220708_eif6_TMT10_F06_of_08_R1-TMT127C	proteomic profiling by mass spectrometry	1	220708_eif6_TMT10_F06_of_08_R1.raw	v1.1.0	NT=ms-proteomics;VV=v1.1.0	NT=vertebrates;VV=v1.1.0	manual curation	NT=Data-dependent acquisition;AC=PRIDE:0000627	NT=Orbitrap Exploris 480;AC=MS:1003028	NT=Trypsin;AC=MS:1001251	TMT127C	6	NT=beam-type collision-induced dissociation;AC=MS:1000422	35% NCE	10 ppm	0.02 Da	NT=Carbamidomethyl;AC=UNIMOD:4;TA=C;MT=Fixed	NT=TMT6plex;AC=UNIMOD:737;TA=K;MT=Fixed	NT=TMT6plex;AC=UNIMOD:737;PP=Any N-term;MT=Fixed	NT=Oxidation;AC=UNIMOD:35;TA=M;MT=Variable	NT=Acetyl;AC=UNIMOD:1;PP=Protein N-term;MT=Variable	NT=Met-loss;AC=UNIMOD:765;TA=M;PP=Protein N-term;MT=Variable	control
control 3	Mus musculus	bone marrow	leukemia cell	3	acute myeloid leukemia	adult	C57BL/6J	control	220708_eif6_TMT10_F07_of_08_R1-TMT127C	proteomic profiling by mass spectrometry	1	220708_eif6_TMT10_F07_of_08_R1.raw	v1.1.0	NT=ms-proteomics;VV=v1.1.0	NT=vertebrates;VV=v1.1.0	manual curation	NT=Data-dependent acquisition;AC=PRIDE:0000627	NT=Orbitrap Exploris 480;AC=MS:1003028	NT=Trypsin;AC=MS:1001251	TMT127C	7	NT=beam-type collision-induced dissociation;AC=MS:1000422	35% NCE	10 ppm	0.02 Da	NT=Carbamidomethyl;AC=UNIMOD:4;TA=C;MT=Fixed	NT=TMT6plex;AC=UNIMOD:737;TA=K;MT=Fixed	NT=TMT6plex;AC=UNIMOD:737;PP=Any N-term;MT=Fixed	NT=Oxidation;AC=UNIMOD:35;TA=M;MT=Variable	NT=Acetyl;AC=UNIMOD:1;PP=Protein N-term;MT=Variable	NT=Met-loss;AC=UNIMOD:765;TA=M;PP=Protein N-term;MT=Variable	control
control 3	Mus musculus	bone marrow	leukemia cell	3	acute myeloid leukemia	adult	C57BL/6J	control	220708_eif6_TMT10_F08_of_08_R1-TMT127C	proteomic profiling by mass spectrometry	1	220708_eif6_TMT10_F08_of_08_R1.raw	v1.1.0	NT=ms-proteomics;VV=v1.1.0	NT=vertebrates;VV=v1.1.0	manual curation	NT=Data-dependent acquisition;AC=PRIDE:0000627	NT=Orbitrap Exploris 480;AC=MS:1003028	NT=Trypsin;AC=MS:1001251	TMT127C	8	NT=beam-type collision-induced dissociation;AC=MS:1000422	35% NCE	10 ppm	0.02 Da	NT=Carbamidomethyl;AC=UNIMOD:4;TA=C;MT=Fixed	NT=TMT6plex;AC=UNIMOD:737;TA=K;MT=Fixed	NT=TMT6plex;AC=UNIMOD:737;PP=Any N-term;MT=Fixed	NT=Oxidation;AC=UNIMOD:35;TA=M;MT=Variable	NT=Acetyl;AC=UNIMOD:1;PP=Protein N-term;MT=Variable	NT=Met-loss;AC=UNIMOD:765;TA=M;PP=Protein N-term;MT=Variable	control
control 4	Mus musculus	bone marrow	leukemia cell	4	acute myeloid leukemia	adult	C57BL/6J	control	220708_eif6_TMT10_F01_of_08_R1-TMT128N	proteomic profiling by mass spectrometry	1	220708_eif6_TMT10_F01_of_08_R1.raw	v1.1.0	NT=ms-proteomics;VV=v1.1.0	NT=vertebrates;VV=v1.1.0	manual curation	NT=Data-dependent acquisition;AC=PRIDE:0000627	NT=Orbitrap Exploris 480;AC=MS:1003028	NT=Trypsin;AC=MS:1001251	TMT128N	1	NT=beam-type collision-induced dissociation;AC=MS:1000422	35% NCE	10 ppm	0.02 Da	NT=Carbamidomethyl;AC=UNIMOD:4;TA=C;MT=Fixed	NT=TMT6plex;AC=UNIMOD:737;TA=K;MT=Fixed	NT=TMT6plex;AC=UNIMOD:737;PP=Any N-term;MT=Fixed	NT=Oxidation;AC=UNIMOD:35;TA=M;MT=Variable	NT=Acetyl;AC=UNIMOD:1;PP=Protein N-term;MT=Variable	NT=Met-loss;AC=UNIMOD:765;TA=M;PP=Protein N-term;MT=Variable	control
control 4	Mus musculus	bone marrow	leukemia cell	4	acute myeloid leukemia	adult	C57BL/6J	control	220708_eif6_TMT10_F02_of_08_R1-TMT128N	proteomic profiling by mass spectrometry	1	220708_eif6_TMT10_F02_of_08_R1.raw	v1.1.0	NT=ms-proteomics;VV=v1.1.0	NT=vertebrates;VV=v1.1.0	manual curation	NT=Data-dependent acquisition;AC=PRIDE:0000627	NT=Orbitrap Exploris 480;AC=MS:1003028	NT=Trypsin;AC=MS:1001251	TMT128N	2	NT=beam-type collision-induced dissociation;AC=MS:1000422	35% NCE	10 ppm	0.02 Da	NT=Carbamidomethyl;AC=UNIMOD:4;TA=C;MT=Fixed	NT=TMT6plex;AC=UNIMOD:737;TA=K;MT=Fixed	NT=TMT6plex;AC=UNIMOD:737;PP=Any N-term;MT=Fixed	NT=Oxidation;AC=UNIMOD:35;TA=M;MT=Variable	NT=Acetyl;AC=UNIMOD:1;PP=Protein N-term;MT=Variable	NT=Met-loss;AC=UNIMOD:765;TA=M;PP=Protein N-term;MT=Variable	control
control 4	Mus musculus	bone marrow	leukemia cell	4	acute myeloid leukemia	adult	C57BL/6J	control	220708_eif6_TMT10_F03_of_08_R1-TMT128N	proteomic profiling by mass spectrometry	1	220708_eif6_TMT10_F03_of_08_R1.raw	v1.1.0	NT=ms-proteomics;VV=v1.1.0	NT=vertebrates;VV=v1.1.0	manual curation	NT=Data-dependent acquisition;AC=PRIDE:0000627	NT=Orbitrap Exploris 480;AC=MS:1003028	NT=Trypsin;AC=MS:1001251	TMT128N	3	NT=beam-type collision-induced dissociation;AC=MS:1000422	35% NCE	10 ppm	0.02 Da	NT=Carbamidomethyl;AC=UNIMOD:4;TA=C;MT=Fixed	NT=TMT6plex;AC=UNIMOD:737;TA=K;MT=Fixed	NT=TMT6plex;AC=UNIMOD:737;PP=Any N-term;MT=Fixed	NT=Oxidation;AC=UNIMOD:35;TA=M;MT=Variable	NT=Acetyl;AC=UNIMOD:1;PP=Protein N-term;MT=Variable	NT=Met-loss;AC=UNIMOD:765;TA=M;PP=Protein N-term;MT=Variable	control
control 4	Mus musculus	bone marrow	leukemia cell	4	acute myeloid leukemia	adult	C57BL/6J	control	220708_eif6_TMT10_F04_of_08_R1-TMT128N	proteomic profiling by mass spectrometry	1	220708_eif6_TMT10_F04_of_08_R1.raw	v1.1.0	NT=ms-proteomics;VV=v1.1.0	NT=vertebrates;VV=v1.1.0	manual curation	NT=Data-dependent acquisition;AC=PRIDE:0000627	NT=Orbitrap Exploris 480;AC=MS:1003028	NT=Trypsin;AC=MS:1001251	TMT128N	4	NT=beam-type collision-induced dissociation;AC=MS:1000422	35% NCE	10 ppm	0.02 Da	NT=Carbamidomethyl;AC=UNIMOD:4;TA=C;MT=Fixed	NT=TMT6plex;AC=UNIMOD:737;TA=K;MT=Fixed	NT=TMT6plex;AC=UNIMOD:737;PP=Any N-term;MT=Fixed	NT=Oxidation;AC=UNIMOD:35;TA=M;MT=Variable	NT=Acetyl;AC=UNIMOD:1;PP=Protein N-term;MT=Variable	NT=Met-loss;AC=UNIMOD:765;TA=M;PP=Protein N-term;MT=Variable	control
control 4	Mus musculus	bone marrow	leukemia cell	4	acute myeloid leukemia	adult	C57BL/6J	control	220708_eif6_TMT10_F05_of_08_R1-TMT128N	proteomic profiling by mass spectrometry	1	220708_eif6_TMT10_F05_of_08_R1.raw	v1.1.0	NT=ms-proteomics;VV=v1.1.0	NT=vertebrates;VV=v1.1.0	manual curation	NT=Data-dependent acquisition;AC=PRIDE:0000627	NT=Orbitrap Exploris 480;AC=MS:1003028	NT=Trypsin;AC=MS:1001251	TMT128N	5	NT=beam-type collision-induced dissociation;AC=MS:1000422	35% NCE	10 ppm	0.02 Da	NT=Carbamidomethyl;AC=UNIMOD:4;TA=C;MT=Fixed	NT=TMT6plex;AC=UNIMOD:737;TA=K;MT=Fixed	NT=TMT6plex;AC=UNIMOD:737;PP=Any N-term;MT=Fixed	NT=Oxidation;AC=UNIMOD:35;TA=M;MT=Variable	NT=Acetyl;AC=UNIMOD:1;PP=Protein N-term;MT=Variable	NT=Met-loss;AC=UNIMOD:765;TA=M;PP=Protein N-term;MT=Variable	control
control 4	Mus musculus	bone marrow	leukemia cell	4	acute myeloid leukemia	adult	C57BL/6J	control	220708_eif6_TMT10_F06_of_08_R1-TMT128N	proteomic profiling by mass spectrometry	1	220708_eif6_TMT10_F06_of_08_R1.raw	v1.1.0	NT=ms-proteomics;VV=v1.1.0	NT=vertebrates;VV=v1.1.0	manual curation	NT=Data-dependent acquisition;AC=PRIDE:0000627	NT=Orbitrap Exploris 480;AC=MS:1003028	NT=Trypsin;AC=MS:1001251	TMT128N	6	NT=beam-type collision-induced dissociation;AC=MS:1000422	35% NCE	10 ppm	0.02 Da	NT=Carbamidomethyl;AC=UNIMOD:4;TA=C;MT=Fixed	NT=TMT6plex;AC=UNIMOD:737;TA=K;MT=Fixed	NT=TMT6plex;AC=UNIMOD:737;PP=Any N-term;MT=Fixed	NT=Oxidation;AC=UNIMOD:35;TA=M;MT=Variable	NT=Acetyl;AC=UNIMOD:1;PP=Protein N-term;MT=Variable	NT=Met-loss;AC=UNIMOD:765;TA=M;PP=Protein N-term;MT=Variable	control
control 4	Mus musculus	bone marrow	leukemia cell	4	acute myeloid leukemia	adult	C57BL/6J	control	220708_eif6_TMT10_F07_of_08_R1-TMT128N	proteomic profiling by mass spectrometry	1	220708_eif6_TMT10_F07_of_08_R1.raw	v1.1.0	NT=ms-proteomics;VV=v1.1.0	NT=vertebrates;VV=v1.1.0	manual curation	NT=Data-dependent acquisition;AC=PRIDE:0000627	NT=Orbitrap Exploris 480;AC=MS:1003028	NT=Trypsin;AC=MS:1001251	TMT128N	7	NT=beam-type collision-induced dissociation;AC=MS:1000422	35% NCE	10 ppm	0.02 Da	NT=Carbamidomethyl;AC=UNIMOD:4;TA=C;MT=Fixed	NT=TMT6plex;AC=UNIMOD:737;TA=K;MT=Fixed	NT=TMT6plex;AC=UNIMOD:737;PP=Any N-term;MT=Fixed	NT=Oxidation;AC=UNIMOD:35;TA=M;MT=Variable	NT=Acetyl;AC=UNIMOD:1;PP=Protein N-term;MT=Variable	NT=Met-loss;AC=UNIMOD:765;TA=M;PP=Protein N-term;MT=Variable	control
control 4	Mus musculus	bone marrow	leukemia cell	4	acute myeloid leukemia	adult	C57BL/6J	control	220708_eif6_TMT10_F08_of_08_R1-TMT128N	proteomic profiling by mass spectrometry	1	220708_eif6_TMT10_F08_of_08_R1.raw	v1.1.0	NT=ms-proteomics;VV=v1.1.0	NT=vertebrates;VV=v1.1.0	manual curation	NT=Data-dependent acquisition;AC=PRIDE:0000627	NT=Orbitrap Exploris 480;AC=MS:1003028	NT=Trypsin;AC=MS:1001251	TMT128N	8	NT=beam-type collision-induced dissociation;AC=MS:1000422	35% NCE	10 ppm	0.02 Da	NT=Carbamidomethyl;AC=UNIMOD:4;TA=C;MT=Fixed	NT=TMT6plex;AC=UNIMOD:737;TA=K;MT=Fixed	NT=TMT6plex;AC=UNIMOD:737;PP=Any N-term;MT=Fixed	NT=Oxidation;AC=UNIMOD:35;TA=M;MT=Variable	NT=Acetyl;AC=UNIMOD:1;PP=Protein N-term;MT=Variable	NT=Met-loss;AC=UNIMOD:765;TA=M;PP=Protein N-term;MT=Variable	control
eIF6 1	Mus musculus	bone marrow	leukemia cell	1	acute myeloid leukemia	adult	C57BL/6J	eIF6	220708_eif6_TMT10_F01_of_08_R1-TMT129N	proteomic profiling by mass spectrometry	1	220708_eif6_TMT10_F01_of_08_R1.raw	v1.1.0	NT=ms-proteomics;VV=v1.1.0	NT=vertebrates;VV=v1.1.0	manual curation	NT=Data-dependent acquisition;AC=PRIDE:0000627	NT=Orbitrap Exploris 480;AC=MS:1003028	NT=Trypsin;AC=MS:1001251	TMT129N	1	NT=beam-type collision-induced dissociation;AC=MS:1000422	35% NCE	10 ppm	0.02 Da	NT=Carbamidomethyl;AC=UNIMOD:4;TA=C;MT=Fixed	NT=TMT6plex;AC=UNIMOD:737;TA=K;MT=Fixed	NT=TMT6plex;AC=UNIMOD:737;PP=Any N-term;MT=Fixed	NT=Oxidation;AC=UNIMOD:35;TA=M;MT=Variable	NT=Acetyl;AC=UNIMOD:1;PP=Protein N-term;MT=Variable	NT=Met-loss;AC=UNIMOD:765;TA=M;PP=Protein N-term;MT=Variable	eIF6
eIF6 1	Mus musculus	bone marrow	leukemia cell	1	acute myeloid leukemia	adult	C57BL/6J	eIF6	220708_eif6_TMT10_F02_of_08_R1-TMT129N	proteomic profiling by mass spectrometry	1	220708_eif6_TMT10_F02_of_08_R1.raw	v1.1.0	NT=ms-proteomics;VV=v1.1.0	NT=vertebrates;VV=v1.1.0	manual curation	NT=Data-dependent acquisition;AC=PRIDE:0000627	NT=Orbitrap Exploris 480;AC=MS:1003028	NT=Trypsin;AC=MS:1001251	TMT129N	2	NT=beam-type collision-induced dissociation;AC=MS:1000422	35% NCE	10 ppm	0.02 Da	NT=Carbamidomethyl;AC=UNIMOD:4;TA=C;MT=Fixed	NT=TMT6plex;AC=UNIMOD:737;TA=K;MT=Fixed	NT=TMT6plex;AC=UNIMOD:737;PP=Any N-term;MT=Fixed	NT=Oxidation;AC=UNIMOD:35;TA=M;MT=Variable	NT=Acetyl;AC=UNIMOD:1;PP=Protein N-term;MT=Variable	NT=Met-loss;AC=UNIMOD:765;TA=M;PP=Protein N-term;MT=Variable	eIF6
eIF6 1	Mus musculus	bone marrow	leukemia cell	1	acute myeloid leukemia	adult	C57BL/6J	eIF6	220708_eif6_TMT10_F03_of_08_R1-TMT129N	proteomic profiling by mass spectrometry	1	220708_eif6_TMT10_F03_of_08_R1.raw	v1.1.0	NT=ms-proteomics;VV=v1.1.0	NT=vertebrates;VV=v1.1.0	manual curation	NT=Data-dependent acquisition;AC=PRIDE:0000627	NT=Orbitrap Exploris 480;AC=MS:1003028	NT=Trypsin;AC=MS:1001251	TMT129N	3	NT=beam-type collision-induced dissociation;AC=MS:1000422	35% NCE	10 ppm	0.02 Da	NT=Carbamidomethyl;AC=UNIMOD:4;TA=C;MT=Fixed	NT=TMT6plex;AC=UNIMOD:737;TA=K;MT=Fixed	NT=TMT6plex;AC=UNIMOD:737;PP=Any N-term;MT=Fixed	NT=Oxidation;AC=UNIMOD:35;TA=M;MT=Variable	NT=Acetyl;AC=UNIMOD:1;PP=Protein N-term;MT=Variable	NT=Met-loss;AC=UNIMOD:765;TA=M;PP=Protein N-term;MT=Variable	eIF6
eIF6 1	Mus musculus	bone marrow	leukemia cell	1	acute myeloid leukemia	adult	C57BL/6J	eIF6	220708_eif6_TMT10_F04_of_08_R1-TMT129N	proteomic profiling by mass spectrometry	1	220708_eif6_TMT10_F04_of_08_R1.raw	v1.1.0	NT=ms-proteomics;VV=v1.1.0	NT=vertebrates;VV=v1.1.0	manual curation	NT=Data-dependent acquisition;AC=PRIDE:0000627	NT=Orbitrap Exploris 480;AC=MS:1003028	NT=Trypsin;AC=MS:1001251	TMT129N	4	NT=beam-type collision-induced dissociation;AC=MS:1000422	35% NCE	10 ppm	0.02 Da	NT=Carbamidomethyl;AC=UNIMOD:4;TA=C;MT=Fixed	NT=TMT6plex;AC=UNIMOD:737;TA=K;MT=Fixed	NT=TMT6plex;AC=UNIMOD:737;PP=Any N-term;MT=Fixed	NT=Oxidation;AC=UNIMOD:35;TA=M;MT=Variable	NT=Acetyl;AC=UNIMOD:1;PP=Protein N-term;MT=Variable	NT=Met-loss;AC=UNIMOD:765;TA=M;PP=Protein N-term;MT=Variable	eIF6
eIF6 1	Mus musculus	bone marrow	leukemia cell	1	acute myeloid leukemia	adult	C57BL/6J	eIF6	220708_eif6_TMT10_F05_of_08_R1-TMT129N	proteomic profiling by mass spectrometry	1	220708_eif6_TMT10_F05_of_08_R1.raw	v1.1.0	NT=ms-proteomics;VV=v1.1.0	NT=vertebrates;VV=v1.1.0	manual curation	NT=Data-dependent acquisition;AC=PRIDE:0000627	NT=Orbitrap Exploris 480;AC=MS:1003028	NT=Trypsin;AC=MS:1001251	TMT129N	5	NT=beam-type collision-induced dissociation;AC=MS:1000422	35% NCE	10 ppm	0.02 Da	NT=Carbamidomethyl;AC=UNIMOD:4;TA=C;MT=Fixed	NT=TMT6plex;AC=UNIMOD:737;TA=K;MT=Fixed	NT=TMT6plex;AC=UNIMOD:737;PP=Any N-term;MT=Fixed	NT=Oxidation;AC=UNIMOD:35;TA=M;MT=Variable	NT=Acetyl;AC=UNIMOD:1;PP=Protein N-term;MT=Variable	NT=Met-loss;AC=UNIMOD:765;TA=M;PP=Protein N-term;MT=Variable	eIF6
eIF6 1	Mus musculus	bone marrow	leukemia cell	1	acute myeloid leukemia	adult	C57BL/6J	eIF6	220708_eif6_TMT10_F06_of_08_R1-TMT129N	proteomic profiling by mass spectrometry	1	220708_eif6_TMT10_F06_of_08_R1.raw	v1.1.0	NT=ms-proteomics;VV=v1.1.0	NT=vertebrates;VV=v1.1.0	manual curation	NT=Data-dependent acquisition;AC=PRIDE:0000627	NT=Orbitrap Exploris 480;AC=MS:1003028	NT=Trypsin;AC=MS:1001251	TMT129N	6	NT=beam-type collision-induced dissociation;AC=MS:1000422	35% NCE	10 ppm	0.02 Da	NT=Carbamidomethyl;AC=UNIMOD:4;TA=C;MT=Fixed	NT=TMT6plex;AC=UNIMOD:737;TA=K;MT=Fixed	NT=TMT6plex;AC=UNIMOD:737;PP=Any N-term;MT=Fixed	NT=Oxidation;AC=UNIMOD:35;TA=M;MT=Variable	NT=Acetyl;AC=UNIMOD:1;PP=Protein N-term;MT=Variable	NT=Met-loss;AC=UNIMOD:765;TA=M;PP=Protein N-term;MT=Variable	eIF6
eIF6 1	Mus musculus	bone marrow	leukemia cell	1	acute myeloid leukemia	adult	C57BL/6J	eIF6	220708_eif6_TMT10_F07_of_08_R1-TMT129N	proteomic profiling by mass spectrometry	1	220708_eif6_TMT10_F07_of_08_R1.raw	v1.1.0	NT=ms-proteomics;VV=v1.1.0	NT=vertebrates;VV=v1.1.0	manual curation	NT=Data-dependent acquisition;AC=PRIDE:0000627	NT=Orbitrap Exploris 480;AC=MS:1003028	NT=Trypsin;AC=MS:1001251	TMT129N	7	NT=beam-type collision-induced dissociation;AC=MS:1000422	35% NCE	10 ppm	0.02 Da	NT=Carbamidomethyl;AC=UNIMOD:4;TA=C;MT=Fixed	NT=TMT6plex;AC=UNIMOD:737;TA=K;MT=Fixed	NT=TMT6plex;AC=UNIMOD:737;PP=Any N-term;MT=Fixed	NT=Oxidation;AC=UNIMOD:35;TA=M;MT=Variable	NT=Acetyl;AC=UNIMOD:1;PP=Protein N-term;MT=Variable	NT=Met-loss;AC=UNIMOD:765;TA=M;PP=Protein N-term;MT=Variable	eIF6
eIF6 1	Mus musculus	bone marrow	leukemia cell	1	acute myeloid leukemia	adult	C57BL/6J	eIF6	220708_eif6_TMT10_F08_of_08_R1-TMT129N	proteomic profiling by mass spectrometry	1	220708_eif6_TMT10_F08_of_08_R1.raw	v1.1.0	NT=ms-proteomics;VV=v1.1.0	NT=vertebrates;VV=v1.1.0	manual curation	NT=Data-dependent acquisition;AC=PRIDE:0000627	NT=Orbitrap Exploris 480;AC=MS:1003028	NT=Trypsin;AC=MS:1001251	TMT129N	8	NT=beam-type collision-induced dissociation;AC=MS:1000422	35% NCE	10 ppm	0.02 Da	NT=Carbamidomethyl;AC=UNIMOD:4;TA=C;MT=Fixed	NT=TMT6plex;AC=UNIMOD:737;TA=K;MT=Fixed	NT=TMT6plex;AC=UNIMOD:737;PP=Any N-term;MT=Fixed	NT=Oxidation;AC=UNIMOD:35;TA=M;MT=Variable	NT=Acetyl;AC=UNIMOD:1;PP=Protein N-term;MT=Variable	NT=Met-loss;AC=UNIMOD:765;TA=M;PP=Protein N-term;MT=Variable	eIF6
eIF6 2	Mus musculus	bone marrow	leukemia cell	2	acute myeloid leukemia	adult	C57BL/6J	eIF6	220708_eif6_TMT10_F01_of_08_R1-TMT129C	proteomic profiling by mass spectrometry	1	220708_eif6_TMT10_F01_of_08_R1.raw	v1.1.0	NT=ms-proteomics;VV=v1.1.0	NT=vertebrates;VV=v1.1.0	manual curation	NT=Data-dependent acquisition;AC=PRIDE:0000627	NT=Orbitrap Exploris 480;AC=MS:1003028	NT=Trypsin;AC=MS:1001251	TMT129C	1	NT=beam-type collision-induced dissociation;AC=MS:1000422	35% NCE	10 ppm	0.02 Da	NT=Carbamidomethyl;AC=UNIMOD:4;TA=C;MT=Fixed	NT=TMT6plex;AC=UNIMOD:737;TA=K;MT=Fixed	NT=TMT6plex;AC=UNIMOD:737;PP=Any N-term;MT=Fixed	NT=Oxidation;AC=UNIMOD:35;TA=M;MT=Variable	NT=Acetyl;AC=UNIMOD:1;PP=Protein N-term;MT=Variable	NT=Met-loss;AC=UNIMOD:765;TA=M;PP=Protein N-term;MT=Variable	eIF6
eIF6 2	Mus musculus	bone marrow	leukemia cell	2	acute myeloid leukemia	adult	C57BL/6J	eIF6	220708_eif6_TMT10_F02_of_08_R1-TMT129C	proteomic profiling by mass spectrometry	1	220708_eif6_TMT10_F02_of_08_R1.raw	v1.1.0	NT=ms-proteomics;VV=v1.1.0	NT=vertebrates;VV=v1.1.0	manual curation	NT=Data-dependent acquisition;AC=PRIDE:0000627	NT=Orbitrap Exploris 480;AC=MS:1003028	NT=Trypsin;AC=MS:1001251	TMT129C	2	NT=beam-type collision-induced dissociation;AC=MS:1000422	35% NCE	10 ppm	0.02 Da	NT=Carbamidomethyl;AC=UNIMOD:4;TA=C;MT=Fixed	NT=TMT6plex;AC=UNIMOD:737;TA=K;MT=Fixed	NT=TMT6plex;AC=UNIMOD:737;PP=Any N-term;MT=Fixed	NT=Oxidation;AC=UNIMOD:35;TA=M;MT=Variable	NT=Acetyl;AC=UNIMOD:1;PP=Protein N-term;MT=Variable	NT=Met-loss;AC=UNIMOD:765;TA=M;PP=Protein N-term;MT=Variable	eIF6
eIF6 2	Mus musculus	bone marrow	leukemia cell	2	acute myeloid leukemia	adult	C57BL/6J	eIF6	220708_eif6_TMT10_F03_of_08_R1-TMT129C	proteomic profiling by mass spectrometry	1	220708_eif6_TMT10_F03_of_08_R1.raw	v1.1.0	NT=ms-proteomics;VV=v1.1.0	NT=vertebrates;VV=v1.1.0	manual curation	NT=Data-dependent acquisition;AC=PRIDE:0000627	NT=Orbitrap Exploris 480;AC=MS:1003028	NT=Trypsin;AC=MS:1001251	TMT129C	3	NT=beam-type collision-induced dissociation;AC=MS:1000422	35% NCE	10 ppm	0.02 Da	NT=Carbamidomethyl;AC=UNIMOD:4;TA=C;MT=Fixed	NT=TMT6plex;AC=UNIMOD:737;TA=K;MT=Fixed	NT=TMT6plex;AC=UNIMOD:737;PP=Any N-term;MT=Fixed	NT=Oxidation;AC=UNIMOD:35;TA=M;MT=Variable	NT=Acetyl;AC=UNIMOD:1;PP=Protein N-term;MT=Variable	NT=Met-loss;AC=UNIMOD:765;TA=M;PP=Protein N-term;MT=Variable	eIF6
eIF6 2	Mus musculus	bone marrow	leukemia cell	2	acute myeloid leukemia	adult	C57BL/6J	eIF6	220708_eif6_TMT10_F04_of_08_R1-TMT129C	proteomic profiling by mass spectrometry	1	220708_eif6_TMT10_F04_of_08_R1.raw	v1.1.0	NT=ms-proteomics;VV=v1.1.0	NT=vertebrates;VV=v1.1.0	manual curation	NT=Data-dependent acquisition;AC=PRIDE:0000627	NT=Orbitrap Exploris 480;AC=MS:1003028	NT=Trypsin;AC=MS:1001251	TMT129C	4	NT=beam-type collision-induced dissociation;AC=MS:1000422	35% NCE	10 ppm	0.02 Da	NT=Carbamidomethyl;AC=UNIMOD:4;TA=C;MT=Fixed	NT=TMT6plex;AC=UNIMOD:737;TA=K;MT=Fixed	NT=TMT6plex;AC=UNIMOD:737;PP=Any N-term;MT=Fixed	NT=Oxidation;AC=UNIMOD:35;TA=M;MT=Variable	NT=Acetyl;AC=UNIMOD:1;PP=Protein N-term;MT=Variable	NT=Met-loss;AC=UNIMOD:765;TA=M;PP=Protein N-term;MT=Variable	eIF6
eIF6 2	Mus musculus	bone marrow	leukemia cell	2	acute myeloid leukemia	adult	C57BL/6J	eIF6	220708_eif6_TMT10_F05_of_08_R1-TMT129C	proteomic profiling by mass spectrometry	1	220708_eif6_TMT10_F05_of_08_R1.raw	v1.1.0	NT=ms-proteomics;VV=v1.1.0	NT=vertebrates;VV=v1.1.0	manual curation	NT=Data-dependent acquisition;AC=PRIDE:0000627	NT=Orbitrap Exploris 480;AC=MS:1003028	NT=Trypsin;AC=MS:1001251	TMT129C	5	NT=beam-type collision-induced dissociation;AC=MS:1000422	35% NCE	10 ppm	0.02 Da	NT=Carbamidomethyl;AC=UNIMOD:4;TA=C;MT=Fixed	NT=TMT6plex;AC=UNIMOD:737;TA=K;MT=Fixed	NT=TMT6plex;AC=UNIMOD:737;PP=Any N-term;MT=Fixed	NT=Oxidation;AC=UNIMOD:35;TA=M;MT=Variable	NT=Acetyl;AC=UNIMOD:1;PP=Protein N-term;MT=Variable	NT=Met-loss;AC=UNIMOD:765;TA=M;PP=Protein N-term;MT=Variable	eIF6
eIF6 2	Mus musculus	bone marrow	leukemia cell	2	acute myeloid leukemia	adult	C57BL/6J	eIF6	220708_eif6_TMT10_F06_of_08_R1-TMT129C	proteomic profiling by mass spectrometry	1	220708_eif6_TMT10_F06_of_08_R1.raw	v1.1.0	NT=ms-proteomics;VV=v1.1.0	NT=vertebrates;VV=v1.1.0	manual curation	NT=Data-dependent acquisition;AC=PRIDE:0000627	NT=Orbitrap Exploris 480;AC=MS:1003028	NT=Trypsin;AC=MS:1001251	TMT129C	6	NT=beam-type collision-induced dissociation;AC=MS:1000422	35% NCE	10 ppm	0.02 Da	NT=Carbamidomethyl;AC=UNIMOD:4;TA=C;MT=Fixed	NT=TMT6plex;AC=UNIMOD:737;TA=K;MT=Fixed	NT=TMT6plex;AC=UNIMOD:737;PP=Any N-term;MT=Fixed	NT=Oxidation;AC=UNIMOD:35;TA=M;MT=Variable	NT=Acetyl;AC=UNIMOD:1;PP=Protein N-term;MT=Variable	NT=Met-loss;AC=UNIMOD:765;TA=M;PP=Protein N-term;MT=Variable	eIF6
eIF6 2	Mus musculus	bone marrow	leukemia cell	2	acute myeloid leukemia	adult	C57BL/6J	eIF6	220708_eif6_TMT10_F07_of_08_R1-TMT129C	proteomic profiling by mass spectrometry	1	220708_eif6_TMT10_F07_of_08_R1.raw	v1.1.0	NT=ms-proteomics;VV=v1.1.0	NT=vertebrates;VV=v1.1.0	manual curation	NT=Data-dependent acquisition;AC=PRIDE:0000627	NT=Orbitrap Exploris 480;AC=MS:1003028	NT=Trypsin;AC=MS:1001251	TMT129C	7	NT=beam-type collision-induced dissociation;AC=MS:1000422	35% NCE	10 ppm	0.02 Da	NT=Carbamidomethyl;AC=UNIMOD:4;TA=C;MT=Fixed	NT=TMT6plex;AC=UNIMOD:737;TA=K;MT=Fixed	NT=TMT6plex;AC=UNIMOD:737;PP=Any N-term;MT=Fixed	NT=Oxidation;AC=UNIMOD:35;TA=M;MT=Variable	NT=Acetyl;AC=UNIMOD:1;PP=Protein N-term;MT=Variable	NT=Met-loss;AC=UNIMOD:765;TA=M;PP=Protein N-term;MT=Variable	eIF6
eIF6 2	Mus musculus	bone marrow	leukemia cell	2	acute myeloid leukemia	adult	C57BL/6J	eIF6	220708_eif6_TMT10_F08_of_08_R1-TMT129C	proteomic profiling by mass spectrometry	1	220708_eif6_TMT10_F08_of_08_R1.raw	v1.1.0	NT=ms-proteomics;VV=v1.1.0	NT=vertebrates;VV=v1.1.0	manual curation	NT=Data-dependent acquisition;AC=PRIDE:0000627	NT=Orbitrap Exploris 480;AC=MS:1003028	NT=Trypsin;AC=MS:1001251	TMT129C	8	NT=beam-type collision-induced dissociation;AC=MS:1000422	35% NCE	10 ppm	0.02 Da	NT=Carbamidomethyl;AC=UNIMOD:4;TA=C;MT=Fixed	NT=TMT6plex;AC=UNIMOD:737;TA=K;MT=Fixed	NT=TMT6plex;AC=UNIMOD:737;PP=Any N-term;MT=Fixed	NT=Oxidation;AC=UNIMOD:35;TA=M;MT=Variable	NT=Acetyl;AC=UNIMOD:1;PP=Protein N-term;MT=Variable	NT=Met-loss;AC=UNIMOD:765;TA=M;PP=Protein N-term;MT=Variable	eIF6
eIF6 3	Mus musculus	bone marrow	leukemia cell	3	acute myeloid leukemia	adult	C57BL/6J	eIF6	220708_eif6_TMT10_F01_of_08_R1-TMT130N	proteomic profiling by mass spectrometry	1	220708_eif6_TMT10_F01_of_08_R1.raw	v1.1.0	NT=ms-proteomics;VV=v1.1.0	NT=vertebrates;VV=v1.1.0	manual curation	NT=Data-dependent acquisition;AC=PRIDE:0000627	NT=Orbitrap Exploris 480;AC=MS:1003028	NT=Trypsin;AC=MS:1001251	TMT130N	1	NT=beam-type collision-induced dissociation;AC=MS:1000422	35% NCE	10 ppm	0.02 Da	NT=Carbamidomethyl;AC=UNIMOD:4;TA=C;MT=Fixed	NT=TMT6plex;AC=UNIMOD:737;TA=K;MT=Fixed	NT=TMT6plex;AC=UNIMOD:737;PP=Any N-term;MT=Fixed	NT=Oxidation;AC=UNIMOD:35;TA=M;MT=Variable	NT=Acetyl;AC=UNIMOD:1;PP=Protein N-term;MT=Variable	NT=Met-loss;AC=UNIMOD:765;TA=M;PP=Protein N-term;MT=Variable	eIF6
eIF6 3	Mus musculus	bone marrow	leukemia cell	3	acute myeloid leukemia	adult	C57BL/6J	eIF6	220708_eif6_TMT10_F02_of_08_R1-TMT130N	proteomic profiling by mass spectrometry	1	220708_eif6_TMT10_F02_of_08_R1.raw	v1.1.0	NT=ms-proteomics;VV=v1.1.0	NT=vertebrates;VV=v1.1.0	manual curation	NT=Data-dependent acquisition;AC=PRIDE:0000627	NT=Orbitrap Exploris 480;AC=MS:1003028	NT=Trypsin;AC=MS:1001251	TMT130N	2	NT=beam-type collision-induced dissociation;AC=MS:1000422	35% NCE	10 ppm	0.02 Da	NT=Carbamidomethyl;AC=UNIMOD:4;TA=C;MT=Fixed	NT=TMT6plex;AC=UNIMOD:737;TA=K;MT=Fixed	NT=TMT6plex;AC=UNIMOD:737;PP=Any N-term;MT=Fixed	NT=Oxidation;AC=UNIMOD:35;TA=M;MT=Variable	NT=Acetyl;AC=UNIMOD:1;PP=Protein N-term;MT=Variable	NT=Met-loss;AC=UNIMOD:765;TA=M;PP=Protein N-term;MT=Variable	eIF6
eIF6 3	Mus musculus	bone marrow	leukemia cell	3	acute myeloid leukemia	adult	C57BL/6J	eIF6	220708_eif6_TMT10_F03_of_08_R1-TMT130N	proteomic profiling by mass spectrometry	1	220708_eif6_TMT10_F03_of_08_R1.raw	v1.1.0	NT=ms-proteomics;VV=v1.1.0	NT=vertebrates;VV=v1.1.0	manual curation	NT=Data-dependent acquisition;AC=PRIDE:0000627	NT=Orbitrap Exploris 480;AC=MS:1003028	NT=Trypsin;AC=MS:1001251	TMT130N	3	NT=beam-type collision-induced dissociation;AC=MS:1000422	35% NCE	10 ppm	0.02 Da	NT=Carbamidomethyl;AC=UNIMOD:4;TA=C;MT=Fixed	NT=TMT6plex;AC=UNIMOD:737;TA=K;MT=Fixed	NT=TMT6plex;AC=UNIMOD:737;PP=Any N-term;MT=Fixed	NT=Oxidation;AC=UNIMOD:35;TA=M;MT=Variable	NT=Acetyl;AC=UNIMOD:1;PP=Protein N-term;MT=Variable	NT=Met-loss;AC=UNIMOD:765;TA=M;PP=Protein N-term;MT=Variable	eIF6
eIF6 3	Mus musculus	bone marrow	leukemia cell	3	acute myeloid leukemia	adult	C57BL/6J	eIF6	220708_eif6_TMT10_F04_of_08_R1-TMT130N	proteomic profiling by mass spectrometry	1	220708_eif6_TMT10_F04_of_08_R1.raw	v1.1.0	NT=ms-proteomics;VV=v1.1.0	NT=vertebrates;VV=v1.1.0	manual curation	NT=Data-dependent acquisition;AC=PRIDE:0000627	NT=Orbitrap Exploris 480;AC=MS:1003028	NT=Trypsin;AC=MS:1001251	TMT130N	4	NT=beam-type collision-induced dissociation;AC=MS:1000422	35% NCE	10 ppm	0.02 Da	NT=Carbamidomethyl;AC=UNIMOD:4;TA=C;MT=Fixed	NT=TMT6plex;AC=UNIMOD:737;TA=K;MT=Fixed	NT=TMT6plex;AC=UNIMOD:737;PP=Any N-term;MT=Fixed	NT=Oxidation;AC=UNIMOD:35;TA=M;MT=Variable	NT=Acetyl;AC=UNIMOD:1;PP=Protein N-term;MT=Variable	NT=Met-loss;AC=UNIMOD:765;TA=M;PP=Protein N-term;MT=Variable	eIF6
eIF6 3	Mus musculus	bone marrow	leukemia cell	3	acute myeloid leukemia	adult	C57BL/6J	eIF6	220708_eif6_TMT10_F05_of_08_R1-TMT130N	proteomic profiling by mass spectrometry	1	220708_eif6_TMT10_F05_of_08_R1.raw	v1.1.0	NT=ms-proteomics;VV=v1.1.0	NT=vertebrates;VV=v1.1.0	manual curation	NT=Data-dependent acquisition;AC=PRIDE:0000627	NT=Orbitrap Exploris 480;AC=MS:1003028	NT=Trypsin;AC=MS:1001251	TMT130N	5	NT=beam-type collision-induced dissociation;AC=MS:1000422	35% NCE	10 ppm	0.02 Da	NT=Carbamidomethyl;AC=UNIMOD:4;TA=C;MT=Fixed	NT=TMT6plex;AC=UNIMOD:737;TA=K;MT=Fixed	NT=TMT6plex;AC=UNIMOD:737;PP=Any N-term;MT=Fixed	NT=Oxidation;AC=UNIMOD:35;TA=M;MT=Variable	NT=Acetyl;AC=UNIMOD:1;PP=Protein N-term;MT=Variable	NT=Met-loss;AC=UNIMOD:765;TA=M;PP=Protein N-term;MT=Variable	eIF6
eIF6 3	Mus musculus	bone marrow	leukemia cell	3	acute myeloid leukemia	adult	C57BL/6J	eIF6	220708_eif6_TMT10_F06_of_08_R1-TMT130N	proteomic profiling by mass spectrometry	1	220708_eif6_TMT10_F06_of_08_R1.raw	v1.1.0	NT=ms-proteomics;VV=v1.1.0	NT=vertebrates;VV=v1.1.0	manual curation	NT=Data-dependent acquisition;AC=PRIDE:0000627	NT=Orbitrap Exploris 480;AC=MS:1003028	NT=Trypsin;AC=MS:1001251	TMT130N	6	NT=beam-type collision-induced dissociation;AC=MS:1000422	35% NCE	10 ppm	0.02 Da	NT=Carbamidomethyl;AC=UNIMOD:4;TA=C;MT=Fixed	NT=TMT6plex;AC=UNIMOD:737;TA=K;MT=Fixed	NT=TMT6plex;AC=UNIMOD:737;PP=Any N-term;MT=Fixed	NT=Oxidation;AC=UNIMOD:35;TA=M;MT=Variable	NT=Acetyl;AC=UNIMOD:1;PP=Protein N-term;MT=Variable	NT=Met-loss;AC=UNIMOD:765;TA=M;PP=Protein N-term;MT=Variable	eIF6
eIF6 3	Mus musculus	bone marrow	leukemia cell	3	acute myeloid leukemia	adult	C57BL/6J	eIF6	220708_eif6_TMT10_F07_of_08_R1-TMT130N	proteomic profiling by mass spectrometry	1	220708_eif6_TMT10_F07_of_08_R1.raw	v1.1.0	NT=ms-proteomics;VV=v1.1.0	NT=vertebrates;VV=v1.1.0	manual curation	NT=Data-dependent acquisition;AC=PRIDE:0000627	NT=Orbitrap Exploris 480;AC=MS:1003028	NT=Trypsin;AC=MS:1001251	TMT130N	7	NT=beam-type collision-induced dissociation;AC=MS:1000422	35% NCE	10 ppm	0.02 Da	NT=Carbamidomethyl;AC=UNIMOD:4;TA=C;MT=Fixed	NT=TMT6plex;AC=UNIMOD:737;TA=K;MT=Fixed	NT=TMT6plex;AC=UNIMOD:737;PP=Any N-term;MT=Fixed	NT=Oxidation;AC=UNIMOD:35;TA=M;MT=Variable	NT=Acetyl;AC=UNIMOD:1;PP=Protein N-term;MT=Variable	NT=Met-loss;AC=UNIMOD:765;TA=M;PP=Protein N-term;MT=Variable	eIF6
eIF6 3	Mus musculus	bone marrow	leukemia cell	3	acute myeloid leukemia	adult	C57BL/6J	eIF6	220708_eif6_TMT10_F08_of_08_R1-TMT130N	proteomic profiling by mass spectrometry	1	220708_eif6_TMT10_F08_of_08_R1.raw	v1.1.0	NT=ms-proteomics;VV=v1.1.0	NT=vertebrates;VV=v1.1.0	manual curation	NT=Data-dependent acquisition;AC=PRIDE:0000627	NT=Orbitrap Exploris 480;AC=MS:1003028	NT=Trypsin;AC=MS:1001251	TMT130N	8	NT=beam-type collision-induced dissociation;AC=MS:1000422	35% NCE	10 ppm	0.02 Da	NT=Carbamidomethyl;AC=UNIMOD:4;TA=C;MT=Fixed	NT=TMT6plex;AC=UNIMOD:737;TA=K;MT=Fixed	NT=TMT6plex;AC=UNIMOD:737;PP=Any N-term;MT=Fixed	NT=Oxidation;AC=UNIMOD:35;TA=M;MT=Variable	NT=Acetyl;AC=UNIMOD:1;PP=Protein N-term;MT=Variable	NT=Met-loss;AC=UNIMOD:765;TA=M;PP=Protein N-term;MT=Variable	eIF6
eIF6 4	Mus musculus	bone marrow	leukemia cell	4	acute myeloid leukemia	adult	C57BL/6J	eIF6	220708_eif6_TMT10_F01_of_08_R1-TMT130C	proteomic profiling by mass spectrometry	1	220708_eif6_TMT10_F01_of_08_R1.raw	v1.1.0	NT=ms-proteomics;VV=v1.1.0	NT=vertebrates;VV=v1.1.0	manual curation	NT=Data-dependent acquisition;AC=PRIDE:0000627	NT=Orbitrap Exploris 480;AC=MS:1003028	NT=Trypsin;AC=MS:1001251	TMT130C	1	NT=beam-type collision-induced dissociation;AC=MS:1000422	35% NCE	10 ppm	0.02 Da	NT=Carbamidomethyl;AC=UNIMOD:4;TA=C;MT=Fixed	NT=TMT6plex;AC=UNIMOD:737;TA=K;MT=Fixed	NT=TMT6plex;AC=UNIMOD:737;PP=Any N-term;MT=Fixed	NT=Oxidation;AC=UNIMOD:35;TA=M;MT=Variable	NT=Acetyl;AC=UNIMOD:1;PP=Protein N-term;MT=Variable	NT=Met-loss;AC=UNIMOD:765;TA=M;PP=Protein N-term;MT=Variable	eIF6
eIF6 4	Mus musculus	bone marrow	leukemia cell	4	acute myeloid leukemia	adult	C57BL/6J	eIF6	220708_eif6_TMT10_F02_of_08_R1-TMT130C	proteomic profiling by mass spectrometry	1	220708_eif6_TMT10_F02_of_08_R1.raw	v1.1.0	NT=ms-proteomics;VV=v1.1.0	NT=vertebrates;VV=v1.1.0	manual curation	NT=Data-dependent acquisition;AC=PRIDE:0000627	NT=Orbitrap Exploris 480;AC=MS:1003028	NT=Trypsin;AC=MS:1001251	TMT130C	2	NT=beam-type collision-induced dissociation;AC=MS:1000422	35% NCE	10 ppm	0.02 Da	NT=Carbamidomethyl;AC=UNIMOD:4;TA=C;MT=Fixed	NT=TMT6plex;AC=UNIMOD:737;TA=K;MT=Fixed	NT=TMT6plex;AC=UNIMOD:737;PP=Any N-term;MT=Fixed	NT=Oxidation;AC=UNIMOD:35;TA=M;MT=Variable	NT=Acetyl;AC=UNIMOD:1;PP=Protein N-term;MT=Variable	NT=Met-loss;AC=UNIMOD:765;TA=M;PP=Protein N-term;MT=Variable	eIF6
eIF6 4	Mus musculus	bone marrow	leukemia cell	4	acute myeloid leukemia	adult	C57BL/6J	eIF6	220708_eif6_TMT10_F03_of_08_R1-TMT130C	proteomic profiling by mass spectrometry	1	220708_eif6_TMT10_F03_of_08_R1.raw	v1.1.0	NT=ms-proteomics;VV=v1.1.0	NT=vertebrates;VV=v1.1.0	manual curation	NT=Data-dependent acquisition;AC=PRIDE:0000627	NT=Orbitrap Exploris 480;AC=MS:1003028	NT=Trypsin;AC=MS:1001251	TMT130C	3	NT=beam-type collision-induced dissociation;AC=MS:1000422	35% NCE	10 ppm	0.02 Da	NT=Carbamidomethyl;AC=UNIMOD:4;TA=C;MT=Fixed	NT=TMT6plex;AC=UNIMOD:737;TA=K;MT=Fixed	NT=TMT6plex;AC=UNIMOD:737;PP=Any N-term;MT=Fixed	NT=Oxidation;AC=UNIMOD:35;TA=M;MT=Variable	NT=Acetyl;AC=UNIMOD:1;PP=Protein N-term;MT=Variable	NT=Met-loss;AC=UNIMOD:765;TA=M;PP=Protein N-term;MT=Variable	eIF6
eIF6 4	Mus musculus	bone marrow	leukemia cell	4	acute myeloid leukemia	adult	C57BL/6J	eIF6	220708_eif6_TMT10_F04_of_08_R1-TMT130C	proteomic profiling by mass spectrometry	1	220708_eif6_TMT10_F04_of_08_R1.raw	v1.1.0	NT=ms-proteomics;VV=v1.1.0	NT=vertebrates;VV=v1.1.0	manual curation	NT=Data-dependent acquisition;AC=PRIDE:0000627	NT=Orbitrap Exploris 480;AC=MS:1003028	NT=Trypsin;AC=MS:1001251	TMT130C	4	NT=beam-type collision-induced dissociation;AC=MS:1000422	35% NCE	10 ppm	0.02 Da	NT=Carbamidomethyl;AC=UNIMOD:4;TA=C;MT=Fixed	NT=TMT6plex;AC=UNIMOD:737;TA=K;MT=Fixed	NT=TMT6plex;AC=UNIMOD:737;PP=Any N-term;MT=Fixed	NT=Oxidation;AC=UNIMOD:35;TA=M;MT=Variable	NT=Acetyl;AC=UNIMOD:1;PP=Protein N-term;MT=Variable	NT=Met-loss;AC=UNIMOD:765;TA=M;PP=Protein N-term;MT=Variable	eIF6
eIF6 4	Mus musculus	bone marrow	leukemia cell	4	acute myeloid leukemia	adult	C57BL/6J	eIF6	220708_eif6_TMT10_F05_of_08_R1-TMT130C	proteomic profiling by mass spectrometry	1	220708_eif6_TMT10_F05_of_08_R1.raw	v1.1.0	NT=ms-proteomics;VV=v1.1.0	NT=vertebrates;VV=v1.1.0	manual curation	NT=Data-dependent acquisition;AC=PRIDE:0000627	NT=Orbitrap Exploris 480;AC=MS:1003028	NT=Trypsin;AC=MS:1001251	TMT130C	5	NT=beam-type collision-induced dissociation;AC=MS:1000422	35% NCE	10 ppm	0.02 Da	NT=Carbamidomethyl;AC=UNIMOD:4;TA=C;MT=Fixed	NT=TMT6plex;AC=UNIMOD:737;TA=K;MT=Fixed	NT=TMT6plex;AC=UNIMOD:737;PP=Any N-term;MT=Fixed	NT=Oxidation;AC=UNIMOD:35;TA=M;MT=Variable	NT=Acetyl;AC=UNIMOD:1;PP=Protein N-term;MT=Variable	NT=Met-loss;AC=UNIMOD:765;TA=M;PP=Protein N-term;MT=Variable	eIF6
eIF6 4	Mus musculus	bone marrow	leukemia cell	4	acute myeloid leukemia	adult	C57BL/6J	eIF6	220708_eif6_TMT10_F06_of_08_R1-TMT130C	proteomic profiling by mass spectrometry	1	220708_eif6_TMT10_F06_of_08_R1.raw	v1.1.0	NT=ms-proteomics;VV=v1.1.0	NT=vertebrates;VV=v1.1.0	manual curation	NT=Data-dependent acquisition;AC=PRIDE:0000627	NT=Orbitrap Exploris 480;AC=MS:1003028	NT=Trypsin;AC=MS:1001251	TMT130C	6	NT=beam-type collision-induced dissociation;AC=MS:1000422	35% NCE	10 ppm	0.02 Da	NT=Carbamidomethyl;AC=UNIMOD:4;TA=C;MT=Fixed	NT=TMT6plex;AC=UNIMOD:737;TA=K;MT=Fixed	NT=TMT6plex;AC=UNIMOD:737;PP=Any N-term;MT=Fixed	NT=Oxidation;AC=UNIMOD:35;TA=M;MT=Variable	NT=Acetyl;AC=UNIMOD:1;PP=Protein N-term;MT=Variable	NT=Met-loss;AC=UNIMOD:765;TA=M;PP=Protein N-term;MT=Variable	eIF6
eIF6 4	Mus musculus	bone marrow	leukemia cell	4	acute myeloid leukemia	adult	C57BL/6J	eIF6	220708_eif6_TMT10_F07_of_08_R1-TMT130C	proteomic profiling by mass spectrometry	1	220708_eif6_TMT10_F07_of_08_R1.raw	v1.1.0	NT=ms-proteomics;VV=v1.1.0	NT=vertebrates;VV=v1.1.0	manual curation	NT=Data-dependent acquisition;AC=PRIDE:0000627	NT=Orbitrap Exploris 480;AC=MS:1003028	NT=Trypsin;AC=MS:1001251	TMT130C	7	NT=beam-type collision-induced dissociation;AC=MS:1000422	35% NCE	10 ppm	0.02 Da	NT=Carbamidomethyl;AC=UNIMOD:4;TA=C;MT=Fixed	NT=TMT6plex;AC=UNIMOD:737;TA=K;MT=Fixed	NT=TMT6plex;AC=UNIMOD:737;PP=Any N-term;MT=Fixed	NT=Oxidation;AC=UNIMOD:35;TA=M;MT=Variable	NT=Acetyl;AC=UNIMOD:1;PP=Protein N-term;MT=Variable	NT=Met-loss;AC=UNIMOD:765;TA=M;PP=Protein N-term;MT=Variable	eIF6
eIF6 4	Mus musculus	bone marrow	leukemia cell	4	acute myeloid leukemia	adult	C57BL/6J	eIF6	220708_eif6_TMT10_F08_of_08_R1-TMT130C	proteomic profiling by mass spectrometry	1	220708_eif6_TMT10_F08_of_08_R1.raw	v1.1.0	NT=ms-proteomics;VV=v1.1.0	NT=vertebrates;VV=v1.1.0	manual curation	NT=Data-dependent acquisition;AC=PRIDE:0000627	NT=Orbitrap Exploris 480;AC=MS:1003028	NT=Trypsin;AC=MS:1001251	TMT130C	8	NT=beam-type collision-induced dissociation;AC=MS:1000422	35% NCE	10 ppm	0.02 Da	NT=Carbamidomethyl;AC=UNIMOD:4;TA=C;MT=Fixed	NT=TMT6plex;AC=UNIMOD:737;TA=K;MT=Fixed	NT=TMT6plex;AC=UNIMOD:737;PP=Any N-term;MT=Fixed	NT=Oxidation;AC=UNIMOD:35;TA=M;MT=Variable	NT=Acetyl;AC=UNIMOD:1;PP=Protein N-term;MT=Variable	NT=Met-loss;AC=UNIMOD:765;TA=M;PP=Protein N-term;MT=Variable	eIF6
control 1	Mus musculus	bone marrow	leukemia cell	1	acute myeloid leukemia	adult	C57BL/6J	control	220708_eif6_TMT10_F01_of_08_R2-TMT126	proteomic profiling by mass spectrometry	2	220708_eif6_TMT10_F01_of_08_R2.raw	v1.1.0	NT=ms-proteomics;VV=v1.1.0	NT=vertebrates;VV=v1.1.0	manual curation	NT=Data-dependent acquisition;AC=PRIDE:0000627	NT=Orbitrap Exploris 480;AC=MS:1003028	NT=Trypsin;AC=MS:1001251	TMT126	1	NT=beam-type collision-induced dissociation;AC=MS:1000422	35% NCE	10 ppm	0.02 Da	NT=Carbamidomethyl;AC=UNIMOD:4;TA=C;MT=Fixed	NT=TMT6plex;AC=UNIMOD:737;TA=K;MT=Fixed	NT=TMT6plex;AC=UNIMOD:737;PP=Any N-term;MT=Fixed	NT=Oxidation;AC=UNIMOD:35;TA=M;MT=Variable	NT=Acetyl;AC=UNIMOD:1;PP=Protein N-term;MT=Variable	NT=Met-loss;AC=UNIMOD:765;TA=M;PP=Protein N-term;MT=Variable	control
control 1	Mus musculus	bone marrow	leukemia cell	1	acute myeloid leukemia	adult	C57BL/6J	control	220708_eif6_TMT10_F02_of_08_R2-TMT126	proteomic profiling by mass spectrometry	2	220708_eif6_TMT10_F02_of_08_R2.raw	v1.1.0	NT=ms-proteomics;VV=v1.1.0	NT=vertebrates;VV=v1.1.0	manual curation	NT=Data-dependent acquisition;AC=PRIDE:0000627	NT=Orbitrap Exploris 480;AC=MS:1003028	NT=Trypsin;AC=MS:1001251	TMT126	2	NT=beam-type collision-induced dissociation;AC=MS:1000422	35% NCE	10 ppm	0.02 Da	NT=Carbamidomethyl;AC=UNIMOD:4;TA=C;MT=Fixed	NT=TMT6plex;AC=UNIMOD:737;TA=K;MT=Fixed	NT=TMT6plex;AC=UNIMOD:737;PP=Any N-term;MT=Fixed	NT=Oxidation;AC=UNIMOD:35;TA=M;MT=Variable	NT=Acetyl;AC=UNIMOD:1;PP=Protein N-term;MT=Variable	NT=Met-loss;AC=UNIMOD:765;TA=M;PP=Protein N-term;MT=Variable	control
control 1	Mus musculus	bone marrow	leukemia cell	1	acute myeloid leukemia	adult	C57BL/6J	control	220708_eif6_TMT10_F03_of_08_R2-TMT126	proteomic profiling by mass spectrometry	2	220708_eif6_TMT10_F03_of_08_R2.raw	v1.1.0	NT=ms-proteomics;VV=v1.1.0	NT=vertebrates;VV=v1.1.0	manual curation	NT=Data-dependent acquisition;AC=PRIDE:0000627	NT=Orbitrap Exploris 480;AC=MS:1003028	NT=Trypsin;AC=MS:1001251	TMT126	3	NT=beam-type collision-induced dissociation;AC=MS:1000422	35% NCE	10 ppm	0.02 Da	NT=Carbamidomethyl;AC=UNIMOD:4;TA=C;MT=Fixed	NT=TMT6plex;AC=UNIMOD:737;TA=K;MT=Fixed	NT=TMT6plex;AC=UNIMOD:737;PP=Any N-term;MT=Fixed	NT=Oxidation;AC=UNIMOD:35;TA=M;MT=Variable	NT=Acetyl;AC=UNIMOD:1;PP=Protein N-term;MT=Variable	NT=Met-loss;AC=UNIMOD:765;TA=M;PP=Protein N-term;MT=Variable	control
control 1	Mus musculus	bone marrow	leukemia cell	1	acute myeloid leukemia	adult	C57BL/6J	control	220708_eif6_TMT10_F04_of_08_R2-TMT126	proteomic profiling by mass spectrometry	2	220708_eif6_TMT10_F04_of_08_R2.raw	v1.1.0	NT=ms-proteomics;VV=v1.1.0	NT=vertebrates;VV=v1.1.0	manual curation	NT=Data-dependent acquisition;AC=PRIDE:0000627	NT=Orbitrap Exploris 480;AC=MS:1003028	NT=Trypsin;AC=MS:1001251	TMT126	4	NT=beam-type collision-induced dissociation;AC=MS:1000422	35% NCE	10 ppm	0.02 Da	NT=Carbamidomethyl;AC=UNIMOD:4;TA=C;MT=Fixed	NT=TMT6plex;AC=UNIMOD:737;TA=K;MT=Fixed	NT=TMT6plex;AC=UNIMOD:737;PP=Any N-term;MT=Fixed	NT=Oxidation;AC=UNIMOD:35;TA=M;MT=Variable	NT=Acetyl;AC=UNIMOD:1;PP=Protein N-term;MT=Variable	NT=Met-loss;AC=UNIMOD:765;TA=M;PP=Protein N-term;MT=Variable	control
control 1	Mus musculus	bone marrow	leukemia cell	1	acute myeloid leukemia	adult	C57BL/6J	control	220708_eif6_TMT10_F05_of_08_R2-TMT126	proteomic profiling by mass spectrometry	2	220708_eif6_TMT10_F05_of_08_R2.raw	v1.1.0	NT=ms-proteomics;VV=v1.1.0	NT=vertebrates;VV=v1.1.0	manual curation	NT=Data-dependent acquisition;AC=PRIDE:0000627	NT=Orbitrap Exploris 480;AC=MS:1003028	NT=Trypsin;AC=MS:1001251	TMT126	5	NT=beam-type collision-induced dissociation;AC=MS:1000422	35% NCE	10 ppm	0.02 Da	NT=Carbamidomethyl;AC=UNIMOD:4;TA=C;MT=Fixed	NT=TMT6plex;AC=UNIMOD:737;TA=K;MT=Fixed	NT=TMT6plex;AC=UNIMOD:737;PP=Any N-term;MT=Fixed	NT=Oxidation;AC=UNIMOD:35;TA=M;MT=Variable	NT=Acetyl;AC=UNIMOD:1;PP=Protein N-term;MT=Variable	NT=Met-loss;AC=UNIMOD:765;TA=M;PP=Protein N-term;MT=Variable	control
control 1	Mus musculus	bone marrow	leukemia cell	1	acute myeloid leukemia	adult	C57BL/6J	control	220708_eif6_TMT10_F06_of_08_R2-TMT126	proteomic profiling by mass spectrometry	2	220708_eif6_TMT10_F06_of_08_R2.raw	v1.1.0	NT=ms-proteomics;VV=v1.1.0	NT=vertebrates;VV=v1.1.0	manual curation	NT=Data-dependent acquisition;AC=PRIDE:0000627	NT=Orbitrap Exploris 480;AC=MS:1003028	NT=Trypsin;AC=MS:1001251	TMT126	6	NT=beam-type collision-induced dissociation;AC=MS:1000422	35% NCE	10 ppm	0.02 Da	NT=Carbamidomethyl;AC=UNIMOD:4;TA=C;MT=Fixed	NT=TMT6plex;AC=UNIMOD:737;TA=K;MT=Fixed	NT=TMT6plex;AC=UNIMOD:737;PP=Any N-term;MT=Fixed	NT=Oxidation;AC=UNIMOD:35;TA=M;MT=Variable	NT=Acetyl;AC=UNIMOD:1;PP=Protein N-term;MT=Variable	NT=Met-loss;AC=UNIMOD:765;TA=M;PP=Protein N-term;MT=Variable	control
control 1	Mus musculus	bone marrow	leukemia cell	1	acute myeloid leukemia	adult	C57BL/6J	control	220708_eif6_TMT10_F07_of_08_R2-TMT126	proteomic profiling by mass spectrometry	2	220708_eif6_TMT10_F07_of_08_R2.raw	v1.1.0	NT=ms-proteomics;VV=v1.1.0	NT=vertebrates;VV=v1.1.0	manual curation	NT=Data-dependent acquisition;AC=PRIDE:0000627	NT=Orbitrap Exploris 480;AC=MS:1003028	NT=Trypsin;AC=MS:1001251	TMT126	7	NT=beam-type collision-induced dissociation;AC=MS:1000422	35% NCE	10 ppm	0.02 Da	NT=Carbamidomethyl;AC=UNIMOD:4;TA=C;MT=Fixed	NT=TMT6plex;AC=UNIMOD:737;TA=K;MT=Fixed	NT=TMT6plex;AC=UNIMOD:737;PP=Any N-term;MT=Fixed	NT=Oxidation;AC=UNIMOD:35;TA=M;MT=Variable	NT=Acetyl;AC=UNIMOD:1;PP=Protein N-term;MT=Variable	NT=Met-loss;AC=UNIMOD:765;TA=M;PP=Protein N-term;MT=Variable	control
control 1	Mus musculus	bone marrow	leukemia cell	1	acute myeloid leukemia	adult	C57BL/6J	control	220708_eif6_TMT10_F08_of_08_R2-TMT126	proteomic profiling by mass spectrometry	2	220708_eif6_TMT10_F08_of_08_R2.raw	v1.1.0	NT=ms-proteomics;VV=v1.1.0	NT=vertebrates;VV=v1.1.0	manual curation	NT=Data-dependent acquisition;AC=PRIDE:0000627	NT=Orbitrap Exploris 480;AC=MS:1003028	NT=Trypsin;AC=MS:1001251	TMT126	8	NT=beam-type collision-induced dissociation;AC=MS:1000422	35% NCE	10 ppm	0.02 Da	NT=Carbamidomethyl;AC=UNIMOD:4;TA=C;MT=Fixed	NT=TMT6plex;AC=UNIMOD:737;TA=K;MT=Fixed	NT=TMT6plex;AC=UNIMOD:737;PP=Any N-term;MT=Fixed	NT=Oxidation;AC=UNIMOD:35;TA=M;MT=Variable	NT=Acetyl;AC=UNIMOD:1;PP=Protein N-term;MT=Variable	NT=Met-loss;AC=UNIMOD:765;TA=M;PP=Protein N-term;MT=Variable	control
control 2	Mus musculus	bone marrow	leukemia cell	2	acute myeloid leukemia	adult	C57BL/6J	control	220708_eif6_TMT10_F01_of_08_R2-TMT127N	proteomic profiling by mass spectrometry	2	220708_eif6_TMT10_F01_of_08_R2.raw	v1.1.0	NT=ms-proteomics;VV=v1.1.0	NT=vertebrates;VV=v1.1.0	manual curation	NT=Data-dependent acquisition;AC=PRIDE:0000627	NT=Orbitrap Exploris 480;AC=MS:1003028	NT=Trypsin;AC=MS:1001251	TMT127N	1	NT=beam-type collision-induced dissociation;AC=MS:1000422	35% NCE	10 ppm	0.02 Da	NT=Carbamidomethyl;AC=UNIMOD:4;TA=C;MT=Fixed	NT=TMT6plex;AC=UNIMOD:737;TA=K;MT=Fixed	NT=TMT6plex;AC=UNIMOD:737;PP=Any N-term;MT=Fixed	NT=Oxidation;AC=UNIMOD:35;TA=M;MT=Variable	NT=Acetyl;AC=UNIMOD:1;PP=Protein N-term;MT=Variable	NT=Met-loss;AC=UNIMOD:765;TA=M;PP=Protein N-term;MT=Variable	control
control 2	Mus musculus	bone marrow	leukemia cell	2	acute myeloid leukemia	adult	C57BL/6J	control	220708_eif6_TMT10_F02_of_08_R2-TMT127N	proteomic profiling by mass spectrometry	2	220708_eif6_TMT10_F02_of_08_R2.raw	v1.1.0	NT=ms-proteomics;VV=v1.1.0	NT=vertebrates;VV=v1.1.0	manual curation	NT=Data-dependent acquisition;AC=PRIDE:0000627	NT=Orbitrap Exploris 480;AC=MS:1003028	NT=Trypsin;AC=MS:1001251	TMT127N	2	NT=beam-type collision-induced dissociation;AC=MS:1000422	35% NCE	10 ppm	0.02 Da	NT=Carbamidomethyl;AC=UNIMOD:4;TA=C;MT=Fixed	NT=TMT6plex;AC=UNIMOD:737;TA=K;MT=Fixed	NT=TMT6plex;AC=UNIMOD:737;PP=Any N-term;MT=Fixed	NT=Oxidation;AC=UNIMOD:35;TA=M;MT=Variable	NT=Acetyl;AC=UNIMOD:1;PP=Protein N-term;MT=Variable	NT=Met-loss;AC=UNIMOD:765;TA=M;PP=Protein N-term;MT=Variable	control
control 2	Mus musculus	bone marrow	leukemia cell	2	acute myeloid leukemia	adult	C57BL/6J	control	220708_eif6_TMT10_F03_of_08_R2-TMT127N	proteomic profiling by mass spectrometry	2	220708_eif6_TMT10_F03_of_08_R2.raw	v1.1.0	NT=ms-proteomics;VV=v1.1.0	NT=vertebrates;VV=v1.1.0	manual curation	NT=Data-dependent acquisition;AC=PRIDE:0000627	NT=Orbitrap Exploris 480;AC=MS:1003028	NT=Trypsin;AC=MS:1001251	TMT127N	3	NT=beam-type collision-induced dissociation;AC=MS:1000422	35% NCE	10 ppm	0.02 Da	NT=Carbamidomethyl;AC=UNIMOD:4;TA=C;MT=Fixed	NT=TMT6plex;AC=UNIMOD:737;TA=K;MT=Fixed	NT=TMT6plex;AC=UNIMOD:737;PP=Any N-term;MT=Fixed	NT=Oxidation;AC=UNIMOD:35;TA=M;MT=Variable	NT=Acetyl;AC=UNIMOD:1;PP=Protein N-term;MT=Variable	NT=Met-loss;AC=UNIMOD:765;TA=M;PP=Protein N-term;MT=Variable	control
control 2	Mus musculus	bone marrow	leukemia cell	2	acute myeloid leukemia	adult	C57BL/6J	control	220708_eif6_TMT10_F04_of_08_R2-TMT127N	proteomic profiling by mass spectrometry	2	220708_eif6_TMT10_F04_of_08_R2.raw	v1.1.0	NT=ms-proteomics;VV=v1.1.0	NT=vertebrates;VV=v1.1.0	manual curation	NT=Data-dependent acquisition;AC=PRIDE:0000627	NT=Orbitrap Exploris 480;AC=MS:1003028	NT=Trypsin;AC=MS:1001251	TMT127N	4	NT=beam-type collision-induced dissociation;AC=MS:1000422	35% NCE	10 ppm	0.02 Da	NT=Carbamidomethyl;AC=UNIMOD:4;TA=C;MT=Fixed	NT=TMT6plex;AC=UNIMOD:737;TA=K;MT=Fixed	NT=TMT6plex;AC=UNIMOD:737;PP=Any N-term;MT=Fixed	NT=Oxidation;AC=UNIMOD:35;TA=M;MT=Variable	NT=Acetyl;AC=UNIMOD:1;PP=Protein N-term;MT=Variable	NT=Met-loss;AC=UNIMOD:765;TA=M;PP=Protein N-term;MT=Variable	control
control 2	Mus musculus	bone marrow	leukemia cell	2	acute myeloid leukemia	adult	C57BL/6J	control	220708_eif6_TMT10_F05_of_08_R2-TMT127N	proteomic profiling by mass spectrometry	2	220708_eif6_TMT10_F05_of_08_R2.raw	v1.1.0	NT=ms-proteomics;VV=v1.1.0	NT=vertebrates;VV=v1.1.0	manual curation	NT=Data-dependent acquisition;AC=PRIDE:0000627	NT=Orbitrap Exploris 480;AC=MS:1003028	NT=Trypsin;AC=MS:1001251	TMT127N	5	NT=beam-type collision-induced dissociation;AC=MS:1000422	35% NCE	10 ppm	0.02 Da	NT=Carbamidomethyl;AC=UNIMOD:4;TA=C;MT=Fixed	NT=TMT6plex;AC=UNIMOD:737;TA=K;MT=Fixed	NT=TMT6plex;AC=UNIMOD:737;PP=Any N-term;MT=Fixed	NT=Oxidation;AC=UNIMOD:35;TA=M;MT=Variable	NT=Acetyl;AC=UNIMOD:1;PP=Protein N-term;MT=Variable	NT=Met-loss;AC=UNIMOD:765;TA=M;PP=Protein N-term;MT=Variable	control
control 2	Mus musculus	bone marrow	leukemia cell	2	acute myeloid leukemia	adult	C57BL/6J	control	220708_eif6_TMT10_F06_of_08_R2-TMT127N	proteomic profiling by mass spectrometry	2	220708_eif6_TMT10_F06_of_08_R2.raw	v1.1.0	NT=ms-proteomics;VV=v1.1.0	NT=vertebrates;VV=v1.1.0	manual curation	NT=Data-dependent acquisition;AC=PRIDE:0000627	NT=Orbitrap Exploris 480;AC=MS:1003028	NT=Trypsin;AC=MS:1001251	TMT127N	6	NT=beam-type collision-induced dissociation;AC=MS:1000422	35% NCE	10 ppm	0.02 Da	NT=Carbamidomethyl;AC=UNIMOD:4;TA=C;MT=Fixed	NT=TMT6plex;AC=UNIMOD:737;TA=K;MT=Fixed	NT=TMT6plex;AC=UNIMOD:737;PP=Any N-term;MT=Fixed	NT=Oxidation;AC=UNIMOD:35;TA=M;MT=Variable	NT=Acetyl;AC=UNIMOD:1;PP=Protein N-term;MT=Variable	NT=Met-loss;AC=UNIMOD:765;TA=M;PP=Protein N-term;MT=Variable	control
control 2	Mus musculus	bone marrow	leukemia cell	2	acute myeloid leukemia	adult	C57BL/6J	control	220708_eif6_TMT10_F07_of_08_R2-TMT127N	proteomic profiling by mass spectrometry	2	220708_eif6_TMT10_F07_of_08_R2.raw	v1.1.0	NT=ms-proteomics;VV=v1.1.0	NT=vertebrates;VV=v1.1.0	manual curation	NT=Data-dependent acquisition;AC=PRIDE:0000627	NT=Orbitrap Exploris 480;AC=MS:1003028	NT=Trypsin;AC=MS:1001251	TMT127N	7	NT=beam-type collision-induced dissociation;AC=MS:1000422	35% NCE	10 ppm	0.02 Da	NT=Carbamidomethyl;AC=UNIMOD:4;TA=C;MT=Fixed	NT=TMT6plex;AC=UNIMOD:737;TA=K;MT=Fixed	NT=TMT6plex;AC=UNIMOD:737;PP=Any N-term;MT=Fixed	NT=Oxidation;AC=UNIMOD:35;TA=M;MT=Variable	NT=Acetyl;AC=UNIMOD:1;PP=Protein N-term;MT=Variable	NT=Met-loss;AC=UNIMOD:765;TA=M;PP=Protein N-term;MT=Variable	control
control 2	Mus musculus	bone marrow	leukemia cell	2	acute myeloid leukemia	adult	C57BL/6J	control	220708_eif6_TMT10_F08_of_08_R2-TMT127N	proteomic profiling by mass spectrometry	2	220708_eif6_TMT10_F08_of_08_R2.raw	v1.1.0	NT=ms-proteomics;VV=v1.1.0	NT=vertebrates;VV=v1.1.0	manual curation	NT=Data-dependent acquisition;AC=PRIDE:0000627	NT=Orbitrap Exploris 480;AC=MS:1003028	NT=Trypsin;AC=MS:1001251	TMT127N	8	NT=beam-type collision-induced dissociation;AC=MS:1000422	35% NCE	10 ppm	0.02 Da	NT=Carbamidomethyl;AC=UNIMOD:4;TA=C;MT=Fixed	NT=TMT6plex;AC=UNIMOD:737;TA=K;MT=Fixed	NT=TMT6plex;AC=UNIMOD:737;PP=Any N-term;MT=Fixed	NT=Oxidation;AC=UNIMOD:35;TA=M;MT=Variable	NT=Acetyl;AC=UNIMOD:1;PP=Protein N-term;MT=Variable	NT=Met-loss;AC=UNIMOD:765;TA=M;PP=Protein N-term;MT=Variable	control
control 3	Mus musculus	bone marrow	leukemia cell	3	acute myeloid leukemia	adult	C57BL/6J	control	220708_eif6_TMT10_F01_of_08_R2-TMT127C	proteomic profiling by mass spectrometry	2	220708_eif6_TMT10_F01_of_08_R2.raw	v1.1.0	NT=ms-proteomics;VV=v1.1.0	NT=vertebrates;VV=v1.1.0	manual curation	NT=Data-dependent acquisition;AC=PRIDE:0000627	NT=Orbitrap Exploris 480;AC=MS:1003028	NT=Trypsin;AC=MS:1001251	TMT127C	1	NT=beam-type collision-induced dissociation;AC=MS:1000422	35% NCE	10 ppm	0.02 Da	NT=Carbamidomethyl;AC=UNIMOD:4;TA=C;MT=Fixed	NT=TMT6plex;AC=UNIMOD:737;TA=K;MT=Fixed	NT=TMT6plex;AC=UNIMOD:737;PP=Any N-term;MT=Fixed	NT=Oxidation;AC=UNIMOD:35;TA=M;MT=Variable	NT=Acetyl;AC=UNIMOD:1;PP=Protein N-term;MT=Variable	NT=Met-loss;AC=UNIMOD:765;TA=M;PP=Protein N-term;MT=Variable	control
control 3	Mus musculus	bone marrow	leukemia cell	3	acute myeloid leukemia	adult	C57BL/6J	control	220708_eif6_TMT10_F02_of_08_R2-TMT127C	proteomic profiling by mass spectrometry	2	220708_eif6_TMT10_F02_of_08_R2.raw	v1.1.0	NT=ms-proteomics;VV=v1.1.0	NT=vertebrates;VV=v1.1.0	manual curation	NT=Data-dependent acquisition;AC=PRIDE:0000627	NT=Orbitrap Exploris 480;AC=MS:1003028	NT=Trypsin;AC=MS:1001251	TMT127C	2	NT=beam-type collision-induced dissociation;AC=MS:1000422	35% NCE	10 ppm	0.02 Da	NT=Carbamidomethyl;AC=UNIMOD:4;TA=C;MT=Fixed	NT=TMT6plex;AC=UNIMOD:737;TA=K;MT=Fixed	NT=TMT6plex;AC=UNIMOD:737;PP=Any N-term;MT=Fixed	NT=Oxidation;AC=UNIMOD:35;TA=M;MT=Variable	NT=Acetyl;AC=UNIMOD:1;PP=Protein N-term;MT=Variable	NT=Met-loss;AC=UNIMOD:765;TA=M;PP=Protein N-term;MT=Variable	control
control 3	Mus musculus	bone marrow	leukemia cell	3	acute myeloid leukemia	adult	C57BL/6J	control	220708_eif6_TMT10_F03_of_08_R2-TMT127C	proteomic profiling by mass spectrometry	2	220708_eif6_TMT10_F03_of_08_R2.raw	v1.1.0	NT=ms-proteomics;VV=v1.1.0	NT=vertebrates;VV=v1.1.0	manual curation	NT=Data-dependent acquisition;AC=PRIDE:0000627	NT=Orbitrap Exploris 480;AC=MS:1003028	NT=Trypsin;AC=MS:1001251	TMT127C	3	NT=beam-type collision-induced dissociation;AC=MS:1000422	35% NCE	10 ppm	0.02 Da	NT=Carbamidomethyl;AC=UNIMOD:4;TA=C;MT=Fixed	NT=TMT6plex;AC=UNIMOD:737;TA=K;MT=Fixed	NT=TMT6plex;AC=UNIMOD:737;PP=Any N-term;MT=Fixed	NT=Oxidation;AC=UNIMOD:35;TA=M;MT=Variable	NT=Acetyl;AC=UNIMOD:1;PP=Protein N-term;MT=Variable	NT=Met-loss;AC=UNIMOD:765;TA=M;PP=Protein N-term;MT=Variable	control
control 3	Mus musculus	bone marrow	leukemia cell	3	acute myeloid leukemia	adult	C57BL/6J	control	220708_eif6_TMT10_F04_of_08_R2-TMT127C	proteomic profiling by mass spectrometry	2	220708_eif6_TMT10_F04_of_08_R2.raw	v1.1.0	NT=ms-proteomics;VV=v1.1.0	NT=vertebrates;VV=v1.1.0	manual curation	NT=Data-dependent acquisition;AC=PRIDE:0000627	NT=Orbitrap Exploris 480;AC=MS:1003028	NT=Trypsin;AC=MS:1001251	TMT127C	4	NT=beam-type collision-induced dissociation;AC=MS:1000422	35% NCE	10 ppm	0.02 Da	NT=Carbamidomethyl;AC=UNIMOD:4;TA=C;MT=Fixed	NT=TMT6plex;AC=UNIMOD:737;TA=K;MT=Fixed	NT=TMT6plex;AC=UNIMOD:737;PP=Any N-term;MT=Fixed	NT=Oxidation;AC=UNIMOD:35;TA=M;MT=Variable	NT=Acetyl;AC=UNIMOD:1;PP=Protein N-term;MT=Variable	NT=Met-loss;AC=UNIMOD:765;TA=M;PP=Protein N-term;MT=Variable	control
control 3	Mus musculus	bone marrow	leukemia cell	3	acute myeloid leukemia	adult	C57BL/6J	control	220708_eif6_TMT10_F05_of_08_R2-TMT127C	proteomic profiling by mass spectrometry	2	220708_eif6_TMT10_F05_of_08_R2.raw	v1.1.0	NT=ms-proteomics;VV=v1.1.0	NT=vertebrates;VV=v1.1.0	manual curation	NT=Data-dependent acquisition;AC=PRIDE:0000627	NT=Orbitrap Exploris 480;AC=MS:1003028	NT=Trypsin;AC=MS:1001251	TMT127C	5	NT=beam-type collision-induced dissociation;AC=MS:1000422	35% NCE	10 ppm	0.02 Da	NT=Carbamidomethyl;AC=UNIMOD:4;TA=C;MT=Fixed	NT=TMT6plex;AC=UNIMOD:737;TA=K;MT=Fixed	NT=TMT6plex;AC=UNIMOD:737;PP=Any N-term;MT=Fixed	NT=Oxidation;AC=UNIMOD:35;TA=M;MT=Variable	NT=Acetyl;AC=UNIMOD:1;PP=Protein N-term;MT=Variable	NT=Met-loss;AC=UNIMOD:765;TA=M;PP=Protein N-term;MT=Variable	control
control 3	Mus musculus	bone marrow	leukemia cell	3	acute myeloid leukemia	adult	C57BL/6J	control	220708_eif6_TMT10_F06_of_08_R2-TMT127C	proteomic profiling by mass spectrometry	2	220708_eif6_TMT10_F06_of_08_R2.raw	v1.1.0	NT=ms-proteomics;VV=v1.1.0	NT=vertebrates;VV=v1.1.0	manual curation	NT=Data-dependent acquisition;AC=PRIDE:0000627	NT=Orbitrap Exploris 480;AC=MS:1003028	NT=Trypsin;AC=MS:1001251	TMT127C	6	NT=beam-type collision-induced dissociation;AC=MS:1000422	35% NCE	10 ppm	0.02 Da	NT=Carbamidomethyl;AC=UNIMOD:4;TA=C;MT=Fixed	NT=TMT6plex;AC=UNIMOD:737;TA=K;MT=Fixed	NT=TMT6plex;AC=UNIMOD:737;PP=Any N-term;MT=Fixed	NT=Oxidation;AC=UNIMOD:35;TA=M;MT=Variable	NT=Acetyl;AC=UNIMOD:1;PP=Protein N-term;MT=Variable	NT=Met-loss;AC=UNIMOD:765;TA=M;PP=Protein N-term;MT=Variable	control
control 3	Mus musculus	bone marrow	leukemia cell	3	acute myeloid leukemia	adult	C57BL/6J	control	220708_eif6_TMT10_F07_of_08_R2-TMT127C	proteomic profiling by mass spectrometry	2	220708_eif6_TMT10_F07_of_08_R2.raw	v1.1.0	NT=ms-proteomics;VV=v1.1.0	NT=vertebrates;VV=v1.1.0	manual curation	NT=Data-dependent acquisition;AC=PRIDE:0000627	NT=Orbitrap Exploris 480;AC=MS:1003028	NT=Trypsin;AC=MS:1001251	TMT127C	7	NT=beam-type collision-induced dissociation;AC=MS:1000422	35% NCE	10 ppm	0.02 Da	NT=Carbamidomethyl;AC=UNIMOD:4;TA=C;MT=Fixed	NT=TMT6plex;AC=UNIMOD:737;TA=K;MT=Fixed	NT=TMT6plex;AC=UNIMOD:737;PP=Any N-term;MT=Fixed	NT=Oxidation;AC=UNIMOD:35;TA=M;MT=Variable	NT=Acetyl;AC=UNIMOD:1;PP=Protein N-term;MT=Variable	NT=Met-loss;AC=UNIMOD:765;TA=M;PP=Protein N-term;MT=Variable	control
control 3	Mus musculus	bone marrow	leukemia cell	3	acute myeloid leukemia	adult	C57BL/6J	control	220708_eif6_TMT10_F08_of_08_R2-TMT127C	proteomic profiling by mass spectrometry	2	220708_eif6_TMT10_F08_of_08_R2.raw	v1.1.0	NT=ms-proteomics;VV=v1.1.0	NT=vertebrates;VV=v1.1.0	manual curation	NT=Data-dependent acquisition;AC=PRIDE:0000627	NT=Orbitrap Exploris 480;AC=MS:1003028	NT=Trypsin;AC=MS:1001251	TMT127C	8	NT=beam-type collision-induced dissociation;AC=MS:1000422	35% NCE	10 ppm	0.02 Da	NT=Carbamidomethyl;AC=UNIMOD:4;TA=C;MT=Fixed	NT=TMT6plex;AC=UNIMOD:737;TA=K;MT=Fixed	NT=TMT6plex;AC=UNIMOD:737;PP=Any N-term;MT=Fixed	NT=Oxidation;AC=UNIMOD:35;TA=M;MT=Variable	NT=Acetyl;AC=UNIMOD:1;PP=Protein N-term;MT=Variable	NT=Met-loss;AC=UNIMOD:765;TA=M;PP=Protein N-term;MT=Variable	control
control 4	Mus musculus	bone marrow	leukemia cell	4	acute myeloid leukemia	adult	C57BL/6J	control	220708_eif6_TMT10_F01_of_08_R2-TMT128N	proteomic profiling by mass spectrometry	2	220708_eif6_TMT10_F01_of_08_R2.raw	v1.1.0	NT=ms-proteomics;VV=v1.1.0	NT=vertebrates;VV=v1.1.0	manual curation	NT=Data-dependent acquisition;AC=PRIDE:0000627	NT=Orbitrap Exploris 480;AC=MS:1003028	NT=Trypsin;AC=MS:1001251	TMT128N	1	NT=beam-type collision-induced dissociation;AC=MS:1000422	35% NCE	10 ppm	0.02 Da	NT=Carbamidomethyl;AC=UNIMOD:4;TA=C;MT=Fixed	NT=TMT6plex;AC=UNIMOD:737;TA=K;MT=Fixed	NT=TMT6plex;AC=UNIMOD:737;PP=Any N-term;MT=Fixed	NT=Oxidation;AC=UNIMOD:35;TA=M;MT=Variable	NT=Acetyl;AC=UNIMOD:1;PP=Protein N-term;MT=Variable	NT=Met-loss;AC=UNIMOD:765;TA=M;PP=Protein N-term;MT=Variable	control
control 4	Mus musculus	bone marrow	leukemia cell	4	acute myeloid leukemia	adult	C57BL/6J	control	220708_eif6_TMT10_F02_of_08_R2-TMT128N	proteomic profiling by mass spectrometry	2	220708_eif6_TMT10_F02_of_08_R2.raw	v1.1.0	NT=ms-proteomics;VV=v1.1.0	NT=vertebrates;VV=v1.1.0	manual curation	NT=Data-dependent acquisition;AC=PRIDE:0000627	NT=Orbitrap Exploris 480;AC=MS:1003028	NT=Trypsin;AC=MS:1001251	TMT128N	2	NT=beam-type collision-induced dissociation;AC=MS:1000422	35% NCE	10 ppm	0.02 Da	NT=Carbamidomethyl;AC=UNIMOD:4;TA=C;MT=Fixed	NT=TMT6plex;AC=UNIMOD:737;TA=K;MT=Fixed	NT=TMT6plex;AC=UNIMOD:737;PP=Any N-term;MT=Fixed	NT=Oxidation;AC=UNIMOD:35;TA=M;MT=Variable	NT=Acetyl;AC=UNIMOD:1;PP=Protein N-term;MT=Variable	NT=Met-loss;AC=UNIMOD:765;TA=M;PP=Protein N-term;MT=Variable	control
control 4	Mus musculus	bone marrow	leukemia cell	4	acute myeloid leukemia	adult	C57BL/6J	control	220708_eif6_TMT10_F03_of_08_R2-TMT128N	proteomic profiling by mass spectrometry	2	220708_eif6_TMT10_F03_of_08_R2.raw	v1.1.0	NT=ms-proteomics;VV=v1.1.0	NT=vertebrates;VV=v1.1.0	manual curation	NT=Data-dependent acquisition;AC=PRIDE:0000627	NT=Orbitrap Exploris 480;AC=MS:1003028	NT=Trypsin;AC=MS:1001251	TMT128N	3	NT=beam-type collision-induced dissociation;AC=MS:1000422	35% NCE	10 ppm	0.02 Da	NT=Carbamidomethyl;AC=UNIMOD:4;TA=C;MT=Fixed	NT=TMT6plex;AC=UNIMOD:737;TA=K;MT=Fixed	NT=TMT6plex;AC=UNIMOD:737;PP=Any N-term;MT=Fixed	NT=Oxidation;AC=UNIMOD:35;TA=M;MT=Variable	NT=Acetyl;AC=UNIMOD:1;PP=Protein N-term;MT=Variable	NT=Met-loss;AC=UNIMOD:765;TA=M;PP=Protein N-term;MT=Variable	control
control 4	Mus musculus	bone marrow	leukemia cell	4	acute myeloid leukemia	adult	C57BL/6J	control	220708_eif6_TMT10_F04_of_08_R2-TMT128N	proteomic profiling by mass spectrometry	2	220708_eif6_TMT10_F04_of_08_R2.raw	v1.1.0	NT=ms-proteomics;VV=v1.1.0	NT=vertebrates;VV=v1.1.0	manual curation	NT=Data-dependent acquisition;AC=PRIDE:0000627	NT=Orbitrap Exploris 480;AC=MS:1003028	NT=Trypsin;AC=MS:1001251	TMT128N	4	NT=beam-type collision-induced dissociation;AC=MS:1000422	35% NCE	10 ppm	0.02 Da	NT=Carbamidomethyl;AC=UNIMOD:4;TA=C;MT=Fixed	NT=TMT6plex;AC=UNIMOD:737;TA=K;MT=Fixed	NT=TMT6plex;AC=UNIMOD:737;PP=Any N-term;MT=Fixed	NT=Oxidation;AC=UNIMOD:35;TA=M;MT=Variable	NT=Acetyl;AC=UNIMOD:1;PP=Protein N-term;MT=Variable	NT=Met-loss;AC=UNIMOD:765;TA=M;PP=Protein N-term;MT=Variable	control
control 4	Mus musculus	bone marrow	leukemia cell	4	acute myeloid leukemia	adult	C57BL/6J	control	220708_eif6_TMT10_F05_of_08_R2-TMT128N	proteomic profiling by mass spectrometry	2	220708_eif6_TMT10_F05_of_08_R2.raw	v1.1.0	NT=ms-proteomics;VV=v1.1.0	NT=vertebrates;VV=v1.1.0	manual curation	NT=Data-dependent acquisition;AC=PRIDE:0000627	NT=Orbitrap Exploris 480;AC=MS:1003028	NT=Trypsin;AC=MS:1001251	TMT128N	5	NT=beam-type collision-induced dissociation;AC=MS:1000422	35% NCE	10 ppm	0.02 Da	NT=Carbamidomethyl;AC=UNIMOD:4;TA=C;MT=Fixed	NT=TMT6plex;AC=UNIMOD:737;TA=K;MT=Fixed	NT=TMT6plex;AC=UNIMOD:737;PP=Any N-term;MT=Fixed	NT=Oxidation;AC=UNIMOD:35;TA=M;MT=Variable	NT=Acetyl;AC=UNIMOD:1;PP=Protein N-term;MT=Variable	NT=Met-loss;AC=UNIMOD:765;TA=M;PP=Protein N-term;MT=Variable	control
control 4	Mus musculus	bone marrow	leukemia cell	4	acute myeloid leukemia	adult	C57BL/6J	control	220708_eif6_TMT10_F06_of_08_R2-TMT128N	proteomic profiling by mass spectrometry	2	220708_eif6_TMT10_F06_of_08_R2.raw	v1.1.0	NT=ms-proteomics;VV=v1.1.0	NT=vertebrates;VV=v1.1.0	manual curation	NT=Data-dependent acquisition;AC=PRIDE:0000627	NT=Orbitrap Exploris 480;AC=MS:1003028	NT=Trypsin;AC=MS:1001251	TMT128N	6	NT=beam-type collision-induced dissociation;AC=MS:1000422	35% NCE	10 ppm	0.02 Da	NT=Carbamidomethyl;AC=UNIMOD:4;TA=C;MT=Fixed	NT=TMT6plex;AC=UNIMOD:737;TA=K;MT=Fixed	NT=TMT6plex;AC=UNIMOD:737;PP=Any N-term;MT=Fixed	NT=Oxidation;AC=UNIMOD:35;TA=M;MT=Variable	NT=Acetyl;AC=UNIMOD:1;PP=Protein N-term;MT=Variable	NT=Met-loss;AC=UNIMOD:765;TA=M;PP=Protein N-term;MT=Variable	control
control 4	Mus musculus	bone marrow	leukemia cell	4	acute myeloid leukemia	adult	C57BL/6J	control	220708_eif6_TMT10_F07_of_08_R2-TMT128N	proteomic profiling by mass spectrometry	2	220708_eif6_TMT10_F07_of_08_R2.raw	v1.1.0	NT=ms-proteomics;VV=v1.1.0	NT=vertebrates;VV=v1.1.0	manual curation	NT=Data-dependent acquisition;AC=PRIDE:0000627	NT=Orbitrap Exploris 480;AC=MS:1003028	NT=Trypsin;AC=MS:1001251	TMT128N	7	NT=beam-type collision-induced dissociation;AC=MS:1000422	35% NCE	10 ppm	0.02 Da	NT=Carbamidomethyl;AC=UNIMOD:4;TA=C;MT=Fixed	NT=TMT6plex;AC=UNIMOD:737;TA=K;MT=Fixed	NT=TMT6plex;AC=UNIMOD:737;PP=Any N-term;MT=Fixed	NT=Oxidation;AC=UNIMOD:35;TA=M;MT=Variable	NT=Acetyl;AC=UNIMOD:1;PP=Protein N-term;MT=Variable	NT=Met-loss;AC=UNIMOD:765;TA=M;PP=Protein N-term;MT=Variable	control
control 4	Mus musculus	bone marrow	leukemia cell	4	acute myeloid leukemia	adult	C57BL/6J	control	220708_eif6_TMT10_F08_of_08_R2-TMT128N	proteomic profiling by mass spectrometry	2	220708_eif6_TMT10_F08_of_08_R2.raw	v1.1.0	NT=ms-proteomics;VV=v1.1.0	NT=vertebrates;VV=v1.1.0	manual curation	NT=Data-dependent acquisition;AC=PRIDE:0000627	NT=Orbitrap Exploris 480;AC=MS:1003028	NT=Trypsin;AC=MS:1001251	TMT128N	8	NT=beam-type collision-induced dissociation;AC=MS:1000422	35% NCE	10 ppm	0.02 Da	NT=Carbamidomethyl;AC=UNIMOD:4;TA=C;MT=Fixed	NT=TMT6plex;AC=UNIMOD:737;TA=K;MT=Fixed	NT=TMT6plex;AC=UNIMOD:737;PP=Any N-term;MT=Fixed	NT=Oxidation;AC=UNIMOD:35;TA=M;MT=Variable	NT=Acetyl;AC=UNIMOD:1;PP=Protein N-term;MT=Variable	NT=Met-loss;AC=UNIMOD:765;TA=M;PP=Protein N-term;MT=Variable	control
eIF6 1	Mus musculus	bone marrow	leukemia cell	1	acute myeloid leukemia	adult	C57BL/6J	eIF6	220708_eif6_TMT10_F01_of_08_R2-TMT129N	proteomic profiling by mass spectrometry	2	220708_eif6_TMT10_F01_of_08_R2.raw	v1.1.0	NT=ms-proteomics;VV=v1.1.0	NT=vertebrates;VV=v1.1.0	manual curation	NT=Data-dependent acquisition;AC=PRIDE:0000627	NT=Orbitrap Exploris 480;AC=MS:1003028	NT=Trypsin;AC=MS:1001251	TMT129N	1	NT=beam-type collision-induced dissociation;AC=MS:1000422	35% NCE	10 ppm	0.02 Da	NT=Carbamidomethyl;AC=UNIMOD:4;TA=C;MT=Fixed	NT=TMT6plex;AC=UNIMOD:737;TA=K;MT=Fixed	NT=TMT6plex;AC=UNIMOD:737;PP=Any N-term;MT=Fixed	NT=Oxidation;AC=UNIMOD:35;TA=M;MT=Variable	NT=Acetyl;AC=UNIMOD:1;PP=Protein N-term;MT=Variable	NT=Met-loss;AC=UNIMOD:765;TA=M;PP=Protein N-term;MT=Variable	eIF6
eIF6 1	Mus musculus	bone marrow	leukemia cell	1	acute myeloid leukemia	adult	C57BL/6J	eIF6	220708_eif6_TMT10_F02_of_08_R2-TMT129N	proteomic profiling by mass spectrometry	2	220708_eif6_TMT10_F02_of_08_R2.raw	v1.1.0	NT=ms-proteomics;VV=v1.1.0	NT=vertebrates;VV=v1.1.0	manual curation	NT=Data-dependent acquisition;AC=PRIDE:0000627	NT=Orbitrap Exploris 480;AC=MS:1003028	NT=Trypsin;AC=MS:1001251	TMT129N	2	NT=beam-type collision-induced dissociation;AC=MS:1000422	35% NCE	10 ppm	0.02 Da	NT=Carbamidomethyl;AC=UNIMOD:4;TA=C;MT=Fixed	NT=TMT6plex;AC=UNIMOD:737;TA=K;MT=Fixed	NT=TMT6plex;AC=UNIMOD:737;PP=Any N-term;MT=Fixed	NT=Oxidation;AC=UNIMOD:35;TA=M;MT=Variable	NT=Acetyl;AC=UNIMOD:1;PP=Protein N-term;MT=Variable	NT=Met-loss;AC=UNIMOD:765;TA=M;PP=Protein N-term;MT=Variable	eIF6
eIF6 1	Mus musculus	bone marrow	leukemia cell	1	acute myeloid leukemia	adult	C57BL/6J	eIF6	220708_eif6_TMT10_F03_of_08_R2-TMT129N	proteomic profiling by mass spectrometry	2	220708_eif6_TMT10_F03_of_08_R2.raw	v1.1.0	NT=ms-proteomics;VV=v1.1.0	NT=vertebrates;VV=v1.1.0	manual curation	NT=Data-dependent acquisition;AC=PRIDE:0000627	NT=Orbitrap Exploris 480;AC=MS:1003028	NT=Trypsin;AC=MS:1001251	TMT129N	3	NT=beam-type collision-induced dissociation;AC=MS:1000422	35% NCE	10 ppm	0.02 Da	NT=Carbamidomethyl;AC=UNIMOD:4;TA=C;MT=Fixed	NT=TMT6plex;AC=UNIMOD:737;TA=K;MT=Fixed	NT=TMT6plex;AC=UNIMOD:737;PP=Any N-term;MT=Fixed	NT=Oxidation;AC=UNIMOD:35;TA=M;MT=Variable	NT=Acetyl;AC=UNIMOD:1;PP=Protein N-term;MT=Variable	NT=Met-loss;AC=UNIMOD:765;TA=M;PP=Protein N-term;MT=Variable	eIF6
eIF6 1	Mus musculus	bone marrow	leukemia cell	1	acute myeloid leukemia	adult	C57BL/6J	eIF6	220708_eif6_TMT10_F04_of_08_R2-TMT129N	proteomic profiling by mass spectrometry	2	220708_eif6_TMT10_F04_of_08_R2.raw	v1.1.0	NT=ms-proteomics;VV=v1.1.0	NT=vertebrates;VV=v1.1.0	manual curation	NT=Data-dependent acquisition;AC=PRIDE:0000627	NT=Orbitrap Exploris 480;AC=MS:1003028	NT=Trypsin;AC=MS:1001251	TMT129N	4	NT=beam-type collision-induced dissociation;AC=MS:1000422	35% NCE	10 ppm	0.02 Da	NT=Carbamidomethyl;AC=UNIMOD:4;TA=C;MT=Fixed	NT=TMT6plex;AC=UNIMOD:737;TA=K;MT=Fixed	NT=TMT6plex;AC=UNIMOD:737;PP=Any N-term;MT=Fixed	NT=Oxidation;AC=UNIMOD:35;TA=M;MT=Variable	NT=Acetyl;AC=UNIMOD:1;PP=Protein N-term;MT=Variable	NT=Met-loss;AC=UNIMOD:765;TA=M;PP=Protein N-term;MT=Variable	eIF6
eIF6 1	Mus musculus	bone marrow	leukemia cell	1	acute myeloid leukemia	adult	C57BL/6J	eIF6	220708_eif6_TMT10_F05_of_08_R2-TMT129N	proteomic profiling by mass spectrometry	2	220708_eif6_TMT10_F05_of_08_R2.raw	v1.1.0	NT=ms-proteomics;VV=v1.1.0	NT=vertebrates;VV=v1.1.0	manual curation	NT=Data-dependent acquisition;AC=PRIDE:0000627	NT=Orbitrap Exploris 480;AC=MS:1003028	NT=Trypsin;AC=MS:1001251	TMT129N	5	NT=beam-type collision-induced dissociation;AC=MS:1000422	35% NCE	10 ppm	0.02 Da	NT=Carbamidomethyl;AC=UNIMOD:4;TA=C;MT=Fixed	NT=TMT6plex;AC=UNIMOD:737;TA=K;MT=Fixed	NT=TMT6plex;AC=UNIMOD:737;PP=Any N-term;MT=Fixed	NT=Oxidation;AC=UNIMOD:35;TA=M;MT=Variable	NT=Acetyl;AC=UNIMOD:1;PP=Protein N-term;MT=Variable	NT=Met-loss;AC=UNIMOD:765;TA=M;PP=Protein N-term;MT=Variable	eIF6
eIF6 1	Mus musculus	bone marrow	leukemia cell	1	acute myeloid leukemia	adult	C57BL/6J	eIF6	220708_eif6_TMT10_F06_of_08_R2-TMT129N	proteomic profiling by mass spectrometry	2	220708_eif6_TMT10_F06_of_08_R2.raw	v1.1.0	NT=ms-proteomics;VV=v1.1.0	NT=vertebrates;VV=v1.1.0	manual curation	NT=Data-dependent acquisition;AC=PRIDE:0000627	NT=Orbitrap Exploris 480;AC=MS:1003028	NT=Trypsin;AC=MS:1001251	TMT129N	6	NT=beam-type collision-induced dissociation;AC=MS:1000422	35% NCE	10 ppm	0.02 Da	NT=Carbamidomethyl;AC=UNIMOD:4;TA=C;MT=Fixed	NT=TMT6plex;AC=UNIMOD:737;TA=K;MT=Fixed	NT=TMT6plex;AC=UNIMOD:737;PP=Any N-term;MT=Fixed	NT=Oxidation;AC=UNIMOD:35;TA=M;MT=Variable	NT=Acetyl;AC=UNIMOD:1;PP=Protein N-term;MT=Variable	NT=Met-loss;AC=UNIMOD:765;TA=M;PP=Protein N-term;MT=Variable	eIF6
eIF6 1	Mus musculus	bone marrow	leukemia cell	1	acute myeloid leukemia	adult	C57BL/6J	eIF6	220708_eif6_TMT10_F07_of_08_R2-TMT129N	proteomic profiling by mass spectrometry	2	220708_eif6_TMT10_F07_of_08_R2.raw	v1.1.0	NT=ms-proteomics;VV=v1.1.0	NT=vertebrates;VV=v1.1.0	manual curation	NT=Data-dependent acquisition;AC=PRIDE:0000627	NT=Orbitrap Exploris 480;AC=MS:1003028	NT=Trypsin;AC=MS:1001251	TMT129N	7	NT=beam-type collision-induced dissociation;AC=MS:1000422	35% NCE	10 ppm	0.02 Da	NT=Carbamidomethyl;AC=UNIMOD:4;TA=C;MT=Fixed	NT=TMT6plex;AC=UNIMOD:737;TA=K;MT=Fixed	NT=TMT6plex;AC=UNIMOD:737;PP=Any N-term;MT=Fixed	NT=Oxidation;AC=UNIMOD:35;TA=M;MT=Variable	NT=Acetyl;AC=UNIMOD:1;PP=Protein N-term;MT=Variable	NT=Met-loss;AC=UNIMOD:765;TA=M;PP=Protein N-term;MT=Variable	eIF6
eIF6 1	Mus musculus	bone marrow	leukemia cell	1	acute myeloid leukemia	adult	C57BL/6J	eIF6	220708_eif6_TMT10_F08_of_08_R2-TMT129N	proteomic profiling by mass spectrometry	2	220708_eif6_TMT10_F08_of_08_R2.raw	v1.1.0	NT=ms-proteomics;VV=v1.1.0	NT=vertebrates;VV=v1.1.0	manual curation	NT=Data-dependent acquisition;AC=PRIDE:0000627	NT=Orbitrap Exploris 480;AC=MS:1003028	NT=Trypsin;AC=MS:1001251	TMT129N	8	NT=beam-type collision-induced dissociation;AC=MS:1000422	35% NCE	10 ppm	0.02 Da	NT=Carbamidomethyl;AC=UNIMOD:4;TA=C;MT=Fixed	NT=TMT6plex;AC=UNIMOD:737;TA=K;MT=Fixed	NT=TMT6plex;AC=UNIMOD:737;PP=Any N-term;MT=Fixed	NT=Oxidation;AC=UNIMOD:35;TA=M;MT=Variable	NT=Acetyl;AC=UNIMOD:1;PP=Protein N-term;MT=Variable	NT=Met-loss;AC=UNIMOD:765;TA=M;PP=Protein N-term;MT=Variable	eIF6
eIF6 2	Mus musculus	bone marrow	leukemia cell	2	acute myeloid leukemia	adult	C57BL/6J	eIF6	220708_eif6_TMT10_F01_of_08_R2-TMT129C	proteomic profiling by mass spectrometry	2	220708_eif6_TMT10_F01_of_08_R2.raw	v1.1.0	NT=ms-proteomics;VV=v1.1.0	NT=vertebrates;VV=v1.1.0	manual curation	NT=Data-dependent acquisition;AC=PRIDE:0000627	NT=Orbitrap Exploris 480;AC=MS:1003028	NT=Trypsin;AC=MS:1001251	TMT129C	1	NT=beam-type collision-induced dissociation;AC=MS:1000422	35% NCE	10 ppm	0.02 Da	NT=Carbamidomethyl;AC=UNIMOD:4;TA=C;MT=Fixed	NT=TMT6plex;AC=UNIMOD:737;TA=K;MT=Fixed	NT=TMT6plex;AC=UNIMOD:737;PP=Any N-term;MT=Fixed	NT=Oxidation;AC=UNIMOD:35;TA=M;MT=Variable	NT=Acetyl;AC=UNIMOD:1;PP=Protein N-term;MT=Variable	NT=Met-loss;AC=UNIMOD:765;TA=M;PP=Protein N-term;MT=Variable	eIF6
eIF6 2	Mus musculus	bone marrow	leukemia cell	2	acute myeloid leukemia	adult	C57BL/6J	eIF6	220708_eif6_TMT10_F02_of_08_R2-TMT129C	proteomic profiling by mass spectrometry	2	220708_eif6_TMT10_F02_of_08_R2.raw	v1.1.0	NT=ms-proteomics;VV=v1.1.0	NT=vertebrates;VV=v1.1.0	manual curation	NT=Data-dependent acquisition;AC=PRIDE:0000627	NT=Orbitrap Exploris 480;AC=MS:1003028	NT=Trypsin;AC=MS:1001251	TMT129C	2	NT=beam-type collision-induced dissociation;AC=MS:1000422	35% NCE	10 ppm	0.02 Da	NT=Carbamidomethyl;AC=UNIMOD:4;TA=C;MT=Fixed	NT=TMT6plex;AC=UNIMOD:737;TA=K;MT=Fixed	NT=TMT6plex;AC=UNIMOD:737;PP=Any N-term;MT=Fixed	NT=Oxidation;AC=UNIMOD:35;TA=M;MT=Variable	NT=Acetyl;AC=UNIMOD:1;PP=Protein N-term;MT=Variable	NT=Met-loss;AC=UNIMOD:765;TA=M;PP=Protein N-term;MT=Variable	eIF6
eIF6 2	Mus musculus	bone marrow	leukemia cell	2	acute myeloid leukemia	adult	C57BL/6J	eIF6	220708_eif6_TMT10_F03_of_08_R2-TMT129C	proteomic profiling by mass spectrometry	2	220708_eif6_TMT10_F03_of_08_R2.raw	v1.1.0	NT=ms-proteomics;VV=v1.1.0	NT=vertebrates;VV=v1.1.0	manual curation	NT=Data-dependent acquisition;AC=PRIDE:0000627	NT=Orbitrap Exploris 480;AC=MS:1003028	NT=Trypsin;AC=MS:1001251	TMT129C	3	NT=beam-type collision-induced dissociation;AC=MS:1000422	35% NCE	10 ppm	0.02 Da	NT=Carbamidomethyl;AC=UNIMOD:4;TA=C;MT=Fixed	NT=TMT6plex;AC=UNIMOD:737;TA=K;MT=Fixed	NT=TMT6plex;AC=UNIMOD:737;PP=Any N-term;MT=Fixed	NT=Oxidation;AC=UNIMOD:35;TA=M;MT=Variable	NT=Acetyl;AC=UNIMOD:1;PP=Protein N-term;MT=Variable	NT=Met-loss;AC=UNIMOD:765;TA=M;PP=Protein N-term;MT=Variable	eIF6
eIF6 2	Mus musculus	bone marrow	leukemia cell	2	acute myeloid leukemia	adult	C57BL/6J	eIF6	220708_eif6_TMT10_F04_of_08_R2-TMT129C	proteomic profiling by mass spectrometry	2	220708_eif6_TMT10_F04_of_08_R2.raw	v1.1.0	NT=ms-proteomics;VV=v1.1.0	NT=vertebrates;VV=v1.1.0	manual curation	NT=Data-dependent acquisition;AC=PRIDE:0000627	NT=Orbitrap Exploris 480;AC=MS:1003028	NT=Trypsin;AC=MS:1001251	TMT129C	4	NT=beam-type collision-induced dissociation;AC=MS:1000422	35% NCE	10 ppm	0.02 Da	NT=Carbamidomethyl;AC=UNIMOD:4;TA=C;MT=Fixed	NT=TMT6plex;AC=UNIMOD:737;TA=K;MT=Fixed	NT=TMT6plex;AC=UNIMOD:737;PP=Any N-term;MT=Fixed	NT=Oxidation;AC=UNIMOD:35;TA=M;MT=Variable	NT=Acetyl;AC=UNIMOD:1;PP=Protein N-term;MT=Variable	NT=Met-loss;AC=UNIMOD:765;TA=M;PP=Protein N-term;MT=Variable	eIF6
eIF6 2	Mus musculus	bone marrow	leukemia cell	2	acute myeloid leukemia	adult	C57BL/6J	eIF6	220708_eif6_TMT10_F05_of_08_R2-TMT129C	proteomic profiling by mass spectrometry	2	220708_eif6_TMT10_F05_of_08_R2.raw	v1.1.0	NT=ms-proteomics;VV=v1.1.0	NT=vertebrates;VV=v1.1.0	manual curation	NT=Data-dependent acquisition;AC=PRIDE:0000627	NT=Orbitrap Exploris 480;AC=MS:1003028	NT=Trypsin;AC=MS:1001251	TMT129C	5	NT=beam-type collision-induced dissociation;AC=MS:1000422	35% NCE	10 ppm	0.02 Da	NT=Carbamidomethyl;AC=UNIMOD:4;TA=C;MT=Fixed	NT=TMT6plex;AC=UNIMOD:737;TA=K;MT=Fixed	NT=TMT6plex;AC=UNIMOD:737;PP=Any N-term;MT=Fixed	NT=Oxidation;AC=UNIMOD:35;TA=M;MT=Variable	NT=Acetyl;AC=UNIMOD:1;PP=Protein N-term;MT=Variable	NT=Met-loss;AC=UNIMOD:765;TA=M;PP=Protein N-term;MT=Variable	eIF6
eIF6 2	Mus musculus	bone marrow	leukemia cell	2	acute myeloid leukemia	adult	C57BL/6J	eIF6	220708_eif6_TMT10_F06_of_08_R2-TMT129C	proteomic profiling by mass spectrometry	2	220708_eif6_TMT10_F06_of_08_R2.raw	v1.1.0	NT=ms-proteomics;VV=v1.1.0	NT=vertebrates;VV=v1.1.0	manual curation	NT=Data-dependent acquisition;AC=PRIDE:0000627	NT=Orbitrap Exploris 480;AC=MS:1003028	NT=Trypsin;AC=MS:1001251	TMT129C	6	NT=beam-type collision-induced dissociation;AC=MS:1000422	35% NCE	10 ppm	0.02 Da	NT=Carbamidomethyl;AC=UNIMOD:4;TA=C;MT=Fixed	NT=TMT6plex;AC=UNIMOD:737;TA=K;MT=Fixed	NT=TMT6plex;AC=UNIMOD:737;PP=Any N-term;MT=Fixed	NT=Oxidation;AC=UNIMOD:35;TA=M;MT=Variable	NT=Acetyl;AC=UNIMOD:1;PP=Protein N-term;MT=Variable	NT=Met-loss;AC=UNIMOD:765;TA=M;PP=Protein N-term;MT=Variable	eIF6
eIF6 2	Mus musculus	bone marrow	leukemia cell	2	acute myeloid leukemia	adult	C57BL/6J	eIF6	220708_eif6_TMT10_F07_of_08_R2-TMT129C	proteomic profiling by mass spectrometry	2	220708_eif6_TMT10_F07_of_08_R2.raw	v1.1.0	NT=ms-proteomics;VV=v1.1.0	NT=vertebrates;VV=v1.1.0	manual curation	NT=Data-dependent acquisition;AC=PRIDE:0000627	NT=Orbitrap Exploris 480;AC=MS:1003028	NT=Trypsin;AC=MS:1001251	TMT129C	7	NT=beam-type collision-induced dissociation;AC=MS:1000422	35% NCE	10 ppm	0.02 Da	NT=Carbamidomethyl;AC=UNIMOD:4;TA=C;MT=Fixed	NT=TMT6plex;AC=UNIMOD:737;TA=K;MT=Fixed	NT=TMT6plex;AC=UNIMOD:737;PP=Any N-term;MT=Fixed	NT=Oxidation;AC=UNIMOD:35;TA=M;MT=Variable	NT=Acetyl;AC=UNIMOD:1;PP=Protein N-term;MT=Variable	NT=Met-loss;AC=UNIMOD:765;TA=M;PP=Protein N-term;MT=Variable	eIF6
eIF6 2	Mus musculus	bone marrow	leukemia cell	2	acute myeloid leukemia	adult	C57BL/6J	eIF6	220708_eif6_TMT10_F08_of_08_R2-TMT129C	proteomic profiling by mass spectrometry	2	220708_eif6_TMT10_F08_of_08_R2.raw	v1.1.0	NT=ms-proteomics;VV=v1.1.0	NT=vertebrates;VV=v1.1.0	manual curation	NT=Data-dependent acquisition;AC=PRIDE:0000627	NT=Orbitrap Exploris 480;AC=MS:1003028	NT=Trypsin;AC=MS:1001251	TMT129C	8	NT=beam-type collision-induced dissociation;AC=MS:1000422	35% NCE	10 ppm	0.02 Da	NT=Carbamidomethyl;AC=UNIMOD:4;TA=C;MT=Fixed	NT=TMT6plex;AC=UNIMOD:737;TA=K;MT=Fixed	NT=TMT6plex;AC=UNIMOD:737;PP=Any N-term;MT=Fixed	NT=Oxidation;AC=UNIMOD:35;TA=M;MT=Variable	NT=Acetyl;AC=UNIMOD:1;PP=Protein N-term;MT=Variable	NT=Met-loss;AC=UNIMOD:765;TA=M;PP=Protein N-term;MT=Variable	eIF6
eIF6 3	Mus musculus	bone marrow	leukemia cell	3	acute myeloid leukemia	adult	C57BL/6J	eIF6	220708_eif6_TMT10_F01_of_08_R2-TMT130N	proteomic profiling by mass spectrometry	2	220708_eif6_TMT10_F01_of_08_R2.raw	v1.1.0	NT=ms-proteomics;VV=v1.1.0	NT=vertebrates;VV=v1.1.0	manual curation	NT=Data-dependent acquisition;AC=PRIDE:0000627	NT=Orbitrap Exploris 480;AC=MS:1003028	NT=Trypsin;AC=MS:1001251	TMT130N	1	NT=beam-type collision-induced dissociation;AC=MS:1000422	35% NCE	10 ppm	0.02 Da	NT=Carbamidomethyl;AC=UNIMOD:4;TA=C;MT=Fixed	NT=TMT6plex;AC=UNIMOD:737;TA=K;MT=Fixed	NT=TMT6plex;AC=UNIMOD:737;PP=Any N-term;MT=Fixed	NT=Oxidation;AC=UNIMOD:35;TA=M;MT=Variable	NT=Acetyl;AC=UNIMOD:1;PP=Protein N-term;MT=Variable	NT=Met-loss;AC=UNIMOD:765;TA=M;PP=Protein N-term;MT=Variable	eIF6
eIF6 3	Mus musculus	bone marrow	leukemia cell	3	acute myeloid leukemia	adult	C57BL/6J	eIF6	220708_eif6_TMT10_F02_of_08_R2-TMT130N	proteomic profiling by mass spectrometry	2	220708_eif6_TMT10_F02_of_08_R2.raw	v1.1.0	NT=ms-proteomics;VV=v1.1.0	NT=vertebrates;VV=v1.1.0	manual curation	NT=Data-dependent acquisition;AC=PRIDE:0000627	NT=Orbitrap Exploris 480;AC=MS:1003028	NT=Trypsin;AC=MS:1001251	TMT130N	2	NT=beam-type collision-induced dissociation;AC=MS:1000422	35% NCE	10 ppm	0.02 Da	NT=Carbamidomethyl;AC=UNIMOD:4;TA=C;MT=Fixed	NT=TMT6plex;AC=UNIMOD:737;TA=K;MT=Fixed	NT=TMT6plex;AC=UNIMOD:737;PP=Any N-term;MT=Fixed	NT=Oxidation;AC=UNIMOD:35;TA=M;MT=Variable	NT=Acetyl;AC=UNIMOD:1;PP=Protein N-term;MT=Variable	NT=Met-loss;AC=UNIMOD:765;TA=M;PP=Protein N-term;MT=Variable	eIF6
eIF6 3	Mus musculus	bone marrow	leukemia cell	3	acute myeloid leukemia	adult	C57BL/6J	eIF6	220708_eif6_TMT10_F03_of_08_R2-TMT130N	proteomic profiling by mass spectrometry	2	220708_eif6_TMT10_F03_of_08_R2.raw	v1.1.0	NT=ms-proteomics;VV=v1.1.0	NT=vertebrates;VV=v1.1.0	manual curation	NT=Data-dependent acquisition;AC=PRIDE:0000627	NT=Orbitrap Exploris 480;AC=MS:1003028	NT=Trypsin;AC=MS:1001251	TMT130N	3	NT=beam-type collision-induced dissociation;AC=MS:1000422	35% NCE	10 ppm	0.02 Da	NT=Carbamidomethyl;AC=UNIMOD:4;TA=C;MT=Fixed	NT=TMT6plex;AC=UNIMOD:737;TA=K;MT=Fixed	NT=TMT6plex;AC=UNIMOD:737;PP=Any N-term;MT=Fixed	NT=Oxidation;AC=UNIMOD:35;TA=M;MT=Variable	NT=Acetyl;AC=UNIMOD:1;PP=Protein N-term;MT=Variable	NT=Met-loss;AC=UNIMOD:765;TA=M;PP=Protein N-term;MT=Variable	eIF6
eIF6 3	Mus musculus	bone marrow	leukemia cell	3	acute myeloid leukemia	adult	C57BL/6J	eIF6	220708_eif6_TMT10_F04_of_08_R2-TMT130N	proteomic profiling by mass spectrometry	2	220708_eif6_TMT10_F04_of_08_R2.raw	v1.1.0	NT=ms-proteomics;VV=v1.1.0	NT=vertebrates;VV=v1.1.0	manual curation	NT=Data-dependent acquisition;AC=PRIDE:0000627	NT=Orbitrap Exploris 480;AC=MS:1003028	NT=Trypsin;AC=MS:1001251	TMT130N	4	NT=beam-type collision-induced dissociation;AC=MS:1000422	35% NCE	10 ppm	0.02 Da	NT=Carbamidomethyl;AC=UNIMOD:4;TA=C;MT=Fixed	NT=TMT6plex;AC=UNIMOD:737;TA=K;MT=Fixed	NT=TMT6plex;AC=UNIMOD:737;PP=Any N-term;MT=Fixed	NT=Oxidation;AC=UNIMOD:35;TA=M;MT=Variable	NT=Acetyl;AC=UNIMOD:1;PP=Protein N-term;MT=Variable	NT=Met-loss;AC=UNIMOD:765;TA=M;PP=Protein N-term;MT=Variable	eIF6
eIF6 3	Mus musculus	bone marrow	leukemia cell	3	acute myeloid leukemia	adult	C57BL/6J	eIF6	220708_eif6_TMT10_F05_of_08_R2-TMT130N	proteomic profiling by mass spectrometry	2	220708_eif6_TMT10_F05_of_08_R2.raw	v1.1.0	NT=ms-proteomics;VV=v1.1.0	NT=vertebrates;VV=v1.1.0	manual curation	NT=Data-dependent acquisition;AC=PRIDE:0000627	NT=Orbitrap Exploris 480;AC=MS:1003028	NT=Trypsin;AC=MS:1001251	TMT130N	5	NT=beam-type collision-induced dissociation;AC=MS:1000422	35% NCE	10 ppm	0.02 Da	NT=Carbamidomethyl;AC=UNIMOD:4;TA=C;MT=Fixed	NT=TMT6plex;AC=UNIMOD:737;TA=K;MT=Fixed	NT=TMT6plex;AC=UNIMOD:737;PP=Any N-term;MT=Fixed	NT=Oxidation;AC=UNIMOD:35;TA=M;MT=Variable	NT=Acetyl;AC=UNIMOD:1;PP=Protein N-term;MT=Variable	NT=Met-loss;AC=UNIMOD:765;TA=M;PP=Protein N-term;MT=Variable	eIF6
eIF6 3	Mus musculus	bone marrow	leukemia cell	3	acute myeloid leukemia	adult	C57BL/6J	eIF6	220708_eif6_TMT10_F06_of_08_R2-TMT130N	proteomic profiling by mass spectrometry	2	220708_eif6_TMT10_F06_of_08_R2.raw	v1.1.0	NT=ms-proteomics;VV=v1.1.0	NT=vertebrates;VV=v1.1.0	manual curation	NT=Data-dependent acquisition;AC=PRIDE:0000627	NT=Orbitrap Exploris 480;AC=MS:1003028	NT=Trypsin;AC=MS:1001251	TMT130N	6	NT=beam-type collision-induced dissociation;AC=MS:1000422	35% NCE	10 ppm	0.02 Da	NT=Carbamidomethyl;AC=UNIMOD:4;TA=C;MT=Fixed	NT=TMT6plex;AC=UNIMOD:737;TA=K;MT=Fixed	NT=TMT6plex;AC=UNIMOD:737;PP=Any N-term;MT=Fixed	NT=Oxidation;AC=UNIMOD:35;TA=M;MT=Variable	NT=Acetyl;AC=UNIMOD:1;PP=Protein N-term;MT=Variable	NT=Met-loss;AC=UNIMOD:765;TA=M;PP=Protein N-term;MT=Variable	eIF6
eIF6 3	Mus musculus	bone marrow	leukemia cell	3	acute myeloid leukemia	adult	C57BL/6J	eIF6	220708_eif6_TMT10_F07_of_08_R2-TMT130N	proteomic profiling by mass spectrometry	2	220708_eif6_TMT10_F07_of_08_R2.raw	v1.1.0	NT=ms-proteomics;VV=v1.1.0	NT=vertebrates;VV=v1.1.0	manual curation	NT=Data-dependent acquisition;AC=PRIDE:0000627	NT=Orbitrap Exploris 480;AC=MS:1003028	NT=Trypsin;AC=MS:1001251	TMT130N	7	NT=beam-type collision-induced dissociation;AC=MS:1000422	35% NCE	10 ppm	0.02 Da	NT=Carbamidomethyl;AC=UNIMOD:4;TA=C;MT=Fixed	NT=TMT6plex;AC=UNIMOD:737;TA=K;MT=Fixed	NT=TMT6plex;AC=UNIMOD:737;PP=Any N-term;MT=Fixed	NT=Oxidation;AC=UNIMOD:35;TA=M;MT=Variable	NT=Acetyl;AC=UNIMOD:1;PP=Protein N-term;MT=Variable	NT=Met-loss;AC=UNIMOD:765;TA=M;PP=Protein N-term;MT=Variable	eIF6
eIF6 3	Mus musculus	bone marrow	leukemia cell	3	acute myeloid leukemia	adult	C57BL/6J	eIF6	220708_eif6_TMT10_F08_of_08_R2-TMT130N	proteomic profiling by mass spectrometry	2	220708_eif6_TMT10_F08_of_08_R2.raw	v1.1.0	NT=ms-proteomics;VV=v1.1.0	NT=vertebrates;VV=v1.1.0	manual curation	NT=Data-dependent acquisition;AC=PRIDE:0000627	NT=Orbitrap Exploris 480;AC=MS:1003028	NT=Trypsin;AC=MS:1001251	TMT130N	8	NT=beam-type collision-induced dissociation;AC=MS:1000422	35% NCE	10 ppm	0.02 Da	NT=Carbamidomethyl;AC=UNIMOD:4;TA=C;MT=Fixed	NT=TMT6plex;AC=UNIMOD:737;TA=K;MT=Fixed	NT=TMT6plex;AC=UNIMOD:737;PP=Any N-term;MT=Fixed	NT=Oxidation;AC=UNIMOD:35;TA=M;MT=Variable	NT=Acetyl;AC=UNIMOD:1;PP=Protein N-term;MT=Variable	NT=Met-loss;AC=UNIMOD:765;TA=M;PP=Protein N-term;MT=Variable	eIF6
eIF6 4	Mus musculus	bone marrow	leukemia cell	4	acute myeloid leukemia	adult	C57BL/6J	eIF6	220708_eif6_TMT10_F01_of_08_R2-TMT130C	proteomic profiling by mass spectrometry	2	220708_eif6_TMT10_F01_of_08_R2.raw	v1.1.0	NT=ms-proteomics;VV=v1.1.0	NT=vertebrates;VV=v1.1.0	manual curation	NT=Data-dependent acquisition;AC=PRIDE:0000627	NT=Orbitrap Exploris 480;AC=MS:1003028	NT=Trypsin;AC=MS:1001251	TMT130C	1	NT=beam-type collision-induced dissociation;AC=MS:1000422	35% NCE	10 ppm	0.02 Da	NT=Carbamidomethyl;AC=UNIMOD:4;TA=C;MT=Fixed	NT=TMT6plex;AC=UNIMOD:737;TA=K;MT=Fixed	NT=TMT6plex;AC=UNIMOD:737;PP=Any N-term;MT=Fixed	NT=Oxidation;AC=UNIMOD:35;TA=M;MT=Variable	NT=Acetyl;AC=UNIMOD:1;PP=Protein N-term;MT=Variable	NT=Met-loss;AC=UNIMOD:765;TA=M;PP=Protein N-term;MT=Variable	eIF6
eIF6 4	Mus musculus	bone marrow	leukemia cell	4	acute myeloid leukemia	adult	C57BL/6J	eIF6	220708_eif6_TMT10_F02_of_08_R2-TMT130C	proteomic profiling by mass spectrometry	2	220708_eif6_TMT10_F02_of_08_R2.raw	v1.1.0	NT=ms-proteomics;VV=v1.1.0	NT=vertebrates;VV=v1.1.0	manual curation	NT=Data-dependent acquisition;AC=PRIDE:0000627	NT=Orbitrap Exploris 480;AC=MS:1003028	NT=Trypsin;AC=MS:1001251	TMT130C	2	NT=beam-type collision-induced dissociation;AC=MS:1000422	35% NCE	10 ppm	0.02 Da	NT=Carbamidomethyl;AC=UNIMOD:4;TA=C;MT=Fixed	NT=TMT6plex;AC=UNIMOD:737;TA=K;MT=Fixed	NT=TMT6plex;AC=UNIMOD:737;PP=Any N-term;MT=Fixed	NT=Oxidation;AC=UNIMOD:35;TA=M;MT=Variable	NT=Acetyl;AC=UNIMOD:1;PP=Protein N-term;MT=Variable	NT=Met-loss;AC=UNIMOD:765;TA=M;PP=Protein N-term;MT=Variable	eIF6
eIF6 4	Mus musculus	bone marrow	leukemia cell	4	acute myeloid leukemia	adult	C57BL/6J	eIF6	220708_eif6_TMT10_F03_of_08_R2-TMT130C	proteomic profiling by mass spectrometry	2	220708_eif6_TMT10_F03_of_08_R2.raw	v1.1.0	NT=ms-proteomics;VV=v1.1.0	NT=vertebrates;VV=v1.1.0	manual curation	NT=Data-dependent acquisition;AC=PRIDE:0000627	NT=Orbitrap Exploris 480;AC=MS:1003028	NT=Trypsin;AC=MS:1001251	TMT130C	3	NT=beam-type collision-induced dissociation;AC=MS:1000422	35% NCE	10 ppm	0.02 Da	NT=Carbamidomethyl;AC=UNIMOD:4;TA=C;MT=Fixed	NT=TMT6plex;AC=UNIMOD:737;TA=K;MT=Fixed	NT=TMT6plex;AC=UNIMOD:737;PP=Any N-term;MT=Fixed	NT=Oxidation;AC=UNIMOD:35;TA=M;MT=Variable	NT=Acetyl;AC=UNIMOD:1;PP=Protein N-term;MT=Variable	NT=Met-loss;AC=UNIMOD:765;TA=M;PP=Protein N-term;MT=Variable	eIF6
eIF6 4	Mus musculus	bone marrow	leukemia cell	4	acute myeloid leukemia	adult	C57BL/6J	eIF6	220708_eif6_TMT10_F04_of_08_R2-TMT130C	proteomic profiling by mass spectrometry	2	220708_eif6_TMT10_F04_of_08_R2.raw	v1.1.0	NT=ms-proteomics;VV=v1.1.0	NT=vertebrates;VV=v1.1.0	manual curation	NT=Data-dependent acquisition;AC=PRIDE:0000627	NT=Orbitrap Exploris 480;AC=MS:1003028	NT=Trypsin;AC=MS:1001251	TMT130C	4	NT=beam-type collision-induced dissociation;AC=MS:1000422	35% NCE	10 ppm	0.02 Da	NT=Carbamidomethyl;AC=UNIMOD:4;TA=C;MT=Fixed	NT=TMT6plex;AC=UNIMOD:737;TA=K;MT=Fixed	NT=TMT6plex;AC=UNIMOD:737;PP=Any N-term;MT=Fixed	NT=Oxidation;AC=UNIMOD:35;TA=M;MT=Variable	NT=Acetyl;AC=UNIMOD:1;PP=Protein N-term;MT=Variable	NT=Met-loss;AC=UNIMOD:765;TA=M;PP=Protein N-term;MT=Variable	eIF6
eIF6 4	Mus musculus	bone marrow	leukemia cell	4	acute myeloid leukemia	adult	C57BL/6J	eIF6	220708_eif6_TMT10_F05_of_08_R2-TMT130C	proteomic profiling by mass spectrometry	2	220708_eif6_TMT10_F05_of_08_R2.raw	v1.1.0	NT=ms-proteomics;VV=v1.1.0	NT=vertebrates;VV=v1.1.0	manual curation	NT=Data-dependent acquisition;AC=PRIDE:0000627	NT=Orbitrap Exploris 480;AC=MS:1003028	NT=Trypsin;AC=MS:1001251	TMT130C	5	NT=beam-type collision-induced dissociation;AC=MS:1000422	35% NCE	10 ppm	0.02 Da	NT=Carbamidomethyl;AC=UNIMOD:4;TA=C;MT=Fixed	NT=TMT6plex;AC=UNIMOD:737;TA=K;MT=Fixed	NT=TMT6plex;AC=UNIMOD:737;PP=Any N-term;MT=Fixed	NT=Oxidation;AC=UNIMOD:35;TA=M;MT=Variable	NT=Acetyl;AC=UNIMOD:1;PP=Protein N-term;MT=Variable	NT=Met-loss;AC=UNIMOD:765;TA=M;PP=Protein N-term;MT=Variable	eIF6
eIF6 4	Mus musculus	bone marrow	leukemia cell	4	acute myeloid leukemia	adult	C57BL/6J	eIF6	220708_eif6_TMT10_F06_of_08_R2-TMT130C	proteomic profiling by mass spectrometry	2	220708_eif6_TMT10_F06_of_08_R2.raw	v1.1.0	NT=ms-proteomics;VV=v1.1.0	NT=vertebrates;VV=v1.1.0	manual curation	NT=Data-dependent acquisition;AC=PRIDE:0000627	NT=Orbitrap Exploris 480;AC=MS:1003028	NT=Trypsin;AC=MS:1001251	TMT130C	6	NT=beam-type collision-induced dissociation;AC=MS:1000422	35% NCE	10 ppm	0.02 Da	NT=Carbamidomethyl;AC=UNIMOD:4;TA=C;MT=Fixed	NT=TMT6plex;AC=UNIMOD:737;TA=K;MT=Fixed	NT=TMT6plex;AC=UNIMOD:737;PP=Any N-term;MT=Fixed	NT=Oxidation;AC=UNIMOD:35;TA=M;MT=Variable	NT=Acetyl;AC=UNIMOD:1;PP=Protein N-term;MT=Variable	NT=Met-loss;AC=UNIMOD:765;TA=M;PP=Protein N-term;MT=Variable	eIF6
eIF6 4	Mus musculus	bone marrow	leukemia cell	4	acute myeloid leukemia	adult	C57BL/6J	eIF6	220708_eif6_TMT10_F07_of_08_R2-TMT130C	proteomic profiling by mass spectrometry	2	220708_eif6_TMT10_F07_of_08_R2.raw	v1.1.0	NT=ms-proteomics;VV=v1.1.0	NT=vertebrates;VV=v1.1.0	manual curation	NT=Data-dependent acquisition;AC=PRIDE:0000627	NT=Orbitrap Exploris 480;AC=MS:1003028	NT=Trypsin;AC=MS:1001251	TMT130C	7	NT=beam-type collision-induced dissociation;AC=MS:1000422	35% NCE	10 ppm	0.02 Da	NT=Carbamidomethyl;AC=UNIMOD:4;TA=C;MT=Fixed	NT=TMT6plex;AC=UNIMOD:737;TA=K;MT=Fixed	NT=TMT6plex;AC=UNIMOD:737;PP=Any N-term;MT=Fixed	NT=Oxidation;AC=UNIMOD:35;TA=M;MT=Variable	NT=Acetyl;AC=UNIMOD:1;PP=Protein N-term;MT=Variable	NT=Met-loss;AC=UNIMOD:765;TA=M;PP=Protein N-term;MT=Variable	eIF6
eIF6 4	Mus musculus	bone marrow	leukemia cell	4	acute myeloid leukemia	adult	C57BL/6J	eIF6	220708_eif6_TMT10_F08_of_08_R2-TMT130C	proteomic profiling by mass spectrometry	2	220708_eif6_TMT10_F08_of_08_R2.raw	v1.1.0	NT=ms-proteomics;VV=v1.1.0	NT=vertebrates;VV=v1.1.0	manual curation	NT=Data-dependent acquisition;AC=PRIDE:0000627	NT=Orbitrap Exploris 480;AC=MS:1003028	NT=Trypsin;AC=MS:1001251	TMT130C	8	NT=beam-type collision-induced dissociation;AC=MS:1000422	35% NCE	10 ppm	0.02 Da	NT=Carbamidomethyl;AC=UNIMOD:4;TA=C;MT=Fixed	NT=TMT6plex;AC=UNIMOD:737;TA=K;MT=Fixed	NT=TMT6plex;AC=UNIMOD:737;PP=Any N-term;MT=Fixed	NT=Oxidation;AC=UNIMOD:35;TA=M;MT=Variable	NT=Acetyl;AC=UNIMOD:1;PP=Protein N-term;MT=Variable	NT=Met-loss;AC=UNIMOD:765;TA=M;PP=Protein N-term;MT=Variable	eIF6
