source name	characteristics[organism]	characteristics[organism part]	characteristics[cell line]	characteristics[biological replicate]	assay name	technology type	comment[proteomics data acquisition method]	comment[instrument]	comment[label]	comment[cleavage agent details]	comment[cleavage agent details]	comment[modification parameters]	comment[fraction identifier]	comment[technical replicate]	comment[data file]	comment[sdrf version]	comment[sdrf template]	comment[sdrf template]	comment[sdrf annotation tool]	factor value[treatment]	factor value[quantification method]
NXT629_1	Homo sapiens	cell culture	hepatocyte spheroid	1	Frac22_TMT126	proteomic profiling by mass spectrometry	NT=Data-dependent acquisition;AC=PRIDE:0000627	NT=Q Exactive HF;AC=MS:1002523	TMT126	NT=Lys-C;AC=MS:1001309	NT=Trypsin;AC=MS:1001251	NT=Carbamidomethyl;AC=UNIMOD:4;TA=C;MT=Fixed	22	1	Frac22.raw	v1.1.0	NT=ms-proteomics;VV=v1.1.0	NT=human;VV=v1.1.0	manual curation	NXT629	TMTpro 16plex
MK886_1	Homo sapiens	cell culture	hepatocyte spheroid	1	Frac22_TMT127N	proteomic profiling by mass spectrometry	NT=Data-dependent acquisition;AC=PRIDE:0000627	NT=Q Exactive HF;AC=MS:1002523	TMT127N	NT=Lys-C;AC=MS:1001309	NT=Trypsin;AC=MS:1001251	NT=Carbamidomethyl;AC=UNIMOD:4;TA=C;MT=Fixed	22	1	Frac22.raw	v1.1.0	NT=ms-proteomics;VV=v1.1.0	NT=human;VV=v1.1.0	manual curation	MK886	TMTpro 16plex
NXT629_2	Homo sapiens	cell culture	hepatocyte spheroid	2	Frac22_TMT127C	proteomic profiling by mass spectrometry	NT=Data-dependent acquisition;AC=PRIDE:0000627	NT=Q Exactive HF;AC=MS:1002523	TMT127C	NT=Lys-C;AC=MS:1001309	NT=Trypsin;AC=MS:1001251	NT=Carbamidomethyl;AC=UNIMOD:4;TA=C;MT=Fixed	22	1	Frac22.raw	v1.1.0	NT=ms-proteomics;VV=v1.1.0	NT=human;VV=v1.1.0	manual curation	NXT629	TMTpro 16plex
MK886_2	Homo sapiens	cell culture	hepatocyte spheroid	2	Frac22_TMT128N	proteomic profiling by mass spectrometry	NT=Data-dependent acquisition;AC=PRIDE:0000627	NT=Q Exactive HF;AC=MS:1002523	TMT128N	NT=Lys-C;AC=MS:1001309	NT=Trypsin;AC=MS:1001251	NT=Carbamidomethyl;AC=UNIMOD:4;TA=C;MT=Fixed	22	1	Frac22.raw	v1.1.0	NT=ms-proteomics;VV=v1.1.0	NT=human;VV=v1.1.0	manual curation	MK886	TMTpro 16plex
DMSO_1	Homo sapiens	cell culture	hepatocyte spheroid	1	Frac22_TMT128C	proteomic profiling by mass spectrometry	NT=Data-dependent acquisition;AC=PRIDE:0000627	NT=Q Exactive HF;AC=MS:1002523	TMT128C	NT=Lys-C;AC=MS:1001309	NT=Trypsin;AC=MS:1001251	NT=Carbamidomethyl;AC=UNIMOD:4;TA=C;MT=Fixed	22	1	Frac22.raw	v1.1.0	NT=ms-proteomics;VV=v1.1.0	NT=human;VV=v1.1.0	manual curation	DMSO	TMTpro 16plex
GW6471_1	Homo sapiens	cell culture	hepatocyte spheroid	1	Frac22_TMT129N	proteomic profiling by mass spectrometry	NT=Data-dependent acquisition;AC=PRIDE:0000627	NT=Q Exactive HF;AC=MS:1002523	TMT129N	NT=Lys-C;AC=MS:1001309	NT=Trypsin;AC=MS:1001251	NT=Carbamidomethyl;AC=UNIMOD:4;TA=C;MT=Fixed	22	1	Frac22.raw	v1.1.0	NT=ms-proteomics;VV=v1.1.0	NT=human;VV=v1.1.0	manual curation	GW6471	TMTpro 16plex
DMSO_2	Homo sapiens	cell culture	hepatocyte spheroid	2	Frac22_TMT129C	proteomic profiling by mass spectrometry	NT=Data-dependent acquisition;AC=PRIDE:0000627	NT=Q Exactive HF;AC=MS:1002523	TMT129C	NT=Lys-C;AC=MS:1001309	NT=Trypsin;AC=MS:1001251	NT=Carbamidomethyl;AC=UNIMOD:4;TA=C;MT=Fixed	22	1	Frac22.raw	v1.1.0	NT=ms-proteomics;VV=v1.1.0	NT=human;VV=v1.1.0	manual curation	DMSO	TMTpro 16plex
GW6471_2	Homo sapiens	cell culture	hepatocyte spheroid	2	Frac22_TMT130N	proteomic profiling by mass spectrometry	NT=Data-dependent acquisition;AC=PRIDE:0000627	NT=Q Exactive HF;AC=MS:1002523	TMT130N	NT=Lys-C;AC=MS:1001309	NT=Trypsin;AC=MS:1001251	NT=Carbamidomethyl;AC=UNIMOD:4;TA=C;MT=Fixed	22	1	Frac22.raw	v1.1.0	NT=ms-proteomics;VV=v1.1.0	NT=human;VV=v1.1.0	manual curation	GW6471	TMTpro 16plex
NXT629_3	Homo sapiens	cell culture	hepatocyte spheroid	3	Frac22_TMT130C	proteomic profiling by mass spectrometry	NT=Data-dependent acquisition;AC=PRIDE:0000627	NT=Q Exactive HF;AC=MS:1002523	TMT130C	NT=Lys-C;AC=MS:1001309	NT=Trypsin;AC=MS:1001251	NT=Carbamidomethyl;AC=UNIMOD:4;TA=C;MT=Fixed	22	1	Frac22.raw	v1.1.0	NT=ms-proteomics;VV=v1.1.0	NT=human;VV=v1.1.0	manual curation	NXT629	TMTpro 16plex
DMSO_3	Homo sapiens	cell culture	hepatocyte spheroid	3	Frac22_TMT131N	proteomic profiling by mass spectrometry	NT=Data-dependent acquisition;AC=PRIDE:0000627	NT=Q Exactive HF;AC=MS:1002523	TMT131N	NT=Lys-C;AC=MS:1001309	NT=Trypsin;AC=MS:1001251	NT=Carbamidomethyl;AC=UNIMOD:4;TA=C;MT=Fixed	22	1	Frac22.raw	v1.1.0	NT=ms-proteomics;VV=v1.1.0	NT=human;VV=v1.1.0	manual curation	DMSO	TMTpro 16plex
NXT629_4	Homo sapiens	cell culture	hepatocyte spheroid	4	Frac22_TMT131C	proteomic profiling by mass spectrometry	NT=Data-dependent acquisition;AC=PRIDE:0000627	NT=Q Exactive HF;AC=MS:1002523	TMT131C	NT=Lys-C;AC=MS:1001309	NT=Trypsin;AC=MS:1001251	NT=Carbamidomethyl;AC=UNIMOD:4;TA=C;MT=Fixed	22	1	Frac22.raw	v1.1.0	NT=ms-proteomics;VV=v1.1.0	NT=human;VV=v1.1.0	manual curation	NXT629	TMTpro 16plex
DMSO_4	Homo sapiens	cell culture	hepatocyte spheroid	4	Frac22_TMT132N	proteomic profiling by mass spectrometry	NT=Data-dependent acquisition;AC=PRIDE:0000627	NT=Q Exactive HF;AC=MS:1002523	TMT132N	NT=Lys-C;AC=MS:1001309	NT=Trypsin;AC=MS:1001251	NT=Carbamidomethyl;AC=UNIMOD:4;TA=C;MT=Fixed	22	1	Frac22.raw	v1.1.0	NT=ms-proteomics;VV=v1.1.0	NT=human;VV=v1.1.0	manual curation	DMSO	TMTpro 16plex
MK886_3	Homo sapiens	cell culture	hepatocyte spheroid	3	Frac22_TMT132C	proteomic profiling by mass spectrometry	NT=Data-dependent acquisition;AC=PRIDE:0000627	NT=Q Exactive HF;AC=MS:1002523	TMT132C	NT=Lys-C;AC=MS:1001309	NT=Trypsin;AC=MS:1001251	NT=Carbamidomethyl;AC=UNIMOD:4;TA=C;MT=Fixed	22	1	Frac22.raw	v1.1.0	NT=ms-proteomics;VV=v1.1.0	NT=human;VV=v1.1.0	manual curation	MK886	TMTpro 16plex
GW6471_3	Homo sapiens	cell culture	hepatocyte spheroid	3	Frac22_TMT133N	proteomic profiling by mass spectrometry	NT=Data-dependent acquisition;AC=PRIDE:0000627	NT=Q Exactive HF;AC=MS:1002523	TMT133N	NT=Lys-C;AC=MS:1001309	NT=Trypsin;AC=MS:1001251	NT=Carbamidomethyl;AC=UNIMOD:4;TA=C;MT=Fixed	22	1	Frac22.raw	v1.1.0	NT=ms-proteomics;VV=v1.1.0	NT=human;VV=v1.1.0	manual curation	GW6471	TMTpro 16plex
MK886_4	Homo sapiens	cell culture	hepatocyte spheroid	4	Frac22_TMT133C	proteomic profiling by mass spectrometry	NT=Data-dependent acquisition;AC=PRIDE:0000627	NT=Q Exactive HF;AC=MS:1002523	TMT133C	NT=Lys-C;AC=MS:1001309	NT=Trypsin;AC=MS:1001251	NT=Carbamidomethyl;AC=UNIMOD:4;TA=C;MT=Fixed	22	1	Frac22.raw	v1.1.0	NT=ms-proteomics;VV=v1.1.0	NT=human;VV=v1.1.0	manual curation	MK886	TMTpro 16plex
GW6471_4	Homo sapiens	cell culture	hepatocyte spheroid	4	Frac22_TMT134N	proteomic profiling by mass spectrometry	NT=Data-dependent acquisition;AC=PRIDE:0000627	NT=Q Exactive HF;AC=MS:1002523	TMT134N	NT=Lys-C;AC=MS:1001309	NT=Trypsin;AC=MS:1001251	NT=Carbamidomethyl;AC=UNIMOD:4;TA=C;MT=Fixed	22	1	Frac22.raw	v1.1.0	NT=ms-proteomics;VV=v1.1.0	NT=human;VV=v1.1.0	manual curation	GW6471	TMTpro 16plex
NXT629_1	Homo sapiens	cell culture	hepatocyte spheroid	1	Frac3_20210713223604_TMT126	proteomic profiling by mass spectrometry	NT=Data-dependent acquisition;AC=PRIDE:0000627	NT=Q Exactive HF;AC=MS:1002523	TMT126	NT=Lys-C;AC=MS:1001309	NT=Trypsin;AC=MS:1001251	NT=Carbamidomethyl;AC=UNIMOD:4;TA=C;MT=Fixed	3	1	Frac3_20210713223604.raw	v1.1.0	NT=ms-proteomics;VV=v1.1.0	NT=human;VV=v1.1.0	manual curation	NXT629	TMTpro 16plex
MK886_1	Homo sapiens	cell culture	hepatocyte spheroid	1	Frac3_20210713223604_TMT127N	proteomic profiling by mass spectrometry	NT=Data-dependent acquisition;AC=PRIDE:0000627	NT=Q Exactive HF;AC=MS:1002523	TMT127N	NT=Lys-C;AC=MS:1001309	NT=Trypsin;AC=MS:1001251	NT=Carbamidomethyl;AC=UNIMOD:4;TA=C;MT=Fixed	3	1	Frac3_20210713223604.raw	v1.1.0	NT=ms-proteomics;VV=v1.1.0	NT=human;VV=v1.1.0	manual curation	MK886	TMTpro 16plex
NXT629_2	Homo sapiens	cell culture	hepatocyte spheroid	2	Frac3_20210713223604_TMT127C	proteomic profiling by mass spectrometry	NT=Data-dependent acquisition;AC=PRIDE:0000627	NT=Q Exactive HF;AC=MS:1002523	TMT127C	NT=Lys-C;AC=MS:1001309	NT=Trypsin;AC=MS:1001251	NT=Carbamidomethyl;AC=UNIMOD:4;TA=C;MT=Fixed	3	1	Frac3_20210713223604.raw	v1.1.0	NT=ms-proteomics;VV=v1.1.0	NT=human;VV=v1.1.0	manual curation	NXT629	TMTpro 16plex
MK886_2	Homo sapiens	cell culture	hepatocyte spheroid	2	Frac3_20210713223604_TMT128N	proteomic profiling by mass spectrometry	NT=Data-dependent acquisition;AC=PRIDE:0000627	NT=Q Exactive HF;AC=MS:1002523	TMT128N	NT=Lys-C;AC=MS:1001309	NT=Trypsin;AC=MS:1001251	NT=Carbamidomethyl;AC=UNIMOD:4;TA=C;MT=Fixed	3	1	Frac3_20210713223604.raw	v1.1.0	NT=ms-proteomics;VV=v1.1.0	NT=human;VV=v1.1.0	manual curation	MK886	TMTpro 16plex
DMSO_1	Homo sapiens	cell culture	hepatocyte spheroid	1	Frac3_20210713223604_TMT128C	proteomic profiling by mass spectrometry	NT=Data-dependent acquisition;AC=PRIDE:0000627	NT=Q Exactive HF;AC=MS:1002523	TMT128C	NT=Lys-C;AC=MS:1001309	NT=Trypsin;AC=MS:1001251	NT=Carbamidomethyl;AC=UNIMOD:4;TA=C;MT=Fixed	3	1	Frac3_20210713223604.raw	v1.1.0	NT=ms-proteomics;VV=v1.1.0	NT=human;VV=v1.1.0	manual curation	DMSO	TMTpro 16plex
GW6471_1	Homo sapiens	cell culture	hepatocyte spheroid	1	Frac3_20210713223604_TMT129N	proteomic profiling by mass spectrometry	NT=Data-dependent acquisition;AC=PRIDE:0000627	NT=Q Exactive HF;AC=MS:1002523	TMT129N	NT=Lys-C;AC=MS:1001309	NT=Trypsin;AC=MS:1001251	NT=Carbamidomethyl;AC=UNIMOD:4;TA=C;MT=Fixed	3	1	Frac3_20210713223604.raw	v1.1.0	NT=ms-proteomics;VV=v1.1.0	NT=human;VV=v1.1.0	manual curation	GW6471	TMTpro 16plex
DMSO_2	Homo sapiens	cell culture	hepatocyte spheroid	2	Frac3_20210713223604_TMT129C	proteomic profiling by mass spectrometry	NT=Data-dependent acquisition;AC=PRIDE:0000627	NT=Q Exactive HF;AC=MS:1002523	TMT129C	NT=Lys-C;AC=MS:1001309	NT=Trypsin;AC=MS:1001251	NT=Carbamidomethyl;AC=UNIMOD:4;TA=C;MT=Fixed	3	1	Frac3_20210713223604.raw	v1.1.0	NT=ms-proteomics;VV=v1.1.0	NT=human;VV=v1.1.0	manual curation	DMSO	TMTpro 16plex
GW6471_2	Homo sapiens	cell culture	hepatocyte spheroid	2	Frac3_20210713223604_TMT130N	proteomic profiling by mass spectrometry	NT=Data-dependent acquisition;AC=PRIDE:0000627	NT=Q Exactive HF;AC=MS:1002523	TMT130N	NT=Lys-C;AC=MS:1001309	NT=Trypsin;AC=MS:1001251	NT=Carbamidomethyl;AC=UNIMOD:4;TA=C;MT=Fixed	3	1	Frac3_20210713223604.raw	v1.1.0	NT=ms-proteomics;VV=v1.1.0	NT=human;VV=v1.1.0	manual curation	GW6471	TMTpro 16plex
NXT629_3	Homo sapiens	cell culture	hepatocyte spheroid	3	Frac3_20210713223604_TMT130C	proteomic profiling by mass spectrometry	NT=Data-dependent acquisition;AC=PRIDE:0000627	NT=Q Exactive HF;AC=MS:1002523	TMT130C	NT=Lys-C;AC=MS:1001309	NT=Trypsin;AC=MS:1001251	NT=Carbamidomethyl;AC=UNIMOD:4;TA=C;MT=Fixed	3	1	Frac3_20210713223604.raw	v1.1.0	NT=ms-proteomics;VV=v1.1.0	NT=human;VV=v1.1.0	manual curation	NXT629	TMTpro 16plex
DMSO_3	Homo sapiens	cell culture	hepatocyte spheroid	3	Frac3_20210713223604_TMT131N	proteomic profiling by mass spectrometry	NT=Data-dependent acquisition;AC=PRIDE:0000627	NT=Q Exactive HF;AC=MS:1002523	TMT131N	NT=Lys-C;AC=MS:1001309	NT=Trypsin;AC=MS:1001251	NT=Carbamidomethyl;AC=UNIMOD:4;TA=C;MT=Fixed	3	1	Frac3_20210713223604.raw	v1.1.0	NT=ms-proteomics;VV=v1.1.0	NT=human;VV=v1.1.0	manual curation	DMSO	TMTpro 16plex
NXT629_4	Homo sapiens	cell culture	hepatocyte spheroid	4	Frac3_20210713223604_TMT131C	proteomic profiling by mass spectrometry	NT=Data-dependent acquisition;AC=PRIDE:0000627	NT=Q Exactive HF;AC=MS:1002523	TMT131C	NT=Lys-C;AC=MS:1001309	NT=Trypsin;AC=MS:1001251	NT=Carbamidomethyl;AC=UNIMOD:4;TA=C;MT=Fixed	3	1	Frac3_20210713223604.raw	v1.1.0	NT=ms-proteomics;VV=v1.1.0	NT=human;VV=v1.1.0	manual curation	NXT629	TMTpro 16plex
DMSO_4	Homo sapiens	cell culture	hepatocyte spheroid	4	Frac3_20210713223604_TMT132N	proteomic profiling by mass spectrometry	NT=Data-dependent acquisition;AC=PRIDE:0000627	NT=Q Exactive HF;AC=MS:1002523	TMT132N	NT=Lys-C;AC=MS:1001309	NT=Trypsin;AC=MS:1001251	NT=Carbamidomethyl;AC=UNIMOD:4;TA=C;MT=Fixed	3	1	Frac3_20210713223604.raw	v1.1.0	NT=ms-proteomics;VV=v1.1.0	NT=human;VV=v1.1.0	manual curation	DMSO	TMTpro 16plex
MK886_3	Homo sapiens	cell culture	hepatocyte spheroid	3	Frac3_20210713223604_TMT132C	proteomic profiling by mass spectrometry	NT=Data-dependent acquisition;AC=PRIDE:0000627	NT=Q Exactive HF;AC=MS:1002523	TMT132C	NT=Lys-C;AC=MS:1001309	NT=Trypsin;AC=MS:1001251	NT=Carbamidomethyl;AC=UNIMOD:4;TA=C;MT=Fixed	3	1	Frac3_20210713223604.raw	v1.1.0	NT=ms-proteomics;VV=v1.1.0	NT=human;VV=v1.1.0	manual curation	MK886	TMTpro 16plex
GW6471_3	Homo sapiens	cell culture	hepatocyte spheroid	3	Frac3_20210713223604_TMT133N	proteomic profiling by mass spectrometry	NT=Data-dependent acquisition;AC=PRIDE:0000627	NT=Q Exactive HF;AC=MS:1002523	TMT133N	NT=Lys-C;AC=MS:1001309	NT=Trypsin;AC=MS:1001251	NT=Carbamidomethyl;AC=UNIMOD:4;TA=C;MT=Fixed	3	1	Frac3_20210713223604.raw	v1.1.0	NT=ms-proteomics;VV=v1.1.0	NT=human;VV=v1.1.0	manual curation	GW6471	TMTpro 16plex
MK886_4	Homo sapiens	cell culture	hepatocyte spheroid	4	Frac3_20210713223604_TMT133C	proteomic profiling by mass spectrometry	NT=Data-dependent acquisition;AC=PRIDE:0000627	NT=Q Exactive HF;AC=MS:1002523	TMT133C	NT=Lys-C;AC=MS:1001309	NT=Trypsin;AC=MS:1001251	NT=Carbamidomethyl;AC=UNIMOD:4;TA=C;MT=Fixed	3	1	Frac3_20210713223604.raw	v1.1.0	NT=ms-proteomics;VV=v1.1.0	NT=human;VV=v1.1.0	manual curation	MK886	TMTpro 16plex
GW6471_4	Homo sapiens	cell culture	hepatocyte spheroid	4	Frac3_20210713223604_TMT134N	proteomic profiling by mass spectrometry	NT=Data-dependent acquisition;AC=PRIDE:0000627	NT=Q Exactive HF;AC=MS:1002523	TMT134N	NT=Lys-C;AC=MS:1001309	NT=Trypsin;AC=MS:1001251	NT=Carbamidomethyl;AC=UNIMOD:4;TA=C;MT=Fixed	3	1	Frac3_20210713223604.raw	v1.1.0	NT=ms-proteomics;VV=v1.1.0	NT=human;VV=v1.1.0	manual curation	GW6471	TMTpro 16plex
NXT629_1	Homo sapiens	cell culture	hepatocyte spheroid	1	Frac38_TMT126	proteomic profiling by mass spectrometry	NT=Data-dependent acquisition;AC=PRIDE:0000627	NT=Q Exactive HF;AC=MS:1002523	TMT126	NT=Lys-C;AC=MS:1001309	NT=Trypsin;AC=MS:1001251	NT=Carbamidomethyl;AC=UNIMOD:4;TA=C;MT=Fixed	38	1	Frac38.raw	v1.1.0	NT=ms-proteomics;VV=v1.1.0	NT=human;VV=v1.1.0	manual curation	NXT629	TMTpro 16plex
MK886_1	Homo sapiens	cell culture	hepatocyte spheroid	1	Frac38_TMT127N	proteomic profiling by mass spectrometry	NT=Data-dependent acquisition;AC=PRIDE:0000627	NT=Q Exactive HF;AC=MS:1002523	TMT127N	NT=Lys-C;AC=MS:1001309	NT=Trypsin;AC=MS:1001251	NT=Carbamidomethyl;AC=UNIMOD:4;TA=C;MT=Fixed	38	1	Frac38.raw	v1.1.0	NT=ms-proteomics;VV=v1.1.0	NT=human;VV=v1.1.0	manual curation	MK886	TMTpro 16plex
NXT629_2	Homo sapiens	cell culture	hepatocyte spheroid	2	Frac38_TMT127C	proteomic profiling by mass spectrometry	NT=Data-dependent acquisition;AC=PRIDE:0000627	NT=Q Exactive HF;AC=MS:1002523	TMT127C	NT=Lys-C;AC=MS:1001309	NT=Trypsin;AC=MS:1001251	NT=Carbamidomethyl;AC=UNIMOD:4;TA=C;MT=Fixed	38	1	Frac38.raw	v1.1.0	NT=ms-proteomics;VV=v1.1.0	NT=human;VV=v1.1.0	manual curation	NXT629	TMTpro 16plex
MK886_2	Homo sapiens	cell culture	hepatocyte spheroid	2	Frac38_TMT128N	proteomic profiling by mass spectrometry	NT=Data-dependent acquisition;AC=PRIDE:0000627	NT=Q Exactive HF;AC=MS:1002523	TMT128N	NT=Lys-C;AC=MS:1001309	NT=Trypsin;AC=MS:1001251	NT=Carbamidomethyl;AC=UNIMOD:4;TA=C;MT=Fixed	38	1	Frac38.raw	v1.1.0	NT=ms-proteomics;VV=v1.1.0	NT=human;VV=v1.1.0	manual curation	MK886	TMTpro 16plex
DMSO_1	Homo sapiens	cell culture	hepatocyte spheroid	1	Frac38_TMT128C	proteomic profiling by mass spectrometry	NT=Data-dependent acquisition;AC=PRIDE:0000627	NT=Q Exactive HF;AC=MS:1002523	TMT128C	NT=Lys-C;AC=MS:1001309	NT=Trypsin;AC=MS:1001251	NT=Carbamidomethyl;AC=UNIMOD:4;TA=C;MT=Fixed	38	1	Frac38.raw	v1.1.0	NT=ms-proteomics;VV=v1.1.0	NT=human;VV=v1.1.0	manual curation	DMSO	TMTpro 16plex
GW6471_1	Homo sapiens	cell culture	hepatocyte spheroid	1	Frac38_TMT129N	proteomic profiling by mass spectrometry	NT=Data-dependent acquisition;AC=PRIDE:0000627	NT=Q Exactive HF;AC=MS:1002523	TMT129N	NT=Lys-C;AC=MS:1001309	NT=Trypsin;AC=MS:1001251	NT=Carbamidomethyl;AC=UNIMOD:4;TA=C;MT=Fixed	38	1	Frac38.raw	v1.1.0	NT=ms-proteomics;VV=v1.1.0	NT=human;VV=v1.1.0	manual curation	GW6471	TMTpro 16plex
DMSO_2	Homo sapiens	cell culture	hepatocyte spheroid	2	Frac38_TMT129C	proteomic profiling by mass spectrometry	NT=Data-dependent acquisition;AC=PRIDE:0000627	NT=Q Exactive HF;AC=MS:1002523	TMT129C	NT=Lys-C;AC=MS:1001309	NT=Trypsin;AC=MS:1001251	NT=Carbamidomethyl;AC=UNIMOD:4;TA=C;MT=Fixed	38	1	Frac38.raw	v1.1.0	NT=ms-proteomics;VV=v1.1.0	NT=human;VV=v1.1.0	manual curation	DMSO	TMTpro 16plex
GW6471_2	Homo sapiens	cell culture	hepatocyte spheroid	2	Frac38_TMT130N	proteomic profiling by mass spectrometry	NT=Data-dependent acquisition;AC=PRIDE:0000627	NT=Q Exactive HF;AC=MS:1002523	TMT130N	NT=Lys-C;AC=MS:1001309	NT=Trypsin;AC=MS:1001251	NT=Carbamidomethyl;AC=UNIMOD:4;TA=C;MT=Fixed	38	1	Frac38.raw	v1.1.0	NT=ms-proteomics;VV=v1.1.0	NT=human;VV=v1.1.0	manual curation	GW6471	TMTpro 16plex
NXT629_3	Homo sapiens	cell culture	hepatocyte spheroid	3	Frac38_TMT130C	proteomic profiling by mass spectrometry	NT=Data-dependent acquisition;AC=PRIDE:0000627	NT=Q Exactive HF;AC=MS:1002523	TMT130C	NT=Lys-C;AC=MS:1001309	NT=Trypsin;AC=MS:1001251	NT=Carbamidomethyl;AC=UNIMOD:4;TA=C;MT=Fixed	38	1	Frac38.raw	v1.1.0	NT=ms-proteomics;VV=v1.1.0	NT=human;VV=v1.1.0	manual curation	NXT629	TMTpro 16plex
DMSO_3	Homo sapiens	cell culture	hepatocyte spheroid	3	Frac38_TMT131N	proteomic profiling by mass spectrometry	NT=Data-dependent acquisition;AC=PRIDE:0000627	NT=Q Exactive HF;AC=MS:1002523	TMT131N	NT=Lys-C;AC=MS:1001309	NT=Trypsin;AC=MS:1001251	NT=Carbamidomethyl;AC=UNIMOD:4;TA=C;MT=Fixed	38	1	Frac38.raw	v1.1.0	NT=ms-proteomics;VV=v1.1.0	NT=human;VV=v1.1.0	manual curation	DMSO	TMTpro 16plex
NXT629_4	Homo sapiens	cell culture	hepatocyte spheroid	4	Frac38_TMT131C	proteomic profiling by mass spectrometry	NT=Data-dependent acquisition;AC=PRIDE:0000627	NT=Q Exactive HF;AC=MS:1002523	TMT131C	NT=Lys-C;AC=MS:1001309	NT=Trypsin;AC=MS:1001251	NT=Carbamidomethyl;AC=UNIMOD:4;TA=C;MT=Fixed	38	1	Frac38.raw	v1.1.0	NT=ms-proteomics;VV=v1.1.0	NT=human;VV=v1.1.0	manual curation	NXT629	TMTpro 16plex
DMSO_4	Homo sapiens	cell culture	hepatocyte spheroid	4	Frac38_TMT132N	proteomic profiling by mass spectrometry	NT=Data-dependent acquisition;AC=PRIDE:0000627	NT=Q Exactive HF;AC=MS:1002523	TMT132N	NT=Lys-C;AC=MS:1001309	NT=Trypsin;AC=MS:1001251	NT=Carbamidomethyl;AC=UNIMOD:4;TA=C;MT=Fixed	38	1	Frac38.raw	v1.1.0	NT=ms-proteomics;VV=v1.1.0	NT=human;VV=v1.1.0	manual curation	DMSO	TMTpro 16plex
MK886_3	Homo sapiens	cell culture	hepatocyte spheroid	3	Frac38_TMT132C	proteomic profiling by mass spectrometry	NT=Data-dependent acquisition;AC=PRIDE:0000627	NT=Q Exactive HF;AC=MS:1002523	TMT132C	NT=Lys-C;AC=MS:1001309	NT=Trypsin;AC=MS:1001251	NT=Carbamidomethyl;AC=UNIMOD:4;TA=C;MT=Fixed	38	1	Frac38.raw	v1.1.0	NT=ms-proteomics;VV=v1.1.0	NT=human;VV=v1.1.0	manual curation	MK886	TMTpro 16plex
GW6471_3	Homo sapiens	cell culture	hepatocyte spheroid	3	Frac38_TMT133N	proteomic profiling by mass spectrometry	NT=Data-dependent acquisition;AC=PRIDE:0000627	NT=Q Exactive HF;AC=MS:1002523	TMT133N	NT=Lys-C;AC=MS:1001309	NT=Trypsin;AC=MS:1001251	NT=Carbamidomethyl;AC=UNIMOD:4;TA=C;MT=Fixed	38	1	Frac38.raw	v1.1.0	NT=ms-proteomics;VV=v1.1.0	NT=human;VV=v1.1.0	manual curation	GW6471	TMTpro 16plex
MK886_4	Homo sapiens	cell culture	hepatocyte spheroid	4	Frac38_TMT133C	proteomic profiling by mass spectrometry	NT=Data-dependent acquisition;AC=PRIDE:0000627	NT=Q Exactive HF;AC=MS:1002523	TMT133C	NT=Lys-C;AC=MS:1001309	NT=Trypsin;AC=MS:1001251	NT=Carbamidomethyl;AC=UNIMOD:4;TA=C;MT=Fixed	38	1	Frac38.raw	v1.1.0	NT=ms-proteomics;VV=v1.1.0	NT=human;VV=v1.1.0	manual curation	MK886	TMTpro 16plex
GW6471_4	Homo sapiens	cell culture	hepatocyte spheroid	4	Frac38_TMT134N	proteomic profiling by mass spectrometry	NT=Data-dependent acquisition;AC=PRIDE:0000627	NT=Q Exactive HF;AC=MS:1002523	TMT134N	NT=Lys-C;AC=MS:1001309	NT=Trypsin;AC=MS:1001251	NT=Carbamidomethyl;AC=UNIMOD:4;TA=C;MT=Fixed	38	1	Frac38.raw	v1.1.0	NT=ms-proteomics;VV=v1.1.0	NT=human;VV=v1.1.0	manual curation	GW6471	TMTpro 16plex
NXT629_1	Homo sapiens	cell culture	hepatocyte spheroid	1	Frac48_TMT126	proteomic profiling by mass spectrometry	NT=Data-dependent acquisition;AC=PRIDE:0000627	NT=Q Exactive HF;AC=MS:1002523	TMT126	NT=Lys-C;AC=MS:1001309	NT=Trypsin;AC=MS:1001251	NT=Carbamidomethyl;AC=UNIMOD:4;TA=C;MT=Fixed	48	1	Frac48.raw	v1.1.0	NT=ms-proteomics;VV=v1.1.0	NT=human;VV=v1.1.0	manual curation	NXT629	TMTpro 16plex
MK886_1	Homo sapiens	cell culture	hepatocyte spheroid	1	Frac48_TMT127N	proteomic profiling by mass spectrometry	NT=Data-dependent acquisition;AC=PRIDE:0000627	NT=Q Exactive HF;AC=MS:1002523	TMT127N	NT=Lys-C;AC=MS:1001309	NT=Trypsin;AC=MS:1001251	NT=Carbamidomethyl;AC=UNIMOD:4;TA=C;MT=Fixed	48	1	Frac48.raw	v1.1.0	NT=ms-proteomics;VV=v1.1.0	NT=human;VV=v1.1.0	manual curation	MK886	TMTpro 16plex
NXT629_2	Homo sapiens	cell culture	hepatocyte spheroid	2	Frac48_TMT127C	proteomic profiling by mass spectrometry	NT=Data-dependent acquisition;AC=PRIDE:0000627	NT=Q Exactive HF;AC=MS:1002523	TMT127C	NT=Lys-C;AC=MS:1001309	NT=Trypsin;AC=MS:1001251	NT=Carbamidomethyl;AC=UNIMOD:4;TA=C;MT=Fixed	48	1	Frac48.raw	v1.1.0	NT=ms-proteomics;VV=v1.1.0	NT=human;VV=v1.1.0	manual curation	NXT629	TMTpro 16plex
MK886_2	Homo sapiens	cell culture	hepatocyte spheroid	2	Frac48_TMT128N	proteomic profiling by mass spectrometry	NT=Data-dependent acquisition;AC=PRIDE:0000627	NT=Q Exactive HF;AC=MS:1002523	TMT128N	NT=Lys-C;AC=MS:1001309	NT=Trypsin;AC=MS:1001251	NT=Carbamidomethyl;AC=UNIMOD:4;TA=C;MT=Fixed	48	1	Frac48.raw	v1.1.0	NT=ms-proteomics;VV=v1.1.0	NT=human;VV=v1.1.0	manual curation	MK886	TMTpro 16plex
DMSO_1	Homo sapiens	cell culture	hepatocyte spheroid	1	Frac48_TMT128C	proteomic profiling by mass spectrometry	NT=Data-dependent acquisition;AC=PRIDE:0000627	NT=Q Exactive HF;AC=MS:1002523	TMT128C	NT=Lys-C;AC=MS:1001309	NT=Trypsin;AC=MS:1001251	NT=Carbamidomethyl;AC=UNIMOD:4;TA=C;MT=Fixed	48	1	Frac48.raw	v1.1.0	NT=ms-proteomics;VV=v1.1.0	NT=human;VV=v1.1.0	manual curation	DMSO	TMTpro 16plex
GW6471_1	Homo sapiens	cell culture	hepatocyte spheroid	1	Frac48_TMT129N	proteomic profiling by mass spectrometry	NT=Data-dependent acquisition;AC=PRIDE:0000627	NT=Q Exactive HF;AC=MS:1002523	TMT129N	NT=Lys-C;AC=MS:1001309	NT=Trypsin;AC=MS:1001251	NT=Carbamidomethyl;AC=UNIMOD:4;TA=C;MT=Fixed	48	1	Frac48.raw	v1.1.0	NT=ms-proteomics;VV=v1.1.0	NT=human;VV=v1.1.0	manual curation	GW6471	TMTpro 16plex
DMSO_2	Homo sapiens	cell culture	hepatocyte spheroid	2	Frac48_TMT129C	proteomic profiling by mass spectrometry	NT=Data-dependent acquisition;AC=PRIDE:0000627	NT=Q Exactive HF;AC=MS:1002523	TMT129C	NT=Lys-C;AC=MS:1001309	NT=Trypsin;AC=MS:1001251	NT=Carbamidomethyl;AC=UNIMOD:4;TA=C;MT=Fixed	48	1	Frac48.raw	v1.1.0	NT=ms-proteomics;VV=v1.1.0	NT=human;VV=v1.1.0	manual curation	DMSO	TMTpro 16plex
GW6471_2	Homo sapiens	cell culture	hepatocyte spheroid	2	Frac48_TMT130N	proteomic profiling by mass spectrometry	NT=Data-dependent acquisition;AC=PRIDE:0000627	NT=Q Exactive HF;AC=MS:1002523	TMT130N	NT=Lys-C;AC=MS:1001309	NT=Trypsin;AC=MS:1001251	NT=Carbamidomethyl;AC=UNIMOD:4;TA=C;MT=Fixed	48	1	Frac48.raw	v1.1.0	NT=ms-proteomics;VV=v1.1.0	NT=human;VV=v1.1.0	manual curation	GW6471	TMTpro 16plex
NXT629_3	Homo sapiens	cell culture	hepatocyte spheroid	3	Frac48_TMT130C	proteomic profiling by mass spectrometry	NT=Data-dependent acquisition;AC=PRIDE:0000627	NT=Q Exactive HF;AC=MS:1002523	TMT130C	NT=Lys-C;AC=MS:1001309	NT=Trypsin;AC=MS:1001251	NT=Carbamidomethyl;AC=UNIMOD:4;TA=C;MT=Fixed	48	1	Frac48.raw	v1.1.0	NT=ms-proteomics;VV=v1.1.0	NT=human;VV=v1.1.0	manual curation	NXT629	TMTpro 16plex
DMSO_3	Homo sapiens	cell culture	hepatocyte spheroid	3	Frac48_TMT131N	proteomic profiling by mass spectrometry	NT=Data-dependent acquisition;AC=PRIDE:0000627	NT=Q Exactive HF;AC=MS:1002523	TMT131N	NT=Lys-C;AC=MS:1001309	NT=Trypsin;AC=MS:1001251	NT=Carbamidomethyl;AC=UNIMOD:4;TA=C;MT=Fixed	48	1	Frac48.raw	v1.1.0	NT=ms-proteomics;VV=v1.1.0	NT=human;VV=v1.1.0	manual curation	DMSO	TMTpro 16plex
NXT629_4	Homo sapiens	cell culture	hepatocyte spheroid	4	Frac48_TMT131C	proteomic profiling by mass spectrometry	NT=Data-dependent acquisition;AC=PRIDE:0000627	NT=Q Exactive HF;AC=MS:1002523	TMT131C	NT=Lys-C;AC=MS:1001309	NT=Trypsin;AC=MS:1001251	NT=Carbamidomethyl;AC=UNIMOD:4;TA=C;MT=Fixed	48	1	Frac48.raw	v1.1.0	NT=ms-proteomics;VV=v1.1.0	NT=human;VV=v1.1.0	manual curation	NXT629	TMTpro 16plex
DMSO_4	Homo sapiens	cell culture	hepatocyte spheroid	4	Frac48_TMT132N	proteomic profiling by mass spectrometry	NT=Data-dependent acquisition;AC=PRIDE:0000627	NT=Q Exactive HF;AC=MS:1002523	TMT132N	NT=Lys-C;AC=MS:1001309	NT=Trypsin;AC=MS:1001251	NT=Carbamidomethyl;AC=UNIMOD:4;TA=C;MT=Fixed	48	1	Frac48.raw	v1.1.0	NT=ms-proteomics;VV=v1.1.0	NT=human;VV=v1.1.0	manual curation	DMSO	TMTpro 16plex
MK886_3	Homo sapiens	cell culture	hepatocyte spheroid	3	Frac48_TMT132C	proteomic profiling by mass spectrometry	NT=Data-dependent acquisition;AC=PRIDE:0000627	NT=Q Exactive HF;AC=MS:1002523	TMT132C	NT=Lys-C;AC=MS:1001309	NT=Trypsin;AC=MS:1001251	NT=Carbamidomethyl;AC=UNIMOD:4;TA=C;MT=Fixed	48	1	Frac48.raw	v1.1.0	NT=ms-proteomics;VV=v1.1.0	NT=human;VV=v1.1.0	manual curation	MK886	TMTpro 16plex
GW6471_3	Homo sapiens	cell culture	hepatocyte spheroid	3	Frac48_TMT133N	proteomic profiling by mass spectrometry	NT=Data-dependent acquisition;AC=PRIDE:0000627	NT=Q Exactive HF;AC=MS:1002523	TMT133N	NT=Lys-C;AC=MS:1001309	NT=Trypsin;AC=MS:1001251	NT=Carbamidomethyl;AC=UNIMOD:4;TA=C;MT=Fixed	48	1	Frac48.raw	v1.1.0	NT=ms-proteomics;VV=v1.1.0	NT=human;VV=v1.1.0	manual curation	GW6471	TMTpro 16plex
MK886_4	Homo sapiens	cell culture	hepatocyte spheroid	4	Frac48_TMT133C	proteomic profiling by mass spectrometry	NT=Data-dependent acquisition;AC=PRIDE:0000627	NT=Q Exactive HF;AC=MS:1002523	TMT133C	NT=Lys-C;AC=MS:1001309	NT=Trypsin;AC=MS:1001251	NT=Carbamidomethyl;AC=UNIMOD:4;TA=C;MT=Fixed	48	1	Frac48.raw	v1.1.0	NT=ms-proteomics;VV=v1.1.0	NT=human;VV=v1.1.0	manual curation	MK886	TMTpro 16plex
GW6471_4	Homo sapiens	cell culture	hepatocyte spheroid	4	Frac48_TMT134N	proteomic profiling by mass spectrometry	NT=Data-dependent acquisition;AC=PRIDE:0000627	NT=Q Exactive HF;AC=MS:1002523	TMT134N	NT=Lys-C;AC=MS:1001309	NT=Trypsin;AC=MS:1001251	NT=Carbamidomethyl;AC=UNIMOD:4;TA=C;MT=Fixed	48	1	Frac48.raw	v1.1.0	NT=ms-proteomics;VV=v1.1.0	NT=human;VV=v1.1.0	manual curation	GW6471	TMTpro 16plex
NXT629_1	Homo sapiens	cell culture	hepatocyte spheroid	1	Frac7_TMT126	proteomic profiling by mass spectrometry	NT=Data-dependent acquisition;AC=PRIDE:0000627	NT=Q Exactive HF;AC=MS:1002523	TMT126	NT=Lys-C;AC=MS:1001309	NT=Trypsin;AC=MS:1001251	NT=Carbamidomethyl;AC=UNIMOD:4;TA=C;MT=Fixed	7	1	Frac7.raw	v1.1.0	NT=ms-proteomics;VV=v1.1.0	NT=human;VV=v1.1.0	manual curation	NXT629	TMTpro 16plex
MK886_1	Homo sapiens	cell culture	hepatocyte spheroid	1	Frac7_TMT127N	proteomic profiling by mass spectrometry	NT=Data-dependent acquisition;AC=PRIDE:0000627	NT=Q Exactive HF;AC=MS:1002523	TMT127N	NT=Lys-C;AC=MS:1001309	NT=Trypsin;AC=MS:1001251	NT=Carbamidomethyl;AC=UNIMOD:4;TA=C;MT=Fixed	7	1	Frac7.raw	v1.1.0	NT=ms-proteomics;VV=v1.1.0	NT=human;VV=v1.1.0	manual curation	MK886	TMTpro 16plex
NXT629_2	Homo sapiens	cell culture	hepatocyte spheroid	2	Frac7_TMT127C	proteomic profiling by mass spectrometry	NT=Data-dependent acquisition;AC=PRIDE:0000627	NT=Q Exactive HF;AC=MS:1002523	TMT127C	NT=Lys-C;AC=MS:1001309	NT=Trypsin;AC=MS:1001251	NT=Carbamidomethyl;AC=UNIMOD:4;TA=C;MT=Fixed	7	1	Frac7.raw	v1.1.0	NT=ms-proteomics;VV=v1.1.0	NT=human;VV=v1.1.0	manual curation	NXT629	TMTpro 16plex
MK886_2	Homo sapiens	cell culture	hepatocyte spheroid	2	Frac7_TMT128N	proteomic profiling by mass spectrometry	NT=Data-dependent acquisition;AC=PRIDE:0000627	NT=Q Exactive HF;AC=MS:1002523	TMT128N	NT=Lys-C;AC=MS:1001309	NT=Trypsin;AC=MS:1001251	NT=Carbamidomethyl;AC=UNIMOD:4;TA=C;MT=Fixed	7	1	Frac7.raw	v1.1.0	NT=ms-proteomics;VV=v1.1.0	NT=human;VV=v1.1.0	manual curation	MK886	TMTpro 16plex
DMSO_1	Homo sapiens	cell culture	hepatocyte spheroid	1	Frac7_TMT128C	proteomic profiling by mass spectrometry	NT=Data-dependent acquisition;AC=PRIDE:0000627	NT=Q Exactive HF;AC=MS:1002523	TMT128C	NT=Lys-C;AC=MS:1001309	NT=Trypsin;AC=MS:1001251	NT=Carbamidomethyl;AC=UNIMOD:4;TA=C;MT=Fixed	7	1	Frac7.raw	v1.1.0	NT=ms-proteomics;VV=v1.1.0	NT=human;VV=v1.1.0	manual curation	DMSO	TMTpro 16plex
GW6471_1	Homo sapiens	cell culture	hepatocyte spheroid	1	Frac7_TMT129N	proteomic profiling by mass spectrometry	NT=Data-dependent acquisition;AC=PRIDE:0000627	NT=Q Exactive HF;AC=MS:1002523	TMT129N	NT=Lys-C;AC=MS:1001309	NT=Trypsin;AC=MS:1001251	NT=Carbamidomethyl;AC=UNIMOD:4;TA=C;MT=Fixed	7	1	Frac7.raw	v1.1.0	NT=ms-proteomics;VV=v1.1.0	NT=human;VV=v1.1.0	manual curation	GW6471	TMTpro 16plex
DMSO_2	Homo sapiens	cell culture	hepatocyte spheroid	2	Frac7_TMT129C	proteomic profiling by mass spectrometry	NT=Data-dependent acquisition;AC=PRIDE:0000627	NT=Q Exactive HF;AC=MS:1002523	TMT129C	NT=Lys-C;AC=MS:1001309	NT=Trypsin;AC=MS:1001251	NT=Carbamidomethyl;AC=UNIMOD:4;TA=C;MT=Fixed	7	1	Frac7.raw	v1.1.0	NT=ms-proteomics;VV=v1.1.0	NT=human;VV=v1.1.0	manual curation	DMSO	TMTpro 16plex
GW6471_2	Homo sapiens	cell culture	hepatocyte spheroid	2	Frac7_TMT130N	proteomic profiling by mass spectrometry	NT=Data-dependent acquisition;AC=PRIDE:0000627	NT=Q Exactive HF;AC=MS:1002523	TMT130N	NT=Lys-C;AC=MS:1001309	NT=Trypsin;AC=MS:1001251	NT=Carbamidomethyl;AC=UNIMOD:4;TA=C;MT=Fixed	7	1	Frac7.raw	v1.1.0	NT=ms-proteomics;VV=v1.1.0	NT=human;VV=v1.1.0	manual curation	GW6471	TMTpro 16plex
NXT629_3	Homo sapiens	cell culture	hepatocyte spheroid	3	Frac7_TMT130C	proteomic profiling by mass spectrometry	NT=Data-dependent acquisition;AC=PRIDE:0000627	NT=Q Exactive HF;AC=MS:1002523	TMT130C	NT=Lys-C;AC=MS:1001309	NT=Trypsin;AC=MS:1001251	NT=Carbamidomethyl;AC=UNIMOD:4;TA=C;MT=Fixed	7	1	Frac7.raw	v1.1.0	NT=ms-proteomics;VV=v1.1.0	NT=human;VV=v1.1.0	manual curation	NXT629	TMTpro 16plex
DMSO_3	Homo sapiens	cell culture	hepatocyte spheroid	3	Frac7_TMT131N	proteomic profiling by mass spectrometry	NT=Data-dependent acquisition;AC=PRIDE:0000627	NT=Q Exactive HF;AC=MS:1002523	TMT131N	NT=Lys-C;AC=MS:1001309	NT=Trypsin;AC=MS:1001251	NT=Carbamidomethyl;AC=UNIMOD:4;TA=C;MT=Fixed	7	1	Frac7.raw	v1.1.0	NT=ms-proteomics;VV=v1.1.0	NT=human;VV=v1.1.0	manual curation	DMSO	TMTpro 16plex
NXT629_4	Homo sapiens	cell culture	hepatocyte spheroid	4	Frac7_TMT131C	proteomic profiling by mass spectrometry	NT=Data-dependent acquisition;AC=PRIDE:0000627	NT=Q Exactive HF;AC=MS:1002523	TMT131C	NT=Lys-C;AC=MS:1001309	NT=Trypsin;AC=MS:1001251	NT=Carbamidomethyl;AC=UNIMOD:4;TA=C;MT=Fixed	7	1	Frac7.raw	v1.1.0	NT=ms-proteomics;VV=v1.1.0	NT=human;VV=v1.1.0	manual curation	NXT629	TMTpro 16plex
DMSO_4	Homo sapiens	cell culture	hepatocyte spheroid	4	Frac7_TMT132N	proteomic profiling by mass spectrometry	NT=Data-dependent acquisition;AC=PRIDE:0000627	NT=Q Exactive HF;AC=MS:1002523	TMT132N	NT=Lys-C;AC=MS:1001309	NT=Trypsin;AC=MS:1001251	NT=Carbamidomethyl;AC=UNIMOD:4;TA=C;MT=Fixed	7	1	Frac7.raw	v1.1.0	NT=ms-proteomics;VV=v1.1.0	NT=human;VV=v1.1.0	manual curation	DMSO	TMTpro 16plex
MK886_3	Homo sapiens	cell culture	hepatocyte spheroid	3	Frac7_TMT132C	proteomic profiling by mass spectrometry	NT=Data-dependent acquisition;AC=PRIDE:0000627	NT=Q Exactive HF;AC=MS:1002523	TMT132C	NT=Lys-C;AC=MS:1001309	NT=Trypsin;AC=MS:1001251	NT=Carbamidomethyl;AC=UNIMOD:4;TA=C;MT=Fixed	7	1	Frac7.raw	v1.1.0	NT=ms-proteomics;VV=v1.1.0	NT=human;VV=v1.1.0	manual curation	MK886	TMTpro 16plex
GW6471_3	Homo sapiens	cell culture	hepatocyte spheroid	3	Frac7_TMT133N	proteomic profiling by mass spectrometry	NT=Data-dependent acquisition;AC=PRIDE:0000627	NT=Q Exactive HF;AC=MS:1002523	TMT133N	NT=Lys-C;AC=MS:1001309	NT=Trypsin;AC=MS:1001251	NT=Carbamidomethyl;AC=UNIMOD:4;TA=C;MT=Fixed	7	1	Frac7.raw	v1.1.0	NT=ms-proteomics;VV=v1.1.0	NT=human;VV=v1.1.0	manual curation	GW6471	TMTpro 16plex
MK886_4	Homo sapiens	cell culture	hepatocyte spheroid	4	Frac7_TMT133C	proteomic profiling by mass spectrometry	NT=Data-dependent acquisition;AC=PRIDE:0000627	NT=Q Exactive HF;AC=MS:1002523	TMT133C	NT=Lys-C;AC=MS:1001309	NT=Trypsin;AC=MS:1001251	NT=Carbamidomethyl;AC=UNIMOD:4;TA=C;MT=Fixed	7	1	Frac7.raw	v1.1.0	NT=ms-proteomics;VV=v1.1.0	NT=human;VV=v1.1.0	manual curation	MK886	TMTpro 16plex
GW6471_4	Homo sapiens	cell culture	hepatocyte spheroid	4	Frac7_TMT134N	proteomic profiling by mass spectrometry	NT=Data-dependent acquisition;AC=PRIDE:0000627	NT=Q Exactive HF;AC=MS:1002523	TMT134N	NT=Lys-C;AC=MS:1001309	NT=Trypsin;AC=MS:1001251	NT=Carbamidomethyl;AC=UNIMOD:4;TA=C;MT=Fixed	7	1	Frac7.raw	v1.1.0	NT=ms-proteomics;VV=v1.1.0	NT=human;VV=v1.1.0	manual curation	GW6471	TMTpro 16plex
NXT629_1	Homo sapiens	cell culture	hepatocyte spheroid	1	Frac28_TMT126	proteomic profiling by mass spectrometry	NT=Data-dependent acquisition;AC=PRIDE:0000627	NT=Q Exactive HF;AC=MS:1002523	TMT126	NT=Lys-C;AC=MS:1001309	NT=Trypsin;AC=MS:1001251	NT=Carbamidomethyl;AC=UNIMOD:4;TA=C;MT=Fixed	28	1	Frac28.raw	v1.1.0	NT=ms-proteomics;VV=v1.1.0	NT=human;VV=v1.1.0	manual curation	NXT629	TMTpro 16plex
MK886_1	Homo sapiens	cell culture	hepatocyte spheroid	1	Frac28_TMT127N	proteomic profiling by mass spectrometry	NT=Data-dependent acquisition;AC=PRIDE:0000627	NT=Q Exactive HF;AC=MS:1002523	TMT127N	NT=Lys-C;AC=MS:1001309	NT=Trypsin;AC=MS:1001251	NT=Carbamidomethyl;AC=UNIMOD:4;TA=C;MT=Fixed	28	1	Frac28.raw	v1.1.0	NT=ms-proteomics;VV=v1.1.0	NT=human;VV=v1.1.0	manual curation	MK886	TMTpro 16plex
NXT629_2	Homo sapiens	cell culture	hepatocyte spheroid	2	Frac28_TMT127C	proteomic profiling by mass spectrometry	NT=Data-dependent acquisition;AC=PRIDE:0000627	NT=Q Exactive HF;AC=MS:1002523	TMT127C	NT=Lys-C;AC=MS:1001309	NT=Trypsin;AC=MS:1001251	NT=Carbamidomethyl;AC=UNIMOD:4;TA=C;MT=Fixed	28	1	Frac28.raw	v1.1.0	NT=ms-proteomics;VV=v1.1.0	NT=human;VV=v1.1.0	manual curation	NXT629	TMTpro 16plex
MK886_2	Homo sapiens	cell culture	hepatocyte spheroid	2	Frac28_TMT128N	proteomic profiling by mass spectrometry	NT=Data-dependent acquisition;AC=PRIDE:0000627	NT=Q Exactive HF;AC=MS:1002523	TMT128N	NT=Lys-C;AC=MS:1001309	NT=Trypsin;AC=MS:1001251	NT=Carbamidomethyl;AC=UNIMOD:4;TA=C;MT=Fixed	28	1	Frac28.raw	v1.1.0	NT=ms-proteomics;VV=v1.1.0	NT=human;VV=v1.1.0	manual curation	MK886	TMTpro 16plex
DMSO_1	Homo sapiens	cell culture	hepatocyte spheroid	1	Frac28_TMT128C	proteomic profiling by mass spectrometry	NT=Data-dependent acquisition;AC=PRIDE:0000627	NT=Q Exactive HF;AC=MS:1002523	TMT128C	NT=Lys-C;AC=MS:1001309	NT=Trypsin;AC=MS:1001251	NT=Carbamidomethyl;AC=UNIMOD:4;TA=C;MT=Fixed	28	1	Frac28.raw	v1.1.0	NT=ms-proteomics;VV=v1.1.0	NT=human;VV=v1.1.0	manual curation	DMSO	TMTpro 16plex
GW6471_1	Homo sapiens	cell culture	hepatocyte spheroid	1	Frac28_TMT129N	proteomic profiling by mass spectrometry	NT=Data-dependent acquisition;AC=PRIDE:0000627	NT=Q Exactive HF;AC=MS:1002523	TMT129N	NT=Lys-C;AC=MS:1001309	NT=Trypsin;AC=MS:1001251	NT=Carbamidomethyl;AC=UNIMOD:4;TA=C;MT=Fixed	28	1	Frac28.raw	v1.1.0	NT=ms-proteomics;VV=v1.1.0	NT=human;VV=v1.1.0	manual curation	GW6471	TMTpro 16plex
DMSO_2	Homo sapiens	cell culture	hepatocyte spheroid	2	Frac28_TMT129C	proteomic profiling by mass spectrometry	NT=Data-dependent acquisition;AC=PRIDE:0000627	NT=Q Exactive HF;AC=MS:1002523	TMT129C	NT=Lys-C;AC=MS:1001309	NT=Trypsin;AC=MS:1001251	NT=Carbamidomethyl;AC=UNIMOD:4;TA=C;MT=Fixed	28	1	Frac28.raw	v1.1.0	NT=ms-proteomics;VV=v1.1.0	NT=human;VV=v1.1.0	manual curation	DMSO	TMTpro 16plex
GW6471_2	Homo sapiens	cell culture	hepatocyte spheroid	2	Frac28_TMT130N	proteomic profiling by mass spectrometry	NT=Data-dependent acquisition;AC=PRIDE:0000627	NT=Q Exactive HF;AC=MS:1002523	TMT130N	NT=Lys-C;AC=MS:1001309	NT=Trypsin;AC=MS:1001251	NT=Carbamidomethyl;AC=UNIMOD:4;TA=C;MT=Fixed	28	1	Frac28.raw	v1.1.0	NT=ms-proteomics;VV=v1.1.0	NT=human;VV=v1.1.0	manual curation	GW6471	TMTpro 16plex
NXT629_3	Homo sapiens	cell culture	hepatocyte spheroid	3	Frac28_TMT130C	proteomic profiling by mass spectrometry	NT=Data-dependent acquisition;AC=PRIDE:0000627	NT=Q Exactive HF;AC=MS:1002523	TMT130C	NT=Lys-C;AC=MS:1001309	NT=Trypsin;AC=MS:1001251	NT=Carbamidomethyl;AC=UNIMOD:4;TA=C;MT=Fixed	28	1	Frac28.raw	v1.1.0	NT=ms-proteomics;VV=v1.1.0	NT=human;VV=v1.1.0	manual curation	NXT629	TMTpro 16plex
DMSO_3	Homo sapiens	cell culture	hepatocyte spheroid	3	Frac28_TMT131N	proteomic profiling by mass spectrometry	NT=Data-dependent acquisition;AC=PRIDE:0000627	NT=Q Exactive HF;AC=MS:1002523	TMT131N	NT=Lys-C;AC=MS:1001309	NT=Trypsin;AC=MS:1001251	NT=Carbamidomethyl;AC=UNIMOD:4;TA=C;MT=Fixed	28	1	Frac28.raw	v1.1.0	NT=ms-proteomics;VV=v1.1.0	NT=human;VV=v1.1.0	manual curation	DMSO	TMTpro 16plex
NXT629_4	Homo sapiens	cell culture	hepatocyte spheroid	4	Frac28_TMT131C	proteomic profiling by mass spectrometry	NT=Data-dependent acquisition;AC=PRIDE:0000627	NT=Q Exactive HF;AC=MS:1002523	TMT131C	NT=Lys-C;AC=MS:1001309	NT=Trypsin;AC=MS:1001251	NT=Carbamidomethyl;AC=UNIMOD:4;TA=C;MT=Fixed	28	1	Frac28.raw	v1.1.0	NT=ms-proteomics;VV=v1.1.0	NT=human;VV=v1.1.0	manual curation	NXT629	TMTpro 16plex
DMSO_4	Homo sapiens	cell culture	hepatocyte spheroid	4	Frac28_TMT132N	proteomic profiling by mass spectrometry	NT=Data-dependent acquisition;AC=PRIDE:0000627	NT=Q Exactive HF;AC=MS:1002523	TMT132N	NT=Lys-C;AC=MS:1001309	NT=Trypsin;AC=MS:1001251	NT=Carbamidomethyl;AC=UNIMOD:4;TA=C;MT=Fixed	28	1	Frac28.raw	v1.1.0	NT=ms-proteomics;VV=v1.1.0	NT=human;VV=v1.1.0	manual curation	DMSO	TMTpro 16plex
MK886_3	Homo sapiens	cell culture	hepatocyte spheroid	3	Frac28_TMT132C	proteomic profiling by mass spectrometry	NT=Data-dependent acquisition;AC=PRIDE:0000627	NT=Q Exactive HF;AC=MS:1002523	TMT132C	NT=Lys-C;AC=MS:1001309	NT=Trypsin;AC=MS:1001251	NT=Carbamidomethyl;AC=UNIMOD:4;TA=C;MT=Fixed	28	1	Frac28.raw	v1.1.0	NT=ms-proteomics;VV=v1.1.0	NT=human;VV=v1.1.0	manual curation	MK886	TMTpro 16plex
GW6471_3	Homo sapiens	cell culture	hepatocyte spheroid	3	Frac28_TMT133N	proteomic profiling by mass spectrometry	NT=Data-dependent acquisition;AC=PRIDE:0000627	NT=Q Exactive HF;AC=MS:1002523	TMT133N	NT=Lys-C;AC=MS:1001309	NT=Trypsin;AC=MS:1001251	NT=Carbamidomethyl;AC=UNIMOD:4;TA=C;MT=Fixed	28	1	Frac28.raw	v1.1.0	NT=ms-proteomics;VV=v1.1.0	NT=human;VV=v1.1.0	manual curation	GW6471	TMTpro 16plex
MK886_4	Homo sapiens	cell culture	hepatocyte spheroid	4	Frac28_TMT133C	proteomic profiling by mass spectrometry	NT=Data-dependent acquisition;AC=PRIDE:0000627	NT=Q Exactive HF;AC=MS:1002523	TMT133C	NT=Lys-C;AC=MS:1001309	NT=Trypsin;AC=MS:1001251	NT=Carbamidomethyl;AC=UNIMOD:4;TA=C;MT=Fixed	28	1	Frac28.raw	v1.1.0	NT=ms-proteomics;VV=v1.1.0	NT=human;VV=v1.1.0	manual curation	MK886	TMTpro 16plex
GW6471_4	Homo sapiens	cell culture	hepatocyte spheroid	4	Frac28_TMT134N	proteomic profiling by mass spectrometry	NT=Data-dependent acquisition;AC=PRIDE:0000627	NT=Q Exactive HF;AC=MS:1002523	TMT134N	NT=Lys-C;AC=MS:1001309	NT=Trypsin;AC=MS:1001251	NT=Carbamidomethyl;AC=UNIMOD:4;TA=C;MT=Fixed	28	1	Frac28.raw	v1.1.0	NT=ms-proteomics;VV=v1.1.0	NT=human;VV=v1.1.0	manual curation	GW6471	TMTpro 16plex
NXT629_1	Homo sapiens	cell culture	hepatocyte spheroid	1	Frac42_TMT126	proteomic profiling by mass spectrometry	NT=Data-dependent acquisition;AC=PRIDE:0000627	NT=Q Exactive HF;AC=MS:1002523	TMT126	NT=Lys-C;AC=MS:1001309	NT=Trypsin;AC=MS:1001251	NT=Carbamidomethyl;AC=UNIMOD:4;TA=C;MT=Fixed	42	1	Frac42.raw	v1.1.0	NT=ms-proteomics;VV=v1.1.0	NT=human;VV=v1.1.0	manual curation	NXT629	TMTpro 16plex
MK886_1	Homo sapiens	cell culture	hepatocyte spheroid	1	Frac42_TMT127N	proteomic profiling by mass spectrometry	NT=Data-dependent acquisition;AC=PRIDE:0000627	NT=Q Exactive HF;AC=MS:1002523	TMT127N	NT=Lys-C;AC=MS:1001309	NT=Trypsin;AC=MS:1001251	NT=Carbamidomethyl;AC=UNIMOD:4;TA=C;MT=Fixed	42	1	Frac42.raw	v1.1.0	NT=ms-proteomics;VV=v1.1.0	NT=human;VV=v1.1.0	manual curation	MK886	TMTpro 16plex
NXT629_2	Homo sapiens	cell culture	hepatocyte spheroid	2	Frac42_TMT127C	proteomic profiling by mass spectrometry	NT=Data-dependent acquisition;AC=PRIDE:0000627	NT=Q Exactive HF;AC=MS:1002523	TMT127C	NT=Lys-C;AC=MS:1001309	NT=Trypsin;AC=MS:1001251	NT=Carbamidomethyl;AC=UNIMOD:4;TA=C;MT=Fixed	42	1	Frac42.raw	v1.1.0	NT=ms-proteomics;VV=v1.1.0	NT=human;VV=v1.1.0	manual curation	NXT629	TMTpro 16plex
MK886_2	Homo sapiens	cell culture	hepatocyte spheroid	2	Frac42_TMT128N	proteomic profiling by mass spectrometry	NT=Data-dependent acquisition;AC=PRIDE:0000627	NT=Q Exactive HF;AC=MS:1002523	TMT128N	NT=Lys-C;AC=MS:1001309	NT=Trypsin;AC=MS:1001251	NT=Carbamidomethyl;AC=UNIMOD:4;TA=C;MT=Fixed	42	1	Frac42.raw	v1.1.0	NT=ms-proteomics;VV=v1.1.0	NT=human;VV=v1.1.0	manual curation	MK886	TMTpro 16plex
DMSO_1	Homo sapiens	cell culture	hepatocyte spheroid	1	Frac42_TMT128C	proteomic profiling by mass spectrometry	NT=Data-dependent acquisition;AC=PRIDE:0000627	NT=Q Exactive HF;AC=MS:1002523	TMT128C	NT=Lys-C;AC=MS:1001309	NT=Trypsin;AC=MS:1001251	NT=Carbamidomethyl;AC=UNIMOD:4;TA=C;MT=Fixed	42	1	Frac42.raw	v1.1.0	NT=ms-proteomics;VV=v1.1.0	NT=human;VV=v1.1.0	manual curation	DMSO	TMTpro 16plex
GW6471_1	Homo sapiens	cell culture	hepatocyte spheroid	1	Frac42_TMT129N	proteomic profiling by mass spectrometry	NT=Data-dependent acquisition;AC=PRIDE:0000627	NT=Q Exactive HF;AC=MS:1002523	TMT129N	NT=Lys-C;AC=MS:1001309	NT=Trypsin;AC=MS:1001251	NT=Carbamidomethyl;AC=UNIMOD:4;TA=C;MT=Fixed	42	1	Frac42.raw	v1.1.0	NT=ms-proteomics;VV=v1.1.0	NT=human;VV=v1.1.0	manual curation	GW6471	TMTpro 16plex
DMSO_2	Homo sapiens	cell culture	hepatocyte spheroid	2	Frac42_TMT129C	proteomic profiling by mass spectrometry	NT=Data-dependent acquisition;AC=PRIDE:0000627	NT=Q Exactive HF;AC=MS:1002523	TMT129C	NT=Lys-C;AC=MS:1001309	NT=Trypsin;AC=MS:1001251	NT=Carbamidomethyl;AC=UNIMOD:4;TA=C;MT=Fixed	42	1	Frac42.raw	v1.1.0	NT=ms-proteomics;VV=v1.1.0	NT=human;VV=v1.1.0	manual curation	DMSO	TMTpro 16plex
GW6471_2	Homo sapiens	cell culture	hepatocyte spheroid	2	Frac42_TMT130N	proteomic profiling by mass spectrometry	NT=Data-dependent acquisition;AC=PRIDE:0000627	NT=Q Exactive HF;AC=MS:1002523	TMT130N	NT=Lys-C;AC=MS:1001309	NT=Trypsin;AC=MS:1001251	NT=Carbamidomethyl;AC=UNIMOD:4;TA=C;MT=Fixed	42	1	Frac42.raw	v1.1.0	NT=ms-proteomics;VV=v1.1.0	NT=human;VV=v1.1.0	manual curation	GW6471	TMTpro 16plex
NXT629_3	Homo sapiens	cell culture	hepatocyte spheroid	3	Frac42_TMT130C	proteomic profiling by mass spectrometry	NT=Data-dependent acquisition;AC=PRIDE:0000627	NT=Q Exactive HF;AC=MS:1002523	TMT130C	NT=Lys-C;AC=MS:1001309	NT=Trypsin;AC=MS:1001251	NT=Carbamidomethyl;AC=UNIMOD:4;TA=C;MT=Fixed	42	1	Frac42.raw	v1.1.0	NT=ms-proteomics;VV=v1.1.0	NT=human;VV=v1.1.0	manual curation	NXT629	TMTpro 16plex
DMSO_3	Homo sapiens	cell culture	hepatocyte spheroid	3	Frac42_TMT131N	proteomic profiling by mass spectrometry	NT=Data-dependent acquisition;AC=PRIDE:0000627	NT=Q Exactive HF;AC=MS:1002523	TMT131N	NT=Lys-C;AC=MS:1001309	NT=Trypsin;AC=MS:1001251	NT=Carbamidomethyl;AC=UNIMOD:4;TA=C;MT=Fixed	42	1	Frac42.raw	v1.1.0	NT=ms-proteomics;VV=v1.1.0	NT=human;VV=v1.1.0	manual curation	DMSO	TMTpro 16plex
NXT629_4	Homo sapiens	cell culture	hepatocyte spheroid	4	Frac42_TMT131C	proteomic profiling by mass spectrometry	NT=Data-dependent acquisition;AC=PRIDE:0000627	NT=Q Exactive HF;AC=MS:1002523	TMT131C	NT=Lys-C;AC=MS:1001309	NT=Trypsin;AC=MS:1001251	NT=Carbamidomethyl;AC=UNIMOD:4;TA=C;MT=Fixed	42	1	Frac42.raw	v1.1.0	NT=ms-proteomics;VV=v1.1.0	NT=human;VV=v1.1.0	manual curation	NXT629	TMTpro 16plex
DMSO_4	Homo sapiens	cell culture	hepatocyte spheroid	4	Frac42_TMT132N	proteomic profiling by mass spectrometry	NT=Data-dependent acquisition;AC=PRIDE:0000627	NT=Q Exactive HF;AC=MS:1002523	TMT132N	NT=Lys-C;AC=MS:1001309	NT=Trypsin;AC=MS:1001251	NT=Carbamidomethyl;AC=UNIMOD:4;TA=C;MT=Fixed	42	1	Frac42.raw	v1.1.0	NT=ms-proteomics;VV=v1.1.0	NT=human;VV=v1.1.0	manual curation	DMSO	TMTpro 16plex
MK886_3	Homo sapiens	cell culture	hepatocyte spheroid	3	Frac42_TMT132C	proteomic profiling by mass spectrometry	NT=Data-dependent acquisition;AC=PRIDE:0000627	NT=Q Exactive HF;AC=MS:1002523	TMT132C	NT=Lys-C;AC=MS:1001309	NT=Trypsin;AC=MS:1001251	NT=Carbamidomethyl;AC=UNIMOD:4;TA=C;MT=Fixed	42	1	Frac42.raw	v1.1.0	NT=ms-proteomics;VV=v1.1.0	NT=human;VV=v1.1.0	manual curation	MK886	TMTpro 16plex
GW6471_3	Homo sapiens	cell culture	hepatocyte spheroid	3	Frac42_TMT133N	proteomic profiling by mass spectrometry	NT=Data-dependent acquisition;AC=PRIDE:0000627	NT=Q Exactive HF;AC=MS:1002523	TMT133N	NT=Lys-C;AC=MS:1001309	NT=Trypsin;AC=MS:1001251	NT=Carbamidomethyl;AC=UNIMOD:4;TA=C;MT=Fixed	42	1	Frac42.raw	v1.1.0	NT=ms-proteomics;VV=v1.1.0	NT=human;VV=v1.1.0	manual curation	GW6471	TMTpro 16plex
MK886_4	Homo sapiens	cell culture	hepatocyte spheroid	4	Frac42_TMT133C	proteomic profiling by mass spectrometry	NT=Data-dependent acquisition;AC=PRIDE:0000627	NT=Q Exactive HF;AC=MS:1002523	TMT133C	NT=Lys-C;AC=MS:1001309	NT=Trypsin;AC=MS:1001251	NT=Carbamidomethyl;AC=UNIMOD:4;TA=C;MT=Fixed	42	1	Frac42.raw	v1.1.0	NT=ms-proteomics;VV=v1.1.0	NT=human;VV=v1.1.0	manual curation	MK886	TMTpro 16plex
GW6471_4	Homo sapiens	cell culture	hepatocyte spheroid	4	Frac42_TMT134N	proteomic profiling by mass spectrometry	NT=Data-dependent acquisition;AC=PRIDE:0000627	NT=Q Exactive HF;AC=MS:1002523	TMT134N	NT=Lys-C;AC=MS:1001309	NT=Trypsin;AC=MS:1001251	NT=Carbamidomethyl;AC=UNIMOD:4;TA=C;MT=Fixed	42	1	Frac42.raw	v1.1.0	NT=ms-proteomics;VV=v1.1.0	NT=human;VV=v1.1.0	manual curation	GW6471	TMTpro 16plex
NXT629_1	Homo sapiens	cell culture	hepatocyte spheroid	1	Frac11_TMT126	proteomic profiling by mass spectrometry	NT=Data-dependent acquisition;AC=PRIDE:0000627	NT=Q Exactive HF;AC=MS:1002523	TMT126	NT=Lys-C;AC=MS:1001309	NT=Trypsin;AC=MS:1001251	NT=Carbamidomethyl;AC=UNIMOD:4;TA=C;MT=Fixed	11	1	Frac11.raw	v1.1.0	NT=ms-proteomics;VV=v1.1.0	NT=human;VV=v1.1.0	manual curation	NXT629	TMTpro 16plex
MK886_1	Homo sapiens	cell culture	hepatocyte spheroid	1	Frac11_TMT127N	proteomic profiling by mass spectrometry	NT=Data-dependent acquisition;AC=PRIDE:0000627	NT=Q Exactive HF;AC=MS:1002523	TMT127N	NT=Lys-C;AC=MS:1001309	NT=Trypsin;AC=MS:1001251	NT=Carbamidomethyl;AC=UNIMOD:4;TA=C;MT=Fixed	11	1	Frac11.raw	v1.1.0	NT=ms-proteomics;VV=v1.1.0	NT=human;VV=v1.1.0	manual curation	MK886	TMTpro 16plex
NXT629_2	Homo sapiens	cell culture	hepatocyte spheroid	2	Frac11_TMT127C	proteomic profiling by mass spectrometry	NT=Data-dependent acquisition;AC=PRIDE:0000627	NT=Q Exactive HF;AC=MS:1002523	TMT127C	NT=Lys-C;AC=MS:1001309	NT=Trypsin;AC=MS:1001251	NT=Carbamidomethyl;AC=UNIMOD:4;TA=C;MT=Fixed	11	1	Frac11.raw	v1.1.0	NT=ms-proteomics;VV=v1.1.0	NT=human;VV=v1.1.0	manual curation	NXT629	TMTpro 16plex
MK886_2	Homo sapiens	cell culture	hepatocyte spheroid	2	Frac11_TMT128N	proteomic profiling by mass spectrometry	NT=Data-dependent acquisition;AC=PRIDE:0000627	NT=Q Exactive HF;AC=MS:1002523	TMT128N	NT=Lys-C;AC=MS:1001309	NT=Trypsin;AC=MS:1001251	NT=Carbamidomethyl;AC=UNIMOD:4;TA=C;MT=Fixed	11	1	Frac11.raw	v1.1.0	NT=ms-proteomics;VV=v1.1.0	NT=human;VV=v1.1.0	manual curation	MK886	TMTpro 16plex
DMSO_1	Homo sapiens	cell culture	hepatocyte spheroid	1	Frac11_TMT128C	proteomic profiling by mass spectrometry	NT=Data-dependent acquisition;AC=PRIDE:0000627	NT=Q Exactive HF;AC=MS:1002523	TMT128C	NT=Lys-C;AC=MS:1001309	NT=Trypsin;AC=MS:1001251	NT=Carbamidomethyl;AC=UNIMOD:4;TA=C;MT=Fixed	11	1	Frac11.raw	v1.1.0	NT=ms-proteomics;VV=v1.1.0	NT=human;VV=v1.1.0	manual curation	DMSO	TMTpro 16plex
GW6471_1	Homo sapiens	cell culture	hepatocyte spheroid	1	Frac11_TMT129N	proteomic profiling by mass spectrometry	NT=Data-dependent acquisition;AC=PRIDE:0000627	NT=Q Exactive HF;AC=MS:1002523	TMT129N	NT=Lys-C;AC=MS:1001309	NT=Trypsin;AC=MS:1001251	NT=Carbamidomethyl;AC=UNIMOD:4;TA=C;MT=Fixed	11	1	Frac11.raw	v1.1.0	NT=ms-proteomics;VV=v1.1.0	NT=human;VV=v1.1.0	manual curation	GW6471	TMTpro 16plex
DMSO_2	Homo sapiens	cell culture	hepatocyte spheroid	2	Frac11_TMT129C	proteomic profiling by mass spectrometry	NT=Data-dependent acquisition;AC=PRIDE:0000627	NT=Q Exactive HF;AC=MS:1002523	TMT129C	NT=Lys-C;AC=MS:1001309	NT=Trypsin;AC=MS:1001251	NT=Carbamidomethyl;AC=UNIMOD:4;TA=C;MT=Fixed	11	1	Frac11.raw	v1.1.0	NT=ms-proteomics;VV=v1.1.0	NT=human;VV=v1.1.0	manual curation	DMSO	TMTpro 16plex
GW6471_2	Homo sapiens	cell culture	hepatocyte spheroid	2	Frac11_TMT130N	proteomic profiling by mass spectrometry	NT=Data-dependent acquisition;AC=PRIDE:0000627	NT=Q Exactive HF;AC=MS:1002523	TMT130N	NT=Lys-C;AC=MS:1001309	NT=Trypsin;AC=MS:1001251	NT=Carbamidomethyl;AC=UNIMOD:4;TA=C;MT=Fixed	11	1	Frac11.raw	v1.1.0	NT=ms-proteomics;VV=v1.1.0	NT=human;VV=v1.1.0	manual curation	GW6471	TMTpro 16plex
NXT629_3	Homo sapiens	cell culture	hepatocyte spheroid	3	Frac11_TMT130C	proteomic profiling by mass spectrometry	NT=Data-dependent acquisition;AC=PRIDE:0000627	NT=Q Exactive HF;AC=MS:1002523	TMT130C	NT=Lys-C;AC=MS:1001309	NT=Trypsin;AC=MS:1001251	NT=Carbamidomethyl;AC=UNIMOD:4;TA=C;MT=Fixed	11	1	Frac11.raw	v1.1.0	NT=ms-proteomics;VV=v1.1.0	NT=human;VV=v1.1.0	manual curation	NXT629	TMTpro 16plex
DMSO_3	Homo sapiens	cell culture	hepatocyte spheroid	3	Frac11_TMT131N	proteomic profiling by mass spectrometry	NT=Data-dependent acquisition;AC=PRIDE:0000627	NT=Q Exactive HF;AC=MS:1002523	TMT131N	NT=Lys-C;AC=MS:1001309	NT=Trypsin;AC=MS:1001251	NT=Carbamidomethyl;AC=UNIMOD:4;TA=C;MT=Fixed	11	1	Frac11.raw	v1.1.0	NT=ms-proteomics;VV=v1.1.0	NT=human;VV=v1.1.0	manual curation	DMSO	TMTpro 16plex
NXT629_4	Homo sapiens	cell culture	hepatocyte spheroid	4	Frac11_TMT131C	proteomic profiling by mass spectrometry	NT=Data-dependent acquisition;AC=PRIDE:0000627	NT=Q Exactive HF;AC=MS:1002523	TMT131C	NT=Lys-C;AC=MS:1001309	NT=Trypsin;AC=MS:1001251	NT=Carbamidomethyl;AC=UNIMOD:4;TA=C;MT=Fixed	11	1	Frac11.raw	v1.1.0	NT=ms-proteomics;VV=v1.1.0	NT=human;VV=v1.1.0	manual curation	NXT629	TMTpro 16plex
DMSO_4	Homo sapiens	cell culture	hepatocyte spheroid	4	Frac11_TMT132N	proteomic profiling by mass spectrometry	NT=Data-dependent acquisition;AC=PRIDE:0000627	NT=Q Exactive HF;AC=MS:1002523	TMT132N	NT=Lys-C;AC=MS:1001309	NT=Trypsin;AC=MS:1001251	NT=Carbamidomethyl;AC=UNIMOD:4;TA=C;MT=Fixed	11	1	Frac11.raw	v1.1.0	NT=ms-proteomics;VV=v1.1.0	NT=human;VV=v1.1.0	manual curation	DMSO	TMTpro 16plex
MK886_3	Homo sapiens	cell culture	hepatocyte spheroid	3	Frac11_TMT132C	proteomic profiling by mass spectrometry	NT=Data-dependent acquisition;AC=PRIDE:0000627	NT=Q Exactive HF;AC=MS:1002523	TMT132C	NT=Lys-C;AC=MS:1001309	NT=Trypsin;AC=MS:1001251	NT=Carbamidomethyl;AC=UNIMOD:4;TA=C;MT=Fixed	11	1	Frac11.raw	v1.1.0	NT=ms-proteomics;VV=v1.1.0	NT=human;VV=v1.1.0	manual curation	MK886	TMTpro 16plex
GW6471_3	Homo sapiens	cell culture	hepatocyte spheroid	3	Frac11_TMT133N	proteomic profiling by mass spectrometry	NT=Data-dependent acquisition;AC=PRIDE:0000627	NT=Q Exactive HF;AC=MS:1002523	TMT133N	NT=Lys-C;AC=MS:1001309	NT=Trypsin;AC=MS:1001251	NT=Carbamidomethyl;AC=UNIMOD:4;TA=C;MT=Fixed	11	1	Frac11.raw	v1.1.0	NT=ms-proteomics;VV=v1.1.0	NT=human;VV=v1.1.0	manual curation	GW6471	TMTpro 16plex
MK886_4	Homo sapiens	cell culture	hepatocyte spheroid	4	Frac11_TMT133C	proteomic profiling by mass spectrometry	NT=Data-dependent acquisition;AC=PRIDE:0000627	NT=Q Exactive HF;AC=MS:1002523	TMT133C	NT=Lys-C;AC=MS:1001309	NT=Trypsin;AC=MS:1001251	NT=Carbamidomethyl;AC=UNIMOD:4;TA=C;MT=Fixed	11	1	Frac11.raw	v1.1.0	NT=ms-proteomics;VV=v1.1.0	NT=human;VV=v1.1.0	manual curation	MK886	TMTpro 16plex
GW6471_4	Homo sapiens	cell culture	hepatocyte spheroid	4	Frac11_TMT134N	proteomic profiling by mass spectrometry	NT=Data-dependent acquisition;AC=PRIDE:0000627	NT=Q Exactive HF;AC=MS:1002523	TMT134N	NT=Lys-C;AC=MS:1001309	NT=Trypsin;AC=MS:1001251	NT=Carbamidomethyl;AC=UNIMOD:4;TA=C;MT=Fixed	11	1	Frac11.raw	v1.1.0	NT=ms-proteomics;VV=v1.1.0	NT=human;VV=v1.1.0	manual curation	GW6471	TMTpro 16plex
NXT629_1	Homo sapiens	cell culture	hepatocyte spheroid	1	Frac29_TMT126	proteomic profiling by mass spectrometry	NT=Data-dependent acquisition;AC=PRIDE:0000627	NT=Q Exactive HF;AC=MS:1002523	TMT126	NT=Lys-C;AC=MS:1001309	NT=Trypsin;AC=MS:1001251	NT=Carbamidomethyl;AC=UNIMOD:4;TA=C;MT=Fixed	29	1	Frac29.raw	v1.1.0	NT=ms-proteomics;VV=v1.1.0	NT=human;VV=v1.1.0	manual curation	NXT629	TMTpro 16plex
MK886_1	Homo sapiens	cell culture	hepatocyte spheroid	1	Frac29_TMT127N	proteomic profiling by mass spectrometry	NT=Data-dependent acquisition;AC=PRIDE:0000627	NT=Q Exactive HF;AC=MS:1002523	TMT127N	NT=Lys-C;AC=MS:1001309	NT=Trypsin;AC=MS:1001251	NT=Carbamidomethyl;AC=UNIMOD:4;TA=C;MT=Fixed	29	1	Frac29.raw	v1.1.0	NT=ms-proteomics;VV=v1.1.0	NT=human;VV=v1.1.0	manual curation	MK886	TMTpro 16plex
NXT629_2	Homo sapiens	cell culture	hepatocyte spheroid	2	Frac29_TMT127C	proteomic profiling by mass spectrometry	NT=Data-dependent acquisition;AC=PRIDE:0000627	NT=Q Exactive HF;AC=MS:1002523	TMT127C	NT=Lys-C;AC=MS:1001309	NT=Trypsin;AC=MS:1001251	NT=Carbamidomethyl;AC=UNIMOD:4;TA=C;MT=Fixed	29	1	Frac29.raw	v1.1.0	NT=ms-proteomics;VV=v1.1.0	NT=human;VV=v1.1.0	manual curation	NXT629	TMTpro 16plex
MK886_2	Homo sapiens	cell culture	hepatocyte spheroid	2	Frac29_TMT128N	proteomic profiling by mass spectrometry	NT=Data-dependent acquisition;AC=PRIDE:0000627	NT=Q Exactive HF;AC=MS:1002523	TMT128N	NT=Lys-C;AC=MS:1001309	NT=Trypsin;AC=MS:1001251	NT=Carbamidomethyl;AC=UNIMOD:4;TA=C;MT=Fixed	29	1	Frac29.raw	v1.1.0	NT=ms-proteomics;VV=v1.1.0	NT=human;VV=v1.1.0	manual curation	MK886	TMTpro 16plex
DMSO_1	Homo sapiens	cell culture	hepatocyte spheroid	1	Frac29_TMT128C	proteomic profiling by mass spectrometry	NT=Data-dependent acquisition;AC=PRIDE:0000627	NT=Q Exactive HF;AC=MS:1002523	TMT128C	NT=Lys-C;AC=MS:1001309	NT=Trypsin;AC=MS:1001251	NT=Carbamidomethyl;AC=UNIMOD:4;TA=C;MT=Fixed	29	1	Frac29.raw	v1.1.0	NT=ms-proteomics;VV=v1.1.0	NT=human;VV=v1.1.0	manual curation	DMSO	TMTpro 16plex
GW6471_1	Homo sapiens	cell culture	hepatocyte spheroid	1	Frac29_TMT129N	proteomic profiling by mass spectrometry	NT=Data-dependent acquisition;AC=PRIDE:0000627	NT=Q Exactive HF;AC=MS:1002523	TMT129N	NT=Lys-C;AC=MS:1001309	NT=Trypsin;AC=MS:1001251	NT=Carbamidomethyl;AC=UNIMOD:4;TA=C;MT=Fixed	29	1	Frac29.raw	v1.1.0	NT=ms-proteomics;VV=v1.1.0	NT=human;VV=v1.1.0	manual curation	GW6471	TMTpro 16plex
DMSO_2	Homo sapiens	cell culture	hepatocyte spheroid	2	Frac29_TMT129C	proteomic profiling by mass spectrometry	NT=Data-dependent acquisition;AC=PRIDE:0000627	NT=Q Exactive HF;AC=MS:1002523	TMT129C	NT=Lys-C;AC=MS:1001309	NT=Trypsin;AC=MS:1001251	NT=Carbamidomethyl;AC=UNIMOD:4;TA=C;MT=Fixed	29	1	Frac29.raw	v1.1.0	NT=ms-proteomics;VV=v1.1.0	NT=human;VV=v1.1.0	manual curation	DMSO	TMTpro 16plex
GW6471_2	Homo sapiens	cell culture	hepatocyte spheroid	2	Frac29_TMT130N	proteomic profiling by mass spectrometry	NT=Data-dependent acquisition;AC=PRIDE:0000627	NT=Q Exactive HF;AC=MS:1002523	TMT130N	NT=Lys-C;AC=MS:1001309	NT=Trypsin;AC=MS:1001251	NT=Carbamidomethyl;AC=UNIMOD:4;TA=C;MT=Fixed	29	1	Frac29.raw	v1.1.0	NT=ms-proteomics;VV=v1.1.0	NT=human;VV=v1.1.0	manual curation	GW6471	TMTpro 16plex
NXT629_3	Homo sapiens	cell culture	hepatocyte spheroid	3	Frac29_TMT130C	proteomic profiling by mass spectrometry	NT=Data-dependent acquisition;AC=PRIDE:0000627	NT=Q Exactive HF;AC=MS:1002523	TMT130C	NT=Lys-C;AC=MS:1001309	NT=Trypsin;AC=MS:1001251	NT=Carbamidomethyl;AC=UNIMOD:4;TA=C;MT=Fixed	29	1	Frac29.raw	v1.1.0	NT=ms-proteomics;VV=v1.1.0	NT=human;VV=v1.1.0	manual curation	NXT629	TMTpro 16plex
DMSO_3	Homo sapiens	cell culture	hepatocyte spheroid	3	Frac29_TMT131N	proteomic profiling by mass spectrometry	NT=Data-dependent acquisition;AC=PRIDE:0000627	NT=Q Exactive HF;AC=MS:1002523	TMT131N	NT=Lys-C;AC=MS:1001309	NT=Trypsin;AC=MS:1001251	NT=Carbamidomethyl;AC=UNIMOD:4;TA=C;MT=Fixed	29	1	Frac29.raw	v1.1.0	NT=ms-proteomics;VV=v1.1.0	NT=human;VV=v1.1.0	manual curation	DMSO	TMTpro 16plex
NXT629_4	Homo sapiens	cell culture	hepatocyte spheroid	4	Frac29_TMT131C	proteomic profiling by mass spectrometry	NT=Data-dependent acquisition;AC=PRIDE:0000627	NT=Q Exactive HF;AC=MS:1002523	TMT131C	NT=Lys-C;AC=MS:1001309	NT=Trypsin;AC=MS:1001251	NT=Carbamidomethyl;AC=UNIMOD:4;TA=C;MT=Fixed	29	1	Frac29.raw	v1.1.0	NT=ms-proteomics;VV=v1.1.0	NT=human;VV=v1.1.0	manual curation	NXT629	TMTpro 16plex
DMSO_4	Homo sapiens	cell culture	hepatocyte spheroid	4	Frac29_TMT132N	proteomic profiling by mass spectrometry	NT=Data-dependent acquisition;AC=PRIDE:0000627	NT=Q Exactive HF;AC=MS:1002523	TMT132N	NT=Lys-C;AC=MS:1001309	NT=Trypsin;AC=MS:1001251	NT=Carbamidomethyl;AC=UNIMOD:4;TA=C;MT=Fixed	29	1	Frac29.raw	v1.1.0	NT=ms-proteomics;VV=v1.1.0	NT=human;VV=v1.1.0	manual curation	DMSO	TMTpro 16plex
MK886_3	Homo sapiens	cell culture	hepatocyte spheroid	3	Frac29_TMT132C	proteomic profiling by mass spectrometry	NT=Data-dependent acquisition;AC=PRIDE:0000627	NT=Q Exactive HF;AC=MS:1002523	TMT132C	NT=Lys-C;AC=MS:1001309	NT=Trypsin;AC=MS:1001251	NT=Carbamidomethyl;AC=UNIMOD:4;TA=C;MT=Fixed	29	1	Frac29.raw	v1.1.0	NT=ms-proteomics;VV=v1.1.0	NT=human;VV=v1.1.0	manual curation	MK886	TMTpro 16plex
GW6471_3	Homo sapiens	cell culture	hepatocyte spheroid	3	Frac29_TMT133N	proteomic profiling by mass spectrometry	NT=Data-dependent acquisition;AC=PRIDE:0000627	NT=Q Exactive HF;AC=MS:1002523	TMT133N	NT=Lys-C;AC=MS:1001309	NT=Trypsin;AC=MS:1001251	NT=Carbamidomethyl;AC=UNIMOD:4;TA=C;MT=Fixed	29	1	Frac29.raw	v1.1.0	NT=ms-proteomics;VV=v1.1.0	NT=human;VV=v1.1.0	manual curation	GW6471	TMTpro 16plex
MK886_4	Homo sapiens	cell culture	hepatocyte spheroid	4	Frac29_TMT133C	proteomic profiling by mass spectrometry	NT=Data-dependent acquisition;AC=PRIDE:0000627	NT=Q Exactive HF;AC=MS:1002523	TMT133C	NT=Lys-C;AC=MS:1001309	NT=Trypsin;AC=MS:1001251	NT=Carbamidomethyl;AC=UNIMOD:4;TA=C;MT=Fixed	29	1	Frac29.raw	v1.1.0	NT=ms-proteomics;VV=v1.1.0	NT=human;VV=v1.1.0	manual curation	MK886	TMTpro 16plex
GW6471_4	Homo sapiens	cell culture	hepatocyte spheroid	4	Frac29_TMT134N	proteomic profiling by mass spectrometry	NT=Data-dependent acquisition;AC=PRIDE:0000627	NT=Q Exactive HF;AC=MS:1002523	TMT134N	NT=Lys-C;AC=MS:1001309	NT=Trypsin;AC=MS:1001251	NT=Carbamidomethyl;AC=UNIMOD:4;TA=C;MT=Fixed	29	1	Frac29.raw	v1.1.0	NT=ms-proteomics;VV=v1.1.0	NT=human;VV=v1.1.0	manual curation	GW6471	TMTpro 16plex
NXT629_1	Homo sapiens	cell culture	hepatocyte spheroid	1	Frac26_TMT126	proteomic profiling by mass spectrometry	NT=Data-dependent acquisition;AC=PRIDE:0000627	NT=Q Exactive HF;AC=MS:1002523	TMT126	NT=Lys-C;AC=MS:1001309	NT=Trypsin;AC=MS:1001251	NT=Carbamidomethyl;AC=UNIMOD:4;TA=C;MT=Fixed	26	1	Frac26.raw	v1.1.0	NT=ms-proteomics;VV=v1.1.0	NT=human;VV=v1.1.0	manual curation	NXT629	TMTpro 16plex
MK886_1	Homo sapiens	cell culture	hepatocyte spheroid	1	Frac26_TMT127N	proteomic profiling by mass spectrometry	NT=Data-dependent acquisition;AC=PRIDE:0000627	NT=Q Exactive HF;AC=MS:1002523	TMT127N	NT=Lys-C;AC=MS:1001309	NT=Trypsin;AC=MS:1001251	NT=Carbamidomethyl;AC=UNIMOD:4;TA=C;MT=Fixed	26	1	Frac26.raw	v1.1.0	NT=ms-proteomics;VV=v1.1.0	NT=human;VV=v1.1.0	manual curation	MK886	TMTpro 16plex
NXT629_2	Homo sapiens	cell culture	hepatocyte spheroid	2	Frac26_TMT127C	proteomic profiling by mass spectrometry	NT=Data-dependent acquisition;AC=PRIDE:0000627	NT=Q Exactive HF;AC=MS:1002523	TMT127C	NT=Lys-C;AC=MS:1001309	NT=Trypsin;AC=MS:1001251	NT=Carbamidomethyl;AC=UNIMOD:4;TA=C;MT=Fixed	26	1	Frac26.raw	v1.1.0	NT=ms-proteomics;VV=v1.1.0	NT=human;VV=v1.1.0	manual curation	NXT629	TMTpro 16plex
MK886_2	Homo sapiens	cell culture	hepatocyte spheroid	2	Frac26_TMT128N	proteomic profiling by mass spectrometry	NT=Data-dependent acquisition;AC=PRIDE:0000627	NT=Q Exactive HF;AC=MS:1002523	TMT128N	NT=Lys-C;AC=MS:1001309	NT=Trypsin;AC=MS:1001251	NT=Carbamidomethyl;AC=UNIMOD:4;TA=C;MT=Fixed	26	1	Frac26.raw	v1.1.0	NT=ms-proteomics;VV=v1.1.0	NT=human;VV=v1.1.0	manual curation	MK886	TMTpro 16plex
DMSO_1	Homo sapiens	cell culture	hepatocyte spheroid	1	Frac26_TMT128C	proteomic profiling by mass spectrometry	NT=Data-dependent acquisition;AC=PRIDE:0000627	NT=Q Exactive HF;AC=MS:1002523	TMT128C	NT=Lys-C;AC=MS:1001309	NT=Trypsin;AC=MS:1001251	NT=Carbamidomethyl;AC=UNIMOD:4;TA=C;MT=Fixed	26	1	Frac26.raw	v1.1.0	NT=ms-proteomics;VV=v1.1.0	NT=human;VV=v1.1.0	manual curation	DMSO	TMTpro 16plex
GW6471_1	Homo sapiens	cell culture	hepatocyte spheroid	1	Frac26_TMT129N	proteomic profiling by mass spectrometry	NT=Data-dependent acquisition;AC=PRIDE:0000627	NT=Q Exactive HF;AC=MS:1002523	TMT129N	NT=Lys-C;AC=MS:1001309	NT=Trypsin;AC=MS:1001251	NT=Carbamidomethyl;AC=UNIMOD:4;TA=C;MT=Fixed	26	1	Frac26.raw	v1.1.0	NT=ms-proteomics;VV=v1.1.0	NT=human;VV=v1.1.0	manual curation	GW6471	TMTpro 16plex
DMSO_2	Homo sapiens	cell culture	hepatocyte spheroid	2	Frac26_TMT129C	proteomic profiling by mass spectrometry	NT=Data-dependent acquisition;AC=PRIDE:0000627	NT=Q Exactive HF;AC=MS:1002523	TMT129C	NT=Lys-C;AC=MS:1001309	NT=Trypsin;AC=MS:1001251	NT=Carbamidomethyl;AC=UNIMOD:4;TA=C;MT=Fixed	26	1	Frac26.raw	v1.1.0	NT=ms-proteomics;VV=v1.1.0	NT=human;VV=v1.1.0	manual curation	DMSO	TMTpro 16plex
GW6471_2	Homo sapiens	cell culture	hepatocyte spheroid	2	Frac26_TMT130N	proteomic profiling by mass spectrometry	NT=Data-dependent acquisition;AC=PRIDE:0000627	NT=Q Exactive HF;AC=MS:1002523	TMT130N	NT=Lys-C;AC=MS:1001309	NT=Trypsin;AC=MS:1001251	NT=Carbamidomethyl;AC=UNIMOD:4;TA=C;MT=Fixed	26	1	Frac26.raw	v1.1.0	NT=ms-proteomics;VV=v1.1.0	NT=human;VV=v1.1.0	manual curation	GW6471	TMTpro 16plex
NXT629_3	Homo sapiens	cell culture	hepatocyte spheroid	3	Frac26_TMT130C	proteomic profiling by mass spectrometry	NT=Data-dependent acquisition;AC=PRIDE:0000627	NT=Q Exactive HF;AC=MS:1002523	TMT130C	NT=Lys-C;AC=MS:1001309	NT=Trypsin;AC=MS:1001251	NT=Carbamidomethyl;AC=UNIMOD:4;TA=C;MT=Fixed	26	1	Frac26.raw	v1.1.0	NT=ms-proteomics;VV=v1.1.0	NT=human;VV=v1.1.0	manual curation	NXT629	TMTpro 16plex
DMSO_3	Homo sapiens	cell culture	hepatocyte spheroid	3	Frac26_TMT131N	proteomic profiling by mass spectrometry	NT=Data-dependent acquisition;AC=PRIDE:0000627	NT=Q Exactive HF;AC=MS:1002523	TMT131N	NT=Lys-C;AC=MS:1001309	NT=Trypsin;AC=MS:1001251	NT=Carbamidomethyl;AC=UNIMOD:4;TA=C;MT=Fixed	26	1	Frac26.raw	v1.1.0	NT=ms-proteomics;VV=v1.1.0	NT=human;VV=v1.1.0	manual curation	DMSO	TMTpro 16plex
NXT629_4	Homo sapiens	cell culture	hepatocyte spheroid	4	Frac26_TMT131C	proteomic profiling by mass spectrometry	NT=Data-dependent acquisition;AC=PRIDE:0000627	NT=Q Exactive HF;AC=MS:1002523	TMT131C	NT=Lys-C;AC=MS:1001309	NT=Trypsin;AC=MS:1001251	NT=Carbamidomethyl;AC=UNIMOD:4;TA=C;MT=Fixed	26	1	Frac26.raw	v1.1.0	NT=ms-proteomics;VV=v1.1.0	NT=human;VV=v1.1.0	manual curation	NXT629	TMTpro 16plex
DMSO_4	Homo sapiens	cell culture	hepatocyte spheroid	4	Frac26_TMT132N	proteomic profiling by mass spectrometry	NT=Data-dependent acquisition;AC=PRIDE:0000627	NT=Q Exactive HF;AC=MS:1002523	TMT132N	NT=Lys-C;AC=MS:1001309	NT=Trypsin;AC=MS:1001251	NT=Carbamidomethyl;AC=UNIMOD:4;TA=C;MT=Fixed	26	1	Frac26.raw	v1.1.0	NT=ms-proteomics;VV=v1.1.0	NT=human;VV=v1.1.0	manual curation	DMSO	TMTpro 16plex
MK886_3	Homo sapiens	cell culture	hepatocyte spheroid	3	Frac26_TMT132C	proteomic profiling by mass spectrometry	NT=Data-dependent acquisition;AC=PRIDE:0000627	NT=Q Exactive HF;AC=MS:1002523	TMT132C	NT=Lys-C;AC=MS:1001309	NT=Trypsin;AC=MS:1001251	NT=Carbamidomethyl;AC=UNIMOD:4;TA=C;MT=Fixed	26	1	Frac26.raw	v1.1.0	NT=ms-proteomics;VV=v1.1.0	NT=human;VV=v1.1.0	manual curation	MK886	TMTpro 16plex
GW6471_3	Homo sapiens	cell culture	hepatocyte spheroid	3	Frac26_TMT133N	proteomic profiling by mass spectrometry	NT=Data-dependent acquisition;AC=PRIDE:0000627	NT=Q Exactive HF;AC=MS:1002523	TMT133N	NT=Lys-C;AC=MS:1001309	NT=Trypsin;AC=MS:1001251	NT=Carbamidomethyl;AC=UNIMOD:4;TA=C;MT=Fixed	26	1	Frac26.raw	v1.1.0	NT=ms-proteomics;VV=v1.1.0	NT=human;VV=v1.1.0	manual curation	GW6471	TMTpro 16plex
MK886_4	Homo sapiens	cell culture	hepatocyte spheroid	4	Frac26_TMT133C	proteomic profiling by mass spectrometry	NT=Data-dependent acquisition;AC=PRIDE:0000627	NT=Q Exactive HF;AC=MS:1002523	TMT133C	NT=Lys-C;AC=MS:1001309	NT=Trypsin;AC=MS:1001251	NT=Carbamidomethyl;AC=UNIMOD:4;TA=C;MT=Fixed	26	1	Frac26.raw	v1.1.0	NT=ms-proteomics;VV=v1.1.0	NT=human;VV=v1.1.0	manual curation	MK886	TMTpro 16plex
GW6471_4	Homo sapiens	cell culture	hepatocyte spheroid	4	Frac26_TMT134N	proteomic profiling by mass spectrometry	NT=Data-dependent acquisition;AC=PRIDE:0000627	NT=Q Exactive HF;AC=MS:1002523	TMT134N	NT=Lys-C;AC=MS:1001309	NT=Trypsin;AC=MS:1001251	NT=Carbamidomethyl;AC=UNIMOD:4;TA=C;MT=Fixed	26	1	Frac26.raw	v1.1.0	NT=ms-proteomics;VV=v1.1.0	NT=human;VV=v1.1.0	manual curation	GW6471	TMTpro 16plex
NXT629_1	Homo sapiens	cell culture	hepatocyte spheroid	1	Frac41_TMT126	proteomic profiling by mass spectrometry	NT=Data-dependent acquisition;AC=PRIDE:0000627	NT=Q Exactive HF;AC=MS:1002523	TMT126	NT=Lys-C;AC=MS:1001309	NT=Trypsin;AC=MS:1001251	NT=Carbamidomethyl;AC=UNIMOD:4;TA=C;MT=Fixed	41	1	Frac41.raw	v1.1.0	NT=ms-proteomics;VV=v1.1.0	NT=human;VV=v1.1.0	manual curation	NXT629	TMTpro 16plex
MK886_1	Homo sapiens	cell culture	hepatocyte spheroid	1	Frac41_TMT127N	proteomic profiling by mass spectrometry	NT=Data-dependent acquisition;AC=PRIDE:0000627	NT=Q Exactive HF;AC=MS:1002523	TMT127N	NT=Lys-C;AC=MS:1001309	NT=Trypsin;AC=MS:1001251	NT=Carbamidomethyl;AC=UNIMOD:4;TA=C;MT=Fixed	41	1	Frac41.raw	v1.1.0	NT=ms-proteomics;VV=v1.1.0	NT=human;VV=v1.1.0	manual curation	MK886	TMTpro 16plex
NXT629_2	Homo sapiens	cell culture	hepatocyte spheroid	2	Frac41_TMT127C	proteomic profiling by mass spectrometry	NT=Data-dependent acquisition;AC=PRIDE:0000627	NT=Q Exactive HF;AC=MS:1002523	TMT127C	NT=Lys-C;AC=MS:1001309	NT=Trypsin;AC=MS:1001251	NT=Carbamidomethyl;AC=UNIMOD:4;TA=C;MT=Fixed	41	1	Frac41.raw	v1.1.0	NT=ms-proteomics;VV=v1.1.0	NT=human;VV=v1.1.0	manual curation	NXT629	TMTpro 16plex
MK886_2	Homo sapiens	cell culture	hepatocyte spheroid	2	Frac41_TMT128N	proteomic profiling by mass spectrometry	NT=Data-dependent acquisition;AC=PRIDE:0000627	NT=Q Exactive HF;AC=MS:1002523	TMT128N	NT=Lys-C;AC=MS:1001309	NT=Trypsin;AC=MS:1001251	NT=Carbamidomethyl;AC=UNIMOD:4;TA=C;MT=Fixed	41	1	Frac41.raw	v1.1.0	NT=ms-proteomics;VV=v1.1.0	NT=human;VV=v1.1.0	manual curation	MK886	TMTpro 16plex
DMSO_1	Homo sapiens	cell culture	hepatocyte spheroid	1	Frac41_TMT128C	proteomic profiling by mass spectrometry	NT=Data-dependent acquisition;AC=PRIDE:0000627	NT=Q Exactive HF;AC=MS:1002523	TMT128C	NT=Lys-C;AC=MS:1001309	NT=Trypsin;AC=MS:1001251	NT=Carbamidomethyl;AC=UNIMOD:4;TA=C;MT=Fixed	41	1	Frac41.raw	v1.1.0	NT=ms-proteomics;VV=v1.1.0	NT=human;VV=v1.1.0	manual curation	DMSO	TMTpro 16plex
GW6471_1	Homo sapiens	cell culture	hepatocyte spheroid	1	Frac41_TMT129N	proteomic profiling by mass spectrometry	NT=Data-dependent acquisition;AC=PRIDE:0000627	NT=Q Exactive HF;AC=MS:1002523	TMT129N	NT=Lys-C;AC=MS:1001309	NT=Trypsin;AC=MS:1001251	NT=Carbamidomethyl;AC=UNIMOD:4;TA=C;MT=Fixed	41	1	Frac41.raw	v1.1.0	NT=ms-proteomics;VV=v1.1.0	NT=human;VV=v1.1.0	manual curation	GW6471	TMTpro 16plex
DMSO_2	Homo sapiens	cell culture	hepatocyte spheroid	2	Frac41_TMT129C	proteomic profiling by mass spectrometry	NT=Data-dependent acquisition;AC=PRIDE:0000627	NT=Q Exactive HF;AC=MS:1002523	TMT129C	NT=Lys-C;AC=MS:1001309	NT=Trypsin;AC=MS:1001251	NT=Carbamidomethyl;AC=UNIMOD:4;TA=C;MT=Fixed	41	1	Frac41.raw	v1.1.0	NT=ms-proteomics;VV=v1.1.0	NT=human;VV=v1.1.0	manual curation	DMSO	TMTpro 16plex
GW6471_2	Homo sapiens	cell culture	hepatocyte spheroid	2	Frac41_TMT130N	proteomic profiling by mass spectrometry	NT=Data-dependent acquisition;AC=PRIDE:0000627	NT=Q Exactive HF;AC=MS:1002523	TMT130N	NT=Lys-C;AC=MS:1001309	NT=Trypsin;AC=MS:1001251	NT=Carbamidomethyl;AC=UNIMOD:4;TA=C;MT=Fixed	41	1	Frac41.raw	v1.1.0	NT=ms-proteomics;VV=v1.1.0	NT=human;VV=v1.1.0	manual curation	GW6471	TMTpro 16plex
NXT629_3	Homo sapiens	cell culture	hepatocyte spheroid	3	Frac41_TMT130C	proteomic profiling by mass spectrometry	NT=Data-dependent acquisition;AC=PRIDE:0000627	NT=Q Exactive HF;AC=MS:1002523	TMT130C	NT=Lys-C;AC=MS:1001309	NT=Trypsin;AC=MS:1001251	NT=Carbamidomethyl;AC=UNIMOD:4;TA=C;MT=Fixed	41	1	Frac41.raw	v1.1.0	NT=ms-proteomics;VV=v1.1.0	NT=human;VV=v1.1.0	manual curation	NXT629	TMTpro 16plex
DMSO_3	Homo sapiens	cell culture	hepatocyte spheroid	3	Frac41_TMT131N	proteomic profiling by mass spectrometry	NT=Data-dependent acquisition;AC=PRIDE:0000627	NT=Q Exactive HF;AC=MS:1002523	TMT131N	NT=Lys-C;AC=MS:1001309	NT=Trypsin;AC=MS:1001251	NT=Carbamidomethyl;AC=UNIMOD:4;TA=C;MT=Fixed	41	1	Frac41.raw	v1.1.0	NT=ms-proteomics;VV=v1.1.0	NT=human;VV=v1.1.0	manual curation	DMSO	TMTpro 16plex
NXT629_4	Homo sapiens	cell culture	hepatocyte spheroid	4	Frac41_TMT131C	proteomic profiling by mass spectrometry	NT=Data-dependent acquisition;AC=PRIDE:0000627	NT=Q Exactive HF;AC=MS:1002523	TMT131C	NT=Lys-C;AC=MS:1001309	NT=Trypsin;AC=MS:1001251	NT=Carbamidomethyl;AC=UNIMOD:4;TA=C;MT=Fixed	41	1	Frac41.raw	v1.1.0	NT=ms-proteomics;VV=v1.1.0	NT=human;VV=v1.1.0	manual curation	NXT629	TMTpro 16plex
DMSO_4	Homo sapiens	cell culture	hepatocyte spheroid	4	Frac41_TMT132N	proteomic profiling by mass spectrometry	NT=Data-dependent acquisition;AC=PRIDE:0000627	NT=Q Exactive HF;AC=MS:1002523	TMT132N	NT=Lys-C;AC=MS:1001309	NT=Trypsin;AC=MS:1001251	NT=Carbamidomethyl;AC=UNIMOD:4;TA=C;MT=Fixed	41	1	Frac41.raw	v1.1.0	NT=ms-proteomics;VV=v1.1.0	NT=human;VV=v1.1.0	manual curation	DMSO	TMTpro 16plex
MK886_3	Homo sapiens	cell culture	hepatocyte spheroid	3	Frac41_TMT132C	proteomic profiling by mass spectrometry	NT=Data-dependent acquisition;AC=PRIDE:0000627	NT=Q Exactive HF;AC=MS:1002523	TMT132C	NT=Lys-C;AC=MS:1001309	NT=Trypsin;AC=MS:1001251	NT=Carbamidomethyl;AC=UNIMOD:4;TA=C;MT=Fixed	41	1	Frac41.raw	v1.1.0	NT=ms-proteomics;VV=v1.1.0	NT=human;VV=v1.1.0	manual curation	MK886	TMTpro 16plex
GW6471_3	Homo sapiens	cell culture	hepatocyte spheroid	3	Frac41_TMT133N	proteomic profiling by mass spectrometry	NT=Data-dependent acquisition;AC=PRIDE:0000627	NT=Q Exactive HF;AC=MS:1002523	TMT133N	NT=Lys-C;AC=MS:1001309	NT=Trypsin;AC=MS:1001251	NT=Carbamidomethyl;AC=UNIMOD:4;TA=C;MT=Fixed	41	1	Frac41.raw	v1.1.0	NT=ms-proteomics;VV=v1.1.0	NT=human;VV=v1.1.0	manual curation	GW6471	TMTpro 16plex
MK886_4	Homo sapiens	cell culture	hepatocyte spheroid	4	Frac41_TMT133C	proteomic profiling by mass spectrometry	NT=Data-dependent acquisition;AC=PRIDE:0000627	NT=Q Exactive HF;AC=MS:1002523	TMT133C	NT=Lys-C;AC=MS:1001309	NT=Trypsin;AC=MS:1001251	NT=Carbamidomethyl;AC=UNIMOD:4;TA=C;MT=Fixed	41	1	Frac41.raw	v1.1.0	NT=ms-proteomics;VV=v1.1.0	NT=human;VV=v1.1.0	manual curation	MK886	TMTpro 16plex
GW6471_4	Homo sapiens	cell culture	hepatocyte spheroid	4	Frac41_TMT134N	proteomic profiling by mass spectrometry	NT=Data-dependent acquisition;AC=PRIDE:0000627	NT=Q Exactive HF;AC=MS:1002523	TMT134N	NT=Lys-C;AC=MS:1001309	NT=Trypsin;AC=MS:1001251	NT=Carbamidomethyl;AC=UNIMOD:4;TA=C;MT=Fixed	41	1	Frac41.raw	v1.1.0	NT=ms-proteomics;VV=v1.1.0	NT=human;VV=v1.1.0	manual curation	GW6471	TMTpro 16plex
NXT629_1	Homo sapiens	cell culture	hepatocyte spheroid	1	Frac9_TMT126	proteomic profiling by mass spectrometry	NT=Data-dependent acquisition;AC=PRIDE:0000627	NT=Q Exactive HF;AC=MS:1002523	TMT126	NT=Lys-C;AC=MS:1001309	NT=Trypsin;AC=MS:1001251	NT=Carbamidomethyl;AC=UNIMOD:4;TA=C;MT=Fixed	9	1	Frac9.raw	v1.1.0	NT=ms-proteomics;VV=v1.1.0	NT=human;VV=v1.1.0	manual curation	NXT629	TMTpro 16plex
MK886_1	Homo sapiens	cell culture	hepatocyte spheroid	1	Frac9_TMT127N	proteomic profiling by mass spectrometry	NT=Data-dependent acquisition;AC=PRIDE:0000627	NT=Q Exactive HF;AC=MS:1002523	TMT127N	NT=Lys-C;AC=MS:1001309	NT=Trypsin;AC=MS:1001251	NT=Carbamidomethyl;AC=UNIMOD:4;TA=C;MT=Fixed	9	1	Frac9.raw	v1.1.0	NT=ms-proteomics;VV=v1.1.0	NT=human;VV=v1.1.0	manual curation	MK886	TMTpro 16plex
NXT629_2	Homo sapiens	cell culture	hepatocyte spheroid	2	Frac9_TMT127C	proteomic profiling by mass spectrometry	NT=Data-dependent acquisition;AC=PRIDE:0000627	NT=Q Exactive HF;AC=MS:1002523	TMT127C	NT=Lys-C;AC=MS:1001309	NT=Trypsin;AC=MS:1001251	NT=Carbamidomethyl;AC=UNIMOD:4;TA=C;MT=Fixed	9	1	Frac9.raw	v1.1.0	NT=ms-proteomics;VV=v1.1.0	NT=human;VV=v1.1.0	manual curation	NXT629	TMTpro 16plex
MK886_2	Homo sapiens	cell culture	hepatocyte spheroid	2	Frac9_TMT128N	proteomic profiling by mass spectrometry	NT=Data-dependent acquisition;AC=PRIDE:0000627	NT=Q Exactive HF;AC=MS:1002523	TMT128N	NT=Lys-C;AC=MS:1001309	NT=Trypsin;AC=MS:1001251	NT=Carbamidomethyl;AC=UNIMOD:4;TA=C;MT=Fixed	9	1	Frac9.raw	v1.1.0	NT=ms-proteomics;VV=v1.1.0	NT=human;VV=v1.1.0	manual curation	MK886	TMTpro 16plex
DMSO_1	Homo sapiens	cell culture	hepatocyte spheroid	1	Frac9_TMT128C	proteomic profiling by mass spectrometry	NT=Data-dependent acquisition;AC=PRIDE:0000627	NT=Q Exactive HF;AC=MS:1002523	TMT128C	NT=Lys-C;AC=MS:1001309	NT=Trypsin;AC=MS:1001251	NT=Carbamidomethyl;AC=UNIMOD:4;TA=C;MT=Fixed	9	1	Frac9.raw	v1.1.0	NT=ms-proteomics;VV=v1.1.0	NT=human;VV=v1.1.0	manual curation	DMSO	TMTpro 16plex
GW6471_1	Homo sapiens	cell culture	hepatocyte spheroid	1	Frac9_TMT129N	proteomic profiling by mass spectrometry	NT=Data-dependent acquisition;AC=PRIDE:0000627	NT=Q Exactive HF;AC=MS:1002523	TMT129N	NT=Lys-C;AC=MS:1001309	NT=Trypsin;AC=MS:1001251	NT=Carbamidomethyl;AC=UNIMOD:4;TA=C;MT=Fixed	9	1	Frac9.raw	v1.1.0	NT=ms-proteomics;VV=v1.1.0	NT=human;VV=v1.1.0	manual curation	GW6471	TMTpro 16plex
DMSO_2	Homo sapiens	cell culture	hepatocyte spheroid	2	Frac9_TMT129C	proteomic profiling by mass spectrometry	NT=Data-dependent acquisition;AC=PRIDE:0000627	NT=Q Exactive HF;AC=MS:1002523	TMT129C	NT=Lys-C;AC=MS:1001309	NT=Trypsin;AC=MS:1001251	NT=Carbamidomethyl;AC=UNIMOD:4;TA=C;MT=Fixed	9	1	Frac9.raw	v1.1.0	NT=ms-proteomics;VV=v1.1.0	NT=human;VV=v1.1.0	manual curation	DMSO	TMTpro 16plex
GW6471_2	Homo sapiens	cell culture	hepatocyte spheroid	2	Frac9_TMT130N	proteomic profiling by mass spectrometry	NT=Data-dependent acquisition;AC=PRIDE:0000627	NT=Q Exactive HF;AC=MS:1002523	TMT130N	NT=Lys-C;AC=MS:1001309	NT=Trypsin;AC=MS:1001251	NT=Carbamidomethyl;AC=UNIMOD:4;TA=C;MT=Fixed	9	1	Frac9.raw	v1.1.0	NT=ms-proteomics;VV=v1.1.0	NT=human;VV=v1.1.0	manual curation	GW6471	TMTpro 16plex
NXT629_3	Homo sapiens	cell culture	hepatocyte spheroid	3	Frac9_TMT130C	proteomic profiling by mass spectrometry	NT=Data-dependent acquisition;AC=PRIDE:0000627	NT=Q Exactive HF;AC=MS:1002523	TMT130C	NT=Lys-C;AC=MS:1001309	NT=Trypsin;AC=MS:1001251	NT=Carbamidomethyl;AC=UNIMOD:4;TA=C;MT=Fixed	9	1	Frac9.raw	v1.1.0	NT=ms-proteomics;VV=v1.1.0	NT=human;VV=v1.1.0	manual curation	NXT629	TMTpro 16plex
DMSO_3	Homo sapiens	cell culture	hepatocyte spheroid	3	Frac9_TMT131N	proteomic profiling by mass spectrometry	NT=Data-dependent acquisition;AC=PRIDE:0000627	NT=Q Exactive HF;AC=MS:1002523	TMT131N	NT=Lys-C;AC=MS:1001309	NT=Trypsin;AC=MS:1001251	NT=Carbamidomethyl;AC=UNIMOD:4;TA=C;MT=Fixed	9	1	Frac9.raw	v1.1.0	NT=ms-proteomics;VV=v1.1.0	NT=human;VV=v1.1.0	manual curation	DMSO	TMTpro 16plex
NXT629_4	Homo sapiens	cell culture	hepatocyte spheroid	4	Frac9_TMT131C	proteomic profiling by mass spectrometry	NT=Data-dependent acquisition;AC=PRIDE:0000627	NT=Q Exactive HF;AC=MS:1002523	TMT131C	NT=Lys-C;AC=MS:1001309	NT=Trypsin;AC=MS:1001251	NT=Carbamidomethyl;AC=UNIMOD:4;TA=C;MT=Fixed	9	1	Frac9.raw	v1.1.0	NT=ms-proteomics;VV=v1.1.0	NT=human;VV=v1.1.0	manual curation	NXT629	TMTpro 16plex
DMSO_4	Homo sapiens	cell culture	hepatocyte spheroid	4	Frac9_TMT132N	proteomic profiling by mass spectrometry	NT=Data-dependent acquisition;AC=PRIDE:0000627	NT=Q Exactive HF;AC=MS:1002523	TMT132N	NT=Lys-C;AC=MS:1001309	NT=Trypsin;AC=MS:1001251	NT=Carbamidomethyl;AC=UNIMOD:4;TA=C;MT=Fixed	9	1	Frac9.raw	v1.1.0	NT=ms-proteomics;VV=v1.1.0	NT=human;VV=v1.1.0	manual curation	DMSO	TMTpro 16plex
MK886_3	Homo sapiens	cell culture	hepatocyte spheroid	3	Frac9_TMT132C	proteomic profiling by mass spectrometry	NT=Data-dependent acquisition;AC=PRIDE:0000627	NT=Q Exactive HF;AC=MS:1002523	TMT132C	NT=Lys-C;AC=MS:1001309	NT=Trypsin;AC=MS:1001251	NT=Carbamidomethyl;AC=UNIMOD:4;TA=C;MT=Fixed	9	1	Frac9.raw	v1.1.0	NT=ms-proteomics;VV=v1.1.0	NT=human;VV=v1.1.0	manual curation	MK886	TMTpro 16plex
GW6471_3	Homo sapiens	cell culture	hepatocyte spheroid	3	Frac9_TMT133N	proteomic profiling by mass spectrometry	NT=Data-dependent acquisition;AC=PRIDE:0000627	NT=Q Exactive HF;AC=MS:1002523	TMT133N	NT=Lys-C;AC=MS:1001309	NT=Trypsin;AC=MS:1001251	NT=Carbamidomethyl;AC=UNIMOD:4;TA=C;MT=Fixed	9	1	Frac9.raw	v1.1.0	NT=ms-proteomics;VV=v1.1.0	NT=human;VV=v1.1.0	manual curation	GW6471	TMTpro 16plex
MK886_4	Homo sapiens	cell culture	hepatocyte spheroid	4	Frac9_TMT133C	proteomic profiling by mass spectrometry	NT=Data-dependent acquisition;AC=PRIDE:0000627	NT=Q Exactive HF;AC=MS:1002523	TMT133C	NT=Lys-C;AC=MS:1001309	NT=Trypsin;AC=MS:1001251	NT=Carbamidomethyl;AC=UNIMOD:4;TA=C;MT=Fixed	9	1	Frac9.raw	v1.1.0	NT=ms-proteomics;VV=v1.1.0	NT=human;VV=v1.1.0	manual curation	MK886	TMTpro 16plex
GW6471_4	Homo sapiens	cell culture	hepatocyte spheroid	4	Frac9_TMT134N	proteomic profiling by mass spectrometry	NT=Data-dependent acquisition;AC=PRIDE:0000627	NT=Q Exactive HF;AC=MS:1002523	TMT134N	NT=Lys-C;AC=MS:1001309	NT=Trypsin;AC=MS:1001251	NT=Carbamidomethyl;AC=UNIMOD:4;TA=C;MT=Fixed	9	1	Frac9.raw	v1.1.0	NT=ms-proteomics;VV=v1.1.0	NT=human;VV=v1.1.0	manual curation	GW6471	TMTpro 16plex
NXT629_1	Homo sapiens	cell culture	hepatocyte spheroid	1	Frac32_TMT126	proteomic profiling by mass spectrometry	NT=Data-dependent acquisition;AC=PRIDE:0000627	NT=Q Exactive HF;AC=MS:1002523	TMT126	NT=Lys-C;AC=MS:1001309	NT=Trypsin;AC=MS:1001251	NT=Carbamidomethyl;AC=UNIMOD:4;TA=C;MT=Fixed	32	1	Frac32.raw	v1.1.0	NT=ms-proteomics;VV=v1.1.0	NT=human;VV=v1.1.0	manual curation	NXT629	TMTpro 16plex
MK886_1	Homo sapiens	cell culture	hepatocyte spheroid	1	Frac32_TMT127N	proteomic profiling by mass spectrometry	NT=Data-dependent acquisition;AC=PRIDE:0000627	NT=Q Exactive HF;AC=MS:1002523	TMT127N	NT=Lys-C;AC=MS:1001309	NT=Trypsin;AC=MS:1001251	NT=Carbamidomethyl;AC=UNIMOD:4;TA=C;MT=Fixed	32	1	Frac32.raw	v1.1.0	NT=ms-proteomics;VV=v1.1.0	NT=human;VV=v1.1.0	manual curation	MK886	TMTpro 16plex
NXT629_2	Homo sapiens	cell culture	hepatocyte spheroid	2	Frac32_TMT127C	proteomic profiling by mass spectrometry	NT=Data-dependent acquisition;AC=PRIDE:0000627	NT=Q Exactive HF;AC=MS:1002523	TMT127C	NT=Lys-C;AC=MS:1001309	NT=Trypsin;AC=MS:1001251	NT=Carbamidomethyl;AC=UNIMOD:4;TA=C;MT=Fixed	32	1	Frac32.raw	v1.1.0	NT=ms-proteomics;VV=v1.1.0	NT=human;VV=v1.1.0	manual curation	NXT629	TMTpro 16plex
MK886_2	Homo sapiens	cell culture	hepatocyte spheroid	2	Frac32_TMT128N	proteomic profiling by mass spectrometry	NT=Data-dependent acquisition;AC=PRIDE:0000627	NT=Q Exactive HF;AC=MS:1002523	TMT128N	NT=Lys-C;AC=MS:1001309	NT=Trypsin;AC=MS:1001251	NT=Carbamidomethyl;AC=UNIMOD:4;TA=C;MT=Fixed	32	1	Frac32.raw	v1.1.0	NT=ms-proteomics;VV=v1.1.0	NT=human;VV=v1.1.0	manual curation	MK886	TMTpro 16plex
DMSO_1	Homo sapiens	cell culture	hepatocyte spheroid	1	Frac32_TMT128C	proteomic profiling by mass spectrometry	NT=Data-dependent acquisition;AC=PRIDE:0000627	NT=Q Exactive HF;AC=MS:1002523	TMT128C	NT=Lys-C;AC=MS:1001309	NT=Trypsin;AC=MS:1001251	NT=Carbamidomethyl;AC=UNIMOD:4;TA=C;MT=Fixed	32	1	Frac32.raw	v1.1.0	NT=ms-proteomics;VV=v1.1.0	NT=human;VV=v1.1.0	manual curation	DMSO	TMTpro 16plex
GW6471_1	Homo sapiens	cell culture	hepatocyte spheroid	1	Frac32_TMT129N	proteomic profiling by mass spectrometry	NT=Data-dependent acquisition;AC=PRIDE:0000627	NT=Q Exactive HF;AC=MS:1002523	TMT129N	NT=Lys-C;AC=MS:1001309	NT=Trypsin;AC=MS:1001251	NT=Carbamidomethyl;AC=UNIMOD:4;TA=C;MT=Fixed	32	1	Frac32.raw	v1.1.0	NT=ms-proteomics;VV=v1.1.0	NT=human;VV=v1.1.0	manual curation	GW6471	TMTpro 16plex
DMSO_2	Homo sapiens	cell culture	hepatocyte spheroid	2	Frac32_TMT129C	proteomic profiling by mass spectrometry	NT=Data-dependent acquisition;AC=PRIDE:0000627	NT=Q Exactive HF;AC=MS:1002523	TMT129C	NT=Lys-C;AC=MS:1001309	NT=Trypsin;AC=MS:1001251	NT=Carbamidomethyl;AC=UNIMOD:4;TA=C;MT=Fixed	32	1	Frac32.raw	v1.1.0	NT=ms-proteomics;VV=v1.1.0	NT=human;VV=v1.1.0	manual curation	DMSO	TMTpro 16plex
GW6471_2	Homo sapiens	cell culture	hepatocyte spheroid	2	Frac32_TMT130N	proteomic profiling by mass spectrometry	NT=Data-dependent acquisition;AC=PRIDE:0000627	NT=Q Exactive HF;AC=MS:1002523	TMT130N	NT=Lys-C;AC=MS:1001309	NT=Trypsin;AC=MS:1001251	NT=Carbamidomethyl;AC=UNIMOD:4;TA=C;MT=Fixed	32	1	Frac32.raw	v1.1.0	NT=ms-proteomics;VV=v1.1.0	NT=human;VV=v1.1.0	manual curation	GW6471	TMTpro 16plex
NXT629_3	Homo sapiens	cell culture	hepatocyte spheroid	3	Frac32_TMT130C	proteomic profiling by mass spectrometry	NT=Data-dependent acquisition;AC=PRIDE:0000627	NT=Q Exactive HF;AC=MS:1002523	TMT130C	NT=Lys-C;AC=MS:1001309	NT=Trypsin;AC=MS:1001251	NT=Carbamidomethyl;AC=UNIMOD:4;TA=C;MT=Fixed	32	1	Frac32.raw	v1.1.0	NT=ms-proteomics;VV=v1.1.0	NT=human;VV=v1.1.0	manual curation	NXT629	TMTpro 16plex
DMSO_3	Homo sapiens	cell culture	hepatocyte spheroid	3	Frac32_TMT131N	proteomic profiling by mass spectrometry	NT=Data-dependent acquisition;AC=PRIDE:0000627	NT=Q Exactive HF;AC=MS:1002523	TMT131N	NT=Lys-C;AC=MS:1001309	NT=Trypsin;AC=MS:1001251	NT=Carbamidomethyl;AC=UNIMOD:4;TA=C;MT=Fixed	32	1	Frac32.raw	v1.1.0	NT=ms-proteomics;VV=v1.1.0	NT=human;VV=v1.1.0	manual curation	DMSO	TMTpro 16plex
NXT629_4	Homo sapiens	cell culture	hepatocyte spheroid	4	Frac32_TMT131C	proteomic profiling by mass spectrometry	NT=Data-dependent acquisition;AC=PRIDE:0000627	NT=Q Exactive HF;AC=MS:1002523	TMT131C	NT=Lys-C;AC=MS:1001309	NT=Trypsin;AC=MS:1001251	NT=Carbamidomethyl;AC=UNIMOD:4;TA=C;MT=Fixed	32	1	Frac32.raw	v1.1.0	NT=ms-proteomics;VV=v1.1.0	NT=human;VV=v1.1.0	manual curation	NXT629	TMTpro 16plex
DMSO_4	Homo sapiens	cell culture	hepatocyte spheroid	4	Frac32_TMT132N	proteomic profiling by mass spectrometry	NT=Data-dependent acquisition;AC=PRIDE:0000627	NT=Q Exactive HF;AC=MS:1002523	TMT132N	NT=Lys-C;AC=MS:1001309	NT=Trypsin;AC=MS:1001251	NT=Carbamidomethyl;AC=UNIMOD:4;TA=C;MT=Fixed	32	1	Frac32.raw	v1.1.0	NT=ms-proteomics;VV=v1.1.0	NT=human;VV=v1.1.0	manual curation	DMSO	TMTpro 16plex
MK886_3	Homo sapiens	cell culture	hepatocyte spheroid	3	Frac32_TMT132C	proteomic profiling by mass spectrometry	NT=Data-dependent acquisition;AC=PRIDE:0000627	NT=Q Exactive HF;AC=MS:1002523	TMT132C	NT=Lys-C;AC=MS:1001309	NT=Trypsin;AC=MS:1001251	NT=Carbamidomethyl;AC=UNIMOD:4;TA=C;MT=Fixed	32	1	Frac32.raw	v1.1.0	NT=ms-proteomics;VV=v1.1.0	NT=human;VV=v1.1.0	manual curation	MK886	TMTpro 16plex
GW6471_3	Homo sapiens	cell culture	hepatocyte spheroid	3	Frac32_TMT133N	proteomic profiling by mass spectrometry	NT=Data-dependent acquisition;AC=PRIDE:0000627	NT=Q Exactive HF;AC=MS:1002523	TMT133N	NT=Lys-C;AC=MS:1001309	NT=Trypsin;AC=MS:1001251	NT=Carbamidomethyl;AC=UNIMOD:4;TA=C;MT=Fixed	32	1	Frac32.raw	v1.1.0	NT=ms-proteomics;VV=v1.1.0	NT=human;VV=v1.1.0	manual curation	GW6471	TMTpro 16plex
MK886_4	Homo sapiens	cell culture	hepatocyte spheroid	4	Frac32_TMT133C	proteomic profiling by mass spectrometry	NT=Data-dependent acquisition;AC=PRIDE:0000627	NT=Q Exactive HF;AC=MS:1002523	TMT133C	NT=Lys-C;AC=MS:1001309	NT=Trypsin;AC=MS:1001251	NT=Carbamidomethyl;AC=UNIMOD:4;TA=C;MT=Fixed	32	1	Frac32.raw	v1.1.0	NT=ms-proteomics;VV=v1.1.0	NT=human;VV=v1.1.0	manual curation	MK886	TMTpro 16plex
GW6471_4	Homo sapiens	cell culture	hepatocyte spheroid	4	Frac32_TMT134N	proteomic profiling by mass spectrometry	NT=Data-dependent acquisition;AC=PRIDE:0000627	NT=Q Exactive HF;AC=MS:1002523	TMT134N	NT=Lys-C;AC=MS:1001309	NT=Trypsin;AC=MS:1001251	NT=Carbamidomethyl;AC=UNIMOD:4;TA=C;MT=Fixed	32	1	Frac32.raw	v1.1.0	NT=ms-proteomics;VV=v1.1.0	NT=human;VV=v1.1.0	manual curation	GW6471	TMTpro 16plex
NXT629_1	Homo sapiens	cell culture	hepatocyte spheroid	1	Frac4_TMT126	proteomic profiling by mass spectrometry	NT=Data-dependent acquisition;AC=PRIDE:0000627	NT=Q Exactive HF;AC=MS:1002523	TMT126	NT=Lys-C;AC=MS:1001309	NT=Trypsin;AC=MS:1001251	NT=Carbamidomethyl;AC=UNIMOD:4;TA=C;MT=Fixed	4	1	Frac4.raw	v1.1.0	NT=ms-proteomics;VV=v1.1.0	NT=human;VV=v1.1.0	manual curation	NXT629	TMTpro 16plex
MK886_1	Homo sapiens	cell culture	hepatocyte spheroid	1	Frac4_TMT127N	proteomic profiling by mass spectrometry	NT=Data-dependent acquisition;AC=PRIDE:0000627	NT=Q Exactive HF;AC=MS:1002523	TMT127N	NT=Lys-C;AC=MS:1001309	NT=Trypsin;AC=MS:1001251	NT=Carbamidomethyl;AC=UNIMOD:4;TA=C;MT=Fixed	4	1	Frac4.raw	v1.1.0	NT=ms-proteomics;VV=v1.1.0	NT=human;VV=v1.1.0	manual curation	MK886	TMTpro 16plex
NXT629_2	Homo sapiens	cell culture	hepatocyte spheroid	2	Frac4_TMT127C	proteomic profiling by mass spectrometry	NT=Data-dependent acquisition;AC=PRIDE:0000627	NT=Q Exactive HF;AC=MS:1002523	TMT127C	NT=Lys-C;AC=MS:1001309	NT=Trypsin;AC=MS:1001251	NT=Carbamidomethyl;AC=UNIMOD:4;TA=C;MT=Fixed	4	1	Frac4.raw	v1.1.0	NT=ms-proteomics;VV=v1.1.0	NT=human;VV=v1.1.0	manual curation	NXT629	TMTpro 16plex
MK886_2	Homo sapiens	cell culture	hepatocyte spheroid	2	Frac4_TMT128N	proteomic profiling by mass spectrometry	NT=Data-dependent acquisition;AC=PRIDE:0000627	NT=Q Exactive HF;AC=MS:1002523	TMT128N	NT=Lys-C;AC=MS:1001309	NT=Trypsin;AC=MS:1001251	NT=Carbamidomethyl;AC=UNIMOD:4;TA=C;MT=Fixed	4	1	Frac4.raw	v1.1.0	NT=ms-proteomics;VV=v1.1.0	NT=human;VV=v1.1.0	manual curation	MK886	TMTpro 16plex
DMSO_1	Homo sapiens	cell culture	hepatocyte spheroid	1	Frac4_TMT128C	proteomic profiling by mass spectrometry	NT=Data-dependent acquisition;AC=PRIDE:0000627	NT=Q Exactive HF;AC=MS:1002523	TMT128C	NT=Lys-C;AC=MS:1001309	NT=Trypsin;AC=MS:1001251	NT=Carbamidomethyl;AC=UNIMOD:4;TA=C;MT=Fixed	4	1	Frac4.raw	v1.1.0	NT=ms-proteomics;VV=v1.1.0	NT=human;VV=v1.1.0	manual curation	DMSO	TMTpro 16plex
GW6471_1	Homo sapiens	cell culture	hepatocyte spheroid	1	Frac4_TMT129N	proteomic profiling by mass spectrometry	NT=Data-dependent acquisition;AC=PRIDE:0000627	NT=Q Exactive HF;AC=MS:1002523	TMT129N	NT=Lys-C;AC=MS:1001309	NT=Trypsin;AC=MS:1001251	NT=Carbamidomethyl;AC=UNIMOD:4;TA=C;MT=Fixed	4	1	Frac4.raw	v1.1.0	NT=ms-proteomics;VV=v1.1.0	NT=human;VV=v1.1.0	manual curation	GW6471	TMTpro 16plex
DMSO_2	Homo sapiens	cell culture	hepatocyte spheroid	2	Frac4_TMT129C	proteomic profiling by mass spectrometry	NT=Data-dependent acquisition;AC=PRIDE:0000627	NT=Q Exactive HF;AC=MS:1002523	TMT129C	NT=Lys-C;AC=MS:1001309	NT=Trypsin;AC=MS:1001251	NT=Carbamidomethyl;AC=UNIMOD:4;TA=C;MT=Fixed	4	1	Frac4.raw	v1.1.0	NT=ms-proteomics;VV=v1.1.0	NT=human;VV=v1.1.0	manual curation	DMSO	TMTpro 16plex
GW6471_2	Homo sapiens	cell culture	hepatocyte spheroid	2	Frac4_TMT130N	proteomic profiling by mass spectrometry	NT=Data-dependent acquisition;AC=PRIDE:0000627	NT=Q Exactive HF;AC=MS:1002523	TMT130N	NT=Lys-C;AC=MS:1001309	NT=Trypsin;AC=MS:1001251	NT=Carbamidomethyl;AC=UNIMOD:4;TA=C;MT=Fixed	4	1	Frac4.raw	v1.1.0	NT=ms-proteomics;VV=v1.1.0	NT=human;VV=v1.1.0	manual curation	GW6471	TMTpro 16plex
NXT629_3	Homo sapiens	cell culture	hepatocyte spheroid	3	Frac4_TMT130C	proteomic profiling by mass spectrometry	NT=Data-dependent acquisition;AC=PRIDE:0000627	NT=Q Exactive HF;AC=MS:1002523	TMT130C	NT=Lys-C;AC=MS:1001309	NT=Trypsin;AC=MS:1001251	NT=Carbamidomethyl;AC=UNIMOD:4;TA=C;MT=Fixed	4	1	Frac4.raw	v1.1.0	NT=ms-proteomics;VV=v1.1.0	NT=human;VV=v1.1.0	manual curation	NXT629	TMTpro 16plex
DMSO_3	Homo sapiens	cell culture	hepatocyte spheroid	3	Frac4_TMT131N	proteomic profiling by mass spectrometry	NT=Data-dependent acquisition;AC=PRIDE:0000627	NT=Q Exactive HF;AC=MS:1002523	TMT131N	NT=Lys-C;AC=MS:1001309	NT=Trypsin;AC=MS:1001251	NT=Carbamidomethyl;AC=UNIMOD:4;TA=C;MT=Fixed	4	1	Frac4.raw	v1.1.0	NT=ms-proteomics;VV=v1.1.0	NT=human;VV=v1.1.0	manual curation	DMSO	TMTpro 16plex
NXT629_4	Homo sapiens	cell culture	hepatocyte spheroid	4	Frac4_TMT131C	proteomic profiling by mass spectrometry	NT=Data-dependent acquisition;AC=PRIDE:0000627	NT=Q Exactive HF;AC=MS:1002523	TMT131C	NT=Lys-C;AC=MS:1001309	NT=Trypsin;AC=MS:1001251	NT=Carbamidomethyl;AC=UNIMOD:4;TA=C;MT=Fixed	4	1	Frac4.raw	v1.1.0	NT=ms-proteomics;VV=v1.1.0	NT=human;VV=v1.1.0	manual curation	NXT629	TMTpro 16plex
DMSO_4	Homo sapiens	cell culture	hepatocyte spheroid	4	Frac4_TMT132N	proteomic profiling by mass spectrometry	NT=Data-dependent acquisition;AC=PRIDE:0000627	NT=Q Exactive HF;AC=MS:1002523	TMT132N	NT=Lys-C;AC=MS:1001309	NT=Trypsin;AC=MS:1001251	NT=Carbamidomethyl;AC=UNIMOD:4;TA=C;MT=Fixed	4	1	Frac4.raw	v1.1.0	NT=ms-proteomics;VV=v1.1.0	NT=human;VV=v1.1.0	manual curation	DMSO	TMTpro 16plex
MK886_3	Homo sapiens	cell culture	hepatocyte spheroid	3	Frac4_TMT132C	proteomic profiling by mass spectrometry	NT=Data-dependent acquisition;AC=PRIDE:0000627	NT=Q Exactive HF;AC=MS:1002523	TMT132C	NT=Lys-C;AC=MS:1001309	NT=Trypsin;AC=MS:1001251	NT=Carbamidomethyl;AC=UNIMOD:4;TA=C;MT=Fixed	4	1	Frac4.raw	v1.1.0	NT=ms-proteomics;VV=v1.1.0	NT=human;VV=v1.1.0	manual curation	MK886	TMTpro 16plex
GW6471_3	Homo sapiens	cell culture	hepatocyte spheroid	3	Frac4_TMT133N	proteomic profiling by mass spectrometry	NT=Data-dependent acquisition;AC=PRIDE:0000627	NT=Q Exactive HF;AC=MS:1002523	TMT133N	NT=Lys-C;AC=MS:1001309	NT=Trypsin;AC=MS:1001251	NT=Carbamidomethyl;AC=UNIMOD:4;TA=C;MT=Fixed	4	1	Frac4.raw	v1.1.0	NT=ms-proteomics;VV=v1.1.0	NT=human;VV=v1.1.0	manual curation	GW6471	TMTpro 16plex
MK886_4	Homo sapiens	cell culture	hepatocyte spheroid	4	Frac4_TMT133C	proteomic profiling by mass spectrometry	NT=Data-dependent acquisition;AC=PRIDE:0000627	NT=Q Exactive HF;AC=MS:1002523	TMT133C	NT=Lys-C;AC=MS:1001309	NT=Trypsin;AC=MS:1001251	NT=Carbamidomethyl;AC=UNIMOD:4;TA=C;MT=Fixed	4	1	Frac4.raw	v1.1.0	NT=ms-proteomics;VV=v1.1.0	NT=human;VV=v1.1.0	manual curation	MK886	TMTpro 16plex
GW6471_4	Homo sapiens	cell culture	hepatocyte spheroid	4	Frac4_TMT134N	proteomic profiling by mass spectrometry	NT=Data-dependent acquisition;AC=PRIDE:0000627	NT=Q Exactive HF;AC=MS:1002523	TMT134N	NT=Lys-C;AC=MS:1001309	NT=Trypsin;AC=MS:1001251	NT=Carbamidomethyl;AC=UNIMOD:4;TA=C;MT=Fixed	4	1	Frac4.raw	v1.1.0	NT=ms-proteomics;VV=v1.1.0	NT=human;VV=v1.1.0	manual curation	GW6471	TMTpro 16plex
NXT629_1	Homo sapiens	cell culture	hepatocyte spheroid	1	Frac46_TMT126	proteomic profiling by mass spectrometry	NT=Data-dependent acquisition;AC=PRIDE:0000627	NT=Q Exactive HF;AC=MS:1002523	TMT126	NT=Lys-C;AC=MS:1001309	NT=Trypsin;AC=MS:1001251	NT=Carbamidomethyl;AC=UNIMOD:4;TA=C;MT=Fixed	46	1	Frac46.raw	v1.1.0	NT=ms-proteomics;VV=v1.1.0	NT=human;VV=v1.1.0	manual curation	NXT629	TMTpro 16plex
MK886_1	Homo sapiens	cell culture	hepatocyte spheroid	1	Frac46_TMT127N	proteomic profiling by mass spectrometry	NT=Data-dependent acquisition;AC=PRIDE:0000627	NT=Q Exactive HF;AC=MS:1002523	TMT127N	NT=Lys-C;AC=MS:1001309	NT=Trypsin;AC=MS:1001251	NT=Carbamidomethyl;AC=UNIMOD:4;TA=C;MT=Fixed	46	1	Frac46.raw	v1.1.0	NT=ms-proteomics;VV=v1.1.0	NT=human;VV=v1.1.0	manual curation	MK886	TMTpro 16plex
NXT629_2	Homo sapiens	cell culture	hepatocyte spheroid	2	Frac46_TMT127C	proteomic profiling by mass spectrometry	NT=Data-dependent acquisition;AC=PRIDE:0000627	NT=Q Exactive HF;AC=MS:1002523	TMT127C	NT=Lys-C;AC=MS:1001309	NT=Trypsin;AC=MS:1001251	NT=Carbamidomethyl;AC=UNIMOD:4;TA=C;MT=Fixed	46	1	Frac46.raw	v1.1.0	NT=ms-proteomics;VV=v1.1.0	NT=human;VV=v1.1.0	manual curation	NXT629	TMTpro 16plex
MK886_2	Homo sapiens	cell culture	hepatocyte spheroid	2	Frac46_TMT128N	proteomic profiling by mass spectrometry	NT=Data-dependent acquisition;AC=PRIDE:0000627	NT=Q Exactive HF;AC=MS:1002523	TMT128N	NT=Lys-C;AC=MS:1001309	NT=Trypsin;AC=MS:1001251	NT=Carbamidomethyl;AC=UNIMOD:4;TA=C;MT=Fixed	46	1	Frac46.raw	v1.1.0	NT=ms-proteomics;VV=v1.1.0	NT=human;VV=v1.1.0	manual curation	MK886	TMTpro 16plex
DMSO_1	Homo sapiens	cell culture	hepatocyte spheroid	1	Frac46_TMT128C	proteomic profiling by mass spectrometry	NT=Data-dependent acquisition;AC=PRIDE:0000627	NT=Q Exactive HF;AC=MS:1002523	TMT128C	NT=Lys-C;AC=MS:1001309	NT=Trypsin;AC=MS:1001251	NT=Carbamidomethyl;AC=UNIMOD:4;TA=C;MT=Fixed	46	1	Frac46.raw	v1.1.0	NT=ms-proteomics;VV=v1.1.0	NT=human;VV=v1.1.0	manual curation	DMSO	TMTpro 16plex
GW6471_1	Homo sapiens	cell culture	hepatocyte spheroid	1	Frac46_TMT129N	proteomic profiling by mass spectrometry	NT=Data-dependent acquisition;AC=PRIDE:0000627	NT=Q Exactive HF;AC=MS:1002523	TMT129N	NT=Lys-C;AC=MS:1001309	NT=Trypsin;AC=MS:1001251	NT=Carbamidomethyl;AC=UNIMOD:4;TA=C;MT=Fixed	46	1	Frac46.raw	v1.1.0	NT=ms-proteomics;VV=v1.1.0	NT=human;VV=v1.1.0	manual curation	GW6471	TMTpro 16plex
DMSO_2	Homo sapiens	cell culture	hepatocyte spheroid	2	Frac46_TMT129C	proteomic profiling by mass spectrometry	NT=Data-dependent acquisition;AC=PRIDE:0000627	NT=Q Exactive HF;AC=MS:1002523	TMT129C	NT=Lys-C;AC=MS:1001309	NT=Trypsin;AC=MS:1001251	NT=Carbamidomethyl;AC=UNIMOD:4;TA=C;MT=Fixed	46	1	Frac46.raw	v1.1.0	NT=ms-proteomics;VV=v1.1.0	NT=human;VV=v1.1.0	manual curation	DMSO	TMTpro 16plex
GW6471_2	Homo sapiens	cell culture	hepatocyte spheroid	2	Frac46_TMT130N	proteomic profiling by mass spectrometry	NT=Data-dependent acquisition;AC=PRIDE:0000627	NT=Q Exactive HF;AC=MS:1002523	TMT130N	NT=Lys-C;AC=MS:1001309	NT=Trypsin;AC=MS:1001251	NT=Carbamidomethyl;AC=UNIMOD:4;TA=C;MT=Fixed	46	1	Frac46.raw	v1.1.0	NT=ms-proteomics;VV=v1.1.0	NT=human;VV=v1.1.0	manual curation	GW6471	TMTpro 16plex
NXT629_3	Homo sapiens	cell culture	hepatocyte spheroid	3	Frac46_TMT130C	proteomic profiling by mass spectrometry	NT=Data-dependent acquisition;AC=PRIDE:0000627	NT=Q Exactive HF;AC=MS:1002523	TMT130C	NT=Lys-C;AC=MS:1001309	NT=Trypsin;AC=MS:1001251	NT=Carbamidomethyl;AC=UNIMOD:4;TA=C;MT=Fixed	46	1	Frac46.raw	v1.1.0	NT=ms-proteomics;VV=v1.1.0	NT=human;VV=v1.1.0	manual curation	NXT629	TMTpro 16plex
DMSO_3	Homo sapiens	cell culture	hepatocyte spheroid	3	Frac46_TMT131N	proteomic profiling by mass spectrometry	NT=Data-dependent acquisition;AC=PRIDE:0000627	NT=Q Exactive HF;AC=MS:1002523	TMT131N	NT=Lys-C;AC=MS:1001309	NT=Trypsin;AC=MS:1001251	NT=Carbamidomethyl;AC=UNIMOD:4;TA=C;MT=Fixed	46	1	Frac46.raw	v1.1.0	NT=ms-proteomics;VV=v1.1.0	NT=human;VV=v1.1.0	manual curation	DMSO	TMTpro 16plex
NXT629_4	Homo sapiens	cell culture	hepatocyte spheroid	4	Frac46_TMT131C	proteomic profiling by mass spectrometry	NT=Data-dependent acquisition;AC=PRIDE:0000627	NT=Q Exactive HF;AC=MS:1002523	TMT131C	NT=Lys-C;AC=MS:1001309	NT=Trypsin;AC=MS:1001251	NT=Carbamidomethyl;AC=UNIMOD:4;TA=C;MT=Fixed	46	1	Frac46.raw	v1.1.0	NT=ms-proteomics;VV=v1.1.0	NT=human;VV=v1.1.0	manual curation	NXT629	TMTpro 16plex
DMSO_4	Homo sapiens	cell culture	hepatocyte spheroid	4	Frac46_TMT132N	proteomic profiling by mass spectrometry	NT=Data-dependent acquisition;AC=PRIDE:0000627	NT=Q Exactive HF;AC=MS:1002523	TMT132N	NT=Lys-C;AC=MS:1001309	NT=Trypsin;AC=MS:1001251	NT=Carbamidomethyl;AC=UNIMOD:4;TA=C;MT=Fixed	46	1	Frac46.raw	v1.1.0	NT=ms-proteomics;VV=v1.1.0	NT=human;VV=v1.1.0	manual curation	DMSO	TMTpro 16plex
MK886_3	Homo sapiens	cell culture	hepatocyte spheroid	3	Frac46_TMT132C	proteomic profiling by mass spectrometry	NT=Data-dependent acquisition;AC=PRIDE:0000627	NT=Q Exactive HF;AC=MS:1002523	TMT132C	NT=Lys-C;AC=MS:1001309	NT=Trypsin;AC=MS:1001251	NT=Carbamidomethyl;AC=UNIMOD:4;TA=C;MT=Fixed	46	1	Frac46.raw	v1.1.0	NT=ms-proteomics;VV=v1.1.0	NT=human;VV=v1.1.0	manual curation	MK886	TMTpro 16plex
GW6471_3	Homo sapiens	cell culture	hepatocyte spheroid	3	Frac46_TMT133N	proteomic profiling by mass spectrometry	NT=Data-dependent acquisition;AC=PRIDE:0000627	NT=Q Exactive HF;AC=MS:1002523	TMT133N	NT=Lys-C;AC=MS:1001309	NT=Trypsin;AC=MS:1001251	NT=Carbamidomethyl;AC=UNIMOD:4;TA=C;MT=Fixed	46	1	Frac46.raw	v1.1.0	NT=ms-proteomics;VV=v1.1.0	NT=human;VV=v1.1.0	manual curation	GW6471	TMTpro 16plex
MK886_4	Homo sapiens	cell culture	hepatocyte spheroid	4	Frac46_TMT133C	proteomic profiling by mass spectrometry	NT=Data-dependent acquisition;AC=PRIDE:0000627	NT=Q Exactive HF;AC=MS:1002523	TMT133C	NT=Lys-C;AC=MS:1001309	NT=Trypsin;AC=MS:1001251	NT=Carbamidomethyl;AC=UNIMOD:4;TA=C;MT=Fixed	46	1	Frac46.raw	v1.1.0	NT=ms-proteomics;VV=v1.1.0	NT=human;VV=v1.1.0	manual curation	MK886	TMTpro 16plex
GW6471_4	Homo sapiens	cell culture	hepatocyte spheroid	4	Frac46_TMT134N	proteomic profiling by mass spectrometry	NT=Data-dependent acquisition;AC=PRIDE:0000627	NT=Q Exactive HF;AC=MS:1002523	TMT134N	NT=Lys-C;AC=MS:1001309	NT=Trypsin;AC=MS:1001251	NT=Carbamidomethyl;AC=UNIMOD:4;TA=C;MT=Fixed	46	1	Frac46.raw	v1.1.0	NT=ms-proteomics;VV=v1.1.0	NT=human;VV=v1.1.0	manual curation	GW6471	TMTpro 16plex
NXT629_1	Homo sapiens	cell culture	hepatocyte spheroid	1	Frac33_TMT126	proteomic profiling by mass spectrometry	NT=Data-dependent acquisition;AC=PRIDE:0000627	NT=Q Exactive HF;AC=MS:1002523	TMT126	NT=Lys-C;AC=MS:1001309	NT=Trypsin;AC=MS:1001251	NT=Carbamidomethyl;AC=UNIMOD:4;TA=C;MT=Fixed	33	1	Frac33.raw	v1.1.0	NT=ms-proteomics;VV=v1.1.0	NT=human;VV=v1.1.0	manual curation	NXT629	TMTpro 16plex
MK886_1	Homo sapiens	cell culture	hepatocyte spheroid	1	Frac33_TMT127N	proteomic profiling by mass spectrometry	NT=Data-dependent acquisition;AC=PRIDE:0000627	NT=Q Exactive HF;AC=MS:1002523	TMT127N	NT=Lys-C;AC=MS:1001309	NT=Trypsin;AC=MS:1001251	NT=Carbamidomethyl;AC=UNIMOD:4;TA=C;MT=Fixed	33	1	Frac33.raw	v1.1.0	NT=ms-proteomics;VV=v1.1.0	NT=human;VV=v1.1.0	manual curation	MK886	TMTpro 16plex
NXT629_2	Homo sapiens	cell culture	hepatocyte spheroid	2	Frac33_TMT127C	proteomic profiling by mass spectrometry	NT=Data-dependent acquisition;AC=PRIDE:0000627	NT=Q Exactive HF;AC=MS:1002523	TMT127C	NT=Lys-C;AC=MS:1001309	NT=Trypsin;AC=MS:1001251	NT=Carbamidomethyl;AC=UNIMOD:4;TA=C;MT=Fixed	33	1	Frac33.raw	v1.1.0	NT=ms-proteomics;VV=v1.1.0	NT=human;VV=v1.1.0	manual curation	NXT629	TMTpro 16plex
MK886_2	Homo sapiens	cell culture	hepatocyte spheroid	2	Frac33_TMT128N	proteomic profiling by mass spectrometry	NT=Data-dependent acquisition;AC=PRIDE:0000627	NT=Q Exactive HF;AC=MS:1002523	TMT128N	NT=Lys-C;AC=MS:1001309	NT=Trypsin;AC=MS:1001251	NT=Carbamidomethyl;AC=UNIMOD:4;TA=C;MT=Fixed	33	1	Frac33.raw	v1.1.0	NT=ms-proteomics;VV=v1.1.0	NT=human;VV=v1.1.0	manual curation	MK886	TMTpro 16plex
DMSO_1	Homo sapiens	cell culture	hepatocyte spheroid	1	Frac33_TMT128C	proteomic profiling by mass spectrometry	NT=Data-dependent acquisition;AC=PRIDE:0000627	NT=Q Exactive HF;AC=MS:1002523	TMT128C	NT=Lys-C;AC=MS:1001309	NT=Trypsin;AC=MS:1001251	NT=Carbamidomethyl;AC=UNIMOD:4;TA=C;MT=Fixed	33	1	Frac33.raw	v1.1.0	NT=ms-proteomics;VV=v1.1.0	NT=human;VV=v1.1.0	manual curation	DMSO	TMTpro 16plex
GW6471_1	Homo sapiens	cell culture	hepatocyte spheroid	1	Frac33_TMT129N	proteomic profiling by mass spectrometry	NT=Data-dependent acquisition;AC=PRIDE:0000627	NT=Q Exactive HF;AC=MS:1002523	TMT129N	NT=Lys-C;AC=MS:1001309	NT=Trypsin;AC=MS:1001251	NT=Carbamidomethyl;AC=UNIMOD:4;TA=C;MT=Fixed	33	1	Frac33.raw	v1.1.0	NT=ms-proteomics;VV=v1.1.0	NT=human;VV=v1.1.0	manual curation	GW6471	TMTpro 16plex
DMSO_2	Homo sapiens	cell culture	hepatocyte spheroid	2	Frac33_TMT129C	proteomic profiling by mass spectrometry	NT=Data-dependent acquisition;AC=PRIDE:0000627	NT=Q Exactive HF;AC=MS:1002523	TMT129C	NT=Lys-C;AC=MS:1001309	NT=Trypsin;AC=MS:1001251	NT=Carbamidomethyl;AC=UNIMOD:4;TA=C;MT=Fixed	33	1	Frac33.raw	v1.1.0	NT=ms-proteomics;VV=v1.1.0	NT=human;VV=v1.1.0	manual curation	DMSO	TMTpro 16plex
GW6471_2	Homo sapiens	cell culture	hepatocyte spheroid	2	Frac33_TMT130N	proteomic profiling by mass spectrometry	NT=Data-dependent acquisition;AC=PRIDE:0000627	NT=Q Exactive HF;AC=MS:1002523	TMT130N	NT=Lys-C;AC=MS:1001309	NT=Trypsin;AC=MS:1001251	NT=Carbamidomethyl;AC=UNIMOD:4;TA=C;MT=Fixed	33	1	Frac33.raw	v1.1.0	NT=ms-proteomics;VV=v1.1.0	NT=human;VV=v1.1.0	manual curation	GW6471	TMTpro 16plex
NXT629_3	Homo sapiens	cell culture	hepatocyte spheroid	3	Frac33_TMT130C	proteomic profiling by mass spectrometry	NT=Data-dependent acquisition;AC=PRIDE:0000627	NT=Q Exactive HF;AC=MS:1002523	TMT130C	NT=Lys-C;AC=MS:1001309	NT=Trypsin;AC=MS:1001251	NT=Carbamidomethyl;AC=UNIMOD:4;TA=C;MT=Fixed	33	1	Frac33.raw	v1.1.0	NT=ms-proteomics;VV=v1.1.0	NT=human;VV=v1.1.0	manual curation	NXT629	TMTpro 16plex
DMSO_3	Homo sapiens	cell culture	hepatocyte spheroid	3	Frac33_TMT131N	proteomic profiling by mass spectrometry	NT=Data-dependent acquisition;AC=PRIDE:0000627	NT=Q Exactive HF;AC=MS:1002523	TMT131N	NT=Lys-C;AC=MS:1001309	NT=Trypsin;AC=MS:1001251	NT=Carbamidomethyl;AC=UNIMOD:4;TA=C;MT=Fixed	33	1	Frac33.raw	v1.1.0	NT=ms-proteomics;VV=v1.1.0	NT=human;VV=v1.1.0	manual curation	DMSO	TMTpro 16plex
NXT629_4	Homo sapiens	cell culture	hepatocyte spheroid	4	Frac33_TMT131C	proteomic profiling by mass spectrometry	NT=Data-dependent acquisition;AC=PRIDE:0000627	NT=Q Exactive HF;AC=MS:1002523	TMT131C	NT=Lys-C;AC=MS:1001309	NT=Trypsin;AC=MS:1001251	NT=Carbamidomethyl;AC=UNIMOD:4;TA=C;MT=Fixed	33	1	Frac33.raw	v1.1.0	NT=ms-proteomics;VV=v1.1.0	NT=human;VV=v1.1.0	manual curation	NXT629	TMTpro 16plex
DMSO_4	Homo sapiens	cell culture	hepatocyte spheroid	4	Frac33_TMT132N	proteomic profiling by mass spectrometry	NT=Data-dependent acquisition;AC=PRIDE:0000627	NT=Q Exactive HF;AC=MS:1002523	TMT132N	NT=Lys-C;AC=MS:1001309	NT=Trypsin;AC=MS:1001251	NT=Carbamidomethyl;AC=UNIMOD:4;TA=C;MT=Fixed	33	1	Frac33.raw	v1.1.0	NT=ms-proteomics;VV=v1.1.0	NT=human;VV=v1.1.0	manual curation	DMSO	TMTpro 16plex
MK886_3	Homo sapiens	cell culture	hepatocyte spheroid	3	Frac33_TMT132C	proteomic profiling by mass spectrometry	NT=Data-dependent acquisition;AC=PRIDE:0000627	NT=Q Exactive HF;AC=MS:1002523	TMT132C	NT=Lys-C;AC=MS:1001309	NT=Trypsin;AC=MS:1001251	NT=Carbamidomethyl;AC=UNIMOD:4;TA=C;MT=Fixed	33	1	Frac33.raw	v1.1.0	NT=ms-proteomics;VV=v1.1.0	NT=human;VV=v1.1.0	manual curation	MK886	TMTpro 16plex
GW6471_3	Homo sapiens	cell culture	hepatocyte spheroid	3	Frac33_TMT133N	proteomic profiling by mass spectrometry	NT=Data-dependent acquisition;AC=PRIDE:0000627	NT=Q Exactive HF;AC=MS:1002523	TMT133N	NT=Lys-C;AC=MS:1001309	NT=Trypsin;AC=MS:1001251	NT=Carbamidomethyl;AC=UNIMOD:4;TA=C;MT=Fixed	33	1	Frac33.raw	v1.1.0	NT=ms-proteomics;VV=v1.1.0	NT=human;VV=v1.1.0	manual curation	GW6471	TMTpro 16plex
MK886_4	Homo sapiens	cell culture	hepatocyte spheroid	4	Frac33_TMT133C	proteomic profiling by mass spectrometry	NT=Data-dependent acquisition;AC=PRIDE:0000627	NT=Q Exactive HF;AC=MS:1002523	TMT133C	NT=Lys-C;AC=MS:1001309	NT=Trypsin;AC=MS:1001251	NT=Carbamidomethyl;AC=UNIMOD:4;TA=C;MT=Fixed	33	1	Frac33.raw	v1.1.0	NT=ms-proteomics;VV=v1.1.0	NT=human;VV=v1.1.0	manual curation	MK886	TMTpro 16plex
GW6471_4	Homo sapiens	cell culture	hepatocyte spheroid	4	Frac33_TMT134N	proteomic profiling by mass spectrometry	NT=Data-dependent acquisition;AC=PRIDE:0000627	NT=Q Exactive HF;AC=MS:1002523	TMT134N	NT=Lys-C;AC=MS:1001309	NT=Trypsin;AC=MS:1001251	NT=Carbamidomethyl;AC=UNIMOD:4;TA=C;MT=Fixed	33	1	Frac33.raw	v1.1.0	NT=ms-proteomics;VV=v1.1.0	NT=human;VV=v1.1.0	manual curation	GW6471	TMTpro 16plex
NXT629_1	Homo sapiens	cell culture	hepatocyte spheroid	1	Frac47_TMT126	proteomic profiling by mass spectrometry	NT=Data-dependent acquisition;AC=PRIDE:0000627	NT=Q Exactive HF;AC=MS:1002523	TMT126	NT=Lys-C;AC=MS:1001309	NT=Trypsin;AC=MS:1001251	NT=Carbamidomethyl;AC=UNIMOD:4;TA=C;MT=Fixed	47	1	Frac47.raw	v1.1.0	NT=ms-proteomics;VV=v1.1.0	NT=human;VV=v1.1.0	manual curation	NXT629	TMTpro 16plex
MK886_1	Homo sapiens	cell culture	hepatocyte spheroid	1	Frac47_TMT127N	proteomic profiling by mass spectrometry	NT=Data-dependent acquisition;AC=PRIDE:0000627	NT=Q Exactive HF;AC=MS:1002523	TMT127N	NT=Lys-C;AC=MS:1001309	NT=Trypsin;AC=MS:1001251	NT=Carbamidomethyl;AC=UNIMOD:4;TA=C;MT=Fixed	47	1	Frac47.raw	v1.1.0	NT=ms-proteomics;VV=v1.1.0	NT=human;VV=v1.1.0	manual curation	MK886	TMTpro 16plex
NXT629_2	Homo sapiens	cell culture	hepatocyte spheroid	2	Frac47_TMT127C	proteomic profiling by mass spectrometry	NT=Data-dependent acquisition;AC=PRIDE:0000627	NT=Q Exactive HF;AC=MS:1002523	TMT127C	NT=Lys-C;AC=MS:1001309	NT=Trypsin;AC=MS:1001251	NT=Carbamidomethyl;AC=UNIMOD:4;TA=C;MT=Fixed	47	1	Frac47.raw	v1.1.0	NT=ms-proteomics;VV=v1.1.0	NT=human;VV=v1.1.0	manual curation	NXT629	TMTpro 16plex
MK886_2	Homo sapiens	cell culture	hepatocyte spheroid	2	Frac47_TMT128N	proteomic profiling by mass spectrometry	NT=Data-dependent acquisition;AC=PRIDE:0000627	NT=Q Exactive HF;AC=MS:1002523	TMT128N	NT=Lys-C;AC=MS:1001309	NT=Trypsin;AC=MS:1001251	NT=Carbamidomethyl;AC=UNIMOD:4;TA=C;MT=Fixed	47	1	Frac47.raw	v1.1.0	NT=ms-proteomics;VV=v1.1.0	NT=human;VV=v1.1.0	manual curation	MK886	TMTpro 16plex
DMSO_1	Homo sapiens	cell culture	hepatocyte spheroid	1	Frac47_TMT128C	proteomic profiling by mass spectrometry	NT=Data-dependent acquisition;AC=PRIDE:0000627	NT=Q Exactive HF;AC=MS:1002523	TMT128C	NT=Lys-C;AC=MS:1001309	NT=Trypsin;AC=MS:1001251	NT=Carbamidomethyl;AC=UNIMOD:4;TA=C;MT=Fixed	47	1	Frac47.raw	v1.1.0	NT=ms-proteomics;VV=v1.1.0	NT=human;VV=v1.1.0	manual curation	DMSO	TMTpro 16plex
GW6471_1	Homo sapiens	cell culture	hepatocyte spheroid	1	Frac47_TMT129N	proteomic profiling by mass spectrometry	NT=Data-dependent acquisition;AC=PRIDE:0000627	NT=Q Exactive HF;AC=MS:1002523	TMT129N	NT=Lys-C;AC=MS:1001309	NT=Trypsin;AC=MS:1001251	NT=Carbamidomethyl;AC=UNIMOD:4;TA=C;MT=Fixed	47	1	Frac47.raw	v1.1.0	NT=ms-proteomics;VV=v1.1.0	NT=human;VV=v1.1.0	manual curation	GW6471	TMTpro 16plex
DMSO_2	Homo sapiens	cell culture	hepatocyte spheroid	2	Frac47_TMT129C	proteomic profiling by mass spectrometry	NT=Data-dependent acquisition;AC=PRIDE:0000627	NT=Q Exactive HF;AC=MS:1002523	TMT129C	NT=Lys-C;AC=MS:1001309	NT=Trypsin;AC=MS:1001251	NT=Carbamidomethyl;AC=UNIMOD:4;TA=C;MT=Fixed	47	1	Frac47.raw	v1.1.0	NT=ms-proteomics;VV=v1.1.0	NT=human;VV=v1.1.0	manual curation	DMSO	TMTpro 16plex
GW6471_2	Homo sapiens	cell culture	hepatocyte spheroid	2	Frac47_TMT130N	proteomic profiling by mass spectrometry	NT=Data-dependent acquisition;AC=PRIDE:0000627	NT=Q Exactive HF;AC=MS:1002523	TMT130N	NT=Lys-C;AC=MS:1001309	NT=Trypsin;AC=MS:1001251	NT=Carbamidomethyl;AC=UNIMOD:4;TA=C;MT=Fixed	47	1	Frac47.raw	v1.1.0	NT=ms-proteomics;VV=v1.1.0	NT=human;VV=v1.1.0	manual curation	GW6471	TMTpro 16plex
NXT629_3	Homo sapiens	cell culture	hepatocyte spheroid	3	Frac47_TMT130C	proteomic profiling by mass spectrometry	NT=Data-dependent acquisition;AC=PRIDE:0000627	NT=Q Exactive HF;AC=MS:1002523	TMT130C	NT=Lys-C;AC=MS:1001309	NT=Trypsin;AC=MS:1001251	NT=Carbamidomethyl;AC=UNIMOD:4;TA=C;MT=Fixed	47	1	Frac47.raw	v1.1.0	NT=ms-proteomics;VV=v1.1.0	NT=human;VV=v1.1.0	manual curation	NXT629	TMTpro 16plex
DMSO_3	Homo sapiens	cell culture	hepatocyte spheroid	3	Frac47_TMT131N	proteomic profiling by mass spectrometry	NT=Data-dependent acquisition;AC=PRIDE:0000627	NT=Q Exactive HF;AC=MS:1002523	TMT131N	NT=Lys-C;AC=MS:1001309	NT=Trypsin;AC=MS:1001251	NT=Carbamidomethyl;AC=UNIMOD:4;TA=C;MT=Fixed	47	1	Frac47.raw	v1.1.0	NT=ms-proteomics;VV=v1.1.0	NT=human;VV=v1.1.0	manual curation	DMSO	TMTpro 16plex
NXT629_4	Homo sapiens	cell culture	hepatocyte spheroid	4	Frac47_TMT131C	proteomic profiling by mass spectrometry	NT=Data-dependent acquisition;AC=PRIDE:0000627	NT=Q Exactive HF;AC=MS:1002523	TMT131C	NT=Lys-C;AC=MS:1001309	NT=Trypsin;AC=MS:1001251	NT=Carbamidomethyl;AC=UNIMOD:4;TA=C;MT=Fixed	47	1	Frac47.raw	v1.1.0	NT=ms-proteomics;VV=v1.1.0	NT=human;VV=v1.1.0	manual curation	NXT629	TMTpro 16plex
DMSO_4	Homo sapiens	cell culture	hepatocyte spheroid	4	Frac47_TMT132N	proteomic profiling by mass spectrometry	NT=Data-dependent acquisition;AC=PRIDE:0000627	NT=Q Exactive HF;AC=MS:1002523	TMT132N	NT=Lys-C;AC=MS:1001309	NT=Trypsin;AC=MS:1001251	NT=Carbamidomethyl;AC=UNIMOD:4;TA=C;MT=Fixed	47	1	Frac47.raw	v1.1.0	NT=ms-proteomics;VV=v1.1.0	NT=human;VV=v1.1.0	manual curation	DMSO	TMTpro 16plex
MK886_3	Homo sapiens	cell culture	hepatocyte spheroid	3	Frac47_TMT132C	proteomic profiling by mass spectrometry	NT=Data-dependent acquisition;AC=PRIDE:0000627	NT=Q Exactive HF;AC=MS:1002523	TMT132C	NT=Lys-C;AC=MS:1001309	NT=Trypsin;AC=MS:1001251	NT=Carbamidomethyl;AC=UNIMOD:4;TA=C;MT=Fixed	47	1	Frac47.raw	v1.1.0	NT=ms-proteomics;VV=v1.1.0	NT=human;VV=v1.1.0	manual curation	MK886	TMTpro 16plex
GW6471_3	Homo sapiens	cell culture	hepatocyte spheroid	3	Frac47_TMT133N	proteomic profiling by mass spectrometry	NT=Data-dependent acquisition;AC=PRIDE:0000627	NT=Q Exactive HF;AC=MS:1002523	TMT133N	NT=Lys-C;AC=MS:1001309	NT=Trypsin;AC=MS:1001251	NT=Carbamidomethyl;AC=UNIMOD:4;TA=C;MT=Fixed	47	1	Frac47.raw	v1.1.0	NT=ms-proteomics;VV=v1.1.0	NT=human;VV=v1.1.0	manual curation	GW6471	TMTpro 16plex
MK886_4	Homo sapiens	cell culture	hepatocyte spheroid	4	Frac47_TMT133C	proteomic profiling by mass spectrometry	NT=Data-dependent acquisition;AC=PRIDE:0000627	NT=Q Exactive HF;AC=MS:1002523	TMT133C	NT=Lys-C;AC=MS:1001309	NT=Trypsin;AC=MS:1001251	NT=Carbamidomethyl;AC=UNIMOD:4;TA=C;MT=Fixed	47	1	Frac47.raw	v1.1.0	NT=ms-proteomics;VV=v1.1.0	NT=human;VV=v1.1.0	manual curation	MK886	TMTpro 16plex
GW6471_4	Homo sapiens	cell culture	hepatocyte spheroid	4	Frac47_TMT134N	proteomic profiling by mass spectrometry	NT=Data-dependent acquisition;AC=PRIDE:0000627	NT=Q Exactive HF;AC=MS:1002523	TMT134N	NT=Lys-C;AC=MS:1001309	NT=Trypsin;AC=MS:1001251	NT=Carbamidomethyl;AC=UNIMOD:4;TA=C;MT=Fixed	47	1	Frac47.raw	v1.1.0	NT=ms-proteomics;VV=v1.1.0	NT=human;VV=v1.1.0	manual curation	GW6471	TMTpro 16plex
NXT629_1	Homo sapiens	cell culture	hepatocyte spheroid	1	Frac37_TMT126	proteomic profiling by mass spectrometry	NT=Data-dependent acquisition;AC=PRIDE:0000627	NT=Q Exactive HF;AC=MS:1002523	TMT126	NT=Lys-C;AC=MS:1001309	NT=Trypsin;AC=MS:1001251	NT=Carbamidomethyl;AC=UNIMOD:4;TA=C;MT=Fixed	37	1	Frac37.raw	v1.1.0	NT=ms-proteomics;VV=v1.1.0	NT=human;VV=v1.1.0	manual curation	NXT629	TMTpro 16plex
MK886_1	Homo sapiens	cell culture	hepatocyte spheroid	1	Frac37_TMT127N	proteomic profiling by mass spectrometry	NT=Data-dependent acquisition;AC=PRIDE:0000627	NT=Q Exactive HF;AC=MS:1002523	TMT127N	NT=Lys-C;AC=MS:1001309	NT=Trypsin;AC=MS:1001251	NT=Carbamidomethyl;AC=UNIMOD:4;TA=C;MT=Fixed	37	1	Frac37.raw	v1.1.0	NT=ms-proteomics;VV=v1.1.0	NT=human;VV=v1.1.0	manual curation	MK886	TMTpro 16plex
NXT629_2	Homo sapiens	cell culture	hepatocyte spheroid	2	Frac37_TMT127C	proteomic profiling by mass spectrometry	NT=Data-dependent acquisition;AC=PRIDE:0000627	NT=Q Exactive HF;AC=MS:1002523	TMT127C	NT=Lys-C;AC=MS:1001309	NT=Trypsin;AC=MS:1001251	NT=Carbamidomethyl;AC=UNIMOD:4;TA=C;MT=Fixed	37	1	Frac37.raw	v1.1.0	NT=ms-proteomics;VV=v1.1.0	NT=human;VV=v1.1.0	manual curation	NXT629	TMTpro 16plex
MK886_2	Homo sapiens	cell culture	hepatocyte spheroid	2	Frac37_TMT128N	proteomic profiling by mass spectrometry	NT=Data-dependent acquisition;AC=PRIDE:0000627	NT=Q Exactive HF;AC=MS:1002523	TMT128N	NT=Lys-C;AC=MS:1001309	NT=Trypsin;AC=MS:1001251	NT=Carbamidomethyl;AC=UNIMOD:4;TA=C;MT=Fixed	37	1	Frac37.raw	v1.1.0	NT=ms-proteomics;VV=v1.1.0	NT=human;VV=v1.1.0	manual curation	MK886	TMTpro 16plex
DMSO_1	Homo sapiens	cell culture	hepatocyte spheroid	1	Frac37_TMT128C	proteomic profiling by mass spectrometry	NT=Data-dependent acquisition;AC=PRIDE:0000627	NT=Q Exactive HF;AC=MS:1002523	TMT128C	NT=Lys-C;AC=MS:1001309	NT=Trypsin;AC=MS:1001251	NT=Carbamidomethyl;AC=UNIMOD:4;TA=C;MT=Fixed	37	1	Frac37.raw	v1.1.0	NT=ms-proteomics;VV=v1.1.0	NT=human;VV=v1.1.0	manual curation	DMSO	TMTpro 16plex
GW6471_1	Homo sapiens	cell culture	hepatocyte spheroid	1	Frac37_TMT129N	proteomic profiling by mass spectrometry	NT=Data-dependent acquisition;AC=PRIDE:0000627	NT=Q Exactive HF;AC=MS:1002523	TMT129N	NT=Lys-C;AC=MS:1001309	NT=Trypsin;AC=MS:1001251	NT=Carbamidomethyl;AC=UNIMOD:4;TA=C;MT=Fixed	37	1	Frac37.raw	v1.1.0	NT=ms-proteomics;VV=v1.1.0	NT=human;VV=v1.1.0	manual curation	GW6471	TMTpro 16plex
DMSO_2	Homo sapiens	cell culture	hepatocyte spheroid	2	Frac37_TMT129C	proteomic profiling by mass spectrometry	NT=Data-dependent acquisition;AC=PRIDE:0000627	NT=Q Exactive HF;AC=MS:1002523	TMT129C	NT=Lys-C;AC=MS:1001309	NT=Trypsin;AC=MS:1001251	NT=Carbamidomethyl;AC=UNIMOD:4;TA=C;MT=Fixed	37	1	Frac37.raw	v1.1.0	NT=ms-proteomics;VV=v1.1.0	NT=human;VV=v1.1.0	manual curation	DMSO	TMTpro 16plex
GW6471_2	Homo sapiens	cell culture	hepatocyte spheroid	2	Frac37_TMT130N	proteomic profiling by mass spectrometry	NT=Data-dependent acquisition;AC=PRIDE:0000627	NT=Q Exactive HF;AC=MS:1002523	TMT130N	NT=Lys-C;AC=MS:1001309	NT=Trypsin;AC=MS:1001251	NT=Carbamidomethyl;AC=UNIMOD:4;TA=C;MT=Fixed	37	1	Frac37.raw	v1.1.0	NT=ms-proteomics;VV=v1.1.0	NT=human;VV=v1.1.0	manual curation	GW6471	TMTpro 16plex
NXT629_3	Homo sapiens	cell culture	hepatocyte spheroid	3	Frac37_TMT130C	proteomic profiling by mass spectrometry	NT=Data-dependent acquisition;AC=PRIDE:0000627	NT=Q Exactive HF;AC=MS:1002523	TMT130C	NT=Lys-C;AC=MS:1001309	NT=Trypsin;AC=MS:1001251	NT=Carbamidomethyl;AC=UNIMOD:4;TA=C;MT=Fixed	37	1	Frac37.raw	v1.1.0	NT=ms-proteomics;VV=v1.1.0	NT=human;VV=v1.1.0	manual curation	NXT629	TMTpro 16plex
DMSO_3	Homo sapiens	cell culture	hepatocyte spheroid	3	Frac37_TMT131N	proteomic profiling by mass spectrometry	NT=Data-dependent acquisition;AC=PRIDE:0000627	NT=Q Exactive HF;AC=MS:1002523	TMT131N	NT=Lys-C;AC=MS:1001309	NT=Trypsin;AC=MS:1001251	NT=Carbamidomethyl;AC=UNIMOD:4;TA=C;MT=Fixed	37	1	Frac37.raw	v1.1.0	NT=ms-proteomics;VV=v1.1.0	NT=human;VV=v1.1.0	manual curation	DMSO	TMTpro 16plex
NXT629_4	Homo sapiens	cell culture	hepatocyte spheroid	4	Frac37_TMT131C	proteomic profiling by mass spectrometry	NT=Data-dependent acquisition;AC=PRIDE:0000627	NT=Q Exactive HF;AC=MS:1002523	TMT131C	NT=Lys-C;AC=MS:1001309	NT=Trypsin;AC=MS:1001251	NT=Carbamidomethyl;AC=UNIMOD:4;TA=C;MT=Fixed	37	1	Frac37.raw	v1.1.0	NT=ms-proteomics;VV=v1.1.0	NT=human;VV=v1.1.0	manual curation	NXT629	TMTpro 16plex
DMSO_4	Homo sapiens	cell culture	hepatocyte spheroid	4	Frac37_TMT132N	proteomic profiling by mass spectrometry	NT=Data-dependent acquisition;AC=PRIDE:0000627	NT=Q Exactive HF;AC=MS:1002523	TMT132N	NT=Lys-C;AC=MS:1001309	NT=Trypsin;AC=MS:1001251	NT=Carbamidomethyl;AC=UNIMOD:4;TA=C;MT=Fixed	37	1	Frac37.raw	v1.1.0	NT=ms-proteomics;VV=v1.1.0	NT=human;VV=v1.1.0	manual curation	DMSO	TMTpro 16plex
MK886_3	Homo sapiens	cell culture	hepatocyte spheroid	3	Frac37_TMT132C	proteomic profiling by mass spectrometry	NT=Data-dependent acquisition;AC=PRIDE:0000627	NT=Q Exactive HF;AC=MS:1002523	TMT132C	NT=Lys-C;AC=MS:1001309	NT=Trypsin;AC=MS:1001251	NT=Carbamidomethyl;AC=UNIMOD:4;TA=C;MT=Fixed	37	1	Frac37.raw	v1.1.0	NT=ms-proteomics;VV=v1.1.0	NT=human;VV=v1.1.0	manual curation	MK886	TMTpro 16plex
GW6471_3	Homo sapiens	cell culture	hepatocyte spheroid	3	Frac37_TMT133N	proteomic profiling by mass spectrometry	NT=Data-dependent acquisition;AC=PRIDE:0000627	NT=Q Exactive HF;AC=MS:1002523	TMT133N	NT=Lys-C;AC=MS:1001309	NT=Trypsin;AC=MS:1001251	NT=Carbamidomethyl;AC=UNIMOD:4;TA=C;MT=Fixed	37	1	Frac37.raw	v1.1.0	NT=ms-proteomics;VV=v1.1.0	NT=human;VV=v1.1.0	manual curation	GW6471	TMTpro 16plex
MK886_4	Homo sapiens	cell culture	hepatocyte spheroid	4	Frac37_TMT133C	proteomic profiling by mass spectrometry	NT=Data-dependent acquisition;AC=PRIDE:0000627	NT=Q Exactive HF;AC=MS:1002523	TMT133C	NT=Lys-C;AC=MS:1001309	NT=Trypsin;AC=MS:1001251	NT=Carbamidomethyl;AC=UNIMOD:4;TA=C;MT=Fixed	37	1	Frac37.raw	v1.1.0	NT=ms-proteomics;VV=v1.1.0	NT=human;VV=v1.1.0	manual curation	MK886	TMTpro 16plex
GW6471_4	Homo sapiens	cell culture	hepatocyte spheroid	4	Frac37_TMT134N	proteomic profiling by mass spectrometry	NT=Data-dependent acquisition;AC=PRIDE:0000627	NT=Q Exactive HF;AC=MS:1002523	TMT134N	NT=Lys-C;AC=MS:1001309	NT=Trypsin;AC=MS:1001251	NT=Carbamidomethyl;AC=UNIMOD:4;TA=C;MT=Fixed	37	1	Frac37.raw	v1.1.0	NT=ms-proteomics;VV=v1.1.0	NT=human;VV=v1.1.0	manual curation	GW6471	TMTpro 16plex
NXT629_1	Homo sapiens	cell culture	hepatocyte spheroid	1	Frac8_TMT126	proteomic profiling by mass spectrometry	NT=Data-dependent acquisition;AC=PRIDE:0000627	NT=Q Exactive HF;AC=MS:1002523	TMT126	NT=Lys-C;AC=MS:1001309	NT=Trypsin;AC=MS:1001251	NT=Carbamidomethyl;AC=UNIMOD:4;TA=C;MT=Fixed	8	1	Frac8.raw	v1.1.0	NT=ms-proteomics;VV=v1.1.0	NT=human;VV=v1.1.0	manual curation	NXT629	TMTpro 16plex
MK886_1	Homo sapiens	cell culture	hepatocyte spheroid	1	Frac8_TMT127N	proteomic profiling by mass spectrometry	NT=Data-dependent acquisition;AC=PRIDE:0000627	NT=Q Exactive HF;AC=MS:1002523	TMT127N	NT=Lys-C;AC=MS:1001309	NT=Trypsin;AC=MS:1001251	NT=Carbamidomethyl;AC=UNIMOD:4;TA=C;MT=Fixed	8	1	Frac8.raw	v1.1.0	NT=ms-proteomics;VV=v1.1.0	NT=human;VV=v1.1.0	manual curation	MK886	TMTpro 16plex
NXT629_2	Homo sapiens	cell culture	hepatocyte spheroid	2	Frac8_TMT127C	proteomic profiling by mass spectrometry	NT=Data-dependent acquisition;AC=PRIDE:0000627	NT=Q Exactive HF;AC=MS:1002523	TMT127C	NT=Lys-C;AC=MS:1001309	NT=Trypsin;AC=MS:1001251	NT=Carbamidomethyl;AC=UNIMOD:4;TA=C;MT=Fixed	8	1	Frac8.raw	v1.1.0	NT=ms-proteomics;VV=v1.1.0	NT=human;VV=v1.1.0	manual curation	NXT629	TMTpro 16plex
MK886_2	Homo sapiens	cell culture	hepatocyte spheroid	2	Frac8_TMT128N	proteomic profiling by mass spectrometry	NT=Data-dependent acquisition;AC=PRIDE:0000627	NT=Q Exactive HF;AC=MS:1002523	TMT128N	NT=Lys-C;AC=MS:1001309	NT=Trypsin;AC=MS:1001251	NT=Carbamidomethyl;AC=UNIMOD:4;TA=C;MT=Fixed	8	1	Frac8.raw	v1.1.0	NT=ms-proteomics;VV=v1.1.0	NT=human;VV=v1.1.0	manual curation	MK886	TMTpro 16plex
DMSO_1	Homo sapiens	cell culture	hepatocyte spheroid	1	Frac8_TMT128C	proteomic profiling by mass spectrometry	NT=Data-dependent acquisition;AC=PRIDE:0000627	NT=Q Exactive HF;AC=MS:1002523	TMT128C	NT=Lys-C;AC=MS:1001309	NT=Trypsin;AC=MS:1001251	NT=Carbamidomethyl;AC=UNIMOD:4;TA=C;MT=Fixed	8	1	Frac8.raw	v1.1.0	NT=ms-proteomics;VV=v1.1.0	NT=human;VV=v1.1.0	manual curation	DMSO	TMTpro 16plex
GW6471_1	Homo sapiens	cell culture	hepatocyte spheroid	1	Frac8_TMT129N	proteomic profiling by mass spectrometry	NT=Data-dependent acquisition;AC=PRIDE:0000627	NT=Q Exactive HF;AC=MS:1002523	TMT129N	NT=Lys-C;AC=MS:1001309	NT=Trypsin;AC=MS:1001251	NT=Carbamidomethyl;AC=UNIMOD:4;TA=C;MT=Fixed	8	1	Frac8.raw	v1.1.0	NT=ms-proteomics;VV=v1.1.0	NT=human;VV=v1.1.0	manual curation	GW6471	TMTpro 16plex
DMSO_2	Homo sapiens	cell culture	hepatocyte spheroid	2	Frac8_TMT129C	proteomic profiling by mass spectrometry	NT=Data-dependent acquisition;AC=PRIDE:0000627	NT=Q Exactive HF;AC=MS:1002523	TMT129C	NT=Lys-C;AC=MS:1001309	NT=Trypsin;AC=MS:1001251	NT=Carbamidomethyl;AC=UNIMOD:4;TA=C;MT=Fixed	8	1	Frac8.raw	v1.1.0	NT=ms-proteomics;VV=v1.1.0	NT=human;VV=v1.1.0	manual curation	DMSO	TMTpro 16plex
GW6471_2	Homo sapiens	cell culture	hepatocyte spheroid	2	Frac8_TMT130N	proteomic profiling by mass spectrometry	NT=Data-dependent acquisition;AC=PRIDE:0000627	NT=Q Exactive HF;AC=MS:1002523	TMT130N	NT=Lys-C;AC=MS:1001309	NT=Trypsin;AC=MS:1001251	NT=Carbamidomethyl;AC=UNIMOD:4;TA=C;MT=Fixed	8	1	Frac8.raw	v1.1.0	NT=ms-proteomics;VV=v1.1.0	NT=human;VV=v1.1.0	manual curation	GW6471	TMTpro 16plex
NXT629_3	Homo sapiens	cell culture	hepatocyte spheroid	3	Frac8_TMT130C	proteomic profiling by mass spectrometry	NT=Data-dependent acquisition;AC=PRIDE:0000627	NT=Q Exactive HF;AC=MS:1002523	TMT130C	NT=Lys-C;AC=MS:1001309	NT=Trypsin;AC=MS:1001251	NT=Carbamidomethyl;AC=UNIMOD:4;TA=C;MT=Fixed	8	1	Frac8.raw	v1.1.0	NT=ms-proteomics;VV=v1.1.0	NT=human;VV=v1.1.0	manual curation	NXT629	TMTpro 16plex
DMSO_3	Homo sapiens	cell culture	hepatocyte spheroid	3	Frac8_TMT131N	proteomic profiling by mass spectrometry	NT=Data-dependent acquisition;AC=PRIDE:0000627	NT=Q Exactive HF;AC=MS:1002523	TMT131N	NT=Lys-C;AC=MS:1001309	NT=Trypsin;AC=MS:1001251	NT=Carbamidomethyl;AC=UNIMOD:4;TA=C;MT=Fixed	8	1	Frac8.raw	v1.1.0	NT=ms-proteomics;VV=v1.1.0	NT=human;VV=v1.1.0	manual curation	DMSO	TMTpro 16plex
NXT629_4	Homo sapiens	cell culture	hepatocyte spheroid	4	Frac8_TMT131C	proteomic profiling by mass spectrometry	NT=Data-dependent acquisition;AC=PRIDE:0000627	NT=Q Exactive HF;AC=MS:1002523	TMT131C	NT=Lys-C;AC=MS:1001309	NT=Trypsin;AC=MS:1001251	NT=Carbamidomethyl;AC=UNIMOD:4;TA=C;MT=Fixed	8	1	Frac8.raw	v1.1.0	NT=ms-proteomics;VV=v1.1.0	NT=human;VV=v1.1.0	manual curation	NXT629	TMTpro 16plex
DMSO_4	Homo sapiens	cell culture	hepatocyte spheroid	4	Frac8_TMT132N	proteomic profiling by mass spectrometry	NT=Data-dependent acquisition;AC=PRIDE:0000627	NT=Q Exactive HF;AC=MS:1002523	TMT132N	NT=Lys-C;AC=MS:1001309	NT=Trypsin;AC=MS:1001251	NT=Carbamidomethyl;AC=UNIMOD:4;TA=C;MT=Fixed	8	1	Frac8.raw	v1.1.0	NT=ms-proteomics;VV=v1.1.0	NT=human;VV=v1.1.0	manual curation	DMSO	TMTpro 16plex
MK886_3	Homo sapiens	cell culture	hepatocyte spheroid	3	Frac8_TMT132C	proteomic profiling by mass spectrometry	NT=Data-dependent acquisition;AC=PRIDE:0000627	NT=Q Exactive HF;AC=MS:1002523	TMT132C	NT=Lys-C;AC=MS:1001309	NT=Trypsin;AC=MS:1001251	NT=Carbamidomethyl;AC=UNIMOD:4;TA=C;MT=Fixed	8	1	Frac8.raw	v1.1.0	NT=ms-proteomics;VV=v1.1.0	NT=human;VV=v1.1.0	manual curation	MK886	TMTpro 16plex
GW6471_3	Homo sapiens	cell culture	hepatocyte spheroid	3	Frac8_TMT133N	proteomic profiling by mass spectrometry	NT=Data-dependent acquisition;AC=PRIDE:0000627	NT=Q Exactive HF;AC=MS:1002523	TMT133N	NT=Lys-C;AC=MS:1001309	NT=Trypsin;AC=MS:1001251	NT=Carbamidomethyl;AC=UNIMOD:4;TA=C;MT=Fixed	8	1	Frac8.raw	v1.1.0	NT=ms-proteomics;VV=v1.1.0	NT=human;VV=v1.1.0	manual curation	GW6471	TMTpro 16plex
MK886_4	Homo sapiens	cell culture	hepatocyte spheroid	4	Frac8_TMT133C	proteomic profiling by mass spectrometry	NT=Data-dependent acquisition;AC=PRIDE:0000627	NT=Q Exactive HF;AC=MS:1002523	TMT133C	NT=Lys-C;AC=MS:1001309	NT=Trypsin;AC=MS:1001251	NT=Carbamidomethyl;AC=UNIMOD:4;TA=C;MT=Fixed	8	1	Frac8.raw	v1.1.0	NT=ms-proteomics;VV=v1.1.0	NT=human;VV=v1.1.0	manual curation	MK886	TMTpro 16plex
GW6471_4	Homo sapiens	cell culture	hepatocyte spheroid	4	Frac8_TMT134N	proteomic profiling by mass spectrometry	NT=Data-dependent acquisition;AC=PRIDE:0000627	NT=Q Exactive HF;AC=MS:1002523	TMT134N	NT=Lys-C;AC=MS:1001309	NT=Trypsin;AC=MS:1001251	NT=Carbamidomethyl;AC=UNIMOD:4;TA=C;MT=Fixed	8	1	Frac8.raw	v1.1.0	NT=ms-proteomics;VV=v1.1.0	NT=human;VV=v1.1.0	manual curation	GW6471	TMTpro 16plex
NXT629_1	Homo sapiens	cell culture	hepatocyte spheroid	1	Frac30_TMT126	proteomic profiling by mass spectrometry	NT=Data-dependent acquisition;AC=PRIDE:0000627	NT=Q Exactive HF;AC=MS:1002523	TMT126	NT=Lys-C;AC=MS:1001309	NT=Trypsin;AC=MS:1001251	NT=Carbamidomethyl;AC=UNIMOD:4;TA=C;MT=Fixed	30	1	Frac30.raw	v1.1.0	NT=ms-proteomics;VV=v1.1.0	NT=human;VV=v1.1.0	manual curation	NXT629	TMTpro 16plex
MK886_1	Homo sapiens	cell culture	hepatocyte spheroid	1	Frac30_TMT127N	proteomic profiling by mass spectrometry	NT=Data-dependent acquisition;AC=PRIDE:0000627	NT=Q Exactive HF;AC=MS:1002523	TMT127N	NT=Lys-C;AC=MS:1001309	NT=Trypsin;AC=MS:1001251	NT=Carbamidomethyl;AC=UNIMOD:4;TA=C;MT=Fixed	30	1	Frac30.raw	v1.1.0	NT=ms-proteomics;VV=v1.1.0	NT=human;VV=v1.1.0	manual curation	MK886	TMTpro 16plex
NXT629_2	Homo sapiens	cell culture	hepatocyte spheroid	2	Frac30_TMT127C	proteomic profiling by mass spectrometry	NT=Data-dependent acquisition;AC=PRIDE:0000627	NT=Q Exactive HF;AC=MS:1002523	TMT127C	NT=Lys-C;AC=MS:1001309	NT=Trypsin;AC=MS:1001251	NT=Carbamidomethyl;AC=UNIMOD:4;TA=C;MT=Fixed	30	1	Frac30.raw	v1.1.0	NT=ms-proteomics;VV=v1.1.0	NT=human;VV=v1.1.0	manual curation	NXT629	TMTpro 16plex
MK886_2	Homo sapiens	cell culture	hepatocyte spheroid	2	Frac30_TMT128N	proteomic profiling by mass spectrometry	NT=Data-dependent acquisition;AC=PRIDE:0000627	NT=Q Exactive HF;AC=MS:1002523	TMT128N	NT=Lys-C;AC=MS:1001309	NT=Trypsin;AC=MS:1001251	NT=Carbamidomethyl;AC=UNIMOD:4;TA=C;MT=Fixed	30	1	Frac30.raw	v1.1.0	NT=ms-proteomics;VV=v1.1.0	NT=human;VV=v1.1.0	manual curation	MK886	TMTpro 16plex
DMSO_1	Homo sapiens	cell culture	hepatocyte spheroid	1	Frac30_TMT128C	proteomic profiling by mass spectrometry	NT=Data-dependent acquisition;AC=PRIDE:0000627	NT=Q Exactive HF;AC=MS:1002523	TMT128C	NT=Lys-C;AC=MS:1001309	NT=Trypsin;AC=MS:1001251	NT=Carbamidomethyl;AC=UNIMOD:4;TA=C;MT=Fixed	30	1	Frac30.raw	v1.1.0	NT=ms-proteomics;VV=v1.1.0	NT=human;VV=v1.1.0	manual curation	DMSO	TMTpro 16plex
GW6471_1	Homo sapiens	cell culture	hepatocyte spheroid	1	Frac30_TMT129N	proteomic profiling by mass spectrometry	NT=Data-dependent acquisition;AC=PRIDE:0000627	NT=Q Exactive HF;AC=MS:1002523	TMT129N	NT=Lys-C;AC=MS:1001309	NT=Trypsin;AC=MS:1001251	NT=Carbamidomethyl;AC=UNIMOD:4;TA=C;MT=Fixed	30	1	Frac30.raw	v1.1.0	NT=ms-proteomics;VV=v1.1.0	NT=human;VV=v1.1.0	manual curation	GW6471	TMTpro 16plex
DMSO_2	Homo sapiens	cell culture	hepatocyte spheroid	2	Frac30_TMT129C	proteomic profiling by mass spectrometry	NT=Data-dependent acquisition;AC=PRIDE:0000627	NT=Q Exactive HF;AC=MS:1002523	TMT129C	NT=Lys-C;AC=MS:1001309	NT=Trypsin;AC=MS:1001251	NT=Carbamidomethyl;AC=UNIMOD:4;TA=C;MT=Fixed	30	1	Frac30.raw	v1.1.0	NT=ms-proteomics;VV=v1.1.0	NT=human;VV=v1.1.0	manual curation	DMSO	TMTpro 16plex
GW6471_2	Homo sapiens	cell culture	hepatocyte spheroid	2	Frac30_TMT130N	proteomic profiling by mass spectrometry	NT=Data-dependent acquisition;AC=PRIDE:0000627	NT=Q Exactive HF;AC=MS:1002523	TMT130N	NT=Lys-C;AC=MS:1001309	NT=Trypsin;AC=MS:1001251	NT=Carbamidomethyl;AC=UNIMOD:4;TA=C;MT=Fixed	30	1	Frac30.raw	v1.1.0	NT=ms-proteomics;VV=v1.1.0	NT=human;VV=v1.1.0	manual curation	GW6471	TMTpro 16plex
NXT629_3	Homo sapiens	cell culture	hepatocyte spheroid	3	Frac30_TMT130C	proteomic profiling by mass spectrometry	NT=Data-dependent acquisition;AC=PRIDE:0000627	NT=Q Exactive HF;AC=MS:1002523	TMT130C	NT=Lys-C;AC=MS:1001309	NT=Trypsin;AC=MS:1001251	NT=Carbamidomethyl;AC=UNIMOD:4;TA=C;MT=Fixed	30	1	Frac30.raw	v1.1.0	NT=ms-proteomics;VV=v1.1.0	NT=human;VV=v1.1.0	manual curation	NXT629	TMTpro 16plex
DMSO_3	Homo sapiens	cell culture	hepatocyte spheroid	3	Frac30_TMT131N	proteomic profiling by mass spectrometry	NT=Data-dependent acquisition;AC=PRIDE:0000627	NT=Q Exactive HF;AC=MS:1002523	TMT131N	NT=Lys-C;AC=MS:1001309	NT=Trypsin;AC=MS:1001251	NT=Carbamidomethyl;AC=UNIMOD:4;TA=C;MT=Fixed	30	1	Frac30.raw	v1.1.0	NT=ms-proteomics;VV=v1.1.0	NT=human;VV=v1.1.0	manual curation	DMSO	TMTpro 16plex
NXT629_4	Homo sapiens	cell culture	hepatocyte spheroid	4	Frac30_TMT131C	proteomic profiling by mass spectrometry	NT=Data-dependent acquisition;AC=PRIDE:0000627	NT=Q Exactive HF;AC=MS:1002523	TMT131C	NT=Lys-C;AC=MS:1001309	NT=Trypsin;AC=MS:1001251	NT=Carbamidomethyl;AC=UNIMOD:4;TA=C;MT=Fixed	30	1	Frac30.raw	v1.1.0	NT=ms-proteomics;VV=v1.1.0	NT=human;VV=v1.1.0	manual curation	NXT629	TMTpro 16plex
DMSO_4	Homo sapiens	cell culture	hepatocyte spheroid	4	Frac30_TMT132N	proteomic profiling by mass spectrometry	NT=Data-dependent acquisition;AC=PRIDE:0000627	NT=Q Exactive HF;AC=MS:1002523	TMT132N	NT=Lys-C;AC=MS:1001309	NT=Trypsin;AC=MS:1001251	NT=Carbamidomethyl;AC=UNIMOD:4;TA=C;MT=Fixed	30	1	Frac30.raw	v1.1.0	NT=ms-proteomics;VV=v1.1.0	NT=human;VV=v1.1.0	manual curation	DMSO	TMTpro 16plex
MK886_3	Homo sapiens	cell culture	hepatocyte spheroid	3	Frac30_TMT132C	proteomic profiling by mass spectrometry	NT=Data-dependent acquisition;AC=PRIDE:0000627	NT=Q Exactive HF;AC=MS:1002523	TMT132C	NT=Lys-C;AC=MS:1001309	NT=Trypsin;AC=MS:1001251	NT=Carbamidomethyl;AC=UNIMOD:4;TA=C;MT=Fixed	30	1	Frac30.raw	v1.1.0	NT=ms-proteomics;VV=v1.1.0	NT=human;VV=v1.1.0	manual curation	MK886	TMTpro 16plex
GW6471_3	Homo sapiens	cell culture	hepatocyte spheroid	3	Frac30_TMT133N	proteomic profiling by mass spectrometry	NT=Data-dependent acquisition;AC=PRIDE:0000627	NT=Q Exactive HF;AC=MS:1002523	TMT133N	NT=Lys-C;AC=MS:1001309	NT=Trypsin;AC=MS:1001251	NT=Carbamidomethyl;AC=UNIMOD:4;TA=C;MT=Fixed	30	1	Frac30.raw	v1.1.0	NT=ms-proteomics;VV=v1.1.0	NT=human;VV=v1.1.0	manual curation	GW6471	TMTpro 16plex
MK886_4	Homo sapiens	cell culture	hepatocyte spheroid	4	Frac30_TMT133C	proteomic profiling by mass spectrometry	NT=Data-dependent acquisition;AC=PRIDE:0000627	NT=Q Exactive HF;AC=MS:1002523	TMT133C	NT=Lys-C;AC=MS:1001309	NT=Trypsin;AC=MS:1001251	NT=Carbamidomethyl;AC=UNIMOD:4;TA=C;MT=Fixed	30	1	Frac30.raw	v1.1.0	NT=ms-proteomics;VV=v1.1.0	NT=human;VV=v1.1.0	manual curation	MK886	TMTpro 16plex
GW6471_4	Homo sapiens	cell culture	hepatocyte spheroid	4	Frac30_TMT134N	proteomic profiling by mass spectrometry	NT=Data-dependent acquisition;AC=PRIDE:0000627	NT=Q Exactive HF;AC=MS:1002523	TMT134N	NT=Lys-C;AC=MS:1001309	NT=Trypsin;AC=MS:1001251	NT=Carbamidomethyl;AC=UNIMOD:4;TA=C;MT=Fixed	30	1	Frac30.raw	v1.1.0	NT=ms-proteomics;VV=v1.1.0	NT=human;VV=v1.1.0	manual curation	GW6471	TMTpro 16plex
NXT629_1	Homo sapiens	cell culture	hepatocyte spheroid	1	Frac17_TMT126	proteomic profiling by mass spectrometry	NT=Data-dependent acquisition;AC=PRIDE:0000627	NT=Q Exactive HF;AC=MS:1002523	TMT126	NT=Lys-C;AC=MS:1001309	NT=Trypsin;AC=MS:1001251	NT=Carbamidomethyl;AC=UNIMOD:4;TA=C;MT=Fixed	17	1	Frac17.raw	v1.1.0	NT=ms-proteomics;VV=v1.1.0	NT=human;VV=v1.1.0	manual curation	NXT629	TMTpro 16plex
MK886_1	Homo sapiens	cell culture	hepatocyte spheroid	1	Frac17_TMT127N	proteomic profiling by mass spectrometry	NT=Data-dependent acquisition;AC=PRIDE:0000627	NT=Q Exactive HF;AC=MS:1002523	TMT127N	NT=Lys-C;AC=MS:1001309	NT=Trypsin;AC=MS:1001251	NT=Carbamidomethyl;AC=UNIMOD:4;TA=C;MT=Fixed	17	1	Frac17.raw	v1.1.0	NT=ms-proteomics;VV=v1.1.0	NT=human;VV=v1.1.0	manual curation	MK886	TMTpro 16plex
NXT629_2	Homo sapiens	cell culture	hepatocyte spheroid	2	Frac17_TMT127C	proteomic profiling by mass spectrometry	NT=Data-dependent acquisition;AC=PRIDE:0000627	NT=Q Exactive HF;AC=MS:1002523	TMT127C	NT=Lys-C;AC=MS:1001309	NT=Trypsin;AC=MS:1001251	NT=Carbamidomethyl;AC=UNIMOD:4;TA=C;MT=Fixed	17	1	Frac17.raw	v1.1.0	NT=ms-proteomics;VV=v1.1.0	NT=human;VV=v1.1.0	manual curation	NXT629	TMTpro 16plex
MK886_2	Homo sapiens	cell culture	hepatocyte spheroid	2	Frac17_TMT128N	proteomic profiling by mass spectrometry	NT=Data-dependent acquisition;AC=PRIDE:0000627	NT=Q Exactive HF;AC=MS:1002523	TMT128N	NT=Lys-C;AC=MS:1001309	NT=Trypsin;AC=MS:1001251	NT=Carbamidomethyl;AC=UNIMOD:4;TA=C;MT=Fixed	17	1	Frac17.raw	v1.1.0	NT=ms-proteomics;VV=v1.1.0	NT=human;VV=v1.1.0	manual curation	MK886	TMTpro 16plex
DMSO_1	Homo sapiens	cell culture	hepatocyte spheroid	1	Frac17_TMT128C	proteomic profiling by mass spectrometry	NT=Data-dependent acquisition;AC=PRIDE:0000627	NT=Q Exactive HF;AC=MS:1002523	TMT128C	NT=Lys-C;AC=MS:1001309	NT=Trypsin;AC=MS:1001251	NT=Carbamidomethyl;AC=UNIMOD:4;TA=C;MT=Fixed	17	1	Frac17.raw	v1.1.0	NT=ms-proteomics;VV=v1.1.0	NT=human;VV=v1.1.0	manual curation	DMSO	TMTpro 16plex
GW6471_1	Homo sapiens	cell culture	hepatocyte spheroid	1	Frac17_TMT129N	proteomic profiling by mass spectrometry	NT=Data-dependent acquisition;AC=PRIDE:0000627	NT=Q Exactive HF;AC=MS:1002523	TMT129N	NT=Lys-C;AC=MS:1001309	NT=Trypsin;AC=MS:1001251	NT=Carbamidomethyl;AC=UNIMOD:4;TA=C;MT=Fixed	17	1	Frac17.raw	v1.1.0	NT=ms-proteomics;VV=v1.1.0	NT=human;VV=v1.1.0	manual curation	GW6471	TMTpro 16plex
DMSO_2	Homo sapiens	cell culture	hepatocyte spheroid	2	Frac17_TMT129C	proteomic profiling by mass spectrometry	NT=Data-dependent acquisition;AC=PRIDE:0000627	NT=Q Exactive HF;AC=MS:1002523	TMT129C	NT=Lys-C;AC=MS:1001309	NT=Trypsin;AC=MS:1001251	NT=Carbamidomethyl;AC=UNIMOD:4;TA=C;MT=Fixed	17	1	Frac17.raw	v1.1.0	NT=ms-proteomics;VV=v1.1.0	NT=human;VV=v1.1.0	manual curation	DMSO	TMTpro 16plex
GW6471_2	Homo sapiens	cell culture	hepatocyte spheroid	2	Frac17_TMT130N	proteomic profiling by mass spectrometry	NT=Data-dependent acquisition;AC=PRIDE:0000627	NT=Q Exactive HF;AC=MS:1002523	TMT130N	NT=Lys-C;AC=MS:1001309	NT=Trypsin;AC=MS:1001251	NT=Carbamidomethyl;AC=UNIMOD:4;TA=C;MT=Fixed	17	1	Frac17.raw	v1.1.0	NT=ms-proteomics;VV=v1.1.0	NT=human;VV=v1.1.0	manual curation	GW6471	TMTpro 16plex
NXT629_3	Homo sapiens	cell culture	hepatocyte spheroid	3	Frac17_TMT130C	proteomic profiling by mass spectrometry	NT=Data-dependent acquisition;AC=PRIDE:0000627	NT=Q Exactive HF;AC=MS:1002523	TMT130C	NT=Lys-C;AC=MS:1001309	NT=Trypsin;AC=MS:1001251	NT=Carbamidomethyl;AC=UNIMOD:4;TA=C;MT=Fixed	17	1	Frac17.raw	v1.1.0	NT=ms-proteomics;VV=v1.1.0	NT=human;VV=v1.1.0	manual curation	NXT629	TMTpro 16plex
DMSO_3	Homo sapiens	cell culture	hepatocyte spheroid	3	Frac17_TMT131N	proteomic profiling by mass spectrometry	NT=Data-dependent acquisition;AC=PRIDE:0000627	NT=Q Exactive HF;AC=MS:1002523	TMT131N	NT=Lys-C;AC=MS:1001309	NT=Trypsin;AC=MS:1001251	NT=Carbamidomethyl;AC=UNIMOD:4;TA=C;MT=Fixed	17	1	Frac17.raw	v1.1.0	NT=ms-proteomics;VV=v1.1.0	NT=human;VV=v1.1.0	manual curation	DMSO	TMTpro 16plex
NXT629_4	Homo sapiens	cell culture	hepatocyte spheroid	4	Frac17_TMT131C	proteomic profiling by mass spectrometry	NT=Data-dependent acquisition;AC=PRIDE:0000627	NT=Q Exactive HF;AC=MS:1002523	TMT131C	NT=Lys-C;AC=MS:1001309	NT=Trypsin;AC=MS:1001251	NT=Carbamidomethyl;AC=UNIMOD:4;TA=C;MT=Fixed	17	1	Frac17.raw	v1.1.0	NT=ms-proteomics;VV=v1.1.0	NT=human;VV=v1.1.0	manual curation	NXT629	TMTpro 16plex
DMSO_4	Homo sapiens	cell culture	hepatocyte spheroid	4	Frac17_TMT132N	proteomic profiling by mass spectrometry	NT=Data-dependent acquisition;AC=PRIDE:0000627	NT=Q Exactive HF;AC=MS:1002523	TMT132N	NT=Lys-C;AC=MS:1001309	NT=Trypsin;AC=MS:1001251	NT=Carbamidomethyl;AC=UNIMOD:4;TA=C;MT=Fixed	17	1	Frac17.raw	v1.1.0	NT=ms-proteomics;VV=v1.1.0	NT=human;VV=v1.1.0	manual curation	DMSO	TMTpro 16plex
MK886_3	Homo sapiens	cell culture	hepatocyte spheroid	3	Frac17_TMT132C	proteomic profiling by mass spectrometry	NT=Data-dependent acquisition;AC=PRIDE:0000627	NT=Q Exactive HF;AC=MS:1002523	TMT132C	NT=Lys-C;AC=MS:1001309	NT=Trypsin;AC=MS:1001251	NT=Carbamidomethyl;AC=UNIMOD:4;TA=C;MT=Fixed	17	1	Frac17.raw	v1.1.0	NT=ms-proteomics;VV=v1.1.0	NT=human;VV=v1.1.0	manual curation	MK886	TMTpro 16plex
GW6471_3	Homo sapiens	cell culture	hepatocyte spheroid	3	Frac17_TMT133N	proteomic profiling by mass spectrometry	NT=Data-dependent acquisition;AC=PRIDE:0000627	NT=Q Exactive HF;AC=MS:1002523	TMT133N	NT=Lys-C;AC=MS:1001309	NT=Trypsin;AC=MS:1001251	NT=Carbamidomethyl;AC=UNIMOD:4;TA=C;MT=Fixed	17	1	Frac17.raw	v1.1.0	NT=ms-proteomics;VV=v1.1.0	NT=human;VV=v1.1.0	manual curation	GW6471	TMTpro 16plex
MK886_4	Homo sapiens	cell culture	hepatocyte spheroid	4	Frac17_TMT133C	proteomic profiling by mass spectrometry	NT=Data-dependent acquisition;AC=PRIDE:0000627	NT=Q Exactive HF;AC=MS:1002523	TMT133C	NT=Lys-C;AC=MS:1001309	NT=Trypsin;AC=MS:1001251	NT=Carbamidomethyl;AC=UNIMOD:4;TA=C;MT=Fixed	17	1	Frac17.raw	v1.1.0	NT=ms-proteomics;VV=v1.1.0	NT=human;VV=v1.1.0	manual curation	MK886	TMTpro 16plex
GW6471_4	Homo sapiens	cell culture	hepatocyte spheroid	4	Frac17_TMT134N	proteomic profiling by mass spectrometry	NT=Data-dependent acquisition;AC=PRIDE:0000627	NT=Q Exactive HF;AC=MS:1002523	TMT134N	NT=Lys-C;AC=MS:1001309	NT=Trypsin;AC=MS:1001251	NT=Carbamidomethyl;AC=UNIMOD:4;TA=C;MT=Fixed	17	1	Frac17.raw	v1.1.0	NT=ms-proteomics;VV=v1.1.0	NT=human;VV=v1.1.0	manual curation	GW6471	TMTpro 16plex
NXT629_1	Homo sapiens	cell culture	hepatocyte spheroid	1	Frac44_TMT126	proteomic profiling by mass spectrometry	NT=Data-dependent acquisition;AC=PRIDE:0000627	NT=Q Exactive HF;AC=MS:1002523	TMT126	NT=Lys-C;AC=MS:1001309	NT=Trypsin;AC=MS:1001251	NT=Carbamidomethyl;AC=UNIMOD:4;TA=C;MT=Fixed	44	1	Frac44.raw	v1.1.0	NT=ms-proteomics;VV=v1.1.0	NT=human;VV=v1.1.0	manual curation	NXT629	TMTpro 16plex
MK886_1	Homo sapiens	cell culture	hepatocyte spheroid	1	Frac44_TMT127N	proteomic profiling by mass spectrometry	NT=Data-dependent acquisition;AC=PRIDE:0000627	NT=Q Exactive HF;AC=MS:1002523	TMT127N	NT=Lys-C;AC=MS:1001309	NT=Trypsin;AC=MS:1001251	NT=Carbamidomethyl;AC=UNIMOD:4;TA=C;MT=Fixed	44	1	Frac44.raw	v1.1.0	NT=ms-proteomics;VV=v1.1.0	NT=human;VV=v1.1.0	manual curation	MK886	TMTpro 16plex
NXT629_2	Homo sapiens	cell culture	hepatocyte spheroid	2	Frac44_TMT127C	proteomic profiling by mass spectrometry	NT=Data-dependent acquisition;AC=PRIDE:0000627	NT=Q Exactive HF;AC=MS:1002523	TMT127C	NT=Lys-C;AC=MS:1001309	NT=Trypsin;AC=MS:1001251	NT=Carbamidomethyl;AC=UNIMOD:4;TA=C;MT=Fixed	44	1	Frac44.raw	v1.1.0	NT=ms-proteomics;VV=v1.1.0	NT=human;VV=v1.1.0	manual curation	NXT629	TMTpro 16plex
MK886_2	Homo sapiens	cell culture	hepatocyte spheroid	2	Frac44_TMT128N	proteomic profiling by mass spectrometry	NT=Data-dependent acquisition;AC=PRIDE:0000627	NT=Q Exactive HF;AC=MS:1002523	TMT128N	NT=Lys-C;AC=MS:1001309	NT=Trypsin;AC=MS:1001251	NT=Carbamidomethyl;AC=UNIMOD:4;TA=C;MT=Fixed	44	1	Frac44.raw	v1.1.0	NT=ms-proteomics;VV=v1.1.0	NT=human;VV=v1.1.0	manual curation	MK886	TMTpro 16plex
DMSO_1	Homo sapiens	cell culture	hepatocyte spheroid	1	Frac44_TMT128C	proteomic profiling by mass spectrometry	NT=Data-dependent acquisition;AC=PRIDE:0000627	NT=Q Exactive HF;AC=MS:1002523	TMT128C	NT=Lys-C;AC=MS:1001309	NT=Trypsin;AC=MS:1001251	NT=Carbamidomethyl;AC=UNIMOD:4;TA=C;MT=Fixed	44	1	Frac44.raw	v1.1.0	NT=ms-proteomics;VV=v1.1.0	NT=human;VV=v1.1.0	manual curation	DMSO	TMTpro 16plex
GW6471_1	Homo sapiens	cell culture	hepatocyte spheroid	1	Frac44_TMT129N	proteomic profiling by mass spectrometry	NT=Data-dependent acquisition;AC=PRIDE:0000627	NT=Q Exactive HF;AC=MS:1002523	TMT129N	NT=Lys-C;AC=MS:1001309	NT=Trypsin;AC=MS:1001251	NT=Carbamidomethyl;AC=UNIMOD:4;TA=C;MT=Fixed	44	1	Frac44.raw	v1.1.0	NT=ms-proteomics;VV=v1.1.0	NT=human;VV=v1.1.0	manual curation	GW6471	TMTpro 16plex
DMSO_2	Homo sapiens	cell culture	hepatocyte spheroid	2	Frac44_TMT129C	proteomic profiling by mass spectrometry	NT=Data-dependent acquisition;AC=PRIDE:0000627	NT=Q Exactive HF;AC=MS:1002523	TMT129C	NT=Lys-C;AC=MS:1001309	NT=Trypsin;AC=MS:1001251	NT=Carbamidomethyl;AC=UNIMOD:4;TA=C;MT=Fixed	44	1	Frac44.raw	v1.1.0	NT=ms-proteomics;VV=v1.1.0	NT=human;VV=v1.1.0	manual curation	DMSO	TMTpro 16plex
GW6471_2	Homo sapiens	cell culture	hepatocyte spheroid	2	Frac44_TMT130N	proteomic profiling by mass spectrometry	NT=Data-dependent acquisition;AC=PRIDE:0000627	NT=Q Exactive HF;AC=MS:1002523	TMT130N	NT=Lys-C;AC=MS:1001309	NT=Trypsin;AC=MS:1001251	NT=Carbamidomethyl;AC=UNIMOD:4;TA=C;MT=Fixed	44	1	Frac44.raw	v1.1.0	NT=ms-proteomics;VV=v1.1.0	NT=human;VV=v1.1.0	manual curation	GW6471	TMTpro 16plex
NXT629_3	Homo sapiens	cell culture	hepatocyte spheroid	3	Frac44_TMT130C	proteomic profiling by mass spectrometry	NT=Data-dependent acquisition;AC=PRIDE:0000627	NT=Q Exactive HF;AC=MS:1002523	TMT130C	NT=Lys-C;AC=MS:1001309	NT=Trypsin;AC=MS:1001251	NT=Carbamidomethyl;AC=UNIMOD:4;TA=C;MT=Fixed	44	1	Frac44.raw	v1.1.0	NT=ms-proteomics;VV=v1.1.0	NT=human;VV=v1.1.0	manual curation	NXT629	TMTpro 16plex
DMSO_3	Homo sapiens	cell culture	hepatocyte spheroid	3	Frac44_TMT131N	proteomic profiling by mass spectrometry	NT=Data-dependent acquisition;AC=PRIDE:0000627	NT=Q Exactive HF;AC=MS:1002523	TMT131N	NT=Lys-C;AC=MS:1001309	NT=Trypsin;AC=MS:1001251	NT=Carbamidomethyl;AC=UNIMOD:4;TA=C;MT=Fixed	44	1	Frac44.raw	v1.1.0	NT=ms-proteomics;VV=v1.1.0	NT=human;VV=v1.1.0	manual curation	DMSO	TMTpro 16plex
NXT629_4	Homo sapiens	cell culture	hepatocyte spheroid	4	Frac44_TMT131C	proteomic profiling by mass spectrometry	NT=Data-dependent acquisition;AC=PRIDE:0000627	NT=Q Exactive HF;AC=MS:1002523	TMT131C	NT=Lys-C;AC=MS:1001309	NT=Trypsin;AC=MS:1001251	NT=Carbamidomethyl;AC=UNIMOD:4;TA=C;MT=Fixed	44	1	Frac44.raw	v1.1.0	NT=ms-proteomics;VV=v1.1.0	NT=human;VV=v1.1.0	manual curation	NXT629	TMTpro 16plex
DMSO_4	Homo sapiens	cell culture	hepatocyte spheroid	4	Frac44_TMT132N	proteomic profiling by mass spectrometry	NT=Data-dependent acquisition;AC=PRIDE:0000627	NT=Q Exactive HF;AC=MS:1002523	TMT132N	NT=Lys-C;AC=MS:1001309	NT=Trypsin;AC=MS:1001251	NT=Carbamidomethyl;AC=UNIMOD:4;TA=C;MT=Fixed	44	1	Frac44.raw	v1.1.0	NT=ms-proteomics;VV=v1.1.0	NT=human;VV=v1.1.0	manual curation	DMSO	TMTpro 16plex
MK886_3	Homo sapiens	cell culture	hepatocyte spheroid	3	Frac44_TMT132C	proteomic profiling by mass spectrometry	NT=Data-dependent acquisition;AC=PRIDE:0000627	NT=Q Exactive HF;AC=MS:1002523	TMT132C	NT=Lys-C;AC=MS:1001309	NT=Trypsin;AC=MS:1001251	NT=Carbamidomethyl;AC=UNIMOD:4;TA=C;MT=Fixed	44	1	Frac44.raw	v1.1.0	NT=ms-proteomics;VV=v1.1.0	NT=human;VV=v1.1.0	manual curation	MK886	TMTpro 16plex
GW6471_3	Homo sapiens	cell culture	hepatocyte spheroid	3	Frac44_TMT133N	proteomic profiling by mass spectrometry	NT=Data-dependent acquisition;AC=PRIDE:0000627	NT=Q Exactive HF;AC=MS:1002523	TMT133N	NT=Lys-C;AC=MS:1001309	NT=Trypsin;AC=MS:1001251	NT=Carbamidomethyl;AC=UNIMOD:4;TA=C;MT=Fixed	44	1	Frac44.raw	v1.1.0	NT=ms-proteomics;VV=v1.1.0	NT=human;VV=v1.1.0	manual curation	GW6471	TMTpro 16plex
MK886_4	Homo sapiens	cell culture	hepatocyte spheroid	4	Frac44_TMT133C	proteomic profiling by mass spectrometry	NT=Data-dependent acquisition;AC=PRIDE:0000627	NT=Q Exactive HF;AC=MS:1002523	TMT133C	NT=Lys-C;AC=MS:1001309	NT=Trypsin;AC=MS:1001251	NT=Carbamidomethyl;AC=UNIMOD:4;TA=C;MT=Fixed	44	1	Frac44.raw	v1.1.0	NT=ms-proteomics;VV=v1.1.0	NT=human;VV=v1.1.0	manual curation	MK886	TMTpro 16plex
GW6471_4	Homo sapiens	cell culture	hepatocyte spheroid	4	Frac44_TMT134N	proteomic profiling by mass spectrometry	NT=Data-dependent acquisition;AC=PRIDE:0000627	NT=Q Exactive HF;AC=MS:1002523	TMT134N	NT=Lys-C;AC=MS:1001309	NT=Trypsin;AC=MS:1001251	NT=Carbamidomethyl;AC=UNIMOD:4;TA=C;MT=Fixed	44	1	Frac44.raw	v1.1.0	NT=ms-proteomics;VV=v1.1.0	NT=human;VV=v1.1.0	manual curation	GW6471	TMTpro 16plex
NXT629_1	Homo sapiens	cell culture	hepatocyte spheroid	1	Frac24_TMT126	proteomic profiling by mass spectrometry	NT=Data-dependent acquisition;AC=PRIDE:0000627	NT=Q Exactive HF;AC=MS:1002523	TMT126	NT=Lys-C;AC=MS:1001309	NT=Trypsin;AC=MS:1001251	NT=Carbamidomethyl;AC=UNIMOD:4;TA=C;MT=Fixed	24	1	Frac24.raw	v1.1.0	NT=ms-proteomics;VV=v1.1.0	NT=human;VV=v1.1.0	manual curation	NXT629	TMTpro 16plex
MK886_1	Homo sapiens	cell culture	hepatocyte spheroid	1	Frac24_TMT127N	proteomic profiling by mass spectrometry	NT=Data-dependent acquisition;AC=PRIDE:0000627	NT=Q Exactive HF;AC=MS:1002523	TMT127N	NT=Lys-C;AC=MS:1001309	NT=Trypsin;AC=MS:1001251	NT=Carbamidomethyl;AC=UNIMOD:4;TA=C;MT=Fixed	24	1	Frac24.raw	v1.1.0	NT=ms-proteomics;VV=v1.1.0	NT=human;VV=v1.1.0	manual curation	MK886	TMTpro 16plex
NXT629_2	Homo sapiens	cell culture	hepatocyte spheroid	2	Frac24_TMT127C	proteomic profiling by mass spectrometry	NT=Data-dependent acquisition;AC=PRIDE:0000627	NT=Q Exactive HF;AC=MS:1002523	TMT127C	NT=Lys-C;AC=MS:1001309	NT=Trypsin;AC=MS:1001251	NT=Carbamidomethyl;AC=UNIMOD:4;TA=C;MT=Fixed	24	1	Frac24.raw	v1.1.0	NT=ms-proteomics;VV=v1.1.0	NT=human;VV=v1.1.0	manual curation	NXT629	TMTpro 16plex
MK886_2	Homo sapiens	cell culture	hepatocyte spheroid	2	Frac24_TMT128N	proteomic profiling by mass spectrometry	NT=Data-dependent acquisition;AC=PRIDE:0000627	NT=Q Exactive HF;AC=MS:1002523	TMT128N	NT=Lys-C;AC=MS:1001309	NT=Trypsin;AC=MS:1001251	NT=Carbamidomethyl;AC=UNIMOD:4;TA=C;MT=Fixed	24	1	Frac24.raw	v1.1.0	NT=ms-proteomics;VV=v1.1.0	NT=human;VV=v1.1.0	manual curation	MK886	TMTpro 16plex
DMSO_1	Homo sapiens	cell culture	hepatocyte spheroid	1	Frac24_TMT128C	proteomic profiling by mass spectrometry	NT=Data-dependent acquisition;AC=PRIDE:0000627	NT=Q Exactive HF;AC=MS:1002523	TMT128C	NT=Lys-C;AC=MS:1001309	NT=Trypsin;AC=MS:1001251	NT=Carbamidomethyl;AC=UNIMOD:4;TA=C;MT=Fixed	24	1	Frac24.raw	v1.1.0	NT=ms-proteomics;VV=v1.1.0	NT=human;VV=v1.1.0	manual curation	DMSO	TMTpro 16plex
GW6471_1	Homo sapiens	cell culture	hepatocyte spheroid	1	Frac24_TMT129N	proteomic profiling by mass spectrometry	NT=Data-dependent acquisition;AC=PRIDE:0000627	NT=Q Exactive HF;AC=MS:1002523	TMT129N	NT=Lys-C;AC=MS:1001309	NT=Trypsin;AC=MS:1001251	NT=Carbamidomethyl;AC=UNIMOD:4;TA=C;MT=Fixed	24	1	Frac24.raw	v1.1.0	NT=ms-proteomics;VV=v1.1.0	NT=human;VV=v1.1.0	manual curation	GW6471	TMTpro 16plex
DMSO_2	Homo sapiens	cell culture	hepatocyte spheroid	2	Frac24_TMT129C	proteomic profiling by mass spectrometry	NT=Data-dependent acquisition;AC=PRIDE:0000627	NT=Q Exactive HF;AC=MS:1002523	TMT129C	NT=Lys-C;AC=MS:1001309	NT=Trypsin;AC=MS:1001251	NT=Carbamidomethyl;AC=UNIMOD:4;TA=C;MT=Fixed	24	1	Frac24.raw	v1.1.0	NT=ms-proteomics;VV=v1.1.0	NT=human;VV=v1.1.0	manual curation	DMSO	TMTpro 16plex
GW6471_2	Homo sapiens	cell culture	hepatocyte spheroid	2	Frac24_TMT130N	proteomic profiling by mass spectrometry	NT=Data-dependent acquisition;AC=PRIDE:0000627	NT=Q Exactive HF;AC=MS:1002523	TMT130N	NT=Lys-C;AC=MS:1001309	NT=Trypsin;AC=MS:1001251	NT=Carbamidomethyl;AC=UNIMOD:4;TA=C;MT=Fixed	24	1	Frac24.raw	v1.1.0	NT=ms-proteomics;VV=v1.1.0	NT=human;VV=v1.1.0	manual curation	GW6471	TMTpro 16plex
NXT629_3	Homo sapiens	cell culture	hepatocyte spheroid	3	Frac24_TMT130C	proteomic profiling by mass spectrometry	NT=Data-dependent acquisition;AC=PRIDE:0000627	NT=Q Exactive HF;AC=MS:1002523	TMT130C	NT=Lys-C;AC=MS:1001309	NT=Trypsin;AC=MS:1001251	NT=Carbamidomethyl;AC=UNIMOD:4;TA=C;MT=Fixed	24	1	Frac24.raw	v1.1.0	NT=ms-proteomics;VV=v1.1.0	NT=human;VV=v1.1.0	manual curation	NXT629	TMTpro 16plex
DMSO_3	Homo sapiens	cell culture	hepatocyte spheroid	3	Frac24_TMT131N	proteomic profiling by mass spectrometry	NT=Data-dependent acquisition;AC=PRIDE:0000627	NT=Q Exactive HF;AC=MS:1002523	TMT131N	NT=Lys-C;AC=MS:1001309	NT=Trypsin;AC=MS:1001251	NT=Carbamidomethyl;AC=UNIMOD:4;TA=C;MT=Fixed	24	1	Frac24.raw	v1.1.0	NT=ms-proteomics;VV=v1.1.0	NT=human;VV=v1.1.0	manual curation	DMSO	TMTpro 16plex
NXT629_4	Homo sapiens	cell culture	hepatocyte spheroid	4	Frac24_TMT131C	proteomic profiling by mass spectrometry	NT=Data-dependent acquisition;AC=PRIDE:0000627	NT=Q Exactive HF;AC=MS:1002523	TMT131C	NT=Lys-C;AC=MS:1001309	NT=Trypsin;AC=MS:1001251	NT=Carbamidomethyl;AC=UNIMOD:4;TA=C;MT=Fixed	24	1	Frac24.raw	v1.1.0	NT=ms-proteomics;VV=v1.1.0	NT=human;VV=v1.1.0	manual curation	NXT629	TMTpro 16plex
DMSO_4	Homo sapiens	cell culture	hepatocyte spheroid	4	Frac24_TMT132N	proteomic profiling by mass spectrometry	NT=Data-dependent acquisition;AC=PRIDE:0000627	NT=Q Exactive HF;AC=MS:1002523	TMT132N	NT=Lys-C;AC=MS:1001309	NT=Trypsin;AC=MS:1001251	NT=Carbamidomethyl;AC=UNIMOD:4;TA=C;MT=Fixed	24	1	Frac24.raw	v1.1.0	NT=ms-proteomics;VV=v1.1.0	NT=human;VV=v1.1.0	manual curation	DMSO	TMTpro 16plex
MK886_3	Homo sapiens	cell culture	hepatocyte spheroid	3	Frac24_TMT132C	proteomic profiling by mass spectrometry	NT=Data-dependent acquisition;AC=PRIDE:0000627	NT=Q Exactive HF;AC=MS:1002523	TMT132C	NT=Lys-C;AC=MS:1001309	NT=Trypsin;AC=MS:1001251	NT=Carbamidomethyl;AC=UNIMOD:4;TA=C;MT=Fixed	24	1	Frac24.raw	v1.1.0	NT=ms-proteomics;VV=v1.1.0	NT=human;VV=v1.1.0	manual curation	MK886	TMTpro 16plex
GW6471_3	Homo sapiens	cell culture	hepatocyte spheroid	3	Frac24_TMT133N	proteomic profiling by mass spectrometry	NT=Data-dependent acquisition;AC=PRIDE:0000627	NT=Q Exactive HF;AC=MS:1002523	TMT133N	NT=Lys-C;AC=MS:1001309	NT=Trypsin;AC=MS:1001251	NT=Carbamidomethyl;AC=UNIMOD:4;TA=C;MT=Fixed	24	1	Frac24.raw	v1.1.0	NT=ms-proteomics;VV=v1.1.0	NT=human;VV=v1.1.0	manual curation	GW6471	TMTpro 16plex
MK886_4	Homo sapiens	cell culture	hepatocyte spheroid	4	Frac24_TMT133C	proteomic profiling by mass spectrometry	NT=Data-dependent acquisition;AC=PRIDE:0000627	NT=Q Exactive HF;AC=MS:1002523	TMT133C	NT=Lys-C;AC=MS:1001309	NT=Trypsin;AC=MS:1001251	NT=Carbamidomethyl;AC=UNIMOD:4;TA=C;MT=Fixed	24	1	Frac24.raw	v1.1.0	NT=ms-proteomics;VV=v1.1.0	NT=human;VV=v1.1.0	manual curation	MK886	TMTpro 16plex
GW6471_4	Homo sapiens	cell culture	hepatocyte spheroid	4	Frac24_TMT134N	proteomic profiling by mass spectrometry	NT=Data-dependent acquisition;AC=PRIDE:0000627	NT=Q Exactive HF;AC=MS:1002523	TMT134N	NT=Lys-C;AC=MS:1001309	NT=Trypsin;AC=MS:1001251	NT=Carbamidomethyl;AC=UNIMOD:4;TA=C;MT=Fixed	24	1	Frac24.raw	v1.1.0	NT=ms-proteomics;VV=v1.1.0	NT=human;VV=v1.1.0	manual curation	GW6471	TMTpro 16plex
NXT629_1	Homo sapiens	cell culture	hepatocyte spheroid	1	Frac31_TMT126	proteomic profiling by mass spectrometry	NT=Data-dependent acquisition;AC=PRIDE:0000627	NT=Q Exactive HF;AC=MS:1002523	TMT126	NT=Lys-C;AC=MS:1001309	NT=Trypsin;AC=MS:1001251	NT=Carbamidomethyl;AC=UNIMOD:4;TA=C;MT=Fixed	31	1	Frac31.raw	v1.1.0	NT=ms-proteomics;VV=v1.1.0	NT=human;VV=v1.1.0	manual curation	NXT629	TMTpro 16plex
MK886_1	Homo sapiens	cell culture	hepatocyte spheroid	1	Frac31_TMT127N	proteomic profiling by mass spectrometry	NT=Data-dependent acquisition;AC=PRIDE:0000627	NT=Q Exactive HF;AC=MS:1002523	TMT127N	NT=Lys-C;AC=MS:1001309	NT=Trypsin;AC=MS:1001251	NT=Carbamidomethyl;AC=UNIMOD:4;TA=C;MT=Fixed	31	1	Frac31.raw	v1.1.0	NT=ms-proteomics;VV=v1.1.0	NT=human;VV=v1.1.0	manual curation	MK886	TMTpro 16plex
NXT629_2	Homo sapiens	cell culture	hepatocyte spheroid	2	Frac31_TMT127C	proteomic profiling by mass spectrometry	NT=Data-dependent acquisition;AC=PRIDE:0000627	NT=Q Exactive HF;AC=MS:1002523	TMT127C	NT=Lys-C;AC=MS:1001309	NT=Trypsin;AC=MS:1001251	NT=Carbamidomethyl;AC=UNIMOD:4;TA=C;MT=Fixed	31	1	Frac31.raw	v1.1.0	NT=ms-proteomics;VV=v1.1.0	NT=human;VV=v1.1.0	manual curation	NXT629	TMTpro 16plex
MK886_2	Homo sapiens	cell culture	hepatocyte spheroid	2	Frac31_TMT128N	proteomic profiling by mass spectrometry	NT=Data-dependent acquisition;AC=PRIDE:0000627	NT=Q Exactive HF;AC=MS:1002523	TMT128N	NT=Lys-C;AC=MS:1001309	NT=Trypsin;AC=MS:1001251	NT=Carbamidomethyl;AC=UNIMOD:4;TA=C;MT=Fixed	31	1	Frac31.raw	v1.1.0	NT=ms-proteomics;VV=v1.1.0	NT=human;VV=v1.1.0	manual curation	MK886	TMTpro 16plex
DMSO_1	Homo sapiens	cell culture	hepatocyte spheroid	1	Frac31_TMT128C	proteomic profiling by mass spectrometry	NT=Data-dependent acquisition;AC=PRIDE:0000627	NT=Q Exactive HF;AC=MS:1002523	TMT128C	NT=Lys-C;AC=MS:1001309	NT=Trypsin;AC=MS:1001251	NT=Carbamidomethyl;AC=UNIMOD:4;TA=C;MT=Fixed	31	1	Frac31.raw	v1.1.0	NT=ms-proteomics;VV=v1.1.0	NT=human;VV=v1.1.0	manual curation	DMSO	TMTpro 16plex
GW6471_1	Homo sapiens	cell culture	hepatocyte spheroid	1	Frac31_TMT129N	proteomic profiling by mass spectrometry	NT=Data-dependent acquisition;AC=PRIDE:0000627	NT=Q Exactive HF;AC=MS:1002523	TMT129N	NT=Lys-C;AC=MS:1001309	NT=Trypsin;AC=MS:1001251	NT=Carbamidomethyl;AC=UNIMOD:4;TA=C;MT=Fixed	31	1	Frac31.raw	v1.1.0	NT=ms-proteomics;VV=v1.1.0	NT=human;VV=v1.1.0	manual curation	GW6471	TMTpro 16plex
DMSO_2	Homo sapiens	cell culture	hepatocyte spheroid	2	Frac31_TMT129C	proteomic profiling by mass spectrometry	NT=Data-dependent acquisition;AC=PRIDE:0000627	NT=Q Exactive HF;AC=MS:1002523	TMT129C	NT=Lys-C;AC=MS:1001309	NT=Trypsin;AC=MS:1001251	NT=Carbamidomethyl;AC=UNIMOD:4;TA=C;MT=Fixed	31	1	Frac31.raw	v1.1.0	NT=ms-proteomics;VV=v1.1.0	NT=human;VV=v1.1.0	manual curation	DMSO	TMTpro 16plex
GW6471_2	Homo sapiens	cell culture	hepatocyte spheroid	2	Frac31_TMT130N	proteomic profiling by mass spectrometry	NT=Data-dependent acquisition;AC=PRIDE:0000627	NT=Q Exactive HF;AC=MS:1002523	TMT130N	NT=Lys-C;AC=MS:1001309	NT=Trypsin;AC=MS:1001251	NT=Carbamidomethyl;AC=UNIMOD:4;TA=C;MT=Fixed	31	1	Frac31.raw	v1.1.0	NT=ms-proteomics;VV=v1.1.0	NT=human;VV=v1.1.0	manual curation	GW6471	TMTpro 16plex
NXT629_3	Homo sapiens	cell culture	hepatocyte spheroid	3	Frac31_TMT130C	proteomic profiling by mass spectrometry	NT=Data-dependent acquisition;AC=PRIDE:0000627	NT=Q Exactive HF;AC=MS:1002523	TMT130C	NT=Lys-C;AC=MS:1001309	NT=Trypsin;AC=MS:1001251	NT=Carbamidomethyl;AC=UNIMOD:4;TA=C;MT=Fixed	31	1	Frac31.raw	v1.1.0	NT=ms-proteomics;VV=v1.1.0	NT=human;VV=v1.1.0	manual curation	NXT629	TMTpro 16plex
DMSO_3	Homo sapiens	cell culture	hepatocyte spheroid	3	Frac31_TMT131N	proteomic profiling by mass spectrometry	NT=Data-dependent acquisition;AC=PRIDE:0000627	NT=Q Exactive HF;AC=MS:1002523	TMT131N	NT=Lys-C;AC=MS:1001309	NT=Trypsin;AC=MS:1001251	NT=Carbamidomethyl;AC=UNIMOD:4;TA=C;MT=Fixed	31	1	Frac31.raw	v1.1.0	NT=ms-proteomics;VV=v1.1.0	NT=human;VV=v1.1.0	manual curation	DMSO	TMTpro 16plex
NXT629_4	Homo sapiens	cell culture	hepatocyte spheroid	4	Frac31_TMT131C	proteomic profiling by mass spectrometry	NT=Data-dependent acquisition;AC=PRIDE:0000627	NT=Q Exactive HF;AC=MS:1002523	TMT131C	NT=Lys-C;AC=MS:1001309	NT=Trypsin;AC=MS:1001251	NT=Carbamidomethyl;AC=UNIMOD:4;TA=C;MT=Fixed	31	1	Frac31.raw	v1.1.0	NT=ms-proteomics;VV=v1.1.0	NT=human;VV=v1.1.0	manual curation	NXT629	TMTpro 16plex
DMSO_4	Homo sapiens	cell culture	hepatocyte spheroid	4	Frac31_TMT132N	proteomic profiling by mass spectrometry	NT=Data-dependent acquisition;AC=PRIDE:0000627	NT=Q Exactive HF;AC=MS:1002523	TMT132N	NT=Lys-C;AC=MS:1001309	NT=Trypsin;AC=MS:1001251	NT=Carbamidomethyl;AC=UNIMOD:4;TA=C;MT=Fixed	31	1	Frac31.raw	v1.1.0	NT=ms-proteomics;VV=v1.1.0	NT=human;VV=v1.1.0	manual curation	DMSO	TMTpro 16plex
MK886_3	Homo sapiens	cell culture	hepatocyte spheroid	3	Frac31_TMT132C	proteomic profiling by mass spectrometry	NT=Data-dependent acquisition;AC=PRIDE:0000627	NT=Q Exactive HF;AC=MS:1002523	TMT132C	NT=Lys-C;AC=MS:1001309	NT=Trypsin;AC=MS:1001251	NT=Carbamidomethyl;AC=UNIMOD:4;TA=C;MT=Fixed	31	1	Frac31.raw	v1.1.0	NT=ms-proteomics;VV=v1.1.0	NT=human;VV=v1.1.0	manual curation	MK886	TMTpro 16plex
GW6471_3	Homo sapiens	cell culture	hepatocyte spheroid	3	Frac31_TMT133N	proteomic profiling by mass spectrometry	NT=Data-dependent acquisition;AC=PRIDE:0000627	NT=Q Exactive HF;AC=MS:1002523	TMT133N	NT=Lys-C;AC=MS:1001309	NT=Trypsin;AC=MS:1001251	NT=Carbamidomethyl;AC=UNIMOD:4;TA=C;MT=Fixed	31	1	Frac31.raw	v1.1.0	NT=ms-proteomics;VV=v1.1.0	NT=human;VV=v1.1.0	manual curation	GW6471	TMTpro 16plex
MK886_4	Homo sapiens	cell culture	hepatocyte spheroid	4	Frac31_TMT133C	proteomic profiling by mass spectrometry	NT=Data-dependent acquisition;AC=PRIDE:0000627	NT=Q Exactive HF;AC=MS:1002523	TMT133C	NT=Lys-C;AC=MS:1001309	NT=Trypsin;AC=MS:1001251	NT=Carbamidomethyl;AC=UNIMOD:4;TA=C;MT=Fixed	31	1	Frac31.raw	v1.1.0	NT=ms-proteomics;VV=v1.1.0	NT=human;VV=v1.1.0	manual curation	MK886	TMTpro 16plex
GW6471_4	Homo sapiens	cell culture	hepatocyte spheroid	4	Frac31_TMT134N	proteomic profiling by mass spectrometry	NT=Data-dependent acquisition;AC=PRIDE:0000627	NT=Q Exactive HF;AC=MS:1002523	TMT134N	NT=Lys-C;AC=MS:1001309	NT=Trypsin;AC=MS:1001251	NT=Carbamidomethyl;AC=UNIMOD:4;TA=C;MT=Fixed	31	1	Frac31.raw	v1.1.0	NT=ms-proteomics;VV=v1.1.0	NT=human;VV=v1.1.0	manual curation	GW6471	TMTpro 16plex
NXT629_1	Homo sapiens	cell culture	hepatocyte spheroid	1	Frac36_TMT126	proteomic profiling by mass spectrometry	NT=Data-dependent acquisition;AC=PRIDE:0000627	NT=Q Exactive HF;AC=MS:1002523	TMT126	NT=Lys-C;AC=MS:1001309	NT=Trypsin;AC=MS:1001251	NT=Carbamidomethyl;AC=UNIMOD:4;TA=C;MT=Fixed	36	1	Frac36.raw	v1.1.0	NT=ms-proteomics;VV=v1.1.0	NT=human;VV=v1.1.0	manual curation	NXT629	TMTpro 16plex
MK886_1	Homo sapiens	cell culture	hepatocyte spheroid	1	Frac36_TMT127N	proteomic profiling by mass spectrometry	NT=Data-dependent acquisition;AC=PRIDE:0000627	NT=Q Exactive HF;AC=MS:1002523	TMT127N	NT=Lys-C;AC=MS:1001309	NT=Trypsin;AC=MS:1001251	NT=Carbamidomethyl;AC=UNIMOD:4;TA=C;MT=Fixed	36	1	Frac36.raw	v1.1.0	NT=ms-proteomics;VV=v1.1.0	NT=human;VV=v1.1.0	manual curation	MK886	TMTpro 16plex
NXT629_2	Homo sapiens	cell culture	hepatocyte spheroid	2	Frac36_TMT127C	proteomic profiling by mass spectrometry	NT=Data-dependent acquisition;AC=PRIDE:0000627	NT=Q Exactive HF;AC=MS:1002523	TMT127C	NT=Lys-C;AC=MS:1001309	NT=Trypsin;AC=MS:1001251	NT=Carbamidomethyl;AC=UNIMOD:4;TA=C;MT=Fixed	36	1	Frac36.raw	v1.1.0	NT=ms-proteomics;VV=v1.1.0	NT=human;VV=v1.1.0	manual curation	NXT629	TMTpro 16plex
MK886_2	Homo sapiens	cell culture	hepatocyte spheroid	2	Frac36_TMT128N	proteomic profiling by mass spectrometry	NT=Data-dependent acquisition;AC=PRIDE:0000627	NT=Q Exactive HF;AC=MS:1002523	TMT128N	NT=Lys-C;AC=MS:1001309	NT=Trypsin;AC=MS:1001251	NT=Carbamidomethyl;AC=UNIMOD:4;TA=C;MT=Fixed	36	1	Frac36.raw	v1.1.0	NT=ms-proteomics;VV=v1.1.0	NT=human;VV=v1.1.0	manual curation	MK886	TMTpro 16plex
DMSO_1	Homo sapiens	cell culture	hepatocyte spheroid	1	Frac36_TMT128C	proteomic profiling by mass spectrometry	NT=Data-dependent acquisition;AC=PRIDE:0000627	NT=Q Exactive HF;AC=MS:1002523	TMT128C	NT=Lys-C;AC=MS:1001309	NT=Trypsin;AC=MS:1001251	NT=Carbamidomethyl;AC=UNIMOD:4;TA=C;MT=Fixed	36	1	Frac36.raw	v1.1.0	NT=ms-proteomics;VV=v1.1.0	NT=human;VV=v1.1.0	manual curation	DMSO	TMTpro 16plex
GW6471_1	Homo sapiens	cell culture	hepatocyte spheroid	1	Frac36_TMT129N	proteomic profiling by mass spectrometry	NT=Data-dependent acquisition;AC=PRIDE:0000627	NT=Q Exactive HF;AC=MS:1002523	TMT129N	NT=Lys-C;AC=MS:1001309	NT=Trypsin;AC=MS:1001251	NT=Carbamidomethyl;AC=UNIMOD:4;TA=C;MT=Fixed	36	1	Frac36.raw	v1.1.0	NT=ms-proteomics;VV=v1.1.0	NT=human;VV=v1.1.0	manual curation	GW6471	TMTpro 16plex
DMSO_2	Homo sapiens	cell culture	hepatocyte spheroid	2	Frac36_TMT129C	proteomic profiling by mass spectrometry	NT=Data-dependent acquisition;AC=PRIDE:0000627	NT=Q Exactive HF;AC=MS:1002523	TMT129C	NT=Lys-C;AC=MS:1001309	NT=Trypsin;AC=MS:1001251	NT=Carbamidomethyl;AC=UNIMOD:4;TA=C;MT=Fixed	36	1	Frac36.raw	v1.1.0	NT=ms-proteomics;VV=v1.1.0	NT=human;VV=v1.1.0	manual curation	DMSO	TMTpro 16plex
GW6471_2	Homo sapiens	cell culture	hepatocyte spheroid	2	Frac36_TMT130N	proteomic profiling by mass spectrometry	NT=Data-dependent acquisition;AC=PRIDE:0000627	NT=Q Exactive HF;AC=MS:1002523	TMT130N	NT=Lys-C;AC=MS:1001309	NT=Trypsin;AC=MS:1001251	NT=Carbamidomethyl;AC=UNIMOD:4;TA=C;MT=Fixed	36	1	Frac36.raw	v1.1.0	NT=ms-proteomics;VV=v1.1.0	NT=human;VV=v1.1.0	manual curation	GW6471	TMTpro 16plex
NXT629_3	Homo sapiens	cell culture	hepatocyte spheroid	3	Frac36_TMT130C	proteomic profiling by mass spectrometry	NT=Data-dependent acquisition;AC=PRIDE:0000627	NT=Q Exactive HF;AC=MS:1002523	TMT130C	NT=Lys-C;AC=MS:1001309	NT=Trypsin;AC=MS:1001251	NT=Carbamidomethyl;AC=UNIMOD:4;TA=C;MT=Fixed	36	1	Frac36.raw	v1.1.0	NT=ms-proteomics;VV=v1.1.0	NT=human;VV=v1.1.0	manual curation	NXT629	TMTpro 16plex
DMSO_3	Homo sapiens	cell culture	hepatocyte spheroid	3	Frac36_TMT131N	proteomic profiling by mass spectrometry	NT=Data-dependent acquisition;AC=PRIDE:0000627	NT=Q Exactive HF;AC=MS:1002523	TMT131N	NT=Lys-C;AC=MS:1001309	NT=Trypsin;AC=MS:1001251	NT=Carbamidomethyl;AC=UNIMOD:4;TA=C;MT=Fixed	36	1	Frac36.raw	v1.1.0	NT=ms-proteomics;VV=v1.1.0	NT=human;VV=v1.1.0	manual curation	DMSO	TMTpro 16plex
NXT629_4	Homo sapiens	cell culture	hepatocyte spheroid	4	Frac36_TMT131C	proteomic profiling by mass spectrometry	NT=Data-dependent acquisition;AC=PRIDE:0000627	NT=Q Exactive HF;AC=MS:1002523	TMT131C	NT=Lys-C;AC=MS:1001309	NT=Trypsin;AC=MS:1001251	NT=Carbamidomethyl;AC=UNIMOD:4;TA=C;MT=Fixed	36	1	Frac36.raw	v1.1.0	NT=ms-proteomics;VV=v1.1.0	NT=human;VV=v1.1.0	manual curation	NXT629	TMTpro 16plex
DMSO_4	Homo sapiens	cell culture	hepatocyte spheroid	4	Frac36_TMT132N	proteomic profiling by mass spectrometry	NT=Data-dependent acquisition;AC=PRIDE:0000627	NT=Q Exactive HF;AC=MS:1002523	TMT132N	NT=Lys-C;AC=MS:1001309	NT=Trypsin;AC=MS:1001251	NT=Carbamidomethyl;AC=UNIMOD:4;TA=C;MT=Fixed	36	1	Frac36.raw	v1.1.0	NT=ms-proteomics;VV=v1.1.0	NT=human;VV=v1.1.0	manual curation	DMSO	TMTpro 16plex
MK886_3	Homo sapiens	cell culture	hepatocyte spheroid	3	Frac36_TMT132C	proteomic profiling by mass spectrometry	NT=Data-dependent acquisition;AC=PRIDE:0000627	NT=Q Exactive HF;AC=MS:1002523	TMT132C	NT=Lys-C;AC=MS:1001309	NT=Trypsin;AC=MS:1001251	NT=Carbamidomethyl;AC=UNIMOD:4;TA=C;MT=Fixed	36	1	Frac36.raw	v1.1.0	NT=ms-proteomics;VV=v1.1.0	NT=human;VV=v1.1.0	manual curation	MK886	TMTpro 16plex
GW6471_3	Homo sapiens	cell culture	hepatocyte spheroid	3	Frac36_TMT133N	proteomic profiling by mass spectrometry	NT=Data-dependent acquisition;AC=PRIDE:0000627	NT=Q Exactive HF;AC=MS:1002523	TMT133N	NT=Lys-C;AC=MS:1001309	NT=Trypsin;AC=MS:1001251	NT=Carbamidomethyl;AC=UNIMOD:4;TA=C;MT=Fixed	36	1	Frac36.raw	v1.1.0	NT=ms-proteomics;VV=v1.1.0	NT=human;VV=v1.1.0	manual curation	GW6471	TMTpro 16plex
MK886_4	Homo sapiens	cell culture	hepatocyte spheroid	4	Frac36_TMT133C	proteomic profiling by mass spectrometry	NT=Data-dependent acquisition;AC=PRIDE:0000627	NT=Q Exactive HF;AC=MS:1002523	TMT133C	NT=Lys-C;AC=MS:1001309	NT=Trypsin;AC=MS:1001251	NT=Carbamidomethyl;AC=UNIMOD:4;TA=C;MT=Fixed	36	1	Frac36.raw	v1.1.0	NT=ms-proteomics;VV=v1.1.0	NT=human;VV=v1.1.0	manual curation	MK886	TMTpro 16plex
GW6471_4	Homo sapiens	cell culture	hepatocyte spheroid	4	Frac36_TMT134N	proteomic profiling by mass spectrometry	NT=Data-dependent acquisition;AC=PRIDE:0000627	NT=Q Exactive HF;AC=MS:1002523	TMT134N	NT=Lys-C;AC=MS:1001309	NT=Trypsin;AC=MS:1001251	NT=Carbamidomethyl;AC=UNIMOD:4;TA=C;MT=Fixed	36	1	Frac36.raw	v1.1.0	NT=ms-proteomics;VV=v1.1.0	NT=human;VV=v1.1.0	manual curation	GW6471	TMTpro 16plex
NXT629_1	Homo sapiens	cell culture	hepatocyte spheroid	1	Frac43_TMT126	proteomic profiling by mass spectrometry	NT=Data-dependent acquisition;AC=PRIDE:0000627	NT=Q Exactive HF;AC=MS:1002523	TMT126	NT=Lys-C;AC=MS:1001309	NT=Trypsin;AC=MS:1001251	NT=Carbamidomethyl;AC=UNIMOD:4;TA=C;MT=Fixed	43	1	Frac43.raw	v1.1.0	NT=ms-proteomics;VV=v1.1.0	NT=human;VV=v1.1.0	manual curation	NXT629	TMTpro 16plex
MK886_1	Homo sapiens	cell culture	hepatocyte spheroid	1	Frac43_TMT127N	proteomic profiling by mass spectrometry	NT=Data-dependent acquisition;AC=PRIDE:0000627	NT=Q Exactive HF;AC=MS:1002523	TMT127N	NT=Lys-C;AC=MS:1001309	NT=Trypsin;AC=MS:1001251	NT=Carbamidomethyl;AC=UNIMOD:4;TA=C;MT=Fixed	43	1	Frac43.raw	v1.1.0	NT=ms-proteomics;VV=v1.1.0	NT=human;VV=v1.1.0	manual curation	MK886	TMTpro 16plex
NXT629_2	Homo sapiens	cell culture	hepatocyte spheroid	2	Frac43_TMT127C	proteomic profiling by mass spectrometry	NT=Data-dependent acquisition;AC=PRIDE:0000627	NT=Q Exactive HF;AC=MS:1002523	TMT127C	NT=Lys-C;AC=MS:1001309	NT=Trypsin;AC=MS:1001251	NT=Carbamidomethyl;AC=UNIMOD:4;TA=C;MT=Fixed	43	1	Frac43.raw	v1.1.0	NT=ms-proteomics;VV=v1.1.0	NT=human;VV=v1.1.0	manual curation	NXT629	TMTpro 16plex
MK886_2	Homo sapiens	cell culture	hepatocyte spheroid	2	Frac43_TMT128N	proteomic profiling by mass spectrometry	NT=Data-dependent acquisition;AC=PRIDE:0000627	NT=Q Exactive HF;AC=MS:1002523	TMT128N	NT=Lys-C;AC=MS:1001309	NT=Trypsin;AC=MS:1001251	NT=Carbamidomethyl;AC=UNIMOD:4;TA=C;MT=Fixed	43	1	Frac43.raw	v1.1.0	NT=ms-proteomics;VV=v1.1.0	NT=human;VV=v1.1.0	manual curation	MK886	TMTpro 16plex
DMSO_1	Homo sapiens	cell culture	hepatocyte spheroid	1	Frac43_TMT128C	proteomic profiling by mass spectrometry	NT=Data-dependent acquisition;AC=PRIDE:0000627	NT=Q Exactive HF;AC=MS:1002523	TMT128C	NT=Lys-C;AC=MS:1001309	NT=Trypsin;AC=MS:1001251	NT=Carbamidomethyl;AC=UNIMOD:4;TA=C;MT=Fixed	43	1	Frac43.raw	v1.1.0	NT=ms-proteomics;VV=v1.1.0	NT=human;VV=v1.1.0	manual curation	DMSO	TMTpro 16plex
GW6471_1	Homo sapiens	cell culture	hepatocyte spheroid	1	Frac43_TMT129N	proteomic profiling by mass spectrometry	NT=Data-dependent acquisition;AC=PRIDE:0000627	NT=Q Exactive HF;AC=MS:1002523	TMT129N	NT=Lys-C;AC=MS:1001309	NT=Trypsin;AC=MS:1001251	NT=Carbamidomethyl;AC=UNIMOD:4;TA=C;MT=Fixed	43	1	Frac43.raw	v1.1.0	NT=ms-proteomics;VV=v1.1.0	NT=human;VV=v1.1.0	manual curation	GW6471	TMTpro 16plex
DMSO_2	Homo sapiens	cell culture	hepatocyte spheroid	2	Frac43_TMT129C	proteomic profiling by mass spectrometry	NT=Data-dependent acquisition;AC=PRIDE:0000627	NT=Q Exactive HF;AC=MS:1002523	TMT129C	NT=Lys-C;AC=MS:1001309	NT=Trypsin;AC=MS:1001251	NT=Carbamidomethyl;AC=UNIMOD:4;TA=C;MT=Fixed	43	1	Frac43.raw	v1.1.0	NT=ms-proteomics;VV=v1.1.0	NT=human;VV=v1.1.0	manual curation	DMSO	TMTpro 16plex
GW6471_2	Homo sapiens	cell culture	hepatocyte spheroid	2	Frac43_TMT130N	proteomic profiling by mass spectrometry	NT=Data-dependent acquisition;AC=PRIDE:0000627	NT=Q Exactive HF;AC=MS:1002523	TMT130N	NT=Lys-C;AC=MS:1001309	NT=Trypsin;AC=MS:1001251	NT=Carbamidomethyl;AC=UNIMOD:4;TA=C;MT=Fixed	43	1	Frac43.raw	v1.1.0	NT=ms-proteomics;VV=v1.1.0	NT=human;VV=v1.1.0	manual curation	GW6471	TMTpro 16plex
NXT629_3	Homo sapiens	cell culture	hepatocyte spheroid	3	Frac43_TMT130C	proteomic profiling by mass spectrometry	NT=Data-dependent acquisition;AC=PRIDE:0000627	NT=Q Exactive HF;AC=MS:1002523	TMT130C	NT=Lys-C;AC=MS:1001309	NT=Trypsin;AC=MS:1001251	NT=Carbamidomethyl;AC=UNIMOD:4;TA=C;MT=Fixed	43	1	Frac43.raw	v1.1.0	NT=ms-proteomics;VV=v1.1.0	NT=human;VV=v1.1.0	manual curation	NXT629	TMTpro 16plex
DMSO_3	Homo sapiens	cell culture	hepatocyte spheroid	3	Frac43_TMT131N	proteomic profiling by mass spectrometry	NT=Data-dependent acquisition;AC=PRIDE:0000627	NT=Q Exactive HF;AC=MS:1002523	TMT131N	NT=Lys-C;AC=MS:1001309	NT=Trypsin;AC=MS:1001251	NT=Carbamidomethyl;AC=UNIMOD:4;TA=C;MT=Fixed	43	1	Frac43.raw	v1.1.0	NT=ms-proteomics;VV=v1.1.0	NT=human;VV=v1.1.0	manual curation	DMSO	TMTpro 16plex
NXT629_4	Homo sapiens	cell culture	hepatocyte spheroid	4	Frac43_TMT131C	proteomic profiling by mass spectrometry	NT=Data-dependent acquisition;AC=PRIDE:0000627	NT=Q Exactive HF;AC=MS:1002523	TMT131C	NT=Lys-C;AC=MS:1001309	NT=Trypsin;AC=MS:1001251	NT=Carbamidomethyl;AC=UNIMOD:4;TA=C;MT=Fixed	43	1	Frac43.raw	v1.1.0	NT=ms-proteomics;VV=v1.1.0	NT=human;VV=v1.1.0	manual curation	NXT629	TMTpro 16plex
DMSO_4	Homo sapiens	cell culture	hepatocyte spheroid	4	Frac43_TMT132N	proteomic profiling by mass spectrometry	NT=Data-dependent acquisition;AC=PRIDE:0000627	NT=Q Exactive HF;AC=MS:1002523	TMT132N	NT=Lys-C;AC=MS:1001309	NT=Trypsin;AC=MS:1001251	NT=Carbamidomethyl;AC=UNIMOD:4;TA=C;MT=Fixed	43	1	Frac43.raw	v1.1.0	NT=ms-proteomics;VV=v1.1.0	NT=human;VV=v1.1.0	manual curation	DMSO	TMTpro 16plex
MK886_3	Homo sapiens	cell culture	hepatocyte spheroid	3	Frac43_TMT132C	proteomic profiling by mass spectrometry	NT=Data-dependent acquisition;AC=PRIDE:0000627	NT=Q Exactive HF;AC=MS:1002523	TMT132C	NT=Lys-C;AC=MS:1001309	NT=Trypsin;AC=MS:1001251	NT=Carbamidomethyl;AC=UNIMOD:4;TA=C;MT=Fixed	43	1	Frac43.raw	v1.1.0	NT=ms-proteomics;VV=v1.1.0	NT=human;VV=v1.1.0	manual curation	MK886	TMTpro 16plex
GW6471_3	Homo sapiens	cell culture	hepatocyte spheroid	3	Frac43_TMT133N	proteomic profiling by mass spectrometry	NT=Data-dependent acquisition;AC=PRIDE:0000627	NT=Q Exactive HF;AC=MS:1002523	TMT133N	NT=Lys-C;AC=MS:1001309	NT=Trypsin;AC=MS:1001251	NT=Carbamidomethyl;AC=UNIMOD:4;TA=C;MT=Fixed	43	1	Frac43.raw	v1.1.0	NT=ms-proteomics;VV=v1.1.0	NT=human;VV=v1.1.0	manual curation	GW6471	TMTpro 16plex
MK886_4	Homo sapiens	cell culture	hepatocyte spheroid	4	Frac43_TMT133C	proteomic profiling by mass spectrometry	NT=Data-dependent acquisition;AC=PRIDE:0000627	NT=Q Exactive HF;AC=MS:1002523	TMT133C	NT=Lys-C;AC=MS:1001309	NT=Trypsin;AC=MS:1001251	NT=Carbamidomethyl;AC=UNIMOD:4;TA=C;MT=Fixed	43	1	Frac43.raw	v1.1.0	NT=ms-proteomics;VV=v1.1.0	NT=human;VV=v1.1.0	manual curation	MK886	TMTpro 16plex
GW6471_4	Homo sapiens	cell culture	hepatocyte spheroid	4	Frac43_TMT134N	proteomic profiling by mass spectrometry	NT=Data-dependent acquisition;AC=PRIDE:0000627	NT=Q Exactive HF;AC=MS:1002523	TMT134N	NT=Lys-C;AC=MS:1001309	NT=Trypsin;AC=MS:1001251	NT=Carbamidomethyl;AC=UNIMOD:4;TA=C;MT=Fixed	43	1	Frac43.raw	v1.1.0	NT=ms-proteomics;VV=v1.1.0	NT=human;VV=v1.1.0	manual curation	GW6471	TMTpro 16plex
NXT629_1	Homo sapiens	cell culture	hepatocyte spheroid	1	Frac23_TMT126	proteomic profiling by mass spectrometry	NT=Data-dependent acquisition;AC=PRIDE:0000627	NT=Q Exactive HF;AC=MS:1002523	TMT126	NT=Lys-C;AC=MS:1001309	NT=Trypsin;AC=MS:1001251	NT=Carbamidomethyl;AC=UNIMOD:4;TA=C;MT=Fixed	23	1	Frac23.raw	v1.1.0	NT=ms-proteomics;VV=v1.1.0	NT=human;VV=v1.1.0	manual curation	NXT629	TMTpro 16plex
MK886_1	Homo sapiens	cell culture	hepatocyte spheroid	1	Frac23_TMT127N	proteomic profiling by mass spectrometry	NT=Data-dependent acquisition;AC=PRIDE:0000627	NT=Q Exactive HF;AC=MS:1002523	TMT127N	NT=Lys-C;AC=MS:1001309	NT=Trypsin;AC=MS:1001251	NT=Carbamidomethyl;AC=UNIMOD:4;TA=C;MT=Fixed	23	1	Frac23.raw	v1.1.0	NT=ms-proteomics;VV=v1.1.0	NT=human;VV=v1.1.0	manual curation	MK886	TMTpro 16plex
NXT629_2	Homo sapiens	cell culture	hepatocyte spheroid	2	Frac23_TMT127C	proteomic profiling by mass spectrometry	NT=Data-dependent acquisition;AC=PRIDE:0000627	NT=Q Exactive HF;AC=MS:1002523	TMT127C	NT=Lys-C;AC=MS:1001309	NT=Trypsin;AC=MS:1001251	NT=Carbamidomethyl;AC=UNIMOD:4;TA=C;MT=Fixed	23	1	Frac23.raw	v1.1.0	NT=ms-proteomics;VV=v1.1.0	NT=human;VV=v1.1.0	manual curation	NXT629	TMTpro 16plex
MK886_2	Homo sapiens	cell culture	hepatocyte spheroid	2	Frac23_TMT128N	proteomic profiling by mass spectrometry	NT=Data-dependent acquisition;AC=PRIDE:0000627	NT=Q Exactive HF;AC=MS:1002523	TMT128N	NT=Lys-C;AC=MS:1001309	NT=Trypsin;AC=MS:1001251	NT=Carbamidomethyl;AC=UNIMOD:4;TA=C;MT=Fixed	23	1	Frac23.raw	v1.1.0	NT=ms-proteomics;VV=v1.1.0	NT=human;VV=v1.1.0	manual curation	MK886	TMTpro 16plex
DMSO_1	Homo sapiens	cell culture	hepatocyte spheroid	1	Frac23_TMT128C	proteomic profiling by mass spectrometry	NT=Data-dependent acquisition;AC=PRIDE:0000627	NT=Q Exactive HF;AC=MS:1002523	TMT128C	NT=Lys-C;AC=MS:1001309	NT=Trypsin;AC=MS:1001251	NT=Carbamidomethyl;AC=UNIMOD:4;TA=C;MT=Fixed	23	1	Frac23.raw	v1.1.0	NT=ms-proteomics;VV=v1.1.0	NT=human;VV=v1.1.0	manual curation	DMSO	TMTpro 16plex
GW6471_1	Homo sapiens	cell culture	hepatocyte spheroid	1	Frac23_TMT129N	proteomic profiling by mass spectrometry	NT=Data-dependent acquisition;AC=PRIDE:0000627	NT=Q Exactive HF;AC=MS:1002523	TMT129N	NT=Lys-C;AC=MS:1001309	NT=Trypsin;AC=MS:1001251	NT=Carbamidomethyl;AC=UNIMOD:4;TA=C;MT=Fixed	23	1	Frac23.raw	v1.1.0	NT=ms-proteomics;VV=v1.1.0	NT=human;VV=v1.1.0	manual curation	GW6471	TMTpro 16plex
DMSO_2	Homo sapiens	cell culture	hepatocyte spheroid	2	Frac23_TMT129C	proteomic profiling by mass spectrometry	NT=Data-dependent acquisition;AC=PRIDE:0000627	NT=Q Exactive HF;AC=MS:1002523	TMT129C	NT=Lys-C;AC=MS:1001309	NT=Trypsin;AC=MS:1001251	NT=Carbamidomethyl;AC=UNIMOD:4;TA=C;MT=Fixed	23	1	Frac23.raw	v1.1.0	NT=ms-proteomics;VV=v1.1.0	NT=human;VV=v1.1.0	manual curation	DMSO	TMTpro 16plex
GW6471_2	Homo sapiens	cell culture	hepatocyte spheroid	2	Frac23_TMT130N	proteomic profiling by mass spectrometry	NT=Data-dependent acquisition;AC=PRIDE:0000627	NT=Q Exactive HF;AC=MS:1002523	TMT130N	NT=Lys-C;AC=MS:1001309	NT=Trypsin;AC=MS:1001251	NT=Carbamidomethyl;AC=UNIMOD:4;TA=C;MT=Fixed	23	1	Frac23.raw	v1.1.0	NT=ms-proteomics;VV=v1.1.0	NT=human;VV=v1.1.0	manual curation	GW6471	TMTpro 16plex
NXT629_3	Homo sapiens	cell culture	hepatocyte spheroid	3	Frac23_TMT130C	proteomic profiling by mass spectrometry	NT=Data-dependent acquisition;AC=PRIDE:0000627	NT=Q Exactive HF;AC=MS:1002523	TMT130C	NT=Lys-C;AC=MS:1001309	NT=Trypsin;AC=MS:1001251	NT=Carbamidomethyl;AC=UNIMOD:4;TA=C;MT=Fixed	23	1	Frac23.raw	v1.1.0	NT=ms-proteomics;VV=v1.1.0	NT=human;VV=v1.1.0	manual curation	NXT629	TMTpro 16plex
DMSO_3	Homo sapiens	cell culture	hepatocyte spheroid	3	Frac23_TMT131N	proteomic profiling by mass spectrometry	NT=Data-dependent acquisition;AC=PRIDE:0000627	NT=Q Exactive HF;AC=MS:1002523	TMT131N	NT=Lys-C;AC=MS:1001309	NT=Trypsin;AC=MS:1001251	NT=Carbamidomethyl;AC=UNIMOD:4;TA=C;MT=Fixed	23	1	Frac23.raw	v1.1.0	NT=ms-proteomics;VV=v1.1.0	NT=human;VV=v1.1.0	manual curation	DMSO	TMTpro 16plex
NXT629_4	Homo sapiens	cell culture	hepatocyte spheroid	4	Frac23_TMT131C	proteomic profiling by mass spectrometry	NT=Data-dependent acquisition;AC=PRIDE:0000627	NT=Q Exactive HF;AC=MS:1002523	TMT131C	NT=Lys-C;AC=MS:1001309	NT=Trypsin;AC=MS:1001251	NT=Carbamidomethyl;AC=UNIMOD:4;TA=C;MT=Fixed	23	1	Frac23.raw	v1.1.0	NT=ms-proteomics;VV=v1.1.0	NT=human;VV=v1.1.0	manual curation	NXT629	TMTpro 16plex
DMSO_4	Homo sapiens	cell culture	hepatocyte spheroid	4	Frac23_TMT132N	proteomic profiling by mass spectrometry	NT=Data-dependent acquisition;AC=PRIDE:0000627	NT=Q Exactive HF;AC=MS:1002523	TMT132N	NT=Lys-C;AC=MS:1001309	NT=Trypsin;AC=MS:1001251	NT=Carbamidomethyl;AC=UNIMOD:4;TA=C;MT=Fixed	23	1	Frac23.raw	v1.1.0	NT=ms-proteomics;VV=v1.1.0	NT=human;VV=v1.1.0	manual curation	DMSO	TMTpro 16plex
MK886_3	Homo sapiens	cell culture	hepatocyte spheroid	3	Frac23_TMT132C	proteomic profiling by mass spectrometry	NT=Data-dependent acquisition;AC=PRIDE:0000627	NT=Q Exactive HF;AC=MS:1002523	TMT132C	NT=Lys-C;AC=MS:1001309	NT=Trypsin;AC=MS:1001251	NT=Carbamidomethyl;AC=UNIMOD:4;TA=C;MT=Fixed	23	1	Frac23.raw	v1.1.0	NT=ms-proteomics;VV=v1.1.0	NT=human;VV=v1.1.0	manual curation	MK886	TMTpro 16plex
GW6471_3	Homo sapiens	cell culture	hepatocyte spheroid	3	Frac23_TMT133N	proteomic profiling by mass spectrometry	NT=Data-dependent acquisition;AC=PRIDE:0000627	NT=Q Exactive HF;AC=MS:1002523	TMT133N	NT=Lys-C;AC=MS:1001309	NT=Trypsin;AC=MS:1001251	NT=Carbamidomethyl;AC=UNIMOD:4;TA=C;MT=Fixed	23	1	Frac23.raw	v1.1.0	NT=ms-proteomics;VV=v1.1.0	NT=human;VV=v1.1.0	manual curation	GW6471	TMTpro 16plex
MK886_4	Homo sapiens	cell culture	hepatocyte spheroid	4	Frac23_TMT133C	proteomic profiling by mass spectrometry	NT=Data-dependent acquisition;AC=PRIDE:0000627	NT=Q Exactive HF;AC=MS:1002523	TMT133C	NT=Lys-C;AC=MS:1001309	NT=Trypsin;AC=MS:1001251	NT=Carbamidomethyl;AC=UNIMOD:4;TA=C;MT=Fixed	23	1	Frac23.raw	v1.1.0	NT=ms-proteomics;VV=v1.1.0	NT=human;VV=v1.1.0	manual curation	MK886	TMTpro 16plex
GW6471_4	Homo sapiens	cell culture	hepatocyte spheroid	4	Frac23_TMT134N	proteomic profiling by mass spectrometry	NT=Data-dependent acquisition;AC=PRIDE:0000627	NT=Q Exactive HF;AC=MS:1002523	TMT134N	NT=Lys-C;AC=MS:1001309	NT=Trypsin;AC=MS:1001251	NT=Carbamidomethyl;AC=UNIMOD:4;TA=C;MT=Fixed	23	1	Frac23.raw	v1.1.0	NT=ms-proteomics;VV=v1.1.0	NT=human;VV=v1.1.0	manual curation	GW6471	TMTpro 16plex
NXT629_1	Homo sapiens	cell culture	hepatocyte spheroid	1	Frac20_TMT126	proteomic profiling by mass spectrometry	NT=Data-dependent acquisition;AC=PRIDE:0000627	NT=Q Exactive HF;AC=MS:1002523	TMT126	NT=Lys-C;AC=MS:1001309	NT=Trypsin;AC=MS:1001251	NT=Carbamidomethyl;AC=UNIMOD:4;TA=C;MT=Fixed	20	1	Frac20.raw	v1.1.0	NT=ms-proteomics;VV=v1.1.0	NT=human;VV=v1.1.0	manual curation	NXT629	TMTpro 16plex
MK886_1	Homo sapiens	cell culture	hepatocyte spheroid	1	Frac20_TMT127N	proteomic profiling by mass spectrometry	NT=Data-dependent acquisition;AC=PRIDE:0000627	NT=Q Exactive HF;AC=MS:1002523	TMT127N	NT=Lys-C;AC=MS:1001309	NT=Trypsin;AC=MS:1001251	NT=Carbamidomethyl;AC=UNIMOD:4;TA=C;MT=Fixed	20	1	Frac20.raw	v1.1.0	NT=ms-proteomics;VV=v1.1.0	NT=human;VV=v1.1.0	manual curation	MK886	TMTpro 16plex
NXT629_2	Homo sapiens	cell culture	hepatocyte spheroid	2	Frac20_TMT127C	proteomic profiling by mass spectrometry	NT=Data-dependent acquisition;AC=PRIDE:0000627	NT=Q Exactive HF;AC=MS:1002523	TMT127C	NT=Lys-C;AC=MS:1001309	NT=Trypsin;AC=MS:1001251	NT=Carbamidomethyl;AC=UNIMOD:4;TA=C;MT=Fixed	20	1	Frac20.raw	v1.1.0	NT=ms-proteomics;VV=v1.1.0	NT=human;VV=v1.1.0	manual curation	NXT629	TMTpro 16plex
MK886_2	Homo sapiens	cell culture	hepatocyte spheroid	2	Frac20_TMT128N	proteomic profiling by mass spectrometry	NT=Data-dependent acquisition;AC=PRIDE:0000627	NT=Q Exactive HF;AC=MS:1002523	TMT128N	NT=Lys-C;AC=MS:1001309	NT=Trypsin;AC=MS:1001251	NT=Carbamidomethyl;AC=UNIMOD:4;TA=C;MT=Fixed	20	1	Frac20.raw	v1.1.0	NT=ms-proteomics;VV=v1.1.0	NT=human;VV=v1.1.0	manual curation	MK886	TMTpro 16plex
DMSO_1	Homo sapiens	cell culture	hepatocyte spheroid	1	Frac20_TMT128C	proteomic profiling by mass spectrometry	NT=Data-dependent acquisition;AC=PRIDE:0000627	NT=Q Exactive HF;AC=MS:1002523	TMT128C	NT=Lys-C;AC=MS:1001309	NT=Trypsin;AC=MS:1001251	NT=Carbamidomethyl;AC=UNIMOD:4;TA=C;MT=Fixed	20	1	Frac20.raw	v1.1.0	NT=ms-proteomics;VV=v1.1.0	NT=human;VV=v1.1.0	manual curation	DMSO	TMTpro 16plex
GW6471_1	Homo sapiens	cell culture	hepatocyte spheroid	1	Frac20_TMT129N	proteomic profiling by mass spectrometry	NT=Data-dependent acquisition;AC=PRIDE:0000627	NT=Q Exactive HF;AC=MS:1002523	TMT129N	NT=Lys-C;AC=MS:1001309	NT=Trypsin;AC=MS:1001251	NT=Carbamidomethyl;AC=UNIMOD:4;TA=C;MT=Fixed	20	1	Frac20.raw	v1.1.0	NT=ms-proteomics;VV=v1.1.0	NT=human;VV=v1.1.0	manual curation	GW6471	TMTpro 16plex
DMSO_2	Homo sapiens	cell culture	hepatocyte spheroid	2	Frac20_TMT129C	proteomic profiling by mass spectrometry	NT=Data-dependent acquisition;AC=PRIDE:0000627	NT=Q Exactive HF;AC=MS:1002523	TMT129C	NT=Lys-C;AC=MS:1001309	NT=Trypsin;AC=MS:1001251	NT=Carbamidomethyl;AC=UNIMOD:4;TA=C;MT=Fixed	20	1	Frac20.raw	v1.1.0	NT=ms-proteomics;VV=v1.1.0	NT=human;VV=v1.1.0	manual curation	DMSO	TMTpro 16plex
GW6471_2	Homo sapiens	cell culture	hepatocyte spheroid	2	Frac20_TMT130N	proteomic profiling by mass spectrometry	NT=Data-dependent acquisition;AC=PRIDE:0000627	NT=Q Exactive HF;AC=MS:1002523	TMT130N	NT=Lys-C;AC=MS:1001309	NT=Trypsin;AC=MS:1001251	NT=Carbamidomethyl;AC=UNIMOD:4;TA=C;MT=Fixed	20	1	Frac20.raw	v1.1.0	NT=ms-proteomics;VV=v1.1.0	NT=human;VV=v1.1.0	manual curation	GW6471	TMTpro 16plex
NXT629_3	Homo sapiens	cell culture	hepatocyte spheroid	3	Frac20_TMT130C	proteomic profiling by mass spectrometry	NT=Data-dependent acquisition;AC=PRIDE:0000627	NT=Q Exactive HF;AC=MS:1002523	TMT130C	NT=Lys-C;AC=MS:1001309	NT=Trypsin;AC=MS:1001251	NT=Carbamidomethyl;AC=UNIMOD:4;TA=C;MT=Fixed	20	1	Frac20.raw	v1.1.0	NT=ms-proteomics;VV=v1.1.0	NT=human;VV=v1.1.0	manual curation	NXT629	TMTpro 16plex
DMSO_3	Homo sapiens	cell culture	hepatocyte spheroid	3	Frac20_TMT131N	proteomic profiling by mass spectrometry	NT=Data-dependent acquisition;AC=PRIDE:0000627	NT=Q Exactive HF;AC=MS:1002523	TMT131N	NT=Lys-C;AC=MS:1001309	NT=Trypsin;AC=MS:1001251	NT=Carbamidomethyl;AC=UNIMOD:4;TA=C;MT=Fixed	20	1	Frac20.raw	v1.1.0	NT=ms-proteomics;VV=v1.1.0	NT=human;VV=v1.1.0	manual curation	DMSO	TMTpro 16plex
NXT629_4	Homo sapiens	cell culture	hepatocyte spheroid	4	Frac20_TMT131C	proteomic profiling by mass spectrometry	NT=Data-dependent acquisition;AC=PRIDE:0000627	NT=Q Exactive HF;AC=MS:1002523	TMT131C	NT=Lys-C;AC=MS:1001309	NT=Trypsin;AC=MS:1001251	NT=Carbamidomethyl;AC=UNIMOD:4;TA=C;MT=Fixed	20	1	Frac20.raw	v1.1.0	NT=ms-proteomics;VV=v1.1.0	NT=human;VV=v1.1.0	manual curation	NXT629	TMTpro 16plex
DMSO_4	Homo sapiens	cell culture	hepatocyte spheroid	4	Frac20_TMT132N	proteomic profiling by mass spectrometry	NT=Data-dependent acquisition;AC=PRIDE:0000627	NT=Q Exactive HF;AC=MS:1002523	TMT132N	NT=Lys-C;AC=MS:1001309	NT=Trypsin;AC=MS:1001251	NT=Carbamidomethyl;AC=UNIMOD:4;TA=C;MT=Fixed	20	1	Frac20.raw	v1.1.0	NT=ms-proteomics;VV=v1.1.0	NT=human;VV=v1.1.0	manual curation	DMSO	TMTpro 16plex
MK886_3	Homo sapiens	cell culture	hepatocyte spheroid	3	Frac20_TMT132C	proteomic profiling by mass spectrometry	NT=Data-dependent acquisition;AC=PRIDE:0000627	NT=Q Exactive HF;AC=MS:1002523	TMT132C	NT=Lys-C;AC=MS:1001309	NT=Trypsin;AC=MS:1001251	NT=Carbamidomethyl;AC=UNIMOD:4;TA=C;MT=Fixed	20	1	Frac20.raw	v1.1.0	NT=ms-proteomics;VV=v1.1.0	NT=human;VV=v1.1.0	manual curation	MK886	TMTpro 16plex
GW6471_3	Homo sapiens	cell culture	hepatocyte spheroid	3	Frac20_TMT133N	proteomic profiling by mass spectrometry	NT=Data-dependent acquisition;AC=PRIDE:0000627	NT=Q Exactive HF;AC=MS:1002523	TMT133N	NT=Lys-C;AC=MS:1001309	NT=Trypsin;AC=MS:1001251	NT=Carbamidomethyl;AC=UNIMOD:4;TA=C;MT=Fixed	20	1	Frac20.raw	v1.1.0	NT=ms-proteomics;VV=v1.1.0	NT=human;VV=v1.1.0	manual curation	GW6471	TMTpro 16plex
MK886_4	Homo sapiens	cell culture	hepatocyte spheroid	4	Frac20_TMT133C	proteomic profiling by mass spectrometry	NT=Data-dependent acquisition;AC=PRIDE:0000627	NT=Q Exactive HF;AC=MS:1002523	TMT133C	NT=Lys-C;AC=MS:1001309	NT=Trypsin;AC=MS:1001251	NT=Carbamidomethyl;AC=UNIMOD:4;TA=C;MT=Fixed	20	1	Frac20.raw	v1.1.0	NT=ms-proteomics;VV=v1.1.0	NT=human;VV=v1.1.0	manual curation	MK886	TMTpro 16plex
GW6471_4	Homo sapiens	cell culture	hepatocyte spheroid	4	Frac20_TMT134N	proteomic profiling by mass spectrometry	NT=Data-dependent acquisition;AC=PRIDE:0000627	NT=Q Exactive HF;AC=MS:1002523	TMT134N	NT=Lys-C;AC=MS:1001309	NT=Trypsin;AC=MS:1001251	NT=Carbamidomethyl;AC=UNIMOD:4;TA=C;MT=Fixed	20	1	Frac20.raw	v1.1.0	NT=ms-proteomics;VV=v1.1.0	NT=human;VV=v1.1.0	manual curation	GW6471	TMTpro 16plex
NXT629_1	Homo sapiens	cell culture	hepatocyte spheroid	1	Frac14_TMT126	proteomic profiling by mass spectrometry	NT=Data-dependent acquisition;AC=PRIDE:0000627	NT=Q Exactive HF;AC=MS:1002523	TMT126	NT=Lys-C;AC=MS:1001309	NT=Trypsin;AC=MS:1001251	NT=Carbamidomethyl;AC=UNIMOD:4;TA=C;MT=Fixed	14	1	Frac14.raw	v1.1.0	NT=ms-proteomics;VV=v1.1.0	NT=human;VV=v1.1.0	manual curation	NXT629	TMTpro 16plex
MK886_1	Homo sapiens	cell culture	hepatocyte spheroid	1	Frac14_TMT127N	proteomic profiling by mass spectrometry	NT=Data-dependent acquisition;AC=PRIDE:0000627	NT=Q Exactive HF;AC=MS:1002523	TMT127N	NT=Lys-C;AC=MS:1001309	NT=Trypsin;AC=MS:1001251	NT=Carbamidomethyl;AC=UNIMOD:4;TA=C;MT=Fixed	14	1	Frac14.raw	v1.1.0	NT=ms-proteomics;VV=v1.1.0	NT=human;VV=v1.1.0	manual curation	MK886	TMTpro 16plex
NXT629_2	Homo sapiens	cell culture	hepatocyte spheroid	2	Frac14_TMT127C	proteomic profiling by mass spectrometry	NT=Data-dependent acquisition;AC=PRIDE:0000627	NT=Q Exactive HF;AC=MS:1002523	TMT127C	NT=Lys-C;AC=MS:1001309	NT=Trypsin;AC=MS:1001251	NT=Carbamidomethyl;AC=UNIMOD:4;TA=C;MT=Fixed	14	1	Frac14.raw	v1.1.0	NT=ms-proteomics;VV=v1.1.0	NT=human;VV=v1.1.0	manual curation	NXT629	TMTpro 16plex
MK886_2	Homo sapiens	cell culture	hepatocyte spheroid	2	Frac14_TMT128N	proteomic profiling by mass spectrometry	NT=Data-dependent acquisition;AC=PRIDE:0000627	NT=Q Exactive HF;AC=MS:1002523	TMT128N	NT=Lys-C;AC=MS:1001309	NT=Trypsin;AC=MS:1001251	NT=Carbamidomethyl;AC=UNIMOD:4;TA=C;MT=Fixed	14	1	Frac14.raw	v1.1.0	NT=ms-proteomics;VV=v1.1.0	NT=human;VV=v1.1.0	manual curation	MK886	TMTpro 16plex
DMSO_1	Homo sapiens	cell culture	hepatocyte spheroid	1	Frac14_TMT128C	proteomic profiling by mass spectrometry	NT=Data-dependent acquisition;AC=PRIDE:0000627	NT=Q Exactive HF;AC=MS:1002523	TMT128C	NT=Lys-C;AC=MS:1001309	NT=Trypsin;AC=MS:1001251	NT=Carbamidomethyl;AC=UNIMOD:4;TA=C;MT=Fixed	14	1	Frac14.raw	v1.1.0	NT=ms-proteomics;VV=v1.1.0	NT=human;VV=v1.1.0	manual curation	DMSO	TMTpro 16plex
GW6471_1	Homo sapiens	cell culture	hepatocyte spheroid	1	Frac14_TMT129N	proteomic profiling by mass spectrometry	NT=Data-dependent acquisition;AC=PRIDE:0000627	NT=Q Exactive HF;AC=MS:1002523	TMT129N	NT=Lys-C;AC=MS:1001309	NT=Trypsin;AC=MS:1001251	NT=Carbamidomethyl;AC=UNIMOD:4;TA=C;MT=Fixed	14	1	Frac14.raw	v1.1.0	NT=ms-proteomics;VV=v1.1.0	NT=human;VV=v1.1.0	manual curation	GW6471	TMTpro 16plex
DMSO_2	Homo sapiens	cell culture	hepatocyte spheroid	2	Frac14_TMT129C	proteomic profiling by mass spectrometry	NT=Data-dependent acquisition;AC=PRIDE:0000627	NT=Q Exactive HF;AC=MS:1002523	TMT129C	NT=Lys-C;AC=MS:1001309	NT=Trypsin;AC=MS:1001251	NT=Carbamidomethyl;AC=UNIMOD:4;TA=C;MT=Fixed	14	1	Frac14.raw	v1.1.0	NT=ms-proteomics;VV=v1.1.0	NT=human;VV=v1.1.0	manual curation	DMSO	TMTpro 16plex
GW6471_2	Homo sapiens	cell culture	hepatocyte spheroid	2	Frac14_TMT130N	proteomic profiling by mass spectrometry	NT=Data-dependent acquisition;AC=PRIDE:0000627	NT=Q Exactive HF;AC=MS:1002523	TMT130N	NT=Lys-C;AC=MS:1001309	NT=Trypsin;AC=MS:1001251	NT=Carbamidomethyl;AC=UNIMOD:4;TA=C;MT=Fixed	14	1	Frac14.raw	v1.1.0	NT=ms-proteomics;VV=v1.1.0	NT=human;VV=v1.1.0	manual curation	GW6471	TMTpro 16plex
NXT629_3	Homo sapiens	cell culture	hepatocyte spheroid	3	Frac14_TMT130C	proteomic profiling by mass spectrometry	NT=Data-dependent acquisition;AC=PRIDE:0000627	NT=Q Exactive HF;AC=MS:1002523	TMT130C	NT=Lys-C;AC=MS:1001309	NT=Trypsin;AC=MS:1001251	NT=Carbamidomethyl;AC=UNIMOD:4;TA=C;MT=Fixed	14	1	Frac14.raw	v1.1.0	NT=ms-proteomics;VV=v1.1.0	NT=human;VV=v1.1.0	manual curation	NXT629	TMTpro 16plex
DMSO_3	Homo sapiens	cell culture	hepatocyte spheroid	3	Frac14_TMT131N	proteomic profiling by mass spectrometry	NT=Data-dependent acquisition;AC=PRIDE:0000627	NT=Q Exactive HF;AC=MS:1002523	TMT131N	NT=Lys-C;AC=MS:1001309	NT=Trypsin;AC=MS:1001251	NT=Carbamidomethyl;AC=UNIMOD:4;TA=C;MT=Fixed	14	1	Frac14.raw	v1.1.0	NT=ms-proteomics;VV=v1.1.0	NT=human;VV=v1.1.0	manual curation	DMSO	TMTpro 16plex
NXT629_4	Homo sapiens	cell culture	hepatocyte spheroid	4	Frac14_TMT131C	proteomic profiling by mass spectrometry	NT=Data-dependent acquisition;AC=PRIDE:0000627	NT=Q Exactive HF;AC=MS:1002523	TMT131C	NT=Lys-C;AC=MS:1001309	NT=Trypsin;AC=MS:1001251	NT=Carbamidomethyl;AC=UNIMOD:4;TA=C;MT=Fixed	14	1	Frac14.raw	v1.1.0	NT=ms-proteomics;VV=v1.1.0	NT=human;VV=v1.1.0	manual curation	NXT629	TMTpro 16plex
DMSO_4	Homo sapiens	cell culture	hepatocyte spheroid	4	Frac14_TMT132N	proteomic profiling by mass spectrometry	NT=Data-dependent acquisition;AC=PRIDE:0000627	NT=Q Exactive HF;AC=MS:1002523	TMT132N	NT=Lys-C;AC=MS:1001309	NT=Trypsin;AC=MS:1001251	NT=Carbamidomethyl;AC=UNIMOD:4;TA=C;MT=Fixed	14	1	Frac14.raw	v1.1.0	NT=ms-proteomics;VV=v1.1.0	NT=human;VV=v1.1.0	manual curation	DMSO	TMTpro 16plex
MK886_3	Homo sapiens	cell culture	hepatocyte spheroid	3	Frac14_TMT132C	proteomic profiling by mass spectrometry	NT=Data-dependent acquisition;AC=PRIDE:0000627	NT=Q Exactive HF;AC=MS:1002523	TMT132C	NT=Lys-C;AC=MS:1001309	NT=Trypsin;AC=MS:1001251	NT=Carbamidomethyl;AC=UNIMOD:4;TA=C;MT=Fixed	14	1	Frac14.raw	v1.1.0	NT=ms-proteomics;VV=v1.1.0	NT=human;VV=v1.1.0	manual curation	MK886	TMTpro 16plex
GW6471_3	Homo sapiens	cell culture	hepatocyte spheroid	3	Frac14_TMT133N	proteomic profiling by mass spectrometry	NT=Data-dependent acquisition;AC=PRIDE:0000627	NT=Q Exactive HF;AC=MS:1002523	TMT133N	NT=Lys-C;AC=MS:1001309	NT=Trypsin;AC=MS:1001251	NT=Carbamidomethyl;AC=UNIMOD:4;TA=C;MT=Fixed	14	1	Frac14.raw	v1.1.0	NT=ms-proteomics;VV=v1.1.0	NT=human;VV=v1.1.0	manual curation	GW6471	TMTpro 16plex
MK886_4	Homo sapiens	cell culture	hepatocyte spheroid	4	Frac14_TMT133C	proteomic profiling by mass spectrometry	NT=Data-dependent acquisition;AC=PRIDE:0000627	NT=Q Exactive HF;AC=MS:1002523	TMT133C	NT=Lys-C;AC=MS:1001309	NT=Trypsin;AC=MS:1001251	NT=Carbamidomethyl;AC=UNIMOD:4;TA=C;MT=Fixed	14	1	Frac14.raw	v1.1.0	NT=ms-proteomics;VV=v1.1.0	NT=human;VV=v1.1.0	manual curation	MK886	TMTpro 16plex
GW6471_4	Homo sapiens	cell culture	hepatocyte spheroid	4	Frac14_TMT134N	proteomic profiling by mass spectrometry	NT=Data-dependent acquisition;AC=PRIDE:0000627	NT=Q Exactive HF;AC=MS:1002523	TMT134N	NT=Lys-C;AC=MS:1001309	NT=Trypsin;AC=MS:1001251	NT=Carbamidomethyl;AC=UNIMOD:4;TA=C;MT=Fixed	14	1	Frac14.raw	v1.1.0	NT=ms-proteomics;VV=v1.1.0	NT=human;VV=v1.1.0	manual curation	GW6471	TMTpro 16plex
NXT629_1	Homo sapiens	cell culture	hepatocyte spheroid	1	Frac40_TMT126	proteomic profiling by mass spectrometry	NT=Data-dependent acquisition;AC=PRIDE:0000627	NT=Q Exactive HF;AC=MS:1002523	TMT126	NT=Lys-C;AC=MS:1001309	NT=Trypsin;AC=MS:1001251	NT=Carbamidomethyl;AC=UNIMOD:4;TA=C;MT=Fixed	40	1	Frac40.raw	v1.1.0	NT=ms-proteomics;VV=v1.1.0	NT=human;VV=v1.1.0	manual curation	NXT629	TMTpro 16plex
MK886_1	Homo sapiens	cell culture	hepatocyte spheroid	1	Frac40_TMT127N	proteomic profiling by mass spectrometry	NT=Data-dependent acquisition;AC=PRIDE:0000627	NT=Q Exactive HF;AC=MS:1002523	TMT127N	NT=Lys-C;AC=MS:1001309	NT=Trypsin;AC=MS:1001251	NT=Carbamidomethyl;AC=UNIMOD:4;TA=C;MT=Fixed	40	1	Frac40.raw	v1.1.0	NT=ms-proteomics;VV=v1.1.0	NT=human;VV=v1.1.0	manual curation	MK886	TMTpro 16plex
NXT629_2	Homo sapiens	cell culture	hepatocyte spheroid	2	Frac40_TMT127C	proteomic profiling by mass spectrometry	NT=Data-dependent acquisition;AC=PRIDE:0000627	NT=Q Exactive HF;AC=MS:1002523	TMT127C	NT=Lys-C;AC=MS:1001309	NT=Trypsin;AC=MS:1001251	NT=Carbamidomethyl;AC=UNIMOD:4;TA=C;MT=Fixed	40	1	Frac40.raw	v1.1.0	NT=ms-proteomics;VV=v1.1.0	NT=human;VV=v1.1.0	manual curation	NXT629	TMTpro 16plex
MK886_2	Homo sapiens	cell culture	hepatocyte spheroid	2	Frac40_TMT128N	proteomic profiling by mass spectrometry	NT=Data-dependent acquisition;AC=PRIDE:0000627	NT=Q Exactive HF;AC=MS:1002523	TMT128N	NT=Lys-C;AC=MS:1001309	NT=Trypsin;AC=MS:1001251	NT=Carbamidomethyl;AC=UNIMOD:4;TA=C;MT=Fixed	40	1	Frac40.raw	v1.1.0	NT=ms-proteomics;VV=v1.1.0	NT=human;VV=v1.1.0	manual curation	MK886	TMTpro 16plex
DMSO_1	Homo sapiens	cell culture	hepatocyte spheroid	1	Frac40_TMT128C	proteomic profiling by mass spectrometry	NT=Data-dependent acquisition;AC=PRIDE:0000627	NT=Q Exactive HF;AC=MS:1002523	TMT128C	NT=Lys-C;AC=MS:1001309	NT=Trypsin;AC=MS:1001251	NT=Carbamidomethyl;AC=UNIMOD:4;TA=C;MT=Fixed	40	1	Frac40.raw	v1.1.0	NT=ms-proteomics;VV=v1.1.0	NT=human;VV=v1.1.0	manual curation	DMSO	TMTpro 16plex
GW6471_1	Homo sapiens	cell culture	hepatocyte spheroid	1	Frac40_TMT129N	proteomic profiling by mass spectrometry	NT=Data-dependent acquisition;AC=PRIDE:0000627	NT=Q Exactive HF;AC=MS:1002523	TMT129N	NT=Lys-C;AC=MS:1001309	NT=Trypsin;AC=MS:1001251	NT=Carbamidomethyl;AC=UNIMOD:4;TA=C;MT=Fixed	40	1	Frac40.raw	v1.1.0	NT=ms-proteomics;VV=v1.1.0	NT=human;VV=v1.1.0	manual curation	GW6471	TMTpro 16plex
DMSO_2	Homo sapiens	cell culture	hepatocyte spheroid	2	Frac40_TMT129C	proteomic profiling by mass spectrometry	NT=Data-dependent acquisition;AC=PRIDE:0000627	NT=Q Exactive HF;AC=MS:1002523	TMT129C	NT=Lys-C;AC=MS:1001309	NT=Trypsin;AC=MS:1001251	NT=Carbamidomethyl;AC=UNIMOD:4;TA=C;MT=Fixed	40	1	Frac40.raw	v1.1.0	NT=ms-proteomics;VV=v1.1.0	NT=human;VV=v1.1.0	manual curation	DMSO	TMTpro 16plex
GW6471_2	Homo sapiens	cell culture	hepatocyte spheroid	2	Frac40_TMT130N	proteomic profiling by mass spectrometry	NT=Data-dependent acquisition;AC=PRIDE:0000627	NT=Q Exactive HF;AC=MS:1002523	TMT130N	NT=Lys-C;AC=MS:1001309	NT=Trypsin;AC=MS:1001251	NT=Carbamidomethyl;AC=UNIMOD:4;TA=C;MT=Fixed	40	1	Frac40.raw	v1.1.0	NT=ms-proteomics;VV=v1.1.0	NT=human;VV=v1.1.0	manual curation	GW6471	TMTpro 16plex
NXT629_3	Homo sapiens	cell culture	hepatocyte spheroid	3	Frac40_TMT130C	proteomic profiling by mass spectrometry	NT=Data-dependent acquisition;AC=PRIDE:0000627	NT=Q Exactive HF;AC=MS:1002523	TMT130C	NT=Lys-C;AC=MS:1001309	NT=Trypsin;AC=MS:1001251	NT=Carbamidomethyl;AC=UNIMOD:4;TA=C;MT=Fixed	40	1	Frac40.raw	v1.1.0	NT=ms-proteomics;VV=v1.1.0	NT=human;VV=v1.1.0	manual curation	NXT629	TMTpro 16plex
DMSO_3	Homo sapiens	cell culture	hepatocyte spheroid	3	Frac40_TMT131N	proteomic profiling by mass spectrometry	NT=Data-dependent acquisition;AC=PRIDE:0000627	NT=Q Exactive HF;AC=MS:1002523	TMT131N	NT=Lys-C;AC=MS:1001309	NT=Trypsin;AC=MS:1001251	NT=Carbamidomethyl;AC=UNIMOD:4;TA=C;MT=Fixed	40	1	Frac40.raw	v1.1.0	NT=ms-proteomics;VV=v1.1.0	NT=human;VV=v1.1.0	manual curation	DMSO	TMTpro 16plex
NXT629_4	Homo sapiens	cell culture	hepatocyte spheroid	4	Frac40_TMT131C	proteomic profiling by mass spectrometry	NT=Data-dependent acquisition;AC=PRIDE:0000627	NT=Q Exactive HF;AC=MS:1002523	TMT131C	NT=Lys-C;AC=MS:1001309	NT=Trypsin;AC=MS:1001251	NT=Carbamidomethyl;AC=UNIMOD:4;TA=C;MT=Fixed	40	1	Frac40.raw	v1.1.0	NT=ms-proteomics;VV=v1.1.0	NT=human;VV=v1.1.0	manual curation	NXT629	TMTpro 16plex
DMSO_4	Homo sapiens	cell culture	hepatocyte spheroid	4	Frac40_TMT132N	proteomic profiling by mass spectrometry	NT=Data-dependent acquisition;AC=PRIDE:0000627	NT=Q Exactive HF;AC=MS:1002523	TMT132N	NT=Lys-C;AC=MS:1001309	NT=Trypsin;AC=MS:1001251	NT=Carbamidomethyl;AC=UNIMOD:4;TA=C;MT=Fixed	40	1	Frac40.raw	v1.1.0	NT=ms-proteomics;VV=v1.1.0	NT=human;VV=v1.1.0	manual curation	DMSO	TMTpro 16plex
MK886_3	Homo sapiens	cell culture	hepatocyte spheroid	3	Frac40_TMT132C	proteomic profiling by mass spectrometry	NT=Data-dependent acquisition;AC=PRIDE:0000627	NT=Q Exactive HF;AC=MS:1002523	TMT132C	NT=Lys-C;AC=MS:1001309	NT=Trypsin;AC=MS:1001251	NT=Carbamidomethyl;AC=UNIMOD:4;TA=C;MT=Fixed	40	1	Frac40.raw	v1.1.0	NT=ms-proteomics;VV=v1.1.0	NT=human;VV=v1.1.0	manual curation	MK886	TMTpro 16plex
GW6471_3	Homo sapiens	cell culture	hepatocyte spheroid	3	Frac40_TMT133N	proteomic profiling by mass spectrometry	NT=Data-dependent acquisition;AC=PRIDE:0000627	NT=Q Exactive HF;AC=MS:1002523	TMT133N	NT=Lys-C;AC=MS:1001309	NT=Trypsin;AC=MS:1001251	NT=Carbamidomethyl;AC=UNIMOD:4;TA=C;MT=Fixed	40	1	Frac40.raw	v1.1.0	NT=ms-proteomics;VV=v1.1.0	NT=human;VV=v1.1.0	manual curation	GW6471	TMTpro 16plex
MK886_4	Homo sapiens	cell culture	hepatocyte spheroid	4	Frac40_TMT133C	proteomic profiling by mass spectrometry	NT=Data-dependent acquisition;AC=PRIDE:0000627	NT=Q Exactive HF;AC=MS:1002523	TMT133C	NT=Lys-C;AC=MS:1001309	NT=Trypsin;AC=MS:1001251	NT=Carbamidomethyl;AC=UNIMOD:4;TA=C;MT=Fixed	40	1	Frac40.raw	v1.1.0	NT=ms-proteomics;VV=v1.1.0	NT=human;VV=v1.1.0	manual curation	MK886	TMTpro 16plex
GW6471_4	Homo sapiens	cell culture	hepatocyte spheroid	4	Frac40_TMT134N	proteomic profiling by mass spectrometry	NT=Data-dependent acquisition;AC=PRIDE:0000627	NT=Q Exactive HF;AC=MS:1002523	TMT134N	NT=Lys-C;AC=MS:1001309	NT=Trypsin;AC=MS:1001251	NT=Carbamidomethyl;AC=UNIMOD:4;TA=C;MT=Fixed	40	1	Frac40.raw	v1.1.0	NT=ms-proteomics;VV=v1.1.0	NT=human;VV=v1.1.0	manual curation	GW6471	TMTpro 16plex
NXT629_1	Homo sapiens	cell culture	hepatocyte spheroid	1	Frac2_TMT126	proteomic profiling by mass spectrometry	NT=Data-dependent acquisition;AC=PRIDE:0000627	NT=Q Exactive HF;AC=MS:1002523	TMT126	NT=Lys-C;AC=MS:1001309	NT=Trypsin;AC=MS:1001251	NT=Carbamidomethyl;AC=UNIMOD:4;TA=C;MT=Fixed	2	1	Frac2.raw	v1.1.0	NT=ms-proteomics;VV=v1.1.0	NT=human;VV=v1.1.0	manual curation	NXT629	TMTpro 16plex
MK886_1	Homo sapiens	cell culture	hepatocyte spheroid	1	Frac2_TMT127N	proteomic profiling by mass spectrometry	NT=Data-dependent acquisition;AC=PRIDE:0000627	NT=Q Exactive HF;AC=MS:1002523	TMT127N	NT=Lys-C;AC=MS:1001309	NT=Trypsin;AC=MS:1001251	NT=Carbamidomethyl;AC=UNIMOD:4;TA=C;MT=Fixed	2	1	Frac2.raw	v1.1.0	NT=ms-proteomics;VV=v1.1.0	NT=human;VV=v1.1.0	manual curation	MK886	TMTpro 16plex
NXT629_2	Homo sapiens	cell culture	hepatocyte spheroid	2	Frac2_TMT127C	proteomic profiling by mass spectrometry	NT=Data-dependent acquisition;AC=PRIDE:0000627	NT=Q Exactive HF;AC=MS:1002523	TMT127C	NT=Lys-C;AC=MS:1001309	NT=Trypsin;AC=MS:1001251	NT=Carbamidomethyl;AC=UNIMOD:4;TA=C;MT=Fixed	2	1	Frac2.raw	v1.1.0	NT=ms-proteomics;VV=v1.1.0	NT=human;VV=v1.1.0	manual curation	NXT629	TMTpro 16plex
MK886_2	Homo sapiens	cell culture	hepatocyte spheroid	2	Frac2_TMT128N	proteomic profiling by mass spectrometry	NT=Data-dependent acquisition;AC=PRIDE:0000627	NT=Q Exactive HF;AC=MS:1002523	TMT128N	NT=Lys-C;AC=MS:1001309	NT=Trypsin;AC=MS:1001251	NT=Carbamidomethyl;AC=UNIMOD:4;TA=C;MT=Fixed	2	1	Frac2.raw	v1.1.0	NT=ms-proteomics;VV=v1.1.0	NT=human;VV=v1.1.0	manual curation	MK886	TMTpro 16plex
DMSO_1	Homo sapiens	cell culture	hepatocyte spheroid	1	Frac2_TMT128C	proteomic profiling by mass spectrometry	NT=Data-dependent acquisition;AC=PRIDE:0000627	NT=Q Exactive HF;AC=MS:1002523	TMT128C	NT=Lys-C;AC=MS:1001309	NT=Trypsin;AC=MS:1001251	NT=Carbamidomethyl;AC=UNIMOD:4;TA=C;MT=Fixed	2	1	Frac2.raw	v1.1.0	NT=ms-proteomics;VV=v1.1.0	NT=human;VV=v1.1.0	manual curation	DMSO	TMTpro 16plex
GW6471_1	Homo sapiens	cell culture	hepatocyte spheroid	1	Frac2_TMT129N	proteomic profiling by mass spectrometry	NT=Data-dependent acquisition;AC=PRIDE:0000627	NT=Q Exactive HF;AC=MS:1002523	TMT129N	NT=Lys-C;AC=MS:1001309	NT=Trypsin;AC=MS:1001251	NT=Carbamidomethyl;AC=UNIMOD:4;TA=C;MT=Fixed	2	1	Frac2.raw	v1.1.0	NT=ms-proteomics;VV=v1.1.0	NT=human;VV=v1.1.0	manual curation	GW6471	TMTpro 16plex
DMSO_2	Homo sapiens	cell culture	hepatocyte spheroid	2	Frac2_TMT129C	proteomic profiling by mass spectrometry	NT=Data-dependent acquisition;AC=PRIDE:0000627	NT=Q Exactive HF;AC=MS:1002523	TMT129C	NT=Lys-C;AC=MS:1001309	NT=Trypsin;AC=MS:1001251	NT=Carbamidomethyl;AC=UNIMOD:4;TA=C;MT=Fixed	2	1	Frac2.raw	v1.1.0	NT=ms-proteomics;VV=v1.1.0	NT=human;VV=v1.1.0	manual curation	DMSO	TMTpro 16plex
GW6471_2	Homo sapiens	cell culture	hepatocyte spheroid	2	Frac2_TMT130N	proteomic profiling by mass spectrometry	NT=Data-dependent acquisition;AC=PRIDE:0000627	NT=Q Exactive HF;AC=MS:1002523	TMT130N	NT=Lys-C;AC=MS:1001309	NT=Trypsin;AC=MS:1001251	NT=Carbamidomethyl;AC=UNIMOD:4;TA=C;MT=Fixed	2	1	Frac2.raw	v1.1.0	NT=ms-proteomics;VV=v1.1.0	NT=human;VV=v1.1.0	manual curation	GW6471	TMTpro 16plex
NXT629_3	Homo sapiens	cell culture	hepatocyte spheroid	3	Frac2_TMT130C	proteomic profiling by mass spectrometry	NT=Data-dependent acquisition;AC=PRIDE:0000627	NT=Q Exactive HF;AC=MS:1002523	TMT130C	NT=Lys-C;AC=MS:1001309	NT=Trypsin;AC=MS:1001251	NT=Carbamidomethyl;AC=UNIMOD:4;TA=C;MT=Fixed	2	1	Frac2.raw	v1.1.0	NT=ms-proteomics;VV=v1.1.0	NT=human;VV=v1.1.0	manual curation	NXT629	TMTpro 16plex
DMSO_3	Homo sapiens	cell culture	hepatocyte spheroid	3	Frac2_TMT131N	proteomic profiling by mass spectrometry	NT=Data-dependent acquisition;AC=PRIDE:0000627	NT=Q Exactive HF;AC=MS:1002523	TMT131N	NT=Lys-C;AC=MS:1001309	NT=Trypsin;AC=MS:1001251	NT=Carbamidomethyl;AC=UNIMOD:4;TA=C;MT=Fixed	2	1	Frac2.raw	v1.1.0	NT=ms-proteomics;VV=v1.1.0	NT=human;VV=v1.1.0	manual curation	DMSO	TMTpro 16plex
NXT629_4	Homo sapiens	cell culture	hepatocyte spheroid	4	Frac2_TMT131C	proteomic profiling by mass spectrometry	NT=Data-dependent acquisition;AC=PRIDE:0000627	NT=Q Exactive HF;AC=MS:1002523	TMT131C	NT=Lys-C;AC=MS:1001309	NT=Trypsin;AC=MS:1001251	NT=Carbamidomethyl;AC=UNIMOD:4;TA=C;MT=Fixed	2	1	Frac2.raw	v1.1.0	NT=ms-proteomics;VV=v1.1.0	NT=human;VV=v1.1.0	manual curation	NXT629	TMTpro 16plex
DMSO_4	Homo sapiens	cell culture	hepatocyte spheroid	4	Frac2_TMT132N	proteomic profiling by mass spectrometry	NT=Data-dependent acquisition;AC=PRIDE:0000627	NT=Q Exactive HF;AC=MS:1002523	TMT132N	NT=Lys-C;AC=MS:1001309	NT=Trypsin;AC=MS:1001251	NT=Carbamidomethyl;AC=UNIMOD:4;TA=C;MT=Fixed	2	1	Frac2.raw	v1.1.0	NT=ms-proteomics;VV=v1.1.0	NT=human;VV=v1.1.0	manual curation	DMSO	TMTpro 16plex
MK886_3	Homo sapiens	cell culture	hepatocyte spheroid	3	Frac2_TMT132C	proteomic profiling by mass spectrometry	NT=Data-dependent acquisition;AC=PRIDE:0000627	NT=Q Exactive HF;AC=MS:1002523	TMT132C	NT=Lys-C;AC=MS:1001309	NT=Trypsin;AC=MS:1001251	NT=Carbamidomethyl;AC=UNIMOD:4;TA=C;MT=Fixed	2	1	Frac2.raw	v1.1.0	NT=ms-proteomics;VV=v1.1.0	NT=human;VV=v1.1.0	manual curation	MK886	TMTpro 16plex
GW6471_3	Homo sapiens	cell culture	hepatocyte spheroid	3	Frac2_TMT133N	proteomic profiling by mass spectrometry	NT=Data-dependent acquisition;AC=PRIDE:0000627	NT=Q Exactive HF;AC=MS:1002523	TMT133N	NT=Lys-C;AC=MS:1001309	NT=Trypsin;AC=MS:1001251	NT=Carbamidomethyl;AC=UNIMOD:4;TA=C;MT=Fixed	2	1	Frac2.raw	v1.1.0	NT=ms-proteomics;VV=v1.1.0	NT=human;VV=v1.1.0	manual curation	GW6471	TMTpro 16plex
MK886_4	Homo sapiens	cell culture	hepatocyte spheroid	4	Frac2_TMT133C	proteomic profiling by mass spectrometry	NT=Data-dependent acquisition;AC=PRIDE:0000627	NT=Q Exactive HF;AC=MS:1002523	TMT133C	NT=Lys-C;AC=MS:1001309	NT=Trypsin;AC=MS:1001251	NT=Carbamidomethyl;AC=UNIMOD:4;TA=C;MT=Fixed	2	1	Frac2.raw	v1.1.0	NT=ms-proteomics;VV=v1.1.0	NT=human;VV=v1.1.0	manual curation	MK886	TMTpro 16plex
GW6471_4	Homo sapiens	cell culture	hepatocyte spheroid	4	Frac2_TMT134N	proteomic profiling by mass spectrometry	NT=Data-dependent acquisition;AC=PRIDE:0000627	NT=Q Exactive HF;AC=MS:1002523	TMT134N	NT=Lys-C;AC=MS:1001309	NT=Trypsin;AC=MS:1001251	NT=Carbamidomethyl;AC=UNIMOD:4;TA=C;MT=Fixed	2	1	Frac2.raw	v1.1.0	NT=ms-proteomics;VV=v1.1.0	NT=human;VV=v1.1.0	manual curation	GW6471	TMTpro 16plex
NXT629_1	Homo sapiens	cell culture	hepatocyte spheroid	1	Frac6_TMT126	proteomic profiling by mass spectrometry	NT=Data-dependent acquisition;AC=PRIDE:0000627	NT=Q Exactive HF;AC=MS:1002523	TMT126	NT=Lys-C;AC=MS:1001309	NT=Trypsin;AC=MS:1001251	NT=Carbamidomethyl;AC=UNIMOD:4;TA=C;MT=Fixed	6	1	Frac6.raw	v1.1.0	NT=ms-proteomics;VV=v1.1.0	NT=human;VV=v1.1.0	manual curation	NXT629	TMTpro 16plex
MK886_1	Homo sapiens	cell culture	hepatocyte spheroid	1	Frac6_TMT127N	proteomic profiling by mass spectrometry	NT=Data-dependent acquisition;AC=PRIDE:0000627	NT=Q Exactive HF;AC=MS:1002523	TMT127N	NT=Lys-C;AC=MS:1001309	NT=Trypsin;AC=MS:1001251	NT=Carbamidomethyl;AC=UNIMOD:4;TA=C;MT=Fixed	6	1	Frac6.raw	v1.1.0	NT=ms-proteomics;VV=v1.1.0	NT=human;VV=v1.1.0	manual curation	MK886	TMTpro 16plex
NXT629_2	Homo sapiens	cell culture	hepatocyte spheroid	2	Frac6_TMT127C	proteomic profiling by mass spectrometry	NT=Data-dependent acquisition;AC=PRIDE:0000627	NT=Q Exactive HF;AC=MS:1002523	TMT127C	NT=Lys-C;AC=MS:1001309	NT=Trypsin;AC=MS:1001251	NT=Carbamidomethyl;AC=UNIMOD:4;TA=C;MT=Fixed	6	1	Frac6.raw	v1.1.0	NT=ms-proteomics;VV=v1.1.0	NT=human;VV=v1.1.0	manual curation	NXT629	TMTpro 16plex
MK886_2	Homo sapiens	cell culture	hepatocyte spheroid	2	Frac6_TMT128N	proteomic profiling by mass spectrometry	NT=Data-dependent acquisition;AC=PRIDE:0000627	NT=Q Exactive HF;AC=MS:1002523	TMT128N	NT=Lys-C;AC=MS:1001309	NT=Trypsin;AC=MS:1001251	NT=Carbamidomethyl;AC=UNIMOD:4;TA=C;MT=Fixed	6	1	Frac6.raw	v1.1.0	NT=ms-proteomics;VV=v1.1.0	NT=human;VV=v1.1.0	manual curation	MK886	TMTpro 16plex
DMSO_1	Homo sapiens	cell culture	hepatocyte spheroid	1	Frac6_TMT128C	proteomic profiling by mass spectrometry	NT=Data-dependent acquisition;AC=PRIDE:0000627	NT=Q Exactive HF;AC=MS:1002523	TMT128C	NT=Lys-C;AC=MS:1001309	NT=Trypsin;AC=MS:1001251	NT=Carbamidomethyl;AC=UNIMOD:4;TA=C;MT=Fixed	6	1	Frac6.raw	v1.1.0	NT=ms-proteomics;VV=v1.1.0	NT=human;VV=v1.1.0	manual curation	DMSO	TMTpro 16plex
GW6471_1	Homo sapiens	cell culture	hepatocyte spheroid	1	Frac6_TMT129N	proteomic profiling by mass spectrometry	NT=Data-dependent acquisition;AC=PRIDE:0000627	NT=Q Exactive HF;AC=MS:1002523	TMT129N	NT=Lys-C;AC=MS:1001309	NT=Trypsin;AC=MS:1001251	NT=Carbamidomethyl;AC=UNIMOD:4;TA=C;MT=Fixed	6	1	Frac6.raw	v1.1.0	NT=ms-proteomics;VV=v1.1.0	NT=human;VV=v1.1.0	manual curation	GW6471	TMTpro 16plex
DMSO_2	Homo sapiens	cell culture	hepatocyte spheroid	2	Frac6_TMT129C	proteomic profiling by mass spectrometry	NT=Data-dependent acquisition;AC=PRIDE:0000627	NT=Q Exactive HF;AC=MS:1002523	TMT129C	NT=Lys-C;AC=MS:1001309	NT=Trypsin;AC=MS:1001251	NT=Carbamidomethyl;AC=UNIMOD:4;TA=C;MT=Fixed	6	1	Frac6.raw	v1.1.0	NT=ms-proteomics;VV=v1.1.0	NT=human;VV=v1.1.0	manual curation	DMSO	TMTpro 16plex
GW6471_2	Homo sapiens	cell culture	hepatocyte spheroid	2	Frac6_TMT130N	proteomic profiling by mass spectrometry	NT=Data-dependent acquisition;AC=PRIDE:0000627	NT=Q Exactive HF;AC=MS:1002523	TMT130N	NT=Lys-C;AC=MS:1001309	NT=Trypsin;AC=MS:1001251	NT=Carbamidomethyl;AC=UNIMOD:4;TA=C;MT=Fixed	6	1	Frac6.raw	v1.1.0	NT=ms-proteomics;VV=v1.1.0	NT=human;VV=v1.1.0	manual curation	GW6471	TMTpro 16plex
NXT629_3	Homo sapiens	cell culture	hepatocyte spheroid	3	Frac6_TMT130C	proteomic profiling by mass spectrometry	NT=Data-dependent acquisition;AC=PRIDE:0000627	NT=Q Exactive HF;AC=MS:1002523	TMT130C	NT=Lys-C;AC=MS:1001309	NT=Trypsin;AC=MS:1001251	NT=Carbamidomethyl;AC=UNIMOD:4;TA=C;MT=Fixed	6	1	Frac6.raw	v1.1.0	NT=ms-proteomics;VV=v1.1.0	NT=human;VV=v1.1.0	manual curation	NXT629	TMTpro 16plex
DMSO_3	Homo sapiens	cell culture	hepatocyte spheroid	3	Frac6_TMT131N	proteomic profiling by mass spectrometry	NT=Data-dependent acquisition;AC=PRIDE:0000627	NT=Q Exactive HF;AC=MS:1002523	TMT131N	NT=Lys-C;AC=MS:1001309	NT=Trypsin;AC=MS:1001251	NT=Carbamidomethyl;AC=UNIMOD:4;TA=C;MT=Fixed	6	1	Frac6.raw	v1.1.0	NT=ms-proteomics;VV=v1.1.0	NT=human;VV=v1.1.0	manual curation	DMSO	TMTpro 16plex
NXT629_4	Homo sapiens	cell culture	hepatocyte spheroid	4	Frac6_TMT131C	proteomic profiling by mass spectrometry	NT=Data-dependent acquisition;AC=PRIDE:0000627	NT=Q Exactive HF;AC=MS:1002523	TMT131C	NT=Lys-C;AC=MS:1001309	NT=Trypsin;AC=MS:1001251	NT=Carbamidomethyl;AC=UNIMOD:4;TA=C;MT=Fixed	6	1	Frac6.raw	v1.1.0	NT=ms-proteomics;VV=v1.1.0	NT=human;VV=v1.1.0	manual curation	NXT629	TMTpro 16plex
DMSO_4	Homo sapiens	cell culture	hepatocyte spheroid	4	Frac6_TMT132N	proteomic profiling by mass spectrometry	NT=Data-dependent acquisition;AC=PRIDE:0000627	NT=Q Exactive HF;AC=MS:1002523	TMT132N	NT=Lys-C;AC=MS:1001309	NT=Trypsin;AC=MS:1001251	NT=Carbamidomethyl;AC=UNIMOD:4;TA=C;MT=Fixed	6	1	Frac6.raw	v1.1.0	NT=ms-proteomics;VV=v1.1.0	NT=human;VV=v1.1.0	manual curation	DMSO	TMTpro 16plex
MK886_3	Homo sapiens	cell culture	hepatocyte spheroid	3	Frac6_TMT132C	proteomic profiling by mass spectrometry	NT=Data-dependent acquisition;AC=PRIDE:0000627	NT=Q Exactive HF;AC=MS:1002523	TMT132C	NT=Lys-C;AC=MS:1001309	NT=Trypsin;AC=MS:1001251	NT=Carbamidomethyl;AC=UNIMOD:4;TA=C;MT=Fixed	6	1	Frac6.raw	v1.1.0	NT=ms-proteomics;VV=v1.1.0	NT=human;VV=v1.1.0	manual curation	MK886	TMTpro 16plex
GW6471_3	Homo sapiens	cell culture	hepatocyte spheroid	3	Frac6_TMT133N	proteomic profiling by mass spectrometry	NT=Data-dependent acquisition;AC=PRIDE:0000627	NT=Q Exactive HF;AC=MS:1002523	TMT133N	NT=Lys-C;AC=MS:1001309	NT=Trypsin;AC=MS:1001251	NT=Carbamidomethyl;AC=UNIMOD:4;TA=C;MT=Fixed	6	1	Frac6.raw	v1.1.0	NT=ms-proteomics;VV=v1.1.0	NT=human;VV=v1.1.0	manual curation	GW6471	TMTpro 16plex
MK886_4	Homo sapiens	cell culture	hepatocyte spheroid	4	Frac6_TMT133C	proteomic profiling by mass spectrometry	NT=Data-dependent acquisition;AC=PRIDE:0000627	NT=Q Exactive HF;AC=MS:1002523	TMT133C	NT=Lys-C;AC=MS:1001309	NT=Trypsin;AC=MS:1001251	NT=Carbamidomethyl;AC=UNIMOD:4;TA=C;MT=Fixed	6	1	Frac6.raw	v1.1.0	NT=ms-proteomics;VV=v1.1.0	NT=human;VV=v1.1.0	manual curation	MK886	TMTpro 16plex
GW6471_4	Homo sapiens	cell culture	hepatocyte spheroid	4	Frac6_TMT134N	proteomic profiling by mass spectrometry	NT=Data-dependent acquisition;AC=PRIDE:0000627	NT=Q Exactive HF;AC=MS:1002523	TMT134N	NT=Lys-C;AC=MS:1001309	NT=Trypsin;AC=MS:1001251	NT=Carbamidomethyl;AC=UNIMOD:4;TA=C;MT=Fixed	6	1	Frac6.raw	v1.1.0	NT=ms-proteomics;VV=v1.1.0	NT=human;VV=v1.1.0	manual curation	GW6471	TMTpro 16plex
NXT629_1	Homo sapiens	cell culture	hepatocyte spheroid	1	Frac1_TMT126	proteomic profiling by mass spectrometry	NT=Data-dependent acquisition;AC=PRIDE:0000627	NT=Q Exactive HF;AC=MS:1002523	TMT126	NT=Lys-C;AC=MS:1001309	NT=Trypsin;AC=MS:1001251	NT=Carbamidomethyl;AC=UNIMOD:4;TA=C;MT=Fixed	1	1	Frac1.raw	v1.1.0	NT=ms-proteomics;VV=v1.1.0	NT=human;VV=v1.1.0	manual curation	NXT629	TMTpro 16plex
MK886_1	Homo sapiens	cell culture	hepatocyte spheroid	1	Frac1_TMT127N	proteomic profiling by mass spectrometry	NT=Data-dependent acquisition;AC=PRIDE:0000627	NT=Q Exactive HF;AC=MS:1002523	TMT127N	NT=Lys-C;AC=MS:1001309	NT=Trypsin;AC=MS:1001251	NT=Carbamidomethyl;AC=UNIMOD:4;TA=C;MT=Fixed	1	1	Frac1.raw	v1.1.0	NT=ms-proteomics;VV=v1.1.0	NT=human;VV=v1.1.0	manual curation	MK886	TMTpro 16plex
NXT629_2	Homo sapiens	cell culture	hepatocyte spheroid	2	Frac1_TMT127C	proteomic profiling by mass spectrometry	NT=Data-dependent acquisition;AC=PRIDE:0000627	NT=Q Exactive HF;AC=MS:1002523	TMT127C	NT=Lys-C;AC=MS:1001309	NT=Trypsin;AC=MS:1001251	NT=Carbamidomethyl;AC=UNIMOD:4;TA=C;MT=Fixed	1	1	Frac1.raw	v1.1.0	NT=ms-proteomics;VV=v1.1.0	NT=human;VV=v1.1.0	manual curation	NXT629	TMTpro 16plex
MK886_2	Homo sapiens	cell culture	hepatocyte spheroid	2	Frac1_TMT128N	proteomic profiling by mass spectrometry	NT=Data-dependent acquisition;AC=PRIDE:0000627	NT=Q Exactive HF;AC=MS:1002523	TMT128N	NT=Lys-C;AC=MS:1001309	NT=Trypsin;AC=MS:1001251	NT=Carbamidomethyl;AC=UNIMOD:4;TA=C;MT=Fixed	1	1	Frac1.raw	v1.1.0	NT=ms-proteomics;VV=v1.1.0	NT=human;VV=v1.1.0	manual curation	MK886	TMTpro 16plex
DMSO_1	Homo sapiens	cell culture	hepatocyte spheroid	1	Frac1_TMT128C	proteomic profiling by mass spectrometry	NT=Data-dependent acquisition;AC=PRIDE:0000627	NT=Q Exactive HF;AC=MS:1002523	TMT128C	NT=Lys-C;AC=MS:1001309	NT=Trypsin;AC=MS:1001251	NT=Carbamidomethyl;AC=UNIMOD:4;TA=C;MT=Fixed	1	1	Frac1.raw	v1.1.0	NT=ms-proteomics;VV=v1.1.0	NT=human;VV=v1.1.0	manual curation	DMSO	TMTpro 16plex
GW6471_1	Homo sapiens	cell culture	hepatocyte spheroid	1	Frac1_TMT129N	proteomic profiling by mass spectrometry	NT=Data-dependent acquisition;AC=PRIDE:0000627	NT=Q Exactive HF;AC=MS:1002523	TMT129N	NT=Lys-C;AC=MS:1001309	NT=Trypsin;AC=MS:1001251	NT=Carbamidomethyl;AC=UNIMOD:4;TA=C;MT=Fixed	1	1	Frac1.raw	v1.1.0	NT=ms-proteomics;VV=v1.1.0	NT=human;VV=v1.1.0	manual curation	GW6471	TMTpro 16plex
DMSO_2	Homo sapiens	cell culture	hepatocyte spheroid	2	Frac1_TMT129C	proteomic profiling by mass spectrometry	NT=Data-dependent acquisition;AC=PRIDE:0000627	NT=Q Exactive HF;AC=MS:1002523	TMT129C	NT=Lys-C;AC=MS:1001309	NT=Trypsin;AC=MS:1001251	NT=Carbamidomethyl;AC=UNIMOD:4;TA=C;MT=Fixed	1	1	Frac1.raw	v1.1.0	NT=ms-proteomics;VV=v1.1.0	NT=human;VV=v1.1.0	manual curation	DMSO	TMTpro 16plex
GW6471_2	Homo sapiens	cell culture	hepatocyte spheroid	2	Frac1_TMT130N	proteomic profiling by mass spectrometry	NT=Data-dependent acquisition;AC=PRIDE:0000627	NT=Q Exactive HF;AC=MS:1002523	TMT130N	NT=Lys-C;AC=MS:1001309	NT=Trypsin;AC=MS:1001251	NT=Carbamidomethyl;AC=UNIMOD:4;TA=C;MT=Fixed	1	1	Frac1.raw	v1.1.0	NT=ms-proteomics;VV=v1.1.0	NT=human;VV=v1.1.0	manual curation	GW6471	TMTpro 16plex
NXT629_3	Homo sapiens	cell culture	hepatocyte spheroid	3	Frac1_TMT130C	proteomic profiling by mass spectrometry	NT=Data-dependent acquisition;AC=PRIDE:0000627	NT=Q Exactive HF;AC=MS:1002523	TMT130C	NT=Lys-C;AC=MS:1001309	NT=Trypsin;AC=MS:1001251	NT=Carbamidomethyl;AC=UNIMOD:4;TA=C;MT=Fixed	1	1	Frac1.raw	v1.1.0	NT=ms-proteomics;VV=v1.1.0	NT=human;VV=v1.1.0	manual curation	NXT629	TMTpro 16plex
DMSO_3	Homo sapiens	cell culture	hepatocyte spheroid	3	Frac1_TMT131N	proteomic profiling by mass spectrometry	NT=Data-dependent acquisition;AC=PRIDE:0000627	NT=Q Exactive HF;AC=MS:1002523	TMT131N	NT=Lys-C;AC=MS:1001309	NT=Trypsin;AC=MS:1001251	NT=Carbamidomethyl;AC=UNIMOD:4;TA=C;MT=Fixed	1	1	Frac1.raw	v1.1.0	NT=ms-proteomics;VV=v1.1.0	NT=human;VV=v1.1.0	manual curation	DMSO	TMTpro 16plex
NXT629_4	Homo sapiens	cell culture	hepatocyte spheroid	4	Frac1_TMT131C	proteomic profiling by mass spectrometry	NT=Data-dependent acquisition;AC=PRIDE:0000627	NT=Q Exactive HF;AC=MS:1002523	TMT131C	NT=Lys-C;AC=MS:1001309	NT=Trypsin;AC=MS:1001251	NT=Carbamidomethyl;AC=UNIMOD:4;TA=C;MT=Fixed	1	1	Frac1.raw	v1.1.0	NT=ms-proteomics;VV=v1.1.0	NT=human;VV=v1.1.0	manual curation	NXT629	TMTpro 16plex
DMSO_4	Homo sapiens	cell culture	hepatocyte spheroid	4	Frac1_TMT132N	proteomic profiling by mass spectrometry	NT=Data-dependent acquisition;AC=PRIDE:0000627	NT=Q Exactive HF;AC=MS:1002523	TMT132N	NT=Lys-C;AC=MS:1001309	NT=Trypsin;AC=MS:1001251	NT=Carbamidomethyl;AC=UNIMOD:4;TA=C;MT=Fixed	1	1	Frac1.raw	v1.1.0	NT=ms-proteomics;VV=v1.1.0	NT=human;VV=v1.1.0	manual curation	DMSO	TMTpro 16plex
MK886_3	Homo sapiens	cell culture	hepatocyte spheroid	3	Frac1_TMT132C	proteomic profiling by mass spectrometry	NT=Data-dependent acquisition;AC=PRIDE:0000627	NT=Q Exactive HF;AC=MS:1002523	TMT132C	NT=Lys-C;AC=MS:1001309	NT=Trypsin;AC=MS:1001251	NT=Carbamidomethyl;AC=UNIMOD:4;TA=C;MT=Fixed	1	1	Frac1.raw	v1.1.0	NT=ms-proteomics;VV=v1.1.0	NT=human;VV=v1.1.0	manual curation	MK886	TMTpro 16plex
GW6471_3	Homo sapiens	cell culture	hepatocyte spheroid	3	Frac1_TMT133N	proteomic profiling by mass spectrometry	NT=Data-dependent acquisition;AC=PRIDE:0000627	NT=Q Exactive HF;AC=MS:1002523	TMT133N	NT=Lys-C;AC=MS:1001309	NT=Trypsin;AC=MS:1001251	NT=Carbamidomethyl;AC=UNIMOD:4;TA=C;MT=Fixed	1	1	Frac1.raw	v1.1.0	NT=ms-proteomics;VV=v1.1.0	NT=human;VV=v1.1.0	manual curation	GW6471	TMTpro 16plex
MK886_4	Homo sapiens	cell culture	hepatocyte spheroid	4	Frac1_TMT133C	proteomic profiling by mass spectrometry	NT=Data-dependent acquisition;AC=PRIDE:0000627	NT=Q Exactive HF;AC=MS:1002523	TMT133C	NT=Lys-C;AC=MS:1001309	NT=Trypsin;AC=MS:1001251	NT=Carbamidomethyl;AC=UNIMOD:4;TA=C;MT=Fixed	1	1	Frac1.raw	v1.1.0	NT=ms-proteomics;VV=v1.1.0	NT=human;VV=v1.1.0	manual curation	MK886	TMTpro 16plex
GW6471_4	Homo sapiens	cell culture	hepatocyte spheroid	4	Frac1_TMT134N	proteomic profiling by mass spectrometry	NT=Data-dependent acquisition;AC=PRIDE:0000627	NT=Q Exactive HF;AC=MS:1002523	TMT134N	NT=Lys-C;AC=MS:1001309	NT=Trypsin;AC=MS:1001251	NT=Carbamidomethyl;AC=UNIMOD:4;TA=C;MT=Fixed	1	1	Frac1.raw	v1.1.0	NT=ms-proteomics;VV=v1.1.0	NT=human;VV=v1.1.0	manual curation	GW6471	TMTpro 16plex
NXT629_1	Homo sapiens	cell culture	hepatocyte spheroid	1	Frac12_TMT126	proteomic profiling by mass spectrometry	NT=Data-dependent acquisition;AC=PRIDE:0000627	NT=Q Exactive HF;AC=MS:1002523	TMT126	NT=Lys-C;AC=MS:1001309	NT=Trypsin;AC=MS:1001251	NT=Carbamidomethyl;AC=UNIMOD:4;TA=C;MT=Fixed	12	1	Frac12.raw	v1.1.0	NT=ms-proteomics;VV=v1.1.0	NT=human;VV=v1.1.0	manual curation	NXT629	TMTpro 16plex
MK886_1	Homo sapiens	cell culture	hepatocyte spheroid	1	Frac12_TMT127N	proteomic profiling by mass spectrometry	NT=Data-dependent acquisition;AC=PRIDE:0000627	NT=Q Exactive HF;AC=MS:1002523	TMT127N	NT=Lys-C;AC=MS:1001309	NT=Trypsin;AC=MS:1001251	NT=Carbamidomethyl;AC=UNIMOD:4;TA=C;MT=Fixed	12	1	Frac12.raw	v1.1.0	NT=ms-proteomics;VV=v1.1.0	NT=human;VV=v1.1.0	manual curation	MK886	TMTpro 16plex
NXT629_2	Homo sapiens	cell culture	hepatocyte spheroid	2	Frac12_TMT127C	proteomic profiling by mass spectrometry	NT=Data-dependent acquisition;AC=PRIDE:0000627	NT=Q Exactive HF;AC=MS:1002523	TMT127C	NT=Lys-C;AC=MS:1001309	NT=Trypsin;AC=MS:1001251	NT=Carbamidomethyl;AC=UNIMOD:4;TA=C;MT=Fixed	12	1	Frac12.raw	v1.1.0	NT=ms-proteomics;VV=v1.1.0	NT=human;VV=v1.1.0	manual curation	NXT629	TMTpro 16plex
MK886_2	Homo sapiens	cell culture	hepatocyte spheroid	2	Frac12_TMT128N	proteomic profiling by mass spectrometry	NT=Data-dependent acquisition;AC=PRIDE:0000627	NT=Q Exactive HF;AC=MS:1002523	TMT128N	NT=Lys-C;AC=MS:1001309	NT=Trypsin;AC=MS:1001251	NT=Carbamidomethyl;AC=UNIMOD:4;TA=C;MT=Fixed	12	1	Frac12.raw	v1.1.0	NT=ms-proteomics;VV=v1.1.0	NT=human;VV=v1.1.0	manual curation	MK886	TMTpro 16plex
DMSO_1	Homo sapiens	cell culture	hepatocyte spheroid	1	Frac12_TMT128C	proteomic profiling by mass spectrometry	NT=Data-dependent acquisition;AC=PRIDE:0000627	NT=Q Exactive HF;AC=MS:1002523	TMT128C	NT=Lys-C;AC=MS:1001309	NT=Trypsin;AC=MS:1001251	NT=Carbamidomethyl;AC=UNIMOD:4;TA=C;MT=Fixed	12	1	Frac12.raw	v1.1.0	NT=ms-proteomics;VV=v1.1.0	NT=human;VV=v1.1.0	manual curation	DMSO	TMTpro 16plex
GW6471_1	Homo sapiens	cell culture	hepatocyte spheroid	1	Frac12_TMT129N	proteomic profiling by mass spectrometry	NT=Data-dependent acquisition;AC=PRIDE:0000627	NT=Q Exactive HF;AC=MS:1002523	TMT129N	NT=Lys-C;AC=MS:1001309	NT=Trypsin;AC=MS:1001251	NT=Carbamidomethyl;AC=UNIMOD:4;TA=C;MT=Fixed	12	1	Frac12.raw	v1.1.0	NT=ms-proteomics;VV=v1.1.0	NT=human;VV=v1.1.0	manual curation	GW6471	TMTpro 16plex
DMSO_2	Homo sapiens	cell culture	hepatocyte spheroid	2	Frac12_TMT129C	proteomic profiling by mass spectrometry	NT=Data-dependent acquisition;AC=PRIDE:0000627	NT=Q Exactive HF;AC=MS:1002523	TMT129C	NT=Lys-C;AC=MS:1001309	NT=Trypsin;AC=MS:1001251	NT=Carbamidomethyl;AC=UNIMOD:4;TA=C;MT=Fixed	12	1	Frac12.raw	v1.1.0	NT=ms-proteomics;VV=v1.1.0	NT=human;VV=v1.1.0	manual curation	DMSO	TMTpro 16plex
GW6471_2	Homo sapiens	cell culture	hepatocyte spheroid	2	Frac12_TMT130N	proteomic profiling by mass spectrometry	NT=Data-dependent acquisition;AC=PRIDE:0000627	NT=Q Exactive HF;AC=MS:1002523	TMT130N	NT=Lys-C;AC=MS:1001309	NT=Trypsin;AC=MS:1001251	NT=Carbamidomethyl;AC=UNIMOD:4;TA=C;MT=Fixed	12	1	Frac12.raw	v1.1.0	NT=ms-proteomics;VV=v1.1.0	NT=human;VV=v1.1.0	manual curation	GW6471	TMTpro 16plex
NXT629_3	Homo sapiens	cell culture	hepatocyte spheroid	3	Frac12_TMT130C	proteomic profiling by mass spectrometry	NT=Data-dependent acquisition;AC=PRIDE:0000627	NT=Q Exactive HF;AC=MS:1002523	TMT130C	NT=Lys-C;AC=MS:1001309	NT=Trypsin;AC=MS:1001251	NT=Carbamidomethyl;AC=UNIMOD:4;TA=C;MT=Fixed	12	1	Frac12.raw	v1.1.0	NT=ms-proteomics;VV=v1.1.0	NT=human;VV=v1.1.0	manual curation	NXT629	TMTpro 16plex
DMSO_3	Homo sapiens	cell culture	hepatocyte spheroid	3	Frac12_TMT131N	proteomic profiling by mass spectrometry	NT=Data-dependent acquisition;AC=PRIDE:0000627	NT=Q Exactive HF;AC=MS:1002523	TMT131N	NT=Lys-C;AC=MS:1001309	NT=Trypsin;AC=MS:1001251	NT=Carbamidomethyl;AC=UNIMOD:4;TA=C;MT=Fixed	12	1	Frac12.raw	v1.1.0	NT=ms-proteomics;VV=v1.1.0	NT=human;VV=v1.1.0	manual curation	DMSO	TMTpro 16plex
NXT629_4	Homo sapiens	cell culture	hepatocyte spheroid	4	Frac12_TMT131C	proteomic profiling by mass spectrometry	NT=Data-dependent acquisition;AC=PRIDE:0000627	NT=Q Exactive HF;AC=MS:1002523	TMT131C	NT=Lys-C;AC=MS:1001309	NT=Trypsin;AC=MS:1001251	NT=Carbamidomethyl;AC=UNIMOD:4;TA=C;MT=Fixed	12	1	Frac12.raw	v1.1.0	NT=ms-proteomics;VV=v1.1.0	NT=human;VV=v1.1.0	manual curation	NXT629	TMTpro 16plex
DMSO_4	Homo sapiens	cell culture	hepatocyte spheroid	4	Frac12_TMT132N	proteomic profiling by mass spectrometry	NT=Data-dependent acquisition;AC=PRIDE:0000627	NT=Q Exactive HF;AC=MS:1002523	TMT132N	NT=Lys-C;AC=MS:1001309	NT=Trypsin;AC=MS:1001251	NT=Carbamidomethyl;AC=UNIMOD:4;TA=C;MT=Fixed	12	1	Frac12.raw	v1.1.0	NT=ms-proteomics;VV=v1.1.0	NT=human;VV=v1.1.0	manual curation	DMSO	TMTpro 16plex
MK886_3	Homo sapiens	cell culture	hepatocyte spheroid	3	Frac12_TMT132C	proteomic profiling by mass spectrometry	NT=Data-dependent acquisition;AC=PRIDE:0000627	NT=Q Exactive HF;AC=MS:1002523	TMT132C	NT=Lys-C;AC=MS:1001309	NT=Trypsin;AC=MS:1001251	NT=Carbamidomethyl;AC=UNIMOD:4;TA=C;MT=Fixed	12	1	Frac12.raw	v1.1.0	NT=ms-proteomics;VV=v1.1.0	NT=human;VV=v1.1.0	manual curation	MK886	TMTpro 16plex
GW6471_3	Homo sapiens	cell culture	hepatocyte spheroid	3	Frac12_TMT133N	proteomic profiling by mass spectrometry	NT=Data-dependent acquisition;AC=PRIDE:0000627	NT=Q Exactive HF;AC=MS:1002523	TMT133N	NT=Lys-C;AC=MS:1001309	NT=Trypsin;AC=MS:1001251	NT=Carbamidomethyl;AC=UNIMOD:4;TA=C;MT=Fixed	12	1	Frac12.raw	v1.1.0	NT=ms-proteomics;VV=v1.1.0	NT=human;VV=v1.1.0	manual curation	GW6471	TMTpro 16plex
MK886_4	Homo sapiens	cell culture	hepatocyte spheroid	4	Frac12_TMT133C	proteomic profiling by mass spectrometry	NT=Data-dependent acquisition;AC=PRIDE:0000627	NT=Q Exactive HF;AC=MS:1002523	TMT133C	NT=Lys-C;AC=MS:1001309	NT=Trypsin;AC=MS:1001251	NT=Carbamidomethyl;AC=UNIMOD:4;TA=C;MT=Fixed	12	1	Frac12.raw	v1.1.0	NT=ms-proteomics;VV=v1.1.0	NT=human;VV=v1.1.0	manual curation	MK886	TMTpro 16plex
GW6471_4	Homo sapiens	cell culture	hepatocyte spheroid	4	Frac12_TMT134N	proteomic profiling by mass spectrometry	NT=Data-dependent acquisition;AC=PRIDE:0000627	NT=Q Exactive HF;AC=MS:1002523	TMT134N	NT=Lys-C;AC=MS:1001309	NT=Trypsin;AC=MS:1001251	NT=Carbamidomethyl;AC=UNIMOD:4;TA=C;MT=Fixed	12	1	Frac12.raw	v1.1.0	NT=ms-proteomics;VV=v1.1.0	NT=human;VV=v1.1.0	manual curation	GW6471	TMTpro 16plex
NXT629_1	Homo sapiens	cell culture	hepatocyte spheroid	1	Frac21_TMT126	proteomic profiling by mass spectrometry	NT=Data-dependent acquisition;AC=PRIDE:0000627	NT=Q Exactive HF;AC=MS:1002523	TMT126	NT=Lys-C;AC=MS:1001309	NT=Trypsin;AC=MS:1001251	NT=Carbamidomethyl;AC=UNIMOD:4;TA=C;MT=Fixed	21	1	Frac21.raw	v1.1.0	NT=ms-proteomics;VV=v1.1.0	NT=human;VV=v1.1.0	manual curation	NXT629	TMTpro 16plex
MK886_1	Homo sapiens	cell culture	hepatocyte spheroid	1	Frac21_TMT127N	proteomic profiling by mass spectrometry	NT=Data-dependent acquisition;AC=PRIDE:0000627	NT=Q Exactive HF;AC=MS:1002523	TMT127N	NT=Lys-C;AC=MS:1001309	NT=Trypsin;AC=MS:1001251	NT=Carbamidomethyl;AC=UNIMOD:4;TA=C;MT=Fixed	21	1	Frac21.raw	v1.1.0	NT=ms-proteomics;VV=v1.1.0	NT=human;VV=v1.1.0	manual curation	MK886	TMTpro 16plex
NXT629_2	Homo sapiens	cell culture	hepatocyte spheroid	2	Frac21_TMT127C	proteomic profiling by mass spectrometry	NT=Data-dependent acquisition;AC=PRIDE:0000627	NT=Q Exactive HF;AC=MS:1002523	TMT127C	NT=Lys-C;AC=MS:1001309	NT=Trypsin;AC=MS:1001251	NT=Carbamidomethyl;AC=UNIMOD:4;TA=C;MT=Fixed	21	1	Frac21.raw	v1.1.0	NT=ms-proteomics;VV=v1.1.0	NT=human;VV=v1.1.0	manual curation	NXT629	TMTpro 16plex
MK886_2	Homo sapiens	cell culture	hepatocyte spheroid	2	Frac21_TMT128N	proteomic profiling by mass spectrometry	NT=Data-dependent acquisition;AC=PRIDE:0000627	NT=Q Exactive HF;AC=MS:1002523	TMT128N	NT=Lys-C;AC=MS:1001309	NT=Trypsin;AC=MS:1001251	NT=Carbamidomethyl;AC=UNIMOD:4;TA=C;MT=Fixed	21	1	Frac21.raw	v1.1.0	NT=ms-proteomics;VV=v1.1.0	NT=human;VV=v1.1.0	manual curation	MK886	TMTpro 16plex
DMSO_1	Homo sapiens	cell culture	hepatocyte spheroid	1	Frac21_TMT128C	proteomic profiling by mass spectrometry	NT=Data-dependent acquisition;AC=PRIDE:0000627	NT=Q Exactive HF;AC=MS:1002523	TMT128C	NT=Lys-C;AC=MS:1001309	NT=Trypsin;AC=MS:1001251	NT=Carbamidomethyl;AC=UNIMOD:4;TA=C;MT=Fixed	21	1	Frac21.raw	v1.1.0	NT=ms-proteomics;VV=v1.1.0	NT=human;VV=v1.1.0	manual curation	DMSO	TMTpro 16plex
GW6471_1	Homo sapiens	cell culture	hepatocyte spheroid	1	Frac21_TMT129N	proteomic profiling by mass spectrometry	NT=Data-dependent acquisition;AC=PRIDE:0000627	NT=Q Exactive HF;AC=MS:1002523	TMT129N	NT=Lys-C;AC=MS:1001309	NT=Trypsin;AC=MS:1001251	NT=Carbamidomethyl;AC=UNIMOD:4;TA=C;MT=Fixed	21	1	Frac21.raw	v1.1.0	NT=ms-proteomics;VV=v1.1.0	NT=human;VV=v1.1.0	manual curation	GW6471	TMTpro 16plex
DMSO_2	Homo sapiens	cell culture	hepatocyte spheroid	2	Frac21_TMT129C	proteomic profiling by mass spectrometry	NT=Data-dependent acquisition;AC=PRIDE:0000627	NT=Q Exactive HF;AC=MS:1002523	TMT129C	NT=Lys-C;AC=MS:1001309	NT=Trypsin;AC=MS:1001251	NT=Carbamidomethyl;AC=UNIMOD:4;TA=C;MT=Fixed	21	1	Frac21.raw	v1.1.0	NT=ms-proteomics;VV=v1.1.0	NT=human;VV=v1.1.0	manual curation	DMSO	TMTpro 16plex
GW6471_2	Homo sapiens	cell culture	hepatocyte spheroid	2	Frac21_TMT130N	proteomic profiling by mass spectrometry	NT=Data-dependent acquisition;AC=PRIDE:0000627	NT=Q Exactive HF;AC=MS:1002523	TMT130N	NT=Lys-C;AC=MS:1001309	NT=Trypsin;AC=MS:1001251	NT=Carbamidomethyl;AC=UNIMOD:4;TA=C;MT=Fixed	21	1	Frac21.raw	v1.1.0	NT=ms-proteomics;VV=v1.1.0	NT=human;VV=v1.1.0	manual curation	GW6471	TMTpro 16plex
NXT629_3	Homo sapiens	cell culture	hepatocyte spheroid	3	Frac21_TMT130C	proteomic profiling by mass spectrometry	NT=Data-dependent acquisition;AC=PRIDE:0000627	NT=Q Exactive HF;AC=MS:1002523	TMT130C	NT=Lys-C;AC=MS:1001309	NT=Trypsin;AC=MS:1001251	NT=Carbamidomethyl;AC=UNIMOD:4;TA=C;MT=Fixed	21	1	Frac21.raw	v1.1.0	NT=ms-proteomics;VV=v1.1.0	NT=human;VV=v1.1.0	manual curation	NXT629	TMTpro 16plex
DMSO_3	Homo sapiens	cell culture	hepatocyte spheroid	3	Frac21_TMT131N	proteomic profiling by mass spectrometry	NT=Data-dependent acquisition;AC=PRIDE:0000627	NT=Q Exactive HF;AC=MS:1002523	TMT131N	NT=Lys-C;AC=MS:1001309	NT=Trypsin;AC=MS:1001251	NT=Carbamidomethyl;AC=UNIMOD:4;TA=C;MT=Fixed	21	1	Frac21.raw	v1.1.0	NT=ms-proteomics;VV=v1.1.0	NT=human;VV=v1.1.0	manual curation	DMSO	TMTpro 16plex
NXT629_4	Homo sapiens	cell culture	hepatocyte spheroid	4	Frac21_TMT131C	proteomic profiling by mass spectrometry	NT=Data-dependent acquisition;AC=PRIDE:0000627	NT=Q Exactive HF;AC=MS:1002523	TMT131C	NT=Lys-C;AC=MS:1001309	NT=Trypsin;AC=MS:1001251	NT=Carbamidomethyl;AC=UNIMOD:4;TA=C;MT=Fixed	21	1	Frac21.raw	v1.1.0	NT=ms-proteomics;VV=v1.1.0	NT=human;VV=v1.1.0	manual curation	NXT629	TMTpro 16plex
DMSO_4	Homo sapiens	cell culture	hepatocyte spheroid	4	Frac21_TMT132N	proteomic profiling by mass spectrometry	NT=Data-dependent acquisition;AC=PRIDE:0000627	NT=Q Exactive HF;AC=MS:1002523	TMT132N	NT=Lys-C;AC=MS:1001309	NT=Trypsin;AC=MS:1001251	NT=Carbamidomethyl;AC=UNIMOD:4;TA=C;MT=Fixed	21	1	Frac21.raw	v1.1.0	NT=ms-proteomics;VV=v1.1.0	NT=human;VV=v1.1.0	manual curation	DMSO	TMTpro 16plex
MK886_3	Homo sapiens	cell culture	hepatocyte spheroid	3	Frac21_TMT132C	proteomic profiling by mass spectrometry	NT=Data-dependent acquisition;AC=PRIDE:0000627	NT=Q Exactive HF;AC=MS:1002523	TMT132C	NT=Lys-C;AC=MS:1001309	NT=Trypsin;AC=MS:1001251	NT=Carbamidomethyl;AC=UNIMOD:4;TA=C;MT=Fixed	21	1	Frac21.raw	v1.1.0	NT=ms-proteomics;VV=v1.1.0	NT=human;VV=v1.1.0	manual curation	MK886	TMTpro 16plex
GW6471_3	Homo sapiens	cell culture	hepatocyte spheroid	3	Frac21_TMT133N	proteomic profiling by mass spectrometry	NT=Data-dependent acquisition;AC=PRIDE:0000627	NT=Q Exactive HF;AC=MS:1002523	TMT133N	NT=Lys-C;AC=MS:1001309	NT=Trypsin;AC=MS:1001251	NT=Carbamidomethyl;AC=UNIMOD:4;TA=C;MT=Fixed	21	1	Frac21.raw	v1.1.0	NT=ms-proteomics;VV=v1.1.0	NT=human;VV=v1.1.0	manual curation	GW6471	TMTpro 16plex
MK886_4	Homo sapiens	cell culture	hepatocyte spheroid	4	Frac21_TMT133C	proteomic profiling by mass spectrometry	NT=Data-dependent acquisition;AC=PRIDE:0000627	NT=Q Exactive HF;AC=MS:1002523	TMT133C	NT=Lys-C;AC=MS:1001309	NT=Trypsin;AC=MS:1001251	NT=Carbamidomethyl;AC=UNIMOD:4;TA=C;MT=Fixed	21	1	Frac21.raw	v1.1.0	NT=ms-proteomics;VV=v1.1.0	NT=human;VV=v1.1.0	manual curation	MK886	TMTpro 16plex
GW6471_4	Homo sapiens	cell culture	hepatocyte spheroid	4	Frac21_TMT134N	proteomic profiling by mass spectrometry	NT=Data-dependent acquisition;AC=PRIDE:0000627	NT=Q Exactive HF;AC=MS:1002523	TMT134N	NT=Lys-C;AC=MS:1001309	NT=Trypsin;AC=MS:1001251	NT=Carbamidomethyl;AC=UNIMOD:4;TA=C;MT=Fixed	21	1	Frac21.raw	v1.1.0	NT=ms-proteomics;VV=v1.1.0	NT=human;VV=v1.1.0	manual curation	GW6471	TMTpro 16plex
NXT629_1	Homo sapiens	cell culture	hepatocyte spheroid	1	Frac35_20210713131400_TMT126	proteomic profiling by mass spectrometry	NT=Data-dependent acquisition;AC=PRIDE:0000627	NT=Q Exactive HF;AC=MS:1002523	TMT126	NT=Lys-C;AC=MS:1001309	NT=Trypsin;AC=MS:1001251	NT=Carbamidomethyl;AC=UNIMOD:4;TA=C;MT=Fixed	35	1	Frac35_20210713131400.raw	v1.1.0	NT=ms-proteomics;VV=v1.1.0	NT=human;VV=v1.1.0	manual curation	NXT629	TMTpro 16plex
MK886_1	Homo sapiens	cell culture	hepatocyte spheroid	1	Frac35_20210713131400_TMT127N	proteomic profiling by mass spectrometry	NT=Data-dependent acquisition;AC=PRIDE:0000627	NT=Q Exactive HF;AC=MS:1002523	TMT127N	NT=Lys-C;AC=MS:1001309	NT=Trypsin;AC=MS:1001251	NT=Carbamidomethyl;AC=UNIMOD:4;TA=C;MT=Fixed	35	1	Frac35_20210713131400.raw	v1.1.0	NT=ms-proteomics;VV=v1.1.0	NT=human;VV=v1.1.0	manual curation	MK886	TMTpro 16plex
NXT629_2	Homo sapiens	cell culture	hepatocyte spheroid	2	Frac35_20210713131400_TMT127C	proteomic profiling by mass spectrometry	NT=Data-dependent acquisition;AC=PRIDE:0000627	NT=Q Exactive HF;AC=MS:1002523	TMT127C	NT=Lys-C;AC=MS:1001309	NT=Trypsin;AC=MS:1001251	NT=Carbamidomethyl;AC=UNIMOD:4;TA=C;MT=Fixed	35	1	Frac35_20210713131400.raw	v1.1.0	NT=ms-proteomics;VV=v1.1.0	NT=human;VV=v1.1.0	manual curation	NXT629	TMTpro 16plex
MK886_2	Homo sapiens	cell culture	hepatocyte spheroid	2	Frac35_20210713131400_TMT128N	proteomic profiling by mass spectrometry	NT=Data-dependent acquisition;AC=PRIDE:0000627	NT=Q Exactive HF;AC=MS:1002523	TMT128N	NT=Lys-C;AC=MS:1001309	NT=Trypsin;AC=MS:1001251	NT=Carbamidomethyl;AC=UNIMOD:4;TA=C;MT=Fixed	35	1	Frac35_20210713131400.raw	v1.1.0	NT=ms-proteomics;VV=v1.1.0	NT=human;VV=v1.1.0	manual curation	MK886	TMTpro 16plex
DMSO_1	Homo sapiens	cell culture	hepatocyte spheroid	1	Frac35_20210713131400_TMT128C	proteomic profiling by mass spectrometry	NT=Data-dependent acquisition;AC=PRIDE:0000627	NT=Q Exactive HF;AC=MS:1002523	TMT128C	NT=Lys-C;AC=MS:1001309	NT=Trypsin;AC=MS:1001251	NT=Carbamidomethyl;AC=UNIMOD:4;TA=C;MT=Fixed	35	1	Frac35_20210713131400.raw	v1.1.0	NT=ms-proteomics;VV=v1.1.0	NT=human;VV=v1.1.0	manual curation	DMSO	TMTpro 16plex
GW6471_1	Homo sapiens	cell culture	hepatocyte spheroid	1	Frac35_20210713131400_TMT129N	proteomic profiling by mass spectrometry	NT=Data-dependent acquisition;AC=PRIDE:0000627	NT=Q Exactive HF;AC=MS:1002523	TMT129N	NT=Lys-C;AC=MS:1001309	NT=Trypsin;AC=MS:1001251	NT=Carbamidomethyl;AC=UNIMOD:4;TA=C;MT=Fixed	35	1	Frac35_20210713131400.raw	v1.1.0	NT=ms-proteomics;VV=v1.1.0	NT=human;VV=v1.1.0	manual curation	GW6471	TMTpro 16plex
DMSO_2	Homo sapiens	cell culture	hepatocyte spheroid	2	Frac35_20210713131400_TMT129C	proteomic profiling by mass spectrometry	NT=Data-dependent acquisition;AC=PRIDE:0000627	NT=Q Exactive HF;AC=MS:1002523	TMT129C	NT=Lys-C;AC=MS:1001309	NT=Trypsin;AC=MS:1001251	NT=Carbamidomethyl;AC=UNIMOD:4;TA=C;MT=Fixed	35	1	Frac35_20210713131400.raw	v1.1.0	NT=ms-proteomics;VV=v1.1.0	NT=human;VV=v1.1.0	manual curation	DMSO	TMTpro 16plex
GW6471_2	Homo sapiens	cell culture	hepatocyte spheroid	2	Frac35_20210713131400_TMT130N	proteomic profiling by mass spectrometry	NT=Data-dependent acquisition;AC=PRIDE:0000627	NT=Q Exactive HF;AC=MS:1002523	TMT130N	NT=Lys-C;AC=MS:1001309	NT=Trypsin;AC=MS:1001251	NT=Carbamidomethyl;AC=UNIMOD:4;TA=C;MT=Fixed	35	1	Frac35_20210713131400.raw	v1.1.0	NT=ms-proteomics;VV=v1.1.0	NT=human;VV=v1.1.0	manual curation	GW6471	TMTpro 16plex
NXT629_3	Homo sapiens	cell culture	hepatocyte spheroid	3	Frac35_20210713131400_TMT130C	proteomic profiling by mass spectrometry	NT=Data-dependent acquisition;AC=PRIDE:0000627	NT=Q Exactive HF;AC=MS:1002523	TMT130C	NT=Lys-C;AC=MS:1001309	NT=Trypsin;AC=MS:1001251	NT=Carbamidomethyl;AC=UNIMOD:4;TA=C;MT=Fixed	35	1	Frac35_20210713131400.raw	v1.1.0	NT=ms-proteomics;VV=v1.1.0	NT=human;VV=v1.1.0	manual curation	NXT629	TMTpro 16plex
DMSO_3	Homo sapiens	cell culture	hepatocyte spheroid	3	Frac35_20210713131400_TMT131N	proteomic profiling by mass spectrometry	NT=Data-dependent acquisition;AC=PRIDE:0000627	NT=Q Exactive HF;AC=MS:1002523	TMT131N	NT=Lys-C;AC=MS:1001309	NT=Trypsin;AC=MS:1001251	NT=Carbamidomethyl;AC=UNIMOD:4;TA=C;MT=Fixed	35	1	Frac35_20210713131400.raw	v1.1.0	NT=ms-proteomics;VV=v1.1.0	NT=human;VV=v1.1.0	manual curation	DMSO	TMTpro 16plex
NXT629_4	Homo sapiens	cell culture	hepatocyte spheroid	4	Frac35_20210713131400_TMT131C	proteomic profiling by mass spectrometry	NT=Data-dependent acquisition;AC=PRIDE:0000627	NT=Q Exactive HF;AC=MS:1002523	TMT131C	NT=Lys-C;AC=MS:1001309	NT=Trypsin;AC=MS:1001251	NT=Carbamidomethyl;AC=UNIMOD:4;TA=C;MT=Fixed	35	1	Frac35_20210713131400.raw	v1.1.0	NT=ms-proteomics;VV=v1.1.0	NT=human;VV=v1.1.0	manual curation	NXT629	TMTpro 16plex
DMSO_4	Homo sapiens	cell culture	hepatocyte spheroid	4	Frac35_20210713131400_TMT132N	proteomic profiling by mass spectrometry	NT=Data-dependent acquisition;AC=PRIDE:0000627	NT=Q Exactive HF;AC=MS:1002523	TMT132N	NT=Lys-C;AC=MS:1001309	NT=Trypsin;AC=MS:1001251	NT=Carbamidomethyl;AC=UNIMOD:4;TA=C;MT=Fixed	35	1	Frac35_20210713131400.raw	v1.1.0	NT=ms-proteomics;VV=v1.1.0	NT=human;VV=v1.1.0	manual curation	DMSO	TMTpro 16plex
MK886_3	Homo sapiens	cell culture	hepatocyte spheroid	3	Frac35_20210713131400_TMT132C	proteomic profiling by mass spectrometry	NT=Data-dependent acquisition;AC=PRIDE:0000627	NT=Q Exactive HF;AC=MS:1002523	TMT132C	NT=Lys-C;AC=MS:1001309	NT=Trypsin;AC=MS:1001251	NT=Carbamidomethyl;AC=UNIMOD:4;TA=C;MT=Fixed	35	1	Frac35_20210713131400.raw	v1.1.0	NT=ms-proteomics;VV=v1.1.0	NT=human;VV=v1.1.0	manual curation	MK886	TMTpro 16plex
GW6471_3	Homo sapiens	cell culture	hepatocyte spheroid	3	Frac35_20210713131400_TMT133N	proteomic profiling by mass spectrometry	NT=Data-dependent acquisition;AC=PRIDE:0000627	NT=Q Exactive HF;AC=MS:1002523	TMT133N	NT=Lys-C;AC=MS:1001309	NT=Trypsin;AC=MS:1001251	NT=Carbamidomethyl;AC=UNIMOD:4;TA=C;MT=Fixed	35	1	Frac35_20210713131400.raw	v1.1.0	NT=ms-proteomics;VV=v1.1.0	NT=human;VV=v1.1.0	manual curation	GW6471	TMTpro 16plex
MK886_4	Homo sapiens	cell culture	hepatocyte spheroid	4	Frac35_20210713131400_TMT133C	proteomic profiling by mass spectrometry	NT=Data-dependent acquisition;AC=PRIDE:0000627	NT=Q Exactive HF;AC=MS:1002523	TMT133C	NT=Lys-C;AC=MS:1001309	NT=Trypsin;AC=MS:1001251	NT=Carbamidomethyl;AC=UNIMOD:4;TA=C;MT=Fixed	35	1	Frac35_20210713131400.raw	v1.1.0	NT=ms-proteomics;VV=v1.1.0	NT=human;VV=v1.1.0	manual curation	MK886	TMTpro 16plex
GW6471_4	Homo sapiens	cell culture	hepatocyte spheroid	4	Frac35_20210713131400_TMT134N	proteomic profiling by mass spectrometry	NT=Data-dependent acquisition;AC=PRIDE:0000627	NT=Q Exactive HF;AC=MS:1002523	TMT134N	NT=Lys-C;AC=MS:1001309	NT=Trypsin;AC=MS:1001251	NT=Carbamidomethyl;AC=UNIMOD:4;TA=C;MT=Fixed	35	1	Frac35_20210713131400.raw	v1.1.0	NT=ms-proteomics;VV=v1.1.0	NT=human;VV=v1.1.0	manual curation	GW6471	TMTpro 16plex
NXT629_1	Homo sapiens	cell culture	hepatocyte spheroid	1	Frac5_TMT126	proteomic profiling by mass spectrometry	NT=Data-dependent acquisition;AC=PRIDE:0000627	NT=Q Exactive HF;AC=MS:1002523	TMT126	NT=Lys-C;AC=MS:1001309	NT=Trypsin;AC=MS:1001251	NT=Carbamidomethyl;AC=UNIMOD:4;TA=C;MT=Fixed	5	1	Frac5.raw	v1.1.0	NT=ms-proteomics;VV=v1.1.0	NT=human;VV=v1.1.0	manual curation	NXT629	TMTpro 16plex
MK886_1	Homo sapiens	cell culture	hepatocyte spheroid	1	Frac5_TMT127N	proteomic profiling by mass spectrometry	NT=Data-dependent acquisition;AC=PRIDE:0000627	NT=Q Exactive HF;AC=MS:1002523	TMT127N	NT=Lys-C;AC=MS:1001309	NT=Trypsin;AC=MS:1001251	NT=Carbamidomethyl;AC=UNIMOD:4;TA=C;MT=Fixed	5	1	Frac5.raw	v1.1.0	NT=ms-proteomics;VV=v1.1.0	NT=human;VV=v1.1.0	manual curation	MK886	TMTpro 16plex
NXT629_2	Homo sapiens	cell culture	hepatocyte spheroid	2	Frac5_TMT127C	proteomic profiling by mass spectrometry	NT=Data-dependent acquisition;AC=PRIDE:0000627	NT=Q Exactive HF;AC=MS:1002523	TMT127C	NT=Lys-C;AC=MS:1001309	NT=Trypsin;AC=MS:1001251	NT=Carbamidomethyl;AC=UNIMOD:4;TA=C;MT=Fixed	5	1	Frac5.raw	v1.1.0	NT=ms-proteomics;VV=v1.1.0	NT=human;VV=v1.1.0	manual curation	NXT629	TMTpro 16plex
MK886_2	Homo sapiens	cell culture	hepatocyte spheroid	2	Frac5_TMT128N	proteomic profiling by mass spectrometry	NT=Data-dependent acquisition;AC=PRIDE:0000627	NT=Q Exactive HF;AC=MS:1002523	TMT128N	NT=Lys-C;AC=MS:1001309	NT=Trypsin;AC=MS:1001251	NT=Carbamidomethyl;AC=UNIMOD:4;TA=C;MT=Fixed	5	1	Frac5.raw	v1.1.0	NT=ms-proteomics;VV=v1.1.0	NT=human;VV=v1.1.0	manual curation	MK886	TMTpro 16plex
DMSO_1	Homo sapiens	cell culture	hepatocyte spheroid	1	Frac5_TMT128C	proteomic profiling by mass spectrometry	NT=Data-dependent acquisition;AC=PRIDE:0000627	NT=Q Exactive HF;AC=MS:1002523	TMT128C	NT=Lys-C;AC=MS:1001309	NT=Trypsin;AC=MS:1001251	NT=Carbamidomethyl;AC=UNIMOD:4;TA=C;MT=Fixed	5	1	Frac5.raw	v1.1.0	NT=ms-proteomics;VV=v1.1.0	NT=human;VV=v1.1.0	manual curation	DMSO	TMTpro 16plex
GW6471_1	Homo sapiens	cell culture	hepatocyte spheroid	1	Frac5_TMT129N	proteomic profiling by mass spectrometry	NT=Data-dependent acquisition;AC=PRIDE:0000627	NT=Q Exactive HF;AC=MS:1002523	TMT129N	NT=Lys-C;AC=MS:1001309	NT=Trypsin;AC=MS:1001251	NT=Carbamidomethyl;AC=UNIMOD:4;TA=C;MT=Fixed	5	1	Frac5.raw	v1.1.0	NT=ms-proteomics;VV=v1.1.0	NT=human;VV=v1.1.0	manual curation	GW6471	TMTpro 16plex
DMSO_2	Homo sapiens	cell culture	hepatocyte spheroid	2	Frac5_TMT129C	proteomic profiling by mass spectrometry	NT=Data-dependent acquisition;AC=PRIDE:0000627	NT=Q Exactive HF;AC=MS:1002523	TMT129C	NT=Lys-C;AC=MS:1001309	NT=Trypsin;AC=MS:1001251	NT=Carbamidomethyl;AC=UNIMOD:4;TA=C;MT=Fixed	5	1	Frac5.raw	v1.1.0	NT=ms-proteomics;VV=v1.1.0	NT=human;VV=v1.1.0	manual curation	DMSO	TMTpro 16plex
GW6471_2	Homo sapiens	cell culture	hepatocyte spheroid	2	Frac5_TMT130N	proteomic profiling by mass spectrometry	NT=Data-dependent acquisition;AC=PRIDE:0000627	NT=Q Exactive HF;AC=MS:1002523	TMT130N	NT=Lys-C;AC=MS:1001309	NT=Trypsin;AC=MS:1001251	NT=Carbamidomethyl;AC=UNIMOD:4;TA=C;MT=Fixed	5	1	Frac5.raw	v1.1.0	NT=ms-proteomics;VV=v1.1.0	NT=human;VV=v1.1.0	manual curation	GW6471	TMTpro 16plex
NXT629_3	Homo sapiens	cell culture	hepatocyte spheroid	3	Frac5_TMT130C	proteomic profiling by mass spectrometry	NT=Data-dependent acquisition;AC=PRIDE:0000627	NT=Q Exactive HF;AC=MS:1002523	TMT130C	NT=Lys-C;AC=MS:1001309	NT=Trypsin;AC=MS:1001251	NT=Carbamidomethyl;AC=UNIMOD:4;TA=C;MT=Fixed	5	1	Frac5.raw	v1.1.0	NT=ms-proteomics;VV=v1.1.0	NT=human;VV=v1.1.0	manual curation	NXT629	TMTpro 16plex
DMSO_3	Homo sapiens	cell culture	hepatocyte spheroid	3	Frac5_TMT131N	proteomic profiling by mass spectrometry	NT=Data-dependent acquisition;AC=PRIDE:0000627	NT=Q Exactive HF;AC=MS:1002523	TMT131N	NT=Lys-C;AC=MS:1001309	NT=Trypsin;AC=MS:1001251	NT=Carbamidomethyl;AC=UNIMOD:4;TA=C;MT=Fixed	5	1	Frac5.raw	v1.1.0	NT=ms-proteomics;VV=v1.1.0	NT=human;VV=v1.1.0	manual curation	DMSO	TMTpro 16plex
NXT629_4	Homo sapiens	cell culture	hepatocyte spheroid	4	Frac5_TMT131C	proteomic profiling by mass spectrometry	NT=Data-dependent acquisition;AC=PRIDE:0000627	NT=Q Exactive HF;AC=MS:1002523	TMT131C	NT=Lys-C;AC=MS:1001309	NT=Trypsin;AC=MS:1001251	NT=Carbamidomethyl;AC=UNIMOD:4;TA=C;MT=Fixed	5	1	Frac5.raw	v1.1.0	NT=ms-proteomics;VV=v1.1.0	NT=human;VV=v1.1.0	manual curation	NXT629	TMTpro 16plex
DMSO_4	Homo sapiens	cell culture	hepatocyte spheroid	4	Frac5_TMT132N	proteomic profiling by mass spectrometry	NT=Data-dependent acquisition;AC=PRIDE:0000627	NT=Q Exactive HF;AC=MS:1002523	TMT132N	NT=Lys-C;AC=MS:1001309	NT=Trypsin;AC=MS:1001251	NT=Carbamidomethyl;AC=UNIMOD:4;TA=C;MT=Fixed	5	1	Frac5.raw	v1.1.0	NT=ms-proteomics;VV=v1.1.0	NT=human;VV=v1.1.0	manual curation	DMSO	TMTpro 16plex
MK886_3	Homo sapiens	cell culture	hepatocyte spheroid	3	Frac5_TMT132C	proteomic profiling by mass spectrometry	NT=Data-dependent acquisition;AC=PRIDE:0000627	NT=Q Exactive HF;AC=MS:1002523	TMT132C	NT=Lys-C;AC=MS:1001309	NT=Trypsin;AC=MS:1001251	NT=Carbamidomethyl;AC=UNIMOD:4;TA=C;MT=Fixed	5	1	Frac5.raw	v1.1.0	NT=ms-proteomics;VV=v1.1.0	NT=human;VV=v1.1.0	manual curation	MK886	TMTpro 16plex
GW6471_3	Homo sapiens	cell culture	hepatocyte spheroid	3	Frac5_TMT133N	proteomic profiling by mass spectrometry	NT=Data-dependent acquisition;AC=PRIDE:0000627	NT=Q Exactive HF;AC=MS:1002523	TMT133N	NT=Lys-C;AC=MS:1001309	NT=Trypsin;AC=MS:1001251	NT=Carbamidomethyl;AC=UNIMOD:4;TA=C;MT=Fixed	5	1	Frac5.raw	v1.1.0	NT=ms-proteomics;VV=v1.1.0	NT=human;VV=v1.1.0	manual curation	GW6471	TMTpro 16plex
MK886_4	Homo sapiens	cell culture	hepatocyte spheroid	4	Frac5_TMT133C	proteomic profiling by mass spectrometry	NT=Data-dependent acquisition;AC=PRIDE:0000627	NT=Q Exactive HF;AC=MS:1002523	TMT133C	NT=Lys-C;AC=MS:1001309	NT=Trypsin;AC=MS:1001251	NT=Carbamidomethyl;AC=UNIMOD:4;TA=C;MT=Fixed	5	1	Frac5.raw	v1.1.0	NT=ms-proteomics;VV=v1.1.0	NT=human;VV=v1.1.0	manual curation	MK886	TMTpro 16plex
GW6471_4	Homo sapiens	cell culture	hepatocyte spheroid	4	Frac5_TMT134N	proteomic profiling by mass spectrometry	NT=Data-dependent acquisition;AC=PRIDE:0000627	NT=Q Exactive HF;AC=MS:1002523	TMT134N	NT=Lys-C;AC=MS:1001309	NT=Trypsin;AC=MS:1001251	NT=Carbamidomethyl;AC=UNIMOD:4;TA=C;MT=Fixed	5	1	Frac5.raw	v1.1.0	NT=ms-proteomics;VV=v1.1.0	NT=human;VV=v1.1.0	manual curation	GW6471	TMTpro 16plex
NXT629_1	Homo sapiens	cell culture	hepatocyte spheroid	1	Frac18_TMT126	proteomic profiling by mass spectrometry	NT=Data-dependent acquisition;AC=PRIDE:0000627	NT=Q Exactive HF;AC=MS:1002523	TMT126	NT=Lys-C;AC=MS:1001309	NT=Trypsin;AC=MS:1001251	NT=Carbamidomethyl;AC=UNIMOD:4;TA=C;MT=Fixed	18	1	Frac18.raw	v1.1.0	NT=ms-proteomics;VV=v1.1.0	NT=human;VV=v1.1.0	manual curation	NXT629	TMTpro 16plex
MK886_1	Homo sapiens	cell culture	hepatocyte spheroid	1	Frac18_TMT127N	proteomic profiling by mass spectrometry	NT=Data-dependent acquisition;AC=PRIDE:0000627	NT=Q Exactive HF;AC=MS:1002523	TMT127N	NT=Lys-C;AC=MS:1001309	NT=Trypsin;AC=MS:1001251	NT=Carbamidomethyl;AC=UNIMOD:4;TA=C;MT=Fixed	18	1	Frac18.raw	v1.1.0	NT=ms-proteomics;VV=v1.1.0	NT=human;VV=v1.1.0	manual curation	MK886	TMTpro 16plex
NXT629_2	Homo sapiens	cell culture	hepatocyte spheroid	2	Frac18_TMT127C	proteomic profiling by mass spectrometry	NT=Data-dependent acquisition;AC=PRIDE:0000627	NT=Q Exactive HF;AC=MS:1002523	TMT127C	NT=Lys-C;AC=MS:1001309	NT=Trypsin;AC=MS:1001251	NT=Carbamidomethyl;AC=UNIMOD:4;TA=C;MT=Fixed	18	1	Frac18.raw	v1.1.0	NT=ms-proteomics;VV=v1.1.0	NT=human;VV=v1.1.0	manual curation	NXT629	TMTpro 16plex
MK886_2	Homo sapiens	cell culture	hepatocyte spheroid	2	Frac18_TMT128N	proteomic profiling by mass spectrometry	NT=Data-dependent acquisition;AC=PRIDE:0000627	NT=Q Exactive HF;AC=MS:1002523	TMT128N	NT=Lys-C;AC=MS:1001309	NT=Trypsin;AC=MS:1001251	NT=Carbamidomethyl;AC=UNIMOD:4;TA=C;MT=Fixed	18	1	Frac18.raw	v1.1.0	NT=ms-proteomics;VV=v1.1.0	NT=human;VV=v1.1.0	manual curation	MK886	TMTpro 16plex
DMSO_1	Homo sapiens	cell culture	hepatocyte spheroid	1	Frac18_TMT128C	proteomic profiling by mass spectrometry	NT=Data-dependent acquisition;AC=PRIDE:0000627	NT=Q Exactive HF;AC=MS:1002523	TMT128C	NT=Lys-C;AC=MS:1001309	NT=Trypsin;AC=MS:1001251	NT=Carbamidomethyl;AC=UNIMOD:4;TA=C;MT=Fixed	18	1	Frac18.raw	v1.1.0	NT=ms-proteomics;VV=v1.1.0	NT=human;VV=v1.1.0	manual curation	DMSO	TMTpro 16plex
GW6471_1	Homo sapiens	cell culture	hepatocyte spheroid	1	Frac18_TMT129N	proteomic profiling by mass spectrometry	NT=Data-dependent acquisition;AC=PRIDE:0000627	NT=Q Exactive HF;AC=MS:1002523	TMT129N	NT=Lys-C;AC=MS:1001309	NT=Trypsin;AC=MS:1001251	NT=Carbamidomethyl;AC=UNIMOD:4;TA=C;MT=Fixed	18	1	Frac18.raw	v1.1.0	NT=ms-proteomics;VV=v1.1.0	NT=human;VV=v1.1.0	manual curation	GW6471	TMTpro 16plex
DMSO_2	Homo sapiens	cell culture	hepatocyte spheroid	2	Frac18_TMT129C	proteomic profiling by mass spectrometry	NT=Data-dependent acquisition;AC=PRIDE:0000627	NT=Q Exactive HF;AC=MS:1002523	TMT129C	NT=Lys-C;AC=MS:1001309	NT=Trypsin;AC=MS:1001251	NT=Carbamidomethyl;AC=UNIMOD:4;TA=C;MT=Fixed	18	1	Frac18.raw	v1.1.0	NT=ms-proteomics;VV=v1.1.0	NT=human;VV=v1.1.0	manual curation	DMSO	TMTpro 16plex
GW6471_2	Homo sapiens	cell culture	hepatocyte spheroid	2	Frac18_TMT130N	proteomic profiling by mass spectrometry	NT=Data-dependent acquisition;AC=PRIDE:0000627	NT=Q Exactive HF;AC=MS:1002523	TMT130N	NT=Lys-C;AC=MS:1001309	NT=Trypsin;AC=MS:1001251	NT=Carbamidomethyl;AC=UNIMOD:4;TA=C;MT=Fixed	18	1	Frac18.raw	v1.1.0	NT=ms-proteomics;VV=v1.1.0	NT=human;VV=v1.1.0	manual curation	GW6471	TMTpro 16plex
NXT629_3	Homo sapiens	cell culture	hepatocyte spheroid	3	Frac18_TMT130C	proteomic profiling by mass spectrometry	NT=Data-dependent acquisition;AC=PRIDE:0000627	NT=Q Exactive HF;AC=MS:1002523	TMT130C	NT=Lys-C;AC=MS:1001309	NT=Trypsin;AC=MS:1001251	NT=Carbamidomethyl;AC=UNIMOD:4;TA=C;MT=Fixed	18	1	Frac18.raw	v1.1.0	NT=ms-proteomics;VV=v1.1.0	NT=human;VV=v1.1.0	manual curation	NXT629	TMTpro 16plex
DMSO_3	Homo sapiens	cell culture	hepatocyte spheroid	3	Frac18_TMT131N	proteomic profiling by mass spectrometry	NT=Data-dependent acquisition;AC=PRIDE:0000627	NT=Q Exactive HF;AC=MS:1002523	TMT131N	NT=Lys-C;AC=MS:1001309	NT=Trypsin;AC=MS:1001251	NT=Carbamidomethyl;AC=UNIMOD:4;TA=C;MT=Fixed	18	1	Frac18.raw	v1.1.0	NT=ms-proteomics;VV=v1.1.0	NT=human;VV=v1.1.0	manual curation	DMSO	TMTpro 16plex
NXT629_4	Homo sapiens	cell culture	hepatocyte spheroid	4	Frac18_TMT131C	proteomic profiling by mass spectrometry	NT=Data-dependent acquisition;AC=PRIDE:0000627	NT=Q Exactive HF;AC=MS:1002523	TMT131C	NT=Lys-C;AC=MS:1001309	NT=Trypsin;AC=MS:1001251	NT=Carbamidomethyl;AC=UNIMOD:4;TA=C;MT=Fixed	18	1	Frac18.raw	v1.1.0	NT=ms-proteomics;VV=v1.1.0	NT=human;VV=v1.1.0	manual curation	NXT629	TMTpro 16plex
DMSO_4	Homo sapiens	cell culture	hepatocyte spheroid	4	Frac18_TMT132N	proteomic profiling by mass spectrometry	NT=Data-dependent acquisition;AC=PRIDE:0000627	NT=Q Exactive HF;AC=MS:1002523	TMT132N	NT=Lys-C;AC=MS:1001309	NT=Trypsin;AC=MS:1001251	NT=Carbamidomethyl;AC=UNIMOD:4;TA=C;MT=Fixed	18	1	Frac18.raw	v1.1.0	NT=ms-proteomics;VV=v1.1.0	NT=human;VV=v1.1.0	manual curation	DMSO	TMTpro 16plex
MK886_3	Homo sapiens	cell culture	hepatocyte spheroid	3	Frac18_TMT132C	proteomic profiling by mass spectrometry	NT=Data-dependent acquisition;AC=PRIDE:0000627	NT=Q Exactive HF;AC=MS:1002523	TMT132C	NT=Lys-C;AC=MS:1001309	NT=Trypsin;AC=MS:1001251	NT=Carbamidomethyl;AC=UNIMOD:4;TA=C;MT=Fixed	18	1	Frac18.raw	v1.1.0	NT=ms-proteomics;VV=v1.1.0	NT=human;VV=v1.1.0	manual curation	MK886	TMTpro 16plex
GW6471_3	Homo sapiens	cell culture	hepatocyte spheroid	3	Frac18_TMT133N	proteomic profiling by mass spectrometry	NT=Data-dependent acquisition;AC=PRIDE:0000627	NT=Q Exactive HF;AC=MS:1002523	TMT133N	NT=Lys-C;AC=MS:1001309	NT=Trypsin;AC=MS:1001251	NT=Carbamidomethyl;AC=UNIMOD:4;TA=C;MT=Fixed	18	1	Frac18.raw	v1.1.0	NT=ms-proteomics;VV=v1.1.0	NT=human;VV=v1.1.0	manual curation	GW6471	TMTpro 16plex
MK886_4	Homo sapiens	cell culture	hepatocyte spheroid	4	Frac18_TMT133C	proteomic profiling by mass spectrometry	NT=Data-dependent acquisition;AC=PRIDE:0000627	NT=Q Exactive HF;AC=MS:1002523	TMT133C	NT=Lys-C;AC=MS:1001309	NT=Trypsin;AC=MS:1001251	NT=Carbamidomethyl;AC=UNIMOD:4;TA=C;MT=Fixed	18	1	Frac18.raw	v1.1.0	NT=ms-proteomics;VV=v1.1.0	NT=human;VV=v1.1.0	manual curation	MK886	TMTpro 16plex
GW6471_4	Homo sapiens	cell culture	hepatocyte spheroid	4	Frac18_TMT134N	proteomic profiling by mass spectrometry	NT=Data-dependent acquisition;AC=PRIDE:0000627	NT=Q Exactive HF;AC=MS:1002523	TMT134N	NT=Lys-C;AC=MS:1001309	NT=Trypsin;AC=MS:1001251	NT=Carbamidomethyl;AC=UNIMOD:4;TA=C;MT=Fixed	18	1	Frac18.raw	v1.1.0	NT=ms-proteomics;VV=v1.1.0	NT=human;VV=v1.1.0	manual curation	GW6471	TMTpro 16plex
NXT629_1	Homo sapiens	cell culture	hepatocyte spheroid	1	Frac34_TMT126	proteomic profiling by mass spectrometry	NT=Data-dependent acquisition;AC=PRIDE:0000627	NT=Q Exactive HF;AC=MS:1002523	TMT126	NT=Lys-C;AC=MS:1001309	NT=Trypsin;AC=MS:1001251	NT=Carbamidomethyl;AC=UNIMOD:4;TA=C;MT=Fixed	34	1	Frac34.raw	v1.1.0	NT=ms-proteomics;VV=v1.1.0	NT=human;VV=v1.1.0	manual curation	NXT629	TMTpro 16plex
MK886_1	Homo sapiens	cell culture	hepatocyte spheroid	1	Frac34_TMT127N	proteomic profiling by mass spectrometry	NT=Data-dependent acquisition;AC=PRIDE:0000627	NT=Q Exactive HF;AC=MS:1002523	TMT127N	NT=Lys-C;AC=MS:1001309	NT=Trypsin;AC=MS:1001251	NT=Carbamidomethyl;AC=UNIMOD:4;TA=C;MT=Fixed	34	1	Frac34.raw	v1.1.0	NT=ms-proteomics;VV=v1.1.0	NT=human;VV=v1.1.0	manual curation	MK886	TMTpro 16plex
NXT629_2	Homo sapiens	cell culture	hepatocyte spheroid	2	Frac34_TMT127C	proteomic profiling by mass spectrometry	NT=Data-dependent acquisition;AC=PRIDE:0000627	NT=Q Exactive HF;AC=MS:1002523	TMT127C	NT=Lys-C;AC=MS:1001309	NT=Trypsin;AC=MS:1001251	NT=Carbamidomethyl;AC=UNIMOD:4;TA=C;MT=Fixed	34	1	Frac34.raw	v1.1.0	NT=ms-proteomics;VV=v1.1.0	NT=human;VV=v1.1.0	manual curation	NXT629	TMTpro 16plex
MK886_2	Homo sapiens	cell culture	hepatocyte spheroid	2	Frac34_TMT128N	proteomic profiling by mass spectrometry	NT=Data-dependent acquisition;AC=PRIDE:0000627	NT=Q Exactive HF;AC=MS:1002523	TMT128N	NT=Lys-C;AC=MS:1001309	NT=Trypsin;AC=MS:1001251	NT=Carbamidomethyl;AC=UNIMOD:4;TA=C;MT=Fixed	34	1	Frac34.raw	v1.1.0	NT=ms-proteomics;VV=v1.1.0	NT=human;VV=v1.1.0	manual curation	MK886	TMTpro 16plex
DMSO_1	Homo sapiens	cell culture	hepatocyte spheroid	1	Frac34_TMT128C	proteomic profiling by mass spectrometry	NT=Data-dependent acquisition;AC=PRIDE:0000627	NT=Q Exactive HF;AC=MS:1002523	TMT128C	NT=Lys-C;AC=MS:1001309	NT=Trypsin;AC=MS:1001251	NT=Carbamidomethyl;AC=UNIMOD:4;TA=C;MT=Fixed	34	1	Frac34.raw	v1.1.0	NT=ms-proteomics;VV=v1.1.0	NT=human;VV=v1.1.0	manual curation	DMSO	TMTpro 16plex
GW6471_1	Homo sapiens	cell culture	hepatocyte spheroid	1	Frac34_TMT129N	proteomic profiling by mass spectrometry	NT=Data-dependent acquisition;AC=PRIDE:0000627	NT=Q Exactive HF;AC=MS:1002523	TMT129N	NT=Lys-C;AC=MS:1001309	NT=Trypsin;AC=MS:1001251	NT=Carbamidomethyl;AC=UNIMOD:4;TA=C;MT=Fixed	34	1	Frac34.raw	v1.1.0	NT=ms-proteomics;VV=v1.1.0	NT=human;VV=v1.1.0	manual curation	GW6471	TMTpro 16plex
DMSO_2	Homo sapiens	cell culture	hepatocyte spheroid	2	Frac34_TMT129C	proteomic profiling by mass spectrometry	NT=Data-dependent acquisition;AC=PRIDE:0000627	NT=Q Exactive HF;AC=MS:1002523	TMT129C	NT=Lys-C;AC=MS:1001309	NT=Trypsin;AC=MS:1001251	NT=Carbamidomethyl;AC=UNIMOD:4;TA=C;MT=Fixed	34	1	Frac34.raw	v1.1.0	NT=ms-proteomics;VV=v1.1.0	NT=human;VV=v1.1.0	manual curation	DMSO	TMTpro 16plex
GW6471_2	Homo sapiens	cell culture	hepatocyte spheroid	2	Frac34_TMT130N	proteomic profiling by mass spectrometry	NT=Data-dependent acquisition;AC=PRIDE:0000627	NT=Q Exactive HF;AC=MS:1002523	TMT130N	NT=Lys-C;AC=MS:1001309	NT=Trypsin;AC=MS:1001251	NT=Carbamidomethyl;AC=UNIMOD:4;TA=C;MT=Fixed	34	1	Frac34.raw	v1.1.0	NT=ms-proteomics;VV=v1.1.0	NT=human;VV=v1.1.0	manual curation	GW6471	TMTpro 16plex
NXT629_3	Homo sapiens	cell culture	hepatocyte spheroid	3	Frac34_TMT130C	proteomic profiling by mass spectrometry	NT=Data-dependent acquisition;AC=PRIDE:0000627	NT=Q Exactive HF;AC=MS:1002523	TMT130C	NT=Lys-C;AC=MS:1001309	NT=Trypsin;AC=MS:1001251	NT=Carbamidomethyl;AC=UNIMOD:4;TA=C;MT=Fixed	34	1	Frac34.raw	v1.1.0	NT=ms-proteomics;VV=v1.1.0	NT=human;VV=v1.1.0	manual curation	NXT629	TMTpro 16plex
DMSO_3	Homo sapiens	cell culture	hepatocyte spheroid	3	Frac34_TMT131N	proteomic profiling by mass spectrometry	NT=Data-dependent acquisition;AC=PRIDE:0000627	NT=Q Exactive HF;AC=MS:1002523	TMT131N	NT=Lys-C;AC=MS:1001309	NT=Trypsin;AC=MS:1001251	NT=Carbamidomethyl;AC=UNIMOD:4;TA=C;MT=Fixed	34	1	Frac34.raw	v1.1.0	NT=ms-proteomics;VV=v1.1.0	NT=human;VV=v1.1.0	manual curation	DMSO	TMTpro 16plex
NXT629_4	Homo sapiens	cell culture	hepatocyte spheroid	4	Frac34_TMT131C	proteomic profiling by mass spectrometry	NT=Data-dependent acquisition;AC=PRIDE:0000627	NT=Q Exactive HF;AC=MS:1002523	TMT131C	NT=Lys-C;AC=MS:1001309	NT=Trypsin;AC=MS:1001251	NT=Carbamidomethyl;AC=UNIMOD:4;TA=C;MT=Fixed	34	1	Frac34.raw	v1.1.0	NT=ms-proteomics;VV=v1.1.0	NT=human;VV=v1.1.0	manual curation	NXT629	TMTpro 16plex
DMSO_4	Homo sapiens	cell culture	hepatocyte spheroid	4	Frac34_TMT132N	proteomic profiling by mass spectrometry	NT=Data-dependent acquisition;AC=PRIDE:0000627	NT=Q Exactive HF;AC=MS:1002523	TMT132N	NT=Lys-C;AC=MS:1001309	NT=Trypsin;AC=MS:1001251	NT=Carbamidomethyl;AC=UNIMOD:4;TA=C;MT=Fixed	34	1	Frac34.raw	v1.1.0	NT=ms-proteomics;VV=v1.1.0	NT=human;VV=v1.1.0	manual curation	DMSO	TMTpro 16plex
MK886_3	Homo sapiens	cell culture	hepatocyte spheroid	3	Frac34_TMT132C	proteomic profiling by mass spectrometry	NT=Data-dependent acquisition;AC=PRIDE:0000627	NT=Q Exactive HF;AC=MS:1002523	TMT132C	NT=Lys-C;AC=MS:1001309	NT=Trypsin;AC=MS:1001251	NT=Carbamidomethyl;AC=UNIMOD:4;TA=C;MT=Fixed	34	1	Frac34.raw	v1.1.0	NT=ms-proteomics;VV=v1.1.0	NT=human;VV=v1.1.0	manual curation	MK886	TMTpro 16plex
GW6471_3	Homo sapiens	cell culture	hepatocyte spheroid	3	Frac34_TMT133N	proteomic profiling by mass spectrometry	NT=Data-dependent acquisition;AC=PRIDE:0000627	NT=Q Exactive HF;AC=MS:1002523	TMT133N	NT=Lys-C;AC=MS:1001309	NT=Trypsin;AC=MS:1001251	NT=Carbamidomethyl;AC=UNIMOD:4;TA=C;MT=Fixed	34	1	Frac34.raw	v1.1.0	NT=ms-proteomics;VV=v1.1.0	NT=human;VV=v1.1.0	manual curation	GW6471	TMTpro 16plex
MK886_4	Homo sapiens	cell culture	hepatocyte spheroid	4	Frac34_TMT133C	proteomic profiling by mass spectrometry	NT=Data-dependent acquisition;AC=PRIDE:0000627	NT=Q Exactive HF;AC=MS:1002523	TMT133C	NT=Lys-C;AC=MS:1001309	NT=Trypsin;AC=MS:1001251	NT=Carbamidomethyl;AC=UNIMOD:4;TA=C;MT=Fixed	34	1	Frac34.raw	v1.1.0	NT=ms-proteomics;VV=v1.1.0	NT=human;VV=v1.1.0	manual curation	MK886	TMTpro 16plex
GW6471_4	Homo sapiens	cell culture	hepatocyte spheroid	4	Frac34_TMT134N	proteomic profiling by mass spectrometry	NT=Data-dependent acquisition;AC=PRIDE:0000627	NT=Q Exactive HF;AC=MS:1002523	TMT134N	NT=Lys-C;AC=MS:1001309	NT=Trypsin;AC=MS:1001251	NT=Carbamidomethyl;AC=UNIMOD:4;TA=C;MT=Fixed	34	1	Frac34.raw	v1.1.0	NT=ms-proteomics;VV=v1.1.0	NT=human;VV=v1.1.0	manual curation	GW6471	TMTpro 16plex
NXT629_1	Homo sapiens	cell culture	hepatocyte spheroid	1	Frac10_TMT126	proteomic profiling by mass spectrometry	NT=Data-dependent acquisition;AC=PRIDE:0000627	NT=Q Exactive HF;AC=MS:1002523	TMT126	NT=Lys-C;AC=MS:1001309	NT=Trypsin;AC=MS:1001251	NT=Carbamidomethyl;AC=UNIMOD:4;TA=C;MT=Fixed	10	1	Frac10.raw	v1.1.0	NT=ms-proteomics;VV=v1.1.0	NT=human;VV=v1.1.0	manual curation	NXT629	TMTpro 16plex
MK886_1	Homo sapiens	cell culture	hepatocyte spheroid	1	Frac10_TMT127N	proteomic profiling by mass spectrometry	NT=Data-dependent acquisition;AC=PRIDE:0000627	NT=Q Exactive HF;AC=MS:1002523	TMT127N	NT=Lys-C;AC=MS:1001309	NT=Trypsin;AC=MS:1001251	NT=Carbamidomethyl;AC=UNIMOD:4;TA=C;MT=Fixed	10	1	Frac10.raw	v1.1.0	NT=ms-proteomics;VV=v1.1.0	NT=human;VV=v1.1.0	manual curation	MK886	TMTpro 16plex
NXT629_2	Homo sapiens	cell culture	hepatocyte spheroid	2	Frac10_TMT127C	proteomic profiling by mass spectrometry	NT=Data-dependent acquisition;AC=PRIDE:0000627	NT=Q Exactive HF;AC=MS:1002523	TMT127C	NT=Lys-C;AC=MS:1001309	NT=Trypsin;AC=MS:1001251	NT=Carbamidomethyl;AC=UNIMOD:4;TA=C;MT=Fixed	10	1	Frac10.raw	v1.1.0	NT=ms-proteomics;VV=v1.1.0	NT=human;VV=v1.1.0	manual curation	NXT629	TMTpro 16plex
MK886_2	Homo sapiens	cell culture	hepatocyte spheroid	2	Frac10_TMT128N	proteomic profiling by mass spectrometry	NT=Data-dependent acquisition;AC=PRIDE:0000627	NT=Q Exactive HF;AC=MS:1002523	TMT128N	NT=Lys-C;AC=MS:1001309	NT=Trypsin;AC=MS:1001251	NT=Carbamidomethyl;AC=UNIMOD:4;TA=C;MT=Fixed	10	1	Frac10.raw	v1.1.0	NT=ms-proteomics;VV=v1.1.0	NT=human;VV=v1.1.0	manual curation	MK886	TMTpro 16plex
DMSO_1	Homo sapiens	cell culture	hepatocyte spheroid	1	Frac10_TMT128C	proteomic profiling by mass spectrometry	NT=Data-dependent acquisition;AC=PRIDE:0000627	NT=Q Exactive HF;AC=MS:1002523	TMT128C	NT=Lys-C;AC=MS:1001309	NT=Trypsin;AC=MS:1001251	NT=Carbamidomethyl;AC=UNIMOD:4;TA=C;MT=Fixed	10	1	Frac10.raw	v1.1.0	NT=ms-proteomics;VV=v1.1.0	NT=human;VV=v1.1.0	manual curation	DMSO	TMTpro 16plex
GW6471_1	Homo sapiens	cell culture	hepatocyte spheroid	1	Frac10_TMT129N	proteomic profiling by mass spectrometry	NT=Data-dependent acquisition;AC=PRIDE:0000627	NT=Q Exactive HF;AC=MS:1002523	TMT129N	NT=Lys-C;AC=MS:1001309	NT=Trypsin;AC=MS:1001251	NT=Carbamidomethyl;AC=UNIMOD:4;TA=C;MT=Fixed	10	1	Frac10.raw	v1.1.0	NT=ms-proteomics;VV=v1.1.0	NT=human;VV=v1.1.0	manual curation	GW6471	TMTpro 16plex
DMSO_2	Homo sapiens	cell culture	hepatocyte spheroid	2	Frac10_TMT129C	proteomic profiling by mass spectrometry	NT=Data-dependent acquisition;AC=PRIDE:0000627	NT=Q Exactive HF;AC=MS:1002523	TMT129C	NT=Lys-C;AC=MS:1001309	NT=Trypsin;AC=MS:1001251	NT=Carbamidomethyl;AC=UNIMOD:4;TA=C;MT=Fixed	10	1	Frac10.raw	v1.1.0	NT=ms-proteomics;VV=v1.1.0	NT=human;VV=v1.1.0	manual curation	DMSO	TMTpro 16plex
GW6471_2	Homo sapiens	cell culture	hepatocyte spheroid	2	Frac10_TMT130N	proteomic profiling by mass spectrometry	NT=Data-dependent acquisition;AC=PRIDE:0000627	NT=Q Exactive HF;AC=MS:1002523	TMT130N	NT=Lys-C;AC=MS:1001309	NT=Trypsin;AC=MS:1001251	NT=Carbamidomethyl;AC=UNIMOD:4;TA=C;MT=Fixed	10	1	Frac10.raw	v1.1.0	NT=ms-proteomics;VV=v1.1.0	NT=human;VV=v1.1.0	manual curation	GW6471	TMTpro 16plex
NXT629_3	Homo sapiens	cell culture	hepatocyte spheroid	3	Frac10_TMT130C	proteomic profiling by mass spectrometry	NT=Data-dependent acquisition;AC=PRIDE:0000627	NT=Q Exactive HF;AC=MS:1002523	TMT130C	NT=Lys-C;AC=MS:1001309	NT=Trypsin;AC=MS:1001251	NT=Carbamidomethyl;AC=UNIMOD:4;TA=C;MT=Fixed	10	1	Frac10.raw	v1.1.0	NT=ms-proteomics;VV=v1.1.0	NT=human;VV=v1.1.0	manual curation	NXT629	TMTpro 16plex
DMSO_3	Homo sapiens	cell culture	hepatocyte spheroid	3	Frac10_TMT131N	proteomic profiling by mass spectrometry	NT=Data-dependent acquisition;AC=PRIDE:0000627	NT=Q Exactive HF;AC=MS:1002523	TMT131N	NT=Lys-C;AC=MS:1001309	NT=Trypsin;AC=MS:1001251	NT=Carbamidomethyl;AC=UNIMOD:4;TA=C;MT=Fixed	10	1	Frac10.raw	v1.1.0	NT=ms-proteomics;VV=v1.1.0	NT=human;VV=v1.1.0	manual curation	DMSO	TMTpro 16plex
NXT629_4	Homo sapiens	cell culture	hepatocyte spheroid	4	Frac10_TMT131C	proteomic profiling by mass spectrometry	NT=Data-dependent acquisition;AC=PRIDE:0000627	NT=Q Exactive HF;AC=MS:1002523	TMT131C	NT=Lys-C;AC=MS:1001309	NT=Trypsin;AC=MS:1001251	NT=Carbamidomethyl;AC=UNIMOD:4;TA=C;MT=Fixed	10	1	Frac10.raw	v1.1.0	NT=ms-proteomics;VV=v1.1.0	NT=human;VV=v1.1.0	manual curation	NXT629	TMTpro 16plex
DMSO_4	Homo sapiens	cell culture	hepatocyte spheroid	4	Frac10_TMT132N	proteomic profiling by mass spectrometry	NT=Data-dependent acquisition;AC=PRIDE:0000627	NT=Q Exactive HF;AC=MS:1002523	TMT132N	NT=Lys-C;AC=MS:1001309	NT=Trypsin;AC=MS:1001251	NT=Carbamidomethyl;AC=UNIMOD:4;TA=C;MT=Fixed	10	1	Frac10.raw	v1.1.0	NT=ms-proteomics;VV=v1.1.0	NT=human;VV=v1.1.0	manual curation	DMSO	TMTpro 16plex
MK886_3	Homo sapiens	cell culture	hepatocyte spheroid	3	Frac10_TMT132C	proteomic profiling by mass spectrometry	NT=Data-dependent acquisition;AC=PRIDE:0000627	NT=Q Exactive HF;AC=MS:1002523	TMT132C	NT=Lys-C;AC=MS:1001309	NT=Trypsin;AC=MS:1001251	NT=Carbamidomethyl;AC=UNIMOD:4;TA=C;MT=Fixed	10	1	Frac10.raw	v1.1.0	NT=ms-proteomics;VV=v1.1.0	NT=human;VV=v1.1.0	manual curation	MK886	TMTpro 16plex
GW6471_3	Homo sapiens	cell culture	hepatocyte spheroid	3	Frac10_TMT133N	proteomic profiling by mass spectrometry	NT=Data-dependent acquisition;AC=PRIDE:0000627	NT=Q Exactive HF;AC=MS:1002523	TMT133N	NT=Lys-C;AC=MS:1001309	NT=Trypsin;AC=MS:1001251	NT=Carbamidomethyl;AC=UNIMOD:4;TA=C;MT=Fixed	10	1	Frac10.raw	v1.1.0	NT=ms-proteomics;VV=v1.1.0	NT=human;VV=v1.1.0	manual curation	GW6471	TMTpro 16plex
MK886_4	Homo sapiens	cell culture	hepatocyte spheroid	4	Frac10_TMT133C	proteomic profiling by mass spectrometry	NT=Data-dependent acquisition;AC=PRIDE:0000627	NT=Q Exactive HF;AC=MS:1002523	TMT133C	NT=Lys-C;AC=MS:1001309	NT=Trypsin;AC=MS:1001251	NT=Carbamidomethyl;AC=UNIMOD:4;TA=C;MT=Fixed	10	1	Frac10.raw	v1.1.0	NT=ms-proteomics;VV=v1.1.0	NT=human;VV=v1.1.0	manual curation	MK886	TMTpro 16plex
GW6471_4	Homo sapiens	cell culture	hepatocyte spheroid	4	Frac10_TMT134N	proteomic profiling by mass spectrometry	NT=Data-dependent acquisition;AC=PRIDE:0000627	NT=Q Exactive HF;AC=MS:1002523	TMT134N	NT=Lys-C;AC=MS:1001309	NT=Trypsin;AC=MS:1001251	NT=Carbamidomethyl;AC=UNIMOD:4;TA=C;MT=Fixed	10	1	Frac10.raw	v1.1.0	NT=ms-proteomics;VV=v1.1.0	NT=human;VV=v1.1.0	manual curation	GW6471	TMTpro 16plex
NXT629_1	Homo sapiens	cell culture	hepatocyte spheroid	1	Frac16_TMT126	proteomic profiling by mass spectrometry	NT=Data-dependent acquisition;AC=PRIDE:0000627	NT=Q Exactive HF;AC=MS:1002523	TMT126	NT=Lys-C;AC=MS:1001309	NT=Trypsin;AC=MS:1001251	NT=Carbamidomethyl;AC=UNIMOD:4;TA=C;MT=Fixed	16	1	Frac16.raw	v1.1.0	NT=ms-proteomics;VV=v1.1.0	NT=human;VV=v1.1.0	manual curation	NXT629	TMTpro 16plex
MK886_1	Homo sapiens	cell culture	hepatocyte spheroid	1	Frac16_TMT127N	proteomic profiling by mass spectrometry	NT=Data-dependent acquisition;AC=PRIDE:0000627	NT=Q Exactive HF;AC=MS:1002523	TMT127N	NT=Lys-C;AC=MS:1001309	NT=Trypsin;AC=MS:1001251	NT=Carbamidomethyl;AC=UNIMOD:4;TA=C;MT=Fixed	16	1	Frac16.raw	v1.1.0	NT=ms-proteomics;VV=v1.1.0	NT=human;VV=v1.1.0	manual curation	MK886	TMTpro 16plex
NXT629_2	Homo sapiens	cell culture	hepatocyte spheroid	2	Frac16_TMT127C	proteomic profiling by mass spectrometry	NT=Data-dependent acquisition;AC=PRIDE:0000627	NT=Q Exactive HF;AC=MS:1002523	TMT127C	NT=Lys-C;AC=MS:1001309	NT=Trypsin;AC=MS:1001251	NT=Carbamidomethyl;AC=UNIMOD:4;TA=C;MT=Fixed	16	1	Frac16.raw	v1.1.0	NT=ms-proteomics;VV=v1.1.0	NT=human;VV=v1.1.0	manual curation	NXT629	TMTpro 16plex
MK886_2	Homo sapiens	cell culture	hepatocyte spheroid	2	Frac16_TMT128N	proteomic profiling by mass spectrometry	NT=Data-dependent acquisition;AC=PRIDE:0000627	NT=Q Exactive HF;AC=MS:1002523	TMT128N	NT=Lys-C;AC=MS:1001309	NT=Trypsin;AC=MS:1001251	NT=Carbamidomethyl;AC=UNIMOD:4;TA=C;MT=Fixed	16	1	Frac16.raw	v1.1.0	NT=ms-proteomics;VV=v1.1.0	NT=human;VV=v1.1.0	manual curation	MK886	TMTpro 16plex
DMSO_1	Homo sapiens	cell culture	hepatocyte spheroid	1	Frac16_TMT128C	proteomic profiling by mass spectrometry	NT=Data-dependent acquisition;AC=PRIDE:0000627	NT=Q Exactive HF;AC=MS:1002523	TMT128C	NT=Lys-C;AC=MS:1001309	NT=Trypsin;AC=MS:1001251	NT=Carbamidomethyl;AC=UNIMOD:4;TA=C;MT=Fixed	16	1	Frac16.raw	v1.1.0	NT=ms-proteomics;VV=v1.1.0	NT=human;VV=v1.1.0	manual curation	DMSO	TMTpro 16plex
GW6471_1	Homo sapiens	cell culture	hepatocyte spheroid	1	Frac16_TMT129N	proteomic profiling by mass spectrometry	NT=Data-dependent acquisition;AC=PRIDE:0000627	NT=Q Exactive HF;AC=MS:1002523	TMT129N	NT=Lys-C;AC=MS:1001309	NT=Trypsin;AC=MS:1001251	NT=Carbamidomethyl;AC=UNIMOD:4;TA=C;MT=Fixed	16	1	Frac16.raw	v1.1.0	NT=ms-proteomics;VV=v1.1.0	NT=human;VV=v1.1.0	manual curation	GW6471	TMTpro 16plex
DMSO_2	Homo sapiens	cell culture	hepatocyte spheroid	2	Frac16_TMT129C	proteomic profiling by mass spectrometry	NT=Data-dependent acquisition;AC=PRIDE:0000627	NT=Q Exactive HF;AC=MS:1002523	TMT129C	NT=Lys-C;AC=MS:1001309	NT=Trypsin;AC=MS:1001251	NT=Carbamidomethyl;AC=UNIMOD:4;TA=C;MT=Fixed	16	1	Frac16.raw	v1.1.0	NT=ms-proteomics;VV=v1.1.0	NT=human;VV=v1.1.0	manual curation	DMSO	TMTpro 16plex
GW6471_2	Homo sapiens	cell culture	hepatocyte spheroid	2	Frac16_TMT130N	proteomic profiling by mass spectrometry	NT=Data-dependent acquisition;AC=PRIDE:0000627	NT=Q Exactive HF;AC=MS:1002523	TMT130N	NT=Lys-C;AC=MS:1001309	NT=Trypsin;AC=MS:1001251	NT=Carbamidomethyl;AC=UNIMOD:4;TA=C;MT=Fixed	16	1	Frac16.raw	v1.1.0	NT=ms-proteomics;VV=v1.1.0	NT=human;VV=v1.1.0	manual curation	GW6471	TMTpro 16plex
NXT629_3	Homo sapiens	cell culture	hepatocyte spheroid	3	Frac16_TMT130C	proteomic profiling by mass spectrometry	NT=Data-dependent acquisition;AC=PRIDE:0000627	NT=Q Exactive HF;AC=MS:1002523	TMT130C	NT=Lys-C;AC=MS:1001309	NT=Trypsin;AC=MS:1001251	NT=Carbamidomethyl;AC=UNIMOD:4;TA=C;MT=Fixed	16	1	Frac16.raw	v1.1.0	NT=ms-proteomics;VV=v1.1.0	NT=human;VV=v1.1.0	manual curation	NXT629	TMTpro 16plex
DMSO_3	Homo sapiens	cell culture	hepatocyte spheroid	3	Frac16_TMT131N	proteomic profiling by mass spectrometry	NT=Data-dependent acquisition;AC=PRIDE:0000627	NT=Q Exactive HF;AC=MS:1002523	TMT131N	NT=Lys-C;AC=MS:1001309	NT=Trypsin;AC=MS:1001251	NT=Carbamidomethyl;AC=UNIMOD:4;TA=C;MT=Fixed	16	1	Frac16.raw	v1.1.0	NT=ms-proteomics;VV=v1.1.0	NT=human;VV=v1.1.0	manual curation	DMSO	TMTpro 16plex
NXT629_4	Homo sapiens	cell culture	hepatocyte spheroid	4	Frac16_TMT131C	proteomic profiling by mass spectrometry	NT=Data-dependent acquisition;AC=PRIDE:0000627	NT=Q Exactive HF;AC=MS:1002523	TMT131C	NT=Lys-C;AC=MS:1001309	NT=Trypsin;AC=MS:1001251	NT=Carbamidomethyl;AC=UNIMOD:4;TA=C;MT=Fixed	16	1	Frac16.raw	v1.1.0	NT=ms-proteomics;VV=v1.1.0	NT=human;VV=v1.1.0	manual curation	NXT629	TMTpro 16plex
DMSO_4	Homo sapiens	cell culture	hepatocyte spheroid	4	Frac16_TMT132N	proteomic profiling by mass spectrometry	NT=Data-dependent acquisition;AC=PRIDE:0000627	NT=Q Exactive HF;AC=MS:1002523	TMT132N	NT=Lys-C;AC=MS:1001309	NT=Trypsin;AC=MS:1001251	NT=Carbamidomethyl;AC=UNIMOD:4;TA=C;MT=Fixed	16	1	Frac16.raw	v1.1.0	NT=ms-proteomics;VV=v1.1.0	NT=human;VV=v1.1.0	manual curation	DMSO	TMTpro 16plex
MK886_3	Homo sapiens	cell culture	hepatocyte spheroid	3	Frac16_TMT132C	proteomic profiling by mass spectrometry	NT=Data-dependent acquisition;AC=PRIDE:0000627	NT=Q Exactive HF;AC=MS:1002523	TMT132C	NT=Lys-C;AC=MS:1001309	NT=Trypsin;AC=MS:1001251	NT=Carbamidomethyl;AC=UNIMOD:4;TA=C;MT=Fixed	16	1	Frac16.raw	v1.1.0	NT=ms-proteomics;VV=v1.1.0	NT=human;VV=v1.1.0	manual curation	MK886	TMTpro 16plex
GW6471_3	Homo sapiens	cell culture	hepatocyte spheroid	3	Frac16_TMT133N	proteomic profiling by mass spectrometry	NT=Data-dependent acquisition;AC=PRIDE:0000627	NT=Q Exactive HF;AC=MS:1002523	TMT133N	NT=Lys-C;AC=MS:1001309	NT=Trypsin;AC=MS:1001251	NT=Carbamidomethyl;AC=UNIMOD:4;TA=C;MT=Fixed	16	1	Frac16.raw	v1.1.0	NT=ms-proteomics;VV=v1.1.0	NT=human;VV=v1.1.0	manual curation	GW6471	TMTpro 16plex
MK886_4	Homo sapiens	cell culture	hepatocyte spheroid	4	Frac16_TMT133C	proteomic profiling by mass spectrometry	NT=Data-dependent acquisition;AC=PRIDE:0000627	NT=Q Exactive HF;AC=MS:1002523	TMT133C	NT=Lys-C;AC=MS:1001309	NT=Trypsin;AC=MS:1001251	NT=Carbamidomethyl;AC=UNIMOD:4;TA=C;MT=Fixed	16	1	Frac16.raw	v1.1.0	NT=ms-proteomics;VV=v1.1.0	NT=human;VV=v1.1.0	manual curation	MK886	TMTpro 16plex
GW6471_4	Homo sapiens	cell culture	hepatocyte spheroid	4	Frac16_TMT134N	proteomic profiling by mass spectrometry	NT=Data-dependent acquisition;AC=PRIDE:0000627	NT=Q Exactive HF;AC=MS:1002523	TMT134N	NT=Lys-C;AC=MS:1001309	NT=Trypsin;AC=MS:1001251	NT=Carbamidomethyl;AC=UNIMOD:4;TA=C;MT=Fixed	16	1	Frac16.raw	v1.1.0	NT=ms-proteomics;VV=v1.1.0	NT=human;VV=v1.1.0	manual curation	GW6471	TMTpro 16plex
NXT629_1	Homo sapiens	cell culture	hepatocyte spheroid	1	Frac25_TMT126	proteomic profiling by mass spectrometry	NT=Data-dependent acquisition;AC=PRIDE:0000627	NT=Q Exactive HF;AC=MS:1002523	TMT126	NT=Lys-C;AC=MS:1001309	NT=Trypsin;AC=MS:1001251	NT=Carbamidomethyl;AC=UNIMOD:4;TA=C;MT=Fixed	25	1	Frac25.raw	v1.1.0	NT=ms-proteomics;VV=v1.1.0	NT=human;VV=v1.1.0	manual curation	NXT629	TMTpro 16plex
MK886_1	Homo sapiens	cell culture	hepatocyte spheroid	1	Frac25_TMT127N	proteomic profiling by mass spectrometry	NT=Data-dependent acquisition;AC=PRIDE:0000627	NT=Q Exactive HF;AC=MS:1002523	TMT127N	NT=Lys-C;AC=MS:1001309	NT=Trypsin;AC=MS:1001251	NT=Carbamidomethyl;AC=UNIMOD:4;TA=C;MT=Fixed	25	1	Frac25.raw	v1.1.0	NT=ms-proteomics;VV=v1.1.0	NT=human;VV=v1.1.0	manual curation	MK886	TMTpro 16plex
NXT629_2	Homo sapiens	cell culture	hepatocyte spheroid	2	Frac25_TMT127C	proteomic profiling by mass spectrometry	NT=Data-dependent acquisition;AC=PRIDE:0000627	NT=Q Exactive HF;AC=MS:1002523	TMT127C	NT=Lys-C;AC=MS:1001309	NT=Trypsin;AC=MS:1001251	NT=Carbamidomethyl;AC=UNIMOD:4;TA=C;MT=Fixed	25	1	Frac25.raw	v1.1.0	NT=ms-proteomics;VV=v1.1.0	NT=human;VV=v1.1.0	manual curation	NXT629	TMTpro 16plex
MK886_2	Homo sapiens	cell culture	hepatocyte spheroid	2	Frac25_TMT128N	proteomic profiling by mass spectrometry	NT=Data-dependent acquisition;AC=PRIDE:0000627	NT=Q Exactive HF;AC=MS:1002523	TMT128N	NT=Lys-C;AC=MS:1001309	NT=Trypsin;AC=MS:1001251	NT=Carbamidomethyl;AC=UNIMOD:4;TA=C;MT=Fixed	25	1	Frac25.raw	v1.1.0	NT=ms-proteomics;VV=v1.1.0	NT=human;VV=v1.1.0	manual curation	MK886	TMTpro 16plex
DMSO_1	Homo sapiens	cell culture	hepatocyte spheroid	1	Frac25_TMT128C	proteomic profiling by mass spectrometry	NT=Data-dependent acquisition;AC=PRIDE:0000627	NT=Q Exactive HF;AC=MS:1002523	TMT128C	NT=Lys-C;AC=MS:1001309	NT=Trypsin;AC=MS:1001251	NT=Carbamidomethyl;AC=UNIMOD:4;TA=C;MT=Fixed	25	1	Frac25.raw	v1.1.0	NT=ms-proteomics;VV=v1.1.0	NT=human;VV=v1.1.0	manual curation	DMSO	TMTpro 16plex
GW6471_1	Homo sapiens	cell culture	hepatocyte spheroid	1	Frac25_TMT129N	proteomic profiling by mass spectrometry	NT=Data-dependent acquisition;AC=PRIDE:0000627	NT=Q Exactive HF;AC=MS:1002523	TMT129N	NT=Lys-C;AC=MS:1001309	NT=Trypsin;AC=MS:1001251	NT=Carbamidomethyl;AC=UNIMOD:4;TA=C;MT=Fixed	25	1	Frac25.raw	v1.1.0	NT=ms-proteomics;VV=v1.1.0	NT=human;VV=v1.1.0	manual curation	GW6471	TMTpro 16plex
DMSO_2	Homo sapiens	cell culture	hepatocyte spheroid	2	Frac25_TMT129C	proteomic profiling by mass spectrometry	NT=Data-dependent acquisition;AC=PRIDE:0000627	NT=Q Exactive HF;AC=MS:1002523	TMT129C	NT=Lys-C;AC=MS:1001309	NT=Trypsin;AC=MS:1001251	NT=Carbamidomethyl;AC=UNIMOD:4;TA=C;MT=Fixed	25	1	Frac25.raw	v1.1.0	NT=ms-proteomics;VV=v1.1.0	NT=human;VV=v1.1.0	manual curation	DMSO	TMTpro 16plex
GW6471_2	Homo sapiens	cell culture	hepatocyte spheroid	2	Frac25_TMT130N	proteomic profiling by mass spectrometry	NT=Data-dependent acquisition;AC=PRIDE:0000627	NT=Q Exactive HF;AC=MS:1002523	TMT130N	NT=Lys-C;AC=MS:1001309	NT=Trypsin;AC=MS:1001251	NT=Carbamidomethyl;AC=UNIMOD:4;TA=C;MT=Fixed	25	1	Frac25.raw	v1.1.0	NT=ms-proteomics;VV=v1.1.0	NT=human;VV=v1.1.0	manual curation	GW6471	TMTpro 16plex
NXT629_3	Homo sapiens	cell culture	hepatocyte spheroid	3	Frac25_TMT130C	proteomic profiling by mass spectrometry	NT=Data-dependent acquisition;AC=PRIDE:0000627	NT=Q Exactive HF;AC=MS:1002523	TMT130C	NT=Lys-C;AC=MS:1001309	NT=Trypsin;AC=MS:1001251	NT=Carbamidomethyl;AC=UNIMOD:4;TA=C;MT=Fixed	25	1	Frac25.raw	v1.1.0	NT=ms-proteomics;VV=v1.1.0	NT=human;VV=v1.1.0	manual curation	NXT629	TMTpro 16plex
DMSO_3	Homo sapiens	cell culture	hepatocyte spheroid	3	Frac25_TMT131N	proteomic profiling by mass spectrometry	NT=Data-dependent acquisition;AC=PRIDE:0000627	NT=Q Exactive HF;AC=MS:1002523	TMT131N	NT=Lys-C;AC=MS:1001309	NT=Trypsin;AC=MS:1001251	NT=Carbamidomethyl;AC=UNIMOD:4;TA=C;MT=Fixed	25	1	Frac25.raw	v1.1.0	NT=ms-proteomics;VV=v1.1.0	NT=human;VV=v1.1.0	manual curation	DMSO	TMTpro 16plex
NXT629_4	Homo sapiens	cell culture	hepatocyte spheroid	4	Frac25_TMT131C	proteomic profiling by mass spectrometry	NT=Data-dependent acquisition;AC=PRIDE:0000627	NT=Q Exactive HF;AC=MS:1002523	TMT131C	NT=Lys-C;AC=MS:1001309	NT=Trypsin;AC=MS:1001251	NT=Carbamidomethyl;AC=UNIMOD:4;TA=C;MT=Fixed	25	1	Frac25.raw	v1.1.0	NT=ms-proteomics;VV=v1.1.0	NT=human;VV=v1.1.0	manual curation	NXT629	TMTpro 16plex
DMSO_4	Homo sapiens	cell culture	hepatocyte spheroid	4	Frac25_TMT132N	proteomic profiling by mass spectrometry	NT=Data-dependent acquisition;AC=PRIDE:0000627	NT=Q Exactive HF;AC=MS:1002523	TMT132N	NT=Lys-C;AC=MS:1001309	NT=Trypsin;AC=MS:1001251	NT=Carbamidomethyl;AC=UNIMOD:4;TA=C;MT=Fixed	25	1	Frac25.raw	v1.1.0	NT=ms-proteomics;VV=v1.1.0	NT=human;VV=v1.1.0	manual curation	DMSO	TMTpro 16plex
MK886_3	Homo sapiens	cell culture	hepatocyte spheroid	3	Frac25_TMT132C	proteomic profiling by mass spectrometry	NT=Data-dependent acquisition;AC=PRIDE:0000627	NT=Q Exactive HF;AC=MS:1002523	TMT132C	NT=Lys-C;AC=MS:1001309	NT=Trypsin;AC=MS:1001251	NT=Carbamidomethyl;AC=UNIMOD:4;TA=C;MT=Fixed	25	1	Frac25.raw	v1.1.0	NT=ms-proteomics;VV=v1.1.0	NT=human;VV=v1.1.0	manual curation	MK886	TMTpro 16plex
GW6471_3	Homo sapiens	cell culture	hepatocyte spheroid	3	Frac25_TMT133N	proteomic profiling by mass spectrometry	NT=Data-dependent acquisition;AC=PRIDE:0000627	NT=Q Exactive HF;AC=MS:1002523	TMT133N	NT=Lys-C;AC=MS:1001309	NT=Trypsin;AC=MS:1001251	NT=Carbamidomethyl;AC=UNIMOD:4;TA=C;MT=Fixed	25	1	Frac25.raw	v1.1.0	NT=ms-proteomics;VV=v1.1.0	NT=human;VV=v1.1.0	manual curation	GW6471	TMTpro 16plex
MK886_4	Homo sapiens	cell culture	hepatocyte spheroid	4	Frac25_TMT133C	proteomic profiling by mass spectrometry	NT=Data-dependent acquisition;AC=PRIDE:0000627	NT=Q Exactive HF;AC=MS:1002523	TMT133C	NT=Lys-C;AC=MS:1001309	NT=Trypsin;AC=MS:1001251	NT=Carbamidomethyl;AC=UNIMOD:4;TA=C;MT=Fixed	25	1	Frac25.raw	v1.1.0	NT=ms-proteomics;VV=v1.1.0	NT=human;VV=v1.1.0	manual curation	MK886	TMTpro 16plex
GW6471_4	Homo sapiens	cell culture	hepatocyte spheroid	4	Frac25_TMT134N	proteomic profiling by mass spectrometry	NT=Data-dependent acquisition;AC=PRIDE:0000627	NT=Q Exactive HF;AC=MS:1002523	TMT134N	NT=Lys-C;AC=MS:1001309	NT=Trypsin;AC=MS:1001251	NT=Carbamidomethyl;AC=UNIMOD:4;TA=C;MT=Fixed	25	1	Frac25.raw	v1.1.0	NT=ms-proteomics;VV=v1.1.0	NT=human;VV=v1.1.0	manual curation	GW6471	TMTpro 16plex
NXT629_1	Homo sapiens	cell culture	hepatocyte spheroid	1	Frac13_TMT126	proteomic profiling by mass spectrometry	NT=Data-dependent acquisition;AC=PRIDE:0000627	NT=Q Exactive HF;AC=MS:1002523	TMT126	NT=Lys-C;AC=MS:1001309	NT=Trypsin;AC=MS:1001251	NT=Carbamidomethyl;AC=UNIMOD:4;TA=C;MT=Fixed	13	1	Frac13.raw	v1.1.0	NT=ms-proteomics;VV=v1.1.0	NT=human;VV=v1.1.0	manual curation	NXT629	TMTpro 16plex
MK886_1	Homo sapiens	cell culture	hepatocyte spheroid	1	Frac13_TMT127N	proteomic profiling by mass spectrometry	NT=Data-dependent acquisition;AC=PRIDE:0000627	NT=Q Exactive HF;AC=MS:1002523	TMT127N	NT=Lys-C;AC=MS:1001309	NT=Trypsin;AC=MS:1001251	NT=Carbamidomethyl;AC=UNIMOD:4;TA=C;MT=Fixed	13	1	Frac13.raw	v1.1.0	NT=ms-proteomics;VV=v1.1.0	NT=human;VV=v1.1.0	manual curation	MK886	TMTpro 16plex
NXT629_2	Homo sapiens	cell culture	hepatocyte spheroid	2	Frac13_TMT127C	proteomic profiling by mass spectrometry	NT=Data-dependent acquisition;AC=PRIDE:0000627	NT=Q Exactive HF;AC=MS:1002523	TMT127C	NT=Lys-C;AC=MS:1001309	NT=Trypsin;AC=MS:1001251	NT=Carbamidomethyl;AC=UNIMOD:4;TA=C;MT=Fixed	13	1	Frac13.raw	v1.1.0	NT=ms-proteomics;VV=v1.1.0	NT=human;VV=v1.1.0	manual curation	NXT629	TMTpro 16plex
MK886_2	Homo sapiens	cell culture	hepatocyte spheroid	2	Frac13_TMT128N	proteomic profiling by mass spectrometry	NT=Data-dependent acquisition;AC=PRIDE:0000627	NT=Q Exactive HF;AC=MS:1002523	TMT128N	NT=Lys-C;AC=MS:1001309	NT=Trypsin;AC=MS:1001251	NT=Carbamidomethyl;AC=UNIMOD:4;TA=C;MT=Fixed	13	1	Frac13.raw	v1.1.0	NT=ms-proteomics;VV=v1.1.0	NT=human;VV=v1.1.0	manual curation	MK886	TMTpro 16plex
DMSO_1	Homo sapiens	cell culture	hepatocyte spheroid	1	Frac13_TMT128C	proteomic profiling by mass spectrometry	NT=Data-dependent acquisition;AC=PRIDE:0000627	NT=Q Exactive HF;AC=MS:1002523	TMT128C	NT=Lys-C;AC=MS:1001309	NT=Trypsin;AC=MS:1001251	NT=Carbamidomethyl;AC=UNIMOD:4;TA=C;MT=Fixed	13	1	Frac13.raw	v1.1.0	NT=ms-proteomics;VV=v1.1.0	NT=human;VV=v1.1.0	manual curation	DMSO	TMTpro 16plex
GW6471_1	Homo sapiens	cell culture	hepatocyte spheroid	1	Frac13_TMT129N	proteomic profiling by mass spectrometry	NT=Data-dependent acquisition;AC=PRIDE:0000627	NT=Q Exactive HF;AC=MS:1002523	TMT129N	NT=Lys-C;AC=MS:1001309	NT=Trypsin;AC=MS:1001251	NT=Carbamidomethyl;AC=UNIMOD:4;TA=C;MT=Fixed	13	1	Frac13.raw	v1.1.0	NT=ms-proteomics;VV=v1.1.0	NT=human;VV=v1.1.0	manual curation	GW6471	TMTpro 16plex
DMSO_2	Homo sapiens	cell culture	hepatocyte spheroid	2	Frac13_TMT129C	proteomic profiling by mass spectrometry	NT=Data-dependent acquisition;AC=PRIDE:0000627	NT=Q Exactive HF;AC=MS:1002523	TMT129C	NT=Lys-C;AC=MS:1001309	NT=Trypsin;AC=MS:1001251	NT=Carbamidomethyl;AC=UNIMOD:4;TA=C;MT=Fixed	13	1	Frac13.raw	v1.1.0	NT=ms-proteomics;VV=v1.1.0	NT=human;VV=v1.1.0	manual curation	DMSO	TMTpro 16plex
GW6471_2	Homo sapiens	cell culture	hepatocyte spheroid	2	Frac13_TMT130N	proteomic profiling by mass spectrometry	NT=Data-dependent acquisition;AC=PRIDE:0000627	NT=Q Exactive HF;AC=MS:1002523	TMT130N	NT=Lys-C;AC=MS:1001309	NT=Trypsin;AC=MS:1001251	NT=Carbamidomethyl;AC=UNIMOD:4;TA=C;MT=Fixed	13	1	Frac13.raw	v1.1.0	NT=ms-proteomics;VV=v1.1.0	NT=human;VV=v1.1.0	manual curation	GW6471	TMTpro 16plex
NXT629_3	Homo sapiens	cell culture	hepatocyte spheroid	3	Frac13_TMT130C	proteomic profiling by mass spectrometry	NT=Data-dependent acquisition;AC=PRIDE:0000627	NT=Q Exactive HF;AC=MS:1002523	TMT130C	NT=Lys-C;AC=MS:1001309	NT=Trypsin;AC=MS:1001251	NT=Carbamidomethyl;AC=UNIMOD:4;TA=C;MT=Fixed	13	1	Frac13.raw	v1.1.0	NT=ms-proteomics;VV=v1.1.0	NT=human;VV=v1.1.0	manual curation	NXT629	TMTpro 16plex
DMSO_3	Homo sapiens	cell culture	hepatocyte spheroid	3	Frac13_TMT131N	proteomic profiling by mass spectrometry	NT=Data-dependent acquisition;AC=PRIDE:0000627	NT=Q Exactive HF;AC=MS:1002523	TMT131N	NT=Lys-C;AC=MS:1001309	NT=Trypsin;AC=MS:1001251	NT=Carbamidomethyl;AC=UNIMOD:4;TA=C;MT=Fixed	13	1	Frac13.raw	v1.1.0	NT=ms-proteomics;VV=v1.1.0	NT=human;VV=v1.1.0	manual curation	DMSO	TMTpro 16plex
NXT629_4	Homo sapiens	cell culture	hepatocyte spheroid	4	Frac13_TMT131C	proteomic profiling by mass spectrometry	NT=Data-dependent acquisition;AC=PRIDE:0000627	NT=Q Exactive HF;AC=MS:1002523	TMT131C	NT=Lys-C;AC=MS:1001309	NT=Trypsin;AC=MS:1001251	NT=Carbamidomethyl;AC=UNIMOD:4;TA=C;MT=Fixed	13	1	Frac13.raw	v1.1.0	NT=ms-proteomics;VV=v1.1.0	NT=human;VV=v1.1.0	manual curation	NXT629	TMTpro 16plex
DMSO_4	Homo sapiens	cell culture	hepatocyte spheroid	4	Frac13_TMT132N	proteomic profiling by mass spectrometry	NT=Data-dependent acquisition;AC=PRIDE:0000627	NT=Q Exactive HF;AC=MS:1002523	TMT132N	NT=Lys-C;AC=MS:1001309	NT=Trypsin;AC=MS:1001251	NT=Carbamidomethyl;AC=UNIMOD:4;TA=C;MT=Fixed	13	1	Frac13.raw	v1.1.0	NT=ms-proteomics;VV=v1.1.0	NT=human;VV=v1.1.0	manual curation	DMSO	TMTpro 16plex
MK886_3	Homo sapiens	cell culture	hepatocyte spheroid	3	Frac13_TMT132C	proteomic profiling by mass spectrometry	NT=Data-dependent acquisition;AC=PRIDE:0000627	NT=Q Exactive HF;AC=MS:1002523	TMT132C	NT=Lys-C;AC=MS:1001309	NT=Trypsin;AC=MS:1001251	NT=Carbamidomethyl;AC=UNIMOD:4;TA=C;MT=Fixed	13	1	Frac13.raw	v1.1.0	NT=ms-proteomics;VV=v1.1.0	NT=human;VV=v1.1.0	manual curation	MK886	TMTpro 16plex
GW6471_3	Homo sapiens	cell culture	hepatocyte spheroid	3	Frac13_TMT133N	proteomic profiling by mass spectrometry	NT=Data-dependent acquisition;AC=PRIDE:0000627	NT=Q Exactive HF;AC=MS:1002523	TMT133N	NT=Lys-C;AC=MS:1001309	NT=Trypsin;AC=MS:1001251	NT=Carbamidomethyl;AC=UNIMOD:4;TA=C;MT=Fixed	13	1	Frac13.raw	v1.1.0	NT=ms-proteomics;VV=v1.1.0	NT=human;VV=v1.1.0	manual curation	GW6471	TMTpro 16plex
MK886_4	Homo sapiens	cell culture	hepatocyte spheroid	4	Frac13_TMT133C	proteomic profiling by mass spectrometry	NT=Data-dependent acquisition;AC=PRIDE:0000627	NT=Q Exactive HF;AC=MS:1002523	TMT133C	NT=Lys-C;AC=MS:1001309	NT=Trypsin;AC=MS:1001251	NT=Carbamidomethyl;AC=UNIMOD:4;TA=C;MT=Fixed	13	1	Frac13.raw	v1.1.0	NT=ms-proteomics;VV=v1.1.0	NT=human;VV=v1.1.0	manual curation	MK886	TMTpro 16plex
GW6471_4	Homo sapiens	cell culture	hepatocyte spheroid	4	Frac13_TMT134N	proteomic profiling by mass spectrometry	NT=Data-dependent acquisition;AC=PRIDE:0000627	NT=Q Exactive HF;AC=MS:1002523	TMT134N	NT=Lys-C;AC=MS:1001309	NT=Trypsin;AC=MS:1001251	NT=Carbamidomethyl;AC=UNIMOD:4;TA=C;MT=Fixed	13	1	Frac13.raw	v1.1.0	NT=ms-proteomics;VV=v1.1.0	NT=human;VV=v1.1.0	manual curation	GW6471	TMTpro 16plex
NXT629_1	Homo sapiens	cell culture	hepatocyte spheroid	1	Frac27_TMT126	proteomic profiling by mass spectrometry	NT=Data-dependent acquisition;AC=PRIDE:0000627	NT=Q Exactive HF;AC=MS:1002523	TMT126	NT=Lys-C;AC=MS:1001309	NT=Trypsin;AC=MS:1001251	NT=Carbamidomethyl;AC=UNIMOD:4;TA=C;MT=Fixed	27	1	Frac27.raw	v1.1.0	NT=ms-proteomics;VV=v1.1.0	NT=human;VV=v1.1.0	manual curation	NXT629	TMTpro 16plex
MK886_1	Homo sapiens	cell culture	hepatocyte spheroid	1	Frac27_TMT127N	proteomic profiling by mass spectrometry	NT=Data-dependent acquisition;AC=PRIDE:0000627	NT=Q Exactive HF;AC=MS:1002523	TMT127N	NT=Lys-C;AC=MS:1001309	NT=Trypsin;AC=MS:1001251	NT=Carbamidomethyl;AC=UNIMOD:4;TA=C;MT=Fixed	27	1	Frac27.raw	v1.1.0	NT=ms-proteomics;VV=v1.1.0	NT=human;VV=v1.1.0	manual curation	MK886	TMTpro 16plex
NXT629_2	Homo sapiens	cell culture	hepatocyte spheroid	2	Frac27_TMT127C	proteomic profiling by mass spectrometry	NT=Data-dependent acquisition;AC=PRIDE:0000627	NT=Q Exactive HF;AC=MS:1002523	TMT127C	NT=Lys-C;AC=MS:1001309	NT=Trypsin;AC=MS:1001251	NT=Carbamidomethyl;AC=UNIMOD:4;TA=C;MT=Fixed	27	1	Frac27.raw	v1.1.0	NT=ms-proteomics;VV=v1.1.0	NT=human;VV=v1.1.0	manual curation	NXT629	TMTpro 16plex
MK886_2	Homo sapiens	cell culture	hepatocyte spheroid	2	Frac27_TMT128N	proteomic profiling by mass spectrometry	NT=Data-dependent acquisition;AC=PRIDE:0000627	NT=Q Exactive HF;AC=MS:1002523	TMT128N	NT=Lys-C;AC=MS:1001309	NT=Trypsin;AC=MS:1001251	NT=Carbamidomethyl;AC=UNIMOD:4;TA=C;MT=Fixed	27	1	Frac27.raw	v1.1.0	NT=ms-proteomics;VV=v1.1.0	NT=human;VV=v1.1.0	manual curation	MK886	TMTpro 16plex
DMSO_1	Homo sapiens	cell culture	hepatocyte spheroid	1	Frac27_TMT128C	proteomic profiling by mass spectrometry	NT=Data-dependent acquisition;AC=PRIDE:0000627	NT=Q Exactive HF;AC=MS:1002523	TMT128C	NT=Lys-C;AC=MS:1001309	NT=Trypsin;AC=MS:1001251	NT=Carbamidomethyl;AC=UNIMOD:4;TA=C;MT=Fixed	27	1	Frac27.raw	v1.1.0	NT=ms-proteomics;VV=v1.1.0	NT=human;VV=v1.1.0	manual curation	DMSO	TMTpro 16plex
GW6471_1	Homo sapiens	cell culture	hepatocyte spheroid	1	Frac27_TMT129N	proteomic profiling by mass spectrometry	NT=Data-dependent acquisition;AC=PRIDE:0000627	NT=Q Exactive HF;AC=MS:1002523	TMT129N	NT=Lys-C;AC=MS:1001309	NT=Trypsin;AC=MS:1001251	NT=Carbamidomethyl;AC=UNIMOD:4;TA=C;MT=Fixed	27	1	Frac27.raw	v1.1.0	NT=ms-proteomics;VV=v1.1.0	NT=human;VV=v1.1.0	manual curation	GW6471	TMTpro 16plex
DMSO_2	Homo sapiens	cell culture	hepatocyte spheroid	2	Frac27_TMT129C	proteomic profiling by mass spectrometry	NT=Data-dependent acquisition;AC=PRIDE:0000627	NT=Q Exactive HF;AC=MS:1002523	TMT129C	NT=Lys-C;AC=MS:1001309	NT=Trypsin;AC=MS:1001251	NT=Carbamidomethyl;AC=UNIMOD:4;TA=C;MT=Fixed	27	1	Frac27.raw	v1.1.0	NT=ms-proteomics;VV=v1.1.0	NT=human;VV=v1.1.0	manual curation	DMSO	TMTpro 16plex
GW6471_2	Homo sapiens	cell culture	hepatocyte spheroid	2	Frac27_TMT130N	proteomic profiling by mass spectrometry	NT=Data-dependent acquisition;AC=PRIDE:0000627	NT=Q Exactive HF;AC=MS:1002523	TMT130N	NT=Lys-C;AC=MS:1001309	NT=Trypsin;AC=MS:1001251	NT=Carbamidomethyl;AC=UNIMOD:4;TA=C;MT=Fixed	27	1	Frac27.raw	v1.1.0	NT=ms-proteomics;VV=v1.1.0	NT=human;VV=v1.1.0	manual curation	GW6471	TMTpro 16plex
NXT629_3	Homo sapiens	cell culture	hepatocyte spheroid	3	Frac27_TMT130C	proteomic profiling by mass spectrometry	NT=Data-dependent acquisition;AC=PRIDE:0000627	NT=Q Exactive HF;AC=MS:1002523	TMT130C	NT=Lys-C;AC=MS:1001309	NT=Trypsin;AC=MS:1001251	NT=Carbamidomethyl;AC=UNIMOD:4;TA=C;MT=Fixed	27	1	Frac27.raw	v1.1.0	NT=ms-proteomics;VV=v1.1.0	NT=human;VV=v1.1.0	manual curation	NXT629	TMTpro 16plex
DMSO_3	Homo sapiens	cell culture	hepatocyte spheroid	3	Frac27_TMT131N	proteomic profiling by mass spectrometry	NT=Data-dependent acquisition;AC=PRIDE:0000627	NT=Q Exactive HF;AC=MS:1002523	TMT131N	NT=Lys-C;AC=MS:1001309	NT=Trypsin;AC=MS:1001251	NT=Carbamidomethyl;AC=UNIMOD:4;TA=C;MT=Fixed	27	1	Frac27.raw	v1.1.0	NT=ms-proteomics;VV=v1.1.0	NT=human;VV=v1.1.0	manual curation	DMSO	TMTpro 16plex
NXT629_4	Homo sapiens	cell culture	hepatocyte spheroid	4	Frac27_TMT131C	proteomic profiling by mass spectrometry	NT=Data-dependent acquisition;AC=PRIDE:0000627	NT=Q Exactive HF;AC=MS:1002523	TMT131C	NT=Lys-C;AC=MS:1001309	NT=Trypsin;AC=MS:1001251	NT=Carbamidomethyl;AC=UNIMOD:4;TA=C;MT=Fixed	27	1	Frac27.raw	v1.1.0	NT=ms-proteomics;VV=v1.1.0	NT=human;VV=v1.1.0	manual curation	NXT629	TMTpro 16plex
DMSO_4	Homo sapiens	cell culture	hepatocyte spheroid	4	Frac27_TMT132N	proteomic profiling by mass spectrometry	NT=Data-dependent acquisition;AC=PRIDE:0000627	NT=Q Exactive HF;AC=MS:1002523	TMT132N	NT=Lys-C;AC=MS:1001309	NT=Trypsin;AC=MS:1001251	NT=Carbamidomethyl;AC=UNIMOD:4;TA=C;MT=Fixed	27	1	Frac27.raw	v1.1.0	NT=ms-proteomics;VV=v1.1.0	NT=human;VV=v1.1.0	manual curation	DMSO	TMTpro 16plex
MK886_3	Homo sapiens	cell culture	hepatocyte spheroid	3	Frac27_TMT132C	proteomic profiling by mass spectrometry	NT=Data-dependent acquisition;AC=PRIDE:0000627	NT=Q Exactive HF;AC=MS:1002523	TMT132C	NT=Lys-C;AC=MS:1001309	NT=Trypsin;AC=MS:1001251	NT=Carbamidomethyl;AC=UNIMOD:4;TA=C;MT=Fixed	27	1	Frac27.raw	v1.1.0	NT=ms-proteomics;VV=v1.1.0	NT=human;VV=v1.1.0	manual curation	MK886	TMTpro 16plex
GW6471_3	Homo sapiens	cell culture	hepatocyte spheroid	3	Frac27_TMT133N	proteomic profiling by mass spectrometry	NT=Data-dependent acquisition;AC=PRIDE:0000627	NT=Q Exactive HF;AC=MS:1002523	TMT133N	NT=Lys-C;AC=MS:1001309	NT=Trypsin;AC=MS:1001251	NT=Carbamidomethyl;AC=UNIMOD:4;TA=C;MT=Fixed	27	1	Frac27.raw	v1.1.0	NT=ms-proteomics;VV=v1.1.0	NT=human;VV=v1.1.0	manual curation	GW6471	TMTpro 16plex
MK886_4	Homo sapiens	cell culture	hepatocyte spheroid	4	Frac27_TMT133C	proteomic profiling by mass spectrometry	NT=Data-dependent acquisition;AC=PRIDE:0000627	NT=Q Exactive HF;AC=MS:1002523	TMT133C	NT=Lys-C;AC=MS:1001309	NT=Trypsin;AC=MS:1001251	NT=Carbamidomethyl;AC=UNIMOD:4;TA=C;MT=Fixed	27	1	Frac27.raw	v1.1.0	NT=ms-proteomics;VV=v1.1.0	NT=human;VV=v1.1.0	manual curation	MK886	TMTpro 16plex
GW6471_4	Homo sapiens	cell culture	hepatocyte spheroid	4	Frac27_TMT134N	proteomic profiling by mass spectrometry	NT=Data-dependent acquisition;AC=PRIDE:0000627	NT=Q Exactive HF;AC=MS:1002523	TMT134N	NT=Lys-C;AC=MS:1001309	NT=Trypsin;AC=MS:1001251	NT=Carbamidomethyl;AC=UNIMOD:4;TA=C;MT=Fixed	27	1	Frac27.raw	v1.1.0	NT=ms-proteomics;VV=v1.1.0	NT=human;VV=v1.1.0	manual curation	GW6471	TMTpro 16plex
NXT629_1	Homo sapiens	cell culture	hepatocyte spheroid	1	Frac45_TMT126	proteomic profiling by mass spectrometry	NT=Data-dependent acquisition;AC=PRIDE:0000627	NT=Q Exactive HF;AC=MS:1002523	TMT126	NT=Lys-C;AC=MS:1001309	NT=Trypsin;AC=MS:1001251	NT=Carbamidomethyl;AC=UNIMOD:4;TA=C;MT=Fixed	45	1	Frac45.raw	v1.1.0	NT=ms-proteomics;VV=v1.1.0	NT=human;VV=v1.1.0	manual curation	NXT629	TMTpro 16plex
MK886_1	Homo sapiens	cell culture	hepatocyte spheroid	1	Frac45_TMT127N	proteomic profiling by mass spectrometry	NT=Data-dependent acquisition;AC=PRIDE:0000627	NT=Q Exactive HF;AC=MS:1002523	TMT127N	NT=Lys-C;AC=MS:1001309	NT=Trypsin;AC=MS:1001251	NT=Carbamidomethyl;AC=UNIMOD:4;TA=C;MT=Fixed	45	1	Frac45.raw	v1.1.0	NT=ms-proteomics;VV=v1.1.0	NT=human;VV=v1.1.0	manual curation	MK886	TMTpro 16plex
NXT629_2	Homo sapiens	cell culture	hepatocyte spheroid	2	Frac45_TMT127C	proteomic profiling by mass spectrometry	NT=Data-dependent acquisition;AC=PRIDE:0000627	NT=Q Exactive HF;AC=MS:1002523	TMT127C	NT=Lys-C;AC=MS:1001309	NT=Trypsin;AC=MS:1001251	NT=Carbamidomethyl;AC=UNIMOD:4;TA=C;MT=Fixed	45	1	Frac45.raw	v1.1.0	NT=ms-proteomics;VV=v1.1.0	NT=human;VV=v1.1.0	manual curation	NXT629	TMTpro 16plex
MK886_2	Homo sapiens	cell culture	hepatocyte spheroid	2	Frac45_TMT128N	proteomic profiling by mass spectrometry	NT=Data-dependent acquisition;AC=PRIDE:0000627	NT=Q Exactive HF;AC=MS:1002523	TMT128N	NT=Lys-C;AC=MS:1001309	NT=Trypsin;AC=MS:1001251	NT=Carbamidomethyl;AC=UNIMOD:4;TA=C;MT=Fixed	45	1	Frac45.raw	v1.1.0	NT=ms-proteomics;VV=v1.1.0	NT=human;VV=v1.1.0	manual curation	MK886	TMTpro 16plex
DMSO_1	Homo sapiens	cell culture	hepatocyte spheroid	1	Frac45_TMT128C	proteomic profiling by mass spectrometry	NT=Data-dependent acquisition;AC=PRIDE:0000627	NT=Q Exactive HF;AC=MS:1002523	TMT128C	NT=Lys-C;AC=MS:1001309	NT=Trypsin;AC=MS:1001251	NT=Carbamidomethyl;AC=UNIMOD:4;TA=C;MT=Fixed	45	1	Frac45.raw	v1.1.0	NT=ms-proteomics;VV=v1.1.0	NT=human;VV=v1.1.0	manual curation	DMSO	TMTpro 16plex
GW6471_1	Homo sapiens	cell culture	hepatocyte spheroid	1	Frac45_TMT129N	proteomic profiling by mass spectrometry	NT=Data-dependent acquisition;AC=PRIDE:0000627	NT=Q Exactive HF;AC=MS:1002523	TMT129N	NT=Lys-C;AC=MS:1001309	NT=Trypsin;AC=MS:1001251	NT=Carbamidomethyl;AC=UNIMOD:4;TA=C;MT=Fixed	45	1	Frac45.raw	v1.1.0	NT=ms-proteomics;VV=v1.1.0	NT=human;VV=v1.1.0	manual curation	GW6471	TMTpro 16plex
DMSO_2	Homo sapiens	cell culture	hepatocyte spheroid	2	Frac45_TMT129C	proteomic profiling by mass spectrometry	NT=Data-dependent acquisition;AC=PRIDE:0000627	NT=Q Exactive HF;AC=MS:1002523	TMT129C	NT=Lys-C;AC=MS:1001309	NT=Trypsin;AC=MS:1001251	NT=Carbamidomethyl;AC=UNIMOD:4;TA=C;MT=Fixed	45	1	Frac45.raw	v1.1.0	NT=ms-proteomics;VV=v1.1.0	NT=human;VV=v1.1.0	manual curation	DMSO	TMTpro 16plex
GW6471_2	Homo sapiens	cell culture	hepatocyte spheroid	2	Frac45_TMT130N	proteomic profiling by mass spectrometry	NT=Data-dependent acquisition;AC=PRIDE:0000627	NT=Q Exactive HF;AC=MS:1002523	TMT130N	NT=Lys-C;AC=MS:1001309	NT=Trypsin;AC=MS:1001251	NT=Carbamidomethyl;AC=UNIMOD:4;TA=C;MT=Fixed	45	1	Frac45.raw	v1.1.0	NT=ms-proteomics;VV=v1.1.0	NT=human;VV=v1.1.0	manual curation	GW6471	TMTpro 16plex
NXT629_3	Homo sapiens	cell culture	hepatocyte spheroid	3	Frac45_TMT130C	proteomic profiling by mass spectrometry	NT=Data-dependent acquisition;AC=PRIDE:0000627	NT=Q Exactive HF;AC=MS:1002523	TMT130C	NT=Lys-C;AC=MS:1001309	NT=Trypsin;AC=MS:1001251	NT=Carbamidomethyl;AC=UNIMOD:4;TA=C;MT=Fixed	45	1	Frac45.raw	v1.1.0	NT=ms-proteomics;VV=v1.1.0	NT=human;VV=v1.1.0	manual curation	NXT629	TMTpro 16plex
DMSO_3	Homo sapiens	cell culture	hepatocyte spheroid	3	Frac45_TMT131N	proteomic profiling by mass spectrometry	NT=Data-dependent acquisition;AC=PRIDE:0000627	NT=Q Exactive HF;AC=MS:1002523	TMT131N	NT=Lys-C;AC=MS:1001309	NT=Trypsin;AC=MS:1001251	NT=Carbamidomethyl;AC=UNIMOD:4;TA=C;MT=Fixed	45	1	Frac45.raw	v1.1.0	NT=ms-proteomics;VV=v1.1.0	NT=human;VV=v1.1.0	manual curation	DMSO	TMTpro 16plex
NXT629_4	Homo sapiens	cell culture	hepatocyte spheroid	4	Frac45_TMT131C	proteomic profiling by mass spectrometry	NT=Data-dependent acquisition;AC=PRIDE:0000627	NT=Q Exactive HF;AC=MS:1002523	TMT131C	NT=Lys-C;AC=MS:1001309	NT=Trypsin;AC=MS:1001251	NT=Carbamidomethyl;AC=UNIMOD:4;TA=C;MT=Fixed	45	1	Frac45.raw	v1.1.0	NT=ms-proteomics;VV=v1.1.0	NT=human;VV=v1.1.0	manual curation	NXT629	TMTpro 16plex
DMSO_4	Homo sapiens	cell culture	hepatocyte spheroid	4	Frac45_TMT132N	proteomic profiling by mass spectrometry	NT=Data-dependent acquisition;AC=PRIDE:0000627	NT=Q Exactive HF;AC=MS:1002523	TMT132N	NT=Lys-C;AC=MS:1001309	NT=Trypsin;AC=MS:1001251	NT=Carbamidomethyl;AC=UNIMOD:4;TA=C;MT=Fixed	45	1	Frac45.raw	v1.1.0	NT=ms-proteomics;VV=v1.1.0	NT=human;VV=v1.1.0	manual curation	DMSO	TMTpro 16plex
MK886_3	Homo sapiens	cell culture	hepatocyte spheroid	3	Frac45_TMT132C	proteomic profiling by mass spectrometry	NT=Data-dependent acquisition;AC=PRIDE:0000627	NT=Q Exactive HF;AC=MS:1002523	TMT132C	NT=Lys-C;AC=MS:1001309	NT=Trypsin;AC=MS:1001251	NT=Carbamidomethyl;AC=UNIMOD:4;TA=C;MT=Fixed	45	1	Frac45.raw	v1.1.0	NT=ms-proteomics;VV=v1.1.0	NT=human;VV=v1.1.0	manual curation	MK886	TMTpro 16plex
GW6471_3	Homo sapiens	cell culture	hepatocyte spheroid	3	Frac45_TMT133N	proteomic profiling by mass spectrometry	NT=Data-dependent acquisition;AC=PRIDE:0000627	NT=Q Exactive HF;AC=MS:1002523	TMT133N	NT=Lys-C;AC=MS:1001309	NT=Trypsin;AC=MS:1001251	NT=Carbamidomethyl;AC=UNIMOD:4;TA=C;MT=Fixed	45	1	Frac45.raw	v1.1.0	NT=ms-proteomics;VV=v1.1.0	NT=human;VV=v1.1.0	manual curation	GW6471	TMTpro 16plex
MK886_4	Homo sapiens	cell culture	hepatocyte spheroid	4	Frac45_TMT133C	proteomic profiling by mass spectrometry	NT=Data-dependent acquisition;AC=PRIDE:0000627	NT=Q Exactive HF;AC=MS:1002523	TMT133C	NT=Lys-C;AC=MS:1001309	NT=Trypsin;AC=MS:1001251	NT=Carbamidomethyl;AC=UNIMOD:4;TA=C;MT=Fixed	45	1	Frac45.raw	v1.1.0	NT=ms-proteomics;VV=v1.1.0	NT=human;VV=v1.1.0	manual curation	MK886	TMTpro 16plex
GW6471_4	Homo sapiens	cell culture	hepatocyte spheroid	4	Frac45_TMT134N	proteomic profiling by mass spectrometry	NT=Data-dependent acquisition;AC=PRIDE:0000627	NT=Q Exactive HF;AC=MS:1002523	TMT134N	NT=Lys-C;AC=MS:1001309	NT=Trypsin;AC=MS:1001251	NT=Carbamidomethyl;AC=UNIMOD:4;TA=C;MT=Fixed	45	1	Frac45.raw	v1.1.0	NT=ms-proteomics;VV=v1.1.0	NT=human;VV=v1.1.0	manual curation	GW6471	TMTpro 16plex
NXT629_1	Homo sapiens	cell culture	hepatocyte spheroid	1	Frac15_TMT126	proteomic profiling by mass spectrometry	NT=Data-dependent acquisition;AC=PRIDE:0000627	NT=Q Exactive HF;AC=MS:1002523	TMT126	NT=Lys-C;AC=MS:1001309	NT=Trypsin;AC=MS:1001251	NT=Carbamidomethyl;AC=UNIMOD:4;TA=C;MT=Fixed	15	1	Frac15.raw	v1.1.0	NT=ms-proteomics;VV=v1.1.0	NT=human;VV=v1.1.0	manual curation	NXT629	TMTpro 16plex
MK886_1	Homo sapiens	cell culture	hepatocyte spheroid	1	Frac15_TMT127N	proteomic profiling by mass spectrometry	NT=Data-dependent acquisition;AC=PRIDE:0000627	NT=Q Exactive HF;AC=MS:1002523	TMT127N	NT=Lys-C;AC=MS:1001309	NT=Trypsin;AC=MS:1001251	NT=Carbamidomethyl;AC=UNIMOD:4;TA=C;MT=Fixed	15	1	Frac15.raw	v1.1.0	NT=ms-proteomics;VV=v1.1.0	NT=human;VV=v1.1.0	manual curation	MK886	TMTpro 16plex
NXT629_2	Homo sapiens	cell culture	hepatocyte spheroid	2	Frac15_TMT127C	proteomic profiling by mass spectrometry	NT=Data-dependent acquisition;AC=PRIDE:0000627	NT=Q Exactive HF;AC=MS:1002523	TMT127C	NT=Lys-C;AC=MS:1001309	NT=Trypsin;AC=MS:1001251	NT=Carbamidomethyl;AC=UNIMOD:4;TA=C;MT=Fixed	15	1	Frac15.raw	v1.1.0	NT=ms-proteomics;VV=v1.1.0	NT=human;VV=v1.1.0	manual curation	NXT629	TMTpro 16plex
MK886_2	Homo sapiens	cell culture	hepatocyte spheroid	2	Frac15_TMT128N	proteomic profiling by mass spectrometry	NT=Data-dependent acquisition;AC=PRIDE:0000627	NT=Q Exactive HF;AC=MS:1002523	TMT128N	NT=Lys-C;AC=MS:1001309	NT=Trypsin;AC=MS:1001251	NT=Carbamidomethyl;AC=UNIMOD:4;TA=C;MT=Fixed	15	1	Frac15.raw	v1.1.0	NT=ms-proteomics;VV=v1.1.0	NT=human;VV=v1.1.0	manual curation	MK886	TMTpro 16plex
DMSO_1	Homo sapiens	cell culture	hepatocyte spheroid	1	Frac15_TMT128C	proteomic profiling by mass spectrometry	NT=Data-dependent acquisition;AC=PRIDE:0000627	NT=Q Exactive HF;AC=MS:1002523	TMT128C	NT=Lys-C;AC=MS:1001309	NT=Trypsin;AC=MS:1001251	NT=Carbamidomethyl;AC=UNIMOD:4;TA=C;MT=Fixed	15	1	Frac15.raw	v1.1.0	NT=ms-proteomics;VV=v1.1.0	NT=human;VV=v1.1.0	manual curation	DMSO	TMTpro 16plex
GW6471_1	Homo sapiens	cell culture	hepatocyte spheroid	1	Frac15_TMT129N	proteomic profiling by mass spectrometry	NT=Data-dependent acquisition;AC=PRIDE:0000627	NT=Q Exactive HF;AC=MS:1002523	TMT129N	NT=Lys-C;AC=MS:1001309	NT=Trypsin;AC=MS:1001251	NT=Carbamidomethyl;AC=UNIMOD:4;TA=C;MT=Fixed	15	1	Frac15.raw	v1.1.0	NT=ms-proteomics;VV=v1.1.0	NT=human;VV=v1.1.0	manual curation	GW6471	TMTpro 16plex
DMSO_2	Homo sapiens	cell culture	hepatocyte spheroid	2	Frac15_TMT129C	proteomic profiling by mass spectrometry	NT=Data-dependent acquisition;AC=PRIDE:0000627	NT=Q Exactive HF;AC=MS:1002523	TMT129C	NT=Lys-C;AC=MS:1001309	NT=Trypsin;AC=MS:1001251	NT=Carbamidomethyl;AC=UNIMOD:4;TA=C;MT=Fixed	15	1	Frac15.raw	v1.1.0	NT=ms-proteomics;VV=v1.1.0	NT=human;VV=v1.1.0	manual curation	DMSO	TMTpro 16plex
GW6471_2	Homo sapiens	cell culture	hepatocyte spheroid	2	Frac15_TMT130N	proteomic profiling by mass spectrometry	NT=Data-dependent acquisition;AC=PRIDE:0000627	NT=Q Exactive HF;AC=MS:1002523	TMT130N	NT=Lys-C;AC=MS:1001309	NT=Trypsin;AC=MS:1001251	NT=Carbamidomethyl;AC=UNIMOD:4;TA=C;MT=Fixed	15	1	Frac15.raw	v1.1.0	NT=ms-proteomics;VV=v1.1.0	NT=human;VV=v1.1.0	manual curation	GW6471	TMTpro 16plex
NXT629_3	Homo sapiens	cell culture	hepatocyte spheroid	3	Frac15_TMT130C	proteomic profiling by mass spectrometry	NT=Data-dependent acquisition;AC=PRIDE:0000627	NT=Q Exactive HF;AC=MS:1002523	TMT130C	NT=Lys-C;AC=MS:1001309	NT=Trypsin;AC=MS:1001251	NT=Carbamidomethyl;AC=UNIMOD:4;TA=C;MT=Fixed	15	1	Frac15.raw	v1.1.0	NT=ms-proteomics;VV=v1.1.0	NT=human;VV=v1.1.0	manual curation	NXT629	TMTpro 16plex
DMSO_3	Homo sapiens	cell culture	hepatocyte spheroid	3	Frac15_TMT131N	proteomic profiling by mass spectrometry	NT=Data-dependent acquisition;AC=PRIDE:0000627	NT=Q Exactive HF;AC=MS:1002523	TMT131N	NT=Lys-C;AC=MS:1001309	NT=Trypsin;AC=MS:1001251	NT=Carbamidomethyl;AC=UNIMOD:4;TA=C;MT=Fixed	15	1	Frac15.raw	v1.1.0	NT=ms-proteomics;VV=v1.1.0	NT=human;VV=v1.1.0	manual curation	DMSO	TMTpro 16plex
NXT629_4	Homo sapiens	cell culture	hepatocyte spheroid	4	Frac15_TMT131C	proteomic profiling by mass spectrometry	NT=Data-dependent acquisition;AC=PRIDE:0000627	NT=Q Exactive HF;AC=MS:1002523	TMT131C	NT=Lys-C;AC=MS:1001309	NT=Trypsin;AC=MS:1001251	NT=Carbamidomethyl;AC=UNIMOD:4;TA=C;MT=Fixed	15	1	Frac15.raw	v1.1.0	NT=ms-proteomics;VV=v1.1.0	NT=human;VV=v1.1.0	manual curation	NXT629	TMTpro 16plex
DMSO_4	Homo sapiens	cell culture	hepatocyte spheroid	4	Frac15_TMT132N	proteomic profiling by mass spectrometry	NT=Data-dependent acquisition;AC=PRIDE:0000627	NT=Q Exactive HF;AC=MS:1002523	TMT132N	NT=Lys-C;AC=MS:1001309	NT=Trypsin;AC=MS:1001251	NT=Carbamidomethyl;AC=UNIMOD:4;TA=C;MT=Fixed	15	1	Frac15.raw	v1.1.0	NT=ms-proteomics;VV=v1.1.0	NT=human;VV=v1.1.0	manual curation	DMSO	TMTpro 16plex
MK886_3	Homo sapiens	cell culture	hepatocyte spheroid	3	Frac15_TMT132C	proteomic profiling by mass spectrometry	NT=Data-dependent acquisition;AC=PRIDE:0000627	NT=Q Exactive HF;AC=MS:1002523	TMT132C	NT=Lys-C;AC=MS:1001309	NT=Trypsin;AC=MS:1001251	NT=Carbamidomethyl;AC=UNIMOD:4;TA=C;MT=Fixed	15	1	Frac15.raw	v1.1.0	NT=ms-proteomics;VV=v1.1.0	NT=human;VV=v1.1.0	manual curation	MK886	TMTpro 16plex
GW6471_3	Homo sapiens	cell culture	hepatocyte spheroid	3	Frac15_TMT133N	proteomic profiling by mass spectrometry	NT=Data-dependent acquisition;AC=PRIDE:0000627	NT=Q Exactive HF;AC=MS:1002523	TMT133N	NT=Lys-C;AC=MS:1001309	NT=Trypsin;AC=MS:1001251	NT=Carbamidomethyl;AC=UNIMOD:4;TA=C;MT=Fixed	15	1	Frac15.raw	v1.1.0	NT=ms-proteomics;VV=v1.1.0	NT=human;VV=v1.1.0	manual curation	GW6471	TMTpro 16plex
MK886_4	Homo sapiens	cell culture	hepatocyte spheroid	4	Frac15_TMT133C	proteomic profiling by mass spectrometry	NT=Data-dependent acquisition;AC=PRIDE:0000627	NT=Q Exactive HF;AC=MS:1002523	TMT133C	NT=Lys-C;AC=MS:1001309	NT=Trypsin;AC=MS:1001251	NT=Carbamidomethyl;AC=UNIMOD:4;TA=C;MT=Fixed	15	1	Frac15.raw	v1.1.0	NT=ms-proteomics;VV=v1.1.0	NT=human;VV=v1.1.0	manual curation	MK886	TMTpro 16plex
GW6471_4	Homo sapiens	cell culture	hepatocyte spheroid	4	Frac15_TMT134N	proteomic profiling by mass spectrometry	NT=Data-dependent acquisition;AC=PRIDE:0000627	NT=Q Exactive HF;AC=MS:1002523	TMT134N	NT=Lys-C;AC=MS:1001309	NT=Trypsin;AC=MS:1001251	NT=Carbamidomethyl;AC=UNIMOD:4;TA=C;MT=Fixed	15	1	Frac15.raw	v1.1.0	NT=ms-proteomics;VV=v1.1.0	NT=human;VV=v1.1.0	manual curation	GW6471	TMTpro 16plex
NXT629_1	Homo sapiens	cell culture	hepatocyte spheroid	1	Frac19_TMT126	proteomic profiling by mass spectrometry	NT=Data-dependent acquisition;AC=PRIDE:0000627	NT=Q Exactive HF;AC=MS:1002523	TMT126	NT=Lys-C;AC=MS:1001309	NT=Trypsin;AC=MS:1001251	NT=Carbamidomethyl;AC=UNIMOD:4;TA=C;MT=Fixed	19	1	Frac19.raw	v1.1.0	NT=ms-proteomics;VV=v1.1.0	NT=human;VV=v1.1.0	manual curation	NXT629	TMTpro 16plex
MK886_1	Homo sapiens	cell culture	hepatocyte spheroid	1	Frac19_TMT127N	proteomic profiling by mass spectrometry	NT=Data-dependent acquisition;AC=PRIDE:0000627	NT=Q Exactive HF;AC=MS:1002523	TMT127N	NT=Lys-C;AC=MS:1001309	NT=Trypsin;AC=MS:1001251	NT=Carbamidomethyl;AC=UNIMOD:4;TA=C;MT=Fixed	19	1	Frac19.raw	v1.1.0	NT=ms-proteomics;VV=v1.1.0	NT=human;VV=v1.1.0	manual curation	MK886	TMTpro 16plex
NXT629_2	Homo sapiens	cell culture	hepatocyte spheroid	2	Frac19_TMT127C	proteomic profiling by mass spectrometry	NT=Data-dependent acquisition;AC=PRIDE:0000627	NT=Q Exactive HF;AC=MS:1002523	TMT127C	NT=Lys-C;AC=MS:1001309	NT=Trypsin;AC=MS:1001251	NT=Carbamidomethyl;AC=UNIMOD:4;TA=C;MT=Fixed	19	1	Frac19.raw	v1.1.0	NT=ms-proteomics;VV=v1.1.0	NT=human;VV=v1.1.0	manual curation	NXT629	TMTpro 16plex
MK886_2	Homo sapiens	cell culture	hepatocyte spheroid	2	Frac19_TMT128N	proteomic profiling by mass spectrometry	NT=Data-dependent acquisition;AC=PRIDE:0000627	NT=Q Exactive HF;AC=MS:1002523	TMT128N	NT=Lys-C;AC=MS:1001309	NT=Trypsin;AC=MS:1001251	NT=Carbamidomethyl;AC=UNIMOD:4;TA=C;MT=Fixed	19	1	Frac19.raw	v1.1.0	NT=ms-proteomics;VV=v1.1.0	NT=human;VV=v1.1.0	manual curation	MK886	TMTpro 16plex
DMSO_1	Homo sapiens	cell culture	hepatocyte spheroid	1	Frac19_TMT128C	proteomic profiling by mass spectrometry	NT=Data-dependent acquisition;AC=PRIDE:0000627	NT=Q Exactive HF;AC=MS:1002523	TMT128C	NT=Lys-C;AC=MS:1001309	NT=Trypsin;AC=MS:1001251	NT=Carbamidomethyl;AC=UNIMOD:4;TA=C;MT=Fixed	19	1	Frac19.raw	v1.1.0	NT=ms-proteomics;VV=v1.1.0	NT=human;VV=v1.1.0	manual curation	DMSO	TMTpro 16plex
GW6471_1	Homo sapiens	cell culture	hepatocyte spheroid	1	Frac19_TMT129N	proteomic profiling by mass spectrometry	NT=Data-dependent acquisition;AC=PRIDE:0000627	NT=Q Exactive HF;AC=MS:1002523	TMT129N	NT=Lys-C;AC=MS:1001309	NT=Trypsin;AC=MS:1001251	NT=Carbamidomethyl;AC=UNIMOD:4;TA=C;MT=Fixed	19	1	Frac19.raw	v1.1.0	NT=ms-proteomics;VV=v1.1.0	NT=human;VV=v1.1.0	manual curation	GW6471	TMTpro 16plex
DMSO_2	Homo sapiens	cell culture	hepatocyte spheroid	2	Frac19_TMT129C	proteomic profiling by mass spectrometry	NT=Data-dependent acquisition;AC=PRIDE:0000627	NT=Q Exactive HF;AC=MS:1002523	TMT129C	NT=Lys-C;AC=MS:1001309	NT=Trypsin;AC=MS:1001251	NT=Carbamidomethyl;AC=UNIMOD:4;TA=C;MT=Fixed	19	1	Frac19.raw	v1.1.0	NT=ms-proteomics;VV=v1.1.0	NT=human;VV=v1.1.0	manual curation	DMSO	TMTpro 16plex
GW6471_2	Homo sapiens	cell culture	hepatocyte spheroid	2	Frac19_TMT130N	proteomic profiling by mass spectrometry	NT=Data-dependent acquisition;AC=PRIDE:0000627	NT=Q Exactive HF;AC=MS:1002523	TMT130N	NT=Lys-C;AC=MS:1001309	NT=Trypsin;AC=MS:1001251	NT=Carbamidomethyl;AC=UNIMOD:4;TA=C;MT=Fixed	19	1	Frac19.raw	v1.1.0	NT=ms-proteomics;VV=v1.1.0	NT=human;VV=v1.1.0	manual curation	GW6471	TMTpro 16plex
NXT629_3	Homo sapiens	cell culture	hepatocyte spheroid	3	Frac19_TMT130C	proteomic profiling by mass spectrometry	NT=Data-dependent acquisition;AC=PRIDE:0000627	NT=Q Exactive HF;AC=MS:1002523	TMT130C	NT=Lys-C;AC=MS:1001309	NT=Trypsin;AC=MS:1001251	NT=Carbamidomethyl;AC=UNIMOD:4;TA=C;MT=Fixed	19	1	Frac19.raw	v1.1.0	NT=ms-proteomics;VV=v1.1.0	NT=human;VV=v1.1.0	manual curation	NXT629	TMTpro 16plex
DMSO_3	Homo sapiens	cell culture	hepatocyte spheroid	3	Frac19_TMT131N	proteomic profiling by mass spectrometry	NT=Data-dependent acquisition;AC=PRIDE:0000627	NT=Q Exactive HF;AC=MS:1002523	TMT131N	NT=Lys-C;AC=MS:1001309	NT=Trypsin;AC=MS:1001251	NT=Carbamidomethyl;AC=UNIMOD:4;TA=C;MT=Fixed	19	1	Frac19.raw	v1.1.0	NT=ms-proteomics;VV=v1.1.0	NT=human;VV=v1.1.0	manual curation	DMSO	TMTpro 16plex
NXT629_4	Homo sapiens	cell culture	hepatocyte spheroid	4	Frac19_TMT131C	proteomic profiling by mass spectrometry	NT=Data-dependent acquisition;AC=PRIDE:0000627	NT=Q Exactive HF;AC=MS:1002523	TMT131C	NT=Lys-C;AC=MS:1001309	NT=Trypsin;AC=MS:1001251	NT=Carbamidomethyl;AC=UNIMOD:4;TA=C;MT=Fixed	19	1	Frac19.raw	v1.1.0	NT=ms-proteomics;VV=v1.1.0	NT=human;VV=v1.1.0	manual curation	NXT629	TMTpro 16plex
DMSO_4	Homo sapiens	cell culture	hepatocyte spheroid	4	Frac19_TMT132N	proteomic profiling by mass spectrometry	NT=Data-dependent acquisition;AC=PRIDE:0000627	NT=Q Exactive HF;AC=MS:1002523	TMT132N	NT=Lys-C;AC=MS:1001309	NT=Trypsin;AC=MS:1001251	NT=Carbamidomethyl;AC=UNIMOD:4;TA=C;MT=Fixed	19	1	Frac19.raw	v1.1.0	NT=ms-proteomics;VV=v1.1.0	NT=human;VV=v1.1.0	manual curation	DMSO	TMTpro 16plex
MK886_3	Homo sapiens	cell culture	hepatocyte spheroid	3	Frac19_TMT132C	proteomic profiling by mass spectrometry	NT=Data-dependent acquisition;AC=PRIDE:0000627	NT=Q Exactive HF;AC=MS:1002523	TMT132C	NT=Lys-C;AC=MS:1001309	NT=Trypsin;AC=MS:1001251	NT=Carbamidomethyl;AC=UNIMOD:4;TA=C;MT=Fixed	19	1	Frac19.raw	v1.1.0	NT=ms-proteomics;VV=v1.1.0	NT=human;VV=v1.1.0	manual curation	MK886	TMTpro 16plex
GW6471_3	Homo sapiens	cell culture	hepatocyte spheroid	3	Frac19_TMT133N	proteomic profiling by mass spectrometry	NT=Data-dependent acquisition;AC=PRIDE:0000627	NT=Q Exactive HF;AC=MS:1002523	TMT133N	NT=Lys-C;AC=MS:1001309	NT=Trypsin;AC=MS:1001251	NT=Carbamidomethyl;AC=UNIMOD:4;TA=C;MT=Fixed	19	1	Frac19.raw	v1.1.0	NT=ms-proteomics;VV=v1.1.0	NT=human;VV=v1.1.0	manual curation	GW6471	TMTpro 16plex
MK886_4	Homo sapiens	cell culture	hepatocyte spheroid	4	Frac19_TMT133C	proteomic profiling by mass spectrometry	NT=Data-dependent acquisition;AC=PRIDE:0000627	NT=Q Exactive HF;AC=MS:1002523	TMT133C	NT=Lys-C;AC=MS:1001309	NT=Trypsin;AC=MS:1001251	NT=Carbamidomethyl;AC=UNIMOD:4;TA=C;MT=Fixed	19	1	Frac19.raw	v1.1.0	NT=ms-proteomics;VV=v1.1.0	NT=human;VV=v1.1.0	manual curation	MK886	TMTpro 16plex
GW6471_4	Homo sapiens	cell culture	hepatocyte spheroid	4	Frac19_TMT134N	proteomic profiling by mass spectrometry	NT=Data-dependent acquisition;AC=PRIDE:0000627	NT=Q Exactive HF;AC=MS:1002523	TMT134N	NT=Lys-C;AC=MS:1001309	NT=Trypsin;AC=MS:1001251	NT=Carbamidomethyl;AC=UNIMOD:4;TA=C;MT=Fixed	19	1	Frac19.raw	v1.1.0	NT=ms-proteomics;VV=v1.1.0	NT=human;VV=v1.1.0	manual curation	GW6471	TMTpro 16plex
DMSO_1	Homo sapiens	cell culture	hepatocyte spheroid	1	20210827_HF2_06_CP_1_TMT6_F6_TMT126	proteomic profiling by mass spectrometry	NT=Data-dependent acquisition;AC=PRIDE:0000627	NT=Q Exactive HF;AC=MS:1002523	TMT126	NT=Lys-C;AC=MS:1001309	NT=Trypsin;AC=MS:1001251	NT=Carbamidomethyl;AC=UNIMOD:4;TA=C;MT=Fixed	6	1	20210827_HF2_06_CP_1_TMT6_F6.raw	v1.1.0	NT=ms-proteomics;VV=v1.1.0	NT=human;VV=v1.1.0	manual curation	DMSO	TMT6plex
DMSO_2	Homo sapiens	cell culture	hepatocyte spheroid	2	20210827_HF2_06_CP_1_TMT6_F6_TMT127N	proteomic profiling by mass spectrometry	NT=Data-dependent acquisition;AC=PRIDE:0000627	NT=Q Exactive HF;AC=MS:1002523	TMT127N	NT=Lys-C;AC=MS:1001309	NT=Trypsin;AC=MS:1001251	NT=Carbamidomethyl;AC=UNIMOD:4;TA=C;MT=Fixed	6	1	20210827_HF2_06_CP_1_TMT6_F6.raw	v1.1.0	NT=ms-proteomics;VV=v1.1.0	NT=human;VV=v1.1.0	manual curation	DMSO	TMT6plex
DMSO_3	Homo sapiens	cell culture	hepatocyte spheroid	3	20210827_HF2_06_CP_1_TMT6_F6_TMT130N	proteomic profiling by mass spectrometry	NT=Data-dependent acquisition;AC=PRIDE:0000627	NT=Q Exactive HF;AC=MS:1002523	TMT130N	NT=Lys-C;AC=MS:1001309	NT=Trypsin;AC=MS:1001251	NT=Carbamidomethyl;AC=UNIMOD:4;TA=C;MT=Fixed	6	1	20210827_HF2_06_CP_1_TMT6_F6.raw	v1.1.0	NT=ms-proteomics;VV=v1.1.0	NT=human;VV=v1.1.0	manual curation	DMSO	TMT6plex
MK886_1	Homo sapiens	cell culture	hepatocyte spheroid	1	20210827_HF2_06_CP_1_TMT6_F6_TMT128N	proteomic profiling by mass spectrometry	NT=Data-dependent acquisition;AC=PRIDE:0000627	NT=Q Exactive HF;AC=MS:1002523	TMT128N	NT=Lys-C;AC=MS:1001309	NT=Trypsin;AC=MS:1001251	NT=Carbamidomethyl;AC=UNIMOD:4;TA=C;MT=Fixed	6	1	20210827_HF2_06_CP_1_TMT6_F6.raw	v1.1.0	NT=ms-proteomics;VV=v1.1.0	NT=human;VV=v1.1.0	manual curation	MK886	TMT6plex
MK886_2	Homo sapiens	cell culture	hepatocyte spheroid	2	20210827_HF2_06_CP_1_TMT6_F6_TMT129N	proteomic profiling by mass spectrometry	NT=Data-dependent acquisition;AC=PRIDE:0000627	NT=Q Exactive HF;AC=MS:1002523	TMT129N	NT=Lys-C;AC=MS:1001309	NT=Trypsin;AC=MS:1001251	NT=Carbamidomethyl;AC=UNIMOD:4;TA=C;MT=Fixed	6	1	20210827_HF2_06_CP_1_TMT6_F6.raw	v1.1.0	NT=ms-proteomics;VV=v1.1.0	NT=human;VV=v1.1.0	manual curation	MK886	TMT6plex
MK886_3	Homo sapiens	cell culture	hepatocyte spheroid	3	20210827_HF2_06_CP_1_TMT6_F6_TMT131N	proteomic profiling by mass spectrometry	NT=Data-dependent acquisition;AC=PRIDE:0000627	NT=Q Exactive HF;AC=MS:1002523	TMT131N	NT=Lys-C;AC=MS:1001309	NT=Trypsin;AC=MS:1001251	NT=Carbamidomethyl;AC=UNIMOD:4;TA=C;MT=Fixed	6	1	20210827_HF2_06_CP_1_TMT6_F6.raw	v1.1.0	NT=ms-proteomics;VV=v1.1.0	NT=human;VV=v1.1.0	manual curation	MK886	TMT6plex
DMSO_1	Homo sapiens	cell culture	hepatocyte spheroid	1	20210827_HF2_10_CP_1_TMT6_F10_TMT126	proteomic profiling by mass spectrometry	NT=Data-dependent acquisition;AC=PRIDE:0000627	NT=Q Exactive HF;AC=MS:1002523	TMT126	NT=Lys-C;AC=MS:1001309	NT=Trypsin;AC=MS:1001251	NT=Carbamidomethyl;AC=UNIMOD:4;TA=C;MT=Fixed	10	1	20210827_HF2_10_CP_1_TMT6_F10.raw	v1.1.0	NT=ms-proteomics;VV=v1.1.0	NT=human;VV=v1.1.0	manual curation	DMSO	TMT6plex
DMSO_2	Homo sapiens	cell culture	hepatocyte spheroid	2	20210827_HF2_10_CP_1_TMT6_F10_TMT127N	proteomic profiling by mass spectrometry	NT=Data-dependent acquisition;AC=PRIDE:0000627	NT=Q Exactive HF;AC=MS:1002523	TMT127N	NT=Lys-C;AC=MS:1001309	NT=Trypsin;AC=MS:1001251	NT=Carbamidomethyl;AC=UNIMOD:4;TA=C;MT=Fixed	10	1	20210827_HF2_10_CP_1_TMT6_F10.raw	v1.1.0	NT=ms-proteomics;VV=v1.1.0	NT=human;VV=v1.1.0	manual curation	DMSO	TMT6plex
DMSO_3	Homo sapiens	cell culture	hepatocyte spheroid	3	20210827_HF2_10_CP_1_TMT6_F10_TMT130N	proteomic profiling by mass spectrometry	NT=Data-dependent acquisition;AC=PRIDE:0000627	NT=Q Exactive HF;AC=MS:1002523	TMT130N	NT=Lys-C;AC=MS:1001309	NT=Trypsin;AC=MS:1001251	NT=Carbamidomethyl;AC=UNIMOD:4;TA=C;MT=Fixed	10	1	20210827_HF2_10_CP_1_TMT6_F10.raw	v1.1.0	NT=ms-proteomics;VV=v1.1.0	NT=human;VV=v1.1.0	manual curation	DMSO	TMT6plex
MK886_1	Homo sapiens	cell culture	hepatocyte spheroid	1	20210827_HF2_10_CP_1_TMT6_F10_TMT128N	proteomic profiling by mass spectrometry	NT=Data-dependent acquisition;AC=PRIDE:0000627	NT=Q Exactive HF;AC=MS:1002523	TMT128N	NT=Lys-C;AC=MS:1001309	NT=Trypsin;AC=MS:1001251	NT=Carbamidomethyl;AC=UNIMOD:4;TA=C;MT=Fixed	10	1	20210827_HF2_10_CP_1_TMT6_F10.raw	v1.1.0	NT=ms-proteomics;VV=v1.1.0	NT=human;VV=v1.1.0	manual curation	MK886	TMT6plex
MK886_2	Homo sapiens	cell culture	hepatocyte spheroid	2	20210827_HF2_10_CP_1_TMT6_F10_TMT129N	proteomic profiling by mass spectrometry	NT=Data-dependent acquisition;AC=PRIDE:0000627	NT=Q Exactive HF;AC=MS:1002523	TMT129N	NT=Lys-C;AC=MS:1001309	NT=Trypsin;AC=MS:1001251	NT=Carbamidomethyl;AC=UNIMOD:4;TA=C;MT=Fixed	10	1	20210827_HF2_10_CP_1_TMT6_F10.raw	v1.1.0	NT=ms-proteomics;VV=v1.1.0	NT=human;VV=v1.1.0	manual curation	MK886	TMT6plex
MK886_3	Homo sapiens	cell culture	hepatocyte spheroid	3	20210827_HF2_10_CP_1_TMT6_F10_TMT131N	proteomic profiling by mass spectrometry	NT=Data-dependent acquisition;AC=PRIDE:0000627	NT=Q Exactive HF;AC=MS:1002523	TMT131N	NT=Lys-C;AC=MS:1001309	NT=Trypsin;AC=MS:1001251	NT=Carbamidomethyl;AC=UNIMOD:4;TA=C;MT=Fixed	10	1	20210827_HF2_10_CP_1_TMT6_F10.raw	v1.1.0	NT=ms-proteomics;VV=v1.1.0	NT=human;VV=v1.1.0	manual curation	MK886	TMT6plex
DMSO_1	Homo sapiens	cell culture	hepatocyte spheroid	1	20210827_HF2_04_CP_1_TMT6_F4_TMT126	proteomic profiling by mass spectrometry	NT=Data-dependent acquisition;AC=PRIDE:0000627	NT=Q Exactive HF;AC=MS:1002523	TMT126	NT=Lys-C;AC=MS:1001309	NT=Trypsin;AC=MS:1001251	NT=Carbamidomethyl;AC=UNIMOD:4;TA=C;MT=Fixed	4	1	20210827_HF2_04_CP_1_TMT6_F4.raw	v1.1.0	NT=ms-proteomics;VV=v1.1.0	NT=human;VV=v1.1.0	manual curation	DMSO	TMT6plex
DMSO_2	Homo sapiens	cell culture	hepatocyte spheroid	2	20210827_HF2_04_CP_1_TMT6_F4_TMT127N	proteomic profiling by mass spectrometry	NT=Data-dependent acquisition;AC=PRIDE:0000627	NT=Q Exactive HF;AC=MS:1002523	TMT127N	NT=Lys-C;AC=MS:1001309	NT=Trypsin;AC=MS:1001251	NT=Carbamidomethyl;AC=UNIMOD:4;TA=C;MT=Fixed	4	1	20210827_HF2_04_CP_1_TMT6_F4.raw	v1.1.0	NT=ms-proteomics;VV=v1.1.0	NT=human;VV=v1.1.0	manual curation	DMSO	TMT6plex
DMSO_3	Homo sapiens	cell culture	hepatocyte spheroid	3	20210827_HF2_04_CP_1_TMT6_F4_TMT130N	proteomic profiling by mass spectrometry	NT=Data-dependent acquisition;AC=PRIDE:0000627	NT=Q Exactive HF;AC=MS:1002523	TMT130N	NT=Lys-C;AC=MS:1001309	NT=Trypsin;AC=MS:1001251	NT=Carbamidomethyl;AC=UNIMOD:4;TA=C;MT=Fixed	4	1	20210827_HF2_04_CP_1_TMT6_F4.raw	v1.1.0	NT=ms-proteomics;VV=v1.1.0	NT=human;VV=v1.1.0	manual curation	DMSO	TMT6plex
MK886_1	Homo sapiens	cell culture	hepatocyte spheroid	1	20210827_HF2_04_CP_1_TMT6_F4_TMT128N	proteomic profiling by mass spectrometry	NT=Data-dependent acquisition;AC=PRIDE:0000627	NT=Q Exactive HF;AC=MS:1002523	TMT128N	NT=Lys-C;AC=MS:1001309	NT=Trypsin;AC=MS:1001251	NT=Carbamidomethyl;AC=UNIMOD:4;TA=C;MT=Fixed	4	1	20210827_HF2_04_CP_1_TMT6_F4.raw	v1.1.0	NT=ms-proteomics;VV=v1.1.0	NT=human;VV=v1.1.0	manual curation	MK886	TMT6plex
MK886_2	Homo sapiens	cell culture	hepatocyte spheroid	2	20210827_HF2_04_CP_1_TMT6_F4_TMT129N	proteomic profiling by mass spectrometry	NT=Data-dependent acquisition;AC=PRIDE:0000627	NT=Q Exactive HF;AC=MS:1002523	TMT129N	NT=Lys-C;AC=MS:1001309	NT=Trypsin;AC=MS:1001251	NT=Carbamidomethyl;AC=UNIMOD:4;TA=C;MT=Fixed	4	1	20210827_HF2_04_CP_1_TMT6_F4.raw	v1.1.0	NT=ms-proteomics;VV=v1.1.0	NT=human;VV=v1.1.0	manual curation	MK886	TMT6plex
MK886_3	Homo sapiens	cell culture	hepatocyte spheroid	3	20210827_HF2_04_CP_1_TMT6_F4_TMT131N	proteomic profiling by mass spectrometry	NT=Data-dependent acquisition;AC=PRIDE:0000627	NT=Q Exactive HF;AC=MS:1002523	TMT131N	NT=Lys-C;AC=MS:1001309	NT=Trypsin;AC=MS:1001251	NT=Carbamidomethyl;AC=UNIMOD:4;TA=C;MT=Fixed	4	1	20210827_HF2_04_CP_1_TMT6_F4.raw	v1.1.0	NT=ms-proteomics;VV=v1.1.0	NT=human;VV=v1.1.0	manual curation	MK886	TMT6plex
DMSO_1	Homo sapiens	cell culture	hepatocyte spheroid	1	20210827_HF2_03_CP_1_TMT6_F3_TMT126	proteomic profiling by mass spectrometry	NT=Data-dependent acquisition;AC=PRIDE:0000627	NT=Q Exactive HF;AC=MS:1002523	TMT126	NT=Lys-C;AC=MS:1001309	NT=Trypsin;AC=MS:1001251	NT=Carbamidomethyl;AC=UNIMOD:4;TA=C;MT=Fixed	3	1	20210827_HF2_03_CP_1_TMT6_F3.raw	v1.1.0	NT=ms-proteomics;VV=v1.1.0	NT=human;VV=v1.1.0	manual curation	DMSO	TMT6plex
DMSO_2	Homo sapiens	cell culture	hepatocyte spheroid	2	20210827_HF2_03_CP_1_TMT6_F3_TMT127N	proteomic profiling by mass spectrometry	NT=Data-dependent acquisition;AC=PRIDE:0000627	NT=Q Exactive HF;AC=MS:1002523	TMT127N	NT=Lys-C;AC=MS:1001309	NT=Trypsin;AC=MS:1001251	NT=Carbamidomethyl;AC=UNIMOD:4;TA=C;MT=Fixed	3	1	20210827_HF2_03_CP_1_TMT6_F3.raw	v1.1.0	NT=ms-proteomics;VV=v1.1.0	NT=human;VV=v1.1.0	manual curation	DMSO	TMT6plex
DMSO_3	Homo sapiens	cell culture	hepatocyte spheroid	3	20210827_HF2_03_CP_1_TMT6_F3_TMT130N	proteomic profiling by mass spectrometry	NT=Data-dependent acquisition;AC=PRIDE:0000627	NT=Q Exactive HF;AC=MS:1002523	TMT130N	NT=Lys-C;AC=MS:1001309	NT=Trypsin;AC=MS:1001251	NT=Carbamidomethyl;AC=UNIMOD:4;TA=C;MT=Fixed	3	1	20210827_HF2_03_CP_1_TMT6_F3.raw	v1.1.0	NT=ms-proteomics;VV=v1.1.0	NT=human;VV=v1.1.0	manual curation	DMSO	TMT6plex
MK886_1	Homo sapiens	cell culture	hepatocyte spheroid	1	20210827_HF2_03_CP_1_TMT6_F3_TMT128N	proteomic profiling by mass spectrometry	NT=Data-dependent acquisition;AC=PRIDE:0000627	NT=Q Exactive HF;AC=MS:1002523	TMT128N	NT=Lys-C;AC=MS:1001309	NT=Trypsin;AC=MS:1001251	NT=Carbamidomethyl;AC=UNIMOD:4;TA=C;MT=Fixed	3	1	20210827_HF2_03_CP_1_TMT6_F3.raw	v1.1.0	NT=ms-proteomics;VV=v1.1.0	NT=human;VV=v1.1.0	manual curation	MK886	TMT6plex
MK886_2	Homo sapiens	cell culture	hepatocyte spheroid	2	20210827_HF2_03_CP_1_TMT6_F3_TMT129N	proteomic profiling by mass spectrometry	NT=Data-dependent acquisition;AC=PRIDE:0000627	NT=Q Exactive HF;AC=MS:1002523	TMT129N	NT=Lys-C;AC=MS:1001309	NT=Trypsin;AC=MS:1001251	NT=Carbamidomethyl;AC=UNIMOD:4;TA=C;MT=Fixed	3	1	20210827_HF2_03_CP_1_TMT6_F3.raw	v1.1.0	NT=ms-proteomics;VV=v1.1.0	NT=human;VV=v1.1.0	manual curation	MK886	TMT6plex
MK886_3	Homo sapiens	cell culture	hepatocyte spheroid	3	20210827_HF2_03_CP_1_TMT6_F3_TMT131N	proteomic profiling by mass spectrometry	NT=Data-dependent acquisition;AC=PRIDE:0000627	NT=Q Exactive HF;AC=MS:1002523	TMT131N	NT=Lys-C;AC=MS:1001309	NT=Trypsin;AC=MS:1001251	NT=Carbamidomethyl;AC=UNIMOD:4;TA=C;MT=Fixed	3	1	20210827_HF2_03_CP_1_TMT6_F3.raw	v1.1.0	NT=ms-proteomics;VV=v1.1.0	NT=human;VV=v1.1.0	manual curation	MK886	TMT6plex
DMSO_1	Homo sapiens	cell culture	hepatocyte spheroid	1	20210827_HF2_05_CP_1_TMT6_F5_TMT126	proteomic profiling by mass spectrometry	NT=Data-dependent acquisition;AC=PRIDE:0000627	NT=Q Exactive HF;AC=MS:1002523	TMT126	NT=Lys-C;AC=MS:1001309	NT=Trypsin;AC=MS:1001251	NT=Carbamidomethyl;AC=UNIMOD:4;TA=C;MT=Fixed	5	1	20210827_HF2_05_CP_1_TMT6_F5.raw	v1.1.0	NT=ms-proteomics;VV=v1.1.0	NT=human;VV=v1.1.0	manual curation	DMSO	TMT6plex
DMSO_2	Homo sapiens	cell culture	hepatocyte spheroid	2	20210827_HF2_05_CP_1_TMT6_F5_TMT127N	proteomic profiling by mass spectrometry	NT=Data-dependent acquisition;AC=PRIDE:0000627	NT=Q Exactive HF;AC=MS:1002523	TMT127N	NT=Lys-C;AC=MS:1001309	NT=Trypsin;AC=MS:1001251	NT=Carbamidomethyl;AC=UNIMOD:4;TA=C;MT=Fixed	5	1	20210827_HF2_05_CP_1_TMT6_F5.raw	v1.1.0	NT=ms-proteomics;VV=v1.1.0	NT=human;VV=v1.1.0	manual curation	DMSO	TMT6plex
DMSO_3	Homo sapiens	cell culture	hepatocyte spheroid	3	20210827_HF2_05_CP_1_TMT6_F5_TMT130N	proteomic profiling by mass spectrometry	NT=Data-dependent acquisition;AC=PRIDE:0000627	NT=Q Exactive HF;AC=MS:1002523	TMT130N	NT=Lys-C;AC=MS:1001309	NT=Trypsin;AC=MS:1001251	NT=Carbamidomethyl;AC=UNIMOD:4;TA=C;MT=Fixed	5	1	20210827_HF2_05_CP_1_TMT6_F5.raw	v1.1.0	NT=ms-proteomics;VV=v1.1.0	NT=human;VV=v1.1.0	manual curation	DMSO	TMT6plex
MK886_1	Homo sapiens	cell culture	hepatocyte spheroid	1	20210827_HF2_05_CP_1_TMT6_F5_TMT128N	proteomic profiling by mass spectrometry	NT=Data-dependent acquisition;AC=PRIDE:0000627	NT=Q Exactive HF;AC=MS:1002523	TMT128N	NT=Lys-C;AC=MS:1001309	NT=Trypsin;AC=MS:1001251	NT=Carbamidomethyl;AC=UNIMOD:4;TA=C;MT=Fixed	5	1	20210827_HF2_05_CP_1_TMT6_F5.raw	v1.1.0	NT=ms-proteomics;VV=v1.1.0	NT=human;VV=v1.1.0	manual curation	MK886	TMT6plex
MK886_2	Homo sapiens	cell culture	hepatocyte spheroid	2	20210827_HF2_05_CP_1_TMT6_F5_TMT129N	proteomic profiling by mass spectrometry	NT=Data-dependent acquisition;AC=PRIDE:0000627	NT=Q Exactive HF;AC=MS:1002523	TMT129N	NT=Lys-C;AC=MS:1001309	NT=Trypsin;AC=MS:1001251	NT=Carbamidomethyl;AC=UNIMOD:4;TA=C;MT=Fixed	5	1	20210827_HF2_05_CP_1_TMT6_F5.raw	v1.1.0	NT=ms-proteomics;VV=v1.1.0	NT=human;VV=v1.1.0	manual curation	MK886	TMT6plex
MK886_3	Homo sapiens	cell culture	hepatocyte spheroid	3	20210827_HF2_05_CP_1_TMT6_F5_TMT131N	proteomic profiling by mass spectrometry	NT=Data-dependent acquisition;AC=PRIDE:0000627	NT=Q Exactive HF;AC=MS:1002523	TMT131N	NT=Lys-C;AC=MS:1001309	NT=Trypsin;AC=MS:1001251	NT=Carbamidomethyl;AC=UNIMOD:4;TA=C;MT=Fixed	5	1	20210827_HF2_05_CP_1_TMT6_F5.raw	v1.1.0	NT=ms-proteomics;VV=v1.1.0	NT=human;VV=v1.1.0	manual curation	MK886	TMT6plex
DMSO_1	Homo sapiens	cell culture	hepatocyte spheroid	1	20210827_HF2_02_CP_1_TMT6_F2_TMT126	proteomic profiling by mass spectrometry	NT=Data-dependent acquisition;AC=PRIDE:0000627	NT=Q Exactive HF;AC=MS:1002523	TMT126	NT=Lys-C;AC=MS:1001309	NT=Trypsin;AC=MS:1001251	NT=Carbamidomethyl;AC=UNIMOD:4;TA=C;MT=Fixed	2	1	20210827_HF2_02_CP_1_TMT6_F2.raw	v1.1.0	NT=ms-proteomics;VV=v1.1.0	NT=human;VV=v1.1.0	manual curation	DMSO	TMT6plex
DMSO_2	Homo sapiens	cell culture	hepatocyte spheroid	2	20210827_HF2_02_CP_1_TMT6_F2_TMT127N	proteomic profiling by mass spectrometry	NT=Data-dependent acquisition;AC=PRIDE:0000627	NT=Q Exactive HF;AC=MS:1002523	TMT127N	NT=Lys-C;AC=MS:1001309	NT=Trypsin;AC=MS:1001251	NT=Carbamidomethyl;AC=UNIMOD:4;TA=C;MT=Fixed	2	1	20210827_HF2_02_CP_1_TMT6_F2.raw	v1.1.0	NT=ms-proteomics;VV=v1.1.0	NT=human;VV=v1.1.0	manual curation	DMSO	TMT6plex
DMSO_3	Homo sapiens	cell culture	hepatocyte spheroid	3	20210827_HF2_02_CP_1_TMT6_F2_TMT130N	proteomic profiling by mass spectrometry	NT=Data-dependent acquisition;AC=PRIDE:0000627	NT=Q Exactive HF;AC=MS:1002523	TMT130N	NT=Lys-C;AC=MS:1001309	NT=Trypsin;AC=MS:1001251	NT=Carbamidomethyl;AC=UNIMOD:4;TA=C;MT=Fixed	2	1	20210827_HF2_02_CP_1_TMT6_F2.raw	v1.1.0	NT=ms-proteomics;VV=v1.1.0	NT=human;VV=v1.1.0	manual curation	DMSO	TMT6plex
MK886_1	Homo sapiens	cell culture	hepatocyte spheroid	1	20210827_HF2_02_CP_1_TMT6_F2_TMT128N	proteomic profiling by mass spectrometry	NT=Data-dependent acquisition;AC=PRIDE:0000627	NT=Q Exactive HF;AC=MS:1002523	TMT128N	NT=Lys-C;AC=MS:1001309	NT=Trypsin;AC=MS:1001251	NT=Carbamidomethyl;AC=UNIMOD:4;TA=C;MT=Fixed	2	1	20210827_HF2_02_CP_1_TMT6_F2.raw	v1.1.0	NT=ms-proteomics;VV=v1.1.0	NT=human;VV=v1.1.0	manual curation	MK886	TMT6plex
MK886_2	Homo sapiens	cell culture	hepatocyte spheroid	2	20210827_HF2_02_CP_1_TMT6_F2_TMT129N	proteomic profiling by mass spectrometry	NT=Data-dependent acquisition;AC=PRIDE:0000627	NT=Q Exactive HF;AC=MS:1002523	TMT129N	NT=Lys-C;AC=MS:1001309	NT=Trypsin;AC=MS:1001251	NT=Carbamidomethyl;AC=UNIMOD:4;TA=C;MT=Fixed	2	1	20210827_HF2_02_CP_1_TMT6_F2.raw	v1.1.0	NT=ms-proteomics;VV=v1.1.0	NT=human;VV=v1.1.0	manual curation	MK886	TMT6plex
MK886_3	Homo sapiens	cell culture	hepatocyte spheroid	3	20210827_HF2_02_CP_1_TMT6_F2_TMT131N	proteomic profiling by mass spectrometry	NT=Data-dependent acquisition;AC=PRIDE:0000627	NT=Q Exactive HF;AC=MS:1002523	TMT131N	NT=Lys-C;AC=MS:1001309	NT=Trypsin;AC=MS:1001251	NT=Carbamidomethyl;AC=UNIMOD:4;TA=C;MT=Fixed	2	1	20210827_HF2_02_CP_1_TMT6_F2.raw	v1.1.0	NT=ms-proteomics;VV=v1.1.0	NT=human;VV=v1.1.0	manual curation	MK886	TMT6plex
DMSO_1	Homo sapiens	cell culture	hepatocyte spheroid	1	20210827_HF2_11_CP_1_TMT6_F11_TMT126	proteomic profiling by mass spectrometry	NT=Data-dependent acquisition;AC=PRIDE:0000627	NT=Q Exactive HF;AC=MS:1002523	TMT126	NT=Lys-C;AC=MS:1001309	NT=Trypsin;AC=MS:1001251	NT=Carbamidomethyl;AC=UNIMOD:4;TA=C;MT=Fixed	11	1	20210827_HF2_11_CP_1_TMT6_F11.raw	v1.1.0	NT=ms-proteomics;VV=v1.1.0	NT=human;VV=v1.1.0	manual curation	DMSO	TMT6plex
DMSO_2	Homo sapiens	cell culture	hepatocyte spheroid	2	20210827_HF2_11_CP_1_TMT6_F11_TMT127N	proteomic profiling by mass spectrometry	NT=Data-dependent acquisition;AC=PRIDE:0000627	NT=Q Exactive HF;AC=MS:1002523	TMT127N	NT=Lys-C;AC=MS:1001309	NT=Trypsin;AC=MS:1001251	NT=Carbamidomethyl;AC=UNIMOD:4;TA=C;MT=Fixed	11	1	20210827_HF2_11_CP_1_TMT6_F11.raw	v1.1.0	NT=ms-proteomics;VV=v1.1.0	NT=human;VV=v1.1.0	manual curation	DMSO	TMT6plex
DMSO_3	Homo sapiens	cell culture	hepatocyte spheroid	3	20210827_HF2_11_CP_1_TMT6_F11_TMT130N	proteomic profiling by mass spectrometry	NT=Data-dependent acquisition;AC=PRIDE:0000627	NT=Q Exactive HF;AC=MS:1002523	TMT130N	NT=Lys-C;AC=MS:1001309	NT=Trypsin;AC=MS:1001251	NT=Carbamidomethyl;AC=UNIMOD:4;TA=C;MT=Fixed	11	1	20210827_HF2_11_CP_1_TMT6_F11.raw	v1.1.0	NT=ms-proteomics;VV=v1.1.0	NT=human;VV=v1.1.0	manual curation	DMSO	TMT6plex
MK886_1	Homo sapiens	cell culture	hepatocyte spheroid	1	20210827_HF2_11_CP_1_TMT6_F11_TMT128N	proteomic profiling by mass spectrometry	NT=Data-dependent acquisition;AC=PRIDE:0000627	NT=Q Exactive HF;AC=MS:1002523	TMT128N	NT=Lys-C;AC=MS:1001309	NT=Trypsin;AC=MS:1001251	NT=Carbamidomethyl;AC=UNIMOD:4;TA=C;MT=Fixed	11	1	20210827_HF2_11_CP_1_TMT6_F11.raw	v1.1.0	NT=ms-proteomics;VV=v1.1.0	NT=human;VV=v1.1.0	manual curation	MK886	TMT6plex
MK886_2	Homo sapiens	cell culture	hepatocyte spheroid	2	20210827_HF2_11_CP_1_TMT6_F11_TMT129N	proteomic profiling by mass spectrometry	NT=Data-dependent acquisition;AC=PRIDE:0000627	NT=Q Exactive HF;AC=MS:1002523	TMT129N	NT=Lys-C;AC=MS:1001309	NT=Trypsin;AC=MS:1001251	NT=Carbamidomethyl;AC=UNIMOD:4;TA=C;MT=Fixed	11	1	20210827_HF2_11_CP_1_TMT6_F11.raw	v1.1.0	NT=ms-proteomics;VV=v1.1.0	NT=human;VV=v1.1.0	manual curation	MK886	TMT6plex
MK886_3	Homo sapiens	cell culture	hepatocyte spheroid	3	20210827_HF2_11_CP_1_TMT6_F11_TMT131N	proteomic profiling by mass spectrometry	NT=Data-dependent acquisition;AC=PRIDE:0000627	NT=Q Exactive HF;AC=MS:1002523	TMT131N	NT=Lys-C;AC=MS:1001309	NT=Trypsin;AC=MS:1001251	NT=Carbamidomethyl;AC=UNIMOD:4;TA=C;MT=Fixed	11	1	20210827_HF2_11_CP_1_TMT6_F11.raw	v1.1.0	NT=ms-proteomics;VV=v1.1.0	NT=human;VV=v1.1.0	manual curation	MK886	TMT6plex
DMSO_1	Homo sapiens	cell culture	hepatocyte spheroid	1	20210827_HF2_09_CP_1_TMT6_F9_TMT126	proteomic profiling by mass spectrometry	NT=Data-dependent acquisition;AC=PRIDE:0000627	NT=Q Exactive HF;AC=MS:1002523	TMT126	NT=Lys-C;AC=MS:1001309	NT=Trypsin;AC=MS:1001251	NT=Carbamidomethyl;AC=UNIMOD:4;TA=C;MT=Fixed	9	1	20210827_HF2_09_CP_1_TMT6_F9.raw	v1.1.0	NT=ms-proteomics;VV=v1.1.0	NT=human;VV=v1.1.0	manual curation	DMSO	TMT6plex
DMSO_2	Homo sapiens	cell culture	hepatocyte spheroid	2	20210827_HF2_09_CP_1_TMT6_F9_TMT127N	proteomic profiling by mass spectrometry	NT=Data-dependent acquisition;AC=PRIDE:0000627	NT=Q Exactive HF;AC=MS:1002523	TMT127N	NT=Lys-C;AC=MS:1001309	NT=Trypsin;AC=MS:1001251	NT=Carbamidomethyl;AC=UNIMOD:4;TA=C;MT=Fixed	9	1	20210827_HF2_09_CP_1_TMT6_F9.raw	v1.1.0	NT=ms-proteomics;VV=v1.1.0	NT=human;VV=v1.1.0	manual curation	DMSO	TMT6plex
DMSO_3	Homo sapiens	cell culture	hepatocyte spheroid	3	20210827_HF2_09_CP_1_TMT6_F9_TMT130N	proteomic profiling by mass spectrometry	NT=Data-dependent acquisition;AC=PRIDE:0000627	NT=Q Exactive HF;AC=MS:1002523	TMT130N	NT=Lys-C;AC=MS:1001309	NT=Trypsin;AC=MS:1001251	NT=Carbamidomethyl;AC=UNIMOD:4;TA=C;MT=Fixed	9	1	20210827_HF2_09_CP_1_TMT6_F9.raw	v1.1.0	NT=ms-proteomics;VV=v1.1.0	NT=human;VV=v1.1.0	manual curation	DMSO	TMT6plex
MK886_1	Homo sapiens	cell culture	hepatocyte spheroid	1	20210827_HF2_09_CP_1_TMT6_F9_TMT128N	proteomic profiling by mass spectrometry	NT=Data-dependent acquisition;AC=PRIDE:0000627	NT=Q Exactive HF;AC=MS:1002523	TMT128N	NT=Lys-C;AC=MS:1001309	NT=Trypsin;AC=MS:1001251	NT=Carbamidomethyl;AC=UNIMOD:4;TA=C;MT=Fixed	9	1	20210827_HF2_09_CP_1_TMT6_F9.raw	v1.1.0	NT=ms-proteomics;VV=v1.1.0	NT=human;VV=v1.1.0	manual curation	MK886	TMT6plex
MK886_2	Homo sapiens	cell culture	hepatocyte spheroid	2	20210827_HF2_09_CP_1_TMT6_F9_TMT129N	proteomic profiling by mass spectrometry	NT=Data-dependent acquisition;AC=PRIDE:0000627	NT=Q Exactive HF;AC=MS:1002523	TMT129N	NT=Lys-C;AC=MS:1001309	NT=Trypsin;AC=MS:1001251	NT=Carbamidomethyl;AC=UNIMOD:4;TA=C;MT=Fixed	9	1	20210827_HF2_09_CP_1_TMT6_F9.raw	v1.1.0	NT=ms-proteomics;VV=v1.1.0	NT=human;VV=v1.1.0	manual curation	MK886	TMT6plex
MK886_3	Homo sapiens	cell culture	hepatocyte spheroid	3	20210827_HF2_09_CP_1_TMT6_F9_TMT131N	proteomic profiling by mass spectrometry	NT=Data-dependent acquisition;AC=PRIDE:0000627	NT=Q Exactive HF;AC=MS:1002523	TMT131N	NT=Lys-C;AC=MS:1001309	NT=Trypsin;AC=MS:1001251	NT=Carbamidomethyl;AC=UNIMOD:4;TA=C;MT=Fixed	9	1	20210827_HF2_09_CP_1_TMT6_F9.raw	v1.1.0	NT=ms-proteomics;VV=v1.1.0	NT=human;VV=v1.1.0	manual curation	MK886	TMT6plex
DMSO_1	Homo sapiens	cell culture	hepatocyte spheroid	1	20210827_HF2_01_CP_1_TMT6_F1_TMT126	proteomic profiling by mass spectrometry	NT=Data-dependent acquisition;AC=PRIDE:0000627	NT=Q Exactive HF;AC=MS:1002523	TMT126	NT=Lys-C;AC=MS:1001309	NT=Trypsin;AC=MS:1001251	NT=Carbamidomethyl;AC=UNIMOD:4;TA=C;MT=Fixed	1	1	20210827_HF2_01_CP_1_TMT6_F1.raw	v1.1.0	NT=ms-proteomics;VV=v1.1.0	NT=human;VV=v1.1.0	manual curation	DMSO	TMT6plex
DMSO_2	Homo sapiens	cell culture	hepatocyte spheroid	2	20210827_HF2_01_CP_1_TMT6_F1_TMT127N	proteomic profiling by mass spectrometry	NT=Data-dependent acquisition;AC=PRIDE:0000627	NT=Q Exactive HF;AC=MS:1002523	TMT127N	NT=Lys-C;AC=MS:1001309	NT=Trypsin;AC=MS:1001251	NT=Carbamidomethyl;AC=UNIMOD:4;TA=C;MT=Fixed	1	1	20210827_HF2_01_CP_1_TMT6_F1.raw	v1.1.0	NT=ms-proteomics;VV=v1.1.0	NT=human;VV=v1.1.0	manual curation	DMSO	TMT6plex
DMSO_3	Homo sapiens	cell culture	hepatocyte spheroid	3	20210827_HF2_01_CP_1_TMT6_F1_TMT130N	proteomic profiling by mass spectrometry	NT=Data-dependent acquisition;AC=PRIDE:0000627	NT=Q Exactive HF;AC=MS:1002523	TMT130N	NT=Lys-C;AC=MS:1001309	NT=Trypsin;AC=MS:1001251	NT=Carbamidomethyl;AC=UNIMOD:4;TA=C;MT=Fixed	1	1	20210827_HF2_01_CP_1_TMT6_F1.raw	v1.1.0	NT=ms-proteomics;VV=v1.1.0	NT=human;VV=v1.1.0	manual curation	DMSO	TMT6plex
MK886_1	Homo sapiens	cell culture	hepatocyte spheroid	1	20210827_HF2_01_CP_1_TMT6_F1_TMT128N	proteomic profiling by mass spectrometry	NT=Data-dependent acquisition;AC=PRIDE:0000627	NT=Q Exactive HF;AC=MS:1002523	TMT128N	NT=Lys-C;AC=MS:1001309	NT=Trypsin;AC=MS:1001251	NT=Carbamidomethyl;AC=UNIMOD:4;TA=C;MT=Fixed	1	1	20210827_HF2_01_CP_1_TMT6_F1.raw	v1.1.0	NT=ms-proteomics;VV=v1.1.0	NT=human;VV=v1.1.0	manual curation	MK886	TMT6plex
MK886_2	Homo sapiens	cell culture	hepatocyte spheroid	2	20210827_HF2_01_CP_1_TMT6_F1_TMT129N	proteomic profiling by mass spectrometry	NT=Data-dependent acquisition;AC=PRIDE:0000627	NT=Q Exactive HF;AC=MS:1002523	TMT129N	NT=Lys-C;AC=MS:1001309	NT=Trypsin;AC=MS:1001251	NT=Carbamidomethyl;AC=UNIMOD:4;TA=C;MT=Fixed	1	1	20210827_HF2_01_CP_1_TMT6_F1.raw	v1.1.0	NT=ms-proteomics;VV=v1.1.0	NT=human;VV=v1.1.0	manual curation	MK886	TMT6plex
MK886_3	Homo sapiens	cell culture	hepatocyte spheroid	3	20210827_HF2_01_CP_1_TMT6_F1_TMT131N	proteomic profiling by mass spectrometry	NT=Data-dependent acquisition;AC=PRIDE:0000627	NT=Q Exactive HF;AC=MS:1002523	TMT131N	NT=Lys-C;AC=MS:1001309	NT=Trypsin;AC=MS:1001251	NT=Carbamidomethyl;AC=UNIMOD:4;TA=C;MT=Fixed	1	1	20210827_HF2_01_CP_1_TMT6_F1.raw	v1.1.0	NT=ms-proteomics;VV=v1.1.0	NT=human;VV=v1.1.0	manual curation	MK886	TMT6plex
DMSO_1	Homo sapiens	cell culture	hepatocyte spheroid	1	20210827_HF2_08_CP_1_TMT6_F8_TMT126	proteomic profiling by mass spectrometry	NT=Data-dependent acquisition;AC=PRIDE:0000627	NT=Q Exactive HF;AC=MS:1002523	TMT126	NT=Lys-C;AC=MS:1001309	NT=Trypsin;AC=MS:1001251	NT=Carbamidomethyl;AC=UNIMOD:4;TA=C;MT=Fixed	8	1	20210827_HF2_08_CP_1_TMT6_F8.raw	v1.1.0	NT=ms-proteomics;VV=v1.1.0	NT=human;VV=v1.1.0	manual curation	DMSO	TMT6plex
DMSO_2	Homo sapiens	cell culture	hepatocyte spheroid	2	20210827_HF2_08_CP_1_TMT6_F8_TMT127N	proteomic profiling by mass spectrometry	NT=Data-dependent acquisition;AC=PRIDE:0000627	NT=Q Exactive HF;AC=MS:1002523	TMT127N	NT=Lys-C;AC=MS:1001309	NT=Trypsin;AC=MS:1001251	NT=Carbamidomethyl;AC=UNIMOD:4;TA=C;MT=Fixed	8	1	20210827_HF2_08_CP_1_TMT6_F8.raw	v1.1.0	NT=ms-proteomics;VV=v1.1.0	NT=human;VV=v1.1.0	manual curation	DMSO	TMT6plex
DMSO_3	Homo sapiens	cell culture	hepatocyte spheroid	3	20210827_HF2_08_CP_1_TMT6_F8_TMT130N	proteomic profiling by mass spectrometry	NT=Data-dependent acquisition;AC=PRIDE:0000627	NT=Q Exactive HF;AC=MS:1002523	TMT130N	NT=Lys-C;AC=MS:1001309	NT=Trypsin;AC=MS:1001251	NT=Carbamidomethyl;AC=UNIMOD:4;TA=C;MT=Fixed	8	1	20210827_HF2_08_CP_1_TMT6_F8.raw	v1.1.0	NT=ms-proteomics;VV=v1.1.0	NT=human;VV=v1.1.0	manual curation	DMSO	TMT6plex
MK886_1	Homo sapiens	cell culture	hepatocyte spheroid	1	20210827_HF2_08_CP_1_TMT6_F8_TMT128N	proteomic profiling by mass spectrometry	NT=Data-dependent acquisition;AC=PRIDE:0000627	NT=Q Exactive HF;AC=MS:1002523	TMT128N	NT=Lys-C;AC=MS:1001309	NT=Trypsin;AC=MS:1001251	NT=Carbamidomethyl;AC=UNIMOD:4;TA=C;MT=Fixed	8	1	20210827_HF2_08_CP_1_TMT6_F8.raw	v1.1.0	NT=ms-proteomics;VV=v1.1.0	NT=human;VV=v1.1.0	manual curation	MK886	TMT6plex
MK886_2	Homo sapiens	cell culture	hepatocyte spheroid	2	20210827_HF2_08_CP_1_TMT6_F8_TMT129N	proteomic profiling by mass spectrometry	NT=Data-dependent acquisition;AC=PRIDE:0000627	NT=Q Exactive HF;AC=MS:1002523	TMT129N	NT=Lys-C;AC=MS:1001309	NT=Trypsin;AC=MS:1001251	NT=Carbamidomethyl;AC=UNIMOD:4;TA=C;MT=Fixed	8	1	20210827_HF2_08_CP_1_TMT6_F8.raw	v1.1.0	NT=ms-proteomics;VV=v1.1.0	NT=human;VV=v1.1.0	manual curation	MK886	TMT6plex
MK886_3	Homo sapiens	cell culture	hepatocyte spheroid	3	20210827_HF2_08_CP_1_TMT6_F8_TMT131N	proteomic profiling by mass spectrometry	NT=Data-dependent acquisition;AC=PRIDE:0000627	NT=Q Exactive HF;AC=MS:1002523	TMT131N	NT=Lys-C;AC=MS:1001309	NT=Trypsin;AC=MS:1001251	NT=Carbamidomethyl;AC=UNIMOD:4;TA=C;MT=Fixed	8	1	20210827_HF2_08_CP_1_TMT6_F8.raw	v1.1.0	NT=ms-proteomics;VV=v1.1.0	NT=human;VV=v1.1.0	manual curation	MK886	TMT6plex
DMSO_1	Homo sapiens	cell culture	hepatocyte spheroid	1	20210827_HF2_12_CP_1_TMT6_F12_TMT126	proteomic profiling by mass spectrometry	NT=Data-dependent acquisition;AC=PRIDE:0000627	NT=Q Exactive HF;AC=MS:1002523	TMT126	NT=Lys-C;AC=MS:1001309	NT=Trypsin;AC=MS:1001251	NT=Carbamidomethyl;AC=UNIMOD:4;TA=C;MT=Fixed	12	1	20210827_HF2_12_CP_1_TMT6_F12.raw	v1.1.0	NT=ms-proteomics;VV=v1.1.0	NT=human;VV=v1.1.0	manual curation	DMSO	TMT6plex
DMSO_2	Homo sapiens	cell culture	hepatocyte spheroid	2	20210827_HF2_12_CP_1_TMT6_F12_TMT127N	proteomic profiling by mass spectrometry	NT=Data-dependent acquisition;AC=PRIDE:0000627	NT=Q Exactive HF;AC=MS:1002523	TMT127N	NT=Lys-C;AC=MS:1001309	NT=Trypsin;AC=MS:1001251	NT=Carbamidomethyl;AC=UNIMOD:4;TA=C;MT=Fixed	12	1	20210827_HF2_12_CP_1_TMT6_F12.raw	v1.1.0	NT=ms-proteomics;VV=v1.1.0	NT=human;VV=v1.1.0	manual curation	DMSO	TMT6plex
DMSO_3	Homo sapiens	cell culture	hepatocyte spheroid	3	20210827_HF2_12_CP_1_TMT6_F12_TMT130N	proteomic profiling by mass spectrometry	NT=Data-dependent acquisition;AC=PRIDE:0000627	NT=Q Exactive HF;AC=MS:1002523	TMT130N	NT=Lys-C;AC=MS:1001309	NT=Trypsin;AC=MS:1001251	NT=Carbamidomethyl;AC=UNIMOD:4;TA=C;MT=Fixed	12	1	20210827_HF2_12_CP_1_TMT6_F12.raw	v1.1.0	NT=ms-proteomics;VV=v1.1.0	NT=human;VV=v1.1.0	manual curation	DMSO	TMT6plex
MK886_1	Homo sapiens	cell culture	hepatocyte spheroid	1	20210827_HF2_12_CP_1_TMT6_F12_TMT128N	proteomic profiling by mass spectrometry	NT=Data-dependent acquisition;AC=PRIDE:0000627	NT=Q Exactive HF;AC=MS:1002523	TMT128N	NT=Lys-C;AC=MS:1001309	NT=Trypsin;AC=MS:1001251	NT=Carbamidomethyl;AC=UNIMOD:4;TA=C;MT=Fixed	12	1	20210827_HF2_12_CP_1_TMT6_F12.raw	v1.1.0	NT=ms-proteomics;VV=v1.1.0	NT=human;VV=v1.1.0	manual curation	MK886	TMT6plex
MK886_2	Homo sapiens	cell culture	hepatocyte spheroid	2	20210827_HF2_12_CP_1_TMT6_F12_TMT129N	proteomic profiling by mass spectrometry	NT=Data-dependent acquisition;AC=PRIDE:0000627	NT=Q Exactive HF;AC=MS:1002523	TMT129N	NT=Lys-C;AC=MS:1001309	NT=Trypsin;AC=MS:1001251	NT=Carbamidomethyl;AC=UNIMOD:4;TA=C;MT=Fixed	12	1	20210827_HF2_12_CP_1_TMT6_F12.raw	v1.1.0	NT=ms-proteomics;VV=v1.1.0	NT=human;VV=v1.1.0	manual curation	MK886	TMT6plex
MK886_3	Homo sapiens	cell culture	hepatocyte spheroid	3	20210827_HF2_12_CP_1_TMT6_F12_TMT131N	proteomic profiling by mass spectrometry	NT=Data-dependent acquisition;AC=PRIDE:0000627	NT=Q Exactive HF;AC=MS:1002523	TMT131N	NT=Lys-C;AC=MS:1001309	NT=Trypsin;AC=MS:1001251	NT=Carbamidomethyl;AC=UNIMOD:4;TA=C;MT=Fixed	12	1	20210827_HF2_12_CP_1_TMT6_F12.raw	v1.1.0	NT=ms-proteomics;VV=v1.1.0	NT=human;VV=v1.1.0	manual curation	MK886	TMT6plex
DMSO_1	Homo sapiens	cell culture	hepatocyte spheroid	1	20210827_HF2_07_CP_1_TMT6_F7_TMT126	proteomic profiling by mass spectrometry	NT=Data-dependent acquisition;AC=PRIDE:0000627	NT=Q Exactive HF;AC=MS:1002523	TMT126	NT=Lys-C;AC=MS:1001309	NT=Trypsin;AC=MS:1001251	NT=Carbamidomethyl;AC=UNIMOD:4;TA=C;MT=Fixed	7	1	20210827_HF2_07_CP_1_TMT6_F7.raw	v1.1.0	NT=ms-proteomics;VV=v1.1.0	NT=human;VV=v1.1.0	manual curation	DMSO	TMT6plex
DMSO_2	Homo sapiens	cell culture	hepatocyte spheroid	2	20210827_HF2_07_CP_1_TMT6_F7_TMT127N	proteomic profiling by mass spectrometry	NT=Data-dependent acquisition;AC=PRIDE:0000627	NT=Q Exactive HF;AC=MS:1002523	TMT127N	NT=Lys-C;AC=MS:1001309	NT=Trypsin;AC=MS:1001251	NT=Carbamidomethyl;AC=UNIMOD:4;TA=C;MT=Fixed	7	1	20210827_HF2_07_CP_1_TMT6_F7.raw	v1.1.0	NT=ms-proteomics;VV=v1.1.0	NT=human;VV=v1.1.0	manual curation	DMSO	TMT6plex
DMSO_3	Homo sapiens	cell culture	hepatocyte spheroid	3	20210827_HF2_07_CP_1_TMT6_F7_TMT130N	proteomic profiling by mass spectrometry	NT=Data-dependent acquisition;AC=PRIDE:0000627	NT=Q Exactive HF;AC=MS:1002523	TMT130N	NT=Lys-C;AC=MS:1001309	NT=Trypsin;AC=MS:1001251	NT=Carbamidomethyl;AC=UNIMOD:4;TA=C;MT=Fixed	7	1	20210827_HF2_07_CP_1_TMT6_F7.raw	v1.1.0	NT=ms-proteomics;VV=v1.1.0	NT=human;VV=v1.1.0	manual curation	DMSO	TMT6plex
MK886_1	Homo sapiens	cell culture	hepatocyte spheroid	1	20210827_HF2_07_CP_1_TMT6_F7_TMT128N	proteomic profiling by mass spectrometry	NT=Data-dependent acquisition;AC=PRIDE:0000627	NT=Q Exactive HF;AC=MS:1002523	TMT128N	NT=Lys-C;AC=MS:1001309	NT=Trypsin;AC=MS:1001251	NT=Carbamidomethyl;AC=UNIMOD:4;TA=C;MT=Fixed	7	1	20210827_HF2_07_CP_1_TMT6_F7.raw	v1.1.0	NT=ms-proteomics;VV=v1.1.0	NT=human;VV=v1.1.0	manual curation	MK886	TMT6plex
MK886_2	Homo sapiens	cell culture	hepatocyte spheroid	2	20210827_HF2_07_CP_1_TMT6_F7_TMT129N	proteomic profiling by mass spectrometry	NT=Data-dependent acquisition;AC=PRIDE:0000627	NT=Q Exactive HF;AC=MS:1002523	TMT129N	NT=Lys-C;AC=MS:1001309	NT=Trypsin;AC=MS:1001251	NT=Carbamidomethyl;AC=UNIMOD:4;TA=C;MT=Fixed	7	1	20210827_HF2_07_CP_1_TMT6_F7.raw	v1.1.0	NT=ms-proteomics;VV=v1.1.0	NT=human;VV=v1.1.0	manual curation	MK886	TMT6plex
MK886_3	Homo sapiens	cell culture	hepatocyte spheroid	3	20210827_HF2_07_CP_1_TMT6_F7_TMT131N	proteomic profiling by mass spectrometry	NT=Data-dependent acquisition;AC=PRIDE:0000627	NT=Q Exactive HF;AC=MS:1002523	TMT131N	NT=Lys-C;AC=MS:1001309	NT=Trypsin;AC=MS:1001251	NT=Carbamidomethyl;AC=UNIMOD:4;TA=C;MT=Fixed	7	1	20210827_HF2_07_CP_1_TMT6_F7.raw	v1.1.0	NT=ms-proteomics;VV=v1.1.0	NT=human;VV=v1.1.0	manual curation	MK886	TMT6plex
GW6471	Homo sapiens	cell culture	hepatocyte spheroid	1	2020701_HF2_02_Chris_Spheroids_200622_GW6451	proteomic profiling by mass spectrometry	NT=Data-dependent acquisition;AC=PRIDE:0000627	NT=Q Exactive HF;AC=MS:1002523	NT=label free sample;AC=MS:1002038	NT=Trypsin;AC=MS:1001251	not applicable	NT=Carbamidomethyl;AC=UNIMOD:4;TA=C;MT=Fixed	1	1	2020701_HF2_02_Chris_Spheroids_200622_GW6451.raw	v1.1.0	NT=ms-proteomics;VV=v1.1.0	NT=human;VV=v1.1.0	manual curation	GW6471	label free
vehicle	Homo sapiens	cell culture	hepatocyte spheroid	1	2020701_HF2_01_Chris_Spheroids_200622_Vehicle	proteomic profiling by mass spectrometry	NT=Data-dependent acquisition;AC=PRIDE:0000627	NT=Q Exactive HF;AC=MS:1002523	NT=label free sample;AC=MS:1002038	NT=Trypsin;AC=MS:1001251	not applicable	NT=Carbamidomethyl;AC=UNIMOD:4;TA=C;MT=Fixed	1	1	2020701_HF2_01_Chris_Spheroids_200622_Vehicle.raw	v1.1.0	NT=ms-proteomics;VV=v1.1.0	NT=human;VV=v1.1.0	manual curation	vehicle	label free
