source name	characteristics[organism]	characteristics[organism part]	characteristics[cell line]	characteristics[disease]	characteristics[biological replicate]	assay name	technology type	comment[proteomics data acquisition method]	comment[instrument]	comment[label]	comment[cleavage agent details]	comment[modification parameters]	comment[modification parameters]	comment[fraction identifier]	comment[technical replicate]	comment[data file]	comment[sdrf version]	comment[sdrf template]	factor value[microRNA treatment]	factor value[HiRIEF pH range]
U1810 siCtrl replicate 1	Homo sapiens	lung	U1810	non-small cell lung carcinoma	1	Yan_miR_FASP_20140828_TMT10_200ugIPG3-10_7of15ul_fr17_126	proteomic profiling by mass spectrometry	NT=Data-dependent acquisition;AC=PRIDE:0000627	NT=Q Exactive;AC=MS:1001911	NT=TMT 10-plex;AC=MS:1002010;CN=126	NT=Trypsin;AC=MS:1001251	NT=Carbamidomethyl;AC=UNIMOD:4;TA=C;MT=Fixed	NT=Oxidation;AC=UNIMOD:35;TA=M;MT=Variable	17	1	Yan_miR_FASP_20140828_TMT10_200ugIPG3-10_7of15ul_fr17.raw	v1.1.0	NT=ms-proteomics;VV=v1.1.0	siCtrl	3-10
U1810 miR-191-5p mimic replicate 2	Homo sapiens	lung	U1810	non-small cell lung carcinoma	2	Yan_miR_FASP_20140828_TMT10_200ugIPG3-10_7of15ul_fr17_127N	proteomic profiling by mass spectrometry	NT=Data-dependent acquisition;AC=PRIDE:0000627	NT=Q Exactive;AC=MS:1001911	NT=TMT 10-plex;AC=MS:1002010;CN=127N	NT=Trypsin;AC=MS:1001251	NT=Carbamidomethyl;AC=UNIMOD:4;TA=C;MT=Fixed	NT=Oxidation;AC=UNIMOD:35;TA=M;MT=Variable	17	1	Yan_miR_FASP_20140828_TMT10_200ugIPG3-10_7of15ul_fr17.raw	v1.1.0	NT=ms-proteomics;VV=v1.1.0	miR-191-5p mimic	3-10
U1810 miR-372-3p mimic replicate 1	Homo sapiens	lung	U1810	non-small cell lung carcinoma	1	Yan_miR_FASP_20140828_TMT10_200ugIPG3-10_7of15ul_fr17_127C	proteomic profiling by mass spectrometry	NT=Data-dependent acquisition;AC=PRIDE:0000627	NT=Q Exactive;AC=MS:1001911	NT=TMT 10-plex;AC=MS:1002010;CN=127C	NT=Trypsin;AC=MS:1001251	NT=Carbamidomethyl;AC=UNIMOD:4;TA=C;MT=Fixed	NT=Oxidation;AC=UNIMOD:35;TA=M;MT=Variable	17	1	Yan_miR_FASP_20140828_TMT10_200ugIPG3-10_7of15ul_fr17.raw	v1.1.0	NT=ms-proteomics;VV=v1.1.0	miR-372-3p mimic	3-10
U1810 miR-519c-3p mimic replicate 1	Homo sapiens	lung	U1810	non-small cell lung carcinoma	1	Yan_miR_FASP_20140828_TMT10_200ugIPG3-10_7of15ul_fr17_128N	proteomic profiling by mass spectrometry	NT=Data-dependent acquisition;AC=PRIDE:0000627	NT=Q Exactive;AC=MS:1001911	NT=TMT 10-plex;AC=MS:1002010;CN=128N	NT=Trypsin;AC=MS:1001251	NT=Carbamidomethyl;AC=UNIMOD:4;TA=C;MT=Fixed	NT=Oxidation;AC=UNIMOD:35;TA=M;MT=Variable	17	1	Yan_miR_FASP_20140828_TMT10_200ugIPG3-10_7of15ul_fr17.raw	v1.1.0	NT=ms-proteomics;VV=v1.1.0	miR-519c-3p mimic	3-10
U1810 siCtrl replicate 2	Homo sapiens	lung	U1810	non-small cell lung carcinoma	2	Yan_miR_FASP_20140828_TMT10_200ugIPG3-10_7of15ul_fr17_128C	proteomic profiling by mass spectrometry	NT=Data-dependent acquisition;AC=PRIDE:0000627	NT=Q Exactive;AC=MS:1001911	NT=TMT 10-plex;AC=MS:1002010;CN=128C	NT=Trypsin;AC=MS:1001251	NT=Carbamidomethyl;AC=UNIMOD:4;TA=C;MT=Fixed	NT=Oxidation;AC=UNIMOD:35;TA=M;MT=Variable	17	1	Yan_miR_FASP_20140828_TMT10_200ugIPG3-10_7of15ul_fr17.raw	v1.1.0	NT=ms-proteomics;VV=v1.1.0	siCtrl	3-10
U1810 miR-372-3p mimic replicate 2	Homo sapiens	lung	U1810	non-small cell lung carcinoma	2	Yan_miR_FASP_20140828_TMT10_200ugIPG3-10_7of15ul_fr17_129N	proteomic profiling by mass spectrometry	NT=Data-dependent acquisition;AC=PRIDE:0000627	NT=Q Exactive;AC=MS:1001911	NT=TMT 10-plex;AC=MS:1002010;CN=129N	NT=Trypsin;AC=MS:1001251	NT=Carbamidomethyl;AC=UNIMOD:4;TA=C;MT=Fixed	NT=Oxidation;AC=UNIMOD:35;TA=M;MT=Variable	17	1	Yan_miR_FASP_20140828_TMT10_200ugIPG3-10_7of15ul_fr17.raw	v1.1.0	NT=ms-proteomics;VV=v1.1.0	miR-372-3p mimic	3-10
U1810 miR-519c-3p mimic replicate 2	Homo sapiens	lung	U1810	non-small cell lung carcinoma	2	Yan_miR_FASP_20140828_TMT10_200ugIPG3-10_7of15ul_fr17_129C	proteomic profiling by mass spectrometry	NT=Data-dependent acquisition;AC=PRIDE:0000627	NT=Q Exactive;AC=MS:1001911	NT=TMT 10-plex;AC=MS:1002010;CN=129C	NT=Trypsin;AC=MS:1001251	NT=Carbamidomethyl;AC=UNIMOD:4;TA=C;MT=Fixed	NT=Oxidation;AC=UNIMOD:35;TA=M;MT=Variable	17	1	Yan_miR_FASP_20140828_TMT10_200ugIPG3-10_7of15ul_fr17.raw	v1.1.0	NT=ms-proteomics;VV=v1.1.0	miR-519c-3p mimic	3-10
U1810 siCtrl replicate 3	Homo sapiens	lung	U1810	non-small cell lung carcinoma	3	Yan_miR_FASP_20140828_TMT10_200ugIPG3-10_7of15ul_fr17_130N	proteomic profiling by mass spectrometry	NT=Data-dependent acquisition;AC=PRIDE:0000627	NT=Q Exactive;AC=MS:1001911	NT=TMT 10-plex;AC=MS:1002010;CN=130N	NT=Trypsin;AC=MS:1001251	NT=Carbamidomethyl;AC=UNIMOD:4;TA=C;MT=Fixed	NT=Oxidation;AC=UNIMOD:35;TA=M;MT=Variable	17	1	Yan_miR_FASP_20140828_TMT10_200ugIPG3-10_7of15ul_fr17.raw	v1.1.0	NT=ms-proteomics;VV=v1.1.0	siCtrl	3-10
U1810 miR-191-5p mimic replicate 1	Homo sapiens	lung	U1810	non-small cell lung carcinoma	1	Yan_miR_FASP_20140828_TMT10_200ugIPG3-10_7of15ul_fr17_130C	proteomic profiling by mass spectrometry	NT=Data-dependent acquisition;AC=PRIDE:0000627	NT=Q Exactive;AC=MS:1001911	NT=TMT 10-plex;AC=MS:1002010;CN=130C	NT=Trypsin;AC=MS:1001251	NT=Carbamidomethyl;AC=UNIMOD:4;TA=C;MT=Fixed	NT=Oxidation;AC=UNIMOD:35;TA=M;MT=Variable	17	1	Yan_miR_FASP_20140828_TMT10_200ugIPG3-10_7of15ul_fr17.raw	v1.1.0	NT=ms-proteomics;VV=v1.1.0	miR-191-5p mimic	3-10
U1810 miR-372-3p mimic replicate 3	Homo sapiens	lung	U1810	non-small cell lung carcinoma	3	Yan_miR_FASP_20140828_TMT10_200ugIPG3-10_7of15ul_fr17_131	proteomic profiling by mass spectrometry	NT=Data-dependent acquisition;AC=PRIDE:0000627	NT=Q Exactive;AC=MS:1001911	NT=TMT 10-plex;AC=MS:1002010;CN=131	NT=Trypsin;AC=MS:1001251	NT=Carbamidomethyl;AC=UNIMOD:4;TA=C;MT=Fixed	NT=Oxidation;AC=UNIMOD:35;TA=M;MT=Variable	17	1	Yan_miR_FASP_20140828_TMT10_200ugIPG3-10_7of15ul_fr17.raw	v1.1.0	NT=ms-proteomics;VV=v1.1.0	miR-372-3p mimic	3-10
U1810 siCtrl replicate 1	Homo sapiens	lung	U1810	non-small cell lung carcinoma	1	Yan_miR_FASP_20140828_TMT10_200ugIPG3-10_7of15ul_fr24_126	proteomic profiling by mass spectrometry	NT=Data-dependent acquisition;AC=PRIDE:0000627	NT=Q Exactive;AC=MS:1001911	NT=TMT 10-plex;AC=MS:1002010;CN=126	NT=Trypsin;AC=MS:1001251	NT=Carbamidomethyl;AC=UNIMOD:4;TA=C;MT=Fixed	NT=Oxidation;AC=UNIMOD:35;TA=M;MT=Variable	24	1	Yan_miR_FASP_20140828_TMT10_200ugIPG3-10_7of15ul_fr24.raw	v1.1.0	NT=ms-proteomics;VV=v1.1.0	siCtrl	3-10
U1810 miR-191-5p mimic replicate 2	Homo sapiens	lung	U1810	non-small cell lung carcinoma	2	Yan_miR_FASP_20140828_TMT10_200ugIPG3-10_7of15ul_fr24_127N	proteomic profiling by mass spectrometry	NT=Data-dependent acquisition;AC=PRIDE:0000627	NT=Q Exactive;AC=MS:1001911	NT=TMT 10-plex;AC=MS:1002010;CN=127N	NT=Trypsin;AC=MS:1001251	NT=Carbamidomethyl;AC=UNIMOD:4;TA=C;MT=Fixed	NT=Oxidation;AC=UNIMOD:35;TA=M;MT=Variable	24	1	Yan_miR_FASP_20140828_TMT10_200ugIPG3-10_7of15ul_fr24.raw	v1.1.0	NT=ms-proteomics;VV=v1.1.0	miR-191-5p mimic	3-10
U1810 miR-372-3p mimic replicate 1	Homo sapiens	lung	U1810	non-small cell lung carcinoma	1	Yan_miR_FASP_20140828_TMT10_200ugIPG3-10_7of15ul_fr24_127C	proteomic profiling by mass spectrometry	NT=Data-dependent acquisition;AC=PRIDE:0000627	NT=Q Exactive;AC=MS:1001911	NT=TMT 10-plex;AC=MS:1002010;CN=127C	NT=Trypsin;AC=MS:1001251	NT=Carbamidomethyl;AC=UNIMOD:4;TA=C;MT=Fixed	NT=Oxidation;AC=UNIMOD:35;TA=M;MT=Variable	24	1	Yan_miR_FASP_20140828_TMT10_200ugIPG3-10_7of15ul_fr24.raw	v1.1.0	NT=ms-proteomics;VV=v1.1.0	miR-372-3p mimic	3-10
U1810 miR-519c-3p mimic replicate 1	Homo sapiens	lung	U1810	non-small cell lung carcinoma	1	Yan_miR_FASP_20140828_TMT10_200ugIPG3-10_7of15ul_fr24_128N	proteomic profiling by mass spectrometry	NT=Data-dependent acquisition;AC=PRIDE:0000627	NT=Q Exactive;AC=MS:1001911	NT=TMT 10-plex;AC=MS:1002010;CN=128N	NT=Trypsin;AC=MS:1001251	NT=Carbamidomethyl;AC=UNIMOD:4;TA=C;MT=Fixed	NT=Oxidation;AC=UNIMOD:35;TA=M;MT=Variable	24	1	Yan_miR_FASP_20140828_TMT10_200ugIPG3-10_7of15ul_fr24.raw	v1.1.0	NT=ms-proteomics;VV=v1.1.0	miR-519c-3p mimic	3-10
U1810 siCtrl replicate 2	Homo sapiens	lung	U1810	non-small cell lung carcinoma	2	Yan_miR_FASP_20140828_TMT10_200ugIPG3-10_7of15ul_fr24_128C	proteomic profiling by mass spectrometry	NT=Data-dependent acquisition;AC=PRIDE:0000627	NT=Q Exactive;AC=MS:1001911	NT=TMT 10-plex;AC=MS:1002010;CN=128C	NT=Trypsin;AC=MS:1001251	NT=Carbamidomethyl;AC=UNIMOD:4;TA=C;MT=Fixed	NT=Oxidation;AC=UNIMOD:35;TA=M;MT=Variable	24	1	Yan_miR_FASP_20140828_TMT10_200ugIPG3-10_7of15ul_fr24.raw	v1.1.0	NT=ms-proteomics;VV=v1.1.0	siCtrl	3-10
U1810 miR-372-3p mimic replicate 2	Homo sapiens	lung	U1810	non-small cell lung carcinoma	2	Yan_miR_FASP_20140828_TMT10_200ugIPG3-10_7of15ul_fr24_129N	proteomic profiling by mass spectrometry	NT=Data-dependent acquisition;AC=PRIDE:0000627	NT=Q Exactive;AC=MS:1001911	NT=TMT 10-plex;AC=MS:1002010;CN=129N	NT=Trypsin;AC=MS:1001251	NT=Carbamidomethyl;AC=UNIMOD:4;TA=C;MT=Fixed	NT=Oxidation;AC=UNIMOD:35;TA=M;MT=Variable	24	1	Yan_miR_FASP_20140828_TMT10_200ugIPG3-10_7of15ul_fr24.raw	v1.1.0	NT=ms-proteomics;VV=v1.1.0	miR-372-3p mimic	3-10
U1810 miR-519c-3p mimic replicate 2	Homo sapiens	lung	U1810	non-small cell lung carcinoma	2	Yan_miR_FASP_20140828_TMT10_200ugIPG3-10_7of15ul_fr24_129C	proteomic profiling by mass spectrometry	NT=Data-dependent acquisition;AC=PRIDE:0000627	NT=Q Exactive;AC=MS:1001911	NT=TMT 10-plex;AC=MS:1002010;CN=129C	NT=Trypsin;AC=MS:1001251	NT=Carbamidomethyl;AC=UNIMOD:4;TA=C;MT=Fixed	NT=Oxidation;AC=UNIMOD:35;TA=M;MT=Variable	24	1	Yan_miR_FASP_20140828_TMT10_200ugIPG3-10_7of15ul_fr24.raw	v1.1.0	NT=ms-proteomics;VV=v1.1.0	miR-519c-3p mimic	3-10
U1810 siCtrl replicate 3	Homo sapiens	lung	U1810	non-small cell lung carcinoma	3	Yan_miR_FASP_20140828_TMT10_200ugIPG3-10_7of15ul_fr24_130N	proteomic profiling by mass spectrometry	NT=Data-dependent acquisition;AC=PRIDE:0000627	NT=Q Exactive;AC=MS:1001911	NT=TMT 10-plex;AC=MS:1002010;CN=130N	NT=Trypsin;AC=MS:1001251	NT=Carbamidomethyl;AC=UNIMOD:4;TA=C;MT=Fixed	NT=Oxidation;AC=UNIMOD:35;TA=M;MT=Variable	24	1	Yan_miR_FASP_20140828_TMT10_200ugIPG3-10_7of15ul_fr24.raw	v1.1.0	NT=ms-proteomics;VV=v1.1.0	siCtrl	3-10
U1810 miR-191-5p mimic replicate 1	Homo sapiens	lung	U1810	non-small cell lung carcinoma	1	Yan_miR_FASP_20140828_TMT10_200ugIPG3-10_7of15ul_fr24_130C	proteomic profiling by mass spectrometry	NT=Data-dependent acquisition;AC=PRIDE:0000627	NT=Q Exactive;AC=MS:1001911	NT=TMT 10-plex;AC=MS:1002010;CN=130C	NT=Trypsin;AC=MS:1001251	NT=Carbamidomethyl;AC=UNIMOD:4;TA=C;MT=Fixed	NT=Oxidation;AC=UNIMOD:35;TA=M;MT=Variable	24	1	Yan_miR_FASP_20140828_TMT10_200ugIPG3-10_7of15ul_fr24.raw	v1.1.0	NT=ms-proteomics;VV=v1.1.0	miR-191-5p mimic	3-10
U1810 miR-372-3p mimic replicate 3	Homo sapiens	lung	U1810	non-small cell lung carcinoma	3	Yan_miR_FASP_20140828_TMT10_200ugIPG3-10_7of15ul_fr24_131	proteomic profiling by mass spectrometry	NT=Data-dependent acquisition;AC=PRIDE:0000627	NT=Q Exactive;AC=MS:1001911	NT=TMT 10-plex;AC=MS:1002010;CN=131	NT=Trypsin;AC=MS:1001251	NT=Carbamidomethyl;AC=UNIMOD:4;TA=C;MT=Fixed	NT=Oxidation;AC=UNIMOD:35;TA=M;MT=Variable	24	1	Yan_miR_FASP_20140828_TMT10_200ugIPG3-10_7of15ul_fr24.raw	v1.1.0	NT=ms-proteomics;VV=v1.1.0	miR-372-3p mimic	3-10
U1810 siCtrl replicate 1	Homo sapiens	lung	U1810	non-small cell lung carcinoma	1	Yan_miR_FASP_20140828_TMT10_200ugIPG3-10_7of15ul_fr28_126	proteomic profiling by mass spectrometry	NT=Data-dependent acquisition;AC=PRIDE:0000627	NT=Q Exactive;AC=MS:1001911	NT=TMT 10-plex;AC=MS:1002010;CN=126	NT=Trypsin;AC=MS:1001251	NT=Carbamidomethyl;AC=UNIMOD:4;TA=C;MT=Fixed	NT=Oxidation;AC=UNIMOD:35;TA=M;MT=Variable	28	1	Yan_miR_FASP_20140828_TMT10_200ugIPG3-10_7of15ul_fr28.raw	v1.1.0	NT=ms-proteomics;VV=v1.1.0	siCtrl	3-10
U1810 miR-191-5p mimic replicate 2	Homo sapiens	lung	U1810	non-small cell lung carcinoma	2	Yan_miR_FASP_20140828_TMT10_200ugIPG3-10_7of15ul_fr28_127N	proteomic profiling by mass spectrometry	NT=Data-dependent acquisition;AC=PRIDE:0000627	NT=Q Exactive;AC=MS:1001911	NT=TMT 10-plex;AC=MS:1002010;CN=127N	NT=Trypsin;AC=MS:1001251	NT=Carbamidomethyl;AC=UNIMOD:4;TA=C;MT=Fixed	NT=Oxidation;AC=UNIMOD:35;TA=M;MT=Variable	28	1	Yan_miR_FASP_20140828_TMT10_200ugIPG3-10_7of15ul_fr28.raw	v1.1.0	NT=ms-proteomics;VV=v1.1.0	miR-191-5p mimic	3-10
U1810 miR-372-3p mimic replicate 1	Homo sapiens	lung	U1810	non-small cell lung carcinoma	1	Yan_miR_FASP_20140828_TMT10_200ugIPG3-10_7of15ul_fr28_127C	proteomic profiling by mass spectrometry	NT=Data-dependent acquisition;AC=PRIDE:0000627	NT=Q Exactive;AC=MS:1001911	NT=TMT 10-plex;AC=MS:1002010;CN=127C	NT=Trypsin;AC=MS:1001251	NT=Carbamidomethyl;AC=UNIMOD:4;TA=C;MT=Fixed	NT=Oxidation;AC=UNIMOD:35;TA=M;MT=Variable	28	1	Yan_miR_FASP_20140828_TMT10_200ugIPG3-10_7of15ul_fr28.raw	v1.1.0	NT=ms-proteomics;VV=v1.1.0	miR-372-3p mimic	3-10
U1810 miR-519c-3p mimic replicate 1	Homo sapiens	lung	U1810	non-small cell lung carcinoma	1	Yan_miR_FASP_20140828_TMT10_200ugIPG3-10_7of15ul_fr28_128N	proteomic profiling by mass spectrometry	NT=Data-dependent acquisition;AC=PRIDE:0000627	NT=Q Exactive;AC=MS:1001911	NT=TMT 10-plex;AC=MS:1002010;CN=128N	NT=Trypsin;AC=MS:1001251	NT=Carbamidomethyl;AC=UNIMOD:4;TA=C;MT=Fixed	NT=Oxidation;AC=UNIMOD:35;TA=M;MT=Variable	28	1	Yan_miR_FASP_20140828_TMT10_200ugIPG3-10_7of15ul_fr28.raw	v1.1.0	NT=ms-proteomics;VV=v1.1.0	miR-519c-3p mimic	3-10
U1810 siCtrl replicate 2	Homo sapiens	lung	U1810	non-small cell lung carcinoma	2	Yan_miR_FASP_20140828_TMT10_200ugIPG3-10_7of15ul_fr28_128C	proteomic profiling by mass spectrometry	NT=Data-dependent acquisition;AC=PRIDE:0000627	NT=Q Exactive;AC=MS:1001911	NT=TMT 10-plex;AC=MS:1002010;CN=128C	NT=Trypsin;AC=MS:1001251	NT=Carbamidomethyl;AC=UNIMOD:4;TA=C;MT=Fixed	NT=Oxidation;AC=UNIMOD:35;TA=M;MT=Variable	28	1	Yan_miR_FASP_20140828_TMT10_200ugIPG3-10_7of15ul_fr28.raw	v1.1.0	NT=ms-proteomics;VV=v1.1.0	siCtrl	3-10
U1810 miR-372-3p mimic replicate 2	Homo sapiens	lung	U1810	non-small cell lung carcinoma	2	Yan_miR_FASP_20140828_TMT10_200ugIPG3-10_7of15ul_fr28_129N	proteomic profiling by mass spectrometry	NT=Data-dependent acquisition;AC=PRIDE:0000627	NT=Q Exactive;AC=MS:1001911	NT=TMT 10-plex;AC=MS:1002010;CN=129N	NT=Trypsin;AC=MS:1001251	NT=Carbamidomethyl;AC=UNIMOD:4;TA=C;MT=Fixed	NT=Oxidation;AC=UNIMOD:35;TA=M;MT=Variable	28	1	Yan_miR_FASP_20140828_TMT10_200ugIPG3-10_7of15ul_fr28.raw	v1.1.0	NT=ms-proteomics;VV=v1.1.0	miR-372-3p mimic	3-10
U1810 miR-519c-3p mimic replicate 2	Homo sapiens	lung	U1810	non-small cell lung carcinoma	2	Yan_miR_FASP_20140828_TMT10_200ugIPG3-10_7of15ul_fr28_129C	proteomic profiling by mass spectrometry	NT=Data-dependent acquisition;AC=PRIDE:0000627	NT=Q Exactive;AC=MS:1001911	NT=TMT 10-plex;AC=MS:1002010;CN=129C	NT=Trypsin;AC=MS:1001251	NT=Carbamidomethyl;AC=UNIMOD:4;TA=C;MT=Fixed	NT=Oxidation;AC=UNIMOD:35;TA=M;MT=Variable	28	1	Yan_miR_FASP_20140828_TMT10_200ugIPG3-10_7of15ul_fr28.raw	v1.1.0	NT=ms-proteomics;VV=v1.1.0	miR-519c-3p mimic	3-10
U1810 siCtrl replicate 3	Homo sapiens	lung	U1810	non-small cell lung carcinoma	3	Yan_miR_FASP_20140828_TMT10_200ugIPG3-10_7of15ul_fr28_130N	proteomic profiling by mass spectrometry	NT=Data-dependent acquisition;AC=PRIDE:0000627	NT=Q Exactive;AC=MS:1001911	NT=TMT 10-plex;AC=MS:1002010;CN=130N	NT=Trypsin;AC=MS:1001251	NT=Carbamidomethyl;AC=UNIMOD:4;TA=C;MT=Fixed	NT=Oxidation;AC=UNIMOD:35;TA=M;MT=Variable	28	1	Yan_miR_FASP_20140828_TMT10_200ugIPG3-10_7of15ul_fr28.raw	v1.1.0	NT=ms-proteomics;VV=v1.1.0	siCtrl	3-10
U1810 miR-191-5p mimic replicate 1	Homo sapiens	lung	U1810	non-small cell lung carcinoma	1	Yan_miR_FASP_20140828_TMT10_200ugIPG3-10_7of15ul_fr28_130C	proteomic profiling by mass spectrometry	NT=Data-dependent acquisition;AC=PRIDE:0000627	NT=Q Exactive;AC=MS:1001911	NT=TMT 10-plex;AC=MS:1002010;CN=130C	NT=Trypsin;AC=MS:1001251	NT=Carbamidomethyl;AC=UNIMOD:4;TA=C;MT=Fixed	NT=Oxidation;AC=UNIMOD:35;TA=M;MT=Variable	28	1	Yan_miR_FASP_20140828_TMT10_200ugIPG3-10_7of15ul_fr28.raw	v1.1.0	NT=ms-proteomics;VV=v1.1.0	miR-191-5p mimic	3-10
U1810 miR-372-3p mimic replicate 3	Homo sapiens	lung	U1810	non-small cell lung carcinoma	3	Yan_miR_FASP_20140828_TMT10_200ugIPG3-10_7of15ul_fr28_131	proteomic profiling by mass spectrometry	NT=Data-dependent acquisition;AC=PRIDE:0000627	NT=Q Exactive;AC=MS:1001911	NT=TMT 10-plex;AC=MS:1002010;CN=131	NT=Trypsin;AC=MS:1001251	NT=Carbamidomethyl;AC=UNIMOD:4;TA=C;MT=Fixed	NT=Oxidation;AC=UNIMOD:35;TA=M;MT=Variable	28	1	Yan_miR_FASP_20140828_TMT10_200ugIPG3-10_7of15ul_fr28.raw	v1.1.0	NT=ms-proteomics;VV=v1.1.0	miR-372-3p mimic	3-10
U1810 siCtrl replicate 1	Homo sapiens	lung	U1810	non-small cell lung carcinoma	1	Yan_miR_FASP_20140828_TMT10_200ugIPG3-10_7of15ul_fr34_126	proteomic profiling by mass spectrometry	NT=Data-dependent acquisition;AC=PRIDE:0000627	NT=Q Exactive;AC=MS:1001911	NT=TMT 10-plex;AC=MS:1002010;CN=126	NT=Trypsin;AC=MS:1001251	NT=Carbamidomethyl;AC=UNIMOD:4;TA=C;MT=Fixed	NT=Oxidation;AC=UNIMOD:35;TA=M;MT=Variable	34	1	Yan_miR_FASP_20140828_TMT10_200ugIPG3-10_7of15ul_fr34.raw	v1.1.0	NT=ms-proteomics;VV=v1.1.0	siCtrl	3-10
U1810 miR-191-5p mimic replicate 2	Homo sapiens	lung	U1810	non-small cell lung carcinoma	2	Yan_miR_FASP_20140828_TMT10_200ugIPG3-10_7of15ul_fr34_127N	proteomic profiling by mass spectrometry	NT=Data-dependent acquisition;AC=PRIDE:0000627	NT=Q Exactive;AC=MS:1001911	NT=TMT 10-plex;AC=MS:1002010;CN=127N	NT=Trypsin;AC=MS:1001251	NT=Carbamidomethyl;AC=UNIMOD:4;TA=C;MT=Fixed	NT=Oxidation;AC=UNIMOD:35;TA=M;MT=Variable	34	1	Yan_miR_FASP_20140828_TMT10_200ugIPG3-10_7of15ul_fr34.raw	v1.1.0	NT=ms-proteomics;VV=v1.1.0	miR-191-5p mimic	3-10
U1810 miR-372-3p mimic replicate 1	Homo sapiens	lung	U1810	non-small cell lung carcinoma	1	Yan_miR_FASP_20140828_TMT10_200ugIPG3-10_7of15ul_fr34_127C	proteomic profiling by mass spectrometry	NT=Data-dependent acquisition;AC=PRIDE:0000627	NT=Q Exactive;AC=MS:1001911	NT=TMT 10-plex;AC=MS:1002010;CN=127C	NT=Trypsin;AC=MS:1001251	NT=Carbamidomethyl;AC=UNIMOD:4;TA=C;MT=Fixed	NT=Oxidation;AC=UNIMOD:35;TA=M;MT=Variable	34	1	Yan_miR_FASP_20140828_TMT10_200ugIPG3-10_7of15ul_fr34.raw	v1.1.0	NT=ms-proteomics;VV=v1.1.0	miR-372-3p mimic	3-10
U1810 miR-519c-3p mimic replicate 1	Homo sapiens	lung	U1810	non-small cell lung carcinoma	1	Yan_miR_FASP_20140828_TMT10_200ugIPG3-10_7of15ul_fr34_128N	proteomic profiling by mass spectrometry	NT=Data-dependent acquisition;AC=PRIDE:0000627	NT=Q Exactive;AC=MS:1001911	NT=TMT 10-plex;AC=MS:1002010;CN=128N	NT=Trypsin;AC=MS:1001251	NT=Carbamidomethyl;AC=UNIMOD:4;TA=C;MT=Fixed	NT=Oxidation;AC=UNIMOD:35;TA=M;MT=Variable	34	1	Yan_miR_FASP_20140828_TMT10_200ugIPG3-10_7of15ul_fr34.raw	v1.1.0	NT=ms-proteomics;VV=v1.1.0	miR-519c-3p mimic	3-10
U1810 siCtrl replicate 2	Homo sapiens	lung	U1810	non-small cell lung carcinoma	2	Yan_miR_FASP_20140828_TMT10_200ugIPG3-10_7of15ul_fr34_128C	proteomic profiling by mass spectrometry	NT=Data-dependent acquisition;AC=PRIDE:0000627	NT=Q Exactive;AC=MS:1001911	NT=TMT 10-plex;AC=MS:1002010;CN=128C	NT=Trypsin;AC=MS:1001251	NT=Carbamidomethyl;AC=UNIMOD:4;TA=C;MT=Fixed	NT=Oxidation;AC=UNIMOD:35;TA=M;MT=Variable	34	1	Yan_miR_FASP_20140828_TMT10_200ugIPG3-10_7of15ul_fr34.raw	v1.1.0	NT=ms-proteomics;VV=v1.1.0	siCtrl	3-10
U1810 miR-372-3p mimic replicate 2	Homo sapiens	lung	U1810	non-small cell lung carcinoma	2	Yan_miR_FASP_20140828_TMT10_200ugIPG3-10_7of15ul_fr34_129N	proteomic profiling by mass spectrometry	NT=Data-dependent acquisition;AC=PRIDE:0000627	NT=Q Exactive;AC=MS:1001911	NT=TMT 10-plex;AC=MS:1002010;CN=129N	NT=Trypsin;AC=MS:1001251	NT=Carbamidomethyl;AC=UNIMOD:4;TA=C;MT=Fixed	NT=Oxidation;AC=UNIMOD:35;TA=M;MT=Variable	34	1	Yan_miR_FASP_20140828_TMT10_200ugIPG3-10_7of15ul_fr34.raw	v1.1.0	NT=ms-proteomics;VV=v1.1.0	miR-372-3p mimic	3-10
U1810 miR-519c-3p mimic replicate 2	Homo sapiens	lung	U1810	non-small cell lung carcinoma	2	Yan_miR_FASP_20140828_TMT10_200ugIPG3-10_7of15ul_fr34_129C	proteomic profiling by mass spectrometry	NT=Data-dependent acquisition;AC=PRIDE:0000627	NT=Q Exactive;AC=MS:1001911	NT=TMT 10-plex;AC=MS:1002010;CN=129C	NT=Trypsin;AC=MS:1001251	NT=Carbamidomethyl;AC=UNIMOD:4;TA=C;MT=Fixed	NT=Oxidation;AC=UNIMOD:35;TA=M;MT=Variable	34	1	Yan_miR_FASP_20140828_TMT10_200ugIPG3-10_7of15ul_fr34.raw	v1.1.0	NT=ms-proteomics;VV=v1.1.0	miR-519c-3p mimic	3-10
U1810 siCtrl replicate 3	Homo sapiens	lung	U1810	non-small cell lung carcinoma	3	Yan_miR_FASP_20140828_TMT10_200ugIPG3-10_7of15ul_fr34_130N	proteomic profiling by mass spectrometry	NT=Data-dependent acquisition;AC=PRIDE:0000627	NT=Q Exactive;AC=MS:1001911	NT=TMT 10-plex;AC=MS:1002010;CN=130N	NT=Trypsin;AC=MS:1001251	NT=Carbamidomethyl;AC=UNIMOD:4;TA=C;MT=Fixed	NT=Oxidation;AC=UNIMOD:35;TA=M;MT=Variable	34	1	Yan_miR_FASP_20140828_TMT10_200ugIPG3-10_7of15ul_fr34.raw	v1.1.0	NT=ms-proteomics;VV=v1.1.0	siCtrl	3-10
U1810 miR-191-5p mimic replicate 1	Homo sapiens	lung	U1810	non-small cell lung carcinoma	1	Yan_miR_FASP_20140828_TMT10_200ugIPG3-10_7of15ul_fr34_130C	proteomic profiling by mass spectrometry	NT=Data-dependent acquisition;AC=PRIDE:0000627	NT=Q Exactive;AC=MS:1001911	NT=TMT 10-plex;AC=MS:1002010;CN=130C	NT=Trypsin;AC=MS:1001251	NT=Carbamidomethyl;AC=UNIMOD:4;TA=C;MT=Fixed	NT=Oxidation;AC=UNIMOD:35;TA=M;MT=Variable	34	1	Yan_miR_FASP_20140828_TMT10_200ugIPG3-10_7of15ul_fr34.raw	v1.1.0	NT=ms-proteomics;VV=v1.1.0	miR-191-5p mimic	3-10
U1810 miR-372-3p mimic replicate 3	Homo sapiens	lung	U1810	non-small cell lung carcinoma	3	Yan_miR_FASP_20140828_TMT10_200ugIPG3-10_7of15ul_fr34_131	proteomic profiling by mass spectrometry	NT=Data-dependent acquisition;AC=PRIDE:0000627	NT=Q Exactive;AC=MS:1001911	NT=TMT 10-plex;AC=MS:1002010;CN=131	NT=Trypsin;AC=MS:1001251	NT=Carbamidomethyl;AC=UNIMOD:4;TA=C;MT=Fixed	NT=Oxidation;AC=UNIMOD:35;TA=M;MT=Variable	34	1	Yan_miR_FASP_20140828_TMT10_200ugIPG3-10_7of15ul_fr34.raw	v1.1.0	NT=ms-proteomics;VV=v1.1.0	miR-372-3p mimic	3-10
U1810 siCtrl replicate 1	Homo sapiens	lung	U1810	non-small cell lung carcinoma	1	Yan_miR_FASP_20140828_TMT10_200ugIPG3-10_7of15ul_fr36_126	proteomic profiling by mass spectrometry	NT=Data-dependent acquisition;AC=PRIDE:0000627	NT=Q Exactive;AC=MS:1001911	NT=TMT 10-plex;AC=MS:1002010;CN=126	NT=Trypsin;AC=MS:1001251	NT=Carbamidomethyl;AC=UNIMOD:4;TA=C;MT=Fixed	NT=Oxidation;AC=UNIMOD:35;TA=M;MT=Variable	36	1	Yan_miR_FASP_20140828_TMT10_200ugIPG3-10_7of15ul_fr36.raw	v1.1.0	NT=ms-proteomics;VV=v1.1.0	siCtrl	3-10
U1810 miR-191-5p mimic replicate 2	Homo sapiens	lung	U1810	non-small cell lung carcinoma	2	Yan_miR_FASP_20140828_TMT10_200ugIPG3-10_7of15ul_fr36_127N	proteomic profiling by mass spectrometry	NT=Data-dependent acquisition;AC=PRIDE:0000627	NT=Q Exactive;AC=MS:1001911	NT=TMT 10-plex;AC=MS:1002010;CN=127N	NT=Trypsin;AC=MS:1001251	NT=Carbamidomethyl;AC=UNIMOD:4;TA=C;MT=Fixed	NT=Oxidation;AC=UNIMOD:35;TA=M;MT=Variable	36	1	Yan_miR_FASP_20140828_TMT10_200ugIPG3-10_7of15ul_fr36.raw	v1.1.0	NT=ms-proteomics;VV=v1.1.0	miR-191-5p mimic	3-10
U1810 miR-372-3p mimic replicate 1	Homo sapiens	lung	U1810	non-small cell lung carcinoma	1	Yan_miR_FASP_20140828_TMT10_200ugIPG3-10_7of15ul_fr36_127C	proteomic profiling by mass spectrometry	NT=Data-dependent acquisition;AC=PRIDE:0000627	NT=Q Exactive;AC=MS:1001911	NT=TMT 10-plex;AC=MS:1002010;CN=127C	NT=Trypsin;AC=MS:1001251	NT=Carbamidomethyl;AC=UNIMOD:4;TA=C;MT=Fixed	NT=Oxidation;AC=UNIMOD:35;TA=M;MT=Variable	36	1	Yan_miR_FASP_20140828_TMT10_200ugIPG3-10_7of15ul_fr36.raw	v1.1.0	NT=ms-proteomics;VV=v1.1.0	miR-372-3p mimic	3-10
U1810 miR-519c-3p mimic replicate 1	Homo sapiens	lung	U1810	non-small cell lung carcinoma	1	Yan_miR_FASP_20140828_TMT10_200ugIPG3-10_7of15ul_fr36_128N	proteomic profiling by mass spectrometry	NT=Data-dependent acquisition;AC=PRIDE:0000627	NT=Q Exactive;AC=MS:1001911	NT=TMT 10-plex;AC=MS:1002010;CN=128N	NT=Trypsin;AC=MS:1001251	NT=Carbamidomethyl;AC=UNIMOD:4;TA=C;MT=Fixed	NT=Oxidation;AC=UNIMOD:35;TA=M;MT=Variable	36	1	Yan_miR_FASP_20140828_TMT10_200ugIPG3-10_7of15ul_fr36.raw	v1.1.0	NT=ms-proteomics;VV=v1.1.0	miR-519c-3p mimic	3-10
U1810 siCtrl replicate 2	Homo sapiens	lung	U1810	non-small cell lung carcinoma	2	Yan_miR_FASP_20140828_TMT10_200ugIPG3-10_7of15ul_fr36_128C	proteomic profiling by mass spectrometry	NT=Data-dependent acquisition;AC=PRIDE:0000627	NT=Q Exactive;AC=MS:1001911	NT=TMT 10-plex;AC=MS:1002010;CN=128C	NT=Trypsin;AC=MS:1001251	NT=Carbamidomethyl;AC=UNIMOD:4;TA=C;MT=Fixed	NT=Oxidation;AC=UNIMOD:35;TA=M;MT=Variable	36	1	Yan_miR_FASP_20140828_TMT10_200ugIPG3-10_7of15ul_fr36.raw	v1.1.0	NT=ms-proteomics;VV=v1.1.0	siCtrl	3-10
U1810 miR-372-3p mimic replicate 2	Homo sapiens	lung	U1810	non-small cell lung carcinoma	2	Yan_miR_FASP_20140828_TMT10_200ugIPG3-10_7of15ul_fr36_129N	proteomic profiling by mass spectrometry	NT=Data-dependent acquisition;AC=PRIDE:0000627	NT=Q Exactive;AC=MS:1001911	NT=TMT 10-plex;AC=MS:1002010;CN=129N	NT=Trypsin;AC=MS:1001251	NT=Carbamidomethyl;AC=UNIMOD:4;TA=C;MT=Fixed	NT=Oxidation;AC=UNIMOD:35;TA=M;MT=Variable	36	1	Yan_miR_FASP_20140828_TMT10_200ugIPG3-10_7of15ul_fr36.raw	v1.1.0	NT=ms-proteomics;VV=v1.1.0	miR-372-3p mimic	3-10
U1810 miR-519c-3p mimic replicate 2	Homo sapiens	lung	U1810	non-small cell lung carcinoma	2	Yan_miR_FASP_20140828_TMT10_200ugIPG3-10_7of15ul_fr36_129C	proteomic profiling by mass spectrometry	NT=Data-dependent acquisition;AC=PRIDE:0000627	NT=Q Exactive;AC=MS:1001911	NT=TMT 10-plex;AC=MS:1002010;CN=129C	NT=Trypsin;AC=MS:1001251	NT=Carbamidomethyl;AC=UNIMOD:4;TA=C;MT=Fixed	NT=Oxidation;AC=UNIMOD:35;TA=M;MT=Variable	36	1	Yan_miR_FASP_20140828_TMT10_200ugIPG3-10_7of15ul_fr36.raw	v1.1.0	NT=ms-proteomics;VV=v1.1.0	miR-519c-3p mimic	3-10
U1810 siCtrl replicate 3	Homo sapiens	lung	U1810	non-small cell lung carcinoma	3	Yan_miR_FASP_20140828_TMT10_200ugIPG3-10_7of15ul_fr36_130N	proteomic profiling by mass spectrometry	NT=Data-dependent acquisition;AC=PRIDE:0000627	NT=Q Exactive;AC=MS:1001911	NT=TMT 10-plex;AC=MS:1002010;CN=130N	NT=Trypsin;AC=MS:1001251	NT=Carbamidomethyl;AC=UNIMOD:4;TA=C;MT=Fixed	NT=Oxidation;AC=UNIMOD:35;TA=M;MT=Variable	36	1	Yan_miR_FASP_20140828_TMT10_200ugIPG3-10_7of15ul_fr36.raw	v1.1.0	NT=ms-proteomics;VV=v1.1.0	siCtrl	3-10
U1810 miR-191-5p mimic replicate 1	Homo sapiens	lung	U1810	non-small cell lung carcinoma	1	Yan_miR_FASP_20140828_TMT10_200ugIPG3-10_7of15ul_fr36_130C	proteomic profiling by mass spectrometry	NT=Data-dependent acquisition;AC=PRIDE:0000627	NT=Q Exactive;AC=MS:1001911	NT=TMT 10-plex;AC=MS:1002010;CN=130C	NT=Trypsin;AC=MS:1001251	NT=Carbamidomethyl;AC=UNIMOD:4;TA=C;MT=Fixed	NT=Oxidation;AC=UNIMOD:35;TA=M;MT=Variable	36	1	Yan_miR_FASP_20140828_TMT10_200ugIPG3-10_7of15ul_fr36.raw	v1.1.0	NT=ms-proteomics;VV=v1.1.0	miR-191-5p mimic	3-10
U1810 miR-372-3p mimic replicate 3	Homo sapiens	lung	U1810	non-small cell lung carcinoma	3	Yan_miR_FASP_20140828_TMT10_200ugIPG3-10_7of15ul_fr36_131	proteomic profiling by mass spectrometry	NT=Data-dependent acquisition;AC=PRIDE:0000627	NT=Q Exactive;AC=MS:1001911	NT=TMT 10-plex;AC=MS:1002010;CN=131	NT=Trypsin;AC=MS:1001251	NT=Carbamidomethyl;AC=UNIMOD:4;TA=C;MT=Fixed	NT=Oxidation;AC=UNIMOD:35;TA=M;MT=Variable	36	1	Yan_miR_FASP_20140828_TMT10_200ugIPG3-10_7of15ul_fr36.raw	v1.1.0	NT=ms-proteomics;VV=v1.1.0	miR-372-3p mimic	3-10
U1810 siCtrl replicate 1	Homo sapiens	lung	U1810	non-small cell lung carcinoma	1	Yan_miR_FASP_20140828_TMT10_200ugIPG3-10_7of15ul_fr38_126	proteomic profiling by mass spectrometry	NT=Data-dependent acquisition;AC=PRIDE:0000627	NT=Q Exactive;AC=MS:1001911	NT=TMT 10-plex;AC=MS:1002010;CN=126	NT=Trypsin;AC=MS:1001251	NT=Carbamidomethyl;AC=UNIMOD:4;TA=C;MT=Fixed	NT=Oxidation;AC=UNIMOD:35;TA=M;MT=Variable	38	1	Yan_miR_FASP_20140828_TMT10_200ugIPG3-10_7of15ul_fr38.raw	v1.1.0	NT=ms-proteomics;VV=v1.1.0	siCtrl	3-10
U1810 miR-191-5p mimic replicate 2	Homo sapiens	lung	U1810	non-small cell lung carcinoma	2	Yan_miR_FASP_20140828_TMT10_200ugIPG3-10_7of15ul_fr38_127N	proteomic profiling by mass spectrometry	NT=Data-dependent acquisition;AC=PRIDE:0000627	NT=Q Exactive;AC=MS:1001911	NT=TMT 10-plex;AC=MS:1002010;CN=127N	NT=Trypsin;AC=MS:1001251	NT=Carbamidomethyl;AC=UNIMOD:4;TA=C;MT=Fixed	NT=Oxidation;AC=UNIMOD:35;TA=M;MT=Variable	38	1	Yan_miR_FASP_20140828_TMT10_200ugIPG3-10_7of15ul_fr38.raw	v1.1.0	NT=ms-proteomics;VV=v1.1.0	miR-191-5p mimic	3-10
U1810 miR-372-3p mimic replicate 1	Homo sapiens	lung	U1810	non-small cell lung carcinoma	1	Yan_miR_FASP_20140828_TMT10_200ugIPG3-10_7of15ul_fr38_127C	proteomic profiling by mass spectrometry	NT=Data-dependent acquisition;AC=PRIDE:0000627	NT=Q Exactive;AC=MS:1001911	NT=TMT 10-plex;AC=MS:1002010;CN=127C	NT=Trypsin;AC=MS:1001251	NT=Carbamidomethyl;AC=UNIMOD:4;TA=C;MT=Fixed	NT=Oxidation;AC=UNIMOD:35;TA=M;MT=Variable	38	1	Yan_miR_FASP_20140828_TMT10_200ugIPG3-10_7of15ul_fr38.raw	v1.1.0	NT=ms-proteomics;VV=v1.1.0	miR-372-3p mimic	3-10
U1810 miR-519c-3p mimic replicate 1	Homo sapiens	lung	U1810	non-small cell lung carcinoma	1	Yan_miR_FASP_20140828_TMT10_200ugIPG3-10_7of15ul_fr38_128N	proteomic profiling by mass spectrometry	NT=Data-dependent acquisition;AC=PRIDE:0000627	NT=Q Exactive;AC=MS:1001911	NT=TMT 10-plex;AC=MS:1002010;CN=128N	NT=Trypsin;AC=MS:1001251	NT=Carbamidomethyl;AC=UNIMOD:4;TA=C;MT=Fixed	NT=Oxidation;AC=UNIMOD:35;TA=M;MT=Variable	38	1	Yan_miR_FASP_20140828_TMT10_200ugIPG3-10_7of15ul_fr38.raw	v1.1.0	NT=ms-proteomics;VV=v1.1.0	miR-519c-3p mimic	3-10
U1810 siCtrl replicate 2	Homo sapiens	lung	U1810	non-small cell lung carcinoma	2	Yan_miR_FASP_20140828_TMT10_200ugIPG3-10_7of15ul_fr38_128C	proteomic profiling by mass spectrometry	NT=Data-dependent acquisition;AC=PRIDE:0000627	NT=Q Exactive;AC=MS:1001911	NT=TMT 10-plex;AC=MS:1002010;CN=128C	NT=Trypsin;AC=MS:1001251	NT=Carbamidomethyl;AC=UNIMOD:4;TA=C;MT=Fixed	NT=Oxidation;AC=UNIMOD:35;TA=M;MT=Variable	38	1	Yan_miR_FASP_20140828_TMT10_200ugIPG3-10_7of15ul_fr38.raw	v1.1.0	NT=ms-proteomics;VV=v1.1.0	siCtrl	3-10
U1810 miR-372-3p mimic replicate 2	Homo sapiens	lung	U1810	non-small cell lung carcinoma	2	Yan_miR_FASP_20140828_TMT10_200ugIPG3-10_7of15ul_fr38_129N	proteomic profiling by mass spectrometry	NT=Data-dependent acquisition;AC=PRIDE:0000627	NT=Q Exactive;AC=MS:1001911	NT=TMT 10-plex;AC=MS:1002010;CN=129N	NT=Trypsin;AC=MS:1001251	NT=Carbamidomethyl;AC=UNIMOD:4;TA=C;MT=Fixed	NT=Oxidation;AC=UNIMOD:35;TA=M;MT=Variable	38	1	Yan_miR_FASP_20140828_TMT10_200ugIPG3-10_7of15ul_fr38.raw	v1.1.0	NT=ms-proteomics;VV=v1.1.0	miR-372-3p mimic	3-10
U1810 miR-519c-3p mimic replicate 2	Homo sapiens	lung	U1810	non-small cell lung carcinoma	2	Yan_miR_FASP_20140828_TMT10_200ugIPG3-10_7of15ul_fr38_129C	proteomic profiling by mass spectrometry	NT=Data-dependent acquisition;AC=PRIDE:0000627	NT=Q Exactive;AC=MS:1001911	NT=TMT 10-plex;AC=MS:1002010;CN=129C	NT=Trypsin;AC=MS:1001251	NT=Carbamidomethyl;AC=UNIMOD:4;TA=C;MT=Fixed	NT=Oxidation;AC=UNIMOD:35;TA=M;MT=Variable	38	1	Yan_miR_FASP_20140828_TMT10_200ugIPG3-10_7of15ul_fr38.raw	v1.1.0	NT=ms-proteomics;VV=v1.1.0	miR-519c-3p mimic	3-10
U1810 siCtrl replicate 3	Homo sapiens	lung	U1810	non-small cell lung carcinoma	3	Yan_miR_FASP_20140828_TMT10_200ugIPG3-10_7of15ul_fr38_130N	proteomic profiling by mass spectrometry	NT=Data-dependent acquisition;AC=PRIDE:0000627	NT=Q Exactive;AC=MS:1001911	NT=TMT 10-plex;AC=MS:1002010;CN=130N	NT=Trypsin;AC=MS:1001251	NT=Carbamidomethyl;AC=UNIMOD:4;TA=C;MT=Fixed	NT=Oxidation;AC=UNIMOD:35;TA=M;MT=Variable	38	1	Yan_miR_FASP_20140828_TMT10_200ugIPG3-10_7of15ul_fr38.raw	v1.1.0	NT=ms-proteomics;VV=v1.1.0	siCtrl	3-10
U1810 miR-191-5p mimic replicate 1	Homo sapiens	lung	U1810	non-small cell lung carcinoma	1	Yan_miR_FASP_20140828_TMT10_200ugIPG3-10_7of15ul_fr38_130C	proteomic profiling by mass spectrometry	NT=Data-dependent acquisition;AC=PRIDE:0000627	NT=Q Exactive;AC=MS:1001911	NT=TMT 10-plex;AC=MS:1002010;CN=130C	NT=Trypsin;AC=MS:1001251	NT=Carbamidomethyl;AC=UNIMOD:4;TA=C;MT=Fixed	NT=Oxidation;AC=UNIMOD:35;TA=M;MT=Variable	38	1	Yan_miR_FASP_20140828_TMT10_200ugIPG3-10_7of15ul_fr38.raw	v1.1.0	NT=ms-proteomics;VV=v1.1.0	miR-191-5p mimic	3-10
U1810 miR-372-3p mimic replicate 3	Homo sapiens	lung	U1810	non-small cell lung carcinoma	3	Yan_miR_FASP_20140828_TMT10_200ugIPG3-10_7of15ul_fr38_131	proteomic profiling by mass spectrometry	NT=Data-dependent acquisition;AC=PRIDE:0000627	NT=Q Exactive;AC=MS:1001911	NT=TMT 10-plex;AC=MS:1002010;CN=131	NT=Trypsin;AC=MS:1001251	NT=Carbamidomethyl;AC=UNIMOD:4;TA=C;MT=Fixed	NT=Oxidation;AC=UNIMOD:35;TA=M;MT=Variable	38	1	Yan_miR_FASP_20140828_TMT10_200ugIPG3-10_7of15ul_fr38.raw	v1.1.0	NT=ms-proteomics;VV=v1.1.0	miR-372-3p mimic	3-10
U1810 siCtrl replicate 1	Homo sapiens	lung	U1810	non-small cell lung carcinoma	1	Yan_miR_FASP_20140828_TMT10_200ugIPG3-10_7of15ul_fr42_126	proteomic profiling by mass spectrometry	NT=Data-dependent acquisition;AC=PRIDE:0000627	NT=Q Exactive;AC=MS:1001911	NT=TMT 10-plex;AC=MS:1002010;CN=126	NT=Trypsin;AC=MS:1001251	NT=Carbamidomethyl;AC=UNIMOD:4;TA=C;MT=Fixed	NT=Oxidation;AC=UNIMOD:35;TA=M;MT=Variable	42	1	Yan_miR_FASP_20140828_TMT10_200ugIPG3-10_7of15ul_fr42.raw	v1.1.0	NT=ms-proteomics;VV=v1.1.0	siCtrl	3-10
U1810 miR-191-5p mimic replicate 2	Homo sapiens	lung	U1810	non-small cell lung carcinoma	2	Yan_miR_FASP_20140828_TMT10_200ugIPG3-10_7of15ul_fr42_127N	proteomic profiling by mass spectrometry	NT=Data-dependent acquisition;AC=PRIDE:0000627	NT=Q Exactive;AC=MS:1001911	NT=TMT 10-plex;AC=MS:1002010;CN=127N	NT=Trypsin;AC=MS:1001251	NT=Carbamidomethyl;AC=UNIMOD:4;TA=C;MT=Fixed	NT=Oxidation;AC=UNIMOD:35;TA=M;MT=Variable	42	1	Yan_miR_FASP_20140828_TMT10_200ugIPG3-10_7of15ul_fr42.raw	v1.1.0	NT=ms-proteomics;VV=v1.1.0	miR-191-5p mimic	3-10
U1810 miR-372-3p mimic replicate 1	Homo sapiens	lung	U1810	non-small cell lung carcinoma	1	Yan_miR_FASP_20140828_TMT10_200ugIPG3-10_7of15ul_fr42_127C	proteomic profiling by mass spectrometry	NT=Data-dependent acquisition;AC=PRIDE:0000627	NT=Q Exactive;AC=MS:1001911	NT=TMT 10-plex;AC=MS:1002010;CN=127C	NT=Trypsin;AC=MS:1001251	NT=Carbamidomethyl;AC=UNIMOD:4;TA=C;MT=Fixed	NT=Oxidation;AC=UNIMOD:35;TA=M;MT=Variable	42	1	Yan_miR_FASP_20140828_TMT10_200ugIPG3-10_7of15ul_fr42.raw	v1.1.0	NT=ms-proteomics;VV=v1.1.0	miR-372-3p mimic	3-10
U1810 miR-519c-3p mimic replicate 1	Homo sapiens	lung	U1810	non-small cell lung carcinoma	1	Yan_miR_FASP_20140828_TMT10_200ugIPG3-10_7of15ul_fr42_128N	proteomic profiling by mass spectrometry	NT=Data-dependent acquisition;AC=PRIDE:0000627	NT=Q Exactive;AC=MS:1001911	NT=TMT 10-plex;AC=MS:1002010;CN=128N	NT=Trypsin;AC=MS:1001251	NT=Carbamidomethyl;AC=UNIMOD:4;TA=C;MT=Fixed	NT=Oxidation;AC=UNIMOD:35;TA=M;MT=Variable	42	1	Yan_miR_FASP_20140828_TMT10_200ugIPG3-10_7of15ul_fr42.raw	v1.1.0	NT=ms-proteomics;VV=v1.1.0	miR-519c-3p mimic	3-10
U1810 siCtrl replicate 2	Homo sapiens	lung	U1810	non-small cell lung carcinoma	2	Yan_miR_FASP_20140828_TMT10_200ugIPG3-10_7of15ul_fr42_128C	proteomic profiling by mass spectrometry	NT=Data-dependent acquisition;AC=PRIDE:0000627	NT=Q Exactive;AC=MS:1001911	NT=TMT 10-plex;AC=MS:1002010;CN=128C	NT=Trypsin;AC=MS:1001251	NT=Carbamidomethyl;AC=UNIMOD:4;TA=C;MT=Fixed	NT=Oxidation;AC=UNIMOD:35;TA=M;MT=Variable	42	1	Yan_miR_FASP_20140828_TMT10_200ugIPG3-10_7of15ul_fr42.raw	v1.1.0	NT=ms-proteomics;VV=v1.1.0	siCtrl	3-10
U1810 miR-372-3p mimic replicate 2	Homo sapiens	lung	U1810	non-small cell lung carcinoma	2	Yan_miR_FASP_20140828_TMT10_200ugIPG3-10_7of15ul_fr42_129N	proteomic profiling by mass spectrometry	NT=Data-dependent acquisition;AC=PRIDE:0000627	NT=Q Exactive;AC=MS:1001911	NT=TMT 10-plex;AC=MS:1002010;CN=129N	NT=Trypsin;AC=MS:1001251	NT=Carbamidomethyl;AC=UNIMOD:4;TA=C;MT=Fixed	NT=Oxidation;AC=UNIMOD:35;TA=M;MT=Variable	42	1	Yan_miR_FASP_20140828_TMT10_200ugIPG3-10_7of15ul_fr42.raw	v1.1.0	NT=ms-proteomics;VV=v1.1.0	miR-372-3p mimic	3-10
U1810 miR-519c-3p mimic replicate 2	Homo sapiens	lung	U1810	non-small cell lung carcinoma	2	Yan_miR_FASP_20140828_TMT10_200ugIPG3-10_7of15ul_fr42_129C	proteomic profiling by mass spectrometry	NT=Data-dependent acquisition;AC=PRIDE:0000627	NT=Q Exactive;AC=MS:1001911	NT=TMT 10-plex;AC=MS:1002010;CN=129C	NT=Trypsin;AC=MS:1001251	NT=Carbamidomethyl;AC=UNIMOD:4;TA=C;MT=Fixed	NT=Oxidation;AC=UNIMOD:35;TA=M;MT=Variable	42	1	Yan_miR_FASP_20140828_TMT10_200ugIPG3-10_7of15ul_fr42.raw	v1.1.0	NT=ms-proteomics;VV=v1.1.0	miR-519c-3p mimic	3-10
U1810 siCtrl replicate 3	Homo sapiens	lung	U1810	non-small cell lung carcinoma	3	Yan_miR_FASP_20140828_TMT10_200ugIPG3-10_7of15ul_fr42_130N	proteomic profiling by mass spectrometry	NT=Data-dependent acquisition;AC=PRIDE:0000627	NT=Q Exactive;AC=MS:1001911	NT=TMT 10-plex;AC=MS:1002010;CN=130N	NT=Trypsin;AC=MS:1001251	NT=Carbamidomethyl;AC=UNIMOD:4;TA=C;MT=Fixed	NT=Oxidation;AC=UNIMOD:35;TA=M;MT=Variable	42	1	Yan_miR_FASP_20140828_TMT10_200ugIPG3-10_7of15ul_fr42.raw	v1.1.0	NT=ms-proteomics;VV=v1.1.0	siCtrl	3-10
U1810 miR-191-5p mimic replicate 1	Homo sapiens	lung	U1810	non-small cell lung carcinoma	1	Yan_miR_FASP_20140828_TMT10_200ugIPG3-10_7of15ul_fr42_130C	proteomic profiling by mass spectrometry	NT=Data-dependent acquisition;AC=PRIDE:0000627	NT=Q Exactive;AC=MS:1001911	NT=TMT 10-plex;AC=MS:1002010;CN=130C	NT=Trypsin;AC=MS:1001251	NT=Carbamidomethyl;AC=UNIMOD:4;TA=C;MT=Fixed	NT=Oxidation;AC=UNIMOD:35;TA=M;MT=Variable	42	1	Yan_miR_FASP_20140828_TMT10_200ugIPG3-10_7of15ul_fr42.raw	v1.1.0	NT=ms-proteomics;VV=v1.1.0	miR-191-5p mimic	3-10
U1810 miR-372-3p mimic replicate 3	Homo sapiens	lung	U1810	non-small cell lung carcinoma	3	Yan_miR_FASP_20140828_TMT10_200ugIPG3-10_7of15ul_fr42_131	proteomic profiling by mass spectrometry	NT=Data-dependent acquisition;AC=PRIDE:0000627	NT=Q Exactive;AC=MS:1001911	NT=TMT 10-plex;AC=MS:1002010;CN=131	NT=Trypsin;AC=MS:1001251	NT=Carbamidomethyl;AC=UNIMOD:4;TA=C;MT=Fixed	NT=Oxidation;AC=UNIMOD:35;TA=M;MT=Variable	42	1	Yan_miR_FASP_20140828_TMT10_200ugIPG3-10_7of15ul_fr42.raw	v1.1.0	NT=ms-proteomics;VV=v1.1.0	miR-372-3p mimic	3-10
U1810 siCtrl replicate 1	Homo sapiens	lung	U1810	non-small cell lung carcinoma	1	Yan_miR_FASP_20140828_TMT10_200ugIPG3-10_7of15ul_fr47_126	proteomic profiling by mass spectrometry	NT=Data-dependent acquisition;AC=PRIDE:0000627	NT=Q Exactive;AC=MS:1001911	NT=TMT 10-plex;AC=MS:1002010;CN=126	NT=Trypsin;AC=MS:1001251	NT=Carbamidomethyl;AC=UNIMOD:4;TA=C;MT=Fixed	NT=Oxidation;AC=UNIMOD:35;TA=M;MT=Variable	47	1	Yan_miR_FASP_20140828_TMT10_200ugIPG3-10_7of15ul_fr47.raw	v1.1.0	NT=ms-proteomics;VV=v1.1.0	siCtrl	3-10
U1810 miR-191-5p mimic replicate 2	Homo sapiens	lung	U1810	non-small cell lung carcinoma	2	Yan_miR_FASP_20140828_TMT10_200ugIPG3-10_7of15ul_fr47_127N	proteomic profiling by mass spectrometry	NT=Data-dependent acquisition;AC=PRIDE:0000627	NT=Q Exactive;AC=MS:1001911	NT=TMT 10-plex;AC=MS:1002010;CN=127N	NT=Trypsin;AC=MS:1001251	NT=Carbamidomethyl;AC=UNIMOD:4;TA=C;MT=Fixed	NT=Oxidation;AC=UNIMOD:35;TA=M;MT=Variable	47	1	Yan_miR_FASP_20140828_TMT10_200ugIPG3-10_7of15ul_fr47.raw	v1.1.0	NT=ms-proteomics;VV=v1.1.0	miR-191-5p mimic	3-10
U1810 miR-372-3p mimic replicate 1	Homo sapiens	lung	U1810	non-small cell lung carcinoma	1	Yan_miR_FASP_20140828_TMT10_200ugIPG3-10_7of15ul_fr47_127C	proteomic profiling by mass spectrometry	NT=Data-dependent acquisition;AC=PRIDE:0000627	NT=Q Exactive;AC=MS:1001911	NT=TMT 10-plex;AC=MS:1002010;CN=127C	NT=Trypsin;AC=MS:1001251	NT=Carbamidomethyl;AC=UNIMOD:4;TA=C;MT=Fixed	NT=Oxidation;AC=UNIMOD:35;TA=M;MT=Variable	47	1	Yan_miR_FASP_20140828_TMT10_200ugIPG3-10_7of15ul_fr47.raw	v1.1.0	NT=ms-proteomics;VV=v1.1.0	miR-372-3p mimic	3-10
U1810 miR-519c-3p mimic replicate 1	Homo sapiens	lung	U1810	non-small cell lung carcinoma	1	Yan_miR_FASP_20140828_TMT10_200ugIPG3-10_7of15ul_fr47_128N	proteomic profiling by mass spectrometry	NT=Data-dependent acquisition;AC=PRIDE:0000627	NT=Q Exactive;AC=MS:1001911	NT=TMT 10-plex;AC=MS:1002010;CN=128N	NT=Trypsin;AC=MS:1001251	NT=Carbamidomethyl;AC=UNIMOD:4;TA=C;MT=Fixed	NT=Oxidation;AC=UNIMOD:35;TA=M;MT=Variable	47	1	Yan_miR_FASP_20140828_TMT10_200ugIPG3-10_7of15ul_fr47.raw	v1.1.0	NT=ms-proteomics;VV=v1.1.0	miR-519c-3p mimic	3-10
U1810 siCtrl replicate 2	Homo sapiens	lung	U1810	non-small cell lung carcinoma	2	Yan_miR_FASP_20140828_TMT10_200ugIPG3-10_7of15ul_fr47_128C	proteomic profiling by mass spectrometry	NT=Data-dependent acquisition;AC=PRIDE:0000627	NT=Q Exactive;AC=MS:1001911	NT=TMT 10-plex;AC=MS:1002010;CN=128C	NT=Trypsin;AC=MS:1001251	NT=Carbamidomethyl;AC=UNIMOD:4;TA=C;MT=Fixed	NT=Oxidation;AC=UNIMOD:35;TA=M;MT=Variable	47	1	Yan_miR_FASP_20140828_TMT10_200ugIPG3-10_7of15ul_fr47.raw	v1.1.0	NT=ms-proteomics;VV=v1.1.0	siCtrl	3-10
U1810 miR-372-3p mimic replicate 2	Homo sapiens	lung	U1810	non-small cell lung carcinoma	2	Yan_miR_FASP_20140828_TMT10_200ugIPG3-10_7of15ul_fr47_129N	proteomic profiling by mass spectrometry	NT=Data-dependent acquisition;AC=PRIDE:0000627	NT=Q Exactive;AC=MS:1001911	NT=TMT 10-plex;AC=MS:1002010;CN=129N	NT=Trypsin;AC=MS:1001251	NT=Carbamidomethyl;AC=UNIMOD:4;TA=C;MT=Fixed	NT=Oxidation;AC=UNIMOD:35;TA=M;MT=Variable	47	1	Yan_miR_FASP_20140828_TMT10_200ugIPG3-10_7of15ul_fr47.raw	v1.1.0	NT=ms-proteomics;VV=v1.1.0	miR-372-3p mimic	3-10
U1810 miR-519c-3p mimic replicate 2	Homo sapiens	lung	U1810	non-small cell lung carcinoma	2	Yan_miR_FASP_20140828_TMT10_200ugIPG3-10_7of15ul_fr47_129C	proteomic profiling by mass spectrometry	NT=Data-dependent acquisition;AC=PRIDE:0000627	NT=Q Exactive;AC=MS:1001911	NT=TMT 10-plex;AC=MS:1002010;CN=129C	NT=Trypsin;AC=MS:1001251	NT=Carbamidomethyl;AC=UNIMOD:4;TA=C;MT=Fixed	NT=Oxidation;AC=UNIMOD:35;TA=M;MT=Variable	47	1	Yan_miR_FASP_20140828_TMT10_200ugIPG3-10_7of15ul_fr47.raw	v1.1.0	NT=ms-proteomics;VV=v1.1.0	miR-519c-3p mimic	3-10
U1810 siCtrl replicate 3	Homo sapiens	lung	U1810	non-small cell lung carcinoma	3	Yan_miR_FASP_20140828_TMT10_200ugIPG3-10_7of15ul_fr47_130N	proteomic profiling by mass spectrometry	NT=Data-dependent acquisition;AC=PRIDE:0000627	NT=Q Exactive;AC=MS:1001911	NT=TMT 10-plex;AC=MS:1002010;CN=130N	NT=Trypsin;AC=MS:1001251	NT=Carbamidomethyl;AC=UNIMOD:4;TA=C;MT=Fixed	NT=Oxidation;AC=UNIMOD:35;TA=M;MT=Variable	47	1	Yan_miR_FASP_20140828_TMT10_200ugIPG3-10_7of15ul_fr47.raw	v1.1.0	NT=ms-proteomics;VV=v1.1.0	siCtrl	3-10
U1810 miR-191-5p mimic replicate 1	Homo sapiens	lung	U1810	non-small cell lung carcinoma	1	Yan_miR_FASP_20140828_TMT10_200ugIPG3-10_7of15ul_fr47_130C	proteomic profiling by mass spectrometry	NT=Data-dependent acquisition;AC=PRIDE:0000627	NT=Q Exactive;AC=MS:1001911	NT=TMT 10-plex;AC=MS:1002010;CN=130C	NT=Trypsin;AC=MS:1001251	NT=Carbamidomethyl;AC=UNIMOD:4;TA=C;MT=Fixed	NT=Oxidation;AC=UNIMOD:35;TA=M;MT=Variable	47	1	Yan_miR_FASP_20140828_TMT10_200ugIPG3-10_7of15ul_fr47.raw	v1.1.0	NT=ms-proteomics;VV=v1.1.0	miR-191-5p mimic	3-10
U1810 miR-372-3p mimic replicate 3	Homo sapiens	lung	U1810	non-small cell lung carcinoma	3	Yan_miR_FASP_20140828_TMT10_200ugIPG3-10_7of15ul_fr47_131	proteomic profiling by mass spectrometry	NT=Data-dependent acquisition;AC=PRIDE:0000627	NT=Q Exactive;AC=MS:1001911	NT=TMT 10-plex;AC=MS:1002010;CN=131	NT=Trypsin;AC=MS:1001251	NT=Carbamidomethyl;AC=UNIMOD:4;TA=C;MT=Fixed	NT=Oxidation;AC=UNIMOD:35;TA=M;MT=Variable	47	1	Yan_miR_FASP_20140828_TMT10_200ugIPG3-10_7of15ul_fr47.raw	v1.1.0	NT=ms-proteomics;VV=v1.1.0	miR-372-3p mimic	3-10
U1810 siCtrl replicate 1	Homo sapiens	lung	U1810	non-small cell lung carcinoma	1	Yan_miR_FASP_20140828_TMT10_200ugIPG3-10_7of15ul_fr49_126	proteomic profiling by mass spectrometry	NT=Data-dependent acquisition;AC=PRIDE:0000627	NT=Q Exactive;AC=MS:1001911	NT=TMT 10-plex;AC=MS:1002010;CN=126	NT=Trypsin;AC=MS:1001251	NT=Carbamidomethyl;AC=UNIMOD:4;TA=C;MT=Fixed	NT=Oxidation;AC=UNIMOD:35;TA=M;MT=Variable	49	1	Yan_miR_FASP_20140828_TMT10_200ugIPG3-10_7of15ul_fr49.raw	v1.1.0	NT=ms-proteomics;VV=v1.1.0	siCtrl	3-10
U1810 miR-191-5p mimic replicate 2	Homo sapiens	lung	U1810	non-small cell lung carcinoma	2	Yan_miR_FASP_20140828_TMT10_200ugIPG3-10_7of15ul_fr49_127N	proteomic profiling by mass spectrometry	NT=Data-dependent acquisition;AC=PRIDE:0000627	NT=Q Exactive;AC=MS:1001911	NT=TMT 10-plex;AC=MS:1002010;CN=127N	NT=Trypsin;AC=MS:1001251	NT=Carbamidomethyl;AC=UNIMOD:4;TA=C;MT=Fixed	NT=Oxidation;AC=UNIMOD:35;TA=M;MT=Variable	49	1	Yan_miR_FASP_20140828_TMT10_200ugIPG3-10_7of15ul_fr49.raw	v1.1.0	NT=ms-proteomics;VV=v1.1.0	miR-191-5p mimic	3-10
U1810 miR-372-3p mimic replicate 1	Homo sapiens	lung	U1810	non-small cell lung carcinoma	1	Yan_miR_FASP_20140828_TMT10_200ugIPG3-10_7of15ul_fr49_127C	proteomic profiling by mass spectrometry	NT=Data-dependent acquisition;AC=PRIDE:0000627	NT=Q Exactive;AC=MS:1001911	NT=TMT 10-plex;AC=MS:1002010;CN=127C	NT=Trypsin;AC=MS:1001251	NT=Carbamidomethyl;AC=UNIMOD:4;TA=C;MT=Fixed	NT=Oxidation;AC=UNIMOD:35;TA=M;MT=Variable	49	1	Yan_miR_FASP_20140828_TMT10_200ugIPG3-10_7of15ul_fr49.raw	v1.1.0	NT=ms-proteomics;VV=v1.1.0	miR-372-3p mimic	3-10
U1810 miR-519c-3p mimic replicate 1	Homo sapiens	lung	U1810	non-small cell lung carcinoma	1	Yan_miR_FASP_20140828_TMT10_200ugIPG3-10_7of15ul_fr49_128N	proteomic profiling by mass spectrometry	NT=Data-dependent acquisition;AC=PRIDE:0000627	NT=Q Exactive;AC=MS:1001911	NT=TMT 10-plex;AC=MS:1002010;CN=128N	NT=Trypsin;AC=MS:1001251	NT=Carbamidomethyl;AC=UNIMOD:4;TA=C;MT=Fixed	NT=Oxidation;AC=UNIMOD:35;TA=M;MT=Variable	49	1	Yan_miR_FASP_20140828_TMT10_200ugIPG3-10_7of15ul_fr49.raw	v1.1.0	NT=ms-proteomics;VV=v1.1.0	miR-519c-3p mimic	3-10
U1810 siCtrl replicate 2	Homo sapiens	lung	U1810	non-small cell lung carcinoma	2	Yan_miR_FASP_20140828_TMT10_200ugIPG3-10_7of15ul_fr49_128C	proteomic profiling by mass spectrometry	NT=Data-dependent acquisition;AC=PRIDE:0000627	NT=Q Exactive;AC=MS:1001911	NT=TMT 10-plex;AC=MS:1002010;CN=128C	NT=Trypsin;AC=MS:1001251	NT=Carbamidomethyl;AC=UNIMOD:4;TA=C;MT=Fixed	NT=Oxidation;AC=UNIMOD:35;TA=M;MT=Variable	49	1	Yan_miR_FASP_20140828_TMT10_200ugIPG3-10_7of15ul_fr49.raw	v1.1.0	NT=ms-proteomics;VV=v1.1.0	siCtrl	3-10
U1810 miR-372-3p mimic replicate 2	Homo sapiens	lung	U1810	non-small cell lung carcinoma	2	Yan_miR_FASP_20140828_TMT10_200ugIPG3-10_7of15ul_fr49_129N	proteomic profiling by mass spectrometry	NT=Data-dependent acquisition;AC=PRIDE:0000627	NT=Q Exactive;AC=MS:1001911	NT=TMT 10-plex;AC=MS:1002010;CN=129N	NT=Trypsin;AC=MS:1001251	NT=Carbamidomethyl;AC=UNIMOD:4;TA=C;MT=Fixed	NT=Oxidation;AC=UNIMOD:35;TA=M;MT=Variable	49	1	Yan_miR_FASP_20140828_TMT10_200ugIPG3-10_7of15ul_fr49.raw	v1.1.0	NT=ms-proteomics;VV=v1.1.0	miR-372-3p mimic	3-10
U1810 miR-519c-3p mimic replicate 2	Homo sapiens	lung	U1810	non-small cell lung carcinoma	2	Yan_miR_FASP_20140828_TMT10_200ugIPG3-10_7of15ul_fr49_129C	proteomic profiling by mass spectrometry	NT=Data-dependent acquisition;AC=PRIDE:0000627	NT=Q Exactive;AC=MS:1001911	NT=TMT 10-plex;AC=MS:1002010;CN=129C	NT=Trypsin;AC=MS:1001251	NT=Carbamidomethyl;AC=UNIMOD:4;TA=C;MT=Fixed	NT=Oxidation;AC=UNIMOD:35;TA=M;MT=Variable	49	1	Yan_miR_FASP_20140828_TMT10_200ugIPG3-10_7of15ul_fr49.raw	v1.1.0	NT=ms-proteomics;VV=v1.1.0	miR-519c-3p mimic	3-10
U1810 siCtrl replicate 3	Homo sapiens	lung	U1810	non-small cell lung carcinoma	3	Yan_miR_FASP_20140828_TMT10_200ugIPG3-10_7of15ul_fr49_130N	proteomic profiling by mass spectrometry	NT=Data-dependent acquisition;AC=PRIDE:0000627	NT=Q Exactive;AC=MS:1001911	NT=TMT 10-plex;AC=MS:1002010;CN=130N	NT=Trypsin;AC=MS:1001251	NT=Carbamidomethyl;AC=UNIMOD:4;TA=C;MT=Fixed	NT=Oxidation;AC=UNIMOD:35;TA=M;MT=Variable	49	1	Yan_miR_FASP_20140828_TMT10_200ugIPG3-10_7of15ul_fr49.raw	v1.1.0	NT=ms-proteomics;VV=v1.1.0	siCtrl	3-10
U1810 miR-191-5p mimic replicate 1	Homo sapiens	lung	U1810	non-small cell lung carcinoma	1	Yan_miR_FASP_20140828_TMT10_200ugIPG3-10_7of15ul_fr49_130C	proteomic profiling by mass spectrometry	NT=Data-dependent acquisition;AC=PRIDE:0000627	NT=Q Exactive;AC=MS:1001911	NT=TMT 10-plex;AC=MS:1002010;CN=130C	NT=Trypsin;AC=MS:1001251	NT=Carbamidomethyl;AC=UNIMOD:4;TA=C;MT=Fixed	NT=Oxidation;AC=UNIMOD:35;TA=M;MT=Variable	49	1	Yan_miR_FASP_20140828_TMT10_200ugIPG3-10_7of15ul_fr49.raw	v1.1.0	NT=ms-proteomics;VV=v1.1.0	miR-191-5p mimic	3-10
U1810 miR-372-3p mimic replicate 3	Homo sapiens	lung	U1810	non-small cell lung carcinoma	3	Yan_miR_FASP_20140828_TMT10_200ugIPG3-10_7of15ul_fr49_131	proteomic profiling by mass spectrometry	NT=Data-dependent acquisition;AC=PRIDE:0000627	NT=Q Exactive;AC=MS:1001911	NT=TMT 10-plex;AC=MS:1002010;CN=131	NT=Trypsin;AC=MS:1001251	NT=Carbamidomethyl;AC=UNIMOD:4;TA=C;MT=Fixed	NT=Oxidation;AC=UNIMOD:35;TA=M;MT=Variable	49	1	Yan_miR_FASP_20140828_TMT10_200ugIPG3-10_7of15ul_fr49.raw	v1.1.0	NT=ms-proteomics;VV=v1.1.0	miR-372-3p mimic	3-10
U1810 siCtrl replicate 1	Homo sapiens	lung	U1810	non-small cell lung carcinoma	1	Yan_miR_FASP_20140828_TMT10_200ugIPG3-10_7of15ul_fr51_126	proteomic profiling by mass spectrometry	NT=Data-dependent acquisition;AC=PRIDE:0000627	NT=Q Exactive;AC=MS:1001911	NT=TMT 10-plex;AC=MS:1002010;CN=126	NT=Trypsin;AC=MS:1001251	NT=Carbamidomethyl;AC=UNIMOD:4;TA=C;MT=Fixed	NT=Oxidation;AC=UNIMOD:35;TA=M;MT=Variable	51	1	Yan_miR_FASP_20140828_TMT10_200ugIPG3-10_7of15ul_fr51.raw	v1.1.0	NT=ms-proteomics;VV=v1.1.0	siCtrl	3-10
U1810 miR-191-5p mimic replicate 2	Homo sapiens	lung	U1810	non-small cell lung carcinoma	2	Yan_miR_FASP_20140828_TMT10_200ugIPG3-10_7of15ul_fr51_127N	proteomic profiling by mass spectrometry	NT=Data-dependent acquisition;AC=PRIDE:0000627	NT=Q Exactive;AC=MS:1001911	NT=TMT 10-plex;AC=MS:1002010;CN=127N	NT=Trypsin;AC=MS:1001251	NT=Carbamidomethyl;AC=UNIMOD:4;TA=C;MT=Fixed	NT=Oxidation;AC=UNIMOD:35;TA=M;MT=Variable	51	1	Yan_miR_FASP_20140828_TMT10_200ugIPG3-10_7of15ul_fr51.raw	v1.1.0	NT=ms-proteomics;VV=v1.1.0	miR-191-5p mimic	3-10
U1810 miR-372-3p mimic replicate 1	Homo sapiens	lung	U1810	non-small cell lung carcinoma	1	Yan_miR_FASP_20140828_TMT10_200ugIPG3-10_7of15ul_fr51_127C	proteomic profiling by mass spectrometry	NT=Data-dependent acquisition;AC=PRIDE:0000627	NT=Q Exactive;AC=MS:1001911	NT=TMT 10-plex;AC=MS:1002010;CN=127C	NT=Trypsin;AC=MS:1001251	NT=Carbamidomethyl;AC=UNIMOD:4;TA=C;MT=Fixed	NT=Oxidation;AC=UNIMOD:35;TA=M;MT=Variable	51	1	Yan_miR_FASP_20140828_TMT10_200ugIPG3-10_7of15ul_fr51.raw	v1.1.0	NT=ms-proteomics;VV=v1.1.0	miR-372-3p mimic	3-10
U1810 miR-519c-3p mimic replicate 1	Homo sapiens	lung	U1810	non-small cell lung carcinoma	1	Yan_miR_FASP_20140828_TMT10_200ugIPG3-10_7of15ul_fr51_128N	proteomic profiling by mass spectrometry	NT=Data-dependent acquisition;AC=PRIDE:0000627	NT=Q Exactive;AC=MS:1001911	NT=TMT 10-plex;AC=MS:1002010;CN=128N	NT=Trypsin;AC=MS:1001251	NT=Carbamidomethyl;AC=UNIMOD:4;TA=C;MT=Fixed	NT=Oxidation;AC=UNIMOD:35;TA=M;MT=Variable	51	1	Yan_miR_FASP_20140828_TMT10_200ugIPG3-10_7of15ul_fr51.raw	v1.1.0	NT=ms-proteomics;VV=v1.1.0	miR-519c-3p mimic	3-10
U1810 siCtrl replicate 2	Homo sapiens	lung	U1810	non-small cell lung carcinoma	2	Yan_miR_FASP_20140828_TMT10_200ugIPG3-10_7of15ul_fr51_128C	proteomic profiling by mass spectrometry	NT=Data-dependent acquisition;AC=PRIDE:0000627	NT=Q Exactive;AC=MS:1001911	NT=TMT 10-plex;AC=MS:1002010;CN=128C	NT=Trypsin;AC=MS:1001251	NT=Carbamidomethyl;AC=UNIMOD:4;TA=C;MT=Fixed	NT=Oxidation;AC=UNIMOD:35;TA=M;MT=Variable	51	1	Yan_miR_FASP_20140828_TMT10_200ugIPG3-10_7of15ul_fr51.raw	v1.1.0	NT=ms-proteomics;VV=v1.1.0	siCtrl	3-10
U1810 miR-372-3p mimic replicate 2	Homo sapiens	lung	U1810	non-small cell lung carcinoma	2	Yan_miR_FASP_20140828_TMT10_200ugIPG3-10_7of15ul_fr51_129N	proteomic profiling by mass spectrometry	NT=Data-dependent acquisition;AC=PRIDE:0000627	NT=Q Exactive;AC=MS:1001911	NT=TMT 10-plex;AC=MS:1002010;CN=129N	NT=Trypsin;AC=MS:1001251	NT=Carbamidomethyl;AC=UNIMOD:4;TA=C;MT=Fixed	NT=Oxidation;AC=UNIMOD:35;TA=M;MT=Variable	51	1	Yan_miR_FASP_20140828_TMT10_200ugIPG3-10_7of15ul_fr51.raw	v1.1.0	NT=ms-proteomics;VV=v1.1.0	miR-372-3p mimic	3-10
U1810 miR-519c-3p mimic replicate 2	Homo sapiens	lung	U1810	non-small cell lung carcinoma	2	Yan_miR_FASP_20140828_TMT10_200ugIPG3-10_7of15ul_fr51_129C	proteomic profiling by mass spectrometry	NT=Data-dependent acquisition;AC=PRIDE:0000627	NT=Q Exactive;AC=MS:1001911	NT=TMT 10-plex;AC=MS:1002010;CN=129C	NT=Trypsin;AC=MS:1001251	NT=Carbamidomethyl;AC=UNIMOD:4;TA=C;MT=Fixed	NT=Oxidation;AC=UNIMOD:35;TA=M;MT=Variable	51	1	Yan_miR_FASP_20140828_TMT10_200ugIPG3-10_7of15ul_fr51.raw	v1.1.0	NT=ms-proteomics;VV=v1.1.0	miR-519c-3p mimic	3-10
U1810 siCtrl replicate 3	Homo sapiens	lung	U1810	non-small cell lung carcinoma	3	Yan_miR_FASP_20140828_TMT10_200ugIPG3-10_7of15ul_fr51_130N	proteomic profiling by mass spectrometry	NT=Data-dependent acquisition;AC=PRIDE:0000627	NT=Q Exactive;AC=MS:1001911	NT=TMT 10-plex;AC=MS:1002010;CN=130N	NT=Trypsin;AC=MS:1001251	NT=Carbamidomethyl;AC=UNIMOD:4;TA=C;MT=Fixed	NT=Oxidation;AC=UNIMOD:35;TA=M;MT=Variable	51	1	Yan_miR_FASP_20140828_TMT10_200ugIPG3-10_7of15ul_fr51.raw	v1.1.0	NT=ms-proteomics;VV=v1.1.0	siCtrl	3-10
U1810 miR-191-5p mimic replicate 1	Homo sapiens	lung	U1810	non-small cell lung carcinoma	1	Yan_miR_FASP_20140828_TMT10_200ugIPG3-10_7of15ul_fr51_130C	proteomic profiling by mass spectrometry	NT=Data-dependent acquisition;AC=PRIDE:0000627	NT=Q Exactive;AC=MS:1001911	NT=TMT 10-plex;AC=MS:1002010;CN=130C	NT=Trypsin;AC=MS:1001251	NT=Carbamidomethyl;AC=UNIMOD:4;TA=C;MT=Fixed	NT=Oxidation;AC=UNIMOD:35;TA=M;MT=Variable	51	1	Yan_miR_FASP_20140828_TMT10_200ugIPG3-10_7of15ul_fr51.raw	v1.1.0	NT=ms-proteomics;VV=v1.1.0	miR-191-5p mimic	3-10
U1810 miR-372-3p mimic replicate 3	Homo sapiens	lung	U1810	non-small cell lung carcinoma	3	Yan_miR_FASP_20140828_TMT10_200ugIPG3-10_7of15ul_fr51_131	proteomic profiling by mass spectrometry	NT=Data-dependent acquisition;AC=PRIDE:0000627	NT=Q Exactive;AC=MS:1001911	NT=TMT 10-plex;AC=MS:1002010;CN=131	NT=Trypsin;AC=MS:1001251	NT=Carbamidomethyl;AC=UNIMOD:4;TA=C;MT=Fixed	NT=Oxidation;AC=UNIMOD:35;TA=M;MT=Variable	51	1	Yan_miR_FASP_20140828_TMT10_200ugIPG3-10_7of15ul_fr51.raw	v1.1.0	NT=ms-proteomics;VV=v1.1.0	miR-372-3p mimic	3-10
U1810 siCtrl replicate 1	Homo sapiens	lung	U1810	non-small cell lung carcinoma	1	Yan_miR_FASP_20140828_TMT10_200ugIPG3-10_7of15ul_fr57_126	proteomic profiling by mass spectrometry	NT=Data-dependent acquisition;AC=PRIDE:0000627	NT=Q Exactive;AC=MS:1001911	NT=TMT 10-plex;AC=MS:1002010;CN=126	NT=Trypsin;AC=MS:1001251	NT=Carbamidomethyl;AC=UNIMOD:4;TA=C;MT=Fixed	NT=Oxidation;AC=UNIMOD:35;TA=M;MT=Variable	57	1	Yan_miR_FASP_20140828_TMT10_200ugIPG3-10_7of15ul_fr57.raw	v1.1.0	NT=ms-proteomics;VV=v1.1.0	siCtrl	3-10
U1810 miR-191-5p mimic replicate 2	Homo sapiens	lung	U1810	non-small cell lung carcinoma	2	Yan_miR_FASP_20140828_TMT10_200ugIPG3-10_7of15ul_fr57_127N	proteomic profiling by mass spectrometry	NT=Data-dependent acquisition;AC=PRIDE:0000627	NT=Q Exactive;AC=MS:1001911	NT=TMT 10-plex;AC=MS:1002010;CN=127N	NT=Trypsin;AC=MS:1001251	NT=Carbamidomethyl;AC=UNIMOD:4;TA=C;MT=Fixed	NT=Oxidation;AC=UNIMOD:35;TA=M;MT=Variable	57	1	Yan_miR_FASP_20140828_TMT10_200ugIPG3-10_7of15ul_fr57.raw	v1.1.0	NT=ms-proteomics;VV=v1.1.0	miR-191-5p mimic	3-10
U1810 miR-372-3p mimic replicate 1	Homo sapiens	lung	U1810	non-small cell lung carcinoma	1	Yan_miR_FASP_20140828_TMT10_200ugIPG3-10_7of15ul_fr57_127C	proteomic profiling by mass spectrometry	NT=Data-dependent acquisition;AC=PRIDE:0000627	NT=Q Exactive;AC=MS:1001911	NT=TMT 10-plex;AC=MS:1002010;CN=127C	NT=Trypsin;AC=MS:1001251	NT=Carbamidomethyl;AC=UNIMOD:4;TA=C;MT=Fixed	NT=Oxidation;AC=UNIMOD:35;TA=M;MT=Variable	57	1	Yan_miR_FASP_20140828_TMT10_200ugIPG3-10_7of15ul_fr57.raw	v1.1.0	NT=ms-proteomics;VV=v1.1.0	miR-372-3p mimic	3-10
U1810 miR-519c-3p mimic replicate 1	Homo sapiens	lung	U1810	non-small cell lung carcinoma	1	Yan_miR_FASP_20140828_TMT10_200ugIPG3-10_7of15ul_fr57_128N	proteomic profiling by mass spectrometry	NT=Data-dependent acquisition;AC=PRIDE:0000627	NT=Q Exactive;AC=MS:1001911	NT=TMT 10-plex;AC=MS:1002010;CN=128N	NT=Trypsin;AC=MS:1001251	NT=Carbamidomethyl;AC=UNIMOD:4;TA=C;MT=Fixed	NT=Oxidation;AC=UNIMOD:35;TA=M;MT=Variable	57	1	Yan_miR_FASP_20140828_TMT10_200ugIPG3-10_7of15ul_fr57.raw	v1.1.0	NT=ms-proteomics;VV=v1.1.0	miR-519c-3p mimic	3-10
U1810 siCtrl replicate 2	Homo sapiens	lung	U1810	non-small cell lung carcinoma	2	Yan_miR_FASP_20140828_TMT10_200ugIPG3-10_7of15ul_fr57_128C	proteomic profiling by mass spectrometry	NT=Data-dependent acquisition;AC=PRIDE:0000627	NT=Q Exactive;AC=MS:1001911	NT=TMT 10-plex;AC=MS:1002010;CN=128C	NT=Trypsin;AC=MS:1001251	NT=Carbamidomethyl;AC=UNIMOD:4;TA=C;MT=Fixed	NT=Oxidation;AC=UNIMOD:35;TA=M;MT=Variable	57	1	Yan_miR_FASP_20140828_TMT10_200ugIPG3-10_7of15ul_fr57.raw	v1.1.0	NT=ms-proteomics;VV=v1.1.0	siCtrl	3-10
U1810 miR-372-3p mimic replicate 2	Homo sapiens	lung	U1810	non-small cell lung carcinoma	2	Yan_miR_FASP_20140828_TMT10_200ugIPG3-10_7of15ul_fr57_129N	proteomic profiling by mass spectrometry	NT=Data-dependent acquisition;AC=PRIDE:0000627	NT=Q Exactive;AC=MS:1001911	NT=TMT 10-plex;AC=MS:1002010;CN=129N	NT=Trypsin;AC=MS:1001251	NT=Carbamidomethyl;AC=UNIMOD:4;TA=C;MT=Fixed	NT=Oxidation;AC=UNIMOD:35;TA=M;MT=Variable	57	1	Yan_miR_FASP_20140828_TMT10_200ugIPG3-10_7of15ul_fr57.raw	v1.1.0	NT=ms-proteomics;VV=v1.1.0	miR-372-3p mimic	3-10
U1810 miR-519c-3p mimic replicate 2	Homo sapiens	lung	U1810	non-small cell lung carcinoma	2	Yan_miR_FASP_20140828_TMT10_200ugIPG3-10_7of15ul_fr57_129C	proteomic profiling by mass spectrometry	NT=Data-dependent acquisition;AC=PRIDE:0000627	NT=Q Exactive;AC=MS:1001911	NT=TMT 10-plex;AC=MS:1002010;CN=129C	NT=Trypsin;AC=MS:1001251	NT=Carbamidomethyl;AC=UNIMOD:4;TA=C;MT=Fixed	NT=Oxidation;AC=UNIMOD:35;TA=M;MT=Variable	57	1	Yan_miR_FASP_20140828_TMT10_200ugIPG3-10_7of15ul_fr57.raw	v1.1.0	NT=ms-proteomics;VV=v1.1.0	miR-519c-3p mimic	3-10
U1810 siCtrl replicate 3	Homo sapiens	lung	U1810	non-small cell lung carcinoma	3	Yan_miR_FASP_20140828_TMT10_200ugIPG3-10_7of15ul_fr57_130N	proteomic profiling by mass spectrometry	NT=Data-dependent acquisition;AC=PRIDE:0000627	NT=Q Exactive;AC=MS:1001911	NT=TMT 10-plex;AC=MS:1002010;CN=130N	NT=Trypsin;AC=MS:1001251	NT=Carbamidomethyl;AC=UNIMOD:4;TA=C;MT=Fixed	NT=Oxidation;AC=UNIMOD:35;TA=M;MT=Variable	57	1	Yan_miR_FASP_20140828_TMT10_200ugIPG3-10_7of15ul_fr57.raw	v1.1.0	NT=ms-proteomics;VV=v1.1.0	siCtrl	3-10
U1810 miR-191-5p mimic replicate 1	Homo sapiens	lung	U1810	non-small cell lung carcinoma	1	Yan_miR_FASP_20140828_TMT10_200ugIPG3-10_7of15ul_fr57_130C	proteomic profiling by mass spectrometry	NT=Data-dependent acquisition;AC=PRIDE:0000627	NT=Q Exactive;AC=MS:1001911	NT=TMT 10-plex;AC=MS:1002010;CN=130C	NT=Trypsin;AC=MS:1001251	NT=Carbamidomethyl;AC=UNIMOD:4;TA=C;MT=Fixed	NT=Oxidation;AC=UNIMOD:35;TA=M;MT=Variable	57	1	Yan_miR_FASP_20140828_TMT10_200ugIPG3-10_7of15ul_fr57.raw	v1.1.0	NT=ms-proteomics;VV=v1.1.0	miR-191-5p mimic	3-10
U1810 miR-372-3p mimic replicate 3	Homo sapiens	lung	U1810	non-small cell lung carcinoma	3	Yan_miR_FASP_20140828_TMT10_200ugIPG3-10_7of15ul_fr57_131	proteomic profiling by mass spectrometry	NT=Data-dependent acquisition;AC=PRIDE:0000627	NT=Q Exactive;AC=MS:1001911	NT=TMT 10-plex;AC=MS:1002010;CN=131	NT=Trypsin;AC=MS:1001251	NT=Carbamidomethyl;AC=UNIMOD:4;TA=C;MT=Fixed	NT=Oxidation;AC=UNIMOD:35;TA=M;MT=Variable	57	1	Yan_miR_FASP_20140828_TMT10_200ugIPG3-10_7of15ul_fr57.raw	v1.1.0	NT=ms-proteomics;VV=v1.1.0	miR-372-3p mimic	3-10
U1810 siCtrl replicate 1	Homo sapiens	lung	U1810	non-small cell lung carcinoma	1	Yan_miR_FASP_20140828_TMT10_200ugIPG3-10_7of15ul_fr58_126	proteomic profiling by mass spectrometry	NT=Data-dependent acquisition;AC=PRIDE:0000627	NT=Q Exactive;AC=MS:1001911	NT=TMT 10-plex;AC=MS:1002010;CN=126	NT=Trypsin;AC=MS:1001251	NT=Carbamidomethyl;AC=UNIMOD:4;TA=C;MT=Fixed	NT=Oxidation;AC=UNIMOD:35;TA=M;MT=Variable	58	1	Yan_miR_FASP_20140828_TMT10_200ugIPG3-10_7of15ul_fr58.raw	v1.1.0	NT=ms-proteomics;VV=v1.1.0	siCtrl	3-10
U1810 miR-191-5p mimic replicate 2	Homo sapiens	lung	U1810	non-small cell lung carcinoma	2	Yan_miR_FASP_20140828_TMT10_200ugIPG3-10_7of15ul_fr58_127N	proteomic profiling by mass spectrometry	NT=Data-dependent acquisition;AC=PRIDE:0000627	NT=Q Exactive;AC=MS:1001911	NT=TMT 10-plex;AC=MS:1002010;CN=127N	NT=Trypsin;AC=MS:1001251	NT=Carbamidomethyl;AC=UNIMOD:4;TA=C;MT=Fixed	NT=Oxidation;AC=UNIMOD:35;TA=M;MT=Variable	58	1	Yan_miR_FASP_20140828_TMT10_200ugIPG3-10_7of15ul_fr58.raw	v1.1.0	NT=ms-proteomics;VV=v1.1.0	miR-191-5p mimic	3-10
U1810 miR-372-3p mimic replicate 1	Homo sapiens	lung	U1810	non-small cell lung carcinoma	1	Yan_miR_FASP_20140828_TMT10_200ugIPG3-10_7of15ul_fr58_127C	proteomic profiling by mass spectrometry	NT=Data-dependent acquisition;AC=PRIDE:0000627	NT=Q Exactive;AC=MS:1001911	NT=TMT 10-plex;AC=MS:1002010;CN=127C	NT=Trypsin;AC=MS:1001251	NT=Carbamidomethyl;AC=UNIMOD:4;TA=C;MT=Fixed	NT=Oxidation;AC=UNIMOD:35;TA=M;MT=Variable	58	1	Yan_miR_FASP_20140828_TMT10_200ugIPG3-10_7of15ul_fr58.raw	v1.1.0	NT=ms-proteomics;VV=v1.1.0	miR-372-3p mimic	3-10
U1810 miR-519c-3p mimic replicate 1	Homo sapiens	lung	U1810	non-small cell lung carcinoma	1	Yan_miR_FASP_20140828_TMT10_200ugIPG3-10_7of15ul_fr58_128N	proteomic profiling by mass spectrometry	NT=Data-dependent acquisition;AC=PRIDE:0000627	NT=Q Exactive;AC=MS:1001911	NT=TMT 10-plex;AC=MS:1002010;CN=128N	NT=Trypsin;AC=MS:1001251	NT=Carbamidomethyl;AC=UNIMOD:4;TA=C;MT=Fixed	NT=Oxidation;AC=UNIMOD:35;TA=M;MT=Variable	58	1	Yan_miR_FASP_20140828_TMT10_200ugIPG3-10_7of15ul_fr58.raw	v1.1.0	NT=ms-proteomics;VV=v1.1.0	miR-519c-3p mimic	3-10
U1810 siCtrl replicate 2	Homo sapiens	lung	U1810	non-small cell lung carcinoma	2	Yan_miR_FASP_20140828_TMT10_200ugIPG3-10_7of15ul_fr58_128C	proteomic profiling by mass spectrometry	NT=Data-dependent acquisition;AC=PRIDE:0000627	NT=Q Exactive;AC=MS:1001911	NT=TMT 10-plex;AC=MS:1002010;CN=128C	NT=Trypsin;AC=MS:1001251	NT=Carbamidomethyl;AC=UNIMOD:4;TA=C;MT=Fixed	NT=Oxidation;AC=UNIMOD:35;TA=M;MT=Variable	58	1	Yan_miR_FASP_20140828_TMT10_200ugIPG3-10_7of15ul_fr58.raw	v1.1.0	NT=ms-proteomics;VV=v1.1.0	siCtrl	3-10
U1810 miR-372-3p mimic replicate 2	Homo sapiens	lung	U1810	non-small cell lung carcinoma	2	Yan_miR_FASP_20140828_TMT10_200ugIPG3-10_7of15ul_fr58_129N	proteomic profiling by mass spectrometry	NT=Data-dependent acquisition;AC=PRIDE:0000627	NT=Q Exactive;AC=MS:1001911	NT=TMT 10-plex;AC=MS:1002010;CN=129N	NT=Trypsin;AC=MS:1001251	NT=Carbamidomethyl;AC=UNIMOD:4;TA=C;MT=Fixed	NT=Oxidation;AC=UNIMOD:35;TA=M;MT=Variable	58	1	Yan_miR_FASP_20140828_TMT10_200ugIPG3-10_7of15ul_fr58.raw	v1.1.0	NT=ms-proteomics;VV=v1.1.0	miR-372-3p mimic	3-10
U1810 miR-519c-3p mimic replicate 2	Homo sapiens	lung	U1810	non-small cell lung carcinoma	2	Yan_miR_FASP_20140828_TMT10_200ugIPG3-10_7of15ul_fr58_129C	proteomic profiling by mass spectrometry	NT=Data-dependent acquisition;AC=PRIDE:0000627	NT=Q Exactive;AC=MS:1001911	NT=TMT 10-plex;AC=MS:1002010;CN=129C	NT=Trypsin;AC=MS:1001251	NT=Carbamidomethyl;AC=UNIMOD:4;TA=C;MT=Fixed	NT=Oxidation;AC=UNIMOD:35;TA=M;MT=Variable	58	1	Yan_miR_FASP_20140828_TMT10_200ugIPG3-10_7of15ul_fr58.raw	v1.1.0	NT=ms-proteomics;VV=v1.1.0	miR-519c-3p mimic	3-10
U1810 siCtrl replicate 3	Homo sapiens	lung	U1810	non-small cell lung carcinoma	3	Yan_miR_FASP_20140828_TMT10_200ugIPG3-10_7of15ul_fr58_130N	proteomic profiling by mass spectrometry	NT=Data-dependent acquisition;AC=PRIDE:0000627	NT=Q Exactive;AC=MS:1001911	NT=TMT 10-plex;AC=MS:1002010;CN=130N	NT=Trypsin;AC=MS:1001251	NT=Carbamidomethyl;AC=UNIMOD:4;TA=C;MT=Fixed	NT=Oxidation;AC=UNIMOD:35;TA=M;MT=Variable	58	1	Yan_miR_FASP_20140828_TMT10_200ugIPG3-10_7of15ul_fr58.raw	v1.1.0	NT=ms-proteomics;VV=v1.1.0	siCtrl	3-10
U1810 miR-191-5p mimic replicate 1	Homo sapiens	lung	U1810	non-small cell lung carcinoma	1	Yan_miR_FASP_20140828_TMT10_200ugIPG3-10_7of15ul_fr58_130C	proteomic profiling by mass spectrometry	NT=Data-dependent acquisition;AC=PRIDE:0000627	NT=Q Exactive;AC=MS:1001911	NT=TMT 10-plex;AC=MS:1002010;CN=130C	NT=Trypsin;AC=MS:1001251	NT=Carbamidomethyl;AC=UNIMOD:4;TA=C;MT=Fixed	NT=Oxidation;AC=UNIMOD:35;TA=M;MT=Variable	58	1	Yan_miR_FASP_20140828_TMT10_200ugIPG3-10_7of15ul_fr58.raw	v1.1.0	NT=ms-proteomics;VV=v1.1.0	miR-191-5p mimic	3-10
U1810 miR-372-3p mimic replicate 3	Homo sapiens	lung	U1810	non-small cell lung carcinoma	3	Yan_miR_FASP_20140828_TMT10_200ugIPG3-10_7of15ul_fr58_131	proteomic profiling by mass spectrometry	NT=Data-dependent acquisition;AC=PRIDE:0000627	NT=Q Exactive;AC=MS:1001911	NT=TMT 10-plex;AC=MS:1002010;CN=131	NT=Trypsin;AC=MS:1001251	NT=Carbamidomethyl;AC=UNIMOD:4;TA=C;MT=Fixed	NT=Oxidation;AC=UNIMOD:35;TA=M;MT=Variable	58	1	Yan_miR_FASP_20140828_TMT10_200ugIPG3-10_7of15ul_fr58.raw	v1.1.0	NT=ms-proteomics;VV=v1.1.0	miR-372-3p mimic	3-10
U1810 siCtrl replicate 1	Homo sapiens	lung	U1810	non-small cell lung carcinoma	1	Yan_miR_FASP_20140828_TMT10_200ugIPG3-10_7of15ul_fr59_126	proteomic profiling by mass spectrometry	NT=Data-dependent acquisition;AC=PRIDE:0000627	NT=Q Exactive;AC=MS:1001911	NT=TMT 10-plex;AC=MS:1002010;CN=126	NT=Trypsin;AC=MS:1001251	NT=Carbamidomethyl;AC=UNIMOD:4;TA=C;MT=Fixed	NT=Oxidation;AC=UNIMOD:35;TA=M;MT=Variable	59	1	Yan_miR_FASP_20140828_TMT10_200ugIPG3-10_7of15ul_fr59.raw	v1.1.0	NT=ms-proteomics;VV=v1.1.0	siCtrl	3-10
U1810 miR-191-5p mimic replicate 2	Homo sapiens	lung	U1810	non-small cell lung carcinoma	2	Yan_miR_FASP_20140828_TMT10_200ugIPG3-10_7of15ul_fr59_127N	proteomic profiling by mass spectrometry	NT=Data-dependent acquisition;AC=PRIDE:0000627	NT=Q Exactive;AC=MS:1001911	NT=TMT 10-plex;AC=MS:1002010;CN=127N	NT=Trypsin;AC=MS:1001251	NT=Carbamidomethyl;AC=UNIMOD:4;TA=C;MT=Fixed	NT=Oxidation;AC=UNIMOD:35;TA=M;MT=Variable	59	1	Yan_miR_FASP_20140828_TMT10_200ugIPG3-10_7of15ul_fr59.raw	v1.1.0	NT=ms-proteomics;VV=v1.1.0	miR-191-5p mimic	3-10
U1810 miR-372-3p mimic replicate 1	Homo sapiens	lung	U1810	non-small cell lung carcinoma	1	Yan_miR_FASP_20140828_TMT10_200ugIPG3-10_7of15ul_fr59_127C	proteomic profiling by mass spectrometry	NT=Data-dependent acquisition;AC=PRIDE:0000627	NT=Q Exactive;AC=MS:1001911	NT=TMT 10-plex;AC=MS:1002010;CN=127C	NT=Trypsin;AC=MS:1001251	NT=Carbamidomethyl;AC=UNIMOD:4;TA=C;MT=Fixed	NT=Oxidation;AC=UNIMOD:35;TA=M;MT=Variable	59	1	Yan_miR_FASP_20140828_TMT10_200ugIPG3-10_7of15ul_fr59.raw	v1.1.0	NT=ms-proteomics;VV=v1.1.0	miR-372-3p mimic	3-10
U1810 miR-519c-3p mimic replicate 1	Homo sapiens	lung	U1810	non-small cell lung carcinoma	1	Yan_miR_FASP_20140828_TMT10_200ugIPG3-10_7of15ul_fr59_128N	proteomic profiling by mass spectrometry	NT=Data-dependent acquisition;AC=PRIDE:0000627	NT=Q Exactive;AC=MS:1001911	NT=TMT 10-plex;AC=MS:1002010;CN=128N	NT=Trypsin;AC=MS:1001251	NT=Carbamidomethyl;AC=UNIMOD:4;TA=C;MT=Fixed	NT=Oxidation;AC=UNIMOD:35;TA=M;MT=Variable	59	1	Yan_miR_FASP_20140828_TMT10_200ugIPG3-10_7of15ul_fr59.raw	v1.1.0	NT=ms-proteomics;VV=v1.1.0	miR-519c-3p mimic	3-10
U1810 siCtrl replicate 2	Homo sapiens	lung	U1810	non-small cell lung carcinoma	2	Yan_miR_FASP_20140828_TMT10_200ugIPG3-10_7of15ul_fr59_128C	proteomic profiling by mass spectrometry	NT=Data-dependent acquisition;AC=PRIDE:0000627	NT=Q Exactive;AC=MS:1001911	NT=TMT 10-plex;AC=MS:1002010;CN=128C	NT=Trypsin;AC=MS:1001251	NT=Carbamidomethyl;AC=UNIMOD:4;TA=C;MT=Fixed	NT=Oxidation;AC=UNIMOD:35;TA=M;MT=Variable	59	1	Yan_miR_FASP_20140828_TMT10_200ugIPG3-10_7of15ul_fr59.raw	v1.1.0	NT=ms-proteomics;VV=v1.1.0	siCtrl	3-10
U1810 miR-372-3p mimic replicate 2	Homo sapiens	lung	U1810	non-small cell lung carcinoma	2	Yan_miR_FASP_20140828_TMT10_200ugIPG3-10_7of15ul_fr59_129N	proteomic profiling by mass spectrometry	NT=Data-dependent acquisition;AC=PRIDE:0000627	NT=Q Exactive;AC=MS:1001911	NT=TMT 10-plex;AC=MS:1002010;CN=129N	NT=Trypsin;AC=MS:1001251	NT=Carbamidomethyl;AC=UNIMOD:4;TA=C;MT=Fixed	NT=Oxidation;AC=UNIMOD:35;TA=M;MT=Variable	59	1	Yan_miR_FASP_20140828_TMT10_200ugIPG3-10_7of15ul_fr59.raw	v1.1.0	NT=ms-proteomics;VV=v1.1.0	miR-372-3p mimic	3-10
U1810 miR-519c-3p mimic replicate 2	Homo sapiens	lung	U1810	non-small cell lung carcinoma	2	Yan_miR_FASP_20140828_TMT10_200ugIPG3-10_7of15ul_fr59_129C	proteomic profiling by mass spectrometry	NT=Data-dependent acquisition;AC=PRIDE:0000627	NT=Q Exactive;AC=MS:1001911	NT=TMT 10-plex;AC=MS:1002010;CN=129C	NT=Trypsin;AC=MS:1001251	NT=Carbamidomethyl;AC=UNIMOD:4;TA=C;MT=Fixed	NT=Oxidation;AC=UNIMOD:35;TA=M;MT=Variable	59	1	Yan_miR_FASP_20140828_TMT10_200ugIPG3-10_7of15ul_fr59.raw	v1.1.0	NT=ms-proteomics;VV=v1.1.0	miR-519c-3p mimic	3-10
U1810 siCtrl replicate 3	Homo sapiens	lung	U1810	non-small cell lung carcinoma	3	Yan_miR_FASP_20140828_TMT10_200ugIPG3-10_7of15ul_fr59_130N	proteomic profiling by mass spectrometry	NT=Data-dependent acquisition;AC=PRIDE:0000627	NT=Q Exactive;AC=MS:1001911	NT=TMT 10-plex;AC=MS:1002010;CN=130N	NT=Trypsin;AC=MS:1001251	NT=Carbamidomethyl;AC=UNIMOD:4;TA=C;MT=Fixed	NT=Oxidation;AC=UNIMOD:35;TA=M;MT=Variable	59	1	Yan_miR_FASP_20140828_TMT10_200ugIPG3-10_7of15ul_fr59.raw	v1.1.0	NT=ms-proteomics;VV=v1.1.0	siCtrl	3-10
U1810 miR-191-5p mimic replicate 1	Homo sapiens	lung	U1810	non-small cell lung carcinoma	1	Yan_miR_FASP_20140828_TMT10_200ugIPG3-10_7of15ul_fr59_130C	proteomic profiling by mass spectrometry	NT=Data-dependent acquisition;AC=PRIDE:0000627	NT=Q Exactive;AC=MS:1001911	NT=TMT 10-plex;AC=MS:1002010;CN=130C	NT=Trypsin;AC=MS:1001251	NT=Carbamidomethyl;AC=UNIMOD:4;TA=C;MT=Fixed	NT=Oxidation;AC=UNIMOD:35;TA=M;MT=Variable	59	1	Yan_miR_FASP_20140828_TMT10_200ugIPG3-10_7of15ul_fr59.raw	v1.1.0	NT=ms-proteomics;VV=v1.1.0	miR-191-5p mimic	3-10
U1810 miR-372-3p mimic replicate 3	Homo sapiens	lung	U1810	non-small cell lung carcinoma	3	Yan_miR_FASP_20140828_TMT10_200ugIPG3-10_7of15ul_fr59_131	proteomic profiling by mass spectrometry	NT=Data-dependent acquisition;AC=PRIDE:0000627	NT=Q Exactive;AC=MS:1001911	NT=TMT 10-plex;AC=MS:1002010;CN=131	NT=Trypsin;AC=MS:1001251	NT=Carbamidomethyl;AC=UNIMOD:4;TA=C;MT=Fixed	NT=Oxidation;AC=UNIMOD:35;TA=M;MT=Variable	59	1	Yan_miR_FASP_20140828_TMT10_200ugIPG3-10_7of15ul_fr59.raw	v1.1.0	NT=ms-proteomics;VV=v1.1.0	miR-372-3p mimic	3-10
U1810 siCtrl replicate 1	Homo sapiens	lung	U1810	non-small cell lung carcinoma	1	Yan_miR_FASP_20140828_TMT10_200ugIPG3-10_7of15ul_fr63_126	proteomic profiling by mass spectrometry	NT=Data-dependent acquisition;AC=PRIDE:0000627	NT=Q Exactive;AC=MS:1001911	NT=TMT 10-plex;AC=MS:1002010;CN=126	NT=Trypsin;AC=MS:1001251	NT=Carbamidomethyl;AC=UNIMOD:4;TA=C;MT=Fixed	NT=Oxidation;AC=UNIMOD:35;TA=M;MT=Variable	63	1	Yan_miR_FASP_20140828_TMT10_200ugIPG3-10_7of15ul_fr63.raw	v1.1.0	NT=ms-proteomics;VV=v1.1.0	siCtrl	3-10
U1810 miR-191-5p mimic replicate 2	Homo sapiens	lung	U1810	non-small cell lung carcinoma	2	Yan_miR_FASP_20140828_TMT10_200ugIPG3-10_7of15ul_fr63_127N	proteomic profiling by mass spectrometry	NT=Data-dependent acquisition;AC=PRIDE:0000627	NT=Q Exactive;AC=MS:1001911	NT=TMT 10-plex;AC=MS:1002010;CN=127N	NT=Trypsin;AC=MS:1001251	NT=Carbamidomethyl;AC=UNIMOD:4;TA=C;MT=Fixed	NT=Oxidation;AC=UNIMOD:35;TA=M;MT=Variable	63	1	Yan_miR_FASP_20140828_TMT10_200ugIPG3-10_7of15ul_fr63.raw	v1.1.0	NT=ms-proteomics;VV=v1.1.0	miR-191-5p mimic	3-10
U1810 miR-372-3p mimic replicate 1	Homo sapiens	lung	U1810	non-small cell lung carcinoma	1	Yan_miR_FASP_20140828_TMT10_200ugIPG3-10_7of15ul_fr63_127C	proteomic profiling by mass spectrometry	NT=Data-dependent acquisition;AC=PRIDE:0000627	NT=Q Exactive;AC=MS:1001911	NT=TMT 10-plex;AC=MS:1002010;CN=127C	NT=Trypsin;AC=MS:1001251	NT=Carbamidomethyl;AC=UNIMOD:4;TA=C;MT=Fixed	NT=Oxidation;AC=UNIMOD:35;TA=M;MT=Variable	63	1	Yan_miR_FASP_20140828_TMT10_200ugIPG3-10_7of15ul_fr63.raw	v1.1.0	NT=ms-proteomics;VV=v1.1.0	miR-372-3p mimic	3-10
U1810 miR-519c-3p mimic replicate 1	Homo sapiens	lung	U1810	non-small cell lung carcinoma	1	Yan_miR_FASP_20140828_TMT10_200ugIPG3-10_7of15ul_fr63_128N	proteomic profiling by mass spectrometry	NT=Data-dependent acquisition;AC=PRIDE:0000627	NT=Q Exactive;AC=MS:1001911	NT=TMT 10-plex;AC=MS:1002010;CN=128N	NT=Trypsin;AC=MS:1001251	NT=Carbamidomethyl;AC=UNIMOD:4;TA=C;MT=Fixed	NT=Oxidation;AC=UNIMOD:35;TA=M;MT=Variable	63	1	Yan_miR_FASP_20140828_TMT10_200ugIPG3-10_7of15ul_fr63.raw	v1.1.0	NT=ms-proteomics;VV=v1.1.0	miR-519c-3p mimic	3-10
U1810 siCtrl replicate 2	Homo sapiens	lung	U1810	non-small cell lung carcinoma	2	Yan_miR_FASP_20140828_TMT10_200ugIPG3-10_7of15ul_fr63_128C	proteomic profiling by mass spectrometry	NT=Data-dependent acquisition;AC=PRIDE:0000627	NT=Q Exactive;AC=MS:1001911	NT=TMT 10-plex;AC=MS:1002010;CN=128C	NT=Trypsin;AC=MS:1001251	NT=Carbamidomethyl;AC=UNIMOD:4;TA=C;MT=Fixed	NT=Oxidation;AC=UNIMOD:35;TA=M;MT=Variable	63	1	Yan_miR_FASP_20140828_TMT10_200ugIPG3-10_7of15ul_fr63.raw	v1.1.0	NT=ms-proteomics;VV=v1.1.0	siCtrl	3-10
U1810 miR-372-3p mimic replicate 2	Homo sapiens	lung	U1810	non-small cell lung carcinoma	2	Yan_miR_FASP_20140828_TMT10_200ugIPG3-10_7of15ul_fr63_129N	proteomic profiling by mass spectrometry	NT=Data-dependent acquisition;AC=PRIDE:0000627	NT=Q Exactive;AC=MS:1001911	NT=TMT 10-plex;AC=MS:1002010;CN=129N	NT=Trypsin;AC=MS:1001251	NT=Carbamidomethyl;AC=UNIMOD:4;TA=C;MT=Fixed	NT=Oxidation;AC=UNIMOD:35;TA=M;MT=Variable	63	1	Yan_miR_FASP_20140828_TMT10_200ugIPG3-10_7of15ul_fr63.raw	v1.1.0	NT=ms-proteomics;VV=v1.1.0	miR-372-3p mimic	3-10
U1810 miR-519c-3p mimic replicate 2	Homo sapiens	lung	U1810	non-small cell lung carcinoma	2	Yan_miR_FASP_20140828_TMT10_200ugIPG3-10_7of15ul_fr63_129C	proteomic profiling by mass spectrometry	NT=Data-dependent acquisition;AC=PRIDE:0000627	NT=Q Exactive;AC=MS:1001911	NT=TMT 10-plex;AC=MS:1002010;CN=129C	NT=Trypsin;AC=MS:1001251	NT=Carbamidomethyl;AC=UNIMOD:4;TA=C;MT=Fixed	NT=Oxidation;AC=UNIMOD:35;TA=M;MT=Variable	63	1	Yan_miR_FASP_20140828_TMT10_200ugIPG3-10_7of15ul_fr63.raw	v1.1.0	NT=ms-proteomics;VV=v1.1.0	miR-519c-3p mimic	3-10
U1810 siCtrl replicate 3	Homo sapiens	lung	U1810	non-small cell lung carcinoma	3	Yan_miR_FASP_20140828_TMT10_200ugIPG3-10_7of15ul_fr63_130N	proteomic profiling by mass spectrometry	NT=Data-dependent acquisition;AC=PRIDE:0000627	NT=Q Exactive;AC=MS:1001911	NT=TMT 10-plex;AC=MS:1002010;CN=130N	NT=Trypsin;AC=MS:1001251	NT=Carbamidomethyl;AC=UNIMOD:4;TA=C;MT=Fixed	NT=Oxidation;AC=UNIMOD:35;TA=M;MT=Variable	63	1	Yan_miR_FASP_20140828_TMT10_200ugIPG3-10_7of15ul_fr63.raw	v1.1.0	NT=ms-proteomics;VV=v1.1.0	siCtrl	3-10
U1810 miR-191-5p mimic replicate 1	Homo sapiens	lung	U1810	non-small cell lung carcinoma	1	Yan_miR_FASP_20140828_TMT10_200ugIPG3-10_7of15ul_fr63_130C	proteomic profiling by mass spectrometry	NT=Data-dependent acquisition;AC=PRIDE:0000627	NT=Q Exactive;AC=MS:1001911	NT=TMT 10-plex;AC=MS:1002010;CN=130C	NT=Trypsin;AC=MS:1001251	NT=Carbamidomethyl;AC=UNIMOD:4;TA=C;MT=Fixed	NT=Oxidation;AC=UNIMOD:35;TA=M;MT=Variable	63	1	Yan_miR_FASP_20140828_TMT10_200ugIPG3-10_7of15ul_fr63.raw	v1.1.0	NT=ms-proteomics;VV=v1.1.0	miR-191-5p mimic	3-10
U1810 miR-372-3p mimic replicate 3	Homo sapiens	lung	U1810	non-small cell lung carcinoma	3	Yan_miR_FASP_20140828_TMT10_200ugIPG3-10_7of15ul_fr63_131	proteomic profiling by mass spectrometry	NT=Data-dependent acquisition;AC=PRIDE:0000627	NT=Q Exactive;AC=MS:1001911	NT=TMT 10-plex;AC=MS:1002010;CN=131	NT=Trypsin;AC=MS:1001251	NT=Carbamidomethyl;AC=UNIMOD:4;TA=C;MT=Fixed	NT=Oxidation;AC=UNIMOD:35;TA=M;MT=Variable	63	1	Yan_miR_FASP_20140828_TMT10_200ugIPG3-10_7of15ul_fr63.raw	v1.1.0	NT=ms-proteomics;VV=v1.1.0	miR-372-3p mimic	3-10
U1810 siCtrl replicate 1	Homo sapiens	lung	U1810	non-small cell lung carcinoma	1	Yan_miR_FASP_20140828_TMT10_200ugIPG3-10_7of15ul_fr65_126	proteomic profiling by mass spectrometry	NT=Data-dependent acquisition;AC=PRIDE:0000627	NT=Q Exactive;AC=MS:1001911	NT=TMT 10-plex;AC=MS:1002010;CN=126	NT=Trypsin;AC=MS:1001251	NT=Carbamidomethyl;AC=UNIMOD:4;TA=C;MT=Fixed	NT=Oxidation;AC=UNIMOD:35;TA=M;MT=Variable	65	1	Yan_miR_FASP_20140828_TMT10_200ugIPG3-10_7of15ul_fr65.raw	v1.1.0	NT=ms-proteomics;VV=v1.1.0	siCtrl	3-10
U1810 miR-191-5p mimic replicate 2	Homo sapiens	lung	U1810	non-small cell lung carcinoma	2	Yan_miR_FASP_20140828_TMT10_200ugIPG3-10_7of15ul_fr65_127N	proteomic profiling by mass spectrometry	NT=Data-dependent acquisition;AC=PRIDE:0000627	NT=Q Exactive;AC=MS:1001911	NT=TMT 10-plex;AC=MS:1002010;CN=127N	NT=Trypsin;AC=MS:1001251	NT=Carbamidomethyl;AC=UNIMOD:4;TA=C;MT=Fixed	NT=Oxidation;AC=UNIMOD:35;TA=M;MT=Variable	65	1	Yan_miR_FASP_20140828_TMT10_200ugIPG3-10_7of15ul_fr65.raw	v1.1.0	NT=ms-proteomics;VV=v1.1.0	miR-191-5p mimic	3-10
U1810 miR-372-3p mimic replicate 1	Homo sapiens	lung	U1810	non-small cell lung carcinoma	1	Yan_miR_FASP_20140828_TMT10_200ugIPG3-10_7of15ul_fr65_127C	proteomic profiling by mass spectrometry	NT=Data-dependent acquisition;AC=PRIDE:0000627	NT=Q Exactive;AC=MS:1001911	NT=TMT 10-plex;AC=MS:1002010;CN=127C	NT=Trypsin;AC=MS:1001251	NT=Carbamidomethyl;AC=UNIMOD:4;TA=C;MT=Fixed	NT=Oxidation;AC=UNIMOD:35;TA=M;MT=Variable	65	1	Yan_miR_FASP_20140828_TMT10_200ugIPG3-10_7of15ul_fr65.raw	v1.1.0	NT=ms-proteomics;VV=v1.1.0	miR-372-3p mimic	3-10
U1810 miR-519c-3p mimic replicate 1	Homo sapiens	lung	U1810	non-small cell lung carcinoma	1	Yan_miR_FASP_20140828_TMT10_200ugIPG3-10_7of15ul_fr65_128N	proteomic profiling by mass spectrometry	NT=Data-dependent acquisition;AC=PRIDE:0000627	NT=Q Exactive;AC=MS:1001911	NT=TMT 10-plex;AC=MS:1002010;CN=128N	NT=Trypsin;AC=MS:1001251	NT=Carbamidomethyl;AC=UNIMOD:4;TA=C;MT=Fixed	NT=Oxidation;AC=UNIMOD:35;TA=M;MT=Variable	65	1	Yan_miR_FASP_20140828_TMT10_200ugIPG3-10_7of15ul_fr65.raw	v1.1.0	NT=ms-proteomics;VV=v1.1.0	miR-519c-3p mimic	3-10
U1810 siCtrl replicate 2	Homo sapiens	lung	U1810	non-small cell lung carcinoma	2	Yan_miR_FASP_20140828_TMT10_200ugIPG3-10_7of15ul_fr65_128C	proteomic profiling by mass spectrometry	NT=Data-dependent acquisition;AC=PRIDE:0000627	NT=Q Exactive;AC=MS:1001911	NT=TMT 10-plex;AC=MS:1002010;CN=128C	NT=Trypsin;AC=MS:1001251	NT=Carbamidomethyl;AC=UNIMOD:4;TA=C;MT=Fixed	NT=Oxidation;AC=UNIMOD:35;TA=M;MT=Variable	65	1	Yan_miR_FASP_20140828_TMT10_200ugIPG3-10_7of15ul_fr65.raw	v1.1.0	NT=ms-proteomics;VV=v1.1.0	siCtrl	3-10
U1810 miR-372-3p mimic replicate 2	Homo sapiens	lung	U1810	non-small cell lung carcinoma	2	Yan_miR_FASP_20140828_TMT10_200ugIPG3-10_7of15ul_fr65_129N	proteomic profiling by mass spectrometry	NT=Data-dependent acquisition;AC=PRIDE:0000627	NT=Q Exactive;AC=MS:1001911	NT=TMT 10-plex;AC=MS:1002010;CN=129N	NT=Trypsin;AC=MS:1001251	NT=Carbamidomethyl;AC=UNIMOD:4;TA=C;MT=Fixed	NT=Oxidation;AC=UNIMOD:35;TA=M;MT=Variable	65	1	Yan_miR_FASP_20140828_TMT10_200ugIPG3-10_7of15ul_fr65.raw	v1.1.0	NT=ms-proteomics;VV=v1.1.0	miR-372-3p mimic	3-10
U1810 miR-519c-3p mimic replicate 2	Homo sapiens	lung	U1810	non-small cell lung carcinoma	2	Yan_miR_FASP_20140828_TMT10_200ugIPG3-10_7of15ul_fr65_129C	proteomic profiling by mass spectrometry	NT=Data-dependent acquisition;AC=PRIDE:0000627	NT=Q Exactive;AC=MS:1001911	NT=TMT 10-plex;AC=MS:1002010;CN=129C	NT=Trypsin;AC=MS:1001251	NT=Carbamidomethyl;AC=UNIMOD:4;TA=C;MT=Fixed	NT=Oxidation;AC=UNIMOD:35;TA=M;MT=Variable	65	1	Yan_miR_FASP_20140828_TMT10_200ugIPG3-10_7of15ul_fr65.raw	v1.1.0	NT=ms-proteomics;VV=v1.1.0	miR-519c-3p mimic	3-10
U1810 siCtrl replicate 3	Homo sapiens	lung	U1810	non-small cell lung carcinoma	3	Yan_miR_FASP_20140828_TMT10_200ugIPG3-10_7of15ul_fr65_130N	proteomic profiling by mass spectrometry	NT=Data-dependent acquisition;AC=PRIDE:0000627	NT=Q Exactive;AC=MS:1001911	NT=TMT 10-plex;AC=MS:1002010;CN=130N	NT=Trypsin;AC=MS:1001251	NT=Carbamidomethyl;AC=UNIMOD:4;TA=C;MT=Fixed	NT=Oxidation;AC=UNIMOD:35;TA=M;MT=Variable	65	1	Yan_miR_FASP_20140828_TMT10_200ugIPG3-10_7of15ul_fr65.raw	v1.1.0	NT=ms-proteomics;VV=v1.1.0	siCtrl	3-10
U1810 miR-191-5p mimic replicate 1	Homo sapiens	lung	U1810	non-small cell lung carcinoma	1	Yan_miR_FASP_20140828_TMT10_200ugIPG3-10_7of15ul_fr65_130C	proteomic profiling by mass spectrometry	NT=Data-dependent acquisition;AC=PRIDE:0000627	NT=Q Exactive;AC=MS:1001911	NT=TMT 10-plex;AC=MS:1002010;CN=130C	NT=Trypsin;AC=MS:1001251	NT=Carbamidomethyl;AC=UNIMOD:4;TA=C;MT=Fixed	NT=Oxidation;AC=UNIMOD:35;TA=M;MT=Variable	65	1	Yan_miR_FASP_20140828_TMT10_200ugIPG3-10_7of15ul_fr65.raw	v1.1.0	NT=ms-proteomics;VV=v1.1.0	miR-191-5p mimic	3-10
U1810 miR-372-3p mimic replicate 3	Homo sapiens	lung	U1810	non-small cell lung carcinoma	3	Yan_miR_FASP_20140828_TMT10_200ugIPG3-10_7of15ul_fr65_131	proteomic profiling by mass spectrometry	NT=Data-dependent acquisition;AC=PRIDE:0000627	NT=Q Exactive;AC=MS:1001911	NT=TMT 10-plex;AC=MS:1002010;CN=131	NT=Trypsin;AC=MS:1001251	NT=Carbamidomethyl;AC=UNIMOD:4;TA=C;MT=Fixed	NT=Oxidation;AC=UNIMOD:35;TA=M;MT=Variable	65	1	Yan_miR_FASP_20140828_TMT10_200ugIPG3-10_7of15ul_fr65.raw	v1.1.0	NT=ms-proteomics;VV=v1.1.0	miR-372-3p mimic	3-10
U1810 siCtrl replicate 1	Homo sapiens	lung	U1810	non-small cell lung carcinoma	1	Yan_miR_FASP_20140828_TMT10_200ugIPG3-10_7of15ul_fr66_126	proteomic profiling by mass spectrometry	NT=Data-dependent acquisition;AC=PRIDE:0000627	NT=Q Exactive;AC=MS:1001911	NT=TMT 10-plex;AC=MS:1002010;CN=126	NT=Trypsin;AC=MS:1001251	NT=Carbamidomethyl;AC=UNIMOD:4;TA=C;MT=Fixed	NT=Oxidation;AC=UNIMOD:35;TA=M;MT=Variable	66	1	Yan_miR_FASP_20140828_TMT10_200ugIPG3-10_7of15ul_fr66.raw	v1.1.0	NT=ms-proteomics;VV=v1.1.0	siCtrl	3-10
U1810 miR-191-5p mimic replicate 2	Homo sapiens	lung	U1810	non-small cell lung carcinoma	2	Yan_miR_FASP_20140828_TMT10_200ugIPG3-10_7of15ul_fr66_127N	proteomic profiling by mass spectrometry	NT=Data-dependent acquisition;AC=PRIDE:0000627	NT=Q Exactive;AC=MS:1001911	NT=TMT 10-plex;AC=MS:1002010;CN=127N	NT=Trypsin;AC=MS:1001251	NT=Carbamidomethyl;AC=UNIMOD:4;TA=C;MT=Fixed	NT=Oxidation;AC=UNIMOD:35;TA=M;MT=Variable	66	1	Yan_miR_FASP_20140828_TMT10_200ugIPG3-10_7of15ul_fr66.raw	v1.1.0	NT=ms-proteomics;VV=v1.1.0	miR-191-5p mimic	3-10
U1810 miR-372-3p mimic replicate 1	Homo sapiens	lung	U1810	non-small cell lung carcinoma	1	Yan_miR_FASP_20140828_TMT10_200ugIPG3-10_7of15ul_fr66_127C	proteomic profiling by mass spectrometry	NT=Data-dependent acquisition;AC=PRIDE:0000627	NT=Q Exactive;AC=MS:1001911	NT=TMT 10-plex;AC=MS:1002010;CN=127C	NT=Trypsin;AC=MS:1001251	NT=Carbamidomethyl;AC=UNIMOD:4;TA=C;MT=Fixed	NT=Oxidation;AC=UNIMOD:35;TA=M;MT=Variable	66	1	Yan_miR_FASP_20140828_TMT10_200ugIPG3-10_7of15ul_fr66.raw	v1.1.0	NT=ms-proteomics;VV=v1.1.0	miR-372-3p mimic	3-10
U1810 miR-519c-3p mimic replicate 1	Homo sapiens	lung	U1810	non-small cell lung carcinoma	1	Yan_miR_FASP_20140828_TMT10_200ugIPG3-10_7of15ul_fr66_128N	proteomic profiling by mass spectrometry	NT=Data-dependent acquisition;AC=PRIDE:0000627	NT=Q Exactive;AC=MS:1001911	NT=TMT 10-plex;AC=MS:1002010;CN=128N	NT=Trypsin;AC=MS:1001251	NT=Carbamidomethyl;AC=UNIMOD:4;TA=C;MT=Fixed	NT=Oxidation;AC=UNIMOD:35;TA=M;MT=Variable	66	1	Yan_miR_FASP_20140828_TMT10_200ugIPG3-10_7of15ul_fr66.raw	v1.1.0	NT=ms-proteomics;VV=v1.1.0	miR-519c-3p mimic	3-10
U1810 siCtrl replicate 2	Homo sapiens	lung	U1810	non-small cell lung carcinoma	2	Yan_miR_FASP_20140828_TMT10_200ugIPG3-10_7of15ul_fr66_128C	proteomic profiling by mass spectrometry	NT=Data-dependent acquisition;AC=PRIDE:0000627	NT=Q Exactive;AC=MS:1001911	NT=TMT 10-plex;AC=MS:1002010;CN=128C	NT=Trypsin;AC=MS:1001251	NT=Carbamidomethyl;AC=UNIMOD:4;TA=C;MT=Fixed	NT=Oxidation;AC=UNIMOD:35;TA=M;MT=Variable	66	1	Yan_miR_FASP_20140828_TMT10_200ugIPG3-10_7of15ul_fr66.raw	v1.1.0	NT=ms-proteomics;VV=v1.1.0	siCtrl	3-10
U1810 miR-372-3p mimic replicate 2	Homo sapiens	lung	U1810	non-small cell lung carcinoma	2	Yan_miR_FASP_20140828_TMT10_200ugIPG3-10_7of15ul_fr66_129N	proteomic profiling by mass spectrometry	NT=Data-dependent acquisition;AC=PRIDE:0000627	NT=Q Exactive;AC=MS:1001911	NT=TMT 10-plex;AC=MS:1002010;CN=129N	NT=Trypsin;AC=MS:1001251	NT=Carbamidomethyl;AC=UNIMOD:4;TA=C;MT=Fixed	NT=Oxidation;AC=UNIMOD:35;TA=M;MT=Variable	66	1	Yan_miR_FASP_20140828_TMT10_200ugIPG3-10_7of15ul_fr66.raw	v1.1.0	NT=ms-proteomics;VV=v1.1.0	miR-372-3p mimic	3-10
U1810 miR-519c-3p mimic replicate 2	Homo sapiens	lung	U1810	non-small cell lung carcinoma	2	Yan_miR_FASP_20140828_TMT10_200ugIPG3-10_7of15ul_fr66_129C	proteomic profiling by mass spectrometry	NT=Data-dependent acquisition;AC=PRIDE:0000627	NT=Q Exactive;AC=MS:1001911	NT=TMT 10-plex;AC=MS:1002010;CN=129C	NT=Trypsin;AC=MS:1001251	NT=Carbamidomethyl;AC=UNIMOD:4;TA=C;MT=Fixed	NT=Oxidation;AC=UNIMOD:35;TA=M;MT=Variable	66	1	Yan_miR_FASP_20140828_TMT10_200ugIPG3-10_7of15ul_fr66.raw	v1.1.0	NT=ms-proteomics;VV=v1.1.0	miR-519c-3p mimic	3-10
U1810 siCtrl replicate 3	Homo sapiens	lung	U1810	non-small cell lung carcinoma	3	Yan_miR_FASP_20140828_TMT10_200ugIPG3-10_7of15ul_fr66_130N	proteomic profiling by mass spectrometry	NT=Data-dependent acquisition;AC=PRIDE:0000627	NT=Q Exactive;AC=MS:1001911	NT=TMT 10-plex;AC=MS:1002010;CN=130N	NT=Trypsin;AC=MS:1001251	NT=Carbamidomethyl;AC=UNIMOD:4;TA=C;MT=Fixed	NT=Oxidation;AC=UNIMOD:35;TA=M;MT=Variable	66	1	Yan_miR_FASP_20140828_TMT10_200ugIPG3-10_7of15ul_fr66.raw	v1.1.0	NT=ms-proteomics;VV=v1.1.0	siCtrl	3-10
U1810 miR-191-5p mimic replicate 1	Homo sapiens	lung	U1810	non-small cell lung carcinoma	1	Yan_miR_FASP_20140828_TMT10_200ugIPG3-10_7of15ul_fr66_130C	proteomic profiling by mass spectrometry	NT=Data-dependent acquisition;AC=PRIDE:0000627	NT=Q Exactive;AC=MS:1001911	NT=TMT 10-plex;AC=MS:1002010;CN=130C	NT=Trypsin;AC=MS:1001251	NT=Carbamidomethyl;AC=UNIMOD:4;TA=C;MT=Fixed	NT=Oxidation;AC=UNIMOD:35;TA=M;MT=Variable	66	1	Yan_miR_FASP_20140828_TMT10_200ugIPG3-10_7of15ul_fr66.raw	v1.1.0	NT=ms-proteomics;VV=v1.1.0	miR-191-5p mimic	3-10
U1810 miR-372-3p mimic replicate 3	Homo sapiens	lung	U1810	non-small cell lung carcinoma	3	Yan_miR_FASP_20140828_TMT10_200ugIPG3-10_7of15ul_fr66_131	proteomic profiling by mass spectrometry	NT=Data-dependent acquisition;AC=PRIDE:0000627	NT=Q Exactive;AC=MS:1001911	NT=TMT 10-plex;AC=MS:1002010;CN=131	NT=Trypsin;AC=MS:1001251	NT=Carbamidomethyl;AC=UNIMOD:4;TA=C;MT=Fixed	NT=Oxidation;AC=UNIMOD:35;TA=M;MT=Variable	66	1	Yan_miR_FASP_20140828_TMT10_200ugIPG3-10_7of15ul_fr66.raw	v1.1.0	NT=ms-proteomics;VV=v1.1.0	miR-372-3p mimic	3-10
U1810 siCtrl replicate 1	Homo sapiens	lung	U1810	non-small cell lung carcinoma	1	Yan_miR_FASP_20140828_TMT10_200ugIPG3-10_7of15ul_fr68_126	proteomic profiling by mass spectrometry	NT=Data-dependent acquisition;AC=PRIDE:0000627	NT=Q Exactive;AC=MS:1001911	NT=TMT 10-plex;AC=MS:1002010;CN=126	NT=Trypsin;AC=MS:1001251	NT=Carbamidomethyl;AC=UNIMOD:4;TA=C;MT=Fixed	NT=Oxidation;AC=UNIMOD:35;TA=M;MT=Variable	68	1	Yan_miR_FASP_20140828_TMT10_200ugIPG3-10_7of15ul_fr68.raw	v1.1.0	NT=ms-proteomics;VV=v1.1.0	siCtrl	3-10
U1810 miR-191-5p mimic replicate 2	Homo sapiens	lung	U1810	non-small cell lung carcinoma	2	Yan_miR_FASP_20140828_TMT10_200ugIPG3-10_7of15ul_fr68_127N	proteomic profiling by mass spectrometry	NT=Data-dependent acquisition;AC=PRIDE:0000627	NT=Q Exactive;AC=MS:1001911	NT=TMT 10-plex;AC=MS:1002010;CN=127N	NT=Trypsin;AC=MS:1001251	NT=Carbamidomethyl;AC=UNIMOD:4;TA=C;MT=Fixed	NT=Oxidation;AC=UNIMOD:35;TA=M;MT=Variable	68	1	Yan_miR_FASP_20140828_TMT10_200ugIPG3-10_7of15ul_fr68.raw	v1.1.0	NT=ms-proteomics;VV=v1.1.0	miR-191-5p mimic	3-10
U1810 miR-372-3p mimic replicate 1	Homo sapiens	lung	U1810	non-small cell lung carcinoma	1	Yan_miR_FASP_20140828_TMT10_200ugIPG3-10_7of15ul_fr68_127C	proteomic profiling by mass spectrometry	NT=Data-dependent acquisition;AC=PRIDE:0000627	NT=Q Exactive;AC=MS:1001911	NT=TMT 10-plex;AC=MS:1002010;CN=127C	NT=Trypsin;AC=MS:1001251	NT=Carbamidomethyl;AC=UNIMOD:4;TA=C;MT=Fixed	NT=Oxidation;AC=UNIMOD:35;TA=M;MT=Variable	68	1	Yan_miR_FASP_20140828_TMT10_200ugIPG3-10_7of15ul_fr68.raw	v1.1.0	NT=ms-proteomics;VV=v1.1.0	miR-372-3p mimic	3-10
U1810 miR-519c-3p mimic replicate 1	Homo sapiens	lung	U1810	non-small cell lung carcinoma	1	Yan_miR_FASP_20140828_TMT10_200ugIPG3-10_7of15ul_fr68_128N	proteomic profiling by mass spectrometry	NT=Data-dependent acquisition;AC=PRIDE:0000627	NT=Q Exactive;AC=MS:1001911	NT=TMT 10-plex;AC=MS:1002010;CN=128N	NT=Trypsin;AC=MS:1001251	NT=Carbamidomethyl;AC=UNIMOD:4;TA=C;MT=Fixed	NT=Oxidation;AC=UNIMOD:35;TA=M;MT=Variable	68	1	Yan_miR_FASP_20140828_TMT10_200ugIPG3-10_7of15ul_fr68.raw	v1.1.0	NT=ms-proteomics;VV=v1.1.0	miR-519c-3p mimic	3-10
U1810 siCtrl replicate 2	Homo sapiens	lung	U1810	non-small cell lung carcinoma	2	Yan_miR_FASP_20140828_TMT10_200ugIPG3-10_7of15ul_fr68_128C	proteomic profiling by mass spectrometry	NT=Data-dependent acquisition;AC=PRIDE:0000627	NT=Q Exactive;AC=MS:1001911	NT=TMT 10-plex;AC=MS:1002010;CN=128C	NT=Trypsin;AC=MS:1001251	NT=Carbamidomethyl;AC=UNIMOD:4;TA=C;MT=Fixed	NT=Oxidation;AC=UNIMOD:35;TA=M;MT=Variable	68	1	Yan_miR_FASP_20140828_TMT10_200ugIPG3-10_7of15ul_fr68.raw	v1.1.0	NT=ms-proteomics;VV=v1.1.0	siCtrl	3-10
U1810 miR-372-3p mimic replicate 2	Homo sapiens	lung	U1810	non-small cell lung carcinoma	2	Yan_miR_FASP_20140828_TMT10_200ugIPG3-10_7of15ul_fr68_129N	proteomic profiling by mass spectrometry	NT=Data-dependent acquisition;AC=PRIDE:0000627	NT=Q Exactive;AC=MS:1001911	NT=TMT 10-plex;AC=MS:1002010;CN=129N	NT=Trypsin;AC=MS:1001251	NT=Carbamidomethyl;AC=UNIMOD:4;TA=C;MT=Fixed	NT=Oxidation;AC=UNIMOD:35;TA=M;MT=Variable	68	1	Yan_miR_FASP_20140828_TMT10_200ugIPG3-10_7of15ul_fr68.raw	v1.1.0	NT=ms-proteomics;VV=v1.1.0	miR-372-3p mimic	3-10
U1810 miR-519c-3p mimic replicate 2	Homo sapiens	lung	U1810	non-small cell lung carcinoma	2	Yan_miR_FASP_20140828_TMT10_200ugIPG3-10_7of15ul_fr68_129C	proteomic profiling by mass spectrometry	NT=Data-dependent acquisition;AC=PRIDE:0000627	NT=Q Exactive;AC=MS:1001911	NT=TMT 10-plex;AC=MS:1002010;CN=129C	NT=Trypsin;AC=MS:1001251	NT=Carbamidomethyl;AC=UNIMOD:4;TA=C;MT=Fixed	NT=Oxidation;AC=UNIMOD:35;TA=M;MT=Variable	68	1	Yan_miR_FASP_20140828_TMT10_200ugIPG3-10_7of15ul_fr68.raw	v1.1.0	NT=ms-proteomics;VV=v1.1.0	miR-519c-3p mimic	3-10
U1810 siCtrl replicate 3	Homo sapiens	lung	U1810	non-small cell lung carcinoma	3	Yan_miR_FASP_20140828_TMT10_200ugIPG3-10_7of15ul_fr68_130N	proteomic profiling by mass spectrometry	NT=Data-dependent acquisition;AC=PRIDE:0000627	NT=Q Exactive;AC=MS:1001911	NT=TMT 10-plex;AC=MS:1002010;CN=130N	NT=Trypsin;AC=MS:1001251	NT=Carbamidomethyl;AC=UNIMOD:4;TA=C;MT=Fixed	NT=Oxidation;AC=UNIMOD:35;TA=M;MT=Variable	68	1	Yan_miR_FASP_20140828_TMT10_200ugIPG3-10_7of15ul_fr68.raw	v1.1.0	NT=ms-proteomics;VV=v1.1.0	siCtrl	3-10
U1810 miR-191-5p mimic replicate 1	Homo sapiens	lung	U1810	non-small cell lung carcinoma	1	Yan_miR_FASP_20140828_TMT10_200ugIPG3-10_7of15ul_fr68_130C	proteomic profiling by mass spectrometry	NT=Data-dependent acquisition;AC=PRIDE:0000627	NT=Q Exactive;AC=MS:1001911	NT=TMT 10-plex;AC=MS:1002010;CN=130C	NT=Trypsin;AC=MS:1001251	NT=Carbamidomethyl;AC=UNIMOD:4;TA=C;MT=Fixed	NT=Oxidation;AC=UNIMOD:35;TA=M;MT=Variable	68	1	Yan_miR_FASP_20140828_TMT10_200ugIPG3-10_7of15ul_fr68.raw	v1.1.0	NT=ms-proteomics;VV=v1.1.0	miR-191-5p mimic	3-10
U1810 miR-372-3p mimic replicate 3	Homo sapiens	lung	U1810	non-small cell lung carcinoma	3	Yan_miR_FASP_20140828_TMT10_200ugIPG3-10_7of15ul_fr68_131	proteomic profiling by mass spectrometry	NT=Data-dependent acquisition;AC=PRIDE:0000627	NT=Q Exactive;AC=MS:1001911	NT=TMT 10-plex;AC=MS:1002010;CN=131	NT=Trypsin;AC=MS:1001251	NT=Carbamidomethyl;AC=UNIMOD:4;TA=C;MT=Fixed	NT=Oxidation;AC=UNIMOD:35;TA=M;MT=Variable	68	1	Yan_miR_FASP_20140828_TMT10_200ugIPG3-10_7of15ul_fr68.raw	v1.1.0	NT=ms-proteomics;VV=v1.1.0	miR-372-3p mimic	3-10
U1810 siCtrl replicate 1	Homo sapiens	lung	U1810	non-small cell lung carcinoma	1	Yan_miR_FASP_20140828_TMT10_200ugIPG3-10_7of15ul_fr72_126	proteomic profiling by mass spectrometry	NT=Data-dependent acquisition;AC=PRIDE:0000627	NT=Q Exactive;AC=MS:1001911	NT=TMT 10-plex;AC=MS:1002010;CN=126	NT=Trypsin;AC=MS:1001251	NT=Carbamidomethyl;AC=UNIMOD:4;TA=C;MT=Fixed	NT=Oxidation;AC=UNIMOD:35;TA=M;MT=Variable	72	1	Yan_miR_FASP_20140828_TMT10_200ugIPG3-10_7of15ul_fr72.raw	v1.1.0	NT=ms-proteomics;VV=v1.1.0	siCtrl	3-10
U1810 miR-191-5p mimic replicate 2	Homo sapiens	lung	U1810	non-small cell lung carcinoma	2	Yan_miR_FASP_20140828_TMT10_200ugIPG3-10_7of15ul_fr72_127N	proteomic profiling by mass spectrometry	NT=Data-dependent acquisition;AC=PRIDE:0000627	NT=Q Exactive;AC=MS:1001911	NT=TMT 10-plex;AC=MS:1002010;CN=127N	NT=Trypsin;AC=MS:1001251	NT=Carbamidomethyl;AC=UNIMOD:4;TA=C;MT=Fixed	NT=Oxidation;AC=UNIMOD:35;TA=M;MT=Variable	72	1	Yan_miR_FASP_20140828_TMT10_200ugIPG3-10_7of15ul_fr72.raw	v1.1.0	NT=ms-proteomics;VV=v1.1.0	miR-191-5p mimic	3-10
U1810 miR-372-3p mimic replicate 1	Homo sapiens	lung	U1810	non-small cell lung carcinoma	1	Yan_miR_FASP_20140828_TMT10_200ugIPG3-10_7of15ul_fr72_127C	proteomic profiling by mass spectrometry	NT=Data-dependent acquisition;AC=PRIDE:0000627	NT=Q Exactive;AC=MS:1001911	NT=TMT 10-plex;AC=MS:1002010;CN=127C	NT=Trypsin;AC=MS:1001251	NT=Carbamidomethyl;AC=UNIMOD:4;TA=C;MT=Fixed	NT=Oxidation;AC=UNIMOD:35;TA=M;MT=Variable	72	1	Yan_miR_FASP_20140828_TMT10_200ugIPG3-10_7of15ul_fr72.raw	v1.1.0	NT=ms-proteomics;VV=v1.1.0	miR-372-3p mimic	3-10
U1810 miR-519c-3p mimic replicate 1	Homo sapiens	lung	U1810	non-small cell lung carcinoma	1	Yan_miR_FASP_20140828_TMT10_200ugIPG3-10_7of15ul_fr72_128N	proteomic profiling by mass spectrometry	NT=Data-dependent acquisition;AC=PRIDE:0000627	NT=Q Exactive;AC=MS:1001911	NT=TMT 10-plex;AC=MS:1002010;CN=128N	NT=Trypsin;AC=MS:1001251	NT=Carbamidomethyl;AC=UNIMOD:4;TA=C;MT=Fixed	NT=Oxidation;AC=UNIMOD:35;TA=M;MT=Variable	72	1	Yan_miR_FASP_20140828_TMT10_200ugIPG3-10_7of15ul_fr72.raw	v1.1.0	NT=ms-proteomics;VV=v1.1.0	miR-519c-3p mimic	3-10
U1810 siCtrl replicate 2	Homo sapiens	lung	U1810	non-small cell lung carcinoma	2	Yan_miR_FASP_20140828_TMT10_200ugIPG3-10_7of15ul_fr72_128C	proteomic profiling by mass spectrometry	NT=Data-dependent acquisition;AC=PRIDE:0000627	NT=Q Exactive;AC=MS:1001911	NT=TMT 10-plex;AC=MS:1002010;CN=128C	NT=Trypsin;AC=MS:1001251	NT=Carbamidomethyl;AC=UNIMOD:4;TA=C;MT=Fixed	NT=Oxidation;AC=UNIMOD:35;TA=M;MT=Variable	72	1	Yan_miR_FASP_20140828_TMT10_200ugIPG3-10_7of15ul_fr72.raw	v1.1.0	NT=ms-proteomics;VV=v1.1.0	siCtrl	3-10
U1810 miR-372-3p mimic replicate 2	Homo sapiens	lung	U1810	non-small cell lung carcinoma	2	Yan_miR_FASP_20140828_TMT10_200ugIPG3-10_7of15ul_fr72_129N	proteomic profiling by mass spectrometry	NT=Data-dependent acquisition;AC=PRIDE:0000627	NT=Q Exactive;AC=MS:1001911	NT=TMT 10-plex;AC=MS:1002010;CN=129N	NT=Trypsin;AC=MS:1001251	NT=Carbamidomethyl;AC=UNIMOD:4;TA=C;MT=Fixed	NT=Oxidation;AC=UNIMOD:35;TA=M;MT=Variable	72	1	Yan_miR_FASP_20140828_TMT10_200ugIPG3-10_7of15ul_fr72.raw	v1.1.0	NT=ms-proteomics;VV=v1.1.0	miR-372-3p mimic	3-10
U1810 miR-519c-3p mimic replicate 2	Homo sapiens	lung	U1810	non-small cell lung carcinoma	2	Yan_miR_FASP_20140828_TMT10_200ugIPG3-10_7of15ul_fr72_129C	proteomic profiling by mass spectrometry	NT=Data-dependent acquisition;AC=PRIDE:0000627	NT=Q Exactive;AC=MS:1001911	NT=TMT 10-plex;AC=MS:1002010;CN=129C	NT=Trypsin;AC=MS:1001251	NT=Carbamidomethyl;AC=UNIMOD:4;TA=C;MT=Fixed	NT=Oxidation;AC=UNIMOD:35;TA=M;MT=Variable	72	1	Yan_miR_FASP_20140828_TMT10_200ugIPG3-10_7of15ul_fr72.raw	v1.1.0	NT=ms-proteomics;VV=v1.1.0	miR-519c-3p mimic	3-10
U1810 siCtrl replicate 3	Homo sapiens	lung	U1810	non-small cell lung carcinoma	3	Yan_miR_FASP_20140828_TMT10_200ugIPG3-10_7of15ul_fr72_130N	proteomic profiling by mass spectrometry	NT=Data-dependent acquisition;AC=PRIDE:0000627	NT=Q Exactive;AC=MS:1001911	NT=TMT 10-plex;AC=MS:1002010;CN=130N	NT=Trypsin;AC=MS:1001251	NT=Carbamidomethyl;AC=UNIMOD:4;TA=C;MT=Fixed	NT=Oxidation;AC=UNIMOD:35;TA=M;MT=Variable	72	1	Yan_miR_FASP_20140828_TMT10_200ugIPG3-10_7of15ul_fr72.raw	v1.1.0	NT=ms-proteomics;VV=v1.1.0	siCtrl	3-10
U1810 miR-191-5p mimic replicate 1	Homo sapiens	lung	U1810	non-small cell lung carcinoma	1	Yan_miR_FASP_20140828_TMT10_200ugIPG3-10_7of15ul_fr72_130C	proteomic profiling by mass spectrometry	NT=Data-dependent acquisition;AC=PRIDE:0000627	NT=Q Exactive;AC=MS:1001911	NT=TMT 10-plex;AC=MS:1002010;CN=130C	NT=Trypsin;AC=MS:1001251	NT=Carbamidomethyl;AC=UNIMOD:4;TA=C;MT=Fixed	NT=Oxidation;AC=UNIMOD:35;TA=M;MT=Variable	72	1	Yan_miR_FASP_20140828_TMT10_200ugIPG3-10_7of15ul_fr72.raw	v1.1.0	NT=ms-proteomics;VV=v1.1.0	miR-191-5p mimic	3-10
U1810 miR-372-3p mimic replicate 3	Homo sapiens	lung	U1810	non-small cell lung carcinoma	3	Yan_miR_FASP_20140828_TMT10_200ugIPG3-10_7of15ul_fr72_131	proteomic profiling by mass spectrometry	NT=Data-dependent acquisition;AC=PRIDE:0000627	NT=Q Exactive;AC=MS:1001911	NT=TMT 10-plex;AC=MS:1002010;CN=131	NT=Trypsin;AC=MS:1001251	NT=Carbamidomethyl;AC=UNIMOD:4;TA=C;MT=Fixed	NT=Oxidation;AC=UNIMOD:35;TA=M;MT=Variable	72	1	Yan_miR_FASP_20140828_TMT10_200ugIPG3-10_7of15ul_fr72.raw	v1.1.0	NT=ms-proteomics;VV=v1.1.0	miR-372-3p mimic	3-10
U1810 siCtrl replicate 1	Homo sapiens	lung	U1810	non-small cell lung carcinoma	1	Yan_miR_FASP_20140828_TMT10_200ugIPG37-49_7of15ul_fr11_126	proteomic profiling by mass spectrometry	NT=Data-dependent acquisition;AC=PRIDE:0000627	NT=Q Exactive;AC=MS:1001911	NT=TMT 10-plex;AC=MS:1002010;CN=126	NT=Trypsin;AC=MS:1001251	NT=Carbamidomethyl;AC=UNIMOD:4;TA=C;MT=Fixed	NT=Oxidation;AC=UNIMOD:35;TA=M;MT=Variable	11	1	Yan_miR_FASP_20140828_TMT10_200ugIPG37-49_7of15ul_fr11.raw	v1.1.0	NT=ms-proteomics;VV=v1.1.0	siCtrl	3.7-4.9
U1810 miR-191-5p mimic replicate 2	Homo sapiens	lung	U1810	non-small cell lung carcinoma	2	Yan_miR_FASP_20140828_TMT10_200ugIPG37-49_7of15ul_fr11_127N	proteomic profiling by mass spectrometry	NT=Data-dependent acquisition;AC=PRIDE:0000627	NT=Q Exactive;AC=MS:1001911	NT=TMT 10-plex;AC=MS:1002010;CN=127N	NT=Trypsin;AC=MS:1001251	NT=Carbamidomethyl;AC=UNIMOD:4;TA=C;MT=Fixed	NT=Oxidation;AC=UNIMOD:35;TA=M;MT=Variable	11	1	Yan_miR_FASP_20140828_TMT10_200ugIPG37-49_7of15ul_fr11.raw	v1.1.0	NT=ms-proteomics;VV=v1.1.0	miR-191-5p mimic	3.7-4.9
U1810 miR-372-3p mimic replicate 1	Homo sapiens	lung	U1810	non-small cell lung carcinoma	1	Yan_miR_FASP_20140828_TMT10_200ugIPG37-49_7of15ul_fr11_127C	proteomic profiling by mass spectrometry	NT=Data-dependent acquisition;AC=PRIDE:0000627	NT=Q Exactive;AC=MS:1001911	NT=TMT 10-plex;AC=MS:1002010;CN=127C	NT=Trypsin;AC=MS:1001251	NT=Carbamidomethyl;AC=UNIMOD:4;TA=C;MT=Fixed	NT=Oxidation;AC=UNIMOD:35;TA=M;MT=Variable	11	1	Yan_miR_FASP_20140828_TMT10_200ugIPG37-49_7of15ul_fr11.raw	v1.1.0	NT=ms-proteomics;VV=v1.1.0	miR-372-3p mimic	3.7-4.9
U1810 miR-519c-3p mimic replicate 1	Homo sapiens	lung	U1810	non-small cell lung carcinoma	1	Yan_miR_FASP_20140828_TMT10_200ugIPG37-49_7of15ul_fr11_128N	proteomic profiling by mass spectrometry	NT=Data-dependent acquisition;AC=PRIDE:0000627	NT=Q Exactive;AC=MS:1001911	NT=TMT 10-plex;AC=MS:1002010;CN=128N	NT=Trypsin;AC=MS:1001251	NT=Carbamidomethyl;AC=UNIMOD:4;TA=C;MT=Fixed	NT=Oxidation;AC=UNIMOD:35;TA=M;MT=Variable	11	1	Yan_miR_FASP_20140828_TMT10_200ugIPG37-49_7of15ul_fr11.raw	v1.1.0	NT=ms-proteomics;VV=v1.1.0	miR-519c-3p mimic	3.7-4.9
U1810 siCtrl replicate 2	Homo sapiens	lung	U1810	non-small cell lung carcinoma	2	Yan_miR_FASP_20140828_TMT10_200ugIPG37-49_7of15ul_fr11_128C	proteomic profiling by mass spectrometry	NT=Data-dependent acquisition;AC=PRIDE:0000627	NT=Q Exactive;AC=MS:1001911	NT=TMT 10-plex;AC=MS:1002010;CN=128C	NT=Trypsin;AC=MS:1001251	NT=Carbamidomethyl;AC=UNIMOD:4;TA=C;MT=Fixed	NT=Oxidation;AC=UNIMOD:35;TA=M;MT=Variable	11	1	Yan_miR_FASP_20140828_TMT10_200ugIPG37-49_7of15ul_fr11.raw	v1.1.0	NT=ms-proteomics;VV=v1.1.0	siCtrl	3.7-4.9
U1810 miR-372-3p mimic replicate 2	Homo sapiens	lung	U1810	non-small cell lung carcinoma	2	Yan_miR_FASP_20140828_TMT10_200ugIPG37-49_7of15ul_fr11_129N	proteomic profiling by mass spectrometry	NT=Data-dependent acquisition;AC=PRIDE:0000627	NT=Q Exactive;AC=MS:1001911	NT=TMT 10-plex;AC=MS:1002010;CN=129N	NT=Trypsin;AC=MS:1001251	NT=Carbamidomethyl;AC=UNIMOD:4;TA=C;MT=Fixed	NT=Oxidation;AC=UNIMOD:35;TA=M;MT=Variable	11	1	Yan_miR_FASP_20140828_TMT10_200ugIPG37-49_7of15ul_fr11.raw	v1.1.0	NT=ms-proteomics;VV=v1.1.0	miR-372-3p mimic	3.7-4.9
U1810 miR-519c-3p mimic replicate 2	Homo sapiens	lung	U1810	non-small cell lung carcinoma	2	Yan_miR_FASP_20140828_TMT10_200ugIPG37-49_7of15ul_fr11_129C	proteomic profiling by mass spectrometry	NT=Data-dependent acquisition;AC=PRIDE:0000627	NT=Q Exactive;AC=MS:1001911	NT=TMT 10-plex;AC=MS:1002010;CN=129C	NT=Trypsin;AC=MS:1001251	NT=Carbamidomethyl;AC=UNIMOD:4;TA=C;MT=Fixed	NT=Oxidation;AC=UNIMOD:35;TA=M;MT=Variable	11	1	Yan_miR_FASP_20140828_TMT10_200ugIPG37-49_7of15ul_fr11.raw	v1.1.0	NT=ms-proteomics;VV=v1.1.0	miR-519c-3p mimic	3.7-4.9
U1810 siCtrl replicate 3	Homo sapiens	lung	U1810	non-small cell lung carcinoma	3	Yan_miR_FASP_20140828_TMT10_200ugIPG37-49_7of15ul_fr11_130N	proteomic profiling by mass spectrometry	NT=Data-dependent acquisition;AC=PRIDE:0000627	NT=Q Exactive;AC=MS:1001911	NT=TMT 10-plex;AC=MS:1002010;CN=130N	NT=Trypsin;AC=MS:1001251	NT=Carbamidomethyl;AC=UNIMOD:4;TA=C;MT=Fixed	NT=Oxidation;AC=UNIMOD:35;TA=M;MT=Variable	11	1	Yan_miR_FASP_20140828_TMT10_200ugIPG37-49_7of15ul_fr11.raw	v1.1.0	NT=ms-proteomics;VV=v1.1.0	siCtrl	3.7-4.9
U1810 miR-191-5p mimic replicate 1	Homo sapiens	lung	U1810	non-small cell lung carcinoma	1	Yan_miR_FASP_20140828_TMT10_200ugIPG37-49_7of15ul_fr11_130C	proteomic profiling by mass spectrometry	NT=Data-dependent acquisition;AC=PRIDE:0000627	NT=Q Exactive;AC=MS:1001911	NT=TMT 10-plex;AC=MS:1002010;CN=130C	NT=Trypsin;AC=MS:1001251	NT=Carbamidomethyl;AC=UNIMOD:4;TA=C;MT=Fixed	NT=Oxidation;AC=UNIMOD:35;TA=M;MT=Variable	11	1	Yan_miR_FASP_20140828_TMT10_200ugIPG37-49_7of15ul_fr11.raw	v1.1.0	NT=ms-proteomics;VV=v1.1.0	miR-191-5p mimic	3.7-4.9
U1810 miR-372-3p mimic replicate 3	Homo sapiens	lung	U1810	non-small cell lung carcinoma	3	Yan_miR_FASP_20140828_TMT10_200ugIPG37-49_7of15ul_fr11_131	proteomic profiling by mass spectrometry	NT=Data-dependent acquisition;AC=PRIDE:0000627	NT=Q Exactive;AC=MS:1001911	NT=TMT 10-plex;AC=MS:1002010;CN=131	NT=Trypsin;AC=MS:1001251	NT=Carbamidomethyl;AC=UNIMOD:4;TA=C;MT=Fixed	NT=Oxidation;AC=UNIMOD:35;TA=M;MT=Variable	11	1	Yan_miR_FASP_20140828_TMT10_200ugIPG37-49_7of15ul_fr11.raw	v1.1.0	NT=ms-proteomics;VV=v1.1.0	miR-372-3p mimic	3.7-4.9
U1810 siCtrl replicate 1	Homo sapiens	lung	U1810	non-small cell lung carcinoma	1	Yan_miR_FASP_20140828_TMT10_200ugIPG37-49_7of15ul_fr13_126	proteomic profiling by mass spectrometry	NT=Data-dependent acquisition;AC=PRIDE:0000627	NT=Q Exactive;AC=MS:1001911	NT=TMT 10-plex;AC=MS:1002010;CN=126	NT=Trypsin;AC=MS:1001251	NT=Carbamidomethyl;AC=UNIMOD:4;TA=C;MT=Fixed	NT=Oxidation;AC=UNIMOD:35;TA=M;MT=Variable	13	1	Yan_miR_FASP_20140828_TMT10_200ugIPG37-49_7of15ul_fr13.raw	v1.1.0	NT=ms-proteomics;VV=v1.1.0	siCtrl	3.7-4.9
U1810 miR-191-5p mimic replicate 2	Homo sapiens	lung	U1810	non-small cell lung carcinoma	2	Yan_miR_FASP_20140828_TMT10_200ugIPG37-49_7of15ul_fr13_127N	proteomic profiling by mass spectrometry	NT=Data-dependent acquisition;AC=PRIDE:0000627	NT=Q Exactive;AC=MS:1001911	NT=TMT 10-plex;AC=MS:1002010;CN=127N	NT=Trypsin;AC=MS:1001251	NT=Carbamidomethyl;AC=UNIMOD:4;TA=C;MT=Fixed	NT=Oxidation;AC=UNIMOD:35;TA=M;MT=Variable	13	1	Yan_miR_FASP_20140828_TMT10_200ugIPG37-49_7of15ul_fr13.raw	v1.1.0	NT=ms-proteomics;VV=v1.1.0	miR-191-5p mimic	3.7-4.9
U1810 miR-372-3p mimic replicate 1	Homo sapiens	lung	U1810	non-small cell lung carcinoma	1	Yan_miR_FASP_20140828_TMT10_200ugIPG37-49_7of15ul_fr13_127C	proteomic profiling by mass spectrometry	NT=Data-dependent acquisition;AC=PRIDE:0000627	NT=Q Exactive;AC=MS:1001911	NT=TMT 10-plex;AC=MS:1002010;CN=127C	NT=Trypsin;AC=MS:1001251	NT=Carbamidomethyl;AC=UNIMOD:4;TA=C;MT=Fixed	NT=Oxidation;AC=UNIMOD:35;TA=M;MT=Variable	13	1	Yan_miR_FASP_20140828_TMT10_200ugIPG37-49_7of15ul_fr13.raw	v1.1.0	NT=ms-proteomics;VV=v1.1.0	miR-372-3p mimic	3.7-4.9
U1810 miR-519c-3p mimic replicate 1	Homo sapiens	lung	U1810	non-small cell lung carcinoma	1	Yan_miR_FASP_20140828_TMT10_200ugIPG37-49_7of15ul_fr13_128N	proteomic profiling by mass spectrometry	NT=Data-dependent acquisition;AC=PRIDE:0000627	NT=Q Exactive;AC=MS:1001911	NT=TMT 10-plex;AC=MS:1002010;CN=128N	NT=Trypsin;AC=MS:1001251	NT=Carbamidomethyl;AC=UNIMOD:4;TA=C;MT=Fixed	NT=Oxidation;AC=UNIMOD:35;TA=M;MT=Variable	13	1	Yan_miR_FASP_20140828_TMT10_200ugIPG37-49_7of15ul_fr13.raw	v1.1.0	NT=ms-proteomics;VV=v1.1.0	miR-519c-3p mimic	3.7-4.9
U1810 siCtrl replicate 2	Homo sapiens	lung	U1810	non-small cell lung carcinoma	2	Yan_miR_FASP_20140828_TMT10_200ugIPG37-49_7of15ul_fr13_128C	proteomic profiling by mass spectrometry	NT=Data-dependent acquisition;AC=PRIDE:0000627	NT=Q Exactive;AC=MS:1001911	NT=TMT 10-plex;AC=MS:1002010;CN=128C	NT=Trypsin;AC=MS:1001251	NT=Carbamidomethyl;AC=UNIMOD:4;TA=C;MT=Fixed	NT=Oxidation;AC=UNIMOD:35;TA=M;MT=Variable	13	1	Yan_miR_FASP_20140828_TMT10_200ugIPG37-49_7of15ul_fr13.raw	v1.1.0	NT=ms-proteomics;VV=v1.1.0	siCtrl	3.7-4.9
U1810 miR-372-3p mimic replicate 2	Homo sapiens	lung	U1810	non-small cell lung carcinoma	2	Yan_miR_FASP_20140828_TMT10_200ugIPG37-49_7of15ul_fr13_129N	proteomic profiling by mass spectrometry	NT=Data-dependent acquisition;AC=PRIDE:0000627	NT=Q Exactive;AC=MS:1001911	NT=TMT 10-plex;AC=MS:1002010;CN=129N	NT=Trypsin;AC=MS:1001251	NT=Carbamidomethyl;AC=UNIMOD:4;TA=C;MT=Fixed	NT=Oxidation;AC=UNIMOD:35;TA=M;MT=Variable	13	1	Yan_miR_FASP_20140828_TMT10_200ugIPG37-49_7of15ul_fr13.raw	v1.1.0	NT=ms-proteomics;VV=v1.1.0	miR-372-3p mimic	3.7-4.9
U1810 miR-519c-3p mimic replicate 2	Homo sapiens	lung	U1810	non-small cell lung carcinoma	2	Yan_miR_FASP_20140828_TMT10_200ugIPG37-49_7of15ul_fr13_129C	proteomic profiling by mass spectrometry	NT=Data-dependent acquisition;AC=PRIDE:0000627	NT=Q Exactive;AC=MS:1001911	NT=TMT 10-plex;AC=MS:1002010;CN=129C	NT=Trypsin;AC=MS:1001251	NT=Carbamidomethyl;AC=UNIMOD:4;TA=C;MT=Fixed	NT=Oxidation;AC=UNIMOD:35;TA=M;MT=Variable	13	1	Yan_miR_FASP_20140828_TMT10_200ugIPG37-49_7of15ul_fr13.raw	v1.1.0	NT=ms-proteomics;VV=v1.1.0	miR-519c-3p mimic	3.7-4.9
U1810 siCtrl replicate 3	Homo sapiens	lung	U1810	non-small cell lung carcinoma	3	Yan_miR_FASP_20140828_TMT10_200ugIPG37-49_7of15ul_fr13_130N	proteomic profiling by mass spectrometry	NT=Data-dependent acquisition;AC=PRIDE:0000627	NT=Q Exactive;AC=MS:1001911	NT=TMT 10-plex;AC=MS:1002010;CN=130N	NT=Trypsin;AC=MS:1001251	NT=Carbamidomethyl;AC=UNIMOD:4;TA=C;MT=Fixed	NT=Oxidation;AC=UNIMOD:35;TA=M;MT=Variable	13	1	Yan_miR_FASP_20140828_TMT10_200ugIPG37-49_7of15ul_fr13.raw	v1.1.0	NT=ms-proteomics;VV=v1.1.0	siCtrl	3.7-4.9
U1810 miR-191-5p mimic replicate 1	Homo sapiens	lung	U1810	non-small cell lung carcinoma	1	Yan_miR_FASP_20140828_TMT10_200ugIPG37-49_7of15ul_fr13_130C	proteomic profiling by mass spectrometry	NT=Data-dependent acquisition;AC=PRIDE:0000627	NT=Q Exactive;AC=MS:1001911	NT=TMT 10-plex;AC=MS:1002010;CN=130C	NT=Trypsin;AC=MS:1001251	NT=Carbamidomethyl;AC=UNIMOD:4;TA=C;MT=Fixed	NT=Oxidation;AC=UNIMOD:35;TA=M;MT=Variable	13	1	Yan_miR_FASP_20140828_TMT10_200ugIPG37-49_7of15ul_fr13.raw	v1.1.0	NT=ms-proteomics;VV=v1.1.0	miR-191-5p mimic	3.7-4.9
U1810 miR-372-3p mimic replicate 3	Homo sapiens	lung	U1810	non-small cell lung carcinoma	3	Yan_miR_FASP_20140828_TMT10_200ugIPG37-49_7of15ul_fr13_131	proteomic profiling by mass spectrometry	NT=Data-dependent acquisition;AC=PRIDE:0000627	NT=Q Exactive;AC=MS:1001911	NT=TMT 10-plex;AC=MS:1002010;CN=131	NT=Trypsin;AC=MS:1001251	NT=Carbamidomethyl;AC=UNIMOD:4;TA=C;MT=Fixed	NT=Oxidation;AC=UNIMOD:35;TA=M;MT=Variable	13	1	Yan_miR_FASP_20140828_TMT10_200ugIPG37-49_7of15ul_fr13.raw	v1.1.0	NT=ms-proteomics;VV=v1.1.0	miR-372-3p mimic	3.7-4.9
U1810 siCtrl replicate 1	Homo sapiens	lung	U1810	non-small cell lung carcinoma	1	Yan_miR_FASP_20140828_TMT10_200ugIPG37-49_7of15ul_fr15_126	proteomic profiling by mass spectrometry	NT=Data-dependent acquisition;AC=PRIDE:0000627	NT=Q Exactive;AC=MS:1001911	NT=TMT 10-plex;AC=MS:1002010;CN=126	NT=Trypsin;AC=MS:1001251	NT=Carbamidomethyl;AC=UNIMOD:4;TA=C;MT=Fixed	NT=Oxidation;AC=UNIMOD:35;TA=M;MT=Variable	15	1	Yan_miR_FASP_20140828_TMT10_200ugIPG37-49_7of15ul_fr15.raw	v1.1.0	NT=ms-proteomics;VV=v1.1.0	siCtrl	3.7-4.9
U1810 miR-191-5p mimic replicate 2	Homo sapiens	lung	U1810	non-small cell lung carcinoma	2	Yan_miR_FASP_20140828_TMT10_200ugIPG37-49_7of15ul_fr15_127N	proteomic profiling by mass spectrometry	NT=Data-dependent acquisition;AC=PRIDE:0000627	NT=Q Exactive;AC=MS:1001911	NT=TMT 10-plex;AC=MS:1002010;CN=127N	NT=Trypsin;AC=MS:1001251	NT=Carbamidomethyl;AC=UNIMOD:4;TA=C;MT=Fixed	NT=Oxidation;AC=UNIMOD:35;TA=M;MT=Variable	15	1	Yan_miR_FASP_20140828_TMT10_200ugIPG37-49_7of15ul_fr15.raw	v1.1.0	NT=ms-proteomics;VV=v1.1.0	miR-191-5p mimic	3.7-4.9
U1810 miR-372-3p mimic replicate 1	Homo sapiens	lung	U1810	non-small cell lung carcinoma	1	Yan_miR_FASP_20140828_TMT10_200ugIPG37-49_7of15ul_fr15_127C	proteomic profiling by mass spectrometry	NT=Data-dependent acquisition;AC=PRIDE:0000627	NT=Q Exactive;AC=MS:1001911	NT=TMT 10-plex;AC=MS:1002010;CN=127C	NT=Trypsin;AC=MS:1001251	NT=Carbamidomethyl;AC=UNIMOD:4;TA=C;MT=Fixed	NT=Oxidation;AC=UNIMOD:35;TA=M;MT=Variable	15	1	Yan_miR_FASP_20140828_TMT10_200ugIPG37-49_7of15ul_fr15.raw	v1.1.0	NT=ms-proteomics;VV=v1.1.0	miR-372-3p mimic	3.7-4.9
U1810 miR-519c-3p mimic replicate 1	Homo sapiens	lung	U1810	non-small cell lung carcinoma	1	Yan_miR_FASP_20140828_TMT10_200ugIPG37-49_7of15ul_fr15_128N	proteomic profiling by mass spectrometry	NT=Data-dependent acquisition;AC=PRIDE:0000627	NT=Q Exactive;AC=MS:1001911	NT=TMT 10-plex;AC=MS:1002010;CN=128N	NT=Trypsin;AC=MS:1001251	NT=Carbamidomethyl;AC=UNIMOD:4;TA=C;MT=Fixed	NT=Oxidation;AC=UNIMOD:35;TA=M;MT=Variable	15	1	Yan_miR_FASP_20140828_TMT10_200ugIPG37-49_7of15ul_fr15.raw	v1.1.0	NT=ms-proteomics;VV=v1.1.0	miR-519c-3p mimic	3.7-4.9
U1810 siCtrl replicate 2	Homo sapiens	lung	U1810	non-small cell lung carcinoma	2	Yan_miR_FASP_20140828_TMT10_200ugIPG37-49_7of15ul_fr15_128C	proteomic profiling by mass spectrometry	NT=Data-dependent acquisition;AC=PRIDE:0000627	NT=Q Exactive;AC=MS:1001911	NT=TMT 10-plex;AC=MS:1002010;CN=128C	NT=Trypsin;AC=MS:1001251	NT=Carbamidomethyl;AC=UNIMOD:4;TA=C;MT=Fixed	NT=Oxidation;AC=UNIMOD:35;TA=M;MT=Variable	15	1	Yan_miR_FASP_20140828_TMT10_200ugIPG37-49_7of15ul_fr15.raw	v1.1.0	NT=ms-proteomics;VV=v1.1.0	siCtrl	3.7-4.9
U1810 miR-372-3p mimic replicate 2	Homo sapiens	lung	U1810	non-small cell lung carcinoma	2	Yan_miR_FASP_20140828_TMT10_200ugIPG37-49_7of15ul_fr15_129N	proteomic profiling by mass spectrometry	NT=Data-dependent acquisition;AC=PRIDE:0000627	NT=Q Exactive;AC=MS:1001911	NT=TMT 10-plex;AC=MS:1002010;CN=129N	NT=Trypsin;AC=MS:1001251	NT=Carbamidomethyl;AC=UNIMOD:4;TA=C;MT=Fixed	NT=Oxidation;AC=UNIMOD:35;TA=M;MT=Variable	15	1	Yan_miR_FASP_20140828_TMT10_200ugIPG37-49_7of15ul_fr15.raw	v1.1.0	NT=ms-proteomics;VV=v1.1.0	miR-372-3p mimic	3.7-4.9
U1810 miR-519c-3p mimic replicate 2	Homo sapiens	lung	U1810	non-small cell lung carcinoma	2	Yan_miR_FASP_20140828_TMT10_200ugIPG37-49_7of15ul_fr15_129C	proteomic profiling by mass spectrometry	NT=Data-dependent acquisition;AC=PRIDE:0000627	NT=Q Exactive;AC=MS:1001911	NT=TMT 10-plex;AC=MS:1002010;CN=129C	NT=Trypsin;AC=MS:1001251	NT=Carbamidomethyl;AC=UNIMOD:4;TA=C;MT=Fixed	NT=Oxidation;AC=UNIMOD:35;TA=M;MT=Variable	15	1	Yan_miR_FASP_20140828_TMT10_200ugIPG37-49_7of15ul_fr15.raw	v1.1.0	NT=ms-proteomics;VV=v1.1.0	miR-519c-3p mimic	3.7-4.9
U1810 siCtrl replicate 3	Homo sapiens	lung	U1810	non-small cell lung carcinoma	3	Yan_miR_FASP_20140828_TMT10_200ugIPG37-49_7of15ul_fr15_130N	proteomic profiling by mass spectrometry	NT=Data-dependent acquisition;AC=PRIDE:0000627	NT=Q Exactive;AC=MS:1001911	NT=TMT 10-plex;AC=MS:1002010;CN=130N	NT=Trypsin;AC=MS:1001251	NT=Carbamidomethyl;AC=UNIMOD:4;TA=C;MT=Fixed	NT=Oxidation;AC=UNIMOD:35;TA=M;MT=Variable	15	1	Yan_miR_FASP_20140828_TMT10_200ugIPG37-49_7of15ul_fr15.raw	v1.1.0	NT=ms-proteomics;VV=v1.1.0	siCtrl	3.7-4.9
U1810 miR-191-5p mimic replicate 1	Homo sapiens	lung	U1810	non-small cell lung carcinoma	1	Yan_miR_FASP_20140828_TMT10_200ugIPG37-49_7of15ul_fr15_130C	proteomic profiling by mass spectrometry	NT=Data-dependent acquisition;AC=PRIDE:0000627	NT=Q Exactive;AC=MS:1001911	NT=TMT 10-plex;AC=MS:1002010;CN=130C	NT=Trypsin;AC=MS:1001251	NT=Carbamidomethyl;AC=UNIMOD:4;TA=C;MT=Fixed	NT=Oxidation;AC=UNIMOD:35;TA=M;MT=Variable	15	1	Yan_miR_FASP_20140828_TMT10_200ugIPG37-49_7of15ul_fr15.raw	v1.1.0	NT=ms-proteomics;VV=v1.1.0	miR-191-5p mimic	3.7-4.9
U1810 miR-372-3p mimic replicate 3	Homo sapiens	lung	U1810	non-small cell lung carcinoma	3	Yan_miR_FASP_20140828_TMT10_200ugIPG37-49_7of15ul_fr15_131	proteomic profiling by mass spectrometry	NT=Data-dependent acquisition;AC=PRIDE:0000627	NT=Q Exactive;AC=MS:1001911	NT=TMT 10-plex;AC=MS:1002010;CN=131	NT=Trypsin;AC=MS:1001251	NT=Carbamidomethyl;AC=UNIMOD:4;TA=C;MT=Fixed	NT=Oxidation;AC=UNIMOD:35;TA=M;MT=Variable	15	1	Yan_miR_FASP_20140828_TMT10_200ugIPG37-49_7of15ul_fr15.raw	v1.1.0	NT=ms-proteomics;VV=v1.1.0	miR-372-3p mimic	3.7-4.9
U1810 siCtrl replicate 1	Homo sapiens	lung	U1810	non-small cell lung carcinoma	1	Yan_miR_FASP_20140828_TMT10_200ugIPG37-49_7of15ul_fr16_126	proteomic profiling by mass spectrometry	NT=Data-dependent acquisition;AC=PRIDE:0000627	NT=Q Exactive;AC=MS:1001911	NT=TMT 10-plex;AC=MS:1002010;CN=126	NT=Trypsin;AC=MS:1001251	NT=Carbamidomethyl;AC=UNIMOD:4;TA=C;MT=Fixed	NT=Oxidation;AC=UNIMOD:35;TA=M;MT=Variable	16	1	Yan_miR_FASP_20140828_TMT10_200ugIPG37-49_7of15ul_fr16.raw	v1.1.0	NT=ms-proteomics;VV=v1.1.0	siCtrl	3.7-4.9
U1810 miR-191-5p mimic replicate 2	Homo sapiens	lung	U1810	non-small cell lung carcinoma	2	Yan_miR_FASP_20140828_TMT10_200ugIPG37-49_7of15ul_fr16_127N	proteomic profiling by mass spectrometry	NT=Data-dependent acquisition;AC=PRIDE:0000627	NT=Q Exactive;AC=MS:1001911	NT=TMT 10-plex;AC=MS:1002010;CN=127N	NT=Trypsin;AC=MS:1001251	NT=Carbamidomethyl;AC=UNIMOD:4;TA=C;MT=Fixed	NT=Oxidation;AC=UNIMOD:35;TA=M;MT=Variable	16	1	Yan_miR_FASP_20140828_TMT10_200ugIPG37-49_7of15ul_fr16.raw	v1.1.0	NT=ms-proteomics;VV=v1.1.0	miR-191-5p mimic	3.7-4.9
U1810 miR-372-3p mimic replicate 1	Homo sapiens	lung	U1810	non-small cell lung carcinoma	1	Yan_miR_FASP_20140828_TMT10_200ugIPG37-49_7of15ul_fr16_127C	proteomic profiling by mass spectrometry	NT=Data-dependent acquisition;AC=PRIDE:0000627	NT=Q Exactive;AC=MS:1001911	NT=TMT 10-plex;AC=MS:1002010;CN=127C	NT=Trypsin;AC=MS:1001251	NT=Carbamidomethyl;AC=UNIMOD:4;TA=C;MT=Fixed	NT=Oxidation;AC=UNIMOD:35;TA=M;MT=Variable	16	1	Yan_miR_FASP_20140828_TMT10_200ugIPG37-49_7of15ul_fr16.raw	v1.1.0	NT=ms-proteomics;VV=v1.1.0	miR-372-3p mimic	3.7-4.9
U1810 miR-519c-3p mimic replicate 1	Homo sapiens	lung	U1810	non-small cell lung carcinoma	1	Yan_miR_FASP_20140828_TMT10_200ugIPG37-49_7of15ul_fr16_128N	proteomic profiling by mass spectrometry	NT=Data-dependent acquisition;AC=PRIDE:0000627	NT=Q Exactive;AC=MS:1001911	NT=TMT 10-plex;AC=MS:1002010;CN=128N	NT=Trypsin;AC=MS:1001251	NT=Carbamidomethyl;AC=UNIMOD:4;TA=C;MT=Fixed	NT=Oxidation;AC=UNIMOD:35;TA=M;MT=Variable	16	1	Yan_miR_FASP_20140828_TMT10_200ugIPG37-49_7of15ul_fr16.raw	v1.1.0	NT=ms-proteomics;VV=v1.1.0	miR-519c-3p mimic	3.7-4.9
U1810 siCtrl replicate 2	Homo sapiens	lung	U1810	non-small cell lung carcinoma	2	Yan_miR_FASP_20140828_TMT10_200ugIPG37-49_7of15ul_fr16_128C	proteomic profiling by mass spectrometry	NT=Data-dependent acquisition;AC=PRIDE:0000627	NT=Q Exactive;AC=MS:1001911	NT=TMT 10-plex;AC=MS:1002010;CN=128C	NT=Trypsin;AC=MS:1001251	NT=Carbamidomethyl;AC=UNIMOD:4;TA=C;MT=Fixed	NT=Oxidation;AC=UNIMOD:35;TA=M;MT=Variable	16	1	Yan_miR_FASP_20140828_TMT10_200ugIPG37-49_7of15ul_fr16.raw	v1.1.0	NT=ms-proteomics;VV=v1.1.0	siCtrl	3.7-4.9
U1810 miR-372-3p mimic replicate 2	Homo sapiens	lung	U1810	non-small cell lung carcinoma	2	Yan_miR_FASP_20140828_TMT10_200ugIPG37-49_7of15ul_fr16_129N	proteomic profiling by mass spectrometry	NT=Data-dependent acquisition;AC=PRIDE:0000627	NT=Q Exactive;AC=MS:1001911	NT=TMT 10-plex;AC=MS:1002010;CN=129N	NT=Trypsin;AC=MS:1001251	NT=Carbamidomethyl;AC=UNIMOD:4;TA=C;MT=Fixed	NT=Oxidation;AC=UNIMOD:35;TA=M;MT=Variable	16	1	Yan_miR_FASP_20140828_TMT10_200ugIPG37-49_7of15ul_fr16.raw	v1.1.0	NT=ms-proteomics;VV=v1.1.0	miR-372-3p mimic	3.7-4.9
U1810 miR-519c-3p mimic replicate 2	Homo sapiens	lung	U1810	non-small cell lung carcinoma	2	Yan_miR_FASP_20140828_TMT10_200ugIPG37-49_7of15ul_fr16_129C	proteomic profiling by mass spectrometry	NT=Data-dependent acquisition;AC=PRIDE:0000627	NT=Q Exactive;AC=MS:1001911	NT=TMT 10-plex;AC=MS:1002010;CN=129C	NT=Trypsin;AC=MS:1001251	NT=Carbamidomethyl;AC=UNIMOD:4;TA=C;MT=Fixed	NT=Oxidation;AC=UNIMOD:35;TA=M;MT=Variable	16	1	Yan_miR_FASP_20140828_TMT10_200ugIPG37-49_7of15ul_fr16.raw	v1.1.0	NT=ms-proteomics;VV=v1.1.0	miR-519c-3p mimic	3.7-4.9
U1810 siCtrl replicate 3	Homo sapiens	lung	U1810	non-small cell lung carcinoma	3	Yan_miR_FASP_20140828_TMT10_200ugIPG37-49_7of15ul_fr16_130N	proteomic profiling by mass spectrometry	NT=Data-dependent acquisition;AC=PRIDE:0000627	NT=Q Exactive;AC=MS:1001911	NT=TMT 10-plex;AC=MS:1002010;CN=130N	NT=Trypsin;AC=MS:1001251	NT=Carbamidomethyl;AC=UNIMOD:4;TA=C;MT=Fixed	NT=Oxidation;AC=UNIMOD:35;TA=M;MT=Variable	16	1	Yan_miR_FASP_20140828_TMT10_200ugIPG37-49_7of15ul_fr16.raw	v1.1.0	NT=ms-proteomics;VV=v1.1.0	siCtrl	3.7-4.9
U1810 miR-191-5p mimic replicate 1	Homo sapiens	lung	U1810	non-small cell lung carcinoma	1	Yan_miR_FASP_20140828_TMT10_200ugIPG37-49_7of15ul_fr16_130C	proteomic profiling by mass spectrometry	NT=Data-dependent acquisition;AC=PRIDE:0000627	NT=Q Exactive;AC=MS:1001911	NT=TMT 10-plex;AC=MS:1002010;CN=130C	NT=Trypsin;AC=MS:1001251	NT=Carbamidomethyl;AC=UNIMOD:4;TA=C;MT=Fixed	NT=Oxidation;AC=UNIMOD:35;TA=M;MT=Variable	16	1	Yan_miR_FASP_20140828_TMT10_200ugIPG37-49_7of15ul_fr16.raw	v1.1.0	NT=ms-proteomics;VV=v1.1.0	miR-191-5p mimic	3.7-4.9
U1810 miR-372-3p mimic replicate 3	Homo sapiens	lung	U1810	non-small cell lung carcinoma	3	Yan_miR_FASP_20140828_TMT10_200ugIPG37-49_7of15ul_fr16_131	proteomic profiling by mass spectrometry	NT=Data-dependent acquisition;AC=PRIDE:0000627	NT=Q Exactive;AC=MS:1001911	NT=TMT 10-plex;AC=MS:1002010;CN=131	NT=Trypsin;AC=MS:1001251	NT=Carbamidomethyl;AC=UNIMOD:4;TA=C;MT=Fixed	NT=Oxidation;AC=UNIMOD:35;TA=M;MT=Variable	16	1	Yan_miR_FASP_20140828_TMT10_200ugIPG37-49_7of15ul_fr16.raw	v1.1.0	NT=ms-proteomics;VV=v1.1.0	miR-372-3p mimic	3.7-4.9
U1810 siCtrl replicate 1	Homo sapiens	lung	U1810	non-small cell lung carcinoma	1	Yan_miR_FASP_20140828_TMT10_200ugIPG37-49_7of15ul_fr18_126	proteomic profiling by mass spectrometry	NT=Data-dependent acquisition;AC=PRIDE:0000627	NT=Q Exactive;AC=MS:1001911	NT=TMT 10-plex;AC=MS:1002010;CN=126	NT=Trypsin;AC=MS:1001251	NT=Carbamidomethyl;AC=UNIMOD:4;TA=C;MT=Fixed	NT=Oxidation;AC=UNIMOD:35;TA=M;MT=Variable	18	1	Yan_miR_FASP_20140828_TMT10_200ugIPG37-49_7of15ul_fr18.raw	v1.1.0	NT=ms-proteomics;VV=v1.1.0	siCtrl	3.7-4.9
U1810 miR-191-5p mimic replicate 2	Homo sapiens	lung	U1810	non-small cell lung carcinoma	2	Yan_miR_FASP_20140828_TMT10_200ugIPG37-49_7of15ul_fr18_127N	proteomic profiling by mass spectrometry	NT=Data-dependent acquisition;AC=PRIDE:0000627	NT=Q Exactive;AC=MS:1001911	NT=TMT 10-plex;AC=MS:1002010;CN=127N	NT=Trypsin;AC=MS:1001251	NT=Carbamidomethyl;AC=UNIMOD:4;TA=C;MT=Fixed	NT=Oxidation;AC=UNIMOD:35;TA=M;MT=Variable	18	1	Yan_miR_FASP_20140828_TMT10_200ugIPG37-49_7of15ul_fr18.raw	v1.1.0	NT=ms-proteomics;VV=v1.1.0	miR-191-5p mimic	3.7-4.9
U1810 miR-372-3p mimic replicate 1	Homo sapiens	lung	U1810	non-small cell lung carcinoma	1	Yan_miR_FASP_20140828_TMT10_200ugIPG37-49_7of15ul_fr18_127C	proteomic profiling by mass spectrometry	NT=Data-dependent acquisition;AC=PRIDE:0000627	NT=Q Exactive;AC=MS:1001911	NT=TMT 10-plex;AC=MS:1002010;CN=127C	NT=Trypsin;AC=MS:1001251	NT=Carbamidomethyl;AC=UNIMOD:4;TA=C;MT=Fixed	NT=Oxidation;AC=UNIMOD:35;TA=M;MT=Variable	18	1	Yan_miR_FASP_20140828_TMT10_200ugIPG37-49_7of15ul_fr18.raw	v1.1.0	NT=ms-proteomics;VV=v1.1.0	miR-372-3p mimic	3.7-4.9
U1810 miR-519c-3p mimic replicate 1	Homo sapiens	lung	U1810	non-small cell lung carcinoma	1	Yan_miR_FASP_20140828_TMT10_200ugIPG37-49_7of15ul_fr18_128N	proteomic profiling by mass spectrometry	NT=Data-dependent acquisition;AC=PRIDE:0000627	NT=Q Exactive;AC=MS:1001911	NT=TMT 10-plex;AC=MS:1002010;CN=128N	NT=Trypsin;AC=MS:1001251	NT=Carbamidomethyl;AC=UNIMOD:4;TA=C;MT=Fixed	NT=Oxidation;AC=UNIMOD:35;TA=M;MT=Variable	18	1	Yan_miR_FASP_20140828_TMT10_200ugIPG37-49_7of15ul_fr18.raw	v1.1.0	NT=ms-proteomics;VV=v1.1.0	miR-519c-3p mimic	3.7-4.9
U1810 siCtrl replicate 2	Homo sapiens	lung	U1810	non-small cell lung carcinoma	2	Yan_miR_FASP_20140828_TMT10_200ugIPG37-49_7of15ul_fr18_128C	proteomic profiling by mass spectrometry	NT=Data-dependent acquisition;AC=PRIDE:0000627	NT=Q Exactive;AC=MS:1001911	NT=TMT 10-plex;AC=MS:1002010;CN=128C	NT=Trypsin;AC=MS:1001251	NT=Carbamidomethyl;AC=UNIMOD:4;TA=C;MT=Fixed	NT=Oxidation;AC=UNIMOD:35;TA=M;MT=Variable	18	1	Yan_miR_FASP_20140828_TMT10_200ugIPG37-49_7of15ul_fr18.raw	v1.1.0	NT=ms-proteomics;VV=v1.1.0	siCtrl	3.7-4.9
U1810 miR-372-3p mimic replicate 2	Homo sapiens	lung	U1810	non-small cell lung carcinoma	2	Yan_miR_FASP_20140828_TMT10_200ugIPG37-49_7of15ul_fr18_129N	proteomic profiling by mass spectrometry	NT=Data-dependent acquisition;AC=PRIDE:0000627	NT=Q Exactive;AC=MS:1001911	NT=TMT 10-plex;AC=MS:1002010;CN=129N	NT=Trypsin;AC=MS:1001251	NT=Carbamidomethyl;AC=UNIMOD:4;TA=C;MT=Fixed	NT=Oxidation;AC=UNIMOD:35;TA=M;MT=Variable	18	1	Yan_miR_FASP_20140828_TMT10_200ugIPG37-49_7of15ul_fr18.raw	v1.1.0	NT=ms-proteomics;VV=v1.1.0	miR-372-3p mimic	3.7-4.9
U1810 miR-519c-3p mimic replicate 2	Homo sapiens	lung	U1810	non-small cell lung carcinoma	2	Yan_miR_FASP_20140828_TMT10_200ugIPG37-49_7of15ul_fr18_129C	proteomic profiling by mass spectrometry	NT=Data-dependent acquisition;AC=PRIDE:0000627	NT=Q Exactive;AC=MS:1001911	NT=TMT 10-plex;AC=MS:1002010;CN=129C	NT=Trypsin;AC=MS:1001251	NT=Carbamidomethyl;AC=UNIMOD:4;TA=C;MT=Fixed	NT=Oxidation;AC=UNIMOD:35;TA=M;MT=Variable	18	1	Yan_miR_FASP_20140828_TMT10_200ugIPG37-49_7of15ul_fr18.raw	v1.1.0	NT=ms-proteomics;VV=v1.1.0	miR-519c-3p mimic	3.7-4.9
U1810 siCtrl replicate 3	Homo sapiens	lung	U1810	non-small cell lung carcinoma	3	Yan_miR_FASP_20140828_TMT10_200ugIPG37-49_7of15ul_fr18_130N	proteomic profiling by mass spectrometry	NT=Data-dependent acquisition;AC=PRIDE:0000627	NT=Q Exactive;AC=MS:1001911	NT=TMT 10-plex;AC=MS:1002010;CN=130N	NT=Trypsin;AC=MS:1001251	NT=Carbamidomethyl;AC=UNIMOD:4;TA=C;MT=Fixed	NT=Oxidation;AC=UNIMOD:35;TA=M;MT=Variable	18	1	Yan_miR_FASP_20140828_TMT10_200ugIPG37-49_7of15ul_fr18.raw	v1.1.0	NT=ms-proteomics;VV=v1.1.0	siCtrl	3.7-4.9
U1810 miR-191-5p mimic replicate 1	Homo sapiens	lung	U1810	non-small cell lung carcinoma	1	Yan_miR_FASP_20140828_TMT10_200ugIPG37-49_7of15ul_fr18_130C	proteomic profiling by mass spectrometry	NT=Data-dependent acquisition;AC=PRIDE:0000627	NT=Q Exactive;AC=MS:1001911	NT=TMT 10-plex;AC=MS:1002010;CN=130C	NT=Trypsin;AC=MS:1001251	NT=Carbamidomethyl;AC=UNIMOD:4;TA=C;MT=Fixed	NT=Oxidation;AC=UNIMOD:35;TA=M;MT=Variable	18	1	Yan_miR_FASP_20140828_TMT10_200ugIPG37-49_7of15ul_fr18.raw	v1.1.0	NT=ms-proteomics;VV=v1.1.0	miR-191-5p mimic	3.7-4.9
U1810 miR-372-3p mimic replicate 3	Homo sapiens	lung	U1810	non-small cell lung carcinoma	3	Yan_miR_FASP_20140828_TMT10_200ugIPG37-49_7of15ul_fr18_131	proteomic profiling by mass spectrometry	NT=Data-dependent acquisition;AC=PRIDE:0000627	NT=Q Exactive;AC=MS:1001911	NT=TMT 10-plex;AC=MS:1002010;CN=131	NT=Trypsin;AC=MS:1001251	NT=Carbamidomethyl;AC=UNIMOD:4;TA=C;MT=Fixed	NT=Oxidation;AC=UNIMOD:35;TA=M;MT=Variable	18	1	Yan_miR_FASP_20140828_TMT10_200ugIPG37-49_7of15ul_fr18.raw	v1.1.0	NT=ms-proteomics;VV=v1.1.0	miR-372-3p mimic	3.7-4.9
U1810 siCtrl replicate 1	Homo sapiens	lung	U1810	non-small cell lung carcinoma	1	Yan_miR_FASP_20140828_TMT10_200ugIPG37-49_7of15ul_fr31_126	proteomic profiling by mass spectrometry	NT=Data-dependent acquisition;AC=PRIDE:0000627	NT=Q Exactive;AC=MS:1001911	NT=TMT 10-plex;AC=MS:1002010;CN=126	NT=Trypsin;AC=MS:1001251	NT=Carbamidomethyl;AC=UNIMOD:4;TA=C;MT=Fixed	NT=Oxidation;AC=UNIMOD:35;TA=M;MT=Variable	31	1	Yan_miR_FASP_20140828_TMT10_200ugIPG37-49_7of15ul_fr31.raw	v1.1.0	NT=ms-proteomics;VV=v1.1.0	siCtrl	3.7-4.9
U1810 miR-191-5p mimic replicate 2	Homo sapiens	lung	U1810	non-small cell lung carcinoma	2	Yan_miR_FASP_20140828_TMT10_200ugIPG37-49_7of15ul_fr31_127N	proteomic profiling by mass spectrometry	NT=Data-dependent acquisition;AC=PRIDE:0000627	NT=Q Exactive;AC=MS:1001911	NT=TMT 10-plex;AC=MS:1002010;CN=127N	NT=Trypsin;AC=MS:1001251	NT=Carbamidomethyl;AC=UNIMOD:4;TA=C;MT=Fixed	NT=Oxidation;AC=UNIMOD:35;TA=M;MT=Variable	31	1	Yan_miR_FASP_20140828_TMT10_200ugIPG37-49_7of15ul_fr31.raw	v1.1.0	NT=ms-proteomics;VV=v1.1.0	miR-191-5p mimic	3.7-4.9
U1810 miR-372-3p mimic replicate 1	Homo sapiens	lung	U1810	non-small cell lung carcinoma	1	Yan_miR_FASP_20140828_TMT10_200ugIPG37-49_7of15ul_fr31_127C	proteomic profiling by mass spectrometry	NT=Data-dependent acquisition;AC=PRIDE:0000627	NT=Q Exactive;AC=MS:1001911	NT=TMT 10-plex;AC=MS:1002010;CN=127C	NT=Trypsin;AC=MS:1001251	NT=Carbamidomethyl;AC=UNIMOD:4;TA=C;MT=Fixed	NT=Oxidation;AC=UNIMOD:35;TA=M;MT=Variable	31	1	Yan_miR_FASP_20140828_TMT10_200ugIPG37-49_7of15ul_fr31.raw	v1.1.0	NT=ms-proteomics;VV=v1.1.0	miR-372-3p mimic	3.7-4.9
U1810 miR-519c-3p mimic replicate 1	Homo sapiens	lung	U1810	non-small cell lung carcinoma	1	Yan_miR_FASP_20140828_TMT10_200ugIPG37-49_7of15ul_fr31_128N	proteomic profiling by mass spectrometry	NT=Data-dependent acquisition;AC=PRIDE:0000627	NT=Q Exactive;AC=MS:1001911	NT=TMT 10-plex;AC=MS:1002010;CN=128N	NT=Trypsin;AC=MS:1001251	NT=Carbamidomethyl;AC=UNIMOD:4;TA=C;MT=Fixed	NT=Oxidation;AC=UNIMOD:35;TA=M;MT=Variable	31	1	Yan_miR_FASP_20140828_TMT10_200ugIPG37-49_7of15ul_fr31.raw	v1.1.0	NT=ms-proteomics;VV=v1.1.0	miR-519c-3p mimic	3.7-4.9
U1810 siCtrl replicate 2	Homo sapiens	lung	U1810	non-small cell lung carcinoma	2	Yan_miR_FASP_20140828_TMT10_200ugIPG37-49_7of15ul_fr31_128C	proteomic profiling by mass spectrometry	NT=Data-dependent acquisition;AC=PRIDE:0000627	NT=Q Exactive;AC=MS:1001911	NT=TMT 10-plex;AC=MS:1002010;CN=128C	NT=Trypsin;AC=MS:1001251	NT=Carbamidomethyl;AC=UNIMOD:4;TA=C;MT=Fixed	NT=Oxidation;AC=UNIMOD:35;TA=M;MT=Variable	31	1	Yan_miR_FASP_20140828_TMT10_200ugIPG37-49_7of15ul_fr31.raw	v1.1.0	NT=ms-proteomics;VV=v1.1.0	siCtrl	3.7-4.9
U1810 miR-372-3p mimic replicate 2	Homo sapiens	lung	U1810	non-small cell lung carcinoma	2	Yan_miR_FASP_20140828_TMT10_200ugIPG37-49_7of15ul_fr31_129N	proteomic profiling by mass spectrometry	NT=Data-dependent acquisition;AC=PRIDE:0000627	NT=Q Exactive;AC=MS:1001911	NT=TMT 10-plex;AC=MS:1002010;CN=129N	NT=Trypsin;AC=MS:1001251	NT=Carbamidomethyl;AC=UNIMOD:4;TA=C;MT=Fixed	NT=Oxidation;AC=UNIMOD:35;TA=M;MT=Variable	31	1	Yan_miR_FASP_20140828_TMT10_200ugIPG37-49_7of15ul_fr31.raw	v1.1.0	NT=ms-proteomics;VV=v1.1.0	miR-372-3p mimic	3.7-4.9
U1810 miR-519c-3p mimic replicate 2	Homo sapiens	lung	U1810	non-small cell lung carcinoma	2	Yan_miR_FASP_20140828_TMT10_200ugIPG37-49_7of15ul_fr31_129C	proteomic profiling by mass spectrometry	NT=Data-dependent acquisition;AC=PRIDE:0000627	NT=Q Exactive;AC=MS:1001911	NT=TMT 10-plex;AC=MS:1002010;CN=129C	NT=Trypsin;AC=MS:1001251	NT=Carbamidomethyl;AC=UNIMOD:4;TA=C;MT=Fixed	NT=Oxidation;AC=UNIMOD:35;TA=M;MT=Variable	31	1	Yan_miR_FASP_20140828_TMT10_200ugIPG37-49_7of15ul_fr31.raw	v1.1.0	NT=ms-proteomics;VV=v1.1.0	miR-519c-3p mimic	3.7-4.9
U1810 siCtrl replicate 3	Homo sapiens	lung	U1810	non-small cell lung carcinoma	3	Yan_miR_FASP_20140828_TMT10_200ugIPG37-49_7of15ul_fr31_130N	proteomic profiling by mass spectrometry	NT=Data-dependent acquisition;AC=PRIDE:0000627	NT=Q Exactive;AC=MS:1001911	NT=TMT 10-plex;AC=MS:1002010;CN=130N	NT=Trypsin;AC=MS:1001251	NT=Carbamidomethyl;AC=UNIMOD:4;TA=C;MT=Fixed	NT=Oxidation;AC=UNIMOD:35;TA=M;MT=Variable	31	1	Yan_miR_FASP_20140828_TMT10_200ugIPG37-49_7of15ul_fr31.raw	v1.1.0	NT=ms-proteomics;VV=v1.1.0	siCtrl	3.7-4.9
U1810 miR-191-5p mimic replicate 1	Homo sapiens	lung	U1810	non-small cell lung carcinoma	1	Yan_miR_FASP_20140828_TMT10_200ugIPG37-49_7of15ul_fr31_130C	proteomic profiling by mass spectrometry	NT=Data-dependent acquisition;AC=PRIDE:0000627	NT=Q Exactive;AC=MS:1001911	NT=TMT 10-plex;AC=MS:1002010;CN=130C	NT=Trypsin;AC=MS:1001251	NT=Carbamidomethyl;AC=UNIMOD:4;TA=C;MT=Fixed	NT=Oxidation;AC=UNIMOD:35;TA=M;MT=Variable	31	1	Yan_miR_FASP_20140828_TMT10_200ugIPG37-49_7of15ul_fr31.raw	v1.1.0	NT=ms-proteomics;VV=v1.1.0	miR-191-5p mimic	3.7-4.9
U1810 miR-372-3p mimic replicate 3	Homo sapiens	lung	U1810	non-small cell lung carcinoma	3	Yan_miR_FASP_20140828_TMT10_200ugIPG37-49_7of15ul_fr31_131	proteomic profiling by mass spectrometry	NT=Data-dependent acquisition;AC=PRIDE:0000627	NT=Q Exactive;AC=MS:1001911	NT=TMT 10-plex;AC=MS:1002010;CN=131	NT=Trypsin;AC=MS:1001251	NT=Carbamidomethyl;AC=UNIMOD:4;TA=C;MT=Fixed	NT=Oxidation;AC=UNIMOD:35;TA=M;MT=Variable	31	1	Yan_miR_FASP_20140828_TMT10_200ugIPG37-49_7of15ul_fr31.raw	v1.1.0	NT=ms-proteomics;VV=v1.1.0	miR-372-3p mimic	3.7-4.9
U1810 siCtrl replicate 1	Homo sapiens	lung	U1810	non-small cell lung carcinoma	1	Yan_miR_FASP_20140828_TMT10_200ugIPG37-49_7of15ul_fr32_126	proteomic profiling by mass spectrometry	NT=Data-dependent acquisition;AC=PRIDE:0000627	NT=Q Exactive;AC=MS:1001911	NT=TMT 10-plex;AC=MS:1002010;CN=126	NT=Trypsin;AC=MS:1001251	NT=Carbamidomethyl;AC=UNIMOD:4;TA=C;MT=Fixed	NT=Oxidation;AC=UNIMOD:35;TA=M;MT=Variable	32	1	Yan_miR_FASP_20140828_TMT10_200ugIPG37-49_7of15ul_fr32.raw	v1.1.0	NT=ms-proteomics;VV=v1.1.0	siCtrl	3.7-4.9
U1810 miR-191-5p mimic replicate 2	Homo sapiens	lung	U1810	non-small cell lung carcinoma	2	Yan_miR_FASP_20140828_TMT10_200ugIPG37-49_7of15ul_fr32_127N	proteomic profiling by mass spectrometry	NT=Data-dependent acquisition;AC=PRIDE:0000627	NT=Q Exactive;AC=MS:1001911	NT=TMT 10-plex;AC=MS:1002010;CN=127N	NT=Trypsin;AC=MS:1001251	NT=Carbamidomethyl;AC=UNIMOD:4;TA=C;MT=Fixed	NT=Oxidation;AC=UNIMOD:35;TA=M;MT=Variable	32	1	Yan_miR_FASP_20140828_TMT10_200ugIPG37-49_7of15ul_fr32.raw	v1.1.0	NT=ms-proteomics;VV=v1.1.0	miR-191-5p mimic	3.7-4.9
U1810 miR-372-3p mimic replicate 1	Homo sapiens	lung	U1810	non-small cell lung carcinoma	1	Yan_miR_FASP_20140828_TMT10_200ugIPG37-49_7of15ul_fr32_127C	proteomic profiling by mass spectrometry	NT=Data-dependent acquisition;AC=PRIDE:0000627	NT=Q Exactive;AC=MS:1001911	NT=TMT 10-plex;AC=MS:1002010;CN=127C	NT=Trypsin;AC=MS:1001251	NT=Carbamidomethyl;AC=UNIMOD:4;TA=C;MT=Fixed	NT=Oxidation;AC=UNIMOD:35;TA=M;MT=Variable	32	1	Yan_miR_FASP_20140828_TMT10_200ugIPG37-49_7of15ul_fr32.raw	v1.1.0	NT=ms-proteomics;VV=v1.1.0	miR-372-3p mimic	3.7-4.9
U1810 miR-519c-3p mimic replicate 1	Homo sapiens	lung	U1810	non-small cell lung carcinoma	1	Yan_miR_FASP_20140828_TMT10_200ugIPG37-49_7of15ul_fr32_128N	proteomic profiling by mass spectrometry	NT=Data-dependent acquisition;AC=PRIDE:0000627	NT=Q Exactive;AC=MS:1001911	NT=TMT 10-plex;AC=MS:1002010;CN=128N	NT=Trypsin;AC=MS:1001251	NT=Carbamidomethyl;AC=UNIMOD:4;TA=C;MT=Fixed	NT=Oxidation;AC=UNIMOD:35;TA=M;MT=Variable	32	1	Yan_miR_FASP_20140828_TMT10_200ugIPG37-49_7of15ul_fr32.raw	v1.1.0	NT=ms-proteomics;VV=v1.1.0	miR-519c-3p mimic	3.7-4.9
U1810 siCtrl replicate 2	Homo sapiens	lung	U1810	non-small cell lung carcinoma	2	Yan_miR_FASP_20140828_TMT10_200ugIPG37-49_7of15ul_fr32_128C	proteomic profiling by mass spectrometry	NT=Data-dependent acquisition;AC=PRIDE:0000627	NT=Q Exactive;AC=MS:1001911	NT=TMT 10-plex;AC=MS:1002010;CN=128C	NT=Trypsin;AC=MS:1001251	NT=Carbamidomethyl;AC=UNIMOD:4;TA=C;MT=Fixed	NT=Oxidation;AC=UNIMOD:35;TA=M;MT=Variable	32	1	Yan_miR_FASP_20140828_TMT10_200ugIPG37-49_7of15ul_fr32.raw	v1.1.0	NT=ms-proteomics;VV=v1.1.0	siCtrl	3.7-4.9
U1810 miR-372-3p mimic replicate 2	Homo sapiens	lung	U1810	non-small cell lung carcinoma	2	Yan_miR_FASP_20140828_TMT10_200ugIPG37-49_7of15ul_fr32_129N	proteomic profiling by mass spectrometry	NT=Data-dependent acquisition;AC=PRIDE:0000627	NT=Q Exactive;AC=MS:1001911	NT=TMT 10-plex;AC=MS:1002010;CN=129N	NT=Trypsin;AC=MS:1001251	NT=Carbamidomethyl;AC=UNIMOD:4;TA=C;MT=Fixed	NT=Oxidation;AC=UNIMOD:35;TA=M;MT=Variable	32	1	Yan_miR_FASP_20140828_TMT10_200ugIPG37-49_7of15ul_fr32.raw	v1.1.0	NT=ms-proteomics;VV=v1.1.0	miR-372-3p mimic	3.7-4.9
U1810 miR-519c-3p mimic replicate 2	Homo sapiens	lung	U1810	non-small cell lung carcinoma	2	Yan_miR_FASP_20140828_TMT10_200ugIPG37-49_7of15ul_fr32_129C	proteomic profiling by mass spectrometry	NT=Data-dependent acquisition;AC=PRIDE:0000627	NT=Q Exactive;AC=MS:1001911	NT=TMT 10-plex;AC=MS:1002010;CN=129C	NT=Trypsin;AC=MS:1001251	NT=Carbamidomethyl;AC=UNIMOD:4;TA=C;MT=Fixed	NT=Oxidation;AC=UNIMOD:35;TA=M;MT=Variable	32	1	Yan_miR_FASP_20140828_TMT10_200ugIPG37-49_7of15ul_fr32.raw	v1.1.0	NT=ms-proteomics;VV=v1.1.0	miR-519c-3p mimic	3.7-4.9
U1810 siCtrl replicate 3	Homo sapiens	lung	U1810	non-small cell lung carcinoma	3	Yan_miR_FASP_20140828_TMT10_200ugIPG37-49_7of15ul_fr32_130N	proteomic profiling by mass spectrometry	NT=Data-dependent acquisition;AC=PRIDE:0000627	NT=Q Exactive;AC=MS:1001911	NT=TMT 10-plex;AC=MS:1002010;CN=130N	NT=Trypsin;AC=MS:1001251	NT=Carbamidomethyl;AC=UNIMOD:4;TA=C;MT=Fixed	NT=Oxidation;AC=UNIMOD:35;TA=M;MT=Variable	32	1	Yan_miR_FASP_20140828_TMT10_200ugIPG37-49_7of15ul_fr32.raw	v1.1.0	NT=ms-proteomics;VV=v1.1.0	siCtrl	3.7-4.9
U1810 miR-191-5p mimic replicate 1	Homo sapiens	lung	U1810	non-small cell lung carcinoma	1	Yan_miR_FASP_20140828_TMT10_200ugIPG37-49_7of15ul_fr32_130C	proteomic profiling by mass spectrometry	NT=Data-dependent acquisition;AC=PRIDE:0000627	NT=Q Exactive;AC=MS:1001911	NT=TMT 10-plex;AC=MS:1002010;CN=130C	NT=Trypsin;AC=MS:1001251	NT=Carbamidomethyl;AC=UNIMOD:4;TA=C;MT=Fixed	NT=Oxidation;AC=UNIMOD:35;TA=M;MT=Variable	32	1	Yan_miR_FASP_20140828_TMT10_200ugIPG37-49_7of15ul_fr32.raw	v1.1.0	NT=ms-proteomics;VV=v1.1.0	miR-191-5p mimic	3.7-4.9
U1810 miR-372-3p mimic replicate 3	Homo sapiens	lung	U1810	non-small cell lung carcinoma	3	Yan_miR_FASP_20140828_TMT10_200ugIPG37-49_7of15ul_fr32_131	proteomic profiling by mass spectrometry	NT=Data-dependent acquisition;AC=PRIDE:0000627	NT=Q Exactive;AC=MS:1001911	NT=TMT 10-plex;AC=MS:1002010;CN=131	NT=Trypsin;AC=MS:1001251	NT=Carbamidomethyl;AC=UNIMOD:4;TA=C;MT=Fixed	NT=Oxidation;AC=UNIMOD:35;TA=M;MT=Variable	32	1	Yan_miR_FASP_20140828_TMT10_200ugIPG37-49_7of15ul_fr32.raw	v1.1.0	NT=ms-proteomics;VV=v1.1.0	miR-372-3p mimic	3.7-4.9
U1810 siCtrl replicate 1	Homo sapiens	lung	U1810	non-small cell lung carcinoma	1	Yan_miR_FASP_20140828_TMT10_200ugIPG37-49_7of15ul_fr33_126	proteomic profiling by mass spectrometry	NT=Data-dependent acquisition;AC=PRIDE:0000627	NT=Q Exactive;AC=MS:1001911	NT=TMT 10-plex;AC=MS:1002010;CN=126	NT=Trypsin;AC=MS:1001251	NT=Carbamidomethyl;AC=UNIMOD:4;TA=C;MT=Fixed	NT=Oxidation;AC=UNIMOD:35;TA=M;MT=Variable	33	1	Yan_miR_FASP_20140828_TMT10_200ugIPG37-49_7of15ul_fr33.raw	v1.1.0	NT=ms-proteomics;VV=v1.1.0	siCtrl	3.7-4.9
U1810 miR-191-5p mimic replicate 2	Homo sapiens	lung	U1810	non-small cell lung carcinoma	2	Yan_miR_FASP_20140828_TMT10_200ugIPG37-49_7of15ul_fr33_127N	proteomic profiling by mass spectrometry	NT=Data-dependent acquisition;AC=PRIDE:0000627	NT=Q Exactive;AC=MS:1001911	NT=TMT 10-plex;AC=MS:1002010;CN=127N	NT=Trypsin;AC=MS:1001251	NT=Carbamidomethyl;AC=UNIMOD:4;TA=C;MT=Fixed	NT=Oxidation;AC=UNIMOD:35;TA=M;MT=Variable	33	1	Yan_miR_FASP_20140828_TMT10_200ugIPG37-49_7of15ul_fr33.raw	v1.1.0	NT=ms-proteomics;VV=v1.1.0	miR-191-5p mimic	3.7-4.9
U1810 miR-372-3p mimic replicate 1	Homo sapiens	lung	U1810	non-small cell lung carcinoma	1	Yan_miR_FASP_20140828_TMT10_200ugIPG37-49_7of15ul_fr33_127C	proteomic profiling by mass spectrometry	NT=Data-dependent acquisition;AC=PRIDE:0000627	NT=Q Exactive;AC=MS:1001911	NT=TMT 10-plex;AC=MS:1002010;CN=127C	NT=Trypsin;AC=MS:1001251	NT=Carbamidomethyl;AC=UNIMOD:4;TA=C;MT=Fixed	NT=Oxidation;AC=UNIMOD:35;TA=M;MT=Variable	33	1	Yan_miR_FASP_20140828_TMT10_200ugIPG37-49_7of15ul_fr33.raw	v1.1.0	NT=ms-proteomics;VV=v1.1.0	miR-372-3p mimic	3.7-4.9
U1810 miR-519c-3p mimic replicate 1	Homo sapiens	lung	U1810	non-small cell lung carcinoma	1	Yan_miR_FASP_20140828_TMT10_200ugIPG37-49_7of15ul_fr33_128N	proteomic profiling by mass spectrometry	NT=Data-dependent acquisition;AC=PRIDE:0000627	NT=Q Exactive;AC=MS:1001911	NT=TMT 10-plex;AC=MS:1002010;CN=128N	NT=Trypsin;AC=MS:1001251	NT=Carbamidomethyl;AC=UNIMOD:4;TA=C;MT=Fixed	NT=Oxidation;AC=UNIMOD:35;TA=M;MT=Variable	33	1	Yan_miR_FASP_20140828_TMT10_200ugIPG37-49_7of15ul_fr33.raw	v1.1.0	NT=ms-proteomics;VV=v1.1.0	miR-519c-3p mimic	3.7-4.9
U1810 siCtrl replicate 2	Homo sapiens	lung	U1810	non-small cell lung carcinoma	2	Yan_miR_FASP_20140828_TMT10_200ugIPG37-49_7of15ul_fr33_128C	proteomic profiling by mass spectrometry	NT=Data-dependent acquisition;AC=PRIDE:0000627	NT=Q Exactive;AC=MS:1001911	NT=TMT 10-plex;AC=MS:1002010;CN=128C	NT=Trypsin;AC=MS:1001251	NT=Carbamidomethyl;AC=UNIMOD:4;TA=C;MT=Fixed	NT=Oxidation;AC=UNIMOD:35;TA=M;MT=Variable	33	1	Yan_miR_FASP_20140828_TMT10_200ugIPG37-49_7of15ul_fr33.raw	v1.1.0	NT=ms-proteomics;VV=v1.1.0	siCtrl	3.7-4.9
U1810 miR-372-3p mimic replicate 2	Homo sapiens	lung	U1810	non-small cell lung carcinoma	2	Yan_miR_FASP_20140828_TMT10_200ugIPG37-49_7of15ul_fr33_129N	proteomic profiling by mass spectrometry	NT=Data-dependent acquisition;AC=PRIDE:0000627	NT=Q Exactive;AC=MS:1001911	NT=TMT 10-plex;AC=MS:1002010;CN=129N	NT=Trypsin;AC=MS:1001251	NT=Carbamidomethyl;AC=UNIMOD:4;TA=C;MT=Fixed	NT=Oxidation;AC=UNIMOD:35;TA=M;MT=Variable	33	1	Yan_miR_FASP_20140828_TMT10_200ugIPG37-49_7of15ul_fr33.raw	v1.1.0	NT=ms-proteomics;VV=v1.1.0	miR-372-3p mimic	3.7-4.9
U1810 miR-519c-3p mimic replicate 2	Homo sapiens	lung	U1810	non-small cell lung carcinoma	2	Yan_miR_FASP_20140828_TMT10_200ugIPG37-49_7of15ul_fr33_129C	proteomic profiling by mass spectrometry	NT=Data-dependent acquisition;AC=PRIDE:0000627	NT=Q Exactive;AC=MS:1001911	NT=TMT 10-plex;AC=MS:1002010;CN=129C	NT=Trypsin;AC=MS:1001251	NT=Carbamidomethyl;AC=UNIMOD:4;TA=C;MT=Fixed	NT=Oxidation;AC=UNIMOD:35;TA=M;MT=Variable	33	1	Yan_miR_FASP_20140828_TMT10_200ugIPG37-49_7of15ul_fr33.raw	v1.1.0	NT=ms-proteomics;VV=v1.1.0	miR-519c-3p mimic	3.7-4.9
U1810 siCtrl replicate 3	Homo sapiens	lung	U1810	non-small cell lung carcinoma	3	Yan_miR_FASP_20140828_TMT10_200ugIPG37-49_7of15ul_fr33_130N	proteomic profiling by mass spectrometry	NT=Data-dependent acquisition;AC=PRIDE:0000627	NT=Q Exactive;AC=MS:1001911	NT=TMT 10-plex;AC=MS:1002010;CN=130N	NT=Trypsin;AC=MS:1001251	NT=Carbamidomethyl;AC=UNIMOD:4;TA=C;MT=Fixed	NT=Oxidation;AC=UNIMOD:35;TA=M;MT=Variable	33	1	Yan_miR_FASP_20140828_TMT10_200ugIPG37-49_7of15ul_fr33.raw	v1.1.0	NT=ms-proteomics;VV=v1.1.0	siCtrl	3.7-4.9
U1810 miR-191-5p mimic replicate 1	Homo sapiens	lung	U1810	non-small cell lung carcinoma	1	Yan_miR_FASP_20140828_TMT10_200ugIPG37-49_7of15ul_fr33_130C	proteomic profiling by mass spectrometry	NT=Data-dependent acquisition;AC=PRIDE:0000627	NT=Q Exactive;AC=MS:1001911	NT=TMT 10-plex;AC=MS:1002010;CN=130C	NT=Trypsin;AC=MS:1001251	NT=Carbamidomethyl;AC=UNIMOD:4;TA=C;MT=Fixed	NT=Oxidation;AC=UNIMOD:35;TA=M;MT=Variable	33	1	Yan_miR_FASP_20140828_TMT10_200ugIPG37-49_7of15ul_fr33.raw	v1.1.0	NT=ms-proteomics;VV=v1.1.0	miR-191-5p mimic	3.7-4.9
U1810 miR-372-3p mimic replicate 3	Homo sapiens	lung	U1810	non-small cell lung carcinoma	3	Yan_miR_FASP_20140828_TMT10_200ugIPG37-49_7of15ul_fr33_131	proteomic profiling by mass spectrometry	NT=Data-dependent acquisition;AC=PRIDE:0000627	NT=Q Exactive;AC=MS:1001911	NT=TMT 10-plex;AC=MS:1002010;CN=131	NT=Trypsin;AC=MS:1001251	NT=Carbamidomethyl;AC=UNIMOD:4;TA=C;MT=Fixed	NT=Oxidation;AC=UNIMOD:35;TA=M;MT=Variable	33	1	Yan_miR_FASP_20140828_TMT10_200ugIPG37-49_7of15ul_fr33.raw	v1.1.0	NT=ms-proteomics;VV=v1.1.0	miR-372-3p mimic	3.7-4.9
U1810 siCtrl replicate 1	Homo sapiens	lung	U1810	non-small cell lung carcinoma	1	Yan_miR_FASP_20140828_TMT10_200ugIPG37-49_7of15ul_fr37_126	proteomic profiling by mass spectrometry	NT=Data-dependent acquisition;AC=PRIDE:0000627	NT=Q Exactive;AC=MS:1001911	NT=TMT 10-plex;AC=MS:1002010;CN=126	NT=Trypsin;AC=MS:1001251	NT=Carbamidomethyl;AC=UNIMOD:4;TA=C;MT=Fixed	NT=Oxidation;AC=UNIMOD:35;TA=M;MT=Variable	37	1	Yan_miR_FASP_20140828_TMT10_200ugIPG37-49_7of15ul_fr37.raw	v1.1.0	NT=ms-proteomics;VV=v1.1.0	siCtrl	3.7-4.9
U1810 miR-191-5p mimic replicate 2	Homo sapiens	lung	U1810	non-small cell lung carcinoma	2	Yan_miR_FASP_20140828_TMT10_200ugIPG37-49_7of15ul_fr37_127N	proteomic profiling by mass spectrometry	NT=Data-dependent acquisition;AC=PRIDE:0000627	NT=Q Exactive;AC=MS:1001911	NT=TMT 10-plex;AC=MS:1002010;CN=127N	NT=Trypsin;AC=MS:1001251	NT=Carbamidomethyl;AC=UNIMOD:4;TA=C;MT=Fixed	NT=Oxidation;AC=UNIMOD:35;TA=M;MT=Variable	37	1	Yan_miR_FASP_20140828_TMT10_200ugIPG37-49_7of15ul_fr37.raw	v1.1.0	NT=ms-proteomics;VV=v1.1.0	miR-191-5p mimic	3.7-4.9
U1810 miR-372-3p mimic replicate 1	Homo sapiens	lung	U1810	non-small cell lung carcinoma	1	Yan_miR_FASP_20140828_TMT10_200ugIPG37-49_7of15ul_fr37_127C	proteomic profiling by mass spectrometry	NT=Data-dependent acquisition;AC=PRIDE:0000627	NT=Q Exactive;AC=MS:1001911	NT=TMT 10-plex;AC=MS:1002010;CN=127C	NT=Trypsin;AC=MS:1001251	NT=Carbamidomethyl;AC=UNIMOD:4;TA=C;MT=Fixed	NT=Oxidation;AC=UNIMOD:35;TA=M;MT=Variable	37	1	Yan_miR_FASP_20140828_TMT10_200ugIPG37-49_7of15ul_fr37.raw	v1.1.0	NT=ms-proteomics;VV=v1.1.0	miR-372-3p mimic	3.7-4.9
U1810 miR-519c-3p mimic replicate 1	Homo sapiens	lung	U1810	non-small cell lung carcinoma	1	Yan_miR_FASP_20140828_TMT10_200ugIPG37-49_7of15ul_fr37_128N	proteomic profiling by mass spectrometry	NT=Data-dependent acquisition;AC=PRIDE:0000627	NT=Q Exactive;AC=MS:1001911	NT=TMT 10-plex;AC=MS:1002010;CN=128N	NT=Trypsin;AC=MS:1001251	NT=Carbamidomethyl;AC=UNIMOD:4;TA=C;MT=Fixed	NT=Oxidation;AC=UNIMOD:35;TA=M;MT=Variable	37	1	Yan_miR_FASP_20140828_TMT10_200ugIPG37-49_7of15ul_fr37.raw	v1.1.0	NT=ms-proteomics;VV=v1.1.0	miR-519c-3p mimic	3.7-4.9
U1810 siCtrl replicate 2	Homo sapiens	lung	U1810	non-small cell lung carcinoma	2	Yan_miR_FASP_20140828_TMT10_200ugIPG37-49_7of15ul_fr37_128C	proteomic profiling by mass spectrometry	NT=Data-dependent acquisition;AC=PRIDE:0000627	NT=Q Exactive;AC=MS:1001911	NT=TMT 10-plex;AC=MS:1002010;CN=128C	NT=Trypsin;AC=MS:1001251	NT=Carbamidomethyl;AC=UNIMOD:4;TA=C;MT=Fixed	NT=Oxidation;AC=UNIMOD:35;TA=M;MT=Variable	37	1	Yan_miR_FASP_20140828_TMT10_200ugIPG37-49_7of15ul_fr37.raw	v1.1.0	NT=ms-proteomics;VV=v1.1.0	siCtrl	3.7-4.9
U1810 miR-372-3p mimic replicate 2	Homo sapiens	lung	U1810	non-small cell lung carcinoma	2	Yan_miR_FASP_20140828_TMT10_200ugIPG37-49_7of15ul_fr37_129N	proteomic profiling by mass spectrometry	NT=Data-dependent acquisition;AC=PRIDE:0000627	NT=Q Exactive;AC=MS:1001911	NT=TMT 10-plex;AC=MS:1002010;CN=129N	NT=Trypsin;AC=MS:1001251	NT=Carbamidomethyl;AC=UNIMOD:4;TA=C;MT=Fixed	NT=Oxidation;AC=UNIMOD:35;TA=M;MT=Variable	37	1	Yan_miR_FASP_20140828_TMT10_200ugIPG37-49_7of15ul_fr37.raw	v1.1.0	NT=ms-proteomics;VV=v1.1.0	miR-372-3p mimic	3.7-4.9
U1810 miR-519c-3p mimic replicate 2	Homo sapiens	lung	U1810	non-small cell lung carcinoma	2	Yan_miR_FASP_20140828_TMT10_200ugIPG37-49_7of15ul_fr37_129C	proteomic profiling by mass spectrometry	NT=Data-dependent acquisition;AC=PRIDE:0000627	NT=Q Exactive;AC=MS:1001911	NT=TMT 10-plex;AC=MS:1002010;CN=129C	NT=Trypsin;AC=MS:1001251	NT=Carbamidomethyl;AC=UNIMOD:4;TA=C;MT=Fixed	NT=Oxidation;AC=UNIMOD:35;TA=M;MT=Variable	37	1	Yan_miR_FASP_20140828_TMT10_200ugIPG37-49_7of15ul_fr37.raw	v1.1.0	NT=ms-proteomics;VV=v1.1.0	miR-519c-3p mimic	3.7-4.9
U1810 siCtrl replicate 3	Homo sapiens	lung	U1810	non-small cell lung carcinoma	3	Yan_miR_FASP_20140828_TMT10_200ugIPG37-49_7of15ul_fr37_130N	proteomic profiling by mass spectrometry	NT=Data-dependent acquisition;AC=PRIDE:0000627	NT=Q Exactive;AC=MS:1001911	NT=TMT 10-plex;AC=MS:1002010;CN=130N	NT=Trypsin;AC=MS:1001251	NT=Carbamidomethyl;AC=UNIMOD:4;TA=C;MT=Fixed	NT=Oxidation;AC=UNIMOD:35;TA=M;MT=Variable	37	1	Yan_miR_FASP_20140828_TMT10_200ugIPG37-49_7of15ul_fr37.raw	v1.1.0	NT=ms-proteomics;VV=v1.1.0	siCtrl	3.7-4.9
U1810 miR-191-5p mimic replicate 1	Homo sapiens	lung	U1810	non-small cell lung carcinoma	1	Yan_miR_FASP_20140828_TMT10_200ugIPG37-49_7of15ul_fr37_130C	proteomic profiling by mass spectrometry	NT=Data-dependent acquisition;AC=PRIDE:0000627	NT=Q Exactive;AC=MS:1001911	NT=TMT 10-plex;AC=MS:1002010;CN=130C	NT=Trypsin;AC=MS:1001251	NT=Carbamidomethyl;AC=UNIMOD:4;TA=C;MT=Fixed	NT=Oxidation;AC=UNIMOD:35;TA=M;MT=Variable	37	1	Yan_miR_FASP_20140828_TMT10_200ugIPG37-49_7of15ul_fr37.raw	v1.1.0	NT=ms-proteomics;VV=v1.1.0	miR-191-5p mimic	3.7-4.9
U1810 miR-372-3p mimic replicate 3	Homo sapiens	lung	U1810	non-small cell lung carcinoma	3	Yan_miR_FASP_20140828_TMT10_200ugIPG37-49_7of15ul_fr37_131	proteomic profiling by mass spectrometry	NT=Data-dependent acquisition;AC=PRIDE:0000627	NT=Q Exactive;AC=MS:1001911	NT=TMT 10-plex;AC=MS:1002010;CN=131	NT=Trypsin;AC=MS:1001251	NT=Carbamidomethyl;AC=UNIMOD:4;TA=C;MT=Fixed	NT=Oxidation;AC=UNIMOD:35;TA=M;MT=Variable	37	1	Yan_miR_FASP_20140828_TMT10_200ugIPG37-49_7of15ul_fr37.raw	v1.1.0	NT=ms-proteomics;VV=v1.1.0	miR-372-3p mimic	3.7-4.9
U1810 siCtrl replicate 1	Homo sapiens	lung	U1810	non-small cell lung carcinoma	1	Yan_miR_FASP_20140828_TMT10_200ugIPG37-49_7of15ul_fr38_126	proteomic profiling by mass spectrometry	NT=Data-dependent acquisition;AC=PRIDE:0000627	NT=Q Exactive;AC=MS:1001911	NT=TMT 10-plex;AC=MS:1002010;CN=126	NT=Trypsin;AC=MS:1001251	NT=Carbamidomethyl;AC=UNIMOD:4;TA=C;MT=Fixed	NT=Oxidation;AC=UNIMOD:35;TA=M;MT=Variable	38	1	Yan_miR_FASP_20140828_TMT10_200ugIPG37-49_7of15ul_fr38.raw	v1.1.0	NT=ms-proteomics;VV=v1.1.0	siCtrl	3.7-4.9
U1810 miR-191-5p mimic replicate 2	Homo sapiens	lung	U1810	non-small cell lung carcinoma	2	Yan_miR_FASP_20140828_TMT10_200ugIPG37-49_7of15ul_fr38_127N	proteomic profiling by mass spectrometry	NT=Data-dependent acquisition;AC=PRIDE:0000627	NT=Q Exactive;AC=MS:1001911	NT=TMT 10-plex;AC=MS:1002010;CN=127N	NT=Trypsin;AC=MS:1001251	NT=Carbamidomethyl;AC=UNIMOD:4;TA=C;MT=Fixed	NT=Oxidation;AC=UNIMOD:35;TA=M;MT=Variable	38	1	Yan_miR_FASP_20140828_TMT10_200ugIPG37-49_7of15ul_fr38.raw	v1.1.0	NT=ms-proteomics;VV=v1.1.0	miR-191-5p mimic	3.7-4.9
U1810 miR-372-3p mimic replicate 1	Homo sapiens	lung	U1810	non-small cell lung carcinoma	1	Yan_miR_FASP_20140828_TMT10_200ugIPG37-49_7of15ul_fr38_127C	proteomic profiling by mass spectrometry	NT=Data-dependent acquisition;AC=PRIDE:0000627	NT=Q Exactive;AC=MS:1001911	NT=TMT 10-plex;AC=MS:1002010;CN=127C	NT=Trypsin;AC=MS:1001251	NT=Carbamidomethyl;AC=UNIMOD:4;TA=C;MT=Fixed	NT=Oxidation;AC=UNIMOD:35;TA=M;MT=Variable	38	1	Yan_miR_FASP_20140828_TMT10_200ugIPG37-49_7of15ul_fr38.raw	v1.1.0	NT=ms-proteomics;VV=v1.1.0	miR-372-3p mimic	3.7-4.9
U1810 miR-519c-3p mimic replicate 1	Homo sapiens	lung	U1810	non-small cell lung carcinoma	1	Yan_miR_FASP_20140828_TMT10_200ugIPG37-49_7of15ul_fr38_128N	proteomic profiling by mass spectrometry	NT=Data-dependent acquisition;AC=PRIDE:0000627	NT=Q Exactive;AC=MS:1001911	NT=TMT 10-plex;AC=MS:1002010;CN=128N	NT=Trypsin;AC=MS:1001251	NT=Carbamidomethyl;AC=UNIMOD:4;TA=C;MT=Fixed	NT=Oxidation;AC=UNIMOD:35;TA=M;MT=Variable	38	1	Yan_miR_FASP_20140828_TMT10_200ugIPG37-49_7of15ul_fr38.raw	v1.1.0	NT=ms-proteomics;VV=v1.1.0	miR-519c-3p mimic	3.7-4.9
U1810 siCtrl replicate 2	Homo sapiens	lung	U1810	non-small cell lung carcinoma	2	Yan_miR_FASP_20140828_TMT10_200ugIPG37-49_7of15ul_fr38_128C	proteomic profiling by mass spectrometry	NT=Data-dependent acquisition;AC=PRIDE:0000627	NT=Q Exactive;AC=MS:1001911	NT=TMT 10-plex;AC=MS:1002010;CN=128C	NT=Trypsin;AC=MS:1001251	NT=Carbamidomethyl;AC=UNIMOD:4;TA=C;MT=Fixed	NT=Oxidation;AC=UNIMOD:35;TA=M;MT=Variable	38	1	Yan_miR_FASP_20140828_TMT10_200ugIPG37-49_7of15ul_fr38.raw	v1.1.0	NT=ms-proteomics;VV=v1.1.0	siCtrl	3.7-4.9
U1810 miR-372-3p mimic replicate 2	Homo sapiens	lung	U1810	non-small cell lung carcinoma	2	Yan_miR_FASP_20140828_TMT10_200ugIPG37-49_7of15ul_fr38_129N	proteomic profiling by mass spectrometry	NT=Data-dependent acquisition;AC=PRIDE:0000627	NT=Q Exactive;AC=MS:1001911	NT=TMT 10-plex;AC=MS:1002010;CN=129N	NT=Trypsin;AC=MS:1001251	NT=Carbamidomethyl;AC=UNIMOD:4;TA=C;MT=Fixed	NT=Oxidation;AC=UNIMOD:35;TA=M;MT=Variable	38	1	Yan_miR_FASP_20140828_TMT10_200ugIPG37-49_7of15ul_fr38.raw	v1.1.0	NT=ms-proteomics;VV=v1.1.0	miR-372-3p mimic	3.7-4.9
U1810 miR-519c-3p mimic replicate 2	Homo sapiens	lung	U1810	non-small cell lung carcinoma	2	Yan_miR_FASP_20140828_TMT10_200ugIPG37-49_7of15ul_fr38_129C	proteomic profiling by mass spectrometry	NT=Data-dependent acquisition;AC=PRIDE:0000627	NT=Q Exactive;AC=MS:1001911	NT=TMT 10-plex;AC=MS:1002010;CN=129C	NT=Trypsin;AC=MS:1001251	NT=Carbamidomethyl;AC=UNIMOD:4;TA=C;MT=Fixed	NT=Oxidation;AC=UNIMOD:35;TA=M;MT=Variable	38	1	Yan_miR_FASP_20140828_TMT10_200ugIPG37-49_7of15ul_fr38.raw	v1.1.0	NT=ms-proteomics;VV=v1.1.0	miR-519c-3p mimic	3.7-4.9
U1810 siCtrl replicate 3	Homo sapiens	lung	U1810	non-small cell lung carcinoma	3	Yan_miR_FASP_20140828_TMT10_200ugIPG37-49_7of15ul_fr38_130N	proteomic profiling by mass spectrometry	NT=Data-dependent acquisition;AC=PRIDE:0000627	NT=Q Exactive;AC=MS:1001911	NT=TMT 10-plex;AC=MS:1002010;CN=130N	NT=Trypsin;AC=MS:1001251	NT=Carbamidomethyl;AC=UNIMOD:4;TA=C;MT=Fixed	NT=Oxidation;AC=UNIMOD:35;TA=M;MT=Variable	38	1	Yan_miR_FASP_20140828_TMT10_200ugIPG37-49_7of15ul_fr38.raw	v1.1.0	NT=ms-proteomics;VV=v1.1.0	siCtrl	3.7-4.9
U1810 miR-191-5p mimic replicate 1	Homo sapiens	lung	U1810	non-small cell lung carcinoma	1	Yan_miR_FASP_20140828_TMT10_200ugIPG37-49_7of15ul_fr38_130C	proteomic profiling by mass spectrometry	NT=Data-dependent acquisition;AC=PRIDE:0000627	NT=Q Exactive;AC=MS:1001911	NT=TMT 10-plex;AC=MS:1002010;CN=130C	NT=Trypsin;AC=MS:1001251	NT=Carbamidomethyl;AC=UNIMOD:4;TA=C;MT=Fixed	NT=Oxidation;AC=UNIMOD:35;TA=M;MT=Variable	38	1	Yan_miR_FASP_20140828_TMT10_200ugIPG37-49_7of15ul_fr38.raw	v1.1.0	NT=ms-proteomics;VV=v1.1.0	miR-191-5p mimic	3.7-4.9
U1810 miR-372-3p mimic replicate 3	Homo sapiens	lung	U1810	non-small cell lung carcinoma	3	Yan_miR_FASP_20140828_TMT10_200ugIPG37-49_7of15ul_fr38_131	proteomic profiling by mass spectrometry	NT=Data-dependent acquisition;AC=PRIDE:0000627	NT=Q Exactive;AC=MS:1001911	NT=TMT 10-plex;AC=MS:1002010;CN=131	NT=Trypsin;AC=MS:1001251	NT=Carbamidomethyl;AC=UNIMOD:4;TA=C;MT=Fixed	NT=Oxidation;AC=UNIMOD:35;TA=M;MT=Variable	38	1	Yan_miR_FASP_20140828_TMT10_200ugIPG37-49_7of15ul_fr38.raw	v1.1.0	NT=ms-proteomics;VV=v1.1.0	miR-372-3p mimic	3.7-4.9
U1810 siCtrl replicate 1	Homo sapiens	lung	U1810	non-small cell lung carcinoma	1	Yan_miR_FASP_20140828_TMT10_200ugIPG37-49_7of15ul_fr40_126	proteomic profiling by mass spectrometry	NT=Data-dependent acquisition;AC=PRIDE:0000627	NT=Q Exactive;AC=MS:1001911	NT=TMT 10-plex;AC=MS:1002010;CN=126	NT=Trypsin;AC=MS:1001251	NT=Carbamidomethyl;AC=UNIMOD:4;TA=C;MT=Fixed	NT=Oxidation;AC=UNIMOD:35;TA=M;MT=Variable	40	1	Yan_miR_FASP_20140828_TMT10_200ugIPG37-49_7of15ul_fr40.raw	v1.1.0	NT=ms-proteomics;VV=v1.1.0	siCtrl	3.7-4.9
U1810 miR-191-5p mimic replicate 2	Homo sapiens	lung	U1810	non-small cell lung carcinoma	2	Yan_miR_FASP_20140828_TMT10_200ugIPG37-49_7of15ul_fr40_127N	proteomic profiling by mass spectrometry	NT=Data-dependent acquisition;AC=PRIDE:0000627	NT=Q Exactive;AC=MS:1001911	NT=TMT 10-plex;AC=MS:1002010;CN=127N	NT=Trypsin;AC=MS:1001251	NT=Carbamidomethyl;AC=UNIMOD:4;TA=C;MT=Fixed	NT=Oxidation;AC=UNIMOD:35;TA=M;MT=Variable	40	1	Yan_miR_FASP_20140828_TMT10_200ugIPG37-49_7of15ul_fr40.raw	v1.1.0	NT=ms-proteomics;VV=v1.1.0	miR-191-5p mimic	3.7-4.9
U1810 miR-372-3p mimic replicate 1	Homo sapiens	lung	U1810	non-small cell lung carcinoma	1	Yan_miR_FASP_20140828_TMT10_200ugIPG37-49_7of15ul_fr40_127C	proteomic profiling by mass spectrometry	NT=Data-dependent acquisition;AC=PRIDE:0000627	NT=Q Exactive;AC=MS:1001911	NT=TMT 10-plex;AC=MS:1002010;CN=127C	NT=Trypsin;AC=MS:1001251	NT=Carbamidomethyl;AC=UNIMOD:4;TA=C;MT=Fixed	NT=Oxidation;AC=UNIMOD:35;TA=M;MT=Variable	40	1	Yan_miR_FASP_20140828_TMT10_200ugIPG37-49_7of15ul_fr40.raw	v1.1.0	NT=ms-proteomics;VV=v1.1.0	miR-372-3p mimic	3.7-4.9
U1810 miR-519c-3p mimic replicate 1	Homo sapiens	lung	U1810	non-small cell lung carcinoma	1	Yan_miR_FASP_20140828_TMT10_200ugIPG37-49_7of15ul_fr40_128N	proteomic profiling by mass spectrometry	NT=Data-dependent acquisition;AC=PRIDE:0000627	NT=Q Exactive;AC=MS:1001911	NT=TMT 10-plex;AC=MS:1002010;CN=128N	NT=Trypsin;AC=MS:1001251	NT=Carbamidomethyl;AC=UNIMOD:4;TA=C;MT=Fixed	NT=Oxidation;AC=UNIMOD:35;TA=M;MT=Variable	40	1	Yan_miR_FASP_20140828_TMT10_200ugIPG37-49_7of15ul_fr40.raw	v1.1.0	NT=ms-proteomics;VV=v1.1.0	miR-519c-3p mimic	3.7-4.9
U1810 siCtrl replicate 2	Homo sapiens	lung	U1810	non-small cell lung carcinoma	2	Yan_miR_FASP_20140828_TMT10_200ugIPG37-49_7of15ul_fr40_128C	proteomic profiling by mass spectrometry	NT=Data-dependent acquisition;AC=PRIDE:0000627	NT=Q Exactive;AC=MS:1001911	NT=TMT 10-plex;AC=MS:1002010;CN=128C	NT=Trypsin;AC=MS:1001251	NT=Carbamidomethyl;AC=UNIMOD:4;TA=C;MT=Fixed	NT=Oxidation;AC=UNIMOD:35;TA=M;MT=Variable	40	1	Yan_miR_FASP_20140828_TMT10_200ugIPG37-49_7of15ul_fr40.raw	v1.1.0	NT=ms-proteomics;VV=v1.1.0	siCtrl	3.7-4.9
U1810 miR-372-3p mimic replicate 2	Homo sapiens	lung	U1810	non-small cell lung carcinoma	2	Yan_miR_FASP_20140828_TMT10_200ugIPG37-49_7of15ul_fr40_129N	proteomic profiling by mass spectrometry	NT=Data-dependent acquisition;AC=PRIDE:0000627	NT=Q Exactive;AC=MS:1001911	NT=TMT 10-plex;AC=MS:1002010;CN=129N	NT=Trypsin;AC=MS:1001251	NT=Carbamidomethyl;AC=UNIMOD:4;TA=C;MT=Fixed	NT=Oxidation;AC=UNIMOD:35;TA=M;MT=Variable	40	1	Yan_miR_FASP_20140828_TMT10_200ugIPG37-49_7of15ul_fr40.raw	v1.1.0	NT=ms-proteomics;VV=v1.1.0	miR-372-3p mimic	3.7-4.9
U1810 miR-519c-3p mimic replicate 2	Homo sapiens	lung	U1810	non-small cell lung carcinoma	2	Yan_miR_FASP_20140828_TMT10_200ugIPG37-49_7of15ul_fr40_129C	proteomic profiling by mass spectrometry	NT=Data-dependent acquisition;AC=PRIDE:0000627	NT=Q Exactive;AC=MS:1001911	NT=TMT 10-plex;AC=MS:1002010;CN=129C	NT=Trypsin;AC=MS:1001251	NT=Carbamidomethyl;AC=UNIMOD:4;TA=C;MT=Fixed	NT=Oxidation;AC=UNIMOD:35;TA=M;MT=Variable	40	1	Yan_miR_FASP_20140828_TMT10_200ugIPG37-49_7of15ul_fr40.raw	v1.1.0	NT=ms-proteomics;VV=v1.1.0	miR-519c-3p mimic	3.7-4.9
U1810 siCtrl replicate 3	Homo sapiens	lung	U1810	non-small cell lung carcinoma	3	Yan_miR_FASP_20140828_TMT10_200ugIPG37-49_7of15ul_fr40_130N	proteomic profiling by mass spectrometry	NT=Data-dependent acquisition;AC=PRIDE:0000627	NT=Q Exactive;AC=MS:1001911	NT=TMT 10-plex;AC=MS:1002010;CN=130N	NT=Trypsin;AC=MS:1001251	NT=Carbamidomethyl;AC=UNIMOD:4;TA=C;MT=Fixed	NT=Oxidation;AC=UNIMOD:35;TA=M;MT=Variable	40	1	Yan_miR_FASP_20140828_TMT10_200ugIPG37-49_7of15ul_fr40.raw	v1.1.0	NT=ms-proteomics;VV=v1.1.0	siCtrl	3.7-4.9
U1810 miR-191-5p mimic replicate 1	Homo sapiens	lung	U1810	non-small cell lung carcinoma	1	Yan_miR_FASP_20140828_TMT10_200ugIPG37-49_7of15ul_fr40_130C	proteomic profiling by mass spectrometry	NT=Data-dependent acquisition;AC=PRIDE:0000627	NT=Q Exactive;AC=MS:1001911	NT=TMT 10-plex;AC=MS:1002010;CN=130C	NT=Trypsin;AC=MS:1001251	NT=Carbamidomethyl;AC=UNIMOD:4;TA=C;MT=Fixed	NT=Oxidation;AC=UNIMOD:35;TA=M;MT=Variable	40	1	Yan_miR_FASP_20140828_TMT10_200ugIPG37-49_7of15ul_fr40.raw	v1.1.0	NT=ms-proteomics;VV=v1.1.0	miR-191-5p mimic	3.7-4.9
U1810 miR-372-3p mimic replicate 3	Homo sapiens	lung	U1810	non-small cell lung carcinoma	3	Yan_miR_FASP_20140828_TMT10_200ugIPG37-49_7of15ul_fr40_131	proteomic profiling by mass spectrometry	NT=Data-dependent acquisition;AC=PRIDE:0000627	NT=Q Exactive;AC=MS:1001911	NT=TMT 10-plex;AC=MS:1002010;CN=131	NT=Trypsin;AC=MS:1001251	NT=Carbamidomethyl;AC=UNIMOD:4;TA=C;MT=Fixed	NT=Oxidation;AC=UNIMOD:35;TA=M;MT=Variable	40	1	Yan_miR_FASP_20140828_TMT10_200ugIPG37-49_7of15ul_fr40.raw	v1.1.0	NT=ms-proteomics;VV=v1.1.0	miR-372-3p mimic	3.7-4.9
U1810 siCtrl replicate 1	Homo sapiens	lung	U1810	non-small cell lung carcinoma	1	Yan_miR_FASP_20140828_TMT10_200ugIPG37-49_7of15ul_fr44_126	proteomic profiling by mass spectrometry	NT=Data-dependent acquisition;AC=PRIDE:0000627	NT=Q Exactive;AC=MS:1001911	NT=TMT 10-plex;AC=MS:1002010;CN=126	NT=Trypsin;AC=MS:1001251	NT=Carbamidomethyl;AC=UNIMOD:4;TA=C;MT=Fixed	NT=Oxidation;AC=UNIMOD:35;TA=M;MT=Variable	44	1	Yan_miR_FASP_20140828_TMT10_200ugIPG37-49_7of15ul_fr44.raw	v1.1.0	NT=ms-proteomics;VV=v1.1.0	siCtrl	3.7-4.9
U1810 miR-191-5p mimic replicate 2	Homo sapiens	lung	U1810	non-small cell lung carcinoma	2	Yan_miR_FASP_20140828_TMT10_200ugIPG37-49_7of15ul_fr44_127N	proteomic profiling by mass spectrometry	NT=Data-dependent acquisition;AC=PRIDE:0000627	NT=Q Exactive;AC=MS:1001911	NT=TMT 10-plex;AC=MS:1002010;CN=127N	NT=Trypsin;AC=MS:1001251	NT=Carbamidomethyl;AC=UNIMOD:4;TA=C;MT=Fixed	NT=Oxidation;AC=UNIMOD:35;TA=M;MT=Variable	44	1	Yan_miR_FASP_20140828_TMT10_200ugIPG37-49_7of15ul_fr44.raw	v1.1.0	NT=ms-proteomics;VV=v1.1.0	miR-191-5p mimic	3.7-4.9
U1810 miR-372-3p mimic replicate 1	Homo sapiens	lung	U1810	non-small cell lung carcinoma	1	Yan_miR_FASP_20140828_TMT10_200ugIPG37-49_7of15ul_fr44_127C	proteomic profiling by mass spectrometry	NT=Data-dependent acquisition;AC=PRIDE:0000627	NT=Q Exactive;AC=MS:1001911	NT=TMT 10-plex;AC=MS:1002010;CN=127C	NT=Trypsin;AC=MS:1001251	NT=Carbamidomethyl;AC=UNIMOD:4;TA=C;MT=Fixed	NT=Oxidation;AC=UNIMOD:35;TA=M;MT=Variable	44	1	Yan_miR_FASP_20140828_TMT10_200ugIPG37-49_7of15ul_fr44.raw	v1.1.0	NT=ms-proteomics;VV=v1.1.0	miR-372-3p mimic	3.7-4.9
U1810 miR-519c-3p mimic replicate 1	Homo sapiens	lung	U1810	non-small cell lung carcinoma	1	Yan_miR_FASP_20140828_TMT10_200ugIPG37-49_7of15ul_fr44_128N	proteomic profiling by mass spectrometry	NT=Data-dependent acquisition;AC=PRIDE:0000627	NT=Q Exactive;AC=MS:1001911	NT=TMT 10-plex;AC=MS:1002010;CN=128N	NT=Trypsin;AC=MS:1001251	NT=Carbamidomethyl;AC=UNIMOD:4;TA=C;MT=Fixed	NT=Oxidation;AC=UNIMOD:35;TA=M;MT=Variable	44	1	Yan_miR_FASP_20140828_TMT10_200ugIPG37-49_7of15ul_fr44.raw	v1.1.0	NT=ms-proteomics;VV=v1.1.0	miR-519c-3p mimic	3.7-4.9
U1810 siCtrl replicate 2	Homo sapiens	lung	U1810	non-small cell lung carcinoma	2	Yan_miR_FASP_20140828_TMT10_200ugIPG37-49_7of15ul_fr44_128C	proteomic profiling by mass spectrometry	NT=Data-dependent acquisition;AC=PRIDE:0000627	NT=Q Exactive;AC=MS:1001911	NT=TMT 10-plex;AC=MS:1002010;CN=128C	NT=Trypsin;AC=MS:1001251	NT=Carbamidomethyl;AC=UNIMOD:4;TA=C;MT=Fixed	NT=Oxidation;AC=UNIMOD:35;TA=M;MT=Variable	44	1	Yan_miR_FASP_20140828_TMT10_200ugIPG37-49_7of15ul_fr44.raw	v1.1.0	NT=ms-proteomics;VV=v1.1.0	siCtrl	3.7-4.9
U1810 miR-372-3p mimic replicate 2	Homo sapiens	lung	U1810	non-small cell lung carcinoma	2	Yan_miR_FASP_20140828_TMT10_200ugIPG37-49_7of15ul_fr44_129N	proteomic profiling by mass spectrometry	NT=Data-dependent acquisition;AC=PRIDE:0000627	NT=Q Exactive;AC=MS:1001911	NT=TMT 10-plex;AC=MS:1002010;CN=129N	NT=Trypsin;AC=MS:1001251	NT=Carbamidomethyl;AC=UNIMOD:4;TA=C;MT=Fixed	NT=Oxidation;AC=UNIMOD:35;TA=M;MT=Variable	44	1	Yan_miR_FASP_20140828_TMT10_200ugIPG37-49_7of15ul_fr44.raw	v1.1.0	NT=ms-proteomics;VV=v1.1.0	miR-372-3p mimic	3.7-4.9
U1810 miR-519c-3p mimic replicate 2	Homo sapiens	lung	U1810	non-small cell lung carcinoma	2	Yan_miR_FASP_20140828_TMT10_200ugIPG37-49_7of15ul_fr44_129C	proteomic profiling by mass spectrometry	NT=Data-dependent acquisition;AC=PRIDE:0000627	NT=Q Exactive;AC=MS:1001911	NT=TMT 10-plex;AC=MS:1002010;CN=129C	NT=Trypsin;AC=MS:1001251	NT=Carbamidomethyl;AC=UNIMOD:4;TA=C;MT=Fixed	NT=Oxidation;AC=UNIMOD:35;TA=M;MT=Variable	44	1	Yan_miR_FASP_20140828_TMT10_200ugIPG37-49_7of15ul_fr44.raw	v1.1.0	NT=ms-proteomics;VV=v1.1.0	miR-519c-3p mimic	3.7-4.9
U1810 siCtrl replicate 3	Homo sapiens	lung	U1810	non-small cell lung carcinoma	3	Yan_miR_FASP_20140828_TMT10_200ugIPG37-49_7of15ul_fr44_130N	proteomic profiling by mass spectrometry	NT=Data-dependent acquisition;AC=PRIDE:0000627	NT=Q Exactive;AC=MS:1001911	NT=TMT 10-plex;AC=MS:1002010;CN=130N	NT=Trypsin;AC=MS:1001251	NT=Carbamidomethyl;AC=UNIMOD:4;TA=C;MT=Fixed	NT=Oxidation;AC=UNIMOD:35;TA=M;MT=Variable	44	1	Yan_miR_FASP_20140828_TMT10_200ugIPG37-49_7of15ul_fr44.raw	v1.1.0	NT=ms-proteomics;VV=v1.1.0	siCtrl	3.7-4.9
U1810 miR-191-5p mimic replicate 1	Homo sapiens	lung	U1810	non-small cell lung carcinoma	1	Yan_miR_FASP_20140828_TMT10_200ugIPG37-49_7of15ul_fr44_130C	proteomic profiling by mass spectrometry	NT=Data-dependent acquisition;AC=PRIDE:0000627	NT=Q Exactive;AC=MS:1001911	NT=TMT 10-plex;AC=MS:1002010;CN=130C	NT=Trypsin;AC=MS:1001251	NT=Carbamidomethyl;AC=UNIMOD:4;TA=C;MT=Fixed	NT=Oxidation;AC=UNIMOD:35;TA=M;MT=Variable	44	1	Yan_miR_FASP_20140828_TMT10_200ugIPG37-49_7of15ul_fr44.raw	v1.1.0	NT=ms-proteomics;VV=v1.1.0	miR-191-5p mimic	3.7-4.9
U1810 miR-372-3p mimic replicate 3	Homo sapiens	lung	U1810	non-small cell lung carcinoma	3	Yan_miR_FASP_20140828_TMT10_200ugIPG37-49_7of15ul_fr44_131	proteomic profiling by mass spectrometry	NT=Data-dependent acquisition;AC=PRIDE:0000627	NT=Q Exactive;AC=MS:1001911	NT=TMT 10-plex;AC=MS:1002010;CN=131	NT=Trypsin;AC=MS:1001251	NT=Carbamidomethyl;AC=UNIMOD:4;TA=C;MT=Fixed	NT=Oxidation;AC=UNIMOD:35;TA=M;MT=Variable	44	1	Yan_miR_FASP_20140828_TMT10_200ugIPG37-49_7of15ul_fr44.raw	v1.1.0	NT=ms-proteomics;VV=v1.1.0	miR-372-3p mimic	3.7-4.9
U1810 siCtrl replicate 1	Homo sapiens	lung	U1810	non-small cell lung carcinoma	1	Yan_miR_FASP_20140828_TMT10_200ugIPG37-49_7of15ul_fr46_126	proteomic profiling by mass spectrometry	NT=Data-dependent acquisition;AC=PRIDE:0000627	NT=Q Exactive;AC=MS:1001911	NT=TMT 10-plex;AC=MS:1002010;CN=126	NT=Trypsin;AC=MS:1001251	NT=Carbamidomethyl;AC=UNIMOD:4;TA=C;MT=Fixed	NT=Oxidation;AC=UNIMOD:35;TA=M;MT=Variable	46	1	Yan_miR_FASP_20140828_TMT10_200ugIPG37-49_7of15ul_fr46.raw	v1.1.0	NT=ms-proteomics;VV=v1.1.0	siCtrl	3.7-4.9
U1810 miR-191-5p mimic replicate 2	Homo sapiens	lung	U1810	non-small cell lung carcinoma	2	Yan_miR_FASP_20140828_TMT10_200ugIPG37-49_7of15ul_fr46_127N	proteomic profiling by mass spectrometry	NT=Data-dependent acquisition;AC=PRIDE:0000627	NT=Q Exactive;AC=MS:1001911	NT=TMT 10-plex;AC=MS:1002010;CN=127N	NT=Trypsin;AC=MS:1001251	NT=Carbamidomethyl;AC=UNIMOD:4;TA=C;MT=Fixed	NT=Oxidation;AC=UNIMOD:35;TA=M;MT=Variable	46	1	Yan_miR_FASP_20140828_TMT10_200ugIPG37-49_7of15ul_fr46.raw	v1.1.0	NT=ms-proteomics;VV=v1.1.0	miR-191-5p mimic	3.7-4.9
U1810 miR-372-3p mimic replicate 1	Homo sapiens	lung	U1810	non-small cell lung carcinoma	1	Yan_miR_FASP_20140828_TMT10_200ugIPG37-49_7of15ul_fr46_127C	proteomic profiling by mass spectrometry	NT=Data-dependent acquisition;AC=PRIDE:0000627	NT=Q Exactive;AC=MS:1001911	NT=TMT 10-plex;AC=MS:1002010;CN=127C	NT=Trypsin;AC=MS:1001251	NT=Carbamidomethyl;AC=UNIMOD:4;TA=C;MT=Fixed	NT=Oxidation;AC=UNIMOD:35;TA=M;MT=Variable	46	1	Yan_miR_FASP_20140828_TMT10_200ugIPG37-49_7of15ul_fr46.raw	v1.1.0	NT=ms-proteomics;VV=v1.1.0	miR-372-3p mimic	3.7-4.9
U1810 miR-519c-3p mimic replicate 1	Homo sapiens	lung	U1810	non-small cell lung carcinoma	1	Yan_miR_FASP_20140828_TMT10_200ugIPG37-49_7of15ul_fr46_128N	proteomic profiling by mass spectrometry	NT=Data-dependent acquisition;AC=PRIDE:0000627	NT=Q Exactive;AC=MS:1001911	NT=TMT 10-plex;AC=MS:1002010;CN=128N	NT=Trypsin;AC=MS:1001251	NT=Carbamidomethyl;AC=UNIMOD:4;TA=C;MT=Fixed	NT=Oxidation;AC=UNIMOD:35;TA=M;MT=Variable	46	1	Yan_miR_FASP_20140828_TMT10_200ugIPG37-49_7of15ul_fr46.raw	v1.1.0	NT=ms-proteomics;VV=v1.1.0	miR-519c-3p mimic	3.7-4.9
U1810 siCtrl replicate 2	Homo sapiens	lung	U1810	non-small cell lung carcinoma	2	Yan_miR_FASP_20140828_TMT10_200ugIPG37-49_7of15ul_fr46_128C	proteomic profiling by mass spectrometry	NT=Data-dependent acquisition;AC=PRIDE:0000627	NT=Q Exactive;AC=MS:1001911	NT=TMT 10-plex;AC=MS:1002010;CN=128C	NT=Trypsin;AC=MS:1001251	NT=Carbamidomethyl;AC=UNIMOD:4;TA=C;MT=Fixed	NT=Oxidation;AC=UNIMOD:35;TA=M;MT=Variable	46	1	Yan_miR_FASP_20140828_TMT10_200ugIPG37-49_7of15ul_fr46.raw	v1.1.0	NT=ms-proteomics;VV=v1.1.0	siCtrl	3.7-4.9
U1810 miR-372-3p mimic replicate 2	Homo sapiens	lung	U1810	non-small cell lung carcinoma	2	Yan_miR_FASP_20140828_TMT10_200ugIPG37-49_7of15ul_fr46_129N	proteomic profiling by mass spectrometry	NT=Data-dependent acquisition;AC=PRIDE:0000627	NT=Q Exactive;AC=MS:1001911	NT=TMT 10-plex;AC=MS:1002010;CN=129N	NT=Trypsin;AC=MS:1001251	NT=Carbamidomethyl;AC=UNIMOD:4;TA=C;MT=Fixed	NT=Oxidation;AC=UNIMOD:35;TA=M;MT=Variable	46	1	Yan_miR_FASP_20140828_TMT10_200ugIPG37-49_7of15ul_fr46.raw	v1.1.0	NT=ms-proteomics;VV=v1.1.0	miR-372-3p mimic	3.7-4.9
U1810 miR-519c-3p mimic replicate 2	Homo sapiens	lung	U1810	non-small cell lung carcinoma	2	Yan_miR_FASP_20140828_TMT10_200ugIPG37-49_7of15ul_fr46_129C	proteomic profiling by mass spectrometry	NT=Data-dependent acquisition;AC=PRIDE:0000627	NT=Q Exactive;AC=MS:1001911	NT=TMT 10-plex;AC=MS:1002010;CN=129C	NT=Trypsin;AC=MS:1001251	NT=Carbamidomethyl;AC=UNIMOD:4;TA=C;MT=Fixed	NT=Oxidation;AC=UNIMOD:35;TA=M;MT=Variable	46	1	Yan_miR_FASP_20140828_TMT10_200ugIPG37-49_7of15ul_fr46.raw	v1.1.0	NT=ms-proteomics;VV=v1.1.0	miR-519c-3p mimic	3.7-4.9
U1810 siCtrl replicate 3	Homo sapiens	lung	U1810	non-small cell lung carcinoma	3	Yan_miR_FASP_20140828_TMT10_200ugIPG37-49_7of15ul_fr46_130N	proteomic profiling by mass spectrometry	NT=Data-dependent acquisition;AC=PRIDE:0000627	NT=Q Exactive;AC=MS:1001911	NT=TMT 10-plex;AC=MS:1002010;CN=130N	NT=Trypsin;AC=MS:1001251	NT=Carbamidomethyl;AC=UNIMOD:4;TA=C;MT=Fixed	NT=Oxidation;AC=UNIMOD:35;TA=M;MT=Variable	46	1	Yan_miR_FASP_20140828_TMT10_200ugIPG37-49_7of15ul_fr46.raw	v1.1.0	NT=ms-proteomics;VV=v1.1.0	siCtrl	3.7-4.9
U1810 miR-191-5p mimic replicate 1	Homo sapiens	lung	U1810	non-small cell lung carcinoma	1	Yan_miR_FASP_20140828_TMT10_200ugIPG37-49_7of15ul_fr46_130C	proteomic profiling by mass spectrometry	NT=Data-dependent acquisition;AC=PRIDE:0000627	NT=Q Exactive;AC=MS:1001911	NT=TMT 10-plex;AC=MS:1002010;CN=130C	NT=Trypsin;AC=MS:1001251	NT=Carbamidomethyl;AC=UNIMOD:4;TA=C;MT=Fixed	NT=Oxidation;AC=UNIMOD:35;TA=M;MT=Variable	46	1	Yan_miR_FASP_20140828_TMT10_200ugIPG37-49_7of15ul_fr46.raw	v1.1.0	NT=ms-proteomics;VV=v1.1.0	miR-191-5p mimic	3.7-4.9
U1810 miR-372-3p mimic replicate 3	Homo sapiens	lung	U1810	non-small cell lung carcinoma	3	Yan_miR_FASP_20140828_TMT10_200ugIPG37-49_7of15ul_fr46_131	proteomic profiling by mass spectrometry	NT=Data-dependent acquisition;AC=PRIDE:0000627	NT=Q Exactive;AC=MS:1001911	NT=TMT 10-plex;AC=MS:1002010;CN=131	NT=Trypsin;AC=MS:1001251	NT=Carbamidomethyl;AC=UNIMOD:4;TA=C;MT=Fixed	NT=Oxidation;AC=UNIMOD:35;TA=M;MT=Variable	46	1	Yan_miR_FASP_20140828_TMT10_200ugIPG37-49_7of15ul_fr46.raw	v1.1.0	NT=ms-proteomics;VV=v1.1.0	miR-372-3p mimic	3.7-4.9
U1810 siCtrl replicate 1	Homo sapiens	lung	U1810	non-small cell lung carcinoma	1	Yan_miR_FASP_20140828_TMT10_200ugIPG37-49_7of15ul_fr47_126	proteomic profiling by mass spectrometry	NT=Data-dependent acquisition;AC=PRIDE:0000627	NT=Q Exactive;AC=MS:1001911	NT=TMT 10-plex;AC=MS:1002010;CN=126	NT=Trypsin;AC=MS:1001251	NT=Carbamidomethyl;AC=UNIMOD:4;TA=C;MT=Fixed	NT=Oxidation;AC=UNIMOD:35;TA=M;MT=Variable	47	1	Yan_miR_FASP_20140828_TMT10_200ugIPG37-49_7of15ul_fr47.raw	v1.1.0	NT=ms-proteomics;VV=v1.1.0	siCtrl	3.7-4.9
U1810 miR-191-5p mimic replicate 2	Homo sapiens	lung	U1810	non-small cell lung carcinoma	2	Yan_miR_FASP_20140828_TMT10_200ugIPG37-49_7of15ul_fr47_127N	proteomic profiling by mass spectrometry	NT=Data-dependent acquisition;AC=PRIDE:0000627	NT=Q Exactive;AC=MS:1001911	NT=TMT 10-plex;AC=MS:1002010;CN=127N	NT=Trypsin;AC=MS:1001251	NT=Carbamidomethyl;AC=UNIMOD:4;TA=C;MT=Fixed	NT=Oxidation;AC=UNIMOD:35;TA=M;MT=Variable	47	1	Yan_miR_FASP_20140828_TMT10_200ugIPG37-49_7of15ul_fr47.raw	v1.1.0	NT=ms-proteomics;VV=v1.1.0	miR-191-5p mimic	3.7-4.9
U1810 miR-372-3p mimic replicate 1	Homo sapiens	lung	U1810	non-small cell lung carcinoma	1	Yan_miR_FASP_20140828_TMT10_200ugIPG37-49_7of15ul_fr47_127C	proteomic profiling by mass spectrometry	NT=Data-dependent acquisition;AC=PRIDE:0000627	NT=Q Exactive;AC=MS:1001911	NT=TMT 10-plex;AC=MS:1002010;CN=127C	NT=Trypsin;AC=MS:1001251	NT=Carbamidomethyl;AC=UNIMOD:4;TA=C;MT=Fixed	NT=Oxidation;AC=UNIMOD:35;TA=M;MT=Variable	47	1	Yan_miR_FASP_20140828_TMT10_200ugIPG37-49_7of15ul_fr47.raw	v1.1.0	NT=ms-proteomics;VV=v1.1.0	miR-372-3p mimic	3.7-4.9
U1810 miR-519c-3p mimic replicate 1	Homo sapiens	lung	U1810	non-small cell lung carcinoma	1	Yan_miR_FASP_20140828_TMT10_200ugIPG37-49_7of15ul_fr47_128N	proteomic profiling by mass spectrometry	NT=Data-dependent acquisition;AC=PRIDE:0000627	NT=Q Exactive;AC=MS:1001911	NT=TMT 10-plex;AC=MS:1002010;CN=128N	NT=Trypsin;AC=MS:1001251	NT=Carbamidomethyl;AC=UNIMOD:4;TA=C;MT=Fixed	NT=Oxidation;AC=UNIMOD:35;TA=M;MT=Variable	47	1	Yan_miR_FASP_20140828_TMT10_200ugIPG37-49_7of15ul_fr47.raw	v1.1.0	NT=ms-proteomics;VV=v1.1.0	miR-519c-3p mimic	3.7-4.9
U1810 siCtrl replicate 2	Homo sapiens	lung	U1810	non-small cell lung carcinoma	2	Yan_miR_FASP_20140828_TMT10_200ugIPG37-49_7of15ul_fr47_128C	proteomic profiling by mass spectrometry	NT=Data-dependent acquisition;AC=PRIDE:0000627	NT=Q Exactive;AC=MS:1001911	NT=TMT 10-plex;AC=MS:1002010;CN=128C	NT=Trypsin;AC=MS:1001251	NT=Carbamidomethyl;AC=UNIMOD:4;TA=C;MT=Fixed	NT=Oxidation;AC=UNIMOD:35;TA=M;MT=Variable	47	1	Yan_miR_FASP_20140828_TMT10_200ugIPG37-49_7of15ul_fr47.raw	v1.1.0	NT=ms-proteomics;VV=v1.1.0	siCtrl	3.7-4.9
U1810 miR-372-3p mimic replicate 2	Homo sapiens	lung	U1810	non-small cell lung carcinoma	2	Yan_miR_FASP_20140828_TMT10_200ugIPG37-49_7of15ul_fr47_129N	proteomic profiling by mass spectrometry	NT=Data-dependent acquisition;AC=PRIDE:0000627	NT=Q Exactive;AC=MS:1001911	NT=TMT 10-plex;AC=MS:1002010;CN=129N	NT=Trypsin;AC=MS:1001251	NT=Carbamidomethyl;AC=UNIMOD:4;TA=C;MT=Fixed	NT=Oxidation;AC=UNIMOD:35;TA=M;MT=Variable	47	1	Yan_miR_FASP_20140828_TMT10_200ugIPG37-49_7of15ul_fr47.raw	v1.1.0	NT=ms-proteomics;VV=v1.1.0	miR-372-3p mimic	3.7-4.9
U1810 miR-519c-3p mimic replicate 2	Homo sapiens	lung	U1810	non-small cell lung carcinoma	2	Yan_miR_FASP_20140828_TMT10_200ugIPG37-49_7of15ul_fr47_129C	proteomic profiling by mass spectrometry	NT=Data-dependent acquisition;AC=PRIDE:0000627	NT=Q Exactive;AC=MS:1001911	NT=TMT 10-plex;AC=MS:1002010;CN=129C	NT=Trypsin;AC=MS:1001251	NT=Carbamidomethyl;AC=UNIMOD:4;TA=C;MT=Fixed	NT=Oxidation;AC=UNIMOD:35;TA=M;MT=Variable	47	1	Yan_miR_FASP_20140828_TMT10_200ugIPG37-49_7of15ul_fr47.raw	v1.1.0	NT=ms-proteomics;VV=v1.1.0	miR-519c-3p mimic	3.7-4.9
U1810 siCtrl replicate 3	Homo sapiens	lung	U1810	non-small cell lung carcinoma	3	Yan_miR_FASP_20140828_TMT10_200ugIPG37-49_7of15ul_fr47_130N	proteomic profiling by mass spectrometry	NT=Data-dependent acquisition;AC=PRIDE:0000627	NT=Q Exactive;AC=MS:1001911	NT=TMT 10-plex;AC=MS:1002010;CN=130N	NT=Trypsin;AC=MS:1001251	NT=Carbamidomethyl;AC=UNIMOD:4;TA=C;MT=Fixed	NT=Oxidation;AC=UNIMOD:35;TA=M;MT=Variable	47	1	Yan_miR_FASP_20140828_TMT10_200ugIPG37-49_7of15ul_fr47.raw	v1.1.0	NT=ms-proteomics;VV=v1.1.0	siCtrl	3.7-4.9
U1810 miR-191-5p mimic replicate 1	Homo sapiens	lung	U1810	non-small cell lung carcinoma	1	Yan_miR_FASP_20140828_TMT10_200ugIPG37-49_7of15ul_fr47_130C	proteomic profiling by mass spectrometry	NT=Data-dependent acquisition;AC=PRIDE:0000627	NT=Q Exactive;AC=MS:1001911	NT=TMT 10-plex;AC=MS:1002010;CN=130C	NT=Trypsin;AC=MS:1001251	NT=Carbamidomethyl;AC=UNIMOD:4;TA=C;MT=Fixed	NT=Oxidation;AC=UNIMOD:35;TA=M;MT=Variable	47	1	Yan_miR_FASP_20140828_TMT10_200ugIPG37-49_7of15ul_fr47.raw	v1.1.0	NT=ms-proteomics;VV=v1.1.0	miR-191-5p mimic	3.7-4.9
U1810 miR-372-3p mimic replicate 3	Homo sapiens	lung	U1810	non-small cell lung carcinoma	3	Yan_miR_FASP_20140828_TMT10_200ugIPG37-49_7of15ul_fr47_131	proteomic profiling by mass spectrometry	NT=Data-dependent acquisition;AC=PRIDE:0000627	NT=Q Exactive;AC=MS:1001911	NT=TMT 10-plex;AC=MS:1002010;CN=131	NT=Trypsin;AC=MS:1001251	NT=Carbamidomethyl;AC=UNIMOD:4;TA=C;MT=Fixed	NT=Oxidation;AC=UNIMOD:35;TA=M;MT=Variable	47	1	Yan_miR_FASP_20140828_TMT10_200ugIPG37-49_7of15ul_fr47.raw	v1.1.0	NT=ms-proteomics;VV=v1.1.0	miR-372-3p mimic	3.7-4.9
U1810 siCtrl replicate 1	Homo sapiens	lung	U1810	non-small cell lung carcinoma	1	Yan_miR_FASP_20140828_TMT10_200ugIPG37-49_7of15ul_fr57_126	proteomic profiling by mass spectrometry	NT=Data-dependent acquisition;AC=PRIDE:0000627	NT=Q Exactive;AC=MS:1001911	NT=TMT 10-plex;AC=MS:1002010;CN=126	NT=Trypsin;AC=MS:1001251	NT=Carbamidomethyl;AC=UNIMOD:4;TA=C;MT=Fixed	NT=Oxidation;AC=UNIMOD:35;TA=M;MT=Variable	57	1	Yan_miR_FASP_20140828_TMT10_200ugIPG37-49_7of15ul_fr57.raw	v1.1.0	NT=ms-proteomics;VV=v1.1.0	siCtrl	3.7-4.9
U1810 miR-191-5p mimic replicate 2	Homo sapiens	lung	U1810	non-small cell lung carcinoma	2	Yan_miR_FASP_20140828_TMT10_200ugIPG37-49_7of15ul_fr57_127N	proteomic profiling by mass spectrometry	NT=Data-dependent acquisition;AC=PRIDE:0000627	NT=Q Exactive;AC=MS:1001911	NT=TMT 10-plex;AC=MS:1002010;CN=127N	NT=Trypsin;AC=MS:1001251	NT=Carbamidomethyl;AC=UNIMOD:4;TA=C;MT=Fixed	NT=Oxidation;AC=UNIMOD:35;TA=M;MT=Variable	57	1	Yan_miR_FASP_20140828_TMT10_200ugIPG37-49_7of15ul_fr57.raw	v1.1.0	NT=ms-proteomics;VV=v1.1.0	miR-191-5p mimic	3.7-4.9
U1810 miR-372-3p mimic replicate 1	Homo sapiens	lung	U1810	non-small cell lung carcinoma	1	Yan_miR_FASP_20140828_TMT10_200ugIPG37-49_7of15ul_fr57_127C	proteomic profiling by mass spectrometry	NT=Data-dependent acquisition;AC=PRIDE:0000627	NT=Q Exactive;AC=MS:1001911	NT=TMT 10-plex;AC=MS:1002010;CN=127C	NT=Trypsin;AC=MS:1001251	NT=Carbamidomethyl;AC=UNIMOD:4;TA=C;MT=Fixed	NT=Oxidation;AC=UNIMOD:35;TA=M;MT=Variable	57	1	Yan_miR_FASP_20140828_TMT10_200ugIPG37-49_7of15ul_fr57.raw	v1.1.0	NT=ms-proteomics;VV=v1.1.0	miR-372-3p mimic	3.7-4.9
U1810 miR-519c-3p mimic replicate 1	Homo sapiens	lung	U1810	non-small cell lung carcinoma	1	Yan_miR_FASP_20140828_TMT10_200ugIPG37-49_7of15ul_fr57_128N	proteomic profiling by mass spectrometry	NT=Data-dependent acquisition;AC=PRIDE:0000627	NT=Q Exactive;AC=MS:1001911	NT=TMT 10-plex;AC=MS:1002010;CN=128N	NT=Trypsin;AC=MS:1001251	NT=Carbamidomethyl;AC=UNIMOD:4;TA=C;MT=Fixed	NT=Oxidation;AC=UNIMOD:35;TA=M;MT=Variable	57	1	Yan_miR_FASP_20140828_TMT10_200ugIPG37-49_7of15ul_fr57.raw	v1.1.0	NT=ms-proteomics;VV=v1.1.0	miR-519c-3p mimic	3.7-4.9
U1810 siCtrl replicate 2	Homo sapiens	lung	U1810	non-small cell lung carcinoma	2	Yan_miR_FASP_20140828_TMT10_200ugIPG37-49_7of15ul_fr57_128C	proteomic profiling by mass spectrometry	NT=Data-dependent acquisition;AC=PRIDE:0000627	NT=Q Exactive;AC=MS:1001911	NT=TMT 10-plex;AC=MS:1002010;CN=128C	NT=Trypsin;AC=MS:1001251	NT=Carbamidomethyl;AC=UNIMOD:4;TA=C;MT=Fixed	NT=Oxidation;AC=UNIMOD:35;TA=M;MT=Variable	57	1	Yan_miR_FASP_20140828_TMT10_200ugIPG37-49_7of15ul_fr57.raw	v1.1.0	NT=ms-proteomics;VV=v1.1.0	siCtrl	3.7-4.9
U1810 miR-372-3p mimic replicate 2	Homo sapiens	lung	U1810	non-small cell lung carcinoma	2	Yan_miR_FASP_20140828_TMT10_200ugIPG37-49_7of15ul_fr57_129N	proteomic profiling by mass spectrometry	NT=Data-dependent acquisition;AC=PRIDE:0000627	NT=Q Exactive;AC=MS:1001911	NT=TMT 10-plex;AC=MS:1002010;CN=129N	NT=Trypsin;AC=MS:1001251	NT=Carbamidomethyl;AC=UNIMOD:4;TA=C;MT=Fixed	NT=Oxidation;AC=UNIMOD:35;TA=M;MT=Variable	57	1	Yan_miR_FASP_20140828_TMT10_200ugIPG37-49_7of15ul_fr57.raw	v1.1.0	NT=ms-proteomics;VV=v1.1.0	miR-372-3p mimic	3.7-4.9
U1810 miR-519c-3p mimic replicate 2	Homo sapiens	lung	U1810	non-small cell lung carcinoma	2	Yan_miR_FASP_20140828_TMT10_200ugIPG37-49_7of15ul_fr57_129C	proteomic profiling by mass spectrometry	NT=Data-dependent acquisition;AC=PRIDE:0000627	NT=Q Exactive;AC=MS:1001911	NT=TMT 10-plex;AC=MS:1002010;CN=129C	NT=Trypsin;AC=MS:1001251	NT=Carbamidomethyl;AC=UNIMOD:4;TA=C;MT=Fixed	NT=Oxidation;AC=UNIMOD:35;TA=M;MT=Variable	57	1	Yan_miR_FASP_20140828_TMT10_200ugIPG37-49_7of15ul_fr57.raw	v1.1.0	NT=ms-proteomics;VV=v1.1.0	miR-519c-3p mimic	3.7-4.9
U1810 siCtrl replicate 3	Homo sapiens	lung	U1810	non-small cell lung carcinoma	3	Yan_miR_FASP_20140828_TMT10_200ugIPG37-49_7of15ul_fr57_130N	proteomic profiling by mass spectrometry	NT=Data-dependent acquisition;AC=PRIDE:0000627	NT=Q Exactive;AC=MS:1001911	NT=TMT 10-plex;AC=MS:1002010;CN=130N	NT=Trypsin;AC=MS:1001251	NT=Carbamidomethyl;AC=UNIMOD:4;TA=C;MT=Fixed	NT=Oxidation;AC=UNIMOD:35;TA=M;MT=Variable	57	1	Yan_miR_FASP_20140828_TMT10_200ugIPG37-49_7of15ul_fr57.raw	v1.1.0	NT=ms-proteomics;VV=v1.1.0	siCtrl	3.7-4.9
U1810 miR-191-5p mimic replicate 1	Homo sapiens	lung	U1810	non-small cell lung carcinoma	1	Yan_miR_FASP_20140828_TMT10_200ugIPG37-49_7of15ul_fr57_130C	proteomic profiling by mass spectrometry	NT=Data-dependent acquisition;AC=PRIDE:0000627	NT=Q Exactive;AC=MS:1001911	NT=TMT 10-plex;AC=MS:1002010;CN=130C	NT=Trypsin;AC=MS:1001251	NT=Carbamidomethyl;AC=UNIMOD:4;TA=C;MT=Fixed	NT=Oxidation;AC=UNIMOD:35;TA=M;MT=Variable	57	1	Yan_miR_FASP_20140828_TMT10_200ugIPG37-49_7of15ul_fr57.raw	v1.1.0	NT=ms-proteomics;VV=v1.1.0	miR-191-5p mimic	3.7-4.9
U1810 miR-372-3p mimic replicate 3	Homo sapiens	lung	U1810	non-small cell lung carcinoma	3	Yan_miR_FASP_20140828_TMT10_200ugIPG37-49_7of15ul_fr57_131	proteomic profiling by mass spectrometry	NT=Data-dependent acquisition;AC=PRIDE:0000627	NT=Q Exactive;AC=MS:1001911	NT=TMT 10-plex;AC=MS:1002010;CN=131	NT=Trypsin;AC=MS:1001251	NT=Carbamidomethyl;AC=UNIMOD:4;TA=C;MT=Fixed	NT=Oxidation;AC=UNIMOD:35;TA=M;MT=Variable	57	1	Yan_miR_FASP_20140828_TMT10_200ugIPG37-49_7of15ul_fr57.raw	v1.1.0	NT=ms-proteomics;VV=v1.1.0	miR-372-3p mimic	3.7-4.9
U1810 siCtrl replicate 1	Homo sapiens	lung	U1810	non-small cell lung carcinoma	1	Yan_miR_FASP_20140828_TMT10_200ugIPG37-49_7of15ul_fr61_126	proteomic profiling by mass spectrometry	NT=Data-dependent acquisition;AC=PRIDE:0000627	NT=Q Exactive;AC=MS:1001911	NT=TMT 10-plex;AC=MS:1002010;CN=126	NT=Trypsin;AC=MS:1001251	NT=Carbamidomethyl;AC=UNIMOD:4;TA=C;MT=Fixed	NT=Oxidation;AC=UNIMOD:35;TA=M;MT=Variable	61	1	Yan_miR_FASP_20140828_TMT10_200ugIPG37-49_7of15ul_fr61.raw	v1.1.0	NT=ms-proteomics;VV=v1.1.0	siCtrl	3.7-4.9
U1810 miR-191-5p mimic replicate 2	Homo sapiens	lung	U1810	non-small cell lung carcinoma	2	Yan_miR_FASP_20140828_TMT10_200ugIPG37-49_7of15ul_fr61_127N	proteomic profiling by mass spectrometry	NT=Data-dependent acquisition;AC=PRIDE:0000627	NT=Q Exactive;AC=MS:1001911	NT=TMT 10-plex;AC=MS:1002010;CN=127N	NT=Trypsin;AC=MS:1001251	NT=Carbamidomethyl;AC=UNIMOD:4;TA=C;MT=Fixed	NT=Oxidation;AC=UNIMOD:35;TA=M;MT=Variable	61	1	Yan_miR_FASP_20140828_TMT10_200ugIPG37-49_7of15ul_fr61.raw	v1.1.0	NT=ms-proteomics;VV=v1.1.0	miR-191-5p mimic	3.7-4.9
U1810 miR-372-3p mimic replicate 1	Homo sapiens	lung	U1810	non-small cell lung carcinoma	1	Yan_miR_FASP_20140828_TMT10_200ugIPG37-49_7of15ul_fr61_127C	proteomic profiling by mass spectrometry	NT=Data-dependent acquisition;AC=PRIDE:0000627	NT=Q Exactive;AC=MS:1001911	NT=TMT 10-plex;AC=MS:1002010;CN=127C	NT=Trypsin;AC=MS:1001251	NT=Carbamidomethyl;AC=UNIMOD:4;TA=C;MT=Fixed	NT=Oxidation;AC=UNIMOD:35;TA=M;MT=Variable	61	1	Yan_miR_FASP_20140828_TMT10_200ugIPG37-49_7of15ul_fr61.raw	v1.1.0	NT=ms-proteomics;VV=v1.1.0	miR-372-3p mimic	3.7-4.9
U1810 miR-519c-3p mimic replicate 1	Homo sapiens	lung	U1810	non-small cell lung carcinoma	1	Yan_miR_FASP_20140828_TMT10_200ugIPG37-49_7of15ul_fr61_128N	proteomic profiling by mass spectrometry	NT=Data-dependent acquisition;AC=PRIDE:0000627	NT=Q Exactive;AC=MS:1001911	NT=TMT 10-plex;AC=MS:1002010;CN=128N	NT=Trypsin;AC=MS:1001251	NT=Carbamidomethyl;AC=UNIMOD:4;TA=C;MT=Fixed	NT=Oxidation;AC=UNIMOD:35;TA=M;MT=Variable	61	1	Yan_miR_FASP_20140828_TMT10_200ugIPG37-49_7of15ul_fr61.raw	v1.1.0	NT=ms-proteomics;VV=v1.1.0	miR-519c-3p mimic	3.7-4.9
U1810 siCtrl replicate 2	Homo sapiens	lung	U1810	non-small cell lung carcinoma	2	Yan_miR_FASP_20140828_TMT10_200ugIPG37-49_7of15ul_fr61_128C	proteomic profiling by mass spectrometry	NT=Data-dependent acquisition;AC=PRIDE:0000627	NT=Q Exactive;AC=MS:1001911	NT=TMT 10-plex;AC=MS:1002010;CN=128C	NT=Trypsin;AC=MS:1001251	NT=Carbamidomethyl;AC=UNIMOD:4;TA=C;MT=Fixed	NT=Oxidation;AC=UNIMOD:35;TA=M;MT=Variable	61	1	Yan_miR_FASP_20140828_TMT10_200ugIPG37-49_7of15ul_fr61.raw	v1.1.0	NT=ms-proteomics;VV=v1.1.0	siCtrl	3.7-4.9
U1810 miR-372-3p mimic replicate 2	Homo sapiens	lung	U1810	non-small cell lung carcinoma	2	Yan_miR_FASP_20140828_TMT10_200ugIPG37-49_7of15ul_fr61_129N	proteomic profiling by mass spectrometry	NT=Data-dependent acquisition;AC=PRIDE:0000627	NT=Q Exactive;AC=MS:1001911	NT=TMT 10-plex;AC=MS:1002010;CN=129N	NT=Trypsin;AC=MS:1001251	NT=Carbamidomethyl;AC=UNIMOD:4;TA=C;MT=Fixed	NT=Oxidation;AC=UNIMOD:35;TA=M;MT=Variable	61	1	Yan_miR_FASP_20140828_TMT10_200ugIPG37-49_7of15ul_fr61.raw	v1.1.0	NT=ms-proteomics;VV=v1.1.0	miR-372-3p mimic	3.7-4.9
U1810 miR-519c-3p mimic replicate 2	Homo sapiens	lung	U1810	non-small cell lung carcinoma	2	Yan_miR_FASP_20140828_TMT10_200ugIPG37-49_7of15ul_fr61_129C	proteomic profiling by mass spectrometry	NT=Data-dependent acquisition;AC=PRIDE:0000627	NT=Q Exactive;AC=MS:1001911	NT=TMT 10-plex;AC=MS:1002010;CN=129C	NT=Trypsin;AC=MS:1001251	NT=Carbamidomethyl;AC=UNIMOD:4;TA=C;MT=Fixed	NT=Oxidation;AC=UNIMOD:35;TA=M;MT=Variable	61	1	Yan_miR_FASP_20140828_TMT10_200ugIPG37-49_7of15ul_fr61.raw	v1.1.0	NT=ms-proteomics;VV=v1.1.0	miR-519c-3p mimic	3.7-4.9
U1810 siCtrl replicate 3	Homo sapiens	lung	U1810	non-small cell lung carcinoma	3	Yan_miR_FASP_20140828_TMT10_200ugIPG37-49_7of15ul_fr61_130N	proteomic profiling by mass spectrometry	NT=Data-dependent acquisition;AC=PRIDE:0000627	NT=Q Exactive;AC=MS:1001911	NT=TMT 10-plex;AC=MS:1002010;CN=130N	NT=Trypsin;AC=MS:1001251	NT=Carbamidomethyl;AC=UNIMOD:4;TA=C;MT=Fixed	NT=Oxidation;AC=UNIMOD:35;TA=M;MT=Variable	61	1	Yan_miR_FASP_20140828_TMT10_200ugIPG37-49_7of15ul_fr61.raw	v1.1.0	NT=ms-proteomics;VV=v1.1.0	siCtrl	3.7-4.9
U1810 miR-191-5p mimic replicate 1	Homo sapiens	lung	U1810	non-small cell lung carcinoma	1	Yan_miR_FASP_20140828_TMT10_200ugIPG37-49_7of15ul_fr61_130C	proteomic profiling by mass spectrometry	NT=Data-dependent acquisition;AC=PRIDE:0000627	NT=Q Exactive;AC=MS:1001911	NT=TMT 10-plex;AC=MS:1002010;CN=130C	NT=Trypsin;AC=MS:1001251	NT=Carbamidomethyl;AC=UNIMOD:4;TA=C;MT=Fixed	NT=Oxidation;AC=UNIMOD:35;TA=M;MT=Variable	61	1	Yan_miR_FASP_20140828_TMT10_200ugIPG37-49_7of15ul_fr61.raw	v1.1.0	NT=ms-proteomics;VV=v1.1.0	miR-191-5p mimic	3.7-4.9
U1810 miR-372-3p mimic replicate 3	Homo sapiens	lung	U1810	non-small cell lung carcinoma	3	Yan_miR_FASP_20140828_TMT10_200ugIPG37-49_7of15ul_fr61_131	proteomic profiling by mass spectrometry	NT=Data-dependent acquisition;AC=PRIDE:0000627	NT=Q Exactive;AC=MS:1001911	NT=TMT 10-plex;AC=MS:1002010;CN=131	NT=Trypsin;AC=MS:1001251	NT=Carbamidomethyl;AC=UNIMOD:4;TA=C;MT=Fixed	NT=Oxidation;AC=UNIMOD:35;TA=M;MT=Variable	61	1	Yan_miR_FASP_20140828_TMT10_200ugIPG37-49_7of15ul_fr61.raw	v1.1.0	NT=ms-proteomics;VV=v1.1.0	miR-372-3p mimic	3.7-4.9
