source name	characteristics[organism]	characteristics[organism part]	characteristics[cell type]	characteristics[biological replicate]	characteristics[disease]	characteristics[material type]	characteristics[treatment]	characteristics[age]	characteristics[sex]	characteristics[individual]	characteristics[cell line]	characteristics[cellosaurus accession]	characteristics[cellosaurus name]	characteristics[compound]	characteristics[dose]	characteristics[exposure duration]	assay name	technology type	comment[technical replicate]	comment[data file]	comment[sdrf version]	comment[sdrf template]	comment[sdrf template]	comment[sdrf template]	comment[sdrf template]	comment[sdrf annotation tool]	comment[proteomics data acquisition method]	comment[instrument]	comment[cleavage agent details]	comment[label]	comment[fraction identifier]	comment[dissociation method]	comment[modification parameters]	comment[modification parameters]	comment[modification parameters]	comment[modification parameters]	comment[modification parameters]	factor value[treatment]
HL60-DMSO vehicle-1	Homo sapiens	blood	myeloid cell	1	acute myeloid leukemia	cell line	DMSO vehicle	36Y	female	HL60	HL-60	CVCL_0002	HL-60	dimethyl sulfoxide	not available	3 hour	220711_UM171_RCOR1_HL60_TMT10_F01_of_F13_R1-TMT126	proteomic profiling by mass spectrometry	1	220711_UM171_RCOR1_HL60_TMT10_F01_of_F13_R1.raw	v1.1.0	NT=ms-proteomics;VV=v1.1.0	NT=human;VV=v1.1.0	NT=cell-lines;VV=v1.1.0	NT=clinical-metadata;VV=v1.0.0	manual curation	NT=Data-dependent acquisition;AC=PRIDE:0000627	NT=Orbitrap Exploris 480;AC=MS:1003028	NT=Trypsin;AC=MS:1001251	TMT126	1	NT=higher energy beam-type collision-induced dissociation;AC=MS:1000422	NT=Carbamidomethyl;AC=UNIMOD:4;TA=C;MT=Fixed	NT=TMT6plex;AC=UNIMOD:737;TA=K;MT=Fixed	NT=TMT6plex;AC=UNIMOD:737;PP=Any N-term;MT=Fixed	NT=Oxidation;AC=UNIMOD:35;TA=M;MT=Variable	NT=Acetyl;AC=UNIMOD:1;PP=Protein N-term;MT=Variable	DMSO vehicle
HL60-DMSO vehicle-1	Homo sapiens	blood	myeloid cell	1	acute myeloid leukemia	cell line	DMSO vehicle	36Y	female	HL60	HL-60	CVCL_0002	HL-60	dimethyl sulfoxide	not available	3 hour	220711_UM171_RCOR1_HL60_TMT10_F02_of_F13_R1-TMT126	proteomic profiling by mass spectrometry	1	220711_UM171_RCOR1_HL60_TMT10_F02_of_F13_R1.raw	v1.1.0	NT=ms-proteomics;VV=v1.1.0	NT=human;VV=v1.1.0	NT=cell-lines;VV=v1.1.0	NT=clinical-metadata;VV=v1.0.0	manual curation	NT=Data-dependent acquisition;AC=PRIDE:0000627	NT=Orbitrap Exploris 480;AC=MS:1003028	NT=Trypsin;AC=MS:1001251	TMT126	2	NT=higher energy beam-type collision-induced dissociation;AC=MS:1000422	NT=Carbamidomethyl;AC=UNIMOD:4;TA=C;MT=Fixed	NT=TMT6plex;AC=UNIMOD:737;TA=K;MT=Fixed	NT=TMT6plex;AC=UNIMOD:737;PP=Any N-term;MT=Fixed	NT=Oxidation;AC=UNIMOD:35;TA=M;MT=Variable	NT=Acetyl;AC=UNIMOD:1;PP=Protein N-term;MT=Variable	DMSO vehicle
HL60-DMSO vehicle-1	Homo sapiens	blood	myeloid cell	1	acute myeloid leukemia	cell line	DMSO vehicle	36Y	female	HL60	HL-60	CVCL_0002	HL-60	dimethyl sulfoxide	not available	3 hour	220711_UM171_RCOR1_HL60_TMT10_F03_of_F13_R1-TMT126	proteomic profiling by mass spectrometry	1	220711_UM171_RCOR1_HL60_TMT10_F03_of_F13_R1.raw	v1.1.0	NT=ms-proteomics;VV=v1.1.0	NT=human;VV=v1.1.0	NT=cell-lines;VV=v1.1.0	NT=clinical-metadata;VV=v1.0.0	manual curation	NT=Data-dependent acquisition;AC=PRIDE:0000627	NT=Orbitrap Exploris 480;AC=MS:1003028	NT=Trypsin;AC=MS:1001251	TMT126	3	NT=higher energy beam-type collision-induced dissociation;AC=MS:1000422	NT=Carbamidomethyl;AC=UNIMOD:4;TA=C;MT=Fixed	NT=TMT6plex;AC=UNIMOD:737;TA=K;MT=Fixed	NT=TMT6plex;AC=UNIMOD:737;PP=Any N-term;MT=Fixed	NT=Oxidation;AC=UNIMOD:35;TA=M;MT=Variable	NT=Acetyl;AC=UNIMOD:1;PP=Protein N-term;MT=Variable	DMSO vehicle
HL60-DMSO vehicle-1	Homo sapiens	blood	myeloid cell	1	acute myeloid leukemia	cell line	DMSO vehicle	36Y	female	HL60	HL-60	CVCL_0002	HL-60	dimethyl sulfoxide	not available	3 hour	220711_UM171_RCOR1_HL60_TMT10_F04_of_F13_R1-TMT126	proteomic profiling by mass spectrometry	1	220711_UM171_RCOR1_HL60_TMT10_F04_of_F13_R1.raw	v1.1.0	NT=ms-proteomics;VV=v1.1.0	NT=human;VV=v1.1.0	NT=cell-lines;VV=v1.1.0	NT=clinical-metadata;VV=v1.0.0	manual curation	NT=Data-dependent acquisition;AC=PRIDE:0000627	NT=Orbitrap Exploris 480;AC=MS:1003028	NT=Trypsin;AC=MS:1001251	TMT126	4	NT=higher energy beam-type collision-induced dissociation;AC=MS:1000422	NT=Carbamidomethyl;AC=UNIMOD:4;TA=C;MT=Fixed	NT=TMT6plex;AC=UNIMOD:737;TA=K;MT=Fixed	NT=TMT6plex;AC=UNIMOD:737;PP=Any N-term;MT=Fixed	NT=Oxidation;AC=UNIMOD:35;TA=M;MT=Variable	NT=Acetyl;AC=UNIMOD:1;PP=Protein N-term;MT=Variable	DMSO vehicle
HL60-DMSO vehicle-1	Homo sapiens	blood	myeloid cell	1	acute myeloid leukemia	cell line	DMSO vehicle	36Y	female	HL60	HL-60	CVCL_0002	HL-60	dimethyl sulfoxide	not available	3 hour	220711_UM171_RCOR1_HL60_TMT10_F05_of_F13_R1-TMT126	proteomic profiling by mass spectrometry	1	220711_UM171_RCOR1_HL60_TMT10_F05_of_F13_R1.raw	v1.1.0	NT=ms-proteomics;VV=v1.1.0	NT=human;VV=v1.1.0	NT=cell-lines;VV=v1.1.0	NT=clinical-metadata;VV=v1.0.0	manual curation	NT=Data-dependent acquisition;AC=PRIDE:0000627	NT=Orbitrap Exploris 480;AC=MS:1003028	NT=Trypsin;AC=MS:1001251	TMT126	5	NT=higher energy beam-type collision-induced dissociation;AC=MS:1000422	NT=Carbamidomethyl;AC=UNIMOD:4;TA=C;MT=Fixed	NT=TMT6plex;AC=UNIMOD:737;TA=K;MT=Fixed	NT=TMT6plex;AC=UNIMOD:737;PP=Any N-term;MT=Fixed	NT=Oxidation;AC=UNIMOD:35;TA=M;MT=Variable	NT=Acetyl;AC=UNIMOD:1;PP=Protein N-term;MT=Variable	DMSO vehicle
HL60-DMSO vehicle-1	Homo sapiens	blood	myeloid cell	1	acute myeloid leukemia	cell line	DMSO vehicle	36Y	female	HL60	HL-60	CVCL_0002	HL-60	dimethyl sulfoxide	not available	3 hour	220711_UM171_RCOR1_HL60_TMT10_F06_of_F13_R1-TMT126	proteomic profiling by mass spectrometry	1	220711_UM171_RCOR1_HL60_TMT10_F06_of_F13_R1.raw	v1.1.0	NT=ms-proteomics;VV=v1.1.0	NT=human;VV=v1.1.0	NT=cell-lines;VV=v1.1.0	NT=clinical-metadata;VV=v1.0.0	manual curation	NT=Data-dependent acquisition;AC=PRIDE:0000627	NT=Orbitrap Exploris 480;AC=MS:1003028	NT=Trypsin;AC=MS:1001251	TMT126	6	NT=higher energy beam-type collision-induced dissociation;AC=MS:1000422	NT=Carbamidomethyl;AC=UNIMOD:4;TA=C;MT=Fixed	NT=TMT6plex;AC=UNIMOD:737;TA=K;MT=Fixed	NT=TMT6plex;AC=UNIMOD:737;PP=Any N-term;MT=Fixed	NT=Oxidation;AC=UNIMOD:35;TA=M;MT=Variable	NT=Acetyl;AC=UNIMOD:1;PP=Protein N-term;MT=Variable	DMSO vehicle
HL60-DMSO vehicle-1	Homo sapiens	blood	myeloid cell	1	acute myeloid leukemia	cell line	DMSO vehicle	36Y	female	HL60	HL-60	CVCL_0002	HL-60	dimethyl sulfoxide	not available	3 hour	220711_UM171_RCOR1_HL60_TMT10_F07_of_F13_R1-TMT126	proteomic profiling by mass spectrometry	1	220711_UM171_RCOR1_HL60_TMT10_F07_of_F13_R1.raw	v1.1.0	NT=ms-proteomics;VV=v1.1.0	NT=human;VV=v1.1.0	NT=cell-lines;VV=v1.1.0	NT=clinical-metadata;VV=v1.0.0	manual curation	NT=Data-dependent acquisition;AC=PRIDE:0000627	NT=Orbitrap Exploris 480;AC=MS:1003028	NT=Trypsin;AC=MS:1001251	TMT126	7	NT=higher energy beam-type collision-induced dissociation;AC=MS:1000422	NT=Carbamidomethyl;AC=UNIMOD:4;TA=C;MT=Fixed	NT=TMT6plex;AC=UNIMOD:737;TA=K;MT=Fixed	NT=TMT6plex;AC=UNIMOD:737;PP=Any N-term;MT=Fixed	NT=Oxidation;AC=UNIMOD:35;TA=M;MT=Variable	NT=Acetyl;AC=UNIMOD:1;PP=Protein N-term;MT=Variable	DMSO vehicle
HL60-DMSO vehicle-1	Homo sapiens	blood	myeloid cell	1	acute myeloid leukemia	cell line	DMSO vehicle	36Y	female	HL60	HL-60	CVCL_0002	HL-60	dimethyl sulfoxide	not available	3 hour	220711_UM171_RCOR1_HL60_TMT10_F08_of_F13_R1-TMT126	proteomic profiling by mass spectrometry	1	220711_UM171_RCOR1_HL60_TMT10_F08_of_F13_R1.raw	v1.1.0	NT=ms-proteomics;VV=v1.1.0	NT=human;VV=v1.1.0	NT=cell-lines;VV=v1.1.0	NT=clinical-metadata;VV=v1.0.0	manual curation	NT=Data-dependent acquisition;AC=PRIDE:0000627	NT=Orbitrap Exploris 480;AC=MS:1003028	NT=Trypsin;AC=MS:1001251	TMT126	8	NT=higher energy beam-type collision-induced dissociation;AC=MS:1000422	NT=Carbamidomethyl;AC=UNIMOD:4;TA=C;MT=Fixed	NT=TMT6plex;AC=UNIMOD:737;TA=K;MT=Fixed	NT=TMT6plex;AC=UNIMOD:737;PP=Any N-term;MT=Fixed	NT=Oxidation;AC=UNIMOD:35;TA=M;MT=Variable	NT=Acetyl;AC=UNIMOD:1;PP=Protein N-term;MT=Variable	DMSO vehicle
HL60-DMSO vehicle-1	Homo sapiens	blood	myeloid cell	1	acute myeloid leukemia	cell line	DMSO vehicle	36Y	female	HL60	HL-60	CVCL_0002	HL-60	dimethyl sulfoxide	not available	3 hour	220711_UM171_RCOR1_HL60_TMT10_F09_of_F13_R1-TMT126	proteomic profiling by mass spectrometry	1	220711_UM171_RCOR1_HL60_TMT10_F09_of_F13_R1.raw	v1.1.0	NT=ms-proteomics;VV=v1.1.0	NT=human;VV=v1.1.0	NT=cell-lines;VV=v1.1.0	NT=clinical-metadata;VV=v1.0.0	manual curation	NT=Data-dependent acquisition;AC=PRIDE:0000627	NT=Orbitrap Exploris 480;AC=MS:1003028	NT=Trypsin;AC=MS:1001251	TMT126	9	NT=higher energy beam-type collision-induced dissociation;AC=MS:1000422	NT=Carbamidomethyl;AC=UNIMOD:4;TA=C;MT=Fixed	NT=TMT6plex;AC=UNIMOD:737;TA=K;MT=Fixed	NT=TMT6plex;AC=UNIMOD:737;PP=Any N-term;MT=Fixed	NT=Oxidation;AC=UNIMOD:35;TA=M;MT=Variable	NT=Acetyl;AC=UNIMOD:1;PP=Protein N-term;MT=Variable	DMSO vehicle
HL60-DMSO vehicle-1	Homo sapiens	blood	myeloid cell	1	acute myeloid leukemia	cell line	DMSO vehicle	36Y	female	HL60	HL-60	CVCL_0002	HL-60	dimethyl sulfoxide	not available	3 hour	220711_UM171_RCOR1_HL60_TMT10_F10_of_F13_R1-TMT126	proteomic profiling by mass spectrometry	1	220711_UM171_RCOR1_HL60_TMT10_F10_of_F13_R1.raw	v1.1.0	NT=ms-proteomics;VV=v1.1.0	NT=human;VV=v1.1.0	NT=cell-lines;VV=v1.1.0	NT=clinical-metadata;VV=v1.0.0	manual curation	NT=Data-dependent acquisition;AC=PRIDE:0000627	NT=Orbitrap Exploris 480;AC=MS:1003028	NT=Trypsin;AC=MS:1001251	TMT126	10	NT=higher energy beam-type collision-induced dissociation;AC=MS:1000422	NT=Carbamidomethyl;AC=UNIMOD:4;TA=C;MT=Fixed	NT=TMT6plex;AC=UNIMOD:737;TA=K;MT=Fixed	NT=TMT6plex;AC=UNIMOD:737;PP=Any N-term;MT=Fixed	NT=Oxidation;AC=UNIMOD:35;TA=M;MT=Variable	NT=Acetyl;AC=UNIMOD:1;PP=Protein N-term;MT=Variable	DMSO vehicle
HL60-DMSO vehicle-1	Homo sapiens	blood	myeloid cell	1	acute myeloid leukemia	cell line	DMSO vehicle	36Y	female	HL60	HL-60	CVCL_0002	HL-60	dimethyl sulfoxide	not available	3 hour	220711_UM171_RCOR1_HL60_TMT10_F11_of_F13_R1-TMT126	proteomic profiling by mass spectrometry	1	220711_UM171_RCOR1_HL60_TMT10_F11_of_F13_R1.raw	v1.1.0	NT=ms-proteomics;VV=v1.1.0	NT=human;VV=v1.1.0	NT=cell-lines;VV=v1.1.0	NT=clinical-metadata;VV=v1.0.0	manual curation	NT=Data-dependent acquisition;AC=PRIDE:0000627	NT=Orbitrap Exploris 480;AC=MS:1003028	NT=Trypsin;AC=MS:1001251	TMT126	11	NT=higher energy beam-type collision-induced dissociation;AC=MS:1000422	NT=Carbamidomethyl;AC=UNIMOD:4;TA=C;MT=Fixed	NT=TMT6plex;AC=UNIMOD:737;TA=K;MT=Fixed	NT=TMT6plex;AC=UNIMOD:737;PP=Any N-term;MT=Fixed	NT=Oxidation;AC=UNIMOD:35;TA=M;MT=Variable	NT=Acetyl;AC=UNIMOD:1;PP=Protein N-term;MT=Variable	DMSO vehicle
HL60-DMSO vehicle-1	Homo sapiens	blood	myeloid cell	1	acute myeloid leukemia	cell line	DMSO vehicle	36Y	female	HL60	HL-60	CVCL_0002	HL-60	dimethyl sulfoxide	not available	3 hour	220711_UM171_RCOR1_HL60_TMT10_F12_of_F13_R1-TMT126	proteomic profiling by mass spectrometry	1	220711_UM171_RCOR1_HL60_TMT10_F12_of_F13_R1.raw	v1.1.0	NT=ms-proteomics;VV=v1.1.0	NT=human;VV=v1.1.0	NT=cell-lines;VV=v1.1.0	NT=clinical-metadata;VV=v1.0.0	manual curation	NT=Data-dependent acquisition;AC=PRIDE:0000627	NT=Orbitrap Exploris 480;AC=MS:1003028	NT=Trypsin;AC=MS:1001251	TMT126	12	NT=higher energy beam-type collision-induced dissociation;AC=MS:1000422	NT=Carbamidomethyl;AC=UNIMOD:4;TA=C;MT=Fixed	NT=TMT6plex;AC=UNIMOD:737;TA=K;MT=Fixed	NT=TMT6plex;AC=UNIMOD:737;PP=Any N-term;MT=Fixed	NT=Oxidation;AC=UNIMOD:35;TA=M;MT=Variable	NT=Acetyl;AC=UNIMOD:1;PP=Protein N-term;MT=Variable	DMSO vehicle
HL60-DMSO vehicle-1	Homo sapiens	blood	myeloid cell	1	acute myeloid leukemia	cell line	DMSO vehicle	36Y	female	HL60	HL-60	CVCL_0002	HL-60	dimethyl sulfoxide	not available	3 hour	220711_UM171_RCOR1_HL60_TMT10_F13_of_F13_R1-TMT126	proteomic profiling by mass spectrometry	1	220711_UM171_RCOR1_HL60_TMT10_F13_of_F13_R1.raw	v1.1.0	NT=ms-proteomics;VV=v1.1.0	NT=human;VV=v1.1.0	NT=cell-lines;VV=v1.1.0	NT=clinical-metadata;VV=v1.0.0	manual curation	NT=Data-dependent acquisition;AC=PRIDE:0000627	NT=Orbitrap Exploris 480;AC=MS:1003028	NT=Trypsin;AC=MS:1001251	TMT126	13	NT=higher energy beam-type collision-induced dissociation;AC=MS:1000422	NT=Carbamidomethyl;AC=UNIMOD:4;TA=C;MT=Fixed	NT=TMT6plex;AC=UNIMOD:737;TA=K;MT=Fixed	NT=TMT6plex;AC=UNIMOD:737;PP=Any N-term;MT=Fixed	NT=Oxidation;AC=UNIMOD:35;TA=M;MT=Variable	NT=Acetyl;AC=UNIMOD:1;PP=Protein N-term;MT=Variable	DMSO vehicle
HL60-DMSO vehicle-2	Homo sapiens	blood	myeloid cell	2	acute myeloid leukemia	cell line	DMSO vehicle	36Y	female	HL60	HL-60	CVCL_0002	HL-60	dimethyl sulfoxide	not available	3 hour	220711_UM171_RCOR1_HL60_TMT10_F01_of_F13_R1-TMT127N	proteomic profiling by mass spectrometry	1	220711_UM171_RCOR1_HL60_TMT10_F01_of_F13_R1.raw	v1.1.0	NT=ms-proteomics;VV=v1.1.0	NT=human;VV=v1.1.0	NT=cell-lines;VV=v1.1.0	NT=clinical-metadata;VV=v1.0.0	manual curation	NT=Data-dependent acquisition;AC=PRIDE:0000627	NT=Orbitrap Exploris 480;AC=MS:1003028	NT=Trypsin;AC=MS:1001251	TMT127N	1	NT=higher energy beam-type collision-induced dissociation;AC=MS:1000422	NT=Carbamidomethyl;AC=UNIMOD:4;TA=C;MT=Fixed	NT=TMT6plex;AC=UNIMOD:737;TA=K;MT=Fixed	NT=TMT6plex;AC=UNIMOD:737;PP=Any N-term;MT=Fixed	NT=Oxidation;AC=UNIMOD:35;TA=M;MT=Variable	NT=Acetyl;AC=UNIMOD:1;PP=Protein N-term;MT=Variable	DMSO vehicle
HL60-DMSO vehicle-2	Homo sapiens	blood	myeloid cell	2	acute myeloid leukemia	cell line	DMSO vehicle	36Y	female	HL60	HL-60	CVCL_0002	HL-60	dimethyl sulfoxide	not available	3 hour	220711_UM171_RCOR1_HL60_TMT10_F02_of_F13_R1-TMT127N	proteomic profiling by mass spectrometry	1	220711_UM171_RCOR1_HL60_TMT10_F02_of_F13_R1.raw	v1.1.0	NT=ms-proteomics;VV=v1.1.0	NT=human;VV=v1.1.0	NT=cell-lines;VV=v1.1.0	NT=clinical-metadata;VV=v1.0.0	manual curation	NT=Data-dependent acquisition;AC=PRIDE:0000627	NT=Orbitrap Exploris 480;AC=MS:1003028	NT=Trypsin;AC=MS:1001251	TMT127N	2	NT=higher energy beam-type collision-induced dissociation;AC=MS:1000422	NT=Carbamidomethyl;AC=UNIMOD:4;TA=C;MT=Fixed	NT=TMT6plex;AC=UNIMOD:737;TA=K;MT=Fixed	NT=TMT6plex;AC=UNIMOD:737;PP=Any N-term;MT=Fixed	NT=Oxidation;AC=UNIMOD:35;TA=M;MT=Variable	NT=Acetyl;AC=UNIMOD:1;PP=Protein N-term;MT=Variable	DMSO vehicle
HL60-DMSO vehicle-2	Homo sapiens	blood	myeloid cell	2	acute myeloid leukemia	cell line	DMSO vehicle	36Y	female	HL60	HL-60	CVCL_0002	HL-60	dimethyl sulfoxide	not available	3 hour	220711_UM171_RCOR1_HL60_TMT10_F03_of_F13_R1-TMT127N	proteomic profiling by mass spectrometry	1	220711_UM171_RCOR1_HL60_TMT10_F03_of_F13_R1.raw	v1.1.0	NT=ms-proteomics;VV=v1.1.0	NT=human;VV=v1.1.0	NT=cell-lines;VV=v1.1.0	NT=clinical-metadata;VV=v1.0.0	manual curation	NT=Data-dependent acquisition;AC=PRIDE:0000627	NT=Orbitrap Exploris 480;AC=MS:1003028	NT=Trypsin;AC=MS:1001251	TMT127N	3	NT=higher energy beam-type collision-induced dissociation;AC=MS:1000422	NT=Carbamidomethyl;AC=UNIMOD:4;TA=C;MT=Fixed	NT=TMT6plex;AC=UNIMOD:737;TA=K;MT=Fixed	NT=TMT6plex;AC=UNIMOD:737;PP=Any N-term;MT=Fixed	NT=Oxidation;AC=UNIMOD:35;TA=M;MT=Variable	NT=Acetyl;AC=UNIMOD:1;PP=Protein N-term;MT=Variable	DMSO vehicle
HL60-DMSO vehicle-2	Homo sapiens	blood	myeloid cell	2	acute myeloid leukemia	cell line	DMSO vehicle	36Y	female	HL60	HL-60	CVCL_0002	HL-60	dimethyl sulfoxide	not available	3 hour	220711_UM171_RCOR1_HL60_TMT10_F04_of_F13_R1-TMT127N	proteomic profiling by mass spectrometry	1	220711_UM171_RCOR1_HL60_TMT10_F04_of_F13_R1.raw	v1.1.0	NT=ms-proteomics;VV=v1.1.0	NT=human;VV=v1.1.0	NT=cell-lines;VV=v1.1.0	NT=clinical-metadata;VV=v1.0.0	manual curation	NT=Data-dependent acquisition;AC=PRIDE:0000627	NT=Orbitrap Exploris 480;AC=MS:1003028	NT=Trypsin;AC=MS:1001251	TMT127N	4	NT=higher energy beam-type collision-induced dissociation;AC=MS:1000422	NT=Carbamidomethyl;AC=UNIMOD:4;TA=C;MT=Fixed	NT=TMT6plex;AC=UNIMOD:737;TA=K;MT=Fixed	NT=TMT6plex;AC=UNIMOD:737;PP=Any N-term;MT=Fixed	NT=Oxidation;AC=UNIMOD:35;TA=M;MT=Variable	NT=Acetyl;AC=UNIMOD:1;PP=Protein N-term;MT=Variable	DMSO vehicle
HL60-DMSO vehicle-2	Homo sapiens	blood	myeloid cell	2	acute myeloid leukemia	cell line	DMSO vehicle	36Y	female	HL60	HL-60	CVCL_0002	HL-60	dimethyl sulfoxide	not available	3 hour	220711_UM171_RCOR1_HL60_TMT10_F05_of_F13_R1-TMT127N	proteomic profiling by mass spectrometry	1	220711_UM171_RCOR1_HL60_TMT10_F05_of_F13_R1.raw	v1.1.0	NT=ms-proteomics;VV=v1.1.0	NT=human;VV=v1.1.0	NT=cell-lines;VV=v1.1.0	NT=clinical-metadata;VV=v1.0.0	manual curation	NT=Data-dependent acquisition;AC=PRIDE:0000627	NT=Orbitrap Exploris 480;AC=MS:1003028	NT=Trypsin;AC=MS:1001251	TMT127N	5	NT=higher energy beam-type collision-induced dissociation;AC=MS:1000422	NT=Carbamidomethyl;AC=UNIMOD:4;TA=C;MT=Fixed	NT=TMT6plex;AC=UNIMOD:737;TA=K;MT=Fixed	NT=TMT6plex;AC=UNIMOD:737;PP=Any N-term;MT=Fixed	NT=Oxidation;AC=UNIMOD:35;TA=M;MT=Variable	NT=Acetyl;AC=UNIMOD:1;PP=Protein N-term;MT=Variable	DMSO vehicle
HL60-DMSO vehicle-2	Homo sapiens	blood	myeloid cell	2	acute myeloid leukemia	cell line	DMSO vehicle	36Y	female	HL60	HL-60	CVCL_0002	HL-60	dimethyl sulfoxide	not available	3 hour	220711_UM171_RCOR1_HL60_TMT10_F06_of_F13_R1-TMT127N	proteomic profiling by mass spectrometry	1	220711_UM171_RCOR1_HL60_TMT10_F06_of_F13_R1.raw	v1.1.0	NT=ms-proteomics;VV=v1.1.0	NT=human;VV=v1.1.0	NT=cell-lines;VV=v1.1.0	NT=clinical-metadata;VV=v1.0.0	manual curation	NT=Data-dependent acquisition;AC=PRIDE:0000627	NT=Orbitrap Exploris 480;AC=MS:1003028	NT=Trypsin;AC=MS:1001251	TMT127N	6	NT=higher energy beam-type collision-induced dissociation;AC=MS:1000422	NT=Carbamidomethyl;AC=UNIMOD:4;TA=C;MT=Fixed	NT=TMT6plex;AC=UNIMOD:737;TA=K;MT=Fixed	NT=TMT6plex;AC=UNIMOD:737;PP=Any N-term;MT=Fixed	NT=Oxidation;AC=UNIMOD:35;TA=M;MT=Variable	NT=Acetyl;AC=UNIMOD:1;PP=Protein N-term;MT=Variable	DMSO vehicle
HL60-DMSO vehicle-2	Homo sapiens	blood	myeloid cell	2	acute myeloid leukemia	cell line	DMSO vehicle	36Y	female	HL60	HL-60	CVCL_0002	HL-60	dimethyl sulfoxide	not available	3 hour	220711_UM171_RCOR1_HL60_TMT10_F07_of_F13_R1-TMT127N	proteomic profiling by mass spectrometry	1	220711_UM171_RCOR1_HL60_TMT10_F07_of_F13_R1.raw	v1.1.0	NT=ms-proteomics;VV=v1.1.0	NT=human;VV=v1.1.0	NT=cell-lines;VV=v1.1.0	NT=clinical-metadata;VV=v1.0.0	manual curation	NT=Data-dependent acquisition;AC=PRIDE:0000627	NT=Orbitrap Exploris 480;AC=MS:1003028	NT=Trypsin;AC=MS:1001251	TMT127N	7	NT=higher energy beam-type collision-induced dissociation;AC=MS:1000422	NT=Carbamidomethyl;AC=UNIMOD:4;TA=C;MT=Fixed	NT=TMT6plex;AC=UNIMOD:737;TA=K;MT=Fixed	NT=TMT6plex;AC=UNIMOD:737;PP=Any N-term;MT=Fixed	NT=Oxidation;AC=UNIMOD:35;TA=M;MT=Variable	NT=Acetyl;AC=UNIMOD:1;PP=Protein N-term;MT=Variable	DMSO vehicle
HL60-DMSO vehicle-2	Homo sapiens	blood	myeloid cell	2	acute myeloid leukemia	cell line	DMSO vehicle	36Y	female	HL60	HL-60	CVCL_0002	HL-60	dimethyl sulfoxide	not available	3 hour	220711_UM171_RCOR1_HL60_TMT10_F08_of_F13_R1-TMT127N	proteomic profiling by mass spectrometry	1	220711_UM171_RCOR1_HL60_TMT10_F08_of_F13_R1.raw	v1.1.0	NT=ms-proteomics;VV=v1.1.0	NT=human;VV=v1.1.0	NT=cell-lines;VV=v1.1.0	NT=clinical-metadata;VV=v1.0.0	manual curation	NT=Data-dependent acquisition;AC=PRIDE:0000627	NT=Orbitrap Exploris 480;AC=MS:1003028	NT=Trypsin;AC=MS:1001251	TMT127N	8	NT=higher energy beam-type collision-induced dissociation;AC=MS:1000422	NT=Carbamidomethyl;AC=UNIMOD:4;TA=C;MT=Fixed	NT=TMT6plex;AC=UNIMOD:737;TA=K;MT=Fixed	NT=TMT6plex;AC=UNIMOD:737;PP=Any N-term;MT=Fixed	NT=Oxidation;AC=UNIMOD:35;TA=M;MT=Variable	NT=Acetyl;AC=UNIMOD:1;PP=Protein N-term;MT=Variable	DMSO vehicle
HL60-DMSO vehicle-2	Homo sapiens	blood	myeloid cell	2	acute myeloid leukemia	cell line	DMSO vehicle	36Y	female	HL60	HL-60	CVCL_0002	HL-60	dimethyl sulfoxide	not available	3 hour	220711_UM171_RCOR1_HL60_TMT10_F09_of_F13_R1-TMT127N	proteomic profiling by mass spectrometry	1	220711_UM171_RCOR1_HL60_TMT10_F09_of_F13_R1.raw	v1.1.0	NT=ms-proteomics;VV=v1.1.0	NT=human;VV=v1.1.0	NT=cell-lines;VV=v1.1.0	NT=clinical-metadata;VV=v1.0.0	manual curation	NT=Data-dependent acquisition;AC=PRIDE:0000627	NT=Orbitrap Exploris 480;AC=MS:1003028	NT=Trypsin;AC=MS:1001251	TMT127N	9	NT=higher energy beam-type collision-induced dissociation;AC=MS:1000422	NT=Carbamidomethyl;AC=UNIMOD:4;TA=C;MT=Fixed	NT=TMT6plex;AC=UNIMOD:737;TA=K;MT=Fixed	NT=TMT6plex;AC=UNIMOD:737;PP=Any N-term;MT=Fixed	NT=Oxidation;AC=UNIMOD:35;TA=M;MT=Variable	NT=Acetyl;AC=UNIMOD:1;PP=Protein N-term;MT=Variable	DMSO vehicle
HL60-DMSO vehicle-2	Homo sapiens	blood	myeloid cell	2	acute myeloid leukemia	cell line	DMSO vehicle	36Y	female	HL60	HL-60	CVCL_0002	HL-60	dimethyl sulfoxide	not available	3 hour	220711_UM171_RCOR1_HL60_TMT10_F10_of_F13_R1-TMT127N	proteomic profiling by mass spectrometry	1	220711_UM171_RCOR1_HL60_TMT10_F10_of_F13_R1.raw	v1.1.0	NT=ms-proteomics;VV=v1.1.0	NT=human;VV=v1.1.0	NT=cell-lines;VV=v1.1.0	NT=clinical-metadata;VV=v1.0.0	manual curation	NT=Data-dependent acquisition;AC=PRIDE:0000627	NT=Orbitrap Exploris 480;AC=MS:1003028	NT=Trypsin;AC=MS:1001251	TMT127N	10	NT=higher energy beam-type collision-induced dissociation;AC=MS:1000422	NT=Carbamidomethyl;AC=UNIMOD:4;TA=C;MT=Fixed	NT=TMT6plex;AC=UNIMOD:737;TA=K;MT=Fixed	NT=TMT6plex;AC=UNIMOD:737;PP=Any N-term;MT=Fixed	NT=Oxidation;AC=UNIMOD:35;TA=M;MT=Variable	NT=Acetyl;AC=UNIMOD:1;PP=Protein N-term;MT=Variable	DMSO vehicle
HL60-DMSO vehicle-2	Homo sapiens	blood	myeloid cell	2	acute myeloid leukemia	cell line	DMSO vehicle	36Y	female	HL60	HL-60	CVCL_0002	HL-60	dimethyl sulfoxide	not available	3 hour	220711_UM171_RCOR1_HL60_TMT10_F11_of_F13_R1-TMT127N	proteomic profiling by mass spectrometry	1	220711_UM171_RCOR1_HL60_TMT10_F11_of_F13_R1.raw	v1.1.0	NT=ms-proteomics;VV=v1.1.0	NT=human;VV=v1.1.0	NT=cell-lines;VV=v1.1.0	NT=clinical-metadata;VV=v1.0.0	manual curation	NT=Data-dependent acquisition;AC=PRIDE:0000627	NT=Orbitrap Exploris 480;AC=MS:1003028	NT=Trypsin;AC=MS:1001251	TMT127N	11	NT=higher energy beam-type collision-induced dissociation;AC=MS:1000422	NT=Carbamidomethyl;AC=UNIMOD:4;TA=C;MT=Fixed	NT=TMT6plex;AC=UNIMOD:737;TA=K;MT=Fixed	NT=TMT6plex;AC=UNIMOD:737;PP=Any N-term;MT=Fixed	NT=Oxidation;AC=UNIMOD:35;TA=M;MT=Variable	NT=Acetyl;AC=UNIMOD:1;PP=Protein N-term;MT=Variable	DMSO vehicle
HL60-DMSO vehicle-2	Homo sapiens	blood	myeloid cell	2	acute myeloid leukemia	cell line	DMSO vehicle	36Y	female	HL60	HL-60	CVCL_0002	HL-60	dimethyl sulfoxide	not available	3 hour	220711_UM171_RCOR1_HL60_TMT10_F12_of_F13_R1-TMT127N	proteomic profiling by mass spectrometry	1	220711_UM171_RCOR1_HL60_TMT10_F12_of_F13_R1.raw	v1.1.0	NT=ms-proteomics;VV=v1.1.0	NT=human;VV=v1.1.0	NT=cell-lines;VV=v1.1.0	NT=clinical-metadata;VV=v1.0.0	manual curation	NT=Data-dependent acquisition;AC=PRIDE:0000627	NT=Orbitrap Exploris 480;AC=MS:1003028	NT=Trypsin;AC=MS:1001251	TMT127N	12	NT=higher energy beam-type collision-induced dissociation;AC=MS:1000422	NT=Carbamidomethyl;AC=UNIMOD:4;TA=C;MT=Fixed	NT=TMT6plex;AC=UNIMOD:737;TA=K;MT=Fixed	NT=TMT6plex;AC=UNIMOD:737;PP=Any N-term;MT=Fixed	NT=Oxidation;AC=UNIMOD:35;TA=M;MT=Variable	NT=Acetyl;AC=UNIMOD:1;PP=Protein N-term;MT=Variable	DMSO vehicle
HL60-DMSO vehicle-2	Homo sapiens	blood	myeloid cell	2	acute myeloid leukemia	cell line	DMSO vehicle	36Y	female	HL60	HL-60	CVCL_0002	HL-60	dimethyl sulfoxide	not available	3 hour	220711_UM171_RCOR1_HL60_TMT10_F13_of_F13_R1-TMT127N	proteomic profiling by mass spectrometry	1	220711_UM171_RCOR1_HL60_TMT10_F13_of_F13_R1.raw	v1.1.0	NT=ms-proteomics;VV=v1.1.0	NT=human;VV=v1.1.0	NT=cell-lines;VV=v1.1.0	NT=clinical-metadata;VV=v1.0.0	manual curation	NT=Data-dependent acquisition;AC=PRIDE:0000627	NT=Orbitrap Exploris 480;AC=MS:1003028	NT=Trypsin;AC=MS:1001251	TMT127N	13	NT=higher energy beam-type collision-induced dissociation;AC=MS:1000422	NT=Carbamidomethyl;AC=UNIMOD:4;TA=C;MT=Fixed	NT=TMT6plex;AC=UNIMOD:737;TA=K;MT=Fixed	NT=TMT6plex;AC=UNIMOD:737;PP=Any N-term;MT=Fixed	NT=Oxidation;AC=UNIMOD:35;TA=M;MT=Variable	NT=Acetyl;AC=UNIMOD:1;PP=Protein N-term;MT=Variable	DMSO vehicle
HL60-DMSO vehicle-3	Homo sapiens	blood	myeloid cell	3	acute myeloid leukemia	cell line	DMSO vehicle	36Y	female	HL60	HL-60	CVCL_0002	HL-60	dimethyl sulfoxide	not available	3 hour	220711_UM171_RCOR1_HL60_TMT10_F01_of_F13_R1-TMT127C	proteomic profiling by mass spectrometry	1	220711_UM171_RCOR1_HL60_TMT10_F01_of_F13_R1.raw	v1.1.0	NT=ms-proteomics;VV=v1.1.0	NT=human;VV=v1.1.0	NT=cell-lines;VV=v1.1.0	NT=clinical-metadata;VV=v1.0.0	manual curation	NT=Data-dependent acquisition;AC=PRIDE:0000627	NT=Orbitrap Exploris 480;AC=MS:1003028	NT=Trypsin;AC=MS:1001251	TMT127C	1	NT=higher energy beam-type collision-induced dissociation;AC=MS:1000422	NT=Carbamidomethyl;AC=UNIMOD:4;TA=C;MT=Fixed	NT=TMT6plex;AC=UNIMOD:737;TA=K;MT=Fixed	NT=TMT6plex;AC=UNIMOD:737;PP=Any N-term;MT=Fixed	NT=Oxidation;AC=UNIMOD:35;TA=M;MT=Variable	NT=Acetyl;AC=UNIMOD:1;PP=Protein N-term;MT=Variable	DMSO vehicle
HL60-DMSO vehicle-3	Homo sapiens	blood	myeloid cell	3	acute myeloid leukemia	cell line	DMSO vehicle	36Y	female	HL60	HL-60	CVCL_0002	HL-60	dimethyl sulfoxide	not available	3 hour	220711_UM171_RCOR1_HL60_TMT10_F02_of_F13_R1-TMT127C	proteomic profiling by mass spectrometry	1	220711_UM171_RCOR1_HL60_TMT10_F02_of_F13_R1.raw	v1.1.0	NT=ms-proteomics;VV=v1.1.0	NT=human;VV=v1.1.0	NT=cell-lines;VV=v1.1.0	NT=clinical-metadata;VV=v1.0.0	manual curation	NT=Data-dependent acquisition;AC=PRIDE:0000627	NT=Orbitrap Exploris 480;AC=MS:1003028	NT=Trypsin;AC=MS:1001251	TMT127C	2	NT=higher energy beam-type collision-induced dissociation;AC=MS:1000422	NT=Carbamidomethyl;AC=UNIMOD:4;TA=C;MT=Fixed	NT=TMT6plex;AC=UNIMOD:737;TA=K;MT=Fixed	NT=TMT6plex;AC=UNIMOD:737;PP=Any N-term;MT=Fixed	NT=Oxidation;AC=UNIMOD:35;TA=M;MT=Variable	NT=Acetyl;AC=UNIMOD:1;PP=Protein N-term;MT=Variable	DMSO vehicle
HL60-DMSO vehicle-3	Homo sapiens	blood	myeloid cell	3	acute myeloid leukemia	cell line	DMSO vehicle	36Y	female	HL60	HL-60	CVCL_0002	HL-60	dimethyl sulfoxide	not available	3 hour	220711_UM171_RCOR1_HL60_TMT10_F03_of_F13_R1-TMT127C	proteomic profiling by mass spectrometry	1	220711_UM171_RCOR1_HL60_TMT10_F03_of_F13_R1.raw	v1.1.0	NT=ms-proteomics;VV=v1.1.0	NT=human;VV=v1.1.0	NT=cell-lines;VV=v1.1.0	NT=clinical-metadata;VV=v1.0.0	manual curation	NT=Data-dependent acquisition;AC=PRIDE:0000627	NT=Orbitrap Exploris 480;AC=MS:1003028	NT=Trypsin;AC=MS:1001251	TMT127C	3	NT=higher energy beam-type collision-induced dissociation;AC=MS:1000422	NT=Carbamidomethyl;AC=UNIMOD:4;TA=C;MT=Fixed	NT=TMT6plex;AC=UNIMOD:737;TA=K;MT=Fixed	NT=TMT6plex;AC=UNIMOD:737;PP=Any N-term;MT=Fixed	NT=Oxidation;AC=UNIMOD:35;TA=M;MT=Variable	NT=Acetyl;AC=UNIMOD:1;PP=Protein N-term;MT=Variable	DMSO vehicle
HL60-DMSO vehicle-3	Homo sapiens	blood	myeloid cell	3	acute myeloid leukemia	cell line	DMSO vehicle	36Y	female	HL60	HL-60	CVCL_0002	HL-60	dimethyl sulfoxide	not available	3 hour	220711_UM171_RCOR1_HL60_TMT10_F04_of_F13_R1-TMT127C	proteomic profiling by mass spectrometry	1	220711_UM171_RCOR1_HL60_TMT10_F04_of_F13_R1.raw	v1.1.0	NT=ms-proteomics;VV=v1.1.0	NT=human;VV=v1.1.0	NT=cell-lines;VV=v1.1.0	NT=clinical-metadata;VV=v1.0.0	manual curation	NT=Data-dependent acquisition;AC=PRIDE:0000627	NT=Orbitrap Exploris 480;AC=MS:1003028	NT=Trypsin;AC=MS:1001251	TMT127C	4	NT=higher energy beam-type collision-induced dissociation;AC=MS:1000422	NT=Carbamidomethyl;AC=UNIMOD:4;TA=C;MT=Fixed	NT=TMT6plex;AC=UNIMOD:737;TA=K;MT=Fixed	NT=TMT6plex;AC=UNIMOD:737;PP=Any N-term;MT=Fixed	NT=Oxidation;AC=UNIMOD:35;TA=M;MT=Variable	NT=Acetyl;AC=UNIMOD:1;PP=Protein N-term;MT=Variable	DMSO vehicle
HL60-DMSO vehicle-3	Homo sapiens	blood	myeloid cell	3	acute myeloid leukemia	cell line	DMSO vehicle	36Y	female	HL60	HL-60	CVCL_0002	HL-60	dimethyl sulfoxide	not available	3 hour	220711_UM171_RCOR1_HL60_TMT10_F05_of_F13_R1-TMT127C	proteomic profiling by mass spectrometry	1	220711_UM171_RCOR1_HL60_TMT10_F05_of_F13_R1.raw	v1.1.0	NT=ms-proteomics;VV=v1.1.0	NT=human;VV=v1.1.0	NT=cell-lines;VV=v1.1.0	NT=clinical-metadata;VV=v1.0.0	manual curation	NT=Data-dependent acquisition;AC=PRIDE:0000627	NT=Orbitrap Exploris 480;AC=MS:1003028	NT=Trypsin;AC=MS:1001251	TMT127C	5	NT=higher energy beam-type collision-induced dissociation;AC=MS:1000422	NT=Carbamidomethyl;AC=UNIMOD:4;TA=C;MT=Fixed	NT=TMT6plex;AC=UNIMOD:737;TA=K;MT=Fixed	NT=TMT6plex;AC=UNIMOD:737;PP=Any N-term;MT=Fixed	NT=Oxidation;AC=UNIMOD:35;TA=M;MT=Variable	NT=Acetyl;AC=UNIMOD:1;PP=Protein N-term;MT=Variable	DMSO vehicle
HL60-DMSO vehicle-3	Homo sapiens	blood	myeloid cell	3	acute myeloid leukemia	cell line	DMSO vehicle	36Y	female	HL60	HL-60	CVCL_0002	HL-60	dimethyl sulfoxide	not available	3 hour	220711_UM171_RCOR1_HL60_TMT10_F06_of_F13_R1-TMT127C	proteomic profiling by mass spectrometry	1	220711_UM171_RCOR1_HL60_TMT10_F06_of_F13_R1.raw	v1.1.0	NT=ms-proteomics;VV=v1.1.0	NT=human;VV=v1.1.0	NT=cell-lines;VV=v1.1.0	NT=clinical-metadata;VV=v1.0.0	manual curation	NT=Data-dependent acquisition;AC=PRIDE:0000627	NT=Orbitrap Exploris 480;AC=MS:1003028	NT=Trypsin;AC=MS:1001251	TMT127C	6	NT=higher energy beam-type collision-induced dissociation;AC=MS:1000422	NT=Carbamidomethyl;AC=UNIMOD:4;TA=C;MT=Fixed	NT=TMT6plex;AC=UNIMOD:737;TA=K;MT=Fixed	NT=TMT6plex;AC=UNIMOD:737;PP=Any N-term;MT=Fixed	NT=Oxidation;AC=UNIMOD:35;TA=M;MT=Variable	NT=Acetyl;AC=UNIMOD:1;PP=Protein N-term;MT=Variable	DMSO vehicle
HL60-DMSO vehicle-3	Homo sapiens	blood	myeloid cell	3	acute myeloid leukemia	cell line	DMSO vehicle	36Y	female	HL60	HL-60	CVCL_0002	HL-60	dimethyl sulfoxide	not available	3 hour	220711_UM171_RCOR1_HL60_TMT10_F07_of_F13_R1-TMT127C	proteomic profiling by mass spectrometry	1	220711_UM171_RCOR1_HL60_TMT10_F07_of_F13_R1.raw	v1.1.0	NT=ms-proteomics;VV=v1.1.0	NT=human;VV=v1.1.0	NT=cell-lines;VV=v1.1.0	NT=clinical-metadata;VV=v1.0.0	manual curation	NT=Data-dependent acquisition;AC=PRIDE:0000627	NT=Orbitrap Exploris 480;AC=MS:1003028	NT=Trypsin;AC=MS:1001251	TMT127C	7	NT=higher energy beam-type collision-induced dissociation;AC=MS:1000422	NT=Carbamidomethyl;AC=UNIMOD:4;TA=C;MT=Fixed	NT=TMT6plex;AC=UNIMOD:737;TA=K;MT=Fixed	NT=TMT6plex;AC=UNIMOD:737;PP=Any N-term;MT=Fixed	NT=Oxidation;AC=UNIMOD:35;TA=M;MT=Variable	NT=Acetyl;AC=UNIMOD:1;PP=Protein N-term;MT=Variable	DMSO vehicle
HL60-DMSO vehicle-3	Homo sapiens	blood	myeloid cell	3	acute myeloid leukemia	cell line	DMSO vehicle	36Y	female	HL60	HL-60	CVCL_0002	HL-60	dimethyl sulfoxide	not available	3 hour	220711_UM171_RCOR1_HL60_TMT10_F08_of_F13_R1-TMT127C	proteomic profiling by mass spectrometry	1	220711_UM171_RCOR1_HL60_TMT10_F08_of_F13_R1.raw	v1.1.0	NT=ms-proteomics;VV=v1.1.0	NT=human;VV=v1.1.0	NT=cell-lines;VV=v1.1.0	NT=clinical-metadata;VV=v1.0.0	manual curation	NT=Data-dependent acquisition;AC=PRIDE:0000627	NT=Orbitrap Exploris 480;AC=MS:1003028	NT=Trypsin;AC=MS:1001251	TMT127C	8	NT=higher energy beam-type collision-induced dissociation;AC=MS:1000422	NT=Carbamidomethyl;AC=UNIMOD:4;TA=C;MT=Fixed	NT=TMT6plex;AC=UNIMOD:737;TA=K;MT=Fixed	NT=TMT6plex;AC=UNIMOD:737;PP=Any N-term;MT=Fixed	NT=Oxidation;AC=UNIMOD:35;TA=M;MT=Variable	NT=Acetyl;AC=UNIMOD:1;PP=Protein N-term;MT=Variable	DMSO vehicle
HL60-DMSO vehicle-3	Homo sapiens	blood	myeloid cell	3	acute myeloid leukemia	cell line	DMSO vehicle	36Y	female	HL60	HL-60	CVCL_0002	HL-60	dimethyl sulfoxide	not available	3 hour	220711_UM171_RCOR1_HL60_TMT10_F09_of_F13_R1-TMT127C	proteomic profiling by mass spectrometry	1	220711_UM171_RCOR1_HL60_TMT10_F09_of_F13_R1.raw	v1.1.0	NT=ms-proteomics;VV=v1.1.0	NT=human;VV=v1.1.0	NT=cell-lines;VV=v1.1.0	NT=clinical-metadata;VV=v1.0.0	manual curation	NT=Data-dependent acquisition;AC=PRIDE:0000627	NT=Orbitrap Exploris 480;AC=MS:1003028	NT=Trypsin;AC=MS:1001251	TMT127C	9	NT=higher energy beam-type collision-induced dissociation;AC=MS:1000422	NT=Carbamidomethyl;AC=UNIMOD:4;TA=C;MT=Fixed	NT=TMT6plex;AC=UNIMOD:737;TA=K;MT=Fixed	NT=TMT6plex;AC=UNIMOD:737;PP=Any N-term;MT=Fixed	NT=Oxidation;AC=UNIMOD:35;TA=M;MT=Variable	NT=Acetyl;AC=UNIMOD:1;PP=Protein N-term;MT=Variable	DMSO vehicle
HL60-DMSO vehicle-3	Homo sapiens	blood	myeloid cell	3	acute myeloid leukemia	cell line	DMSO vehicle	36Y	female	HL60	HL-60	CVCL_0002	HL-60	dimethyl sulfoxide	not available	3 hour	220711_UM171_RCOR1_HL60_TMT10_F10_of_F13_R1-TMT127C	proteomic profiling by mass spectrometry	1	220711_UM171_RCOR1_HL60_TMT10_F10_of_F13_R1.raw	v1.1.0	NT=ms-proteomics;VV=v1.1.0	NT=human;VV=v1.1.0	NT=cell-lines;VV=v1.1.0	NT=clinical-metadata;VV=v1.0.0	manual curation	NT=Data-dependent acquisition;AC=PRIDE:0000627	NT=Orbitrap Exploris 480;AC=MS:1003028	NT=Trypsin;AC=MS:1001251	TMT127C	10	NT=higher energy beam-type collision-induced dissociation;AC=MS:1000422	NT=Carbamidomethyl;AC=UNIMOD:4;TA=C;MT=Fixed	NT=TMT6plex;AC=UNIMOD:737;TA=K;MT=Fixed	NT=TMT6plex;AC=UNIMOD:737;PP=Any N-term;MT=Fixed	NT=Oxidation;AC=UNIMOD:35;TA=M;MT=Variable	NT=Acetyl;AC=UNIMOD:1;PP=Protein N-term;MT=Variable	DMSO vehicle
HL60-DMSO vehicle-3	Homo sapiens	blood	myeloid cell	3	acute myeloid leukemia	cell line	DMSO vehicle	36Y	female	HL60	HL-60	CVCL_0002	HL-60	dimethyl sulfoxide	not available	3 hour	220711_UM171_RCOR1_HL60_TMT10_F11_of_F13_R1-TMT127C	proteomic profiling by mass spectrometry	1	220711_UM171_RCOR1_HL60_TMT10_F11_of_F13_R1.raw	v1.1.0	NT=ms-proteomics;VV=v1.1.0	NT=human;VV=v1.1.0	NT=cell-lines;VV=v1.1.0	NT=clinical-metadata;VV=v1.0.0	manual curation	NT=Data-dependent acquisition;AC=PRIDE:0000627	NT=Orbitrap Exploris 480;AC=MS:1003028	NT=Trypsin;AC=MS:1001251	TMT127C	11	NT=higher energy beam-type collision-induced dissociation;AC=MS:1000422	NT=Carbamidomethyl;AC=UNIMOD:4;TA=C;MT=Fixed	NT=TMT6plex;AC=UNIMOD:737;TA=K;MT=Fixed	NT=TMT6plex;AC=UNIMOD:737;PP=Any N-term;MT=Fixed	NT=Oxidation;AC=UNIMOD:35;TA=M;MT=Variable	NT=Acetyl;AC=UNIMOD:1;PP=Protein N-term;MT=Variable	DMSO vehicle
HL60-DMSO vehicle-3	Homo sapiens	blood	myeloid cell	3	acute myeloid leukemia	cell line	DMSO vehicle	36Y	female	HL60	HL-60	CVCL_0002	HL-60	dimethyl sulfoxide	not available	3 hour	220711_UM171_RCOR1_HL60_TMT10_F12_of_F13_R1-TMT127C	proteomic profiling by mass spectrometry	1	220711_UM171_RCOR1_HL60_TMT10_F12_of_F13_R1.raw	v1.1.0	NT=ms-proteomics;VV=v1.1.0	NT=human;VV=v1.1.0	NT=cell-lines;VV=v1.1.0	NT=clinical-metadata;VV=v1.0.0	manual curation	NT=Data-dependent acquisition;AC=PRIDE:0000627	NT=Orbitrap Exploris 480;AC=MS:1003028	NT=Trypsin;AC=MS:1001251	TMT127C	12	NT=higher energy beam-type collision-induced dissociation;AC=MS:1000422	NT=Carbamidomethyl;AC=UNIMOD:4;TA=C;MT=Fixed	NT=TMT6plex;AC=UNIMOD:737;TA=K;MT=Fixed	NT=TMT6plex;AC=UNIMOD:737;PP=Any N-term;MT=Fixed	NT=Oxidation;AC=UNIMOD:35;TA=M;MT=Variable	NT=Acetyl;AC=UNIMOD:1;PP=Protein N-term;MT=Variable	DMSO vehicle
HL60-DMSO vehicle-3	Homo sapiens	blood	myeloid cell	3	acute myeloid leukemia	cell line	DMSO vehicle	36Y	female	HL60	HL-60	CVCL_0002	HL-60	dimethyl sulfoxide	not available	3 hour	220711_UM171_RCOR1_HL60_TMT10_F13_of_F13_R1-TMT127C	proteomic profiling by mass spectrometry	1	220711_UM171_RCOR1_HL60_TMT10_F13_of_F13_R1.raw	v1.1.0	NT=ms-proteomics;VV=v1.1.0	NT=human;VV=v1.1.0	NT=cell-lines;VV=v1.1.0	NT=clinical-metadata;VV=v1.0.0	manual curation	NT=Data-dependent acquisition;AC=PRIDE:0000627	NT=Orbitrap Exploris 480;AC=MS:1003028	NT=Trypsin;AC=MS:1001251	TMT127C	13	NT=higher energy beam-type collision-induced dissociation;AC=MS:1000422	NT=Carbamidomethyl;AC=UNIMOD:4;TA=C;MT=Fixed	NT=TMT6plex;AC=UNIMOD:737;TA=K;MT=Fixed	NT=TMT6plex;AC=UNIMOD:737;PP=Any N-term;MT=Fixed	NT=Oxidation;AC=UNIMOD:35;TA=M;MT=Variable	NT=Acetyl;AC=UNIMOD:1;PP=Protein N-term;MT=Variable	DMSO vehicle
HL60-DMSO vehicle-4	Homo sapiens	blood	myeloid cell	4	acute myeloid leukemia	cell line	DMSO vehicle	36Y	female	HL60	HL-60	CVCL_0002	HL-60	dimethyl sulfoxide	not available	3 hour	220711_UM171_RCOR1_HL60_TMT10_F01_of_F13_R1-TMT128N	proteomic profiling by mass spectrometry	1	220711_UM171_RCOR1_HL60_TMT10_F01_of_F13_R1.raw	v1.1.0	NT=ms-proteomics;VV=v1.1.0	NT=human;VV=v1.1.0	NT=cell-lines;VV=v1.1.0	NT=clinical-metadata;VV=v1.0.0	manual curation	NT=Data-dependent acquisition;AC=PRIDE:0000627	NT=Orbitrap Exploris 480;AC=MS:1003028	NT=Trypsin;AC=MS:1001251	TMT128N	1	NT=higher energy beam-type collision-induced dissociation;AC=MS:1000422	NT=Carbamidomethyl;AC=UNIMOD:4;TA=C;MT=Fixed	NT=TMT6plex;AC=UNIMOD:737;TA=K;MT=Fixed	NT=TMT6plex;AC=UNIMOD:737;PP=Any N-term;MT=Fixed	NT=Oxidation;AC=UNIMOD:35;TA=M;MT=Variable	NT=Acetyl;AC=UNIMOD:1;PP=Protein N-term;MT=Variable	DMSO vehicle
HL60-DMSO vehicle-4	Homo sapiens	blood	myeloid cell	4	acute myeloid leukemia	cell line	DMSO vehicle	36Y	female	HL60	HL-60	CVCL_0002	HL-60	dimethyl sulfoxide	not available	3 hour	220711_UM171_RCOR1_HL60_TMT10_F02_of_F13_R1-TMT128N	proteomic profiling by mass spectrometry	1	220711_UM171_RCOR1_HL60_TMT10_F02_of_F13_R1.raw	v1.1.0	NT=ms-proteomics;VV=v1.1.0	NT=human;VV=v1.1.0	NT=cell-lines;VV=v1.1.0	NT=clinical-metadata;VV=v1.0.0	manual curation	NT=Data-dependent acquisition;AC=PRIDE:0000627	NT=Orbitrap Exploris 480;AC=MS:1003028	NT=Trypsin;AC=MS:1001251	TMT128N	2	NT=higher energy beam-type collision-induced dissociation;AC=MS:1000422	NT=Carbamidomethyl;AC=UNIMOD:4;TA=C;MT=Fixed	NT=TMT6plex;AC=UNIMOD:737;TA=K;MT=Fixed	NT=TMT6plex;AC=UNIMOD:737;PP=Any N-term;MT=Fixed	NT=Oxidation;AC=UNIMOD:35;TA=M;MT=Variable	NT=Acetyl;AC=UNIMOD:1;PP=Protein N-term;MT=Variable	DMSO vehicle
HL60-DMSO vehicle-4	Homo sapiens	blood	myeloid cell	4	acute myeloid leukemia	cell line	DMSO vehicle	36Y	female	HL60	HL-60	CVCL_0002	HL-60	dimethyl sulfoxide	not available	3 hour	220711_UM171_RCOR1_HL60_TMT10_F03_of_F13_R1-TMT128N	proteomic profiling by mass spectrometry	1	220711_UM171_RCOR1_HL60_TMT10_F03_of_F13_R1.raw	v1.1.0	NT=ms-proteomics;VV=v1.1.0	NT=human;VV=v1.1.0	NT=cell-lines;VV=v1.1.0	NT=clinical-metadata;VV=v1.0.0	manual curation	NT=Data-dependent acquisition;AC=PRIDE:0000627	NT=Orbitrap Exploris 480;AC=MS:1003028	NT=Trypsin;AC=MS:1001251	TMT128N	3	NT=higher energy beam-type collision-induced dissociation;AC=MS:1000422	NT=Carbamidomethyl;AC=UNIMOD:4;TA=C;MT=Fixed	NT=TMT6plex;AC=UNIMOD:737;TA=K;MT=Fixed	NT=TMT6plex;AC=UNIMOD:737;PP=Any N-term;MT=Fixed	NT=Oxidation;AC=UNIMOD:35;TA=M;MT=Variable	NT=Acetyl;AC=UNIMOD:1;PP=Protein N-term;MT=Variable	DMSO vehicle
HL60-DMSO vehicle-4	Homo sapiens	blood	myeloid cell	4	acute myeloid leukemia	cell line	DMSO vehicle	36Y	female	HL60	HL-60	CVCL_0002	HL-60	dimethyl sulfoxide	not available	3 hour	220711_UM171_RCOR1_HL60_TMT10_F04_of_F13_R1-TMT128N	proteomic profiling by mass spectrometry	1	220711_UM171_RCOR1_HL60_TMT10_F04_of_F13_R1.raw	v1.1.0	NT=ms-proteomics;VV=v1.1.0	NT=human;VV=v1.1.0	NT=cell-lines;VV=v1.1.0	NT=clinical-metadata;VV=v1.0.0	manual curation	NT=Data-dependent acquisition;AC=PRIDE:0000627	NT=Orbitrap Exploris 480;AC=MS:1003028	NT=Trypsin;AC=MS:1001251	TMT128N	4	NT=higher energy beam-type collision-induced dissociation;AC=MS:1000422	NT=Carbamidomethyl;AC=UNIMOD:4;TA=C;MT=Fixed	NT=TMT6plex;AC=UNIMOD:737;TA=K;MT=Fixed	NT=TMT6plex;AC=UNIMOD:737;PP=Any N-term;MT=Fixed	NT=Oxidation;AC=UNIMOD:35;TA=M;MT=Variable	NT=Acetyl;AC=UNIMOD:1;PP=Protein N-term;MT=Variable	DMSO vehicle
HL60-DMSO vehicle-4	Homo sapiens	blood	myeloid cell	4	acute myeloid leukemia	cell line	DMSO vehicle	36Y	female	HL60	HL-60	CVCL_0002	HL-60	dimethyl sulfoxide	not available	3 hour	220711_UM171_RCOR1_HL60_TMT10_F05_of_F13_R1-TMT128N	proteomic profiling by mass spectrometry	1	220711_UM171_RCOR1_HL60_TMT10_F05_of_F13_R1.raw	v1.1.0	NT=ms-proteomics;VV=v1.1.0	NT=human;VV=v1.1.0	NT=cell-lines;VV=v1.1.0	NT=clinical-metadata;VV=v1.0.0	manual curation	NT=Data-dependent acquisition;AC=PRIDE:0000627	NT=Orbitrap Exploris 480;AC=MS:1003028	NT=Trypsin;AC=MS:1001251	TMT128N	5	NT=higher energy beam-type collision-induced dissociation;AC=MS:1000422	NT=Carbamidomethyl;AC=UNIMOD:4;TA=C;MT=Fixed	NT=TMT6plex;AC=UNIMOD:737;TA=K;MT=Fixed	NT=TMT6plex;AC=UNIMOD:737;PP=Any N-term;MT=Fixed	NT=Oxidation;AC=UNIMOD:35;TA=M;MT=Variable	NT=Acetyl;AC=UNIMOD:1;PP=Protein N-term;MT=Variable	DMSO vehicle
HL60-DMSO vehicle-4	Homo sapiens	blood	myeloid cell	4	acute myeloid leukemia	cell line	DMSO vehicle	36Y	female	HL60	HL-60	CVCL_0002	HL-60	dimethyl sulfoxide	not available	3 hour	220711_UM171_RCOR1_HL60_TMT10_F06_of_F13_R1-TMT128N	proteomic profiling by mass spectrometry	1	220711_UM171_RCOR1_HL60_TMT10_F06_of_F13_R1.raw	v1.1.0	NT=ms-proteomics;VV=v1.1.0	NT=human;VV=v1.1.0	NT=cell-lines;VV=v1.1.0	NT=clinical-metadata;VV=v1.0.0	manual curation	NT=Data-dependent acquisition;AC=PRIDE:0000627	NT=Orbitrap Exploris 480;AC=MS:1003028	NT=Trypsin;AC=MS:1001251	TMT128N	6	NT=higher energy beam-type collision-induced dissociation;AC=MS:1000422	NT=Carbamidomethyl;AC=UNIMOD:4;TA=C;MT=Fixed	NT=TMT6plex;AC=UNIMOD:737;TA=K;MT=Fixed	NT=TMT6plex;AC=UNIMOD:737;PP=Any N-term;MT=Fixed	NT=Oxidation;AC=UNIMOD:35;TA=M;MT=Variable	NT=Acetyl;AC=UNIMOD:1;PP=Protein N-term;MT=Variable	DMSO vehicle
HL60-DMSO vehicle-4	Homo sapiens	blood	myeloid cell	4	acute myeloid leukemia	cell line	DMSO vehicle	36Y	female	HL60	HL-60	CVCL_0002	HL-60	dimethyl sulfoxide	not available	3 hour	220711_UM171_RCOR1_HL60_TMT10_F07_of_F13_R1-TMT128N	proteomic profiling by mass spectrometry	1	220711_UM171_RCOR1_HL60_TMT10_F07_of_F13_R1.raw	v1.1.0	NT=ms-proteomics;VV=v1.1.0	NT=human;VV=v1.1.0	NT=cell-lines;VV=v1.1.0	NT=clinical-metadata;VV=v1.0.0	manual curation	NT=Data-dependent acquisition;AC=PRIDE:0000627	NT=Orbitrap Exploris 480;AC=MS:1003028	NT=Trypsin;AC=MS:1001251	TMT128N	7	NT=higher energy beam-type collision-induced dissociation;AC=MS:1000422	NT=Carbamidomethyl;AC=UNIMOD:4;TA=C;MT=Fixed	NT=TMT6plex;AC=UNIMOD:737;TA=K;MT=Fixed	NT=TMT6plex;AC=UNIMOD:737;PP=Any N-term;MT=Fixed	NT=Oxidation;AC=UNIMOD:35;TA=M;MT=Variable	NT=Acetyl;AC=UNIMOD:1;PP=Protein N-term;MT=Variable	DMSO vehicle
HL60-DMSO vehicle-4	Homo sapiens	blood	myeloid cell	4	acute myeloid leukemia	cell line	DMSO vehicle	36Y	female	HL60	HL-60	CVCL_0002	HL-60	dimethyl sulfoxide	not available	3 hour	220711_UM171_RCOR1_HL60_TMT10_F08_of_F13_R1-TMT128N	proteomic profiling by mass spectrometry	1	220711_UM171_RCOR1_HL60_TMT10_F08_of_F13_R1.raw	v1.1.0	NT=ms-proteomics;VV=v1.1.0	NT=human;VV=v1.1.0	NT=cell-lines;VV=v1.1.0	NT=clinical-metadata;VV=v1.0.0	manual curation	NT=Data-dependent acquisition;AC=PRIDE:0000627	NT=Orbitrap Exploris 480;AC=MS:1003028	NT=Trypsin;AC=MS:1001251	TMT128N	8	NT=higher energy beam-type collision-induced dissociation;AC=MS:1000422	NT=Carbamidomethyl;AC=UNIMOD:4;TA=C;MT=Fixed	NT=TMT6plex;AC=UNIMOD:737;TA=K;MT=Fixed	NT=TMT6plex;AC=UNIMOD:737;PP=Any N-term;MT=Fixed	NT=Oxidation;AC=UNIMOD:35;TA=M;MT=Variable	NT=Acetyl;AC=UNIMOD:1;PP=Protein N-term;MT=Variable	DMSO vehicle
HL60-DMSO vehicle-4	Homo sapiens	blood	myeloid cell	4	acute myeloid leukemia	cell line	DMSO vehicle	36Y	female	HL60	HL-60	CVCL_0002	HL-60	dimethyl sulfoxide	not available	3 hour	220711_UM171_RCOR1_HL60_TMT10_F09_of_F13_R1-TMT128N	proteomic profiling by mass spectrometry	1	220711_UM171_RCOR1_HL60_TMT10_F09_of_F13_R1.raw	v1.1.0	NT=ms-proteomics;VV=v1.1.0	NT=human;VV=v1.1.0	NT=cell-lines;VV=v1.1.0	NT=clinical-metadata;VV=v1.0.0	manual curation	NT=Data-dependent acquisition;AC=PRIDE:0000627	NT=Orbitrap Exploris 480;AC=MS:1003028	NT=Trypsin;AC=MS:1001251	TMT128N	9	NT=higher energy beam-type collision-induced dissociation;AC=MS:1000422	NT=Carbamidomethyl;AC=UNIMOD:4;TA=C;MT=Fixed	NT=TMT6plex;AC=UNIMOD:737;TA=K;MT=Fixed	NT=TMT6plex;AC=UNIMOD:737;PP=Any N-term;MT=Fixed	NT=Oxidation;AC=UNIMOD:35;TA=M;MT=Variable	NT=Acetyl;AC=UNIMOD:1;PP=Protein N-term;MT=Variable	DMSO vehicle
HL60-DMSO vehicle-4	Homo sapiens	blood	myeloid cell	4	acute myeloid leukemia	cell line	DMSO vehicle	36Y	female	HL60	HL-60	CVCL_0002	HL-60	dimethyl sulfoxide	not available	3 hour	220711_UM171_RCOR1_HL60_TMT10_F10_of_F13_R1-TMT128N	proteomic profiling by mass spectrometry	1	220711_UM171_RCOR1_HL60_TMT10_F10_of_F13_R1.raw	v1.1.0	NT=ms-proteomics;VV=v1.1.0	NT=human;VV=v1.1.0	NT=cell-lines;VV=v1.1.0	NT=clinical-metadata;VV=v1.0.0	manual curation	NT=Data-dependent acquisition;AC=PRIDE:0000627	NT=Orbitrap Exploris 480;AC=MS:1003028	NT=Trypsin;AC=MS:1001251	TMT128N	10	NT=higher energy beam-type collision-induced dissociation;AC=MS:1000422	NT=Carbamidomethyl;AC=UNIMOD:4;TA=C;MT=Fixed	NT=TMT6plex;AC=UNIMOD:737;TA=K;MT=Fixed	NT=TMT6plex;AC=UNIMOD:737;PP=Any N-term;MT=Fixed	NT=Oxidation;AC=UNIMOD:35;TA=M;MT=Variable	NT=Acetyl;AC=UNIMOD:1;PP=Protein N-term;MT=Variable	DMSO vehicle
HL60-DMSO vehicle-4	Homo sapiens	blood	myeloid cell	4	acute myeloid leukemia	cell line	DMSO vehicle	36Y	female	HL60	HL-60	CVCL_0002	HL-60	dimethyl sulfoxide	not available	3 hour	220711_UM171_RCOR1_HL60_TMT10_F11_of_F13_R1-TMT128N	proteomic profiling by mass spectrometry	1	220711_UM171_RCOR1_HL60_TMT10_F11_of_F13_R1.raw	v1.1.0	NT=ms-proteomics;VV=v1.1.0	NT=human;VV=v1.1.0	NT=cell-lines;VV=v1.1.0	NT=clinical-metadata;VV=v1.0.0	manual curation	NT=Data-dependent acquisition;AC=PRIDE:0000627	NT=Orbitrap Exploris 480;AC=MS:1003028	NT=Trypsin;AC=MS:1001251	TMT128N	11	NT=higher energy beam-type collision-induced dissociation;AC=MS:1000422	NT=Carbamidomethyl;AC=UNIMOD:4;TA=C;MT=Fixed	NT=TMT6plex;AC=UNIMOD:737;TA=K;MT=Fixed	NT=TMT6plex;AC=UNIMOD:737;PP=Any N-term;MT=Fixed	NT=Oxidation;AC=UNIMOD:35;TA=M;MT=Variable	NT=Acetyl;AC=UNIMOD:1;PP=Protein N-term;MT=Variable	DMSO vehicle
HL60-DMSO vehicle-4	Homo sapiens	blood	myeloid cell	4	acute myeloid leukemia	cell line	DMSO vehicle	36Y	female	HL60	HL-60	CVCL_0002	HL-60	dimethyl sulfoxide	not available	3 hour	220711_UM171_RCOR1_HL60_TMT10_F12_of_F13_R1-TMT128N	proteomic profiling by mass spectrometry	1	220711_UM171_RCOR1_HL60_TMT10_F12_of_F13_R1.raw	v1.1.0	NT=ms-proteomics;VV=v1.1.0	NT=human;VV=v1.1.0	NT=cell-lines;VV=v1.1.0	NT=clinical-metadata;VV=v1.0.0	manual curation	NT=Data-dependent acquisition;AC=PRIDE:0000627	NT=Orbitrap Exploris 480;AC=MS:1003028	NT=Trypsin;AC=MS:1001251	TMT128N	12	NT=higher energy beam-type collision-induced dissociation;AC=MS:1000422	NT=Carbamidomethyl;AC=UNIMOD:4;TA=C;MT=Fixed	NT=TMT6plex;AC=UNIMOD:737;TA=K;MT=Fixed	NT=TMT6plex;AC=UNIMOD:737;PP=Any N-term;MT=Fixed	NT=Oxidation;AC=UNIMOD:35;TA=M;MT=Variable	NT=Acetyl;AC=UNIMOD:1;PP=Protein N-term;MT=Variable	DMSO vehicle
HL60-DMSO vehicle-4	Homo sapiens	blood	myeloid cell	4	acute myeloid leukemia	cell line	DMSO vehicle	36Y	female	HL60	HL-60	CVCL_0002	HL-60	dimethyl sulfoxide	not available	3 hour	220711_UM171_RCOR1_HL60_TMT10_F13_of_F13_R1-TMT128N	proteomic profiling by mass spectrometry	1	220711_UM171_RCOR1_HL60_TMT10_F13_of_F13_R1.raw	v1.1.0	NT=ms-proteomics;VV=v1.1.0	NT=human;VV=v1.1.0	NT=cell-lines;VV=v1.1.0	NT=clinical-metadata;VV=v1.0.0	manual curation	NT=Data-dependent acquisition;AC=PRIDE:0000627	NT=Orbitrap Exploris 480;AC=MS:1003028	NT=Trypsin;AC=MS:1001251	TMT128N	13	NT=higher energy beam-type collision-induced dissociation;AC=MS:1000422	NT=Carbamidomethyl;AC=UNIMOD:4;TA=C;MT=Fixed	NT=TMT6plex;AC=UNIMOD:737;TA=K;MT=Fixed	NT=TMT6plex;AC=UNIMOD:737;PP=Any N-term;MT=Fixed	NT=Oxidation;AC=UNIMOD:35;TA=M;MT=Variable	NT=Acetyl;AC=UNIMOD:1;PP=Protein N-term;MT=Variable	DMSO vehicle
HL60-DMSO vehicle-5	Homo sapiens	blood	myeloid cell	5	acute myeloid leukemia	cell line	DMSO vehicle	36Y	female	HL60	HL-60	CVCL_0002	HL-60	dimethyl sulfoxide	not available	3 hour	220711_UM171_RCOR1_HL60_TMT10_F01_of_F13_R1-TMT128C	proteomic profiling by mass spectrometry	1	220711_UM171_RCOR1_HL60_TMT10_F01_of_F13_R1.raw	v1.1.0	NT=ms-proteomics;VV=v1.1.0	NT=human;VV=v1.1.0	NT=cell-lines;VV=v1.1.0	NT=clinical-metadata;VV=v1.0.0	manual curation	NT=Data-dependent acquisition;AC=PRIDE:0000627	NT=Orbitrap Exploris 480;AC=MS:1003028	NT=Trypsin;AC=MS:1001251	TMT128C	1	NT=higher energy beam-type collision-induced dissociation;AC=MS:1000422	NT=Carbamidomethyl;AC=UNIMOD:4;TA=C;MT=Fixed	NT=TMT6plex;AC=UNIMOD:737;TA=K;MT=Fixed	NT=TMT6plex;AC=UNIMOD:737;PP=Any N-term;MT=Fixed	NT=Oxidation;AC=UNIMOD:35;TA=M;MT=Variable	NT=Acetyl;AC=UNIMOD:1;PP=Protein N-term;MT=Variable	DMSO vehicle
HL60-DMSO vehicle-5	Homo sapiens	blood	myeloid cell	5	acute myeloid leukemia	cell line	DMSO vehicle	36Y	female	HL60	HL-60	CVCL_0002	HL-60	dimethyl sulfoxide	not available	3 hour	220711_UM171_RCOR1_HL60_TMT10_F02_of_F13_R1-TMT128C	proteomic profiling by mass spectrometry	1	220711_UM171_RCOR1_HL60_TMT10_F02_of_F13_R1.raw	v1.1.0	NT=ms-proteomics;VV=v1.1.0	NT=human;VV=v1.1.0	NT=cell-lines;VV=v1.1.0	NT=clinical-metadata;VV=v1.0.0	manual curation	NT=Data-dependent acquisition;AC=PRIDE:0000627	NT=Orbitrap Exploris 480;AC=MS:1003028	NT=Trypsin;AC=MS:1001251	TMT128C	2	NT=higher energy beam-type collision-induced dissociation;AC=MS:1000422	NT=Carbamidomethyl;AC=UNIMOD:4;TA=C;MT=Fixed	NT=TMT6plex;AC=UNIMOD:737;TA=K;MT=Fixed	NT=TMT6plex;AC=UNIMOD:737;PP=Any N-term;MT=Fixed	NT=Oxidation;AC=UNIMOD:35;TA=M;MT=Variable	NT=Acetyl;AC=UNIMOD:1;PP=Protein N-term;MT=Variable	DMSO vehicle
HL60-DMSO vehicle-5	Homo sapiens	blood	myeloid cell	5	acute myeloid leukemia	cell line	DMSO vehicle	36Y	female	HL60	HL-60	CVCL_0002	HL-60	dimethyl sulfoxide	not available	3 hour	220711_UM171_RCOR1_HL60_TMT10_F03_of_F13_R1-TMT128C	proteomic profiling by mass spectrometry	1	220711_UM171_RCOR1_HL60_TMT10_F03_of_F13_R1.raw	v1.1.0	NT=ms-proteomics;VV=v1.1.0	NT=human;VV=v1.1.0	NT=cell-lines;VV=v1.1.0	NT=clinical-metadata;VV=v1.0.0	manual curation	NT=Data-dependent acquisition;AC=PRIDE:0000627	NT=Orbitrap Exploris 480;AC=MS:1003028	NT=Trypsin;AC=MS:1001251	TMT128C	3	NT=higher energy beam-type collision-induced dissociation;AC=MS:1000422	NT=Carbamidomethyl;AC=UNIMOD:4;TA=C;MT=Fixed	NT=TMT6plex;AC=UNIMOD:737;TA=K;MT=Fixed	NT=TMT6plex;AC=UNIMOD:737;PP=Any N-term;MT=Fixed	NT=Oxidation;AC=UNIMOD:35;TA=M;MT=Variable	NT=Acetyl;AC=UNIMOD:1;PP=Protein N-term;MT=Variable	DMSO vehicle
HL60-DMSO vehicle-5	Homo sapiens	blood	myeloid cell	5	acute myeloid leukemia	cell line	DMSO vehicle	36Y	female	HL60	HL-60	CVCL_0002	HL-60	dimethyl sulfoxide	not available	3 hour	220711_UM171_RCOR1_HL60_TMT10_F04_of_F13_R1-TMT128C	proteomic profiling by mass spectrometry	1	220711_UM171_RCOR1_HL60_TMT10_F04_of_F13_R1.raw	v1.1.0	NT=ms-proteomics;VV=v1.1.0	NT=human;VV=v1.1.0	NT=cell-lines;VV=v1.1.0	NT=clinical-metadata;VV=v1.0.0	manual curation	NT=Data-dependent acquisition;AC=PRIDE:0000627	NT=Orbitrap Exploris 480;AC=MS:1003028	NT=Trypsin;AC=MS:1001251	TMT128C	4	NT=higher energy beam-type collision-induced dissociation;AC=MS:1000422	NT=Carbamidomethyl;AC=UNIMOD:4;TA=C;MT=Fixed	NT=TMT6plex;AC=UNIMOD:737;TA=K;MT=Fixed	NT=TMT6plex;AC=UNIMOD:737;PP=Any N-term;MT=Fixed	NT=Oxidation;AC=UNIMOD:35;TA=M;MT=Variable	NT=Acetyl;AC=UNIMOD:1;PP=Protein N-term;MT=Variable	DMSO vehicle
HL60-DMSO vehicle-5	Homo sapiens	blood	myeloid cell	5	acute myeloid leukemia	cell line	DMSO vehicle	36Y	female	HL60	HL-60	CVCL_0002	HL-60	dimethyl sulfoxide	not available	3 hour	220711_UM171_RCOR1_HL60_TMT10_F05_of_F13_R1-TMT128C	proteomic profiling by mass spectrometry	1	220711_UM171_RCOR1_HL60_TMT10_F05_of_F13_R1.raw	v1.1.0	NT=ms-proteomics;VV=v1.1.0	NT=human;VV=v1.1.0	NT=cell-lines;VV=v1.1.0	NT=clinical-metadata;VV=v1.0.0	manual curation	NT=Data-dependent acquisition;AC=PRIDE:0000627	NT=Orbitrap Exploris 480;AC=MS:1003028	NT=Trypsin;AC=MS:1001251	TMT128C	5	NT=higher energy beam-type collision-induced dissociation;AC=MS:1000422	NT=Carbamidomethyl;AC=UNIMOD:4;TA=C;MT=Fixed	NT=TMT6plex;AC=UNIMOD:737;TA=K;MT=Fixed	NT=TMT6plex;AC=UNIMOD:737;PP=Any N-term;MT=Fixed	NT=Oxidation;AC=UNIMOD:35;TA=M;MT=Variable	NT=Acetyl;AC=UNIMOD:1;PP=Protein N-term;MT=Variable	DMSO vehicle
HL60-DMSO vehicle-5	Homo sapiens	blood	myeloid cell	5	acute myeloid leukemia	cell line	DMSO vehicle	36Y	female	HL60	HL-60	CVCL_0002	HL-60	dimethyl sulfoxide	not available	3 hour	220711_UM171_RCOR1_HL60_TMT10_F06_of_F13_R1-TMT128C	proteomic profiling by mass spectrometry	1	220711_UM171_RCOR1_HL60_TMT10_F06_of_F13_R1.raw	v1.1.0	NT=ms-proteomics;VV=v1.1.0	NT=human;VV=v1.1.0	NT=cell-lines;VV=v1.1.0	NT=clinical-metadata;VV=v1.0.0	manual curation	NT=Data-dependent acquisition;AC=PRIDE:0000627	NT=Orbitrap Exploris 480;AC=MS:1003028	NT=Trypsin;AC=MS:1001251	TMT128C	6	NT=higher energy beam-type collision-induced dissociation;AC=MS:1000422	NT=Carbamidomethyl;AC=UNIMOD:4;TA=C;MT=Fixed	NT=TMT6plex;AC=UNIMOD:737;TA=K;MT=Fixed	NT=TMT6plex;AC=UNIMOD:737;PP=Any N-term;MT=Fixed	NT=Oxidation;AC=UNIMOD:35;TA=M;MT=Variable	NT=Acetyl;AC=UNIMOD:1;PP=Protein N-term;MT=Variable	DMSO vehicle
HL60-DMSO vehicle-5	Homo sapiens	blood	myeloid cell	5	acute myeloid leukemia	cell line	DMSO vehicle	36Y	female	HL60	HL-60	CVCL_0002	HL-60	dimethyl sulfoxide	not available	3 hour	220711_UM171_RCOR1_HL60_TMT10_F07_of_F13_R1-TMT128C	proteomic profiling by mass spectrometry	1	220711_UM171_RCOR1_HL60_TMT10_F07_of_F13_R1.raw	v1.1.0	NT=ms-proteomics;VV=v1.1.0	NT=human;VV=v1.1.0	NT=cell-lines;VV=v1.1.0	NT=clinical-metadata;VV=v1.0.0	manual curation	NT=Data-dependent acquisition;AC=PRIDE:0000627	NT=Orbitrap Exploris 480;AC=MS:1003028	NT=Trypsin;AC=MS:1001251	TMT128C	7	NT=higher energy beam-type collision-induced dissociation;AC=MS:1000422	NT=Carbamidomethyl;AC=UNIMOD:4;TA=C;MT=Fixed	NT=TMT6plex;AC=UNIMOD:737;TA=K;MT=Fixed	NT=TMT6plex;AC=UNIMOD:737;PP=Any N-term;MT=Fixed	NT=Oxidation;AC=UNIMOD:35;TA=M;MT=Variable	NT=Acetyl;AC=UNIMOD:1;PP=Protein N-term;MT=Variable	DMSO vehicle
HL60-DMSO vehicle-5	Homo sapiens	blood	myeloid cell	5	acute myeloid leukemia	cell line	DMSO vehicle	36Y	female	HL60	HL-60	CVCL_0002	HL-60	dimethyl sulfoxide	not available	3 hour	220711_UM171_RCOR1_HL60_TMT10_F08_of_F13_R1-TMT128C	proteomic profiling by mass spectrometry	1	220711_UM171_RCOR1_HL60_TMT10_F08_of_F13_R1.raw	v1.1.0	NT=ms-proteomics;VV=v1.1.0	NT=human;VV=v1.1.0	NT=cell-lines;VV=v1.1.0	NT=clinical-metadata;VV=v1.0.0	manual curation	NT=Data-dependent acquisition;AC=PRIDE:0000627	NT=Orbitrap Exploris 480;AC=MS:1003028	NT=Trypsin;AC=MS:1001251	TMT128C	8	NT=higher energy beam-type collision-induced dissociation;AC=MS:1000422	NT=Carbamidomethyl;AC=UNIMOD:4;TA=C;MT=Fixed	NT=TMT6plex;AC=UNIMOD:737;TA=K;MT=Fixed	NT=TMT6plex;AC=UNIMOD:737;PP=Any N-term;MT=Fixed	NT=Oxidation;AC=UNIMOD:35;TA=M;MT=Variable	NT=Acetyl;AC=UNIMOD:1;PP=Protein N-term;MT=Variable	DMSO vehicle
HL60-DMSO vehicle-5	Homo sapiens	blood	myeloid cell	5	acute myeloid leukemia	cell line	DMSO vehicle	36Y	female	HL60	HL-60	CVCL_0002	HL-60	dimethyl sulfoxide	not available	3 hour	220711_UM171_RCOR1_HL60_TMT10_F09_of_F13_R1-TMT128C	proteomic profiling by mass spectrometry	1	220711_UM171_RCOR1_HL60_TMT10_F09_of_F13_R1.raw	v1.1.0	NT=ms-proteomics;VV=v1.1.0	NT=human;VV=v1.1.0	NT=cell-lines;VV=v1.1.0	NT=clinical-metadata;VV=v1.0.0	manual curation	NT=Data-dependent acquisition;AC=PRIDE:0000627	NT=Orbitrap Exploris 480;AC=MS:1003028	NT=Trypsin;AC=MS:1001251	TMT128C	9	NT=higher energy beam-type collision-induced dissociation;AC=MS:1000422	NT=Carbamidomethyl;AC=UNIMOD:4;TA=C;MT=Fixed	NT=TMT6plex;AC=UNIMOD:737;TA=K;MT=Fixed	NT=TMT6plex;AC=UNIMOD:737;PP=Any N-term;MT=Fixed	NT=Oxidation;AC=UNIMOD:35;TA=M;MT=Variable	NT=Acetyl;AC=UNIMOD:1;PP=Protein N-term;MT=Variable	DMSO vehicle
HL60-DMSO vehicle-5	Homo sapiens	blood	myeloid cell	5	acute myeloid leukemia	cell line	DMSO vehicle	36Y	female	HL60	HL-60	CVCL_0002	HL-60	dimethyl sulfoxide	not available	3 hour	220711_UM171_RCOR1_HL60_TMT10_F10_of_F13_R1-TMT128C	proteomic profiling by mass spectrometry	1	220711_UM171_RCOR1_HL60_TMT10_F10_of_F13_R1.raw	v1.1.0	NT=ms-proteomics;VV=v1.1.0	NT=human;VV=v1.1.0	NT=cell-lines;VV=v1.1.0	NT=clinical-metadata;VV=v1.0.0	manual curation	NT=Data-dependent acquisition;AC=PRIDE:0000627	NT=Orbitrap Exploris 480;AC=MS:1003028	NT=Trypsin;AC=MS:1001251	TMT128C	10	NT=higher energy beam-type collision-induced dissociation;AC=MS:1000422	NT=Carbamidomethyl;AC=UNIMOD:4;TA=C;MT=Fixed	NT=TMT6plex;AC=UNIMOD:737;TA=K;MT=Fixed	NT=TMT6plex;AC=UNIMOD:737;PP=Any N-term;MT=Fixed	NT=Oxidation;AC=UNIMOD:35;TA=M;MT=Variable	NT=Acetyl;AC=UNIMOD:1;PP=Protein N-term;MT=Variable	DMSO vehicle
HL60-DMSO vehicle-5	Homo sapiens	blood	myeloid cell	5	acute myeloid leukemia	cell line	DMSO vehicle	36Y	female	HL60	HL-60	CVCL_0002	HL-60	dimethyl sulfoxide	not available	3 hour	220711_UM171_RCOR1_HL60_TMT10_F11_of_F13_R1-TMT128C	proteomic profiling by mass spectrometry	1	220711_UM171_RCOR1_HL60_TMT10_F11_of_F13_R1.raw	v1.1.0	NT=ms-proteomics;VV=v1.1.0	NT=human;VV=v1.1.0	NT=cell-lines;VV=v1.1.0	NT=clinical-metadata;VV=v1.0.0	manual curation	NT=Data-dependent acquisition;AC=PRIDE:0000627	NT=Orbitrap Exploris 480;AC=MS:1003028	NT=Trypsin;AC=MS:1001251	TMT128C	11	NT=higher energy beam-type collision-induced dissociation;AC=MS:1000422	NT=Carbamidomethyl;AC=UNIMOD:4;TA=C;MT=Fixed	NT=TMT6plex;AC=UNIMOD:737;TA=K;MT=Fixed	NT=TMT6plex;AC=UNIMOD:737;PP=Any N-term;MT=Fixed	NT=Oxidation;AC=UNIMOD:35;TA=M;MT=Variable	NT=Acetyl;AC=UNIMOD:1;PP=Protein N-term;MT=Variable	DMSO vehicle
HL60-DMSO vehicle-5	Homo sapiens	blood	myeloid cell	5	acute myeloid leukemia	cell line	DMSO vehicle	36Y	female	HL60	HL-60	CVCL_0002	HL-60	dimethyl sulfoxide	not available	3 hour	220711_UM171_RCOR1_HL60_TMT10_F12_of_F13_R1-TMT128C	proteomic profiling by mass spectrometry	1	220711_UM171_RCOR1_HL60_TMT10_F12_of_F13_R1.raw	v1.1.0	NT=ms-proteomics;VV=v1.1.0	NT=human;VV=v1.1.0	NT=cell-lines;VV=v1.1.0	NT=clinical-metadata;VV=v1.0.0	manual curation	NT=Data-dependent acquisition;AC=PRIDE:0000627	NT=Orbitrap Exploris 480;AC=MS:1003028	NT=Trypsin;AC=MS:1001251	TMT128C	12	NT=higher energy beam-type collision-induced dissociation;AC=MS:1000422	NT=Carbamidomethyl;AC=UNIMOD:4;TA=C;MT=Fixed	NT=TMT6plex;AC=UNIMOD:737;TA=K;MT=Fixed	NT=TMT6plex;AC=UNIMOD:737;PP=Any N-term;MT=Fixed	NT=Oxidation;AC=UNIMOD:35;TA=M;MT=Variable	NT=Acetyl;AC=UNIMOD:1;PP=Protein N-term;MT=Variable	DMSO vehicle
HL60-DMSO vehicle-5	Homo sapiens	blood	myeloid cell	5	acute myeloid leukemia	cell line	DMSO vehicle	36Y	female	HL60	HL-60	CVCL_0002	HL-60	dimethyl sulfoxide	not available	3 hour	220711_UM171_RCOR1_HL60_TMT10_F13_of_F13_R1-TMT128C	proteomic profiling by mass spectrometry	1	220711_UM171_RCOR1_HL60_TMT10_F13_of_F13_R1.raw	v1.1.0	NT=ms-proteomics;VV=v1.1.0	NT=human;VV=v1.1.0	NT=cell-lines;VV=v1.1.0	NT=clinical-metadata;VV=v1.0.0	manual curation	NT=Data-dependent acquisition;AC=PRIDE:0000627	NT=Orbitrap Exploris 480;AC=MS:1003028	NT=Trypsin;AC=MS:1001251	TMT128C	13	NT=higher energy beam-type collision-induced dissociation;AC=MS:1000422	NT=Carbamidomethyl;AC=UNIMOD:4;TA=C;MT=Fixed	NT=TMT6plex;AC=UNIMOD:737;TA=K;MT=Fixed	NT=TMT6plex;AC=UNIMOD:737;PP=Any N-term;MT=Fixed	NT=Oxidation;AC=UNIMOD:35;TA=M;MT=Variable	NT=Acetyl;AC=UNIMOD:1;PP=Protein N-term;MT=Variable	DMSO vehicle
HL60-UM171-1	Homo sapiens	blood	myeloid cell	1	acute myeloid leukemia	cell line	UM171	36Y	female	HL60	HL-60	CVCL_0002	HL-60	UM171	0.1 uM	3 hour	220711_UM171_RCOR1_HL60_TMT10_F01_of_F13_R1-TMT129N	proteomic profiling by mass spectrometry	1	220711_UM171_RCOR1_HL60_TMT10_F01_of_F13_R1.raw	v1.1.0	NT=ms-proteomics;VV=v1.1.0	NT=human;VV=v1.1.0	NT=cell-lines;VV=v1.1.0	NT=clinical-metadata;VV=v1.0.0	manual curation	NT=Data-dependent acquisition;AC=PRIDE:0000627	NT=Orbitrap Exploris 480;AC=MS:1003028	NT=Trypsin;AC=MS:1001251	TMT129N	1	NT=higher energy beam-type collision-induced dissociation;AC=MS:1000422	NT=Carbamidomethyl;AC=UNIMOD:4;TA=C;MT=Fixed	NT=TMT6plex;AC=UNIMOD:737;TA=K;MT=Fixed	NT=TMT6plex;AC=UNIMOD:737;PP=Any N-term;MT=Fixed	NT=Oxidation;AC=UNIMOD:35;TA=M;MT=Variable	NT=Acetyl;AC=UNIMOD:1;PP=Protein N-term;MT=Variable	UM171
HL60-UM171-1	Homo sapiens	blood	myeloid cell	1	acute myeloid leukemia	cell line	UM171	36Y	female	HL60	HL-60	CVCL_0002	HL-60	UM171	0.1 uM	3 hour	220711_UM171_RCOR1_HL60_TMT10_F02_of_F13_R1-TMT129N	proteomic profiling by mass spectrometry	1	220711_UM171_RCOR1_HL60_TMT10_F02_of_F13_R1.raw	v1.1.0	NT=ms-proteomics;VV=v1.1.0	NT=human;VV=v1.1.0	NT=cell-lines;VV=v1.1.0	NT=clinical-metadata;VV=v1.0.0	manual curation	NT=Data-dependent acquisition;AC=PRIDE:0000627	NT=Orbitrap Exploris 480;AC=MS:1003028	NT=Trypsin;AC=MS:1001251	TMT129N	2	NT=higher energy beam-type collision-induced dissociation;AC=MS:1000422	NT=Carbamidomethyl;AC=UNIMOD:4;TA=C;MT=Fixed	NT=TMT6plex;AC=UNIMOD:737;TA=K;MT=Fixed	NT=TMT6plex;AC=UNIMOD:737;PP=Any N-term;MT=Fixed	NT=Oxidation;AC=UNIMOD:35;TA=M;MT=Variable	NT=Acetyl;AC=UNIMOD:1;PP=Protein N-term;MT=Variable	UM171
HL60-UM171-1	Homo sapiens	blood	myeloid cell	1	acute myeloid leukemia	cell line	UM171	36Y	female	HL60	HL-60	CVCL_0002	HL-60	UM171	0.1 uM	3 hour	220711_UM171_RCOR1_HL60_TMT10_F03_of_F13_R1-TMT129N	proteomic profiling by mass spectrometry	1	220711_UM171_RCOR1_HL60_TMT10_F03_of_F13_R1.raw	v1.1.0	NT=ms-proteomics;VV=v1.1.0	NT=human;VV=v1.1.0	NT=cell-lines;VV=v1.1.0	NT=clinical-metadata;VV=v1.0.0	manual curation	NT=Data-dependent acquisition;AC=PRIDE:0000627	NT=Orbitrap Exploris 480;AC=MS:1003028	NT=Trypsin;AC=MS:1001251	TMT129N	3	NT=higher energy beam-type collision-induced dissociation;AC=MS:1000422	NT=Carbamidomethyl;AC=UNIMOD:4;TA=C;MT=Fixed	NT=TMT6plex;AC=UNIMOD:737;TA=K;MT=Fixed	NT=TMT6plex;AC=UNIMOD:737;PP=Any N-term;MT=Fixed	NT=Oxidation;AC=UNIMOD:35;TA=M;MT=Variable	NT=Acetyl;AC=UNIMOD:1;PP=Protein N-term;MT=Variable	UM171
HL60-UM171-1	Homo sapiens	blood	myeloid cell	1	acute myeloid leukemia	cell line	UM171	36Y	female	HL60	HL-60	CVCL_0002	HL-60	UM171	0.1 uM	3 hour	220711_UM171_RCOR1_HL60_TMT10_F04_of_F13_R1-TMT129N	proteomic profiling by mass spectrometry	1	220711_UM171_RCOR1_HL60_TMT10_F04_of_F13_R1.raw	v1.1.0	NT=ms-proteomics;VV=v1.1.0	NT=human;VV=v1.1.0	NT=cell-lines;VV=v1.1.0	NT=clinical-metadata;VV=v1.0.0	manual curation	NT=Data-dependent acquisition;AC=PRIDE:0000627	NT=Orbitrap Exploris 480;AC=MS:1003028	NT=Trypsin;AC=MS:1001251	TMT129N	4	NT=higher energy beam-type collision-induced dissociation;AC=MS:1000422	NT=Carbamidomethyl;AC=UNIMOD:4;TA=C;MT=Fixed	NT=TMT6plex;AC=UNIMOD:737;TA=K;MT=Fixed	NT=TMT6plex;AC=UNIMOD:737;PP=Any N-term;MT=Fixed	NT=Oxidation;AC=UNIMOD:35;TA=M;MT=Variable	NT=Acetyl;AC=UNIMOD:1;PP=Protein N-term;MT=Variable	UM171
HL60-UM171-1	Homo sapiens	blood	myeloid cell	1	acute myeloid leukemia	cell line	UM171	36Y	female	HL60	HL-60	CVCL_0002	HL-60	UM171	0.1 uM	3 hour	220711_UM171_RCOR1_HL60_TMT10_F05_of_F13_R1-TMT129N	proteomic profiling by mass spectrometry	1	220711_UM171_RCOR1_HL60_TMT10_F05_of_F13_R1.raw	v1.1.0	NT=ms-proteomics;VV=v1.1.0	NT=human;VV=v1.1.0	NT=cell-lines;VV=v1.1.0	NT=clinical-metadata;VV=v1.0.0	manual curation	NT=Data-dependent acquisition;AC=PRIDE:0000627	NT=Orbitrap Exploris 480;AC=MS:1003028	NT=Trypsin;AC=MS:1001251	TMT129N	5	NT=higher energy beam-type collision-induced dissociation;AC=MS:1000422	NT=Carbamidomethyl;AC=UNIMOD:4;TA=C;MT=Fixed	NT=TMT6plex;AC=UNIMOD:737;TA=K;MT=Fixed	NT=TMT6plex;AC=UNIMOD:737;PP=Any N-term;MT=Fixed	NT=Oxidation;AC=UNIMOD:35;TA=M;MT=Variable	NT=Acetyl;AC=UNIMOD:1;PP=Protein N-term;MT=Variable	UM171
HL60-UM171-1	Homo sapiens	blood	myeloid cell	1	acute myeloid leukemia	cell line	UM171	36Y	female	HL60	HL-60	CVCL_0002	HL-60	UM171	0.1 uM	3 hour	220711_UM171_RCOR1_HL60_TMT10_F06_of_F13_R1-TMT129N	proteomic profiling by mass spectrometry	1	220711_UM171_RCOR1_HL60_TMT10_F06_of_F13_R1.raw	v1.1.0	NT=ms-proteomics;VV=v1.1.0	NT=human;VV=v1.1.0	NT=cell-lines;VV=v1.1.0	NT=clinical-metadata;VV=v1.0.0	manual curation	NT=Data-dependent acquisition;AC=PRIDE:0000627	NT=Orbitrap Exploris 480;AC=MS:1003028	NT=Trypsin;AC=MS:1001251	TMT129N	6	NT=higher energy beam-type collision-induced dissociation;AC=MS:1000422	NT=Carbamidomethyl;AC=UNIMOD:4;TA=C;MT=Fixed	NT=TMT6plex;AC=UNIMOD:737;TA=K;MT=Fixed	NT=TMT6plex;AC=UNIMOD:737;PP=Any N-term;MT=Fixed	NT=Oxidation;AC=UNIMOD:35;TA=M;MT=Variable	NT=Acetyl;AC=UNIMOD:1;PP=Protein N-term;MT=Variable	UM171
HL60-UM171-1	Homo sapiens	blood	myeloid cell	1	acute myeloid leukemia	cell line	UM171	36Y	female	HL60	HL-60	CVCL_0002	HL-60	UM171	0.1 uM	3 hour	220711_UM171_RCOR1_HL60_TMT10_F07_of_F13_R1-TMT129N	proteomic profiling by mass spectrometry	1	220711_UM171_RCOR1_HL60_TMT10_F07_of_F13_R1.raw	v1.1.0	NT=ms-proteomics;VV=v1.1.0	NT=human;VV=v1.1.0	NT=cell-lines;VV=v1.1.0	NT=clinical-metadata;VV=v1.0.0	manual curation	NT=Data-dependent acquisition;AC=PRIDE:0000627	NT=Orbitrap Exploris 480;AC=MS:1003028	NT=Trypsin;AC=MS:1001251	TMT129N	7	NT=higher energy beam-type collision-induced dissociation;AC=MS:1000422	NT=Carbamidomethyl;AC=UNIMOD:4;TA=C;MT=Fixed	NT=TMT6plex;AC=UNIMOD:737;TA=K;MT=Fixed	NT=TMT6plex;AC=UNIMOD:737;PP=Any N-term;MT=Fixed	NT=Oxidation;AC=UNIMOD:35;TA=M;MT=Variable	NT=Acetyl;AC=UNIMOD:1;PP=Protein N-term;MT=Variable	UM171
HL60-UM171-1	Homo sapiens	blood	myeloid cell	1	acute myeloid leukemia	cell line	UM171	36Y	female	HL60	HL-60	CVCL_0002	HL-60	UM171	0.1 uM	3 hour	220711_UM171_RCOR1_HL60_TMT10_F08_of_F13_R1-TMT129N	proteomic profiling by mass spectrometry	1	220711_UM171_RCOR1_HL60_TMT10_F08_of_F13_R1.raw	v1.1.0	NT=ms-proteomics;VV=v1.1.0	NT=human;VV=v1.1.0	NT=cell-lines;VV=v1.1.0	NT=clinical-metadata;VV=v1.0.0	manual curation	NT=Data-dependent acquisition;AC=PRIDE:0000627	NT=Orbitrap Exploris 480;AC=MS:1003028	NT=Trypsin;AC=MS:1001251	TMT129N	8	NT=higher energy beam-type collision-induced dissociation;AC=MS:1000422	NT=Carbamidomethyl;AC=UNIMOD:4;TA=C;MT=Fixed	NT=TMT6plex;AC=UNIMOD:737;TA=K;MT=Fixed	NT=TMT6plex;AC=UNIMOD:737;PP=Any N-term;MT=Fixed	NT=Oxidation;AC=UNIMOD:35;TA=M;MT=Variable	NT=Acetyl;AC=UNIMOD:1;PP=Protein N-term;MT=Variable	UM171
HL60-UM171-1	Homo sapiens	blood	myeloid cell	1	acute myeloid leukemia	cell line	UM171	36Y	female	HL60	HL-60	CVCL_0002	HL-60	UM171	0.1 uM	3 hour	220711_UM171_RCOR1_HL60_TMT10_F09_of_F13_R1-TMT129N	proteomic profiling by mass spectrometry	1	220711_UM171_RCOR1_HL60_TMT10_F09_of_F13_R1.raw	v1.1.0	NT=ms-proteomics;VV=v1.1.0	NT=human;VV=v1.1.0	NT=cell-lines;VV=v1.1.0	NT=clinical-metadata;VV=v1.0.0	manual curation	NT=Data-dependent acquisition;AC=PRIDE:0000627	NT=Orbitrap Exploris 480;AC=MS:1003028	NT=Trypsin;AC=MS:1001251	TMT129N	9	NT=higher energy beam-type collision-induced dissociation;AC=MS:1000422	NT=Carbamidomethyl;AC=UNIMOD:4;TA=C;MT=Fixed	NT=TMT6plex;AC=UNIMOD:737;TA=K;MT=Fixed	NT=TMT6plex;AC=UNIMOD:737;PP=Any N-term;MT=Fixed	NT=Oxidation;AC=UNIMOD:35;TA=M;MT=Variable	NT=Acetyl;AC=UNIMOD:1;PP=Protein N-term;MT=Variable	UM171
HL60-UM171-1	Homo sapiens	blood	myeloid cell	1	acute myeloid leukemia	cell line	UM171	36Y	female	HL60	HL-60	CVCL_0002	HL-60	UM171	0.1 uM	3 hour	220711_UM171_RCOR1_HL60_TMT10_F10_of_F13_R1-TMT129N	proteomic profiling by mass spectrometry	1	220711_UM171_RCOR1_HL60_TMT10_F10_of_F13_R1.raw	v1.1.0	NT=ms-proteomics;VV=v1.1.0	NT=human;VV=v1.1.0	NT=cell-lines;VV=v1.1.0	NT=clinical-metadata;VV=v1.0.0	manual curation	NT=Data-dependent acquisition;AC=PRIDE:0000627	NT=Orbitrap Exploris 480;AC=MS:1003028	NT=Trypsin;AC=MS:1001251	TMT129N	10	NT=higher energy beam-type collision-induced dissociation;AC=MS:1000422	NT=Carbamidomethyl;AC=UNIMOD:4;TA=C;MT=Fixed	NT=TMT6plex;AC=UNIMOD:737;TA=K;MT=Fixed	NT=TMT6plex;AC=UNIMOD:737;PP=Any N-term;MT=Fixed	NT=Oxidation;AC=UNIMOD:35;TA=M;MT=Variable	NT=Acetyl;AC=UNIMOD:1;PP=Protein N-term;MT=Variable	UM171
HL60-UM171-1	Homo sapiens	blood	myeloid cell	1	acute myeloid leukemia	cell line	UM171	36Y	female	HL60	HL-60	CVCL_0002	HL-60	UM171	0.1 uM	3 hour	220711_UM171_RCOR1_HL60_TMT10_F11_of_F13_R1-TMT129N	proteomic profiling by mass spectrometry	1	220711_UM171_RCOR1_HL60_TMT10_F11_of_F13_R1.raw	v1.1.0	NT=ms-proteomics;VV=v1.1.0	NT=human;VV=v1.1.0	NT=cell-lines;VV=v1.1.0	NT=clinical-metadata;VV=v1.0.0	manual curation	NT=Data-dependent acquisition;AC=PRIDE:0000627	NT=Orbitrap Exploris 480;AC=MS:1003028	NT=Trypsin;AC=MS:1001251	TMT129N	11	NT=higher energy beam-type collision-induced dissociation;AC=MS:1000422	NT=Carbamidomethyl;AC=UNIMOD:4;TA=C;MT=Fixed	NT=TMT6plex;AC=UNIMOD:737;TA=K;MT=Fixed	NT=TMT6plex;AC=UNIMOD:737;PP=Any N-term;MT=Fixed	NT=Oxidation;AC=UNIMOD:35;TA=M;MT=Variable	NT=Acetyl;AC=UNIMOD:1;PP=Protein N-term;MT=Variable	UM171
HL60-UM171-1	Homo sapiens	blood	myeloid cell	1	acute myeloid leukemia	cell line	UM171	36Y	female	HL60	HL-60	CVCL_0002	HL-60	UM171	0.1 uM	3 hour	220711_UM171_RCOR1_HL60_TMT10_F12_of_F13_R1-TMT129N	proteomic profiling by mass spectrometry	1	220711_UM171_RCOR1_HL60_TMT10_F12_of_F13_R1.raw	v1.1.0	NT=ms-proteomics;VV=v1.1.0	NT=human;VV=v1.1.0	NT=cell-lines;VV=v1.1.0	NT=clinical-metadata;VV=v1.0.0	manual curation	NT=Data-dependent acquisition;AC=PRIDE:0000627	NT=Orbitrap Exploris 480;AC=MS:1003028	NT=Trypsin;AC=MS:1001251	TMT129N	12	NT=higher energy beam-type collision-induced dissociation;AC=MS:1000422	NT=Carbamidomethyl;AC=UNIMOD:4;TA=C;MT=Fixed	NT=TMT6plex;AC=UNIMOD:737;TA=K;MT=Fixed	NT=TMT6plex;AC=UNIMOD:737;PP=Any N-term;MT=Fixed	NT=Oxidation;AC=UNIMOD:35;TA=M;MT=Variable	NT=Acetyl;AC=UNIMOD:1;PP=Protein N-term;MT=Variable	UM171
HL60-UM171-1	Homo sapiens	blood	myeloid cell	1	acute myeloid leukemia	cell line	UM171	36Y	female	HL60	HL-60	CVCL_0002	HL-60	UM171	0.1 uM	3 hour	220711_UM171_RCOR1_HL60_TMT10_F13_of_F13_R1-TMT129N	proteomic profiling by mass spectrometry	1	220711_UM171_RCOR1_HL60_TMT10_F13_of_F13_R1.raw	v1.1.0	NT=ms-proteomics;VV=v1.1.0	NT=human;VV=v1.1.0	NT=cell-lines;VV=v1.1.0	NT=clinical-metadata;VV=v1.0.0	manual curation	NT=Data-dependent acquisition;AC=PRIDE:0000627	NT=Orbitrap Exploris 480;AC=MS:1003028	NT=Trypsin;AC=MS:1001251	TMT129N	13	NT=higher energy beam-type collision-induced dissociation;AC=MS:1000422	NT=Carbamidomethyl;AC=UNIMOD:4;TA=C;MT=Fixed	NT=TMT6plex;AC=UNIMOD:737;TA=K;MT=Fixed	NT=TMT6plex;AC=UNIMOD:737;PP=Any N-term;MT=Fixed	NT=Oxidation;AC=UNIMOD:35;TA=M;MT=Variable	NT=Acetyl;AC=UNIMOD:1;PP=Protein N-term;MT=Variable	UM171
HL60-UM171-2	Homo sapiens	blood	myeloid cell	2	acute myeloid leukemia	cell line	UM171	36Y	female	HL60	HL-60	CVCL_0002	HL-60	UM171	0.1 uM	3 hour	220711_UM171_RCOR1_HL60_TMT10_F01_of_F13_R1-TMT129C	proteomic profiling by mass spectrometry	1	220711_UM171_RCOR1_HL60_TMT10_F01_of_F13_R1.raw	v1.1.0	NT=ms-proteomics;VV=v1.1.0	NT=human;VV=v1.1.0	NT=cell-lines;VV=v1.1.0	NT=clinical-metadata;VV=v1.0.0	manual curation	NT=Data-dependent acquisition;AC=PRIDE:0000627	NT=Orbitrap Exploris 480;AC=MS:1003028	NT=Trypsin;AC=MS:1001251	TMT129C	1	NT=higher energy beam-type collision-induced dissociation;AC=MS:1000422	NT=Carbamidomethyl;AC=UNIMOD:4;TA=C;MT=Fixed	NT=TMT6plex;AC=UNIMOD:737;TA=K;MT=Fixed	NT=TMT6plex;AC=UNIMOD:737;PP=Any N-term;MT=Fixed	NT=Oxidation;AC=UNIMOD:35;TA=M;MT=Variable	NT=Acetyl;AC=UNIMOD:1;PP=Protein N-term;MT=Variable	UM171
HL60-UM171-2	Homo sapiens	blood	myeloid cell	2	acute myeloid leukemia	cell line	UM171	36Y	female	HL60	HL-60	CVCL_0002	HL-60	UM171	0.1 uM	3 hour	220711_UM171_RCOR1_HL60_TMT10_F02_of_F13_R1-TMT129C	proteomic profiling by mass spectrometry	1	220711_UM171_RCOR1_HL60_TMT10_F02_of_F13_R1.raw	v1.1.0	NT=ms-proteomics;VV=v1.1.0	NT=human;VV=v1.1.0	NT=cell-lines;VV=v1.1.0	NT=clinical-metadata;VV=v1.0.0	manual curation	NT=Data-dependent acquisition;AC=PRIDE:0000627	NT=Orbitrap Exploris 480;AC=MS:1003028	NT=Trypsin;AC=MS:1001251	TMT129C	2	NT=higher energy beam-type collision-induced dissociation;AC=MS:1000422	NT=Carbamidomethyl;AC=UNIMOD:4;TA=C;MT=Fixed	NT=TMT6plex;AC=UNIMOD:737;TA=K;MT=Fixed	NT=TMT6plex;AC=UNIMOD:737;PP=Any N-term;MT=Fixed	NT=Oxidation;AC=UNIMOD:35;TA=M;MT=Variable	NT=Acetyl;AC=UNIMOD:1;PP=Protein N-term;MT=Variable	UM171
HL60-UM171-2	Homo sapiens	blood	myeloid cell	2	acute myeloid leukemia	cell line	UM171	36Y	female	HL60	HL-60	CVCL_0002	HL-60	UM171	0.1 uM	3 hour	220711_UM171_RCOR1_HL60_TMT10_F03_of_F13_R1-TMT129C	proteomic profiling by mass spectrometry	1	220711_UM171_RCOR1_HL60_TMT10_F03_of_F13_R1.raw	v1.1.0	NT=ms-proteomics;VV=v1.1.0	NT=human;VV=v1.1.0	NT=cell-lines;VV=v1.1.0	NT=clinical-metadata;VV=v1.0.0	manual curation	NT=Data-dependent acquisition;AC=PRIDE:0000627	NT=Orbitrap Exploris 480;AC=MS:1003028	NT=Trypsin;AC=MS:1001251	TMT129C	3	NT=higher energy beam-type collision-induced dissociation;AC=MS:1000422	NT=Carbamidomethyl;AC=UNIMOD:4;TA=C;MT=Fixed	NT=TMT6plex;AC=UNIMOD:737;TA=K;MT=Fixed	NT=TMT6plex;AC=UNIMOD:737;PP=Any N-term;MT=Fixed	NT=Oxidation;AC=UNIMOD:35;TA=M;MT=Variable	NT=Acetyl;AC=UNIMOD:1;PP=Protein N-term;MT=Variable	UM171
HL60-UM171-2	Homo sapiens	blood	myeloid cell	2	acute myeloid leukemia	cell line	UM171	36Y	female	HL60	HL-60	CVCL_0002	HL-60	UM171	0.1 uM	3 hour	220711_UM171_RCOR1_HL60_TMT10_F04_of_F13_R1-TMT129C	proteomic profiling by mass spectrometry	1	220711_UM171_RCOR1_HL60_TMT10_F04_of_F13_R1.raw	v1.1.0	NT=ms-proteomics;VV=v1.1.0	NT=human;VV=v1.1.0	NT=cell-lines;VV=v1.1.0	NT=clinical-metadata;VV=v1.0.0	manual curation	NT=Data-dependent acquisition;AC=PRIDE:0000627	NT=Orbitrap Exploris 480;AC=MS:1003028	NT=Trypsin;AC=MS:1001251	TMT129C	4	NT=higher energy beam-type collision-induced dissociation;AC=MS:1000422	NT=Carbamidomethyl;AC=UNIMOD:4;TA=C;MT=Fixed	NT=TMT6plex;AC=UNIMOD:737;TA=K;MT=Fixed	NT=TMT6plex;AC=UNIMOD:737;PP=Any N-term;MT=Fixed	NT=Oxidation;AC=UNIMOD:35;TA=M;MT=Variable	NT=Acetyl;AC=UNIMOD:1;PP=Protein N-term;MT=Variable	UM171
HL60-UM171-2	Homo sapiens	blood	myeloid cell	2	acute myeloid leukemia	cell line	UM171	36Y	female	HL60	HL-60	CVCL_0002	HL-60	UM171	0.1 uM	3 hour	220711_UM171_RCOR1_HL60_TMT10_F05_of_F13_R1-TMT129C	proteomic profiling by mass spectrometry	1	220711_UM171_RCOR1_HL60_TMT10_F05_of_F13_R1.raw	v1.1.0	NT=ms-proteomics;VV=v1.1.0	NT=human;VV=v1.1.0	NT=cell-lines;VV=v1.1.0	NT=clinical-metadata;VV=v1.0.0	manual curation	NT=Data-dependent acquisition;AC=PRIDE:0000627	NT=Orbitrap Exploris 480;AC=MS:1003028	NT=Trypsin;AC=MS:1001251	TMT129C	5	NT=higher energy beam-type collision-induced dissociation;AC=MS:1000422	NT=Carbamidomethyl;AC=UNIMOD:4;TA=C;MT=Fixed	NT=TMT6plex;AC=UNIMOD:737;TA=K;MT=Fixed	NT=TMT6plex;AC=UNIMOD:737;PP=Any N-term;MT=Fixed	NT=Oxidation;AC=UNIMOD:35;TA=M;MT=Variable	NT=Acetyl;AC=UNIMOD:1;PP=Protein N-term;MT=Variable	UM171
HL60-UM171-2	Homo sapiens	blood	myeloid cell	2	acute myeloid leukemia	cell line	UM171	36Y	female	HL60	HL-60	CVCL_0002	HL-60	UM171	0.1 uM	3 hour	220711_UM171_RCOR1_HL60_TMT10_F06_of_F13_R1-TMT129C	proteomic profiling by mass spectrometry	1	220711_UM171_RCOR1_HL60_TMT10_F06_of_F13_R1.raw	v1.1.0	NT=ms-proteomics;VV=v1.1.0	NT=human;VV=v1.1.0	NT=cell-lines;VV=v1.1.0	NT=clinical-metadata;VV=v1.0.0	manual curation	NT=Data-dependent acquisition;AC=PRIDE:0000627	NT=Orbitrap Exploris 480;AC=MS:1003028	NT=Trypsin;AC=MS:1001251	TMT129C	6	NT=higher energy beam-type collision-induced dissociation;AC=MS:1000422	NT=Carbamidomethyl;AC=UNIMOD:4;TA=C;MT=Fixed	NT=TMT6plex;AC=UNIMOD:737;TA=K;MT=Fixed	NT=TMT6plex;AC=UNIMOD:737;PP=Any N-term;MT=Fixed	NT=Oxidation;AC=UNIMOD:35;TA=M;MT=Variable	NT=Acetyl;AC=UNIMOD:1;PP=Protein N-term;MT=Variable	UM171
HL60-UM171-2	Homo sapiens	blood	myeloid cell	2	acute myeloid leukemia	cell line	UM171	36Y	female	HL60	HL-60	CVCL_0002	HL-60	UM171	0.1 uM	3 hour	220711_UM171_RCOR1_HL60_TMT10_F07_of_F13_R1-TMT129C	proteomic profiling by mass spectrometry	1	220711_UM171_RCOR1_HL60_TMT10_F07_of_F13_R1.raw	v1.1.0	NT=ms-proteomics;VV=v1.1.0	NT=human;VV=v1.1.0	NT=cell-lines;VV=v1.1.0	NT=clinical-metadata;VV=v1.0.0	manual curation	NT=Data-dependent acquisition;AC=PRIDE:0000627	NT=Orbitrap Exploris 480;AC=MS:1003028	NT=Trypsin;AC=MS:1001251	TMT129C	7	NT=higher energy beam-type collision-induced dissociation;AC=MS:1000422	NT=Carbamidomethyl;AC=UNIMOD:4;TA=C;MT=Fixed	NT=TMT6plex;AC=UNIMOD:737;TA=K;MT=Fixed	NT=TMT6plex;AC=UNIMOD:737;PP=Any N-term;MT=Fixed	NT=Oxidation;AC=UNIMOD:35;TA=M;MT=Variable	NT=Acetyl;AC=UNIMOD:1;PP=Protein N-term;MT=Variable	UM171
HL60-UM171-2	Homo sapiens	blood	myeloid cell	2	acute myeloid leukemia	cell line	UM171	36Y	female	HL60	HL-60	CVCL_0002	HL-60	UM171	0.1 uM	3 hour	220711_UM171_RCOR1_HL60_TMT10_F08_of_F13_R1-TMT129C	proteomic profiling by mass spectrometry	1	220711_UM171_RCOR1_HL60_TMT10_F08_of_F13_R1.raw	v1.1.0	NT=ms-proteomics;VV=v1.1.0	NT=human;VV=v1.1.0	NT=cell-lines;VV=v1.1.0	NT=clinical-metadata;VV=v1.0.0	manual curation	NT=Data-dependent acquisition;AC=PRIDE:0000627	NT=Orbitrap Exploris 480;AC=MS:1003028	NT=Trypsin;AC=MS:1001251	TMT129C	8	NT=higher energy beam-type collision-induced dissociation;AC=MS:1000422	NT=Carbamidomethyl;AC=UNIMOD:4;TA=C;MT=Fixed	NT=TMT6plex;AC=UNIMOD:737;TA=K;MT=Fixed	NT=TMT6plex;AC=UNIMOD:737;PP=Any N-term;MT=Fixed	NT=Oxidation;AC=UNIMOD:35;TA=M;MT=Variable	NT=Acetyl;AC=UNIMOD:1;PP=Protein N-term;MT=Variable	UM171
HL60-UM171-2	Homo sapiens	blood	myeloid cell	2	acute myeloid leukemia	cell line	UM171	36Y	female	HL60	HL-60	CVCL_0002	HL-60	UM171	0.1 uM	3 hour	220711_UM171_RCOR1_HL60_TMT10_F09_of_F13_R1-TMT129C	proteomic profiling by mass spectrometry	1	220711_UM171_RCOR1_HL60_TMT10_F09_of_F13_R1.raw	v1.1.0	NT=ms-proteomics;VV=v1.1.0	NT=human;VV=v1.1.0	NT=cell-lines;VV=v1.1.0	NT=clinical-metadata;VV=v1.0.0	manual curation	NT=Data-dependent acquisition;AC=PRIDE:0000627	NT=Orbitrap Exploris 480;AC=MS:1003028	NT=Trypsin;AC=MS:1001251	TMT129C	9	NT=higher energy beam-type collision-induced dissociation;AC=MS:1000422	NT=Carbamidomethyl;AC=UNIMOD:4;TA=C;MT=Fixed	NT=TMT6plex;AC=UNIMOD:737;TA=K;MT=Fixed	NT=TMT6plex;AC=UNIMOD:737;PP=Any N-term;MT=Fixed	NT=Oxidation;AC=UNIMOD:35;TA=M;MT=Variable	NT=Acetyl;AC=UNIMOD:1;PP=Protein N-term;MT=Variable	UM171
HL60-UM171-2	Homo sapiens	blood	myeloid cell	2	acute myeloid leukemia	cell line	UM171	36Y	female	HL60	HL-60	CVCL_0002	HL-60	UM171	0.1 uM	3 hour	220711_UM171_RCOR1_HL60_TMT10_F10_of_F13_R1-TMT129C	proteomic profiling by mass spectrometry	1	220711_UM171_RCOR1_HL60_TMT10_F10_of_F13_R1.raw	v1.1.0	NT=ms-proteomics;VV=v1.1.0	NT=human;VV=v1.1.0	NT=cell-lines;VV=v1.1.0	NT=clinical-metadata;VV=v1.0.0	manual curation	NT=Data-dependent acquisition;AC=PRIDE:0000627	NT=Orbitrap Exploris 480;AC=MS:1003028	NT=Trypsin;AC=MS:1001251	TMT129C	10	NT=higher energy beam-type collision-induced dissociation;AC=MS:1000422	NT=Carbamidomethyl;AC=UNIMOD:4;TA=C;MT=Fixed	NT=TMT6plex;AC=UNIMOD:737;TA=K;MT=Fixed	NT=TMT6plex;AC=UNIMOD:737;PP=Any N-term;MT=Fixed	NT=Oxidation;AC=UNIMOD:35;TA=M;MT=Variable	NT=Acetyl;AC=UNIMOD:1;PP=Protein N-term;MT=Variable	UM171
HL60-UM171-2	Homo sapiens	blood	myeloid cell	2	acute myeloid leukemia	cell line	UM171	36Y	female	HL60	HL-60	CVCL_0002	HL-60	UM171	0.1 uM	3 hour	220711_UM171_RCOR1_HL60_TMT10_F11_of_F13_R1-TMT129C	proteomic profiling by mass spectrometry	1	220711_UM171_RCOR1_HL60_TMT10_F11_of_F13_R1.raw	v1.1.0	NT=ms-proteomics;VV=v1.1.0	NT=human;VV=v1.1.0	NT=cell-lines;VV=v1.1.0	NT=clinical-metadata;VV=v1.0.0	manual curation	NT=Data-dependent acquisition;AC=PRIDE:0000627	NT=Orbitrap Exploris 480;AC=MS:1003028	NT=Trypsin;AC=MS:1001251	TMT129C	11	NT=higher energy beam-type collision-induced dissociation;AC=MS:1000422	NT=Carbamidomethyl;AC=UNIMOD:4;TA=C;MT=Fixed	NT=TMT6plex;AC=UNIMOD:737;TA=K;MT=Fixed	NT=TMT6plex;AC=UNIMOD:737;PP=Any N-term;MT=Fixed	NT=Oxidation;AC=UNIMOD:35;TA=M;MT=Variable	NT=Acetyl;AC=UNIMOD:1;PP=Protein N-term;MT=Variable	UM171
HL60-UM171-2	Homo sapiens	blood	myeloid cell	2	acute myeloid leukemia	cell line	UM171	36Y	female	HL60	HL-60	CVCL_0002	HL-60	UM171	0.1 uM	3 hour	220711_UM171_RCOR1_HL60_TMT10_F12_of_F13_R1-TMT129C	proteomic profiling by mass spectrometry	1	220711_UM171_RCOR1_HL60_TMT10_F12_of_F13_R1.raw	v1.1.0	NT=ms-proteomics;VV=v1.1.0	NT=human;VV=v1.1.0	NT=cell-lines;VV=v1.1.0	NT=clinical-metadata;VV=v1.0.0	manual curation	NT=Data-dependent acquisition;AC=PRIDE:0000627	NT=Orbitrap Exploris 480;AC=MS:1003028	NT=Trypsin;AC=MS:1001251	TMT129C	12	NT=higher energy beam-type collision-induced dissociation;AC=MS:1000422	NT=Carbamidomethyl;AC=UNIMOD:4;TA=C;MT=Fixed	NT=TMT6plex;AC=UNIMOD:737;TA=K;MT=Fixed	NT=TMT6plex;AC=UNIMOD:737;PP=Any N-term;MT=Fixed	NT=Oxidation;AC=UNIMOD:35;TA=M;MT=Variable	NT=Acetyl;AC=UNIMOD:1;PP=Protein N-term;MT=Variable	UM171
HL60-UM171-2	Homo sapiens	blood	myeloid cell	2	acute myeloid leukemia	cell line	UM171	36Y	female	HL60	HL-60	CVCL_0002	HL-60	UM171	0.1 uM	3 hour	220711_UM171_RCOR1_HL60_TMT10_F13_of_F13_R1-TMT129C	proteomic profiling by mass spectrometry	1	220711_UM171_RCOR1_HL60_TMT10_F13_of_F13_R1.raw	v1.1.0	NT=ms-proteomics;VV=v1.1.0	NT=human;VV=v1.1.0	NT=cell-lines;VV=v1.1.0	NT=clinical-metadata;VV=v1.0.0	manual curation	NT=Data-dependent acquisition;AC=PRIDE:0000627	NT=Orbitrap Exploris 480;AC=MS:1003028	NT=Trypsin;AC=MS:1001251	TMT129C	13	NT=higher energy beam-type collision-induced dissociation;AC=MS:1000422	NT=Carbamidomethyl;AC=UNIMOD:4;TA=C;MT=Fixed	NT=TMT6plex;AC=UNIMOD:737;TA=K;MT=Fixed	NT=TMT6plex;AC=UNIMOD:737;PP=Any N-term;MT=Fixed	NT=Oxidation;AC=UNIMOD:35;TA=M;MT=Variable	NT=Acetyl;AC=UNIMOD:1;PP=Protein N-term;MT=Variable	UM171
HL60-UM171-3	Homo sapiens	blood	myeloid cell	3	acute myeloid leukemia	cell line	UM171	36Y	female	HL60	HL-60	CVCL_0002	HL-60	UM171	0.1 uM	3 hour	220711_UM171_RCOR1_HL60_TMT10_F01_of_F13_R1-TMT130N	proteomic profiling by mass spectrometry	1	220711_UM171_RCOR1_HL60_TMT10_F01_of_F13_R1.raw	v1.1.0	NT=ms-proteomics;VV=v1.1.0	NT=human;VV=v1.1.0	NT=cell-lines;VV=v1.1.0	NT=clinical-metadata;VV=v1.0.0	manual curation	NT=Data-dependent acquisition;AC=PRIDE:0000627	NT=Orbitrap Exploris 480;AC=MS:1003028	NT=Trypsin;AC=MS:1001251	TMT130N	1	NT=higher energy beam-type collision-induced dissociation;AC=MS:1000422	NT=Carbamidomethyl;AC=UNIMOD:4;TA=C;MT=Fixed	NT=TMT6plex;AC=UNIMOD:737;TA=K;MT=Fixed	NT=TMT6plex;AC=UNIMOD:737;PP=Any N-term;MT=Fixed	NT=Oxidation;AC=UNIMOD:35;TA=M;MT=Variable	NT=Acetyl;AC=UNIMOD:1;PP=Protein N-term;MT=Variable	UM171
HL60-UM171-3	Homo sapiens	blood	myeloid cell	3	acute myeloid leukemia	cell line	UM171	36Y	female	HL60	HL-60	CVCL_0002	HL-60	UM171	0.1 uM	3 hour	220711_UM171_RCOR1_HL60_TMT10_F02_of_F13_R1-TMT130N	proteomic profiling by mass spectrometry	1	220711_UM171_RCOR1_HL60_TMT10_F02_of_F13_R1.raw	v1.1.0	NT=ms-proteomics;VV=v1.1.0	NT=human;VV=v1.1.0	NT=cell-lines;VV=v1.1.0	NT=clinical-metadata;VV=v1.0.0	manual curation	NT=Data-dependent acquisition;AC=PRIDE:0000627	NT=Orbitrap Exploris 480;AC=MS:1003028	NT=Trypsin;AC=MS:1001251	TMT130N	2	NT=higher energy beam-type collision-induced dissociation;AC=MS:1000422	NT=Carbamidomethyl;AC=UNIMOD:4;TA=C;MT=Fixed	NT=TMT6plex;AC=UNIMOD:737;TA=K;MT=Fixed	NT=TMT6plex;AC=UNIMOD:737;PP=Any N-term;MT=Fixed	NT=Oxidation;AC=UNIMOD:35;TA=M;MT=Variable	NT=Acetyl;AC=UNIMOD:1;PP=Protein N-term;MT=Variable	UM171
HL60-UM171-3	Homo sapiens	blood	myeloid cell	3	acute myeloid leukemia	cell line	UM171	36Y	female	HL60	HL-60	CVCL_0002	HL-60	UM171	0.1 uM	3 hour	220711_UM171_RCOR1_HL60_TMT10_F03_of_F13_R1-TMT130N	proteomic profiling by mass spectrometry	1	220711_UM171_RCOR1_HL60_TMT10_F03_of_F13_R1.raw	v1.1.0	NT=ms-proteomics;VV=v1.1.0	NT=human;VV=v1.1.0	NT=cell-lines;VV=v1.1.0	NT=clinical-metadata;VV=v1.0.0	manual curation	NT=Data-dependent acquisition;AC=PRIDE:0000627	NT=Orbitrap Exploris 480;AC=MS:1003028	NT=Trypsin;AC=MS:1001251	TMT130N	3	NT=higher energy beam-type collision-induced dissociation;AC=MS:1000422	NT=Carbamidomethyl;AC=UNIMOD:4;TA=C;MT=Fixed	NT=TMT6plex;AC=UNIMOD:737;TA=K;MT=Fixed	NT=TMT6plex;AC=UNIMOD:737;PP=Any N-term;MT=Fixed	NT=Oxidation;AC=UNIMOD:35;TA=M;MT=Variable	NT=Acetyl;AC=UNIMOD:1;PP=Protein N-term;MT=Variable	UM171
HL60-UM171-3	Homo sapiens	blood	myeloid cell	3	acute myeloid leukemia	cell line	UM171	36Y	female	HL60	HL-60	CVCL_0002	HL-60	UM171	0.1 uM	3 hour	220711_UM171_RCOR1_HL60_TMT10_F04_of_F13_R1-TMT130N	proteomic profiling by mass spectrometry	1	220711_UM171_RCOR1_HL60_TMT10_F04_of_F13_R1.raw	v1.1.0	NT=ms-proteomics;VV=v1.1.0	NT=human;VV=v1.1.0	NT=cell-lines;VV=v1.1.0	NT=clinical-metadata;VV=v1.0.0	manual curation	NT=Data-dependent acquisition;AC=PRIDE:0000627	NT=Orbitrap Exploris 480;AC=MS:1003028	NT=Trypsin;AC=MS:1001251	TMT130N	4	NT=higher energy beam-type collision-induced dissociation;AC=MS:1000422	NT=Carbamidomethyl;AC=UNIMOD:4;TA=C;MT=Fixed	NT=TMT6plex;AC=UNIMOD:737;TA=K;MT=Fixed	NT=TMT6plex;AC=UNIMOD:737;PP=Any N-term;MT=Fixed	NT=Oxidation;AC=UNIMOD:35;TA=M;MT=Variable	NT=Acetyl;AC=UNIMOD:1;PP=Protein N-term;MT=Variable	UM171
HL60-UM171-3	Homo sapiens	blood	myeloid cell	3	acute myeloid leukemia	cell line	UM171	36Y	female	HL60	HL-60	CVCL_0002	HL-60	UM171	0.1 uM	3 hour	220711_UM171_RCOR1_HL60_TMT10_F05_of_F13_R1-TMT130N	proteomic profiling by mass spectrometry	1	220711_UM171_RCOR1_HL60_TMT10_F05_of_F13_R1.raw	v1.1.0	NT=ms-proteomics;VV=v1.1.0	NT=human;VV=v1.1.0	NT=cell-lines;VV=v1.1.0	NT=clinical-metadata;VV=v1.0.0	manual curation	NT=Data-dependent acquisition;AC=PRIDE:0000627	NT=Orbitrap Exploris 480;AC=MS:1003028	NT=Trypsin;AC=MS:1001251	TMT130N	5	NT=higher energy beam-type collision-induced dissociation;AC=MS:1000422	NT=Carbamidomethyl;AC=UNIMOD:4;TA=C;MT=Fixed	NT=TMT6plex;AC=UNIMOD:737;TA=K;MT=Fixed	NT=TMT6plex;AC=UNIMOD:737;PP=Any N-term;MT=Fixed	NT=Oxidation;AC=UNIMOD:35;TA=M;MT=Variable	NT=Acetyl;AC=UNIMOD:1;PP=Protein N-term;MT=Variable	UM171
HL60-UM171-3	Homo sapiens	blood	myeloid cell	3	acute myeloid leukemia	cell line	UM171	36Y	female	HL60	HL-60	CVCL_0002	HL-60	UM171	0.1 uM	3 hour	220711_UM171_RCOR1_HL60_TMT10_F06_of_F13_R1-TMT130N	proteomic profiling by mass spectrometry	1	220711_UM171_RCOR1_HL60_TMT10_F06_of_F13_R1.raw	v1.1.0	NT=ms-proteomics;VV=v1.1.0	NT=human;VV=v1.1.0	NT=cell-lines;VV=v1.1.0	NT=clinical-metadata;VV=v1.0.0	manual curation	NT=Data-dependent acquisition;AC=PRIDE:0000627	NT=Orbitrap Exploris 480;AC=MS:1003028	NT=Trypsin;AC=MS:1001251	TMT130N	6	NT=higher energy beam-type collision-induced dissociation;AC=MS:1000422	NT=Carbamidomethyl;AC=UNIMOD:4;TA=C;MT=Fixed	NT=TMT6plex;AC=UNIMOD:737;TA=K;MT=Fixed	NT=TMT6plex;AC=UNIMOD:737;PP=Any N-term;MT=Fixed	NT=Oxidation;AC=UNIMOD:35;TA=M;MT=Variable	NT=Acetyl;AC=UNIMOD:1;PP=Protein N-term;MT=Variable	UM171
HL60-UM171-3	Homo sapiens	blood	myeloid cell	3	acute myeloid leukemia	cell line	UM171	36Y	female	HL60	HL-60	CVCL_0002	HL-60	UM171	0.1 uM	3 hour	220711_UM171_RCOR1_HL60_TMT10_F07_of_F13_R1-TMT130N	proteomic profiling by mass spectrometry	1	220711_UM171_RCOR1_HL60_TMT10_F07_of_F13_R1.raw	v1.1.0	NT=ms-proteomics;VV=v1.1.0	NT=human;VV=v1.1.0	NT=cell-lines;VV=v1.1.0	NT=clinical-metadata;VV=v1.0.0	manual curation	NT=Data-dependent acquisition;AC=PRIDE:0000627	NT=Orbitrap Exploris 480;AC=MS:1003028	NT=Trypsin;AC=MS:1001251	TMT130N	7	NT=higher energy beam-type collision-induced dissociation;AC=MS:1000422	NT=Carbamidomethyl;AC=UNIMOD:4;TA=C;MT=Fixed	NT=TMT6plex;AC=UNIMOD:737;TA=K;MT=Fixed	NT=TMT6plex;AC=UNIMOD:737;PP=Any N-term;MT=Fixed	NT=Oxidation;AC=UNIMOD:35;TA=M;MT=Variable	NT=Acetyl;AC=UNIMOD:1;PP=Protein N-term;MT=Variable	UM171
HL60-UM171-3	Homo sapiens	blood	myeloid cell	3	acute myeloid leukemia	cell line	UM171	36Y	female	HL60	HL-60	CVCL_0002	HL-60	UM171	0.1 uM	3 hour	220711_UM171_RCOR1_HL60_TMT10_F08_of_F13_R1-TMT130N	proteomic profiling by mass spectrometry	1	220711_UM171_RCOR1_HL60_TMT10_F08_of_F13_R1.raw	v1.1.0	NT=ms-proteomics;VV=v1.1.0	NT=human;VV=v1.1.0	NT=cell-lines;VV=v1.1.0	NT=clinical-metadata;VV=v1.0.0	manual curation	NT=Data-dependent acquisition;AC=PRIDE:0000627	NT=Orbitrap Exploris 480;AC=MS:1003028	NT=Trypsin;AC=MS:1001251	TMT130N	8	NT=higher energy beam-type collision-induced dissociation;AC=MS:1000422	NT=Carbamidomethyl;AC=UNIMOD:4;TA=C;MT=Fixed	NT=TMT6plex;AC=UNIMOD:737;TA=K;MT=Fixed	NT=TMT6plex;AC=UNIMOD:737;PP=Any N-term;MT=Fixed	NT=Oxidation;AC=UNIMOD:35;TA=M;MT=Variable	NT=Acetyl;AC=UNIMOD:1;PP=Protein N-term;MT=Variable	UM171
HL60-UM171-3	Homo sapiens	blood	myeloid cell	3	acute myeloid leukemia	cell line	UM171	36Y	female	HL60	HL-60	CVCL_0002	HL-60	UM171	0.1 uM	3 hour	220711_UM171_RCOR1_HL60_TMT10_F09_of_F13_R1-TMT130N	proteomic profiling by mass spectrometry	1	220711_UM171_RCOR1_HL60_TMT10_F09_of_F13_R1.raw	v1.1.0	NT=ms-proteomics;VV=v1.1.0	NT=human;VV=v1.1.0	NT=cell-lines;VV=v1.1.0	NT=clinical-metadata;VV=v1.0.0	manual curation	NT=Data-dependent acquisition;AC=PRIDE:0000627	NT=Orbitrap Exploris 480;AC=MS:1003028	NT=Trypsin;AC=MS:1001251	TMT130N	9	NT=higher energy beam-type collision-induced dissociation;AC=MS:1000422	NT=Carbamidomethyl;AC=UNIMOD:4;TA=C;MT=Fixed	NT=TMT6plex;AC=UNIMOD:737;TA=K;MT=Fixed	NT=TMT6plex;AC=UNIMOD:737;PP=Any N-term;MT=Fixed	NT=Oxidation;AC=UNIMOD:35;TA=M;MT=Variable	NT=Acetyl;AC=UNIMOD:1;PP=Protein N-term;MT=Variable	UM171
HL60-UM171-3	Homo sapiens	blood	myeloid cell	3	acute myeloid leukemia	cell line	UM171	36Y	female	HL60	HL-60	CVCL_0002	HL-60	UM171	0.1 uM	3 hour	220711_UM171_RCOR1_HL60_TMT10_F10_of_F13_R1-TMT130N	proteomic profiling by mass spectrometry	1	220711_UM171_RCOR1_HL60_TMT10_F10_of_F13_R1.raw	v1.1.0	NT=ms-proteomics;VV=v1.1.0	NT=human;VV=v1.1.0	NT=cell-lines;VV=v1.1.0	NT=clinical-metadata;VV=v1.0.0	manual curation	NT=Data-dependent acquisition;AC=PRIDE:0000627	NT=Orbitrap Exploris 480;AC=MS:1003028	NT=Trypsin;AC=MS:1001251	TMT130N	10	NT=higher energy beam-type collision-induced dissociation;AC=MS:1000422	NT=Carbamidomethyl;AC=UNIMOD:4;TA=C;MT=Fixed	NT=TMT6plex;AC=UNIMOD:737;TA=K;MT=Fixed	NT=TMT6plex;AC=UNIMOD:737;PP=Any N-term;MT=Fixed	NT=Oxidation;AC=UNIMOD:35;TA=M;MT=Variable	NT=Acetyl;AC=UNIMOD:1;PP=Protein N-term;MT=Variable	UM171
HL60-UM171-3	Homo sapiens	blood	myeloid cell	3	acute myeloid leukemia	cell line	UM171	36Y	female	HL60	HL-60	CVCL_0002	HL-60	UM171	0.1 uM	3 hour	220711_UM171_RCOR1_HL60_TMT10_F11_of_F13_R1-TMT130N	proteomic profiling by mass spectrometry	1	220711_UM171_RCOR1_HL60_TMT10_F11_of_F13_R1.raw	v1.1.0	NT=ms-proteomics;VV=v1.1.0	NT=human;VV=v1.1.0	NT=cell-lines;VV=v1.1.0	NT=clinical-metadata;VV=v1.0.0	manual curation	NT=Data-dependent acquisition;AC=PRIDE:0000627	NT=Orbitrap Exploris 480;AC=MS:1003028	NT=Trypsin;AC=MS:1001251	TMT130N	11	NT=higher energy beam-type collision-induced dissociation;AC=MS:1000422	NT=Carbamidomethyl;AC=UNIMOD:4;TA=C;MT=Fixed	NT=TMT6plex;AC=UNIMOD:737;TA=K;MT=Fixed	NT=TMT6plex;AC=UNIMOD:737;PP=Any N-term;MT=Fixed	NT=Oxidation;AC=UNIMOD:35;TA=M;MT=Variable	NT=Acetyl;AC=UNIMOD:1;PP=Protein N-term;MT=Variable	UM171
HL60-UM171-3	Homo sapiens	blood	myeloid cell	3	acute myeloid leukemia	cell line	UM171	36Y	female	HL60	HL-60	CVCL_0002	HL-60	UM171	0.1 uM	3 hour	220711_UM171_RCOR1_HL60_TMT10_F12_of_F13_R1-TMT130N	proteomic profiling by mass spectrometry	1	220711_UM171_RCOR1_HL60_TMT10_F12_of_F13_R1.raw	v1.1.0	NT=ms-proteomics;VV=v1.1.0	NT=human;VV=v1.1.0	NT=cell-lines;VV=v1.1.0	NT=clinical-metadata;VV=v1.0.0	manual curation	NT=Data-dependent acquisition;AC=PRIDE:0000627	NT=Orbitrap Exploris 480;AC=MS:1003028	NT=Trypsin;AC=MS:1001251	TMT130N	12	NT=higher energy beam-type collision-induced dissociation;AC=MS:1000422	NT=Carbamidomethyl;AC=UNIMOD:4;TA=C;MT=Fixed	NT=TMT6plex;AC=UNIMOD:737;TA=K;MT=Fixed	NT=TMT6plex;AC=UNIMOD:737;PP=Any N-term;MT=Fixed	NT=Oxidation;AC=UNIMOD:35;TA=M;MT=Variable	NT=Acetyl;AC=UNIMOD:1;PP=Protein N-term;MT=Variable	UM171
HL60-UM171-3	Homo sapiens	blood	myeloid cell	3	acute myeloid leukemia	cell line	UM171	36Y	female	HL60	HL-60	CVCL_0002	HL-60	UM171	0.1 uM	3 hour	220711_UM171_RCOR1_HL60_TMT10_F13_of_F13_R1-TMT130N	proteomic profiling by mass spectrometry	1	220711_UM171_RCOR1_HL60_TMT10_F13_of_F13_R1.raw	v1.1.0	NT=ms-proteomics;VV=v1.1.0	NT=human;VV=v1.1.0	NT=cell-lines;VV=v1.1.0	NT=clinical-metadata;VV=v1.0.0	manual curation	NT=Data-dependent acquisition;AC=PRIDE:0000627	NT=Orbitrap Exploris 480;AC=MS:1003028	NT=Trypsin;AC=MS:1001251	TMT130N	13	NT=higher energy beam-type collision-induced dissociation;AC=MS:1000422	NT=Carbamidomethyl;AC=UNIMOD:4;TA=C;MT=Fixed	NT=TMT6plex;AC=UNIMOD:737;TA=K;MT=Fixed	NT=TMT6plex;AC=UNIMOD:737;PP=Any N-term;MT=Fixed	NT=Oxidation;AC=UNIMOD:35;TA=M;MT=Variable	NT=Acetyl;AC=UNIMOD:1;PP=Protein N-term;MT=Variable	UM171
HL60-UM171-4	Homo sapiens	blood	myeloid cell	4	acute myeloid leukemia	cell line	UM171	36Y	female	HL60	HL-60	CVCL_0002	HL-60	UM171	0.1 uM	3 hour	220711_UM171_RCOR1_HL60_TMT10_F01_of_F13_R1-TMT130C	proteomic profiling by mass spectrometry	1	220711_UM171_RCOR1_HL60_TMT10_F01_of_F13_R1.raw	v1.1.0	NT=ms-proteomics;VV=v1.1.0	NT=human;VV=v1.1.0	NT=cell-lines;VV=v1.1.0	NT=clinical-metadata;VV=v1.0.0	manual curation	NT=Data-dependent acquisition;AC=PRIDE:0000627	NT=Orbitrap Exploris 480;AC=MS:1003028	NT=Trypsin;AC=MS:1001251	TMT130C	1	NT=higher energy beam-type collision-induced dissociation;AC=MS:1000422	NT=Carbamidomethyl;AC=UNIMOD:4;TA=C;MT=Fixed	NT=TMT6plex;AC=UNIMOD:737;TA=K;MT=Fixed	NT=TMT6plex;AC=UNIMOD:737;PP=Any N-term;MT=Fixed	NT=Oxidation;AC=UNIMOD:35;TA=M;MT=Variable	NT=Acetyl;AC=UNIMOD:1;PP=Protein N-term;MT=Variable	UM171
HL60-UM171-4	Homo sapiens	blood	myeloid cell	4	acute myeloid leukemia	cell line	UM171	36Y	female	HL60	HL-60	CVCL_0002	HL-60	UM171	0.1 uM	3 hour	220711_UM171_RCOR1_HL60_TMT10_F02_of_F13_R1-TMT130C	proteomic profiling by mass spectrometry	1	220711_UM171_RCOR1_HL60_TMT10_F02_of_F13_R1.raw	v1.1.0	NT=ms-proteomics;VV=v1.1.0	NT=human;VV=v1.1.0	NT=cell-lines;VV=v1.1.0	NT=clinical-metadata;VV=v1.0.0	manual curation	NT=Data-dependent acquisition;AC=PRIDE:0000627	NT=Orbitrap Exploris 480;AC=MS:1003028	NT=Trypsin;AC=MS:1001251	TMT130C	2	NT=higher energy beam-type collision-induced dissociation;AC=MS:1000422	NT=Carbamidomethyl;AC=UNIMOD:4;TA=C;MT=Fixed	NT=TMT6plex;AC=UNIMOD:737;TA=K;MT=Fixed	NT=TMT6plex;AC=UNIMOD:737;PP=Any N-term;MT=Fixed	NT=Oxidation;AC=UNIMOD:35;TA=M;MT=Variable	NT=Acetyl;AC=UNIMOD:1;PP=Protein N-term;MT=Variable	UM171
HL60-UM171-4	Homo sapiens	blood	myeloid cell	4	acute myeloid leukemia	cell line	UM171	36Y	female	HL60	HL-60	CVCL_0002	HL-60	UM171	0.1 uM	3 hour	220711_UM171_RCOR1_HL60_TMT10_F03_of_F13_R1-TMT130C	proteomic profiling by mass spectrometry	1	220711_UM171_RCOR1_HL60_TMT10_F03_of_F13_R1.raw	v1.1.0	NT=ms-proteomics;VV=v1.1.0	NT=human;VV=v1.1.0	NT=cell-lines;VV=v1.1.0	NT=clinical-metadata;VV=v1.0.0	manual curation	NT=Data-dependent acquisition;AC=PRIDE:0000627	NT=Orbitrap Exploris 480;AC=MS:1003028	NT=Trypsin;AC=MS:1001251	TMT130C	3	NT=higher energy beam-type collision-induced dissociation;AC=MS:1000422	NT=Carbamidomethyl;AC=UNIMOD:4;TA=C;MT=Fixed	NT=TMT6plex;AC=UNIMOD:737;TA=K;MT=Fixed	NT=TMT6plex;AC=UNIMOD:737;PP=Any N-term;MT=Fixed	NT=Oxidation;AC=UNIMOD:35;TA=M;MT=Variable	NT=Acetyl;AC=UNIMOD:1;PP=Protein N-term;MT=Variable	UM171
HL60-UM171-4	Homo sapiens	blood	myeloid cell	4	acute myeloid leukemia	cell line	UM171	36Y	female	HL60	HL-60	CVCL_0002	HL-60	UM171	0.1 uM	3 hour	220711_UM171_RCOR1_HL60_TMT10_F04_of_F13_R1-TMT130C	proteomic profiling by mass spectrometry	1	220711_UM171_RCOR1_HL60_TMT10_F04_of_F13_R1.raw	v1.1.0	NT=ms-proteomics;VV=v1.1.0	NT=human;VV=v1.1.0	NT=cell-lines;VV=v1.1.0	NT=clinical-metadata;VV=v1.0.0	manual curation	NT=Data-dependent acquisition;AC=PRIDE:0000627	NT=Orbitrap Exploris 480;AC=MS:1003028	NT=Trypsin;AC=MS:1001251	TMT130C	4	NT=higher energy beam-type collision-induced dissociation;AC=MS:1000422	NT=Carbamidomethyl;AC=UNIMOD:4;TA=C;MT=Fixed	NT=TMT6plex;AC=UNIMOD:737;TA=K;MT=Fixed	NT=TMT6plex;AC=UNIMOD:737;PP=Any N-term;MT=Fixed	NT=Oxidation;AC=UNIMOD:35;TA=M;MT=Variable	NT=Acetyl;AC=UNIMOD:1;PP=Protein N-term;MT=Variable	UM171
HL60-UM171-4	Homo sapiens	blood	myeloid cell	4	acute myeloid leukemia	cell line	UM171	36Y	female	HL60	HL-60	CVCL_0002	HL-60	UM171	0.1 uM	3 hour	220711_UM171_RCOR1_HL60_TMT10_F05_of_F13_R1-TMT130C	proteomic profiling by mass spectrometry	1	220711_UM171_RCOR1_HL60_TMT10_F05_of_F13_R1.raw	v1.1.0	NT=ms-proteomics;VV=v1.1.0	NT=human;VV=v1.1.0	NT=cell-lines;VV=v1.1.0	NT=clinical-metadata;VV=v1.0.0	manual curation	NT=Data-dependent acquisition;AC=PRIDE:0000627	NT=Orbitrap Exploris 480;AC=MS:1003028	NT=Trypsin;AC=MS:1001251	TMT130C	5	NT=higher energy beam-type collision-induced dissociation;AC=MS:1000422	NT=Carbamidomethyl;AC=UNIMOD:4;TA=C;MT=Fixed	NT=TMT6plex;AC=UNIMOD:737;TA=K;MT=Fixed	NT=TMT6plex;AC=UNIMOD:737;PP=Any N-term;MT=Fixed	NT=Oxidation;AC=UNIMOD:35;TA=M;MT=Variable	NT=Acetyl;AC=UNIMOD:1;PP=Protein N-term;MT=Variable	UM171
HL60-UM171-4	Homo sapiens	blood	myeloid cell	4	acute myeloid leukemia	cell line	UM171	36Y	female	HL60	HL-60	CVCL_0002	HL-60	UM171	0.1 uM	3 hour	220711_UM171_RCOR1_HL60_TMT10_F06_of_F13_R1-TMT130C	proteomic profiling by mass spectrometry	1	220711_UM171_RCOR1_HL60_TMT10_F06_of_F13_R1.raw	v1.1.0	NT=ms-proteomics;VV=v1.1.0	NT=human;VV=v1.1.0	NT=cell-lines;VV=v1.1.0	NT=clinical-metadata;VV=v1.0.0	manual curation	NT=Data-dependent acquisition;AC=PRIDE:0000627	NT=Orbitrap Exploris 480;AC=MS:1003028	NT=Trypsin;AC=MS:1001251	TMT130C	6	NT=higher energy beam-type collision-induced dissociation;AC=MS:1000422	NT=Carbamidomethyl;AC=UNIMOD:4;TA=C;MT=Fixed	NT=TMT6plex;AC=UNIMOD:737;TA=K;MT=Fixed	NT=TMT6plex;AC=UNIMOD:737;PP=Any N-term;MT=Fixed	NT=Oxidation;AC=UNIMOD:35;TA=M;MT=Variable	NT=Acetyl;AC=UNIMOD:1;PP=Protein N-term;MT=Variable	UM171
HL60-UM171-4	Homo sapiens	blood	myeloid cell	4	acute myeloid leukemia	cell line	UM171	36Y	female	HL60	HL-60	CVCL_0002	HL-60	UM171	0.1 uM	3 hour	220711_UM171_RCOR1_HL60_TMT10_F07_of_F13_R1-TMT130C	proteomic profiling by mass spectrometry	1	220711_UM171_RCOR1_HL60_TMT10_F07_of_F13_R1.raw	v1.1.0	NT=ms-proteomics;VV=v1.1.0	NT=human;VV=v1.1.0	NT=cell-lines;VV=v1.1.0	NT=clinical-metadata;VV=v1.0.0	manual curation	NT=Data-dependent acquisition;AC=PRIDE:0000627	NT=Orbitrap Exploris 480;AC=MS:1003028	NT=Trypsin;AC=MS:1001251	TMT130C	7	NT=higher energy beam-type collision-induced dissociation;AC=MS:1000422	NT=Carbamidomethyl;AC=UNIMOD:4;TA=C;MT=Fixed	NT=TMT6plex;AC=UNIMOD:737;TA=K;MT=Fixed	NT=TMT6plex;AC=UNIMOD:737;PP=Any N-term;MT=Fixed	NT=Oxidation;AC=UNIMOD:35;TA=M;MT=Variable	NT=Acetyl;AC=UNIMOD:1;PP=Protein N-term;MT=Variable	UM171
HL60-UM171-4	Homo sapiens	blood	myeloid cell	4	acute myeloid leukemia	cell line	UM171	36Y	female	HL60	HL-60	CVCL_0002	HL-60	UM171	0.1 uM	3 hour	220711_UM171_RCOR1_HL60_TMT10_F08_of_F13_R1-TMT130C	proteomic profiling by mass spectrometry	1	220711_UM171_RCOR1_HL60_TMT10_F08_of_F13_R1.raw	v1.1.0	NT=ms-proteomics;VV=v1.1.0	NT=human;VV=v1.1.0	NT=cell-lines;VV=v1.1.0	NT=clinical-metadata;VV=v1.0.0	manual curation	NT=Data-dependent acquisition;AC=PRIDE:0000627	NT=Orbitrap Exploris 480;AC=MS:1003028	NT=Trypsin;AC=MS:1001251	TMT130C	8	NT=higher energy beam-type collision-induced dissociation;AC=MS:1000422	NT=Carbamidomethyl;AC=UNIMOD:4;TA=C;MT=Fixed	NT=TMT6plex;AC=UNIMOD:737;TA=K;MT=Fixed	NT=TMT6plex;AC=UNIMOD:737;PP=Any N-term;MT=Fixed	NT=Oxidation;AC=UNIMOD:35;TA=M;MT=Variable	NT=Acetyl;AC=UNIMOD:1;PP=Protein N-term;MT=Variable	UM171
HL60-UM171-4	Homo sapiens	blood	myeloid cell	4	acute myeloid leukemia	cell line	UM171	36Y	female	HL60	HL-60	CVCL_0002	HL-60	UM171	0.1 uM	3 hour	220711_UM171_RCOR1_HL60_TMT10_F09_of_F13_R1-TMT130C	proteomic profiling by mass spectrometry	1	220711_UM171_RCOR1_HL60_TMT10_F09_of_F13_R1.raw	v1.1.0	NT=ms-proteomics;VV=v1.1.0	NT=human;VV=v1.1.0	NT=cell-lines;VV=v1.1.0	NT=clinical-metadata;VV=v1.0.0	manual curation	NT=Data-dependent acquisition;AC=PRIDE:0000627	NT=Orbitrap Exploris 480;AC=MS:1003028	NT=Trypsin;AC=MS:1001251	TMT130C	9	NT=higher energy beam-type collision-induced dissociation;AC=MS:1000422	NT=Carbamidomethyl;AC=UNIMOD:4;TA=C;MT=Fixed	NT=TMT6plex;AC=UNIMOD:737;TA=K;MT=Fixed	NT=TMT6plex;AC=UNIMOD:737;PP=Any N-term;MT=Fixed	NT=Oxidation;AC=UNIMOD:35;TA=M;MT=Variable	NT=Acetyl;AC=UNIMOD:1;PP=Protein N-term;MT=Variable	UM171
HL60-UM171-4	Homo sapiens	blood	myeloid cell	4	acute myeloid leukemia	cell line	UM171	36Y	female	HL60	HL-60	CVCL_0002	HL-60	UM171	0.1 uM	3 hour	220711_UM171_RCOR1_HL60_TMT10_F10_of_F13_R1-TMT130C	proteomic profiling by mass spectrometry	1	220711_UM171_RCOR1_HL60_TMT10_F10_of_F13_R1.raw	v1.1.0	NT=ms-proteomics;VV=v1.1.0	NT=human;VV=v1.1.0	NT=cell-lines;VV=v1.1.0	NT=clinical-metadata;VV=v1.0.0	manual curation	NT=Data-dependent acquisition;AC=PRIDE:0000627	NT=Orbitrap Exploris 480;AC=MS:1003028	NT=Trypsin;AC=MS:1001251	TMT130C	10	NT=higher energy beam-type collision-induced dissociation;AC=MS:1000422	NT=Carbamidomethyl;AC=UNIMOD:4;TA=C;MT=Fixed	NT=TMT6plex;AC=UNIMOD:737;TA=K;MT=Fixed	NT=TMT6plex;AC=UNIMOD:737;PP=Any N-term;MT=Fixed	NT=Oxidation;AC=UNIMOD:35;TA=M;MT=Variable	NT=Acetyl;AC=UNIMOD:1;PP=Protein N-term;MT=Variable	UM171
HL60-UM171-4	Homo sapiens	blood	myeloid cell	4	acute myeloid leukemia	cell line	UM171	36Y	female	HL60	HL-60	CVCL_0002	HL-60	UM171	0.1 uM	3 hour	220711_UM171_RCOR1_HL60_TMT10_F11_of_F13_R1-TMT130C	proteomic profiling by mass spectrometry	1	220711_UM171_RCOR1_HL60_TMT10_F11_of_F13_R1.raw	v1.1.0	NT=ms-proteomics;VV=v1.1.0	NT=human;VV=v1.1.0	NT=cell-lines;VV=v1.1.0	NT=clinical-metadata;VV=v1.0.0	manual curation	NT=Data-dependent acquisition;AC=PRIDE:0000627	NT=Orbitrap Exploris 480;AC=MS:1003028	NT=Trypsin;AC=MS:1001251	TMT130C	11	NT=higher energy beam-type collision-induced dissociation;AC=MS:1000422	NT=Carbamidomethyl;AC=UNIMOD:4;TA=C;MT=Fixed	NT=TMT6plex;AC=UNIMOD:737;TA=K;MT=Fixed	NT=TMT6plex;AC=UNIMOD:737;PP=Any N-term;MT=Fixed	NT=Oxidation;AC=UNIMOD:35;TA=M;MT=Variable	NT=Acetyl;AC=UNIMOD:1;PP=Protein N-term;MT=Variable	UM171
HL60-UM171-4	Homo sapiens	blood	myeloid cell	4	acute myeloid leukemia	cell line	UM171	36Y	female	HL60	HL-60	CVCL_0002	HL-60	UM171	0.1 uM	3 hour	220711_UM171_RCOR1_HL60_TMT10_F12_of_F13_R1-TMT130C	proteomic profiling by mass spectrometry	1	220711_UM171_RCOR1_HL60_TMT10_F12_of_F13_R1.raw	v1.1.0	NT=ms-proteomics;VV=v1.1.0	NT=human;VV=v1.1.0	NT=cell-lines;VV=v1.1.0	NT=clinical-metadata;VV=v1.0.0	manual curation	NT=Data-dependent acquisition;AC=PRIDE:0000627	NT=Orbitrap Exploris 480;AC=MS:1003028	NT=Trypsin;AC=MS:1001251	TMT130C	12	NT=higher energy beam-type collision-induced dissociation;AC=MS:1000422	NT=Carbamidomethyl;AC=UNIMOD:4;TA=C;MT=Fixed	NT=TMT6plex;AC=UNIMOD:737;TA=K;MT=Fixed	NT=TMT6plex;AC=UNIMOD:737;PP=Any N-term;MT=Fixed	NT=Oxidation;AC=UNIMOD:35;TA=M;MT=Variable	NT=Acetyl;AC=UNIMOD:1;PP=Protein N-term;MT=Variable	UM171
HL60-UM171-4	Homo sapiens	blood	myeloid cell	4	acute myeloid leukemia	cell line	UM171	36Y	female	HL60	HL-60	CVCL_0002	HL-60	UM171	0.1 uM	3 hour	220711_UM171_RCOR1_HL60_TMT10_F13_of_F13_R1-TMT130C	proteomic profiling by mass spectrometry	1	220711_UM171_RCOR1_HL60_TMT10_F13_of_F13_R1.raw	v1.1.0	NT=ms-proteomics;VV=v1.1.0	NT=human;VV=v1.1.0	NT=cell-lines;VV=v1.1.0	NT=clinical-metadata;VV=v1.0.0	manual curation	NT=Data-dependent acquisition;AC=PRIDE:0000627	NT=Orbitrap Exploris 480;AC=MS:1003028	NT=Trypsin;AC=MS:1001251	TMT130C	13	NT=higher energy beam-type collision-induced dissociation;AC=MS:1000422	NT=Carbamidomethyl;AC=UNIMOD:4;TA=C;MT=Fixed	NT=TMT6plex;AC=UNIMOD:737;TA=K;MT=Fixed	NT=TMT6plex;AC=UNIMOD:737;PP=Any N-term;MT=Fixed	NT=Oxidation;AC=UNIMOD:35;TA=M;MT=Variable	NT=Acetyl;AC=UNIMOD:1;PP=Protein N-term;MT=Variable	UM171
HL60-UM171-5	Homo sapiens	blood	myeloid cell	5	acute myeloid leukemia	cell line	UM171	36Y	female	HL60	HL-60	CVCL_0002	HL-60	UM171	0.1 uM	3 hour	220711_UM171_RCOR1_HL60_TMT10_F01_of_F13_R1-TMT131	proteomic profiling by mass spectrometry	1	220711_UM171_RCOR1_HL60_TMT10_F01_of_F13_R1.raw	v1.1.0	NT=ms-proteomics;VV=v1.1.0	NT=human;VV=v1.1.0	NT=cell-lines;VV=v1.1.0	NT=clinical-metadata;VV=v1.0.0	manual curation	NT=Data-dependent acquisition;AC=PRIDE:0000627	NT=Orbitrap Exploris 480;AC=MS:1003028	NT=Trypsin;AC=MS:1001251	TMT131	1	NT=higher energy beam-type collision-induced dissociation;AC=MS:1000422	NT=Carbamidomethyl;AC=UNIMOD:4;TA=C;MT=Fixed	NT=TMT6plex;AC=UNIMOD:737;TA=K;MT=Fixed	NT=TMT6plex;AC=UNIMOD:737;PP=Any N-term;MT=Fixed	NT=Oxidation;AC=UNIMOD:35;TA=M;MT=Variable	NT=Acetyl;AC=UNIMOD:1;PP=Protein N-term;MT=Variable	UM171
HL60-UM171-5	Homo sapiens	blood	myeloid cell	5	acute myeloid leukemia	cell line	UM171	36Y	female	HL60	HL-60	CVCL_0002	HL-60	UM171	0.1 uM	3 hour	220711_UM171_RCOR1_HL60_TMT10_F02_of_F13_R1-TMT131	proteomic profiling by mass spectrometry	1	220711_UM171_RCOR1_HL60_TMT10_F02_of_F13_R1.raw	v1.1.0	NT=ms-proteomics;VV=v1.1.0	NT=human;VV=v1.1.0	NT=cell-lines;VV=v1.1.0	NT=clinical-metadata;VV=v1.0.0	manual curation	NT=Data-dependent acquisition;AC=PRIDE:0000627	NT=Orbitrap Exploris 480;AC=MS:1003028	NT=Trypsin;AC=MS:1001251	TMT131	2	NT=higher energy beam-type collision-induced dissociation;AC=MS:1000422	NT=Carbamidomethyl;AC=UNIMOD:4;TA=C;MT=Fixed	NT=TMT6plex;AC=UNIMOD:737;TA=K;MT=Fixed	NT=TMT6plex;AC=UNIMOD:737;PP=Any N-term;MT=Fixed	NT=Oxidation;AC=UNIMOD:35;TA=M;MT=Variable	NT=Acetyl;AC=UNIMOD:1;PP=Protein N-term;MT=Variable	UM171
HL60-UM171-5	Homo sapiens	blood	myeloid cell	5	acute myeloid leukemia	cell line	UM171	36Y	female	HL60	HL-60	CVCL_0002	HL-60	UM171	0.1 uM	3 hour	220711_UM171_RCOR1_HL60_TMT10_F03_of_F13_R1-TMT131	proteomic profiling by mass spectrometry	1	220711_UM171_RCOR1_HL60_TMT10_F03_of_F13_R1.raw	v1.1.0	NT=ms-proteomics;VV=v1.1.0	NT=human;VV=v1.1.0	NT=cell-lines;VV=v1.1.0	NT=clinical-metadata;VV=v1.0.0	manual curation	NT=Data-dependent acquisition;AC=PRIDE:0000627	NT=Orbitrap Exploris 480;AC=MS:1003028	NT=Trypsin;AC=MS:1001251	TMT131	3	NT=higher energy beam-type collision-induced dissociation;AC=MS:1000422	NT=Carbamidomethyl;AC=UNIMOD:4;TA=C;MT=Fixed	NT=TMT6plex;AC=UNIMOD:737;TA=K;MT=Fixed	NT=TMT6plex;AC=UNIMOD:737;PP=Any N-term;MT=Fixed	NT=Oxidation;AC=UNIMOD:35;TA=M;MT=Variable	NT=Acetyl;AC=UNIMOD:1;PP=Protein N-term;MT=Variable	UM171
HL60-UM171-5	Homo sapiens	blood	myeloid cell	5	acute myeloid leukemia	cell line	UM171	36Y	female	HL60	HL-60	CVCL_0002	HL-60	UM171	0.1 uM	3 hour	220711_UM171_RCOR1_HL60_TMT10_F04_of_F13_R1-TMT131	proteomic profiling by mass spectrometry	1	220711_UM171_RCOR1_HL60_TMT10_F04_of_F13_R1.raw	v1.1.0	NT=ms-proteomics;VV=v1.1.0	NT=human;VV=v1.1.0	NT=cell-lines;VV=v1.1.0	NT=clinical-metadata;VV=v1.0.0	manual curation	NT=Data-dependent acquisition;AC=PRIDE:0000627	NT=Orbitrap Exploris 480;AC=MS:1003028	NT=Trypsin;AC=MS:1001251	TMT131	4	NT=higher energy beam-type collision-induced dissociation;AC=MS:1000422	NT=Carbamidomethyl;AC=UNIMOD:4;TA=C;MT=Fixed	NT=TMT6plex;AC=UNIMOD:737;TA=K;MT=Fixed	NT=TMT6plex;AC=UNIMOD:737;PP=Any N-term;MT=Fixed	NT=Oxidation;AC=UNIMOD:35;TA=M;MT=Variable	NT=Acetyl;AC=UNIMOD:1;PP=Protein N-term;MT=Variable	UM171
HL60-UM171-5	Homo sapiens	blood	myeloid cell	5	acute myeloid leukemia	cell line	UM171	36Y	female	HL60	HL-60	CVCL_0002	HL-60	UM171	0.1 uM	3 hour	220711_UM171_RCOR1_HL60_TMT10_F05_of_F13_R1-TMT131	proteomic profiling by mass spectrometry	1	220711_UM171_RCOR1_HL60_TMT10_F05_of_F13_R1.raw	v1.1.0	NT=ms-proteomics;VV=v1.1.0	NT=human;VV=v1.1.0	NT=cell-lines;VV=v1.1.0	NT=clinical-metadata;VV=v1.0.0	manual curation	NT=Data-dependent acquisition;AC=PRIDE:0000627	NT=Orbitrap Exploris 480;AC=MS:1003028	NT=Trypsin;AC=MS:1001251	TMT131	5	NT=higher energy beam-type collision-induced dissociation;AC=MS:1000422	NT=Carbamidomethyl;AC=UNIMOD:4;TA=C;MT=Fixed	NT=TMT6plex;AC=UNIMOD:737;TA=K;MT=Fixed	NT=TMT6plex;AC=UNIMOD:737;PP=Any N-term;MT=Fixed	NT=Oxidation;AC=UNIMOD:35;TA=M;MT=Variable	NT=Acetyl;AC=UNIMOD:1;PP=Protein N-term;MT=Variable	UM171
HL60-UM171-5	Homo sapiens	blood	myeloid cell	5	acute myeloid leukemia	cell line	UM171	36Y	female	HL60	HL-60	CVCL_0002	HL-60	UM171	0.1 uM	3 hour	220711_UM171_RCOR1_HL60_TMT10_F06_of_F13_R1-TMT131	proteomic profiling by mass spectrometry	1	220711_UM171_RCOR1_HL60_TMT10_F06_of_F13_R1.raw	v1.1.0	NT=ms-proteomics;VV=v1.1.0	NT=human;VV=v1.1.0	NT=cell-lines;VV=v1.1.0	NT=clinical-metadata;VV=v1.0.0	manual curation	NT=Data-dependent acquisition;AC=PRIDE:0000627	NT=Orbitrap Exploris 480;AC=MS:1003028	NT=Trypsin;AC=MS:1001251	TMT131	6	NT=higher energy beam-type collision-induced dissociation;AC=MS:1000422	NT=Carbamidomethyl;AC=UNIMOD:4;TA=C;MT=Fixed	NT=TMT6plex;AC=UNIMOD:737;TA=K;MT=Fixed	NT=TMT6plex;AC=UNIMOD:737;PP=Any N-term;MT=Fixed	NT=Oxidation;AC=UNIMOD:35;TA=M;MT=Variable	NT=Acetyl;AC=UNIMOD:1;PP=Protein N-term;MT=Variable	UM171
HL60-UM171-5	Homo sapiens	blood	myeloid cell	5	acute myeloid leukemia	cell line	UM171	36Y	female	HL60	HL-60	CVCL_0002	HL-60	UM171	0.1 uM	3 hour	220711_UM171_RCOR1_HL60_TMT10_F07_of_F13_R1-TMT131	proteomic profiling by mass spectrometry	1	220711_UM171_RCOR1_HL60_TMT10_F07_of_F13_R1.raw	v1.1.0	NT=ms-proteomics;VV=v1.1.0	NT=human;VV=v1.1.0	NT=cell-lines;VV=v1.1.0	NT=clinical-metadata;VV=v1.0.0	manual curation	NT=Data-dependent acquisition;AC=PRIDE:0000627	NT=Orbitrap Exploris 480;AC=MS:1003028	NT=Trypsin;AC=MS:1001251	TMT131	7	NT=higher energy beam-type collision-induced dissociation;AC=MS:1000422	NT=Carbamidomethyl;AC=UNIMOD:4;TA=C;MT=Fixed	NT=TMT6plex;AC=UNIMOD:737;TA=K;MT=Fixed	NT=TMT6plex;AC=UNIMOD:737;PP=Any N-term;MT=Fixed	NT=Oxidation;AC=UNIMOD:35;TA=M;MT=Variable	NT=Acetyl;AC=UNIMOD:1;PP=Protein N-term;MT=Variable	UM171
HL60-UM171-5	Homo sapiens	blood	myeloid cell	5	acute myeloid leukemia	cell line	UM171	36Y	female	HL60	HL-60	CVCL_0002	HL-60	UM171	0.1 uM	3 hour	220711_UM171_RCOR1_HL60_TMT10_F08_of_F13_R1-TMT131	proteomic profiling by mass spectrometry	1	220711_UM171_RCOR1_HL60_TMT10_F08_of_F13_R1.raw	v1.1.0	NT=ms-proteomics;VV=v1.1.0	NT=human;VV=v1.1.0	NT=cell-lines;VV=v1.1.0	NT=clinical-metadata;VV=v1.0.0	manual curation	NT=Data-dependent acquisition;AC=PRIDE:0000627	NT=Orbitrap Exploris 480;AC=MS:1003028	NT=Trypsin;AC=MS:1001251	TMT131	8	NT=higher energy beam-type collision-induced dissociation;AC=MS:1000422	NT=Carbamidomethyl;AC=UNIMOD:4;TA=C;MT=Fixed	NT=TMT6plex;AC=UNIMOD:737;TA=K;MT=Fixed	NT=TMT6plex;AC=UNIMOD:737;PP=Any N-term;MT=Fixed	NT=Oxidation;AC=UNIMOD:35;TA=M;MT=Variable	NT=Acetyl;AC=UNIMOD:1;PP=Protein N-term;MT=Variable	UM171
HL60-UM171-5	Homo sapiens	blood	myeloid cell	5	acute myeloid leukemia	cell line	UM171	36Y	female	HL60	HL-60	CVCL_0002	HL-60	UM171	0.1 uM	3 hour	220711_UM171_RCOR1_HL60_TMT10_F09_of_F13_R1-TMT131	proteomic profiling by mass spectrometry	1	220711_UM171_RCOR1_HL60_TMT10_F09_of_F13_R1.raw	v1.1.0	NT=ms-proteomics;VV=v1.1.0	NT=human;VV=v1.1.0	NT=cell-lines;VV=v1.1.0	NT=clinical-metadata;VV=v1.0.0	manual curation	NT=Data-dependent acquisition;AC=PRIDE:0000627	NT=Orbitrap Exploris 480;AC=MS:1003028	NT=Trypsin;AC=MS:1001251	TMT131	9	NT=higher energy beam-type collision-induced dissociation;AC=MS:1000422	NT=Carbamidomethyl;AC=UNIMOD:4;TA=C;MT=Fixed	NT=TMT6plex;AC=UNIMOD:737;TA=K;MT=Fixed	NT=TMT6plex;AC=UNIMOD:737;PP=Any N-term;MT=Fixed	NT=Oxidation;AC=UNIMOD:35;TA=M;MT=Variable	NT=Acetyl;AC=UNIMOD:1;PP=Protein N-term;MT=Variable	UM171
HL60-UM171-5	Homo sapiens	blood	myeloid cell	5	acute myeloid leukemia	cell line	UM171	36Y	female	HL60	HL-60	CVCL_0002	HL-60	UM171	0.1 uM	3 hour	220711_UM171_RCOR1_HL60_TMT10_F10_of_F13_R1-TMT131	proteomic profiling by mass spectrometry	1	220711_UM171_RCOR1_HL60_TMT10_F10_of_F13_R1.raw	v1.1.0	NT=ms-proteomics;VV=v1.1.0	NT=human;VV=v1.1.0	NT=cell-lines;VV=v1.1.0	NT=clinical-metadata;VV=v1.0.0	manual curation	NT=Data-dependent acquisition;AC=PRIDE:0000627	NT=Orbitrap Exploris 480;AC=MS:1003028	NT=Trypsin;AC=MS:1001251	TMT131	10	NT=higher energy beam-type collision-induced dissociation;AC=MS:1000422	NT=Carbamidomethyl;AC=UNIMOD:4;TA=C;MT=Fixed	NT=TMT6plex;AC=UNIMOD:737;TA=K;MT=Fixed	NT=TMT6plex;AC=UNIMOD:737;PP=Any N-term;MT=Fixed	NT=Oxidation;AC=UNIMOD:35;TA=M;MT=Variable	NT=Acetyl;AC=UNIMOD:1;PP=Protein N-term;MT=Variable	UM171
HL60-UM171-5	Homo sapiens	blood	myeloid cell	5	acute myeloid leukemia	cell line	UM171	36Y	female	HL60	HL-60	CVCL_0002	HL-60	UM171	0.1 uM	3 hour	220711_UM171_RCOR1_HL60_TMT10_F11_of_F13_R1-TMT131	proteomic profiling by mass spectrometry	1	220711_UM171_RCOR1_HL60_TMT10_F11_of_F13_R1.raw	v1.1.0	NT=ms-proteomics;VV=v1.1.0	NT=human;VV=v1.1.0	NT=cell-lines;VV=v1.1.0	NT=clinical-metadata;VV=v1.0.0	manual curation	NT=Data-dependent acquisition;AC=PRIDE:0000627	NT=Orbitrap Exploris 480;AC=MS:1003028	NT=Trypsin;AC=MS:1001251	TMT131	11	NT=higher energy beam-type collision-induced dissociation;AC=MS:1000422	NT=Carbamidomethyl;AC=UNIMOD:4;TA=C;MT=Fixed	NT=TMT6plex;AC=UNIMOD:737;TA=K;MT=Fixed	NT=TMT6plex;AC=UNIMOD:737;PP=Any N-term;MT=Fixed	NT=Oxidation;AC=UNIMOD:35;TA=M;MT=Variable	NT=Acetyl;AC=UNIMOD:1;PP=Protein N-term;MT=Variable	UM171
HL60-UM171-5	Homo sapiens	blood	myeloid cell	5	acute myeloid leukemia	cell line	UM171	36Y	female	HL60	HL-60	CVCL_0002	HL-60	UM171	0.1 uM	3 hour	220711_UM171_RCOR1_HL60_TMT10_F12_of_F13_R1-TMT131	proteomic profiling by mass spectrometry	1	220711_UM171_RCOR1_HL60_TMT10_F12_of_F13_R1.raw	v1.1.0	NT=ms-proteomics;VV=v1.1.0	NT=human;VV=v1.1.0	NT=cell-lines;VV=v1.1.0	NT=clinical-metadata;VV=v1.0.0	manual curation	NT=Data-dependent acquisition;AC=PRIDE:0000627	NT=Orbitrap Exploris 480;AC=MS:1003028	NT=Trypsin;AC=MS:1001251	TMT131	12	NT=higher energy beam-type collision-induced dissociation;AC=MS:1000422	NT=Carbamidomethyl;AC=UNIMOD:4;TA=C;MT=Fixed	NT=TMT6plex;AC=UNIMOD:737;TA=K;MT=Fixed	NT=TMT6plex;AC=UNIMOD:737;PP=Any N-term;MT=Fixed	NT=Oxidation;AC=UNIMOD:35;TA=M;MT=Variable	NT=Acetyl;AC=UNIMOD:1;PP=Protein N-term;MT=Variable	UM171
HL60-UM171-5	Homo sapiens	blood	myeloid cell	5	acute myeloid leukemia	cell line	UM171	36Y	female	HL60	HL-60	CVCL_0002	HL-60	UM171	0.1 uM	3 hour	220711_UM171_RCOR1_HL60_TMT10_F13_of_F13_R1-TMT131	proteomic profiling by mass spectrometry	1	220711_UM171_RCOR1_HL60_TMT10_F13_of_F13_R1.raw	v1.1.0	NT=ms-proteomics;VV=v1.1.0	NT=human;VV=v1.1.0	NT=cell-lines;VV=v1.1.0	NT=clinical-metadata;VV=v1.0.0	manual curation	NT=Data-dependent acquisition;AC=PRIDE:0000627	NT=Orbitrap Exploris 480;AC=MS:1003028	NT=Trypsin;AC=MS:1001251	TMT131	13	NT=higher energy beam-type collision-induced dissociation;AC=MS:1000422	NT=Carbamidomethyl;AC=UNIMOD:4;TA=C;MT=Fixed	NT=TMT6plex;AC=UNIMOD:737;TA=K;MT=Fixed	NT=TMT6plex;AC=UNIMOD:737;PP=Any N-term;MT=Fixed	NT=Oxidation;AC=UNIMOD:35;TA=M;MT=Variable	NT=Acetyl;AC=UNIMOD:1;PP=Protein N-term;MT=Variable	UM171
HL60-DMSO vehicle-1	Homo sapiens	blood	myeloid cell	1	acute myeloid leukemia	cell line	DMSO vehicle	36Y	female	HL60	HL-60	CVCL_0002	HL-60	dimethyl sulfoxide	not available	3 hour	220820_UM171_RCOR1_HL60_TMT10_F01_of_F13_R2-TMT126	proteomic profiling by mass spectrometry	2	220820_UM171_RCOR1_HL60_TMT10_F01_of_F13_R2.raw	v1.1.0	NT=ms-proteomics;VV=v1.1.0	NT=human;VV=v1.1.0	NT=cell-lines;VV=v1.1.0	NT=clinical-metadata;VV=v1.0.0	manual curation	NT=Data-dependent acquisition;AC=PRIDE:0000627	NT=Orbitrap Exploris 480;AC=MS:1003028	NT=Trypsin;AC=MS:1001251	TMT126	1	NT=higher energy beam-type collision-induced dissociation;AC=MS:1000422	NT=Carbamidomethyl;AC=UNIMOD:4;TA=C;MT=Fixed	NT=TMT6plex;AC=UNIMOD:737;TA=K;MT=Fixed	NT=TMT6plex;AC=UNIMOD:737;PP=Any N-term;MT=Fixed	NT=Oxidation;AC=UNIMOD:35;TA=M;MT=Variable	NT=Acetyl;AC=UNIMOD:1;PP=Protein N-term;MT=Variable	DMSO vehicle
HL60-DMSO vehicle-1	Homo sapiens	blood	myeloid cell	1	acute myeloid leukemia	cell line	DMSO vehicle	36Y	female	HL60	HL-60	CVCL_0002	HL-60	dimethyl sulfoxide	not available	3 hour	220820_UM171_RCOR1_HL60_TMT10_F02_of_F13_R2-TMT126	proteomic profiling by mass spectrometry	2	220820_UM171_RCOR1_HL60_TMT10_F02_of_F13_R2.raw	v1.1.0	NT=ms-proteomics;VV=v1.1.0	NT=human;VV=v1.1.0	NT=cell-lines;VV=v1.1.0	NT=clinical-metadata;VV=v1.0.0	manual curation	NT=Data-dependent acquisition;AC=PRIDE:0000627	NT=Orbitrap Exploris 480;AC=MS:1003028	NT=Trypsin;AC=MS:1001251	TMT126	2	NT=higher energy beam-type collision-induced dissociation;AC=MS:1000422	NT=Carbamidomethyl;AC=UNIMOD:4;TA=C;MT=Fixed	NT=TMT6plex;AC=UNIMOD:737;TA=K;MT=Fixed	NT=TMT6plex;AC=UNIMOD:737;PP=Any N-term;MT=Fixed	NT=Oxidation;AC=UNIMOD:35;TA=M;MT=Variable	NT=Acetyl;AC=UNIMOD:1;PP=Protein N-term;MT=Variable	DMSO vehicle
HL60-DMSO vehicle-1	Homo sapiens	blood	myeloid cell	1	acute myeloid leukemia	cell line	DMSO vehicle	36Y	female	HL60	HL-60	CVCL_0002	HL-60	dimethyl sulfoxide	not available	3 hour	220820_UM171_RCOR1_HL60_TMT10_F03_of_F13_R2-TMT126	proteomic profiling by mass spectrometry	2	220820_UM171_RCOR1_HL60_TMT10_F03_of_F13_R2.raw	v1.1.0	NT=ms-proteomics;VV=v1.1.0	NT=human;VV=v1.1.0	NT=cell-lines;VV=v1.1.0	NT=clinical-metadata;VV=v1.0.0	manual curation	NT=Data-dependent acquisition;AC=PRIDE:0000627	NT=Orbitrap Exploris 480;AC=MS:1003028	NT=Trypsin;AC=MS:1001251	TMT126	3	NT=higher energy beam-type collision-induced dissociation;AC=MS:1000422	NT=Carbamidomethyl;AC=UNIMOD:4;TA=C;MT=Fixed	NT=TMT6plex;AC=UNIMOD:737;TA=K;MT=Fixed	NT=TMT6plex;AC=UNIMOD:737;PP=Any N-term;MT=Fixed	NT=Oxidation;AC=UNIMOD:35;TA=M;MT=Variable	NT=Acetyl;AC=UNIMOD:1;PP=Protein N-term;MT=Variable	DMSO vehicle
HL60-DMSO vehicle-1	Homo sapiens	blood	myeloid cell	1	acute myeloid leukemia	cell line	DMSO vehicle	36Y	female	HL60	HL-60	CVCL_0002	HL-60	dimethyl sulfoxide	not available	3 hour	220820_UM171_RCOR1_HL60_TMT10_F04_of_F13_R2-TMT126	proteomic profiling by mass spectrometry	2	220820_UM171_RCOR1_HL60_TMT10_F04_of_F13_R2.raw	v1.1.0	NT=ms-proteomics;VV=v1.1.0	NT=human;VV=v1.1.0	NT=cell-lines;VV=v1.1.0	NT=clinical-metadata;VV=v1.0.0	manual curation	NT=Data-dependent acquisition;AC=PRIDE:0000627	NT=Orbitrap Exploris 480;AC=MS:1003028	NT=Trypsin;AC=MS:1001251	TMT126	4	NT=higher energy beam-type collision-induced dissociation;AC=MS:1000422	NT=Carbamidomethyl;AC=UNIMOD:4;TA=C;MT=Fixed	NT=TMT6plex;AC=UNIMOD:737;TA=K;MT=Fixed	NT=TMT6plex;AC=UNIMOD:737;PP=Any N-term;MT=Fixed	NT=Oxidation;AC=UNIMOD:35;TA=M;MT=Variable	NT=Acetyl;AC=UNIMOD:1;PP=Protein N-term;MT=Variable	DMSO vehicle
HL60-DMSO vehicle-1	Homo sapiens	blood	myeloid cell	1	acute myeloid leukemia	cell line	DMSO vehicle	36Y	female	HL60	HL-60	CVCL_0002	HL-60	dimethyl sulfoxide	not available	3 hour	220820_UM171_RCOR1_HL60_TMT10_F05_of_F13_R2-TMT126	proteomic profiling by mass spectrometry	2	220820_UM171_RCOR1_HL60_TMT10_F05_of_F13_R2.raw	v1.1.0	NT=ms-proteomics;VV=v1.1.0	NT=human;VV=v1.1.0	NT=cell-lines;VV=v1.1.0	NT=clinical-metadata;VV=v1.0.0	manual curation	NT=Data-dependent acquisition;AC=PRIDE:0000627	NT=Orbitrap Exploris 480;AC=MS:1003028	NT=Trypsin;AC=MS:1001251	TMT126	5	NT=higher energy beam-type collision-induced dissociation;AC=MS:1000422	NT=Carbamidomethyl;AC=UNIMOD:4;TA=C;MT=Fixed	NT=TMT6plex;AC=UNIMOD:737;TA=K;MT=Fixed	NT=TMT6plex;AC=UNIMOD:737;PP=Any N-term;MT=Fixed	NT=Oxidation;AC=UNIMOD:35;TA=M;MT=Variable	NT=Acetyl;AC=UNIMOD:1;PP=Protein N-term;MT=Variable	DMSO vehicle
HL60-DMSO vehicle-1	Homo sapiens	blood	myeloid cell	1	acute myeloid leukemia	cell line	DMSO vehicle	36Y	female	HL60	HL-60	CVCL_0002	HL-60	dimethyl sulfoxide	not available	3 hour	220820_UM171_RCOR1_HL60_TMT10_F06_of_F13_R2-TMT126	proteomic profiling by mass spectrometry	2	220820_UM171_RCOR1_HL60_TMT10_F06_of_F13_R2.raw	v1.1.0	NT=ms-proteomics;VV=v1.1.0	NT=human;VV=v1.1.0	NT=cell-lines;VV=v1.1.0	NT=clinical-metadata;VV=v1.0.0	manual curation	NT=Data-dependent acquisition;AC=PRIDE:0000627	NT=Orbitrap Exploris 480;AC=MS:1003028	NT=Trypsin;AC=MS:1001251	TMT126	6	NT=higher energy beam-type collision-induced dissociation;AC=MS:1000422	NT=Carbamidomethyl;AC=UNIMOD:4;TA=C;MT=Fixed	NT=TMT6plex;AC=UNIMOD:737;TA=K;MT=Fixed	NT=TMT6plex;AC=UNIMOD:737;PP=Any N-term;MT=Fixed	NT=Oxidation;AC=UNIMOD:35;TA=M;MT=Variable	NT=Acetyl;AC=UNIMOD:1;PP=Protein N-term;MT=Variable	DMSO vehicle
HL60-DMSO vehicle-1	Homo sapiens	blood	myeloid cell	1	acute myeloid leukemia	cell line	DMSO vehicle	36Y	female	HL60	HL-60	CVCL_0002	HL-60	dimethyl sulfoxide	not available	3 hour	220820_UM171_RCOR1_HL60_TMT10_F07_of_F13_R2-TMT126	proteomic profiling by mass spectrometry	2	220820_UM171_RCOR1_HL60_TMT10_F07_of_F13_R2.raw	v1.1.0	NT=ms-proteomics;VV=v1.1.0	NT=human;VV=v1.1.0	NT=cell-lines;VV=v1.1.0	NT=clinical-metadata;VV=v1.0.0	manual curation	NT=Data-dependent acquisition;AC=PRIDE:0000627	NT=Orbitrap Exploris 480;AC=MS:1003028	NT=Trypsin;AC=MS:1001251	TMT126	7	NT=higher energy beam-type collision-induced dissociation;AC=MS:1000422	NT=Carbamidomethyl;AC=UNIMOD:4;TA=C;MT=Fixed	NT=TMT6plex;AC=UNIMOD:737;TA=K;MT=Fixed	NT=TMT6plex;AC=UNIMOD:737;PP=Any N-term;MT=Fixed	NT=Oxidation;AC=UNIMOD:35;TA=M;MT=Variable	NT=Acetyl;AC=UNIMOD:1;PP=Protein N-term;MT=Variable	DMSO vehicle
HL60-DMSO vehicle-1	Homo sapiens	blood	myeloid cell	1	acute myeloid leukemia	cell line	DMSO vehicle	36Y	female	HL60	HL-60	CVCL_0002	HL-60	dimethyl sulfoxide	not available	3 hour	220820_UM171_RCOR1_HL60_TMT10_F08_of_F13_R2-TMT126	proteomic profiling by mass spectrometry	2	220820_UM171_RCOR1_HL60_TMT10_F08_of_F13_R2.raw	v1.1.0	NT=ms-proteomics;VV=v1.1.0	NT=human;VV=v1.1.0	NT=cell-lines;VV=v1.1.0	NT=clinical-metadata;VV=v1.0.0	manual curation	NT=Data-dependent acquisition;AC=PRIDE:0000627	NT=Orbitrap Exploris 480;AC=MS:1003028	NT=Trypsin;AC=MS:1001251	TMT126	8	NT=higher energy beam-type collision-induced dissociation;AC=MS:1000422	NT=Carbamidomethyl;AC=UNIMOD:4;TA=C;MT=Fixed	NT=TMT6plex;AC=UNIMOD:737;TA=K;MT=Fixed	NT=TMT6plex;AC=UNIMOD:737;PP=Any N-term;MT=Fixed	NT=Oxidation;AC=UNIMOD:35;TA=M;MT=Variable	NT=Acetyl;AC=UNIMOD:1;PP=Protein N-term;MT=Variable	DMSO vehicle
HL60-DMSO vehicle-1	Homo sapiens	blood	myeloid cell	1	acute myeloid leukemia	cell line	DMSO vehicle	36Y	female	HL60	HL-60	CVCL_0002	HL-60	dimethyl sulfoxide	not available	3 hour	220820_UM171_RCOR1_HL60_TMT10_F09_of_F13_R2-TMT126	proteomic profiling by mass spectrometry	2	220820_UM171_RCOR1_HL60_TMT10_F09_of_F13_R2.raw	v1.1.0	NT=ms-proteomics;VV=v1.1.0	NT=human;VV=v1.1.0	NT=cell-lines;VV=v1.1.0	NT=clinical-metadata;VV=v1.0.0	manual curation	NT=Data-dependent acquisition;AC=PRIDE:0000627	NT=Orbitrap Exploris 480;AC=MS:1003028	NT=Trypsin;AC=MS:1001251	TMT126	9	NT=higher energy beam-type collision-induced dissociation;AC=MS:1000422	NT=Carbamidomethyl;AC=UNIMOD:4;TA=C;MT=Fixed	NT=TMT6plex;AC=UNIMOD:737;TA=K;MT=Fixed	NT=TMT6plex;AC=UNIMOD:737;PP=Any N-term;MT=Fixed	NT=Oxidation;AC=UNIMOD:35;TA=M;MT=Variable	NT=Acetyl;AC=UNIMOD:1;PP=Protein N-term;MT=Variable	DMSO vehicle
HL60-DMSO vehicle-1	Homo sapiens	blood	myeloid cell	1	acute myeloid leukemia	cell line	DMSO vehicle	36Y	female	HL60	HL-60	CVCL_0002	HL-60	dimethyl sulfoxide	not available	3 hour	220820_UM171_RCOR1_HL60_TMT10_F10_of_F13_R2-TMT126	proteomic profiling by mass spectrometry	2	220820_UM171_RCOR1_HL60_TMT10_F10_of_F13_R2.raw	v1.1.0	NT=ms-proteomics;VV=v1.1.0	NT=human;VV=v1.1.0	NT=cell-lines;VV=v1.1.0	NT=clinical-metadata;VV=v1.0.0	manual curation	NT=Data-dependent acquisition;AC=PRIDE:0000627	NT=Orbitrap Exploris 480;AC=MS:1003028	NT=Trypsin;AC=MS:1001251	TMT126	10	NT=higher energy beam-type collision-induced dissociation;AC=MS:1000422	NT=Carbamidomethyl;AC=UNIMOD:4;TA=C;MT=Fixed	NT=TMT6plex;AC=UNIMOD:737;TA=K;MT=Fixed	NT=TMT6plex;AC=UNIMOD:737;PP=Any N-term;MT=Fixed	NT=Oxidation;AC=UNIMOD:35;TA=M;MT=Variable	NT=Acetyl;AC=UNIMOD:1;PP=Protein N-term;MT=Variable	DMSO vehicle
HL60-DMSO vehicle-1	Homo sapiens	blood	myeloid cell	1	acute myeloid leukemia	cell line	DMSO vehicle	36Y	female	HL60	HL-60	CVCL_0002	HL-60	dimethyl sulfoxide	not available	3 hour	220820_UM171_RCOR1_HL60_TMT10_F11_of_F13_R2-TMT126	proteomic profiling by mass spectrometry	2	220820_UM171_RCOR1_HL60_TMT10_F11_of_F13_R2.raw	v1.1.0	NT=ms-proteomics;VV=v1.1.0	NT=human;VV=v1.1.0	NT=cell-lines;VV=v1.1.0	NT=clinical-metadata;VV=v1.0.0	manual curation	NT=Data-dependent acquisition;AC=PRIDE:0000627	NT=Orbitrap Exploris 480;AC=MS:1003028	NT=Trypsin;AC=MS:1001251	TMT126	11	NT=higher energy beam-type collision-induced dissociation;AC=MS:1000422	NT=Carbamidomethyl;AC=UNIMOD:4;TA=C;MT=Fixed	NT=TMT6plex;AC=UNIMOD:737;TA=K;MT=Fixed	NT=TMT6plex;AC=UNIMOD:737;PP=Any N-term;MT=Fixed	NT=Oxidation;AC=UNIMOD:35;TA=M;MT=Variable	NT=Acetyl;AC=UNIMOD:1;PP=Protein N-term;MT=Variable	DMSO vehicle
HL60-DMSO vehicle-1	Homo sapiens	blood	myeloid cell	1	acute myeloid leukemia	cell line	DMSO vehicle	36Y	female	HL60	HL-60	CVCL_0002	HL-60	dimethyl sulfoxide	not available	3 hour	220820_UM171_RCOR1_HL60_TMT10_F12_of_F13_R2-TMT126	proteomic profiling by mass spectrometry	2	220820_UM171_RCOR1_HL60_TMT10_F12_of_F13_R2.raw	v1.1.0	NT=ms-proteomics;VV=v1.1.0	NT=human;VV=v1.1.0	NT=cell-lines;VV=v1.1.0	NT=clinical-metadata;VV=v1.0.0	manual curation	NT=Data-dependent acquisition;AC=PRIDE:0000627	NT=Orbitrap Exploris 480;AC=MS:1003028	NT=Trypsin;AC=MS:1001251	TMT126	12	NT=higher energy beam-type collision-induced dissociation;AC=MS:1000422	NT=Carbamidomethyl;AC=UNIMOD:4;TA=C;MT=Fixed	NT=TMT6plex;AC=UNIMOD:737;TA=K;MT=Fixed	NT=TMT6plex;AC=UNIMOD:737;PP=Any N-term;MT=Fixed	NT=Oxidation;AC=UNIMOD:35;TA=M;MT=Variable	NT=Acetyl;AC=UNIMOD:1;PP=Protein N-term;MT=Variable	DMSO vehicle
HL60-DMSO vehicle-1	Homo sapiens	blood	myeloid cell	1	acute myeloid leukemia	cell line	DMSO vehicle	36Y	female	HL60	HL-60	CVCL_0002	HL-60	dimethyl sulfoxide	not available	3 hour	220820_UM171_RCOR1_HL60_TMT10_F13_of_F13_R2-TMT126	proteomic profiling by mass spectrometry	2	220820_UM171_RCOR1_HL60_TMT10_F13_of_F13_R2.raw	v1.1.0	NT=ms-proteomics;VV=v1.1.0	NT=human;VV=v1.1.0	NT=cell-lines;VV=v1.1.0	NT=clinical-metadata;VV=v1.0.0	manual curation	NT=Data-dependent acquisition;AC=PRIDE:0000627	NT=Orbitrap Exploris 480;AC=MS:1003028	NT=Trypsin;AC=MS:1001251	TMT126	13	NT=higher energy beam-type collision-induced dissociation;AC=MS:1000422	NT=Carbamidomethyl;AC=UNIMOD:4;TA=C;MT=Fixed	NT=TMT6plex;AC=UNIMOD:737;TA=K;MT=Fixed	NT=TMT6plex;AC=UNIMOD:737;PP=Any N-term;MT=Fixed	NT=Oxidation;AC=UNIMOD:35;TA=M;MT=Variable	NT=Acetyl;AC=UNIMOD:1;PP=Protein N-term;MT=Variable	DMSO vehicle
HL60-DMSO vehicle-2	Homo sapiens	blood	myeloid cell	2	acute myeloid leukemia	cell line	DMSO vehicle	36Y	female	HL60	HL-60	CVCL_0002	HL-60	dimethyl sulfoxide	not available	3 hour	220820_UM171_RCOR1_HL60_TMT10_F01_of_F13_R2-TMT127N	proteomic profiling by mass spectrometry	2	220820_UM171_RCOR1_HL60_TMT10_F01_of_F13_R2.raw	v1.1.0	NT=ms-proteomics;VV=v1.1.0	NT=human;VV=v1.1.0	NT=cell-lines;VV=v1.1.0	NT=clinical-metadata;VV=v1.0.0	manual curation	NT=Data-dependent acquisition;AC=PRIDE:0000627	NT=Orbitrap Exploris 480;AC=MS:1003028	NT=Trypsin;AC=MS:1001251	TMT127N	1	NT=higher energy beam-type collision-induced dissociation;AC=MS:1000422	NT=Carbamidomethyl;AC=UNIMOD:4;TA=C;MT=Fixed	NT=TMT6plex;AC=UNIMOD:737;TA=K;MT=Fixed	NT=TMT6plex;AC=UNIMOD:737;PP=Any N-term;MT=Fixed	NT=Oxidation;AC=UNIMOD:35;TA=M;MT=Variable	NT=Acetyl;AC=UNIMOD:1;PP=Protein N-term;MT=Variable	DMSO vehicle
HL60-DMSO vehicle-2	Homo sapiens	blood	myeloid cell	2	acute myeloid leukemia	cell line	DMSO vehicle	36Y	female	HL60	HL-60	CVCL_0002	HL-60	dimethyl sulfoxide	not available	3 hour	220820_UM171_RCOR1_HL60_TMT10_F02_of_F13_R2-TMT127N	proteomic profiling by mass spectrometry	2	220820_UM171_RCOR1_HL60_TMT10_F02_of_F13_R2.raw	v1.1.0	NT=ms-proteomics;VV=v1.1.0	NT=human;VV=v1.1.0	NT=cell-lines;VV=v1.1.0	NT=clinical-metadata;VV=v1.0.0	manual curation	NT=Data-dependent acquisition;AC=PRIDE:0000627	NT=Orbitrap Exploris 480;AC=MS:1003028	NT=Trypsin;AC=MS:1001251	TMT127N	2	NT=higher energy beam-type collision-induced dissociation;AC=MS:1000422	NT=Carbamidomethyl;AC=UNIMOD:4;TA=C;MT=Fixed	NT=TMT6plex;AC=UNIMOD:737;TA=K;MT=Fixed	NT=TMT6plex;AC=UNIMOD:737;PP=Any N-term;MT=Fixed	NT=Oxidation;AC=UNIMOD:35;TA=M;MT=Variable	NT=Acetyl;AC=UNIMOD:1;PP=Protein N-term;MT=Variable	DMSO vehicle
HL60-DMSO vehicle-2	Homo sapiens	blood	myeloid cell	2	acute myeloid leukemia	cell line	DMSO vehicle	36Y	female	HL60	HL-60	CVCL_0002	HL-60	dimethyl sulfoxide	not available	3 hour	220820_UM171_RCOR1_HL60_TMT10_F03_of_F13_R2-TMT127N	proteomic profiling by mass spectrometry	2	220820_UM171_RCOR1_HL60_TMT10_F03_of_F13_R2.raw	v1.1.0	NT=ms-proteomics;VV=v1.1.0	NT=human;VV=v1.1.0	NT=cell-lines;VV=v1.1.0	NT=clinical-metadata;VV=v1.0.0	manual curation	NT=Data-dependent acquisition;AC=PRIDE:0000627	NT=Orbitrap Exploris 480;AC=MS:1003028	NT=Trypsin;AC=MS:1001251	TMT127N	3	NT=higher energy beam-type collision-induced dissociation;AC=MS:1000422	NT=Carbamidomethyl;AC=UNIMOD:4;TA=C;MT=Fixed	NT=TMT6plex;AC=UNIMOD:737;TA=K;MT=Fixed	NT=TMT6plex;AC=UNIMOD:737;PP=Any N-term;MT=Fixed	NT=Oxidation;AC=UNIMOD:35;TA=M;MT=Variable	NT=Acetyl;AC=UNIMOD:1;PP=Protein N-term;MT=Variable	DMSO vehicle
HL60-DMSO vehicle-2	Homo sapiens	blood	myeloid cell	2	acute myeloid leukemia	cell line	DMSO vehicle	36Y	female	HL60	HL-60	CVCL_0002	HL-60	dimethyl sulfoxide	not available	3 hour	220820_UM171_RCOR1_HL60_TMT10_F04_of_F13_R2-TMT127N	proteomic profiling by mass spectrometry	2	220820_UM171_RCOR1_HL60_TMT10_F04_of_F13_R2.raw	v1.1.0	NT=ms-proteomics;VV=v1.1.0	NT=human;VV=v1.1.0	NT=cell-lines;VV=v1.1.0	NT=clinical-metadata;VV=v1.0.0	manual curation	NT=Data-dependent acquisition;AC=PRIDE:0000627	NT=Orbitrap Exploris 480;AC=MS:1003028	NT=Trypsin;AC=MS:1001251	TMT127N	4	NT=higher energy beam-type collision-induced dissociation;AC=MS:1000422	NT=Carbamidomethyl;AC=UNIMOD:4;TA=C;MT=Fixed	NT=TMT6plex;AC=UNIMOD:737;TA=K;MT=Fixed	NT=TMT6plex;AC=UNIMOD:737;PP=Any N-term;MT=Fixed	NT=Oxidation;AC=UNIMOD:35;TA=M;MT=Variable	NT=Acetyl;AC=UNIMOD:1;PP=Protein N-term;MT=Variable	DMSO vehicle
HL60-DMSO vehicle-2	Homo sapiens	blood	myeloid cell	2	acute myeloid leukemia	cell line	DMSO vehicle	36Y	female	HL60	HL-60	CVCL_0002	HL-60	dimethyl sulfoxide	not available	3 hour	220820_UM171_RCOR1_HL60_TMT10_F05_of_F13_R2-TMT127N	proteomic profiling by mass spectrometry	2	220820_UM171_RCOR1_HL60_TMT10_F05_of_F13_R2.raw	v1.1.0	NT=ms-proteomics;VV=v1.1.0	NT=human;VV=v1.1.0	NT=cell-lines;VV=v1.1.0	NT=clinical-metadata;VV=v1.0.0	manual curation	NT=Data-dependent acquisition;AC=PRIDE:0000627	NT=Orbitrap Exploris 480;AC=MS:1003028	NT=Trypsin;AC=MS:1001251	TMT127N	5	NT=higher energy beam-type collision-induced dissociation;AC=MS:1000422	NT=Carbamidomethyl;AC=UNIMOD:4;TA=C;MT=Fixed	NT=TMT6plex;AC=UNIMOD:737;TA=K;MT=Fixed	NT=TMT6plex;AC=UNIMOD:737;PP=Any N-term;MT=Fixed	NT=Oxidation;AC=UNIMOD:35;TA=M;MT=Variable	NT=Acetyl;AC=UNIMOD:1;PP=Protein N-term;MT=Variable	DMSO vehicle
HL60-DMSO vehicle-2	Homo sapiens	blood	myeloid cell	2	acute myeloid leukemia	cell line	DMSO vehicle	36Y	female	HL60	HL-60	CVCL_0002	HL-60	dimethyl sulfoxide	not available	3 hour	220820_UM171_RCOR1_HL60_TMT10_F06_of_F13_R2-TMT127N	proteomic profiling by mass spectrometry	2	220820_UM171_RCOR1_HL60_TMT10_F06_of_F13_R2.raw	v1.1.0	NT=ms-proteomics;VV=v1.1.0	NT=human;VV=v1.1.0	NT=cell-lines;VV=v1.1.0	NT=clinical-metadata;VV=v1.0.0	manual curation	NT=Data-dependent acquisition;AC=PRIDE:0000627	NT=Orbitrap Exploris 480;AC=MS:1003028	NT=Trypsin;AC=MS:1001251	TMT127N	6	NT=higher energy beam-type collision-induced dissociation;AC=MS:1000422	NT=Carbamidomethyl;AC=UNIMOD:4;TA=C;MT=Fixed	NT=TMT6plex;AC=UNIMOD:737;TA=K;MT=Fixed	NT=TMT6plex;AC=UNIMOD:737;PP=Any N-term;MT=Fixed	NT=Oxidation;AC=UNIMOD:35;TA=M;MT=Variable	NT=Acetyl;AC=UNIMOD:1;PP=Protein N-term;MT=Variable	DMSO vehicle
HL60-DMSO vehicle-2	Homo sapiens	blood	myeloid cell	2	acute myeloid leukemia	cell line	DMSO vehicle	36Y	female	HL60	HL-60	CVCL_0002	HL-60	dimethyl sulfoxide	not available	3 hour	220820_UM171_RCOR1_HL60_TMT10_F07_of_F13_R2-TMT127N	proteomic profiling by mass spectrometry	2	220820_UM171_RCOR1_HL60_TMT10_F07_of_F13_R2.raw	v1.1.0	NT=ms-proteomics;VV=v1.1.0	NT=human;VV=v1.1.0	NT=cell-lines;VV=v1.1.0	NT=clinical-metadata;VV=v1.0.0	manual curation	NT=Data-dependent acquisition;AC=PRIDE:0000627	NT=Orbitrap Exploris 480;AC=MS:1003028	NT=Trypsin;AC=MS:1001251	TMT127N	7	NT=higher energy beam-type collision-induced dissociation;AC=MS:1000422	NT=Carbamidomethyl;AC=UNIMOD:4;TA=C;MT=Fixed	NT=TMT6plex;AC=UNIMOD:737;TA=K;MT=Fixed	NT=TMT6plex;AC=UNIMOD:737;PP=Any N-term;MT=Fixed	NT=Oxidation;AC=UNIMOD:35;TA=M;MT=Variable	NT=Acetyl;AC=UNIMOD:1;PP=Protein N-term;MT=Variable	DMSO vehicle
HL60-DMSO vehicle-2	Homo sapiens	blood	myeloid cell	2	acute myeloid leukemia	cell line	DMSO vehicle	36Y	female	HL60	HL-60	CVCL_0002	HL-60	dimethyl sulfoxide	not available	3 hour	220820_UM171_RCOR1_HL60_TMT10_F08_of_F13_R2-TMT127N	proteomic profiling by mass spectrometry	2	220820_UM171_RCOR1_HL60_TMT10_F08_of_F13_R2.raw	v1.1.0	NT=ms-proteomics;VV=v1.1.0	NT=human;VV=v1.1.0	NT=cell-lines;VV=v1.1.0	NT=clinical-metadata;VV=v1.0.0	manual curation	NT=Data-dependent acquisition;AC=PRIDE:0000627	NT=Orbitrap Exploris 480;AC=MS:1003028	NT=Trypsin;AC=MS:1001251	TMT127N	8	NT=higher energy beam-type collision-induced dissociation;AC=MS:1000422	NT=Carbamidomethyl;AC=UNIMOD:4;TA=C;MT=Fixed	NT=TMT6plex;AC=UNIMOD:737;TA=K;MT=Fixed	NT=TMT6plex;AC=UNIMOD:737;PP=Any N-term;MT=Fixed	NT=Oxidation;AC=UNIMOD:35;TA=M;MT=Variable	NT=Acetyl;AC=UNIMOD:1;PP=Protein N-term;MT=Variable	DMSO vehicle
HL60-DMSO vehicle-2	Homo sapiens	blood	myeloid cell	2	acute myeloid leukemia	cell line	DMSO vehicle	36Y	female	HL60	HL-60	CVCL_0002	HL-60	dimethyl sulfoxide	not available	3 hour	220820_UM171_RCOR1_HL60_TMT10_F09_of_F13_R2-TMT127N	proteomic profiling by mass spectrometry	2	220820_UM171_RCOR1_HL60_TMT10_F09_of_F13_R2.raw	v1.1.0	NT=ms-proteomics;VV=v1.1.0	NT=human;VV=v1.1.0	NT=cell-lines;VV=v1.1.0	NT=clinical-metadata;VV=v1.0.0	manual curation	NT=Data-dependent acquisition;AC=PRIDE:0000627	NT=Orbitrap Exploris 480;AC=MS:1003028	NT=Trypsin;AC=MS:1001251	TMT127N	9	NT=higher energy beam-type collision-induced dissociation;AC=MS:1000422	NT=Carbamidomethyl;AC=UNIMOD:4;TA=C;MT=Fixed	NT=TMT6plex;AC=UNIMOD:737;TA=K;MT=Fixed	NT=TMT6plex;AC=UNIMOD:737;PP=Any N-term;MT=Fixed	NT=Oxidation;AC=UNIMOD:35;TA=M;MT=Variable	NT=Acetyl;AC=UNIMOD:1;PP=Protein N-term;MT=Variable	DMSO vehicle
HL60-DMSO vehicle-2	Homo sapiens	blood	myeloid cell	2	acute myeloid leukemia	cell line	DMSO vehicle	36Y	female	HL60	HL-60	CVCL_0002	HL-60	dimethyl sulfoxide	not available	3 hour	220820_UM171_RCOR1_HL60_TMT10_F10_of_F13_R2-TMT127N	proteomic profiling by mass spectrometry	2	220820_UM171_RCOR1_HL60_TMT10_F10_of_F13_R2.raw	v1.1.0	NT=ms-proteomics;VV=v1.1.0	NT=human;VV=v1.1.0	NT=cell-lines;VV=v1.1.0	NT=clinical-metadata;VV=v1.0.0	manual curation	NT=Data-dependent acquisition;AC=PRIDE:0000627	NT=Orbitrap Exploris 480;AC=MS:1003028	NT=Trypsin;AC=MS:1001251	TMT127N	10	NT=higher energy beam-type collision-induced dissociation;AC=MS:1000422	NT=Carbamidomethyl;AC=UNIMOD:4;TA=C;MT=Fixed	NT=TMT6plex;AC=UNIMOD:737;TA=K;MT=Fixed	NT=TMT6plex;AC=UNIMOD:737;PP=Any N-term;MT=Fixed	NT=Oxidation;AC=UNIMOD:35;TA=M;MT=Variable	NT=Acetyl;AC=UNIMOD:1;PP=Protein N-term;MT=Variable	DMSO vehicle
HL60-DMSO vehicle-2	Homo sapiens	blood	myeloid cell	2	acute myeloid leukemia	cell line	DMSO vehicle	36Y	female	HL60	HL-60	CVCL_0002	HL-60	dimethyl sulfoxide	not available	3 hour	220820_UM171_RCOR1_HL60_TMT10_F11_of_F13_R2-TMT127N	proteomic profiling by mass spectrometry	2	220820_UM171_RCOR1_HL60_TMT10_F11_of_F13_R2.raw	v1.1.0	NT=ms-proteomics;VV=v1.1.0	NT=human;VV=v1.1.0	NT=cell-lines;VV=v1.1.0	NT=clinical-metadata;VV=v1.0.0	manual curation	NT=Data-dependent acquisition;AC=PRIDE:0000627	NT=Orbitrap Exploris 480;AC=MS:1003028	NT=Trypsin;AC=MS:1001251	TMT127N	11	NT=higher energy beam-type collision-induced dissociation;AC=MS:1000422	NT=Carbamidomethyl;AC=UNIMOD:4;TA=C;MT=Fixed	NT=TMT6plex;AC=UNIMOD:737;TA=K;MT=Fixed	NT=TMT6plex;AC=UNIMOD:737;PP=Any N-term;MT=Fixed	NT=Oxidation;AC=UNIMOD:35;TA=M;MT=Variable	NT=Acetyl;AC=UNIMOD:1;PP=Protein N-term;MT=Variable	DMSO vehicle
HL60-DMSO vehicle-2	Homo sapiens	blood	myeloid cell	2	acute myeloid leukemia	cell line	DMSO vehicle	36Y	female	HL60	HL-60	CVCL_0002	HL-60	dimethyl sulfoxide	not available	3 hour	220820_UM171_RCOR1_HL60_TMT10_F12_of_F13_R2-TMT127N	proteomic profiling by mass spectrometry	2	220820_UM171_RCOR1_HL60_TMT10_F12_of_F13_R2.raw	v1.1.0	NT=ms-proteomics;VV=v1.1.0	NT=human;VV=v1.1.0	NT=cell-lines;VV=v1.1.0	NT=clinical-metadata;VV=v1.0.0	manual curation	NT=Data-dependent acquisition;AC=PRIDE:0000627	NT=Orbitrap Exploris 480;AC=MS:1003028	NT=Trypsin;AC=MS:1001251	TMT127N	12	NT=higher energy beam-type collision-induced dissociation;AC=MS:1000422	NT=Carbamidomethyl;AC=UNIMOD:4;TA=C;MT=Fixed	NT=TMT6plex;AC=UNIMOD:737;TA=K;MT=Fixed	NT=TMT6plex;AC=UNIMOD:737;PP=Any N-term;MT=Fixed	NT=Oxidation;AC=UNIMOD:35;TA=M;MT=Variable	NT=Acetyl;AC=UNIMOD:1;PP=Protein N-term;MT=Variable	DMSO vehicle
HL60-DMSO vehicle-2	Homo sapiens	blood	myeloid cell	2	acute myeloid leukemia	cell line	DMSO vehicle	36Y	female	HL60	HL-60	CVCL_0002	HL-60	dimethyl sulfoxide	not available	3 hour	220820_UM171_RCOR1_HL60_TMT10_F13_of_F13_R2-TMT127N	proteomic profiling by mass spectrometry	2	220820_UM171_RCOR1_HL60_TMT10_F13_of_F13_R2.raw	v1.1.0	NT=ms-proteomics;VV=v1.1.0	NT=human;VV=v1.1.0	NT=cell-lines;VV=v1.1.0	NT=clinical-metadata;VV=v1.0.0	manual curation	NT=Data-dependent acquisition;AC=PRIDE:0000627	NT=Orbitrap Exploris 480;AC=MS:1003028	NT=Trypsin;AC=MS:1001251	TMT127N	13	NT=higher energy beam-type collision-induced dissociation;AC=MS:1000422	NT=Carbamidomethyl;AC=UNIMOD:4;TA=C;MT=Fixed	NT=TMT6plex;AC=UNIMOD:737;TA=K;MT=Fixed	NT=TMT6plex;AC=UNIMOD:737;PP=Any N-term;MT=Fixed	NT=Oxidation;AC=UNIMOD:35;TA=M;MT=Variable	NT=Acetyl;AC=UNIMOD:1;PP=Protein N-term;MT=Variable	DMSO vehicle
HL60-DMSO vehicle-3	Homo sapiens	blood	myeloid cell	3	acute myeloid leukemia	cell line	DMSO vehicle	36Y	female	HL60	HL-60	CVCL_0002	HL-60	dimethyl sulfoxide	not available	3 hour	220820_UM171_RCOR1_HL60_TMT10_F01_of_F13_R2-TMT127C	proteomic profiling by mass spectrometry	2	220820_UM171_RCOR1_HL60_TMT10_F01_of_F13_R2.raw	v1.1.0	NT=ms-proteomics;VV=v1.1.0	NT=human;VV=v1.1.0	NT=cell-lines;VV=v1.1.0	NT=clinical-metadata;VV=v1.0.0	manual curation	NT=Data-dependent acquisition;AC=PRIDE:0000627	NT=Orbitrap Exploris 480;AC=MS:1003028	NT=Trypsin;AC=MS:1001251	TMT127C	1	NT=higher energy beam-type collision-induced dissociation;AC=MS:1000422	NT=Carbamidomethyl;AC=UNIMOD:4;TA=C;MT=Fixed	NT=TMT6plex;AC=UNIMOD:737;TA=K;MT=Fixed	NT=TMT6plex;AC=UNIMOD:737;PP=Any N-term;MT=Fixed	NT=Oxidation;AC=UNIMOD:35;TA=M;MT=Variable	NT=Acetyl;AC=UNIMOD:1;PP=Protein N-term;MT=Variable	DMSO vehicle
HL60-DMSO vehicle-3	Homo sapiens	blood	myeloid cell	3	acute myeloid leukemia	cell line	DMSO vehicle	36Y	female	HL60	HL-60	CVCL_0002	HL-60	dimethyl sulfoxide	not available	3 hour	220820_UM171_RCOR1_HL60_TMT10_F02_of_F13_R2-TMT127C	proteomic profiling by mass spectrometry	2	220820_UM171_RCOR1_HL60_TMT10_F02_of_F13_R2.raw	v1.1.0	NT=ms-proteomics;VV=v1.1.0	NT=human;VV=v1.1.0	NT=cell-lines;VV=v1.1.0	NT=clinical-metadata;VV=v1.0.0	manual curation	NT=Data-dependent acquisition;AC=PRIDE:0000627	NT=Orbitrap Exploris 480;AC=MS:1003028	NT=Trypsin;AC=MS:1001251	TMT127C	2	NT=higher energy beam-type collision-induced dissociation;AC=MS:1000422	NT=Carbamidomethyl;AC=UNIMOD:4;TA=C;MT=Fixed	NT=TMT6plex;AC=UNIMOD:737;TA=K;MT=Fixed	NT=TMT6plex;AC=UNIMOD:737;PP=Any N-term;MT=Fixed	NT=Oxidation;AC=UNIMOD:35;TA=M;MT=Variable	NT=Acetyl;AC=UNIMOD:1;PP=Protein N-term;MT=Variable	DMSO vehicle
HL60-DMSO vehicle-3	Homo sapiens	blood	myeloid cell	3	acute myeloid leukemia	cell line	DMSO vehicle	36Y	female	HL60	HL-60	CVCL_0002	HL-60	dimethyl sulfoxide	not available	3 hour	220820_UM171_RCOR1_HL60_TMT10_F03_of_F13_R2-TMT127C	proteomic profiling by mass spectrometry	2	220820_UM171_RCOR1_HL60_TMT10_F03_of_F13_R2.raw	v1.1.0	NT=ms-proteomics;VV=v1.1.0	NT=human;VV=v1.1.0	NT=cell-lines;VV=v1.1.0	NT=clinical-metadata;VV=v1.0.0	manual curation	NT=Data-dependent acquisition;AC=PRIDE:0000627	NT=Orbitrap Exploris 480;AC=MS:1003028	NT=Trypsin;AC=MS:1001251	TMT127C	3	NT=higher energy beam-type collision-induced dissociation;AC=MS:1000422	NT=Carbamidomethyl;AC=UNIMOD:4;TA=C;MT=Fixed	NT=TMT6plex;AC=UNIMOD:737;TA=K;MT=Fixed	NT=TMT6plex;AC=UNIMOD:737;PP=Any N-term;MT=Fixed	NT=Oxidation;AC=UNIMOD:35;TA=M;MT=Variable	NT=Acetyl;AC=UNIMOD:1;PP=Protein N-term;MT=Variable	DMSO vehicle
HL60-DMSO vehicle-3	Homo sapiens	blood	myeloid cell	3	acute myeloid leukemia	cell line	DMSO vehicle	36Y	female	HL60	HL-60	CVCL_0002	HL-60	dimethyl sulfoxide	not available	3 hour	220820_UM171_RCOR1_HL60_TMT10_F04_of_F13_R2-TMT127C	proteomic profiling by mass spectrometry	2	220820_UM171_RCOR1_HL60_TMT10_F04_of_F13_R2.raw	v1.1.0	NT=ms-proteomics;VV=v1.1.0	NT=human;VV=v1.1.0	NT=cell-lines;VV=v1.1.0	NT=clinical-metadata;VV=v1.0.0	manual curation	NT=Data-dependent acquisition;AC=PRIDE:0000627	NT=Orbitrap Exploris 480;AC=MS:1003028	NT=Trypsin;AC=MS:1001251	TMT127C	4	NT=higher energy beam-type collision-induced dissociation;AC=MS:1000422	NT=Carbamidomethyl;AC=UNIMOD:4;TA=C;MT=Fixed	NT=TMT6plex;AC=UNIMOD:737;TA=K;MT=Fixed	NT=TMT6plex;AC=UNIMOD:737;PP=Any N-term;MT=Fixed	NT=Oxidation;AC=UNIMOD:35;TA=M;MT=Variable	NT=Acetyl;AC=UNIMOD:1;PP=Protein N-term;MT=Variable	DMSO vehicle
HL60-DMSO vehicle-3	Homo sapiens	blood	myeloid cell	3	acute myeloid leukemia	cell line	DMSO vehicle	36Y	female	HL60	HL-60	CVCL_0002	HL-60	dimethyl sulfoxide	not available	3 hour	220820_UM171_RCOR1_HL60_TMT10_F05_of_F13_R2-TMT127C	proteomic profiling by mass spectrometry	2	220820_UM171_RCOR1_HL60_TMT10_F05_of_F13_R2.raw	v1.1.0	NT=ms-proteomics;VV=v1.1.0	NT=human;VV=v1.1.0	NT=cell-lines;VV=v1.1.0	NT=clinical-metadata;VV=v1.0.0	manual curation	NT=Data-dependent acquisition;AC=PRIDE:0000627	NT=Orbitrap Exploris 480;AC=MS:1003028	NT=Trypsin;AC=MS:1001251	TMT127C	5	NT=higher energy beam-type collision-induced dissociation;AC=MS:1000422	NT=Carbamidomethyl;AC=UNIMOD:4;TA=C;MT=Fixed	NT=TMT6plex;AC=UNIMOD:737;TA=K;MT=Fixed	NT=TMT6plex;AC=UNIMOD:737;PP=Any N-term;MT=Fixed	NT=Oxidation;AC=UNIMOD:35;TA=M;MT=Variable	NT=Acetyl;AC=UNIMOD:1;PP=Protein N-term;MT=Variable	DMSO vehicle
HL60-DMSO vehicle-3	Homo sapiens	blood	myeloid cell	3	acute myeloid leukemia	cell line	DMSO vehicle	36Y	female	HL60	HL-60	CVCL_0002	HL-60	dimethyl sulfoxide	not available	3 hour	220820_UM171_RCOR1_HL60_TMT10_F06_of_F13_R2-TMT127C	proteomic profiling by mass spectrometry	2	220820_UM171_RCOR1_HL60_TMT10_F06_of_F13_R2.raw	v1.1.0	NT=ms-proteomics;VV=v1.1.0	NT=human;VV=v1.1.0	NT=cell-lines;VV=v1.1.0	NT=clinical-metadata;VV=v1.0.0	manual curation	NT=Data-dependent acquisition;AC=PRIDE:0000627	NT=Orbitrap Exploris 480;AC=MS:1003028	NT=Trypsin;AC=MS:1001251	TMT127C	6	NT=higher energy beam-type collision-induced dissociation;AC=MS:1000422	NT=Carbamidomethyl;AC=UNIMOD:4;TA=C;MT=Fixed	NT=TMT6plex;AC=UNIMOD:737;TA=K;MT=Fixed	NT=TMT6plex;AC=UNIMOD:737;PP=Any N-term;MT=Fixed	NT=Oxidation;AC=UNIMOD:35;TA=M;MT=Variable	NT=Acetyl;AC=UNIMOD:1;PP=Protein N-term;MT=Variable	DMSO vehicle
HL60-DMSO vehicle-3	Homo sapiens	blood	myeloid cell	3	acute myeloid leukemia	cell line	DMSO vehicle	36Y	female	HL60	HL-60	CVCL_0002	HL-60	dimethyl sulfoxide	not available	3 hour	220820_UM171_RCOR1_HL60_TMT10_F07_of_F13_R2-TMT127C	proteomic profiling by mass spectrometry	2	220820_UM171_RCOR1_HL60_TMT10_F07_of_F13_R2.raw	v1.1.0	NT=ms-proteomics;VV=v1.1.0	NT=human;VV=v1.1.0	NT=cell-lines;VV=v1.1.0	NT=clinical-metadata;VV=v1.0.0	manual curation	NT=Data-dependent acquisition;AC=PRIDE:0000627	NT=Orbitrap Exploris 480;AC=MS:1003028	NT=Trypsin;AC=MS:1001251	TMT127C	7	NT=higher energy beam-type collision-induced dissociation;AC=MS:1000422	NT=Carbamidomethyl;AC=UNIMOD:4;TA=C;MT=Fixed	NT=TMT6plex;AC=UNIMOD:737;TA=K;MT=Fixed	NT=TMT6plex;AC=UNIMOD:737;PP=Any N-term;MT=Fixed	NT=Oxidation;AC=UNIMOD:35;TA=M;MT=Variable	NT=Acetyl;AC=UNIMOD:1;PP=Protein N-term;MT=Variable	DMSO vehicle
HL60-DMSO vehicle-3	Homo sapiens	blood	myeloid cell	3	acute myeloid leukemia	cell line	DMSO vehicle	36Y	female	HL60	HL-60	CVCL_0002	HL-60	dimethyl sulfoxide	not available	3 hour	220820_UM171_RCOR1_HL60_TMT10_F08_of_F13_R2-TMT127C	proteomic profiling by mass spectrometry	2	220820_UM171_RCOR1_HL60_TMT10_F08_of_F13_R2.raw	v1.1.0	NT=ms-proteomics;VV=v1.1.0	NT=human;VV=v1.1.0	NT=cell-lines;VV=v1.1.0	NT=clinical-metadata;VV=v1.0.0	manual curation	NT=Data-dependent acquisition;AC=PRIDE:0000627	NT=Orbitrap Exploris 480;AC=MS:1003028	NT=Trypsin;AC=MS:1001251	TMT127C	8	NT=higher energy beam-type collision-induced dissociation;AC=MS:1000422	NT=Carbamidomethyl;AC=UNIMOD:4;TA=C;MT=Fixed	NT=TMT6plex;AC=UNIMOD:737;TA=K;MT=Fixed	NT=TMT6plex;AC=UNIMOD:737;PP=Any N-term;MT=Fixed	NT=Oxidation;AC=UNIMOD:35;TA=M;MT=Variable	NT=Acetyl;AC=UNIMOD:1;PP=Protein N-term;MT=Variable	DMSO vehicle
HL60-DMSO vehicle-3	Homo sapiens	blood	myeloid cell	3	acute myeloid leukemia	cell line	DMSO vehicle	36Y	female	HL60	HL-60	CVCL_0002	HL-60	dimethyl sulfoxide	not available	3 hour	220820_UM171_RCOR1_HL60_TMT10_F09_of_F13_R2-TMT127C	proteomic profiling by mass spectrometry	2	220820_UM171_RCOR1_HL60_TMT10_F09_of_F13_R2.raw	v1.1.0	NT=ms-proteomics;VV=v1.1.0	NT=human;VV=v1.1.0	NT=cell-lines;VV=v1.1.0	NT=clinical-metadata;VV=v1.0.0	manual curation	NT=Data-dependent acquisition;AC=PRIDE:0000627	NT=Orbitrap Exploris 480;AC=MS:1003028	NT=Trypsin;AC=MS:1001251	TMT127C	9	NT=higher energy beam-type collision-induced dissociation;AC=MS:1000422	NT=Carbamidomethyl;AC=UNIMOD:4;TA=C;MT=Fixed	NT=TMT6plex;AC=UNIMOD:737;TA=K;MT=Fixed	NT=TMT6plex;AC=UNIMOD:737;PP=Any N-term;MT=Fixed	NT=Oxidation;AC=UNIMOD:35;TA=M;MT=Variable	NT=Acetyl;AC=UNIMOD:1;PP=Protein N-term;MT=Variable	DMSO vehicle
HL60-DMSO vehicle-3	Homo sapiens	blood	myeloid cell	3	acute myeloid leukemia	cell line	DMSO vehicle	36Y	female	HL60	HL-60	CVCL_0002	HL-60	dimethyl sulfoxide	not available	3 hour	220820_UM171_RCOR1_HL60_TMT10_F10_of_F13_R2-TMT127C	proteomic profiling by mass spectrometry	2	220820_UM171_RCOR1_HL60_TMT10_F10_of_F13_R2.raw	v1.1.0	NT=ms-proteomics;VV=v1.1.0	NT=human;VV=v1.1.0	NT=cell-lines;VV=v1.1.0	NT=clinical-metadata;VV=v1.0.0	manual curation	NT=Data-dependent acquisition;AC=PRIDE:0000627	NT=Orbitrap Exploris 480;AC=MS:1003028	NT=Trypsin;AC=MS:1001251	TMT127C	10	NT=higher energy beam-type collision-induced dissociation;AC=MS:1000422	NT=Carbamidomethyl;AC=UNIMOD:4;TA=C;MT=Fixed	NT=TMT6plex;AC=UNIMOD:737;TA=K;MT=Fixed	NT=TMT6plex;AC=UNIMOD:737;PP=Any N-term;MT=Fixed	NT=Oxidation;AC=UNIMOD:35;TA=M;MT=Variable	NT=Acetyl;AC=UNIMOD:1;PP=Protein N-term;MT=Variable	DMSO vehicle
HL60-DMSO vehicle-3	Homo sapiens	blood	myeloid cell	3	acute myeloid leukemia	cell line	DMSO vehicle	36Y	female	HL60	HL-60	CVCL_0002	HL-60	dimethyl sulfoxide	not available	3 hour	220820_UM171_RCOR1_HL60_TMT10_F11_of_F13_R2-TMT127C	proteomic profiling by mass spectrometry	2	220820_UM171_RCOR1_HL60_TMT10_F11_of_F13_R2.raw	v1.1.0	NT=ms-proteomics;VV=v1.1.0	NT=human;VV=v1.1.0	NT=cell-lines;VV=v1.1.0	NT=clinical-metadata;VV=v1.0.0	manual curation	NT=Data-dependent acquisition;AC=PRIDE:0000627	NT=Orbitrap Exploris 480;AC=MS:1003028	NT=Trypsin;AC=MS:1001251	TMT127C	11	NT=higher energy beam-type collision-induced dissociation;AC=MS:1000422	NT=Carbamidomethyl;AC=UNIMOD:4;TA=C;MT=Fixed	NT=TMT6plex;AC=UNIMOD:737;TA=K;MT=Fixed	NT=TMT6plex;AC=UNIMOD:737;PP=Any N-term;MT=Fixed	NT=Oxidation;AC=UNIMOD:35;TA=M;MT=Variable	NT=Acetyl;AC=UNIMOD:1;PP=Protein N-term;MT=Variable	DMSO vehicle
HL60-DMSO vehicle-3	Homo sapiens	blood	myeloid cell	3	acute myeloid leukemia	cell line	DMSO vehicle	36Y	female	HL60	HL-60	CVCL_0002	HL-60	dimethyl sulfoxide	not available	3 hour	220820_UM171_RCOR1_HL60_TMT10_F12_of_F13_R2-TMT127C	proteomic profiling by mass spectrometry	2	220820_UM171_RCOR1_HL60_TMT10_F12_of_F13_R2.raw	v1.1.0	NT=ms-proteomics;VV=v1.1.0	NT=human;VV=v1.1.0	NT=cell-lines;VV=v1.1.0	NT=clinical-metadata;VV=v1.0.0	manual curation	NT=Data-dependent acquisition;AC=PRIDE:0000627	NT=Orbitrap Exploris 480;AC=MS:1003028	NT=Trypsin;AC=MS:1001251	TMT127C	12	NT=higher energy beam-type collision-induced dissociation;AC=MS:1000422	NT=Carbamidomethyl;AC=UNIMOD:4;TA=C;MT=Fixed	NT=TMT6plex;AC=UNIMOD:737;TA=K;MT=Fixed	NT=TMT6plex;AC=UNIMOD:737;PP=Any N-term;MT=Fixed	NT=Oxidation;AC=UNIMOD:35;TA=M;MT=Variable	NT=Acetyl;AC=UNIMOD:1;PP=Protein N-term;MT=Variable	DMSO vehicle
HL60-DMSO vehicle-3	Homo sapiens	blood	myeloid cell	3	acute myeloid leukemia	cell line	DMSO vehicle	36Y	female	HL60	HL-60	CVCL_0002	HL-60	dimethyl sulfoxide	not available	3 hour	220820_UM171_RCOR1_HL60_TMT10_F13_of_F13_R2-TMT127C	proteomic profiling by mass spectrometry	2	220820_UM171_RCOR1_HL60_TMT10_F13_of_F13_R2.raw	v1.1.0	NT=ms-proteomics;VV=v1.1.0	NT=human;VV=v1.1.0	NT=cell-lines;VV=v1.1.0	NT=clinical-metadata;VV=v1.0.0	manual curation	NT=Data-dependent acquisition;AC=PRIDE:0000627	NT=Orbitrap Exploris 480;AC=MS:1003028	NT=Trypsin;AC=MS:1001251	TMT127C	13	NT=higher energy beam-type collision-induced dissociation;AC=MS:1000422	NT=Carbamidomethyl;AC=UNIMOD:4;TA=C;MT=Fixed	NT=TMT6plex;AC=UNIMOD:737;TA=K;MT=Fixed	NT=TMT6plex;AC=UNIMOD:737;PP=Any N-term;MT=Fixed	NT=Oxidation;AC=UNIMOD:35;TA=M;MT=Variable	NT=Acetyl;AC=UNIMOD:1;PP=Protein N-term;MT=Variable	DMSO vehicle
HL60-DMSO vehicle-4	Homo sapiens	blood	myeloid cell	4	acute myeloid leukemia	cell line	DMSO vehicle	36Y	female	HL60	HL-60	CVCL_0002	HL-60	dimethyl sulfoxide	not available	3 hour	220820_UM171_RCOR1_HL60_TMT10_F01_of_F13_R2-TMT128N	proteomic profiling by mass spectrometry	2	220820_UM171_RCOR1_HL60_TMT10_F01_of_F13_R2.raw	v1.1.0	NT=ms-proteomics;VV=v1.1.0	NT=human;VV=v1.1.0	NT=cell-lines;VV=v1.1.0	NT=clinical-metadata;VV=v1.0.0	manual curation	NT=Data-dependent acquisition;AC=PRIDE:0000627	NT=Orbitrap Exploris 480;AC=MS:1003028	NT=Trypsin;AC=MS:1001251	TMT128N	1	NT=higher energy beam-type collision-induced dissociation;AC=MS:1000422	NT=Carbamidomethyl;AC=UNIMOD:4;TA=C;MT=Fixed	NT=TMT6plex;AC=UNIMOD:737;TA=K;MT=Fixed	NT=TMT6plex;AC=UNIMOD:737;PP=Any N-term;MT=Fixed	NT=Oxidation;AC=UNIMOD:35;TA=M;MT=Variable	NT=Acetyl;AC=UNIMOD:1;PP=Protein N-term;MT=Variable	DMSO vehicle
HL60-DMSO vehicle-4	Homo sapiens	blood	myeloid cell	4	acute myeloid leukemia	cell line	DMSO vehicle	36Y	female	HL60	HL-60	CVCL_0002	HL-60	dimethyl sulfoxide	not available	3 hour	220820_UM171_RCOR1_HL60_TMT10_F02_of_F13_R2-TMT128N	proteomic profiling by mass spectrometry	2	220820_UM171_RCOR1_HL60_TMT10_F02_of_F13_R2.raw	v1.1.0	NT=ms-proteomics;VV=v1.1.0	NT=human;VV=v1.1.0	NT=cell-lines;VV=v1.1.0	NT=clinical-metadata;VV=v1.0.0	manual curation	NT=Data-dependent acquisition;AC=PRIDE:0000627	NT=Orbitrap Exploris 480;AC=MS:1003028	NT=Trypsin;AC=MS:1001251	TMT128N	2	NT=higher energy beam-type collision-induced dissociation;AC=MS:1000422	NT=Carbamidomethyl;AC=UNIMOD:4;TA=C;MT=Fixed	NT=TMT6plex;AC=UNIMOD:737;TA=K;MT=Fixed	NT=TMT6plex;AC=UNIMOD:737;PP=Any N-term;MT=Fixed	NT=Oxidation;AC=UNIMOD:35;TA=M;MT=Variable	NT=Acetyl;AC=UNIMOD:1;PP=Protein N-term;MT=Variable	DMSO vehicle
HL60-DMSO vehicle-4	Homo sapiens	blood	myeloid cell	4	acute myeloid leukemia	cell line	DMSO vehicle	36Y	female	HL60	HL-60	CVCL_0002	HL-60	dimethyl sulfoxide	not available	3 hour	220820_UM171_RCOR1_HL60_TMT10_F03_of_F13_R2-TMT128N	proteomic profiling by mass spectrometry	2	220820_UM171_RCOR1_HL60_TMT10_F03_of_F13_R2.raw	v1.1.0	NT=ms-proteomics;VV=v1.1.0	NT=human;VV=v1.1.0	NT=cell-lines;VV=v1.1.0	NT=clinical-metadata;VV=v1.0.0	manual curation	NT=Data-dependent acquisition;AC=PRIDE:0000627	NT=Orbitrap Exploris 480;AC=MS:1003028	NT=Trypsin;AC=MS:1001251	TMT128N	3	NT=higher energy beam-type collision-induced dissociation;AC=MS:1000422	NT=Carbamidomethyl;AC=UNIMOD:4;TA=C;MT=Fixed	NT=TMT6plex;AC=UNIMOD:737;TA=K;MT=Fixed	NT=TMT6plex;AC=UNIMOD:737;PP=Any N-term;MT=Fixed	NT=Oxidation;AC=UNIMOD:35;TA=M;MT=Variable	NT=Acetyl;AC=UNIMOD:1;PP=Protein N-term;MT=Variable	DMSO vehicle
HL60-DMSO vehicle-4	Homo sapiens	blood	myeloid cell	4	acute myeloid leukemia	cell line	DMSO vehicle	36Y	female	HL60	HL-60	CVCL_0002	HL-60	dimethyl sulfoxide	not available	3 hour	220820_UM171_RCOR1_HL60_TMT10_F04_of_F13_R2-TMT128N	proteomic profiling by mass spectrometry	2	220820_UM171_RCOR1_HL60_TMT10_F04_of_F13_R2.raw	v1.1.0	NT=ms-proteomics;VV=v1.1.0	NT=human;VV=v1.1.0	NT=cell-lines;VV=v1.1.0	NT=clinical-metadata;VV=v1.0.0	manual curation	NT=Data-dependent acquisition;AC=PRIDE:0000627	NT=Orbitrap Exploris 480;AC=MS:1003028	NT=Trypsin;AC=MS:1001251	TMT128N	4	NT=higher energy beam-type collision-induced dissociation;AC=MS:1000422	NT=Carbamidomethyl;AC=UNIMOD:4;TA=C;MT=Fixed	NT=TMT6plex;AC=UNIMOD:737;TA=K;MT=Fixed	NT=TMT6plex;AC=UNIMOD:737;PP=Any N-term;MT=Fixed	NT=Oxidation;AC=UNIMOD:35;TA=M;MT=Variable	NT=Acetyl;AC=UNIMOD:1;PP=Protein N-term;MT=Variable	DMSO vehicle
HL60-DMSO vehicle-4	Homo sapiens	blood	myeloid cell	4	acute myeloid leukemia	cell line	DMSO vehicle	36Y	female	HL60	HL-60	CVCL_0002	HL-60	dimethyl sulfoxide	not available	3 hour	220820_UM171_RCOR1_HL60_TMT10_F05_of_F13_R2-TMT128N	proteomic profiling by mass spectrometry	2	220820_UM171_RCOR1_HL60_TMT10_F05_of_F13_R2.raw	v1.1.0	NT=ms-proteomics;VV=v1.1.0	NT=human;VV=v1.1.0	NT=cell-lines;VV=v1.1.0	NT=clinical-metadata;VV=v1.0.0	manual curation	NT=Data-dependent acquisition;AC=PRIDE:0000627	NT=Orbitrap Exploris 480;AC=MS:1003028	NT=Trypsin;AC=MS:1001251	TMT128N	5	NT=higher energy beam-type collision-induced dissociation;AC=MS:1000422	NT=Carbamidomethyl;AC=UNIMOD:4;TA=C;MT=Fixed	NT=TMT6plex;AC=UNIMOD:737;TA=K;MT=Fixed	NT=TMT6plex;AC=UNIMOD:737;PP=Any N-term;MT=Fixed	NT=Oxidation;AC=UNIMOD:35;TA=M;MT=Variable	NT=Acetyl;AC=UNIMOD:1;PP=Protein N-term;MT=Variable	DMSO vehicle
HL60-DMSO vehicle-4	Homo sapiens	blood	myeloid cell	4	acute myeloid leukemia	cell line	DMSO vehicle	36Y	female	HL60	HL-60	CVCL_0002	HL-60	dimethyl sulfoxide	not available	3 hour	220820_UM171_RCOR1_HL60_TMT10_F06_of_F13_R2-TMT128N	proteomic profiling by mass spectrometry	2	220820_UM171_RCOR1_HL60_TMT10_F06_of_F13_R2.raw	v1.1.0	NT=ms-proteomics;VV=v1.1.0	NT=human;VV=v1.1.0	NT=cell-lines;VV=v1.1.0	NT=clinical-metadata;VV=v1.0.0	manual curation	NT=Data-dependent acquisition;AC=PRIDE:0000627	NT=Orbitrap Exploris 480;AC=MS:1003028	NT=Trypsin;AC=MS:1001251	TMT128N	6	NT=higher energy beam-type collision-induced dissociation;AC=MS:1000422	NT=Carbamidomethyl;AC=UNIMOD:4;TA=C;MT=Fixed	NT=TMT6plex;AC=UNIMOD:737;TA=K;MT=Fixed	NT=TMT6plex;AC=UNIMOD:737;PP=Any N-term;MT=Fixed	NT=Oxidation;AC=UNIMOD:35;TA=M;MT=Variable	NT=Acetyl;AC=UNIMOD:1;PP=Protein N-term;MT=Variable	DMSO vehicle
HL60-DMSO vehicle-4	Homo sapiens	blood	myeloid cell	4	acute myeloid leukemia	cell line	DMSO vehicle	36Y	female	HL60	HL-60	CVCL_0002	HL-60	dimethyl sulfoxide	not available	3 hour	220820_UM171_RCOR1_HL60_TMT10_F07_of_F13_R2-TMT128N	proteomic profiling by mass spectrometry	2	220820_UM171_RCOR1_HL60_TMT10_F07_of_F13_R2.raw	v1.1.0	NT=ms-proteomics;VV=v1.1.0	NT=human;VV=v1.1.0	NT=cell-lines;VV=v1.1.0	NT=clinical-metadata;VV=v1.0.0	manual curation	NT=Data-dependent acquisition;AC=PRIDE:0000627	NT=Orbitrap Exploris 480;AC=MS:1003028	NT=Trypsin;AC=MS:1001251	TMT128N	7	NT=higher energy beam-type collision-induced dissociation;AC=MS:1000422	NT=Carbamidomethyl;AC=UNIMOD:4;TA=C;MT=Fixed	NT=TMT6plex;AC=UNIMOD:737;TA=K;MT=Fixed	NT=TMT6plex;AC=UNIMOD:737;PP=Any N-term;MT=Fixed	NT=Oxidation;AC=UNIMOD:35;TA=M;MT=Variable	NT=Acetyl;AC=UNIMOD:1;PP=Protein N-term;MT=Variable	DMSO vehicle
HL60-DMSO vehicle-4	Homo sapiens	blood	myeloid cell	4	acute myeloid leukemia	cell line	DMSO vehicle	36Y	female	HL60	HL-60	CVCL_0002	HL-60	dimethyl sulfoxide	not available	3 hour	220820_UM171_RCOR1_HL60_TMT10_F08_of_F13_R2-TMT128N	proteomic profiling by mass spectrometry	2	220820_UM171_RCOR1_HL60_TMT10_F08_of_F13_R2.raw	v1.1.0	NT=ms-proteomics;VV=v1.1.0	NT=human;VV=v1.1.0	NT=cell-lines;VV=v1.1.0	NT=clinical-metadata;VV=v1.0.0	manual curation	NT=Data-dependent acquisition;AC=PRIDE:0000627	NT=Orbitrap Exploris 480;AC=MS:1003028	NT=Trypsin;AC=MS:1001251	TMT128N	8	NT=higher energy beam-type collision-induced dissociation;AC=MS:1000422	NT=Carbamidomethyl;AC=UNIMOD:4;TA=C;MT=Fixed	NT=TMT6plex;AC=UNIMOD:737;TA=K;MT=Fixed	NT=TMT6plex;AC=UNIMOD:737;PP=Any N-term;MT=Fixed	NT=Oxidation;AC=UNIMOD:35;TA=M;MT=Variable	NT=Acetyl;AC=UNIMOD:1;PP=Protein N-term;MT=Variable	DMSO vehicle
HL60-DMSO vehicle-4	Homo sapiens	blood	myeloid cell	4	acute myeloid leukemia	cell line	DMSO vehicle	36Y	female	HL60	HL-60	CVCL_0002	HL-60	dimethyl sulfoxide	not available	3 hour	220820_UM171_RCOR1_HL60_TMT10_F09_of_F13_R2-TMT128N	proteomic profiling by mass spectrometry	2	220820_UM171_RCOR1_HL60_TMT10_F09_of_F13_R2.raw	v1.1.0	NT=ms-proteomics;VV=v1.1.0	NT=human;VV=v1.1.0	NT=cell-lines;VV=v1.1.0	NT=clinical-metadata;VV=v1.0.0	manual curation	NT=Data-dependent acquisition;AC=PRIDE:0000627	NT=Orbitrap Exploris 480;AC=MS:1003028	NT=Trypsin;AC=MS:1001251	TMT128N	9	NT=higher energy beam-type collision-induced dissociation;AC=MS:1000422	NT=Carbamidomethyl;AC=UNIMOD:4;TA=C;MT=Fixed	NT=TMT6plex;AC=UNIMOD:737;TA=K;MT=Fixed	NT=TMT6plex;AC=UNIMOD:737;PP=Any N-term;MT=Fixed	NT=Oxidation;AC=UNIMOD:35;TA=M;MT=Variable	NT=Acetyl;AC=UNIMOD:1;PP=Protein N-term;MT=Variable	DMSO vehicle
HL60-DMSO vehicle-4	Homo sapiens	blood	myeloid cell	4	acute myeloid leukemia	cell line	DMSO vehicle	36Y	female	HL60	HL-60	CVCL_0002	HL-60	dimethyl sulfoxide	not available	3 hour	220820_UM171_RCOR1_HL60_TMT10_F10_of_F13_R2-TMT128N	proteomic profiling by mass spectrometry	2	220820_UM171_RCOR1_HL60_TMT10_F10_of_F13_R2.raw	v1.1.0	NT=ms-proteomics;VV=v1.1.0	NT=human;VV=v1.1.0	NT=cell-lines;VV=v1.1.0	NT=clinical-metadata;VV=v1.0.0	manual curation	NT=Data-dependent acquisition;AC=PRIDE:0000627	NT=Orbitrap Exploris 480;AC=MS:1003028	NT=Trypsin;AC=MS:1001251	TMT128N	10	NT=higher energy beam-type collision-induced dissociation;AC=MS:1000422	NT=Carbamidomethyl;AC=UNIMOD:4;TA=C;MT=Fixed	NT=TMT6plex;AC=UNIMOD:737;TA=K;MT=Fixed	NT=TMT6plex;AC=UNIMOD:737;PP=Any N-term;MT=Fixed	NT=Oxidation;AC=UNIMOD:35;TA=M;MT=Variable	NT=Acetyl;AC=UNIMOD:1;PP=Protein N-term;MT=Variable	DMSO vehicle
HL60-DMSO vehicle-4	Homo sapiens	blood	myeloid cell	4	acute myeloid leukemia	cell line	DMSO vehicle	36Y	female	HL60	HL-60	CVCL_0002	HL-60	dimethyl sulfoxide	not available	3 hour	220820_UM171_RCOR1_HL60_TMT10_F11_of_F13_R2-TMT128N	proteomic profiling by mass spectrometry	2	220820_UM171_RCOR1_HL60_TMT10_F11_of_F13_R2.raw	v1.1.0	NT=ms-proteomics;VV=v1.1.0	NT=human;VV=v1.1.0	NT=cell-lines;VV=v1.1.0	NT=clinical-metadata;VV=v1.0.0	manual curation	NT=Data-dependent acquisition;AC=PRIDE:0000627	NT=Orbitrap Exploris 480;AC=MS:1003028	NT=Trypsin;AC=MS:1001251	TMT128N	11	NT=higher energy beam-type collision-induced dissociation;AC=MS:1000422	NT=Carbamidomethyl;AC=UNIMOD:4;TA=C;MT=Fixed	NT=TMT6plex;AC=UNIMOD:737;TA=K;MT=Fixed	NT=TMT6plex;AC=UNIMOD:737;PP=Any N-term;MT=Fixed	NT=Oxidation;AC=UNIMOD:35;TA=M;MT=Variable	NT=Acetyl;AC=UNIMOD:1;PP=Protein N-term;MT=Variable	DMSO vehicle
HL60-DMSO vehicle-4	Homo sapiens	blood	myeloid cell	4	acute myeloid leukemia	cell line	DMSO vehicle	36Y	female	HL60	HL-60	CVCL_0002	HL-60	dimethyl sulfoxide	not available	3 hour	220820_UM171_RCOR1_HL60_TMT10_F12_of_F13_R2-TMT128N	proteomic profiling by mass spectrometry	2	220820_UM171_RCOR1_HL60_TMT10_F12_of_F13_R2.raw	v1.1.0	NT=ms-proteomics;VV=v1.1.0	NT=human;VV=v1.1.0	NT=cell-lines;VV=v1.1.0	NT=clinical-metadata;VV=v1.0.0	manual curation	NT=Data-dependent acquisition;AC=PRIDE:0000627	NT=Orbitrap Exploris 480;AC=MS:1003028	NT=Trypsin;AC=MS:1001251	TMT128N	12	NT=higher energy beam-type collision-induced dissociation;AC=MS:1000422	NT=Carbamidomethyl;AC=UNIMOD:4;TA=C;MT=Fixed	NT=TMT6plex;AC=UNIMOD:737;TA=K;MT=Fixed	NT=TMT6plex;AC=UNIMOD:737;PP=Any N-term;MT=Fixed	NT=Oxidation;AC=UNIMOD:35;TA=M;MT=Variable	NT=Acetyl;AC=UNIMOD:1;PP=Protein N-term;MT=Variable	DMSO vehicle
HL60-DMSO vehicle-4	Homo sapiens	blood	myeloid cell	4	acute myeloid leukemia	cell line	DMSO vehicle	36Y	female	HL60	HL-60	CVCL_0002	HL-60	dimethyl sulfoxide	not available	3 hour	220820_UM171_RCOR1_HL60_TMT10_F13_of_F13_R2-TMT128N	proteomic profiling by mass spectrometry	2	220820_UM171_RCOR1_HL60_TMT10_F13_of_F13_R2.raw	v1.1.0	NT=ms-proteomics;VV=v1.1.0	NT=human;VV=v1.1.0	NT=cell-lines;VV=v1.1.0	NT=clinical-metadata;VV=v1.0.0	manual curation	NT=Data-dependent acquisition;AC=PRIDE:0000627	NT=Orbitrap Exploris 480;AC=MS:1003028	NT=Trypsin;AC=MS:1001251	TMT128N	13	NT=higher energy beam-type collision-induced dissociation;AC=MS:1000422	NT=Carbamidomethyl;AC=UNIMOD:4;TA=C;MT=Fixed	NT=TMT6plex;AC=UNIMOD:737;TA=K;MT=Fixed	NT=TMT6plex;AC=UNIMOD:737;PP=Any N-term;MT=Fixed	NT=Oxidation;AC=UNIMOD:35;TA=M;MT=Variable	NT=Acetyl;AC=UNIMOD:1;PP=Protein N-term;MT=Variable	DMSO vehicle
HL60-DMSO vehicle-5	Homo sapiens	blood	myeloid cell	5	acute myeloid leukemia	cell line	DMSO vehicle	36Y	female	HL60	HL-60	CVCL_0002	HL-60	dimethyl sulfoxide	not available	3 hour	220820_UM171_RCOR1_HL60_TMT10_F01_of_F13_R2-TMT128C	proteomic profiling by mass spectrometry	2	220820_UM171_RCOR1_HL60_TMT10_F01_of_F13_R2.raw	v1.1.0	NT=ms-proteomics;VV=v1.1.0	NT=human;VV=v1.1.0	NT=cell-lines;VV=v1.1.0	NT=clinical-metadata;VV=v1.0.0	manual curation	NT=Data-dependent acquisition;AC=PRIDE:0000627	NT=Orbitrap Exploris 480;AC=MS:1003028	NT=Trypsin;AC=MS:1001251	TMT128C	1	NT=higher energy beam-type collision-induced dissociation;AC=MS:1000422	NT=Carbamidomethyl;AC=UNIMOD:4;TA=C;MT=Fixed	NT=TMT6plex;AC=UNIMOD:737;TA=K;MT=Fixed	NT=TMT6plex;AC=UNIMOD:737;PP=Any N-term;MT=Fixed	NT=Oxidation;AC=UNIMOD:35;TA=M;MT=Variable	NT=Acetyl;AC=UNIMOD:1;PP=Protein N-term;MT=Variable	DMSO vehicle
HL60-DMSO vehicle-5	Homo sapiens	blood	myeloid cell	5	acute myeloid leukemia	cell line	DMSO vehicle	36Y	female	HL60	HL-60	CVCL_0002	HL-60	dimethyl sulfoxide	not available	3 hour	220820_UM171_RCOR1_HL60_TMT10_F02_of_F13_R2-TMT128C	proteomic profiling by mass spectrometry	2	220820_UM171_RCOR1_HL60_TMT10_F02_of_F13_R2.raw	v1.1.0	NT=ms-proteomics;VV=v1.1.0	NT=human;VV=v1.1.0	NT=cell-lines;VV=v1.1.0	NT=clinical-metadata;VV=v1.0.0	manual curation	NT=Data-dependent acquisition;AC=PRIDE:0000627	NT=Orbitrap Exploris 480;AC=MS:1003028	NT=Trypsin;AC=MS:1001251	TMT128C	2	NT=higher energy beam-type collision-induced dissociation;AC=MS:1000422	NT=Carbamidomethyl;AC=UNIMOD:4;TA=C;MT=Fixed	NT=TMT6plex;AC=UNIMOD:737;TA=K;MT=Fixed	NT=TMT6plex;AC=UNIMOD:737;PP=Any N-term;MT=Fixed	NT=Oxidation;AC=UNIMOD:35;TA=M;MT=Variable	NT=Acetyl;AC=UNIMOD:1;PP=Protein N-term;MT=Variable	DMSO vehicle
HL60-DMSO vehicle-5	Homo sapiens	blood	myeloid cell	5	acute myeloid leukemia	cell line	DMSO vehicle	36Y	female	HL60	HL-60	CVCL_0002	HL-60	dimethyl sulfoxide	not available	3 hour	220820_UM171_RCOR1_HL60_TMT10_F03_of_F13_R2-TMT128C	proteomic profiling by mass spectrometry	2	220820_UM171_RCOR1_HL60_TMT10_F03_of_F13_R2.raw	v1.1.0	NT=ms-proteomics;VV=v1.1.0	NT=human;VV=v1.1.0	NT=cell-lines;VV=v1.1.0	NT=clinical-metadata;VV=v1.0.0	manual curation	NT=Data-dependent acquisition;AC=PRIDE:0000627	NT=Orbitrap Exploris 480;AC=MS:1003028	NT=Trypsin;AC=MS:1001251	TMT128C	3	NT=higher energy beam-type collision-induced dissociation;AC=MS:1000422	NT=Carbamidomethyl;AC=UNIMOD:4;TA=C;MT=Fixed	NT=TMT6plex;AC=UNIMOD:737;TA=K;MT=Fixed	NT=TMT6plex;AC=UNIMOD:737;PP=Any N-term;MT=Fixed	NT=Oxidation;AC=UNIMOD:35;TA=M;MT=Variable	NT=Acetyl;AC=UNIMOD:1;PP=Protein N-term;MT=Variable	DMSO vehicle
HL60-DMSO vehicle-5	Homo sapiens	blood	myeloid cell	5	acute myeloid leukemia	cell line	DMSO vehicle	36Y	female	HL60	HL-60	CVCL_0002	HL-60	dimethyl sulfoxide	not available	3 hour	220820_UM171_RCOR1_HL60_TMT10_F04_of_F13_R2-TMT128C	proteomic profiling by mass spectrometry	2	220820_UM171_RCOR1_HL60_TMT10_F04_of_F13_R2.raw	v1.1.0	NT=ms-proteomics;VV=v1.1.0	NT=human;VV=v1.1.0	NT=cell-lines;VV=v1.1.0	NT=clinical-metadata;VV=v1.0.0	manual curation	NT=Data-dependent acquisition;AC=PRIDE:0000627	NT=Orbitrap Exploris 480;AC=MS:1003028	NT=Trypsin;AC=MS:1001251	TMT128C	4	NT=higher energy beam-type collision-induced dissociation;AC=MS:1000422	NT=Carbamidomethyl;AC=UNIMOD:4;TA=C;MT=Fixed	NT=TMT6plex;AC=UNIMOD:737;TA=K;MT=Fixed	NT=TMT6plex;AC=UNIMOD:737;PP=Any N-term;MT=Fixed	NT=Oxidation;AC=UNIMOD:35;TA=M;MT=Variable	NT=Acetyl;AC=UNIMOD:1;PP=Protein N-term;MT=Variable	DMSO vehicle
HL60-DMSO vehicle-5	Homo sapiens	blood	myeloid cell	5	acute myeloid leukemia	cell line	DMSO vehicle	36Y	female	HL60	HL-60	CVCL_0002	HL-60	dimethyl sulfoxide	not available	3 hour	220820_UM171_RCOR1_HL60_TMT10_F05_of_F13_R2-TMT128C	proteomic profiling by mass spectrometry	2	220820_UM171_RCOR1_HL60_TMT10_F05_of_F13_R2.raw	v1.1.0	NT=ms-proteomics;VV=v1.1.0	NT=human;VV=v1.1.0	NT=cell-lines;VV=v1.1.0	NT=clinical-metadata;VV=v1.0.0	manual curation	NT=Data-dependent acquisition;AC=PRIDE:0000627	NT=Orbitrap Exploris 480;AC=MS:1003028	NT=Trypsin;AC=MS:1001251	TMT128C	5	NT=higher energy beam-type collision-induced dissociation;AC=MS:1000422	NT=Carbamidomethyl;AC=UNIMOD:4;TA=C;MT=Fixed	NT=TMT6plex;AC=UNIMOD:737;TA=K;MT=Fixed	NT=TMT6plex;AC=UNIMOD:737;PP=Any N-term;MT=Fixed	NT=Oxidation;AC=UNIMOD:35;TA=M;MT=Variable	NT=Acetyl;AC=UNIMOD:1;PP=Protein N-term;MT=Variable	DMSO vehicle
HL60-DMSO vehicle-5	Homo sapiens	blood	myeloid cell	5	acute myeloid leukemia	cell line	DMSO vehicle	36Y	female	HL60	HL-60	CVCL_0002	HL-60	dimethyl sulfoxide	not available	3 hour	220820_UM171_RCOR1_HL60_TMT10_F06_of_F13_R2-TMT128C	proteomic profiling by mass spectrometry	2	220820_UM171_RCOR1_HL60_TMT10_F06_of_F13_R2.raw	v1.1.0	NT=ms-proteomics;VV=v1.1.0	NT=human;VV=v1.1.0	NT=cell-lines;VV=v1.1.0	NT=clinical-metadata;VV=v1.0.0	manual curation	NT=Data-dependent acquisition;AC=PRIDE:0000627	NT=Orbitrap Exploris 480;AC=MS:1003028	NT=Trypsin;AC=MS:1001251	TMT128C	6	NT=higher energy beam-type collision-induced dissociation;AC=MS:1000422	NT=Carbamidomethyl;AC=UNIMOD:4;TA=C;MT=Fixed	NT=TMT6plex;AC=UNIMOD:737;TA=K;MT=Fixed	NT=TMT6plex;AC=UNIMOD:737;PP=Any N-term;MT=Fixed	NT=Oxidation;AC=UNIMOD:35;TA=M;MT=Variable	NT=Acetyl;AC=UNIMOD:1;PP=Protein N-term;MT=Variable	DMSO vehicle
HL60-DMSO vehicle-5	Homo sapiens	blood	myeloid cell	5	acute myeloid leukemia	cell line	DMSO vehicle	36Y	female	HL60	HL-60	CVCL_0002	HL-60	dimethyl sulfoxide	not available	3 hour	220820_UM171_RCOR1_HL60_TMT10_F07_of_F13_R2-TMT128C	proteomic profiling by mass spectrometry	2	220820_UM171_RCOR1_HL60_TMT10_F07_of_F13_R2.raw	v1.1.0	NT=ms-proteomics;VV=v1.1.0	NT=human;VV=v1.1.0	NT=cell-lines;VV=v1.1.0	NT=clinical-metadata;VV=v1.0.0	manual curation	NT=Data-dependent acquisition;AC=PRIDE:0000627	NT=Orbitrap Exploris 480;AC=MS:1003028	NT=Trypsin;AC=MS:1001251	TMT128C	7	NT=higher energy beam-type collision-induced dissociation;AC=MS:1000422	NT=Carbamidomethyl;AC=UNIMOD:4;TA=C;MT=Fixed	NT=TMT6plex;AC=UNIMOD:737;TA=K;MT=Fixed	NT=TMT6plex;AC=UNIMOD:737;PP=Any N-term;MT=Fixed	NT=Oxidation;AC=UNIMOD:35;TA=M;MT=Variable	NT=Acetyl;AC=UNIMOD:1;PP=Protein N-term;MT=Variable	DMSO vehicle
HL60-DMSO vehicle-5	Homo sapiens	blood	myeloid cell	5	acute myeloid leukemia	cell line	DMSO vehicle	36Y	female	HL60	HL-60	CVCL_0002	HL-60	dimethyl sulfoxide	not available	3 hour	220820_UM171_RCOR1_HL60_TMT10_F08_of_F13_R2-TMT128C	proteomic profiling by mass spectrometry	2	220820_UM171_RCOR1_HL60_TMT10_F08_of_F13_R2.raw	v1.1.0	NT=ms-proteomics;VV=v1.1.0	NT=human;VV=v1.1.0	NT=cell-lines;VV=v1.1.0	NT=clinical-metadata;VV=v1.0.0	manual curation	NT=Data-dependent acquisition;AC=PRIDE:0000627	NT=Orbitrap Exploris 480;AC=MS:1003028	NT=Trypsin;AC=MS:1001251	TMT128C	8	NT=higher energy beam-type collision-induced dissociation;AC=MS:1000422	NT=Carbamidomethyl;AC=UNIMOD:4;TA=C;MT=Fixed	NT=TMT6plex;AC=UNIMOD:737;TA=K;MT=Fixed	NT=TMT6plex;AC=UNIMOD:737;PP=Any N-term;MT=Fixed	NT=Oxidation;AC=UNIMOD:35;TA=M;MT=Variable	NT=Acetyl;AC=UNIMOD:1;PP=Protein N-term;MT=Variable	DMSO vehicle
HL60-DMSO vehicle-5	Homo sapiens	blood	myeloid cell	5	acute myeloid leukemia	cell line	DMSO vehicle	36Y	female	HL60	HL-60	CVCL_0002	HL-60	dimethyl sulfoxide	not available	3 hour	220820_UM171_RCOR1_HL60_TMT10_F09_of_F13_R2-TMT128C	proteomic profiling by mass spectrometry	2	220820_UM171_RCOR1_HL60_TMT10_F09_of_F13_R2.raw	v1.1.0	NT=ms-proteomics;VV=v1.1.0	NT=human;VV=v1.1.0	NT=cell-lines;VV=v1.1.0	NT=clinical-metadata;VV=v1.0.0	manual curation	NT=Data-dependent acquisition;AC=PRIDE:0000627	NT=Orbitrap Exploris 480;AC=MS:1003028	NT=Trypsin;AC=MS:1001251	TMT128C	9	NT=higher energy beam-type collision-induced dissociation;AC=MS:1000422	NT=Carbamidomethyl;AC=UNIMOD:4;TA=C;MT=Fixed	NT=TMT6plex;AC=UNIMOD:737;TA=K;MT=Fixed	NT=TMT6plex;AC=UNIMOD:737;PP=Any N-term;MT=Fixed	NT=Oxidation;AC=UNIMOD:35;TA=M;MT=Variable	NT=Acetyl;AC=UNIMOD:1;PP=Protein N-term;MT=Variable	DMSO vehicle
HL60-DMSO vehicle-5	Homo sapiens	blood	myeloid cell	5	acute myeloid leukemia	cell line	DMSO vehicle	36Y	female	HL60	HL-60	CVCL_0002	HL-60	dimethyl sulfoxide	not available	3 hour	220820_UM171_RCOR1_HL60_TMT10_F10_of_F13_R2-TMT128C	proteomic profiling by mass spectrometry	2	220820_UM171_RCOR1_HL60_TMT10_F10_of_F13_R2.raw	v1.1.0	NT=ms-proteomics;VV=v1.1.0	NT=human;VV=v1.1.0	NT=cell-lines;VV=v1.1.0	NT=clinical-metadata;VV=v1.0.0	manual curation	NT=Data-dependent acquisition;AC=PRIDE:0000627	NT=Orbitrap Exploris 480;AC=MS:1003028	NT=Trypsin;AC=MS:1001251	TMT128C	10	NT=higher energy beam-type collision-induced dissociation;AC=MS:1000422	NT=Carbamidomethyl;AC=UNIMOD:4;TA=C;MT=Fixed	NT=TMT6plex;AC=UNIMOD:737;TA=K;MT=Fixed	NT=TMT6plex;AC=UNIMOD:737;PP=Any N-term;MT=Fixed	NT=Oxidation;AC=UNIMOD:35;TA=M;MT=Variable	NT=Acetyl;AC=UNIMOD:1;PP=Protein N-term;MT=Variable	DMSO vehicle
HL60-DMSO vehicle-5	Homo sapiens	blood	myeloid cell	5	acute myeloid leukemia	cell line	DMSO vehicle	36Y	female	HL60	HL-60	CVCL_0002	HL-60	dimethyl sulfoxide	not available	3 hour	220820_UM171_RCOR1_HL60_TMT10_F11_of_F13_R2-TMT128C	proteomic profiling by mass spectrometry	2	220820_UM171_RCOR1_HL60_TMT10_F11_of_F13_R2.raw	v1.1.0	NT=ms-proteomics;VV=v1.1.0	NT=human;VV=v1.1.0	NT=cell-lines;VV=v1.1.0	NT=clinical-metadata;VV=v1.0.0	manual curation	NT=Data-dependent acquisition;AC=PRIDE:0000627	NT=Orbitrap Exploris 480;AC=MS:1003028	NT=Trypsin;AC=MS:1001251	TMT128C	11	NT=higher energy beam-type collision-induced dissociation;AC=MS:1000422	NT=Carbamidomethyl;AC=UNIMOD:4;TA=C;MT=Fixed	NT=TMT6plex;AC=UNIMOD:737;TA=K;MT=Fixed	NT=TMT6plex;AC=UNIMOD:737;PP=Any N-term;MT=Fixed	NT=Oxidation;AC=UNIMOD:35;TA=M;MT=Variable	NT=Acetyl;AC=UNIMOD:1;PP=Protein N-term;MT=Variable	DMSO vehicle
HL60-DMSO vehicle-5	Homo sapiens	blood	myeloid cell	5	acute myeloid leukemia	cell line	DMSO vehicle	36Y	female	HL60	HL-60	CVCL_0002	HL-60	dimethyl sulfoxide	not available	3 hour	220820_UM171_RCOR1_HL60_TMT10_F12_of_F13_R2-TMT128C	proteomic profiling by mass spectrometry	2	220820_UM171_RCOR1_HL60_TMT10_F12_of_F13_R2.raw	v1.1.0	NT=ms-proteomics;VV=v1.1.0	NT=human;VV=v1.1.0	NT=cell-lines;VV=v1.1.0	NT=clinical-metadata;VV=v1.0.0	manual curation	NT=Data-dependent acquisition;AC=PRIDE:0000627	NT=Orbitrap Exploris 480;AC=MS:1003028	NT=Trypsin;AC=MS:1001251	TMT128C	12	NT=higher energy beam-type collision-induced dissociation;AC=MS:1000422	NT=Carbamidomethyl;AC=UNIMOD:4;TA=C;MT=Fixed	NT=TMT6plex;AC=UNIMOD:737;TA=K;MT=Fixed	NT=TMT6plex;AC=UNIMOD:737;PP=Any N-term;MT=Fixed	NT=Oxidation;AC=UNIMOD:35;TA=M;MT=Variable	NT=Acetyl;AC=UNIMOD:1;PP=Protein N-term;MT=Variable	DMSO vehicle
HL60-DMSO vehicle-5	Homo sapiens	blood	myeloid cell	5	acute myeloid leukemia	cell line	DMSO vehicle	36Y	female	HL60	HL-60	CVCL_0002	HL-60	dimethyl sulfoxide	not available	3 hour	220820_UM171_RCOR1_HL60_TMT10_F13_of_F13_R2-TMT128C	proteomic profiling by mass spectrometry	2	220820_UM171_RCOR1_HL60_TMT10_F13_of_F13_R2.raw	v1.1.0	NT=ms-proteomics;VV=v1.1.0	NT=human;VV=v1.1.0	NT=cell-lines;VV=v1.1.0	NT=clinical-metadata;VV=v1.0.0	manual curation	NT=Data-dependent acquisition;AC=PRIDE:0000627	NT=Orbitrap Exploris 480;AC=MS:1003028	NT=Trypsin;AC=MS:1001251	TMT128C	13	NT=higher energy beam-type collision-induced dissociation;AC=MS:1000422	NT=Carbamidomethyl;AC=UNIMOD:4;TA=C;MT=Fixed	NT=TMT6plex;AC=UNIMOD:737;TA=K;MT=Fixed	NT=TMT6plex;AC=UNIMOD:737;PP=Any N-term;MT=Fixed	NT=Oxidation;AC=UNIMOD:35;TA=M;MT=Variable	NT=Acetyl;AC=UNIMOD:1;PP=Protein N-term;MT=Variable	DMSO vehicle
HL60-UM171-1	Homo sapiens	blood	myeloid cell	1	acute myeloid leukemia	cell line	UM171	36Y	female	HL60	HL-60	CVCL_0002	HL-60	UM171	0.1 uM	3 hour	220820_UM171_RCOR1_HL60_TMT10_F01_of_F13_R2-TMT129N	proteomic profiling by mass spectrometry	2	220820_UM171_RCOR1_HL60_TMT10_F01_of_F13_R2.raw	v1.1.0	NT=ms-proteomics;VV=v1.1.0	NT=human;VV=v1.1.0	NT=cell-lines;VV=v1.1.0	NT=clinical-metadata;VV=v1.0.0	manual curation	NT=Data-dependent acquisition;AC=PRIDE:0000627	NT=Orbitrap Exploris 480;AC=MS:1003028	NT=Trypsin;AC=MS:1001251	TMT129N	1	NT=higher energy beam-type collision-induced dissociation;AC=MS:1000422	NT=Carbamidomethyl;AC=UNIMOD:4;TA=C;MT=Fixed	NT=TMT6plex;AC=UNIMOD:737;TA=K;MT=Fixed	NT=TMT6plex;AC=UNIMOD:737;PP=Any N-term;MT=Fixed	NT=Oxidation;AC=UNIMOD:35;TA=M;MT=Variable	NT=Acetyl;AC=UNIMOD:1;PP=Protein N-term;MT=Variable	UM171
HL60-UM171-1	Homo sapiens	blood	myeloid cell	1	acute myeloid leukemia	cell line	UM171	36Y	female	HL60	HL-60	CVCL_0002	HL-60	UM171	0.1 uM	3 hour	220820_UM171_RCOR1_HL60_TMT10_F02_of_F13_R2-TMT129N	proteomic profiling by mass spectrometry	2	220820_UM171_RCOR1_HL60_TMT10_F02_of_F13_R2.raw	v1.1.0	NT=ms-proteomics;VV=v1.1.0	NT=human;VV=v1.1.0	NT=cell-lines;VV=v1.1.0	NT=clinical-metadata;VV=v1.0.0	manual curation	NT=Data-dependent acquisition;AC=PRIDE:0000627	NT=Orbitrap Exploris 480;AC=MS:1003028	NT=Trypsin;AC=MS:1001251	TMT129N	2	NT=higher energy beam-type collision-induced dissociation;AC=MS:1000422	NT=Carbamidomethyl;AC=UNIMOD:4;TA=C;MT=Fixed	NT=TMT6plex;AC=UNIMOD:737;TA=K;MT=Fixed	NT=TMT6plex;AC=UNIMOD:737;PP=Any N-term;MT=Fixed	NT=Oxidation;AC=UNIMOD:35;TA=M;MT=Variable	NT=Acetyl;AC=UNIMOD:1;PP=Protein N-term;MT=Variable	UM171
HL60-UM171-1	Homo sapiens	blood	myeloid cell	1	acute myeloid leukemia	cell line	UM171	36Y	female	HL60	HL-60	CVCL_0002	HL-60	UM171	0.1 uM	3 hour	220820_UM171_RCOR1_HL60_TMT10_F03_of_F13_R2-TMT129N	proteomic profiling by mass spectrometry	2	220820_UM171_RCOR1_HL60_TMT10_F03_of_F13_R2.raw	v1.1.0	NT=ms-proteomics;VV=v1.1.0	NT=human;VV=v1.1.0	NT=cell-lines;VV=v1.1.0	NT=clinical-metadata;VV=v1.0.0	manual curation	NT=Data-dependent acquisition;AC=PRIDE:0000627	NT=Orbitrap Exploris 480;AC=MS:1003028	NT=Trypsin;AC=MS:1001251	TMT129N	3	NT=higher energy beam-type collision-induced dissociation;AC=MS:1000422	NT=Carbamidomethyl;AC=UNIMOD:4;TA=C;MT=Fixed	NT=TMT6plex;AC=UNIMOD:737;TA=K;MT=Fixed	NT=TMT6plex;AC=UNIMOD:737;PP=Any N-term;MT=Fixed	NT=Oxidation;AC=UNIMOD:35;TA=M;MT=Variable	NT=Acetyl;AC=UNIMOD:1;PP=Protein N-term;MT=Variable	UM171
HL60-UM171-1	Homo sapiens	blood	myeloid cell	1	acute myeloid leukemia	cell line	UM171	36Y	female	HL60	HL-60	CVCL_0002	HL-60	UM171	0.1 uM	3 hour	220820_UM171_RCOR1_HL60_TMT10_F04_of_F13_R2-TMT129N	proteomic profiling by mass spectrometry	2	220820_UM171_RCOR1_HL60_TMT10_F04_of_F13_R2.raw	v1.1.0	NT=ms-proteomics;VV=v1.1.0	NT=human;VV=v1.1.0	NT=cell-lines;VV=v1.1.0	NT=clinical-metadata;VV=v1.0.0	manual curation	NT=Data-dependent acquisition;AC=PRIDE:0000627	NT=Orbitrap Exploris 480;AC=MS:1003028	NT=Trypsin;AC=MS:1001251	TMT129N	4	NT=higher energy beam-type collision-induced dissociation;AC=MS:1000422	NT=Carbamidomethyl;AC=UNIMOD:4;TA=C;MT=Fixed	NT=TMT6plex;AC=UNIMOD:737;TA=K;MT=Fixed	NT=TMT6plex;AC=UNIMOD:737;PP=Any N-term;MT=Fixed	NT=Oxidation;AC=UNIMOD:35;TA=M;MT=Variable	NT=Acetyl;AC=UNIMOD:1;PP=Protein N-term;MT=Variable	UM171
HL60-UM171-1	Homo sapiens	blood	myeloid cell	1	acute myeloid leukemia	cell line	UM171	36Y	female	HL60	HL-60	CVCL_0002	HL-60	UM171	0.1 uM	3 hour	220820_UM171_RCOR1_HL60_TMT10_F05_of_F13_R2-TMT129N	proteomic profiling by mass spectrometry	2	220820_UM171_RCOR1_HL60_TMT10_F05_of_F13_R2.raw	v1.1.0	NT=ms-proteomics;VV=v1.1.0	NT=human;VV=v1.1.0	NT=cell-lines;VV=v1.1.0	NT=clinical-metadata;VV=v1.0.0	manual curation	NT=Data-dependent acquisition;AC=PRIDE:0000627	NT=Orbitrap Exploris 480;AC=MS:1003028	NT=Trypsin;AC=MS:1001251	TMT129N	5	NT=higher energy beam-type collision-induced dissociation;AC=MS:1000422	NT=Carbamidomethyl;AC=UNIMOD:4;TA=C;MT=Fixed	NT=TMT6plex;AC=UNIMOD:737;TA=K;MT=Fixed	NT=TMT6plex;AC=UNIMOD:737;PP=Any N-term;MT=Fixed	NT=Oxidation;AC=UNIMOD:35;TA=M;MT=Variable	NT=Acetyl;AC=UNIMOD:1;PP=Protein N-term;MT=Variable	UM171
HL60-UM171-1	Homo sapiens	blood	myeloid cell	1	acute myeloid leukemia	cell line	UM171	36Y	female	HL60	HL-60	CVCL_0002	HL-60	UM171	0.1 uM	3 hour	220820_UM171_RCOR1_HL60_TMT10_F06_of_F13_R2-TMT129N	proteomic profiling by mass spectrometry	2	220820_UM171_RCOR1_HL60_TMT10_F06_of_F13_R2.raw	v1.1.0	NT=ms-proteomics;VV=v1.1.0	NT=human;VV=v1.1.0	NT=cell-lines;VV=v1.1.0	NT=clinical-metadata;VV=v1.0.0	manual curation	NT=Data-dependent acquisition;AC=PRIDE:0000627	NT=Orbitrap Exploris 480;AC=MS:1003028	NT=Trypsin;AC=MS:1001251	TMT129N	6	NT=higher energy beam-type collision-induced dissociation;AC=MS:1000422	NT=Carbamidomethyl;AC=UNIMOD:4;TA=C;MT=Fixed	NT=TMT6plex;AC=UNIMOD:737;TA=K;MT=Fixed	NT=TMT6plex;AC=UNIMOD:737;PP=Any N-term;MT=Fixed	NT=Oxidation;AC=UNIMOD:35;TA=M;MT=Variable	NT=Acetyl;AC=UNIMOD:1;PP=Protein N-term;MT=Variable	UM171
HL60-UM171-1	Homo sapiens	blood	myeloid cell	1	acute myeloid leukemia	cell line	UM171	36Y	female	HL60	HL-60	CVCL_0002	HL-60	UM171	0.1 uM	3 hour	220820_UM171_RCOR1_HL60_TMT10_F07_of_F13_R2-TMT129N	proteomic profiling by mass spectrometry	2	220820_UM171_RCOR1_HL60_TMT10_F07_of_F13_R2.raw	v1.1.0	NT=ms-proteomics;VV=v1.1.0	NT=human;VV=v1.1.0	NT=cell-lines;VV=v1.1.0	NT=clinical-metadata;VV=v1.0.0	manual curation	NT=Data-dependent acquisition;AC=PRIDE:0000627	NT=Orbitrap Exploris 480;AC=MS:1003028	NT=Trypsin;AC=MS:1001251	TMT129N	7	NT=higher energy beam-type collision-induced dissociation;AC=MS:1000422	NT=Carbamidomethyl;AC=UNIMOD:4;TA=C;MT=Fixed	NT=TMT6plex;AC=UNIMOD:737;TA=K;MT=Fixed	NT=TMT6plex;AC=UNIMOD:737;PP=Any N-term;MT=Fixed	NT=Oxidation;AC=UNIMOD:35;TA=M;MT=Variable	NT=Acetyl;AC=UNIMOD:1;PP=Protein N-term;MT=Variable	UM171
HL60-UM171-1	Homo sapiens	blood	myeloid cell	1	acute myeloid leukemia	cell line	UM171	36Y	female	HL60	HL-60	CVCL_0002	HL-60	UM171	0.1 uM	3 hour	220820_UM171_RCOR1_HL60_TMT10_F08_of_F13_R2-TMT129N	proteomic profiling by mass spectrometry	2	220820_UM171_RCOR1_HL60_TMT10_F08_of_F13_R2.raw	v1.1.0	NT=ms-proteomics;VV=v1.1.0	NT=human;VV=v1.1.0	NT=cell-lines;VV=v1.1.0	NT=clinical-metadata;VV=v1.0.0	manual curation	NT=Data-dependent acquisition;AC=PRIDE:0000627	NT=Orbitrap Exploris 480;AC=MS:1003028	NT=Trypsin;AC=MS:1001251	TMT129N	8	NT=higher energy beam-type collision-induced dissociation;AC=MS:1000422	NT=Carbamidomethyl;AC=UNIMOD:4;TA=C;MT=Fixed	NT=TMT6plex;AC=UNIMOD:737;TA=K;MT=Fixed	NT=TMT6plex;AC=UNIMOD:737;PP=Any N-term;MT=Fixed	NT=Oxidation;AC=UNIMOD:35;TA=M;MT=Variable	NT=Acetyl;AC=UNIMOD:1;PP=Protein N-term;MT=Variable	UM171
HL60-UM171-1	Homo sapiens	blood	myeloid cell	1	acute myeloid leukemia	cell line	UM171	36Y	female	HL60	HL-60	CVCL_0002	HL-60	UM171	0.1 uM	3 hour	220820_UM171_RCOR1_HL60_TMT10_F09_of_F13_R2-TMT129N	proteomic profiling by mass spectrometry	2	220820_UM171_RCOR1_HL60_TMT10_F09_of_F13_R2.raw	v1.1.0	NT=ms-proteomics;VV=v1.1.0	NT=human;VV=v1.1.0	NT=cell-lines;VV=v1.1.0	NT=clinical-metadata;VV=v1.0.0	manual curation	NT=Data-dependent acquisition;AC=PRIDE:0000627	NT=Orbitrap Exploris 480;AC=MS:1003028	NT=Trypsin;AC=MS:1001251	TMT129N	9	NT=higher energy beam-type collision-induced dissociation;AC=MS:1000422	NT=Carbamidomethyl;AC=UNIMOD:4;TA=C;MT=Fixed	NT=TMT6plex;AC=UNIMOD:737;TA=K;MT=Fixed	NT=TMT6plex;AC=UNIMOD:737;PP=Any N-term;MT=Fixed	NT=Oxidation;AC=UNIMOD:35;TA=M;MT=Variable	NT=Acetyl;AC=UNIMOD:1;PP=Protein N-term;MT=Variable	UM171
HL60-UM171-1	Homo sapiens	blood	myeloid cell	1	acute myeloid leukemia	cell line	UM171	36Y	female	HL60	HL-60	CVCL_0002	HL-60	UM171	0.1 uM	3 hour	220820_UM171_RCOR1_HL60_TMT10_F10_of_F13_R2-TMT129N	proteomic profiling by mass spectrometry	2	220820_UM171_RCOR1_HL60_TMT10_F10_of_F13_R2.raw	v1.1.0	NT=ms-proteomics;VV=v1.1.0	NT=human;VV=v1.1.0	NT=cell-lines;VV=v1.1.0	NT=clinical-metadata;VV=v1.0.0	manual curation	NT=Data-dependent acquisition;AC=PRIDE:0000627	NT=Orbitrap Exploris 480;AC=MS:1003028	NT=Trypsin;AC=MS:1001251	TMT129N	10	NT=higher energy beam-type collision-induced dissociation;AC=MS:1000422	NT=Carbamidomethyl;AC=UNIMOD:4;TA=C;MT=Fixed	NT=TMT6plex;AC=UNIMOD:737;TA=K;MT=Fixed	NT=TMT6plex;AC=UNIMOD:737;PP=Any N-term;MT=Fixed	NT=Oxidation;AC=UNIMOD:35;TA=M;MT=Variable	NT=Acetyl;AC=UNIMOD:1;PP=Protein N-term;MT=Variable	UM171
HL60-UM171-1	Homo sapiens	blood	myeloid cell	1	acute myeloid leukemia	cell line	UM171	36Y	female	HL60	HL-60	CVCL_0002	HL-60	UM171	0.1 uM	3 hour	220820_UM171_RCOR1_HL60_TMT10_F11_of_F13_R2-TMT129N	proteomic profiling by mass spectrometry	2	220820_UM171_RCOR1_HL60_TMT10_F11_of_F13_R2.raw	v1.1.0	NT=ms-proteomics;VV=v1.1.0	NT=human;VV=v1.1.0	NT=cell-lines;VV=v1.1.0	NT=clinical-metadata;VV=v1.0.0	manual curation	NT=Data-dependent acquisition;AC=PRIDE:0000627	NT=Orbitrap Exploris 480;AC=MS:1003028	NT=Trypsin;AC=MS:1001251	TMT129N	11	NT=higher energy beam-type collision-induced dissociation;AC=MS:1000422	NT=Carbamidomethyl;AC=UNIMOD:4;TA=C;MT=Fixed	NT=TMT6plex;AC=UNIMOD:737;TA=K;MT=Fixed	NT=TMT6plex;AC=UNIMOD:737;PP=Any N-term;MT=Fixed	NT=Oxidation;AC=UNIMOD:35;TA=M;MT=Variable	NT=Acetyl;AC=UNIMOD:1;PP=Protein N-term;MT=Variable	UM171
HL60-UM171-1	Homo sapiens	blood	myeloid cell	1	acute myeloid leukemia	cell line	UM171	36Y	female	HL60	HL-60	CVCL_0002	HL-60	UM171	0.1 uM	3 hour	220820_UM171_RCOR1_HL60_TMT10_F12_of_F13_R2-TMT129N	proteomic profiling by mass spectrometry	2	220820_UM171_RCOR1_HL60_TMT10_F12_of_F13_R2.raw	v1.1.0	NT=ms-proteomics;VV=v1.1.0	NT=human;VV=v1.1.0	NT=cell-lines;VV=v1.1.0	NT=clinical-metadata;VV=v1.0.0	manual curation	NT=Data-dependent acquisition;AC=PRIDE:0000627	NT=Orbitrap Exploris 480;AC=MS:1003028	NT=Trypsin;AC=MS:1001251	TMT129N	12	NT=higher energy beam-type collision-induced dissociation;AC=MS:1000422	NT=Carbamidomethyl;AC=UNIMOD:4;TA=C;MT=Fixed	NT=TMT6plex;AC=UNIMOD:737;TA=K;MT=Fixed	NT=TMT6plex;AC=UNIMOD:737;PP=Any N-term;MT=Fixed	NT=Oxidation;AC=UNIMOD:35;TA=M;MT=Variable	NT=Acetyl;AC=UNIMOD:1;PP=Protein N-term;MT=Variable	UM171
HL60-UM171-1	Homo sapiens	blood	myeloid cell	1	acute myeloid leukemia	cell line	UM171	36Y	female	HL60	HL-60	CVCL_0002	HL-60	UM171	0.1 uM	3 hour	220820_UM171_RCOR1_HL60_TMT10_F13_of_F13_R2-TMT129N	proteomic profiling by mass spectrometry	2	220820_UM171_RCOR1_HL60_TMT10_F13_of_F13_R2.raw	v1.1.0	NT=ms-proteomics;VV=v1.1.0	NT=human;VV=v1.1.0	NT=cell-lines;VV=v1.1.0	NT=clinical-metadata;VV=v1.0.0	manual curation	NT=Data-dependent acquisition;AC=PRIDE:0000627	NT=Orbitrap Exploris 480;AC=MS:1003028	NT=Trypsin;AC=MS:1001251	TMT129N	13	NT=higher energy beam-type collision-induced dissociation;AC=MS:1000422	NT=Carbamidomethyl;AC=UNIMOD:4;TA=C;MT=Fixed	NT=TMT6plex;AC=UNIMOD:737;TA=K;MT=Fixed	NT=TMT6plex;AC=UNIMOD:737;PP=Any N-term;MT=Fixed	NT=Oxidation;AC=UNIMOD:35;TA=M;MT=Variable	NT=Acetyl;AC=UNIMOD:1;PP=Protein N-term;MT=Variable	UM171
HL60-UM171-2	Homo sapiens	blood	myeloid cell	2	acute myeloid leukemia	cell line	UM171	36Y	female	HL60	HL-60	CVCL_0002	HL-60	UM171	0.1 uM	3 hour	220820_UM171_RCOR1_HL60_TMT10_F01_of_F13_R2-TMT129C	proteomic profiling by mass spectrometry	2	220820_UM171_RCOR1_HL60_TMT10_F01_of_F13_R2.raw	v1.1.0	NT=ms-proteomics;VV=v1.1.0	NT=human;VV=v1.1.0	NT=cell-lines;VV=v1.1.0	NT=clinical-metadata;VV=v1.0.0	manual curation	NT=Data-dependent acquisition;AC=PRIDE:0000627	NT=Orbitrap Exploris 480;AC=MS:1003028	NT=Trypsin;AC=MS:1001251	TMT129C	1	NT=higher energy beam-type collision-induced dissociation;AC=MS:1000422	NT=Carbamidomethyl;AC=UNIMOD:4;TA=C;MT=Fixed	NT=TMT6plex;AC=UNIMOD:737;TA=K;MT=Fixed	NT=TMT6plex;AC=UNIMOD:737;PP=Any N-term;MT=Fixed	NT=Oxidation;AC=UNIMOD:35;TA=M;MT=Variable	NT=Acetyl;AC=UNIMOD:1;PP=Protein N-term;MT=Variable	UM171
HL60-UM171-2	Homo sapiens	blood	myeloid cell	2	acute myeloid leukemia	cell line	UM171	36Y	female	HL60	HL-60	CVCL_0002	HL-60	UM171	0.1 uM	3 hour	220820_UM171_RCOR1_HL60_TMT10_F02_of_F13_R2-TMT129C	proteomic profiling by mass spectrometry	2	220820_UM171_RCOR1_HL60_TMT10_F02_of_F13_R2.raw	v1.1.0	NT=ms-proteomics;VV=v1.1.0	NT=human;VV=v1.1.0	NT=cell-lines;VV=v1.1.0	NT=clinical-metadata;VV=v1.0.0	manual curation	NT=Data-dependent acquisition;AC=PRIDE:0000627	NT=Orbitrap Exploris 480;AC=MS:1003028	NT=Trypsin;AC=MS:1001251	TMT129C	2	NT=higher energy beam-type collision-induced dissociation;AC=MS:1000422	NT=Carbamidomethyl;AC=UNIMOD:4;TA=C;MT=Fixed	NT=TMT6plex;AC=UNIMOD:737;TA=K;MT=Fixed	NT=TMT6plex;AC=UNIMOD:737;PP=Any N-term;MT=Fixed	NT=Oxidation;AC=UNIMOD:35;TA=M;MT=Variable	NT=Acetyl;AC=UNIMOD:1;PP=Protein N-term;MT=Variable	UM171
HL60-UM171-2	Homo sapiens	blood	myeloid cell	2	acute myeloid leukemia	cell line	UM171	36Y	female	HL60	HL-60	CVCL_0002	HL-60	UM171	0.1 uM	3 hour	220820_UM171_RCOR1_HL60_TMT10_F03_of_F13_R2-TMT129C	proteomic profiling by mass spectrometry	2	220820_UM171_RCOR1_HL60_TMT10_F03_of_F13_R2.raw	v1.1.0	NT=ms-proteomics;VV=v1.1.0	NT=human;VV=v1.1.0	NT=cell-lines;VV=v1.1.0	NT=clinical-metadata;VV=v1.0.0	manual curation	NT=Data-dependent acquisition;AC=PRIDE:0000627	NT=Orbitrap Exploris 480;AC=MS:1003028	NT=Trypsin;AC=MS:1001251	TMT129C	3	NT=higher energy beam-type collision-induced dissociation;AC=MS:1000422	NT=Carbamidomethyl;AC=UNIMOD:4;TA=C;MT=Fixed	NT=TMT6plex;AC=UNIMOD:737;TA=K;MT=Fixed	NT=TMT6plex;AC=UNIMOD:737;PP=Any N-term;MT=Fixed	NT=Oxidation;AC=UNIMOD:35;TA=M;MT=Variable	NT=Acetyl;AC=UNIMOD:1;PP=Protein N-term;MT=Variable	UM171
HL60-UM171-2	Homo sapiens	blood	myeloid cell	2	acute myeloid leukemia	cell line	UM171	36Y	female	HL60	HL-60	CVCL_0002	HL-60	UM171	0.1 uM	3 hour	220820_UM171_RCOR1_HL60_TMT10_F04_of_F13_R2-TMT129C	proteomic profiling by mass spectrometry	2	220820_UM171_RCOR1_HL60_TMT10_F04_of_F13_R2.raw	v1.1.0	NT=ms-proteomics;VV=v1.1.0	NT=human;VV=v1.1.0	NT=cell-lines;VV=v1.1.0	NT=clinical-metadata;VV=v1.0.0	manual curation	NT=Data-dependent acquisition;AC=PRIDE:0000627	NT=Orbitrap Exploris 480;AC=MS:1003028	NT=Trypsin;AC=MS:1001251	TMT129C	4	NT=higher energy beam-type collision-induced dissociation;AC=MS:1000422	NT=Carbamidomethyl;AC=UNIMOD:4;TA=C;MT=Fixed	NT=TMT6plex;AC=UNIMOD:737;TA=K;MT=Fixed	NT=TMT6plex;AC=UNIMOD:737;PP=Any N-term;MT=Fixed	NT=Oxidation;AC=UNIMOD:35;TA=M;MT=Variable	NT=Acetyl;AC=UNIMOD:1;PP=Protein N-term;MT=Variable	UM171
HL60-UM171-2	Homo sapiens	blood	myeloid cell	2	acute myeloid leukemia	cell line	UM171	36Y	female	HL60	HL-60	CVCL_0002	HL-60	UM171	0.1 uM	3 hour	220820_UM171_RCOR1_HL60_TMT10_F05_of_F13_R2-TMT129C	proteomic profiling by mass spectrometry	2	220820_UM171_RCOR1_HL60_TMT10_F05_of_F13_R2.raw	v1.1.0	NT=ms-proteomics;VV=v1.1.0	NT=human;VV=v1.1.0	NT=cell-lines;VV=v1.1.0	NT=clinical-metadata;VV=v1.0.0	manual curation	NT=Data-dependent acquisition;AC=PRIDE:0000627	NT=Orbitrap Exploris 480;AC=MS:1003028	NT=Trypsin;AC=MS:1001251	TMT129C	5	NT=higher energy beam-type collision-induced dissociation;AC=MS:1000422	NT=Carbamidomethyl;AC=UNIMOD:4;TA=C;MT=Fixed	NT=TMT6plex;AC=UNIMOD:737;TA=K;MT=Fixed	NT=TMT6plex;AC=UNIMOD:737;PP=Any N-term;MT=Fixed	NT=Oxidation;AC=UNIMOD:35;TA=M;MT=Variable	NT=Acetyl;AC=UNIMOD:1;PP=Protein N-term;MT=Variable	UM171
HL60-UM171-2	Homo sapiens	blood	myeloid cell	2	acute myeloid leukemia	cell line	UM171	36Y	female	HL60	HL-60	CVCL_0002	HL-60	UM171	0.1 uM	3 hour	220820_UM171_RCOR1_HL60_TMT10_F06_of_F13_R2-TMT129C	proteomic profiling by mass spectrometry	2	220820_UM171_RCOR1_HL60_TMT10_F06_of_F13_R2.raw	v1.1.0	NT=ms-proteomics;VV=v1.1.0	NT=human;VV=v1.1.0	NT=cell-lines;VV=v1.1.0	NT=clinical-metadata;VV=v1.0.0	manual curation	NT=Data-dependent acquisition;AC=PRIDE:0000627	NT=Orbitrap Exploris 480;AC=MS:1003028	NT=Trypsin;AC=MS:1001251	TMT129C	6	NT=higher energy beam-type collision-induced dissociation;AC=MS:1000422	NT=Carbamidomethyl;AC=UNIMOD:4;TA=C;MT=Fixed	NT=TMT6plex;AC=UNIMOD:737;TA=K;MT=Fixed	NT=TMT6plex;AC=UNIMOD:737;PP=Any N-term;MT=Fixed	NT=Oxidation;AC=UNIMOD:35;TA=M;MT=Variable	NT=Acetyl;AC=UNIMOD:1;PP=Protein N-term;MT=Variable	UM171
HL60-UM171-2	Homo sapiens	blood	myeloid cell	2	acute myeloid leukemia	cell line	UM171	36Y	female	HL60	HL-60	CVCL_0002	HL-60	UM171	0.1 uM	3 hour	220820_UM171_RCOR1_HL60_TMT10_F07_of_F13_R2-TMT129C	proteomic profiling by mass spectrometry	2	220820_UM171_RCOR1_HL60_TMT10_F07_of_F13_R2.raw	v1.1.0	NT=ms-proteomics;VV=v1.1.0	NT=human;VV=v1.1.0	NT=cell-lines;VV=v1.1.0	NT=clinical-metadata;VV=v1.0.0	manual curation	NT=Data-dependent acquisition;AC=PRIDE:0000627	NT=Orbitrap Exploris 480;AC=MS:1003028	NT=Trypsin;AC=MS:1001251	TMT129C	7	NT=higher energy beam-type collision-induced dissociation;AC=MS:1000422	NT=Carbamidomethyl;AC=UNIMOD:4;TA=C;MT=Fixed	NT=TMT6plex;AC=UNIMOD:737;TA=K;MT=Fixed	NT=TMT6plex;AC=UNIMOD:737;PP=Any N-term;MT=Fixed	NT=Oxidation;AC=UNIMOD:35;TA=M;MT=Variable	NT=Acetyl;AC=UNIMOD:1;PP=Protein N-term;MT=Variable	UM171
HL60-UM171-2	Homo sapiens	blood	myeloid cell	2	acute myeloid leukemia	cell line	UM171	36Y	female	HL60	HL-60	CVCL_0002	HL-60	UM171	0.1 uM	3 hour	220820_UM171_RCOR1_HL60_TMT10_F08_of_F13_R2-TMT129C	proteomic profiling by mass spectrometry	2	220820_UM171_RCOR1_HL60_TMT10_F08_of_F13_R2.raw	v1.1.0	NT=ms-proteomics;VV=v1.1.0	NT=human;VV=v1.1.0	NT=cell-lines;VV=v1.1.0	NT=clinical-metadata;VV=v1.0.0	manual curation	NT=Data-dependent acquisition;AC=PRIDE:0000627	NT=Orbitrap Exploris 480;AC=MS:1003028	NT=Trypsin;AC=MS:1001251	TMT129C	8	NT=higher energy beam-type collision-induced dissociation;AC=MS:1000422	NT=Carbamidomethyl;AC=UNIMOD:4;TA=C;MT=Fixed	NT=TMT6plex;AC=UNIMOD:737;TA=K;MT=Fixed	NT=TMT6plex;AC=UNIMOD:737;PP=Any N-term;MT=Fixed	NT=Oxidation;AC=UNIMOD:35;TA=M;MT=Variable	NT=Acetyl;AC=UNIMOD:1;PP=Protein N-term;MT=Variable	UM171
HL60-UM171-2	Homo sapiens	blood	myeloid cell	2	acute myeloid leukemia	cell line	UM171	36Y	female	HL60	HL-60	CVCL_0002	HL-60	UM171	0.1 uM	3 hour	220820_UM171_RCOR1_HL60_TMT10_F09_of_F13_R2-TMT129C	proteomic profiling by mass spectrometry	2	220820_UM171_RCOR1_HL60_TMT10_F09_of_F13_R2.raw	v1.1.0	NT=ms-proteomics;VV=v1.1.0	NT=human;VV=v1.1.0	NT=cell-lines;VV=v1.1.0	NT=clinical-metadata;VV=v1.0.0	manual curation	NT=Data-dependent acquisition;AC=PRIDE:0000627	NT=Orbitrap Exploris 480;AC=MS:1003028	NT=Trypsin;AC=MS:1001251	TMT129C	9	NT=higher energy beam-type collision-induced dissociation;AC=MS:1000422	NT=Carbamidomethyl;AC=UNIMOD:4;TA=C;MT=Fixed	NT=TMT6plex;AC=UNIMOD:737;TA=K;MT=Fixed	NT=TMT6plex;AC=UNIMOD:737;PP=Any N-term;MT=Fixed	NT=Oxidation;AC=UNIMOD:35;TA=M;MT=Variable	NT=Acetyl;AC=UNIMOD:1;PP=Protein N-term;MT=Variable	UM171
HL60-UM171-2	Homo sapiens	blood	myeloid cell	2	acute myeloid leukemia	cell line	UM171	36Y	female	HL60	HL-60	CVCL_0002	HL-60	UM171	0.1 uM	3 hour	220820_UM171_RCOR1_HL60_TMT10_F10_of_F13_R2-TMT129C	proteomic profiling by mass spectrometry	2	220820_UM171_RCOR1_HL60_TMT10_F10_of_F13_R2.raw	v1.1.0	NT=ms-proteomics;VV=v1.1.0	NT=human;VV=v1.1.0	NT=cell-lines;VV=v1.1.0	NT=clinical-metadata;VV=v1.0.0	manual curation	NT=Data-dependent acquisition;AC=PRIDE:0000627	NT=Orbitrap Exploris 480;AC=MS:1003028	NT=Trypsin;AC=MS:1001251	TMT129C	10	NT=higher energy beam-type collision-induced dissociation;AC=MS:1000422	NT=Carbamidomethyl;AC=UNIMOD:4;TA=C;MT=Fixed	NT=TMT6plex;AC=UNIMOD:737;TA=K;MT=Fixed	NT=TMT6plex;AC=UNIMOD:737;PP=Any N-term;MT=Fixed	NT=Oxidation;AC=UNIMOD:35;TA=M;MT=Variable	NT=Acetyl;AC=UNIMOD:1;PP=Protein N-term;MT=Variable	UM171
HL60-UM171-2	Homo sapiens	blood	myeloid cell	2	acute myeloid leukemia	cell line	UM171	36Y	female	HL60	HL-60	CVCL_0002	HL-60	UM171	0.1 uM	3 hour	220820_UM171_RCOR1_HL60_TMT10_F11_of_F13_R2-TMT129C	proteomic profiling by mass spectrometry	2	220820_UM171_RCOR1_HL60_TMT10_F11_of_F13_R2.raw	v1.1.0	NT=ms-proteomics;VV=v1.1.0	NT=human;VV=v1.1.0	NT=cell-lines;VV=v1.1.0	NT=clinical-metadata;VV=v1.0.0	manual curation	NT=Data-dependent acquisition;AC=PRIDE:0000627	NT=Orbitrap Exploris 480;AC=MS:1003028	NT=Trypsin;AC=MS:1001251	TMT129C	11	NT=higher energy beam-type collision-induced dissociation;AC=MS:1000422	NT=Carbamidomethyl;AC=UNIMOD:4;TA=C;MT=Fixed	NT=TMT6plex;AC=UNIMOD:737;TA=K;MT=Fixed	NT=TMT6plex;AC=UNIMOD:737;PP=Any N-term;MT=Fixed	NT=Oxidation;AC=UNIMOD:35;TA=M;MT=Variable	NT=Acetyl;AC=UNIMOD:1;PP=Protein N-term;MT=Variable	UM171
HL60-UM171-2	Homo sapiens	blood	myeloid cell	2	acute myeloid leukemia	cell line	UM171	36Y	female	HL60	HL-60	CVCL_0002	HL-60	UM171	0.1 uM	3 hour	220820_UM171_RCOR1_HL60_TMT10_F12_of_F13_R2-TMT129C	proteomic profiling by mass spectrometry	2	220820_UM171_RCOR1_HL60_TMT10_F12_of_F13_R2.raw	v1.1.0	NT=ms-proteomics;VV=v1.1.0	NT=human;VV=v1.1.0	NT=cell-lines;VV=v1.1.0	NT=clinical-metadata;VV=v1.0.0	manual curation	NT=Data-dependent acquisition;AC=PRIDE:0000627	NT=Orbitrap Exploris 480;AC=MS:1003028	NT=Trypsin;AC=MS:1001251	TMT129C	12	NT=higher energy beam-type collision-induced dissociation;AC=MS:1000422	NT=Carbamidomethyl;AC=UNIMOD:4;TA=C;MT=Fixed	NT=TMT6plex;AC=UNIMOD:737;TA=K;MT=Fixed	NT=TMT6plex;AC=UNIMOD:737;PP=Any N-term;MT=Fixed	NT=Oxidation;AC=UNIMOD:35;TA=M;MT=Variable	NT=Acetyl;AC=UNIMOD:1;PP=Protein N-term;MT=Variable	UM171
HL60-UM171-2	Homo sapiens	blood	myeloid cell	2	acute myeloid leukemia	cell line	UM171	36Y	female	HL60	HL-60	CVCL_0002	HL-60	UM171	0.1 uM	3 hour	220820_UM171_RCOR1_HL60_TMT10_F13_of_F13_R2-TMT129C	proteomic profiling by mass spectrometry	2	220820_UM171_RCOR1_HL60_TMT10_F13_of_F13_R2.raw	v1.1.0	NT=ms-proteomics;VV=v1.1.0	NT=human;VV=v1.1.0	NT=cell-lines;VV=v1.1.0	NT=clinical-metadata;VV=v1.0.0	manual curation	NT=Data-dependent acquisition;AC=PRIDE:0000627	NT=Orbitrap Exploris 480;AC=MS:1003028	NT=Trypsin;AC=MS:1001251	TMT129C	13	NT=higher energy beam-type collision-induced dissociation;AC=MS:1000422	NT=Carbamidomethyl;AC=UNIMOD:4;TA=C;MT=Fixed	NT=TMT6plex;AC=UNIMOD:737;TA=K;MT=Fixed	NT=TMT6plex;AC=UNIMOD:737;PP=Any N-term;MT=Fixed	NT=Oxidation;AC=UNIMOD:35;TA=M;MT=Variable	NT=Acetyl;AC=UNIMOD:1;PP=Protein N-term;MT=Variable	UM171
HL60-UM171-3	Homo sapiens	blood	myeloid cell	3	acute myeloid leukemia	cell line	UM171	36Y	female	HL60	HL-60	CVCL_0002	HL-60	UM171	0.1 uM	3 hour	220820_UM171_RCOR1_HL60_TMT10_F01_of_F13_R2-TMT130N	proteomic profiling by mass spectrometry	2	220820_UM171_RCOR1_HL60_TMT10_F01_of_F13_R2.raw	v1.1.0	NT=ms-proteomics;VV=v1.1.0	NT=human;VV=v1.1.0	NT=cell-lines;VV=v1.1.0	NT=clinical-metadata;VV=v1.0.0	manual curation	NT=Data-dependent acquisition;AC=PRIDE:0000627	NT=Orbitrap Exploris 480;AC=MS:1003028	NT=Trypsin;AC=MS:1001251	TMT130N	1	NT=higher energy beam-type collision-induced dissociation;AC=MS:1000422	NT=Carbamidomethyl;AC=UNIMOD:4;TA=C;MT=Fixed	NT=TMT6plex;AC=UNIMOD:737;TA=K;MT=Fixed	NT=TMT6plex;AC=UNIMOD:737;PP=Any N-term;MT=Fixed	NT=Oxidation;AC=UNIMOD:35;TA=M;MT=Variable	NT=Acetyl;AC=UNIMOD:1;PP=Protein N-term;MT=Variable	UM171
HL60-UM171-3	Homo sapiens	blood	myeloid cell	3	acute myeloid leukemia	cell line	UM171	36Y	female	HL60	HL-60	CVCL_0002	HL-60	UM171	0.1 uM	3 hour	220820_UM171_RCOR1_HL60_TMT10_F02_of_F13_R2-TMT130N	proteomic profiling by mass spectrometry	2	220820_UM171_RCOR1_HL60_TMT10_F02_of_F13_R2.raw	v1.1.0	NT=ms-proteomics;VV=v1.1.0	NT=human;VV=v1.1.0	NT=cell-lines;VV=v1.1.0	NT=clinical-metadata;VV=v1.0.0	manual curation	NT=Data-dependent acquisition;AC=PRIDE:0000627	NT=Orbitrap Exploris 480;AC=MS:1003028	NT=Trypsin;AC=MS:1001251	TMT130N	2	NT=higher energy beam-type collision-induced dissociation;AC=MS:1000422	NT=Carbamidomethyl;AC=UNIMOD:4;TA=C;MT=Fixed	NT=TMT6plex;AC=UNIMOD:737;TA=K;MT=Fixed	NT=TMT6plex;AC=UNIMOD:737;PP=Any N-term;MT=Fixed	NT=Oxidation;AC=UNIMOD:35;TA=M;MT=Variable	NT=Acetyl;AC=UNIMOD:1;PP=Protein N-term;MT=Variable	UM171
HL60-UM171-3	Homo sapiens	blood	myeloid cell	3	acute myeloid leukemia	cell line	UM171	36Y	female	HL60	HL-60	CVCL_0002	HL-60	UM171	0.1 uM	3 hour	220820_UM171_RCOR1_HL60_TMT10_F03_of_F13_R2-TMT130N	proteomic profiling by mass spectrometry	2	220820_UM171_RCOR1_HL60_TMT10_F03_of_F13_R2.raw	v1.1.0	NT=ms-proteomics;VV=v1.1.0	NT=human;VV=v1.1.0	NT=cell-lines;VV=v1.1.0	NT=clinical-metadata;VV=v1.0.0	manual curation	NT=Data-dependent acquisition;AC=PRIDE:0000627	NT=Orbitrap Exploris 480;AC=MS:1003028	NT=Trypsin;AC=MS:1001251	TMT130N	3	NT=higher energy beam-type collision-induced dissociation;AC=MS:1000422	NT=Carbamidomethyl;AC=UNIMOD:4;TA=C;MT=Fixed	NT=TMT6plex;AC=UNIMOD:737;TA=K;MT=Fixed	NT=TMT6plex;AC=UNIMOD:737;PP=Any N-term;MT=Fixed	NT=Oxidation;AC=UNIMOD:35;TA=M;MT=Variable	NT=Acetyl;AC=UNIMOD:1;PP=Protein N-term;MT=Variable	UM171
HL60-UM171-3	Homo sapiens	blood	myeloid cell	3	acute myeloid leukemia	cell line	UM171	36Y	female	HL60	HL-60	CVCL_0002	HL-60	UM171	0.1 uM	3 hour	220820_UM171_RCOR1_HL60_TMT10_F04_of_F13_R2-TMT130N	proteomic profiling by mass spectrometry	2	220820_UM171_RCOR1_HL60_TMT10_F04_of_F13_R2.raw	v1.1.0	NT=ms-proteomics;VV=v1.1.0	NT=human;VV=v1.1.0	NT=cell-lines;VV=v1.1.0	NT=clinical-metadata;VV=v1.0.0	manual curation	NT=Data-dependent acquisition;AC=PRIDE:0000627	NT=Orbitrap Exploris 480;AC=MS:1003028	NT=Trypsin;AC=MS:1001251	TMT130N	4	NT=higher energy beam-type collision-induced dissociation;AC=MS:1000422	NT=Carbamidomethyl;AC=UNIMOD:4;TA=C;MT=Fixed	NT=TMT6plex;AC=UNIMOD:737;TA=K;MT=Fixed	NT=TMT6plex;AC=UNIMOD:737;PP=Any N-term;MT=Fixed	NT=Oxidation;AC=UNIMOD:35;TA=M;MT=Variable	NT=Acetyl;AC=UNIMOD:1;PP=Protein N-term;MT=Variable	UM171
HL60-UM171-3	Homo sapiens	blood	myeloid cell	3	acute myeloid leukemia	cell line	UM171	36Y	female	HL60	HL-60	CVCL_0002	HL-60	UM171	0.1 uM	3 hour	220820_UM171_RCOR1_HL60_TMT10_F05_of_F13_R2-TMT130N	proteomic profiling by mass spectrometry	2	220820_UM171_RCOR1_HL60_TMT10_F05_of_F13_R2.raw	v1.1.0	NT=ms-proteomics;VV=v1.1.0	NT=human;VV=v1.1.0	NT=cell-lines;VV=v1.1.0	NT=clinical-metadata;VV=v1.0.0	manual curation	NT=Data-dependent acquisition;AC=PRIDE:0000627	NT=Orbitrap Exploris 480;AC=MS:1003028	NT=Trypsin;AC=MS:1001251	TMT130N	5	NT=higher energy beam-type collision-induced dissociation;AC=MS:1000422	NT=Carbamidomethyl;AC=UNIMOD:4;TA=C;MT=Fixed	NT=TMT6plex;AC=UNIMOD:737;TA=K;MT=Fixed	NT=TMT6plex;AC=UNIMOD:737;PP=Any N-term;MT=Fixed	NT=Oxidation;AC=UNIMOD:35;TA=M;MT=Variable	NT=Acetyl;AC=UNIMOD:1;PP=Protein N-term;MT=Variable	UM171
HL60-UM171-3	Homo sapiens	blood	myeloid cell	3	acute myeloid leukemia	cell line	UM171	36Y	female	HL60	HL-60	CVCL_0002	HL-60	UM171	0.1 uM	3 hour	220820_UM171_RCOR1_HL60_TMT10_F06_of_F13_R2-TMT130N	proteomic profiling by mass spectrometry	2	220820_UM171_RCOR1_HL60_TMT10_F06_of_F13_R2.raw	v1.1.0	NT=ms-proteomics;VV=v1.1.0	NT=human;VV=v1.1.0	NT=cell-lines;VV=v1.1.0	NT=clinical-metadata;VV=v1.0.0	manual curation	NT=Data-dependent acquisition;AC=PRIDE:0000627	NT=Orbitrap Exploris 480;AC=MS:1003028	NT=Trypsin;AC=MS:1001251	TMT130N	6	NT=higher energy beam-type collision-induced dissociation;AC=MS:1000422	NT=Carbamidomethyl;AC=UNIMOD:4;TA=C;MT=Fixed	NT=TMT6plex;AC=UNIMOD:737;TA=K;MT=Fixed	NT=TMT6plex;AC=UNIMOD:737;PP=Any N-term;MT=Fixed	NT=Oxidation;AC=UNIMOD:35;TA=M;MT=Variable	NT=Acetyl;AC=UNIMOD:1;PP=Protein N-term;MT=Variable	UM171
HL60-UM171-3	Homo sapiens	blood	myeloid cell	3	acute myeloid leukemia	cell line	UM171	36Y	female	HL60	HL-60	CVCL_0002	HL-60	UM171	0.1 uM	3 hour	220820_UM171_RCOR1_HL60_TMT10_F07_of_F13_R2-TMT130N	proteomic profiling by mass spectrometry	2	220820_UM171_RCOR1_HL60_TMT10_F07_of_F13_R2.raw	v1.1.0	NT=ms-proteomics;VV=v1.1.0	NT=human;VV=v1.1.0	NT=cell-lines;VV=v1.1.0	NT=clinical-metadata;VV=v1.0.0	manual curation	NT=Data-dependent acquisition;AC=PRIDE:0000627	NT=Orbitrap Exploris 480;AC=MS:1003028	NT=Trypsin;AC=MS:1001251	TMT130N	7	NT=higher energy beam-type collision-induced dissociation;AC=MS:1000422	NT=Carbamidomethyl;AC=UNIMOD:4;TA=C;MT=Fixed	NT=TMT6plex;AC=UNIMOD:737;TA=K;MT=Fixed	NT=TMT6plex;AC=UNIMOD:737;PP=Any N-term;MT=Fixed	NT=Oxidation;AC=UNIMOD:35;TA=M;MT=Variable	NT=Acetyl;AC=UNIMOD:1;PP=Protein N-term;MT=Variable	UM171
HL60-UM171-3	Homo sapiens	blood	myeloid cell	3	acute myeloid leukemia	cell line	UM171	36Y	female	HL60	HL-60	CVCL_0002	HL-60	UM171	0.1 uM	3 hour	220820_UM171_RCOR1_HL60_TMT10_F08_of_F13_R2-TMT130N	proteomic profiling by mass spectrometry	2	220820_UM171_RCOR1_HL60_TMT10_F08_of_F13_R2.raw	v1.1.0	NT=ms-proteomics;VV=v1.1.0	NT=human;VV=v1.1.0	NT=cell-lines;VV=v1.1.0	NT=clinical-metadata;VV=v1.0.0	manual curation	NT=Data-dependent acquisition;AC=PRIDE:0000627	NT=Orbitrap Exploris 480;AC=MS:1003028	NT=Trypsin;AC=MS:1001251	TMT130N	8	NT=higher energy beam-type collision-induced dissociation;AC=MS:1000422	NT=Carbamidomethyl;AC=UNIMOD:4;TA=C;MT=Fixed	NT=TMT6plex;AC=UNIMOD:737;TA=K;MT=Fixed	NT=TMT6plex;AC=UNIMOD:737;PP=Any N-term;MT=Fixed	NT=Oxidation;AC=UNIMOD:35;TA=M;MT=Variable	NT=Acetyl;AC=UNIMOD:1;PP=Protein N-term;MT=Variable	UM171
HL60-UM171-3	Homo sapiens	blood	myeloid cell	3	acute myeloid leukemia	cell line	UM171	36Y	female	HL60	HL-60	CVCL_0002	HL-60	UM171	0.1 uM	3 hour	220820_UM171_RCOR1_HL60_TMT10_F09_of_F13_R2-TMT130N	proteomic profiling by mass spectrometry	2	220820_UM171_RCOR1_HL60_TMT10_F09_of_F13_R2.raw	v1.1.0	NT=ms-proteomics;VV=v1.1.0	NT=human;VV=v1.1.0	NT=cell-lines;VV=v1.1.0	NT=clinical-metadata;VV=v1.0.0	manual curation	NT=Data-dependent acquisition;AC=PRIDE:0000627	NT=Orbitrap Exploris 480;AC=MS:1003028	NT=Trypsin;AC=MS:1001251	TMT130N	9	NT=higher energy beam-type collision-induced dissociation;AC=MS:1000422	NT=Carbamidomethyl;AC=UNIMOD:4;TA=C;MT=Fixed	NT=TMT6plex;AC=UNIMOD:737;TA=K;MT=Fixed	NT=TMT6plex;AC=UNIMOD:737;PP=Any N-term;MT=Fixed	NT=Oxidation;AC=UNIMOD:35;TA=M;MT=Variable	NT=Acetyl;AC=UNIMOD:1;PP=Protein N-term;MT=Variable	UM171
HL60-UM171-3	Homo sapiens	blood	myeloid cell	3	acute myeloid leukemia	cell line	UM171	36Y	female	HL60	HL-60	CVCL_0002	HL-60	UM171	0.1 uM	3 hour	220820_UM171_RCOR1_HL60_TMT10_F10_of_F13_R2-TMT130N	proteomic profiling by mass spectrometry	2	220820_UM171_RCOR1_HL60_TMT10_F10_of_F13_R2.raw	v1.1.0	NT=ms-proteomics;VV=v1.1.0	NT=human;VV=v1.1.0	NT=cell-lines;VV=v1.1.0	NT=clinical-metadata;VV=v1.0.0	manual curation	NT=Data-dependent acquisition;AC=PRIDE:0000627	NT=Orbitrap Exploris 480;AC=MS:1003028	NT=Trypsin;AC=MS:1001251	TMT130N	10	NT=higher energy beam-type collision-induced dissociation;AC=MS:1000422	NT=Carbamidomethyl;AC=UNIMOD:4;TA=C;MT=Fixed	NT=TMT6plex;AC=UNIMOD:737;TA=K;MT=Fixed	NT=TMT6plex;AC=UNIMOD:737;PP=Any N-term;MT=Fixed	NT=Oxidation;AC=UNIMOD:35;TA=M;MT=Variable	NT=Acetyl;AC=UNIMOD:1;PP=Protein N-term;MT=Variable	UM171
HL60-UM171-3	Homo sapiens	blood	myeloid cell	3	acute myeloid leukemia	cell line	UM171	36Y	female	HL60	HL-60	CVCL_0002	HL-60	UM171	0.1 uM	3 hour	220820_UM171_RCOR1_HL60_TMT10_F11_of_F13_R2-TMT130N	proteomic profiling by mass spectrometry	2	220820_UM171_RCOR1_HL60_TMT10_F11_of_F13_R2.raw	v1.1.0	NT=ms-proteomics;VV=v1.1.0	NT=human;VV=v1.1.0	NT=cell-lines;VV=v1.1.0	NT=clinical-metadata;VV=v1.0.0	manual curation	NT=Data-dependent acquisition;AC=PRIDE:0000627	NT=Orbitrap Exploris 480;AC=MS:1003028	NT=Trypsin;AC=MS:1001251	TMT130N	11	NT=higher energy beam-type collision-induced dissociation;AC=MS:1000422	NT=Carbamidomethyl;AC=UNIMOD:4;TA=C;MT=Fixed	NT=TMT6plex;AC=UNIMOD:737;TA=K;MT=Fixed	NT=TMT6plex;AC=UNIMOD:737;PP=Any N-term;MT=Fixed	NT=Oxidation;AC=UNIMOD:35;TA=M;MT=Variable	NT=Acetyl;AC=UNIMOD:1;PP=Protein N-term;MT=Variable	UM171
HL60-UM171-3	Homo sapiens	blood	myeloid cell	3	acute myeloid leukemia	cell line	UM171	36Y	female	HL60	HL-60	CVCL_0002	HL-60	UM171	0.1 uM	3 hour	220820_UM171_RCOR1_HL60_TMT10_F12_of_F13_R2-TMT130N	proteomic profiling by mass spectrometry	2	220820_UM171_RCOR1_HL60_TMT10_F12_of_F13_R2.raw	v1.1.0	NT=ms-proteomics;VV=v1.1.0	NT=human;VV=v1.1.0	NT=cell-lines;VV=v1.1.0	NT=clinical-metadata;VV=v1.0.0	manual curation	NT=Data-dependent acquisition;AC=PRIDE:0000627	NT=Orbitrap Exploris 480;AC=MS:1003028	NT=Trypsin;AC=MS:1001251	TMT130N	12	NT=higher energy beam-type collision-induced dissociation;AC=MS:1000422	NT=Carbamidomethyl;AC=UNIMOD:4;TA=C;MT=Fixed	NT=TMT6plex;AC=UNIMOD:737;TA=K;MT=Fixed	NT=TMT6plex;AC=UNIMOD:737;PP=Any N-term;MT=Fixed	NT=Oxidation;AC=UNIMOD:35;TA=M;MT=Variable	NT=Acetyl;AC=UNIMOD:1;PP=Protein N-term;MT=Variable	UM171
HL60-UM171-3	Homo sapiens	blood	myeloid cell	3	acute myeloid leukemia	cell line	UM171	36Y	female	HL60	HL-60	CVCL_0002	HL-60	UM171	0.1 uM	3 hour	220820_UM171_RCOR1_HL60_TMT10_F13_of_F13_R2-TMT130N	proteomic profiling by mass spectrometry	2	220820_UM171_RCOR1_HL60_TMT10_F13_of_F13_R2.raw	v1.1.0	NT=ms-proteomics;VV=v1.1.0	NT=human;VV=v1.1.0	NT=cell-lines;VV=v1.1.0	NT=clinical-metadata;VV=v1.0.0	manual curation	NT=Data-dependent acquisition;AC=PRIDE:0000627	NT=Orbitrap Exploris 480;AC=MS:1003028	NT=Trypsin;AC=MS:1001251	TMT130N	13	NT=higher energy beam-type collision-induced dissociation;AC=MS:1000422	NT=Carbamidomethyl;AC=UNIMOD:4;TA=C;MT=Fixed	NT=TMT6plex;AC=UNIMOD:737;TA=K;MT=Fixed	NT=TMT6plex;AC=UNIMOD:737;PP=Any N-term;MT=Fixed	NT=Oxidation;AC=UNIMOD:35;TA=M;MT=Variable	NT=Acetyl;AC=UNIMOD:1;PP=Protein N-term;MT=Variable	UM171
HL60-UM171-4	Homo sapiens	blood	myeloid cell	4	acute myeloid leukemia	cell line	UM171	36Y	female	HL60	HL-60	CVCL_0002	HL-60	UM171	0.1 uM	3 hour	220820_UM171_RCOR1_HL60_TMT10_F01_of_F13_R2-TMT130C	proteomic profiling by mass spectrometry	2	220820_UM171_RCOR1_HL60_TMT10_F01_of_F13_R2.raw	v1.1.0	NT=ms-proteomics;VV=v1.1.0	NT=human;VV=v1.1.0	NT=cell-lines;VV=v1.1.0	NT=clinical-metadata;VV=v1.0.0	manual curation	NT=Data-dependent acquisition;AC=PRIDE:0000627	NT=Orbitrap Exploris 480;AC=MS:1003028	NT=Trypsin;AC=MS:1001251	TMT130C	1	NT=higher energy beam-type collision-induced dissociation;AC=MS:1000422	NT=Carbamidomethyl;AC=UNIMOD:4;TA=C;MT=Fixed	NT=TMT6plex;AC=UNIMOD:737;TA=K;MT=Fixed	NT=TMT6plex;AC=UNIMOD:737;PP=Any N-term;MT=Fixed	NT=Oxidation;AC=UNIMOD:35;TA=M;MT=Variable	NT=Acetyl;AC=UNIMOD:1;PP=Protein N-term;MT=Variable	UM171
HL60-UM171-4	Homo sapiens	blood	myeloid cell	4	acute myeloid leukemia	cell line	UM171	36Y	female	HL60	HL-60	CVCL_0002	HL-60	UM171	0.1 uM	3 hour	220820_UM171_RCOR1_HL60_TMT10_F02_of_F13_R2-TMT130C	proteomic profiling by mass spectrometry	2	220820_UM171_RCOR1_HL60_TMT10_F02_of_F13_R2.raw	v1.1.0	NT=ms-proteomics;VV=v1.1.0	NT=human;VV=v1.1.0	NT=cell-lines;VV=v1.1.0	NT=clinical-metadata;VV=v1.0.0	manual curation	NT=Data-dependent acquisition;AC=PRIDE:0000627	NT=Orbitrap Exploris 480;AC=MS:1003028	NT=Trypsin;AC=MS:1001251	TMT130C	2	NT=higher energy beam-type collision-induced dissociation;AC=MS:1000422	NT=Carbamidomethyl;AC=UNIMOD:4;TA=C;MT=Fixed	NT=TMT6plex;AC=UNIMOD:737;TA=K;MT=Fixed	NT=TMT6plex;AC=UNIMOD:737;PP=Any N-term;MT=Fixed	NT=Oxidation;AC=UNIMOD:35;TA=M;MT=Variable	NT=Acetyl;AC=UNIMOD:1;PP=Protein N-term;MT=Variable	UM171
HL60-UM171-4	Homo sapiens	blood	myeloid cell	4	acute myeloid leukemia	cell line	UM171	36Y	female	HL60	HL-60	CVCL_0002	HL-60	UM171	0.1 uM	3 hour	220820_UM171_RCOR1_HL60_TMT10_F03_of_F13_R2-TMT130C	proteomic profiling by mass spectrometry	2	220820_UM171_RCOR1_HL60_TMT10_F03_of_F13_R2.raw	v1.1.0	NT=ms-proteomics;VV=v1.1.0	NT=human;VV=v1.1.0	NT=cell-lines;VV=v1.1.0	NT=clinical-metadata;VV=v1.0.0	manual curation	NT=Data-dependent acquisition;AC=PRIDE:0000627	NT=Orbitrap Exploris 480;AC=MS:1003028	NT=Trypsin;AC=MS:1001251	TMT130C	3	NT=higher energy beam-type collision-induced dissociation;AC=MS:1000422	NT=Carbamidomethyl;AC=UNIMOD:4;TA=C;MT=Fixed	NT=TMT6plex;AC=UNIMOD:737;TA=K;MT=Fixed	NT=TMT6plex;AC=UNIMOD:737;PP=Any N-term;MT=Fixed	NT=Oxidation;AC=UNIMOD:35;TA=M;MT=Variable	NT=Acetyl;AC=UNIMOD:1;PP=Protein N-term;MT=Variable	UM171
HL60-UM171-4	Homo sapiens	blood	myeloid cell	4	acute myeloid leukemia	cell line	UM171	36Y	female	HL60	HL-60	CVCL_0002	HL-60	UM171	0.1 uM	3 hour	220820_UM171_RCOR1_HL60_TMT10_F04_of_F13_R2-TMT130C	proteomic profiling by mass spectrometry	2	220820_UM171_RCOR1_HL60_TMT10_F04_of_F13_R2.raw	v1.1.0	NT=ms-proteomics;VV=v1.1.0	NT=human;VV=v1.1.0	NT=cell-lines;VV=v1.1.0	NT=clinical-metadata;VV=v1.0.0	manual curation	NT=Data-dependent acquisition;AC=PRIDE:0000627	NT=Orbitrap Exploris 480;AC=MS:1003028	NT=Trypsin;AC=MS:1001251	TMT130C	4	NT=higher energy beam-type collision-induced dissociation;AC=MS:1000422	NT=Carbamidomethyl;AC=UNIMOD:4;TA=C;MT=Fixed	NT=TMT6plex;AC=UNIMOD:737;TA=K;MT=Fixed	NT=TMT6plex;AC=UNIMOD:737;PP=Any N-term;MT=Fixed	NT=Oxidation;AC=UNIMOD:35;TA=M;MT=Variable	NT=Acetyl;AC=UNIMOD:1;PP=Protein N-term;MT=Variable	UM171
HL60-UM171-4	Homo sapiens	blood	myeloid cell	4	acute myeloid leukemia	cell line	UM171	36Y	female	HL60	HL-60	CVCL_0002	HL-60	UM171	0.1 uM	3 hour	220820_UM171_RCOR1_HL60_TMT10_F05_of_F13_R2-TMT130C	proteomic profiling by mass spectrometry	2	220820_UM171_RCOR1_HL60_TMT10_F05_of_F13_R2.raw	v1.1.0	NT=ms-proteomics;VV=v1.1.0	NT=human;VV=v1.1.0	NT=cell-lines;VV=v1.1.0	NT=clinical-metadata;VV=v1.0.0	manual curation	NT=Data-dependent acquisition;AC=PRIDE:0000627	NT=Orbitrap Exploris 480;AC=MS:1003028	NT=Trypsin;AC=MS:1001251	TMT130C	5	NT=higher energy beam-type collision-induced dissociation;AC=MS:1000422	NT=Carbamidomethyl;AC=UNIMOD:4;TA=C;MT=Fixed	NT=TMT6plex;AC=UNIMOD:737;TA=K;MT=Fixed	NT=TMT6plex;AC=UNIMOD:737;PP=Any N-term;MT=Fixed	NT=Oxidation;AC=UNIMOD:35;TA=M;MT=Variable	NT=Acetyl;AC=UNIMOD:1;PP=Protein N-term;MT=Variable	UM171
HL60-UM171-4	Homo sapiens	blood	myeloid cell	4	acute myeloid leukemia	cell line	UM171	36Y	female	HL60	HL-60	CVCL_0002	HL-60	UM171	0.1 uM	3 hour	220820_UM171_RCOR1_HL60_TMT10_F06_of_F13_R2-TMT130C	proteomic profiling by mass spectrometry	2	220820_UM171_RCOR1_HL60_TMT10_F06_of_F13_R2.raw	v1.1.0	NT=ms-proteomics;VV=v1.1.0	NT=human;VV=v1.1.0	NT=cell-lines;VV=v1.1.0	NT=clinical-metadata;VV=v1.0.0	manual curation	NT=Data-dependent acquisition;AC=PRIDE:0000627	NT=Orbitrap Exploris 480;AC=MS:1003028	NT=Trypsin;AC=MS:1001251	TMT130C	6	NT=higher energy beam-type collision-induced dissociation;AC=MS:1000422	NT=Carbamidomethyl;AC=UNIMOD:4;TA=C;MT=Fixed	NT=TMT6plex;AC=UNIMOD:737;TA=K;MT=Fixed	NT=TMT6plex;AC=UNIMOD:737;PP=Any N-term;MT=Fixed	NT=Oxidation;AC=UNIMOD:35;TA=M;MT=Variable	NT=Acetyl;AC=UNIMOD:1;PP=Protein N-term;MT=Variable	UM171
HL60-UM171-4	Homo sapiens	blood	myeloid cell	4	acute myeloid leukemia	cell line	UM171	36Y	female	HL60	HL-60	CVCL_0002	HL-60	UM171	0.1 uM	3 hour	220820_UM171_RCOR1_HL60_TMT10_F07_of_F13_R2-TMT130C	proteomic profiling by mass spectrometry	2	220820_UM171_RCOR1_HL60_TMT10_F07_of_F13_R2.raw	v1.1.0	NT=ms-proteomics;VV=v1.1.0	NT=human;VV=v1.1.0	NT=cell-lines;VV=v1.1.0	NT=clinical-metadata;VV=v1.0.0	manual curation	NT=Data-dependent acquisition;AC=PRIDE:0000627	NT=Orbitrap Exploris 480;AC=MS:1003028	NT=Trypsin;AC=MS:1001251	TMT130C	7	NT=higher energy beam-type collision-induced dissociation;AC=MS:1000422	NT=Carbamidomethyl;AC=UNIMOD:4;TA=C;MT=Fixed	NT=TMT6plex;AC=UNIMOD:737;TA=K;MT=Fixed	NT=TMT6plex;AC=UNIMOD:737;PP=Any N-term;MT=Fixed	NT=Oxidation;AC=UNIMOD:35;TA=M;MT=Variable	NT=Acetyl;AC=UNIMOD:1;PP=Protein N-term;MT=Variable	UM171
HL60-UM171-4	Homo sapiens	blood	myeloid cell	4	acute myeloid leukemia	cell line	UM171	36Y	female	HL60	HL-60	CVCL_0002	HL-60	UM171	0.1 uM	3 hour	220820_UM171_RCOR1_HL60_TMT10_F08_of_F13_R2-TMT130C	proteomic profiling by mass spectrometry	2	220820_UM171_RCOR1_HL60_TMT10_F08_of_F13_R2.raw	v1.1.0	NT=ms-proteomics;VV=v1.1.0	NT=human;VV=v1.1.0	NT=cell-lines;VV=v1.1.0	NT=clinical-metadata;VV=v1.0.0	manual curation	NT=Data-dependent acquisition;AC=PRIDE:0000627	NT=Orbitrap Exploris 480;AC=MS:1003028	NT=Trypsin;AC=MS:1001251	TMT130C	8	NT=higher energy beam-type collision-induced dissociation;AC=MS:1000422	NT=Carbamidomethyl;AC=UNIMOD:4;TA=C;MT=Fixed	NT=TMT6plex;AC=UNIMOD:737;TA=K;MT=Fixed	NT=TMT6plex;AC=UNIMOD:737;PP=Any N-term;MT=Fixed	NT=Oxidation;AC=UNIMOD:35;TA=M;MT=Variable	NT=Acetyl;AC=UNIMOD:1;PP=Protein N-term;MT=Variable	UM171
HL60-UM171-4	Homo sapiens	blood	myeloid cell	4	acute myeloid leukemia	cell line	UM171	36Y	female	HL60	HL-60	CVCL_0002	HL-60	UM171	0.1 uM	3 hour	220820_UM171_RCOR1_HL60_TMT10_F09_of_F13_R2-TMT130C	proteomic profiling by mass spectrometry	2	220820_UM171_RCOR1_HL60_TMT10_F09_of_F13_R2.raw	v1.1.0	NT=ms-proteomics;VV=v1.1.0	NT=human;VV=v1.1.0	NT=cell-lines;VV=v1.1.0	NT=clinical-metadata;VV=v1.0.0	manual curation	NT=Data-dependent acquisition;AC=PRIDE:0000627	NT=Orbitrap Exploris 480;AC=MS:1003028	NT=Trypsin;AC=MS:1001251	TMT130C	9	NT=higher energy beam-type collision-induced dissociation;AC=MS:1000422	NT=Carbamidomethyl;AC=UNIMOD:4;TA=C;MT=Fixed	NT=TMT6plex;AC=UNIMOD:737;TA=K;MT=Fixed	NT=TMT6plex;AC=UNIMOD:737;PP=Any N-term;MT=Fixed	NT=Oxidation;AC=UNIMOD:35;TA=M;MT=Variable	NT=Acetyl;AC=UNIMOD:1;PP=Protein N-term;MT=Variable	UM171
HL60-UM171-4	Homo sapiens	blood	myeloid cell	4	acute myeloid leukemia	cell line	UM171	36Y	female	HL60	HL-60	CVCL_0002	HL-60	UM171	0.1 uM	3 hour	220820_UM171_RCOR1_HL60_TMT10_F10_of_F13_R2-TMT130C	proteomic profiling by mass spectrometry	2	220820_UM171_RCOR1_HL60_TMT10_F10_of_F13_R2.raw	v1.1.0	NT=ms-proteomics;VV=v1.1.0	NT=human;VV=v1.1.0	NT=cell-lines;VV=v1.1.0	NT=clinical-metadata;VV=v1.0.0	manual curation	NT=Data-dependent acquisition;AC=PRIDE:0000627	NT=Orbitrap Exploris 480;AC=MS:1003028	NT=Trypsin;AC=MS:1001251	TMT130C	10	NT=higher energy beam-type collision-induced dissociation;AC=MS:1000422	NT=Carbamidomethyl;AC=UNIMOD:4;TA=C;MT=Fixed	NT=TMT6plex;AC=UNIMOD:737;TA=K;MT=Fixed	NT=TMT6plex;AC=UNIMOD:737;PP=Any N-term;MT=Fixed	NT=Oxidation;AC=UNIMOD:35;TA=M;MT=Variable	NT=Acetyl;AC=UNIMOD:1;PP=Protein N-term;MT=Variable	UM171
HL60-UM171-4	Homo sapiens	blood	myeloid cell	4	acute myeloid leukemia	cell line	UM171	36Y	female	HL60	HL-60	CVCL_0002	HL-60	UM171	0.1 uM	3 hour	220820_UM171_RCOR1_HL60_TMT10_F11_of_F13_R2-TMT130C	proteomic profiling by mass spectrometry	2	220820_UM171_RCOR1_HL60_TMT10_F11_of_F13_R2.raw	v1.1.0	NT=ms-proteomics;VV=v1.1.0	NT=human;VV=v1.1.0	NT=cell-lines;VV=v1.1.0	NT=clinical-metadata;VV=v1.0.0	manual curation	NT=Data-dependent acquisition;AC=PRIDE:0000627	NT=Orbitrap Exploris 480;AC=MS:1003028	NT=Trypsin;AC=MS:1001251	TMT130C	11	NT=higher energy beam-type collision-induced dissociation;AC=MS:1000422	NT=Carbamidomethyl;AC=UNIMOD:4;TA=C;MT=Fixed	NT=TMT6plex;AC=UNIMOD:737;TA=K;MT=Fixed	NT=TMT6plex;AC=UNIMOD:737;PP=Any N-term;MT=Fixed	NT=Oxidation;AC=UNIMOD:35;TA=M;MT=Variable	NT=Acetyl;AC=UNIMOD:1;PP=Protein N-term;MT=Variable	UM171
HL60-UM171-4	Homo sapiens	blood	myeloid cell	4	acute myeloid leukemia	cell line	UM171	36Y	female	HL60	HL-60	CVCL_0002	HL-60	UM171	0.1 uM	3 hour	220820_UM171_RCOR1_HL60_TMT10_F12_of_F13_R2-TMT130C	proteomic profiling by mass spectrometry	2	220820_UM171_RCOR1_HL60_TMT10_F12_of_F13_R2.raw	v1.1.0	NT=ms-proteomics;VV=v1.1.0	NT=human;VV=v1.1.0	NT=cell-lines;VV=v1.1.0	NT=clinical-metadata;VV=v1.0.0	manual curation	NT=Data-dependent acquisition;AC=PRIDE:0000627	NT=Orbitrap Exploris 480;AC=MS:1003028	NT=Trypsin;AC=MS:1001251	TMT130C	12	NT=higher energy beam-type collision-induced dissociation;AC=MS:1000422	NT=Carbamidomethyl;AC=UNIMOD:4;TA=C;MT=Fixed	NT=TMT6plex;AC=UNIMOD:737;TA=K;MT=Fixed	NT=TMT6plex;AC=UNIMOD:737;PP=Any N-term;MT=Fixed	NT=Oxidation;AC=UNIMOD:35;TA=M;MT=Variable	NT=Acetyl;AC=UNIMOD:1;PP=Protein N-term;MT=Variable	UM171
HL60-UM171-4	Homo sapiens	blood	myeloid cell	4	acute myeloid leukemia	cell line	UM171	36Y	female	HL60	HL-60	CVCL_0002	HL-60	UM171	0.1 uM	3 hour	220820_UM171_RCOR1_HL60_TMT10_F13_of_F13_R2-TMT130C	proteomic profiling by mass spectrometry	2	220820_UM171_RCOR1_HL60_TMT10_F13_of_F13_R2.raw	v1.1.0	NT=ms-proteomics;VV=v1.1.0	NT=human;VV=v1.1.0	NT=cell-lines;VV=v1.1.0	NT=clinical-metadata;VV=v1.0.0	manual curation	NT=Data-dependent acquisition;AC=PRIDE:0000627	NT=Orbitrap Exploris 480;AC=MS:1003028	NT=Trypsin;AC=MS:1001251	TMT130C	13	NT=higher energy beam-type collision-induced dissociation;AC=MS:1000422	NT=Carbamidomethyl;AC=UNIMOD:4;TA=C;MT=Fixed	NT=TMT6plex;AC=UNIMOD:737;TA=K;MT=Fixed	NT=TMT6plex;AC=UNIMOD:737;PP=Any N-term;MT=Fixed	NT=Oxidation;AC=UNIMOD:35;TA=M;MT=Variable	NT=Acetyl;AC=UNIMOD:1;PP=Protein N-term;MT=Variable	UM171
HL60-UM171-5	Homo sapiens	blood	myeloid cell	5	acute myeloid leukemia	cell line	UM171	36Y	female	HL60	HL-60	CVCL_0002	HL-60	UM171	0.1 uM	3 hour	220820_UM171_RCOR1_HL60_TMT10_F01_of_F13_R2-TMT131	proteomic profiling by mass spectrometry	2	220820_UM171_RCOR1_HL60_TMT10_F01_of_F13_R2.raw	v1.1.0	NT=ms-proteomics;VV=v1.1.0	NT=human;VV=v1.1.0	NT=cell-lines;VV=v1.1.0	NT=clinical-metadata;VV=v1.0.0	manual curation	NT=Data-dependent acquisition;AC=PRIDE:0000627	NT=Orbitrap Exploris 480;AC=MS:1003028	NT=Trypsin;AC=MS:1001251	TMT131	1	NT=higher energy beam-type collision-induced dissociation;AC=MS:1000422	NT=Carbamidomethyl;AC=UNIMOD:4;TA=C;MT=Fixed	NT=TMT6plex;AC=UNIMOD:737;TA=K;MT=Fixed	NT=TMT6plex;AC=UNIMOD:737;PP=Any N-term;MT=Fixed	NT=Oxidation;AC=UNIMOD:35;TA=M;MT=Variable	NT=Acetyl;AC=UNIMOD:1;PP=Protein N-term;MT=Variable	UM171
HL60-UM171-5	Homo sapiens	blood	myeloid cell	5	acute myeloid leukemia	cell line	UM171	36Y	female	HL60	HL-60	CVCL_0002	HL-60	UM171	0.1 uM	3 hour	220820_UM171_RCOR1_HL60_TMT10_F02_of_F13_R2-TMT131	proteomic profiling by mass spectrometry	2	220820_UM171_RCOR1_HL60_TMT10_F02_of_F13_R2.raw	v1.1.0	NT=ms-proteomics;VV=v1.1.0	NT=human;VV=v1.1.0	NT=cell-lines;VV=v1.1.0	NT=clinical-metadata;VV=v1.0.0	manual curation	NT=Data-dependent acquisition;AC=PRIDE:0000627	NT=Orbitrap Exploris 480;AC=MS:1003028	NT=Trypsin;AC=MS:1001251	TMT131	2	NT=higher energy beam-type collision-induced dissociation;AC=MS:1000422	NT=Carbamidomethyl;AC=UNIMOD:4;TA=C;MT=Fixed	NT=TMT6plex;AC=UNIMOD:737;TA=K;MT=Fixed	NT=TMT6plex;AC=UNIMOD:737;PP=Any N-term;MT=Fixed	NT=Oxidation;AC=UNIMOD:35;TA=M;MT=Variable	NT=Acetyl;AC=UNIMOD:1;PP=Protein N-term;MT=Variable	UM171
HL60-UM171-5	Homo sapiens	blood	myeloid cell	5	acute myeloid leukemia	cell line	UM171	36Y	female	HL60	HL-60	CVCL_0002	HL-60	UM171	0.1 uM	3 hour	220820_UM171_RCOR1_HL60_TMT10_F03_of_F13_R2-TMT131	proteomic profiling by mass spectrometry	2	220820_UM171_RCOR1_HL60_TMT10_F03_of_F13_R2.raw	v1.1.0	NT=ms-proteomics;VV=v1.1.0	NT=human;VV=v1.1.0	NT=cell-lines;VV=v1.1.0	NT=clinical-metadata;VV=v1.0.0	manual curation	NT=Data-dependent acquisition;AC=PRIDE:0000627	NT=Orbitrap Exploris 480;AC=MS:1003028	NT=Trypsin;AC=MS:1001251	TMT131	3	NT=higher energy beam-type collision-induced dissociation;AC=MS:1000422	NT=Carbamidomethyl;AC=UNIMOD:4;TA=C;MT=Fixed	NT=TMT6plex;AC=UNIMOD:737;TA=K;MT=Fixed	NT=TMT6plex;AC=UNIMOD:737;PP=Any N-term;MT=Fixed	NT=Oxidation;AC=UNIMOD:35;TA=M;MT=Variable	NT=Acetyl;AC=UNIMOD:1;PP=Protein N-term;MT=Variable	UM171
HL60-UM171-5	Homo sapiens	blood	myeloid cell	5	acute myeloid leukemia	cell line	UM171	36Y	female	HL60	HL-60	CVCL_0002	HL-60	UM171	0.1 uM	3 hour	220820_UM171_RCOR1_HL60_TMT10_F04_of_F13_R2-TMT131	proteomic profiling by mass spectrometry	2	220820_UM171_RCOR1_HL60_TMT10_F04_of_F13_R2.raw	v1.1.0	NT=ms-proteomics;VV=v1.1.0	NT=human;VV=v1.1.0	NT=cell-lines;VV=v1.1.0	NT=clinical-metadata;VV=v1.0.0	manual curation	NT=Data-dependent acquisition;AC=PRIDE:0000627	NT=Orbitrap Exploris 480;AC=MS:1003028	NT=Trypsin;AC=MS:1001251	TMT131	4	NT=higher energy beam-type collision-induced dissociation;AC=MS:1000422	NT=Carbamidomethyl;AC=UNIMOD:4;TA=C;MT=Fixed	NT=TMT6plex;AC=UNIMOD:737;TA=K;MT=Fixed	NT=TMT6plex;AC=UNIMOD:737;PP=Any N-term;MT=Fixed	NT=Oxidation;AC=UNIMOD:35;TA=M;MT=Variable	NT=Acetyl;AC=UNIMOD:1;PP=Protein N-term;MT=Variable	UM171
HL60-UM171-5	Homo sapiens	blood	myeloid cell	5	acute myeloid leukemia	cell line	UM171	36Y	female	HL60	HL-60	CVCL_0002	HL-60	UM171	0.1 uM	3 hour	220820_UM171_RCOR1_HL60_TMT10_F05_of_F13_R2-TMT131	proteomic profiling by mass spectrometry	2	220820_UM171_RCOR1_HL60_TMT10_F05_of_F13_R2.raw	v1.1.0	NT=ms-proteomics;VV=v1.1.0	NT=human;VV=v1.1.0	NT=cell-lines;VV=v1.1.0	NT=clinical-metadata;VV=v1.0.0	manual curation	NT=Data-dependent acquisition;AC=PRIDE:0000627	NT=Orbitrap Exploris 480;AC=MS:1003028	NT=Trypsin;AC=MS:1001251	TMT131	5	NT=higher energy beam-type collision-induced dissociation;AC=MS:1000422	NT=Carbamidomethyl;AC=UNIMOD:4;TA=C;MT=Fixed	NT=TMT6plex;AC=UNIMOD:737;TA=K;MT=Fixed	NT=TMT6plex;AC=UNIMOD:737;PP=Any N-term;MT=Fixed	NT=Oxidation;AC=UNIMOD:35;TA=M;MT=Variable	NT=Acetyl;AC=UNIMOD:1;PP=Protein N-term;MT=Variable	UM171
HL60-UM171-5	Homo sapiens	blood	myeloid cell	5	acute myeloid leukemia	cell line	UM171	36Y	female	HL60	HL-60	CVCL_0002	HL-60	UM171	0.1 uM	3 hour	220820_UM171_RCOR1_HL60_TMT10_F06_of_F13_R2-TMT131	proteomic profiling by mass spectrometry	2	220820_UM171_RCOR1_HL60_TMT10_F06_of_F13_R2.raw	v1.1.0	NT=ms-proteomics;VV=v1.1.0	NT=human;VV=v1.1.0	NT=cell-lines;VV=v1.1.0	NT=clinical-metadata;VV=v1.0.0	manual curation	NT=Data-dependent acquisition;AC=PRIDE:0000627	NT=Orbitrap Exploris 480;AC=MS:1003028	NT=Trypsin;AC=MS:1001251	TMT131	6	NT=higher energy beam-type collision-induced dissociation;AC=MS:1000422	NT=Carbamidomethyl;AC=UNIMOD:4;TA=C;MT=Fixed	NT=TMT6plex;AC=UNIMOD:737;TA=K;MT=Fixed	NT=TMT6plex;AC=UNIMOD:737;PP=Any N-term;MT=Fixed	NT=Oxidation;AC=UNIMOD:35;TA=M;MT=Variable	NT=Acetyl;AC=UNIMOD:1;PP=Protein N-term;MT=Variable	UM171
HL60-UM171-5	Homo sapiens	blood	myeloid cell	5	acute myeloid leukemia	cell line	UM171	36Y	female	HL60	HL-60	CVCL_0002	HL-60	UM171	0.1 uM	3 hour	220820_UM171_RCOR1_HL60_TMT10_F07_of_F13_R2-TMT131	proteomic profiling by mass spectrometry	2	220820_UM171_RCOR1_HL60_TMT10_F07_of_F13_R2.raw	v1.1.0	NT=ms-proteomics;VV=v1.1.0	NT=human;VV=v1.1.0	NT=cell-lines;VV=v1.1.0	NT=clinical-metadata;VV=v1.0.0	manual curation	NT=Data-dependent acquisition;AC=PRIDE:0000627	NT=Orbitrap Exploris 480;AC=MS:1003028	NT=Trypsin;AC=MS:1001251	TMT131	7	NT=higher energy beam-type collision-induced dissociation;AC=MS:1000422	NT=Carbamidomethyl;AC=UNIMOD:4;TA=C;MT=Fixed	NT=TMT6plex;AC=UNIMOD:737;TA=K;MT=Fixed	NT=TMT6plex;AC=UNIMOD:737;PP=Any N-term;MT=Fixed	NT=Oxidation;AC=UNIMOD:35;TA=M;MT=Variable	NT=Acetyl;AC=UNIMOD:1;PP=Protein N-term;MT=Variable	UM171
HL60-UM171-5	Homo sapiens	blood	myeloid cell	5	acute myeloid leukemia	cell line	UM171	36Y	female	HL60	HL-60	CVCL_0002	HL-60	UM171	0.1 uM	3 hour	220820_UM171_RCOR1_HL60_TMT10_F08_of_F13_R2-TMT131	proteomic profiling by mass spectrometry	2	220820_UM171_RCOR1_HL60_TMT10_F08_of_F13_R2.raw	v1.1.0	NT=ms-proteomics;VV=v1.1.0	NT=human;VV=v1.1.0	NT=cell-lines;VV=v1.1.0	NT=clinical-metadata;VV=v1.0.0	manual curation	NT=Data-dependent acquisition;AC=PRIDE:0000627	NT=Orbitrap Exploris 480;AC=MS:1003028	NT=Trypsin;AC=MS:1001251	TMT131	8	NT=higher energy beam-type collision-induced dissociation;AC=MS:1000422	NT=Carbamidomethyl;AC=UNIMOD:4;TA=C;MT=Fixed	NT=TMT6plex;AC=UNIMOD:737;TA=K;MT=Fixed	NT=TMT6plex;AC=UNIMOD:737;PP=Any N-term;MT=Fixed	NT=Oxidation;AC=UNIMOD:35;TA=M;MT=Variable	NT=Acetyl;AC=UNIMOD:1;PP=Protein N-term;MT=Variable	UM171
HL60-UM171-5	Homo sapiens	blood	myeloid cell	5	acute myeloid leukemia	cell line	UM171	36Y	female	HL60	HL-60	CVCL_0002	HL-60	UM171	0.1 uM	3 hour	220820_UM171_RCOR1_HL60_TMT10_F09_of_F13_R2-TMT131	proteomic profiling by mass spectrometry	2	220820_UM171_RCOR1_HL60_TMT10_F09_of_F13_R2.raw	v1.1.0	NT=ms-proteomics;VV=v1.1.0	NT=human;VV=v1.1.0	NT=cell-lines;VV=v1.1.0	NT=clinical-metadata;VV=v1.0.0	manual curation	NT=Data-dependent acquisition;AC=PRIDE:0000627	NT=Orbitrap Exploris 480;AC=MS:1003028	NT=Trypsin;AC=MS:1001251	TMT131	9	NT=higher energy beam-type collision-induced dissociation;AC=MS:1000422	NT=Carbamidomethyl;AC=UNIMOD:4;TA=C;MT=Fixed	NT=TMT6plex;AC=UNIMOD:737;TA=K;MT=Fixed	NT=TMT6plex;AC=UNIMOD:737;PP=Any N-term;MT=Fixed	NT=Oxidation;AC=UNIMOD:35;TA=M;MT=Variable	NT=Acetyl;AC=UNIMOD:1;PP=Protein N-term;MT=Variable	UM171
HL60-UM171-5	Homo sapiens	blood	myeloid cell	5	acute myeloid leukemia	cell line	UM171	36Y	female	HL60	HL-60	CVCL_0002	HL-60	UM171	0.1 uM	3 hour	220820_UM171_RCOR1_HL60_TMT10_F10_of_F13_R2-TMT131	proteomic profiling by mass spectrometry	2	220820_UM171_RCOR1_HL60_TMT10_F10_of_F13_R2.raw	v1.1.0	NT=ms-proteomics;VV=v1.1.0	NT=human;VV=v1.1.0	NT=cell-lines;VV=v1.1.0	NT=clinical-metadata;VV=v1.0.0	manual curation	NT=Data-dependent acquisition;AC=PRIDE:0000627	NT=Orbitrap Exploris 480;AC=MS:1003028	NT=Trypsin;AC=MS:1001251	TMT131	10	NT=higher energy beam-type collision-induced dissociation;AC=MS:1000422	NT=Carbamidomethyl;AC=UNIMOD:4;TA=C;MT=Fixed	NT=TMT6plex;AC=UNIMOD:737;TA=K;MT=Fixed	NT=TMT6plex;AC=UNIMOD:737;PP=Any N-term;MT=Fixed	NT=Oxidation;AC=UNIMOD:35;TA=M;MT=Variable	NT=Acetyl;AC=UNIMOD:1;PP=Protein N-term;MT=Variable	UM171
HL60-UM171-5	Homo sapiens	blood	myeloid cell	5	acute myeloid leukemia	cell line	UM171	36Y	female	HL60	HL-60	CVCL_0002	HL-60	UM171	0.1 uM	3 hour	220820_UM171_RCOR1_HL60_TMT10_F11_of_F13_R2-TMT131	proteomic profiling by mass spectrometry	2	220820_UM171_RCOR1_HL60_TMT10_F11_of_F13_R2.raw	v1.1.0	NT=ms-proteomics;VV=v1.1.0	NT=human;VV=v1.1.0	NT=cell-lines;VV=v1.1.0	NT=clinical-metadata;VV=v1.0.0	manual curation	NT=Data-dependent acquisition;AC=PRIDE:0000627	NT=Orbitrap Exploris 480;AC=MS:1003028	NT=Trypsin;AC=MS:1001251	TMT131	11	NT=higher energy beam-type collision-induced dissociation;AC=MS:1000422	NT=Carbamidomethyl;AC=UNIMOD:4;TA=C;MT=Fixed	NT=TMT6plex;AC=UNIMOD:737;TA=K;MT=Fixed	NT=TMT6plex;AC=UNIMOD:737;PP=Any N-term;MT=Fixed	NT=Oxidation;AC=UNIMOD:35;TA=M;MT=Variable	NT=Acetyl;AC=UNIMOD:1;PP=Protein N-term;MT=Variable	UM171
HL60-UM171-5	Homo sapiens	blood	myeloid cell	5	acute myeloid leukemia	cell line	UM171	36Y	female	HL60	HL-60	CVCL_0002	HL-60	UM171	0.1 uM	3 hour	220820_UM171_RCOR1_HL60_TMT10_F12_of_F13_R2-TMT131	proteomic profiling by mass spectrometry	2	220820_UM171_RCOR1_HL60_TMT10_F12_of_F13_R2.raw	v1.1.0	NT=ms-proteomics;VV=v1.1.0	NT=human;VV=v1.1.0	NT=cell-lines;VV=v1.1.0	NT=clinical-metadata;VV=v1.0.0	manual curation	NT=Data-dependent acquisition;AC=PRIDE:0000627	NT=Orbitrap Exploris 480;AC=MS:1003028	NT=Trypsin;AC=MS:1001251	TMT131	12	NT=higher energy beam-type collision-induced dissociation;AC=MS:1000422	NT=Carbamidomethyl;AC=UNIMOD:4;TA=C;MT=Fixed	NT=TMT6plex;AC=UNIMOD:737;TA=K;MT=Fixed	NT=TMT6plex;AC=UNIMOD:737;PP=Any N-term;MT=Fixed	NT=Oxidation;AC=UNIMOD:35;TA=M;MT=Variable	NT=Acetyl;AC=UNIMOD:1;PP=Protein N-term;MT=Variable	UM171
HL60-UM171-5	Homo sapiens	blood	myeloid cell	5	acute myeloid leukemia	cell line	UM171	36Y	female	HL60	HL-60	CVCL_0002	HL-60	UM171	0.1 uM	3 hour	220820_UM171_RCOR1_HL60_TMT10_F13_of_F13_R2-TMT131	proteomic profiling by mass spectrometry	2	220820_UM171_RCOR1_HL60_TMT10_F13_of_F13_R2.raw	v1.1.0	NT=ms-proteomics;VV=v1.1.0	NT=human;VV=v1.1.0	NT=cell-lines;VV=v1.1.0	NT=clinical-metadata;VV=v1.0.0	manual curation	NT=Data-dependent acquisition;AC=PRIDE:0000627	NT=Orbitrap Exploris 480;AC=MS:1003028	NT=Trypsin;AC=MS:1001251	TMT131	13	NT=higher energy beam-type collision-induced dissociation;AC=MS:1000422	NT=Carbamidomethyl;AC=UNIMOD:4;TA=C;MT=Fixed	NT=TMT6plex;AC=UNIMOD:737;TA=K;MT=Fixed	NT=TMT6plex;AC=UNIMOD:737;PP=Any N-term;MT=Fixed	NT=Oxidation;AC=UNIMOD:35;TA=M;MT=Variable	NT=Acetyl;AC=UNIMOD:1;PP=Protein N-term;MT=Variable	UM171
NB4-UM171-1	Homo sapiens	bone marrow	myeloid cell	1	acute myeloid leukemia	cell line	UM171	23Y	female	NB4	NB4	CVCL_0005	NB4	UM171	0.1 uM	3 hour	220711_UM171_RCOR1_NB4_TMT10_F01_of_F13_R1-TMT126	proteomic profiling by mass spectrometry	1	220711_UM171_RCOR1_NB4_TMT10_F01_of_F13_R1.raw	v1.1.0	NT=ms-proteomics;VV=v1.1.0	NT=human;VV=v1.1.0	NT=cell-lines;VV=v1.1.0	NT=clinical-metadata;VV=v1.0.0	manual curation	NT=Data-dependent acquisition;AC=PRIDE:0000627	NT=Orbitrap Exploris 480;AC=MS:1003028	NT=Trypsin;AC=MS:1001251	TMT126	1	NT=higher energy beam-type collision-induced dissociation;AC=MS:1000422	NT=Carbamidomethyl;AC=UNIMOD:4;TA=C;MT=Fixed	NT=TMT6plex;AC=UNIMOD:737;TA=K;MT=Fixed	NT=TMT6plex;AC=UNIMOD:737;PP=Any N-term;MT=Fixed	NT=Oxidation;AC=UNIMOD:35;TA=M;MT=Variable	NT=Acetyl;AC=UNIMOD:1;PP=Protein N-term;MT=Variable	UM171
NB4-UM171-1	Homo sapiens	bone marrow	myeloid cell	1	acute myeloid leukemia	cell line	UM171	23Y	female	NB4	NB4	CVCL_0005	NB4	UM171	0.1 uM	3 hour	220711_UM171_RCOR1_NB4_TMT10_F02_of_F13_R1-TMT126	proteomic profiling by mass spectrometry	1	220711_UM171_RCOR1_NB4_TMT10_F02_of_F13_R1.raw	v1.1.0	NT=ms-proteomics;VV=v1.1.0	NT=human;VV=v1.1.0	NT=cell-lines;VV=v1.1.0	NT=clinical-metadata;VV=v1.0.0	manual curation	NT=Data-dependent acquisition;AC=PRIDE:0000627	NT=Orbitrap Exploris 480;AC=MS:1003028	NT=Trypsin;AC=MS:1001251	TMT126	2	NT=higher energy beam-type collision-induced dissociation;AC=MS:1000422	NT=Carbamidomethyl;AC=UNIMOD:4;TA=C;MT=Fixed	NT=TMT6plex;AC=UNIMOD:737;TA=K;MT=Fixed	NT=TMT6plex;AC=UNIMOD:737;PP=Any N-term;MT=Fixed	NT=Oxidation;AC=UNIMOD:35;TA=M;MT=Variable	NT=Acetyl;AC=UNIMOD:1;PP=Protein N-term;MT=Variable	UM171
NB4-UM171-1	Homo sapiens	bone marrow	myeloid cell	1	acute myeloid leukemia	cell line	UM171	23Y	female	NB4	NB4	CVCL_0005	NB4	UM171	0.1 uM	3 hour	220711_UM171_RCOR1_NB4_TMT10_F03_of_F13_R1-TMT126	proteomic profiling by mass spectrometry	1	220711_UM171_RCOR1_NB4_TMT10_F03_of_F13_R1.raw	v1.1.0	NT=ms-proteomics;VV=v1.1.0	NT=human;VV=v1.1.0	NT=cell-lines;VV=v1.1.0	NT=clinical-metadata;VV=v1.0.0	manual curation	NT=Data-dependent acquisition;AC=PRIDE:0000627	NT=Orbitrap Exploris 480;AC=MS:1003028	NT=Trypsin;AC=MS:1001251	TMT126	3	NT=higher energy beam-type collision-induced dissociation;AC=MS:1000422	NT=Carbamidomethyl;AC=UNIMOD:4;TA=C;MT=Fixed	NT=TMT6plex;AC=UNIMOD:737;TA=K;MT=Fixed	NT=TMT6plex;AC=UNIMOD:737;PP=Any N-term;MT=Fixed	NT=Oxidation;AC=UNIMOD:35;TA=M;MT=Variable	NT=Acetyl;AC=UNIMOD:1;PP=Protein N-term;MT=Variable	UM171
NB4-UM171-1	Homo sapiens	bone marrow	myeloid cell	1	acute myeloid leukemia	cell line	UM171	23Y	female	NB4	NB4	CVCL_0005	NB4	UM171	0.1 uM	3 hour	220711_UM171_RCOR1_NB4_TMT10_F04_of_F13_R1-TMT126	proteomic profiling by mass spectrometry	1	220711_UM171_RCOR1_NB4_TMT10_F04_of_F13_R1.raw	v1.1.0	NT=ms-proteomics;VV=v1.1.0	NT=human;VV=v1.1.0	NT=cell-lines;VV=v1.1.0	NT=clinical-metadata;VV=v1.0.0	manual curation	NT=Data-dependent acquisition;AC=PRIDE:0000627	NT=Orbitrap Exploris 480;AC=MS:1003028	NT=Trypsin;AC=MS:1001251	TMT126	4	NT=higher energy beam-type collision-induced dissociation;AC=MS:1000422	NT=Carbamidomethyl;AC=UNIMOD:4;TA=C;MT=Fixed	NT=TMT6plex;AC=UNIMOD:737;TA=K;MT=Fixed	NT=TMT6plex;AC=UNIMOD:737;PP=Any N-term;MT=Fixed	NT=Oxidation;AC=UNIMOD:35;TA=M;MT=Variable	NT=Acetyl;AC=UNIMOD:1;PP=Protein N-term;MT=Variable	UM171
NB4-UM171-1	Homo sapiens	bone marrow	myeloid cell	1	acute myeloid leukemia	cell line	UM171	23Y	female	NB4	NB4	CVCL_0005	NB4	UM171	0.1 uM	3 hour	220711_UM171_RCOR1_NB4_TMT10_F05_of_F13_R1-TMT126	proteomic profiling by mass spectrometry	1	220711_UM171_RCOR1_NB4_TMT10_F05_of_F13_R1.raw	v1.1.0	NT=ms-proteomics;VV=v1.1.0	NT=human;VV=v1.1.0	NT=cell-lines;VV=v1.1.0	NT=clinical-metadata;VV=v1.0.0	manual curation	NT=Data-dependent acquisition;AC=PRIDE:0000627	NT=Orbitrap Exploris 480;AC=MS:1003028	NT=Trypsin;AC=MS:1001251	TMT126	5	NT=higher energy beam-type collision-induced dissociation;AC=MS:1000422	NT=Carbamidomethyl;AC=UNIMOD:4;TA=C;MT=Fixed	NT=TMT6plex;AC=UNIMOD:737;TA=K;MT=Fixed	NT=TMT6plex;AC=UNIMOD:737;PP=Any N-term;MT=Fixed	NT=Oxidation;AC=UNIMOD:35;TA=M;MT=Variable	NT=Acetyl;AC=UNIMOD:1;PP=Protein N-term;MT=Variable	UM171
NB4-UM171-1	Homo sapiens	bone marrow	myeloid cell	1	acute myeloid leukemia	cell line	UM171	23Y	female	NB4	NB4	CVCL_0005	NB4	UM171	0.1 uM	3 hour	220711_UM171_RCOR1_NB4_TMT10_F06_of_F13_R1-TMT126	proteomic profiling by mass spectrometry	1	220711_UM171_RCOR1_NB4_TMT10_F06_of_F13_R1.raw	v1.1.0	NT=ms-proteomics;VV=v1.1.0	NT=human;VV=v1.1.0	NT=cell-lines;VV=v1.1.0	NT=clinical-metadata;VV=v1.0.0	manual curation	NT=Data-dependent acquisition;AC=PRIDE:0000627	NT=Orbitrap Exploris 480;AC=MS:1003028	NT=Trypsin;AC=MS:1001251	TMT126	6	NT=higher energy beam-type collision-induced dissociation;AC=MS:1000422	NT=Carbamidomethyl;AC=UNIMOD:4;TA=C;MT=Fixed	NT=TMT6plex;AC=UNIMOD:737;TA=K;MT=Fixed	NT=TMT6plex;AC=UNIMOD:737;PP=Any N-term;MT=Fixed	NT=Oxidation;AC=UNIMOD:35;TA=M;MT=Variable	NT=Acetyl;AC=UNIMOD:1;PP=Protein N-term;MT=Variable	UM171
NB4-UM171-1	Homo sapiens	bone marrow	myeloid cell	1	acute myeloid leukemia	cell line	UM171	23Y	female	NB4	NB4	CVCL_0005	NB4	UM171	0.1 uM	3 hour	220711_UM171_RCOR1_NB4_TMT10_F07_of_F13_R1-TMT126	proteomic profiling by mass spectrometry	1	220711_UM171_RCOR1_NB4_TMT10_F07_of_F13_R1.raw	v1.1.0	NT=ms-proteomics;VV=v1.1.0	NT=human;VV=v1.1.0	NT=cell-lines;VV=v1.1.0	NT=clinical-metadata;VV=v1.0.0	manual curation	NT=Data-dependent acquisition;AC=PRIDE:0000627	NT=Orbitrap Exploris 480;AC=MS:1003028	NT=Trypsin;AC=MS:1001251	TMT126	7	NT=higher energy beam-type collision-induced dissociation;AC=MS:1000422	NT=Carbamidomethyl;AC=UNIMOD:4;TA=C;MT=Fixed	NT=TMT6plex;AC=UNIMOD:737;TA=K;MT=Fixed	NT=TMT6plex;AC=UNIMOD:737;PP=Any N-term;MT=Fixed	NT=Oxidation;AC=UNIMOD:35;TA=M;MT=Variable	NT=Acetyl;AC=UNIMOD:1;PP=Protein N-term;MT=Variable	UM171
NB4-UM171-1	Homo sapiens	bone marrow	myeloid cell	1	acute myeloid leukemia	cell line	UM171	23Y	female	NB4	NB4	CVCL_0005	NB4	UM171	0.1 uM	3 hour	220711_UM171_RCOR1_NB4_TMT10_F08_of_F13_R1-TMT126	proteomic profiling by mass spectrometry	1	220711_UM171_RCOR1_NB4_TMT10_F08_of_F13_R1.raw	v1.1.0	NT=ms-proteomics;VV=v1.1.0	NT=human;VV=v1.1.0	NT=cell-lines;VV=v1.1.0	NT=clinical-metadata;VV=v1.0.0	manual curation	NT=Data-dependent acquisition;AC=PRIDE:0000627	NT=Orbitrap Exploris 480;AC=MS:1003028	NT=Trypsin;AC=MS:1001251	TMT126	8	NT=higher energy beam-type collision-induced dissociation;AC=MS:1000422	NT=Carbamidomethyl;AC=UNIMOD:4;TA=C;MT=Fixed	NT=TMT6plex;AC=UNIMOD:737;TA=K;MT=Fixed	NT=TMT6plex;AC=UNIMOD:737;PP=Any N-term;MT=Fixed	NT=Oxidation;AC=UNIMOD:35;TA=M;MT=Variable	NT=Acetyl;AC=UNIMOD:1;PP=Protein N-term;MT=Variable	UM171
NB4-UM171-1	Homo sapiens	bone marrow	myeloid cell	1	acute myeloid leukemia	cell line	UM171	23Y	female	NB4	NB4	CVCL_0005	NB4	UM171	0.1 uM	3 hour	220711_UM171_RCOR1_NB4_TMT10_F09_of_F13_R1-TMT126	proteomic profiling by mass spectrometry	1	220711_UM171_RCOR1_NB4_TMT10_F09_of_F13_R1.raw	v1.1.0	NT=ms-proteomics;VV=v1.1.0	NT=human;VV=v1.1.0	NT=cell-lines;VV=v1.1.0	NT=clinical-metadata;VV=v1.0.0	manual curation	NT=Data-dependent acquisition;AC=PRIDE:0000627	NT=Orbitrap Exploris 480;AC=MS:1003028	NT=Trypsin;AC=MS:1001251	TMT126	9	NT=higher energy beam-type collision-induced dissociation;AC=MS:1000422	NT=Carbamidomethyl;AC=UNIMOD:4;TA=C;MT=Fixed	NT=TMT6plex;AC=UNIMOD:737;TA=K;MT=Fixed	NT=TMT6plex;AC=UNIMOD:737;PP=Any N-term;MT=Fixed	NT=Oxidation;AC=UNIMOD:35;TA=M;MT=Variable	NT=Acetyl;AC=UNIMOD:1;PP=Protein N-term;MT=Variable	UM171
NB4-UM171-1	Homo sapiens	bone marrow	myeloid cell	1	acute myeloid leukemia	cell line	UM171	23Y	female	NB4	NB4	CVCL_0005	NB4	UM171	0.1 uM	3 hour	220711_UM171_RCOR1_NB4_TMT10_F10_of_F13_R1-TMT126	proteomic profiling by mass spectrometry	1	220711_UM171_RCOR1_NB4_TMT10_F10_of_F13_R1.raw	v1.1.0	NT=ms-proteomics;VV=v1.1.0	NT=human;VV=v1.1.0	NT=cell-lines;VV=v1.1.0	NT=clinical-metadata;VV=v1.0.0	manual curation	NT=Data-dependent acquisition;AC=PRIDE:0000627	NT=Orbitrap Exploris 480;AC=MS:1003028	NT=Trypsin;AC=MS:1001251	TMT126	10	NT=higher energy beam-type collision-induced dissociation;AC=MS:1000422	NT=Carbamidomethyl;AC=UNIMOD:4;TA=C;MT=Fixed	NT=TMT6plex;AC=UNIMOD:737;TA=K;MT=Fixed	NT=TMT6plex;AC=UNIMOD:737;PP=Any N-term;MT=Fixed	NT=Oxidation;AC=UNIMOD:35;TA=M;MT=Variable	NT=Acetyl;AC=UNIMOD:1;PP=Protein N-term;MT=Variable	UM171
NB4-UM171-1	Homo sapiens	bone marrow	myeloid cell	1	acute myeloid leukemia	cell line	UM171	23Y	female	NB4	NB4	CVCL_0005	NB4	UM171	0.1 uM	3 hour	220711_UM171_RCOR1_NB4_TMT10_F11_of_F13_R1-TMT126	proteomic profiling by mass spectrometry	1	220711_UM171_RCOR1_NB4_TMT10_F11_of_F13_R1.raw	v1.1.0	NT=ms-proteomics;VV=v1.1.0	NT=human;VV=v1.1.0	NT=cell-lines;VV=v1.1.0	NT=clinical-metadata;VV=v1.0.0	manual curation	NT=Data-dependent acquisition;AC=PRIDE:0000627	NT=Orbitrap Exploris 480;AC=MS:1003028	NT=Trypsin;AC=MS:1001251	TMT126	11	NT=higher energy beam-type collision-induced dissociation;AC=MS:1000422	NT=Carbamidomethyl;AC=UNIMOD:4;TA=C;MT=Fixed	NT=TMT6plex;AC=UNIMOD:737;TA=K;MT=Fixed	NT=TMT6plex;AC=UNIMOD:737;PP=Any N-term;MT=Fixed	NT=Oxidation;AC=UNIMOD:35;TA=M;MT=Variable	NT=Acetyl;AC=UNIMOD:1;PP=Protein N-term;MT=Variable	UM171
NB4-UM171-1	Homo sapiens	bone marrow	myeloid cell	1	acute myeloid leukemia	cell line	UM171	23Y	female	NB4	NB4	CVCL_0005	NB4	UM171	0.1 uM	3 hour	220819_UM171_RCOR1_NB4_TMT10_F12_of_F13_R1-TMT126	proteomic profiling by mass spectrometry	1	220819_UM171_RCOR1_NB4_TMT10_F12_of_F13_R1.raw	v1.1.0	NT=ms-proteomics;VV=v1.1.0	NT=human;VV=v1.1.0	NT=cell-lines;VV=v1.1.0	NT=clinical-metadata;VV=v1.0.0	manual curation	NT=Data-dependent acquisition;AC=PRIDE:0000627	NT=Orbitrap Exploris 480;AC=MS:1003028	NT=Trypsin;AC=MS:1001251	TMT126	12	NT=higher energy beam-type collision-induced dissociation;AC=MS:1000422	NT=Carbamidomethyl;AC=UNIMOD:4;TA=C;MT=Fixed	NT=TMT6plex;AC=UNIMOD:737;TA=K;MT=Fixed	NT=TMT6plex;AC=UNIMOD:737;PP=Any N-term;MT=Fixed	NT=Oxidation;AC=UNIMOD:35;TA=M;MT=Variable	NT=Acetyl;AC=UNIMOD:1;PP=Protein N-term;MT=Variable	UM171
NB4-UM171-1	Homo sapiens	bone marrow	myeloid cell	1	acute myeloid leukemia	cell line	UM171	23Y	female	NB4	NB4	CVCL_0005	NB4	UM171	0.1 uM	3 hour	220819_UM171_RCOR1_NB4_TMT10_F13_of_F13_R1-TMT126	proteomic profiling by mass spectrometry	1	220819_UM171_RCOR1_NB4_TMT10_F13_of_F13_R1.raw	v1.1.0	NT=ms-proteomics;VV=v1.1.0	NT=human;VV=v1.1.0	NT=cell-lines;VV=v1.1.0	NT=clinical-metadata;VV=v1.0.0	manual curation	NT=Data-dependent acquisition;AC=PRIDE:0000627	NT=Orbitrap Exploris 480;AC=MS:1003028	NT=Trypsin;AC=MS:1001251	TMT126	13	NT=higher energy beam-type collision-induced dissociation;AC=MS:1000422	NT=Carbamidomethyl;AC=UNIMOD:4;TA=C;MT=Fixed	NT=TMT6plex;AC=UNIMOD:737;TA=K;MT=Fixed	NT=TMT6plex;AC=UNIMOD:737;PP=Any N-term;MT=Fixed	NT=Oxidation;AC=UNIMOD:35;TA=M;MT=Variable	NT=Acetyl;AC=UNIMOD:1;PP=Protein N-term;MT=Variable	UM171
NB4-UM171-2	Homo sapiens	bone marrow	myeloid cell	2	acute myeloid leukemia	cell line	UM171	23Y	female	NB4	NB4	CVCL_0005	NB4	UM171	0.1 uM	3 hour	220711_UM171_RCOR1_NB4_TMT10_F01_of_F13_R1-TMT127N	proteomic profiling by mass spectrometry	1	220711_UM171_RCOR1_NB4_TMT10_F01_of_F13_R1.raw	v1.1.0	NT=ms-proteomics;VV=v1.1.0	NT=human;VV=v1.1.0	NT=cell-lines;VV=v1.1.0	NT=clinical-metadata;VV=v1.0.0	manual curation	NT=Data-dependent acquisition;AC=PRIDE:0000627	NT=Orbitrap Exploris 480;AC=MS:1003028	NT=Trypsin;AC=MS:1001251	TMT127N	1	NT=higher energy beam-type collision-induced dissociation;AC=MS:1000422	NT=Carbamidomethyl;AC=UNIMOD:4;TA=C;MT=Fixed	NT=TMT6plex;AC=UNIMOD:737;TA=K;MT=Fixed	NT=TMT6plex;AC=UNIMOD:737;PP=Any N-term;MT=Fixed	NT=Oxidation;AC=UNIMOD:35;TA=M;MT=Variable	NT=Acetyl;AC=UNIMOD:1;PP=Protein N-term;MT=Variable	UM171
NB4-UM171-2	Homo sapiens	bone marrow	myeloid cell	2	acute myeloid leukemia	cell line	UM171	23Y	female	NB4	NB4	CVCL_0005	NB4	UM171	0.1 uM	3 hour	220711_UM171_RCOR1_NB4_TMT10_F02_of_F13_R1-TMT127N	proteomic profiling by mass spectrometry	1	220711_UM171_RCOR1_NB4_TMT10_F02_of_F13_R1.raw	v1.1.0	NT=ms-proteomics;VV=v1.1.0	NT=human;VV=v1.1.0	NT=cell-lines;VV=v1.1.0	NT=clinical-metadata;VV=v1.0.0	manual curation	NT=Data-dependent acquisition;AC=PRIDE:0000627	NT=Orbitrap Exploris 480;AC=MS:1003028	NT=Trypsin;AC=MS:1001251	TMT127N	2	NT=higher energy beam-type collision-induced dissociation;AC=MS:1000422	NT=Carbamidomethyl;AC=UNIMOD:4;TA=C;MT=Fixed	NT=TMT6plex;AC=UNIMOD:737;TA=K;MT=Fixed	NT=TMT6plex;AC=UNIMOD:737;PP=Any N-term;MT=Fixed	NT=Oxidation;AC=UNIMOD:35;TA=M;MT=Variable	NT=Acetyl;AC=UNIMOD:1;PP=Protein N-term;MT=Variable	UM171
NB4-UM171-2	Homo sapiens	bone marrow	myeloid cell	2	acute myeloid leukemia	cell line	UM171	23Y	female	NB4	NB4	CVCL_0005	NB4	UM171	0.1 uM	3 hour	220711_UM171_RCOR1_NB4_TMT10_F03_of_F13_R1-TMT127N	proteomic profiling by mass spectrometry	1	220711_UM171_RCOR1_NB4_TMT10_F03_of_F13_R1.raw	v1.1.0	NT=ms-proteomics;VV=v1.1.0	NT=human;VV=v1.1.0	NT=cell-lines;VV=v1.1.0	NT=clinical-metadata;VV=v1.0.0	manual curation	NT=Data-dependent acquisition;AC=PRIDE:0000627	NT=Orbitrap Exploris 480;AC=MS:1003028	NT=Trypsin;AC=MS:1001251	TMT127N	3	NT=higher energy beam-type collision-induced dissociation;AC=MS:1000422	NT=Carbamidomethyl;AC=UNIMOD:4;TA=C;MT=Fixed	NT=TMT6plex;AC=UNIMOD:737;TA=K;MT=Fixed	NT=TMT6plex;AC=UNIMOD:737;PP=Any N-term;MT=Fixed	NT=Oxidation;AC=UNIMOD:35;TA=M;MT=Variable	NT=Acetyl;AC=UNIMOD:1;PP=Protein N-term;MT=Variable	UM171
NB4-UM171-2	Homo sapiens	bone marrow	myeloid cell	2	acute myeloid leukemia	cell line	UM171	23Y	female	NB4	NB4	CVCL_0005	NB4	UM171	0.1 uM	3 hour	220711_UM171_RCOR1_NB4_TMT10_F04_of_F13_R1-TMT127N	proteomic profiling by mass spectrometry	1	220711_UM171_RCOR1_NB4_TMT10_F04_of_F13_R1.raw	v1.1.0	NT=ms-proteomics;VV=v1.1.0	NT=human;VV=v1.1.0	NT=cell-lines;VV=v1.1.0	NT=clinical-metadata;VV=v1.0.0	manual curation	NT=Data-dependent acquisition;AC=PRIDE:0000627	NT=Orbitrap Exploris 480;AC=MS:1003028	NT=Trypsin;AC=MS:1001251	TMT127N	4	NT=higher energy beam-type collision-induced dissociation;AC=MS:1000422	NT=Carbamidomethyl;AC=UNIMOD:4;TA=C;MT=Fixed	NT=TMT6plex;AC=UNIMOD:737;TA=K;MT=Fixed	NT=TMT6plex;AC=UNIMOD:737;PP=Any N-term;MT=Fixed	NT=Oxidation;AC=UNIMOD:35;TA=M;MT=Variable	NT=Acetyl;AC=UNIMOD:1;PP=Protein N-term;MT=Variable	UM171
NB4-UM171-2	Homo sapiens	bone marrow	myeloid cell	2	acute myeloid leukemia	cell line	UM171	23Y	female	NB4	NB4	CVCL_0005	NB4	UM171	0.1 uM	3 hour	220711_UM171_RCOR1_NB4_TMT10_F05_of_F13_R1-TMT127N	proteomic profiling by mass spectrometry	1	220711_UM171_RCOR1_NB4_TMT10_F05_of_F13_R1.raw	v1.1.0	NT=ms-proteomics;VV=v1.1.0	NT=human;VV=v1.1.0	NT=cell-lines;VV=v1.1.0	NT=clinical-metadata;VV=v1.0.0	manual curation	NT=Data-dependent acquisition;AC=PRIDE:0000627	NT=Orbitrap Exploris 480;AC=MS:1003028	NT=Trypsin;AC=MS:1001251	TMT127N	5	NT=higher energy beam-type collision-induced dissociation;AC=MS:1000422	NT=Carbamidomethyl;AC=UNIMOD:4;TA=C;MT=Fixed	NT=TMT6plex;AC=UNIMOD:737;TA=K;MT=Fixed	NT=TMT6plex;AC=UNIMOD:737;PP=Any N-term;MT=Fixed	NT=Oxidation;AC=UNIMOD:35;TA=M;MT=Variable	NT=Acetyl;AC=UNIMOD:1;PP=Protein N-term;MT=Variable	UM171
NB4-UM171-2	Homo sapiens	bone marrow	myeloid cell	2	acute myeloid leukemia	cell line	UM171	23Y	female	NB4	NB4	CVCL_0005	NB4	UM171	0.1 uM	3 hour	220711_UM171_RCOR1_NB4_TMT10_F06_of_F13_R1-TMT127N	proteomic profiling by mass spectrometry	1	220711_UM171_RCOR1_NB4_TMT10_F06_of_F13_R1.raw	v1.1.0	NT=ms-proteomics;VV=v1.1.0	NT=human;VV=v1.1.0	NT=cell-lines;VV=v1.1.0	NT=clinical-metadata;VV=v1.0.0	manual curation	NT=Data-dependent acquisition;AC=PRIDE:0000627	NT=Orbitrap Exploris 480;AC=MS:1003028	NT=Trypsin;AC=MS:1001251	TMT127N	6	NT=higher energy beam-type collision-induced dissociation;AC=MS:1000422	NT=Carbamidomethyl;AC=UNIMOD:4;TA=C;MT=Fixed	NT=TMT6plex;AC=UNIMOD:737;TA=K;MT=Fixed	NT=TMT6plex;AC=UNIMOD:737;PP=Any N-term;MT=Fixed	NT=Oxidation;AC=UNIMOD:35;TA=M;MT=Variable	NT=Acetyl;AC=UNIMOD:1;PP=Protein N-term;MT=Variable	UM171
NB4-UM171-2	Homo sapiens	bone marrow	myeloid cell	2	acute myeloid leukemia	cell line	UM171	23Y	female	NB4	NB4	CVCL_0005	NB4	UM171	0.1 uM	3 hour	220711_UM171_RCOR1_NB4_TMT10_F07_of_F13_R1-TMT127N	proteomic profiling by mass spectrometry	1	220711_UM171_RCOR1_NB4_TMT10_F07_of_F13_R1.raw	v1.1.0	NT=ms-proteomics;VV=v1.1.0	NT=human;VV=v1.1.0	NT=cell-lines;VV=v1.1.0	NT=clinical-metadata;VV=v1.0.0	manual curation	NT=Data-dependent acquisition;AC=PRIDE:0000627	NT=Orbitrap Exploris 480;AC=MS:1003028	NT=Trypsin;AC=MS:1001251	TMT127N	7	NT=higher energy beam-type collision-induced dissociation;AC=MS:1000422	NT=Carbamidomethyl;AC=UNIMOD:4;TA=C;MT=Fixed	NT=TMT6plex;AC=UNIMOD:737;TA=K;MT=Fixed	NT=TMT6plex;AC=UNIMOD:737;PP=Any N-term;MT=Fixed	NT=Oxidation;AC=UNIMOD:35;TA=M;MT=Variable	NT=Acetyl;AC=UNIMOD:1;PP=Protein N-term;MT=Variable	UM171
NB4-UM171-2	Homo sapiens	bone marrow	myeloid cell	2	acute myeloid leukemia	cell line	UM171	23Y	female	NB4	NB4	CVCL_0005	NB4	UM171	0.1 uM	3 hour	220711_UM171_RCOR1_NB4_TMT10_F08_of_F13_R1-TMT127N	proteomic profiling by mass spectrometry	1	220711_UM171_RCOR1_NB4_TMT10_F08_of_F13_R1.raw	v1.1.0	NT=ms-proteomics;VV=v1.1.0	NT=human;VV=v1.1.0	NT=cell-lines;VV=v1.1.0	NT=clinical-metadata;VV=v1.0.0	manual curation	NT=Data-dependent acquisition;AC=PRIDE:0000627	NT=Orbitrap Exploris 480;AC=MS:1003028	NT=Trypsin;AC=MS:1001251	TMT127N	8	NT=higher energy beam-type collision-induced dissociation;AC=MS:1000422	NT=Carbamidomethyl;AC=UNIMOD:4;TA=C;MT=Fixed	NT=TMT6plex;AC=UNIMOD:737;TA=K;MT=Fixed	NT=TMT6plex;AC=UNIMOD:737;PP=Any N-term;MT=Fixed	NT=Oxidation;AC=UNIMOD:35;TA=M;MT=Variable	NT=Acetyl;AC=UNIMOD:1;PP=Protein N-term;MT=Variable	UM171
NB4-UM171-2	Homo sapiens	bone marrow	myeloid cell	2	acute myeloid leukemia	cell line	UM171	23Y	female	NB4	NB4	CVCL_0005	NB4	UM171	0.1 uM	3 hour	220711_UM171_RCOR1_NB4_TMT10_F09_of_F13_R1-TMT127N	proteomic profiling by mass spectrometry	1	220711_UM171_RCOR1_NB4_TMT10_F09_of_F13_R1.raw	v1.1.0	NT=ms-proteomics;VV=v1.1.0	NT=human;VV=v1.1.0	NT=cell-lines;VV=v1.1.0	NT=clinical-metadata;VV=v1.0.0	manual curation	NT=Data-dependent acquisition;AC=PRIDE:0000627	NT=Orbitrap Exploris 480;AC=MS:1003028	NT=Trypsin;AC=MS:1001251	TMT127N	9	NT=higher energy beam-type collision-induced dissociation;AC=MS:1000422	NT=Carbamidomethyl;AC=UNIMOD:4;TA=C;MT=Fixed	NT=TMT6plex;AC=UNIMOD:737;TA=K;MT=Fixed	NT=TMT6plex;AC=UNIMOD:737;PP=Any N-term;MT=Fixed	NT=Oxidation;AC=UNIMOD:35;TA=M;MT=Variable	NT=Acetyl;AC=UNIMOD:1;PP=Protein N-term;MT=Variable	UM171
NB4-UM171-2	Homo sapiens	bone marrow	myeloid cell	2	acute myeloid leukemia	cell line	UM171	23Y	female	NB4	NB4	CVCL_0005	NB4	UM171	0.1 uM	3 hour	220711_UM171_RCOR1_NB4_TMT10_F10_of_F13_R1-TMT127N	proteomic profiling by mass spectrometry	1	220711_UM171_RCOR1_NB4_TMT10_F10_of_F13_R1.raw	v1.1.0	NT=ms-proteomics;VV=v1.1.0	NT=human;VV=v1.1.0	NT=cell-lines;VV=v1.1.0	NT=clinical-metadata;VV=v1.0.0	manual curation	NT=Data-dependent acquisition;AC=PRIDE:0000627	NT=Orbitrap Exploris 480;AC=MS:1003028	NT=Trypsin;AC=MS:1001251	TMT127N	10	NT=higher energy beam-type collision-induced dissociation;AC=MS:1000422	NT=Carbamidomethyl;AC=UNIMOD:4;TA=C;MT=Fixed	NT=TMT6plex;AC=UNIMOD:737;TA=K;MT=Fixed	NT=TMT6plex;AC=UNIMOD:737;PP=Any N-term;MT=Fixed	NT=Oxidation;AC=UNIMOD:35;TA=M;MT=Variable	NT=Acetyl;AC=UNIMOD:1;PP=Protein N-term;MT=Variable	UM171
NB4-UM171-2	Homo sapiens	bone marrow	myeloid cell	2	acute myeloid leukemia	cell line	UM171	23Y	female	NB4	NB4	CVCL_0005	NB4	UM171	0.1 uM	3 hour	220711_UM171_RCOR1_NB4_TMT10_F11_of_F13_R1-TMT127N	proteomic profiling by mass spectrometry	1	220711_UM171_RCOR1_NB4_TMT10_F11_of_F13_R1.raw	v1.1.0	NT=ms-proteomics;VV=v1.1.0	NT=human;VV=v1.1.0	NT=cell-lines;VV=v1.1.0	NT=clinical-metadata;VV=v1.0.0	manual curation	NT=Data-dependent acquisition;AC=PRIDE:0000627	NT=Orbitrap Exploris 480;AC=MS:1003028	NT=Trypsin;AC=MS:1001251	TMT127N	11	NT=higher energy beam-type collision-induced dissociation;AC=MS:1000422	NT=Carbamidomethyl;AC=UNIMOD:4;TA=C;MT=Fixed	NT=TMT6plex;AC=UNIMOD:737;TA=K;MT=Fixed	NT=TMT6plex;AC=UNIMOD:737;PP=Any N-term;MT=Fixed	NT=Oxidation;AC=UNIMOD:35;TA=M;MT=Variable	NT=Acetyl;AC=UNIMOD:1;PP=Protein N-term;MT=Variable	UM171
NB4-UM171-2	Homo sapiens	bone marrow	myeloid cell	2	acute myeloid leukemia	cell line	UM171	23Y	female	NB4	NB4	CVCL_0005	NB4	UM171	0.1 uM	3 hour	220819_UM171_RCOR1_NB4_TMT10_F12_of_F13_R1-TMT127N	proteomic profiling by mass spectrometry	1	220819_UM171_RCOR1_NB4_TMT10_F12_of_F13_R1.raw	v1.1.0	NT=ms-proteomics;VV=v1.1.0	NT=human;VV=v1.1.0	NT=cell-lines;VV=v1.1.0	NT=clinical-metadata;VV=v1.0.0	manual curation	NT=Data-dependent acquisition;AC=PRIDE:0000627	NT=Orbitrap Exploris 480;AC=MS:1003028	NT=Trypsin;AC=MS:1001251	TMT127N	12	NT=higher energy beam-type collision-induced dissociation;AC=MS:1000422	NT=Carbamidomethyl;AC=UNIMOD:4;TA=C;MT=Fixed	NT=TMT6plex;AC=UNIMOD:737;TA=K;MT=Fixed	NT=TMT6plex;AC=UNIMOD:737;PP=Any N-term;MT=Fixed	NT=Oxidation;AC=UNIMOD:35;TA=M;MT=Variable	NT=Acetyl;AC=UNIMOD:1;PP=Protein N-term;MT=Variable	UM171
NB4-UM171-2	Homo sapiens	bone marrow	myeloid cell	2	acute myeloid leukemia	cell line	UM171	23Y	female	NB4	NB4	CVCL_0005	NB4	UM171	0.1 uM	3 hour	220819_UM171_RCOR1_NB4_TMT10_F13_of_F13_R1-TMT127N	proteomic profiling by mass spectrometry	1	220819_UM171_RCOR1_NB4_TMT10_F13_of_F13_R1.raw	v1.1.0	NT=ms-proteomics;VV=v1.1.0	NT=human;VV=v1.1.0	NT=cell-lines;VV=v1.1.0	NT=clinical-metadata;VV=v1.0.0	manual curation	NT=Data-dependent acquisition;AC=PRIDE:0000627	NT=Orbitrap Exploris 480;AC=MS:1003028	NT=Trypsin;AC=MS:1001251	TMT127N	13	NT=higher energy beam-type collision-induced dissociation;AC=MS:1000422	NT=Carbamidomethyl;AC=UNIMOD:4;TA=C;MT=Fixed	NT=TMT6plex;AC=UNIMOD:737;TA=K;MT=Fixed	NT=TMT6plex;AC=UNIMOD:737;PP=Any N-term;MT=Fixed	NT=Oxidation;AC=UNIMOD:35;TA=M;MT=Variable	NT=Acetyl;AC=UNIMOD:1;PP=Protein N-term;MT=Variable	UM171
NB4-UM171-3	Homo sapiens	bone marrow	myeloid cell	3	acute myeloid leukemia	cell line	UM171	23Y	female	NB4	NB4	CVCL_0005	NB4	UM171	0.1 uM	3 hour	220711_UM171_RCOR1_NB4_TMT10_F01_of_F13_R1-TMT127C	proteomic profiling by mass spectrometry	1	220711_UM171_RCOR1_NB4_TMT10_F01_of_F13_R1.raw	v1.1.0	NT=ms-proteomics;VV=v1.1.0	NT=human;VV=v1.1.0	NT=cell-lines;VV=v1.1.0	NT=clinical-metadata;VV=v1.0.0	manual curation	NT=Data-dependent acquisition;AC=PRIDE:0000627	NT=Orbitrap Exploris 480;AC=MS:1003028	NT=Trypsin;AC=MS:1001251	TMT127C	1	NT=higher energy beam-type collision-induced dissociation;AC=MS:1000422	NT=Carbamidomethyl;AC=UNIMOD:4;TA=C;MT=Fixed	NT=TMT6plex;AC=UNIMOD:737;TA=K;MT=Fixed	NT=TMT6plex;AC=UNIMOD:737;PP=Any N-term;MT=Fixed	NT=Oxidation;AC=UNIMOD:35;TA=M;MT=Variable	NT=Acetyl;AC=UNIMOD:1;PP=Protein N-term;MT=Variable	UM171
NB4-UM171-3	Homo sapiens	bone marrow	myeloid cell	3	acute myeloid leukemia	cell line	UM171	23Y	female	NB4	NB4	CVCL_0005	NB4	UM171	0.1 uM	3 hour	220711_UM171_RCOR1_NB4_TMT10_F02_of_F13_R1-TMT127C	proteomic profiling by mass spectrometry	1	220711_UM171_RCOR1_NB4_TMT10_F02_of_F13_R1.raw	v1.1.0	NT=ms-proteomics;VV=v1.1.0	NT=human;VV=v1.1.0	NT=cell-lines;VV=v1.1.0	NT=clinical-metadata;VV=v1.0.0	manual curation	NT=Data-dependent acquisition;AC=PRIDE:0000627	NT=Orbitrap Exploris 480;AC=MS:1003028	NT=Trypsin;AC=MS:1001251	TMT127C	2	NT=higher energy beam-type collision-induced dissociation;AC=MS:1000422	NT=Carbamidomethyl;AC=UNIMOD:4;TA=C;MT=Fixed	NT=TMT6plex;AC=UNIMOD:737;TA=K;MT=Fixed	NT=TMT6plex;AC=UNIMOD:737;PP=Any N-term;MT=Fixed	NT=Oxidation;AC=UNIMOD:35;TA=M;MT=Variable	NT=Acetyl;AC=UNIMOD:1;PP=Protein N-term;MT=Variable	UM171
NB4-UM171-3	Homo sapiens	bone marrow	myeloid cell	3	acute myeloid leukemia	cell line	UM171	23Y	female	NB4	NB4	CVCL_0005	NB4	UM171	0.1 uM	3 hour	220711_UM171_RCOR1_NB4_TMT10_F03_of_F13_R1-TMT127C	proteomic profiling by mass spectrometry	1	220711_UM171_RCOR1_NB4_TMT10_F03_of_F13_R1.raw	v1.1.0	NT=ms-proteomics;VV=v1.1.0	NT=human;VV=v1.1.0	NT=cell-lines;VV=v1.1.0	NT=clinical-metadata;VV=v1.0.0	manual curation	NT=Data-dependent acquisition;AC=PRIDE:0000627	NT=Orbitrap Exploris 480;AC=MS:1003028	NT=Trypsin;AC=MS:1001251	TMT127C	3	NT=higher energy beam-type collision-induced dissociation;AC=MS:1000422	NT=Carbamidomethyl;AC=UNIMOD:4;TA=C;MT=Fixed	NT=TMT6plex;AC=UNIMOD:737;TA=K;MT=Fixed	NT=TMT6plex;AC=UNIMOD:737;PP=Any N-term;MT=Fixed	NT=Oxidation;AC=UNIMOD:35;TA=M;MT=Variable	NT=Acetyl;AC=UNIMOD:1;PP=Protein N-term;MT=Variable	UM171
NB4-UM171-3	Homo sapiens	bone marrow	myeloid cell	3	acute myeloid leukemia	cell line	UM171	23Y	female	NB4	NB4	CVCL_0005	NB4	UM171	0.1 uM	3 hour	220711_UM171_RCOR1_NB4_TMT10_F04_of_F13_R1-TMT127C	proteomic profiling by mass spectrometry	1	220711_UM171_RCOR1_NB4_TMT10_F04_of_F13_R1.raw	v1.1.0	NT=ms-proteomics;VV=v1.1.0	NT=human;VV=v1.1.0	NT=cell-lines;VV=v1.1.0	NT=clinical-metadata;VV=v1.0.0	manual curation	NT=Data-dependent acquisition;AC=PRIDE:0000627	NT=Orbitrap Exploris 480;AC=MS:1003028	NT=Trypsin;AC=MS:1001251	TMT127C	4	NT=higher energy beam-type collision-induced dissociation;AC=MS:1000422	NT=Carbamidomethyl;AC=UNIMOD:4;TA=C;MT=Fixed	NT=TMT6plex;AC=UNIMOD:737;TA=K;MT=Fixed	NT=TMT6plex;AC=UNIMOD:737;PP=Any N-term;MT=Fixed	NT=Oxidation;AC=UNIMOD:35;TA=M;MT=Variable	NT=Acetyl;AC=UNIMOD:1;PP=Protein N-term;MT=Variable	UM171
NB4-UM171-3	Homo sapiens	bone marrow	myeloid cell	3	acute myeloid leukemia	cell line	UM171	23Y	female	NB4	NB4	CVCL_0005	NB4	UM171	0.1 uM	3 hour	220711_UM171_RCOR1_NB4_TMT10_F05_of_F13_R1-TMT127C	proteomic profiling by mass spectrometry	1	220711_UM171_RCOR1_NB4_TMT10_F05_of_F13_R1.raw	v1.1.0	NT=ms-proteomics;VV=v1.1.0	NT=human;VV=v1.1.0	NT=cell-lines;VV=v1.1.0	NT=clinical-metadata;VV=v1.0.0	manual curation	NT=Data-dependent acquisition;AC=PRIDE:0000627	NT=Orbitrap Exploris 480;AC=MS:1003028	NT=Trypsin;AC=MS:1001251	TMT127C	5	NT=higher energy beam-type collision-induced dissociation;AC=MS:1000422	NT=Carbamidomethyl;AC=UNIMOD:4;TA=C;MT=Fixed	NT=TMT6plex;AC=UNIMOD:737;TA=K;MT=Fixed	NT=TMT6plex;AC=UNIMOD:737;PP=Any N-term;MT=Fixed	NT=Oxidation;AC=UNIMOD:35;TA=M;MT=Variable	NT=Acetyl;AC=UNIMOD:1;PP=Protein N-term;MT=Variable	UM171
NB4-UM171-3	Homo sapiens	bone marrow	myeloid cell	3	acute myeloid leukemia	cell line	UM171	23Y	female	NB4	NB4	CVCL_0005	NB4	UM171	0.1 uM	3 hour	220711_UM171_RCOR1_NB4_TMT10_F06_of_F13_R1-TMT127C	proteomic profiling by mass spectrometry	1	220711_UM171_RCOR1_NB4_TMT10_F06_of_F13_R1.raw	v1.1.0	NT=ms-proteomics;VV=v1.1.0	NT=human;VV=v1.1.0	NT=cell-lines;VV=v1.1.0	NT=clinical-metadata;VV=v1.0.0	manual curation	NT=Data-dependent acquisition;AC=PRIDE:0000627	NT=Orbitrap Exploris 480;AC=MS:1003028	NT=Trypsin;AC=MS:1001251	TMT127C	6	NT=higher energy beam-type collision-induced dissociation;AC=MS:1000422	NT=Carbamidomethyl;AC=UNIMOD:4;TA=C;MT=Fixed	NT=TMT6plex;AC=UNIMOD:737;TA=K;MT=Fixed	NT=TMT6plex;AC=UNIMOD:737;PP=Any N-term;MT=Fixed	NT=Oxidation;AC=UNIMOD:35;TA=M;MT=Variable	NT=Acetyl;AC=UNIMOD:1;PP=Protein N-term;MT=Variable	UM171
NB4-UM171-3	Homo sapiens	bone marrow	myeloid cell	3	acute myeloid leukemia	cell line	UM171	23Y	female	NB4	NB4	CVCL_0005	NB4	UM171	0.1 uM	3 hour	220711_UM171_RCOR1_NB4_TMT10_F07_of_F13_R1-TMT127C	proteomic profiling by mass spectrometry	1	220711_UM171_RCOR1_NB4_TMT10_F07_of_F13_R1.raw	v1.1.0	NT=ms-proteomics;VV=v1.1.0	NT=human;VV=v1.1.0	NT=cell-lines;VV=v1.1.0	NT=clinical-metadata;VV=v1.0.0	manual curation	NT=Data-dependent acquisition;AC=PRIDE:0000627	NT=Orbitrap Exploris 480;AC=MS:1003028	NT=Trypsin;AC=MS:1001251	TMT127C	7	NT=higher energy beam-type collision-induced dissociation;AC=MS:1000422	NT=Carbamidomethyl;AC=UNIMOD:4;TA=C;MT=Fixed	NT=TMT6plex;AC=UNIMOD:737;TA=K;MT=Fixed	NT=TMT6plex;AC=UNIMOD:737;PP=Any N-term;MT=Fixed	NT=Oxidation;AC=UNIMOD:35;TA=M;MT=Variable	NT=Acetyl;AC=UNIMOD:1;PP=Protein N-term;MT=Variable	UM171
NB4-UM171-3	Homo sapiens	bone marrow	myeloid cell	3	acute myeloid leukemia	cell line	UM171	23Y	female	NB4	NB4	CVCL_0005	NB4	UM171	0.1 uM	3 hour	220711_UM171_RCOR1_NB4_TMT10_F08_of_F13_R1-TMT127C	proteomic profiling by mass spectrometry	1	220711_UM171_RCOR1_NB4_TMT10_F08_of_F13_R1.raw	v1.1.0	NT=ms-proteomics;VV=v1.1.0	NT=human;VV=v1.1.0	NT=cell-lines;VV=v1.1.0	NT=clinical-metadata;VV=v1.0.0	manual curation	NT=Data-dependent acquisition;AC=PRIDE:0000627	NT=Orbitrap Exploris 480;AC=MS:1003028	NT=Trypsin;AC=MS:1001251	TMT127C	8	NT=higher energy beam-type collision-induced dissociation;AC=MS:1000422	NT=Carbamidomethyl;AC=UNIMOD:4;TA=C;MT=Fixed	NT=TMT6plex;AC=UNIMOD:737;TA=K;MT=Fixed	NT=TMT6plex;AC=UNIMOD:737;PP=Any N-term;MT=Fixed	NT=Oxidation;AC=UNIMOD:35;TA=M;MT=Variable	NT=Acetyl;AC=UNIMOD:1;PP=Protein N-term;MT=Variable	UM171
NB4-UM171-3	Homo sapiens	bone marrow	myeloid cell	3	acute myeloid leukemia	cell line	UM171	23Y	female	NB4	NB4	CVCL_0005	NB4	UM171	0.1 uM	3 hour	220711_UM171_RCOR1_NB4_TMT10_F09_of_F13_R1-TMT127C	proteomic profiling by mass spectrometry	1	220711_UM171_RCOR1_NB4_TMT10_F09_of_F13_R1.raw	v1.1.0	NT=ms-proteomics;VV=v1.1.0	NT=human;VV=v1.1.0	NT=cell-lines;VV=v1.1.0	NT=clinical-metadata;VV=v1.0.0	manual curation	NT=Data-dependent acquisition;AC=PRIDE:0000627	NT=Orbitrap Exploris 480;AC=MS:1003028	NT=Trypsin;AC=MS:1001251	TMT127C	9	NT=higher energy beam-type collision-induced dissociation;AC=MS:1000422	NT=Carbamidomethyl;AC=UNIMOD:4;TA=C;MT=Fixed	NT=TMT6plex;AC=UNIMOD:737;TA=K;MT=Fixed	NT=TMT6plex;AC=UNIMOD:737;PP=Any N-term;MT=Fixed	NT=Oxidation;AC=UNIMOD:35;TA=M;MT=Variable	NT=Acetyl;AC=UNIMOD:1;PP=Protein N-term;MT=Variable	UM171
NB4-UM171-3	Homo sapiens	bone marrow	myeloid cell	3	acute myeloid leukemia	cell line	UM171	23Y	female	NB4	NB4	CVCL_0005	NB4	UM171	0.1 uM	3 hour	220711_UM171_RCOR1_NB4_TMT10_F10_of_F13_R1-TMT127C	proteomic profiling by mass spectrometry	1	220711_UM171_RCOR1_NB4_TMT10_F10_of_F13_R1.raw	v1.1.0	NT=ms-proteomics;VV=v1.1.0	NT=human;VV=v1.1.0	NT=cell-lines;VV=v1.1.0	NT=clinical-metadata;VV=v1.0.0	manual curation	NT=Data-dependent acquisition;AC=PRIDE:0000627	NT=Orbitrap Exploris 480;AC=MS:1003028	NT=Trypsin;AC=MS:1001251	TMT127C	10	NT=higher energy beam-type collision-induced dissociation;AC=MS:1000422	NT=Carbamidomethyl;AC=UNIMOD:4;TA=C;MT=Fixed	NT=TMT6plex;AC=UNIMOD:737;TA=K;MT=Fixed	NT=TMT6plex;AC=UNIMOD:737;PP=Any N-term;MT=Fixed	NT=Oxidation;AC=UNIMOD:35;TA=M;MT=Variable	NT=Acetyl;AC=UNIMOD:1;PP=Protein N-term;MT=Variable	UM171
NB4-UM171-3	Homo sapiens	bone marrow	myeloid cell	3	acute myeloid leukemia	cell line	UM171	23Y	female	NB4	NB4	CVCL_0005	NB4	UM171	0.1 uM	3 hour	220711_UM171_RCOR1_NB4_TMT10_F11_of_F13_R1-TMT127C	proteomic profiling by mass spectrometry	1	220711_UM171_RCOR1_NB4_TMT10_F11_of_F13_R1.raw	v1.1.0	NT=ms-proteomics;VV=v1.1.0	NT=human;VV=v1.1.0	NT=cell-lines;VV=v1.1.0	NT=clinical-metadata;VV=v1.0.0	manual curation	NT=Data-dependent acquisition;AC=PRIDE:0000627	NT=Orbitrap Exploris 480;AC=MS:1003028	NT=Trypsin;AC=MS:1001251	TMT127C	11	NT=higher energy beam-type collision-induced dissociation;AC=MS:1000422	NT=Carbamidomethyl;AC=UNIMOD:4;TA=C;MT=Fixed	NT=TMT6plex;AC=UNIMOD:737;TA=K;MT=Fixed	NT=TMT6plex;AC=UNIMOD:737;PP=Any N-term;MT=Fixed	NT=Oxidation;AC=UNIMOD:35;TA=M;MT=Variable	NT=Acetyl;AC=UNIMOD:1;PP=Protein N-term;MT=Variable	UM171
NB4-UM171-3	Homo sapiens	bone marrow	myeloid cell	3	acute myeloid leukemia	cell line	UM171	23Y	female	NB4	NB4	CVCL_0005	NB4	UM171	0.1 uM	3 hour	220819_UM171_RCOR1_NB4_TMT10_F12_of_F13_R1-TMT127C	proteomic profiling by mass spectrometry	1	220819_UM171_RCOR1_NB4_TMT10_F12_of_F13_R1.raw	v1.1.0	NT=ms-proteomics;VV=v1.1.0	NT=human;VV=v1.1.0	NT=cell-lines;VV=v1.1.0	NT=clinical-metadata;VV=v1.0.0	manual curation	NT=Data-dependent acquisition;AC=PRIDE:0000627	NT=Orbitrap Exploris 480;AC=MS:1003028	NT=Trypsin;AC=MS:1001251	TMT127C	12	NT=higher energy beam-type collision-induced dissociation;AC=MS:1000422	NT=Carbamidomethyl;AC=UNIMOD:4;TA=C;MT=Fixed	NT=TMT6plex;AC=UNIMOD:737;TA=K;MT=Fixed	NT=TMT6plex;AC=UNIMOD:737;PP=Any N-term;MT=Fixed	NT=Oxidation;AC=UNIMOD:35;TA=M;MT=Variable	NT=Acetyl;AC=UNIMOD:1;PP=Protein N-term;MT=Variable	UM171
NB4-UM171-3	Homo sapiens	bone marrow	myeloid cell	3	acute myeloid leukemia	cell line	UM171	23Y	female	NB4	NB4	CVCL_0005	NB4	UM171	0.1 uM	3 hour	220819_UM171_RCOR1_NB4_TMT10_F13_of_F13_R1-TMT127C	proteomic profiling by mass spectrometry	1	220819_UM171_RCOR1_NB4_TMT10_F13_of_F13_R1.raw	v1.1.0	NT=ms-proteomics;VV=v1.1.0	NT=human;VV=v1.1.0	NT=cell-lines;VV=v1.1.0	NT=clinical-metadata;VV=v1.0.0	manual curation	NT=Data-dependent acquisition;AC=PRIDE:0000627	NT=Orbitrap Exploris 480;AC=MS:1003028	NT=Trypsin;AC=MS:1001251	TMT127C	13	NT=higher energy beam-type collision-induced dissociation;AC=MS:1000422	NT=Carbamidomethyl;AC=UNIMOD:4;TA=C;MT=Fixed	NT=TMT6plex;AC=UNIMOD:737;TA=K;MT=Fixed	NT=TMT6plex;AC=UNIMOD:737;PP=Any N-term;MT=Fixed	NT=Oxidation;AC=UNIMOD:35;TA=M;MT=Variable	NT=Acetyl;AC=UNIMOD:1;PP=Protein N-term;MT=Variable	UM171
NB4-UM171-4	Homo sapiens	bone marrow	myeloid cell	4	acute myeloid leukemia	cell line	UM171	23Y	female	NB4	NB4	CVCL_0005	NB4	UM171	0.1 uM	3 hour	220711_UM171_RCOR1_NB4_TMT10_F01_of_F13_R1-TMT128N	proteomic profiling by mass spectrometry	1	220711_UM171_RCOR1_NB4_TMT10_F01_of_F13_R1.raw	v1.1.0	NT=ms-proteomics;VV=v1.1.0	NT=human;VV=v1.1.0	NT=cell-lines;VV=v1.1.0	NT=clinical-metadata;VV=v1.0.0	manual curation	NT=Data-dependent acquisition;AC=PRIDE:0000627	NT=Orbitrap Exploris 480;AC=MS:1003028	NT=Trypsin;AC=MS:1001251	TMT128N	1	NT=higher energy beam-type collision-induced dissociation;AC=MS:1000422	NT=Carbamidomethyl;AC=UNIMOD:4;TA=C;MT=Fixed	NT=TMT6plex;AC=UNIMOD:737;TA=K;MT=Fixed	NT=TMT6plex;AC=UNIMOD:737;PP=Any N-term;MT=Fixed	NT=Oxidation;AC=UNIMOD:35;TA=M;MT=Variable	NT=Acetyl;AC=UNIMOD:1;PP=Protein N-term;MT=Variable	UM171
NB4-UM171-4	Homo sapiens	bone marrow	myeloid cell	4	acute myeloid leukemia	cell line	UM171	23Y	female	NB4	NB4	CVCL_0005	NB4	UM171	0.1 uM	3 hour	220711_UM171_RCOR1_NB4_TMT10_F02_of_F13_R1-TMT128N	proteomic profiling by mass spectrometry	1	220711_UM171_RCOR1_NB4_TMT10_F02_of_F13_R1.raw	v1.1.0	NT=ms-proteomics;VV=v1.1.0	NT=human;VV=v1.1.0	NT=cell-lines;VV=v1.1.0	NT=clinical-metadata;VV=v1.0.0	manual curation	NT=Data-dependent acquisition;AC=PRIDE:0000627	NT=Orbitrap Exploris 480;AC=MS:1003028	NT=Trypsin;AC=MS:1001251	TMT128N	2	NT=higher energy beam-type collision-induced dissociation;AC=MS:1000422	NT=Carbamidomethyl;AC=UNIMOD:4;TA=C;MT=Fixed	NT=TMT6plex;AC=UNIMOD:737;TA=K;MT=Fixed	NT=TMT6plex;AC=UNIMOD:737;PP=Any N-term;MT=Fixed	NT=Oxidation;AC=UNIMOD:35;TA=M;MT=Variable	NT=Acetyl;AC=UNIMOD:1;PP=Protein N-term;MT=Variable	UM171
NB4-UM171-4	Homo sapiens	bone marrow	myeloid cell	4	acute myeloid leukemia	cell line	UM171	23Y	female	NB4	NB4	CVCL_0005	NB4	UM171	0.1 uM	3 hour	220711_UM171_RCOR1_NB4_TMT10_F03_of_F13_R1-TMT128N	proteomic profiling by mass spectrometry	1	220711_UM171_RCOR1_NB4_TMT10_F03_of_F13_R1.raw	v1.1.0	NT=ms-proteomics;VV=v1.1.0	NT=human;VV=v1.1.0	NT=cell-lines;VV=v1.1.0	NT=clinical-metadata;VV=v1.0.0	manual curation	NT=Data-dependent acquisition;AC=PRIDE:0000627	NT=Orbitrap Exploris 480;AC=MS:1003028	NT=Trypsin;AC=MS:1001251	TMT128N	3	NT=higher energy beam-type collision-induced dissociation;AC=MS:1000422	NT=Carbamidomethyl;AC=UNIMOD:4;TA=C;MT=Fixed	NT=TMT6plex;AC=UNIMOD:737;TA=K;MT=Fixed	NT=TMT6plex;AC=UNIMOD:737;PP=Any N-term;MT=Fixed	NT=Oxidation;AC=UNIMOD:35;TA=M;MT=Variable	NT=Acetyl;AC=UNIMOD:1;PP=Protein N-term;MT=Variable	UM171
NB4-UM171-4	Homo sapiens	bone marrow	myeloid cell	4	acute myeloid leukemia	cell line	UM171	23Y	female	NB4	NB4	CVCL_0005	NB4	UM171	0.1 uM	3 hour	220711_UM171_RCOR1_NB4_TMT10_F04_of_F13_R1-TMT128N	proteomic profiling by mass spectrometry	1	220711_UM171_RCOR1_NB4_TMT10_F04_of_F13_R1.raw	v1.1.0	NT=ms-proteomics;VV=v1.1.0	NT=human;VV=v1.1.0	NT=cell-lines;VV=v1.1.0	NT=clinical-metadata;VV=v1.0.0	manual curation	NT=Data-dependent acquisition;AC=PRIDE:0000627	NT=Orbitrap Exploris 480;AC=MS:1003028	NT=Trypsin;AC=MS:1001251	TMT128N	4	NT=higher energy beam-type collision-induced dissociation;AC=MS:1000422	NT=Carbamidomethyl;AC=UNIMOD:4;TA=C;MT=Fixed	NT=TMT6plex;AC=UNIMOD:737;TA=K;MT=Fixed	NT=TMT6plex;AC=UNIMOD:737;PP=Any N-term;MT=Fixed	NT=Oxidation;AC=UNIMOD:35;TA=M;MT=Variable	NT=Acetyl;AC=UNIMOD:1;PP=Protein N-term;MT=Variable	UM171
NB4-UM171-4	Homo sapiens	bone marrow	myeloid cell	4	acute myeloid leukemia	cell line	UM171	23Y	female	NB4	NB4	CVCL_0005	NB4	UM171	0.1 uM	3 hour	220711_UM171_RCOR1_NB4_TMT10_F05_of_F13_R1-TMT128N	proteomic profiling by mass spectrometry	1	220711_UM171_RCOR1_NB4_TMT10_F05_of_F13_R1.raw	v1.1.0	NT=ms-proteomics;VV=v1.1.0	NT=human;VV=v1.1.0	NT=cell-lines;VV=v1.1.0	NT=clinical-metadata;VV=v1.0.0	manual curation	NT=Data-dependent acquisition;AC=PRIDE:0000627	NT=Orbitrap Exploris 480;AC=MS:1003028	NT=Trypsin;AC=MS:1001251	TMT128N	5	NT=higher energy beam-type collision-induced dissociation;AC=MS:1000422	NT=Carbamidomethyl;AC=UNIMOD:4;TA=C;MT=Fixed	NT=TMT6plex;AC=UNIMOD:737;TA=K;MT=Fixed	NT=TMT6plex;AC=UNIMOD:737;PP=Any N-term;MT=Fixed	NT=Oxidation;AC=UNIMOD:35;TA=M;MT=Variable	NT=Acetyl;AC=UNIMOD:1;PP=Protein N-term;MT=Variable	UM171
NB4-UM171-4	Homo sapiens	bone marrow	myeloid cell	4	acute myeloid leukemia	cell line	UM171	23Y	female	NB4	NB4	CVCL_0005	NB4	UM171	0.1 uM	3 hour	220711_UM171_RCOR1_NB4_TMT10_F06_of_F13_R1-TMT128N	proteomic profiling by mass spectrometry	1	220711_UM171_RCOR1_NB4_TMT10_F06_of_F13_R1.raw	v1.1.0	NT=ms-proteomics;VV=v1.1.0	NT=human;VV=v1.1.0	NT=cell-lines;VV=v1.1.0	NT=clinical-metadata;VV=v1.0.0	manual curation	NT=Data-dependent acquisition;AC=PRIDE:0000627	NT=Orbitrap Exploris 480;AC=MS:1003028	NT=Trypsin;AC=MS:1001251	TMT128N	6	NT=higher energy beam-type collision-induced dissociation;AC=MS:1000422	NT=Carbamidomethyl;AC=UNIMOD:4;TA=C;MT=Fixed	NT=TMT6plex;AC=UNIMOD:737;TA=K;MT=Fixed	NT=TMT6plex;AC=UNIMOD:737;PP=Any N-term;MT=Fixed	NT=Oxidation;AC=UNIMOD:35;TA=M;MT=Variable	NT=Acetyl;AC=UNIMOD:1;PP=Protein N-term;MT=Variable	UM171
NB4-UM171-4	Homo sapiens	bone marrow	myeloid cell	4	acute myeloid leukemia	cell line	UM171	23Y	female	NB4	NB4	CVCL_0005	NB4	UM171	0.1 uM	3 hour	220711_UM171_RCOR1_NB4_TMT10_F07_of_F13_R1-TMT128N	proteomic profiling by mass spectrometry	1	220711_UM171_RCOR1_NB4_TMT10_F07_of_F13_R1.raw	v1.1.0	NT=ms-proteomics;VV=v1.1.0	NT=human;VV=v1.1.0	NT=cell-lines;VV=v1.1.0	NT=clinical-metadata;VV=v1.0.0	manual curation	NT=Data-dependent acquisition;AC=PRIDE:0000627	NT=Orbitrap Exploris 480;AC=MS:1003028	NT=Trypsin;AC=MS:1001251	TMT128N	7	NT=higher energy beam-type collision-induced dissociation;AC=MS:1000422	NT=Carbamidomethyl;AC=UNIMOD:4;TA=C;MT=Fixed	NT=TMT6plex;AC=UNIMOD:737;TA=K;MT=Fixed	NT=TMT6plex;AC=UNIMOD:737;PP=Any N-term;MT=Fixed	NT=Oxidation;AC=UNIMOD:35;TA=M;MT=Variable	NT=Acetyl;AC=UNIMOD:1;PP=Protein N-term;MT=Variable	UM171
NB4-UM171-4	Homo sapiens	bone marrow	myeloid cell	4	acute myeloid leukemia	cell line	UM171	23Y	female	NB4	NB4	CVCL_0005	NB4	UM171	0.1 uM	3 hour	220711_UM171_RCOR1_NB4_TMT10_F08_of_F13_R1-TMT128N	proteomic profiling by mass spectrometry	1	220711_UM171_RCOR1_NB4_TMT10_F08_of_F13_R1.raw	v1.1.0	NT=ms-proteomics;VV=v1.1.0	NT=human;VV=v1.1.0	NT=cell-lines;VV=v1.1.0	NT=clinical-metadata;VV=v1.0.0	manual curation	NT=Data-dependent acquisition;AC=PRIDE:0000627	NT=Orbitrap Exploris 480;AC=MS:1003028	NT=Trypsin;AC=MS:1001251	TMT128N	8	NT=higher energy beam-type collision-induced dissociation;AC=MS:1000422	NT=Carbamidomethyl;AC=UNIMOD:4;TA=C;MT=Fixed	NT=TMT6plex;AC=UNIMOD:737;TA=K;MT=Fixed	NT=TMT6plex;AC=UNIMOD:737;PP=Any N-term;MT=Fixed	NT=Oxidation;AC=UNIMOD:35;TA=M;MT=Variable	NT=Acetyl;AC=UNIMOD:1;PP=Protein N-term;MT=Variable	UM171
NB4-UM171-4	Homo sapiens	bone marrow	myeloid cell	4	acute myeloid leukemia	cell line	UM171	23Y	female	NB4	NB4	CVCL_0005	NB4	UM171	0.1 uM	3 hour	220711_UM171_RCOR1_NB4_TMT10_F09_of_F13_R1-TMT128N	proteomic profiling by mass spectrometry	1	220711_UM171_RCOR1_NB4_TMT10_F09_of_F13_R1.raw	v1.1.0	NT=ms-proteomics;VV=v1.1.0	NT=human;VV=v1.1.0	NT=cell-lines;VV=v1.1.0	NT=clinical-metadata;VV=v1.0.0	manual curation	NT=Data-dependent acquisition;AC=PRIDE:0000627	NT=Orbitrap Exploris 480;AC=MS:1003028	NT=Trypsin;AC=MS:1001251	TMT128N	9	NT=higher energy beam-type collision-induced dissociation;AC=MS:1000422	NT=Carbamidomethyl;AC=UNIMOD:4;TA=C;MT=Fixed	NT=TMT6plex;AC=UNIMOD:737;TA=K;MT=Fixed	NT=TMT6plex;AC=UNIMOD:737;PP=Any N-term;MT=Fixed	NT=Oxidation;AC=UNIMOD:35;TA=M;MT=Variable	NT=Acetyl;AC=UNIMOD:1;PP=Protein N-term;MT=Variable	UM171
NB4-UM171-4	Homo sapiens	bone marrow	myeloid cell	4	acute myeloid leukemia	cell line	UM171	23Y	female	NB4	NB4	CVCL_0005	NB4	UM171	0.1 uM	3 hour	220711_UM171_RCOR1_NB4_TMT10_F10_of_F13_R1-TMT128N	proteomic profiling by mass spectrometry	1	220711_UM171_RCOR1_NB4_TMT10_F10_of_F13_R1.raw	v1.1.0	NT=ms-proteomics;VV=v1.1.0	NT=human;VV=v1.1.0	NT=cell-lines;VV=v1.1.0	NT=clinical-metadata;VV=v1.0.0	manual curation	NT=Data-dependent acquisition;AC=PRIDE:0000627	NT=Orbitrap Exploris 480;AC=MS:1003028	NT=Trypsin;AC=MS:1001251	TMT128N	10	NT=higher energy beam-type collision-induced dissociation;AC=MS:1000422	NT=Carbamidomethyl;AC=UNIMOD:4;TA=C;MT=Fixed	NT=TMT6plex;AC=UNIMOD:737;TA=K;MT=Fixed	NT=TMT6plex;AC=UNIMOD:737;PP=Any N-term;MT=Fixed	NT=Oxidation;AC=UNIMOD:35;TA=M;MT=Variable	NT=Acetyl;AC=UNIMOD:1;PP=Protein N-term;MT=Variable	UM171
NB4-UM171-4	Homo sapiens	bone marrow	myeloid cell	4	acute myeloid leukemia	cell line	UM171	23Y	female	NB4	NB4	CVCL_0005	NB4	UM171	0.1 uM	3 hour	220711_UM171_RCOR1_NB4_TMT10_F11_of_F13_R1-TMT128N	proteomic profiling by mass spectrometry	1	220711_UM171_RCOR1_NB4_TMT10_F11_of_F13_R1.raw	v1.1.0	NT=ms-proteomics;VV=v1.1.0	NT=human;VV=v1.1.0	NT=cell-lines;VV=v1.1.0	NT=clinical-metadata;VV=v1.0.0	manual curation	NT=Data-dependent acquisition;AC=PRIDE:0000627	NT=Orbitrap Exploris 480;AC=MS:1003028	NT=Trypsin;AC=MS:1001251	TMT128N	11	NT=higher energy beam-type collision-induced dissociation;AC=MS:1000422	NT=Carbamidomethyl;AC=UNIMOD:4;TA=C;MT=Fixed	NT=TMT6plex;AC=UNIMOD:737;TA=K;MT=Fixed	NT=TMT6plex;AC=UNIMOD:737;PP=Any N-term;MT=Fixed	NT=Oxidation;AC=UNIMOD:35;TA=M;MT=Variable	NT=Acetyl;AC=UNIMOD:1;PP=Protein N-term;MT=Variable	UM171
NB4-UM171-4	Homo sapiens	bone marrow	myeloid cell	4	acute myeloid leukemia	cell line	UM171	23Y	female	NB4	NB4	CVCL_0005	NB4	UM171	0.1 uM	3 hour	220819_UM171_RCOR1_NB4_TMT10_F12_of_F13_R1-TMT128N	proteomic profiling by mass spectrometry	1	220819_UM171_RCOR1_NB4_TMT10_F12_of_F13_R1.raw	v1.1.0	NT=ms-proteomics;VV=v1.1.0	NT=human;VV=v1.1.0	NT=cell-lines;VV=v1.1.0	NT=clinical-metadata;VV=v1.0.0	manual curation	NT=Data-dependent acquisition;AC=PRIDE:0000627	NT=Orbitrap Exploris 480;AC=MS:1003028	NT=Trypsin;AC=MS:1001251	TMT128N	12	NT=higher energy beam-type collision-induced dissociation;AC=MS:1000422	NT=Carbamidomethyl;AC=UNIMOD:4;TA=C;MT=Fixed	NT=TMT6plex;AC=UNIMOD:737;TA=K;MT=Fixed	NT=TMT6plex;AC=UNIMOD:737;PP=Any N-term;MT=Fixed	NT=Oxidation;AC=UNIMOD:35;TA=M;MT=Variable	NT=Acetyl;AC=UNIMOD:1;PP=Protein N-term;MT=Variable	UM171
NB4-UM171-4	Homo sapiens	bone marrow	myeloid cell	4	acute myeloid leukemia	cell line	UM171	23Y	female	NB4	NB4	CVCL_0005	NB4	UM171	0.1 uM	3 hour	220819_UM171_RCOR1_NB4_TMT10_F13_of_F13_R1-TMT128N	proteomic profiling by mass spectrometry	1	220819_UM171_RCOR1_NB4_TMT10_F13_of_F13_R1.raw	v1.1.0	NT=ms-proteomics;VV=v1.1.0	NT=human;VV=v1.1.0	NT=cell-lines;VV=v1.1.0	NT=clinical-metadata;VV=v1.0.0	manual curation	NT=Data-dependent acquisition;AC=PRIDE:0000627	NT=Orbitrap Exploris 480;AC=MS:1003028	NT=Trypsin;AC=MS:1001251	TMT128N	13	NT=higher energy beam-type collision-induced dissociation;AC=MS:1000422	NT=Carbamidomethyl;AC=UNIMOD:4;TA=C;MT=Fixed	NT=TMT6plex;AC=UNIMOD:737;TA=K;MT=Fixed	NT=TMT6plex;AC=UNIMOD:737;PP=Any N-term;MT=Fixed	NT=Oxidation;AC=UNIMOD:35;TA=M;MT=Variable	NT=Acetyl;AC=UNIMOD:1;PP=Protein N-term;MT=Variable	UM171
NB4-UM171-5	Homo sapiens	bone marrow	myeloid cell	5	acute myeloid leukemia	cell line	UM171	23Y	female	NB4	NB4	CVCL_0005	NB4	UM171	0.1 uM	3 hour	220711_UM171_RCOR1_NB4_TMT10_F01_of_F13_R1-TMT128C	proteomic profiling by mass spectrometry	1	220711_UM171_RCOR1_NB4_TMT10_F01_of_F13_R1.raw	v1.1.0	NT=ms-proteomics;VV=v1.1.0	NT=human;VV=v1.1.0	NT=cell-lines;VV=v1.1.0	NT=clinical-metadata;VV=v1.0.0	manual curation	NT=Data-dependent acquisition;AC=PRIDE:0000627	NT=Orbitrap Exploris 480;AC=MS:1003028	NT=Trypsin;AC=MS:1001251	TMT128C	1	NT=higher energy beam-type collision-induced dissociation;AC=MS:1000422	NT=Carbamidomethyl;AC=UNIMOD:4;TA=C;MT=Fixed	NT=TMT6plex;AC=UNIMOD:737;TA=K;MT=Fixed	NT=TMT6plex;AC=UNIMOD:737;PP=Any N-term;MT=Fixed	NT=Oxidation;AC=UNIMOD:35;TA=M;MT=Variable	NT=Acetyl;AC=UNIMOD:1;PP=Protein N-term;MT=Variable	UM171
NB4-UM171-5	Homo sapiens	bone marrow	myeloid cell	5	acute myeloid leukemia	cell line	UM171	23Y	female	NB4	NB4	CVCL_0005	NB4	UM171	0.1 uM	3 hour	220711_UM171_RCOR1_NB4_TMT10_F02_of_F13_R1-TMT128C	proteomic profiling by mass spectrometry	1	220711_UM171_RCOR1_NB4_TMT10_F02_of_F13_R1.raw	v1.1.0	NT=ms-proteomics;VV=v1.1.0	NT=human;VV=v1.1.0	NT=cell-lines;VV=v1.1.0	NT=clinical-metadata;VV=v1.0.0	manual curation	NT=Data-dependent acquisition;AC=PRIDE:0000627	NT=Orbitrap Exploris 480;AC=MS:1003028	NT=Trypsin;AC=MS:1001251	TMT128C	2	NT=higher energy beam-type collision-induced dissociation;AC=MS:1000422	NT=Carbamidomethyl;AC=UNIMOD:4;TA=C;MT=Fixed	NT=TMT6plex;AC=UNIMOD:737;TA=K;MT=Fixed	NT=TMT6plex;AC=UNIMOD:737;PP=Any N-term;MT=Fixed	NT=Oxidation;AC=UNIMOD:35;TA=M;MT=Variable	NT=Acetyl;AC=UNIMOD:1;PP=Protein N-term;MT=Variable	UM171
NB4-UM171-5	Homo sapiens	bone marrow	myeloid cell	5	acute myeloid leukemia	cell line	UM171	23Y	female	NB4	NB4	CVCL_0005	NB4	UM171	0.1 uM	3 hour	220711_UM171_RCOR1_NB4_TMT10_F03_of_F13_R1-TMT128C	proteomic profiling by mass spectrometry	1	220711_UM171_RCOR1_NB4_TMT10_F03_of_F13_R1.raw	v1.1.0	NT=ms-proteomics;VV=v1.1.0	NT=human;VV=v1.1.0	NT=cell-lines;VV=v1.1.0	NT=clinical-metadata;VV=v1.0.0	manual curation	NT=Data-dependent acquisition;AC=PRIDE:0000627	NT=Orbitrap Exploris 480;AC=MS:1003028	NT=Trypsin;AC=MS:1001251	TMT128C	3	NT=higher energy beam-type collision-induced dissociation;AC=MS:1000422	NT=Carbamidomethyl;AC=UNIMOD:4;TA=C;MT=Fixed	NT=TMT6plex;AC=UNIMOD:737;TA=K;MT=Fixed	NT=TMT6plex;AC=UNIMOD:737;PP=Any N-term;MT=Fixed	NT=Oxidation;AC=UNIMOD:35;TA=M;MT=Variable	NT=Acetyl;AC=UNIMOD:1;PP=Protein N-term;MT=Variable	UM171
NB4-UM171-5	Homo sapiens	bone marrow	myeloid cell	5	acute myeloid leukemia	cell line	UM171	23Y	female	NB4	NB4	CVCL_0005	NB4	UM171	0.1 uM	3 hour	220711_UM171_RCOR1_NB4_TMT10_F04_of_F13_R1-TMT128C	proteomic profiling by mass spectrometry	1	220711_UM171_RCOR1_NB4_TMT10_F04_of_F13_R1.raw	v1.1.0	NT=ms-proteomics;VV=v1.1.0	NT=human;VV=v1.1.0	NT=cell-lines;VV=v1.1.0	NT=clinical-metadata;VV=v1.0.0	manual curation	NT=Data-dependent acquisition;AC=PRIDE:0000627	NT=Orbitrap Exploris 480;AC=MS:1003028	NT=Trypsin;AC=MS:1001251	TMT128C	4	NT=higher energy beam-type collision-induced dissociation;AC=MS:1000422	NT=Carbamidomethyl;AC=UNIMOD:4;TA=C;MT=Fixed	NT=TMT6plex;AC=UNIMOD:737;TA=K;MT=Fixed	NT=TMT6plex;AC=UNIMOD:737;PP=Any N-term;MT=Fixed	NT=Oxidation;AC=UNIMOD:35;TA=M;MT=Variable	NT=Acetyl;AC=UNIMOD:1;PP=Protein N-term;MT=Variable	UM171
NB4-UM171-5	Homo sapiens	bone marrow	myeloid cell	5	acute myeloid leukemia	cell line	UM171	23Y	female	NB4	NB4	CVCL_0005	NB4	UM171	0.1 uM	3 hour	220711_UM171_RCOR1_NB4_TMT10_F05_of_F13_R1-TMT128C	proteomic profiling by mass spectrometry	1	220711_UM171_RCOR1_NB4_TMT10_F05_of_F13_R1.raw	v1.1.0	NT=ms-proteomics;VV=v1.1.0	NT=human;VV=v1.1.0	NT=cell-lines;VV=v1.1.0	NT=clinical-metadata;VV=v1.0.0	manual curation	NT=Data-dependent acquisition;AC=PRIDE:0000627	NT=Orbitrap Exploris 480;AC=MS:1003028	NT=Trypsin;AC=MS:1001251	TMT128C	5	NT=higher energy beam-type collision-induced dissociation;AC=MS:1000422	NT=Carbamidomethyl;AC=UNIMOD:4;TA=C;MT=Fixed	NT=TMT6plex;AC=UNIMOD:737;TA=K;MT=Fixed	NT=TMT6plex;AC=UNIMOD:737;PP=Any N-term;MT=Fixed	NT=Oxidation;AC=UNIMOD:35;TA=M;MT=Variable	NT=Acetyl;AC=UNIMOD:1;PP=Protein N-term;MT=Variable	UM171
NB4-UM171-5	Homo sapiens	bone marrow	myeloid cell	5	acute myeloid leukemia	cell line	UM171	23Y	female	NB4	NB4	CVCL_0005	NB4	UM171	0.1 uM	3 hour	220711_UM171_RCOR1_NB4_TMT10_F06_of_F13_R1-TMT128C	proteomic profiling by mass spectrometry	1	220711_UM171_RCOR1_NB4_TMT10_F06_of_F13_R1.raw	v1.1.0	NT=ms-proteomics;VV=v1.1.0	NT=human;VV=v1.1.0	NT=cell-lines;VV=v1.1.0	NT=clinical-metadata;VV=v1.0.0	manual curation	NT=Data-dependent acquisition;AC=PRIDE:0000627	NT=Orbitrap Exploris 480;AC=MS:1003028	NT=Trypsin;AC=MS:1001251	TMT128C	6	NT=higher energy beam-type collision-induced dissociation;AC=MS:1000422	NT=Carbamidomethyl;AC=UNIMOD:4;TA=C;MT=Fixed	NT=TMT6plex;AC=UNIMOD:737;TA=K;MT=Fixed	NT=TMT6plex;AC=UNIMOD:737;PP=Any N-term;MT=Fixed	NT=Oxidation;AC=UNIMOD:35;TA=M;MT=Variable	NT=Acetyl;AC=UNIMOD:1;PP=Protein N-term;MT=Variable	UM171
NB4-UM171-5	Homo sapiens	bone marrow	myeloid cell	5	acute myeloid leukemia	cell line	UM171	23Y	female	NB4	NB4	CVCL_0005	NB4	UM171	0.1 uM	3 hour	220711_UM171_RCOR1_NB4_TMT10_F07_of_F13_R1-TMT128C	proteomic profiling by mass spectrometry	1	220711_UM171_RCOR1_NB4_TMT10_F07_of_F13_R1.raw	v1.1.0	NT=ms-proteomics;VV=v1.1.0	NT=human;VV=v1.1.0	NT=cell-lines;VV=v1.1.0	NT=clinical-metadata;VV=v1.0.0	manual curation	NT=Data-dependent acquisition;AC=PRIDE:0000627	NT=Orbitrap Exploris 480;AC=MS:1003028	NT=Trypsin;AC=MS:1001251	TMT128C	7	NT=higher energy beam-type collision-induced dissociation;AC=MS:1000422	NT=Carbamidomethyl;AC=UNIMOD:4;TA=C;MT=Fixed	NT=TMT6plex;AC=UNIMOD:737;TA=K;MT=Fixed	NT=TMT6plex;AC=UNIMOD:737;PP=Any N-term;MT=Fixed	NT=Oxidation;AC=UNIMOD:35;TA=M;MT=Variable	NT=Acetyl;AC=UNIMOD:1;PP=Protein N-term;MT=Variable	UM171
NB4-UM171-5	Homo sapiens	bone marrow	myeloid cell	5	acute myeloid leukemia	cell line	UM171	23Y	female	NB4	NB4	CVCL_0005	NB4	UM171	0.1 uM	3 hour	220711_UM171_RCOR1_NB4_TMT10_F08_of_F13_R1-TMT128C	proteomic profiling by mass spectrometry	1	220711_UM171_RCOR1_NB4_TMT10_F08_of_F13_R1.raw	v1.1.0	NT=ms-proteomics;VV=v1.1.0	NT=human;VV=v1.1.0	NT=cell-lines;VV=v1.1.0	NT=clinical-metadata;VV=v1.0.0	manual curation	NT=Data-dependent acquisition;AC=PRIDE:0000627	NT=Orbitrap Exploris 480;AC=MS:1003028	NT=Trypsin;AC=MS:1001251	TMT128C	8	NT=higher energy beam-type collision-induced dissociation;AC=MS:1000422	NT=Carbamidomethyl;AC=UNIMOD:4;TA=C;MT=Fixed	NT=TMT6plex;AC=UNIMOD:737;TA=K;MT=Fixed	NT=TMT6plex;AC=UNIMOD:737;PP=Any N-term;MT=Fixed	NT=Oxidation;AC=UNIMOD:35;TA=M;MT=Variable	NT=Acetyl;AC=UNIMOD:1;PP=Protein N-term;MT=Variable	UM171
NB4-UM171-5	Homo sapiens	bone marrow	myeloid cell	5	acute myeloid leukemia	cell line	UM171	23Y	female	NB4	NB4	CVCL_0005	NB4	UM171	0.1 uM	3 hour	220711_UM171_RCOR1_NB4_TMT10_F09_of_F13_R1-TMT128C	proteomic profiling by mass spectrometry	1	220711_UM171_RCOR1_NB4_TMT10_F09_of_F13_R1.raw	v1.1.0	NT=ms-proteomics;VV=v1.1.0	NT=human;VV=v1.1.0	NT=cell-lines;VV=v1.1.0	NT=clinical-metadata;VV=v1.0.0	manual curation	NT=Data-dependent acquisition;AC=PRIDE:0000627	NT=Orbitrap Exploris 480;AC=MS:1003028	NT=Trypsin;AC=MS:1001251	TMT128C	9	NT=higher energy beam-type collision-induced dissociation;AC=MS:1000422	NT=Carbamidomethyl;AC=UNIMOD:4;TA=C;MT=Fixed	NT=TMT6plex;AC=UNIMOD:737;TA=K;MT=Fixed	NT=TMT6plex;AC=UNIMOD:737;PP=Any N-term;MT=Fixed	NT=Oxidation;AC=UNIMOD:35;TA=M;MT=Variable	NT=Acetyl;AC=UNIMOD:1;PP=Protein N-term;MT=Variable	UM171
NB4-UM171-5	Homo sapiens	bone marrow	myeloid cell	5	acute myeloid leukemia	cell line	UM171	23Y	female	NB4	NB4	CVCL_0005	NB4	UM171	0.1 uM	3 hour	220711_UM171_RCOR1_NB4_TMT10_F10_of_F13_R1-TMT128C	proteomic profiling by mass spectrometry	1	220711_UM171_RCOR1_NB4_TMT10_F10_of_F13_R1.raw	v1.1.0	NT=ms-proteomics;VV=v1.1.0	NT=human;VV=v1.1.0	NT=cell-lines;VV=v1.1.0	NT=clinical-metadata;VV=v1.0.0	manual curation	NT=Data-dependent acquisition;AC=PRIDE:0000627	NT=Orbitrap Exploris 480;AC=MS:1003028	NT=Trypsin;AC=MS:1001251	TMT128C	10	NT=higher energy beam-type collision-induced dissociation;AC=MS:1000422	NT=Carbamidomethyl;AC=UNIMOD:4;TA=C;MT=Fixed	NT=TMT6plex;AC=UNIMOD:737;TA=K;MT=Fixed	NT=TMT6plex;AC=UNIMOD:737;PP=Any N-term;MT=Fixed	NT=Oxidation;AC=UNIMOD:35;TA=M;MT=Variable	NT=Acetyl;AC=UNIMOD:1;PP=Protein N-term;MT=Variable	UM171
NB4-UM171-5	Homo sapiens	bone marrow	myeloid cell	5	acute myeloid leukemia	cell line	UM171	23Y	female	NB4	NB4	CVCL_0005	NB4	UM171	0.1 uM	3 hour	220711_UM171_RCOR1_NB4_TMT10_F11_of_F13_R1-TMT128C	proteomic profiling by mass spectrometry	1	220711_UM171_RCOR1_NB4_TMT10_F11_of_F13_R1.raw	v1.1.0	NT=ms-proteomics;VV=v1.1.0	NT=human;VV=v1.1.0	NT=cell-lines;VV=v1.1.0	NT=clinical-metadata;VV=v1.0.0	manual curation	NT=Data-dependent acquisition;AC=PRIDE:0000627	NT=Orbitrap Exploris 480;AC=MS:1003028	NT=Trypsin;AC=MS:1001251	TMT128C	11	NT=higher energy beam-type collision-induced dissociation;AC=MS:1000422	NT=Carbamidomethyl;AC=UNIMOD:4;TA=C;MT=Fixed	NT=TMT6plex;AC=UNIMOD:737;TA=K;MT=Fixed	NT=TMT6plex;AC=UNIMOD:737;PP=Any N-term;MT=Fixed	NT=Oxidation;AC=UNIMOD:35;TA=M;MT=Variable	NT=Acetyl;AC=UNIMOD:1;PP=Protein N-term;MT=Variable	UM171
NB4-UM171-5	Homo sapiens	bone marrow	myeloid cell	5	acute myeloid leukemia	cell line	UM171	23Y	female	NB4	NB4	CVCL_0005	NB4	UM171	0.1 uM	3 hour	220819_UM171_RCOR1_NB4_TMT10_F12_of_F13_R1-TMT128C	proteomic profiling by mass spectrometry	1	220819_UM171_RCOR1_NB4_TMT10_F12_of_F13_R1.raw	v1.1.0	NT=ms-proteomics;VV=v1.1.0	NT=human;VV=v1.1.0	NT=cell-lines;VV=v1.1.0	NT=clinical-metadata;VV=v1.0.0	manual curation	NT=Data-dependent acquisition;AC=PRIDE:0000627	NT=Orbitrap Exploris 480;AC=MS:1003028	NT=Trypsin;AC=MS:1001251	TMT128C	12	NT=higher energy beam-type collision-induced dissociation;AC=MS:1000422	NT=Carbamidomethyl;AC=UNIMOD:4;TA=C;MT=Fixed	NT=TMT6plex;AC=UNIMOD:737;TA=K;MT=Fixed	NT=TMT6plex;AC=UNIMOD:737;PP=Any N-term;MT=Fixed	NT=Oxidation;AC=UNIMOD:35;TA=M;MT=Variable	NT=Acetyl;AC=UNIMOD:1;PP=Protein N-term;MT=Variable	UM171
NB4-UM171-5	Homo sapiens	bone marrow	myeloid cell	5	acute myeloid leukemia	cell line	UM171	23Y	female	NB4	NB4	CVCL_0005	NB4	UM171	0.1 uM	3 hour	220819_UM171_RCOR1_NB4_TMT10_F13_of_F13_R1-TMT128C	proteomic profiling by mass spectrometry	1	220819_UM171_RCOR1_NB4_TMT10_F13_of_F13_R1.raw	v1.1.0	NT=ms-proteomics;VV=v1.1.0	NT=human;VV=v1.1.0	NT=cell-lines;VV=v1.1.0	NT=clinical-metadata;VV=v1.0.0	manual curation	NT=Data-dependent acquisition;AC=PRIDE:0000627	NT=Orbitrap Exploris 480;AC=MS:1003028	NT=Trypsin;AC=MS:1001251	TMT128C	13	NT=higher energy beam-type collision-induced dissociation;AC=MS:1000422	NT=Carbamidomethyl;AC=UNIMOD:4;TA=C;MT=Fixed	NT=TMT6plex;AC=UNIMOD:737;TA=K;MT=Fixed	NT=TMT6plex;AC=UNIMOD:737;PP=Any N-term;MT=Fixed	NT=Oxidation;AC=UNIMOD:35;TA=M;MT=Variable	NT=Acetyl;AC=UNIMOD:1;PP=Protein N-term;MT=Variable	UM171
NB4-DMSO vehicle-1	Homo sapiens	bone marrow	myeloid cell	1	acute myeloid leukemia	cell line	DMSO vehicle	23Y	female	NB4	NB4	CVCL_0005	NB4	dimethyl sulfoxide	not available	3 hour	220711_UM171_RCOR1_NB4_TMT10_F01_of_F13_R1-TMT129N	proteomic profiling by mass spectrometry	1	220711_UM171_RCOR1_NB4_TMT10_F01_of_F13_R1.raw	v1.1.0	NT=ms-proteomics;VV=v1.1.0	NT=human;VV=v1.1.0	NT=cell-lines;VV=v1.1.0	NT=clinical-metadata;VV=v1.0.0	manual curation	NT=Data-dependent acquisition;AC=PRIDE:0000627	NT=Orbitrap Exploris 480;AC=MS:1003028	NT=Trypsin;AC=MS:1001251	TMT129N	1	NT=higher energy beam-type collision-induced dissociation;AC=MS:1000422	NT=Carbamidomethyl;AC=UNIMOD:4;TA=C;MT=Fixed	NT=TMT6plex;AC=UNIMOD:737;TA=K;MT=Fixed	NT=TMT6plex;AC=UNIMOD:737;PP=Any N-term;MT=Fixed	NT=Oxidation;AC=UNIMOD:35;TA=M;MT=Variable	NT=Acetyl;AC=UNIMOD:1;PP=Protein N-term;MT=Variable	DMSO vehicle
NB4-DMSO vehicle-1	Homo sapiens	bone marrow	myeloid cell	1	acute myeloid leukemia	cell line	DMSO vehicle	23Y	female	NB4	NB4	CVCL_0005	NB4	dimethyl sulfoxide	not available	3 hour	220711_UM171_RCOR1_NB4_TMT10_F02_of_F13_R1-TMT129N	proteomic profiling by mass spectrometry	1	220711_UM171_RCOR1_NB4_TMT10_F02_of_F13_R1.raw	v1.1.0	NT=ms-proteomics;VV=v1.1.0	NT=human;VV=v1.1.0	NT=cell-lines;VV=v1.1.0	NT=clinical-metadata;VV=v1.0.0	manual curation	NT=Data-dependent acquisition;AC=PRIDE:0000627	NT=Orbitrap Exploris 480;AC=MS:1003028	NT=Trypsin;AC=MS:1001251	TMT129N	2	NT=higher energy beam-type collision-induced dissociation;AC=MS:1000422	NT=Carbamidomethyl;AC=UNIMOD:4;TA=C;MT=Fixed	NT=TMT6plex;AC=UNIMOD:737;TA=K;MT=Fixed	NT=TMT6plex;AC=UNIMOD:737;PP=Any N-term;MT=Fixed	NT=Oxidation;AC=UNIMOD:35;TA=M;MT=Variable	NT=Acetyl;AC=UNIMOD:1;PP=Protein N-term;MT=Variable	DMSO vehicle
NB4-DMSO vehicle-1	Homo sapiens	bone marrow	myeloid cell	1	acute myeloid leukemia	cell line	DMSO vehicle	23Y	female	NB4	NB4	CVCL_0005	NB4	dimethyl sulfoxide	not available	3 hour	220711_UM171_RCOR1_NB4_TMT10_F03_of_F13_R1-TMT129N	proteomic profiling by mass spectrometry	1	220711_UM171_RCOR1_NB4_TMT10_F03_of_F13_R1.raw	v1.1.0	NT=ms-proteomics;VV=v1.1.0	NT=human;VV=v1.1.0	NT=cell-lines;VV=v1.1.0	NT=clinical-metadata;VV=v1.0.0	manual curation	NT=Data-dependent acquisition;AC=PRIDE:0000627	NT=Orbitrap Exploris 480;AC=MS:1003028	NT=Trypsin;AC=MS:1001251	TMT129N	3	NT=higher energy beam-type collision-induced dissociation;AC=MS:1000422	NT=Carbamidomethyl;AC=UNIMOD:4;TA=C;MT=Fixed	NT=TMT6plex;AC=UNIMOD:737;TA=K;MT=Fixed	NT=TMT6plex;AC=UNIMOD:737;PP=Any N-term;MT=Fixed	NT=Oxidation;AC=UNIMOD:35;TA=M;MT=Variable	NT=Acetyl;AC=UNIMOD:1;PP=Protein N-term;MT=Variable	DMSO vehicle
NB4-DMSO vehicle-1	Homo sapiens	bone marrow	myeloid cell	1	acute myeloid leukemia	cell line	DMSO vehicle	23Y	female	NB4	NB4	CVCL_0005	NB4	dimethyl sulfoxide	not available	3 hour	220711_UM171_RCOR1_NB4_TMT10_F04_of_F13_R1-TMT129N	proteomic profiling by mass spectrometry	1	220711_UM171_RCOR1_NB4_TMT10_F04_of_F13_R1.raw	v1.1.0	NT=ms-proteomics;VV=v1.1.0	NT=human;VV=v1.1.0	NT=cell-lines;VV=v1.1.0	NT=clinical-metadata;VV=v1.0.0	manual curation	NT=Data-dependent acquisition;AC=PRIDE:0000627	NT=Orbitrap Exploris 480;AC=MS:1003028	NT=Trypsin;AC=MS:1001251	TMT129N	4	NT=higher energy beam-type collision-induced dissociation;AC=MS:1000422	NT=Carbamidomethyl;AC=UNIMOD:4;TA=C;MT=Fixed	NT=TMT6plex;AC=UNIMOD:737;TA=K;MT=Fixed	NT=TMT6plex;AC=UNIMOD:737;PP=Any N-term;MT=Fixed	NT=Oxidation;AC=UNIMOD:35;TA=M;MT=Variable	NT=Acetyl;AC=UNIMOD:1;PP=Protein N-term;MT=Variable	DMSO vehicle
NB4-DMSO vehicle-1	Homo sapiens	bone marrow	myeloid cell	1	acute myeloid leukemia	cell line	DMSO vehicle	23Y	female	NB4	NB4	CVCL_0005	NB4	dimethyl sulfoxide	not available	3 hour	220711_UM171_RCOR1_NB4_TMT10_F05_of_F13_R1-TMT129N	proteomic profiling by mass spectrometry	1	220711_UM171_RCOR1_NB4_TMT10_F05_of_F13_R1.raw	v1.1.0	NT=ms-proteomics;VV=v1.1.0	NT=human;VV=v1.1.0	NT=cell-lines;VV=v1.1.0	NT=clinical-metadata;VV=v1.0.0	manual curation	NT=Data-dependent acquisition;AC=PRIDE:0000627	NT=Orbitrap Exploris 480;AC=MS:1003028	NT=Trypsin;AC=MS:1001251	TMT129N	5	NT=higher energy beam-type collision-induced dissociation;AC=MS:1000422	NT=Carbamidomethyl;AC=UNIMOD:4;TA=C;MT=Fixed	NT=TMT6plex;AC=UNIMOD:737;TA=K;MT=Fixed	NT=TMT6plex;AC=UNIMOD:737;PP=Any N-term;MT=Fixed	NT=Oxidation;AC=UNIMOD:35;TA=M;MT=Variable	NT=Acetyl;AC=UNIMOD:1;PP=Protein N-term;MT=Variable	DMSO vehicle
NB4-DMSO vehicle-1	Homo sapiens	bone marrow	myeloid cell	1	acute myeloid leukemia	cell line	DMSO vehicle	23Y	female	NB4	NB4	CVCL_0005	NB4	dimethyl sulfoxide	not available	3 hour	220711_UM171_RCOR1_NB4_TMT10_F06_of_F13_R1-TMT129N	proteomic profiling by mass spectrometry	1	220711_UM171_RCOR1_NB4_TMT10_F06_of_F13_R1.raw	v1.1.0	NT=ms-proteomics;VV=v1.1.0	NT=human;VV=v1.1.0	NT=cell-lines;VV=v1.1.0	NT=clinical-metadata;VV=v1.0.0	manual curation	NT=Data-dependent acquisition;AC=PRIDE:0000627	NT=Orbitrap Exploris 480;AC=MS:1003028	NT=Trypsin;AC=MS:1001251	TMT129N	6	NT=higher energy beam-type collision-induced dissociation;AC=MS:1000422	NT=Carbamidomethyl;AC=UNIMOD:4;TA=C;MT=Fixed	NT=TMT6plex;AC=UNIMOD:737;TA=K;MT=Fixed	NT=TMT6plex;AC=UNIMOD:737;PP=Any N-term;MT=Fixed	NT=Oxidation;AC=UNIMOD:35;TA=M;MT=Variable	NT=Acetyl;AC=UNIMOD:1;PP=Protein N-term;MT=Variable	DMSO vehicle
NB4-DMSO vehicle-1	Homo sapiens	bone marrow	myeloid cell	1	acute myeloid leukemia	cell line	DMSO vehicle	23Y	female	NB4	NB4	CVCL_0005	NB4	dimethyl sulfoxide	not available	3 hour	220711_UM171_RCOR1_NB4_TMT10_F07_of_F13_R1-TMT129N	proteomic profiling by mass spectrometry	1	220711_UM171_RCOR1_NB4_TMT10_F07_of_F13_R1.raw	v1.1.0	NT=ms-proteomics;VV=v1.1.0	NT=human;VV=v1.1.0	NT=cell-lines;VV=v1.1.0	NT=clinical-metadata;VV=v1.0.0	manual curation	NT=Data-dependent acquisition;AC=PRIDE:0000627	NT=Orbitrap Exploris 480;AC=MS:1003028	NT=Trypsin;AC=MS:1001251	TMT129N	7	NT=higher energy beam-type collision-induced dissociation;AC=MS:1000422	NT=Carbamidomethyl;AC=UNIMOD:4;TA=C;MT=Fixed	NT=TMT6plex;AC=UNIMOD:737;TA=K;MT=Fixed	NT=TMT6plex;AC=UNIMOD:737;PP=Any N-term;MT=Fixed	NT=Oxidation;AC=UNIMOD:35;TA=M;MT=Variable	NT=Acetyl;AC=UNIMOD:1;PP=Protein N-term;MT=Variable	DMSO vehicle
NB4-DMSO vehicle-1	Homo sapiens	bone marrow	myeloid cell	1	acute myeloid leukemia	cell line	DMSO vehicle	23Y	female	NB4	NB4	CVCL_0005	NB4	dimethyl sulfoxide	not available	3 hour	220711_UM171_RCOR1_NB4_TMT10_F08_of_F13_R1-TMT129N	proteomic profiling by mass spectrometry	1	220711_UM171_RCOR1_NB4_TMT10_F08_of_F13_R1.raw	v1.1.0	NT=ms-proteomics;VV=v1.1.0	NT=human;VV=v1.1.0	NT=cell-lines;VV=v1.1.0	NT=clinical-metadata;VV=v1.0.0	manual curation	NT=Data-dependent acquisition;AC=PRIDE:0000627	NT=Orbitrap Exploris 480;AC=MS:1003028	NT=Trypsin;AC=MS:1001251	TMT129N	8	NT=higher energy beam-type collision-induced dissociation;AC=MS:1000422	NT=Carbamidomethyl;AC=UNIMOD:4;TA=C;MT=Fixed	NT=TMT6plex;AC=UNIMOD:737;TA=K;MT=Fixed	NT=TMT6plex;AC=UNIMOD:737;PP=Any N-term;MT=Fixed	NT=Oxidation;AC=UNIMOD:35;TA=M;MT=Variable	NT=Acetyl;AC=UNIMOD:1;PP=Protein N-term;MT=Variable	DMSO vehicle
NB4-DMSO vehicle-1	Homo sapiens	bone marrow	myeloid cell	1	acute myeloid leukemia	cell line	DMSO vehicle	23Y	female	NB4	NB4	CVCL_0005	NB4	dimethyl sulfoxide	not available	3 hour	220711_UM171_RCOR1_NB4_TMT10_F09_of_F13_R1-TMT129N	proteomic profiling by mass spectrometry	1	220711_UM171_RCOR1_NB4_TMT10_F09_of_F13_R1.raw	v1.1.0	NT=ms-proteomics;VV=v1.1.0	NT=human;VV=v1.1.0	NT=cell-lines;VV=v1.1.0	NT=clinical-metadata;VV=v1.0.0	manual curation	NT=Data-dependent acquisition;AC=PRIDE:0000627	NT=Orbitrap Exploris 480;AC=MS:1003028	NT=Trypsin;AC=MS:1001251	TMT129N	9	NT=higher energy beam-type collision-induced dissociation;AC=MS:1000422	NT=Carbamidomethyl;AC=UNIMOD:4;TA=C;MT=Fixed	NT=TMT6plex;AC=UNIMOD:737;TA=K;MT=Fixed	NT=TMT6plex;AC=UNIMOD:737;PP=Any N-term;MT=Fixed	NT=Oxidation;AC=UNIMOD:35;TA=M;MT=Variable	NT=Acetyl;AC=UNIMOD:1;PP=Protein N-term;MT=Variable	DMSO vehicle
NB4-DMSO vehicle-1	Homo sapiens	bone marrow	myeloid cell	1	acute myeloid leukemia	cell line	DMSO vehicle	23Y	female	NB4	NB4	CVCL_0005	NB4	dimethyl sulfoxide	not available	3 hour	220711_UM171_RCOR1_NB4_TMT10_F10_of_F13_R1-TMT129N	proteomic profiling by mass spectrometry	1	220711_UM171_RCOR1_NB4_TMT10_F10_of_F13_R1.raw	v1.1.0	NT=ms-proteomics;VV=v1.1.0	NT=human;VV=v1.1.0	NT=cell-lines;VV=v1.1.0	NT=clinical-metadata;VV=v1.0.0	manual curation	NT=Data-dependent acquisition;AC=PRIDE:0000627	NT=Orbitrap Exploris 480;AC=MS:1003028	NT=Trypsin;AC=MS:1001251	TMT129N	10	NT=higher energy beam-type collision-induced dissociation;AC=MS:1000422	NT=Carbamidomethyl;AC=UNIMOD:4;TA=C;MT=Fixed	NT=TMT6plex;AC=UNIMOD:737;TA=K;MT=Fixed	NT=TMT6plex;AC=UNIMOD:737;PP=Any N-term;MT=Fixed	NT=Oxidation;AC=UNIMOD:35;TA=M;MT=Variable	NT=Acetyl;AC=UNIMOD:1;PP=Protein N-term;MT=Variable	DMSO vehicle
NB4-DMSO vehicle-1	Homo sapiens	bone marrow	myeloid cell	1	acute myeloid leukemia	cell line	DMSO vehicle	23Y	female	NB4	NB4	CVCL_0005	NB4	dimethyl sulfoxide	not available	3 hour	220711_UM171_RCOR1_NB4_TMT10_F11_of_F13_R1-TMT129N	proteomic profiling by mass spectrometry	1	220711_UM171_RCOR1_NB4_TMT10_F11_of_F13_R1.raw	v1.1.0	NT=ms-proteomics;VV=v1.1.0	NT=human;VV=v1.1.0	NT=cell-lines;VV=v1.1.0	NT=clinical-metadata;VV=v1.0.0	manual curation	NT=Data-dependent acquisition;AC=PRIDE:0000627	NT=Orbitrap Exploris 480;AC=MS:1003028	NT=Trypsin;AC=MS:1001251	TMT129N	11	NT=higher energy beam-type collision-induced dissociation;AC=MS:1000422	NT=Carbamidomethyl;AC=UNIMOD:4;TA=C;MT=Fixed	NT=TMT6plex;AC=UNIMOD:737;TA=K;MT=Fixed	NT=TMT6plex;AC=UNIMOD:737;PP=Any N-term;MT=Fixed	NT=Oxidation;AC=UNIMOD:35;TA=M;MT=Variable	NT=Acetyl;AC=UNIMOD:1;PP=Protein N-term;MT=Variable	DMSO vehicle
NB4-DMSO vehicle-1	Homo sapiens	bone marrow	myeloid cell	1	acute myeloid leukemia	cell line	DMSO vehicle	23Y	female	NB4	NB4	CVCL_0005	NB4	dimethyl sulfoxide	not available	3 hour	220819_UM171_RCOR1_NB4_TMT10_F12_of_F13_R1-TMT129N	proteomic profiling by mass spectrometry	1	220819_UM171_RCOR1_NB4_TMT10_F12_of_F13_R1.raw	v1.1.0	NT=ms-proteomics;VV=v1.1.0	NT=human;VV=v1.1.0	NT=cell-lines;VV=v1.1.0	NT=clinical-metadata;VV=v1.0.0	manual curation	NT=Data-dependent acquisition;AC=PRIDE:0000627	NT=Orbitrap Exploris 480;AC=MS:1003028	NT=Trypsin;AC=MS:1001251	TMT129N	12	NT=higher energy beam-type collision-induced dissociation;AC=MS:1000422	NT=Carbamidomethyl;AC=UNIMOD:4;TA=C;MT=Fixed	NT=TMT6plex;AC=UNIMOD:737;TA=K;MT=Fixed	NT=TMT6plex;AC=UNIMOD:737;PP=Any N-term;MT=Fixed	NT=Oxidation;AC=UNIMOD:35;TA=M;MT=Variable	NT=Acetyl;AC=UNIMOD:1;PP=Protein N-term;MT=Variable	DMSO vehicle
NB4-DMSO vehicle-1	Homo sapiens	bone marrow	myeloid cell	1	acute myeloid leukemia	cell line	DMSO vehicle	23Y	female	NB4	NB4	CVCL_0005	NB4	dimethyl sulfoxide	not available	3 hour	220819_UM171_RCOR1_NB4_TMT10_F13_of_F13_R1-TMT129N	proteomic profiling by mass spectrometry	1	220819_UM171_RCOR1_NB4_TMT10_F13_of_F13_R1.raw	v1.1.0	NT=ms-proteomics;VV=v1.1.0	NT=human;VV=v1.1.0	NT=cell-lines;VV=v1.1.0	NT=clinical-metadata;VV=v1.0.0	manual curation	NT=Data-dependent acquisition;AC=PRIDE:0000627	NT=Orbitrap Exploris 480;AC=MS:1003028	NT=Trypsin;AC=MS:1001251	TMT129N	13	NT=higher energy beam-type collision-induced dissociation;AC=MS:1000422	NT=Carbamidomethyl;AC=UNIMOD:4;TA=C;MT=Fixed	NT=TMT6plex;AC=UNIMOD:737;TA=K;MT=Fixed	NT=TMT6plex;AC=UNIMOD:737;PP=Any N-term;MT=Fixed	NT=Oxidation;AC=UNIMOD:35;TA=M;MT=Variable	NT=Acetyl;AC=UNIMOD:1;PP=Protein N-term;MT=Variable	DMSO vehicle
NB4-DMSO vehicle-2	Homo sapiens	bone marrow	myeloid cell	2	acute myeloid leukemia	cell line	DMSO vehicle	23Y	female	NB4	NB4	CVCL_0005	NB4	dimethyl sulfoxide	not available	3 hour	220711_UM171_RCOR1_NB4_TMT10_F01_of_F13_R1-TMT129C	proteomic profiling by mass spectrometry	1	220711_UM171_RCOR1_NB4_TMT10_F01_of_F13_R1.raw	v1.1.0	NT=ms-proteomics;VV=v1.1.0	NT=human;VV=v1.1.0	NT=cell-lines;VV=v1.1.0	NT=clinical-metadata;VV=v1.0.0	manual curation	NT=Data-dependent acquisition;AC=PRIDE:0000627	NT=Orbitrap Exploris 480;AC=MS:1003028	NT=Trypsin;AC=MS:1001251	TMT129C	1	NT=higher energy beam-type collision-induced dissociation;AC=MS:1000422	NT=Carbamidomethyl;AC=UNIMOD:4;TA=C;MT=Fixed	NT=TMT6plex;AC=UNIMOD:737;TA=K;MT=Fixed	NT=TMT6plex;AC=UNIMOD:737;PP=Any N-term;MT=Fixed	NT=Oxidation;AC=UNIMOD:35;TA=M;MT=Variable	NT=Acetyl;AC=UNIMOD:1;PP=Protein N-term;MT=Variable	DMSO vehicle
NB4-DMSO vehicle-2	Homo sapiens	bone marrow	myeloid cell	2	acute myeloid leukemia	cell line	DMSO vehicle	23Y	female	NB4	NB4	CVCL_0005	NB4	dimethyl sulfoxide	not available	3 hour	220711_UM171_RCOR1_NB4_TMT10_F02_of_F13_R1-TMT129C	proteomic profiling by mass spectrometry	1	220711_UM171_RCOR1_NB4_TMT10_F02_of_F13_R1.raw	v1.1.0	NT=ms-proteomics;VV=v1.1.0	NT=human;VV=v1.1.0	NT=cell-lines;VV=v1.1.0	NT=clinical-metadata;VV=v1.0.0	manual curation	NT=Data-dependent acquisition;AC=PRIDE:0000627	NT=Orbitrap Exploris 480;AC=MS:1003028	NT=Trypsin;AC=MS:1001251	TMT129C	2	NT=higher energy beam-type collision-induced dissociation;AC=MS:1000422	NT=Carbamidomethyl;AC=UNIMOD:4;TA=C;MT=Fixed	NT=TMT6plex;AC=UNIMOD:737;TA=K;MT=Fixed	NT=TMT6plex;AC=UNIMOD:737;PP=Any N-term;MT=Fixed	NT=Oxidation;AC=UNIMOD:35;TA=M;MT=Variable	NT=Acetyl;AC=UNIMOD:1;PP=Protein N-term;MT=Variable	DMSO vehicle
NB4-DMSO vehicle-2	Homo sapiens	bone marrow	myeloid cell	2	acute myeloid leukemia	cell line	DMSO vehicle	23Y	female	NB4	NB4	CVCL_0005	NB4	dimethyl sulfoxide	not available	3 hour	220711_UM171_RCOR1_NB4_TMT10_F03_of_F13_R1-TMT129C	proteomic profiling by mass spectrometry	1	220711_UM171_RCOR1_NB4_TMT10_F03_of_F13_R1.raw	v1.1.0	NT=ms-proteomics;VV=v1.1.0	NT=human;VV=v1.1.0	NT=cell-lines;VV=v1.1.0	NT=clinical-metadata;VV=v1.0.0	manual curation	NT=Data-dependent acquisition;AC=PRIDE:0000627	NT=Orbitrap Exploris 480;AC=MS:1003028	NT=Trypsin;AC=MS:1001251	TMT129C	3	NT=higher energy beam-type collision-induced dissociation;AC=MS:1000422	NT=Carbamidomethyl;AC=UNIMOD:4;TA=C;MT=Fixed	NT=TMT6plex;AC=UNIMOD:737;TA=K;MT=Fixed	NT=TMT6plex;AC=UNIMOD:737;PP=Any N-term;MT=Fixed	NT=Oxidation;AC=UNIMOD:35;TA=M;MT=Variable	NT=Acetyl;AC=UNIMOD:1;PP=Protein N-term;MT=Variable	DMSO vehicle
NB4-DMSO vehicle-2	Homo sapiens	bone marrow	myeloid cell	2	acute myeloid leukemia	cell line	DMSO vehicle	23Y	female	NB4	NB4	CVCL_0005	NB4	dimethyl sulfoxide	not available	3 hour	220711_UM171_RCOR1_NB4_TMT10_F04_of_F13_R1-TMT129C	proteomic profiling by mass spectrometry	1	220711_UM171_RCOR1_NB4_TMT10_F04_of_F13_R1.raw	v1.1.0	NT=ms-proteomics;VV=v1.1.0	NT=human;VV=v1.1.0	NT=cell-lines;VV=v1.1.0	NT=clinical-metadata;VV=v1.0.0	manual curation	NT=Data-dependent acquisition;AC=PRIDE:0000627	NT=Orbitrap Exploris 480;AC=MS:1003028	NT=Trypsin;AC=MS:1001251	TMT129C	4	NT=higher energy beam-type collision-induced dissociation;AC=MS:1000422	NT=Carbamidomethyl;AC=UNIMOD:4;TA=C;MT=Fixed	NT=TMT6plex;AC=UNIMOD:737;TA=K;MT=Fixed	NT=TMT6plex;AC=UNIMOD:737;PP=Any N-term;MT=Fixed	NT=Oxidation;AC=UNIMOD:35;TA=M;MT=Variable	NT=Acetyl;AC=UNIMOD:1;PP=Protein N-term;MT=Variable	DMSO vehicle
NB4-DMSO vehicle-2	Homo sapiens	bone marrow	myeloid cell	2	acute myeloid leukemia	cell line	DMSO vehicle	23Y	female	NB4	NB4	CVCL_0005	NB4	dimethyl sulfoxide	not available	3 hour	220711_UM171_RCOR1_NB4_TMT10_F05_of_F13_R1-TMT129C	proteomic profiling by mass spectrometry	1	220711_UM171_RCOR1_NB4_TMT10_F05_of_F13_R1.raw	v1.1.0	NT=ms-proteomics;VV=v1.1.0	NT=human;VV=v1.1.0	NT=cell-lines;VV=v1.1.0	NT=clinical-metadata;VV=v1.0.0	manual curation	NT=Data-dependent acquisition;AC=PRIDE:0000627	NT=Orbitrap Exploris 480;AC=MS:1003028	NT=Trypsin;AC=MS:1001251	TMT129C	5	NT=higher energy beam-type collision-induced dissociation;AC=MS:1000422	NT=Carbamidomethyl;AC=UNIMOD:4;TA=C;MT=Fixed	NT=TMT6plex;AC=UNIMOD:737;TA=K;MT=Fixed	NT=TMT6plex;AC=UNIMOD:737;PP=Any N-term;MT=Fixed	NT=Oxidation;AC=UNIMOD:35;TA=M;MT=Variable	NT=Acetyl;AC=UNIMOD:1;PP=Protein N-term;MT=Variable	DMSO vehicle
NB4-DMSO vehicle-2	Homo sapiens	bone marrow	myeloid cell	2	acute myeloid leukemia	cell line	DMSO vehicle	23Y	female	NB4	NB4	CVCL_0005	NB4	dimethyl sulfoxide	not available	3 hour	220711_UM171_RCOR1_NB4_TMT10_F06_of_F13_R1-TMT129C	proteomic profiling by mass spectrometry	1	220711_UM171_RCOR1_NB4_TMT10_F06_of_F13_R1.raw	v1.1.0	NT=ms-proteomics;VV=v1.1.0	NT=human;VV=v1.1.0	NT=cell-lines;VV=v1.1.0	NT=clinical-metadata;VV=v1.0.0	manual curation	NT=Data-dependent acquisition;AC=PRIDE:0000627	NT=Orbitrap Exploris 480;AC=MS:1003028	NT=Trypsin;AC=MS:1001251	TMT129C	6	NT=higher energy beam-type collision-induced dissociation;AC=MS:1000422	NT=Carbamidomethyl;AC=UNIMOD:4;TA=C;MT=Fixed	NT=TMT6plex;AC=UNIMOD:737;TA=K;MT=Fixed	NT=TMT6plex;AC=UNIMOD:737;PP=Any N-term;MT=Fixed	NT=Oxidation;AC=UNIMOD:35;TA=M;MT=Variable	NT=Acetyl;AC=UNIMOD:1;PP=Protein N-term;MT=Variable	DMSO vehicle
NB4-DMSO vehicle-2	Homo sapiens	bone marrow	myeloid cell	2	acute myeloid leukemia	cell line	DMSO vehicle	23Y	female	NB4	NB4	CVCL_0005	NB4	dimethyl sulfoxide	not available	3 hour	220711_UM171_RCOR1_NB4_TMT10_F07_of_F13_R1-TMT129C	proteomic profiling by mass spectrometry	1	220711_UM171_RCOR1_NB4_TMT10_F07_of_F13_R1.raw	v1.1.0	NT=ms-proteomics;VV=v1.1.0	NT=human;VV=v1.1.0	NT=cell-lines;VV=v1.1.0	NT=clinical-metadata;VV=v1.0.0	manual curation	NT=Data-dependent acquisition;AC=PRIDE:0000627	NT=Orbitrap Exploris 480;AC=MS:1003028	NT=Trypsin;AC=MS:1001251	TMT129C	7	NT=higher energy beam-type collision-induced dissociation;AC=MS:1000422	NT=Carbamidomethyl;AC=UNIMOD:4;TA=C;MT=Fixed	NT=TMT6plex;AC=UNIMOD:737;TA=K;MT=Fixed	NT=TMT6plex;AC=UNIMOD:737;PP=Any N-term;MT=Fixed	NT=Oxidation;AC=UNIMOD:35;TA=M;MT=Variable	NT=Acetyl;AC=UNIMOD:1;PP=Protein N-term;MT=Variable	DMSO vehicle
NB4-DMSO vehicle-2	Homo sapiens	bone marrow	myeloid cell	2	acute myeloid leukemia	cell line	DMSO vehicle	23Y	female	NB4	NB4	CVCL_0005	NB4	dimethyl sulfoxide	not available	3 hour	220711_UM171_RCOR1_NB4_TMT10_F08_of_F13_R1-TMT129C	proteomic profiling by mass spectrometry	1	220711_UM171_RCOR1_NB4_TMT10_F08_of_F13_R1.raw	v1.1.0	NT=ms-proteomics;VV=v1.1.0	NT=human;VV=v1.1.0	NT=cell-lines;VV=v1.1.0	NT=clinical-metadata;VV=v1.0.0	manual curation	NT=Data-dependent acquisition;AC=PRIDE:0000627	NT=Orbitrap Exploris 480;AC=MS:1003028	NT=Trypsin;AC=MS:1001251	TMT129C	8	NT=higher energy beam-type collision-induced dissociation;AC=MS:1000422	NT=Carbamidomethyl;AC=UNIMOD:4;TA=C;MT=Fixed	NT=TMT6plex;AC=UNIMOD:737;TA=K;MT=Fixed	NT=TMT6plex;AC=UNIMOD:737;PP=Any N-term;MT=Fixed	NT=Oxidation;AC=UNIMOD:35;TA=M;MT=Variable	NT=Acetyl;AC=UNIMOD:1;PP=Protein N-term;MT=Variable	DMSO vehicle
NB4-DMSO vehicle-2	Homo sapiens	bone marrow	myeloid cell	2	acute myeloid leukemia	cell line	DMSO vehicle	23Y	female	NB4	NB4	CVCL_0005	NB4	dimethyl sulfoxide	not available	3 hour	220711_UM171_RCOR1_NB4_TMT10_F09_of_F13_R1-TMT129C	proteomic profiling by mass spectrometry	1	220711_UM171_RCOR1_NB4_TMT10_F09_of_F13_R1.raw	v1.1.0	NT=ms-proteomics;VV=v1.1.0	NT=human;VV=v1.1.0	NT=cell-lines;VV=v1.1.0	NT=clinical-metadata;VV=v1.0.0	manual curation	NT=Data-dependent acquisition;AC=PRIDE:0000627	NT=Orbitrap Exploris 480;AC=MS:1003028	NT=Trypsin;AC=MS:1001251	TMT129C	9	NT=higher energy beam-type collision-induced dissociation;AC=MS:1000422	NT=Carbamidomethyl;AC=UNIMOD:4;TA=C;MT=Fixed	NT=TMT6plex;AC=UNIMOD:737;TA=K;MT=Fixed	NT=TMT6plex;AC=UNIMOD:737;PP=Any N-term;MT=Fixed	NT=Oxidation;AC=UNIMOD:35;TA=M;MT=Variable	NT=Acetyl;AC=UNIMOD:1;PP=Protein N-term;MT=Variable	DMSO vehicle
NB4-DMSO vehicle-2	Homo sapiens	bone marrow	myeloid cell	2	acute myeloid leukemia	cell line	DMSO vehicle	23Y	female	NB4	NB4	CVCL_0005	NB4	dimethyl sulfoxide	not available	3 hour	220711_UM171_RCOR1_NB4_TMT10_F10_of_F13_R1-TMT129C	proteomic profiling by mass spectrometry	1	220711_UM171_RCOR1_NB4_TMT10_F10_of_F13_R1.raw	v1.1.0	NT=ms-proteomics;VV=v1.1.0	NT=human;VV=v1.1.0	NT=cell-lines;VV=v1.1.0	NT=clinical-metadata;VV=v1.0.0	manual curation	NT=Data-dependent acquisition;AC=PRIDE:0000627	NT=Orbitrap Exploris 480;AC=MS:1003028	NT=Trypsin;AC=MS:1001251	TMT129C	10	NT=higher energy beam-type collision-induced dissociation;AC=MS:1000422	NT=Carbamidomethyl;AC=UNIMOD:4;TA=C;MT=Fixed	NT=TMT6plex;AC=UNIMOD:737;TA=K;MT=Fixed	NT=TMT6plex;AC=UNIMOD:737;PP=Any N-term;MT=Fixed	NT=Oxidation;AC=UNIMOD:35;TA=M;MT=Variable	NT=Acetyl;AC=UNIMOD:1;PP=Protein N-term;MT=Variable	DMSO vehicle
NB4-DMSO vehicle-2	Homo sapiens	bone marrow	myeloid cell	2	acute myeloid leukemia	cell line	DMSO vehicle	23Y	female	NB4	NB4	CVCL_0005	NB4	dimethyl sulfoxide	not available	3 hour	220711_UM171_RCOR1_NB4_TMT10_F11_of_F13_R1-TMT129C	proteomic profiling by mass spectrometry	1	220711_UM171_RCOR1_NB4_TMT10_F11_of_F13_R1.raw	v1.1.0	NT=ms-proteomics;VV=v1.1.0	NT=human;VV=v1.1.0	NT=cell-lines;VV=v1.1.0	NT=clinical-metadata;VV=v1.0.0	manual curation	NT=Data-dependent acquisition;AC=PRIDE:0000627	NT=Orbitrap Exploris 480;AC=MS:1003028	NT=Trypsin;AC=MS:1001251	TMT129C	11	NT=higher energy beam-type collision-induced dissociation;AC=MS:1000422	NT=Carbamidomethyl;AC=UNIMOD:4;TA=C;MT=Fixed	NT=TMT6plex;AC=UNIMOD:737;TA=K;MT=Fixed	NT=TMT6plex;AC=UNIMOD:737;PP=Any N-term;MT=Fixed	NT=Oxidation;AC=UNIMOD:35;TA=M;MT=Variable	NT=Acetyl;AC=UNIMOD:1;PP=Protein N-term;MT=Variable	DMSO vehicle
NB4-DMSO vehicle-2	Homo sapiens	bone marrow	myeloid cell	2	acute myeloid leukemia	cell line	DMSO vehicle	23Y	female	NB4	NB4	CVCL_0005	NB4	dimethyl sulfoxide	not available	3 hour	220819_UM171_RCOR1_NB4_TMT10_F12_of_F13_R1-TMT129C	proteomic profiling by mass spectrometry	1	220819_UM171_RCOR1_NB4_TMT10_F12_of_F13_R1.raw	v1.1.0	NT=ms-proteomics;VV=v1.1.0	NT=human;VV=v1.1.0	NT=cell-lines;VV=v1.1.0	NT=clinical-metadata;VV=v1.0.0	manual curation	NT=Data-dependent acquisition;AC=PRIDE:0000627	NT=Orbitrap Exploris 480;AC=MS:1003028	NT=Trypsin;AC=MS:1001251	TMT129C	12	NT=higher energy beam-type collision-induced dissociation;AC=MS:1000422	NT=Carbamidomethyl;AC=UNIMOD:4;TA=C;MT=Fixed	NT=TMT6plex;AC=UNIMOD:737;TA=K;MT=Fixed	NT=TMT6plex;AC=UNIMOD:737;PP=Any N-term;MT=Fixed	NT=Oxidation;AC=UNIMOD:35;TA=M;MT=Variable	NT=Acetyl;AC=UNIMOD:1;PP=Protein N-term;MT=Variable	DMSO vehicle
NB4-DMSO vehicle-2	Homo sapiens	bone marrow	myeloid cell	2	acute myeloid leukemia	cell line	DMSO vehicle	23Y	female	NB4	NB4	CVCL_0005	NB4	dimethyl sulfoxide	not available	3 hour	220819_UM171_RCOR1_NB4_TMT10_F13_of_F13_R1-TMT129C	proteomic profiling by mass spectrometry	1	220819_UM171_RCOR1_NB4_TMT10_F13_of_F13_R1.raw	v1.1.0	NT=ms-proteomics;VV=v1.1.0	NT=human;VV=v1.1.0	NT=cell-lines;VV=v1.1.0	NT=clinical-metadata;VV=v1.0.0	manual curation	NT=Data-dependent acquisition;AC=PRIDE:0000627	NT=Orbitrap Exploris 480;AC=MS:1003028	NT=Trypsin;AC=MS:1001251	TMT129C	13	NT=higher energy beam-type collision-induced dissociation;AC=MS:1000422	NT=Carbamidomethyl;AC=UNIMOD:4;TA=C;MT=Fixed	NT=TMT6plex;AC=UNIMOD:737;TA=K;MT=Fixed	NT=TMT6plex;AC=UNIMOD:737;PP=Any N-term;MT=Fixed	NT=Oxidation;AC=UNIMOD:35;TA=M;MT=Variable	NT=Acetyl;AC=UNIMOD:1;PP=Protein N-term;MT=Variable	DMSO vehicle
NB4-DMSO vehicle-3	Homo sapiens	bone marrow	myeloid cell	3	acute myeloid leukemia	cell line	DMSO vehicle	23Y	female	NB4	NB4	CVCL_0005	NB4	dimethyl sulfoxide	not available	3 hour	220711_UM171_RCOR1_NB4_TMT10_F01_of_F13_R1-TMT130N	proteomic profiling by mass spectrometry	1	220711_UM171_RCOR1_NB4_TMT10_F01_of_F13_R1.raw	v1.1.0	NT=ms-proteomics;VV=v1.1.0	NT=human;VV=v1.1.0	NT=cell-lines;VV=v1.1.0	NT=clinical-metadata;VV=v1.0.0	manual curation	NT=Data-dependent acquisition;AC=PRIDE:0000627	NT=Orbitrap Exploris 480;AC=MS:1003028	NT=Trypsin;AC=MS:1001251	TMT130N	1	NT=higher energy beam-type collision-induced dissociation;AC=MS:1000422	NT=Carbamidomethyl;AC=UNIMOD:4;TA=C;MT=Fixed	NT=TMT6plex;AC=UNIMOD:737;TA=K;MT=Fixed	NT=TMT6plex;AC=UNIMOD:737;PP=Any N-term;MT=Fixed	NT=Oxidation;AC=UNIMOD:35;TA=M;MT=Variable	NT=Acetyl;AC=UNIMOD:1;PP=Protein N-term;MT=Variable	DMSO vehicle
NB4-DMSO vehicle-3	Homo sapiens	bone marrow	myeloid cell	3	acute myeloid leukemia	cell line	DMSO vehicle	23Y	female	NB4	NB4	CVCL_0005	NB4	dimethyl sulfoxide	not available	3 hour	220711_UM171_RCOR1_NB4_TMT10_F02_of_F13_R1-TMT130N	proteomic profiling by mass spectrometry	1	220711_UM171_RCOR1_NB4_TMT10_F02_of_F13_R1.raw	v1.1.0	NT=ms-proteomics;VV=v1.1.0	NT=human;VV=v1.1.0	NT=cell-lines;VV=v1.1.0	NT=clinical-metadata;VV=v1.0.0	manual curation	NT=Data-dependent acquisition;AC=PRIDE:0000627	NT=Orbitrap Exploris 480;AC=MS:1003028	NT=Trypsin;AC=MS:1001251	TMT130N	2	NT=higher energy beam-type collision-induced dissociation;AC=MS:1000422	NT=Carbamidomethyl;AC=UNIMOD:4;TA=C;MT=Fixed	NT=TMT6plex;AC=UNIMOD:737;TA=K;MT=Fixed	NT=TMT6plex;AC=UNIMOD:737;PP=Any N-term;MT=Fixed	NT=Oxidation;AC=UNIMOD:35;TA=M;MT=Variable	NT=Acetyl;AC=UNIMOD:1;PP=Protein N-term;MT=Variable	DMSO vehicle
NB4-DMSO vehicle-3	Homo sapiens	bone marrow	myeloid cell	3	acute myeloid leukemia	cell line	DMSO vehicle	23Y	female	NB4	NB4	CVCL_0005	NB4	dimethyl sulfoxide	not available	3 hour	220711_UM171_RCOR1_NB4_TMT10_F03_of_F13_R1-TMT130N	proteomic profiling by mass spectrometry	1	220711_UM171_RCOR1_NB4_TMT10_F03_of_F13_R1.raw	v1.1.0	NT=ms-proteomics;VV=v1.1.0	NT=human;VV=v1.1.0	NT=cell-lines;VV=v1.1.0	NT=clinical-metadata;VV=v1.0.0	manual curation	NT=Data-dependent acquisition;AC=PRIDE:0000627	NT=Orbitrap Exploris 480;AC=MS:1003028	NT=Trypsin;AC=MS:1001251	TMT130N	3	NT=higher energy beam-type collision-induced dissociation;AC=MS:1000422	NT=Carbamidomethyl;AC=UNIMOD:4;TA=C;MT=Fixed	NT=TMT6plex;AC=UNIMOD:737;TA=K;MT=Fixed	NT=TMT6plex;AC=UNIMOD:737;PP=Any N-term;MT=Fixed	NT=Oxidation;AC=UNIMOD:35;TA=M;MT=Variable	NT=Acetyl;AC=UNIMOD:1;PP=Protein N-term;MT=Variable	DMSO vehicle
NB4-DMSO vehicle-3	Homo sapiens	bone marrow	myeloid cell	3	acute myeloid leukemia	cell line	DMSO vehicle	23Y	female	NB4	NB4	CVCL_0005	NB4	dimethyl sulfoxide	not available	3 hour	220711_UM171_RCOR1_NB4_TMT10_F04_of_F13_R1-TMT130N	proteomic profiling by mass spectrometry	1	220711_UM171_RCOR1_NB4_TMT10_F04_of_F13_R1.raw	v1.1.0	NT=ms-proteomics;VV=v1.1.0	NT=human;VV=v1.1.0	NT=cell-lines;VV=v1.1.0	NT=clinical-metadata;VV=v1.0.0	manual curation	NT=Data-dependent acquisition;AC=PRIDE:0000627	NT=Orbitrap Exploris 480;AC=MS:1003028	NT=Trypsin;AC=MS:1001251	TMT130N	4	NT=higher energy beam-type collision-induced dissociation;AC=MS:1000422	NT=Carbamidomethyl;AC=UNIMOD:4;TA=C;MT=Fixed	NT=TMT6plex;AC=UNIMOD:737;TA=K;MT=Fixed	NT=TMT6plex;AC=UNIMOD:737;PP=Any N-term;MT=Fixed	NT=Oxidation;AC=UNIMOD:35;TA=M;MT=Variable	NT=Acetyl;AC=UNIMOD:1;PP=Protein N-term;MT=Variable	DMSO vehicle
NB4-DMSO vehicle-3	Homo sapiens	bone marrow	myeloid cell	3	acute myeloid leukemia	cell line	DMSO vehicle	23Y	female	NB4	NB4	CVCL_0005	NB4	dimethyl sulfoxide	not available	3 hour	220711_UM171_RCOR1_NB4_TMT10_F05_of_F13_R1-TMT130N	proteomic profiling by mass spectrometry	1	220711_UM171_RCOR1_NB4_TMT10_F05_of_F13_R1.raw	v1.1.0	NT=ms-proteomics;VV=v1.1.0	NT=human;VV=v1.1.0	NT=cell-lines;VV=v1.1.0	NT=clinical-metadata;VV=v1.0.0	manual curation	NT=Data-dependent acquisition;AC=PRIDE:0000627	NT=Orbitrap Exploris 480;AC=MS:1003028	NT=Trypsin;AC=MS:1001251	TMT130N	5	NT=higher energy beam-type collision-induced dissociation;AC=MS:1000422	NT=Carbamidomethyl;AC=UNIMOD:4;TA=C;MT=Fixed	NT=TMT6plex;AC=UNIMOD:737;TA=K;MT=Fixed	NT=TMT6plex;AC=UNIMOD:737;PP=Any N-term;MT=Fixed	NT=Oxidation;AC=UNIMOD:35;TA=M;MT=Variable	NT=Acetyl;AC=UNIMOD:1;PP=Protein N-term;MT=Variable	DMSO vehicle
NB4-DMSO vehicle-3	Homo sapiens	bone marrow	myeloid cell	3	acute myeloid leukemia	cell line	DMSO vehicle	23Y	female	NB4	NB4	CVCL_0005	NB4	dimethyl sulfoxide	not available	3 hour	220711_UM171_RCOR1_NB4_TMT10_F06_of_F13_R1-TMT130N	proteomic profiling by mass spectrometry	1	220711_UM171_RCOR1_NB4_TMT10_F06_of_F13_R1.raw	v1.1.0	NT=ms-proteomics;VV=v1.1.0	NT=human;VV=v1.1.0	NT=cell-lines;VV=v1.1.0	NT=clinical-metadata;VV=v1.0.0	manual curation	NT=Data-dependent acquisition;AC=PRIDE:0000627	NT=Orbitrap Exploris 480;AC=MS:1003028	NT=Trypsin;AC=MS:1001251	TMT130N	6	NT=higher energy beam-type collision-induced dissociation;AC=MS:1000422	NT=Carbamidomethyl;AC=UNIMOD:4;TA=C;MT=Fixed	NT=TMT6plex;AC=UNIMOD:737;TA=K;MT=Fixed	NT=TMT6plex;AC=UNIMOD:737;PP=Any N-term;MT=Fixed	NT=Oxidation;AC=UNIMOD:35;TA=M;MT=Variable	NT=Acetyl;AC=UNIMOD:1;PP=Protein N-term;MT=Variable	DMSO vehicle
NB4-DMSO vehicle-3	Homo sapiens	bone marrow	myeloid cell	3	acute myeloid leukemia	cell line	DMSO vehicle	23Y	female	NB4	NB4	CVCL_0005	NB4	dimethyl sulfoxide	not available	3 hour	220711_UM171_RCOR1_NB4_TMT10_F07_of_F13_R1-TMT130N	proteomic profiling by mass spectrometry	1	220711_UM171_RCOR1_NB4_TMT10_F07_of_F13_R1.raw	v1.1.0	NT=ms-proteomics;VV=v1.1.0	NT=human;VV=v1.1.0	NT=cell-lines;VV=v1.1.0	NT=clinical-metadata;VV=v1.0.0	manual curation	NT=Data-dependent acquisition;AC=PRIDE:0000627	NT=Orbitrap Exploris 480;AC=MS:1003028	NT=Trypsin;AC=MS:1001251	TMT130N	7	NT=higher energy beam-type collision-induced dissociation;AC=MS:1000422	NT=Carbamidomethyl;AC=UNIMOD:4;TA=C;MT=Fixed	NT=TMT6plex;AC=UNIMOD:737;TA=K;MT=Fixed	NT=TMT6plex;AC=UNIMOD:737;PP=Any N-term;MT=Fixed	NT=Oxidation;AC=UNIMOD:35;TA=M;MT=Variable	NT=Acetyl;AC=UNIMOD:1;PP=Protein N-term;MT=Variable	DMSO vehicle
NB4-DMSO vehicle-3	Homo sapiens	bone marrow	myeloid cell	3	acute myeloid leukemia	cell line	DMSO vehicle	23Y	female	NB4	NB4	CVCL_0005	NB4	dimethyl sulfoxide	not available	3 hour	220711_UM171_RCOR1_NB4_TMT10_F08_of_F13_R1-TMT130N	proteomic profiling by mass spectrometry	1	220711_UM171_RCOR1_NB4_TMT10_F08_of_F13_R1.raw	v1.1.0	NT=ms-proteomics;VV=v1.1.0	NT=human;VV=v1.1.0	NT=cell-lines;VV=v1.1.0	NT=clinical-metadata;VV=v1.0.0	manual curation	NT=Data-dependent acquisition;AC=PRIDE:0000627	NT=Orbitrap Exploris 480;AC=MS:1003028	NT=Trypsin;AC=MS:1001251	TMT130N	8	NT=higher energy beam-type collision-induced dissociation;AC=MS:1000422	NT=Carbamidomethyl;AC=UNIMOD:4;TA=C;MT=Fixed	NT=TMT6plex;AC=UNIMOD:737;TA=K;MT=Fixed	NT=TMT6plex;AC=UNIMOD:737;PP=Any N-term;MT=Fixed	NT=Oxidation;AC=UNIMOD:35;TA=M;MT=Variable	NT=Acetyl;AC=UNIMOD:1;PP=Protein N-term;MT=Variable	DMSO vehicle
NB4-DMSO vehicle-3	Homo sapiens	bone marrow	myeloid cell	3	acute myeloid leukemia	cell line	DMSO vehicle	23Y	female	NB4	NB4	CVCL_0005	NB4	dimethyl sulfoxide	not available	3 hour	220711_UM171_RCOR1_NB4_TMT10_F09_of_F13_R1-TMT130N	proteomic profiling by mass spectrometry	1	220711_UM171_RCOR1_NB4_TMT10_F09_of_F13_R1.raw	v1.1.0	NT=ms-proteomics;VV=v1.1.0	NT=human;VV=v1.1.0	NT=cell-lines;VV=v1.1.0	NT=clinical-metadata;VV=v1.0.0	manual curation	NT=Data-dependent acquisition;AC=PRIDE:0000627	NT=Orbitrap Exploris 480;AC=MS:1003028	NT=Trypsin;AC=MS:1001251	TMT130N	9	NT=higher energy beam-type collision-induced dissociation;AC=MS:1000422	NT=Carbamidomethyl;AC=UNIMOD:4;TA=C;MT=Fixed	NT=TMT6plex;AC=UNIMOD:737;TA=K;MT=Fixed	NT=TMT6plex;AC=UNIMOD:737;PP=Any N-term;MT=Fixed	NT=Oxidation;AC=UNIMOD:35;TA=M;MT=Variable	NT=Acetyl;AC=UNIMOD:1;PP=Protein N-term;MT=Variable	DMSO vehicle
NB4-DMSO vehicle-3	Homo sapiens	bone marrow	myeloid cell	3	acute myeloid leukemia	cell line	DMSO vehicle	23Y	female	NB4	NB4	CVCL_0005	NB4	dimethyl sulfoxide	not available	3 hour	220711_UM171_RCOR1_NB4_TMT10_F10_of_F13_R1-TMT130N	proteomic profiling by mass spectrometry	1	220711_UM171_RCOR1_NB4_TMT10_F10_of_F13_R1.raw	v1.1.0	NT=ms-proteomics;VV=v1.1.0	NT=human;VV=v1.1.0	NT=cell-lines;VV=v1.1.0	NT=clinical-metadata;VV=v1.0.0	manual curation	NT=Data-dependent acquisition;AC=PRIDE:0000627	NT=Orbitrap Exploris 480;AC=MS:1003028	NT=Trypsin;AC=MS:1001251	TMT130N	10	NT=higher energy beam-type collision-induced dissociation;AC=MS:1000422	NT=Carbamidomethyl;AC=UNIMOD:4;TA=C;MT=Fixed	NT=TMT6plex;AC=UNIMOD:737;TA=K;MT=Fixed	NT=TMT6plex;AC=UNIMOD:737;PP=Any N-term;MT=Fixed	NT=Oxidation;AC=UNIMOD:35;TA=M;MT=Variable	NT=Acetyl;AC=UNIMOD:1;PP=Protein N-term;MT=Variable	DMSO vehicle
NB4-DMSO vehicle-3	Homo sapiens	bone marrow	myeloid cell	3	acute myeloid leukemia	cell line	DMSO vehicle	23Y	female	NB4	NB4	CVCL_0005	NB4	dimethyl sulfoxide	not available	3 hour	220711_UM171_RCOR1_NB4_TMT10_F11_of_F13_R1-TMT130N	proteomic profiling by mass spectrometry	1	220711_UM171_RCOR1_NB4_TMT10_F11_of_F13_R1.raw	v1.1.0	NT=ms-proteomics;VV=v1.1.0	NT=human;VV=v1.1.0	NT=cell-lines;VV=v1.1.0	NT=clinical-metadata;VV=v1.0.0	manual curation	NT=Data-dependent acquisition;AC=PRIDE:0000627	NT=Orbitrap Exploris 480;AC=MS:1003028	NT=Trypsin;AC=MS:1001251	TMT130N	11	NT=higher energy beam-type collision-induced dissociation;AC=MS:1000422	NT=Carbamidomethyl;AC=UNIMOD:4;TA=C;MT=Fixed	NT=TMT6plex;AC=UNIMOD:737;TA=K;MT=Fixed	NT=TMT6plex;AC=UNIMOD:737;PP=Any N-term;MT=Fixed	NT=Oxidation;AC=UNIMOD:35;TA=M;MT=Variable	NT=Acetyl;AC=UNIMOD:1;PP=Protein N-term;MT=Variable	DMSO vehicle
NB4-DMSO vehicle-3	Homo sapiens	bone marrow	myeloid cell	3	acute myeloid leukemia	cell line	DMSO vehicle	23Y	female	NB4	NB4	CVCL_0005	NB4	dimethyl sulfoxide	not available	3 hour	220819_UM171_RCOR1_NB4_TMT10_F12_of_F13_R1-TMT130N	proteomic profiling by mass spectrometry	1	220819_UM171_RCOR1_NB4_TMT10_F12_of_F13_R1.raw	v1.1.0	NT=ms-proteomics;VV=v1.1.0	NT=human;VV=v1.1.0	NT=cell-lines;VV=v1.1.0	NT=clinical-metadata;VV=v1.0.0	manual curation	NT=Data-dependent acquisition;AC=PRIDE:0000627	NT=Orbitrap Exploris 480;AC=MS:1003028	NT=Trypsin;AC=MS:1001251	TMT130N	12	NT=higher energy beam-type collision-induced dissociation;AC=MS:1000422	NT=Carbamidomethyl;AC=UNIMOD:4;TA=C;MT=Fixed	NT=TMT6plex;AC=UNIMOD:737;TA=K;MT=Fixed	NT=TMT6plex;AC=UNIMOD:737;PP=Any N-term;MT=Fixed	NT=Oxidation;AC=UNIMOD:35;TA=M;MT=Variable	NT=Acetyl;AC=UNIMOD:1;PP=Protein N-term;MT=Variable	DMSO vehicle
NB4-DMSO vehicle-3	Homo sapiens	bone marrow	myeloid cell	3	acute myeloid leukemia	cell line	DMSO vehicle	23Y	female	NB4	NB4	CVCL_0005	NB4	dimethyl sulfoxide	not available	3 hour	220819_UM171_RCOR1_NB4_TMT10_F13_of_F13_R1-TMT130N	proteomic profiling by mass spectrometry	1	220819_UM171_RCOR1_NB4_TMT10_F13_of_F13_R1.raw	v1.1.0	NT=ms-proteomics;VV=v1.1.0	NT=human;VV=v1.1.0	NT=cell-lines;VV=v1.1.0	NT=clinical-metadata;VV=v1.0.0	manual curation	NT=Data-dependent acquisition;AC=PRIDE:0000627	NT=Orbitrap Exploris 480;AC=MS:1003028	NT=Trypsin;AC=MS:1001251	TMT130N	13	NT=higher energy beam-type collision-induced dissociation;AC=MS:1000422	NT=Carbamidomethyl;AC=UNIMOD:4;TA=C;MT=Fixed	NT=TMT6plex;AC=UNIMOD:737;TA=K;MT=Fixed	NT=TMT6plex;AC=UNIMOD:737;PP=Any N-term;MT=Fixed	NT=Oxidation;AC=UNIMOD:35;TA=M;MT=Variable	NT=Acetyl;AC=UNIMOD:1;PP=Protein N-term;MT=Variable	DMSO vehicle
NB4-DMSO vehicle-4	Homo sapiens	bone marrow	myeloid cell	4	acute myeloid leukemia	cell line	DMSO vehicle	23Y	female	NB4	NB4	CVCL_0005	NB4	dimethyl sulfoxide	not available	3 hour	220711_UM171_RCOR1_NB4_TMT10_F01_of_F13_R1-TMT130C	proteomic profiling by mass spectrometry	1	220711_UM171_RCOR1_NB4_TMT10_F01_of_F13_R1.raw	v1.1.0	NT=ms-proteomics;VV=v1.1.0	NT=human;VV=v1.1.0	NT=cell-lines;VV=v1.1.0	NT=clinical-metadata;VV=v1.0.0	manual curation	NT=Data-dependent acquisition;AC=PRIDE:0000627	NT=Orbitrap Exploris 480;AC=MS:1003028	NT=Trypsin;AC=MS:1001251	TMT130C	1	NT=higher energy beam-type collision-induced dissociation;AC=MS:1000422	NT=Carbamidomethyl;AC=UNIMOD:4;TA=C;MT=Fixed	NT=TMT6plex;AC=UNIMOD:737;TA=K;MT=Fixed	NT=TMT6plex;AC=UNIMOD:737;PP=Any N-term;MT=Fixed	NT=Oxidation;AC=UNIMOD:35;TA=M;MT=Variable	NT=Acetyl;AC=UNIMOD:1;PP=Protein N-term;MT=Variable	DMSO vehicle
NB4-DMSO vehicle-4	Homo sapiens	bone marrow	myeloid cell	4	acute myeloid leukemia	cell line	DMSO vehicle	23Y	female	NB4	NB4	CVCL_0005	NB4	dimethyl sulfoxide	not available	3 hour	220711_UM171_RCOR1_NB4_TMT10_F02_of_F13_R1-TMT130C	proteomic profiling by mass spectrometry	1	220711_UM171_RCOR1_NB4_TMT10_F02_of_F13_R1.raw	v1.1.0	NT=ms-proteomics;VV=v1.1.0	NT=human;VV=v1.1.0	NT=cell-lines;VV=v1.1.0	NT=clinical-metadata;VV=v1.0.0	manual curation	NT=Data-dependent acquisition;AC=PRIDE:0000627	NT=Orbitrap Exploris 480;AC=MS:1003028	NT=Trypsin;AC=MS:1001251	TMT130C	2	NT=higher energy beam-type collision-induced dissociation;AC=MS:1000422	NT=Carbamidomethyl;AC=UNIMOD:4;TA=C;MT=Fixed	NT=TMT6plex;AC=UNIMOD:737;TA=K;MT=Fixed	NT=TMT6plex;AC=UNIMOD:737;PP=Any N-term;MT=Fixed	NT=Oxidation;AC=UNIMOD:35;TA=M;MT=Variable	NT=Acetyl;AC=UNIMOD:1;PP=Protein N-term;MT=Variable	DMSO vehicle
NB4-DMSO vehicle-4	Homo sapiens	bone marrow	myeloid cell	4	acute myeloid leukemia	cell line	DMSO vehicle	23Y	female	NB4	NB4	CVCL_0005	NB4	dimethyl sulfoxide	not available	3 hour	220711_UM171_RCOR1_NB4_TMT10_F03_of_F13_R1-TMT130C	proteomic profiling by mass spectrometry	1	220711_UM171_RCOR1_NB4_TMT10_F03_of_F13_R1.raw	v1.1.0	NT=ms-proteomics;VV=v1.1.0	NT=human;VV=v1.1.0	NT=cell-lines;VV=v1.1.0	NT=clinical-metadata;VV=v1.0.0	manual curation	NT=Data-dependent acquisition;AC=PRIDE:0000627	NT=Orbitrap Exploris 480;AC=MS:1003028	NT=Trypsin;AC=MS:1001251	TMT130C	3	NT=higher energy beam-type collision-induced dissociation;AC=MS:1000422	NT=Carbamidomethyl;AC=UNIMOD:4;TA=C;MT=Fixed	NT=TMT6plex;AC=UNIMOD:737;TA=K;MT=Fixed	NT=TMT6plex;AC=UNIMOD:737;PP=Any N-term;MT=Fixed	NT=Oxidation;AC=UNIMOD:35;TA=M;MT=Variable	NT=Acetyl;AC=UNIMOD:1;PP=Protein N-term;MT=Variable	DMSO vehicle
NB4-DMSO vehicle-4	Homo sapiens	bone marrow	myeloid cell	4	acute myeloid leukemia	cell line	DMSO vehicle	23Y	female	NB4	NB4	CVCL_0005	NB4	dimethyl sulfoxide	not available	3 hour	220711_UM171_RCOR1_NB4_TMT10_F04_of_F13_R1-TMT130C	proteomic profiling by mass spectrometry	1	220711_UM171_RCOR1_NB4_TMT10_F04_of_F13_R1.raw	v1.1.0	NT=ms-proteomics;VV=v1.1.0	NT=human;VV=v1.1.0	NT=cell-lines;VV=v1.1.0	NT=clinical-metadata;VV=v1.0.0	manual curation	NT=Data-dependent acquisition;AC=PRIDE:0000627	NT=Orbitrap Exploris 480;AC=MS:1003028	NT=Trypsin;AC=MS:1001251	TMT130C	4	NT=higher energy beam-type collision-induced dissociation;AC=MS:1000422	NT=Carbamidomethyl;AC=UNIMOD:4;TA=C;MT=Fixed	NT=TMT6plex;AC=UNIMOD:737;TA=K;MT=Fixed	NT=TMT6plex;AC=UNIMOD:737;PP=Any N-term;MT=Fixed	NT=Oxidation;AC=UNIMOD:35;TA=M;MT=Variable	NT=Acetyl;AC=UNIMOD:1;PP=Protein N-term;MT=Variable	DMSO vehicle
NB4-DMSO vehicle-4	Homo sapiens	bone marrow	myeloid cell	4	acute myeloid leukemia	cell line	DMSO vehicle	23Y	female	NB4	NB4	CVCL_0005	NB4	dimethyl sulfoxide	not available	3 hour	220711_UM171_RCOR1_NB4_TMT10_F05_of_F13_R1-TMT130C	proteomic profiling by mass spectrometry	1	220711_UM171_RCOR1_NB4_TMT10_F05_of_F13_R1.raw	v1.1.0	NT=ms-proteomics;VV=v1.1.0	NT=human;VV=v1.1.0	NT=cell-lines;VV=v1.1.0	NT=clinical-metadata;VV=v1.0.0	manual curation	NT=Data-dependent acquisition;AC=PRIDE:0000627	NT=Orbitrap Exploris 480;AC=MS:1003028	NT=Trypsin;AC=MS:1001251	TMT130C	5	NT=higher energy beam-type collision-induced dissociation;AC=MS:1000422	NT=Carbamidomethyl;AC=UNIMOD:4;TA=C;MT=Fixed	NT=TMT6plex;AC=UNIMOD:737;TA=K;MT=Fixed	NT=TMT6plex;AC=UNIMOD:737;PP=Any N-term;MT=Fixed	NT=Oxidation;AC=UNIMOD:35;TA=M;MT=Variable	NT=Acetyl;AC=UNIMOD:1;PP=Protein N-term;MT=Variable	DMSO vehicle
NB4-DMSO vehicle-4	Homo sapiens	bone marrow	myeloid cell	4	acute myeloid leukemia	cell line	DMSO vehicle	23Y	female	NB4	NB4	CVCL_0005	NB4	dimethyl sulfoxide	not available	3 hour	220711_UM171_RCOR1_NB4_TMT10_F06_of_F13_R1-TMT130C	proteomic profiling by mass spectrometry	1	220711_UM171_RCOR1_NB4_TMT10_F06_of_F13_R1.raw	v1.1.0	NT=ms-proteomics;VV=v1.1.0	NT=human;VV=v1.1.0	NT=cell-lines;VV=v1.1.0	NT=clinical-metadata;VV=v1.0.0	manual curation	NT=Data-dependent acquisition;AC=PRIDE:0000627	NT=Orbitrap Exploris 480;AC=MS:1003028	NT=Trypsin;AC=MS:1001251	TMT130C	6	NT=higher energy beam-type collision-induced dissociation;AC=MS:1000422	NT=Carbamidomethyl;AC=UNIMOD:4;TA=C;MT=Fixed	NT=TMT6plex;AC=UNIMOD:737;TA=K;MT=Fixed	NT=TMT6plex;AC=UNIMOD:737;PP=Any N-term;MT=Fixed	NT=Oxidation;AC=UNIMOD:35;TA=M;MT=Variable	NT=Acetyl;AC=UNIMOD:1;PP=Protein N-term;MT=Variable	DMSO vehicle
NB4-DMSO vehicle-4	Homo sapiens	bone marrow	myeloid cell	4	acute myeloid leukemia	cell line	DMSO vehicle	23Y	female	NB4	NB4	CVCL_0005	NB4	dimethyl sulfoxide	not available	3 hour	220711_UM171_RCOR1_NB4_TMT10_F07_of_F13_R1-TMT130C	proteomic profiling by mass spectrometry	1	220711_UM171_RCOR1_NB4_TMT10_F07_of_F13_R1.raw	v1.1.0	NT=ms-proteomics;VV=v1.1.0	NT=human;VV=v1.1.0	NT=cell-lines;VV=v1.1.0	NT=clinical-metadata;VV=v1.0.0	manual curation	NT=Data-dependent acquisition;AC=PRIDE:0000627	NT=Orbitrap Exploris 480;AC=MS:1003028	NT=Trypsin;AC=MS:1001251	TMT130C	7	NT=higher energy beam-type collision-induced dissociation;AC=MS:1000422	NT=Carbamidomethyl;AC=UNIMOD:4;TA=C;MT=Fixed	NT=TMT6plex;AC=UNIMOD:737;TA=K;MT=Fixed	NT=TMT6plex;AC=UNIMOD:737;PP=Any N-term;MT=Fixed	NT=Oxidation;AC=UNIMOD:35;TA=M;MT=Variable	NT=Acetyl;AC=UNIMOD:1;PP=Protein N-term;MT=Variable	DMSO vehicle
NB4-DMSO vehicle-4	Homo sapiens	bone marrow	myeloid cell	4	acute myeloid leukemia	cell line	DMSO vehicle	23Y	female	NB4	NB4	CVCL_0005	NB4	dimethyl sulfoxide	not available	3 hour	220711_UM171_RCOR1_NB4_TMT10_F08_of_F13_R1-TMT130C	proteomic profiling by mass spectrometry	1	220711_UM171_RCOR1_NB4_TMT10_F08_of_F13_R1.raw	v1.1.0	NT=ms-proteomics;VV=v1.1.0	NT=human;VV=v1.1.0	NT=cell-lines;VV=v1.1.0	NT=clinical-metadata;VV=v1.0.0	manual curation	NT=Data-dependent acquisition;AC=PRIDE:0000627	NT=Orbitrap Exploris 480;AC=MS:1003028	NT=Trypsin;AC=MS:1001251	TMT130C	8	NT=higher energy beam-type collision-induced dissociation;AC=MS:1000422	NT=Carbamidomethyl;AC=UNIMOD:4;TA=C;MT=Fixed	NT=TMT6plex;AC=UNIMOD:737;TA=K;MT=Fixed	NT=TMT6plex;AC=UNIMOD:737;PP=Any N-term;MT=Fixed	NT=Oxidation;AC=UNIMOD:35;TA=M;MT=Variable	NT=Acetyl;AC=UNIMOD:1;PP=Protein N-term;MT=Variable	DMSO vehicle
NB4-DMSO vehicle-4	Homo sapiens	bone marrow	myeloid cell	4	acute myeloid leukemia	cell line	DMSO vehicle	23Y	female	NB4	NB4	CVCL_0005	NB4	dimethyl sulfoxide	not available	3 hour	220711_UM171_RCOR1_NB4_TMT10_F09_of_F13_R1-TMT130C	proteomic profiling by mass spectrometry	1	220711_UM171_RCOR1_NB4_TMT10_F09_of_F13_R1.raw	v1.1.0	NT=ms-proteomics;VV=v1.1.0	NT=human;VV=v1.1.0	NT=cell-lines;VV=v1.1.0	NT=clinical-metadata;VV=v1.0.0	manual curation	NT=Data-dependent acquisition;AC=PRIDE:0000627	NT=Orbitrap Exploris 480;AC=MS:1003028	NT=Trypsin;AC=MS:1001251	TMT130C	9	NT=higher energy beam-type collision-induced dissociation;AC=MS:1000422	NT=Carbamidomethyl;AC=UNIMOD:4;TA=C;MT=Fixed	NT=TMT6plex;AC=UNIMOD:737;TA=K;MT=Fixed	NT=TMT6plex;AC=UNIMOD:737;PP=Any N-term;MT=Fixed	NT=Oxidation;AC=UNIMOD:35;TA=M;MT=Variable	NT=Acetyl;AC=UNIMOD:1;PP=Protein N-term;MT=Variable	DMSO vehicle
NB4-DMSO vehicle-4	Homo sapiens	bone marrow	myeloid cell	4	acute myeloid leukemia	cell line	DMSO vehicle	23Y	female	NB4	NB4	CVCL_0005	NB4	dimethyl sulfoxide	not available	3 hour	220711_UM171_RCOR1_NB4_TMT10_F10_of_F13_R1-TMT130C	proteomic profiling by mass spectrometry	1	220711_UM171_RCOR1_NB4_TMT10_F10_of_F13_R1.raw	v1.1.0	NT=ms-proteomics;VV=v1.1.0	NT=human;VV=v1.1.0	NT=cell-lines;VV=v1.1.0	NT=clinical-metadata;VV=v1.0.0	manual curation	NT=Data-dependent acquisition;AC=PRIDE:0000627	NT=Orbitrap Exploris 480;AC=MS:1003028	NT=Trypsin;AC=MS:1001251	TMT130C	10	NT=higher energy beam-type collision-induced dissociation;AC=MS:1000422	NT=Carbamidomethyl;AC=UNIMOD:4;TA=C;MT=Fixed	NT=TMT6plex;AC=UNIMOD:737;TA=K;MT=Fixed	NT=TMT6plex;AC=UNIMOD:737;PP=Any N-term;MT=Fixed	NT=Oxidation;AC=UNIMOD:35;TA=M;MT=Variable	NT=Acetyl;AC=UNIMOD:1;PP=Protein N-term;MT=Variable	DMSO vehicle
NB4-DMSO vehicle-4	Homo sapiens	bone marrow	myeloid cell	4	acute myeloid leukemia	cell line	DMSO vehicle	23Y	female	NB4	NB4	CVCL_0005	NB4	dimethyl sulfoxide	not available	3 hour	220711_UM171_RCOR1_NB4_TMT10_F11_of_F13_R1-TMT130C	proteomic profiling by mass spectrometry	1	220711_UM171_RCOR1_NB4_TMT10_F11_of_F13_R1.raw	v1.1.0	NT=ms-proteomics;VV=v1.1.0	NT=human;VV=v1.1.0	NT=cell-lines;VV=v1.1.0	NT=clinical-metadata;VV=v1.0.0	manual curation	NT=Data-dependent acquisition;AC=PRIDE:0000627	NT=Orbitrap Exploris 480;AC=MS:1003028	NT=Trypsin;AC=MS:1001251	TMT130C	11	NT=higher energy beam-type collision-induced dissociation;AC=MS:1000422	NT=Carbamidomethyl;AC=UNIMOD:4;TA=C;MT=Fixed	NT=TMT6plex;AC=UNIMOD:737;TA=K;MT=Fixed	NT=TMT6plex;AC=UNIMOD:737;PP=Any N-term;MT=Fixed	NT=Oxidation;AC=UNIMOD:35;TA=M;MT=Variable	NT=Acetyl;AC=UNIMOD:1;PP=Protein N-term;MT=Variable	DMSO vehicle
NB4-DMSO vehicle-4	Homo sapiens	bone marrow	myeloid cell	4	acute myeloid leukemia	cell line	DMSO vehicle	23Y	female	NB4	NB4	CVCL_0005	NB4	dimethyl sulfoxide	not available	3 hour	220819_UM171_RCOR1_NB4_TMT10_F12_of_F13_R1-TMT130C	proteomic profiling by mass spectrometry	1	220819_UM171_RCOR1_NB4_TMT10_F12_of_F13_R1.raw	v1.1.0	NT=ms-proteomics;VV=v1.1.0	NT=human;VV=v1.1.0	NT=cell-lines;VV=v1.1.0	NT=clinical-metadata;VV=v1.0.0	manual curation	NT=Data-dependent acquisition;AC=PRIDE:0000627	NT=Orbitrap Exploris 480;AC=MS:1003028	NT=Trypsin;AC=MS:1001251	TMT130C	12	NT=higher energy beam-type collision-induced dissociation;AC=MS:1000422	NT=Carbamidomethyl;AC=UNIMOD:4;TA=C;MT=Fixed	NT=TMT6plex;AC=UNIMOD:737;TA=K;MT=Fixed	NT=TMT6plex;AC=UNIMOD:737;PP=Any N-term;MT=Fixed	NT=Oxidation;AC=UNIMOD:35;TA=M;MT=Variable	NT=Acetyl;AC=UNIMOD:1;PP=Protein N-term;MT=Variable	DMSO vehicle
NB4-DMSO vehicle-4	Homo sapiens	bone marrow	myeloid cell	4	acute myeloid leukemia	cell line	DMSO vehicle	23Y	female	NB4	NB4	CVCL_0005	NB4	dimethyl sulfoxide	not available	3 hour	220819_UM171_RCOR1_NB4_TMT10_F13_of_F13_R1-TMT130C	proteomic profiling by mass spectrometry	1	220819_UM171_RCOR1_NB4_TMT10_F13_of_F13_R1.raw	v1.1.0	NT=ms-proteomics;VV=v1.1.0	NT=human;VV=v1.1.0	NT=cell-lines;VV=v1.1.0	NT=clinical-metadata;VV=v1.0.0	manual curation	NT=Data-dependent acquisition;AC=PRIDE:0000627	NT=Orbitrap Exploris 480;AC=MS:1003028	NT=Trypsin;AC=MS:1001251	TMT130C	13	NT=higher energy beam-type collision-induced dissociation;AC=MS:1000422	NT=Carbamidomethyl;AC=UNIMOD:4;TA=C;MT=Fixed	NT=TMT6plex;AC=UNIMOD:737;TA=K;MT=Fixed	NT=TMT6plex;AC=UNIMOD:737;PP=Any N-term;MT=Fixed	NT=Oxidation;AC=UNIMOD:35;TA=M;MT=Variable	NT=Acetyl;AC=UNIMOD:1;PP=Protein N-term;MT=Variable	DMSO vehicle
NB4-DMSO vehicle-5	Homo sapiens	bone marrow	myeloid cell	5	acute myeloid leukemia	cell line	DMSO vehicle	23Y	female	NB4	NB4	CVCL_0005	NB4	dimethyl sulfoxide	not available	3 hour	220711_UM171_RCOR1_NB4_TMT10_F01_of_F13_R1-TMT131	proteomic profiling by mass spectrometry	1	220711_UM171_RCOR1_NB4_TMT10_F01_of_F13_R1.raw	v1.1.0	NT=ms-proteomics;VV=v1.1.0	NT=human;VV=v1.1.0	NT=cell-lines;VV=v1.1.0	NT=clinical-metadata;VV=v1.0.0	manual curation	NT=Data-dependent acquisition;AC=PRIDE:0000627	NT=Orbitrap Exploris 480;AC=MS:1003028	NT=Trypsin;AC=MS:1001251	TMT131	1	NT=higher energy beam-type collision-induced dissociation;AC=MS:1000422	NT=Carbamidomethyl;AC=UNIMOD:4;TA=C;MT=Fixed	NT=TMT6plex;AC=UNIMOD:737;TA=K;MT=Fixed	NT=TMT6plex;AC=UNIMOD:737;PP=Any N-term;MT=Fixed	NT=Oxidation;AC=UNIMOD:35;TA=M;MT=Variable	NT=Acetyl;AC=UNIMOD:1;PP=Protein N-term;MT=Variable	DMSO vehicle
NB4-DMSO vehicle-5	Homo sapiens	bone marrow	myeloid cell	5	acute myeloid leukemia	cell line	DMSO vehicle	23Y	female	NB4	NB4	CVCL_0005	NB4	dimethyl sulfoxide	not available	3 hour	220711_UM171_RCOR1_NB4_TMT10_F02_of_F13_R1-TMT131	proteomic profiling by mass spectrometry	1	220711_UM171_RCOR1_NB4_TMT10_F02_of_F13_R1.raw	v1.1.0	NT=ms-proteomics;VV=v1.1.0	NT=human;VV=v1.1.0	NT=cell-lines;VV=v1.1.0	NT=clinical-metadata;VV=v1.0.0	manual curation	NT=Data-dependent acquisition;AC=PRIDE:0000627	NT=Orbitrap Exploris 480;AC=MS:1003028	NT=Trypsin;AC=MS:1001251	TMT131	2	NT=higher energy beam-type collision-induced dissociation;AC=MS:1000422	NT=Carbamidomethyl;AC=UNIMOD:4;TA=C;MT=Fixed	NT=TMT6plex;AC=UNIMOD:737;TA=K;MT=Fixed	NT=TMT6plex;AC=UNIMOD:737;PP=Any N-term;MT=Fixed	NT=Oxidation;AC=UNIMOD:35;TA=M;MT=Variable	NT=Acetyl;AC=UNIMOD:1;PP=Protein N-term;MT=Variable	DMSO vehicle
NB4-DMSO vehicle-5	Homo sapiens	bone marrow	myeloid cell	5	acute myeloid leukemia	cell line	DMSO vehicle	23Y	female	NB4	NB4	CVCL_0005	NB4	dimethyl sulfoxide	not available	3 hour	220711_UM171_RCOR1_NB4_TMT10_F03_of_F13_R1-TMT131	proteomic profiling by mass spectrometry	1	220711_UM171_RCOR1_NB4_TMT10_F03_of_F13_R1.raw	v1.1.0	NT=ms-proteomics;VV=v1.1.0	NT=human;VV=v1.1.0	NT=cell-lines;VV=v1.1.0	NT=clinical-metadata;VV=v1.0.0	manual curation	NT=Data-dependent acquisition;AC=PRIDE:0000627	NT=Orbitrap Exploris 480;AC=MS:1003028	NT=Trypsin;AC=MS:1001251	TMT131	3	NT=higher energy beam-type collision-induced dissociation;AC=MS:1000422	NT=Carbamidomethyl;AC=UNIMOD:4;TA=C;MT=Fixed	NT=TMT6plex;AC=UNIMOD:737;TA=K;MT=Fixed	NT=TMT6plex;AC=UNIMOD:737;PP=Any N-term;MT=Fixed	NT=Oxidation;AC=UNIMOD:35;TA=M;MT=Variable	NT=Acetyl;AC=UNIMOD:1;PP=Protein N-term;MT=Variable	DMSO vehicle
NB4-DMSO vehicle-5	Homo sapiens	bone marrow	myeloid cell	5	acute myeloid leukemia	cell line	DMSO vehicle	23Y	female	NB4	NB4	CVCL_0005	NB4	dimethyl sulfoxide	not available	3 hour	220711_UM171_RCOR1_NB4_TMT10_F04_of_F13_R1-TMT131	proteomic profiling by mass spectrometry	1	220711_UM171_RCOR1_NB4_TMT10_F04_of_F13_R1.raw	v1.1.0	NT=ms-proteomics;VV=v1.1.0	NT=human;VV=v1.1.0	NT=cell-lines;VV=v1.1.0	NT=clinical-metadata;VV=v1.0.0	manual curation	NT=Data-dependent acquisition;AC=PRIDE:0000627	NT=Orbitrap Exploris 480;AC=MS:1003028	NT=Trypsin;AC=MS:1001251	TMT131	4	NT=higher energy beam-type collision-induced dissociation;AC=MS:1000422	NT=Carbamidomethyl;AC=UNIMOD:4;TA=C;MT=Fixed	NT=TMT6plex;AC=UNIMOD:737;TA=K;MT=Fixed	NT=TMT6plex;AC=UNIMOD:737;PP=Any N-term;MT=Fixed	NT=Oxidation;AC=UNIMOD:35;TA=M;MT=Variable	NT=Acetyl;AC=UNIMOD:1;PP=Protein N-term;MT=Variable	DMSO vehicle
NB4-DMSO vehicle-5	Homo sapiens	bone marrow	myeloid cell	5	acute myeloid leukemia	cell line	DMSO vehicle	23Y	female	NB4	NB4	CVCL_0005	NB4	dimethyl sulfoxide	not available	3 hour	220711_UM171_RCOR1_NB4_TMT10_F05_of_F13_R1-TMT131	proteomic profiling by mass spectrometry	1	220711_UM171_RCOR1_NB4_TMT10_F05_of_F13_R1.raw	v1.1.0	NT=ms-proteomics;VV=v1.1.0	NT=human;VV=v1.1.0	NT=cell-lines;VV=v1.1.0	NT=clinical-metadata;VV=v1.0.0	manual curation	NT=Data-dependent acquisition;AC=PRIDE:0000627	NT=Orbitrap Exploris 480;AC=MS:1003028	NT=Trypsin;AC=MS:1001251	TMT131	5	NT=higher energy beam-type collision-induced dissociation;AC=MS:1000422	NT=Carbamidomethyl;AC=UNIMOD:4;TA=C;MT=Fixed	NT=TMT6plex;AC=UNIMOD:737;TA=K;MT=Fixed	NT=TMT6plex;AC=UNIMOD:737;PP=Any N-term;MT=Fixed	NT=Oxidation;AC=UNIMOD:35;TA=M;MT=Variable	NT=Acetyl;AC=UNIMOD:1;PP=Protein N-term;MT=Variable	DMSO vehicle
NB4-DMSO vehicle-5	Homo sapiens	bone marrow	myeloid cell	5	acute myeloid leukemia	cell line	DMSO vehicle	23Y	female	NB4	NB4	CVCL_0005	NB4	dimethyl sulfoxide	not available	3 hour	220711_UM171_RCOR1_NB4_TMT10_F06_of_F13_R1-TMT131	proteomic profiling by mass spectrometry	1	220711_UM171_RCOR1_NB4_TMT10_F06_of_F13_R1.raw	v1.1.0	NT=ms-proteomics;VV=v1.1.0	NT=human;VV=v1.1.0	NT=cell-lines;VV=v1.1.0	NT=clinical-metadata;VV=v1.0.0	manual curation	NT=Data-dependent acquisition;AC=PRIDE:0000627	NT=Orbitrap Exploris 480;AC=MS:1003028	NT=Trypsin;AC=MS:1001251	TMT131	6	NT=higher energy beam-type collision-induced dissociation;AC=MS:1000422	NT=Carbamidomethyl;AC=UNIMOD:4;TA=C;MT=Fixed	NT=TMT6plex;AC=UNIMOD:737;TA=K;MT=Fixed	NT=TMT6plex;AC=UNIMOD:737;PP=Any N-term;MT=Fixed	NT=Oxidation;AC=UNIMOD:35;TA=M;MT=Variable	NT=Acetyl;AC=UNIMOD:1;PP=Protein N-term;MT=Variable	DMSO vehicle
NB4-DMSO vehicle-5	Homo sapiens	bone marrow	myeloid cell	5	acute myeloid leukemia	cell line	DMSO vehicle	23Y	female	NB4	NB4	CVCL_0005	NB4	dimethyl sulfoxide	not available	3 hour	220711_UM171_RCOR1_NB4_TMT10_F07_of_F13_R1-TMT131	proteomic profiling by mass spectrometry	1	220711_UM171_RCOR1_NB4_TMT10_F07_of_F13_R1.raw	v1.1.0	NT=ms-proteomics;VV=v1.1.0	NT=human;VV=v1.1.0	NT=cell-lines;VV=v1.1.0	NT=clinical-metadata;VV=v1.0.0	manual curation	NT=Data-dependent acquisition;AC=PRIDE:0000627	NT=Orbitrap Exploris 480;AC=MS:1003028	NT=Trypsin;AC=MS:1001251	TMT131	7	NT=higher energy beam-type collision-induced dissociation;AC=MS:1000422	NT=Carbamidomethyl;AC=UNIMOD:4;TA=C;MT=Fixed	NT=TMT6plex;AC=UNIMOD:737;TA=K;MT=Fixed	NT=TMT6plex;AC=UNIMOD:737;PP=Any N-term;MT=Fixed	NT=Oxidation;AC=UNIMOD:35;TA=M;MT=Variable	NT=Acetyl;AC=UNIMOD:1;PP=Protein N-term;MT=Variable	DMSO vehicle
NB4-DMSO vehicle-5	Homo sapiens	bone marrow	myeloid cell	5	acute myeloid leukemia	cell line	DMSO vehicle	23Y	female	NB4	NB4	CVCL_0005	NB4	dimethyl sulfoxide	not available	3 hour	220711_UM171_RCOR1_NB4_TMT10_F08_of_F13_R1-TMT131	proteomic profiling by mass spectrometry	1	220711_UM171_RCOR1_NB4_TMT10_F08_of_F13_R1.raw	v1.1.0	NT=ms-proteomics;VV=v1.1.0	NT=human;VV=v1.1.0	NT=cell-lines;VV=v1.1.0	NT=clinical-metadata;VV=v1.0.0	manual curation	NT=Data-dependent acquisition;AC=PRIDE:0000627	NT=Orbitrap Exploris 480;AC=MS:1003028	NT=Trypsin;AC=MS:1001251	TMT131	8	NT=higher energy beam-type collision-induced dissociation;AC=MS:1000422	NT=Carbamidomethyl;AC=UNIMOD:4;TA=C;MT=Fixed	NT=TMT6plex;AC=UNIMOD:737;TA=K;MT=Fixed	NT=TMT6plex;AC=UNIMOD:737;PP=Any N-term;MT=Fixed	NT=Oxidation;AC=UNIMOD:35;TA=M;MT=Variable	NT=Acetyl;AC=UNIMOD:1;PP=Protein N-term;MT=Variable	DMSO vehicle
NB4-DMSO vehicle-5	Homo sapiens	bone marrow	myeloid cell	5	acute myeloid leukemia	cell line	DMSO vehicle	23Y	female	NB4	NB4	CVCL_0005	NB4	dimethyl sulfoxide	not available	3 hour	220711_UM171_RCOR1_NB4_TMT10_F09_of_F13_R1-TMT131	proteomic profiling by mass spectrometry	1	220711_UM171_RCOR1_NB4_TMT10_F09_of_F13_R1.raw	v1.1.0	NT=ms-proteomics;VV=v1.1.0	NT=human;VV=v1.1.0	NT=cell-lines;VV=v1.1.0	NT=clinical-metadata;VV=v1.0.0	manual curation	NT=Data-dependent acquisition;AC=PRIDE:0000627	NT=Orbitrap Exploris 480;AC=MS:1003028	NT=Trypsin;AC=MS:1001251	TMT131	9	NT=higher energy beam-type collision-induced dissociation;AC=MS:1000422	NT=Carbamidomethyl;AC=UNIMOD:4;TA=C;MT=Fixed	NT=TMT6plex;AC=UNIMOD:737;TA=K;MT=Fixed	NT=TMT6plex;AC=UNIMOD:737;PP=Any N-term;MT=Fixed	NT=Oxidation;AC=UNIMOD:35;TA=M;MT=Variable	NT=Acetyl;AC=UNIMOD:1;PP=Protein N-term;MT=Variable	DMSO vehicle
NB4-DMSO vehicle-5	Homo sapiens	bone marrow	myeloid cell	5	acute myeloid leukemia	cell line	DMSO vehicle	23Y	female	NB4	NB4	CVCL_0005	NB4	dimethyl sulfoxide	not available	3 hour	220711_UM171_RCOR1_NB4_TMT10_F10_of_F13_R1-TMT131	proteomic profiling by mass spectrometry	1	220711_UM171_RCOR1_NB4_TMT10_F10_of_F13_R1.raw	v1.1.0	NT=ms-proteomics;VV=v1.1.0	NT=human;VV=v1.1.0	NT=cell-lines;VV=v1.1.0	NT=clinical-metadata;VV=v1.0.0	manual curation	NT=Data-dependent acquisition;AC=PRIDE:0000627	NT=Orbitrap Exploris 480;AC=MS:1003028	NT=Trypsin;AC=MS:1001251	TMT131	10	NT=higher energy beam-type collision-induced dissociation;AC=MS:1000422	NT=Carbamidomethyl;AC=UNIMOD:4;TA=C;MT=Fixed	NT=TMT6plex;AC=UNIMOD:737;TA=K;MT=Fixed	NT=TMT6plex;AC=UNIMOD:737;PP=Any N-term;MT=Fixed	NT=Oxidation;AC=UNIMOD:35;TA=M;MT=Variable	NT=Acetyl;AC=UNIMOD:1;PP=Protein N-term;MT=Variable	DMSO vehicle
NB4-DMSO vehicle-5	Homo sapiens	bone marrow	myeloid cell	5	acute myeloid leukemia	cell line	DMSO vehicle	23Y	female	NB4	NB4	CVCL_0005	NB4	dimethyl sulfoxide	not available	3 hour	220711_UM171_RCOR1_NB4_TMT10_F11_of_F13_R1-TMT131	proteomic profiling by mass spectrometry	1	220711_UM171_RCOR1_NB4_TMT10_F11_of_F13_R1.raw	v1.1.0	NT=ms-proteomics;VV=v1.1.0	NT=human;VV=v1.1.0	NT=cell-lines;VV=v1.1.0	NT=clinical-metadata;VV=v1.0.0	manual curation	NT=Data-dependent acquisition;AC=PRIDE:0000627	NT=Orbitrap Exploris 480;AC=MS:1003028	NT=Trypsin;AC=MS:1001251	TMT131	11	NT=higher energy beam-type collision-induced dissociation;AC=MS:1000422	NT=Carbamidomethyl;AC=UNIMOD:4;TA=C;MT=Fixed	NT=TMT6plex;AC=UNIMOD:737;TA=K;MT=Fixed	NT=TMT6plex;AC=UNIMOD:737;PP=Any N-term;MT=Fixed	NT=Oxidation;AC=UNIMOD:35;TA=M;MT=Variable	NT=Acetyl;AC=UNIMOD:1;PP=Protein N-term;MT=Variable	DMSO vehicle
NB4-DMSO vehicle-5	Homo sapiens	bone marrow	myeloid cell	5	acute myeloid leukemia	cell line	DMSO vehicle	23Y	female	NB4	NB4	CVCL_0005	NB4	dimethyl sulfoxide	not available	3 hour	220819_UM171_RCOR1_NB4_TMT10_F12_of_F13_R1-TMT131	proteomic profiling by mass spectrometry	1	220819_UM171_RCOR1_NB4_TMT10_F12_of_F13_R1.raw	v1.1.0	NT=ms-proteomics;VV=v1.1.0	NT=human;VV=v1.1.0	NT=cell-lines;VV=v1.1.0	NT=clinical-metadata;VV=v1.0.0	manual curation	NT=Data-dependent acquisition;AC=PRIDE:0000627	NT=Orbitrap Exploris 480;AC=MS:1003028	NT=Trypsin;AC=MS:1001251	TMT131	12	NT=higher energy beam-type collision-induced dissociation;AC=MS:1000422	NT=Carbamidomethyl;AC=UNIMOD:4;TA=C;MT=Fixed	NT=TMT6plex;AC=UNIMOD:737;TA=K;MT=Fixed	NT=TMT6plex;AC=UNIMOD:737;PP=Any N-term;MT=Fixed	NT=Oxidation;AC=UNIMOD:35;TA=M;MT=Variable	NT=Acetyl;AC=UNIMOD:1;PP=Protein N-term;MT=Variable	DMSO vehicle
NB4-DMSO vehicle-5	Homo sapiens	bone marrow	myeloid cell	5	acute myeloid leukemia	cell line	DMSO vehicle	23Y	female	NB4	NB4	CVCL_0005	NB4	dimethyl sulfoxide	not available	3 hour	220819_UM171_RCOR1_NB4_TMT10_F13_of_F13_R1-TMT131	proteomic profiling by mass spectrometry	1	220819_UM171_RCOR1_NB4_TMT10_F13_of_F13_R1.raw	v1.1.0	NT=ms-proteomics;VV=v1.1.0	NT=human;VV=v1.1.0	NT=cell-lines;VV=v1.1.0	NT=clinical-metadata;VV=v1.0.0	manual curation	NT=Data-dependent acquisition;AC=PRIDE:0000627	NT=Orbitrap Exploris 480;AC=MS:1003028	NT=Trypsin;AC=MS:1001251	TMT131	13	NT=higher energy beam-type collision-induced dissociation;AC=MS:1000422	NT=Carbamidomethyl;AC=UNIMOD:4;TA=C;MT=Fixed	NT=TMT6plex;AC=UNIMOD:737;TA=K;MT=Fixed	NT=TMT6plex;AC=UNIMOD:737;PP=Any N-term;MT=Fixed	NT=Oxidation;AC=UNIMOD:35;TA=M;MT=Variable	NT=Acetyl;AC=UNIMOD:1;PP=Protein N-term;MT=Variable	DMSO vehicle
NB4-UM171-1	Homo sapiens	bone marrow	myeloid cell	1	acute myeloid leukemia	cell line	UM171	23Y	female	NB4	NB4	CVCL_0005	NB4	UM171	0.1 uM	3 hour	220819_UM171_RCOR1_NB4_TMT10_F01_of_F13_R2-TMT126	proteomic profiling by mass spectrometry	2	220819_UM171_RCOR1_NB4_TMT10_F01_of_F13_R2.raw	v1.1.0	NT=ms-proteomics;VV=v1.1.0	NT=human;VV=v1.1.0	NT=cell-lines;VV=v1.1.0	NT=clinical-metadata;VV=v1.0.0	manual curation	NT=Data-dependent acquisition;AC=PRIDE:0000627	NT=Orbitrap Exploris 480;AC=MS:1003028	NT=Trypsin;AC=MS:1001251	TMT126	1	NT=higher energy beam-type collision-induced dissociation;AC=MS:1000422	NT=Carbamidomethyl;AC=UNIMOD:4;TA=C;MT=Fixed	NT=TMT6plex;AC=UNIMOD:737;TA=K;MT=Fixed	NT=TMT6plex;AC=UNIMOD:737;PP=Any N-term;MT=Fixed	NT=Oxidation;AC=UNIMOD:35;TA=M;MT=Variable	NT=Acetyl;AC=UNIMOD:1;PP=Protein N-term;MT=Variable	UM171
NB4-UM171-1	Homo sapiens	bone marrow	myeloid cell	1	acute myeloid leukemia	cell line	UM171	23Y	female	NB4	NB4	CVCL_0005	NB4	UM171	0.1 uM	3 hour	220819_UM171_RCOR1_NB4_TMT10_F02_of_F13_R2-TMT126	proteomic profiling by mass spectrometry	2	220819_UM171_RCOR1_NB4_TMT10_F02_of_F13_R2.raw	v1.1.0	NT=ms-proteomics;VV=v1.1.0	NT=human;VV=v1.1.0	NT=cell-lines;VV=v1.1.0	NT=clinical-metadata;VV=v1.0.0	manual curation	NT=Data-dependent acquisition;AC=PRIDE:0000627	NT=Orbitrap Exploris 480;AC=MS:1003028	NT=Trypsin;AC=MS:1001251	TMT126	2	NT=higher energy beam-type collision-induced dissociation;AC=MS:1000422	NT=Carbamidomethyl;AC=UNIMOD:4;TA=C;MT=Fixed	NT=TMT6plex;AC=UNIMOD:737;TA=K;MT=Fixed	NT=TMT6plex;AC=UNIMOD:737;PP=Any N-term;MT=Fixed	NT=Oxidation;AC=UNIMOD:35;TA=M;MT=Variable	NT=Acetyl;AC=UNIMOD:1;PP=Protein N-term;MT=Variable	UM171
NB4-UM171-1	Homo sapiens	bone marrow	myeloid cell	1	acute myeloid leukemia	cell line	UM171	23Y	female	NB4	NB4	CVCL_0005	NB4	UM171	0.1 uM	3 hour	220819_UM171_RCOR1_NB4_TMT10_F03_of_F13_R2-TMT126	proteomic profiling by mass spectrometry	2	220819_UM171_RCOR1_NB4_TMT10_F03_of_F13_R2.raw	v1.1.0	NT=ms-proteomics;VV=v1.1.0	NT=human;VV=v1.1.0	NT=cell-lines;VV=v1.1.0	NT=clinical-metadata;VV=v1.0.0	manual curation	NT=Data-dependent acquisition;AC=PRIDE:0000627	NT=Orbitrap Exploris 480;AC=MS:1003028	NT=Trypsin;AC=MS:1001251	TMT126	3	NT=higher energy beam-type collision-induced dissociation;AC=MS:1000422	NT=Carbamidomethyl;AC=UNIMOD:4;TA=C;MT=Fixed	NT=TMT6plex;AC=UNIMOD:737;TA=K;MT=Fixed	NT=TMT6plex;AC=UNIMOD:737;PP=Any N-term;MT=Fixed	NT=Oxidation;AC=UNIMOD:35;TA=M;MT=Variable	NT=Acetyl;AC=UNIMOD:1;PP=Protein N-term;MT=Variable	UM171
NB4-UM171-1	Homo sapiens	bone marrow	myeloid cell	1	acute myeloid leukemia	cell line	UM171	23Y	female	NB4	NB4	CVCL_0005	NB4	UM171	0.1 uM	3 hour	220819_UM171_RCOR1_NB4_TMT10_F04_of_F13_R2-TMT126	proteomic profiling by mass spectrometry	2	220819_UM171_RCOR1_NB4_TMT10_F04_of_F13_R2.raw	v1.1.0	NT=ms-proteomics;VV=v1.1.0	NT=human;VV=v1.1.0	NT=cell-lines;VV=v1.1.0	NT=clinical-metadata;VV=v1.0.0	manual curation	NT=Data-dependent acquisition;AC=PRIDE:0000627	NT=Orbitrap Exploris 480;AC=MS:1003028	NT=Trypsin;AC=MS:1001251	TMT126	4	NT=higher energy beam-type collision-induced dissociation;AC=MS:1000422	NT=Carbamidomethyl;AC=UNIMOD:4;TA=C;MT=Fixed	NT=TMT6plex;AC=UNIMOD:737;TA=K;MT=Fixed	NT=TMT6plex;AC=UNIMOD:737;PP=Any N-term;MT=Fixed	NT=Oxidation;AC=UNIMOD:35;TA=M;MT=Variable	NT=Acetyl;AC=UNIMOD:1;PP=Protein N-term;MT=Variable	UM171
NB4-UM171-1	Homo sapiens	bone marrow	myeloid cell	1	acute myeloid leukemia	cell line	UM171	23Y	female	NB4	NB4	CVCL_0005	NB4	UM171	0.1 uM	3 hour	220819_UM171_RCOR1_NB4_TMT10_F05_of_F13_R2-TMT126	proteomic profiling by mass spectrometry	2	220819_UM171_RCOR1_NB4_TMT10_F05_of_F13_R2.raw	v1.1.0	NT=ms-proteomics;VV=v1.1.0	NT=human;VV=v1.1.0	NT=cell-lines;VV=v1.1.0	NT=clinical-metadata;VV=v1.0.0	manual curation	NT=Data-dependent acquisition;AC=PRIDE:0000627	NT=Orbitrap Exploris 480;AC=MS:1003028	NT=Trypsin;AC=MS:1001251	TMT126	5	NT=higher energy beam-type collision-induced dissociation;AC=MS:1000422	NT=Carbamidomethyl;AC=UNIMOD:4;TA=C;MT=Fixed	NT=TMT6plex;AC=UNIMOD:737;TA=K;MT=Fixed	NT=TMT6plex;AC=UNIMOD:737;PP=Any N-term;MT=Fixed	NT=Oxidation;AC=UNIMOD:35;TA=M;MT=Variable	NT=Acetyl;AC=UNIMOD:1;PP=Protein N-term;MT=Variable	UM171
NB4-UM171-1	Homo sapiens	bone marrow	myeloid cell	1	acute myeloid leukemia	cell line	UM171	23Y	female	NB4	NB4	CVCL_0005	NB4	UM171	0.1 uM	3 hour	220819_UM171_RCOR1_NB4_TMT10_F06_of_F13_R2-TMT126	proteomic profiling by mass spectrometry	2	220819_UM171_RCOR1_NB4_TMT10_F06_of_F13_R2.raw	v1.1.0	NT=ms-proteomics;VV=v1.1.0	NT=human;VV=v1.1.0	NT=cell-lines;VV=v1.1.0	NT=clinical-metadata;VV=v1.0.0	manual curation	NT=Data-dependent acquisition;AC=PRIDE:0000627	NT=Orbitrap Exploris 480;AC=MS:1003028	NT=Trypsin;AC=MS:1001251	TMT126	6	NT=higher energy beam-type collision-induced dissociation;AC=MS:1000422	NT=Carbamidomethyl;AC=UNIMOD:4;TA=C;MT=Fixed	NT=TMT6plex;AC=UNIMOD:737;TA=K;MT=Fixed	NT=TMT6plex;AC=UNIMOD:737;PP=Any N-term;MT=Fixed	NT=Oxidation;AC=UNIMOD:35;TA=M;MT=Variable	NT=Acetyl;AC=UNIMOD:1;PP=Protein N-term;MT=Variable	UM171
NB4-UM171-1	Homo sapiens	bone marrow	myeloid cell	1	acute myeloid leukemia	cell line	UM171	23Y	female	NB4	NB4	CVCL_0005	NB4	UM171	0.1 uM	3 hour	220819_UM171_RCOR1_NB4_TMT10_F07_of_F13_R2-TMT126	proteomic profiling by mass spectrometry	2	220819_UM171_RCOR1_NB4_TMT10_F07_of_F13_R2.raw	v1.1.0	NT=ms-proteomics;VV=v1.1.0	NT=human;VV=v1.1.0	NT=cell-lines;VV=v1.1.0	NT=clinical-metadata;VV=v1.0.0	manual curation	NT=Data-dependent acquisition;AC=PRIDE:0000627	NT=Orbitrap Exploris 480;AC=MS:1003028	NT=Trypsin;AC=MS:1001251	TMT126	7	NT=higher energy beam-type collision-induced dissociation;AC=MS:1000422	NT=Carbamidomethyl;AC=UNIMOD:4;TA=C;MT=Fixed	NT=TMT6plex;AC=UNIMOD:737;TA=K;MT=Fixed	NT=TMT6plex;AC=UNIMOD:737;PP=Any N-term;MT=Fixed	NT=Oxidation;AC=UNIMOD:35;TA=M;MT=Variable	NT=Acetyl;AC=UNIMOD:1;PP=Protein N-term;MT=Variable	UM171
NB4-UM171-1	Homo sapiens	bone marrow	myeloid cell	1	acute myeloid leukemia	cell line	UM171	23Y	female	NB4	NB4	CVCL_0005	NB4	UM171	0.1 uM	3 hour	220819_UM171_RCOR1_NB4_TMT10_F08_of_F13_R2-TMT126	proteomic profiling by mass spectrometry	2	220819_UM171_RCOR1_NB4_TMT10_F08_of_F13_R2.raw	v1.1.0	NT=ms-proteomics;VV=v1.1.0	NT=human;VV=v1.1.0	NT=cell-lines;VV=v1.1.0	NT=clinical-metadata;VV=v1.0.0	manual curation	NT=Data-dependent acquisition;AC=PRIDE:0000627	NT=Orbitrap Exploris 480;AC=MS:1003028	NT=Trypsin;AC=MS:1001251	TMT126	8	NT=higher energy beam-type collision-induced dissociation;AC=MS:1000422	NT=Carbamidomethyl;AC=UNIMOD:4;TA=C;MT=Fixed	NT=TMT6plex;AC=UNIMOD:737;TA=K;MT=Fixed	NT=TMT6plex;AC=UNIMOD:737;PP=Any N-term;MT=Fixed	NT=Oxidation;AC=UNIMOD:35;TA=M;MT=Variable	NT=Acetyl;AC=UNIMOD:1;PP=Protein N-term;MT=Variable	UM171
NB4-UM171-1	Homo sapiens	bone marrow	myeloid cell	1	acute myeloid leukemia	cell line	UM171	23Y	female	NB4	NB4	CVCL_0005	NB4	UM171	0.1 uM	3 hour	220819_UM171_RCOR1_NB4_TMT10_F09_of_F13_R2-TMT126	proteomic profiling by mass spectrometry	2	220819_UM171_RCOR1_NB4_TMT10_F09_of_F13_R2.raw	v1.1.0	NT=ms-proteomics;VV=v1.1.0	NT=human;VV=v1.1.0	NT=cell-lines;VV=v1.1.0	NT=clinical-metadata;VV=v1.0.0	manual curation	NT=Data-dependent acquisition;AC=PRIDE:0000627	NT=Orbitrap Exploris 480;AC=MS:1003028	NT=Trypsin;AC=MS:1001251	TMT126	9	NT=higher energy beam-type collision-induced dissociation;AC=MS:1000422	NT=Carbamidomethyl;AC=UNIMOD:4;TA=C;MT=Fixed	NT=TMT6plex;AC=UNIMOD:737;TA=K;MT=Fixed	NT=TMT6plex;AC=UNIMOD:737;PP=Any N-term;MT=Fixed	NT=Oxidation;AC=UNIMOD:35;TA=M;MT=Variable	NT=Acetyl;AC=UNIMOD:1;PP=Protein N-term;MT=Variable	UM171
NB4-UM171-1	Homo sapiens	bone marrow	myeloid cell	1	acute myeloid leukemia	cell line	UM171	23Y	female	NB4	NB4	CVCL_0005	NB4	UM171	0.1 uM	3 hour	220819_UM171_RCOR1_NB4_TMT10_F10_of_F13_R2-TMT126	proteomic profiling by mass spectrometry	2	220819_UM171_RCOR1_NB4_TMT10_F10_of_F13_R2.raw	v1.1.0	NT=ms-proteomics;VV=v1.1.0	NT=human;VV=v1.1.0	NT=cell-lines;VV=v1.1.0	NT=clinical-metadata;VV=v1.0.0	manual curation	NT=Data-dependent acquisition;AC=PRIDE:0000627	NT=Orbitrap Exploris 480;AC=MS:1003028	NT=Trypsin;AC=MS:1001251	TMT126	10	NT=higher energy beam-type collision-induced dissociation;AC=MS:1000422	NT=Carbamidomethyl;AC=UNIMOD:4;TA=C;MT=Fixed	NT=TMT6plex;AC=UNIMOD:737;TA=K;MT=Fixed	NT=TMT6plex;AC=UNIMOD:737;PP=Any N-term;MT=Fixed	NT=Oxidation;AC=UNIMOD:35;TA=M;MT=Variable	NT=Acetyl;AC=UNIMOD:1;PP=Protein N-term;MT=Variable	UM171
NB4-UM171-1	Homo sapiens	bone marrow	myeloid cell	1	acute myeloid leukemia	cell line	UM171	23Y	female	NB4	NB4	CVCL_0005	NB4	UM171	0.1 uM	3 hour	220819_UM171_RCOR1_NB4_TMT10_F11_of_F13_R2-TMT126	proteomic profiling by mass spectrometry	2	220819_UM171_RCOR1_NB4_TMT10_F11_of_F13_R2.raw	v1.1.0	NT=ms-proteomics;VV=v1.1.0	NT=human;VV=v1.1.0	NT=cell-lines;VV=v1.1.0	NT=clinical-metadata;VV=v1.0.0	manual curation	NT=Data-dependent acquisition;AC=PRIDE:0000627	NT=Orbitrap Exploris 480;AC=MS:1003028	NT=Trypsin;AC=MS:1001251	TMT126	11	NT=higher energy beam-type collision-induced dissociation;AC=MS:1000422	NT=Carbamidomethyl;AC=UNIMOD:4;TA=C;MT=Fixed	NT=TMT6plex;AC=UNIMOD:737;TA=K;MT=Fixed	NT=TMT6plex;AC=UNIMOD:737;PP=Any N-term;MT=Fixed	NT=Oxidation;AC=UNIMOD:35;TA=M;MT=Variable	NT=Acetyl;AC=UNIMOD:1;PP=Protein N-term;MT=Variable	UM171
NB4-UM171-1	Homo sapiens	bone marrow	myeloid cell	1	acute myeloid leukemia	cell line	UM171	23Y	female	NB4	NB4	CVCL_0005	NB4	UM171	0.1 uM	3 hour	220819_UM171_RCOR1_NB4_TMT10_F12_of_F13_R2-TMT126	proteomic profiling by mass spectrometry	2	220819_UM171_RCOR1_NB4_TMT10_F12_of_F13_R2.raw	v1.1.0	NT=ms-proteomics;VV=v1.1.0	NT=human;VV=v1.1.0	NT=cell-lines;VV=v1.1.0	NT=clinical-metadata;VV=v1.0.0	manual curation	NT=Data-dependent acquisition;AC=PRIDE:0000627	NT=Orbitrap Exploris 480;AC=MS:1003028	NT=Trypsin;AC=MS:1001251	TMT126	12	NT=higher energy beam-type collision-induced dissociation;AC=MS:1000422	NT=Carbamidomethyl;AC=UNIMOD:4;TA=C;MT=Fixed	NT=TMT6plex;AC=UNIMOD:737;TA=K;MT=Fixed	NT=TMT6plex;AC=UNIMOD:737;PP=Any N-term;MT=Fixed	NT=Oxidation;AC=UNIMOD:35;TA=M;MT=Variable	NT=Acetyl;AC=UNIMOD:1;PP=Protein N-term;MT=Variable	UM171
NB4-UM171-1	Homo sapiens	bone marrow	myeloid cell	1	acute myeloid leukemia	cell line	UM171	23Y	female	NB4	NB4	CVCL_0005	NB4	UM171	0.1 uM	3 hour	220819_UM171_RCOR1_NB4_TMT10_F13_of_F13_R2-TMT126	proteomic profiling by mass spectrometry	2	220819_UM171_RCOR1_NB4_TMT10_F13_of_F13_R2.raw	v1.1.0	NT=ms-proteomics;VV=v1.1.0	NT=human;VV=v1.1.0	NT=cell-lines;VV=v1.1.0	NT=clinical-metadata;VV=v1.0.0	manual curation	NT=Data-dependent acquisition;AC=PRIDE:0000627	NT=Orbitrap Exploris 480;AC=MS:1003028	NT=Trypsin;AC=MS:1001251	TMT126	13	NT=higher energy beam-type collision-induced dissociation;AC=MS:1000422	NT=Carbamidomethyl;AC=UNIMOD:4;TA=C;MT=Fixed	NT=TMT6plex;AC=UNIMOD:737;TA=K;MT=Fixed	NT=TMT6plex;AC=UNIMOD:737;PP=Any N-term;MT=Fixed	NT=Oxidation;AC=UNIMOD:35;TA=M;MT=Variable	NT=Acetyl;AC=UNIMOD:1;PP=Protein N-term;MT=Variable	UM171
NB4-UM171-2	Homo sapiens	bone marrow	myeloid cell	2	acute myeloid leukemia	cell line	UM171	23Y	female	NB4	NB4	CVCL_0005	NB4	UM171	0.1 uM	3 hour	220819_UM171_RCOR1_NB4_TMT10_F01_of_F13_R2-TMT127N	proteomic profiling by mass spectrometry	2	220819_UM171_RCOR1_NB4_TMT10_F01_of_F13_R2.raw	v1.1.0	NT=ms-proteomics;VV=v1.1.0	NT=human;VV=v1.1.0	NT=cell-lines;VV=v1.1.0	NT=clinical-metadata;VV=v1.0.0	manual curation	NT=Data-dependent acquisition;AC=PRIDE:0000627	NT=Orbitrap Exploris 480;AC=MS:1003028	NT=Trypsin;AC=MS:1001251	TMT127N	1	NT=higher energy beam-type collision-induced dissociation;AC=MS:1000422	NT=Carbamidomethyl;AC=UNIMOD:4;TA=C;MT=Fixed	NT=TMT6plex;AC=UNIMOD:737;TA=K;MT=Fixed	NT=TMT6plex;AC=UNIMOD:737;PP=Any N-term;MT=Fixed	NT=Oxidation;AC=UNIMOD:35;TA=M;MT=Variable	NT=Acetyl;AC=UNIMOD:1;PP=Protein N-term;MT=Variable	UM171
NB4-UM171-2	Homo sapiens	bone marrow	myeloid cell	2	acute myeloid leukemia	cell line	UM171	23Y	female	NB4	NB4	CVCL_0005	NB4	UM171	0.1 uM	3 hour	220819_UM171_RCOR1_NB4_TMT10_F02_of_F13_R2-TMT127N	proteomic profiling by mass spectrometry	2	220819_UM171_RCOR1_NB4_TMT10_F02_of_F13_R2.raw	v1.1.0	NT=ms-proteomics;VV=v1.1.0	NT=human;VV=v1.1.0	NT=cell-lines;VV=v1.1.0	NT=clinical-metadata;VV=v1.0.0	manual curation	NT=Data-dependent acquisition;AC=PRIDE:0000627	NT=Orbitrap Exploris 480;AC=MS:1003028	NT=Trypsin;AC=MS:1001251	TMT127N	2	NT=higher energy beam-type collision-induced dissociation;AC=MS:1000422	NT=Carbamidomethyl;AC=UNIMOD:4;TA=C;MT=Fixed	NT=TMT6plex;AC=UNIMOD:737;TA=K;MT=Fixed	NT=TMT6plex;AC=UNIMOD:737;PP=Any N-term;MT=Fixed	NT=Oxidation;AC=UNIMOD:35;TA=M;MT=Variable	NT=Acetyl;AC=UNIMOD:1;PP=Protein N-term;MT=Variable	UM171
NB4-UM171-2	Homo sapiens	bone marrow	myeloid cell	2	acute myeloid leukemia	cell line	UM171	23Y	female	NB4	NB4	CVCL_0005	NB4	UM171	0.1 uM	3 hour	220819_UM171_RCOR1_NB4_TMT10_F03_of_F13_R2-TMT127N	proteomic profiling by mass spectrometry	2	220819_UM171_RCOR1_NB4_TMT10_F03_of_F13_R2.raw	v1.1.0	NT=ms-proteomics;VV=v1.1.0	NT=human;VV=v1.1.0	NT=cell-lines;VV=v1.1.0	NT=clinical-metadata;VV=v1.0.0	manual curation	NT=Data-dependent acquisition;AC=PRIDE:0000627	NT=Orbitrap Exploris 480;AC=MS:1003028	NT=Trypsin;AC=MS:1001251	TMT127N	3	NT=higher energy beam-type collision-induced dissociation;AC=MS:1000422	NT=Carbamidomethyl;AC=UNIMOD:4;TA=C;MT=Fixed	NT=TMT6plex;AC=UNIMOD:737;TA=K;MT=Fixed	NT=TMT6plex;AC=UNIMOD:737;PP=Any N-term;MT=Fixed	NT=Oxidation;AC=UNIMOD:35;TA=M;MT=Variable	NT=Acetyl;AC=UNIMOD:1;PP=Protein N-term;MT=Variable	UM171
NB4-UM171-2	Homo sapiens	bone marrow	myeloid cell	2	acute myeloid leukemia	cell line	UM171	23Y	female	NB4	NB4	CVCL_0005	NB4	UM171	0.1 uM	3 hour	220819_UM171_RCOR1_NB4_TMT10_F04_of_F13_R2-TMT127N	proteomic profiling by mass spectrometry	2	220819_UM171_RCOR1_NB4_TMT10_F04_of_F13_R2.raw	v1.1.0	NT=ms-proteomics;VV=v1.1.0	NT=human;VV=v1.1.0	NT=cell-lines;VV=v1.1.0	NT=clinical-metadata;VV=v1.0.0	manual curation	NT=Data-dependent acquisition;AC=PRIDE:0000627	NT=Orbitrap Exploris 480;AC=MS:1003028	NT=Trypsin;AC=MS:1001251	TMT127N	4	NT=higher energy beam-type collision-induced dissociation;AC=MS:1000422	NT=Carbamidomethyl;AC=UNIMOD:4;TA=C;MT=Fixed	NT=TMT6plex;AC=UNIMOD:737;TA=K;MT=Fixed	NT=TMT6plex;AC=UNIMOD:737;PP=Any N-term;MT=Fixed	NT=Oxidation;AC=UNIMOD:35;TA=M;MT=Variable	NT=Acetyl;AC=UNIMOD:1;PP=Protein N-term;MT=Variable	UM171
NB4-UM171-2	Homo sapiens	bone marrow	myeloid cell	2	acute myeloid leukemia	cell line	UM171	23Y	female	NB4	NB4	CVCL_0005	NB4	UM171	0.1 uM	3 hour	220819_UM171_RCOR1_NB4_TMT10_F05_of_F13_R2-TMT127N	proteomic profiling by mass spectrometry	2	220819_UM171_RCOR1_NB4_TMT10_F05_of_F13_R2.raw	v1.1.0	NT=ms-proteomics;VV=v1.1.0	NT=human;VV=v1.1.0	NT=cell-lines;VV=v1.1.0	NT=clinical-metadata;VV=v1.0.0	manual curation	NT=Data-dependent acquisition;AC=PRIDE:0000627	NT=Orbitrap Exploris 480;AC=MS:1003028	NT=Trypsin;AC=MS:1001251	TMT127N	5	NT=higher energy beam-type collision-induced dissociation;AC=MS:1000422	NT=Carbamidomethyl;AC=UNIMOD:4;TA=C;MT=Fixed	NT=TMT6plex;AC=UNIMOD:737;TA=K;MT=Fixed	NT=TMT6plex;AC=UNIMOD:737;PP=Any N-term;MT=Fixed	NT=Oxidation;AC=UNIMOD:35;TA=M;MT=Variable	NT=Acetyl;AC=UNIMOD:1;PP=Protein N-term;MT=Variable	UM171
NB4-UM171-2	Homo sapiens	bone marrow	myeloid cell	2	acute myeloid leukemia	cell line	UM171	23Y	female	NB4	NB4	CVCL_0005	NB4	UM171	0.1 uM	3 hour	220819_UM171_RCOR1_NB4_TMT10_F06_of_F13_R2-TMT127N	proteomic profiling by mass spectrometry	2	220819_UM171_RCOR1_NB4_TMT10_F06_of_F13_R2.raw	v1.1.0	NT=ms-proteomics;VV=v1.1.0	NT=human;VV=v1.1.0	NT=cell-lines;VV=v1.1.0	NT=clinical-metadata;VV=v1.0.0	manual curation	NT=Data-dependent acquisition;AC=PRIDE:0000627	NT=Orbitrap Exploris 480;AC=MS:1003028	NT=Trypsin;AC=MS:1001251	TMT127N	6	NT=higher energy beam-type collision-induced dissociation;AC=MS:1000422	NT=Carbamidomethyl;AC=UNIMOD:4;TA=C;MT=Fixed	NT=TMT6plex;AC=UNIMOD:737;TA=K;MT=Fixed	NT=TMT6plex;AC=UNIMOD:737;PP=Any N-term;MT=Fixed	NT=Oxidation;AC=UNIMOD:35;TA=M;MT=Variable	NT=Acetyl;AC=UNIMOD:1;PP=Protein N-term;MT=Variable	UM171
NB4-UM171-2	Homo sapiens	bone marrow	myeloid cell	2	acute myeloid leukemia	cell line	UM171	23Y	female	NB4	NB4	CVCL_0005	NB4	UM171	0.1 uM	3 hour	220819_UM171_RCOR1_NB4_TMT10_F07_of_F13_R2-TMT127N	proteomic profiling by mass spectrometry	2	220819_UM171_RCOR1_NB4_TMT10_F07_of_F13_R2.raw	v1.1.0	NT=ms-proteomics;VV=v1.1.0	NT=human;VV=v1.1.0	NT=cell-lines;VV=v1.1.0	NT=clinical-metadata;VV=v1.0.0	manual curation	NT=Data-dependent acquisition;AC=PRIDE:0000627	NT=Orbitrap Exploris 480;AC=MS:1003028	NT=Trypsin;AC=MS:1001251	TMT127N	7	NT=higher energy beam-type collision-induced dissociation;AC=MS:1000422	NT=Carbamidomethyl;AC=UNIMOD:4;TA=C;MT=Fixed	NT=TMT6plex;AC=UNIMOD:737;TA=K;MT=Fixed	NT=TMT6plex;AC=UNIMOD:737;PP=Any N-term;MT=Fixed	NT=Oxidation;AC=UNIMOD:35;TA=M;MT=Variable	NT=Acetyl;AC=UNIMOD:1;PP=Protein N-term;MT=Variable	UM171
NB4-UM171-2	Homo sapiens	bone marrow	myeloid cell	2	acute myeloid leukemia	cell line	UM171	23Y	female	NB4	NB4	CVCL_0005	NB4	UM171	0.1 uM	3 hour	220819_UM171_RCOR1_NB4_TMT10_F08_of_F13_R2-TMT127N	proteomic profiling by mass spectrometry	2	220819_UM171_RCOR1_NB4_TMT10_F08_of_F13_R2.raw	v1.1.0	NT=ms-proteomics;VV=v1.1.0	NT=human;VV=v1.1.0	NT=cell-lines;VV=v1.1.0	NT=clinical-metadata;VV=v1.0.0	manual curation	NT=Data-dependent acquisition;AC=PRIDE:0000627	NT=Orbitrap Exploris 480;AC=MS:1003028	NT=Trypsin;AC=MS:1001251	TMT127N	8	NT=higher energy beam-type collision-induced dissociation;AC=MS:1000422	NT=Carbamidomethyl;AC=UNIMOD:4;TA=C;MT=Fixed	NT=TMT6plex;AC=UNIMOD:737;TA=K;MT=Fixed	NT=TMT6plex;AC=UNIMOD:737;PP=Any N-term;MT=Fixed	NT=Oxidation;AC=UNIMOD:35;TA=M;MT=Variable	NT=Acetyl;AC=UNIMOD:1;PP=Protein N-term;MT=Variable	UM171
NB4-UM171-2	Homo sapiens	bone marrow	myeloid cell	2	acute myeloid leukemia	cell line	UM171	23Y	female	NB4	NB4	CVCL_0005	NB4	UM171	0.1 uM	3 hour	220819_UM171_RCOR1_NB4_TMT10_F09_of_F13_R2-TMT127N	proteomic profiling by mass spectrometry	2	220819_UM171_RCOR1_NB4_TMT10_F09_of_F13_R2.raw	v1.1.0	NT=ms-proteomics;VV=v1.1.0	NT=human;VV=v1.1.0	NT=cell-lines;VV=v1.1.0	NT=clinical-metadata;VV=v1.0.0	manual curation	NT=Data-dependent acquisition;AC=PRIDE:0000627	NT=Orbitrap Exploris 480;AC=MS:1003028	NT=Trypsin;AC=MS:1001251	TMT127N	9	NT=higher energy beam-type collision-induced dissociation;AC=MS:1000422	NT=Carbamidomethyl;AC=UNIMOD:4;TA=C;MT=Fixed	NT=TMT6plex;AC=UNIMOD:737;TA=K;MT=Fixed	NT=TMT6plex;AC=UNIMOD:737;PP=Any N-term;MT=Fixed	NT=Oxidation;AC=UNIMOD:35;TA=M;MT=Variable	NT=Acetyl;AC=UNIMOD:1;PP=Protein N-term;MT=Variable	UM171
NB4-UM171-2	Homo sapiens	bone marrow	myeloid cell	2	acute myeloid leukemia	cell line	UM171	23Y	female	NB4	NB4	CVCL_0005	NB4	UM171	0.1 uM	3 hour	220819_UM171_RCOR1_NB4_TMT10_F10_of_F13_R2-TMT127N	proteomic profiling by mass spectrometry	2	220819_UM171_RCOR1_NB4_TMT10_F10_of_F13_R2.raw	v1.1.0	NT=ms-proteomics;VV=v1.1.0	NT=human;VV=v1.1.0	NT=cell-lines;VV=v1.1.0	NT=clinical-metadata;VV=v1.0.0	manual curation	NT=Data-dependent acquisition;AC=PRIDE:0000627	NT=Orbitrap Exploris 480;AC=MS:1003028	NT=Trypsin;AC=MS:1001251	TMT127N	10	NT=higher energy beam-type collision-induced dissociation;AC=MS:1000422	NT=Carbamidomethyl;AC=UNIMOD:4;TA=C;MT=Fixed	NT=TMT6plex;AC=UNIMOD:737;TA=K;MT=Fixed	NT=TMT6plex;AC=UNIMOD:737;PP=Any N-term;MT=Fixed	NT=Oxidation;AC=UNIMOD:35;TA=M;MT=Variable	NT=Acetyl;AC=UNIMOD:1;PP=Protein N-term;MT=Variable	UM171
NB4-UM171-2	Homo sapiens	bone marrow	myeloid cell	2	acute myeloid leukemia	cell line	UM171	23Y	female	NB4	NB4	CVCL_0005	NB4	UM171	0.1 uM	3 hour	220819_UM171_RCOR1_NB4_TMT10_F11_of_F13_R2-TMT127N	proteomic profiling by mass spectrometry	2	220819_UM171_RCOR1_NB4_TMT10_F11_of_F13_R2.raw	v1.1.0	NT=ms-proteomics;VV=v1.1.0	NT=human;VV=v1.1.0	NT=cell-lines;VV=v1.1.0	NT=clinical-metadata;VV=v1.0.0	manual curation	NT=Data-dependent acquisition;AC=PRIDE:0000627	NT=Orbitrap Exploris 480;AC=MS:1003028	NT=Trypsin;AC=MS:1001251	TMT127N	11	NT=higher energy beam-type collision-induced dissociation;AC=MS:1000422	NT=Carbamidomethyl;AC=UNIMOD:4;TA=C;MT=Fixed	NT=TMT6plex;AC=UNIMOD:737;TA=K;MT=Fixed	NT=TMT6plex;AC=UNIMOD:737;PP=Any N-term;MT=Fixed	NT=Oxidation;AC=UNIMOD:35;TA=M;MT=Variable	NT=Acetyl;AC=UNIMOD:1;PP=Protein N-term;MT=Variable	UM171
NB4-UM171-2	Homo sapiens	bone marrow	myeloid cell	2	acute myeloid leukemia	cell line	UM171	23Y	female	NB4	NB4	CVCL_0005	NB4	UM171	0.1 uM	3 hour	220819_UM171_RCOR1_NB4_TMT10_F12_of_F13_R2-TMT127N	proteomic profiling by mass spectrometry	2	220819_UM171_RCOR1_NB4_TMT10_F12_of_F13_R2.raw	v1.1.0	NT=ms-proteomics;VV=v1.1.0	NT=human;VV=v1.1.0	NT=cell-lines;VV=v1.1.0	NT=clinical-metadata;VV=v1.0.0	manual curation	NT=Data-dependent acquisition;AC=PRIDE:0000627	NT=Orbitrap Exploris 480;AC=MS:1003028	NT=Trypsin;AC=MS:1001251	TMT127N	12	NT=higher energy beam-type collision-induced dissociation;AC=MS:1000422	NT=Carbamidomethyl;AC=UNIMOD:4;TA=C;MT=Fixed	NT=TMT6plex;AC=UNIMOD:737;TA=K;MT=Fixed	NT=TMT6plex;AC=UNIMOD:737;PP=Any N-term;MT=Fixed	NT=Oxidation;AC=UNIMOD:35;TA=M;MT=Variable	NT=Acetyl;AC=UNIMOD:1;PP=Protein N-term;MT=Variable	UM171
NB4-UM171-2	Homo sapiens	bone marrow	myeloid cell	2	acute myeloid leukemia	cell line	UM171	23Y	female	NB4	NB4	CVCL_0005	NB4	UM171	0.1 uM	3 hour	220819_UM171_RCOR1_NB4_TMT10_F13_of_F13_R2-TMT127N	proteomic profiling by mass spectrometry	2	220819_UM171_RCOR1_NB4_TMT10_F13_of_F13_R2.raw	v1.1.0	NT=ms-proteomics;VV=v1.1.0	NT=human;VV=v1.1.0	NT=cell-lines;VV=v1.1.0	NT=clinical-metadata;VV=v1.0.0	manual curation	NT=Data-dependent acquisition;AC=PRIDE:0000627	NT=Orbitrap Exploris 480;AC=MS:1003028	NT=Trypsin;AC=MS:1001251	TMT127N	13	NT=higher energy beam-type collision-induced dissociation;AC=MS:1000422	NT=Carbamidomethyl;AC=UNIMOD:4;TA=C;MT=Fixed	NT=TMT6plex;AC=UNIMOD:737;TA=K;MT=Fixed	NT=TMT6plex;AC=UNIMOD:737;PP=Any N-term;MT=Fixed	NT=Oxidation;AC=UNIMOD:35;TA=M;MT=Variable	NT=Acetyl;AC=UNIMOD:1;PP=Protein N-term;MT=Variable	UM171
NB4-UM171-3	Homo sapiens	bone marrow	myeloid cell	3	acute myeloid leukemia	cell line	UM171	23Y	female	NB4	NB4	CVCL_0005	NB4	UM171	0.1 uM	3 hour	220819_UM171_RCOR1_NB4_TMT10_F01_of_F13_R2-TMT127C	proteomic profiling by mass spectrometry	2	220819_UM171_RCOR1_NB4_TMT10_F01_of_F13_R2.raw	v1.1.0	NT=ms-proteomics;VV=v1.1.0	NT=human;VV=v1.1.0	NT=cell-lines;VV=v1.1.0	NT=clinical-metadata;VV=v1.0.0	manual curation	NT=Data-dependent acquisition;AC=PRIDE:0000627	NT=Orbitrap Exploris 480;AC=MS:1003028	NT=Trypsin;AC=MS:1001251	TMT127C	1	NT=higher energy beam-type collision-induced dissociation;AC=MS:1000422	NT=Carbamidomethyl;AC=UNIMOD:4;TA=C;MT=Fixed	NT=TMT6plex;AC=UNIMOD:737;TA=K;MT=Fixed	NT=TMT6plex;AC=UNIMOD:737;PP=Any N-term;MT=Fixed	NT=Oxidation;AC=UNIMOD:35;TA=M;MT=Variable	NT=Acetyl;AC=UNIMOD:1;PP=Protein N-term;MT=Variable	UM171
NB4-UM171-3	Homo sapiens	bone marrow	myeloid cell	3	acute myeloid leukemia	cell line	UM171	23Y	female	NB4	NB4	CVCL_0005	NB4	UM171	0.1 uM	3 hour	220819_UM171_RCOR1_NB4_TMT10_F02_of_F13_R2-TMT127C	proteomic profiling by mass spectrometry	2	220819_UM171_RCOR1_NB4_TMT10_F02_of_F13_R2.raw	v1.1.0	NT=ms-proteomics;VV=v1.1.0	NT=human;VV=v1.1.0	NT=cell-lines;VV=v1.1.0	NT=clinical-metadata;VV=v1.0.0	manual curation	NT=Data-dependent acquisition;AC=PRIDE:0000627	NT=Orbitrap Exploris 480;AC=MS:1003028	NT=Trypsin;AC=MS:1001251	TMT127C	2	NT=higher energy beam-type collision-induced dissociation;AC=MS:1000422	NT=Carbamidomethyl;AC=UNIMOD:4;TA=C;MT=Fixed	NT=TMT6plex;AC=UNIMOD:737;TA=K;MT=Fixed	NT=TMT6plex;AC=UNIMOD:737;PP=Any N-term;MT=Fixed	NT=Oxidation;AC=UNIMOD:35;TA=M;MT=Variable	NT=Acetyl;AC=UNIMOD:1;PP=Protein N-term;MT=Variable	UM171
NB4-UM171-3	Homo sapiens	bone marrow	myeloid cell	3	acute myeloid leukemia	cell line	UM171	23Y	female	NB4	NB4	CVCL_0005	NB4	UM171	0.1 uM	3 hour	220819_UM171_RCOR1_NB4_TMT10_F03_of_F13_R2-TMT127C	proteomic profiling by mass spectrometry	2	220819_UM171_RCOR1_NB4_TMT10_F03_of_F13_R2.raw	v1.1.0	NT=ms-proteomics;VV=v1.1.0	NT=human;VV=v1.1.0	NT=cell-lines;VV=v1.1.0	NT=clinical-metadata;VV=v1.0.0	manual curation	NT=Data-dependent acquisition;AC=PRIDE:0000627	NT=Orbitrap Exploris 480;AC=MS:1003028	NT=Trypsin;AC=MS:1001251	TMT127C	3	NT=higher energy beam-type collision-induced dissociation;AC=MS:1000422	NT=Carbamidomethyl;AC=UNIMOD:4;TA=C;MT=Fixed	NT=TMT6plex;AC=UNIMOD:737;TA=K;MT=Fixed	NT=TMT6plex;AC=UNIMOD:737;PP=Any N-term;MT=Fixed	NT=Oxidation;AC=UNIMOD:35;TA=M;MT=Variable	NT=Acetyl;AC=UNIMOD:1;PP=Protein N-term;MT=Variable	UM171
NB4-UM171-3	Homo sapiens	bone marrow	myeloid cell	3	acute myeloid leukemia	cell line	UM171	23Y	female	NB4	NB4	CVCL_0005	NB4	UM171	0.1 uM	3 hour	220819_UM171_RCOR1_NB4_TMT10_F04_of_F13_R2-TMT127C	proteomic profiling by mass spectrometry	2	220819_UM171_RCOR1_NB4_TMT10_F04_of_F13_R2.raw	v1.1.0	NT=ms-proteomics;VV=v1.1.0	NT=human;VV=v1.1.0	NT=cell-lines;VV=v1.1.0	NT=clinical-metadata;VV=v1.0.0	manual curation	NT=Data-dependent acquisition;AC=PRIDE:0000627	NT=Orbitrap Exploris 480;AC=MS:1003028	NT=Trypsin;AC=MS:1001251	TMT127C	4	NT=higher energy beam-type collision-induced dissociation;AC=MS:1000422	NT=Carbamidomethyl;AC=UNIMOD:4;TA=C;MT=Fixed	NT=TMT6plex;AC=UNIMOD:737;TA=K;MT=Fixed	NT=TMT6plex;AC=UNIMOD:737;PP=Any N-term;MT=Fixed	NT=Oxidation;AC=UNIMOD:35;TA=M;MT=Variable	NT=Acetyl;AC=UNIMOD:1;PP=Protein N-term;MT=Variable	UM171
NB4-UM171-3	Homo sapiens	bone marrow	myeloid cell	3	acute myeloid leukemia	cell line	UM171	23Y	female	NB4	NB4	CVCL_0005	NB4	UM171	0.1 uM	3 hour	220819_UM171_RCOR1_NB4_TMT10_F05_of_F13_R2-TMT127C	proteomic profiling by mass spectrometry	2	220819_UM171_RCOR1_NB4_TMT10_F05_of_F13_R2.raw	v1.1.0	NT=ms-proteomics;VV=v1.1.0	NT=human;VV=v1.1.0	NT=cell-lines;VV=v1.1.0	NT=clinical-metadata;VV=v1.0.0	manual curation	NT=Data-dependent acquisition;AC=PRIDE:0000627	NT=Orbitrap Exploris 480;AC=MS:1003028	NT=Trypsin;AC=MS:1001251	TMT127C	5	NT=higher energy beam-type collision-induced dissociation;AC=MS:1000422	NT=Carbamidomethyl;AC=UNIMOD:4;TA=C;MT=Fixed	NT=TMT6plex;AC=UNIMOD:737;TA=K;MT=Fixed	NT=TMT6plex;AC=UNIMOD:737;PP=Any N-term;MT=Fixed	NT=Oxidation;AC=UNIMOD:35;TA=M;MT=Variable	NT=Acetyl;AC=UNIMOD:1;PP=Protein N-term;MT=Variable	UM171
NB4-UM171-3	Homo sapiens	bone marrow	myeloid cell	3	acute myeloid leukemia	cell line	UM171	23Y	female	NB4	NB4	CVCL_0005	NB4	UM171	0.1 uM	3 hour	220819_UM171_RCOR1_NB4_TMT10_F06_of_F13_R2-TMT127C	proteomic profiling by mass spectrometry	2	220819_UM171_RCOR1_NB4_TMT10_F06_of_F13_R2.raw	v1.1.0	NT=ms-proteomics;VV=v1.1.0	NT=human;VV=v1.1.0	NT=cell-lines;VV=v1.1.0	NT=clinical-metadata;VV=v1.0.0	manual curation	NT=Data-dependent acquisition;AC=PRIDE:0000627	NT=Orbitrap Exploris 480;AC=MS:1003028	NT=Trypsin;AC=MS:1001251	TMT127C	6	NT=higher energy beam-type collision-induced dissociation;AC=MS:1000422	NT=Carbamidomethyl;AC=UNIMOD:4;TA=C;MT=Fixed	NT=TMT6plex;AC=UNIMOD:737;TA=K;MT=Fixed	NT=TMT6plex;AC=UNIMOD:737;PP=Any N-term;MT=Fixed	NT=Oxidation;AC=UNIMOD:35;TA=M;MT=Variable	NT=Acetyl;AC=UNIMOD:1;PP=Protein N-term;MT=Variable	UM171
NB4-UM171-3	Homo sapiens	bone marrow	myeloid cell	3	acute myeloid leukemia	cell line	UM171	23Y	female	NB4	NB4	CVCL_0005	NB4	UM171	0.1 uM	3 hour	220819_UM171_RCOR1_NB4_TMT10_F07_of_F13_R2-TMT127C	proteomic profiling by mass spectrometry	2	220819_UM171_RCOR1_NB4_TMT10_F07_of_F13_R2.raw	v1.1.0	NT=ms-proteomics;VV=v1.1.0	NT=human;VV=v1.1.0	NT=cell-lines;VV=v1.1.0	NT=clinical-metadata;VV=v1.0.0	manual curation	NT=Data-dependent acquisition;AC=PRIDE:0000627	NT=Orbitrap Exploris 480;AC=MS:1003028	NT=Trypsin;AC=MS:1001251	TMT127C	7	NT=higher energy beam-type collision-induced dissociation;AC=MS:1000422	NT=Carbamidomethyl;AC=UNIMOD:4;TA=C;MT=Fixed	NT=TMT6plex;AC=UNIMOD:737;TA=K;MT=Fixed	NT=TMT6plex;AC=UNIMOD:737;PP=Any N-term;MT=Fixed	NT=Oxidation;AC=UNIMOD:35;TA=M;MT=Variable	NT=Acetyl;AC=UNIMOD:1;PP=Protein N-term;MT=Variable	UM171
NB4-UM171-3	Homo sapiens	bone marrow	myeloid cell	3	acute myeloid leukemia	cell line	UM171	23Y	female	NB4	NB4	CVCL_0005	NB4	UM171	0.1 uM	3 hour	220819_UM171_RCOR1_NB4_TMT10_F08_of_F13_R2-TMT127C	proteomic profiling by mass spectrometry	2	220819_UM171_RCOR1_NB4_TMT10_F08_of_F13_R2.raw	v1.1.0	NT=ms-proteomics;VV=v1.1.0	NT=human;VV=v1.1.0	NT=cell-lines;VV=v1.1.0	NT=clinical-metadata;VV=v1.0.0	manual curation	NT=Data-dependent acquisition;AC=PRIDE:0000627	NT=Orbitrap Exploris 480;AC=MS:1003028	NT=Trypsin;AC=MS:1001251	TMT127C	8	NT=higher energy beam-type collision-induced dissociation;AC=MS:1000422	NT=Carbamidomethyl;AC=UNIMOD:4;TA=C;MT=Fixed	NT=TMT6plex;AC=UNIMOD:737;TA=K;MT=Fixed	NT=TMT6plex;AC=UNIMOD:737;PP=Any N-term;MT=Fixed	NT=Oxidation;AC=UNIMOD:35;TA=M;MT=Variable	NT=Acetyl;AC=UNIMOD:1;PP=Protein N-term;MT=Variable	UM171
NB4-UM171-3	Homo sapiens	bone marrow	myeloid cell	3	acute myeloid leukemia	cell line	UM171	23Y	female	NB4	NB4	CVCL_0005	NB4	UM171	0.1 uM	3 hour	220819_UM171_RCOR1_NB4_TMT10_F09_of_F13_R2-TMT127C	proteomic profiling by mass spectrometry	2	220819_UM171_RCOR1_NB4_TMT10_F09_of_F13_R2.raw	v1.1.0	NT=ms-proteomics;VV=v1.1.0	NT=human;VV=v1.1.0	NT=cell-lines;VV=v1.1.0	NT=clinical-metadata;VV=v1.0.0	manual curation	NT=Data-dependent acquisition;AC=PRIDE:0000627	NT=Orbitrap Exploris 480;AC=MS:1003028	NT=Trypsin;AC=MS:1001251	TMT127C	9	NT=higher energy beam-type collision-induced dissociation;AC=MS:1000422	NT=Carbamidomethyl;AC=UNIMOD:4;TA=C;MT=Fixed	NT=TMT6plex;AC=UNIMOD:737;TA=K;MT=Fixed	NT=TMT6plex;AC=UNIMOD:737;PP=Any N-term;MT=Fixed	NT=Oxidation;AC=UNIMOD:35;TA=M;MT=Variable	NT=Acetyl;AC=UNIMOD:1;PP=Protein N-term;MT=Variable	UM171
NB4-UM171-3	Homo sapiens	bone marrow	myeloid cell	3	acute myeloid leukemia	cell line	UM171	23Y	female	NB4	NB4	CVCL_0005	NB4	UM171	0.1 uM	3 hour	220819_UM171_RCOR1_NB4_TMT10_F10_of_F13_R2-TMT127C	proteomic profiling by mass spectrometry	2	220819_UM171_RCOR1_NB4_TMT10_F10_of_F13_R2.raw	v1.1.0	NT=ms-proteomics;VV=v1.1.0	NT=human;VV=v1.1.0	NT=cell-lines;VV=v1.1.0	NT=clinical-metadata;VV=v1.0.0	manual curation	NT=Data-dependent acquisition;AC=PRIDE:0000627	NT=Orbitrap Exploris 480;AC=MS:1003028	NT=Trypsin;AC=MS:1001251	TMT127C	10	NT=higher energy beam-type collision-induced dissociation;AC=MS:1000422	NT=Carbamidomethyl;AC=UNIMOD:4;TA=C;MT=Fixed	NT=TMT6plex;AC=UNIMOD:737;TA=K;MT=Fixed	NT=TMT6plex;AC=UNIMOD:737;PP=Any N-term;MT=Fixed	NT=Oxidation;AC=UNIMOD:35;TA=M;MT=Variable	NT=Acetyl;AC=UNIMOD:1;PP=Protein N-term;MT=Variable	UM171
NB4-UM171-3	Homo sapiens	bone marrow	myeloid cell	3	acute myeloid leukemia	cell line	UM171	23Y	female	NB4	NB4	CVCL_0005	NB4	UM171	0.1 uM	3 hour	220819_UM171_RCOR1_NB4_TMT10_F11_of_F13_R2-TMT127C	proteomic profiling by mass spectrometry	2	220819_UM171_RCOR1_NB4_TMT10_F11_of_F13_R2.raw	v1.1.0	NT=ms-proteomics;VV=v1.1.0	NT=human;VV=v1.1.0	NT=cell-lines;VV=v1.1.0	NT=clinical-metadata;VV=v1.0.0	manual curation	NT=Data-dependent acquisition;AC=PRIDE:0000627	NT=Orbitrap Exploris 480;AC=MS:1003028	NT=Trypsin;AC=MS:1001251	TMT127C	11	NT=higher energy beam-type collision-induced dissociation;AC=MS:1000422	NT=Carbamidomethyl;AC=UNIMOD:4;TA=C;MT=Fixed	NT=TMT6plex;AC=UNIMOD:737;TA=K;MT=Fixed	NT=TMT6plex;AC=UNIMOD:737;PP=Any N-term;MT=Fixed	NT=Oxidation;AC=UNIMOD:35;TA=M;MT=Variable	NT=Acetyl;AC=UNIMOD:1;PP=Protein N-term;MT=Variable	UM171
NB4-UM171-3	Homo sapiens	bone marrow	myeloid cell	3	acute myeloid leukemia	cell line	UM171	23Y	female	NB4	NB4	CVCL_0005	NB4	UM171	0.1 uM	3 hour	220819_UM171_RCOR1_NB4_TMT10_F12_of_F13_R2-TMT127C	proteomic profiling by mass spectrometry	2	220819_UM171_RCOR1_NB4_TMT10_F12_of_F13_R2.raw	v1.1.0	NT=ms-proteomics;VV=v1.1.0	NT=human;VV=v1.1.0	NT=cell-lines;VV=v1.1.0	NT=clinical-metadata;VV=v1.0.0	manual curation	NT=Data-dependent acquisition;AC=PRIDE:0000627	NT=Orbitrap Exploris 480;AC=MS:1003028	NT=Trypsin;AC=MS:1001251	TMT127C	12	NT=higher energy beam-type collision-induced dissociation;AC=MS:1000422	NT=Carbamidomethyl;AC=UNIMOD:4;TA=C;MT=Fixed	NT=TMT6plex;AC=UNIMOD:737;TA=K;MT=Fixed	NT=TMT6plex;AC=UNIMOD:737;PP=Any N-term;MT=Fixed	NT=Oxidation;AC=UNIMOD:35;TA=M;MT=Variable	NT=Acetyl;AC=UNIMOD:1;PP=Protein N-term;MT=Variable	UM171
NB4-UM171-3	Homo sapiens	bone marrow	myeloid cell	3	acute myeloid leukemia	cell line	UM171	23Y	female	NB4	NB4	CVCL_0005	NB4	UM171	0.1 uM	3 hour	220819_UM171_RCOR1_NB4_TMT10_F13_of_F13_R2-TMT127C	proteomic profiling by mass spectrometry	2	220819_UM171_RCOR1_NB4_TMT10_F13_of_F13_R2.raw	v1.1.0	NT=ms-proteomics;VV=v1.1.0	NT=human;VV=v1.1.0	NT=cell-lines;VV=v1.1.0	NT=clinical-metadata;VV=v1.0.0	manual curation	NT=Data-dependent acquisition;AC=PRIDE:0000627	NT=Orbitrap Exploris 480;AC=MS:1003028	NT=Trypsin;AC=MS:1001251	TMT127C	13	NT=higher energy beam-type collision-induced dissociation;AC=MS:1000422	NT=Carbamidomethyl;AC=UNIMOD:4;TA=C;MT=Fixed	NT=TMT6plex;AC=UNIMOD:737;TA=K;MT=Fixed	NT=TMT6plex;AC=UNIMOD:737;PP=Any N-term;MT=Fixed	NT=Oxidation;AC=UNIMOD:35;TA=M;MT=Variable	NT=Acetyl;AC=UNIMOD:1;PP=Protein N-term;MT=Variable	UM171
NB4-UM171-4	Homo sapiens	bone marrow	myeloid cell	4	acute myeloid leukemia	cell line	UM171	23Y	female	NB4	NB4	CVCL_0005	NB4	UM171	0.1 uM	3 hour	220819_UM171_RCOR1_NB4_TMT10_F01_of_F13_R2-TMT128N	proteomic profiling by mass spectrometry	2	220819_UM171_RCOR1_NB4_TMT10_F01_of_F13_R2.raw	v1.1.0	NT=ms-proteomics;VV=v1.1.0	NT=human;VV=v1.1.0	NT=cell-lines;VV=v1.1.0	NT=clinical-metadata;VV=v1.0.0	manual curation	NT=Data-dependent acquisition;AC=PRIDE:0000627	NT=Orbitrap Exploris 480;AC=MS:1003028	NT=Trypsin;AC=MS:1001251	TMT128N	1	NT=higher energy beam-type collision-induced dissociation;AC=MS:1000422	NT=Carbamidomethyl;AC=UNIMOD:4;TA=C;MT=Fixed	NT=TMT6plex;AC=UNIMOD:737;TA=K;MT=Fixed	NT=TMT6plex;AC=UNIMOD:737;PP=Any N-term;MT=Fixed	NT=Oxidation;AC=UNIMOD:35;TA=M;MT=Variable	NT=Acetyl;AC=UNIMOD:1;PP=Protein N-term;MT=Variable	UM171
NB4-UM171-4	Homo sapiens	bone marrow	myeloid cell	4	acute myeloid leukemia	cell line	UM171	23Y	female	NB4	NB4	CVCL_0005	NB4	UM171	0.1 uM	3 hour	220819_UM171_RCOR1_NB4_TMT10_F02_of_F13_R2-TMT128N	proteomic profiling by mass spectrometry	2	220819_UM171_RCOR1_NB4_TMT10_F02_of_F13_R2.raw	v1.1.0	NT=ms-proteomics;VV=v1.1.0	NT=human;VV=v1.1.0	NT=cell-lines;VV=v1.1.0	NT=clinical-metadata;VV=v1.0.0	manual curation	NT=Data-dependent acquisition;AC=PRIDE:0000627	NT=Orbitrap Exploris 480;AC=MS:1003028	NT=Trypsin;AC=MS:1001251	TMT128N	2	NT=higher energy beam-type collision-induced dissociation;AC=MS:1000422	NT=Carbamidomethyl;AC=UNIMOD:4;TA=C;MT=Fixed	NT=TMT6plex;AC=UNIMOD:737;TA=K;MT=Fixed	NT=TMT6plex;AC=UNIMOD:737;PP=Any N-term;MT=Fixed	NT=Oxidation;AC=UNIMOD:35;TA=M;MT=Variable	NT=Acetyl;AC=UNIMOD:1;PP=Protein N-term;MT=Variable	UM171
NB4-UM171-4	Homo sapiens	bone marrow	myeloid cell	4	acute myeloid leukemia	cell line	UM171	23Y	female	NB4	NB4	CVCL_0005	NB4	UM171	0.1 uM	3 hour	220819_UM171_RCOR1_NB4_TMT10_F03_of_F13_R2-TMT128N	proteomic profiling by mass spectrometry	2	220819_UM171_RCOR1_NB4_TMT10_F03_of_F13_R2.raw	v1.1.0	NT=ms-proteomics;VV=v1.1.0	NT=human;VV=v1.1.0	NT=cell-lines;VV=v1.1.0	NT=clinical-metadata;VV=v1.0.0	manual curation	NT=Data-dependent acquisition;AC=PRIDE:0000627	NT=Orbitrap Exploris 480;AC=MS:1003028	NT=Trypsin;AC=MS:1001251	TMT128N	3	NT=higher energy beam-type collision-induced dissociation;AC=MS:1000422	NT=Carbamidomethyl;AC=UNIMOD:4;TA=C;MT=Fixed	NT=TMT6plex;AC=UNIMOD:737;TA=K;MT=Fixed	NT=TMT6plex;AC=UNIMOD:737;PP=Any N-term;MT=Fixed	NT=Oxidation;AC=UNIMOD:35;TA=M;MT=Variable	NT=Acetyl;AC=UNIMOD:1;PP=Protein N-term;MT=Variable	UM171
NB4-UM171-4	Homo sapiens	bone marrow	myeloid cell	4	acute myeloid leukemia	cell line	UM171	23Y	female	NB4	NB4	CVCL_0005	NB4	UM171	0.1 uM	3 hour	220819_UM171_RCOR1_NB4_TMT10_F04_of_F13_R2-TMT128N	proteomic profiling by mass spectrometry	2	220819_UM171_RCOR1_NB4_TMT10_F04_of_F13_R2.raw	v1.1.0	NT=ms-proteomics;VV=v1.1.0	NT=human;VV=v1.1.0	NT=cell-lines;VV=v1.1.0	NT=clinical-metadata;VV=v1.0.0	manual curation	NT=Data-dependent acquisition;AC=PRIDE:0000627	NT=Orbitrap Exploris 480;AC=MS:1003028	NT=Trypsin;AC=MS:1001251	TMT128N	4	NT=higher energy beam-type collision-induced dissociation;AC=MS:1000422	NT=Carbamidomethyl;AC=UNIMOD:4;TA=C;MT=Fixed	NT=TMT6plex;AC=UNIMOD:737;TA=K;MT=Fixed	NT=TMT6plex;AC=UNIMOD:737;PP=Any N-term;MT=Fixed	NT=Oxidation;AC=UNIMOD:35;TA=M;MT=Variable	NT=Acetyl;AC=UNIMOD:1;PP=Protein N-term;MT=Variable	UM171
NB4-UM171-4	Homo sapiens	bone marrow	myeloid cell	4	acute myeloid leukemia	cell line	UM171	23Y	female	NB4	NB4	CVCL_0005	NB4	UM171	0.1 uM	3 hour	220819_UM171_RCOR1_NB4_TMT10_F05_of_F13_R2-TMT128N	proteomic profiling by mass spectrometry	2	220819_UM171_RCOR1_NB4_TMT10_F05_of_F13_R2.raw	v1.1.0	NT=ms-proteomics;VV=v1.1.0	NT=human;VV=v1.1.0	NT=cell-lines;VV=v1.1.0	NT=clinical-metadata;VV=v1.0.0	manual curation	NT=Data-dependent acquisition;AC=PRIDE:0000627	NT=Orbitrap Exploris 480;AC=MS:1003028	NT=Trypsin;AC=MS:1001251	TMT128N	5	NT=higher energy beam-type collision-induced dissociation;AC=MS:1000422	NT=Carbamidomethyl;AC=UNIMOD:4;TA=C;MT=Fixed	NT=TMT6plex;AC=UNIMOD:737;TA=K;MT=Fixed	NT=TMT6plex;AC=UNIMOD:737;PP=Any N-term;MT=Fixed	NT=Oxidation;AC=UNIMOD:35;TA=M;MT=Variable	NT=Acetyl;AC=UNIMOD:1;PP=Protein N-term;MT=Variable	UM171
NB4-UM171-4	Homo sapiens	bone marrow	myeloid cell	4	acute myeloid leukemia	cell line	UM171	23Y	female	NB4	NB4	CVCL_0005	NB4	UM171	0.1 uM	3 hour	220819_UM171_RCOR1_NB4_TMT10_F06_of_F13_R2-TMT128N	proteomic profiling by mass spectrometry	2	220819_UM171_RCOR1_NB4_TMT10_F06_of_F13_R2.raw	v1.1.0	NT=ms-proteomics;VV=v1.1.0	NT=human;VV=v1.1.0	NT=cell-lines;VV=v1.1.0	NT=clinical-metadata;VV=v1.0.0	manual curation	NT=Data-dependent acquisition;AC=PRIDE:0000627	NT=Orbitrap Exploris 480;AC=MS:1003028	NT=Trypsin;AC=MS:1001251	TMT128N	6	NT=higher energy beam-type collision-induced dissociation;AC=MS:1000422	NT=Carbamidomethyl;AC=UNIMOD:4;TA=C;MT=Fixed	NT=TMT6plex;AC=UNIMOD:737;TA=K;MT=Fixed	NT=TMT6plex;AC=UNIMOD:737;PP=Any N-term;MT=Fixed	NT=Oxidation;AC=UNIMOD:35;TA=M;MT=Variable	NT=Acetyl;AC=UNIMOD:1;PP=Protein N-term;MT=Variable	UM171
NB4-UM171-4	Homo sapiens	bone marrow	myeloid cell	4	acute myeloid leukemia	cell line	UM171	23Y	female	NB4	NB4	CVCL_0005	NB4	UM171	0.1 uM	3 hour	220819_UM171_RCOR1_NB4_TMT10_F07_of_F13_R2-TMT128N	proteomic profiling by mass spectrometry	2	220819_UM171_RCOR1_NB4_TMT10_F07_of_F13_R2.raw	v1.1.0	NT=ms-proteomics;VV=v1.1.0	NT=human;VV=v1.1.0	NT=cell-lines;VV=v1.1.0	NT=clinical-metadata;VV=v1.0.0	manual curation	NT=Data-dependent acquisition;AC=PRIDE:0000627	NT=Orbitrap Exploris 480;AC=MS:1003028	NT=Trypsin;AC=MS:1001251	TMT128N	7	NT=higher energy beam-type collision-induced dissociation;AC=MS:1000422	NT=Carbamidomethyl;AC=UNIMOD:4;TA=C;MT=Fixed	NT=TMT6plex;AC=UNIMOD:737;TA=K;MT=Fixed	NT=TMT6plex;AC=UNIMOD:737;PP=Any N-term;MT=Fixed	NT=Oxidation;AC=UNIMOD:35;TA=M;MT=Variable	NT=Acetyl;AC=UNIMOD:1;PP=Protein N-term;MT=Variable	UM171
NB4-UM171-4	Homo sapiens	bone marrow	myeloid cell	4	acute myeloid leukemia	cell line	UM171	23Y	female	NB4	NB4	CVCL_0005	NB4	UM171	0.1 uM	3 hour	220819_UM171_RCOR1_NB4_TMT10_F08_of_F13_R2-TMT128N	proteomic profiling by mass spectrometry	2	220819_UM171_RCOR1_NB4_TMT10_F08_of_F13_R2.raw	v1.1.0	NT=ms-proteomics;VV=v1.1.0	NT=human;VV=v1.1.0	NT=cell-lines;VV=v1.1.0	NT=clinical-metadata;VV=v1.0.0	manual curation	NT=Data-dependent acquisition;AC=PRIDE:0000627	NT=Orbitrap Exploris 480;AC=MS:1003028	NT=Trypsin;AC=MS:1001251	TMT128N	8	NT=higher energy beam-type collision-induced dissociation;AC=MS:1000422	NT=Carbamidomethyl;AC=UNIMOD:4;TA=C;MT=Fixed	NT=TMT6plex;AC=UNIMOD:737;TA=K;MT=Fixed	NT=TMT6plex;AC=UNIMOD:737;PP=Any N-term;MT=Fixed	NT=Oxidation;AC=UNIMOD:35;TA=M;MT=Variable	NT=Acetyl;AC=UNIMOD:1;PP=Protein N-term;MT=Variable	UM171
NB4-UM171-4	Homo sapiens	bone marrow	myeloid cell	4	acute myeloid leukemia	cell line	UM171	23Y	female	NB4	NB4	CVCL_0005	NB4	UM171	0.1 uM	3 hour	220819_UM171_RCOR1_NB4_TMT10_F09_of_F13_R2-TMT128N	proteomic profiling by mass spectrometry	2	220819_UM171_RCOR1_NB4_TMT10_F09_of_F13_R2.raw	v1.1.0	NT=ms-proteomics;VV=v1.1.0	NT=human;VV=v1.1.0	NT=cell-lines;VV=v1.1.0	NT=clinical-metadata;VV=v1.0.0	manual curation	NT=Data-dependent acquisition;AC=PRIDE:0000627	NT=Orbitrap Exploris 480;AC=MS:1003028	NT=Trypsin;AC=MS:1001251	TMT128N	9	NT=higher energy beam-type collision-induced dissociation;AC=MS:1000422	NT=Carbamidomethyl;AC=UNIMOD:4;TA=C;MT=Fixed	NT=TMT6plex;AC=UNIMOD:737;TA=K;MT=Fixed	NT=TMT6plex;AC=UNIMOD:737;PP=Any N-term;MT=Fixed	NT=Oxidation;AC=UNIMOD:35;TA=M;MT=Variable	NT=Acetyl;AC=UNIMOD:1;PP=Protein N-term;MT=Variable	UM171
NB4-UM171-4	Homo sapiens	bone marrow	myeloid cell	4	acute myeloid leukemia	cell line	UM171	23Y	female	NB4	NB4	CVCL_0005	NB4	UM171	0.1 uM	3 hour	220819_UM171_RCOR1_NB4_TMT10_F10_of_F13_R2-TMT128N	proteomic profiling by mass spectrometry	2	220819_UM171_RCOR1_NB4_TMT10_F10_of_F13_R2.raw	v1.1.0	NT=ms-proteomics;VV=v1.1.0	NT=human;VV=v1.1.0	NT=cell-lines;VV=v1.1.0	NT=clinical-metadata;VV=v1.0.0	manual curation	NT=Data-dependent acquisition;AC=PRIDE:0000627	NT=Orbitrap Exploris 480;AC=MS:1003028	NT=Trypsin;AC=MS:1001251	TMT128N	10	NT=higher energy beam-type collision-induced dissociation;AC=MS:1000422	NT=Carbamidomethyl;AC=UNIMOD:4;TA=C;MT=Fixed	NT=TMT6plex;AC=UNIMOD:737;TA=K;MT=Fixed	NT=TMT6plex;AC=UNIMOD:737;PP=Any N-term;MT=Fixed	NT=Oxidation;AC=UNIMOD:35;TA=M;MT=Variable	NT=Acetyl;AC=UNIMOD:1;PP=Protein N-term;MT=Variable	UM171
NB4-UM171-4	Homo sapiens	bone marrow	myeloid cell	4	acute myeloid leukemia	cell line	UM171	23Y	female	NB4	NB4	CVCL_0005	NB4	UM171	0.1 uM	3 hour	220819_UM171_RCOR1_NB4_TMT10_F11_of_F13_R2-TMT128N	proteomic profiling by mass spectrometry	2	220819_UM171_RCOR1_NB4_TMT10_F11_of_F13_R2.raw	v1.1.0	NT=ms-proteomics;VV=v1.1.0	NT=human;VV=v1.1.0	NT=cell-lines;VV=v1.1.0	NT=clinical-metadata;VV=v1.0.0	manual curation	NT=Data-dependent acquisition;AC=PRIDE:0000627	NT=Orbitrap Exploris 480;AC=MS:1003028	NT=Trypsin;AC=MS:1001251	TMT128N	11	NT=higher energy beam-type collision-induced dissociation;AC=MS:1000422	NT=Carbamidomethyl;AC=UNIMOD:4;TA=C;MT=Fixed	NT=TMT6plex;AC=UNIMOD:737;TA=K;MT=Fixed	NT=TMT6plex;AC=UNIMOD:737;PP=Any N-term;MT=Fixed	NT=Oxidation;AC=UNIMOD:35;TA=M;MT=Variable	NT=Acetyl;AC=UNIMOD:1;PP=Protein N-term;MT=Variable	UM171
NB4-UM171-4	Homo sapiens	bone marrow	myeloid cell	4	acute myeloid leukemia	cell line	UM171	23Y	female	NB4	NB4	CVCL_0005	NB4	UM171	0.1 uM	3 hour	220819_UM171_RCOR1_NB4_TMT10_F12_of_F13_R2-TMT128N	proteomic profiling by mass spectrometry	2	220819_UM171_RCOR1_NB4_TMT10_F12_of_F13_R2.raw	v1.1.0	NT=ms-proteomics;VV=v1.1.0	NT=human;VV=v1.1.0	NT=cell-lines;VV=v1.1.0	NT=clinical-metadata;VV=v1.0.0	manual curation	NT=Data-dependent acquisition;AC=PRIDE:0000627	NT=Orbitrap Exploris 480;AC=MS:1003028	NT=Trypsin;AC=MS:1001251	TMT128N	12	NT=higher energy beam-type collision-induced dissociation;AC=MS:1000422	NT=Carbamidomethyl;AC=UNIMOD:4;TA=C;MT=Fixed	NT=TMT6plex;AC=UNIMOD:737;TA=K;MT=Fixed	NT=TMT6plex;AC=UNIMOD:737;PP=Any N-term;MT=Fixed	NT=Oxidation;AC=UNIMOD:35;TA=M;MT=Variable	NT=Acetyl;AC=UNIMOD:1;PP=Protein N-term;MT=Variable	UM171
NB4-UM171-4	Homo sapiens	bone marrow	myeloid cell	4	acute myeloid leukemia	cell line	UM171	23Y	female	NB4	NB4	CVCL_0005	NB4	UM171	0.1 uM	3 hour	220819_UM171_RCOR1_NB4_TMT10_F13_of_F13_R2-TMT128N	proteomic profiling by mass spectrometry	2	220819_UM171_RCOR1_NB4_TMT10_F13_of_F13_R2.raw	v1.1.0	NT=ms-proteomics;VV=v1.1.0	NT=human;VV=v1.1.0	NT=cell-lines;VV=v1.1.0	NT=clinical-metadata;VV=v1.0.0	manual curation	NT=Data-dependent acquisition;AC=PRIDE:0000627	NT=Orbitrap Exploris 480;AC=MS:1003028	NT=Trypsin;AC=MS:1001251	TMT128N	13	NT=higher energy beam-type collision-induced dissociation;AC=MS:1000422	NT=Carbamidomethyl;AC=UNIMOD:4;TA=C;MT=Fixed	NT=TMT6plex;AC=UNIMOD:737;TA=K;MT=Fixed	NT=TMT6plex;AC=UNIMOD:737;PP=Any N-term;MT=Fixed	NT=Oxidation;AC=UNIMOD:35;TA=M;MT=Variable	NT=Acetyl;AC=UNIMOD:1;PP=Protein N-term;MT=Variable	UM171
NB4-UM171-5	Homo sapiens	bone marrow	myeloid cell	5	acute myeloid leukemia	cell line	UM171	23Y	female	NB4	NB4	CVCL_0005	NB4	UM171	0.1 uM	3 hour	220819_UM171_RCOR1_NB4_TMT10_F01_of_F13_R2-TMT128C	proteomic profiling by mass spectrometry	2	220819_UM171_RCOR1_NB4_TMT10_F01_of_F13_R2.raw	v1.1.0	NT=ms-proteomics;VV=v1.1.0	NT=human;VV=v1.1.0	NT=cell-lines;VV=v1.1.0	NT=clinical-metadata;VV=v1.0.0	manual curation	NT=Data-dependent acquisition;AC=PRIDE:0000627	NT=Orbitrap Exploris 480;AC=MS:1003028	NT=Trypsin;AC=MS:1001251	TMT128C	1	NT=higher energy beam-type collision-induced dissociation;AC=MS:1000422	NT=Carbamidomethyl;AC=UNIMOD:4;TA=C;MT=Fixed	NT=TMT6plex;AC=UNIMOD:737;TA=K;MT=Fixed	NT=TMT6plex;AC=UNIMOD:737;PP=Any N-term;MT=Fixed	NT=Oxidation;AC=UNIMOD:35;TA=M;MT=Variable	NT=Acetyl;AC=UNIMOD:1;PP=Protein N-term;MT=Variable	UM171
NB4-UM171-5	Homo sapiens	bone marrow	myeloid cell	5	acute myeloid leukemia	cell line	UM171	23Y	female	NB4	NB4	CVCL_0005	NB4	UM171	0.1 uM	3 hour	220819_UM171_RCOR1_NB4_TMT10_F02_of_F13_R2-TMT128C	proteomic profiling by mass spectrometry	2	220819_UM171_RCOR1_NB4_TMT10_F02_of_F13_R2.raw	v1.1.0	NT=ms-proteomics;VV=v1.1.0	NT=human;VV=v1.1.0	NT=cell-lines;VV=v1.1.0	NT=clinical-metadata;VV=v1.0.0	manual curation	NT=Data-dependent acquisition;AC=PRIDE:0000627	NT=Orbitrap Exploris 480;AC=MS:1003028	NT=Trypsin;AC=MS:1001251	TMT128C	2	NT=higher energy beam-type collision-induced dissociation;AC=MS:1000422	NT=Carbamidomethyl;AC=UNIMOD:4;TA=C;MT=Fixed	NT=TMT6plex;AC=UNIMOD:737;TA=K;MT=Fixed	NT=TMT6plex;AC=UNIMOD:737;PP=Any N-term;MT=Fixed	NT=Oxidation;AC=UNIMOD:35;TA=M;MT=Variable	NT=Acetyl;AC=UNIMOD:1;PP=Protein N-term;MT=Variable	UM171
NB4-UM171-5	Homo sapiens	bone marrow	myeloid cell	5	acute myeloid leukemia	cell line	UM171	23Y	female	NB4	NB4	CVCL_0005	NB4	UM171	0.1 uM	3 hour	220819_UM171_RCOR1_NB4_TMT10_F03_of_F13_R2-TMT128C	proteomic profiling by mass spectrometry	2	220819_UM171_RCOR1_NB4_TMT10_F03_of_F13_R2.raw	v1.1.0	NT=ms-proteomics;VV=v1.1.0	NT=human;VV=v1.1.0	NT=cell-lines;VV=v1.1.0	NT=clinical-metadata;VV=v1.0.0	manual curation	NT=Data-dependent acquisition;AC=PRIDE:0000627	NT=Orbitrap Exploris 480;AC=MS:1003028	NT=Trypsin;AC=MS:1001251	TMT128C	3	NT=higher energy beam-type collision-induced dissociation;AC=MS:1000422	NT=Carbamidomethyl;AC=UNIMOD:4;TA=C;MT=Fixed	NT=TMT6plex;AC=UNIMOD:737;TA=K;MT=Fixed	NT=TMT6plex;AC=UNIMOD:737;PP=Any N-term;MT=Fixed	NT=Oxidation;AC=UNIMOD:35;TA=M;MT=Variable	NT=Acetyl;AC=UNIMOD:1;PP=Protein N-term;MT=Variable	UM171
NB4-UM171-5	Homo sapiens	bone marrow	myeloid cell	5	acute myeloid leukemia	cell line	UM171	23Y	female	NB4	NB4	CVCL_0005	NB4	UM171	0.1 uM	3 hour	220819_UM171_RCOR1_NB4_TMT10_F04_of_F13_R2-TMT128C	proteomic profiling by mass spectrometry	2	220819_UM171_RCOR1_NB4_TMT10_F04_of_F13_R2.raw	v1.1.0	NT=ms-proteomics;VV=v1.1.0	NT=human;VV=v1.1.0	NT=cell-lines;VV=v1.1.0	NT=clinical-metadata;VV=v1.0.0	manual curation	NT=Data-dependent acquisition;AC=PRIDE:0000627	NT=Orbitrap Exploris 480;AC=MS:1003028	NT=Trypsin;AC=MS:1001251	TMT128C	4	NT=higher energy beam-type collision-induced dissociation;AC=MS:1000422	NT=Carbamidomethyl;AC=UNIMOD:4;TA=C;MT=Fixed	NT=TMT6plex;AC=UNIMOD:737;TA=K;MT=Fixed	NT=TMT6plex;AC=UNIMOD:737;PP=Any N-term;MT=Fixed	NT=Oxidation;AC=UNIMOD:35;TA=M;MT=Variable	NT=Acetyl;AC=UNIMOD:1;PP=Protein N-term;MT=Variable	UM171
NB4-UM171-5	Homo sapiens	bone marrow	myeloid cell	5	acute myeloid leukemia	cell line	UM171	23Y	female	NB4	NB4	CVCL_0005	NB4	UM171	0.1 uM	3 hour	220819_UM171_RCOR1_NB4_TMT10_F05_of_F13_R2-TMT128C	proteomic profiling by mass spectrometry	2	220819_UM171_RCOR1_NB4_TMT10_F05_of_F13_R2.raw	v1.1.0	NT=ms-proteomics;VV=v1.1.0	NT=human;VV=v1.1.0	NT=cell-lines;VV=v1.1.0	NT=clinical-metadata;VV=v1.0.0	manual curation	NT=Data-dependent acquisition;AC=PRIDE:0000627	NT=Orbitrap Exploris 480;AC=MS:1003028	NT=Trypsin;AC=MS:1001251	TMT128C	5	NT=higher energy beam-type collision-induced dissociation;AC=MS:1000422	NT=Carbamidomethyl;AC=UNIMOD:4;TA=C;MT=Fixed	NT=TMT6plex;AC=UNIMOD:737;TA=K;MT=Fixed	NT=TMT6plex;AC=UNIMOD:737;PP=Any N-term;MT=Fixed	NT=Oxidation;AC=UNIMOD:35;TA=M;MT=Variable	NT=Acetyl;AC=UNIMOD:1;PP=Protein N-term;MT=Variable	UM171
NB4-UM171-5	Homo sapiens	bone marrow	myeloid cell	5	acute myeloid leukemia	cell line	UM171	23Y	female	NB4	NB4	CVCL_0005	NB4	UM171	0.1 uM	3 hour	220819_UM171_RCOR1_NB4_TMT10_F06_of_F13_R2-TMT128C	proteomic profiling by mass spectrometry	2	220819_UM171_RCOR1_NB4_TMT10_F06_of_F13_R2.raw	v1.1.0	NT=ms-proteomics;VV=v1.1.0	NT=human;VV=v1.1.0	NT=cell-lines;VV=v1.1.0	NT=clinical-metadata;VV=v1.0.0	manual curation	NT=Data-dependent acquisition;AC=PRIDE:0000627	NT=Orbitrap Exploris 480;AC=MS:1003028	NT=Trypsin;AC=MS:1001251	TMT128C	6	NT=higher energy beam-type collision-induced dissociation;AC=MS:1000422	NT=Carbamidomethyl;AC=UNIMOD:4;TA=C;MT=Fixed	NT=TMT6plex;AC=UNIMOD:737;TA=K;MT=Fixed	NT=TMT6plex;AC=UNIMOD:737;PP=Any N-term;MT=Fixed	NT=Oxidation;AC=UNIMOD:35;TA=M;MT=Variable	NT=Acetyl;AC=UNIMOD:1;PP=Protein N-term;MT=Variable	UM171
NB4-UM171-5	Homo sapiens	bone marrow	myeloid cell	5	acute myeloid leukemia	cell line	UM171	23Y	female	NB4	NB4	CVCL_0005	NB4	UM171	0.1 uM	3 hour	220819_UM171_RCOR1_NB4_TMT10_F07_of_F13_R2-TMT128C	proteomic profiling by mass spectrometry	2	220819_UM171_RCOR1_NB4_TMT10_F07_of_F13_R2.raw	v1.1.0	NT=ms-proteomics;VV=v1.1.0	NT=human;VV=v1.1.0	NT=cell-lines;VV=v1.1.0	NT=clinical-metadata;VV=v1.0.0	manual curation	NT=Data-dependent acquisition;AC=PRIDE:0000627	NT=Orbitrap Exploris 480;AC=MS:1003028	NT=Trypsin;AC=MS:1001251	TMT128C	7	NT=higher energy beam-type collision-induced dissociation;AC=MS:1000422	NT=Carbamidomethyl;AC=UNIMOD:4;TA=C;MT=Fixed	NT=TMT6plex;AC=UNIMOD:737;TA=K;MT=Fixed	NT=TMT6plex;AC=UNIMOD:737;PP=Any N-term;MT=Fixed	NT=Oxidation;AC=UNIMOD:35;TA=M;MT=Variable	NT=Acetyl;AC=UNIMOD:1;PP=Protein N-term;MT=Variable	UM171
NB4-UM171-5	Homo sapiens	bone marrow	myeloid cell	5	acute myeloid leukemia	cell line	UM171	23Y	female	NB4	NB4	CVCL_0005	NB4	UM171	0.1 uM	3 hour	220819_UM171_RCOR1_NB4_TMT10_F08_of_F13_R2-TMT128C	proteomic profiling by mass spectrometry	2	220819_UM171_RCOR1_NB4_TMT10_F08_of_F13_R2.raw	v1.1.0	NT=ms-proteomics;VV=v1.1.0	NT=human;VV=v1.1.0	NT=cell-lines;VV=v1.1.0	NT=clinical-metadata;VV=v1.0.0	manual curation	NT=Data-dependent acquisition;AC=PRIDE:0000627	NT=Orbitrap Exploris 480;AC=MS:1003028	NT=Trypsin;AC=MS:1001251	TMT128C	8	NT=higher energy beam-type collision-induced dissociation;AC=MS:1000422	NT=Carbamidomethyl;AC=UNIMOD:4;TA=C;MT=Fixed	NT=TMT6plex;AC=UNIMOD:737;TA=K;MT=Fixed	NT=TMT6plex;AC=UNIMOD:737;PP=Any N-term;MT=Fixed	NT=Oxidation;AC=UNIMOD:35;TA=M;MT=Variable	NT=Acetyl;AC=UNIMOD:1;PP=Protein N-term;MT=Variable	UM171
NB4-UM171-5	Homo sapiens	bone marrow	myeloid cell	5	acute myeloid leukemia	cell line	UM171	23Y	female	NB4	NB4	CVCL_0005	NB4	UM171	0.1 uM	3 hour	220819_UM171_RCOR1_NB4_TMT10_F09_of_F13_R2-TMT128C	proteomic profiling by mass spectrometry	2	220819_UM171_RCOR1_NB4_TMT10_F09_of_F13_R2.raw	v1.1.0	NT=ms-proteomics;VV=v1.1.0	NT=human;VV=v1.1.0	NT=cell-lines;VV=v1.1.0	NT=clinical-metadata;VV=v1.0.0	manual curation	NT=Data-dependent acquisition;AC=PRIDE:0000627	NT=Orbitrap Exploris 480;AC=MS:1003028	NT=Trypsin;AC=MS:1001251	TMT128C	9	NT=higher energy beam-type collision-induced dissociation;AC=MS:1000422	NT=Carbamidomethyl;AC=UNIMOD:4;TA=C;MT=Fixed	NT=TMT6plex;AC=UNIMOD:737;TA=K;MT=Fixed	NT=TMT6plex;AC=UNIMOD:737;PP=Any N-term;MT=Fixed	NT=Oxidation;AC=UNIMOD:35;TA=M;MT=Variable	NT=Acetyl;AC=UNIMOD:1;PP=Protein N-term;MT=Variable	UM171
NB4-UM171-5	Homo sapiens	bone marrow	myeloid cell	5	acute myeloid leukemia	cell line	UM171	23Y	female	NB4	NB4	CVCL_0005	NB4	UM171	0.1 uM	3 hour	220819_UM171_RCOR1_NB4_TMT10_F10_of_F13_R2-TMT128C	proteomic profiling by mass spectrometry	2	220819_UM171_RCOR1_NB4_TMT10_F10_of_F13_R2.raw	v1.1.0	NT=ms-proteomics;VV=v1.1.0	NT=human;VV=v1.1.0	NT=cell-lines;VV=v1.1.0	NT=clinical-metadata;VV=v1.0.0	manual curation	NT=Data-dependent acquisition;AC=PRIDE:0000627	NT=Orbitrap Exploris 480;AC=MS:1003028	NT=Trypsin;AC=MS:1001251	TMT128C	10	NT=higher energy beam-type collision-induced dissociation;AC=MS:1000422	NT=Carbamidomethyl;AC=UNIMOD:4;TA=C;MT=Fixed	NT=TMT6plex;AC=UNIMOD:737;TA=K;MT=Fixed	NT=TMT6plex;AC=UNIMOD:737;PP=Any N-term;MT=Fixed	NT=Oxidation;AC=UNIMOD:35;TA=M;MT=Variable	NT=Acetyl;AC=UNIMOD:1;PP=Protein N-term;MT=Variable	UM171
NB4-UM171-5	Homo sapiens	bone marrow	myeloid cell	5	acute myeloid leukemia	cell line	UM171	23Y	female	NB4	NB4	CVCL_0005	NB4	UM171	0.1 uM	3 hour	220819_UM171_RCOR1_NB4_TMT10_F11_of_F13_R2-TMT128C	proteomic profiling by mass spectrometry	2	220819_UM171_RCOR1_NB4_TMT10_F11_of_F13_R2.raw	v1.1.0	NT=ms-proteomics;VV=v1.1.0	NT=human;VV=v1.1.0	NT=cell-lines;VV=v1.1.0	NT=clinical-metadata;VV=v1.0.0	manual curation	NT=Data-dependent acquisition;AC=PRIDE:0000627	NT=Orbitrap Exploris 480;AC=MS:1003028	NT=Trypsin;AC=MS:1001251	TMT128C	11	NT=higher energy beam-type collision-induced dissociation;AC=MS:1000422	NT=Carbamidomethyl;AC=UNIMOD:4;TA=C;MT=Fixed	NT=TMT6plex;AC=UNIMOD:737;TA=K;MT=Fixed	NT=TMT6plex;AC=UNIMOD:737;PP=Any N-term;MT=Fixed	NT=Oxidation;AC=UNIMOD:35;TA=M;MT=Variable	NT=Acetyl;AC=UNIMOD:1;PP=Protein N-term;MT=Variable	UM171
NB4-UM171-5	Homo sapiens	bone marrow	myeloid cell	5	acute myeloid leukemia	cell line	UM171	23Y	female	NB4	NB4	CVCL_0005	NB4	UM171	0.1 uM	3 hour	220819_UM171_RCOR1_NB4_TMT10_F12_of_F13_R2-TMT128C	proteomic profiling by mass spectrometry	2	220819_UM171_RCOR1_NB4_TMT10_F12_of_F13_R2.raw	v1.1.0	NT=ms-proteomics;VV=v1.1.0	NT=human;VV=v1.1.0	NT=cell-lines;VV=v1.1.0	NT=clinical-metadata;VV=v1.0.0	manual curation	NT=Data-dependent acquisition;AC=PRIDE:0000627	NT=Orbitrap Exploris 480;AC=MS:1003028	NT=Trypsin;AC=MS:1001251	TMT128C	12	NT=higher energy beam-type collision-induced dissociation;AC=MS:1000422	NT=Carbamidomethyl;AC=UNIMOD:4;TA=C;MT=Fixed	NT=TMT6plex;AC=UNIMOD:737;TA=K;MT=Fixed	NT=TMT6plex;AC=UNIMOD:737;PP=Any N-term;MT=Fixed	NT=Oxidation;AC=UNIMOD:35;TA=M;MT=Variable	NT=Acetyl;AC=UNIMOD:1;PP=Protein N-term;MT=Variable	UM171
NB4-UM171-5	Homo sapiens	bone marrow	myeloid cell	5	acute myeloid leukemia	cell line	UM171	23Y	female	NB4	NB4	CVCL_0005	NB4	UM171	0.1 uM	3 hour	220819_UM171_RCOR1_NB4_TMT10_F13_of_F13_R2-TMT128C	proteomic profiling by mass spectrometry	2	220819_UM171_RCOR1_NB4_TMT10_F13_of_F13_R2.raw	v1.1.0	NT=ms-proteomics;VV=v1.1.0	NT=human;VV=v1.1.0	NT=cell-lines;VV=v1.1.0	NT=clinical-metadata;VV=v1.0.0	manual curation	NT=Data-dependent acquisition;AC=PRIDE:0000627	NT=Orbitrap Exploris 480;AC=MS:1003028	NT=Trypsin;AC=MS:1001251	TMT128C	13	NT=higher energy beam-type collision-induced dissociation;AC=MS:1000422	NT=Carbamidomethyl;AC=UNIMOD:4;TA=C;MT=Fixed	NT=TMT6plex;AC=UNIMOD:737;TA=K;MT=Fixed	NT=TMT6plex;AC=UNIMOD:737;PP=Any N-term;MT=Fixed	NT=Oxidation;AC=UNIMOD:35;TA=M;MT=Variable	NT=Acetyl;AC=UNIMOD:1;PP=Protein N-term;MT=Variable	UM171
NB4-DMSO vehicle-1	Homo sapiens	bone marrow	myeloid cell	1	acute myeloid leukemia	cell line	DMSO vehicle	23Y	female	NB4	NB4	CVCL_0005	NB4	dimethyl sulfoxide	not available	3 hour	220819_UM171_RCOR1_NB4_TMT10_F01_of_F13_R2-TMT129N	proteomic profiling by mass spectrometry	2	220819_UM171_RCOR1_NB4_TMT10_F01_of_F13_R2.raw	v1.1.0	NT=ms-proteomics;VV=v1.1.0	NT=human;VV=v1.1.0	NT=cell-lines;VV=v1.1.0	NT=clinical-metadata;VV=v1.0.0	manual curation	NT=Data-dependent acquisition;AC=PRIDE:0000627	NT=Orbitrap Exploris 480;AC=MS:1003028	NT=Trypsin;AC=MS:1001251	TMT129N	1	NT=higher energy beam-type collision-induced dissociation;AC=MS:1000422	NT=Carbamidomethyl;AC=UNIMOD:4;TA=C;MT=Fixed	NT=TMT6plex;AC=UNIMOD:737;TA=K;MT=Fixed	NT=TMT6plex;AC=UNIMOD:737;PP=Any N-term;MT=Fixed	NT=Oxidation;AC=UNIMOD:35;TA=M;MT=Variable	NT=Acetyl;AC=UNIMOD:1;PP=Protein N-term;MT=Variable	DMSO vehicle
NB4-DMSO vehicle-1	Homo sapiens	bone marrow	myeloid cell	1	acute myeloid leukemia	cell line	DMSO vehicle	23Y	female	NB4	NB4	CVCL_0005	NB4	dimethyl sulfoxide	not available	3 hour	220819_UM171_RCOR1_NB4_TMT10_F02_of_F13_R2-TMT129N	proteomic profiling by mass spectrometry	2	220819_UM171_RCOR1_NB4_TMT10_F02_of_F13_R2.raw	v1.1.0	NT=ms-proteomics;VV=v1.1.0	NT=human;VV=v1.1.0	NT=cell-lines;VV=v1.1.0	NT=clinical-metadata;VV=v1.0.0	manual curation	NT=Data-dependent acquisition;AC=PRIDE:0000627	NT=Orbitrap Exploris 480;AC=MS:1003028	NT=Trypsin;AC=MS:1001251	TMT129N	2	NT=higher energy beam-type collision-induced dissociation;AC=MS:1000422	NT=Carbamidomethyl;AC=UNIMOD:4;TA=C;MT=Fixed	NT=TMT6plex;AC=UNIMOD:737;TA=K;MT=Fixed	NT=TMT6plex;AC=UNIMOD:737;PP=Any N-term;MT=Fixed	NT=Oxidation;AC=UNIMOD:35;TA=M;MT=Variable	NT=Acetyl;AC=UNIMOD:1;PP=Protein N-term;MT=Variable	DMSO vehicle
NB4-DMSO vehicle-1	Homo sapiens	bone marrow	myeloid cell	1	acute myeloid leukemia	cell line	DMSO vehicle	23Y	female	NB4	NB4	CVCL_0005	NB4	dimethyl sulfoxide	not available	3 hour	220819_UM171_RCOR1_NB4_TMT10_F03_of_F13_R2-TMT129N	proteomic profiling by mass spectrometry	2	220819_UM171_RCOR1_NB4_TMT10_F03_of_F13_R2.raw	v1.1.0	NT=ms-proteomics;VV=v1.1.0	NT=human;VV=v1.1.0	NT=cell-lines;VV=v1.1.0	NT=clinical-metadata;VV=v1.0.0	manual curation	NT=Data-dependent acquisition;AC=PRIDE:0000627	NT=Orbitrap Exploris 480;AC=MS:1003028	NT=Trypsin;AC=MS:1001251	TMT129N	3	NT=higher energy beam-type collision-induced dissociation;AC=MS:1000422	NT=Carbamidomethyl;AC=UNIMOD:4;TA=C;MT=Fixed	NT=TMT6plex;AC=UNIMOD:737;TA=K;MT=Fixed	NT=TMT6plex;AC=UNIMOD:737;PP=Any N-term;MT=Fixed	NT=Oxidation;AC=UNIMOD:35;TA=M;MT=Variable	NT=Acetyl;AC=UNIMOD:1;PP=Protein N-term;MT=Variable	DMSO vehicle
NB4-DMSO vehicle-1	Homo sapiens	bone marrow	myeloid cell	1	acute myeloid leukemia	cell line	DMSO vehicle	23Y	female	NB4	NB4	CVCL_0005	NB4	dimethyl sulfoxide	not available	3 hour	220819_UM171_RCOR1_NB4_TMT10_F04_of_F13_R2-TMT129N	proteomic profiling by mass spectrometry	2	220819_UM171_RCOR1_NB4_TMT10_F04_of_F13_R2.raw	v1.1.0	NT=ms-proteomics;VV=v1.1.0	NT=human;VV=v1.1.0	NT=cell-lines;VV=v1.1.0	NT=clinical-metadata;VV=v1.0.0	manual curation	NT=Data-dependent acquisition;AC=PRIDE:0000627	NT=Orbitrap Exploris 480;AC=MS:1003028	NT=Trypsin;AC=MS:1001251	TMT129N	4	NT=higher energy beam-type collision-induced dissociation;AC=MS:1000422	NT=Carbamidomethyl;AC=UNIMOD:4;TA=C;MT=Fixed	NT=TMT6plex;AC=UNIMOD:737;TA=K;MT=Fixed	NT=TMT6plex;AC=UNIMOD:737;PP=Any N-term;MT=Fixed	NT=Oxidation;AC=UNIMOD:35;TA=M;MT=Variable	NT=Acetyl;AC=UNIMOD:1;PP=Protein N-term;MT=Variable	DMSO vehicle
NB4-DMSO vehicle-1	Homo sapiens	bone marrow	myeloid cell	1	acute myeloid leukemia	cell line	DMSO vehicle	23Y	female	NB4	NB4	CVCL_0005	NB4	dimethyl sulfoxide	not available	3 hour	220819_UM171_RCOR1_NB4_TMT10_F05_of_F13_R2-TMT129N	proteomic profiling by mass spectrometry	2	220819_UM171_RCOR1_NB4_TMT10_F05_of_F13_R2.raw	v1.1.0	NT=ms-proteomics;VV=v1.1.0	NT=human;VV=v1.1.0	NT=cell-lines;VV=v1.1.0	NT=clinical-metadata;VV=v1.0.0	manual curation	NT=Data-dependent acquisition;AC=PRIDE:0000627	NT=Orbitrap Exploris 480;AC=MS:1003028	NT=Trypsin;AC=MS:1001251	TMT129N	5	NT=higher energy beam-type collision-induced dissociation;AC=MS:1000422	NT=Carbamidomethyl;AC=UNIMOD:4;TA=C;MT=Fixed	NT=TMT6plex;AC=UNIMOD:737;TA=K;MT=Fixed	NT=TMT6plex;AC=UNIMOD:737;PP=Any N-term;MT=Fixed	NT=Oxidation;AC=UNIMOD:35;TA=M;MT=Variable	NT=Acetyl;AC=UNIMOD:1;PP=Protein N-term;MT=Variable	DMSO vehicle
NB4-DMSO vehicle-1	Homo sapiens	bone marrow	myeloid cell	1	acute myeloid leukemia	cell line	DMSO vehicle	23Y	female	NB4	NB4	CVCL_0005	NB4	dimethyl sulfoxide	not available	3 hour	220819_UM171_RCOR1_NB4_TMT10_F06_of_F13_R2-TMT129N	proteomic profiling by mass spectrometry	2	220819_UM171_RCOR1_NB4_TMT10_F06_of_F13_R2.raw	v1.1.0	NT=ms-proteomics;VV=v1.1.0	NT=human;VV=v1.1.0	NT=cell-lines;VV=v1.1.0	NT=clinical-metadata;VV=v1.0.0	manual curation	NT=Data-dependent acquisition;AC=PRIDE:0000627	NT=Orbitrap Exploris 480;AC=MS:1003028	NT=Trypsin;AC=MS:1001251	TMT129N	6	NT=higher energy beam-type collision-induced dissociation;AC=MS:1000422	NT=Carbamidomethyl;AC=UNIMOD:4;TA=C;MT=Fixed	NT=TMT6plex;AC=UNIMOD:737;TA=K;MT=Fixed	NT=TMT6plex;AC=UNIMOD:737;PP=Any N-term;MT=Fixed	NT=Oxidation;AC=UNIMOD:35;TA=M;MT=Variable	NT=Acetyl;AC=UNIMOD:1;PP=Protein N-term;MT=Variable	DMSO vehicle
NB4-DMSO vehicle-1	Homo sapiens	bone marrow	myeloid cell	1	acute myeloid leukemia	cell line	DMSO vehicle	23Y	female	NB4	NB4	CVCL_0005	NB4	dimethyl sulfoxide	not available	3 hour	220819_UM171_RCOR1_NB4_TMT10_F07_of_F13_R2-TMT129N	proteomic profiling by mass spectrometry	2	220819_UM171_RCOR1_NB4_TMT10_F07_of_F13_R2.raw	v1.1.0	NT=ms-proteomics;VV=v1.1.0	NT=human;VV=v1.1.0	NT=cell-lines;VV=v1.1.0	NT=clinical-metadata;VV=v1.0.0	manual curation	NT=Data-dependent acquisition;AC=PRIDE:0000627	NT=Orbitrap Exploris 480;AC=MS:1003028	NT=Trypsin;AC=MS:1001251	TMT129N	7	NT=higher energy beam-type collision-induced dissociation;AC=MS:1000422	NT=Carbamidomethyl;AC=UNIMOD:4;TA=C;MT=Fixed	NT=TMT6plex;AC=UNIMOD:737;TA=K;MT=Fixed	NT=TMT6plex;AC=UNIMOD:737;PP=Any N-term;MT=Fixed	NT=Oxidation;AC=UNIMOD:35;TA=M;MT=Variable	NT=Acetyl;AC=UNIMOD:1;PP=Protein N-term;MT=Variable	DMSO vehicle
NB4-DMSO vehicle-1	Homo sapiens	bone marrow	myeloid cell	1	acute myeloid leukemia	cell line	DMSO vehicle	23Y	female	NB4	NB4	CVCL_0005	NB4	dimethyl sulfoxide	not available	3 hour	220819_UM171_RCOR1_NB4_TMT10_F08_of_F13_R2-TMT129N	proteomic profiling by mass spectrometry	2	220819_UM171_RCOR1_NB4_TMT10_F08_of_F13_R2.raw	v1.1.0	NT=ms-proteomics;VV=v1.1.0	NT=human;VV=v1.1.0	NT=cell-lines;VV=v1.1.0	NT=clinical-metadata;VV=v1.0.0	manual curation	NT=Data-dependent acquisition;AC=PRIDE:0000627	NT=Orbitrap Exploris 480;AC=MS:1003028	NT=Trypsin;AC=MS:1001251	TMT129N	8	NT=higher energy beam-type collision-induced dissociation;AC=MS:1000422	NT=Carbamidomethyl;AC=UNIMOD:4;TA=C;MT=Fixed	NT=TMT6plex;AC=UNIMOD:737;TA=K;MT=Fixed	NT=TMT6plex;AC=UNIMOD:737;PP=Any N-term;MT=Fixed	NT=Oxidation;AC=UNIMOD:35;TA=M;MT=Variable	NT=Acetyl;AC=UNIMOD:1;PP=Protein N-term;MT=Variable	DMSO vehicle
NB4-DMSO vehicle-1	Homo sapiens	bone marrow	myeloid cell	1	acute myeloid leukemia	cell line	DMSO vehicle	23Y	female	NB4	NB4	CVCL_0005	NB4	dimethyl sulfoxide	not available	3 hour	220819_UM171_RCOR1_NB4_TMT10_F09_of_F13_R2-TMT129N	proteomic profiling by mass spectrometry	2	220819_UM171_RCOR1_NB4_TMT10_F09_of_F13_R2.raw	v1.1.0	NT=ms-proteomics;VV=v1.1.0	NT=human;VV=v1.1.0	NT=cell-lines;VV=v1.1.0	NT=clinical-metadata;VV=v1.0.0	manual curation	NT=Data-dependent acquisition;AC=PRIDE:0000627	NT=Orbitrap Exploris 480;AC=MS:1003028	NT=Trypsin;AC=MS:1001251	TMT129N	9	NT=higher energy beam-type collision-induced dissociation;AC=MS:1000422	NT=Carbamidomethyl;AC=UNIMOD:4;TA=C;MT=Fixed	NT=TMT6plex;AC=UNIMOD:737;TA=K;MT=Fixed	NT=TMT6plex;AC=UNIMOD:737;PP=Any N-term;MT=Fixed	NT=Oxidation;AC=UNIMOD:35;TA=M;MT=Variable	NT=Acetyl;AC=UNIMOD:1;PP=Protein N-term;MT=Variable	DMSO vehicle
NB4-DMSO vehicle-1	Homo sapiens	bone marrow	myeloid cell	1	acute myeloid leukemia	cell line	DMSO vehicle	23Y	female	NB4	NB4	CVCL_0005	NB4	dimethyl sulfoxide	not available	3 hour	220819_UM171_RCOR1_NB4_TMT10_F10_of_F13_R2-TMT129N	proteomic profiling by mass spectrometry	2	220819_UM171_RCOR1_NB4_TMT10_F10_of_F13_R2.raw	v1.1.0	NT=ms-proteomics;VV=v1.1.0	NT=human;VV=v1.1.0	NT=cell-lines;VV=v1.1.0	NT=clinical-metadata;VV=v1.0.0	manual curation	NT=Data-dependent acquisition;AC=PRIDE:0000627	NT=Orbitrap Exploris 480;AC=MS:1003028	NT=Trypsin;AC=MS:1001251	TMT129N	10	NT=higher energy beam-type collision-induced dissociation;AC=MS:1000422	NT=Carbamidomethyl;AC=UNIMOD:4;TA=C;MT=Fixed	NT=TMT6plex;AC=UNIMOD:737;TA=K;MT=Fixed	NT=TMT6plex;AC=UNIMOD:737;PP=Any N-term;MT=Fixed	NT=Oxidation;AC=UNIMOD:35;TA=M;MT=Variable	NT=Acetyl;AC=UNIMOD:1;PP=Protein N-term;MT=Variable	DMSO vehicle
NB4-DMSO vehicle-1	Homo sapiens	bone marrow	myeloid cell	1	acute myeloid leukemia	cell line	DMSO vehicle	23Y	female	NB4	NB4	CVCL_0005	NB4	dimethyl sulfoxide	not available	3 hour	220819_UM171_RCOR1_NB4_TMT10_F11_of_F13_R2-TMT129N	proteomic profiling by mass spectrometry	2	220819_UM171_RCOR1_NB4_TMT10_F11_of_F13_R2.raw	v1.1.0	NT=ms-proteomics;VV=v1.1.0	NT=human;VV=v1.1.0	NT=cell-lines;VV=v1.1.0	NT=clinical-metadata;VV=v1.0.0	manual curation	NT=Data-dependent acquisition;AC=PRIDE:0000627	NT=Orbitrap Exploris 480;AC=MS:1003028	NT=Trypsin;AC=MS:1001251	TMT129N	11	NT=higher energy beam-type collision-induced dissociation;AC=MS:1000422	NT=Carbamidomethyl;AC=UNIMOD:4;TA=C;MT=Fixed	NT=TMT6plex;AC=UNIMOD:737;TA=K;MT=Fixed	NT=TMT6plex;AC=UNIMOD:737;PP=Any N-term;MT=Fixed	NT=Oxidation;AC=UNIMOD:35;TA=M;MT=Variable	NT=Acetyl;AC=UNIMOD:1;PP=Protein N-term;MT=Variable	DMSO vehicle
NB4-DMSO vehicle-1	Homo sapiens	bone marrow	myeloid cell	1	acute myeloid leukemia	cell line	DMSO vehicle	23Y	female	NB4	NB4	CVCL_0005	NB4	dimethyl sulfoxide	not available	3 hour	220819_UM171_RCOR1_NB4_TMT10_F12_of_F13_R2-TMT129N	proteomic profiling by mass spectrometry	2	220819_UM171_RCOR1_NB4_TMT10_F12_of_F13_R2.raw	v1.1.0	NT=ms-proteomics;VV=v1.1.0	NT=human;VV=v1.1.0	NT=cell-lines;VV=v1.1.0	NT=clinical-metadata;VV=v1.0.0	manual curation	NT=Data-dependent acquisition;AC=PRIDE:0000627	NT=Orbitrap Exploris 480;AC=MS:1003028	NT=Trypsin;AC=MS:1001251	TMT129N	12	NT=higher energy beam-type collision-induced dissociation;AC=MS:1000422	NT=Carbamidomethyl;AC=UNIMOD:4;TA=C;MT=Fixed	NT=TMT6plex;AC=UNIMOD:737;TA=K;MT=Fixed	NT=TMT6plex;AC=UNIMOD:737;PP=Any N-term;MT=Fixed	NT=Oxidation;AC=UNIMOD:35;TA=M;MT=Variable	NT=Acetyl;AC=UNIMOD:1;PP=Protein N-term;MT=Variable	DMSO vehicle
NB4-DMSO vehicle-1	Homo sapiens	bone marrow	myeloid cell	1	acute myeloid leukemia	cell line	DMSO vehicle	23Y	female	NB4	NB4	CVCL_0005	NB4	dimethyl sulfoxide	not available	3 hour	220819_UM171_RCOR1_NB4_TMT10_F13_of_F13_R2-TMT129N	proteomic profiling by mass spectrometry	2	220819_UM171_RCOR1_NB4_TMT10_F13_of_F13_R2.raw	v1.1.0	NT=ms-proteomics;VV=v1.1.0	NT=human;VV=v1.1.0	NT=cell-lines;VV=v1.1.0	NT=clinical-metadata;VV=v1.0.0	manual curation	NT=Data-dependent acquisition;AC=PRIDE:0000627	NT=Orbitrap Exploris 480;AC=MS:1003028	NT=Trypsin;AC=MS:1001251	TMT129N	13	NT=higher energy beam-type collision-induced dissociation;AC=MS:1000422	NT=Carbamidomethyl;AC=UNIMOD:4;TA=C;MT=Fixed	NT=TMT6plex;AC=UNIMOD:737;TA=K;MT=Fixed	NT=TMT6plex;AC=UNIMOD:737;PP=Any N-term;MT=Fixed	NT=Oxidation;AC=UNIMOD:35;TA=M;MT=Variable	NT=Acetyl;AC=UNIMOD:1;PP=Protein N-term;MT=Variable	DMSO vehicle
NB4-DMSO vehicle-2	Homo sapiens	bone marrow	myeloid cell	2	acute myeloid leukemia	cell line	DMSO vehicle	23Y	female	NB4	NB4	CVCL_0005	NB4	dimethyl sulfoxide	not available	3 hour	220819_UM171_RCOR1_NB4_TMT10_F01_of_F13_R2-TMT129C	proteomic profiling by mass spectrometry	2	220819_UM171_RCOR1_NB4_TMT10_F01_of_F13_R2.raw	v1.1.0	NT=ms-proteomics;VV=v1.1.0	NT=human;VV=v1.1.0	NT=cell-lines;VV=v1.1.0	NT=clinical-metadata;VV=v1.0.0	manual curation	NT=Data-dependent acquisition;AC=PRIDE:0000627	NT=Orbitrap Exploris 480;AC=MS:1003028	NT=Trypsin;AC=MS:1001251	TMT129C	1	NT=higher energy beam-type collision-induced dissociation;AC=MS:1000422	NT=Carbamidomethyl;AC=UNIMOD:4;TA=C;MT=Fixed	NT=TMT6plex;AC=UNIMOD:737;TA=K;MT=Fixed	NT=TMT6plex;AC=UNIMOD:737;PP=Any N-term;MT=Fixed	NT=Oxidation;AC=UNIMOD:35;TA=M;MT=Variable	NT=Acetyl;AC=UNIMOD:1;PP=Protein N-term;MT=Variable	DMSO vehicle
NB4-DMSO vehicle-2	Homo sapiens	bone marrow	myeloid cell	2	acute myeloid leukemia	cell line	DMSO vehicle	23Y	female	NB4	NB4	CVCL_0005	NB4	dimethyl sulfoxide	not available	3 hour	220819_UM171_RCOR1_NB4_TMT10_F02_of_F13_R2-TMT129C	proteomic profiling by mass spectrometry	2	220819_UM171_RCOR1_NB4_TMT10_F02_of_F13_R2.raw	v1.1.0	NT=ms-proteomics;VV=v1.1.0	NT=human;VV=v1.1.0	NT=cell-lines;VV=v1.1.0	NT=clinical-metadata;VV=v1.0.0	manual curation	NT=Data-dependent acquisition;AC=PRIDE:0000627	NT=Orbitrap Exploris 480;AC=MS:1003028	NT=Trypsin;AC=MS:1001251	TMT129C	2	NT=higher energy beam-type collision-induced dissociation;AC=MS:1000422	NT=Carbamidomethyl;AC=UNIMOD:4;TA=C;MT=Fixed	NT=TMT6plex;AC=UNIMOD:737;TA=K;MT=Fixed	NT=TMT6plex;AC=UNIMOD:737;PP=Any N-term;MT=Fixed	NT=Oxidation;AC=UNIMOD:35;TA=M;MT=Variable	NT=Acetyl;AC=UNIMOD:1;PP=Protein N-term;MT=Variable	DMSO vehicle
NB4-DMSO vehicle-2	Homo sapiens	bone marrow	myeloid cell	2	acute myeloid leukemia	cell line	DMSO vehicle	23Y	female	NB4	NB4	CVCL_0005	NB4	dimethyl sulfoxide	not available	3 hour	220819_UM171_RCOR1_NB4_TMT10_F03_of_F13_R2-TMT129C	proteomic profiling by mass spectrometry	2	220819_UM171_RCOR1_NB4_TMT10_F03_of_F13_R2.raw	v1.1.0	NT=ms-proteomics;VV=v1.1.0	NT=human;VV=v1.1.0	NT=cell-lines;VV=v1.1.0	NT=clinical-metadata;VV=v1.0.0	manual curation	NT=Data-dependent acquisition;AC=PRIDE:0000627	NT=Orbitrap Exploris 480;AC=MS:1003028	NT=Trypsin;AC=MS:1001251	TMT129C	3	NT=higher energy beam-type collision-induced dissociation;AC=MS:1000422	NT=Carbamidomethyl;AC=UNIMOD:4;TA=C;MT=Fixed	NT=TMT6plex;AC=UNIMOD:737;TA=K;MT=Fixed	NT=TMT6plex;AC=UNIMOD:737;PP=Any N-term;MT=Fixed	NT=Oxidation;AC=UNIMOD:35;TA=M;MT=Variable	NT=Acetyl;AC=UNIMOD:1;PP=Protein N-term;MT=Variable	DMSO vehicle
NB4-DMSO vehicle-2	Homo sapiens	bone marrow	myeloid cell	2	acute myeloid leukemia	cell line	DMSO vehicle	23Y	female	NB4	NB4	CVCL_0005	NB4	dimethyl sulfoxide	not available	3 hour	220819_UM171_RCOR1_NB4_TMT10_F04_of_F13_R2-TMT129C	proteomic profiling by mass spectrometry	2	220819_UM171_RCOR1_NB4_TMT10_F04_of_F13_R2.raw	v1.1.0	NT=ms-proteomics;VV=v1.1.0	NT=human;VV=v1.1.0	NT=cell-lines;VV=v1.1.0	NT=clinical-metadata;VV=v1.0.0	manual curation	NT=Data-dependent acquisition;AC=PRIDE:0000627	NT=Orbitrap Exploris 480;AC=MS:1003028	NT=Trypsin;AC=MS:1001251	TMT129C	4	NT=higher energy beam-type collision-induced dissociation;AC=MS:1000422	NT=Carbamidomethyl;AC=UNIMOD:4;TA=C;MT=Fixed	NT=TMT6plex;AC=UNIMOD:737;TA=K;MT=Fixed	NT=TMT6plex;AC=UNIMOD:737;PP=Any N-term;MT=Fixed	NT=Oxidation;AC=UNIMOD:35;TA=M;MT=Variable	NT=Acetyl;AC=UNIMOD:1;PP=Protein N-term;MT=Variable	DMSO vehicle
NB4-DMSO vehicle-2	Homo sapiens	bone marrow	myeloid cell	2	acute myeloid leukemia	cell line	DMSO vehicle	23Y	female	NB4	NB4	CVCL_0005	NB4	dimethyl sulfoxide	not available	3 hour	220819_UM171_RCOR1_NB4_TMT10_F05_of_F13_R2-TMT129C	proteomic profiling by mass spectrometry	2	220819_UM171_RCOR1_NB4_TMT10_F05_of_F13_R2.raw	v1.1.0	NT=ms-proteomics;VV=v1.1.0	NT=human;VV=v1.1.0	NT=cell-lines;VV=v1.1.0	NT=clinical-metadata;VV=v1.0.0	manual curation	NT=Data-dependent acquisition;AC=PRIDE:0000627	NT=Orbitrap Exploris 480;AC=MS:1003028	NT=Trypsin;AC=MS:1001251	TMT129C	5	NT=higher energy beam-type collision-induced dissociation;AC=MS:1000422	NT=Carbamidomethyl;AC=UNIMOD:4;TA=C;MT=Fixed	NT=TMT6plex;AC=UNIMOD:737;TA=K;MT=Fixed	NT=TMT6plex;AC=UNIMOD:737;PP=Any N-term;MT=Fixed	NT=Oxidation;AC=UNIMOD:35;TA=M;MT=Variable	NT=Acetyl;AC=UNIMOD:1;PP=Protein N-term;MT=Variable	DMSO vehicle
NB4-DMSO vehicle-2	Homo sapiens	bone marrow	myeloid cell	2	acute myeloid leukemia	cell line	DMSO vehicle	23Y	female	NB4	NB4	CVCL_0005	NB4	dimethyl sulfoxide	not available	3 hour	220819_UM171_RCOR1_NB4_TMT10_F06_of_F13_R2-TMT129C	proteomic profiling by mass spectrometry	2	220819_UM171_RCOR1_NB4_TMT10_F06_of_F13_R2.raw	v1.1.0	NT=ms-proteomics;VV=v1.1.0	NT=human;VV=v1.1.0	NT=cell-lines;VV=v1.1.0	NT=clinical-metadata;VV=v1.0.0	manual curation	NT=Data-dependent acquisition;AC=PRIDE:0000627	NT=Orbitrap Exploris 480;AC=MS:1003028	NT=Trypsin;AC=MS:1001251	TMT129C	6	NT=higher energy beam-type collision-induced dissociation;AC=MS:1000422	NT=Carbamidomethyl;AC=UNIMOD:4;TA=C;MT=Fixed	NT=TMT6plex;AC=UNIMOD:737;TA=K;MT=Fixed	NT=TMT6plex;AC=UNIMOD:737;PP=Any N-term;MT=Fixed	NT=Oxidation;AC=UNIMOD:35;TA=M;MT=Variable	NT=Acetyl;AC=UNIMOD:1;PP=Protein N-term;MT=Variable	DMSO vehicle
NB4-DMSO vehicle-2	Homo sapiens	bone marrow	myeloid cell	2	acute myeloid leukemia	cell line	DMSO vehicle	23Y	female	NB4	NB4	CVCL_0005	NB4	dimethyl sulfoxide	not available	3 hour	220819_UM171_RCOR1_NB4_TMT10_F07_of_F13_R2-TMT129C	proteomic profiling by mass spectrometry	2	220819_UM171_RCOR1_NB4_TMT10_F07_of_F13_R2.raw	v1.1.0	NT=ms-proteomics;VV=v1.1.0	NT=human;VV=v1.1.0	NT=cell-lines;VV=v1.1.0	NT=clinical-metadata;VV=v1.0.0	manual curation	NT=Data-dependent acquisition;AC=PRIDE:0000627	NT=Orbitrap Exploris 480;AC=MS:1003028	NT=Trypsin;AC=MS:1001251	TMT129C	7	NT=higher energy beam-type collision-induced dissociation;AC=MS:1000422	NT=Carbamidomethyl;AC=UNIMOD:4;TA=C;MT=Fixed	NT=TMT6plex;AC=UNIMOD:737;TA=K;MT=Fixed	NT=TMT6plex;AC=UNIMOD:737;PP=Any N-term;MT=Fixed	NT=Oxidation;AC=UNIMOD:35;TA=M;MT=Variable	NT=Acetyl;AC=UNIMOD:1;PP=Protein N-term;MT=Variable	DMSO vehicle
NB4-DMSO vehicle-2	Homo sapiens	bone marrow	myeloid cell	2	acute myeloid leukemia	cell line	DMSO vehicle	23Y	female	NB4	NB4	CVCL_0005	NB4	dimethyl sulfoxide	not available	3 hour	220819_UM171_RCOR1_NB4_TMT10_F08_of_F13_R2-TMT129C	proteomic profiling by mass spectrometry	2	220819_UM171_RCOR1_NB4_TMT10_F08_of_F13_R2.raw	v1.1.0	NT=ms-proteomics;VV=v1.1.0	NT=human;VV=v1.1.0	NT=cell-lines;VV=v1.1.0	NT=clinical-metadata;VV=v1.0.0	manual curation	NT=Data-dependent acquisition;AC=PRIDE:0000627	NT=Orbitrap Exploris 480;AC=MS:1003028	NT=Trypsin;AC=MS:1001251	TMT129C	8	NT=higher energy beam-type collision-induced dissociation;AC=MS:1000422	NT=Carbamidomethyl;AC=UNIMOD:4;TA=C;MT=Fixed	NT=TMT6plex;AC=UNIMOD:737;TA=K;MT=Fixed	NT=TMT6plex;AC=UNIMOD:737;PP=Any N-term;MT=Fixed	NT=Oxidation;AC=UNIMOD:35;TA=M;MT=Variable	NT=Acetyl;AC=UNIMOD:1;PP=Protein N-term;MT=Variable	DMSO vehicle
NB4-DMSO vehicle-2	Homo sapiens	bone marrow	myeloid cell	2	acute myeloid leukemia	cell line	DMSO vehicle	23Y	female	NB4	NB4	CVCL_0005	NB4	dimethyl sulfoxide	not available	3 hour	220819_UM171_RCOR1_NB4_TMT10_F09_of_F13_R2-TMT129C	proteomic profiling by mass spectrometry	2	220819_UM171_RCOR1_NB4_TMT10_F09_of_F13_R2.raw	v1.1.0	NT=ms-proteomics;VV=v1.1.0	NT=human;VV=v1.1.0	NT=cell-lines;VV=v1.1.0	NT=clinical-metadata;VV=v1.0.0	manual curation	NT=Data-dependent acquisition;AC=PRIDE:0000627	NT=Orbitrap Exploris 480;AC=MS:1003028	NT=Trypsin;AC=MS:1001251	TMT129C	9	NT=higher energy beam-type collision-induced dissociation;AC=MS:1000422	NT=Carbamidomethyl;AC=UNIMOD:4;TA=C;MT=Fixed	NT=TMT6plex;AC=UNIMOD:737;TA=K;MT=Fixed	NT=TMT6plex;AC=UNIMOD:737;PP=Any N-term;MT=Fixed	NT=Oxidation;AC=UNIMOD:35;TA=M;MT=Variable	NT=Acetyl;AC=UNIMOD:1;PP=Protein N-term;MT=Variable	DMSO vehicle
NB4-DMSO vehicle-2	Homo sapiens	bone marrow	myeloid cell	2	acute myeloid leukemia	cell line	DMSO vehicle	23Y	female	NB4	NB4	CVCL_0005	NB4	dimethyl sulfoxide	not available	3 hour	220819_UM171_RCOR1_NB4_TMT10_F10_of_F13_R2-TMT129C	proteomic profiling by mass spectrometry	2	220819_UM171_RCOR1_NB4_TMT10_F10_of_F13_R2.raw	v1.1.0	NT=ms-proteomics;VV=v1.1.0	NT=human;VV=v1.1.0	NT=cell-lines;VV=v1.1.0	NT=clinical-metadata;VV=v1.0.0	manual curation	NT=Data-dependent acquisition;AC=PRIDE:0000627	NT=Orbitrap Exploris 480;AC=MS:1003028	NT=Trypsin;AC=MS:1001251	TMT129C	10	NT=higher energy beam-type collision-induced dissociation;AC=MS:1000422	NT=Carbamidomethyl;AC=UNIMOD:4;TA=C;MT=Fixed	NT=TMT6plex;AC=UNIMOD:737;TA=K;MT=Fixed	NT=TMT6plex;AC=UNIMOD:737;PP=Any N-term;MT=Fixed	NT=Oxidation;AC=UNIMOD:35;TA=M;MT=Variable	NT=Acetyl;AC=UNIMOD:1;PP=Protein N-term;MT=Variable	DMSO vehicle
NB4-DMSO vehicle-2	Homo sapiens	bone marrow	myeloid cell	2	acute myeloid leukemia	cell line	DMSO vehicle	23Y	female	NB4	NB4	CVCL_0005	NB4	dimethyl sulfoxide	not available	3 hour	220819_UM171_RCOR1_NB4_TMT10_F11_of_F13_R2-TMT129C	proteomic profiling by mass spectrometry	2	220819_UM171_RCOR1_NB4_TMT10_F11_of_F13_R2.raw	v1.1.0	NT=ms-proteomics;VV=v1.1.0	NT=human;VV=v1.1.0	NT=cell-lines;VV=v1.1.0	NT=clinical-metadata;VV=v1.0.0	manual curation	NT=Data-dependent acquisition;AC=PRIDE:0000627	NT=Orbitrap Exploris 480;AC=MS:1003028	NT=Trypsin;AC=MS:1001251	TMT129C	11	NT=higher energy beam-type collision-induced dissociation;AC=MS:1000422	NT=Carbamidomethyl;AC=UNIMOD:4;TA=C;MT=Fixed	NT=TMT6plex;AC=UNIMOD:737;TA=K;MT=Fixed	NT=TMT6plex;AC=UNIMOD:737;PP=Any N-term;MT=Fixed	NT=Oxidation;AC=UNIMOD:35;TA=M;MT=Variable	NT=Acetyl;AC=UNIMOD:1;PP=Protein N-term;MT=Variable	DMSO vehicle
NB4-DMSO vehicle-2	Homo sapiens	bone marrow	myeloid cell	2	acute myeloid leukemia	cell line	DMSO vehicle	23Y	female	NB4	NB4	CVCL_0005	NB4	dimethyl sulfoxide	not available	3 hour	220819_UM171_RCOR1_NB4_TMT10_F12_of_F13_R2-TMT129C	proteomic profiling by mass spectrometry	2	220819_UM171_RCOR1_NB4_TMT10_F12_of_F13_R2.raw	v1.1.0	NT=ms-proteomics;VV=v1.1.0	NT=human;VV=v1.1.0	NT=cell-lines;VV=v1.1.0	NT=clinical-metadata;VV=v1.0.0	manual curation	NT=Data-dependent acquisition;AC=PRIDE:0000627	NT=Orbitrap Exploris 480;AC=MS:1003028	NT=Trypsin;AC=MS:1001251	TMT129C	12	NT=higher energy beam-type collision-induced dissociation;AC=MS:1000422	NT=Carbamidomethyl;AC=UNIMOD:4;TA=C;MT=Fixed	NT=TMT6plex;AC=UNIMOD:737;TA=K;MT=Fixed	NT=TMT6plex;AC=UNIMOD:737;PP=Any N-term;MT=Fixed	NT=Oxidation;AC=UNIMOD:35;TA=M;MT=Variable	NT=Acetyl;AC=UNIMOD:1;PP=Protein N-term;MT=Variable	DMSO vehicle
NB4-DMSO vehicle-2	Homo sapiens	bone marrow	myeloid cell	2	acute myeloid leukemia	cell line	DMSO vehicle	23Y	female	NB4	NB4	CVCL_0005	NB4	dimethyl sulfoxide	not available	3 hour	220819_UM171_RCOR1_NB4_TMT10_F13_of_F13_R2-TMT129C	proteomic profiling by mass spectrometry	2	220819_UM171_RCOR1_NB4_TMT10_F13_of_F13_R2.raw	v1.1.0	NT=ms-proteomics;VV=v1.1.0	NT=human;VV=v1.1.0	NT=cell-lines;VV=v1.1.0	NT=clinical-metadata;VV=v1.0.0	manual curation	NT=Data-dependent acquisition;AC=PRIDE:0000627	NT=Orbitrap Exploris 480;AC=MS:1003028	NT=Trypsin;AC=MS:1001251	TMT129C	13	NT=higher energy beam-type collision-induced dissociation;AC=MS:1000422	NT=Carbamidomethyl;AC=UNIMOD:4;TA=C;MT=Fixed	NT=TMT6plex;AC=UNIMOD:737;TA=K;MT=Fixed	NT=TMT6plex;AC=UNIMOD:737;PP=Any N-term;MT=Fixed	NT=Oxidation;AC=UNIMOD:35;TA=M;MT=Variable	NT=Acetyl;AC=UNIMOD:1;PP=Protein N-term;MT=Variable	DMSO vehicle
NB4-DMSO vehicle-3	Homo sapiens	bone marrow	myeloid cell	3	acute myeloid leukemia	cell line	DMSO vehicle	23Y	female	NB4	NB4	CVCL_0005	NB4	dimethyl sulfoxide	not available	3 hour	220819_UM171_RCOR1_NB4_TMT10_F01_of_F13_R2-TMT130N	proteomic profiling by mass spectrometry	2	220819_UM171_RCOR1_NB4_TMT10_F01_of_F13_R2.raw	v1.1.0	NT=ms-proteomics;VV=v1.1.0	NT=human;VV=v1.1.0	NT=cell-lines;VV=v1.1.0	NT=clinical-metadata;VV=v1.0.0	manual curation	NT=Data-dependent acquisition;AC=PRIDE:0000627	NT=Orbitrap Exploris 480;AC=MS:1003028	NT=Trypsin;AC=MS:1001251	TMT130N	1	NT=higher energy beam-type collision-induced dissociation;AC=MS:1000422	NT=Carbamidomethyl;AC=UNIMOD:4;TA=C;MT=Fixed	NT=TMT6plex;AC=UNIMOD:737;TA=K;MT=Fixed	NT=TMT6plex;AC=UNIMOD:737;PP=Any N-term;MT=Fixed	NT=Oxidation;AC=UNIMOD:35;TA=M;MT=Variable	NT=Acetyl;AC=UNIMOD:1;PP=Protein N-term;MT=Variable	DMSO vehicle
NB4-DMSO vehicle-3	Homo sapiens	bone marrow	myeloid cell	3	acute myeloid leukemia	cell line	DMSO vehicle	23Y	female	NB4	NB4	CVCL_0005	NB4	dimethyl sulfoxide	not available	3 hour	220819_UM171_RCOR1_NB4_TMT10_F02_of_F13_R2-TMT130N	proteomic profiling by mass spectrometry	2	220819_UM171_RCOR1_NB4_TMT10_F02_of_F13_R2.raw	v1.1.0	NT=ms-proteomics;VV=v1.1.0	NT=human;VV=v1.1.0	NT=cell-lines;VV=v1.1.0	NT=clinical-metadata;VV=v1.0.0	manual curation	NT=Data-dependent acquisition;AC=PRIDE:0000627	NT=Orbitrap Exploris 480;AC=MS:1003028	NT=Trypsin;AC=MS:1001251	TMT130N	2	NT=higher energy beam-type collision-induced dissociation;AC=MS:1000422	NT=Carbamidomethyl;AC=UNIMOD:4;TA=C;MT=Fixed	NT=TMT6plex;AC=UNIMOD:737;TA=K;MT=Fixed	NT=TMT6plex;AC=UNIMOD:737;PP=Any N-term;MT=Fixed	NT=Oxidation;AC=UNIMOD:35;TA=M;MT=Variable	NT=Acetyl;AC=UNIMOD:1;PP=Protein N-term;MT=Variable	DMSO vehicle
NB4-DMSO vehicle-3	Homo sapiens	bone marrow	myeloid cell	3	acute myeloid leukemia	cell line	DMSO vehicle	23Y	female	NB4	NB4	CVCL_0005	NB4	dimethyl sulfoxide	not available	3 hour	220819_UM171_RCOR1_NB4_TMT10_F03_of_F13_R2-TMT130N	proteomic profiling by mass spectrometry	2	220819_UM171_RCOR1_NB4_TMT10_F03_of_F13_R2.raw	v1.1.0	NT=ms-proteomics;VV=v1.1.0	NT=human;VV=v1.1.0	NT=cell-lines;VV=v1.1.0	NT=clinical-metadata;VV=v1.0.0	manual curation	NT=Data-dependent acquisition;AC=PRIDE:0000627	NT=Orbitrap Exploris 480;AC=MS:1003028	NT=Trypsin;AC=MS:1001251	TMT130N	3	NT=higher energy beam-type collision-induced dissociation;AC=MS:1000422	NT=Carbamidomethyl;AC=UNIMOD:4;TA=C;MT=Fixed	NT=TMT6plex;AC=UNIMOD:737;TA=K;MT=Fixed	NT=TMT6plex;AC=UNIMOD:737;PP=Any N-term;MT=Fixed	NT=Oxidation;AC=UNIMOD:35;TA=M;MT=Variable	NT=Acetyl;AC=UNIMOD:1;PP=Protein N-term;MT=Variable	DMSO vehicle
NB4-DMSO vehicle-3	Homo sapiens	bone marrow	myeloid cell	3	acute myeloid leukemia	cell line	DMSO vehicle	23Y	female	NB4	NB4	CVCL_0005	NB4	dimethyl sulfoxide	not available	3 hour	220819_UM171_RCOR1_NB4_TMT10_F04_of_F13_R2-TMT130N	proteomic profiling by mass spectrometry	2	220819_UM171_RCOR1_NB4_TMT10_F04_of_F13_R2.raw	v1.1.0	NT=ms-proteomics;VV=v1.1.0	NT=human;VV=v1.1.0	NT=cell-lines;VV=v1.1.0	NT=clinical-metadata;VV=v1.0.0	manual curation	NT=Data-dependent acquisition;AC=PRIDE:0000627	NT=Orbitrap Exploris 480;AC=MS:1003028	NT=Trypsin;AC=MS:1001251	TMT130N	4	NT=higher energy beam-type collision-induced dissociation;AC=MS:1000422	NT=Carbamidomethyl;AC=UNIMOD:4;TA=C;MT=Fixed	NT=TMT6plex;AC=UNIMOD:737;TA=K;MT=Fixed	NT=TMT6plex;AC=UNIMOD:737;PP=Any N-term;MT=Fixed	NT=Oxidation;AC=UNIMOD:35;TA=M;MT=Variable	NT=Acetyl;AC=UNIMOD:1;PP=Protein N-term;MT=Variable	DMSO vehicle
NB4-DMSO vehicle-3	Homo sapiens	bone marrow	myeloid cell	3	acute myeloid leukemia	cell line	DMSO vehicle	23Y	female	NB4	NB4	CVCL_0005	NB4	dimethyl sulfoxide	not available	3 hour	220819_UM171_RCOR1_NB4_TMT10_F05_of_F13_R2-TMT130N	proteomic profiling by mass spectrometry	2	220819_UM171_RCOR1_NB4_TMT10_F05_of_F13_R2.raw	v1.1.0	NT=ms-proteomics;VV=v1.1.0	NT=human;VV=v1.1.0	NT=cell-lines;VV=v1.1.0	NT=clinical-metadata;VV=v1.0.0	manual curation	NT=Data-dependent acquisition;AC=PRIDE:0000627	NT=Orbitrap Exploris 480;AC=MS:1003028	NT=Trypsin;AC=MS:1001251	TMT130N	5	NT=higher energy beam-type collision-induced dissociation;AC=MS:1000422	NT=Carbamidomethyl;AC=UNIMOD:4;TA=C;MT=Fixed	NT=TMT6plex;AC=UNIMOD:737;TA=K;MT=Fixed	NT=TMT6plex;AC=UNIMOD:737;PP=Any N-term;MT=Fixed	NT=Oxidation;AC=UNIMOD:35;TA=M;MT=Variable	NT=Acetyl;AC=UNIMOD:1;PP=Protein N-term;MT=Variable	DMSO vehicle
NB4-DMSO vehicle-3	Homo sapiens	bone marrow	myeloid cell	3	acute myeloid leukemia	cell line	DMSO vehicle	23Y	female	NB4	NB4	CVCL_0005	NB4	dimethyl sulfoxide	not available	3 hour	220819_UM171_RCOR1_NB4_TMT10_F06_of_F13_R2-TMT130N	proteomic profiling by mass spectrometry	2	220819_UM171_RCOR1_NB4_TMT10_F06_of_F13_R2.raw	v1.1.0	NT=ms-proteomics;VV=v1.1.0	NT=human;VV=v1.1.0	NT=cell-lines;VV=v1.1.0	NT=clinical-metadata;VV=v1.0.0	manual curation	NT=Data-dependent acquisition;AC=PRIDE:0000627	NT=Orbitrap Exploris 480;AC=MS:1003028	NT=Trypsin;AC=MS:1001251	TMT130N	6	NT=higher energy beam-type collision-induced dissociation;AC=MS:1000422	NT=Carbamidomethyl;AC=UNIMOD:4;TA=C;MT=Fixed	NT=TMT6plex;AC=UNIMOD:737;TA=K;MT=Fixed	NT=TMT6plex;AC=UNIMOD:737;PP=Any N-term;MT=Fixed	NT=Oxidation;AC=UNIMOD:35;TA=M;MT=Variable	NT=Acetyl;AC=UNIMOD:1;PP=Protein N-term;MT=Variable	DMSO vehicle
NB4-DMSO vehicle-3	Homo sapiens	bone marrow	myeloid cell	3	acute myeloid leukemia	cell line	DMSO vehicle	23Y	female	NB4	NB4	CVCL_0005	NB4	dimethyl sulfoxide	not available	3 hour	220819_UM171_RCOR1_NB4_TMT10_F07_of_F13_R2-TMT130N	proteomic profiling by mass spectrometry	2	220819_UM171_RCOR1_NB4_TMT10_F07_of_F13_R2.raw	v1.1.0	NT=ms-proteomics;VV=v1.1.0	NT=human;VV=v1.1.0	NT=cell-lines;VV=v1.1.0	NT=clinical-metadata;VV=v1.0.0	manual curation	NT=Data-dependent acquisition;AC=PRIDE:0000627	NT=Orbitrap Exploris 480;AC=MS:1003028	NT=Trypsin;AC=MS:1001251	TMT130N	7	NT=higher energy beam-type collision-induced dissociation;AC=MS:1000422	NT=Carbamidomethyl;AC=UNIMOD:4;TA=C;MT=Fixed	NT=TMT6plex;AC=UNIMOD:737;TA=K;MT=Fixed	NT=TMT6plex;AC=UNIMOD:737;PP=Any N-term;MT=Fixed	NT=Oxidation;AC=UNIMOD:35;TA=M;MT=Variable	NT=Acetyl;AC=UNIMOD:1;PP=Protein N-term;MT=Variable	DMSO vehicle
NB4-DMSO vehicle-3	Homo sapiens	bone marrow	myeloid cell	3	acute myeloid leukemia	cell line	DMSO vehicle	23Y	female	NB4	NB4	CVCL_0005	NB4	dimethyl sulfoxide	not available	3 hour	220819_UM171_RCOR1_NB4_TMT10_F08_of_F13_R2-TMT130N	proteomic profiling by mass spectrometry	2	220819_UM171_RCOR1_NB4_TMT10_F08_of_F13_R2.raw	v1.1.0	NT=ms-proteomics;VV=v1.1.0	NT=human;VV=v1.1.0	NT=cell-lines;VV=v1.1.0	NT=clinical-metadata;VV=v1.0.0	manual curation	NT=Data-dependent acquisition;AC=PRIDE:0000627	NT=Orbitrap Exploris 480;AC=MS:1003028	NT=Trypsin;AC=MS:1001251	TMT130N	8	NT=higher energy beam-type collision-induced dissociation;AC=MS:1000422	NT=Carbamidomethyl;AC=UNIMOD:4;TA=C;MT=Fixed	NT=TMT6plex;AC=UNIMOD:737;TA=K;MT=Fixed	NT=TMT6plex;AC=UNIMOD:737;PP=Any N-term;MT=Fixed	NT=Oxidation;AC=UNIMOD:35;TA=M;MT=Variable	NT=Acetyl;AC=UNIMOD:1;PP=Protein N-term;MT=Variable	DMSO vehicle
NB4-DMSO vehicle-3	Homo sapiens	bone marrow	myeloid cell	3	acute myeloid leukemia	cell line	DMSO vehicle	23Y	female	NB4	NB4	CVCL_0005	NB4	dimethyl sulfoxide	not available	3 hour	220819_UM171_RCOR1_NB4_TMT10_F09_of_F13_R2-TMT130N	proteomic profiling by mass spectrometry	2	220819_UM171_RCOR1_NB4_TMT10_F09_of_F13_R2.raw	v1.1.0	NT=ms-proteomics;VV=v1.1.0	NT=human;VV=v1.1.0	NT=cell-lines;VV=v1.1.0	NT=clinical-metadata;VV=v1.0.0	manual curation	NT=Data-dependent acquisition;AC=PRIDE:0000627	NT=Orbitrap Exploris 480;AC=MS:1003028	NT=Trypsin;AC=MS:1001251	TMT130N	9	NT=higher energy beam-type collision-induced dissociation;AC=MS:1000422	NT=Carbamidomethyl;AC=UNIMOD:4;TA=C;MT=Fixed	NT=TMT6plex;AC=UNIMOD:737;TA=K;MT=Fixed	NT=TMT6plex;AC=UNIMOD:737;PP=Any N-term;MT=Fixed	NT=Oxidation;AC=UNIMOD:35;TA=M;MT=Variable	NT=Acetyl;AC=UNIMOD:1;PP=Protein N-term;MT=Variable	DMSO vehicle
NB4-DMSO vehicle-3	Homo sapiens	bone marrow	myeloid cell	3	acute myeloid leukemia	cell line	DMSO vehicle	23Y	female	NB4	NB4	CVCL_0005	NB4	dimethyl sulfoxide	not available	3 hour	220819_UM171_RCOR1_NB4_TMT10_F10_of_F13_R2-TMT130N	proteomic profiling by mass spectrometry	2	220819_UM171_RCOR1_NB4_TMT10_F10_of_F13_R2.raw	v1.1.0	NT=ms-proteomics;VV=v1.1.0	NT=human;VV=v1.1.0	NT=cell-lines;VV=v1.1.0	NT=clinical-metadata;VV=v1.0.0	manual curation	NT=Data-dependent acquisition;AC=PRIDE:0000627	NT=Orbitrap Exploris 480;AC=MS:1003028	NT=Trypsin;AC=MS:1001251	TMT130N	10	NT=higher energy beam-type collision-induced dissociation;AC=MS:1000422	NT=Carbamidomethyl;AC=UNIMOD:4;TA=C;MT=Fixed	NT=TMT6plex;AC=UNIMOD:737;TA=K;MT=Fixed	NT=TMT6plex;AC=UNIMOD:737;PP=Any N-term;MT=Fixed	NT=Oxidation;AC=UNIMOD:35;TA=M;MT=Variable	NT=Acetyl;AC=UNIMOD:1;PP=Protein N-term;MT=Variable	DMSO vehicle
NB4-DMSO vehicle-3	Homo sapiens	bone marrow	myeloid cell	3	acute myeloid leukemia	cell line	DMSO vehicle	23Y	female	NB4	NB4	CVCL_0005	NB4	dimethyl sulfoxide	not available	3 hour	220819_UM171_RCOR1_NB4_TMT10_F11_of_F13_R2-TMT130N	proteomic profiling by mass spectrometry	2	220819_UM171_RCOR1_NB4_TMT10_F11_of_F13_R2.raw	v1.1.0	NT=ms-proteomics;VV=v1.1.0	NT=human;VV=v1.1.0	NT=cell-lines;VV=v1.1.0	NT=clinical-metadata;VV=v1.0.0	manual curation	NT=Data-dependent acquisition;AC=PRIDE:0000627	NT=Orbitrap Exploris 480;AC=MS:1003028	NT=Trypsin;AC=MS:1001251	TMT130N	11	NT=higher energy beam-type collision-induced dissociation;AC=MS:1000422	NT=Carbamidomethyl;AC=UNIMOD:4;TA=C;MT=Fixed	NT=TMT6plex;AC=UNIMOD:737;TA=K;MT=Fixed	NT=TMT6plex;AC=UNIMOD:737;PP=Any N-term;MT=Fixed	NT=Oxidation;AC=UNIMOD:35;TA=M;MT=Variable	NT=Acetyl;AC=UNIMOD:1;PP=Protein N-term;MT=Variable	DMSO vehicle
NB4-DMSO vehicle-3	Homo sapiens	bone marrow	myeloid cell	3	acute myeloid leukemia	cell line	DMSO vehicle	23Y	female	NB4	NB4	CVCL_0005	NB4	dimethyl sulfoxide	not available	3 hour	220819_UM171_RCOR1_NB4_TMT10_F12_of_F13_R2-TMT130N	proteomic profiling by mass spectrometry	2	220819_UM171_RCOR1_NB4_TMT10_F12_of_F13_R2.raw	v1.1.0	NT=ms-proteomics;VV=v1.1.0	NT=human;VV=v1.1.0	NT=cell-lines;VV=v1.1.0	NT=clinical-metadata;VV=v1.0.0	manual curation	NT=Data-dependent acquisition;AC=PRIDE:0000627	NT=Orbitrap Exploris 480;AC=MS:1003028	NT=Trypsin;AC=MS:1001251	TMT130N	12	NT=higher energy beam-type collision-induced dissociation;AC=MS:1000422	NT=Carbamidomethyl;AC=UNIMOD:4;TA=C;MT=Fixed	NT=TMT6plex;AC=UNIMOD:737;TA=K;MT=Fixed	NT=TMT6plex;AC=UNIMOD:737;PP=Any N-term;MT=Fixed	NT=Oxidation;AC=UNIMOD:35;TA=M;MT=Variable	NT=Acetyl;AC=UNIMOD:1;PP=Protein N-term;MT=Variable	DMSO vehicle
NB4-DMSO vehicle-3	Homo sapiens	bone marrow	myeloid cell	3	acute myeloid leukemia	cell line	DMSO vehicle	23Y	female	NB4	NB4	CVCL_0005	NB4	dimethyl sulfoxide	not available	3 hour	220819_UM171_RCOR1_NB4_TMT10_F13_of_F13_R2-TMT130N	proteomic profiling by mass spectrometry	2	220819_UM171_RCOR1_NB4_TMT10_F13_of_F13_R2.raw	v1.1.0	NT=ms-proteomics;VV=v1.1.0	NT=human;VV=v1.1.0	NT=cell-lines;VV=v1.1.0	NT=clinical-metadata;VV=v1.0.0	manual curation	NT=Data-dependent acquisition;AC=PRIDE:0000627	NT=Orbitrap Exploris 480;AC=MS:1003028	NT=Trypsin;AC=MS:1001251	TMT130N	13	NT=higher energy beam-type collision-induced dissociation;AC=MS:1000422	NT=Carbamidomethyl;AC=UNIMOD:4;TA=C;MT=Fixed	NT=TMT6plex;AC=UNIMOD:737;TA=K;MT=Fixed	NT=TMT6plex;AC=UNIMOD:737;PP=Any N-term;MT=Fixed	NT=Oxidation;AC=UNIMOD:35;TA=M;MT=Variable	NT=Acetyl;AC=UNIMOD:1;PP=Protein N-term;MT=Variable	DMSO vehicle
NB4-DMSO vehicle-4	Homo sapiens	bone marrow	myeloid cell	4	acute myeloid leukemia	cell line	DMSO vehicle	23Y	female	NB4	NB4	CVCL_0005	NB4	dimethyl sulfoxide	not available	3 hour	220819_UM171_RCOR1_NB4_TMT10_F01_of_F13_R2-TMT130C	proteomic profiling by mass spectrometry	2	220819_UM171_RCOR1_NB4_TMT10_F01_of_F13_R2.raw	v1.1.0	NT=ms-proteomics;VV=v1.1.0	NT=human;VV=v1.1.0	NT=cell-lines;VV=v1.1.0	NT=clinical-metadata;VV=v1.0.0	manual curation	NT=Data-dependent acquisition;AC=PRIDE:0000627	NT=Orbitrap Exploris 480;AC=MS:1003028	NT=Trypsin;AC=MS:1001251	TMT130C	1	NT=higher energy beam-type collision-induced dissociation;AC=MS:1000422	NT=Carbamidomethyl;AC=UNIMOD:4;TA=C;MT=Fixed	NT=TMT6plex;AC=UNIMOD:737;TA=K;MT=Fixed	NT=TMT6plex;AC=UNIMOD:737;PP=Any N-term;MT=Fixed	NT=Oxidation;AC=UNIMOD:35;TA=M;MT=Variable	NT=Acetyl;AC=UNIMOD:1;PP=Protein N-term;MT=Variable	DMSO vehicle
NB4-DMSO vehicle-4	Homo sapiens	bone marrow	myeloid cell	4	acute myeloid leukemia	cell line	DMSO vehicle	23Y	female	NB4	NB4	CVCL_0005	NB4	dimethyl sulfoxide	not available	3 hour	220819_UM171_RCOR1_NB4_TMT10_F02_of_F13_R2-TMT130C	proteomic profiling by mass spectrometry	2	220819_UM171_RCOR1_NB4_TMT10_F02_of_F13_R2.raw	v1.1.0	NT=ms-proteomics;VV=v1.1.0	NT=human;VV=v1.1.0	NT=cell-lines;VV=v1.1.0	NT=clinical-metadata;VV=v1.0.0	manual curation	NT=Data-dependent acquisition;AC=PRIDE:0000627	NT=Orbitrap Exploris 480;AC=MS:1003028	NT=Trypsin;AC=MS:1001251	TMT130C	2	NT=higher energy beam-type collision-induced dissociation;AC=MS:1000422	NT=Carbamidomethyl;AC=UNIMOD:4;TA=C;MT=Fixed	NT=TMT6plex;AC=UNIMOD:737;TA=K;MT=Fixed	NT=TMT6plex;AC=UNIMOD:737;PP=Any N-term;MT=Fixed	NT=Oxidation;AC=UNIMOD:35;TA=M;MT=Variable	NT=Acetyl;AC=UNIMOD:1;PP=Protein N-term;MT=Variable	DMSO vehicle
NB4-DMSO vehicle-4	Homo sapiens	bone marrow	myeloid cell	4	acute myeloid leukemia	cell line	DMSO vehicle	23Y	female	NB4	NB4	CVCL_0005	NB4	dimethyl sulfoxide	not available	3 hour	220819_UM171_RCOR1_NB4_TMT10_F03_of_F13_R2-TMT130C	proteomic profiling by mass spectrometry	2	220819_UM171_RCOR1_NB4_TMT10_F03_of_F13_R2.raw	v1.1.0	NT=ms-proteomics;VV=v1.1.0	NT=human;VV=v1.1.0	NT=cell-lines;VV=v1.1.0	NT=clinical-metadata;VV=v1.0.0	manual curation	NT=Data-dependent acquisition;AC=PRIDE:0000627	NT=Orbitrap Exploris 480;AC=MS:1003028	NT=Trypsin;AC=MS:1001251	TMT130C	3	NT=higher energy beam-type collision-induced dissociation;AC=MS:1000422	NT=Carbamidomethyl;AC=UNIMOD:4;TA=C;MT=Fixed	NT=TMT6plex;AC=UNIMOD:737;TA=K;MT=Fixed	NT=TMT6plex;AC=UNIMOD:737;PP=Any N-term;MT=Fixed	NT=Oxidation;AC=UNIMOD:35;TA=M;MT=Variable	NT=Acetyl;AC=UNIMOD:1;PP=Protein N-term;MT=Variable	DMSO vehicle
NB4-DMSO vehicle-4	Homo sapiens	bone marrow	myeloid cell	4	acute myeloid leukemia	cell line	DMSO vehicle	23Y	female	NB4	NB4	CVCL_0005	NB4	dimethyl sulfoxide	not available	3 hour	220819_UM171_RCOR1_NB4_TMT10_F04_of_F13_R2-TMT130C	proteomic profiling by mass spectrometry	2	220819_UM171_RCOR1_NB4_TMT10_F04_of_F13_R2.raw	v1.1.0	NT=ms-proteomics;VV=v1.1.0	NT=human;VV=v1.1.0	NT=cell-lines;VV=v1.1.0	NT=clinical-metadata;VV=v1.0.0	manual curation	NT=Data-dependent acquisition;AC=PRIDE:0000627	NT=Orbitrap Exploris 480;AC=MS:1003028	NT=Trypsin;AC=MS:1001251	TMT130C	4	NT=higher energy beam-type collision-induced dissociation;AC=MS:1000422	NT=Carbamidomethyl;AC=UNIMOD:4;TA=C;MT=Fixed	NT=TMT6plex;AC=UNIMOD:737;TA=K;MT=Fixed	NT=TMT6plex;AC=UNIMOD:737;PP=Any N-term;MT=Fixed	NT=Oxidation;AC=UNIMOD:35;TA=M;MT=Variable	NT=Acetyl;AC=UNIMOD:1;PP=Protein N-term;MT=Variable	DMSO vehicle
NB4-DMSO vehicle-4	Homo sapiens	bone marrow	myeloid cell	4	acute myeloid leukemia	cell line	DMSO vehicle	23Y	female	NB4	NB4	CVCL_0005	NB4	dimethyl sulfoxide	not available	3 hour	220819_UM171_RCOR1_NB4_TMT10_F05_of_F13_R2-TMT130C	proteomic profiling by mass spectrometry	2	220819_UM171_RCOR1_NB4_TMT10_F05_of_F13_R2.raw	v1.1.0	NT=ms-proteomics;VV=v1.1.0	NT=human;VV=v1.1.0	NT=cell-lines;VV=v1.1.0	NT=clinical-metadata;VV=v1.0.0	manual curation	NT=Data-dependent acquisition;AC=PRIDE:0000627	NT=Orbitrap Exploris 480;AC=MS:1003028	NT=Trypsin;AC=MS:1001251	TMT130C	5	NT=higher energy beam-type collision-induced dissociation;AC=MS:1000422	NT=Carbamidomethyl;AC=UNIMOD:4;TA=C;MT=Fixed	NT=TMT6plex;AC=UNIMOD:737;TA=K;MT=Fixed	NT=TMT6plex;AC=UNIMOD:737;PP=Any N-term;MT=Fixed	NT=Oxidation;AC=UNIMOD:35;TA=M;MT=Variable	NT=Acetyl;AC=UNIMOD:1;PP=Protein N-term;MT=Variable	DMSO vehicle
NB4-DMSO vehicle-4	Homo sapiens	bone marrow	myeloid cell	4	acute myeloid leukemia	cell line	DMSO vehicle	23Y	female	NB4	NB4	CVCL_0005	NB4	dimethyl sulfoxide	not available	3 hour	220819_UM171_RCOR1_NB4_TMT10_F06_of_F13_R2-TMT130C	proteomic profiling by mass spectrometry	2	220819_UM171_RCOR1_NB4_TMT10_F06_of_F13_R2.raw	v1.1.0	NT=ms-proteomics;VV=v1.1.0	NT=human;VV=v1.1.0	NT=cell-lines;VV=v1.1.0	NT=clinical-metadata;VV=v1.0.0	manual curation	NT=Data-dependent acquisition;AC=PRIDE:0000627	NT=Orbitrap Exploris 480;AC=MS:1003028	NT=Trypsin;AC=MS:1001251	TMT130C	6	NT=higher energy beam-type collision-induced dissociation;AC=MS:1000422	NT=Carbamidomethyl;AC=UNIMOD:4;TA=C;MT=Fixed	NT=TMT6plex;AC=UNIMOD:737;TA=K;MT=Fixed	NT=TMT6plex;AC=UNIMOD:737;PP=Any N-term;MT=Fixed	NT=Oxidation;AC=UNIMOD:35;TA=M;MT=Variable	NT=Acetyl;AC=UNIMOD:1;PP=Protein N-term;MT=Variable	DMSO vehicle
NB4-DMSO vehicle-4	Homo sapiens	bone marrow	myeloid cell	4	acute myeloid leukemia	cell line	DMSO vehicle	23Y	female	NB4	NB4	CVCL_0005	NB4	dimethyl sulfoxide	not available	3 hour	220819_UM171_RCOR1_NB4_TMT10_F07_of_F13_R2-TMT130C	proteomic profiling by mass spectrometry	2	220819_UM171_RCOR1_NB4_TMT10_F07_of_F13_R2.raw	v1.1.0	NT=ms-proteomics;VV=v1.1.0	NT=human;VV=v1.1.0	NT=cell-lines;VV=v1.1.0	NT=clinical-metadata;VV=v1.0.0	manual curation	NT=Data-dependent acquisition;AC=PRIDE:0000627	NT=Orbitrap Exploris 480;AC=MS:1003028	NT=Trypsin;AC=MS:1001251	TMT130C	7	NT=higher energy beam-type collision-induced dissociation;AC=MS:1000422	NT=Carbamidomethyl;AC=UNIMOD:4;TA=C;MT=Fixed	NT=TMT6plex;AC=UNIMOD:737;TA=K;MT=Fixed	NT=TMT6plex;AC=UNIMOD:737;PP=Any N-term;MT=Fixed	NT=Oxidation;AC=UNIMOD:35;TA=M;MT=Variable	NT=Acetyl;AC=UNIMOD:1;PP=Protein N-term;MT=Variable	DMSO vehicle
NB4-DMSO vehicle-4	Homo sapiens	bone marrow	myeloid cell	4	acute myeloid leukemia	cell line	DMSO vehicle	23Y	female	NB4	NB4	CVCL_0005	NB4	dimethyl sulfoxide	not available	3 hour	220819_UM171_RCOR1_NB4_TMT10_F08_of_F13_R2-TMT130C	proteomic profiling by mass spectrometry	2	220819_UM171_RCOR1_NB4_TMT10_F08_of_F13_R2.raw	v1.1.0	NT=ms-proteomics;VV=v1.1.0	NT=human;VV=v1.1.0	NT=cell-lines;VV=v1.1.0	NT=clinical-metadata;VV=v1.0.0	manual curation	NT=Data-dependent acquisition;AC=PRIDE:0000627	NT=Orbitrap Exploris 480;AC=MS:1003028	NT=Trypsin;AC=MS:1001251	TMT130C	8	NT=higher energy beam-type collision-induced dissociation;AC=MS:1000422	NT=Carbamidomethyl;AC=UNIMOD:4;TA=C;MT=Fixed	NT=TMT6plex;AC=UNIMOD:737;TA=K;MT=Fixed	NT=TMT6plex;AC=UNIMOD:737;PP=Any N-term;MT=Fixed	NT=Oxidation;AC=UNIMOD:35;TA=M;MT=Variable	NT=Acetyl;AC=UNIMOD:1;PP=Protein N-term;MT=Variable	DMSO vehicle
NB4-DMSO vehicle-4	Homo sapiens	bone marrow	myeloid cell	4	acute myeloid leukemia	cell line	DMSO vehicle	23Y	female	NB4	NB4	CVCL_0005	NB4	dimethyl sulfoxide	not available	3 hour	220819_UM171_RCOR1_NB4_TMT10_F09_of_F13_R2-TMT130C	proteomic profiling by mass spectrometry	2	220819_UM171_RCOR1_NB4_TMT10_F09_of_F13_R2.raw	v1.1.0	NT=ms-proteomics;VV=v1.1.0	NT=human;VV=v1.1.0	NT=cell-lines;VV=v1.1.0	NT=clinical-metadata;VV=v1.0.0	manual curation	NT=Data-dependent acquisition;AC=PRIDE:0000627	NT=Orbitrap Exploris 480;AC=MS:1003028	NT=Trypsin;AC=MS:1001251	TMT130C	9	NT=higher energy beam-type collision-induced dissociation;AC=MS:1000422	NT=Carbamidomethyl;AC=UNIMOD:4;TA=C;MT=Fixed	NT=TMT6plex;AC=UNIMOD:737;TA=K;MT=Fixed	NT=TMT6plex;AC=UNIMOD:737;PP=Any N-term;MT=Fixed	NT=Oxidation;AC=UNIMOD:35;TA=M;MT=Variable	NT=Acetyl;AC=UNIMOD:1;PP=Protein N-term;MT=Variable	DMSO vehicle
NB4-DMSO vehicle-4	Homo sapiens	bone marrow	myeloid cell	4	acute myeloid leukemia	cell line	DMSO vehicle	23Y	female	NB4	NB4	CVCL_0005	NB4	dimethyl sulfoxide	not available	3 hour	220819_UM171_RCOR1_NB4_TMT10_F10_of_F13_R2-TMT130C	proteomic profiling by mass spectrometry	2	220819_UM171_RCOR1_NB4_TMT10_F10_of_F13_R2.raw	v1.1.0	NT=ms-proteomics;VV=v1.1.0	NT=human;VV=v1.1.0	NT=cell-lines;VV=v1.1.0	NT=clinical-metadata;VV=v1.0.0	manual curation	NT=Data-dependent acquisition;AC=PRIDE:0000627	NT=Orbitrap Exploris 480;AC=MS:1003028	NT=Trypsin;AC=MS:1001251	TMT130C	10	NT=higher energy beam-type collision-induced dissociation;AC=MS:1000422	NT=Carbamidomethyl;AC=UNIMOD:4;TA=C;MT=Fixed	NT=TMT6plex;AC=UNIMOD:737;TA=K;MT=Fixed	NT=TMT6plex;AC=UNIMOD:737;PP=Any N-term;MT=Fixed	NT=Oxidation;AC=UNIMOD:35;TA=M;MT=Variable	NT=Acetyl;AC=UNIMOD:1;PP=Protein N-term;MT=Variable	DMSO vehicle
NB4-DMSO vehicle-4	Homo sapiens	bone marrow	myeloid cell	4	acute myeloid leukemia	cell line	DMSO vehicle	23Y	female	NB4	NB4	CVCL_0005	NB4	dimethyl sulfoxide	not available	3 hour	220819_UM171_RCOR1_NB4_TMT10_F11_of_F13_R2-TMT130C	proteomic profiling by mass spectrometry	2	220819_UM171_RCOR1_NB4_TMT10_F11_of_F13_R2.raw	v1.1.0	NT=ms-proteomics;VV=v1.1.0	NT=human;VV=v1.1.0	NT=cell-lines;VV=v1.1.0	NT=clinical-metadata;VV=v1.0.0	manual curation	NT=Data-dependent acquisition;AC=PRIDE:0000627	NT=Orbitrap Exploris 480;AC=MS:1003028	NT=Trypsin;AC=MS:1001251	TMT130C	11	NT=higher energy beam-type collision-induced dissociation;AC=MS:1000422	NT=Carbamidomethyl;AC=UNIMOD:4;TA=C;MT=Fixed	NT=TMT6plex;AC=UNIMOD:737;TA=K;MT=Fixed	NT=TMT6plex;AC=UNIMOD:737;PP=Any N-term;MT=Fixed	NT=Oxidation;AC=UNIMOD:35;TA=M;MT=Variable	NT=Acetyl;AC=UNIMOD:1;PP=Protein N-term;MT=Variable	DMSO vehicle
NB4-DMSO vehicle-4	Homo sapiens	bone marrow	myeloid cell	4	acute myeloid leukemia	cell line	DMSO vehicle	23Y	female	NB4	NB4	CVCL_0005	NB4	dimethyl sulfoxide	not available	3 hour	220819_UM171_RCOR1_NB4_TMT10_F12_of_F13_R2-TMT130C	proteomic profiling by mass spectrometry	2	220819_UM171_RCOR1_NB4_TMT10_F12_of_F13_R2.raw	v1.1.0	NT=ms-proteomics;VV=v1.1.0	NT=human;VV=v1.1.0	NT=cell-lines;VV=v1.1.0	NT=clinical-metadata;VV=v1.0.0	manual curation	NT=Data-dependent acquisition;AC=PRIDE:0000627	NT=Orbitrap Exploris 480;AC=MS:1003028	NT=Trypsin;AC=MS:1001251	TMT130C	12	NT=higher energy beam-type collision-induced dissociation;AC=MS:1000422	NT=Carbamidomethyl;AC=UNIMOD:4;TA=C;MT=Fixed	NT=TMT6plex;AC=UNIMOD:737;TA=K;MT=Fixed	NT=TMT6plex;AC=UNIMOD:737;PP=Any N-term;MT=Fixed	NT=Oxidation;AC=UNIMOD:35;TA=M;MT=Variable	NT=Acetyl;AC=UNIMOD:1;PP=Protein N-term;MT=Variable	DMSO vehicle
NB4-DMSO vehicle-4	Homo sapiens	bone marrow	myeloid cell	4	acute myeloid leukemia	cell line	DMSO vehicle	23Y	female	NB4	NB4	CVCL_0005	NB4	dimethyl sulfoxide	not available	3 hour	220819_UM171_RCOR1_NB4_TMT10_F13_of_F13_R2-TMT130C	proteomic profiling by mass spectrometry	2	220819_UM171_RCOR1_NB4_TMT10_F13_of_F13_R2.raw	v1.1.0	NT=ms-proteomics;VV=v1.1.0	NT=human;VV=v1.1.0	NT=cell-lines;VV=v1.1.0	NT=clinical-metadata;VV=v1.0.0	manual curation	NT=Data-dependent acquisition;AC=PRIDE:0000627	NT=Orbitrap Exploris 480;AC=MS:1003028	NT=Trypsin;AC=MS:1001251	TMT130C	13	NT=higher energy beam-type collision-induced dissociation;AC=MS:1000422	NT=Carbamidomethyl;AC=UNIMOD:4;TA=C;MT=Fixed	NT=TMT6plex;AC=UNIMOD:737;TA=K;MT=Fixed	NT=TMT6plex;AC=UNIMOD:737;PP=Any N-term;MT=Fixed	NT=Oxidation;AC=UNIMOD:35;TA=M;MT=Variable	NT=Acetyl;AC=UNIMOD:1;PP=Protein N-term;MT=Variable	DMSO vehicle
NB4-DMSO vehicle-5	Homo sapiens	bone marrow	myeloid cell	5	acute myeloid leukemia	cell line	DMSO vehicle	23Y	female	NB4	NB4	CVCL_0005	NB4	dimethyl sulfoxide	not available	3 hour	220819_UM171_RCOR1_NB4_TMT10_F01_of_F13_R2-TMT131	proteomic profiling by mass spectrometry	2	220819_UM171_RCOR1_NB4_TMT10_F01_of_F13_R2.raw	v1.1.0	NT=ms-proteomics;VV=v1.1.0	NT=human;VV=v1.1.0	NT=cell-lines;VV=v1.1.0	NT=clinical-metadata;VV=v1.0.0	manual curation	NT=Data-dependent acquisition;AC=PRIDE:0000627	NT=Orbitrap Exploris 480;AC=MS:1003028	NT=Trypsin;AC=MS:1001251	TMT131	1	NT=higher energy beam-type collision-induced dissociation;AC=MS:1000422	NT=Carbamidomethyl;AC=UNIMOD:4;TA=C;MT=Fixed	NT=TMT6plex;AC=UNIMOD:737;TA=K;MT=Fixed	NT=TMT6plex;AC=UNIMOD:737;PP=Any N-term;MT=Fixed	NT=Oxidation;AC=UNIMOD:35;TA=M;MT=Variable	NT=Acetyl;AC=UNIMOD:1;PP=Protein N-term;MT=Variable	DMSO vehicle
NB4-DMSO vehicle-5	Homo sapiens	bone marrow	myeloid cell	5	acute myeloid leukemia	cell line	DMSO vehicle	23Y	female	NB4	NB4	CVCL_0005	NB4	dimethyl sulfoxide	not available	3 hour	220819_UM171_RCOR1_NB4_TMT10_F02_of_F13_R2-TMT131	proteomic profiling by mass spectrometry	2	220819_UM171_RCOR1_NB4_TMT10_F02_of_F13_R2.raw	v1.1.0	NT=ms-proteomics;VV=v1.1.0	NT=human;VV=v1.1.0	NT=cell-lines;VV=v1.1.0	NT=clinical-metadata;VV=v1.0.0	manual curation	NT=Data-dependent acquisition;AC=PRIDE:0000627	NT=Orbitrap Exploris 480;AC=MS:1003028	NT=Trypsin;AC=MS:1001251	TMT131	2	NT=higher energy beam-type collision-induced dissociation;AC=MS:1000422	NT=Carbamidomethyl;AC=UNIMOD:4;TA=C;MT=Fixed	NT=TMT6plex;AC=UNIMOD:737;TA=K;MT=Fixed	NT=TMT6plex;AC=UNIMOD:737;PP=Any N-term;MT=Fixed	NT=Oxidation;AC=UNIMOD:35;TA=M;MT=Variable	NT=Acetyl;AC=UNIMOD:1;PP=Protein N-term;MT=Variable	DMSO vehicle
NB4-DMSO vehicle-5	Homo sapiens	bone marrow	myeloid cell	5	acute myeloid leukemia	cell line	DMSO vehicle	23Y	female	NB4	NB4	CVCL_0005	NB4	dimethyl sulfoxide	not available	3 hour	220819_UM171_RCOR1_NB4_TMT10_F03_of_F13_R2-TMT131	proteomic profiling by mass spectrometry	2	220819_UM171_RCOR1_NB4_TMT10_F03_of_F13_R2.raw	v1.1.0	NT=ms-proteomics;VV=v1.1.0	NT=human;VV=v1.1.0	NT=cell-lines;VV=v1.1.0	NT=clinical-metadata;VV=v1.0.0	manual curation	NT=Data-dependent acquisition;AC=PRIDE:0000627	NT=Orbitrap Exploris 480;AC=MS:1003028	NT=Trypsin;AC=MS:1001251	TMT131	3	NT=higher energy beam-type collision-induced dissociation;AC=MS:1000422	NT=Carbamidomethyl;AC=UNIMOD:4;TA=C;MT=Fixed	NT=TMT6plex;AC=UNIMOD:737;TA=K;MT=Fixed	NT=TMT6plex;AC=UNIMOD:737;PP=Any N-term;MT=Fixed	NT=Oxidation;AC=UNIMOD:35;TA=M;MT=Variable	NT=Acetyl;AC=UNIMOD:1;PP=Protein N-term;MT=Variable	DMSO vehicle
NB4-DMSO vehicle-5	Homo sapiens	bone marrow	myeloid cell	5	acute myeloid leukemia	cell line	DMSO vehicle	23Y	female	NB4	NB4	CVCL_0005	NB4	dimethyl sulfoxide	not available	3 hour	220819_UM171_RCOR1_NB4_TMT10_F04_of_F13_R2-TMT131	proteomic profiling by mass spectrometry	2	220819_UM171_RCOR1_NB4_TMT10_F04_of_F13_R2.raw	v1.1.0	NT=ms-proteomics;VV=v1.1.0	NT=human;VV=v1.1.0	NT=cell-lines;VV=v1.1.0	NT=clinical-metadata;VV=v1.0.0	manual curation	NT=Data-dependent acquisition;AC=PRIDE:0000627	NT=Orbitrap Exploris 480;AC=MS:1003028	NT=Trypsin;AC=MS:1001251	TMT131	4	NT=higher energy beam-type collision-induced dissociation;AC=MS:1000422	NT=Carbamidomethyl;AC=UNIMOD:4;TA=C;MT=Fixed	NT=TMT6plex;AC=UNIMOD:737;TA=K;MT=Fixed	NT=TMT6plex;AC=UNIMOD:737;PP=Any N-term;MT=Fixed	NT=Oxidation;AC=UNIMOD:35;TA=M;MT=Variable	NT=Acetyl;AC=UNIMOD:1;PP=Protein N-term;MT=Variable	DMSO vehicle
NB4-DMSO vehicle-5	Homo sapiens	bone marrow	myeloid cell	5	acute myeloid leukemia	cell line	DMSO vehicle	23Y	female	NB4	NB4	CVCL_0005	NB4	dimethyl sulfoxide	not available	3 hour	220819_UM171_RCOR1_NB4_TMT10_F05_of_F13_R2-TMT131	proteomic profiling by mass spectrometry	2	220819_UM171_RCOR1_NB4_TMT10_F05_of_F13_R2.raw	v1.1.0	NT=ms-proteomics;VV=v1.1.0	NT=human;VV=v1.1.0	NT=cell-lines;VV=v1.1.0	NT=clinical-metadata;VV=v1.0.0	manual curation	NT=Data-dependent acquisition;AC=PRIDE:0000627	NT=Orbitrap Exploris 480;AC=MS:1003028	NT=Trypsin;AC=MS:1001251	TMT131	5	NT=higher energy beam-type collision-induced dissociation;AC=MS:1000422	NT=Carbamidomethyl;AC=UNIMOD:4;TA=C;MT=Fixed	NT=TMT6plex;AC=UNIMOD:737;TA=K;MT=Fixed	NT=TMT6plex;AC=UNIMOD:737;PP=Any N-term;MT=Fixed	NT=Oxidation;AC=UNIMOD:35;TA=M;MT=Variable	NT=Acetyl;AC=UNIMOD:1;PP=Protein N-term;MT=Variable	DMSO vehicle
NB4-DMSO vehicle-5	Homo sapiens	bone marrow	myeloid cell	5	acute myeloid leukemia	cell line	DMSO vehicle	23Y	female	NB4	NB4	CVCL_0005	NB4	dimethyl sulfoxide	not available	3 hour	220819_UM171_RCOR1_NB4_TMT10_F06_of_F13_R2-TMT131	proteomic profiling by mass spectrometry	2	220819_UM171_RCOR1_NB4_TMT10_F06_of_F13_R2.raw	v1.1.0	NT=ms-proteomics;VV=v1.1.0	NT=human;VV=v1.1.0	NT=cell-lines;VV=v1.1.0	NT=clinical-metadata;VV=v1.0.0	manual curation	NT=Data-dependent acquisition;AC=PRIDE:0000627	NT=Orbitrap Exploris 480;AC=MS:1003028	NT=Trypsin;AC=MS:1001251	TMT131	6	NT=higher energy beam-type collision-induced dissociation;AC=MS:1000422	NT=Carbamidomethyl;AC=UNIMOD:4;TA=C;MT=Fixed	NT=TMT6plex;AC=UNIMOD:737;TA=K;MT=Fixed	NT=TMT6plex;AC=UNIMOD:737;PP=Any N-term;MT=Fixed	NT=Oxidation;AC=UNIMOD:35;TA=M;MT=Variable	NT=Acetyl;AC=UNIMOD:1;PP=Protein N-term;MT=Variable	DMSO vehicle
NB4-DMSO vehicle-5	Homo sapiens	bone marrow	myeloid cell	5	acute myeloid leukemia	cell line	DMSO vehicle	23Y	female	NB4	NB4	CVCL_0005	NB4	dimethyl sulfoxide	not available	3 hour	220819_UM171_RCOR1_NB4_TMT10_F07_of_F13_R2-TMT131	proteomic profiling by mass spectrometry	2	220819_UM171_RCOR1_NB4_TMT10_F07_of_F13_R2.raw	v1.1.0	NT=ms-proteomics;VV=v1.1.0	NT=human;VV=v1.1.0	NT=cell-lines;VV=v1.1.0	NT=clinical-metadata;VV=v1.0.0	manual curation	NT=Data-dependent acquisition;AC=PRIDE:0000627	NT=Orbitrap Exploris 480;AC=MS:1003028	NT=Trypsin;AC=MS:1001251	TMT131	7	NT=higher energy beam-type collision-induced dissociation;AC=MS:1000422	NT=Carbamidomethyl;AC=UNIMOD:4;TA=C;MT=Fixed	NT=TMT6plex;AC=UNIMOD:737;TA=K;MT=Fixed	NT=TMT6plex;AC=UNIMOD:737;PP=Any N-term;MT=Fixed	NT=Oxidation;AC=UNIMOD:35;TA=M;MT=Variable	NT=Acetyl;AC=UNIMOD:1;PP=Protein N-term;MT=Variable	DMSO vehicle
NB4-DMSO vehicle-5	Homo sapiens	bone marrow	myeloid cell	5	acute myeloid leukemia	cell line	DMSO vehicle	23Y	female	NB4	NB4	CVCL_0005	NB4	dimethyl sulfoxide	not available	3 hour	220819_UM171_RCOR1_NB4_TMT10_F08_of_F13_R2-TMT131	proteomic profiling by mass spectrometry	2	220819_UM171_RCOR1_NB4_TMT10_F08_of_F13_R2.raw	v1.1.0	NT=ms-proteomics;VV=v1.1.0	NT=human;VV=v1.1.0	NT=cell-lines;VV=v1.1.0	NT=clinical-metadata;VV=v1.0.0	manual curation	NT=Data-dependent acquisition;AC=PRIDE:0000627	NT=Orbitrap Exploris 480;AC=MS:1003028	NT=Trypsin;AC=MS:1001251	TMT131	8	NT=higher energy beam-type collision-induced dissociation;AC=MS:1000422	NT=Carbamidomethyl;AC=UNIMOD:4;TA=C;MT=Fixed	NT=TMT6plex;AC=UNIMOD:737;TA=K;MT=Fixed	NT=TMT6plex;AC=UNIMOD:737;PP=Any N-term;MT=Fixed	NT=Oxidation;AC=UNIMOD:35;TA=M;MT=Variable	NT=Acetyl;AC=UNIMOD:1;PP=Protein N-term;MT=Variable	DMSO vehicle
NB4-DMSO vehicle-5	Homo sapiens	bone marrow	myeloid cell	5	acute myeloid leukemia	cell line	DMSO vehicle	23Y	female	NB4	NB4	CVCL_0005	NB4	dimethyl sulfoxide	not available	3 hour	220819_UM171_RCOR1_NB4_TMT10_F09_of_F13_R2-TMT131	proteomic profiling by mass spectrometry	2	220819_UM171_RCOR1_NB4_TMT10_F09_of_F13_R2.raw	v1.1.0	NT=ms-proteomics;VV=v1.1.0	NT=human;VV=v1.1.0	NT=cell-lines;VV=v1.1.0	NT=clinical-metadata;VV=v1.0.0	manual curation	NT=Data-dependent acquisition;AC=PRIDE:0000627	NT=Orbitrap Exploris 480;AC=MS:1003028	NT=Trypsin;AC=MS:1001251	TMT131	9	NT=higher energy beam-type collision-induced dissociation;AC=MS:1000422	NT=Carbamidomethyl;AC=UNIMOD:4;TA=C;MT=Fixed	NT=TMT6plex;AC=UNIMOD:737;TA=K;MT=Fixed	NT=TMT6plex;AC=UNIMOD:737;PP=Any N-term;MT=Fixed	NT=Oxidation;AC=UNIMOD:35;TA=M;MT=Variable	NT=Acetyl;AC=UNIMOD:1;PP=Protein N-term;MT=Variable	DMSO vehicle
NB4-DMSO vehicle-5	Homo sapiens	bone marrow	myeloid cell	5	acute myeloid leukemia	cell line	DMSO vehicle	23Y	female	NB4	NB4	CVCL_0005	NB4	dimethyl sulfoxide	not available	3 hour	220819_UM171_RCOR1_NB4_TMT10_F10_of_F13_R2-TMT131	proteomic profiling by mass spectrometry	2	220819_UM171_RCOR1_NB4_TMT10_F10_of_F13_R2.raw	v1.1.0	NT=ms-proteomics;VV=v1.1.0	NT=human;VV=v1.1.0	NT=cell-lines;VV=v1.1.0	NT=clinical-metadata;VV=v1.0.0	manual curation	NT=Data-dependent acquisition;AC=PRIDE:0000627	NT=Orbitrap Exploris 480;AC=MS:1003028	NT=Trypsin;AC=MS:1001251	TMT131	10	NT=higher energy beam-type collision-induced dissociation;AC=MS:1000422	NT=Carbamidomethyl;AC=UNIMOD:4;TA=C;MT=Fixed	NT=TMT6plex;AC=UNIMOD:737;TA=K;MT=Fixed	NT=TMT6plex;AC=UNIMOD:737;PP=Any N-term;MT=Fixed	NT=Oxidation;AC=UNIMOD:35;TA=M;MT=Variable	NT=Acetyl;AC=UNIMOD:1;PP=Protein N-term;MT=Variable	DMSO vehicle
NB4-DMSO vehicle-5	Homo sapiens	bone marrow	myeloid cell	5	acute myeloid leukemia	cell line	DMSO vehicle	23Y	female	NB4	NB4	CVCL_0005	NB4	dimethyl sulfoxide	not available	3 hour	220819_UM171_RCOR1_NB4_TMT10_F11_of_F13_R2-TMT131	proteomic profiling by mass spectrometry	2	220819_UM171_RCOR1_NB4_TMT10_F11_of_F13_R2.raw	v1.1.0	NT=ms-proteomics;VV=v1.1.0	NT=human;VV=v1.1.0	NT=cell-lines;VV=v1.1.0	NT=clinical-metadata;VV=v1.0.0	manual curation	NT=Data-dependent acquisition;AC=PRIDE:0000627	NT=Orbitrap Exploris 480;AC=MS:1003028	NT=Trypsin;AC=MS:1001251	TMT131	11	NT=higher energy beam-type collision-induced dissociation;AC=MS:1000422	NT=Carbamidomethyl;AC=UNIMOD:4;TA=C;MT=Fixed	NT=TMT6plex;AC=UNIMOD:737;TA=K;MT=Fixed	NT=TMT6plex;AC=UNIMOD:737;PP=Any N-term;MT=Fixed	NT=Oxidation;AC=UNIMOD:35;TA=M;MT=Variable	NT=Acetyl;AC=UNIMOD:1;PP=Protein N-term;MT=Variable	DMSO vehicle
NB4-DMSO vehicle-5	Homo sapiens	bone marrow	myeloid cell	5	acute myeloid leukemia	cell line	DMSO vehicle	23Y	female	NB4	NB4	CVCL_0005	NB4	dimethyl sulfoxide	not available	3 hour	220819_UM171_RCOR1_NB4_TMT10_F12_of_F13_R2-TMT131	proteomic profiling by mass spectrometry	2	220819_UM171_RCOR1_NB4_TMT10_F12_of_F13_R2.raw	v1.1.0	NT=ms-proteomics;VV=v1.1.0	NT=human;VV=v1.1.0	NT=cell-lines;VV=v1.1.0	NT=clinical-metadata;VV=v1.0.0	manual curation	NT=Data-dependent acquisition;AC=PRIDE:0000627	NT=Orbitrap Exploris 480;AC=MS:1003028	NT=Trypsin;AC=MS:1001251	TMT131	12	NT=higher energy beam-type collision-induced dissociation;AC=MS:1000422	NT=Carbamidomethyl;AC=UNIMOD:4;TA=C;MT=Fixed	NT=TMT6plex;AC=UNIMOD:737;TA=K;MT=Fixed	NT=TMT6plex;AC=UNIMOD:737;PP=Any N-term;MT=Fixed	NT=Oxidation;AC=UNIMOD:35;TA=M;MT=Variable	NT=Acetyl;AC=UNIMOD:1;PP=Protein N-term;MT=Variable	DMSO vehicle
NB4-DMSO vehicle-5	Homo sapiens	bone marrow	myeloid cell	5	acute myeloid leukemia	cell line	DMSO vehicle	23Y	female	NB4	NB4	CVCL_0005	NB4	dimethyl sulfoxide	not available	3 hour	220819_UM171_RCOR1_NB4_TMT10_F13_of_F13_R2-TMT131	proteomic profiling by mass spectrometry	2	220819_UM171_RCOR1_NB4_TMT10_F13_of_F13_R2.raw	v1.1.0	NT=ms-proteomics;VV=v1.1.0	NT=human;VV=v1.1.0	NT=cell-lines;VV=v1.1.0	NT=clinical-metadata;VV=v1.0.0	manual curation	NT=Data-dependent acquisition;AC=PRIDE:0000627	NT=Orbitrap Exploris 480;AC=MS:1003028	NT=Trypsin;AC=MS:1001251	TMT131	13	NT=higher energy beam-type collision-induced dissociation;AC=MS:1000422	NT=Carbamidomethyl;AC=UNIMOD:4;TA=C;MT=Fixed	NT=TMT6plex;AC=UNIMOD:737;TA=K;MT=Fixed	NT=TMT6plex;AC=UNIMOD:737;PP=Any N-term;MT=Fixed	NT=Oxidation;AC=UNIMOD:35;TA=M;MT=Variable	NT=Acetyl;AC=UNIMOD:1;PP=Protein N-term;MT=Variable	DMSO vehicle
