source name	characteristics[organism]	characteristics[organism part]	characteristics[disease]	characteristics[biological replicate]	assay name	technology type	comment[proteomics data acquisition method]	comment[instrument]	comment[label]	comment[cleavage agent details]	comment[cleavage agent details]	comment[fraction identifier]	comment[technical replicate]	comment[data file]	comment[sdrf version]	comment[sdrf template]	comment[sdrf template]	comment[sdrf annotation tool]	factor value[tumour type]	factor value[lab id]
GCH_002	Homo sapiens	not available	glioblastoma	1	20200923_GBM_tumour_tissue__TMT10plex_HiRIEF_3-10_fr14_TMT126	proteomic profiling by mass spectrometry	NT=Data-dependent acquisition;AC=PRIDE:0000627	NT=Q Exactive HF;AC=MS:1002523	TMT126	NT=Lys-C;AC=MS:1001309	NT=Trypsin;AC=MS:1001251	14	1	20200923_GBM_tumour_tissue__TMT10plex_HiRIEF_3-10_fr14.raw	v1.1.0	NT=ms-proteomics;VV=v1.1.0	NT=human;VV=v1.1.0	manual curation	primary	GCH_002
GCH_003	Homo sapiens	not available	glioblastoma	1	20200923_GBM_tumour_tissue__TMT10plex_HiRIEF_3-10_fr14_TMT127N	proteomic profiling by mass spectrometry	NT=Data-dependent acquisition;AC=PRIDE:0000627	NT=Q Exactive HF;AC=MS:1002523	TMT127N	NT=Lys-C;AC=MS:1001309	NT=Trypsin;AC=MS:1001251	14	1	20200923_GBM_tumour_tissue__TMT10plex_HiRIEF_3-10_fr14.raw	v1.1.0	NT=ms-proteomics;VV=v1.1.0	NT=human;VV=v1.1.0	manual curation	recurrent	GCH_003
GCH_004	Homo sapiens	not available	glioblastoma	1	20200923_GBM_tumour_tissue__TMT10plex_HiRIEF_3-10_fr14_TMT127C	proteomic profiling by mass spectrometry	NT=Data-dependent acquisition;AC=PRIDE:0000627	NT=Q Exactive HF;AC=MS:1002523	TMT127C	NT=Lys-C;AC=MS:1001309	NT=Trypsin;AC=MS:1001251	14	1	20200923_GBM_tumour_tissue__TMT10plex_HiRIEF_3-10_fr14.raw	v1.1.0	NT=ms-proteomics;VV=v1.1.0	NT=human;VV=v1.1.0	manual curation	primary - necrotic	GCH_004
GCH_007	Homo sapiens	not available	glioblastoma	1	20200923_GBM_tumour_tissue__TMT10plex_HiRIEF_3-10_fr14_TMT128N	proteomic profiling by mass spectrometry	NT=Data-dependent acquisition;AC=PRIDE:0000627	NT=Q Exactive HF;AC=MS:1002523	TMT128N	NT=Lys-C;AC=MS:1001309	NT=Trypsin;AC=MS:1001251	14	1	20200923_GBM_tumour_tissue__TMT10plex_HiRIEF_3-10_fr14.raw	v1.1.0	NT=ms-proteomics;VV=v1.1.0	NT=human;VV=v1.1.0	manual curation	primary	GCH_007
GCH_009	Homo sapiens	not available	glioblastoma	1	20200923_GBM_tumour_tissue__TMT10plex_HiRIEF_3-10_fr14_TMT128C	proteomic profiling by mass spectrometry	NT=Data-dependent acquisition;AC=PRIDE:0000627	NT=Q Exactive HF;AC=MS:1002523	TMT128C	NT=Lys-C;AC=MS:1001309	NT=Trypsin;AC=MS:1001251	14	1	20200923_GBM_tumour_tissue__TMT10plex_HiRIEF_3-10_fr14.raw	v1.1.0	NT=ms-proteomics;VV=v1.1.0	NT=human;VV=v1.1.0	manual curation	recurrent	GCH_009
GCH_010	Homo sapiens	not available	glioblastoma	1	20200923_GBM_tumour_tissue__TMT10plex_HiRIEF_3-10_fr14_TMT129N	proteomic profiling by mass spectrometry	NT=Data-dependent acquisition;AC=PRIDE:0000627	NT=Q Exactive HF;AC=MS:1002523	TMT129N	NT=Lys-C;AC=MS:1001309	NT=Trypsin;AC=MS:1001251	14	1	20200923_GBM_tumour_tissue__TMT10plex_HiRIEF_3-10_fr14.raw	v1.1.0	NT=ms-proteomics;VV=v1.1.0	NT=human;VV=v1.1.0	manual curation	recurrent	GCH_010
GCH_012	Homo sapiens	not available	glioblastoma	1	20200923_GBM_tumour_tissue__TMT10plex_HiRIEF_3-10_fr14_TMT129C	proteomic profiling by mass spectrometry	NT=Data-dependent acquisition;AC=PRIDE:0000627	NT=Q Exactive HF;AC=MS:1002523	TMT129C	NT=Lys-C;AC=MS:1001309	NT=Trypsin;AC=MS:1001251	14	1	20200923_GBM_tumour_tissue__TMT10plex_HiRIEF_3-10_fr14.raw	v1.1.0	NT=ms-proteomics;VV=v1.1.0	NT=human;VV=v1.1.0	manual curation	primary	GCH_012
GCH_014	Homo sapiens	not available	glioblastoma	1	20200923_GBM_tumour_tissue__TMT10plex_HiRIEF_3-10_fr14_TMT130N	proteomic profiling by mass spectrometry	NT=Data-dependent acquisition;AC=PRIDE:0000627	NT=Q Exactive HF;AC=MS:1002523	TMT130N	NT=Lys-C;AC=MS:1001309	NT=Trypsin;AC=MS:1001251	14	1	20200923_GBM_tumour_tissue__TMT10plex_HiRIEF_3-10_fr14.raw	v1.1.0	NT=ms-proteomics;VV=v1.1.0	NT=human;VV=v1.1.0	manual curation	primary	GCH_014
GCH_015	Homo sapiens	not available	glioblastoma	1	20200923_GBM_tumour_tissue__TMT10plex_HiRIEF_3-10_fr14_TMT130C	proteomic profiling by mass spectrometry	NT=Data-dependent acquisition;AC=PRIDE:0000627	NT=Q Exactive HF;AC=MS:1002523	TMT130C	NT=Lys-C;AC=MS:1001309	NT=Trypsin;AC=MS:1001251	14	1	20200923_GBM_tumour_tissue__TMT10plex_HiRIEF_3-10_fr14.raw	v1.1.0	NT=ms-proteomics;VV=v1.1.0	NT=human;VV=v1.1.0	manual curation	primary	GCH_015
GCH_016	Homo sapiens	not available	glioblastoma	1	20200923_GBM_tumour_tissue__TMT10plex_HiRIEF_3-10_fr14_TMT131	proteomic profiling by mass spectrometry	NT=Data-dependent acquisition;AC=PRIDE:0000627	NT=Q Exactive HF;AC=MS:1002523	TMT131	NT=Lys-C;AC=MS:1001309	NT=Trypsin;AC=MS:1001251	14	1	20200923_GBM_tumour_tissue__TMT10plex_HiRIEF_3-10_fr14.raw	v1.1.0	NT=ms-proteomics;VV=v1.1.0	NT=human;VV=v1.1.0	manual curation	primary	GCH_016
GCH_002	Homo sapiens	not available	glioblastoma	1	20200923_GBM_tumour_tissue__TMT10plex_HiRIEF_3-10_fr06_TMT126	proteomic profiling by mass spectrometry	NT=Data-dependent acquisition;AC=PRIDE:0000627	NT=Q Exactive HF;AC=MS:1002523	TMT126	NT=Lys-C;AC=MS:1001309	NT=Trypsin;AC=MS:1001251	6	1	20200923_GBM_tumour_tissue__TMT10plex_HiRIEF_3-10_fr06.raw	v1.1.0	NT=ms-proteomics;VV=v1.1.0	NT=human;VV=v1.1.0	manual curation	primary	GCH_002
GCH_003	Homo sapiens	not available	glioblastoma	1	20200923_GBM_tumour_tissue__TMT10plex_HiRIEF_3-10_fr06_TMT127N	proteomic profiling by mass spectrometry	NT=Data-dependent acquisition;AC=PRIDE:0000627	NT=Q Exactive HF;AC=MS:1002523	TMT127N	NT=Lys-C;AC=MS:1001309	NT=Trypsin;AC=MS:1001251	6	1	20200923_GBM_tumour_tissue__TMT10plex_HiRIEF_3-10_fr06.raw	v1.1.0	NT=ms-proteomics;VV=v1.1.0	NT=human;VV=v1.1.0	manual curation	recurrent	GCH_003
GCH_004	Homo sapiens	not available	glioblastoma	1	20200923_GBM_tumour_tissue__TMT10plex_HiRIEF_3-10_fr06_TMT127C	proteomic profiling by mass spectrometry	NT=Data-dependent acquisition;AC=PRIDE:0000627	NT=Q Exactive HF;AC=MS:1002523	TMT127C	NT=Lys-C;AC=MS:1001309	NT=Trypsin;AC=MS:1001251	6	1	20200923_GBM_tumour_tissue__TMT10plex_HiRIEF_3-10_fr06.raw	v1.1.0	NT=ms-proteomics;VV=v1.1.0	NT=human;VV=v1.1.0	manual curation	primary - necrotic	GCH_004
GCH_007	Homo sapiens	not available	glioblastoma	1	20200923_GBM_tumour_tissue__TMT10plex_HiRIEF_3-10_fr06_TMT128N	proteomic profiling by mass spectrometry	NT=Data-dependent acquisition;AC=PRIDE:0000627	NT=Q Exactive HF;AC=MS:1002523	TMT128N	NT=Lys-C;AC=MS:1001309	NT=Trypsin;AC=MS:1001251	6	1	20200923_GBM_tumour_tissue__TMT10plex_HiRIEF_3-10_fr06.raw	v1.1.0	NT=ms-proteomics;VV=v1.1.0	NT=human;VV=v1.1.0	manual curation	primary	GCH_007
GCH_009	Homo sapiens	not available	glioblastoma	1	20200923_GBM_tumour_tissue__TMT10plex_HiRIEF_3-10_fr06_TMT128C	proteomic profiling by mass spectrometry	NT=Data-dependent acquisition;AC=PRIDE:0000627	NT=Q Exactive HF;AC=MS:1002523	TMT128C	NT=Lys-C;AC=MS:1001309	NT=Trypsin;AC=MS:1001251	6	1	20200923_GBM_tumour_tissue__TMT10plex_HiRIEF_3-10_fr06.raw	v1.1.0	NT=ms-proteomics;VV=v1.1.0	NT=human;VV=v1.1.0	manual curation	recurrent	GCH_009
GCH_010	Homo sapiens	not available	glioblastoma	1	20200923_GBM_tumour_tissue__TMT10plex_HiRIEF_3-10_fr06_TMT129N	proteomic profiling by mass spectrometry	NT=Data-dependent acquisition;AC=PRIDE:0000627	NT=Q Exactive HF;AC=MS:1002523	TMT129N	NT=Lys-C;AC=MS:1001309	NT=Trypsin;AC=MS:1001251	6	1	20200923_GBM_tumour_tissue__TMT10plex_HiRIEF_3-10_fr06.raw	v1.1.0	NT=ms-proteomics;VV=v1.1.0	NT=human;VV=v1.1.0	manual curation	recurrent	GCH_010
GCH_012	Homo sapiens	not available	glioblastoma	1	20200923_GBM_tumour_tissue__TMT10plex_HiRIEF_3-10_fr06_TMT129C	proteomic profiling by mass spectrometry	NT=Data-dependent acquisition;AC=PRIDE:0000627	NT=Q Exactive HF;AC=MS:1002523	TMT129C	NT=Lys-C;AC=MS:1001309	NT=Trypsin;AC=MS:1001251	6	1	20200923_GBM_tumour_tissue__TMT10plex_HiRIEF_3-10_fr06.raw	v1.1.0	NT=ms-proteomics;VV=v1.1.0	NT=human;VV=v1.1.0	manual curation	primary	GCH_012
GCH_014	Homo sapiens	not available	glioblastoma	1	20200923_GBM_tumour_tissue__TMT10plex_HiRIEF_3-10_fr06_TMT130N	proteomic profiling by mass spectrometry	NT=Data-dependent acquisition;AC=PRIDE:0000627	NT=Q Exactive HF;AC=MS:1002523	TMT130N	NT=Lys-C;AC=MS:1001309	NT=Trypsin;AC=MS:1001251	6	1	20200923_GBM_tumour_tissue__TMT10plex_HiRIEF_3-10_fr06.raw	v1.1.0	NT=ms-proteomics;VV=v1.1.0	NT=human;VV=v1.1.0	manual curation	primary	GCH_014
GCH_015	Homo sapiens	not available	glioblastoma	1	20200923_GBM_tumour_tissue__TMT10plex_HiRIEF_3-10_fr06_TMT130C	proteomic profiling by mass spectrometry	NT=Data-dependent acquisition;AC=PRIDE:0000627	NT=Q Exactive HF;AC=MS:1002523	TMT130C	NT=Lys-C;AC=MS:1001309	NT=Trypsin;AC=MS:1001251	6	1	20200923_GBM_tumour_tissue__TMT10plex_HiRIEF_3-10_fr06.raw	v1.1.0	NT=ms-proteomics;VV=v1.1.0	NT=human;VV=v1.1.0	manual curation	primary	GCH_015
GCH_016	Homo sapiens	not available	glioblastoma	1	20200923_GBM_tumour_tissue__TMT10plex_HiRIEF_3-10_fr06_TMT131	proteomic profiling by mass spectrometry	NT=Data-dependent acquisition;AC=PRIDE:0000627	NT=Q Exactive HF;AC=MS:1002523	TMT131	NT=Lys-C;AC=MS:1001309	NT=Trypsin;AC=MS:1001251	6	1	20200923_GBM_tumour_tissue__TMT10plex_HiRIEF_3-10_fr06.raw	v1.1.0	NT=ms-proteomics;VV=v1.1.0	NT=human;VV=v1.1.0	manual curation	primary	GCH_016
GCH_002	Homo sapiens	not available	glioblastoma	1	20200923_GBM_tumour_tissue__TMT10plex_HiRIEF_3-10_fr01_TMT126	proteomic profiling by mass spectrometry	NT=Data-dependent acquisition;AC=PRIDE:0000627	NT=Q Exactive HF;AC=MS:1002523	TMT126	NT=Lys-C;AC=MS:1001309	NT=Trypsin;AC=MS:1001251	1	1	20200923_GBM_tumour_tissue__TMT10plex_HiRIEF_3-10_fr01.raw	v1.1.0	NT=ms-proteomics;VV=v1.1.0	NT=human;VV=v1.1.0	manual curation	primary	GCH_002
GCH_003	Homo sapiens	not available	glioblastoma	1	20200923_GBM_tumour_tissue__TMT10plex_HiRIEF_3-10_fr01_TMT127N	proteomic profiling by mass spectrometry	NT=Data-dependent acquisition;AC=PRIDE:0000627	NT=Q Exactive HF;AC=MS:1002523	TMT127N	NT=Lys-C;AC=MS:1001309	NT=Trypsin;AC=MS:1001251	1	1	20200923_GBM_tumour_tissue__TMT10plex_HiRIEF_3-10_fr01.raw	v1.1.0	NT=ms-proteomics;VV=v1.1.0	NT=human;VV=v1.1.0	manual curation	recurrent	GCH_003
GCH_004	Homo sapiens	not available	glioblastoma	1	20200923_GBM_tumour_tissue__TMT10plex_HiRIEF_3-10_fr01_TMT127C	proteomic profiling by mass spectrometry	NT=Data-dependent acquisition;AC=PRIDE:0000627	NT=Q Exactive HF;AC=MS:1002523	TMT127C	NT=Lys-C;AC=MS:1001309	NT=Trypsin;AC=MS:1001251	1	1	20200923_GBM_tumour_tissue__TMT10plex_HiRIEF_3-10_fr01.raw	v1.1.0	NT=ms-proteomics;VV=v1.1.0	NT=human;VV=v1.1.0	manual curation	primary - necrotic	GCH_004
GCH_007	Homo sapiens	not available	glioblastoma	1	20200923_GBM_tumour_tissue__TMT10plex_HiRIEF_3-10_fr01_TMT128N	proteomic profiling by mass spectrometry	NT=Data-dependent acquisition;AC=PRIDE:0000627	NT=Q Exactive HF;AC=MS:1002523	TMT128N	NT=Lys-C;AC=MS:1001309	NT=Trypsin;AC=MS:1001251	1	1	20200923_GBM_tumour_tissue__TMT10plex_HiRIEF_3-10_fr01.raw	v1.1.0	NT=ms-proteomics;VV=v1.1.0	NT=human;VV=v1.1.0	manual curation	primary	GCH_007
GCH_009	Homo sapiens	not available	glioblastoma	1	20200923_GBM_tumour_tissue__TMT10plex_HiRIEF_3-10_fr01_TMT128C	proteomic profiling by mass spectrometry	NT=Data-dependent acquisition;AC=PRIDE:0000627	NT=Q Exactive HF;AC=MS:1002523	TMT128C	NT=Lys-C;AC=MS:1001309	NT=Trypsin;AC=MS:1001251	1	1	20200923_GBM_tumour_tissue__TMT10plex_HiRIEF_3-10_fr01.raw	v1.1.0	NT=ms-proteomics;VV=v1.1.0	NT=human;VV=v1.1.0	manual curation	recurrent	GCH_009
GCH_010	Homo sapiens	not available	glioblastoma	1	20200923_GBM_tumour_tissue__TMT10plex_HiRIEF_3-10_fr01_TMT129N	proteomic profiling by mass spectrometry	NT=Data-dependent acquisition;AC=PRIDE:0000627	NT=Q Exactive HF;AC=MS:1002523	TMT129N	NT=Lys-C;AC=MS:1001309	NT=Trypsin;AC=MS:1001251	1	1	20200923_GBM_tumour_tissue__TMT10plex_HiRIEF_3-10_fr01.raw	v1.1.0	NT=ms-proteomics;VV=v1.1.0	NT=human;VV=v1.1.0	manual curation	recurrent	GCH_010
GCH_012	Homo sapiens	not available	glioblastoma	1	20200923_GBM_tumour_tissue__TMT10plex_HiRIEF_3-10_fr01_TMT129C	proteomic profiling by mass spectrometry	NT=Data-dependent acquisition;AC=PRIDE:0000627	NT=Q Exactive HF;AC=MS:1002523	TMT129C	NT=Lys-C;AC=MS:1001309	NT=Trypsin;AC=MS:1001251	1	1	20200923_GBM_tumour_tissue__TMT10plex_HiRIEF_3-10_fr01.raw	v1.1.0	NT=ms-proteomics;VV=v1.1.0	NT=human;VV=v1.1.0	manual curation	primary	GCH_012
GCH_014	Homo sapiens	not available	glioblastoma	1	20200923_GBM_tumour_tissue__TMT10plex_HiRIEF_3-10_fr01_TMT130N	proteomic profiling by mass spectrometry	NT=Data-dependent acquisition;AC=PRIDE:0000627	NT=Q Exactive HF;AC=MS:1002523	TMT130N	NT=Lys-C;AC=MS:1001309	NT=Trypsin;AC=MS:1001251	1	1	20200923_GBM_tumour_tissue__TMT10plex_HiRIEF_3-10_fr01.raw	v1.1.0	NT=ms-proteomics;VV=v1.1.0	NT=human;VV=v1.1.0	manual curation	primary	GCH_014
GCH_015	Homo sapiens	not available	glioblastoma	1	20200923_GBM_tumour_tissue__TMT10plex_HiRIEF_3-10_fr01_TMT130C	proteomic profiling by mass spectrometry	NT=Data-dependent acquisition;AC=PRIDE:0000627	NT=Q Exactive HF;AC=MS:1002523	TMT130C	NT=Lys-C;AC=MS:1001309	NT=Trypsin;AC=MS:1001251	1	1	20200923_GBM_tumour_tissue__TMT10plex_HiRIEF_3-10_fr01.raw	v1.1.0	NT=ms-proteomics;VV=v1.1.0	NT=human;VV=v1.1.0	manual curation	primary	GCH_015
GCH_016	Homo sapiens	not available	glioblastoma	1	20200923_GBM_tumour_tissue__TMT10plex_HiRIEF_3-10_fr01_TMT131	proteomic profiling by mass spectrometry	NT=Data-dependent acquisition;AC=PRIDE:0000627	NT=Q Exactive HF;AC=MS:1002523	TMT131	NT=Lys-C;AC=MS:1001309	NT=Trypsin;AC=MS:1001251	1	1	20200923_GBM_tumour_tissue__TMT10plex_HiRIEF_3-10_fr01.raw	v1.1.0	NT=ms-proteomics;VV=v1.1.0	NT=human;VV=v1.1.0	manual curation	primary	GCH_016
GCH_002	Homo sapiens	not available	glioblastoma	1	20200923_GBM_tumour_tissue__TMT10plex_HiRIEF_3-10_fr15_TMT126	proteomic profiling by mass spectrometry	NT=Data-dependent acquisition;AC=PRIDE:0000627	NT=Q Exactive HF;AC=MS:1002523	TMT126	NT=Lys-C;AC=MS:1001309	NT=Trypsin;AC=MS:1001251	15	1	20200923_GBM_tumour_tissue__TMT10plex_HiRIEF_3-10_fr15.raw	v1.1.0	NT=ms-proteomics;VV=v1.1.0	NT=human;VV=v1.1.0	manual curation	primary	GCH_002
GCH_003	Homo sapiens	not available	glioblastoma	1	20200923_GBM_tumour_tissue__TMT10plex_HiRIEF_3-10_fr15_TMT127N	proteomic profiling by mass spectrometry	NT=Data-dependent acquisition;AC=PRIDE:0000627	NT=Q Exactive HF;AC=MS:1002523	TMT127N	NT=Lys-C;AC=MS:1001309	NT=Trypsin;AC=MS:1001251	15	1	20200923_GBM_tumour_tissue__TMT10plex_HiRIEF_3-10_fr15.raw	v1.1.0	NT=ms-proteomics;VV=v1.1.0	NT=human;VV=v1.1.0	manual curation	recurrent	GCH_003
GCH_004	Homo sapiens	not available	glioblastoma	1	20200923_GBM_tumour_tissue__TMT10plex_HiRIEF_3-10_fr15_TMT127C	proteomic profiling by mass spectrometry	NT=Data-dependent acquisition;AC=PRIDE:0000627	NT=Q Exactive HF;AC=MS:1002523	TMT127C	NT=Lys-C;AC=MS:1001309	NT=Trypsin;AC=MS:1001251	15	1	20200923_GBM_tumour_tissue__TMT10plex_HiRIEF_3-10_fr15.raw	v1.1.0	NT=ms-proteomics;VV=v1.1.0	NT=human;VV=v1.1.0	manual curation	primary - necrotic	GCH_004
GCH_007	Homo sapiens	not available	glioblastoma	1	20200923_GBM_tumour_tissue__TMT10plex_HiRIEF_3-10_fr15_TMT128N	proteomic profiling by mass spectrometry	NT=Data-dependent acquisition;AC=PRIDE:0000627	NT=Q Exactive HF;AC=MS:1002523	TMT128N	NT=Lys-C;AC=MS:1001309	NT=Trypsin;AC=MS:1001251	15	1	20200923_GBM_tumour_tissue__TMT10plex_HiRIEF_3-10_fr15.raw	v1.1.0	NT=ms-proteomics;VV=v1.1.0	NT=human;VV=v1.1.0	manual curation	primary	GCH_007
GCH_009	Homo sapiens	not available	glioblastoma	1	20200923_GBM_tumour_tissue__TMT10plex_HiRIEF_3-10_fr15_TMT128C	proteomic profiling by mass spectrometry	NT=Data-dependent acquisition;AC=PRIDE:0000627	NT=Q Exactive HF;AC=MS:1002523	TMT128C	NT=Lys-C;AC=MS:1001309	NT=Trypsin;AC=MS:1001251	15	1	20200923_GBM_tumour_tissue__TMT10plex_HiRIEF_3-10_fr15.raw	v1.1.0	NT=ms-proteomics;VV=v1.1.0	NT=human;VV=v1.1.0	manual curation	recurrent	GCH_009
GCH_010	Homo sapiens	not available	glioblastoma	1	20200923_GBM_tumour_tissue__TMT10plex_HiRIEF_3-10_fr15_TMT129N	proteomic profiling by mass spectrometry	NT=Data-dependent acquisition;AC=PRIDE:0000627	NT=Q Exactive HF;AC=MS:1002523	TMT129N	NT=Lys-C;AC=MS:1001309	NT=Trypsin;AC=MS:1001251	15	1	20200923_GBM_tumour_tissue__TMT10plex_HiRIEF_3-10_fr15.raw	v1.1.0	NT=ms-proteomics;VV=v1.1.0	NT=human;VV=v1.1.0	manual curation	recurrent	GCH_010
GCH_012	Homo sapiens	not available	glioblastoma	1	20200923_GBM_tumour_tissue__TMT10plex_HiRIEF_3-10_fr15_TMT129C	proteomic profiling by mass spectrometry	NT=Data-dependent acquisition;AC=PRIDE:0000627	NT=Q Exactive HF;AC=MS:1002523	TMT129C	NT=Lys-C;AC=MS:1001309	NT=Trypsin;AC=MS:1001251	15	1	20200923_GBM_tumour_tissue__TMT10plex_HiRIEF_3-10_fr15.raw	v1.1.0	NT=ms-proteomics;VV=v1.1.0	NT=human;VV=v1.1.0	manual curation	primary	GCH_012
GCH_014	Homo sapiens	not available	glioblastoma	1	20200923_GBM_tumour_tissue__TMT10plex_HiRIEF_3-10_fr15_TMT130N	proteomic profiling by mass spectrometry	NT=Data-dependent acquisition;AC=PRIDE:0000627	NT=Q Exactive HF;AC=MS:1002523	TMT130N	NT=Lys-C;AC=MS:1001309	NT=Trypsin;AC=MS:1001251	15	1	20200923_GBM_tumour_tissue__TMT10plex_HiRIEF_3-10_fr15.raw	v1.1.0	NT=ms-proteomics;VV=v1.1.0	NT=human;VV=v1.1.0	manual curation	primary	GCH_014
GCH_015	Homo sapiens	not available	glioblastoma	1	20200923_GBM_tumour_tissue__TMT10plex_HiRIEF_3-10_fr15_TMT130C	proteomic profiling by mass spectrometry	NT=Data-dependent acquisition;AC=PRIDE:0000627	NT=Q Exactive HF;AC=MS:1002523	TMT130C	NT=Lys-C;AC=MS:1001309	NT=Trypsin;AC=MS:1001251	15	1	20200923_GBM_tumour_tissue__TMT10plex_HiRIEF_3-10_fr15.raw	v1.1.0	NT=ms-proteomics;VV=v1.1.0	NT=human;VV=v1.1.0	manual curation	primary	GCH_015
GCH_016	Homo sapiens	not available	glioblastoma	1	20200923_GBM_tumour_tissue__TMT10plex_HiRIEF_3-10_fr15_TMT131	proteomic profiling by mass spectrometry	NT=Data-dependent acquisition;AC=PRIDE:0000627	NT=Q Exactive HF;AC=MS:1002523	TMT131	NT=Lys-C;AC=MS:1001309	NT=Trypsin;AC=MS:1001251	15	1	20200923_GBM_tumour_tissue__TMT10plex_HiRIEF_3-10_fr15.raw	v1.1.0	NT=ms-proteomics;VV=v1.1.0	NT=human;VV=v1.1.0	manual curation	primary	GCH_016
GCH_002	Homo sapiens	not available	glioblastoma	1	20200923_GBM_tumour_tissue__TMT10plex_HiRIEF_3-10_fr37_TMT126	proteomic profiling by mass spectrometry	NT=Data-dependent acquisition;AC=PRIDE:0000627	NT=Q Exactive HF;AC=MS:1002523	TMT126	NT=Lys-C;AC=MS:1001309	NT=Trypsin;AC=MS:1001251	37	1	20200923_GBM_tumour_tissue__TMT10plex_HiRIEF_3-10_fr37.raw	v1.1.0	NT=ms-proteomics;VV=v1.1.0	NT=human;VV=v1.1.0	manual curation	primary	GCH_002
GCH_003	Homo sapiens	not available	glioblastoma	1	20200923_GBM_tumour_tissue__TMT10plex_HiRIEF_3-10_fr37_TMT127N	proteomic profiling by mass spectrometry	NT=Data-dependent acquisition;AC=PRIDE:0000627	NT=Q Exactive HF;AC=MS:1002523	TMT127N	NT=Lys-C;AC=MS:1001309	NT=Trypsin;AC=MS:1001251	37	1	20200923_GBM_tumour_tissue__TMT10plex_HiRIEF_3-10_fr37.raw	v1.1.0	NT=ms-proteomics;VV=v1.1.0	NT=human;VV=v1.1.0	manual curation	recurrent	GCH_003
GCH_004	Homo sapiens	not available	glioblastoma	1	20200923_GBM_tumour_tissue__TMT10plex_HiRIEF_3-10_fr37_TMT127C	proteomic profiling by mass spectrometry	NT=Data-dependent acquisition;AC=PRIDE:0000627	NT=Q Exactive HF;AC=MS:1002523	TMT127C	NT=Lys-C;AC=MS:1001309	NT=Trypsin;AC=MS:1001251	37	1	20200923_GBM_tumour_tissue__TMT10plex_HiRIEF_3-10_fr37.raw	v1.1.0	NT=ms-proteomics;VV=v1.1.0	NT=human;VV=v1.1.0	manual curation	primary - necrotic	GCH_004
GCH_007	Homo sapiens	not available	glioblastoma	1	20200923_GBM_tumour_tissue__TMT10plex_HiRIEF_3-10_fr37_TMT128N	proteomic profiling by mass spectrometry	NT=Data-dependent acquisition;AC=PRIDE:0000627	NT=Q Exactive HF;AC=MS:1002523	TMT128N	NT=Lys-C;AC=MS:1001309	NT=Trypsin;AC=MS:1001251	37	1	20200923_GBM_tumour_tissue__TMT10plex_HiRIEF_3-10_fr37.raw	v1.1.0	NT=ms-proteomics;VV=v1.1.0	NT=human;VV=v1.1.0	manual curation	primary	GCH_007
GCH_009	Homo sapiens	not available	glioblastoma	1	20200923_GBM_tumour_tissue__TMT10plex_HiRIEF_3-10_fr37_TMT128C	proteomic profiling by mass spectrometry	NT=Data-dependent acquisition;AC=PRIDE:0000627	NT=Q Exactive HF;AC=MS:1002523	TMT128C	NT=Lys-C;AC=MS:1001309	NT=Trypsin;AC=MS:1001251	37	1	20200923_GBM_tumour_tissue__TMT10plex_HiRIEF_3-10_fr37.raw	v1.1.0	NT=ms-proteomics;VV=v1.1.0	NT=human;VV=v1.1.0	manual curation	recurrent	GCH_009
GCH_010	Homo sapiens	not available	glioblastoma	1	20200923_GBM_tumour_tissue__TMT10plex_HiRIEF_3-10_fr37_TMT129N	proteomic profiling by mass spectrometry	NT=Data-dependent acquisition;AC=PRIDE:0000627	NT=Q Exactive HF;AC=MS:1002523	TMT129N	NT=Lys-C;AC=MS:1001309	NT=Trypsin;AC=MS:1001251	37	1	20200923_GBM_tumour_tissue__TMT10plex_HiRIEF_3-10_fr37.raw	v1.1.0	NT=ms-proteomics;VV=v1.1.0	NT=human;VV=v1.1.0	manual curation	recurrent	GCH_010
GCH_012	Homo sapiens	not available	glioblastoma	1	20200923_GBM_tumour_tissue__TMT10plex_HiRIEF_3-10_fr37_TMT129C	proteomic profiling by mass spectrometry	NT=Data-dependent acquisition;AC=PRIDE:0000627	NT=Q Exactive HF;AC=MS:1002523	TMT129C	NT=Lys-C;AC=MS:1001309	NT=Trypsin;AC=MS:1001251	37	1	20200923_GBM_tumour_tissue__TMT10plex_HiRIEF_3-10_fr37.raw	v1.1.0	NT=ms-proteomics;VV=v1.1.0	NT=human;VV=v1.1.0	manual curation	primary	GCH_012
GCH_014	Homo sapiens	not available	glioblastoma	1	20200923_GBM_tumour_tissue__TMT10plex_HiRIEF_3-10_fr37_TMT130N	proteomic profiling by mass spectrometry	NT=Data-dependent acquisition;AC=PRIDE:0000627	NT=Q Exactive HF;AC=MS:1002523	TMT130N	NT=Lys-C;AC=MS:1001309	NT=Trypsin;AC=MS:1001251	37	1	20200923_GBM_tumour_tissue__TMT10plex_HiRIEF_3-10_fr37.raw	v1.1.0	NT=ms-proteomics;VV=v1.1.0	NT=human;VV=v1.1.0	manual curation	primary	GCH_014
GCH_015	Homo sapiens	not available	glioblastoma	1	20200923_GBM_tumour_tissue__TMT10plex_HiRIEF_3-10_fr37_TMT130C	proteomic profiling by mass spectrometry	NT=Data-dependent acquisition;AC=PRIDE:0000627	NT=Q Exactive HF;AC=MS:1002523	TMT130C	NT=Lys-C;AC=MS:1001309	NT=Trypsin;AC=MS:1001251	37	1	20200923_GBM_tumour_tissue__TMT10plex_HiRIEF_3-10_fr37.raw	v1.1.0	NT=ms-proteomics;VV=v1.1.0	NT=human;VV=v1.1.0	manual curation	primary	GCH_015
GCH_016	Homo sapiens	not available	glioblastoma	1	20200923_GBM_tumour_tissue__TMT10plex_HiRIEF_3-10_fr37_TMT131	proteomic profiling by mass spectrometry	NT=Data-dependent acquisition;AC=PRIDE:0000627	NT=Q Exactive HF;AC=MS:1002523	TMT131	NT=Lys-C;AC=MS:1001309	NT=Trypsin;AC=MS:1001251	37	1	20200923_GBM_tumour_tissue__TMT10plex_HiRIEF_3-10_fr37.raw	v1.1.0	NT=ms-proteomics;VV=v1.1.0	NT=human;VV=v1.1.0	manual curation	primary	GCH_016
GCH_002	Homo sapiens	not available	glioblastoma	1	20200923_GBM_tumour_tissue__TMT10plex_HiRIEF_3-10_fr39_TMT126	proteomic profiling by mass spectrometry	NT=Data-dependent acquisition;AC=PRIDE:0000627	NT=Q Exactive HF;AC=MS:1002523	TMT126	NT=Lys-C;AC=MS:1001309	NT=Trypsin;AC=MS:1001251	39	1	20200923_GBM_tumour_tissue__TMT10plex_HiRIEF_3-10_fr39.raw	v1.1.0	NT=ms-proteomics;VV=v1.1.0	NT=human;VV=v1.1.0	manual curation	primary	GCH_002
GCH_003	Homo sapiens	not available	glioblastoma	1	20200923_GBM_tumour_tissue__TMT10plex_HiRIEF_3-10_fr39_TMT127N	proteomic profiling by mass spectrometry	NT=Data-dependent acquisition;AC=PRIDE:0000627	NT=Q Exactive HF;AC=MS:1002523	TMT127N	NT=Lys-C;AC=MS:1001309	NT=Trypsin;AC=MS:1001251	39	1	20200923_GBM_tumour_tissue__TMT10plex_HiRIEF_3-10_fr39.raw	v1.1.0	NT=ms-proteomics;VV=v1.1.0	NT=human;VV=v1.1.0	manual curation	recurrent	GCH_003
GCH_004	Homo sapiens	not available	glioblastoma	1	20200923_GBM_tumour_tissue__TMT10plex_HiRIEF_3-10_fr39_TMT127C	proteomic profiling by mass spectrometry	NT=Data-dependent acquisition;AC=PRIDE:0000627	NT=Q Exactive HF;AC=MS:1002523	TMT127C	NT=Lys-C;AC=MS:1001309	NT=Trypsin;AC=MS:1001251	39	1	20200923_GBM_tumour_tissue__TMT10plex_HiRIEF_3-10_fr39.raw	v1.1.0	NT=ms-proteomics;VV=v1.1.0	NT=human;VV=v1.1.0	manual curation	primary - necrotic	GCH_004
GCH_007	Homo sapiens	not available	glioblastoma	1	20200923_GBM_tumour_tissue__TMT10plex_HiRIEF_3-10_fr39_TMT128N	proteomic profiling by mass spectrometry	NT=Data-dependent acquisition;AC=PRIDE:0000627	NT=Q Exactive HF;AC=MS:1002523	TMT128N	NT=Lys-C;AC=MS:1001309	NT=Trypsin;AC=MS:1001251	39	1	20200923_GBM_tumour_tissue__TMT10plex_HiRIEF_3-10_fr39.raw	v1.1.0	NT=ms-proteomics;VV=v1.1.0	NT=human;VV=v1.1.0	manual curation	primary	GCH_007
GCH_009	Homo sapiens	not available	glioblastoma	1	20200923_GBM_tumour_tissue__TMT10plex_HiRIEF_3-10_fr39_TMT128C	proteomic profiling by mass spectrometry	NT=Data-dependent acquisition;AC=PRIDE:0000627	NT=Q Exactive HF;AC=MS:1002523	TMT128C	NT=Lys-C;AC=MS:1001309	NT=Trypsin;AC=MS:1001251	39	1	20200923_GBM_tumour_tissue__TMT10plex_HiRIEF_3-10_fr39.raw	v1.1.0	NT=ms-proteomics;VV=v1.1.0	NT=human;VV=v1.1.0	manual curation	recurrent	GCH_009
GCH_010	Homo sapiens	not available	glioblastoma	1	20200923_GBM_tumour_tissue__TMT10plex_HiRIEF_3-10_fr39_TMT129N	proteomic profiling by mass spectrometry	NT=Data-dependent acquisition;AC=PRIDE:0000627	NT=Q Exactive HF;AC=MS:1002523	TMT129N	NT=Lys-C;AC=MS:1001309	NT=Trypsin;AC=MS:1001251	39	1	20200923_GBM_tumour_tissue__TMT10plex_HiRIEF_3-10_fr39.raw	v1.1.0	NT=ms-proteomics;VV=v1.1.0	NT=human;VV=v1.1.0	manual curation	recurrent	GCH_010
GCH_012	Homo sapiens	not available	glioblastoma	1	20200923_GBM_tumour_tissue__TMT10plex_HiRIEF_3-10_fr39_TMT129C	proteomic profiling by mass spectrometry	NT=Data-dependent acquisition;AC=PRIDE:0000627	NT=Q Exactive HF;AC=MS:1002523	TMT129C	NT=Lys-C;AC=MS:1001309	NT=Trypsin;AC=MS:1001251	39	1	20200923_GBM_tumour_tissue__TMT10plex_HiRIEF_3-10_fr39.raw	v1.1.0	NT=ms-proteomics;VV=v1.1.0	NT=human;VV=v1.1.0	manual curation	primary	GCH_012
GCH_014	Homo sapiens	not available	glioblastoma	1	20200923_GBM_tumour_tissue__TMT10plex_HiRIEF_3-10_fr39_TMT130N	proteomic profiling by mass spectrometry	NT=Data-dependent acquisition;AC=PRIDE:0000627	NT=Q Exactive HF;AC=MS:1002523	TMT130N	NT=Lys-C;AC=MS:1001309	NT=Trypsin;AC=MS:1001251	39	1	20200923_GBM_tumour_tissue__TMT10plex_HiRIEF_3-10_fr39.raw	v1.1.0	NT=ms-proteomics;VV=v1.1.0	NT=human;VV=v1.1.0	manual curation	primary	GCH_014
GCH_015	Homo sapiens	not available	glioblastoma	1	20200923_GBM_tumour_tissue__TMT10plex_HiRIEF_3-10_fr39_TMT130C	proteomic profiling by mass spectrometry	NT=Data-dependent acquisition;AC=PRIDE:0000627	NT=Q Exactive HF;AC=MS:1002523	TMT130C	NT=Lys-C;AC=MS:1001309	NT=Trypsin;AC=MS:1001251	39	1	20200923_GBM_tumour_tissue__TMT10plex_HiRIEF_3-10_fr39.raw	v1.1.0	NT=ms-proteomics;VV=v1.1.0	NT=human;VV=v1.1.0	manual curation	primary	GCH_015
GCH_016	Homo sapiens	not available	glioblastoma	1	20200923_GBM_tumour_tissue__TMT10plex_HiRIEF_3-10_fr39_TMT131	proteomic profiling by mass spectrometry	NT=Data-dependent acquisition;AC=PRIDE:0000627	NT=Q Exactive HF;AC=MS:1002523	TMT131	NT=Lys-C;AC=MS:1001309	NT=Trypsin;AC=MS:1001251	39	1	20200923_GBM_tumour_tissue__TMT10plex_HiRIEF_3-10_fr39.raw	v1.1.0	NT=ms-proteomics;VV=v1.1.0	NT=human;VV=v1.1.0	manual curation	primary	GCH_016
GCH_002	Homo sapiens	not available	glioblastoma	1	20200923_GBM_tumour_tissue__TMT10plex_HiRIEF_3-10_fr51_TMT126	proteomic profiling by mass spectrometry	NT=Data-dependent acquisition;AC=PRIDE:0000627	NT=Q Exactive HF;AC=MS:1002523	TMT126	NT=Lys-C;AC=MS:1001309	NT=Trypsin;AC=MS:1001251	51	1	20200923_GBM_tumour_tissue__TMT10plex_HiRIEF_3-10_fr51.raw	v1.1.0	NT=ms-proteomics;VV=v1.1.0	NT=human;VV=v1.1.0	manual curation	primary	GCH_002
GCH_003	Homo sapiens	not available	glioblastoma	1	20200923_GBM_tumour_tissue__TMT10plex_HiRIEF_3-10_fr51_TMT127N	proteomic profiling by mass spectrometry	NT=Data-dependent acquisition;AC=PRIDE:0000627	NT=Q Exactive HF;AC=MS:1002523	TMT127N	NT=Lys-C;AC=MS:1001309	NT=Trypsin;AC=MS:1001251	51	1	20200923_GBM_tumour_tissue__TMT10plex_HiRIEF_3-10_fr51.raw	v1.1.0	NT=ms-proteomics;VV=v1.1.0	NT=human;VV=v1.1.0	manual curation	recurrent	GCH_003
GCH_004	Homo sapiens	not available	glioblastoma	1	20200923_GBM_tumour_tissue__TMT10plex_HiRIEF_3-10_fr51_TMT127C	proteomic profiling by mass spectrometry	NT=Data-dependent acquisition;AC=PRIDE:0000627	NT=Q Exactive HF;AC=MS:1002523	TMT127C	NT=Lys-C;AC=MS:1001309	NT=Trypsin;AC=MS:1001251	51	1	20200923_GBM_tumour_tissue__TMT10plex_HiRIEF_3-10_fr51.raw	v1.1.0	NT=ms-proteomics;VV=v1.1.0	NT=human;VV=v1.1.0	manual curation	primary - necrotic	GCH_004
GCH_007	Homo sapiens	not available	glioblastoma	1	20200923_GBM_tumour_tissue__TMT10plex_HiRIEF_3-10_fr51_TMT128N	proteomic profiling by mass spectrometry	NT=Data-dependent acquisition;AC=PRIDE:0000627	NT=Q Exactive HF;AC=MS:1002523	TMT128N	NT=Lys-C;AC=MS:1001309	NT=Trypsin;AC=MS:1001251	51	1	20200923_GBM_tumour_tissue__TMT10plex_HiRIEF_3-10_fr51.raw	v1.1.0	NT=ms-proteomics;VV=v1.1.0	NT=human;VV=v1.1.0	manual curation	primary	GCH_007
GCH_009	Homo sapiens	not available	glioblastoma	1	20200923_GBM_tumour_tissue__TMT10plex_HiRIEF_3-10_fr51_TMT128C	proteomic profiling by mass spectrometry	NT=Data-dependent acquisition;AC=PRIDE:0000627	NT=Q Exactive HF;AC=MS:1002523	TMT128C	NT=Lys-C;AC=MS:1001309	NT=Trypsin;AC=MS:1001251	51	1	20200923_GBM_tumour_tissue__TMT10plex_HiRIEF_3-10_fr51.raw	v1.1.0	NT=ms-proteomics;VV=v1.1.0	NT=human;VV=v1.1.0	manual curation	recurrent	GCH_009
GCH_010	Homo sapiens	not available	glioblastoma	1	20200923_GBM_tumour_tissue__TMT10plex_HiRIEF_3-10_fr51_TMT129N	proteomic profiling by mass spectrometry	NT=Data-dependent acquisition;AC=PRIDE:0000627	NT=Q Exactive HF;AC=MS:1002523	TMT129N	NT=Lys-C;AC=MS:1001309	NT=Trypsin;AC=MS:1001251	51	1	20200923_GBM_tumour_tissue__TMT10plex_HiRIEF_3-10_fr51.raw	v1.1.0	NT=ms-proteomics;VV=v1.1.0	NT=human;VV=v1.1.0	manual curation	recurrent	GCH_010
GCH_012	Homo sapiens	not available	glioblastoma	1	20200923_GBM_tumour_tissue__TMT10plex_HiRIEF_3-10_fr51_TMT129C	proteomic profiling by mass spectrometry	NT=Data-dependent acquisition;AC=PRIDE:0000627	NT=Q Exactive HF;AC=MS:1002523	TMT129C	NT=Lys-C;AC=MS:1001309	NT=Trypsin;AC=MS:1001251	51	1	20200923_GBM_tumour_tissue__TMT10plex_HiRIEF_3-10_fr51.raw	v1.1.0	NT=ms-proteomics;VV=v1.1.0	NT=human;VV=v1.1.0	manual curation	primary	GCH_012
GCH_014	Homo sapiens	not available	glioblastoma	1	20200923_GBM_tumour_tissue__TMT10plex_HiRIEF_3-10_fr51_TMT130N	proteomic profiling by mass spectrometry	NT=Data-dependent acquisition;AC=PRIDE:0000627	NT=Q Exactive HF;AC=MS:1002523	TMT130N	NT=Lys-C;AC=MS:1001309	NT=Trypsin;AC=MS:1001251	51	1	20200923_GBM_tumour_tissue__TMT10plex_HiRIEF_3-10_fr51.raw	v1.1.0	NT=ms-proteomics;VV=v1.1.0	NT=human;VV=v1.1.0	manual curation	primary	GCH_014
GCH_015	Homo sapiens	not available	glioblastoma	1	20200923_GBM_tumour_tissue__TMT10plex_HiRIEF_3-10_fr51_TMT130C	proteomic profiling by mass spectrometry	NT=Data-dependent acquisition;AC=PRIDE:0000627	NT=Q Exactive HF;AC=MS:1002523	TMT130C	NT=Lys-C;AC=MS:1001309	NT=Trypsin;AC=MS:1001251	51	1	20200923_GBM_tumour_tissue__TMT10plex_HiRIEF_3-10_fr51.raw	v1.1.0	NT=ms-proteomics;VV=v1.1.0	NT=human;VV=v1.1.0	manual curation	primary	GCH_015
GCH_016	Homo sapiens	not available	glioblastoma	1	20200923_GBM_tumour_tissue__TMT10plex_HiRIEF_3-10_fr51_TMT131	proteomic profiling by mass spectrometry	NT=Data-dependent acquisition;AC=PRIDE:0000627	NT=Q Exactive HF;AC=MS:1002523	TMT131	NT=Lys-C;AC=MS:1001309	NT=Trypsin;AC=MS:1001251	51	1	20200923_GBM_tumour_tissue__TMT10plex_HiRIEF_3-10_fr51.raw	v1.1.0	NT=ms-proteomics;VV=v1.1.0	NT=human;VV=v1.1.0	manual curation	primary	GCH_016
GCH_002	Homo sapiens	not available	glioblastoma	1	20200923_GBM_tumour_tissue__TMT10plex_HiRIEF_3-10_fr64_TMT126	proteomic profiling by mass spectrometry	NT=Data-dependent acquisition;AC=PRIDE:0000627	NT=Q Exactive HF;AC=MS:1002523	TMT126	NT=Lys-C;AC=MS:1001309	NT=Trypsin;AC=MS:1001251	64	1	20200923_GBM_tumour_tissue__TMT10plex_HiRIEF_3-10_fr64.raw	v1.1.0	NT=ms-proteomics;VV=v1.1.0	NT=human;VV=v1.1.0	manual curation	primary	GCH_002
GCH_003	Homo sapiens	not available	glioblastoma	1	20200923_GBM_tumour_tissue__TMT10plex_HiRIEF_3-10_fr64_TMT127N	proteomic profiling by mass spectrometry	NT=Data-dependent acquisition;AC=PRIDE:0000627	NT=Q Exactive HF;AC=MS:1002523	TMT127N	NT=Lys-C;AC=MS:1001309	NT=Trypsin;AC=MS:1001251	64	1	20200923_GBM_tumour_tissue__TMT10plex_HiRIEF_3-10_fr64.raw	v1.1.0	NT=ms-proteomics;VV=v1.1.0	NT=human;VV=v1.1.0	manual curation	recurrent	GCH_003
GCH_004	Homo sapiens	not available	glioblastoma	1	20200923_GBM_tumour_tissue__TMT10plex_HiRIEF_3-10_fr64_TMT127C	proteomic profiling by mass spectrometry	NT=Data-dependent acquisition;AC=PRIDE:0000627	NT=Q Exactive HF;AC=MS:1002523	TMT127C	NT=Lys-C;AC=MS:1001309	NT=Trypsin;AC=MS:1001251	64	1	20200923_GBM_tumour_tissue__TMT10plex_HiRIEF_3-10_fr64.raw	v1.1.0	NT=ms-proteomics;VV=v1.1.0	NT=human;VV=v1.1.0	manual curation	primary - necrotic	GCH_004
GCH_007	Homo sapiens	not available	glioblastoma	1	20200923_GBM_tumour_tissue__TMT10plex_HiRIEF_3-10_fr64_TMT128N	proteomic profiling by mass spectrometry	NT=Data-dependent acquisition;AC=PRIDE:0000627	NT=Q Exactive HF;AC=MS:1002523	TMT128N	NT=Lys-C;AC=MS:1001309	NT=Trypsin;AC=MS:1001251	64	1	20200923_GBM_tumour_tissue__TMT10plex_HiRIEF_3-10_fr64.raw	v1.1.0	NT=ms-proteomics;VV=v1.1.0	NT=human;VV=v1.1.0	manual curation	primary	GCH_007
GCH_009	Homo sapiens	not available	glioblastoma	1	20200923_GBM_tumour_tissue__TMT10plex_HiRIEF_3-10_fr64_TMT128C	proteomic profiling by mass spectrometry	NT=Data-dependent acquisition;AC=PRIDE:0000627	NT=Q Exactive HF;AC=MS:1002523	TMT128C	NT=Lys-C;AC=MS:1001309	NT=Trypsin;AC=MS:1001251	64	1	20200923_GBM_tumour_tissue__TMT10plex_HiRIEF_3-10_fr64.raw	v1.1.0	NT=ms-proteomics;VV=v1.1.0	NT=human;VV=v1.1.0	manual curation	recurrent	GCH_009
GCH_010	Homo sapiens	not available	glioblastoma	1	20200923_GBM_tumour_tissue__TMT10plex_HiRIEF_3-10_fr64_TMT129N	proteomic profiling by mass spectrometry	NT=Data-dependent acquisition;AC=PRIDE:0000627	NT=Q Exactive HF;AC=MS:1002523	TMT129N	NT=Lys-C;AC=MS:1001309	NT=Trypsin;AC=MS:1001251	64	1	20200923_GBM_tumour_tissue__TMT10plex_HiRIEF_3-10_fr64.raw	v1.1.0	NT=ms-proteomics;VV=v1.1.0	NT=human;VV=v1.1.0	manual curation	recurrent	GCH_010
GCH_012	Homo sapiens	not available	glioblastoma	1	20200923_GBM_tumour_tissue__TMT10plex_HiRIEF_3-10_fr64_TMT129C	proteomic profiling by mass spectrometry	NT=Data-dependent acquisition;AC=PRIDE:0000627	NT=Q Exactive HF;AC=MS:1002523	TMT129C	NT=Lys-C;AC=MS:1001309	NT=Trypsin;AC=MS:1001251	64	1	20200923_GBM_tumour_tissue__TMT10plex_HiRIEF_3-10_fr64.raw	v1.1.0	NT=ms-proteomics;VV=v1.1.0	NT=human;VV=v1.1.0	manual curation	primary	GCH_012
GCH_014	Homo sapiens	not available	glioblastoma	1	20200923_GBM_tumour_tissue__TMT10plex_HiRIEF_3-10_fr64_TMT130N	proteomic profiling by mass spectrometry	NT=Data-dependent acquisition;AC=PRIDE:0000627	NT=Q Exactive HF;AC=MS:1002523	TMT130N	NT=Lys-C;AC=MS:1001309	NT=Trypsin;AC=MS:1001251	64	1	20200923_GBM_tumour_tissue__TMT10plex_HiRIEF_3-10_fr64.raw	v1.1.0	NT=ms-proteomics;VV=v1.1.0	NT=human;VV=v1.1.0	manual curation	primary	GCH_014
GCH_015	Homo sapiens	not available	glioblastoma	1	20200923_GBM_tumour_tissue__TMT10plex_HiRIEF_3-10_fr64_TMT130C	proteomic profiling by mass spectrometry	NT=Data-dependent acquisition;AC=PRIDE:0000627	NT=Q Exactive HF;AC=MS:1002523	TMT130C	NT=Lys-C;AC=MS:1001309	NT=Trypsin;AC=MS:1001251	64	1	20200923_GBM_tumour_tissue__TMT10plex_HiRIEF_3-10_fr64.raw	v1.1.0	NT=ms-proteomics;VV=v1.1.0	NT=human;VV=v1.1.0	manual curation	primary	GCH_015
GCH_016	Homo sapiens	not available	glioblastoma	1	20200923_GBM_tumour_tissue__TMT10plex_HiRIEF_3-10_fr64_TMT131	proteomic profiling by mass spectrometry	NT=Data-dependent acquisition;AC=PRIDE:0000627	NT=Q Exactive HF;AC=MS:1002523	TMT131	NT=Lys-C;AC=MS:1001309	NT=Trypsin;AC=MS:1001251	64	1	20200923_GBM_tumour_tissue__TMT10plex_HiRIEF_3-10_fr64.raw	v1.1.0	NT=ms-proteomics;VV=v1.1.0	NT=human;VV=v1.1.0	manual curation	primary	GCH_016
GCH_002	Homo sapiens	not available	glioblastoma	1	20200923_GBM_tumour_tissue__TMT10plex_HiRIEF_3-10_fr03_TMT126	proteomic profiling by mass spectrometry	NT=Data-dependent acquisition;AC=PRIDE:0000627	NT=Q Exactive HF;AC=MS:1002523	TMT126	NT=Lys-C;AC=MS:1001309	NT=Trypsin;AC=MS:1001251	3	1	20200923_GBM_tumour_tissue__TMT10plex_HiRIEF_3-10_fr03.raw	v1.1.0	NT=ms-proteomics;VV=v1.1.0	NT=human;VV=v1.1.0	manual curation	primary	GCH_002
GCH_003	Homo sapiens	not available	glioblastoma	1	20200923_GBM_tumour_tissue__TMT10plex_HiRIEF_3-10_fr03_TMT127N	proteomic profiling by mass spectrometry	NT=Data-dependent acquisition;AC=PRIDE:0000627	NT=Q Exactive HF;AC=MS:1002523	TMT127N	NT=Lys-C;AC=MS:1001309	NT=Trypsin;AC=MS:1001251	3	1	20200923_GBM_tumour_tissue__TMT10plex_HiRIEF_3-10_fr03.raw	v1.1.0	NT=ms-proteomics;VV=v1.1.0	NT=human;VV=v1.1.0	manual curation	recurrent	GCH_003
GCH_004	Homo sapiens	not available	glioblastoma	1	20200923_GBM_tumour_tissue__TMT10plex_HiRIEF_3-10_fr03_TMT127C	proteomic profiling by mass spectrometry	NT=Data-dependent acquisition;AC=PRIDE:0000627	NT=Q Exactive HF;AC=MS:1002523	TMT127C	NT=Lys-C;AC=MS:1001309	NT=Trypsin;AC=MS:1001251	3	1	20200923_GBM_tumour_tissue__TMT10plex_HiRIEF_3-10_fr03.raw	v1.1.0	NT=ms-proteomics;VV=v1.1.0	NT=human;VV=v1.1.0	manual curation	primary - necrotic	GCH_004
GCH_007	Homo sapiens	not available	glioblastoma	1	20200923_GBM_tumour_tissue__TMT10plex_HiRIEF_3-10_fr03_TMT128N	proteomic profiling by mass spectrometry	NT=Data-dependent acquisition;AC=PRIDE:0000627	NT=Q Exactive HF;AC=MS:1002523	TMT128N	NT=Lys-C;AC=MS:1001309	NT=Trypsin;AC=MS:1001251	3	1	20200923_GBM_tumour_tissue__TMT10plex_HiRIEF_3-10_fr03.raw	v1.1.0	NT=ms-proteomics;VV=v1.1.0	NT=human;VV=v1.1.0	manual curation	primary	GCH_007
GCH_009	Homo sapiens	not available	glioblastoma	1	20200923_GBM_tumour_tissue__TMT10plex_HiRIEF_3-10_fr03_TMT128C	proteomic profiling by mass spectrometry	NT=Data-dependent acquisition;AC=PRIDE:0000627	NT=Q Exactive HF;AC=MS:1002523	TMT128C	NT=Lys-C;AC=MS:1001309	NT=Trypsin;AC=MS:1001251	3	1	20200923_GBM_tumour_tissue__TMT10plex_HiRIEF_3-10_fr03.raw	v1.1.0	NT=ms-proteomics;VV=v1.1.0	NT=human;VV=v1.1.0	manual curation	recurrent	GCH_009
GCH_010	Homo sapiens	not available	glioblastoma	1	20200923_GBM_tumour_tissue__TMT10plex_HiRIEF_3-10_fr03_TMT129N	proteomic profiling by mass spectrometry	NT=Data-dependent acquisition;AC=PRIDE:0000627	NT=Q Exactive HF;AC=MS:1002523	TMT129N	NT=Lys-C;AC=MS:1001309	NT=Trypsin;AC=MS:1001251	3	1	20200923_GBM_tumour_tissue__TMT10plex_HiRIEF_3-10_fr03.raw	v1.1.0	NT=ms-proteomics;VV=v1.1.0	NT=human;VV=v1.1.0	manual curation	recurrent	GCH_010
GCH_012	Homo sapiens	not available	glioblastoma	1	20200923_GBM_tumour_tissue__TMT10plex_HiRIEF_3-10_fr03_TMT129C	proteomic profiling by mass spectrometry	NT=Data-dependent acquisition;AC=PRIDE:0000627	NT=Q Exactive HF;AC=MS:1002523	TMT129C	NT=Lys-C;AC=MS:1001309	NT=Trypsin;AC=MS:1001251	3	1	20200923_GBM_tumour_tissue__TMT10plex_HiRIEF_3-10_fr03.raw	v1.1.0	NT=ms-proteomics;VV=v1.1.0	NT=human;VV=v1.1.0	manual curation	primary	GCH_012
GCH_014	Homo sapiens	not available	glioblastoma	1	20200923_GBM_tumour_tissue__TMT10plex_HiRIEF_3-10_fr03_TMT130N	proteomic profiling by mass spectrometry	NT=Data-dependent acquisition;AC=PRIDE:0000627	NT=Q Exactive HF;AC=MS:1002523	TMT130N	NT=Lys-C;AC=MS:1001309	NT=Trypsin;AC=MS:1001251	3	1	20200923_GBM_tumour_tissue__TMT10plex_HiRIEF_3-10_fr03.raw	v1.1.0	NT=ms-proteomics;VV=v1.1.0	NT=human;VV=v1.1.0	manual curation	primary	GCH_014
GCH_015	Homo sapiens	not available	glioblastoma	1	20200923_GBM_tumour_tissue__TMT10plex_HiRIEF_3-10_fr03_TMT130C	proteomic profiling by mass spectrometry	NT=Data-dependent acquisition;AC=PRIDE:0000627	NT=Q Exactive HF;AC=MS:1002523	TMT130C	NT=Lys-C;AC=MS:1001309	NT=Trypsin;AC=MS:1001251	3	1	20200923_GBM_tumour_tissue__TMT10plex_HiRIEF_3-10_fr03.raw	v1.1.0	NT=ms-proteomics;VV=v1.1.0	NT=human;VV=v1.1.0	manual curation	primary	GCH_015
GCH_016	Homo sapiens	not available	glioblastoma	1	20200923_GBM_tumour_tissue__TMT10plex_HiRIEF_3-10_fr03_TMT131	proteomic profiling by mass spectrometry	NT=Data-dependent acquisition;AC=PRIDE:0000627	NT=Q Exactive HF;AC=MS:1002523	TMT131	NT=Lys-C;AC=MS:1001309	NT=Trypsin;AC=MS:1001251	3	1	20200923_GBM_tumour_tissue__TMT10plex_HiRIEF_3-10_fr03.raw	v1.1.0	NT=ms-proteomics;VV=v1.1.0	NT=human;VV=v1.1.0	manual curation	primary	GCH_016
GCH_002	Homo sapiens	not available	glioblastoma	1	20200923_GBM_tumour_tissue__TMT10plex_HiRIEF_3-10_fr71_TMT126	proteomic profiling by mass spectrometry	NT=Data-dependent acquisition;AC=PRIDE:0000627	NT=Q Exactive HF;AC=MS:1002523	TMT126	NT=Lys-C;AC=MS:1001309	NT=Trypsin;AC=MS:1001251	71	1	20200923_GBM_tumour_tissue__TMT10plex_HiRIEF_3-10_fr71.raw	v1.1.0	NT=ms-proteomics;VV=v1.1.0	NT=human;VV=v1.1.0	manual curation	primary	GCH_002
GCH_003	Homo sapiens	not available	glioblastoma	1	20200923_GBM_tumour_tissue__TMT10plex_HiRIEF_3-10_fr71_TMT127N	proteomic profiling by mass spectrometry	NT=Data-dependent acquisition;AC=PRIDE:0000627	NT=Q Exactive HF;AC=MS:1002523	TMT127N	NT=Lys-C;AC=MS:1001309	NT=Trypsin;AC=MS:1001251	71	1	20200923_GBM_tumour_tissue__TMT10plex_HiRIEF_3-10_fr71.raw	v1.1.0	NT=ms-proteomics;VV=v1.1.0	NT=human;VV=v1.1.0	manual curation	recurrent	GCH_003
GCH_004	Homo sapiens	not available	glioblastoma	1	20200923_GBM_tumour_tissue__TMT10plex_HiRIEF_3-10_fr71_TMT127C	proteomic profiling by mass spectrometry	NT=Data-dependent acquisition;AC=PRIDE:0000627	NT=Q Exactive HF;AC=MS:1002523	TMT127C	NT=Lys-C;AC=MS:1001309	NT=Trypsin;AC=MS:1001251	71	1	20200923_GBM_tumour_tissue__TMT10plex_HiRIEF_3-10_fr71.raw	v1.1.0	NT=ms-proteomics;VV=v1.1.0	NT=human;VV=v1.1.0	manual curation	primary - necrotic	GCH_004
GCH_007	Homo sapiens	not available	glioblastoma	1	20200923_GBM_tumour_tissue__TMT10plex_HiRIEF_3-10_fr71_TMT128N	proteomic profiling by mass spectrometry	NT=Data-dependent acquisition;AC=PRIDE:0000627	NT=Q Exactive HF;AC=MS:1002523	TMT128N	NT=Lys-C;AC=MS:1001309	NT=Trypsin;AC=MS:1001251	71	1	20200923_GBM_tumour_tissue__TMT10plex_HiRIEF_3-10_fr71.raw	v1.1.0	NT=ms-proteomics;VV=v1.1.0	NT=human;VV=v1.1.0	manual curation	primary	GCH_007
GCH_009	Homo sapiens	not available	glioblastoma	1	20200923_GBM_tumour_tissue__TMT10plex_HiRIEF_3-10_fr71_TMT128C	proteomic profiling by mass spectrometry	NT=Data-dependent acquisition;AC=PRIDE:0000627	NT=Q Exactive HF;AC=MS:1002523	TMT128C	NT=Lys-C;AC=MS:1001309	NT=Trypsin;AC=MS:1001251	71	1	20200923_GBM_tumour_tissue__TMT10plex_HiRIEF_3-10_fr71.raw	v1.1.0	NT=ms-proteomics;VV=v1.1.0	NT=human;VV=v1.1.0	manual curation	recurrent	GCH_009
GCH_010	Homo sapiens	not available	glioblastoma	1	20200923_GBM_tumour_tissue__TMT10plex_HiRIEF_3-10_fr71_TMT129N	proteomic profiling by mass spectrometry	NT=Data-dependent acquisition;AC=PRIDE:0000627	NT=Q Exactive HF;AC=MS:1002523	TMT129N	NT=Lys-C;AC=MS:1001309	NT=Trypsin;AC=MS:1001251	71	1	20200923_GBM_tumour_tissue__TMT10plex_HiRIEF_3-10_fr71.raw	v1.1.0	NT=ms-proteomics;VV=v1.1.0	NT=human;VV=v1.1.0	manual curation	recurrent	GCH_010
GCH_012	Homo sapiens	not available	glioblastoma	1	20200923_GBM_tumour_tissue__TMT10plex_HiRIEF_3-10_fr71_TMT129C	proteomic profiling by mass spectrometry	NT=Data-dependent acquisition;AC=PRIDE:0000627	NT=Q Exactive HF;AC=MS:1002523	TMT129C	NT=Lys-C;AC=MS:1001309	NT=Trypsin;AC=MS:1001251	71	1	20200923_GBM_tumour_tissue__TMT10plex_HiRIEF_3-10_fr71.raw	v1.1.0	NT=ms-proteomics;VV=v1.1.0	NT=human;VV=v1.1.0	manual curation	primary	GCH_012
GCH_014	Homo sapiens	not available	glioblastoma	1	20200923_GBM_tumour_tissue__TMT10plex_HiRIEF_3-10_fr71_TMT130N	proteomic profiling by mass spectrometry	NT=Data-dependent acquisition;AC=PRIDE:0000627	NT=Q Exactive HF;AC=MS:1002523	TMT130N	NT=Lys-C;AC=MS:1001309	NT=Trypsin;AC=MS:1001251	71	1	20200923_GBM_tumour_tissue__TMT10plex_HiRIEF_3-10_fr71.raw	v1.1.0	NT=ms-proteomics;VV=v1.1.0	NT=human;VV=v1.1.0	manual curation	primary	GCH_014
GCH_015	Homo sapiens	not available	glioblastoma	1	20200923_GBM_tumour_tissue__TMT10plex_HiRIEF_3-10_fr71_TMT130C	proteomic profiling by mass spectrometry	NT=Data-dependent acquisition;AC=PRIDE:0000627	NT=Q Exactive HF;AC=MS:1002523	TMT130C	NT=Lys-C;AC=MS:1001309	NT=Trypsin;AC=MS:1001251	71	1	20200923_GBM_tumour_tissue__TMT10plex_HiRIEF_3-10_fr71.raw	v1.1.0	NT=ms-proteomics;VV=v1.1.0	NT=human;VV=v1.1.0	manual curation	primary	GCH_015
GCH_016	Homo sapiens	not available	glioblastoma	1	20200923_GBM_tumour_tissue__TMT10plex_HiRIEF_3-10_fr71_TMT131	proteomic profiling by mass spectrometry	NT=Data-dependent acquisition;AC=PRIDE:0000627	NT=Q Exactive HF;AC=MS:1002523	TMT131	NT=Lys-C;AC=MS:1001309	NT=Trypsin;AC=MS:1001251	71	1	20200923_GBM_tumour_tissue__TMT10plex_HiRIEF_3-10_fr71.raw	v1.1.0	NT=ms-proteomics;VV=v1.1.0	NT=human;VV=v1.1.0	manual curation	primary	GCH_016
GCH_002	Homo sapiens	not available	glioblastoma	1	20200923_GBM_tumour_tissue__TMT10plex_HiRIEF_3-10_fr29_TMT126	proteomic profiling by mass spectrometry	NT=Data-dependent acquisition;AC=PRIDE:0000627	NT=Q Exactive HF;AC=MS:1002523	TMT126	NT=Lys-C;AC=MS:1001309	NT=Trypsin;AC=MS:1001251	29	1	20200923_GBM_tumour_tissue__TMT10plex_HiRIEF_3-10_fr29.raw	v1.1.0	NT=ms-proteomics;VV=v1.1.0	NT=human;VV=v1.1.0	manual curation	primary	GCH_002
GCH_003	Homo sapiens	not available	glioblastoma	1	20200923_GBM_tumour_tissue__TMT10plex_HiRIEF_3-10_fr29_TMT127N	proteomic profiling by mass spectrometry	NT=Data-dependent acquisition;AC=PRIDE:0000627	NT=Q Exactive HF;AC=MS:1002523	TMT127N	NT=Lys-C;AC=MS:1001309	NT=Trypsin;AC=MS:1001251	29	1	20200923_GBM_tumour_tissue__TMT10plex_HiRIEF_3-10_fr29.raw	v1.1.0	NT=ms-proteomics;VV=v1.1.0	NT=human;VV=v1.1.0	manual curation	recurrent	GCH_003
GCH_004	Homo sapiens	not available	glioblastoma	1	20200923_GBM_tumour_tissue__TMT10plex_HiRIEF_3-10_fr29_TMT127C	proteomic profiling by mass spectrometry	NT=Data-dependent acquisition;AC=PRIDE:0000627	NT=Q Exactive HF;AC=MS:1002523	TMT127C	NT=Lys-C;AC=MS:1001309	NT=Trypsin;AC=MS:1001251	29	1	20200923_GBM_tumour_tissue__TMT10plex_HiRIEF_3-10_fr29.raw	v1.1.0	NT=ms-proteomics;VV=v1.1.0	NT=human;VV=v1.1.0	manual curation	primary - necrotic	GCH_004
GCH_007	Homo sapiens	not available	glioblastoma	1	20200923_GBM_tumour_tissue__TMT10plex_HiRIEF_3-10_fr29_TMT128N	proteomic profiling by mass spectrometry	NT=Data-dependent acquisition;AC=PRIDE:0000627	NT=Q Exactive HF;AC=MS:1002523	TMT128N	NT=Lys-C;AC=MS:1001309	NT=Trypsin;AC=MS:1001251	29	1	20200923_GBM_tumour_tissue__TMT10plex_HiRIEF_3-10_fr29.raw	v1.1.0	NT=ms-proteomics;VV=v1.1.0	NT=human;VV=v1.1.0	manual curation	primary	GCH_007
GCH_009	Homo sapiens	not available	glioblastoma	1	20200923_GBM_tumour_tissue__TMT10plex_HiRIEF_3-10_fr29_TMT128C	proteomic profiling by mass spectrometry	NT=Data-dependent acquisition;AC=PRIDE:0000627	NT=Q Exactive HF;AC=MS:1002523	TMT128C	NT=Lys-C;AC=MS:1001309	NT=Trypsin;AC=MS:1001251	29	1	20200923_GBM_tumour_tissue__TMT10plex_HiRIEF_3-10_fr29.raw	v1.1.0	NT=ms-proteomics;VV=v1.1.0	NT=human;VV=v1.1.0	manual curation	recurrent	GCH_009
GCH_010	Homo sapiens	not available	glioblastoma	1	20200923_GBM_tumour_tissue__TMT10plex_HiRIEF_3-10_fr29_TMT129N	proteomic profiling by mass spectrometry	NT=Data-dependent acquisition;AC=PRIDE:0000627	NT=Q Exactive HF;AC=MS:1002523	TMT129N	NT=Lys-C;AC=MS:1001309	NT=Trypsin;AC=MS:1001251	29	1	20200923_GBM_tumour_tissue__TMT10plex_HiRIEF_3-10_fr29.raw	v1.1.0	NT=ms-proteomics;VV=v1.1.0	NT=human;VV=v1.1.0	manual curation	recurrent	GCH_010
GCH_012	Homo sapiens	not available	glioblastoma	1	20200923_GBM_tumour_tissue__TMT10plex_HiRIEF_3-10_fr29_TMT129C	proteomic profiling by mass spectrometry	NT=Data-dependent acquisition;AC=PRIDE:0000627	NT=Q Exactive HF;AC=MS:1002523	TMT129C	NT=Lys-C;AC=MS:1001309	NT=Trypsin;AC=MS:1001251	29	1	20200923_GBM_tumour_tissue__TMT10plex_HiRIEF_3-10_fr29.raw	v1.1.0	NT=ms-proteomics;VV=v1.1.0	NT=human;VV=v1.1.0	manual curation	primary	GCH_012
GCH_014	Homo sapiens	not available	glioblastoma	1	20200923_GBM_tumour_tissue__TMT10plex_HiRIEF_3-10_fr29_TMT130N	proteomic profiling by mass spectrometry	NT=Data-dependent acquisition;AC=PRIDE:0000627	NT=Q Exactive HF;AC=MS:1002523	TMT130N	NT=Lys-C;AC=MS:1001309	NT=Trypsin;AC=MS:1001251	29	1	20200923_GBM_tumour_tissue__TMT10plex_HiRIEF_3-10_fr29.raw	v1.1.0	NT=ms-proteomics;VV=v1.1.0	NT=human;VV=v1.1.0	manual curation	primary	GCH_014
GCH_015	Homo sapiens	not available	glioblastoma	1	20200923_GBM_tumour_tissue__TMT10plex_HiRIEF_3-10_fr29_TMT130C	proteomic profiling by mass spectrometry	NT=Data-dependent acquisition;AC=PRIDE:0000627	NT=Q Exactive HF;AC=MS:1002523	TMT130C	NT=Lys-C;AC=MS:1001309	NT=Trypsin;AC=MS:1001251	29	1	20200923_GBM_tumour_tissue__TMT10plex_HiRIEF_3-10_fr29.raw	v1.1.0	NT=ms-proteomics;VV=v1.1.0	NT=human;VV=v1.1.0	manual curation	primary	GCH_015
GCH_016	Homo sapiens	not available	glioblastoma	1	20200923_GBM_tumour_tissue__TMT10plex_HiRIEF_3-10_fr29_TMT131	proteomic profiling by mass spectrometry	NT=Data-dependent acquisition;AC=PRIDE:0000627	NT=Q Exactive HF;AC=MS:1002523	TMT131	NT=Lys-C;AC=MS:1001309	NT=Trypsin;AC=MS:1001251	29	1	20200923_GBM_tumour_tissue__TMT10plex_HiRIEF_3-10_fr29.raw	v1.1.0	NT=ms-proteomics;VV=v1.1.0	NT=human;VV=v1.1.0	manual curation	primary	GCH_016
GCH_002	Homo sapiens	not available	glioblastoma	1	20200923_GBM_tumour_tissue__TMT10plex_HiRIEF_3-10_fr36_TMT126	proteomic profiling by mass spectrometry	NT=Data-dependent acquisition;AC=PRIDE:0000627	NT=Q Exactive HF;AC=MS:1002523	TMT126	NT=Lys-C;AC=MS:1001309	NT=Trypsin;AC=MS:1001251	36	1	20200923_GBM_tumour_tissue__TMT10plex_HiRIEF_3-10_fr36.raw	v1.1.0	NT=ms-proteomics;VV=v1.1.0	NT=human;VV=v1.1.0	manual curation	primary	GCH_002
GCH_003	Homo sapiens	not available	glioblastoma	1	20200923_GBM_tumour_tissue__TMT10plex_HiRIEF_3-10_fr36_TMT127N	proteomic profiling by mass spectrometry	NT=Data-dependent acquisition;AC=PRIDE:0000627	NT=Q Exactive HF;AC=MS:1002523	TMT127N	NT=Lys-C;AC=MS:1001309	NT=Trypsin;AC=MS:1001251	36	1	20200923_GBM_tumour_tissue__TMT10plex_HiRIEF_3-10_fr36.raw	v1.1.0	NT=ms-proteomics;VV=v1.1.0	NT=human;VV=v1.1.0	manual curation	recurrent	GCH_003
GCH_004	Homo sapiens	not available	glioblastoma	1	20200923_GBM_tumour_tissue__TMT10plex_HiRIEF_3-10_fr36_TMT127C	proteomic profiling by mass spectrometry	NT=Data-dependent acquisition;AC=PRIDE:0000627	NT=Q Exactive HF;AC=MS:1002523	TMT127C	NT=Lys-C;AC=MS:1001309	NT=Trypsin;AC=MS:1001251	36	1	20200923_GBM_tumour_tissue__TMT10plex_HiRIEF_3-10_fr36.raw	v1.1.0	NT=ms-proteomics;VV=v1.1.0	NT=human;VV=v1.1.0	manual curation	primary - necrotic	GCH_004
GCH_007	Homo sapiens	not available	glioblastoma	1	20200923_GBM_tumour_tissue__TMT10plex_HiRIEF_3-10_fr36_TMT128N	proteomic profiling by mass spectrometry	NT=Data-dependent acquisition;AC=PRIDE:0000627	NT=Q Exactive HF;AC=MS:1002523	TMT128N	NT=Lys-C;AC=MS:1001309	NT=Trypsin;AC=MS:1001251	36	1	20200923_GBM_tumour_tissue__TMT10plex_HiRIEF_3-10_fr36.raw	v1.1.0	NT=ms-proteomics;VV=v1.1.0	NT=human;VV=v1.1.0	manual curation	primary	GCH_007
GCH_009	Homo sapiens	not available	glioblastoma	1	20200923_GBM_tumour_tissue__TMT10plex_HiRIEF_3-10_fr36_TMT128C	proteomic profiling by mass spectrometry	NT=Data-dependent acquisition;AC=PRIDE:0000627	NT=Q Exactive HF;AC=MS:1002523	TMT128C	NT=Lys-C;AC=MS:1001309	NT=Trypsin;AC=MS:1001251	36	1	20200923_GBM_tumour_tissue__TMT10plex_HiRIEF_3-10_fr36.raw	v1.1.0	NT=ms-proteomics;VV=v1.1.0	NT=human;VV=v1.1.0	manual curation	recurrent	GCH_009
GCH_010	Homo sapiens	not available	glioblastoma	1	20200923_GBM_tumour_tissue__TMT10plex_HiRIEF_3-10_fr36_TMT129N	proteomic profiling by mass spectrometry	NT=Data-dependent acquisition;AC=PRIDE:0000627	NT=Q Exactive HF;AC=MS:1002523	TMT129N	NT=Lys-C;AC=MS:1001309	NT=Trypsin;AC=MS:1001251	36	1	20200923_GBM_tumour_tissue__TMT10plex_HiRIEF_3-10_fr36.raw	v1.1.0	NT=ms-proteomics;VV=v1.1.0	NT=human;VV=v1.1.0	manual curation	recurrent	GCH_010
GCH_012	Homo sapiens	not available	glioblastoma	1	20200923_GBM_tumour_tissue__TMT10plex_HiRIEF_3-10_fr36_TMT129C	proteomic profiling by mass spectrometry	NT=Data-dependent acquisition;AC=PRIDE:0000627	NT=Q Exactive HF;AC=MS:1002523	TMT129C	NT=Lys-C;AC=MS:1001309	NT=Trypsin;AC=MS:1001251	36	1	20200923_GBM_tumour_tissue__TMT10plex_HiRIEF_3-10_fr36.raw	v1.1.0	NT=ms-proteomics;VV=v1.1.0	NT=human;VV=v1.1.0	manual curation	primary	GCH_012
GCH_014	Homo sapiens	not available	glioblastoma	1	20200923_GBM_tumour_tissue__TMT10plex_HiRIEF_3-10_fr36_TMT130N	proteomic profiling by mass spectrometry	NT=Data-dependent acquisition;AC=PRIDE:0000627	NT=Q Exactive HF;AC=MS:1002523	TMT130N	NT=Lys-C;AC=MS:1001309	NT=Trypsin;AC=MS:1001251	36	1	20200923_GBM_tumour_tissue__TMT10plex_HiRIEF_3-10_fr36.raw	v1.1.0	NT=ms-proteomics;VV=v1.1.0	NT=human;VV=v1.1.0	manual curation	primary	GCH_014
GCH_015	Homo sapiens	not available	glioblastoma	1	20200923_GBM_tumour_tissue__TMT10plex_HiRIEF_3-10_fr36_TMT130C	proteomic profiling by mass spectrometry	NT=Data-dependent acquisition;AC=PRIDE:0000627	NT=Q Exactive HF;AC=MS:1002523	TMT130C	NT=Lys-C;AC=MS:1001309	NT=Trypsin;AC=MS:1001251	36	1	20200923_GBM_tumour_tissue__TMT10plex_HiRIEF_3-10_fr36.raw	v1.1.0	NT=ms-proteomics;VV=v1.1.0	NT=human;VV=v1.1.0	manual curation	primary	GCH_015
GCH_016	Homo sapiens	not available	glioblastoma	1	20200923_GBM_tumour_tissue__TMT10plex_HiRIEF_3-10_fr36_TMT131	proteomic profiling by mass spectrometry	NT=Data-dependent acquisition;AC=PRIDE:0000627	NT=Q Exactive HF;AC=MS:1002523	TMT131	NT=Lys-C;AC=MS:1001309	NT=Trypsin;AC=MS:1001251	36	1	20200923_GBM_tumour_tissue__TMT10plex_HiRIEF_3-10_fr36.raw	v1.1.0	NT=ms-proteomics;VV=v1.1.0	NT=human;VV=v1.1.0	manual curation	primary	GCH_016
GCH_002	Homo sapiens	not available	glioblastoma	1	20200923_GBM_tumour_tissue__TMT10plex_HiRIEF_3-10_fr02_TMT126	proteomic profiling by mass spectrometry	NT=Data-dependent acquisition;AC=PRIDE:0000627	NT=Q Exactive HF;AC=MS:1002523	TMT126	NT=Lys-C;AC=MS:1001309	NT=Trypsin;AC=MS:1001251	2	1	20200923_GBM_tumour_tissue__TMT10plex_HiRIEF_3-10_fr02.raw	v1.1.0	NT=ms-proteomics;VV=v1.1.0	NT=human;VV=v1.1.0	manual curation	primary	GCH_002
GCH_003	Homo sapiens	not available	glioblastoma	1	20200923_GBM_tumour_tissue__TMT10plex_HiRIEF_3-10_fr02_TMT127N	proteomic profiling by mass spectrometry	NT=Data-dependent acquisition;AC=PRIDE:0000627	NT=Q Exactive HF;AC=MS:1002523	TMT127N	NT=Lys-C;AC=MS:1001309	NT=Trypsin;AC=MS:1001251	2	1	20200923_GBM_tumour_tissue__TMT10plex_HiRIEF_3-10_fr02.raw	v1.1.0	NT=ms-proteomics;VV=v1.1.0	NT=human;VV=v1.1.0	manual curation	recurrent	GCH_003
GCH_004	Homo sapiens	not available	glioblastoma	1	20200923_GBM_tumour_tissue__TMT10plex_HiRIEF_3-10_fr02_TMT127C	proteomic profiling by mass spectrometry	NT=Data-dependent acquisition;AC=PRIDE:0000627	NT=Q Exactive HF;AC=MS:1002523	TMT127C	NT=Lys-C;AC=MS:1001309	NT=Trypsin;AC=MS:1001251	2	1	20200923_GBM_tumour_tissue__TMT10plex_HiRIEF_3-10_fr02.raw	v1.1.0	NT=ms-proteomics;VV=v1.1.0	NT=human;VV=v1.1.0	manual curation	primary - necrotic	GCH_004
GCH_007	Homo sapiens	not available	glioblastoma	1	20200923_GBM_tumour_tissue__TMT10plex_HiRIEF_3-10_fr02_TMT128N	proteomic profiling by mass spectrometry	NT=Data-dependent acquisition;AC=PRIDE:0000627	NT=Q Exactive HF;AC=MS:1002523	TMT128N	NT=Lys-C;AC=MS:1001309	NT=Trypsin;AC=MS:1001251	2	1	20200923_GBM_tumour_tissue__TMT10plex_HiRIEF_3-10_fr02.raw	v1.1.0	NT=ms-proteomics;VV=v1.1.0	NT=human;VV=v1.1.0	manual curation	primary	GCH_007
GCH_009	Homo sapiens	not available	glioblastoma	1	20200923_GBM_tumour_tissue__TMT10plex_HiRIEF_3-10_fr02_TMT128C	proteomic profiling by mass spectrometry	NT=Data-dependent acquisition;AC=PRIDE:0000627	NT=Q Exactive HF;AC=MS:1002523	TMT128C	NT=Lys-C;AC=MS:1001309	NT=Trypsin;AC=MS:1001251	2	1	20200923_GBM_tumour_tissue__TMT10plex_HiRIEF_3-10_fr02.raw	v1.1.0	NT=ms-proteomics;VV=v1.1.0	NT=human;VV=v1.1.0	manual curation	recurrent	GCH_009
GCH_010	Homo sapiens	not available	glioblastoma	1	20200923_GBM_tumour_tissue__TMT10plex_HiRIEF_3-10_fr02_TMT129N	proteomic profiling by mass spectrometry	NT=Data-dependent acquisition;AC=PRIDE:0000627	NT=Q Exactive HF;AC=MS:1002523	TMT129N	NT=Lys-C;AC=MS:1001309	NT=Trypsin;AC=MS:1001251	2	1	20200923_GBM_tumour_tissue__TMT10plex_HiRIEF_3-10_fr02.raw	v1.1.0	NT=ms-proteomics;VV=v1.1.0	NT=human;VV=v1.1.0	manual curation	recurrent	GCH_010
GCH_012	Homo sapiens	not available	glioblastoma	1	20200923_GBM_tumour_tissue__TMT10plex_HiRIEF_3-10_fr02_TMT129C	proteomic profiling by mass spectrometry	NT=Data-dependent acquisition;AC=PRIDE:0000627	NT=Q Exactive HF;AC=MS:1002523	TMT129C	NT=Lys-C;AC=MS:1001309	NT=Trypsin;AC=MS:1001251	2	1	20200923_GBM_tumour_tissue__TMT10plex_HiRIEF_3-10_fr02.raw	v1.1.0	NT=ms-proteomics;VV=v1.1.0	NT=human;VV=v1.1.0	manual curation	primary	GCH_012
GCH_014	Homo sapiens	not available	glioblastoma	1	20200923_GBM_tumour_tissue__TMT10plex_HiRIEF_3-10_fr02_TMT130N	proteomic profiling by mass spectrometry	NT=Data-dependent acquisition;AC=PRIDE:0000627	NT=Q Exactive HF;AC=MS:1002523	TMT130N	NT=Lys-C;AC=MS:1001309	NT=Trypsin;AC=MS:1001251	2	1	20200923_GBM_tumour_tissue__TMT10plex_HiRIEF_3-10_fr02.raw	v1.1.0	NT=ms-proteomics;VV=v1.1.0	NT=human;VV=v1.1.0	manual curation	primary	GCH_014
GCH_015	Homo sapiens	not available	glioblastoma	1	20200923_GBM_tumour_tissue__TMT10plex_HiRIEF_3-10_fr02_TMT130C	proteomic profiling by mass spectrometry	NT=Data-dependent acquisition;AC=PRIDE:0000627	NT=Q Exactive HF;AC=MS:1002523	TMT130C	NT=Lys-C;AC=MS:1001309	NT=Trypsin;AC=MS:1001251	2	1	20200923_GBM_tumour_tissue__TMT10plex_HiRIEF_3-10_fr02.raw	v1.1.0	NT=ms-proteomics;VV=v1.1.0	NT=human;VV=v1.1.0	manual curation	primary	GCH_015
GCH_016	Homo sapiens	not available	glioblastoma	1	20200923_GBM_tumour_tissue__TMT10plex_HiRIEF_3-10_fr02_TMT131	proteomic profiling by mass spectrometry	NT=Data-dependent acquisition;AC=PRIDE:0000627	NT=Q Exactive HF;AC=MS:1002523	TMT131	NT=Lys-C;AC=MS:1001309	NT=Trypsin;AC=MS:1001251	2	1	20200923_GBM_tumour_tissue__TMT10plex_HiRIEF_3-10_fr02.raw	v1.1.0	NT=ms-proteomics;VV=v1.1.0	NT=human;VV=v1.1.0	manual curation	primary	GCH_016
GCH_002	Homo sapiens	not available	glioblastoma	1	20200923_GBM_tumour_tissue__TMT10plex_HiRIEF_3-10_fr28_TMT126	proteomic profiling by mass spectrometry	NT=Data-dependent acquisition;AC=PRIDE:0000627	NT=Q Exactive HF;AC=MS:1002523	TMT126	NT=Lys-C;AC=MS:1001309	NT=Trypsin;AC=MS:1001251	28	1	20200923_GBM_tumour_tissue__TMT10plex_HiRIEF_3-10_fr28.raw	v1.1.0	NT=ms-proteomics;VV=v1.1.0	NT=human;VV=v1.1.0	manual curation	primary	GCH_002
GCH_003	Homo sapiens	not available	glioblastoma	1	20200923_GBM_tumour_tissue__TMT10plex_HiRIEF_3-10_fr28_TMT127N	proteomic profiling by mass spectrometry	NT=Data-dependent acquisition;AC=PRIDE:0000627	NT=Q Exactive HF;AC=MS:1002523	TMT127N	NT=Lys-C;AC=MS:1001309	NT=Trypsin;AC=MS:1001251	28	1	20200923_GBM_tumour_tissue__TMT10plex_HiRIEF_3-10_fr28.raw	v1.1.0	NT=ms-proteomics;VV=v1.1.0	NT=human;VV=v1.1.0	manual curation	recurrent	GCH_003
GCH_004	Homo sapiens	not available	glioblastoma	1	20200923_GBM_tumour_tissue__TMT10plex_HiRIEF_3-10_fr28_TMT127C	proteomic profiling by mass spectrometry	NT=Data-dependent acquisition;AC=PRIDE:0000627	NT=Q Exactive HF;AC=MS:1002523	TMT127C	NT=Lys-C;AC=MS:1001309	NT=Trypsin;AC=MS:1001251	28	1	20200923_GBM_tumour_tissue__TMT10plex_HiRIEF_3-10_fr28.raw	v1.1.0	NT=ms-proteomics;VV=v1.1.0	NT=human;VV=v1.1.0	manual curation	primary - necrotic	GCH_004
GCH_007	Homo sapiens	not available	glioblastoma	1	20200923_GBM_tumour_tissue__TMT10plex_HiRIEF_3-10_fr28_TMT128N	proteomic profiling by mass spectrometry	NT=Data-dependent acquisition;AC=PRIDE:0000627	NT=Q Exactive HF;AC=MS:1002523	TMT128N	NT=Lys-C;AC=MS:1001309	NT=Trypsin;AC=MS:1001251	28	1	20200923_GBM_tumour_tissue__TMT10plex_HiRIEF_3-10_fr28.raw	v1.1.0	NT=ms-proteomics;VV=v1.1.0	NT=human;VV=v1.1.0	manual curation	primary	GCH_007
GCH_009	Homo sapiens	not available	glioblastoma	1	20200923_GBM_tumour_tissue__TMT10plex_HiRIEF_3-10_fr28_TMT128C	proteomic profiling by mass spectrometry	NT=Data-dependent acquisition;AC=PRIDE:0000627	NT=Q Exactive HF;AC=MS:1002523	TMT128C	NT=Lys-C;AC=MS:1001309	NT=Trypsin;AC=MS:1001251	28	1	20200923_GBM_tumour_tissue__TMT10plex_HiRIEF_3-10_fr28.raw	v1.1.0	NT=ms-proteomics;VV=v1.1.0	NT=human;VV=v1.1.0	manual curation	recurrent	GCH_009
GCH_010	Homo sapiens	not available	glioblastoma	1	20200923_GBM_tumour_tissue__TMT10plex_HiRIEF_3-10_fr28_TMT129N	proteomic profiling by mass spectrometry	NT=Data-dependent acquisition;AC=PRIDE:0000627	NT=Q Exactive HF;AC=MS:1002523	TMT129N	NT=Lys-C;AC=MS:1001309	NT=Trypsin;AC=MS:1001251	28	1	20200923_GBM_tumour_tissue__TMT10plex_HiRIEF_3-10_fr28.raw	v1.1.0	NT=ms-proteomics;VV=v1.1.0	NT=human;VV=v1.1.0	manual curation	recurrent	GCH_010
GCH_012	Homo sapiens	not available	glioblastoma	1	20200923_GBM_tumour_tissue__TMT10plex_HiRIEF_3-10_fr28_TMT129C	proteomic profiling by mass spectrometry	NT=Data-dependent acquisition;AC=PRIDE:0000627	NT=Q Exactive HF;AC=MS:1002523	TMT129C	NT=Lys-C;AC=MS:1001309	NT=Trypsin;AC=MS:1001251	28	1	20200923_GBM_tumour_tissue__TMT10plex_HiRIEF_3-10_fr28.raw	v1.1.0	NT=ms-proteomics;VV=v1.1.0	NT=human;VV=v1.1.0	manual curation	primary	GCH_012
GCH_014	Homo sapiens	not available	glioblastoma	1	20200923_GBM_tumour_tissue__TMT10plex_HiRIEF_3-10_fr28_TMT130N	proteomic profiling by mass spectrometry	NT=Data-dependent acquisition;AC=PRIDE:0000627	NT=Q Exactive HF;AC=MS:1002523	TMT130N	NT=Lys-C;AC=MS:1001309	NT=Trypsin;AC=MS:1001251	28	1	20200923_GBM_tumour_tissue__TMT10plex_HiRIEF_3-10_fr28.raw	v1.1.0	NT=ms-proteomics;VV=v1.1.0	NT=human;VV=v1.1.0	manual curation	primary	GCH_014
GCH_015	Homo sapiens	not available	glioblastoma	1	20200923_GBM_tumour_tissue__TMT10plex_HiRIEF_3-10_fr28_TMT130C	proteomic profiling by mass spectrometry	NT=Data-dependent acquisition;AC=PRIDE:0000627	NT=Q Exactive HF;AC=MS:1002523	TMT130C	NT=Lys-C;AC=MS:1001309	NT=Trypsin;AC=MS:1001251	28	1	20200923_GBM_tumour_tissue__TMT10plex_HiRIEF_3-10_fr28.raw	v1.1.0	NT=ms-proteomics;VV=v1.1.0	NT=human;VV=v1.1.0	manual curation	primary	GCH_015
GCH_016	Homo sapiens	not available	glioblastoma	1	20200923_GBM_tumour_tissue__TMT10plex_HiRIEF_3-10_fr28_TMT131	proteomic profiling by mass spectrometry	NT=Data-dependent acquisition;AC=PRIDE:0000627	NT=Q Exactive HF;AC=MS:1002523	TMT131	NT=Lys-C;AC=MS:1001309	NT=Trypsin;AC=MS:1001251	28	1	20200923_GBM_tumour_tissue__TMT10plex_HiRIEF_3-10_fr28.raw	v1.1.0	NT=ms-proteomics;VV=v1.1.0	NT=human;VV=v1.1.0	manual curation	primary	GCH_016
GCH_002	Homo sapiens	not available	glioblastoma	1	20200923_GBM_tumour_tissue__TMT10plex_HiRIEF_3-10_fr41_TMT126	proteomic profiling by mass spectrometry	NT=Data-dependent acquisition;AC=PRIDE:0000627	NT=Q Exactive HF;AC=MS:1002523	TMT126	NT=Lys-C;AC=MS:1001309	NT=Trypsin;AC=MS:1001251	41	1	20200923_GBM_tumour_tissue__TMT10plex_HiRIEF_3-10_fr41.raw	v1.1.0	NT=ms-proteomics;VV=v1.1.0	NT=human;VV=v1.1.0	manual curation	primary	GCH_002
GCH_003	Homo sapiens	not available	glioblastoma	1	20200923_GBM_tumour_tissue__TMT10plex_HiRIEF_3-10_fr41_TMT127N	proteomic profiling by mass spectrometry	NT=Data-dependent acquisition;AC=PRIDE:0000627	NT=Q Exactive HF;AC=MS:1002523	TMT127N	NT=Lys-C;AC=MS:1001309	NT=Trypsin;AC=MS:1001251	41	1	20200923_GBM_tumour_tissue__TMT10plex_HiRIEF_3-10_fr41.raw	v1.1.0	NT=ms-proteomics;VV=v1.1.0	NT=human;VV=v1.1.0	manual curation	recurrent	GCH_003
GCH_004	Homo sapiens	not available	glioblastoma	1	20200923_GBM_tumour_tissue__TMT10plex_HiRIEF_3-10_fr41_TMT127C	proteomic profiling by mass spectrometry	NT=Data-dependent acquisition;AC=PRIDE:0000627	NT=Q Exactive HF;AC=MS:1002523	TMT127C	NT=Lys-C;AC=MS:1001309	NT=Trypsin;AC=MS:1001251	41	1	20200923_GBM_tumour_tissue__TMT10plex_HiRIEF_3-10_fr41.raw	v1.1.0	NT=ms-proteomics;VV=v1.1.0	NT=human;VV=v1.1.0	manual curation	primary - necrotic	GCH_004
GCH_007	Homo sapiens	not available	glioblastoma	1	20200923_GBM_tumour_tissue__TMT10plex_HiRIEF_3-10_fr41_TMT128N	proteomic profiling by mass spectrometry	NT=Data-dependent acquisition;AC=PRIDE:0000627	NT=Q Exactive HF;AC=MS:1002523	TMT128N	NT=Lys-C;AC=MS:1001309	NT=Trypsin;AC=MS:1001251	41	1	20200923_GBM_tumour_tissue__TMT10plex_HiRIEF_3-10_fr41.raw	v1.1.0	NT=ms-proteomics;VV=v1.1.0	NT=human;VV=v1.1.0	manual curation	primary	GCH_007
GCH_009	Homo sapiens	not available	glioblastoma	1	20200923_GBM_tumour_tissue__TMT10plex_HiRIEF_3-10_fr41_TMT128C	proteomic profiling by mass spectrometry	NT=Data-dependent acquisition;AC=PRIDE:0000627	NT=Q Exactive HF;AC=MS:1002523	TMT128C	NT=Lys-C;AC=MS:1001309	NT=Trypsin;AC=MS:1001251	41	1	20200923_GBM_tumour_tissue__TMT10plex_HiRIEF_3-10_fr41.raw	v1.1.0	NT=ms-proteomics;VV=v1.1.0	NT=human;VV=v1.1.0	manual curation	recurrent	GCH_009
GCH_010	Homo sapiens	not available	glioblastoma	1	20200923_GBM_tumour_tissue__TMT10plex_HiRIEF_3-10_fr41_TMT129N	proteomic profiling by mass spectrometry	NT=Data-dependent acquisition;AC=PRIDE:0000627	NT=Q Exactive HF;AC=MS:1002523	TMT129N	NT=Lys-C;AC=MS:1001309	NT=Trypsin;AC=MS:1001251	41	1	20200923_GBM_tumour_tissue__TMT10plex_HiRIEF_3-10_fr41.raw	v1.1.0	NT=ms-proteomics;VV=v1.1.0	NT=human;VV=v1.1.0	manual curation	recurrent	GCH_010
GCH_012	Homo sapiens	not available	glioblastoma	1	20200923_GBM_tumour_tissue__TMT10plex_HiRIEF_3-10_fr41_TMT129C	proteomic profiling by mass spectrometry	NT=Data-dependent acquisition;AC=PRIDE:0000627	NT=Q Exactive HF;AC=MS:1002523	TMT129C	NT=Lys-C;AC=MS:1001309	NT=Trypsin;AC=MS:1001251	41	1	20200923_GBM_tumour_tissue__TMT10plex_HiRIEF_3-10_fr41.raw	v1.1.0	NT=ms-proteomics;VV=v1.1.0	NT=human;VV=v1.1.0	manual curation	primary	GCH_012
GCH_014	Homo sapiens	not available	glioblastoma	1	20200923_GBM_tumour_tissue__TMT10plex_HiRIEF_3-10_fr41_TMT130N	proteomic profiling by mass spectrometry	NT=Data-dependent acquisition;AC=PRIDE:0000627	NT=Q Exactive HF;AC=MS:1002523	TMT130N	NT=Lys-C;AC=MS:1001309	NT=Trypsin;AC=MS:1001251	41	1	20200923_GBM_tumour_tissue__TMT10plex_HiRIEF_3-10_fr41.raw	v1.1.0	NT=ms-proteomics;VV=v1.1.0	NT=human;VV=v1.1.0	manual curation	primary	GCH_014
GCH_015	Homo sapiens	not available	glioblastoma	1	20200923_GBM_tumour_tissue__TMT10plex_HiRIEF_3-10_fr41_TMT130C	proteomic profiling by mass spectrometry	NT=Data-dependent acquisition;AC=PRIDE:0000627	NT=Q Exactive HF;AC=MS:1002523	TMT130C	NT=Lys-C;AC=MS:1001309	NT=Trypsin;AC=MS:1001251	41	1	20200923_GBM_tumour_tissue__TMT10plex_HiRIEF_3-10_fr41.raw	v1.1.0	NT=ms-proteomics;VV=v1.1.0	NT=human;VV=v1.1.0	manual curation	primary	GCH_015
GCH_016	Homo sapiens	not available	glioblastoma	1	20200923_GBM_tumour_tissue__TMT10plex_HiRIEF_3-10_fr41_TMT131	proteomic profiling by mass spectrometry	NT=Data-dependent acquisition;AC=PRIDE:0000627	NT=Q Exactive HF;AC=MS:1002523	TMT131	NT=Lys-C;AC=MS:1001309	NT=Trypsin;AC=MS:1001251	41	1	20200923_GBM_tumour_tissue__TMT10plex_HiRIEF_3-10_fr41.raw	v1.1.0	NT=ms-proteomics;VV=v1.1.0	NT=human;VV=v1.1.0	manual curation	primary	GCH_016
GCH_002	Homo sapiens	not available	glioblastoma	1	20200923_GBM_tumour_tissue__TMT10plex_HiRIEF_3-10_fr12_TMT126	proteomic profiling by mass spectrometry	NT=Data-dependent acquisition;AC=PRIDE:0000627	NT=Q Exactive HF;AC=MS:1002523	TMT126	NT=Lys-C;AC=MS:1001309	NT=Trypsin;AC=MS:1001251	12	1	20200923_GBM_tumour_tissue__TMT10plex_HiRIEF_3-10_fr12.raw	v1.1.0	NT=ms-proteomics;VV=v1.1.0	NT=human;VV=v1.1.0	manual curation	primary	GCH_002
GCH_003	Homo sapiens	not available	glioblastoma	1	20200923_GBM_tumour_tissue__TMT10plex_HiRIEF_3-10_fr12_TMT127N	proteomic profiling by mass spectrometry	NT=Data-dependent acquisition;AC=PRIDE:0000627	NT=Q Exactive HF;AC=MS:1002523	TMT127N	NT=Lys-C;AC=MS:1001309	NT=Trypsin;AC=MS:1001251	12	1	20200923_GBM_tumour_tissue__TMT10plex_HiRIEF_3-10_fr12.raw	v1.1.0	NT=ms-proteomics;VV=v1.1.0	NT=human;VV=v1.1.0	manual curation	recurrent	GCH_003
GCH_004	Homo sapiens	not available	glioblastoma	1	20200923_GBM_tumour_tissue__TMT10plex_HiRIEF_3-10_fr12_TMT127C	proteomic profiling by mass spectrometry	NT=Data-dependent acquisition;AC=PRIDE:0000627	NT=Q Exactive HF;AC=MS:1002523	TMT127C	NT=Lys-C;AC=MS:1001309	NT=Trypsin;AC=MS:1001251	12	1	20200923_GBM_tumour_tissue__TMT10plex_HiRIEF_3-10_fr12.raw	v1.1.0	NT=ms-proteomics;VV=v1.1.0	NT=human;VV=v1.1.0	manual curation	primary - necrotic	GCH_004
GCH_007	Homo sapiens	not available	glioblastoma	1	20200923_GBM_tumour_tissue__TMT10plex_HiRIEF_3-10_fr12_TMT128N	proteomic profiling by mass spectrometry	NT=Data-dependent acquisition;AC=PRIDE:0000627	NT=Q Exactive HF;AC=MS:1002523	TMT128N	NT=Lys-C;AC=MS:1001309	NT=Trypsin;AC=MS:1001251	12	1	20200923_GBM_tumour_tissue__TMT10plex_HiRIEF_3-10_fr12.raw	v1.1.0	NT=ms-proteomics;VV=v1.1.0	NT=human;VV=v1.1.0	manual curation	primary	GCH_007
GCH_009	Homo sapiens	not available	glioblastoma	1	20200923_GBM_tumour_tissue__TMT10plex_HiRIEF_3-10_fr12_TMT128C	proteomic profiling by mass spectrometry	NT=Data-dependent acquisition;AC=PRIDE:0000627	NT=Q Exactive HF;AC=MS:1002523	TMT128C	NT=Lys-C;AC=MS:1001309	NT=Trypsin;AC=MS:1001251	12	1	20200923_GBM_tumour_tissue__TMT10plex_HiRIEF_3-10_fr12.raw	v1.1.0	NT=ms-proteomics;VV=v1.1.0	NT=human;VV=v1.1.0	manual curation	recurrent	GCH_009
GCH_010	Homo sapiens	not available	glioblastoma	1	20200923_GBM_tumour_tissue__TMT10plex_HiRIEF_3-10_fr12_TMT129N	proteomic profiling by mass spectrometry	NT=Data-dependent acquisition;AC=PRIDE:0000627	NT=Q Exactive HF;AC=MS:1002523	TMT129N	NT=Lys-C;AC=MS:1001309	NT=Trypsin;AC=MS:1001251	12	1	20200923_GBM_tumour_tissue__TMT10plex_HiRIEF_3-10_fr12.raw	v1.1.0	NT=ms-proteomics;VV=v1.1.0	NT=human;VV=v1.1.0	manual curation	recurrent	GCH_010
GCH_012	Homo sapiens	not available	glioblastoma	1	20200923_GBM_tumour_tissue__TMT10plex_HiRIEF_3-10_fr12_TMT129C	proteomic profiling by mass spectrometry	NT=Data-dependent acquisition;AC=PRIDE:0000627	NT=Q Exactive HF;AC=MS:1002523	TMT129C	NT=Lys-C;AC=MS:1001309	NT=Trypsin;AC=MS:1001251	12	1	20200923_GBM_tumour_tissue__TMT10plex_HiRIEF_3-10_fr12.raw	v1.1.0	NT=ms-proteomics;VV=v1.1.0	NT=human;VV=v1.1.0	manual curation	primary	GCH_012
GCH_014	Homo sapiens	not available	glioblastoma	1	20200923_GBM_tumour_tissue__TMT10plex_HiRIEF_3-10_fr12_TMT130N	proteomic profiling by mass spectrometry	NT=Data-dependent acquisition;AC=PRIDE:0000627	NT=Q Exactive HF;AC=MS:1002523	TMT130N	NT=Lys-C;AC=MS:1001309	NT=Trypsin;AC=MS:1001251	12	1	20200923_GBM_tumour_tissue__TMT10plex_HiRIEF_3-10_fr12.raw	v1.1.0	NT=ms-proteomics;VV=v1.1.0	NT=human;VV=v1.1.0	manual curation	primary	GCH_014
GCH_015	Homo sapiens	not available	glioblastoma	1	20200923_GBM_tumour_tissue__TMT10plex_HiRIEF_3-10_fr12_TMT130C	proteomic profiling by mass spectrometry	NT=Data-dependent acquisition;AC=PRIDE:0000627	NT=Q Exactive HF;AC=MS:1002523	TMT130C	NT=Lys-C;AC=MS:1001309	NT=Trypsin;AC=MS:1001251	12	1	20200923_GBM_tumour_tissue__TMT10plex_HiRIEF_3-10_fr12.raw	v1.1.0	NT=ms-proteomics;VV=v1.1.0	NT=human;VV=v1.1.0	manual curation	primary	GCH_015
GCH_016	Homo sapiens	not available	glioblastoma	1	20200923_GBM_tumour_tissue__TMT10plex_HiRIEF_3-10_fr12_TMT131	proteomic profiling by mass spectrometry	NT=Data-dependent acquisition;AC=PRIDE:0000627	NT=Q Exactive HF;AC=MS:1002523	TMT131	NT=Lys-C;AC=MS:1001309	NT=Trypsin;AC=MS:1001251	12	1	20200923_GBM_tumour_tissue__TMT10plex_HiRIEF_3-10_fr12.raw	v1.1.0	NT=ms-proteomics;VV=v1.1.0	NT=human;VV=v1.1.0	manual curation	primary	GCH_016
GCH_002	Homo sapiens	not available	glioblastoma	1	20200923_GBM_tumour_tissue__TMT10plex_HiRIEF_3-10_fr38_TMT126	proteomic profiling by mass spectrometry	NT=Data-dependent acquisition;AC=PRIDE:0000627	NT=Q Exactive HF;AC=MS:1002523	TMT126	NT=Lys-C;AC=MS:1001309	NT=Trypsin;AC=MS:1001251	38	1	20200923_GBM_tumour_tissue__TMT10plex_HiRIEF_3-10_fr38.raw	v1.1.0	NT=ms-proteomics;VV=v1.1.0	NT=human;VV=v1.1.0	manual curation	primary	GCH_002
GCH_003	Homo sapiens	not available	glioblastoma	1	20200923_GBM_tumour_tissue__TMT10plex_HiRIEF_3-10_fr38_TMT127N	proteomic profiling by mass spectrometry	NT=Data-dependent acquisition;AC=PRIDE:0000627	NT=Q Exactive HF;AC=MS:1002523	TMT127N	NT=Lys-C;AC=MS:1001309	NT=Trypsin;AC=MS:1001251	38	1	20200923_GBM_tumour_tissue__TMT10plex_HiRIEF_3-10_fr38.raw	v1.1.0	NT=ms-proteomics;VV=v1.1.0	NT=human;VV=v1.1.0	manual curation	recurrent	GCH_003
GCH_004	Homo sapiens	not available	glioblastoma	1	20200923_GBM_tumour_tissue__TMT10plex_HiRIEF_3-10_fr38_TMT127C	proteomic profiling by mass spectrometry	NT=Data-dependent acquisition;AC=PRIDE:0000627	NT=Q Exactive HF;AC=MS:1002523	TMT127C	NT=Lys-C;AC=MS:1001309	NT=Trypsin;AC=MS:1001251	38	1	20200923_GBM_tumour_tissue__TMT10plex_HiRIEF_3-10_fr38.raw	v1.1.0	NT=ms-proteomics;VV=v1.1.0	NT=human;VV=v1.1.0	manual curation	primary - necrotic	GCH_004
GCH_007	Homo sapiens	not available	glioblastoma	1	20200923_GBM_tumour_tissue__TMT10plex_HiRIEF_3-10_fr38_TMT128N	proteomic profiling by mass spectrometry	NT=Data-dependent acquisition;AC=PRIDE:0000627	NT=Q Exactive HF;AC=MS:1002523	TMT128N	NT=Lys-C;AC=MS:1001309	NT=Trypsin;AC=MS:1001251	38	1	20200923_GBM_tumour_tissue__TMT10plex_HiRIEF_3-10_fr38.raw	v1.1.0	NT=ms-proteomics;VV=v1.1.0	NT=human;VV=v1.1.0	manual curation	primary	GCH_007
GCH_009	Homo sapiens	not available	glioblastoma	1	20200923_GBM_tumour_tissue__TMT10plex_HiRIEF_3-10_fr38_TMT128C	proteomic profiling by mass spectrometry	NT=Data-dependent acquisition;AC=PRIDE:0000627	NT=Q Exactive HF;AC=MS:1002523	TMT128C	NT=Lys-C;AC=MS:1001309	NT=Trypsin;AC=MS:1001251	38	1	20200923_GBM_tumour_tissue__TMT10plex_HiRIEF_3-10_fr38.raw	v1.1.0	NT=ms-proteomics;VV=v1.1.0	NT=human;VV=v1.1.0	manual curation	recurrent	GCH_009
GCH_010	Homo sapiens	not available	glioblastoma	1	20200923_GBM_tumour_tissue__TMT10plex_HiRIEF_3-10_fr38_TMT129N	proteomic profiling by mass spectrometry	NT=Data-dependent acquisition;AC=PRIDE:0000627	NT=Q Exactive HF;AC=MS:1002523	TMT129N	NT=Lys-C;AC=MS:1001309	NT=Trypsin;AC=MS:1001251	38	1	20200923_GBM_tumour_tissue__TMT10plex_HiRIEF_3-10_fr38.raw	v1.1.0	NT=ms-proteomics;VV=v1.1.0	NT=human;VV=v1.1.0	manual curation	recurrent	GCH_010
GCH_012	Homo sapiens	not available	glioblastoma	1	20200923_GBM_tumour_tissue__TMT10plex_HiRIEF_3-10_fr38_TMT129C	proteomic profiling by mass spectrometry	NT=Data-dependent acquisition;AC=PRIDE:0000627	NT=Q Exactive HF;AC=MS:1002523	TMT129C	NT=Lys-C;AC=MS:1001309	NT=Trypsin;AC=MS:1001251	38	1	20200923_GBM_tumour_tissue__TMT10plex_HiRIEF_3-10_fr38.raw	v1.1.0	NT=ms-proteomics;VV=v1.1.0	NT=human;VV=v1.1.0	manual curation	primary	GCH_012
GCH_014	Homo sapiens	not available	glioblastoma	1	20200923_GBM_tumour_tissue__TMT10plex_HiRIEF_3-10_fr38_TMT130N	proteomic profiling by mass spectrometry	NT=Data-dependent acquisition;AC=PRIDE:0000627	NT=Q Exactive HF;AC=MS:1002523	TMT130N	NT=Lys-C;AC=MS:1001309	NT=Trypsin;AC=MS:1001251	38	1	20200923_GBM_tumour_tissue__TMT10plex_HiRIEF_3-10_fr38.raw	v1.1.0	NT=ms-proteomics;VV=v1.1.0	NT=human;VV=v1.1.0	manual curation	primary	GCH_014
GCH_015	Homo sapiens	not available	glioblastoma	1	20200923_GBM_tumour_tissue__TMT10plex_HiRIEF_3-10_fr38_TMT130C	proteomic profiling by mass spectrometry	NT=Data-dependent acquisition;AC=PRIDE:0000627	NT=Q Exactive HF;AC=MS:1002523	TMT130C	NT=Lys-C;AC=MS:1001309	NT=Trypsin;AC=MS:1001251	38	1	20200923_GBM_tumour_tissue__TMT10plex_HiRIEF_3-10_fr38.raw	v1.1.0	NT=ms-proteomics;VV=v1.1.0	NT=human;VV=v1.1.0	manual curation	primary	GCH_015
GCH_016	Homo sapiens	not available	glioblastoma	1	20200923_GBM_tumour_tissue__TMT10plex_HiRIEF_3-10_fr38_TMT131	proteomic profiling by mass spectrometry	NT=Data-dependent acquisition;AC=PRIDE:0000627	NT=Q Exactive HF;AC=MS:1002523	TMT131	NT=Lys-C;AC=MS:1001309	NT=Trypsin;AC=MS:1001251	38	1	20200923_GBM_tumour_tissue__TMT10plex_HiRIEF_3-10_fr38.raw	v1.1.0	NT=ms-proteomics;VV=v1.1.0	NT=human;VV=v1.1.0	manual curation	primary	GCH_016
GCH_002	Homo sapiens	not available	glioblastoma	1	20200923_GBM_tumour_tissue__TMT10plex_HiRIEF_3-10_fr04_TMT126	proteomic profiling by mass spectrometry	NT=Data-dependent acquisition;AC=PRIDE:0000627	NT=Q Exactive HF;AC=MS:1002523	TMT126	NT=Lys-C;AC=MS:1001309	NT=Trypsin;AC=MS:1001251	4	1	20200923_GBM_tumour_tissue__TMT10plex_HiRIEF_3-10_fr04.raw	v1.1.0	NT=ms-proteomics;VV=v1.1.0	NT=human;VV=v1.1.0	manual curation	primary	GCH_002
GCH_003	Homo sapiens	not available	glioblastoma	1	20200923_GBM_tumour_tissue__TMT10plex_HiRIEF_3-10_fr04_TMT127N	proteomic profiling by mass spectrometry	NT=Data-dependent acquisition;AC=PRIDE:0000627	NT=Q Exactive HF;AC=MS:1002523	TMT127N	NT=Lys-C;AC=MS:1001309	NT=Trypsin;AC=MS:1001251	4	1	20200923_GBM_tumour_tissue__TMT10plex_HiRIEF_3-10_fr04.raw	v1.1.0	NT=ms-proteomics;VV=v1.1.0	NT=human;VV=v1.1.0	manual curation	recurrent	GCH_003
GCH_004	Homo sapiens	not available	glioblastoma	1	20200923_GBM_tumour_tissue__TMT10plex_HiRIEF_3-10_fr04_TMT127C	proteomic profiling by mass spectrometry	NT=Data-dependent acquisition;AC=PRIDE:0000627	NT=Q Exactive HF;AC=MS:1002523	TMT127C	NT=Lys-C;AC=MS:1001309	NT=Trypsin;AC=MS:1001251	4	1	20200923_GBM_tumour_tissue__TMT10plex_HiRIEF_3-10_fr04.raw	v1.1.0	NT=ms-proteomics;VV=v1.1.0	NT=human;VV=v1.1.0	manual curation	primary - necrotic	GCH_004
GCH_007	Homo sapiens	not available	glioblastoma	1	20200923_GBM_tumour_tissue__TMT10plex_HiRIEF_3-10_fr04_TMT128N	proteomic profiling by mass spectrometry	NT=Data-dependent acquisition;AC=PRIDE:0000627	NT=Q Exactive HF;AC=MS:1002523	TMT128N	NT=Lys-C;AC=MS:1001309	NT=Trypsin;AC=MS:1001251	4	1	20200923_GBM_tumour_tissue__TMT10plex_HiRIEF_3-10_fr04.raw	v1.1.0	NT=ms-proteomics;VV=v1.1.0	NT=human;VV=v1.1.0	manual curation	primary	GCH_007
GCH_009	Homo sapiens	not available	glioblastoma	1	20200923_GBM_tumour_tissue__TMT10plex_HiRIEF_3-10_fr04_TMT128C	proteomic profiling by mass spectrometry	NT=Data-dependent acquisition;AC=PRIDE:0000627	NT=Q Exactive HF;AC=MS:1002523	TMT128C	NT=Lys-C;AC=MS:1001309	NT=Trypsin;AC=MS:1001251	4	1	20200923_GBM_tumour_tissue__TMT10plex_HiRIEF_3-10_fr04.raw	v1.1.0	NT=ms-proteomics;VV=v1.1.0	NT=human;VV=v1.1.0	manual curation	recurrent	GCH_009
GCH_010	Homo sapiens	not available	glioblastoma	1	20200923_GBM_tumour_tissue__TMT10plex_HiRIEF_3-10_fr04_TMT129N	proteomic profiling by mass spectrometry	NT=Data-dependent acquisition;AC=PRIDE:0000627	NT=Q Exactive HF;AC=MS:1002523	TMT129N	NT=Lys-C;AC=MS:1001309	NT=Trypsin;AC=MS:1001251	4	1	20200923_GBM_tumour_tissue__TMT10plex_HiRIEF_3-10_fr04.raw	v1.1.0	NT=ms-proteomics;VV=v1.1.0	NT=human;VV=v1.1.0	manual curation	recurrent	GCH_010
GCH_012	Homo sapiens	not available	glioblastoma	1	20200923_GBM_tumour_tissue__TMT10plex_HiRIEF_3-10_fr04_TMT129C	proteomic profiling by mass spectrometry	NT=Data-dependent acquisition;AC=PRIDE:0000627	NT=Q Exactive HF;AC=MS:1002523	TMT129C	NT=Lys-C;AC=MS:1001309	NT=Trypsin;AC=MS:1001251	4	1	20200923_GBM_tumour_tissue__TMT10plex_HiRIEF_3-10_fr04.raw	v1.1.0	NT=ms-proteomics;VV=v1.1.0	NT=human;VV=v1.1.0	manual curation	primary	GCH_012
GCH_014	Homo sapiens	not available	glioblastoma	1	20200923_GBM_tumour_tissue__TMT10plex_HiRIEF_3-10_fr04_TMT130N	proteomic profiling by mass spectrometry	NT=Data-dependent acquisition;AC=PRIDE:0000627	NT=Q Exactive HF;AC=MS:1002523	TMT130N	NT=Lys-C;AC=MS:1001309	NT=Trypsin;AC=MS:1001251	4	1	20200923_GBM_tumour_tissue__TMT10plex_HiRIEF_3-10_fr04.raw	v1.1.0	NT=ms-proteomics;VV=v1.1.0	NT=human;VV=v1.1.0	manual curation	primary	GCH_014
GCH_015	Homo sapiens	not available	glioblastoma	1	20200923_GBM_tumour_tissue__TMT10plex_HiRIEF_3-10_fr04_TMT130C	proteomic profiling by mass spectrometry	NT=Data-dependent acquisition;AC=PRIDE:0000627	NT=Q Exactive HF;AC=MS:1002523	TMT130C	NT=Lys-C;AC=MS:1001309	NT=Trypsin;AC=MS:1001251	4	1	20200923_GBM_tumour_tissue__TMT10plex_HiRIEF_3-10_fr04.raw	v1.1.0	NT=ms-proteomics;VV=v1.1.0	NT=human;VV=v1.1.0	manual curation	primary	GCH_015
GCH_016	Homo sapiens	not available	glioblastoma	1	20200923_GBM_tumour_tissue__TMT10plex_HiRIEF_3-10_fr04_TMT131	proteomic profiling by mass spectrometry	NT=Data-dependent acquisition;AC=PRIDE:0000627	NT=Q Exactive HF;AC=MS:1002523	TMT131	NT=Lys-C;AC=MS:1001309	NT=Trypsin;AC=MS:1001251	4	1	20200923_GBM_tumour_tissue__TMT10plex_HiRIEF_3-10_fr04.raw	v1.1.0	NT=ms-proteomics;VV=v1.1.0	NT=human;VV=v1.1.0	manual curation	primary	GCH_016
GCH_002	Homo sapiens	not available	glioblastoma	1	20200923_GBM_tumour_tissue__TMT10plex_HiRIEF_3-10_fr18_TMT126	proteomic profiling by mass spectrometry	NT=Data-dependent acquisition;AC=PRIDE:0000627	NT=Q Exactive HF;AC=MS:1002523	TMT126	NT=Lys-C;AC=MS:1001309	NT=Trypsin;AC=MS:1001251	18	1	20200923_GBM_tumour_tissue__TMT10plex_HiRIEF_3-10_fr18.raw	v1.1.0	NT=ms-proteomics;VV=v1.1.0	NT=human;VV=v1.1.0	manual curation	primary	GCH_002
GCH_003	Homo sapiens	not available	glioblastoma	1	20200923_GBM_tumour_tissue__TMT10plex_HiRIEF_3-10_fr18_TMT127N	proteomic profiling by mass spectrometry	NT=Data-dependent acquisition;AC=PRIDE:0000627	NT=Q Exactive HF;AC=MS:1002523	TMT127N	NT=Lys-C;AC=MS:1001309	NT=Trypsin;AC=MS:1001251	18	1	20200923_GBM_tumour_tissue__TMT10plex_HiRIEF_3-10_fr18.raw	v1.1.0	NT=ms-proteomics;VV=v1.1.0	NT=human;VV=v1.1.0	manual curation	recurrent	GCH_003
GCH_004	Homo sapiens	not available	glioblastoma	1	20200923_GBM_tumour_tissue__TMT10plex_HiRIEF_3-10_fr18_TMT127C	proteomic profiling by mass spectrometry	NT=Data-dependent acquisition;AC=PRIDE:0000627	NT=Q Exactive HF;AC=MS:1002523	TMT127C	NT=Lys-C;AC=MS:1001309	NT=Trypsin;AC=MS:1001251	18	1	20200923_GBM_tumour_tissue__TMT10plex_HiRIEF_3-10_fr18.raw	v1.1.0	NT=ms-proteomics;VV=v1.1.0	NT=human;VV=v1.1.0	manual curation	primary - necrotic	GCH_004
GCH_007	Homo sapiens	not available	glioblastoma	1	20200923_GBM_tumour_tissue__TMT10plex_HiRIEF_3-10_fr18_TMT128N	proteomic profiling by mass spectrometry	NT=Data-dependent acquisition;AC=PRIDE:0000627	NT=Q Exactive HF;AC=MS:1002523	TMT128N	NT=Lys-C;AC=MS:1001309	NT=Trypsin;AC=MS:1001251	18	1	20200923_GBM_tumour_tissue__TMT10plex_HiRIEF_3-10_fr18.raw	v1.1.0	NT=ms-proteomics;VV=v1.1.0	NT=human;VV=v1.1.0	manual curation	primary	GCH_007
GCH_009	Homo sapiens	not available	glioblastoma	1	20200923_GBM_tumour_tissue__TMT10plex_HiRIEF_3-10_fr18_TMT128C	proteomic profiling by mass spectrometry	NT=Data-dependent acquisition;AC=PRIDE:0000627	NT=Q Exactive HF;AC=MS:1002523	TMT128C	NT=Lys-C;AC=MS:1001309	NT=Trypsin;AC=MS:1001251	18	1	20200923_GBM_tumour_tissue__TMT10plex_HiRIEF_3-10_fr18.raw	v1.1.0	NT=ms-proteomics;VV=v1.1.0	NT=human;VV=v1.1.0	manual curation	recurrent	GCH_009
GCH_010	Homo sapiens	not available	glioblastoma	1	20200923_GBM_tumour_tissue__TMT10plex_HiRIEF_3-10_fr18_TMT129N	proteomic profiling by mass spectrometry	NT=Data-dependent acquisition;AC=PRIDE:0000627	NT=Q Exactive HF;AC=MS:1002523	TMT129N	NT=Lys-C;AC=MS:1001309	NT=Trypsin;AC=MS:1001251	18	1	20200923_GBM_tumour_tissue__TMT10plex_HiRIEF_3-10_fr18.raw	v1.1.0	NT=ms-proteomics;VV=v1.1.0	NT=human;VV=v1.1.0	manual curation	recurrent	GCH_010
GCH_012	Homo sapiens	not available	glioblastoma	1	20200923_GBM_tumour_tissue__TMT10plex_HiRIEF_3-10_fr18_TMT129C	proteomic profiling by mass spectrometry	NT=Data-dependent acquisition;AC=PRIDE:0000627	NT=Q Exactive HF;AC=MS:1002523	TMT129C	NT=Lys-C;AC=MS:1001309	NT=Trypsin;AC=MS:1001251	18	1	20200923_GBM_tumour_tissue__TMT10plex_HiRIEF_3-10_fr18.raw	v1.1.0	NT=ms-proteomics;VV=v1.1.0	NT=human;VV=v1.1.0	manual curation	primary	GCH_012
GCH_014	Homo sapiens	not available	glioblastoma	1	20200923_GBM_tumour_tissue__TMT10plex_HiRIEF_3-10_fr18_TMT130N	proteomic profiling by mass spectrometry	NT=Data-dependent acquisition;AC=PRIDE:0000627	NT=Q Exactive HF;AC=MS:1002523	TMT130N	NT=Lys-C;AC=MS:1001309	NT=Trypsin;AC=MS:1001251	18	1	20200923_GBM_tumour_tissue__TMT10plex_HiRIEF_3-10_fr18.raw	v1.1.0	NT=ms-proteomics;VV=v1.1.0	NT=human;VV=v1.1.0	manual curation	primary	GCH_014
GCH_015	Homo sapiens	not available	glioblastoma	1	20200923_GBM_tumour_tissue__TMT10plex_HiRIEF_3-10_fr18_TMT130C	proteomic profiling by mass spectrometry	NT=Data-dependent acquisition;AC=PRIDE:0000627	NT=Q Exactive HF;AC=MS:1002523	TMT130C	NT=Lys-C;AC=MS:1001309	NT=Trypsin;AC=MS:1001251	18	1	20200923_GBM_tumour_tissue__TMT10plex_HiRIEF_3-10_fr18.raw	v1.1.0	NT=ms-proteomics;VV=v1.1.0	NT=human;VV=v1.1.0	manual curation	primary	GCH_015
GCH_016	Homo sapiens	not available	glioblastoma	1	20200923_GBM_tumour_tissue__TMT10plex_HiRIEF_3-10_fr18_TMT131	proteomic profiling by mass spectrometry	NT=Data-dependent acquisition;AC=PRIDE:0000627	NT=Q Exactive HF;AC=MS:1002523	TMT131	NT=Lys-C;AC=MS:1001309	NT=Trypsin;AC=MS:1001251	18	1	20200923_GBM_tumour_tissue__TMT10plex_HiRIEF_3-10_fr18.raw	v1.1.0	NT=ms-proteomics;VV=v1.1.0	NT=human;VV=v1.1.0	manual curation	primary	GCH_016
GCH_002	Homo sapiens	not available	glioblastoma	1	20200923_GBM_tumour_tissue__TMT10plex_HiRIEF_3-10_fr65_TMT126	proteomic profiling by mass spectrometry	NT=Data-dependent acquisition;AC=PRIDE:0000627	NT=Q Exactive HF;AC=MS:1002523	TMT126	NT=Lys-C;AC=MS:1001309	NT=Trypsin;AC=MS:1001251	65	1	20200923_GBM_tumour_tissue__TMT10plex_HiRIEF_3-10_fr65.raw	v1.1.0	NT=ms-proteomics;VV=v1.1.0	NT=human;VV=v1.1.0	manual curation	primary	GCH_002
GCH_003	Homo sapiens	not available	glioblastoma	1	20200923_GBM_tumour_tissue__TMT10plex_HiRIEF_3-10_fr65_TMT127N	proteomic profiling by mass spectrometry	NT=Data-dependent acquisition;AC=PRIDE:0000627	NT=Q Exactive HF;AC=MS:1002523	TMT127N	NT=Lys-C;AC=MS:1001309	NT=Trypsin;AC=MS:1001251	65	1	20200923_GBM_tumour_tissue__TMT10plex_HiRIEF_3-10_fr65.raw	v1.1.0	NT=ms-proteomics;VV=v1.1.0	NT=human;VV=v1.1.0	manual curation	recurrent	GCH_003
GCH_004	Homo sapiens	not available	glioblastoma	1	20200923_GBM_tumour_tissue__TMT10plex_HiRIEF_3-10_fr65_TMT127C	proteomic profiling by mass spectrometry	NT=Data-dependent acquisition;AC=PRIDE:0000627	NT=Q Exactive HF;AC=MS:1002523	TMT127C	NT=Lys-C;AC=MS:1001309	NT=Trypsin;AC=MS:1001251	65	1	20200923_GBM_tumour_tissue__TMT10plex_HiRIEF_3-10_fr65.raw	v1.1.0	NT=ms-proteomics;VV=v1.1.0	NT=human;VV=v1.1.0	manual curation	primary - necrotic	GCH_004
GCH_007	Homo sapiens	not available	glioblastoma	1	20200923_GBM_tumour_tissue__TMT10plex_HiRIEF_3-10_fr65_TMT128N	proteomic profiling by mass spectrometry	NT=Data-dependent acquisition;AC=PRIDE:0000627	NT=Q Exactive HF;AC=MS:1002523	TMT128N	NT=Lys-C;AC=MS:1001309	NT=Trypsin;AC=MS:1001251	65	1	20200923_GBM_tumour_tissue__TMT10plex_HiRIEF_3-10_fr65.raw	v1.1.0	NT=ms-proteomics;VV=v1.1.0	NT=human;VV=v1.1.0	manual curation	primary	GCH_007
GCH_009	Homo sapiens	not available	glioblastoma	1	20200923_GBM_tumour_tissue__TMT10plex_HiRIEF_3-10_fr65_TMT128C	proteomic profiling by mass spectrometry	NT=Data-dependent acquisition;AC=PRIDE:0000627	NT=Q Exactive HF;AC=MS:1002523	TMT128C	NT=Lys-C;AC=MS:1001309	NT=Trypsin;AC=MS:1001251	65	1	20200923_GBM_tumour_tissue__TMT10plex_HiRIEF_3-10_fr65.raw	v1.1.0	NT=ms-proteomics;VV=v1.1.0	NT=human;VV=v1.1.0	manual curation	recurrent	GCH_009
GCH_010	Homo sapiens	not available	glioblastoma	1	20200923_GBM_tumour_tissue__TMT10plex_HiRIEF_3-10_fr65_TMT129N	proteomic profiling by mass spectrometry	NT=Data-dependent acquisition;AC=PRIDE:0000627	NT=Q Exactive HF;AC=MS:1002523	TMT129N	NT=Lys-C;AC=MS:1001309	NT=Trypsin;AC=MS:1001251	65	1	20200923_GBM_tumour_tissue__TMT10plex_HiRIEF_3-10_fr65.raw	v1.1.0	NT=ms-proteomics;VV=v1.1.0	NT=human;VV=v1.1.0	manual curation	recurrent	GCH_010
GCH_012	Homo sapiens	not available	glioblastoma	1	20200923_GBM_tumour_tissue__TMT10plex_HiRIEF_3-10_fr65_TMT129C	proteomic profiling by mass spectrometry	NT=Data-dependent acquisition;AC=PRIDE:0000627	NT=Q Exactive HF;AC=MS:1002523	TMT129C	NT=Lys-C;AC=MS:1001309	NT=Trypsin;AC=MS:1001251	65	1	20200923_GBM_tumour_tissue__TMT10plex_HiRIEF_3-10_fr65.raw	v1.1.0	NT=ms-proteomics;VV=v1.1.0	NT=human;VV=v1.1.0	manual curation	primary	GCH_012
GCH_014	Homo sapiens	not available	glioblastoma	1	20200923_GBM_tumour_tissue__TMT10plex_HiRIEF_3-10_fr65_TMT130N	proteomic profiling by mass spectrometry	NT=Data-dependent acquisition;AC=PRIDE:0000627	NT=Q Exactive HF;AC=MS:1002523	TMT130N	NT=Lys-C;AC=MS:1001309	NT=Trypsin;AC=MS:1001251	65	1	20200923_GBM_tumour_tissue__TMT10plex_HiRIEF_3-10_fr65.raw	v1.1.0	NT=ms-proteomics;VV=v1.1.0	NT=human;VV=v1.1.0	manual curation	primary	GCH_014
GCH_015	Homo sapiens	not available	glioblastoma	1	20200923_GBM_tumour_tissue__TMT10plex_HiRIEF_3-10_fr65_TMT130C	proteomic profiling by mass spectrometry	NT=Data-dependent acquisition;AC=PRIDE:0000627	NT=Q Exactive HF;AC=MS:1002523	TMT130C	NT=Lys-C;AC=MS:1001309	NT=Trypsin;AC=MS:1001251	65	1	20200923_GBM_tumour_tissue__TMT10plex_HiRIEF_3-10_fr65.raw	v1.1.0	NT=ms-proteomics;VV=v1.1.0	NT=human;VV=v1.1.0	manual curation	primary	GCH_015
GCH_016	Homo sapiens	not available	glioblastoma	1	20200923_GBM_tumour_tissue__TMT10plex_HiRIEF_3-10_fr65_TMT131	proteomic profiling by mass spectrometry	NT=Data-dependent acquisition;AC=PRIDE:0000627	NT=Q Exactive HF;AC=MS:1002523	TMT131	NT=Lys-C;AC=MS:1001309	NT=Trypsin;AC=MS:1001251	65	1	20200923_GBM_tumour_tissue__TMT10plex_HiRIEF_3-10_fr65.raw	v1.1.0	NT=ms-proteomics;VV=v1.1.0	NT=human;VV=v1.1.0	manual curation	primary	GCH_016
GCH_002	Homo sapiens	not available	glioblastoma	1	20200923_GBM_tumour_tissue__TMT10plex_HiRIEF_3-10_fr53_TMT126	proteomic profiling by mass spectrometry	NT=Data-dependent acquisition;AC=PRIDE:0000627	NT=Q Exactive HF;AC=MS:1002523	TMT126	NT=Lys-C;AC=MS:1001309	NT=Trypsin;AC=MS:1001251	53	1	20200923_GBM_tumour_tissue__TMT10plex_HiRIEF_3-10_fr53.raw	v1.1.0	NT=ms-proteomics;VV=v1.1.0	NT=human;VV=v1.1.0	manual curation	primary	GCH_002
GCH_003	Homo sapiens	not available	glioblastoma	1	20200923_GBM_tumour_tissue__TMT10plex_HiRIEF_3-10_fr53_TMT127N	proteomic profiling by mass spectrometry	NT=Data-dependent acquisition;AC=PRIDE:0000627	NT=Q Exactive HF;AC=MS:1002523	TMT127N	NT=Lys-C;AC=MS:1001309	NT=Trypsin;AC=MS:1001251	53	1	20200923_GBM_tumour_tissue__TMT10plex_HiRIEF_3-10_fr53.raw	v1.1.0	NT=ms-proteomics;VV=v1.1.0	NT=human;VV=v1.1.0	manual curation	recurrent	GCH_003
GCH_004	Homo sapiens	not available	glioblastoma	1	20200923_GBM_tumour_tissue__TMT10plex_HiRIEF_3-10_fr53_TMT127C	proteomic profiling by mass spectrometry	NT=Data-dependent acquisition;AC=PRIDE:0000627	NT=Q Exactive HF;AC=MS:1002523	TMT127C	NT=Lys-C;AC=MS:1001309	NT=Trypsin;AC=MS:1001251	53	1	20200923_GBM_tumour_tissue__TMT10plex_HiRIEF_3-10_fr53.raw	v1.1.0	NT=ms-proteomics;VV=v1.1.0	NT=human;VV=v1.1.0	manual curation	primary - necrotic	GCH_004
GCH_007	Homo sapiens	not available	glioblastoma	1	20200923_GBM_tumour_tissue__TMT10plex_HiRIEF_3-10_fr53_TMT128N	proteomic profiling by mass spectrometry	NT=Data-dependent acquisition;AC=PRIDE:0000627	NT=Q Exactive HF;AC=MS:1002523	TMT128N	NT=Lys-C;AC=MS:1001309	NT=Trypsin;AC=MS:1001251	53	1	20200923_GBM_tumour_tissue__TMT10plex_HiRIEF_3-10_fr53.raw	v1.1.0	NT=ms-proteomics;VV=v1.1.0	NT=human;VV=v1.1.0	manual curation	primary	GCH_007
GCH_009	Homo sapiens	not available	glioblastoma	1	20200923_GBM_tumour_tissue__TMT10plex_HiRIEF_3-10_fr53_TMT128C	proteomic profiling by mass spectrometry	NT=Data-dependent acquisition;AC=PRIDE:0000627	NT=Q Exactive HF;AC=MS:1002523	TMT128C	NT=Lys-C;AC=MS:1001309	NT=Trypsin;AC=MS:1001251	53	1	20200923_GBM_tumour_tissue__TMT10plex_HiRIEF_3-10_fr53.raw	v1.1.0	NT=ms-proteomics;VV=v1.1.0	NT=human;VV=v1.1.0	manual curation	recurrent	GCH_009
GCH_010	Homo sapiens	not available	glioblastoma	1	20200923_GBM_tumour_tissue__TMT10plex_HiRIEF_3-10_fr53_TMT129N	proteomic profiling by mass spectrometry	NT=Data-dependent acquisition;AC=PRIDE:0000627	NT=Q Exactive HF;AC=MS:1002523	TMT129N	NT=Lys-C;AC=MS:1001309	NT=Trypsin;AC=MS:1001251	53	1	20200923_GBM_tumour_tissue__TMT10plex_HiRIEF_3-10_fr53.raw	v1.1.0	NT=ms-proteomics;VV=v1.1.0	NT=human;VV=v1.1.0	manual curation	recurrent	GCH_010
GCH_012	Homo sapiens	not available	glioblastoma	1	20200923_GBM_tumour_tissue__TMT10plex_HiRIEF_3-10_fr53_TMT129C	proteomic profiling by mass spectrometry	NT=Data-dependent acquisition;AC=PRIDE:0000627	NT=Q Exactive HF;AC=MS:1002523	TMT129C	NT=Lys-C;AC=MS:1001309	NT=Trypsin;AC=MS:1001251	53	1	20200923_GBM_tumour_tissue__TMT10plex_HiRIEF_3-10_fr53.raw	v1.1.0	NT=ms-proteomics;VV=v1.1.0	NT=human;VV=v1.1.0	manual curation	primary	GCH_012
GCH_014	Homo sapiens	not available	glioblastoma	1	20200923_GBM_tumour_tissue__TMT10plex_HiRIEF_3-10_fr53_TMT130N	proteomic profiling by mass spectrometry	NT=Data-dependent acquisition;AC=PRIDE:0000627	NT=Q Exactive HF;AC=MS:1002523	TMT130N	NT=Lys-C;AC=MS:1001309	NT=Trypsin;AC=MS:1001251	53	1	20200923_GBM_tumour_tissue__TMT10plex_HiRIEF_3-10_fr53.raw	v1.1.0	NT=ms-proteomics;VV=v1.1.0	NT=human;VV=v1.1.0	manual curation	primary	GCH_014
GCH_015	Homo sapiens	not available	glioblastoma	1	20200923_GBM_tumour_tissue__TMT10plex_HiRIEF_3-10_fr53_TMT130C	proteomic profiling by mass spectrometry	NT=Data-dependent acquisition;AC=PRIDE:0000627	NT=Q Exactive HF;AC=MS:1002523	TMT130C	NT=Lys-C;AC=MS:1001309	NT=Trypsin;AC=MS:1001251	53	1	20200923_GBM_tumour_tissue__TMT10plex_HiRIEF_3-10_fr53.raw	v1.1.0	NT=ms-proteomics;VV=v1.1.0	NT=human;VV=v1.1.0	manual curation	primary	GCH_015
GCH_016	Homo sapiens	not available	glioblastoma	1	20200923_GBM_tumour_tissue__TMT10plex_HiRIEF_3-10_fr53_TMT131	proteomic profiling by mass spectrometry	NT=Data-dependent acquisition;AC=PRIDE:0000627	NT=Q Exactive HF;AC=MS:1002523	TMT131	NT=Lys-C;AC=MS:1001309	NT=Trypsin;AC=MS:1001251	53	1	20200923_GBM_tumour_tissue__TMT10plex_HiRIEF_3-10_fr53.raw	v1.1.0	NT=ms-proteomics;VV=v1.1.0	NT=human;VV=v1.1.0	manual curation	primary	GCH_016
GCH_002	Homo sapiens	not available	glioblastoma	1	20200923_GBM_tumour_tissue__TMT10plex_HiRIEF_3-10_fr42_TMT126	proteomic profiling by mass spectrometry	NT=Data-dependent acquisition;AC=PRIDE:0000627	NT=Q Exactive HF;AC=MS:1002523	TMT126	NT=Lys-C;AC=MS:1001309	NT=Trypsin;AC=MS:1001251	42	1	20200923_GBM_tumour_tissue__TMT10plex_HiRIEF_3-10_fr42.raw	v1.1.0	NT=ms-proteomics;VV=v1.1.0	NT=human;VV=v1.1.0	manual curation	primary	GCH_002
GCH_003	Homo sapiens	not available	glioblastoma	1	20200923_GBM_tumour_tissue__TMT10plex_HiRIEF_3-10_fr42_TMT127N	proteomic profiling by mass spectrometry	NT=Data-dependent acquisition;AC=PRIDE:0000627	NT=Q Exactive HF;AC=MS:1002523	TMT127N	NT=Lys-C;AC=MS:1001309	NT=Trypsin;AC=MS:1001251	42	1	20200923_GBM_tumour_tissue__TMT10plex_HiRIEF_3-10_fr42.raw	v1.1.0	NT=ms-proteomics;VV=v1.1.0	NT=human;VV=v1.1.0	manual curation	recurrent	GCH_003
GCH_004	Homo sapiens	not available	glioblastoma	1	20200923_GBM_tumour_tissue__TMT10plex_HiRIEF_3-10_fr42_TMT127C	proteomic profiling by mass spectrometry	NT=Data-dependent acquisition;AC=PRIDE:0000627	NT=Q Exactive HF;AC=MS:1002523	TMT127C	NT=Lys-C;AC=MS:1001309	NT=Trypsin;AC=MS:1001251	42	1	20200923_GBM_tumour_tissue__TMT10plex_HiRIEF_3-10_fr42.raw	v1.1.0	NT=ms-proteomics;VV=v1.1.0	NT=human;VV=v1.1.0	manual curation	primary - necrotic	GCH_004
GCH_007	Homo sapiens	not available	glioblastoma	1	20200923_GBM_tumour_tissue__TMT10plex_HiRIEF_3-10_fr42_TMT128N	proteomic profiling by mass spectrometry	NT=Data-dependent acquisition;AC=PRIDE:0000627	NT=Q Exactive HF;AC=MS:1002523	TMT128N	NT=Lys-C;AC=MS:1001309	NT=Trypsin;AC=MS:1001251	42	1	20200923_GBM_tumour_tissue__TMT10plex_HiRIEF_3-10_fr42.raw	v1.1.0	NT=ms-proteomics;VV=v1.1.0	NT=human;VV=v1.1.0	manual curation	primary	GCH_007
GCH_009	Homo sapiens	not available	glioblastoma	1	20200923_GBM_tumour_tissue__TMT10plex_HiRIEF_3-10_fr42_TMT128C	proteomic profiling by mass spectrometry	NT=Data-dependent acquisition;AC=PRIDE:0000627	NT=Q Exactive HF;AC=MS:1002523	TMT128C	NT=Lys-C;AC=MS:1001309	NT=Trypsin;AC=MS:1001251	42	1	20200923_GBM_tumour_tissue__TMT10plex_HiRIEF_3-10_fr42.raw	v1.1.0	NT=ms-proteomics;VV=v1.1.0	NT=human;VV=v1.1.0	manual curation	recurrent	GCH_009
GCH_010	Homo sapiens	not available	glioblastoma	1	20200923_GBM_tumour_tissue__TMT10plex_HiRIEF_3-10_fr42_TMT129N	proteomic profiling by mass spectrometry	NT=Data-dependent acquisition;AC=PRIDE:0000627	NT=Q Exactive HF;AC=MS:1002523	TMT129N	NT=Lys-C;AC=MS:1001309	NT=Trypsin;AC=MS:1001251	42	1	20200923_GBM_tumour_tissue__TMT10plex_HiRIEF_3-10_fr42.raw	v1.1.0	NT=ms-proteomics;VV=v1.1.0	NT=human;VV=v1.1.0	manual curation	recurrent	GCH_010
GCH_012	Homo sapiens	not available	glioblastoma	1	20200923_GBM_tumour_tissue__TMT10plex_HiRIEF_3-10_fr42_TMT129C	proteomic profiling by mass spectrometry	NT=Data-dependent acquisition;AC=PRIDE:0000627	NT=Q Exactive HF;AC=MS:1002523	TMT129C	NT=Lys-C;AC=MS:1001309	NT=Trypsin;AC=MS:1001251	42	1	20200923_GBM_tumour_tissue__TMT10plex_HiRIEF_3-10_fr42.raw	v1.1.0	NT=ms-proteomics;VV=v1.1.0	NT=human;VV=v1.1.0	manual curation	primary	GCH_012
GCH_014	Homo sapiens	not available	glioblastoma	1	20200923_GBM_tumour_tissue__TMT10plex_HiRIEF_3-10_fr42_TMT130N	proteomic profiling by mass spectrometry	NT=Data-dependent acquisition;AC=PRIDE:0000627	NT=Q Exactive HF;AC=MS:1002523	TMT130N	NT=Lys-C;AC=MS:1001309	NT=Trypsin;AC=MS:1001251	42	1	20200923_GBM_tumour_tissue__TMT10plex_HiRIEF_3-10_fr42.raw	v1.1.0	NT=ms-proteomics;VV=v1.1.0	NT=human;VV=v1.1.0	manual curation	primary	GCH_014
GCH_015	Homo sapiens	not available	glioblastoma	1	20200923_GBM_tumour_tissue__TMT10plex_HiRIEF_3-10_fr42_TMT130C	proteomic profiling by mass spectrometry	NT=Data-dependent acquisition;AC=PRIDE:0000627	NT=Q Exactive HF;AC=MS:1002523	TMT130C	NT=Lys-C;AC=MS:1001309	NT=Trypsin;AC=MS:1001251	42	1	20200923_GBM_tumour_tissue__TMT10plex_HiRIEF_3-10_fr42.raw	v1.1.0	NT=ms-proteomics;VV=v1.1.0	NT=human;VV=v1.1.0	manual curation	primary	GCH_015
GCH_016	Homo sapiens	not available	glioblastoma	1	20200923_GBM_tumour_tissue__TMT10plex_HiRIEF_3-10_fr42_TMT131	proteomic profiling by mass spectrometry	NT=Data-dependent acquisition;AC=PRIDE:0000627	NT=Q Exactive HF;AC=MS:1002523	TMT131	NT=Lys-C;AC=MS:1001309	NT=Trypsin;AC=MS:1001251	42	1	20200923_GBM_tumour_tissue__TMT10plex_HiRIEF_3-10_fr42.raw	v1.1.0	NT=ms-proteomics;VV=v1.1.0	NT=human;VV=v1.1.0	manual curation	primary	GCH_016
GCH_002	Homo sapiens	not available	glioblastoma	1	20200923_GBM_tumour_tissue__TMT10plex_HiRIEF_3-10_fr08_TMT126	proteomic profiling by mass spectrometry	NT=Data-dependent acquisition;AC=PRIDE:0000627	NT=Q Exactive HF;AC=MS:1002523	TMT126	NT=Lys-C;AC=MS:1001309	NT=Trypsin;AC=MS:1001251	8	1	20200923_GBM_tumour_tissue__TMT10plex_HiRIEF_3-10_fr08.raw	v1.1.0	NT=ms-proteomics;VV=v1.1.0	NT=human;VV=v1.1.0	manual curation	primary	GCH_002
GCH_003	Homo sapiens	not available	glioblastoma	1	20200923_GBM_tumour_tissue__TMT10plex_HiRIEF_3-10_fr08_TMT127N	proteomic profiling by mass spectrometry	NT=Data-dependent acquisition;AC=PRIDE:0000627	NT=Q Exactive HF;AC=MS:1002523	TMT127N	NT=Lys-C;AC=MS:1001309	NT=Trypsin;AC=MS:1001251	8	1	20200923_GBM_tumour_tissue__TMT10plex_HiRIEF_3-10_fr08.raw	v1.1.0	NT=ms-proteomics;VV=v1.1.0	NT=human;VV=v1.1.0	manual curation	recurrent	GCH_003
GCH_004	Homo sapiens	not available	glioblastoma	1	20200923_GBM_tumour_tissue__TMT10plex_HiRIEF_3-10_fr08_TMT127C	proteomic profiling by mass spectrometry	NT=Data-dependent acquisition;AC=PRIDE:0000627	NT=Q Exactive HF;AC=MS:1002523	TMT127C	NT=Lys-C;AC=MS:1001309	NT=Trypsin;AC=MS:1001251	8	1	20200923_GBM_tumour_tissue__TMT10plex_HiRIEF_3-10_fr08.raw	v1.1.0	NT=ms-proteomics;VV=v1.1.0	NT=human;VV=v1.1.0	manual curation	primary - necrotic	GCH_004
GCH_007	Homo sapiens	not available	glioblastoma	1	20200923_GBM_tumour_tissue__TMT10plex_HiRIEF_3-10_fr08_TMT128N	proteomic profiling by mass spectrometry	NT=Data-dependent acquisition;AC=PRIDE:0000627	NT=Q Exactive HF;AC=MS:1002523	TMT128N	NT=Lys-C;AC=MS:1001309	NT=Trypsin;AC=MS:1001251	8	1	20200923_GBM_tumour_tissue__TMT10plex_HiRIEF_3-10_fr08.raw	v1.1.0	NT=ms-proteomics;VV=v1.1.0	NT=human;VV=v1.1.0	manual curation	primary	GCH_007
GCH_009	Homo sapiens	not available	glioblastoma	1	20200923_GBM_tumour_tissue__TMT10plex_HiRIEF_3-10_fr08_TMT128C	proteomic profiling by mass spectrometry	NT=Data-dependent acquisition;AC=PRIDE:0000627	NT=Q Exactive HF;AC=MS:1002523	TMT128C	NT=Lys-C;AC=MS:1001309	NT=Trypsin;AC=MS:1001251	8	1	20200923_GBM_tumour_tissue__TMT10plex_HiRIEF_3-10_fr08.raw	v1.1.0	NT=ms-proteomics;VV=v1.1.0	NT=human;VV=v1.1.0	manual curation	recurrent	GCH_009
GCH_010	Homo sapiens	not available	glioblastoma	1	20200923_GBM_tumour_tissue__TMT10plex_HiRIEF_3-10_fr08_TMT129N	proteomic profiling by mass spectrometry	NT=Data-dependent acquisition;AC=PRIDE:0000627	NT=Q Exactive HF;AC=MS:1002523	TMT129N	NT=Lys-C;AC=MS:1001309	NT=Trypsin;AC=MS:1001251	8	1	20200923_GBM_tumour_tissue__TMT10plex_HiRIEF_3-10_fr08.raw	v1.1.0	NT=ms-proteomics;VV=v1.1.0	NT=human;VV=v1.1.0	manual curation	recurrent	GCH_010
GCH_012	Homo sapiens	not available	glioblastoma	1	20200923_GBM_tumour_tissue__TMT10plex_HiRIEF_3-10_fr08_TMT129C	proteomic profiling by mass spectrometry	NT=Data-dependent acquisition;AC=PRIDE:0000627	NT=Q Exactive HF;AC=MS:1002523	TMT129C	NT=Lys-C;AC=MS:1001309	NT=Trypsin;AC=MS:1001251	8	1	20200923_GBM_tumour_tissue__TMT10plex_HiRIEF_3-10_fr08.raw	v1.1.0	NT=ms-proteomics;VV=v1.1.0	NT=human;VV=v1.1.0	manual curation	primary	GCH_012
GCH_014	Homo sapiens	not available	glioblastoma	1	20200923_GBM_tumour_tissue__TMT10plex_HiRIEF_3-10_fr08_TMT130N	proteomic profiling by mass spectrometry	NT=Data-dependent acquisition;AC=PRIDE:0000627	NT=Q Exactive HF;AC=MS:1002523	TMT130N	NT=Lys-C;AC=MS:1001309	NT=Trypsin;AC=MS:1001251	8	1	20200923_GBM_tumour_tissue__TMT10plex_HiRIEF_3-10_fr08.raw	v1.1.0	NT=ms-proteomics;VV=v1.1.0	NT=human;VV=v1.1.0	manual curation	primary	GCH_014
GCH_015	Homo sapiens	not available	glioblastoma	1	20200923_GBM_tumour_tissue__TMT10plex_HiRIEF_3-10_fr08_TMT130C	proteomic profiling by mass spectrometry	NT=Data-dependent acquisition;AC=PRIDE:0000627	NT=Q Exactive HF;AC=MS:1002523	TMT130C	NT=Lys-C;AC=MS:1001309	NT=Trypsin;AC=MS:1001251	8	1	20200923_GBM_tumour_tissue__TMT10plex_HiRIEF_3-10_fr08.raw	v1.1.0	NT=ms-proteomics;VV=v1.1.0	NT=human;VV=v1.1.0	manual curation	primary	GCH_015
GCH_016	Homo sapiens	not available	glioblastoma	1	20200923_GBM_tumour_tissue__TMT10plex_HiRIEF_3-10_fr08_TMT131	proteomic profiling by mass spectrometry	NT=Data-dependent acquisition;AC=PRIDE:0000627	NT=Q Exactive HF;AC=MS:1002523	TMT131	NT=Lys-C;AC=MS:1001309	NT=Trypsin;AC=MS:1001251	8	1	20200923_GBM_tumour_tissue__TMT10plex_HiRIEF_3-10_fr08.raw	v1.1.0	NT=ms-proteomics;VV=v1.1.0	NT=human;VV=v1.1.0	manual curation	primary	GCH_016
GCH_002	Homo sapiens	not available	glioblastoma	1	20200923_GBM_tumour_tissue__TMT10plex_HiRIEF_3-10_fr66_TMT126	proteomic profiling by mass spectrometry	NT=Data-dependent acquisition;AC=PRIDE:0000627	NT=Q Exactive HF;AC=MS:1002523	TMT126	NT=Lys-C;AC=MS:1001309	NT=Trypsin;AC=MS:1001251	66	1	20200923_GBM_tumour_tissue__TMT10plex_HiRIEF_3-10_fr66.raw	v1.1.0	NT=ms-proteomics;VV=v1.1.0	NT=human;VV=v1.1.0	manual curation	primary	GCH_002
GCH_003	Homo sapiens	not available	glioblastoma	1	20200923_GBM_tumour_tissue__TMT10plex_HiRIEF_3-10_fr66_TMT127N	proteomic profiling by mass spectrometry	NT=Data-dependent acquisition;AC=PRIDE:0000627	NT=Q Exactive HF;AC=MS:1002523	TMT127N	NT=Lys-C;AC=MS:1001309	NT=Trypsin;AC=MS:1001251	66	1	20200923_GBM_tumour_tissue__TMT10plex_HiRIEF_3-10_fr66.raw	v1.1.0	NT=ms-proteomics;VV=v1.1.0	NT=human;VV=v1.1.0	manual curation	recurrent	GCH_003
GCH_004	Homo sapiens	not available	glioblastoma	1	20200923_GBM_tumour_tissue__TMT10plex_HiRIEF_3-10_fr66_TMT127C	proteomic profiling by mass spectrometry	NT=Data-dependent acquisition;AC=PRIDE:0000627	NT=Q Exactive HF;AC=MS:1002523	TMT127C	NT=Lys-C;AC=MS:1001309	NT=Trypsin;AC=MS:1001251	66	1	20200923_GBM_tumour_tissue__TMT10plex_HiRIEF_3-10_fr66.raw	v1.1.0	NT=ms-proteomics;VV=v1.1.0	NT=human;VV=v1.1.0	manual curation	primary - necrotic	GCH_004
GCH_007	Homo sapiens	not available	glioblastoma	1	20200923_GBM_tumour_tissue__TMT10plex_HiRIEF_3-10_fr66_TMT128N	proteomic profiling by mass spectrometry	NT=Data-dependent acquisition;AC=PRIDE:0000627	NT=Q Exactive HF;AC=MS:1002523	TMT128N	NT=Lys-C;AC=MS:1001309	NT=Trypsin;AC=MS:1001251	66	1	20200923_GBM_tumour_tissue__TMT10plex_HiRIEF_3-10_fr66.raw	v1.1.0	NT=ms-proteomics;VV=v1.1.0	NT=human;VV=v1.1.0	manual curation	primary	GCH_007
GCH_009	Homo sapiens	not available	glioblastoma	1	20200923_GBM_tumour_tissue__TMT10plex_HiRIEF_3-10_fr66_TMT128C	proteomic profiling by mass spectrometry	NT=Data-dependent acquisition;AC=PRIDE:0000627	NT=Q Exactive HF;AC=MS:1002523	TMT128C	NT=Lys-C;AC=MS:1001309	NT=Trypsin;AC=MS:1001251	66	1	20200923_GBM_tumour_tissue__TMT10plex_HiRIEF_3-10_fr66.raw	v1.1.0	NT=ms-proteomics;VV=v1.1.0	NT=human;VV=v1.1.0	manual curation	recurrent	GCH_009
GCH_010	Homo sapiens	not available	glioblastoma	1	20200923_GBM_tumour_tissue__TMT10plex_HiRIEF_3-10_fr66_TMT129N	proteomic profiling by mass spectrometry	NT=Data-dependent acquisition;AC=PRIDE:0000627	NT=Q Exactive HF;AC=MS:1002523	TMT129N	NT=Lys-C;AC=MS:1001309	NT=Trypsin;AC=MS:1001251	66	1	20200923_GBM_tumour_tissue__TMT10plex_HiRIEF_3-10_fr66.raw	v1.1.0	NT=ms-proteomics;VV=v1.1.0	NT=human;VV=v1.1.0	manual curation	recurrent	GCH_010
GCH_012	Homo sapiens	not available	glioblastoma	1	20200923_GBM_tumour_tissue__TMT10plex_HiRIEF_3-10_fr66_TMT129C	proteomic profiling by mass spectrometry	NT=Data-dependent acquisition;AC=PRIDE:0000627	NT=Q Exactive HF;AC=MS:1002523	TMT129C	NT=Lys-C;AC=MS:1001309	NT=Trypsin;AC=MS:1001251	66	1	20200923_GBM_tumour_tissue__TMT10plex_HiRIEF_3-10_fr66.raw	v1.1.0	NT=ms-proteomics;VV=v1.1.0	NT=human;VV=v1.1.0	manual curation	primary	GCH_012
GCH_014	Homo sapiens	not available	glioblastoma	1	20200923_GBM_tumour_tissue__TMT10plex_HiRIEF_3-10_fr66_TMT130N	proteomic profiling by mass spectrometry	NT=Data-dependent acquisition;AC=PRIDE:0000627	NT=Q Exactive HF;AC=MS:1002523	TMT130N	NT=Lys-C;AC=MS:1001309	NT=Trypsin;AC=MS:1001251	66	1	20200923_GBM_tumour_tissue__TMT10plex_HiRIEF_3-10_fr66.raw	v1.1.0	NT=ms-proteomics;VV=v1.1.0	NT=human;VV=v1.1.0	manual curation	primary	GCH_014
GCH_015	Homo sapiens	not available	glioblastoma	1	20200923_GBM_tumour_tissue__TMT10plex_HiRIEF_3-10_fr66_TMT130C	proteomic profiling by mass spectrometry	NT=Data-dependent acquisition;AC=PRIDE:0000627	NT=Q Exactive HF;AC=MS:1002523	TMT130C	NT=Lys-C;AC=MS:1001309	NT=Trypsin;AC=MS:1001251	66	1	20200923_GBM_tumour_tissue__TMT10plex_HiRIEF_3-10_fr66.raw	v1.1.0	NT=ms-proteomics;VV=v1.1.0	NT=human;VV=v1.1.0	manual curation	primary	GCH_015
GCH_016	Homo sapiens	not available	glioblastoma	1	20200923_GBM_tumour_tissue__TMT10plex_HiRIEF_3-10_fr66_TMT131	proteomic profiling by mass spectrometry	NT=Data-dependent acquisition;AC=PRIDE:0000627	NT=Q Exactive HF;AC=MS:1002523	TMT131	NT=Lys-C;AC=MS:1001309	NT=Trypsin;AC=MS:1001251	66	1	20200923_GBM_tumour_tissue__TMT10plex_HiRIEF_3-10_fr66.raw	v1.1.0	NT=ms-proteomics;VV=v1.1.0	NT=human;VV=v1.1.0	manual curation	primary	GCH_016
GCH_002	Homo sapiens	not available	glioblastoma	1	20200923_GBM_tumour_tissue__TMT10plex_HiRIEF_3-10_fr09_TMT126	proteomic profiling by mass spectrometry	NT=Data-dependent acquisition;AC=PRIDE:0000627	NT=Q Exactive HF;AC=MS:1002523	TMT126	NT=Lys-C;AC=MS:1001309	NT=Trypsin;AC=MS:1001251	9	1	20200923_GBM_tumour_tissue__TMT10plex_HiRIEF_3-10_fr09.raw	v1.1.0	NT=ms-proteomics;VV=v1.1.0	NT=human;VV=v1.1.0	manual curation	primary	GCH_002
GCH_003	Homo sapiens	not available	glioblastoma	1	20200923_GBM_tumour_tissue__TMT10plex_HiRIEF_3-10_fr09_TMT127N	proteomic profiling by mass spectrometry	NT=Data-dependent acquisition;AC=PRIDE:0000627	NT=Q Exactive HF;AC=MS:1002523	TMT127N	NT=Lys-C;AC=MS:1001309	NT=Trypsin;AC=MS:1001251	9	1	20200923_GBM_tumour_tissue__TMT10plex_HiRIEF_3-10_fr09.raw	v1.1.0	NT=ms-proteomics;VV=v1.1.0	NT=human;VV=v1.1.0	manual curation	recurrent	GCH_003
GCH_004	Homo sapiens	not available	glioblastoma	1	20200923_GBM_tumour_tissue__TMT10plex_HiRIEF_3-10_fr09_TMT127C	proteomic profiling by mass spectrometry	NT=Data-dependent acquisition;AC=PRIDE:0000627	NT=Q Exactive HF;AC=MS:1002523	TMT127C	NT=Lys-C;AC=MS:1001309	NT=Trypsin;AC=MS:1001251	9	1	20200923_GBM_tumour_tissue__TMT10plex_HiRIEF_3-10_fr09.raw	v1.1.0	NT=ms-proteomics;VV=v1.1.0	NT=human;VV=v1.1.0	manual curation	primary - necrotic	GCH_004
GCH_007	Homo sapiens	not available	glioblastoma	1	20200923_GBM_tumour_tissue__TMT10plex_HiRIEF_3-10_fr09_TMT128N	proteomic profiling by mass spectrometry	NT=Data-dependent acquisition;AC=PRIDE:0000627	NT=Q Exactive HF;AC=MS:1002523	TMT128N	NT=Lys-C;AC=MS:1001309	NT=Trypsin;AC=MS:1001251	9	1	20200923_GBM_tumour_tissue__TMT10plex_HiRIEF_3-10_fr09.raw	v1.1.0	NT=ms-proteomics;VV=v1.1.0	NT=human;VV=v1.1.0	manual curation	primary	GCH_007
GCH_009	Homo sapiens	not available	glioblastoma	1	20200923_GBM_tumour_tissue__TMT10plex_HiRIEF_3-10_fr09_TMT128C	proteomic profiling by mass spectrometry	NT=Data-dependent acquisition;AC=PRIDE:0000627	NT=Q Exactive HF;AC=MS:1002523	TMT128C	NT=Lys-C;AC=MS:1001309	NT=Trypsin;AC=MS:1001251	9	1	20200923_GBM_tumour_tissue__TMT10plex_HiRIEF_3-10_fr09.raw	v1.1.0	NT=ms-proteomics;VV=v1.1.0	NT=human;VV=v1.1.0	manual curation	recurrent	GCH_009
GCH_010	Homo sapiens	not available	glioblastoma	1	20200923_GBM_tumour_tissue__TMT10plex_HiRIEF_3-10_fr09_TMT129N	proteomic profiling by mass spectrometry	NT=Data-dependent acquisition;AC=PRIDE:0000627	NT=Q Exactive HF;AC=MS:1002523	TMT129N	NT=Lys-C;AC=MS:1001309	NT=Trypsin;AC=MS:1001251	9	1	20200923_GBM_tumour_tissue__TMT10plex_HiRIEF_3-10_fr09.raw	v1.1.0	NT=ms-proteomics;VV=v1.1.0	NT=human;VV=v1.1.0	manual curation	recurrent	GCH_010
GCH_012	Homo sapiens	not available	glioblastoma	1	20200923_GBM_tumour_tissue__TMT10plex_HiRIEF_3-10_fr09_TMT129C	proteomic profiling by mass spectrometry	NT=Data-dependent acquisition;AC=PRIDE:0000627	NT=Q Exactive HF;AC=MS:1002523	TMT129C	NT=Lys-C;AC=MS:1001309	NT=Trypsin;AC=MS:1001251	9	1	20200923_GBM_tumour_tissue__TMT10plex_HiRIEF_3-10_fr09.raw	v1.1.0	NT=ms-proteomics;VV=v1.1.0	NT=human;VV=v1.1.0	manual curation	primary	GCH_012
GCH_014	Homo sapiens	not available	glioblastoma	1	20200923_GBM_tumour_tissue__TMT10plex_HiRIEF_3-10_fr09_TMT130N	proteomic profiling by mass spectrometry	NT=Data-dependent acquisition;AC=PRIDE:0000627	NT=Q Exactive HF;AC=MS:1002523	TMT130N	NT=Lys-C;AC=MS:1001309	NT=Trypsin;AC=MS:1001251	9	1	20200923_GBM_tumour_tissue__TMT10plex_HiRIEF_3-10_fr09.raw	v1.1.0	NT=ms-proteomics;VV=v1.1.0	NT=human;VV=v1.1.0	manual curation	primary	GCH_014
GCH_015	Homo sapiens	not available	glioblastoma	1	20200923_GBM_tumour_tissue__TMT10plex_HiRIEF_3-10_fr09_TMT130C	proteomic profiling by mass spectrometry	NT=Data-dependent acquisition;AC=PRIDE:0000627	NT=Q Exactive HF;AC=MS:1002523	TMT130C	NT=Lys-C;AC=MS:1001309	NT=Trypsin;AC=MS:1001251	9	1	20200923_GBM_tumour_tissue__TMT10plex_HiRIEF_3-10_fr09.raw	v1.1.0	NT=ms-proteomics;VV=v1.1.0	NT=human;VV=v1.1.0	manual curation	primary	GCH_015
GCH_016	Homo sapiens	not available	glioblastoma	1	20200923_GBM_tumour_tissue__TMT10plex_HiRIEF_3-10_fr09_TMT131	proteomic profiling by mass spectrometry	NT=Data-dependent acquisition;AC=PRIDE:0000627	NT=Q Exactive HF;AC=MS:1002523	TMT131	NT=Lys-C;AC=MS:1001309	NT=Trypsin;AC=MS:1001251	9	1	20200923_GBM_tumour_tissue__TMT10plex_HiRIEF_3-10_fr09.raw	v1.1.0	NT=ms-proteomics;VV=v1.1.0	NT=human;VV=v1.1.0	manual curation	primary	GCH_016
GCH_002	Homo sapiens	not available	glioblastoma	1	20200923_GBM_tumour_tissue__TMT10plex_HiRIEF_3-10_fr10_TMT126	proteomic profiling by mass spectrometry	NT=Data-dependent acquisition;AC=PRIDE:0000627	NT=Q Exactive HF;AC=MS:1002523	TMT126	NT=Lys-C;AC=MS:1001309	NT=Trypsin;AC=MS:1001251	10	1	20200923_GBM_tumour_tissue__TMT10plex_HiRIEF_3-10_fr10.raw	v1.1.0	NT=ms-proteomics;VV=v1.1.0	NT=human;VV=v1.1.0	manual curation	primary	GCH_002
GCH_003	Homo sapiens	not available	glioblastoma	1	20200923_GBM_tumour_tissue__TMT10plex_HiRIEF_3-10_fr10_TMT127N	proteomic profiling by mass spectrometry	NT=Data-dependent acquisition;AC=PRIDE:0000627	NT=Q Exactive HF;AC=MS:1002523	TMT127N	NT=Lys-C;AC=MS:1001309	NT=Trypsin;AC=MS:1001251	10	1	20200923_GBM_tumour_tissue__TMT10plex_HiRIEF_3-10_fr10.raw	v1.1.0	NT=ms-proteomics;VV=v1.1.0	NT=human;VV=v1.1.0	manual curation	recurrent	GCH_003
GCH_004	Homo sapiens	not available	glioblastoma	1	20200923_GBM_tumour_tissue__TMT10plex_HiRIEF_3-10_fr10_TMT127C	proteomic profiling by mass spectrometry	NT=Data-dependent acquisition;AC=PRIDE:0000627	NT=Q Exactive HF;AC=MS:1002523	TMT127C	NT=Lys-C;AC=MS:1001309	NT=Trypsin;AC=MS:1001251	10	1	20200923_GBM_tumour_tissue__TMT10plex_HiRIEF_3-10_fr10.raw	v1.1.0	NT=ms-proteomics;VV=v1.1.0	NT=human;VV=v1.1.0	manual curation	primary - necrotic	GCH_004
GCH_007	Homo sapiens	not available	glioblastoma	1	20200923_GBM_tumour_tissue__TMT10plex_HiRIEF_3-10_fr10_TMT128N	proteomic profiling by mass spectrometry	NT=Data-dependent acquisition;AC=PRIDE:0000627	NT=Q Exactive HF;AC=MS:1002523	TMT128N	NT=Lys-C;AC=MS:1001309	NT=Trypsin;AC=MS:1001251	10	1	20200923_GBM_tumour_tissue__TMT10plex_HiRIEF_3-10_fr10.raw	v1.1.0	NT=ms-proteomics;VV=v1.1.0	NT=human;VV=v1.1.0	manual curation	primary	GCH_007
GCH_009	Homo sapiens	not available	glioblastoma	1	20200923_GBM_tumour_tissue__TMT10plex_HiRIEF_3-10_fr10_TMT128C	proteomic profiling by mass spectrometry	NT=Data-dependent acquisition;AC=PRIDE:0000627	NT=Q Exactive HF;AC=MS:1002523	TMT128C	NT=Lys-C;AC=MS:1001309	NT=Trypsin;AC=MS:1001251	10	1	20200923_GBM_tumour_tissue__TMT10plex_HiRIEF_3-10_fr10.raw	v1.1.0	NT=ms-proteomics;VV=v1.1.0	NT=human;VV=v1.1.0	manual curation	recurrent	GCH_009
GCH_010	Homo sapiens	not available	glioblastoma	1	20200923_GBM_tumour_tissue__TMT10plex_HiRIEF_3-10_fr10_TMT129N	proteomic profiling by mass spectrometry	NT=Data-dependent acquisition;AC=PRIDE:0000627	NT=Q Exactive HF;AC=MS:1002523	TMT129N	NT=Lys-C;AC=MS:1001309	NT=Trypsin;AC=MS:1001251	10	1	20200923_GBM_tumour_tissue__TMT10plex_HiRIEF_3-10_fr10.raw	v1.1.0	NT=ms-proteomics;VV=v1.1.0	NT=human;VV=v1.1.0	manual curation	recurrent	GCH_010
GCH_012	Homo sapiens	not available	glioblastoma	1	20200923_GBM_tumour_tissue__TMT10plex_HiRIEF_3-10_fr10_TMT129C	proteomic profiling by mass spectrometry	NT=Data-dependent acquisition;AC=PRIDE:0000627	NT=Q Exactive HF;AC=MS:1002523	TMT129C	NT=Lys-C;AC=MS:1001309	NT=Trypsin;AC=MS:1001251	10	1	20200923_GBM_tumour_tissue__TMT10plex_HiRIEF_3-10_fr10.raw	v1.1.0	NT=ms-proteomics;VV=v1.1.0	NT=human;VV=v1.1.0	manual curation	primary	GCH_012
GCH_014	Homo sapiens	not available	glioblastoma	1	20200923_GBM_tumour_tissue__TMT10plex_HiRIEF_3-10_fr10_TMT130N	proteomic profiling by mass spectrometry	NT=Data-dependent acquisition;AC=PRIDE:0000627	NT=Q Exactive HF;AC=MS:1002523	TMT130N	NT=Lys-C;AC=MS:1001309	NT=Trypsin;AC=MS:1001251	10	1	20200923_GBM_tumour_tissue__TMT10plex_HiRIEF_3-10_fr10.raw	v1.1.0	NT=ms-proteomics;VV=v1.1.0	NT=human;VV=v1.1.0	manual curation	primary	GCH_014
GCH_015	Homo sapiens	not available	glioblastoma	1	20200923_GBM_tumour_tissue__TMT10plex_HiRIEF_3-10_fr10_TMT130C	proteomic profiling by mass spectrometry	NT=Data-dependent acquisition;AC=PRIDE:0000627	NT=Q Exactive HF;AC=MS:1002523	TMT130C	NT=Lys-C;AC=MS:1001309	NT=Trypsin;AC=MS:1001251	10	1	20200923_GBM_tumour_tissue__TMT10plex_HiRIEF_3-10_fr10.raw	v1.1.0	NT=ms-proteomics;VV=v1.1.0	NT=human;VV=v1.1.0	manual curation	primary	GCH_015
GCH_016	Homo sapiens	not available	glioblastoma	1	20200923_GBM_tumour_tissue__TMT10plex_HiRIEF_3-10_fr10_TMT131	proteomic profiling by mass spectrometry	NT=Data-dependent acquisition;AC=PRIDE:0000627	NT=Q Exactive HF;AC=MS:1002523	TMT131	NT=Lys-C;AC=MS:1001309	NT=Trypsin;AC=MS:1001251	10	1	20200923_GBM_tumour_tissue__TMT10plex_HiRIEF_3-10_fr10.raw	v1.1.0	NT=ms-proteomics;VV=v1.1.0	NT=human;VV=v1.1.0	manual curation	primary	GCH_016
GCH_002	Homo sapiens	not available	glioblastoma	1	20200923_GBM_tumour_tissue__TMT10plex_HiRIEF_3-10_fr72_TMT126	proteomic profiling by mass spectrometry	NT=Data-dependent acquisition;AC=PRIDE:0000627	NT=Q Exactive HF;AC=MS:1002523	TMT126	NT=Lys-C;AC=MS:1001309	NT=Trypsin;AC=MS:1001251	72	1	20200923_GBM_tumour_tissue__TMT10plex_HiRIEF_3-10_fr72.raw	v1.1.0	NT=ms-proteomics;VV=v1.1.0	NT=human;VV=v1.1.0	manual curation	primary	GCH_002
GCH_003	Homo sapiens	not available	glioblastoma	1	20200923_GBM_tumour_tissue__TMT10plex_HiRIEF_3-10_fr72_TMT127N	proteomic profiling by mass spectrometry	NT=Data-dependent acquisition;AC=PRIDE:0000627	NT=Q Exactive HF;AC=MS:1002523	TMT127N	NT=Lys-C;AC=MS:1001309	NT=Trypsin;AC=MS:1001251	72	1	20200923_GBM_tumour_tissue__TMT10plex_HiRIEF_3-10_fr72.raw	v1.1.0	NT=ms-proteomics;VV=v1.1.0	NT=human;VV=v1.1.0	manual curation	recurrent	GCH_003
GCH_004	Homo sapiens	not available	glioblastoma	1	20200923_GBM_tumour_tissue__TMT10plex_HiRIEF_3-10_fr72_TMT127C	proteomic profiling by mass spectrometry	NT=Data-dependent acquisition;AC=PRIDE:0000627	NT=Q Exactive HF;AC=MS:1002523	TMT127C	NT=Lys-C;AC=MS:1001309	NT=Trypsin;AC=MS:1001251	72	1	20200923_GBM_tumour_tissue__TMT10plex_HiRIEF_3-10_fr72.raw	v1.1.0	NT=ms-proteomics;VV=v1.1.0	NT=human;VV=v1.1.0	manual curation	primary - necrotic	GCH_004
GCH_007	Homo sapiens	not available	glioblastoma	1	20200923_GBM_tumour_tissue__TMT10plex_HiRIEF_3-10_fr72_TMT128N	proteomic profiling by mass spectrometry	NT=Data-dependent acquisition;AC=PRIDE:0000627	NT=Q Exactive HF;AC=MS:1002523	TMT128N	NT=Lys-C;AC=MS:1001309	NT=Trypsin;AC=MS:1001251	72	1	20200923_GBM_tumour_tissue__TMT10plex_HiRIEF_3-10_fr72.raw	v1.1.0	NT=ms-proteomics;VV=v1.1.0	NT=human;VV=v1.1.0	manual curation	primary	GCH_007
GCH_009	Homo sapiens	not available	glioblastoma	1	20200923_GBM_tumour_tissue__TMT10plex_HiRIEF_3-10_fr72_TMT128C	proteomic profiling by mass spectrometry	NT=Data-dependent acquisition;AC=PRIDE:0000627	NT=Q Exactive HF;AC=MS:1002523	TMT128C	NT=Lys-C;AC=MS:1001309	NT=Trypsin;AC=MS:1001251	72	1	20200923_GBM_tumour_tissue__TMT10plex_HiRIEF_3-10_fr72.raw	v1.1.0	NT=ms-proteomics;VV=v1.1.0	NT=human;VV=v1.1.0	manual curation	recurrent	GCH_009
GCH_010	Homo sapiens	not available	glioblastoma	1	20200923_GBM_tumour_tissue__TMT10plex_HiRIEF_3-10_fr72_TMT129N	proteomic profiling by mass spectrometry	NT=Data-dependent acquisition;AC=PRIDE:0000627	NT=Q Exactive HF;AC=MS:1002523	TMT129N	NT=Lys-C;AC=MS:1001309	NT=Trypsin;AC=MS:1001251	72	1	20200923_GBM_tumour_tissue__TMT10plex_HiRIEF_3-10_fr72.raw	v1.1.0	NT=ms-proteomics;VV=v1.1.0	NT=human;VV=v1.1.0	manual curation	recurrent	GCH_010
GCH_012	Homo sapiens	not available	glioblastoma	1	20200923_GBM_tumour_tissue__TMT10plex_HiRIEF_3-10_fr72_TMT129C	proteomic profiling by mass spectrometry	NT=Data-dependent acquisition;AC=PRIDE:0000627	NT=Q Exactive HF;AC=MS:1002523	TMT129C	NT=Lys-C;AC=MS:1001309	NT=Trypsin;AC=MS:1001251	72	1	20200923_GBM_tumour_tissue__TMT10plex_HiRIEF_3-10_fr72.raw	v1.1.0	NT=ms-proteomics;VV=v1.1.0	NT=human;VV=v1.1.0	manual curation	primary	GCH_012
GCH_014	Homo sapiens	not available	glioblastoma	1	20200923_GBM_tumour_tissue__TMT10plex_HiRIEF_3-10_fr72_TMT130N	proteomic profiling by mass spectrometry	NT=Data-dependent acquisition;AC=PRIDE:0000627	NT=Q Exactive HF;AC=MS:1002523	TMT130N	NT=Lys-C;AC=MS:1001309	NT=Trypsin;AC=MS:1001251	72	1	20200923_GBM_tumour_tissue__TMT10plex_HiRIEF_3-10_fr72.raw	v1.1.0	NT=ms-proteomics;VV=v1.1.0	NT=human;VV=v1.1.0	manual curation	primary	GCH_014
GCH_015	Homo sapiens	not available	glioblastoma	1	20200923_GBM_tumour_tissue__TMT10plex_HiRIEF_3-10_fr72_TMT130C	proteomic profiling by mass spectrometry	NT=Data-dependent acquisition;AC=PRIDE:0000627	NT=Q Exactive HF;AC=MS:1002523	TMT130C	NT=Lys-C;AC=MS:1001309	NT=Trypsin;AC=MS:1001251	72	1	20200923_GBM_tumour_tissue__TMT10plex_HiRIEF_3-10_fr72.raw	v1.1.0	NT=ms-proteomics;VV=v1.1.0	NT=human;VV=v1.1.0	manual curation	primary	GCH_015
GCH_016	Homo sapiens	not available	glioblastoma	1	20200923_GBM_tumour_tissue__TMT10plex_HiRIEF_3-10_fr72_TMT131	proteomic profiling by mass spectrometry	NT=Data-dependent acquisition;AC=PRIDE:0000627	NT=Q Exactive HF;AC=MS:1002523	TMT131	NT=Lys-C;AC=MS:1001309	NT=Trypsin;AC=MS:1001251	72	1	20200923_GBM_tumour_tissue__TMT10plex_HiRIEF_3-10_fr72.raw	v1.1.0	NT=ms-proteomics;VV=v1.1.0	NT=human;VV=v1.1.0	manual curation	primary	GCH_016
GCH_002	Homo sapiens	not available	glioblastoma	1	20200923_GBM_tumour_tissue__TMT10plex_HiRIEF_3-10_fr19_TMT126	proteomic profiling by mass spectrometry	NT=Data-dependent acquisition;AC=PRIDE:0000627	NT=Q Exactive HF;AC=MS:1002523	TMT126	NT=Lys-C;AC=MS:1001309	NT=Trypsin;AC=MS:1001251	19	1	20200923_GBM_tumour_tissue__TMT10plex_HiRIEF_3-10_fr19.raw	v1.1.0	NT=ms-proteomics;VV=v1.1.0	NT=human;VV=v1.1.0	manual curation	primary	GCH_002
GCH_003	Homo sapiens	not available	glioblastoma	1	20200923_GBM_tumour_tissue__TMT10plex_HiRIEF_3-10_fr19_TMT127N	proteomic profiling by mass spectrometry	NT=Data-dependent acquisition;AC=PRIDE:0000627	NT=Q Exactive HF;AC=MS:1002523	TMT127N	NT=Lys-C;AC=MS:1001309	NT=Trypsin;AC=MS:1001251	19	1	20200923_GBM_tumour_tissue__TMT10plex_HiRIEF_3-10_fr19.raw	v1.1.0	NT=ms-proteomics;VV=v1.1.0	NT=human;VV=v1.1.0	manual curation	recurrent	GCH_003
GCH_004	Homo sapiens	not available	glioblastoma	1	20200923_GBM_tumour_tissue__TMT10plex_HiRIEF_3-10_fr19_TMT127C	proteomic profiling by mass spectrometry	NT=Data-dependent acquisition;AC=PRIDE:0000627	NT=Q Exactive HF;AC=MS:1002523	TMT127C	NT=Lys-C;AC=MS:1001309	NT=Trypsin;AC=MS:1001251	19	1	20200923_GBM_tumour_tissue__TMT10plex_HiRIEF_3-10_fr19.raw	v1.1.0	NT=ms-proteomics;VV=v1.1.0	NT=human;VV=v1.1.0	manual curation	primary - necrotic	GCH_004
GCH_007	Homo sapiens	not available	glioblastoma	1	20200923_GBM_tumour_tissue__TMT10plex_HiRIEF_3-10_fr19_TMT128N	proteomic profiling by mass spectrometry	NT=Data-dependent acquisition;AC=PRIDE:0000627	NT=Q Exactive HF;AC=MS:1002523	TMT128N	NT=Lys-C;AC=MS:1001309	NT=Trypsin;AC=MS:1001251	19	1	20200923_GBM_tumour_tissue__TMT10plex_HiRIEF_3-10_fr19.raw	v1.1.0	NT=ms-proteomics;VV=v1.1.0	NT=human;VV=v1.1.0	manual curation	primary	GCH_007
GCH_009	Homo sapiens	not available	glioblastoma	1	20200923_GBM_tumour_tissue__TMT10plex_HiRIEF_3-10_fr19_TMT128C	proteomic profiling by mass spectrometry	NT=Data-dependent acquisition;AC=PRIDE:0000627	NT=Q Exactive HF;AC=MS:1002523	TMT128C	NT=Lys-C;AC=MS:1001309	NT=Trypsin;AC=MS:1001251	19	1	20200923_GBM_tumour_tissue__TMT10plex_HiRIEF_3-10_fr19.raw	v1.1.0	NT=ms-proteomics;VV=v1.1.0	NT=human;VV=v1.1.0	manual curation	recurrent	GCH_009
GCH_010	Homo sapiens	not available	glioblastoma	1	20200923_GBM_tumour_tissue__TMT10plex_HiRIEF_3-10_fr19_TMT129N	proteomic profiling by mass spectrometry	NT=Data-dependent acquisition;AC=PRIDE:0000627	NT=Q Exactive HF;AC=MS:1002523	TMT129N	NT=Lys-C;AC=MS:1001309	NT=Trypsin;AC=MS:1001251	19	1	20200923_GBM_tumour_tissue__TMT10plex_HiRIEF_3-10_fr19.raw	v1.1.0	NT=ms-proteomics;VV=v1.1.0	NT=human;VV=v1.1.0	manual curation	recurrent	GCH_010
GCH_012	Homo sapiens	not available	glioblastoma	1	20200923_GBM_tumour_tissue__TMT10plex_HiRIEF_3-10_fr19_TMT129C	proteomic profiling by mass spectrometry	NT=Data-dependent acquisition;AC=PRIDE:0000627	NT=Q Exactive HF;AC=MS:1002523	TMT129C	NT=Lys-C;AC=MS:1001309	NT=Trypsin;AC=MS:1001251	19	1	20200923_GBM_tumour_tissue__TMT10plex_HiRIEF_3-10_fr19.raw	v1.1.0	NT=ms-proteomics;VV=v1.1.0	NT=human;VV=v1.1.0	manual curation	primary	GCH_012
GCH_014	Homo sapiens	not available	glioblastoma	1	20200923_GBM_tumour_tissue__TMT10plex_HiRIEF_3-10_fr19_TMT130N	proteomic profiling by mass spectrometry	NT=Data-dependent acquisition;AC=PRIDE:0000627	NT=Q Exactive HF;AC=MS:1002523	TMT130N	NT=Lys-C;AC=MS:1001309	NT=Trypsin;AC=MS:1001251	19	1	20200923_GBM_tumour_tissue__TMT10plex_HiRIEF_3-10_fr19.raw	v1.1.0	NT=ms-proteomics;VV=v1.1.0	NT=human;VV=v1.1.0	manual curation	primary	GCH_014
GCH_015	Homo sapiens	not available	glioblastoma	1	20200923_GBM_tumour_tissue__TMT10plex_HiRIEF_3-10_fr19_TMT130C	proteomic profiling by mass spectrometry	NT=Data-dependent acquisition;AC=PRIDE:0000627	NT=Q Exactive HF;AC=MS:1002523	TMT130C	NT=Lys-C;AC=MS:1001309	NT=Trypsin;AC=MS:1001251	19	1	20200923_GBM_tumour_tissue__TMT10plex_HiRIEF_3-10_fr19.raw	v1.1.0	NT=ms-proteomics;VV=v1.1.0	NT=human;VV=v1.1.0	manual curation	primary	GCH_015
GCH_016	Homo sapiens	not available	glioblastoma	1	20200923_GBM_tumour_tissue__TMT10plex_HiRIEF_3-10_fr19_TMT131	proteomic profiling by mass spectrometry	NT=Data-dependent acquisition;AC=PRIDE:0000627	NT=Q Exactive HF;AC=MS:1002523	TMT131	NT=Lys-C;AC=MS:1001309	NT=Trypsin;AC=MS:1001251	19	1	20200923_GBM_tumour_tissue__TMT10plex_HiRIEF_3-10_fr19.raw	v1.1.0	NT=ms-proteomics;VV=v1.1.0	NT=human;VV=v1.1.0	manual curation	primary	GCH_016
GCH_002	Homo sapiens	not available	glioblastoma	1	20200923_GBM_tumour_tissue__TMT10plex_HiRIEF_3-10_fr52_TMT126	proteomic profiling by mass spectrometry	NT=Data-dependent acquisition;AC=PRIDE:0000627	NT=Q Exactive HF;AC=MS:1002523	TMT126	NT=Lys-C;AC=MS:1001309	NT=Trypsin;AC=MS:1001251	52	1	20200923_GBM_tumour_tissue__TMT10plex_HiRIEF_3-10_fr52.raw	v1.1.0	NT=ms-proteomics;VV=v1.1.0	NT=human;VV=v1.1.0	manual curation	primary	GCH_002
GCH_003	Homo sapiens	not available	glioblastoma	1	20200923_GBM_tumour_tissue__TMT10plex_HiRIEF_3-10_fr52_TMT127N	proteomic profiling by mass spectrometry	NT=Data-dependent acquisition;AC=PRIDE:0000627	NT=Q Exactive HF;AC=MS:1002523	TMT127N	NT=Lys-C;AC=MS:1001309	NT=Trypsin;AC=MS:1001251	52	1	20200923_GBM_tumour_tissue__TMT10plex_HiRIEF_3-10_fr52.raw	v1.1.0	NT=ms-proteomics;VV=v1.1.0	NT=human;VV=v1.1.0	manual curation	recurrent	GCH_003
GCH_004	Homo sapiens	not available	glioblastoma	1	20200923_GBM_tumour_tissue__TMT10plex_HiRIEF_3-10_fr52_TMT127C	proteomic profiling by mass spectrometry	NT=Data-dependent acquisition;AC=PRIDE:0000627	NT=Q Exactive HF;AC=MS:1002523	TMT127C	NT=Lys-C;AC=MS:1001309	NT=Trypsin;AC=MS:1001251	52	1	20200923_GBM_tumour_tissue__TMT10plex_HiRIEF_3-10_fr52.raw	v1.1.0	NT=ms-proteomics;VV=v1.1.0	NT=human;VV=v1.1.0	manual curation	primary - necrotic	GCH_004
GCH_007	Homo sapiens	not available	glioblastoma	1	20200923_GBM_tumour_tissue__TMT10plex_HiRIEF_3-10_fr52_TMT128N	proteomic profiling by mass spectrometry	NT=Data-dependent acquisition;AC=PRIDE:0000627	NT=Q Exactive HF;AC=MS:1002523	TMT128N	NT=Lys-C;AC=MS:1001309	NT=Trypsin;AC=MS:1001251	52	1	20200923_GBM_tumour_tissue__TMT10plex_HiRIEF_3-10_fr52.raw	v1.1.0	NT=ms-proteomics;VV=v1.1.0	NT=human;VV=v1.1.0	manual curation	primary	GCH_007
GCH_009	Homo sapiens	not available	glioblastoma	1	20200923_GBM_tumour_tissue__TMT10plex_HiRIEF_3-10_fr52_TMT128C	proteomic profiling by mass spectrometry	NT=Data-dependent acquisition;AC=PRIDE:0000627	NT=Q Exactive HF;AC=MS:1002523	TMT128C	NT=Lys-C;AC=MS:1001309	NT=Trypsin;AC=MS:1001251	52	1	20200923_GBM_tumour_tissue__TMT10plex_HiRIEF_3-10_fr52.raw	v1.1.0	NT=ms-proteomics;VV=v1.1.0	NT=human;VV=v1.1.0	manual curation	recurrent	GCH_009
GCH_010	Homo sapiens	not available	glioblastoma	1	20200923_GBM_tumour_tissue__TMT10plex_HiRIEF_3-10_fr52_TMT129N	proteomic profiling by mass spectrometry	NT=Data-dependent acquisition;AC=PRIDE:0000627	NT=Q Exactive HF;AC=MS:1002523	TMT129N	NT=Lys-C;AC=MS:1001309	NT=Trypsin;AC=MS:1001251	52	1	20200923_GBM_tumour_tissue__TMT10plex_HiRIEF_3-10_fr52.raw	v1.1.0	NT=ms-proteomics;VV=v1.1.0	NT=human;VV=v1.1.0	manual curation	recurrent	GCH_010
GCH_012	Homo sapiens	not available	glioblastoma	1	20200923_GBM_tumour_tissue__TMT10plex_HiRIEF_3-10_fr52_TMT129C	proteomic profiling by mass spectrometry	NT=Data-dependent acquisition;AC=PRIDE:0000627	NT=Q Exactive HF;AC=MS:1002523	TMT129C	NT=Lys-C;AC=MS:1001309	NT=Trypsin;AC=MS:1001251	52	1	20200923_GBM_tumour_tissue__TMT10plex_HiRIEF_3-10_fr52.raw	v1.1.0	NT=ms-proteomics;VV=v1.1.0	NT=human;VV=v1.1.0	manual curation	primary	GCH_012
GCH_014	Homo sapiens	not available	glioblastoma	1	20200923_GBM_tumour_tissue__TMT10plex_HiRIEF_3-10_fr52_TMT130N	proteomic profiling by mass spectrometry	NT=Data-dependent acquisition;AC=PRIDE:0000627	NT=Q Exactive HF;AC=MS:1002523	TMT130N	NT=Lys-C;AC=MS:1001309	NT=Trypsin;AC=MS:1001251	52	1	20200923_GBM_tumour_tissue__TMT10plex_HiRIEF_3-10_fr52.raw	v1.1.0	NT=ms-proteomics;VV=v1.1.0	NT=human;VV=v1.1.0	manual curation	primary	GCH_014
GCH_015	Homo sapiens	not available	glioblastoma	1	20200923_GBM_tumour_tissue__TMT10plex_HiRIEF_3-10_fr52_TMT130C	proteomic profiling by mass spectrometry	NT=Data-dependent acquisition;AC=PRIDE:0000627	NT=Q Exactive HF;AC=MS:1002523	TMT130C	NT=Lys-C;AC=MS:1001309	NT=Trypsin;AC=MS:1001251	52	1	20200923_GBM_tumour_tissue__TMT10plex_HiRIEF_3-10_fr52.raw	v1.1.0	NT=ms-proteomics;VV=v1.1.0	NT=human;VV=v1.1.0	manual curation	primary	GCH_015
GCH_016	Homo sapiens	not available	glioblastoma	1	20200923_GBM_tumour_tissue__TMT10plex_HiRIEF_3-10_fr52_TMT131	proteomic profiling by mass spectrometry	NT=Data-dependent acquisition;AC=PRIDE:0000627	NT=Q Exactive HF;AC=MS:1002523	TMT131	NT=Lys-C;AC=MS:1001309	NT=Trypsin;AC=MS:1001251	52	1	20200923_GBM_tumour_tissue__TMT10plex_HiRIEF_3-10_fr52.raw	v1.1.0	NT=ms-proteomics;VV=v1.1.0	NT=human;VV=v1.1.0	manual curation	primary	GCH_016
GCH_002	Homo sapiens	not available	glioblastoma	1	20200923_GBM_tumour_tissue__TMT10plex_HiRIEF_3-10_fr50_TMT126	proteomic profiling by mass spectrometry	NT=Data-dependent acquisition;AC=PRIDE:0000627	NT=Q Exactive HF;AC=MS:1002523	TMT126	NT=Lys-C;AC=MS:1001309	NT=Trypsin;AC=MS:1001251	50	1	20200923_GBM_tumour_tissue__TMT10plex_HiRIEF_3-10_fr50.raw	v1.1.0	NT=ms-proteomics;VV=v1.1.0	NT=human;VV=v1.1.0	manual curation	primary	GCH_002
GCH_003	Homo sapiens	not available	glioblastoma	1	20200923_GBM_tumour_tissue__TMT10plex_HiRIEF_3-10_fr50_TMT127N	proteomic profiling by mass spectrometry	NT=Data-dependent acquisition;AC=PRIDE:0000627	NT=Q Exactive HF;AC=MS:1002523	TMT127N	NT=Lys-C;AC=MS:1001309	NT=Trypsin;AC=MS:1001251	50	1	20200923_GBM_tumour_tissue__TMT10plex_HiRIEF_3-10_fr50.raw	v1.1.0	NT=ms-proteomics;VV=v1.1.0	NT=human;VV=v1.1.0	manual curation	recurrent	GCH_003
GCH_004	Homo sapiens	not available	glioblastoma	1	20200923_GBM_tumour_tissue__TMT10plex_HiRIEF_3-10_fr50_TMT127C	proteomic profiling by mass spectrometry	NT=Data-dependent acquisition;AC=PRIDE:0000627	NT=Q Exactive HF;AC=MS:1002523	TMT127C	NT=Lys-C;AC=MS:1001309	NT=Trypsin;AC=MS:1001251	50	1	20200923_GBM_tumour_tissue__TMT10plex_HiRIEF_3-10_fr50.raw	v1.1.0	NT=ms-proteomics;VV=v1.1.0	NT=human;VV=v1.1.0	manual curation	primary - necrotic	GCH_004
GCH_007	Homo sapiens	not available	glioblastoma	1	20200923_GBM_tumour_tissue__TMT10plex_HiRIEF_3-10_fr50_TMT128N	proteomic profiling by mass spectrometry	NT=Data-dependent acquisition;AC=PRIDE:0000627	NT=Q Exactive HF;AC=MS:1002523	TMT128N	NT=Lys-C;AC=MS:1001309	NT=Trypsin;AC=MS:1001251	50	1	20200923_GBM_tumour_tissue__TMT10plex_HiRIEF_3-10_fr50.raw	v1.1.0	NT=ms-proteomics;VV=v1.1.0	NT=human;VV=v1.1.0	manual curation	primary	GCH_007
GCH_009	Homo sapiens	not available	glioblastoma	1	20200923_GBM_tumour_tissue__TMT10plex_HiRIEF_3-10_fr50_TMT128C	proteomic profiling by mass spectrometry	NT=Data-dependent acquisition;AC=PRIDE:0000627	NT=Q Exactive HF;AC=MS:1002523	TMT128C	NT=Lys-C;AC=MS:1001309	NT=Trypsin;AC=MS:1001251	50	1	20200923_GBM_tumour_tissue__TMT10plex_HiRIEF_3-10_fr50.raw	v1.1.0	NT=ms-proteomics;VV=v1.1.0	NT=human;VV=v1.1.0	manual curation	recurrent	GCH_009
GCH_010	Homo sapiens	not available	glioblastoma	1	20200923_GBM_tumour_tissue__TMT10plex_HiRIEF_3-10_fr50_TMT129N	proteomic profiling by mass spectrometry	NT=Data-dependent acquisition;AC=PRIDE:0000627	NT=Q Exactive HF;AC=MS:1002523	TMT129N	NT=Lys-C;AC=MS:1001309	NT=Trypsin;AC=MS:1001251	50	1	20200923_GBM_tumour_tissue__TMT10plex_HiRIEF_3-10_fr50.raw	v1.1.0	NT=ms-proteomics;VV=v1.1.0	NT=human;VV=v1.1.0	manual curation	recurrent	GCH_010
GCH_012	Homo sapiens	not available	glioblastoma	1	20200923_GBM_tumour_tissue__TMT10plex_HiRIEF_3-10_fr50_TMT129C	proteomic profiling by mass spectrometry	NT=Data-dependent acquisition;AC=PRIDE:0000627	NT=Q Exactive HF;AC=MS:1002523	TMT129C	NT=Lys-C;AC=MS:1001309	NT=Trypsin;AC=MS:1001251	50	1	20200923_GBM_tumour_tissue__TMT10plex_HiRIEF_3-10_fr50.raw	v1.1.0	NT=ms-proteomics;VV=v1.1.0	NT=human;VV=v1.1.0	manual curation	primary	GCH_012
GCH_014	Homo sapiens	not available	glioblastoma	1	20200923_GBM_tumour_tissue__TMT10plex_HiRIEF_3-10_fr50_TMT130N	proteomic profiling by mass spectrometry	NT=Data-dependent acquisition;AC=PRIDE:0000627	NT=Q Exactive HF;AC=MS:1002523	TMT130N	NT=Lys-C;AC=MS:1001309	NT=Trypsin;AC=MS:1001251	50	1	20200923_GBM_tumour_tissue__TMT10plex_HiRIEF_3-10_fr50.raw	v1.1.0	NT=ms-proteomics;VV=v1.1.0	NT=human;VV=v1.1.0	manual curation	primary	GCH_014
GCH_015	Homo sapiens	not available	glioblastoma	1	20200923_GBM_tumour_tissue__TMT10plex_HiRIEF_3-10_fr50_TMT130C	proteomic profiling by mass spectrometry	NT=Data-dependent acquisition;AC=PRIDE:0000627	NT=Q Exactive HF;AC=MS:1002523	TMT130C	NT=Lys-C;AC=MS:1001309	NT=Trypsin;AC=MS:1001251	50	1	20200923_GBM_tumour_tissue__TMT10plex_HiRIEF_3-10_fr50.raw	v1.1.0	NT=ms-proteomics;VV=v1.1.0	NT=human;VV=v1.1.0	manual curation	primary	GCH_015
GCH_016	Homo sapiens	not available	glioblastoma	1	20200923_GBM_tumour_tissue__TMT10plex_HiRIEF_3-10_fr50_TMT131	proteomic profiling by mass spectrometry	NT=Data-dependent acquisition;AC=PRIDE:0000627	NT=Q Exactive HF;AC=MS:1002523	TMT131	NT=Lys-C;AC=MS:1001309	NT=Trypsin;AC=MS:1001251	50	1	20200923_GBM_tumour_tissue__TMT10plex_HiRIEF_3-10_fr50.raw	v1.1.0	NT=ms-proteomics;VV=v1.1.0	NT=human;VV=v1.1.0	manual curation	primary	GCH_016
GCH_002	Homo sapiens	not available	glioblastoma	1	20200923_GBM_tumour_tissue__TMT10plex_HiRIEF_3-10_fr31_TMT126	proteomic profiling by mass spectrometry	NT=Data-dependent acquisition;AC=PRIDE:0000627	NT=Q Exactive HF;AC=MS:1002523	TMT126	NT=Lys-C;AC=MS:1001309	NT=Trypsin;AC=MS:1001251	31	1	20200923_GBM_tumour_tissue__TMT10plex_HiRIEF_3-10_fr31.raw	v1.1.0	NT=ms-proteomics;VV=v1.1.0	NT=human;VV=v1.1.0	manual curation	primary	GCH_002
GCH_003	Homo sapiens	not available	glioblastoma	1	20200923_GBM_tumour_tissue__TMT10plex_HiRIEF_3-10_fr31_TMT127N	proteomic profiling by mass spectrometry	NT=Data-dependent acquisition;AC=PRIDE:0000627	NT=Q Exactive HF;AC=MS:1002523	TMT127N	NT=Lys-C;AC=MS:1001309	NT=Trypsin;AC=MS:1001251	31	1	20200923_GBM_tumour_tissue__TMT10plex_HiRIEF_3-10_fr31.raw	v1.1.0	NT=ms-proteomics;VV=v1.1.0	NT=human;VV=v1.1.0	manual curation	recurrent	GCH_003
GCH_004	Homo sapiens	not available	glioblastoma	1	20200923_GBM_tumour_tissue__TMT10plex_HiRIEF_3-10_fr31_TMT127C	proteomic profiling by mass spectrometry	NT=Data-dependent acquisition;AC=PRIDE:0000627	NT=Q Exactive HF;AC=MS:1002523	TMT127C	NT=Lys-C;AC=MS:1001309	NT=Trypsin;AC=MS:1001251	31	1	20200923_GBM_tumour_tissue__TMT10plex_HiRIEF_3-10_fr31.raw	v1.1.0	NT=ms-proteomics;VV=v1.1.0	NT=human;VV=v1.1.0	manual curation	primary - necrotic	GCH_004
GCH_007	Homo sapiens	not available	glioblastoma	1	20200923_GBM_tumour_tissue__TMT10plex_HiRIEF_3-10_fr31_TMT128N	proteomic profiling by mass spectrometry	NT=Data-dependent acquisition;AC=PRIDE:0000627	NT=Q Exactive HF;AC=MS:1002523	TMT128N	NT=Lys-C;AC=MS:1001309	NT=Trypsin;AC=MS:1001251	31	1	20200923_GBM_tumour_tissue__TMT10plex_HiRIEF_3-10_fr31.raw	v1.1.0	NT=ms-proteomics;VV=v1.1.0	NT=human;VV=v1.1.0	manual curation	primary	GCH_007
GCH_009	Homo sapiens	not available	glioblastoma	1	20200923_GBM_tumour_tissue__TMT10plex_HiRIEF_3-10_fr31_TMT128C	proteomic profiling by mass spectrometry	NT=Data-dependent acquisition;AC=PRIDE:0000627	NT=Q Exactive HF;AC=MS:1002523	TMT128C	NT=Lys-C;AC=MS:1001309	NT=Trypsin;AC=MS:1001251	31	1	20200923_GBM_tumour_tissue__TMT10plex_HiRIEF_3-10_fr31.raw	v1.1.0	NT=ms-proteomics;VV=v1.1.0	NT=human;VV=v1.1.0	manual curation	recurrent	GCH_009
GCH_010	Homo sapiens	not available	glioblastoma	1	20200923_GBM_tumour_tissue__TMT10plex_HiRIEF_3-10_fr31_TMT129N	proteomic profiling by mass spectrometry	NT=Data-dependent acquisition;AC=PRIDE:0000627	NT=Q Exactive HF;AC=MS:1002523	TMT129N	NT=Lys-C;AC=MS:1001309	NT=Trypsin;AC=MS:1001251	31	1	20200923_GBM_tumour_tissue__TMT10plex_HiRIEF_3-10_fr31.raw	v1.1.0	NT=ms-proteomics;VV=v1.1.0	NT=human;VV=v1.1.0	manual curation	recurrent	GCH_010
GCH_012	Homo sapiens	not available	glioblastoma	1	20200923_GBM_tumour_tissue__TMT10plex_HiRIEF_3-10_fr31_TMT129C	proteomic profiling by mass spectrometry	NT=Data-dependent acquisition;AC=PRIDE:0000627	NT=Q Exactive HF;AC=MS:1002523	TMT129C	NT=Lys-C;AC=MS:1001309	NT=Trypsin;AC=MS:1001251	31	1	20200923_GBM_tumour_tissue__TMT10plex_HiRIEF_3-10_fr31.raw	v1.1.0	NT=ms-proteomics;VV=v1.1.0	NT=human;VV=v1.1.0	manual curation	primary	GCH_012
GCH_014	Homo sapiens	not available	glioblastoma	1	20200923_GBM_tumour_tissue__TMT10plex_HiRIEF_3-10_fr31_TMT130N	proteomic profiling by mass spectrometry	NT=Data-dependent acquisition;AC=PRIDE:0000627	NT=Q Exactive HF;AC=MS:1002523	TMT130N	NT=Lys-C;AC=MS:1001309	NT=Trypsin;AC=MS:1001251	31	1	20200923_GBM_tumour_tissue__TMT10plex_HiRIEF_3-10_fr31.raw	v1.1.0	NT=ms-proteomics;VV=v1.1.0	NT=human;VV=v1.1.0	manual curation	primary	GCH_014
GCH_015	Homo sapiens	not available	glioblastoma	1	20200923_GBM_tumour_tissue__TMT10plex_HiRIEF_3-10_fr31_TMT130C	proteomic profiling by mass spectrometry	NT=Data-dependent acquisition;AC=PRIDE:0000627	NT=Q Exactive HF;AC=MS:1002523	TMT130C	NT=Lys-C;AC=MS:1001309	NT=Trypsin;AC=MS:1001251	31	1	20200923_GBM_tumour_tissue__TMT10plex_HiRIEF_3-10_fr31.raw	v1.1.0	NT=ms-proteomics;VV=v1.1.0	NT=human;VV=v1.1.0	manual curation	primary	GCH_015
GCH_016	Homo sapiens	not available	glioblastoma	1	20200923_GBM_tumour_tissue__TMT10plex_HiRIEF_3-10_fr31_TMT131	proteomic profiling by mass spectrometry	NT=Data-dependent acquisition;AC=PRIDE:0000627	NT=Q Exactive HF;AC=MS:1002523	TMT131	NT=Lys-C;AC=MS:1001309	NT=Trypsin;AC=MS:1001251	31	1	20200923_GBM_tumour_tissue__TMT10plex_HiRIEF_3-10_fr31.raw	v1.1.0	NT=ms-proteomics;VV=v1.1.0	NT=human;VV=v1.1.0	manual curation	primary	GCH_016
GCH_002	Homo sapiens	not available	glioblastoma	1	20200923_GBM_tumour_tissue__TMT10plex_HiRIEF_3-10_fr40_TMT126	proteomic profiling by mass spectrometry	NT=Data-dependent acquisition;AC=PRIDE:0000627	NT=Q Exactive HF;AC=MS:1002523	TMT126	NT=Lys-C;AC=MS:1001309	NT=Trypsin;AC=MS:1001251	40	1	20200923_GBM_tumour_tissue__TMT10plex_HiRIEF_3-10_fr40.raw	v1.1.0	NT=ms-proteomics;VV=v1.1.0	NT=human;VV=v1.1.0	manual curation	primary	GCH_002
GCH_003	Homo sapiens	not available	glioblastoma	1	20200923_GBM_tumour_tissue__TMT10plex_HiRIEF_3-10_fr40_TMT127N	proteomic profiling by mass spectrometry	NT=Data-dependent acquisition;AC=PRIDE:0000627	NT=Q Exactive HF;AC=MS:1002523	TMT127N	NT=Lys-C;AC=MS:1001309	NT=Trypsin;AC=MS:1001251	40	1	20200923_GBM_tumour_tissue__TMT10plex_HiRIEF_3-10_fr40.raw	v1.1.0	NT=ms-proteomics;VV=v1.1.0	NT=human;VV=v1.1.0	manual curation	recurrent	GCH_003
GCH_004	Homo sapiens	not available	glioblastoma	1	20200923_GBM_tumour_tissue__TMT10plex_HiRIEF_3-10_fr40_TMT127C	proteomic profiling by mass spectrometry	NT=Data-dependent acquisition;AC=PRIDE:0000627	NT=Q Exactive HF;AC=MS:1002523	TMT127C	NT=Lys-C;AC=MS:1001309	NT=Trypsin;AC=MS:1001251	40	1	20200923_GBM_tumour_tissue__TMT10plex_HiRIEF_3-10_fr40.raw	v1.1.0	NT=ms-proteomics;VV=v1.1.0	NT=human;VV=v1.1.0	manual curation	primary - necrotic	GCH_004
GCH_007	Homo sapiens	not available	glioblastoma	1	20200923_GBM_tumour_tissue__TMT10plex_HiRIEF_3-10_fr40_TMT128N	proteomic profiling by mass spectrometry	NT=Data-dependent acquisition;AC=PRIDE:0000627	NT=Q Exactive HF;AC=MS:1002523	TMT128N	NT=Lys-C;AC=MS:1001309	NT=Trypsin;AC=MS:1001251	40	1	20200923_GBM_tumour_tissue__TMT10plex_HiRIEF_3-10_fr40.raw	v1.1.0	NT=ms-proteomics;VV=v1.1.0	NT=human;VV=v1.1.0	manual curation	primary	GCH_007
GCH_009	Homo sapiens	not available	glioblastoma	1	20200923_GBM_tumour_tissue__TMT10plex_HiRIEF_3-10_fr40_TMT128C	proteomic profiling by mass spectrometry	NT=Data-dependent acquisition;AC=PRIDE:0000627	NT=Q Exactive HF;AC=MS:1002523	TMT128C	NT=Lys-C;AC=MS:1001309	NT=Trypsin;AC=MS:1001251	40	1	20200923_GBM_tumour_tissue__TMT10plex_HiRIEF_3-10_fr40.raw	v1.1.0	NT=ms-proteomics;VV=v1.1.0	NT=human;VV=v1.1.0	manual curation	recurrent	GCH_009
GCH_010	Homo sapiens	not available	glioblastoma	1	20200923_GBM_tumour_tissue__TMT10plex_HiRIEF_3-10_fr40_TMT129N	proteomic profiling by mass spectrometry	NT=Data-dependent acquisition;AC=PRIDE:0000627	NT=Q Exactive HF;AC=MS:1002523	TMT129N	NT=Lys-C;AC=MS:1001309	NT=Trypsin;AC=MS:1001251	40	1	20200923_GBM_tumour_tissue__TMT10plex_HiRIEF_3-10_fr40.raw	v1.1.0	NT=ms-proteomics;VV=v1.1.0	NT=human;VV=v1.1.0	manual curation	recurrent	GCH_010
GCH_012	Homo sapiens	not available	glioblastoma	1	20200923_GBM_tumour_tissue__TMT10plex_HiRIEF_3-10_fr40_TMT129C	proteomic profiling by mass spectrometry	NT=Data-dependent acquisition;AC=PRIDE:0000627	NT=Q Exactive HF;AC=MS:1002523	TMT129C	NT=Lys-C;AC=MS:1001309	NT=Trypsin;AC=MS:1001251	40	1	20200923_GBM_tumour_tissue__TMT10plex_HiRIEF_3-10_fr40.raw	v1.1.0	NT=ms-proteomics;VV=v1.1.0	NT=human;VV=v1.1.0	manual curation	primary	GCH_012
GCH_014	Homo sapiens	not available	glioblastoma	1	20200923_GBM_tumour_tissue__TMT10plex_HiRIEF_3-10_fr40_TMT130N	proteomic profiling by mass spectrometry	NT=Data-dependent acquisition;AC=PRIDE:0000627	NT=Q Exactive HF;AC=MS:1002523	TMT130N	NT=Lys-C;AC=MS:1001309	NT=Trypsin;AC=MS:1001251	40	1	20200923_GBM_tumour_tissue__TMT10plex_HiRIEF_3-10_fr40.raw	v1.1.0	NT=ms-proteomics;VV=v1.1.0	NT=human;VV=v1.1.0	manual curation	primary	GCH_014
GCH_015	Homo sapiens	not available	glioblastoma	1	20200923_GBM_tumour_tissue__TMT10plex_HiRIEF_3-10_fr40_TMT130C	proteomic profiling by mass spectrometry	NT=Data-dependent acquisition;AC=PRIDE:0000627	NT=Q Exactive HF;AC=MS:1002523	TMT130C	NT=Lys-C;AC=MS:1001309	NT=Trypsin;AC=MS:1001251	40	1	20200923_GBM_tumour_tissue__TMT10plex_HiRIEF_3-10_fr40.raw	v1.1.0	NT=ms-proteomics;VV=v1.1.0	NT=human;VV=v1.1.0	manual curation	primary	GCH_015
GCH_016	Homo sapiens	not available	glioblastoma	1	20200923_GBM_tumour_tissue__TMT10plex_HiRIEF_3-10_fr40_TMT131	proteomic profiling by mass spectrometry	NT=Data-dependent acquisition;AC=PRIDE:0000627	NT=Q Exactive HF;AC=MS:1002523	TMT131	NT=Lys-C;AC=MS:1001309	NT=Trypsin;AC=MS:1001251	40	1	20200923_GBM_tumour_tissue__TMT10plex_HiRIEF_3-10_fr40.raw	v1.1.0	NT=ms-proteomics;VV=v1.1.0	NT=human;VV=v1.1.0	manual curation	primary	GCH_016
GCH_002	Homo sapiens	not available	glioblastoma	1	20200923_GBM_tumour_tissue__TMT10plex_HiRIEF_3-10_fr05_TMT126	proteomic profiling by mass spectrometry	NT=Data-dependent acquisition;AC=PRIDE:0000627	NT=Q Exactive HF;AC=MS:1002523	TMT126	NT=Lys-C;AC=MS:1001309	NT=Trypsin;AC=MS:1001251	5	1	20200923_GBM_tumour_tissue__TMT10plex_HiRIEF_3-10_fr05.raw	v1.1.0	NT=ms-proteomics;VV=v1.1.0	NT=human;VV=v1.1.0	manual curation	primary	GCH_002
GCH_003	Homo sapiens	not available	glioblastoma	1	20200923_GBM_tumour_tissue__TMT10plex_HiRIEF_3-10_fr05_TMT127N	proteomic profiling by mass spectrometry	NT=Data-dependent acquisition;AC=PRIDE:0000627	NT=Q Exactive HF;AC=MS:1002523	TMT127N	NT=Lys-C;AC=MS:1001309	NT=Trypsin;AC=MS:1001251	5	1	20200923_GBM_tumour_tissue__TMT10plex_HiRIEF_3-10_fr05.raw	v1.1.0	NT=ms-proteomics;VV=v1.1.0	NT=human;VV=v1.1.0	manual curation	recurrent	GCH_003
GCH_004	Homo sapiens	not available	glioblastoma	1	20200923_GBM_tumour_tissue__TMT10plex_HiRIEF_3-10_fr05_TMT127C	proteomic profiling by mass spectrometry	NT=Data-dependent acquisition;AC=PRIDE:0000627	NT=Q Exactive HF;AC=MS:1002523	TMT127C	NT=Lys-C;AC=MS:1001309	NT=Trypsin;AC=MS:1001251	5	1	20200923_GBM_tumour_tissue__TMT10plex_HiRIEF_3-10_fr05.raw	v1.1.0	NT=ms-proteomics;VV=v1.1.0	NT=human;VV=v1.1.0	manual curation	primary - necrotic	GCH_004
GCH_007	Homo sapiens	not available	glioblastoma	1	20200923_GBM_tumour_tissue__TMT10plex_HiRIEF_3-10_fr05_TMT128N	proteomic profiling by mass spectrometry	NT=Data-dependent acquisition;AC=PRIDE:0000627	NT=Q Exactive HF;AC=MS:1002523	TMT128N	NT=Lys-C;AC=MS:1001309	NT=Trypsin;AC=MS:1001251	5	1	20200923_GBM_tumour_tissue__TMT10plex_HiRIEF_3-10_fr05.raw	v1.1.0	NT=ms-proteomics;VV=v1.1.0	NT=human;VV=v1.1.0	manual curation	primary	GCH_007
GCH_009	Homo sapiens	not available	glioblastoma	1	20200923_GBM_tumour_tissue__TMT10plex_HiRIEF_3-10_fr05_TMT128C	proteomic profiling by mass spectrometry	NT=Data-dependent acquisition;AC=PRIDE:0000627	NT=Q Exactive HF;AC=MS:1002523	TMT128C	NT=Lys-C;AC=MS:1001309	NT=Trypsin;AC=MS:1001251	5	1	20200923_GBM_tumour_tissue__TMT10plex_HiRIEF_3-10_fr05.raw	v1.1.0	NT=ms-proteomics;VV=v1.1.0	NT=human;VV=v1.1.0	manual curation	recurrent	GCH_009
GCH_010	Homo sapiens	not available	glioblastoma	1	20200923_GBM_tumour_tissue__TMT10plex_HiRIEF_3-10_fr05_TMT129N	proteomic profiling by mass spectrometry	NT=Data-dependent acquisition;AC=PRIDE:0000627	NT=Q Exactive HF;AC=MS:1002523	TMT129N	NT=Lys-C;AC=MS:1001309	NT=Trypsin;AC=MS:1001251	5	1	20200923_GBM_tumour_tissue__TMT10plex_HiRIEF_3-10_fr05.raw	v1.1.0	NT=ms-proteomics;VV=v1.1.0	NT=human;VV=v1.1.0	manual curation	recurrent	GCH_010
GCH_012	Homo sapiens	not available	glioblastoma	1	20200923_GBM_tumour_tissue__TMT10plex_HiRIEF_3-10_fr05_TMT129C	proteomic profiling by mass spectrometry	NT=Data-dependent acquisition;AC=PRIDE:0000627	NT=Q Exactive HF;AC=MS:1002523	TMT129C	NT=Lys-C;AC=MS:1001309	NT=Trypsin;AC=MS:1001251	5	1	20200923_GBM_tumour_tissue__TMT10plex_HiRIEF_3-10_fr05.raw	v1.1.0	NT=ms-proteomics;VV=v1.1.0	NT=human;VV=v1.1.0	manual curation	primary	GCH_012
GCH_014	Homo sapiens	not available	glioblastoma	1	20200923_GBM_tumour_tissue__TMT10plex_HiRIEF_3-10_fr05_TMT130N	proteomic profiling by mass spectrometry	NT=Data-dependent acquisition;AC=PRIDE:0000627	NT=Q Exactive HF;AC=MS:1002523	TMT130N	NT=Lys-C;AC=MS:1001309	NT=Trypsin;AC=MS:1001251	5	1	20200923_GBM_tumour_tissue__TMT10plex_HiRIEF_3-10_fr05.raw	v1.1.0	NT=ms-proteomics;VV=v1.1.0	NT=human;VV=v1.1.0	manual curation	primary	GCH_014
GCH_015	Homo sapiens	not available	glioblastoma	1	20200923_GBM_tumour_tissue__TMT10plex_HiRIEF_3-10_fr05_TMT130C	proteomic profiling by mass spectrometry	NT=Data-dependent acquisition;AC=PRIDE:0000627	NT=Q Exactive HF;AC=MS:1002523	TMT130C	NT=Lys-C;AC=MS:1001309	NT=Trypsin;AC=MS:1001251	5	1	20200923_GBM_tumour_tissue__TMT10plex_HiRIEF_3-10_fr05.raw	v1.1.0	NT=ms-proteomics;VV=v1.1.0	NT=human;VV=v1.1.0	manual curation	primary	GCH_015
GCH_016	Homo sapiens	not available	glioblastoma	1	20200923_GBM_tumour_tissue__TMT10plex_HiRIEF_3-10_fr05_TMT131	proteomic profiling by mass spectrometry	NT=Data-dependent acquisition;AC=PRIDE:0000627	NT=Q Exactive HF;AC=MS:1002523	TMT131	NT=Lys-C;AC=MS:1001309	NT=Trypsin;AC=MS:1001251	5	1	20200923_GBM_tumour_tissue__TMT10plex_HiRIEF_3-10_fr05.raw	v1.1.0	NT=ms-proteomics;VV=v1.1.0	NT=human;VV=v1.1.0	manual curation	primary	GCH_016
GCH_002	Homo sapiens	not available	glioblastoma	1	20200923_GBM_tumour_tissue__TMT10plex_HiRIEF_3-10_fr30_TMT126	proteomic profiling by mass spectrometry	NT=Data-dependent acquisition;AC=PRIDE:0000627	NT=Q Exactive HF;AC=MS:1002523	TMT126	NT=Lys-C;AC=MS:1001309	NT=Trypsin;AC=MS:1001251	30	1	20200923_GBM_tumour_tissue__TMT10plex_HiRIEF_3-10_fr30.raw	v1.1.0	NT=ms-proteomics;VV=v1.1.0	NT=human;VV=v1.1.0	manual curation	primary	GCH_002
GCH_003	Homo sapiens	not available	glioblastoma	1	20200923_GBM_tumour_tissue__TMT10plex_HiRIEF_3-10_fr30_TMT127N	proteomic profiling by mass spectrometry	NT=Data-dependent acquisition;AC=PRIDE:0000627	NT=Q Exactive HF;AC=MS:1002523	TMT127N	NT=Lys-C;AC=MS:1001309	NT=Trypsin;AC=MS:1001251	30	1	20200923_GBM_tumour_tissue__TMT10plex_HiRIEF_3-10_fr30.raw	v1.1.0	NT=ms-proteomics;VV=v1.1.0	NT=human;VV=v1.1.0	manual curation	recurrent	GCH_003
GCH_004	Homo sapiens	not available	glioblastoma	1	20200923_GBM_tumour_tissue__TMT10plex_HiRIEF_3-10_fr30_TMT127C	proteomic profiling by mass spectrometry	NT=Data-dependent acquisition;AC=PRIDE:0000627	NT=Q Exactive HF;AC=MS:1002523	TMT127C	NT=Lys-C;AC=MS:1001309	NT=Trypsin;AC=MS:1001251	30	1	20200923_GBM_tumour_tissue__TMT10plex_HiRIEF_3-10_fr30.raw	v1.1.0	NT=ms-proteomics;VV=v1.1.0	NT=human;VV=v1.1.0	manual curation	primary - necrotic	GCH_004
GCH_007	Homo sapiens	not available	glioblastoma	1	20200923_GBM_tumour_tissue__TMT10plex_HiRIEF_3-10_fr30_TMT128N	proteomic profiling by mass spectrometry	NT=Data-dependent acquisition;AC=PRIDE:0000627	NT=Q Exactive HF;AC=MS:1002523	TMT128N	NT=Lys-C;AC=MS:1001309	NT=Trypsin;AC=MS:1001251	30	1	20200923_GBM_tumour_tissue__TMT10plex_HiRIEF_3-10_fr30.raw	v1.1.0	NT=ms-proteomics;VV=v1.1.0	NT=human;VV=v1.1.0	manual curation	primary	GCH_007
GCH_009	Homo sapiens	not available	glioblastoma	1	20200923_GBM_tumour_tissue__TMT10plex_HiRIEF_3-10_fr30_TMT128C	proteomic profiling by mass spectrometry	NT=Data-dependent acquisition;AC=PRIDE:0000627	NT=Q Exactive HF;AC=MS:1002523	TMT128C	NT=Lys-C;AC=MS:1001309	NT=Trypsin;AC=MS:1001251	30	1	20200923_GBM_tumour_tissue__TMT10plex_HiRIEF_3-10_fr30.raw	v1.1.0	NT=ms-proteomics;VV=v1.1.0	NT=human;VV=v1.1.0	manual curation	recurrent	GCH_009
GCH_010	Homo sapiens	not available	glioblastoma	1	20200923_GBM_tumour_tissue__TMT10plex_HiRIEF_3-10_fr30_TMT129N	proteomic profiling by mass spectrometry	NT=Data-dependent acquisition;AC=PRIDE:0000627	NT=Q Exactive HF;AC=MS:1002523	TMT129N	NT=Lys-C;AC=MS:1001309	NT=Trypsin;AC=MS:1001251	30	1	20200923_GBM_tumour_tissue__TMT10plex_HiRIEF_3-10_fr30.raw	v1.1.0	NT=ms-proteomics;VV=v1.1.0	NT=human;VV=v1.1.0	manual curation	recurrent	GCH_010
GCH_012	Homo sapiens	not available	glioblastoma	1	20200923_GBM_tumour_tissue__TMT10plex_HiRIEF_3-10_fr30_TMT129C	proteomic profiling by mass spectrometry	NT=Data-dependent acquisition;AC=PRIDE:0000627	NT=Q Exactive HF;AC=MS:1002523	TMT129C	NT=Lys-C;AC=MS:1001309	NT=Trypsin;AC=MS:1001251	30	1	20200923_GBM_tumour_tissue__TMT10plex_HiRIEF_3-10_fr30.raw	v1.1.0	NT=ms-proteomics;VV=v1.1.0	NT=human;VV=v1.1.0	manual curation	primary	GCH_012
GCH_014	Homo sapiens	not available	glioblastoma	1	20200923_GBM_tumour_tissue__TMT10plex_HiRIEF_3-10_fr30_TMT130N	proteomic profiling by mass spectrometry	NT=Data-dependent acquisition;AC=PRIDE:0000627	NT=Q Exactive HF;AC=MS:1002523	TMT130N	NT=Lys-C;AC=MS:1001309	NT=Trypsin;AC=MS:1001251	30	1	20200923_GBM_tumour_tissue__TMT10plex_HiRIEF_3-10_fr30.raw	v1.1.0	NT=ms-proteomics;VV=v1.1.0	NT=human;VV=v1.1.0	manual curation	primary	GCH_014
GCH_015	Homo sapiens	not available	glioblastoma	1	20200923_GBM_tumour_tissue__TMT10plex_HiRIEF_3-10_fr30_TMT130C	proteomic profiling by mass spectrometry	NT=Data-dependent acquisition;AC=PRIDE:0000627	NT=Q Exactive HF;AC=MS:1002523	TMT130C	NT=Lys-C;AC=MS:1001309	NT=Trypsin;AC=MS:1001251	30	1	20200923_GBM_tumour_tissue__TMT10plex_HiRIEF_3-10_fr30.raw	v1.1.0	NT=ms-proteomics;VV=v1.1.0	NT=human;VV=v1.1.0	manual curation	primary	GCH_015
GCH_016	Homo sapiens	not available	glioblastoma	1	20200923_GBM_tumour_tissue__TMT10plex_HiRIEF_3-10_fr30_TMT131	proteomic profiling by mass spectrometry	NT=Data-dependent acquisition;AC=PRIDE:0000627	NT=Q Exactive HF;AC=MS:1002523	TMT131	NT=Lys-C;AC=MS:1001309	NT=Trypsin;AC=MS:1001251	30	1	20200923_GBM_tumour_tissue__TMT10plex_HiRIEF_3-10_fr30.raw	v1.1.0	NT=ms-proteomics;VV=v1.1.0	NT=human;VV=v1.1.0	manual curation	primary	GCH_016
GCH_002	Homo sapiens	not available	glioblastoma	1	20200923_GBM_tumour_tissue__TMT10plex_HiRIEF_3-10_fr27_TMT126	proteomic profiling by mass spectrometry	NT=Data-dependent acquisition;AC=PRIDE:0000627	NT=Q Exactive HF;AC=MS:1002523	TMT126	NT=Lys-C;AC=MS:1001309	NT=Trypsin;AC=MS:1001251	27	1	20200923_GBM_tumour_tissue__TMT10plex_HiRIEF_3-10_fr27.raw	v1.1.0	NT=ms-proteomics;VV=v1.1.0	NT=human;VV=v1.1.0	manual curation	primary	GCH_002
GCH_003	Homo sapiens	not available	glioblastoma	1	20200923_GBM_tumour_tissue__TMT10plex_HiRIEF_3-10_fr27_TMT127N	proteomic profiling by mass spectrometry	NT=Data-dependent acquisition;AC=PRIDE:0000627	NT=Q Exactive HF;AC=MS:1002523	TMT127N	NT=Lys-C;AC=MS:1001309	NT=Trypsin;AC=MS:1001251	27	1	20200923_GBM_tumour_tissue__TMT10plex_HiRIEF_3-10_fr27.raw	v1.1.0	NT=ms-proteomics;VV=v1.1.0	NT=human;VV=v1.1.0	manual curation	recurrent	GCH_003
GCH_004	Homo sapiens	not available	glioblastoma	1	20200923_GBM_tumour_tissue__TMT10plex_HiRIEF_3-10_fr27_TMT127C	proteomic profiling by mass spectrometry	NT=Data-dependent acquisition;AC=PRIDE:0000627	NT=Q Exactive HF;AC=MS:1002523	TMT127C	NT=Lys-C;AC=MS:1001309	NT=Trypsin;AC=MS:1001251	27	1	20200923_GBM_tumour_tissue__TMT10plex_HiRIEF_3-10_fr27.raw	v1.1.0	NT=ms-proteomics;VV=v1.1.0	NT=human;VV=v1.1.0	manual curation	primary - necrotic	GCH_004
GCH_007	Homo sapiens	not available	glioblastoma	1	20200923_GBM_tumour_tissue__TMT10plex_HiRIEF_3-10_fr27_TMT128N	proteomic profiling by mass spectrometry	NT=Data-dependent acquisition;AC=PRIDE:0000627	NT=Q Exactive HF;AC=MS:1002523	TMT128N	NT=Lys-C;AC=MS:1001309	NT=Trypsin;AC=MS:1001251	27	1	20200923_GBM_tumour_tissue__TMT10plex_HiRIEF_3-10_fr27.raw	v1.1.0	NT=ms-proteomics;VV=v1.1.0	NT=human;VV=v1.1.0	manual curation	primary	GCH_007
GCH_009	Homo sapiens	not available	glioblastoma	1	20200923_GBM_tumour_tissue__TMT10plex_HiRIEF_3-10_fr27_TMT128C	proteomic profiling by mass spectrometry	NT=Data-dependent acquisition;AC=PRIDE:0000627	NT=Q Exactive HF;AC=MS:1002523	TMT128C	NT=Lys-C;AC=MS:1001309	NT=Trypsin;AC=MS:1001251	27	1	20200923_GBM_tumour_tissue__TMT10plex_HiRIEF_3-10_fr27.raw	v1.1.0	NT=ms-proteomics;VV=v1.1.0	NT=human;VV=v1.1.0	manual curation	recurrent	GCH_009
GCH_010	Homo sapiens	not available	glioblastoma	1	20200923_GBM_tumour_tissue__TMT10plex_HiRIEF_3-10_fr27_TMT129N	proteomic profiling by mass spectrometry	NT=Data-dependent acquisition;AC=PRIDE:0000627	NT=Q Exactive HF;AC=MS:1002523	TMT129N	NT=Lys-C;AC=MS:1001309	NT=Trypsin;AC=MS:1001251	27	1	20200923_GBM_tumour_tissue__TMT10plex_HiRIEF_3-10_fr27.raw	v1.1.0	NT=ms-proteomics;VV=v1.1.0	NT=human;VV=v1.1.0	manual curation	recurrent	GCH_010
GCH_012	Homo sapiens	not available	glioblastoma	1	20200923_GBM_tumour_tissue__TMT10plex_HiRIEF_3-10_fr27_TMT129C	proteomic profiling by mass spectrometry	NT=Data-dependent acquisition;AC=PRIDE:0000627	NT=Q Exactive HF;AC=MS:1002523	TMT129C	NT=Lys-C;AC=MS:1001309	NT=Trypsin;AC=MS:1001251	27	1	20200923_GBM_tumour_tissue__TMT10plex_HiRIEF_3-10_fr27.raw	v1.1.0	NT=ms-proteomics;VV=v1.1.0	NT=human;VV=v1.1.0	manual curation	primary	GCH_012
GCH_014	Homo sapiens	not available	glioblastoma	1	20200923_GBM_tumour_tissue__TMT10plex_HiRIEF_3-10_fr27_TMT130N	proteomic profiling by mass spectrometry	NT=Data-dependent acquisition;AC=PRIDE:0000627	NT=Q Exactive HF;AC=MS:1002523	TMT130N	NT=Lys-C;AC=MS:1001309	NT=Trypsin;AC=MS:1001251	27	1	20200923_GBM_tumour_tissue__TMT10plex_HiRIEF_3-10_fr27.raw	v1.1.0	NT=ms-proteomics;VV=v1.1.0	NT=human;VV=v1.1.0	manual curation	primary	GCH_014
GCH_015	Homo sapiens	not available	glioblastoma	1	20200923_GBM_tumour_tissue__TMT10plex_HiRIEF_3-10_fr27_TMT130C	proteomic profiling by mass spectrometry	NT=Data-dependent acquisition;AC=PRIDE:0000627	NT=Q Exactive HF;AC=MS:1002523	TMT130C	NT=Lys-C;AC=MS:1001309	NT=Trypsin;AC=MS:1001251	27	1	20200923_GBM_tumour_tissue__TMT10plex_HiRIEF_3-10_fr27.raw	v1.1.0	NT=ms-proteomics;VV=v1.1.0	NT=human;VV=v1.1.0	manual curation	primary	GCH_015
GCH_016	Homo sapiens	not available	glioblastoma	1	20200923_GBM_tumour_tissue__TMT10plex_HiRIEF_3-10_fr27_TMT131	proteomic profiling by mass spectrometry	NT=Data-dependent acquisition;AC=PRIDE:0000627	NT=Q Exactive HF;AC=MS:1002523	TMT131	NT=Lys-C;AC=MS:1001309	NT=Trypsin;AC=MS:1001251	27	1	20200923_GBM_tumour_tissue__TMT10plex_HiRIEF_3-10_fr27.raw	v1.1.0	NT=ms-proteomics;VV=v1.1.0	NT=human;VV=v1.1.0	manual curation	primary	GCH_016
GCH_002	Homo sapiens	not available	glioblastoma	1	20200923_GBM_tumour_tissue__TMT10plex_HiRIEF_3-10_fr17_TMT126	proteomic profiling by mass spectrometry	NT=Data-dependent acquisition;AC=PRIDE:0000627	NT=Q Exactive HF;AC=MS:1002523	TMT126	NT=Lys-C;AC=MS:1001309	NT=Trypsin;AC=MS:1001251	17	1	20200923_GBM_tumour_tissue__TMT10plex_HiRIEF_3-10_fr17.raw	v1.1.0	NT=ms-proteomics;VV=v1.1.0	NT=human;VV=v1.1.0	manual curation	primary	GCH_002
GCH_003	Homo sapiens	not available	glioblastoma	1	20200923_GBM_tumour_tissue__TMT10plex_HiRIEF_3-10_fr17_TMT127N	proteomic profiling by mass spectrometry	NT=Data-dependent acquisition;AC=PRIDE:0000627	NT=Q Exactive HF;AC=MS:1002523	TMT127N	NT=Lys-C;AC=MS:1001309	NT=Trypsin;AC=MS:1001251	17	1	20200923_GBM_tumour_tissue__TMT10plex_HiRIEF_3-10_fr17.raw	v1.1.0	NT=ms-proteomics;VV=v1.1.0	NT=human;VV=v1.1.0	manual curation	recurrent	GCH_003
GCH_004	Homo sapiens	not available	glioblastoma	1	20200923_GBM_tumour_tissue__TMT10plex_HiRIEF_3-10_fr17_TMT127C	proteomic profiling by mass spectrometry	NT=Data-dependent acquisition;AC=PRIDE:0000627	NT=Q Exactive HF;AC=MS:1002523	TMT127C	NT=Lys-C;AC=MS:1001309	NT=Trypsin;AC=MS:1001251	17	1	20200923_GBM_tumour_tissue__TMT10plex_HiRIEF_3-10_fr17.raw	v1.1.0	NT=ms-proteomics;VV=v1.1.0	NT=human;VV=v1.1.0	manual curation	primary - necrotic	GCH_004
GCH_007	Homo sapiens	not available	glioblastoma	1	20200923_GBM_tumour_tissue__TMT10plex_HiRIEF_3-10_fr17_TMT128N	proteomic profiling by mass spectrometry	NT=Data-dependent acquisition;AC=PRIDE:0000627	NT=Q Exactive HF;AC=MS:1002523	TMT128N	NT=Lys-C;AC=MS:1001309	NT=Trypsin;AC=MS:1001251	17	1	20200923_GBM_tumour_tissue__TMT10plex_HiRIEF_3-10_fr17.raw	v1.1.0	NT=ms-proteomics;VV=v1.1.0	NT=human;VV=v1.1.0	manual curation	primary	GCH_007
GCH_009	Homo sapiens	not available	glioblastoma	1	20200923_GBM_tumour_tissue__TMT10plex_HiRIEF_3-10_fr17_TMT128C	proteomic profiling by mass spectrometry	NT=Data-dependent acquisition;AC=PRIDE:0000627	NT=Q Exactive HF;AC=MS:1002523	TMT128C	NT=Lys-C;AC=MS:1001309	NT=Trypsin;AC=MS:1001251	17	1	20200923_GBM_tumour_tissue__TMT10plex_HiRIEF_3-10_fr17.raw	v1.1.0	NT=ms-proteomics;VV=v1.1.0	NT=human;VV=v1.1.0	manual curation	recurrent	GCH_009
GCH_010	Homo sapiens	not available	glioblastoma	1	20200923_GBM_tumour_tissue__TMT10plex_HiRIEF_3-10_fr17_TMT129N	proteomic profiling by mass spectrometry	NT=Data-dependent acquisition;AC=PRIDE:0000627	NT=Q Exactive HF;AC=MS:1002523	TMT129N	NT=Lys-C;AC=MS:1001309	NT=Trypsin;AC=MS:1001251	17	1	20200923_GBM_tumour_tissue__TMT10plex_HiRIEF_3-10_fr17.raw	v1.1.0	NT=ms-proteomics;VV=v1.1.0	NT=human;VV=v1.1.0	manual curation	recurrent	GCH_010
GCH_012	Homo sapiens	not available	glioblastoma	1	20200923_GBM_tumour_tissue__TMT10plex_HiRIEF_3-10_fr17_TMT129C	proteomic profiling by mass spectrometry	NT=Data-dependent acquisition;AC=PRIDE:0000627	NT=Q Exactive HF;AC=MS:1002523	TMT129C	NT=Lys-C;AC=MS:1001309	NT=Trypsin;AC=MS:1001251	17	1	20200923_GBM_tumour_tissue__TMT10plex_HiRIEF_3-10_fr17.raw	v1.1.0	NT=ms-proteomics;VV=v1.1.0	NT=human;VV=v1.1.0	manual curation	primary	GCH_012
GCH_014	Homo sapiens	not available	glioblastoma	1	20200923_GBM_tumour_tissue__TMT10plex_HiRIEF_3-10_fr17_TMT130N	proteomic profiling by mass spectrometry	NT=Data-dependent acquisition;AC=PRIDE:0000627	NT=Q Exactive HF;AC=MS:1002523	TMT130N	NT=Lys-C;AC=MS:1001309	NT=Trypsin;AC=MS:1001251	17	1	20200923_GBM_tumour_tissue__TMT10plex_HiRIEF_3-10_fr17.raw	v1.1.0	NT=ms-proteomics;VV=v1.1.0	NT=human;VV=v1.1.0	manual curation	primary	GCH_014
GCH_015	Homo sapiens	not available	glioblastoma	1	20200923_GBM_tumour_tissue__TMT10plex_HiRIEF_3-10_fr17_TMT130C	proteomic profiling by mass spectrometry	NT=Data-dependent acquisition;AC=PRIDE:0000627	NT=Q Exactive HF;AC=MS:1002523	TMT130C	NT=Lys-C;AC=MS:1001309	NT=Trypsin;AC=MS:1001251	17	1	20200923_GBM_tumour_tissue__TMT10plex_HiRIEF_3-10_fr17.raw	v1.1.0	NT=ms-proteomics;VV=v1.1.0	NT=human;VV=v1.1.0	manual curation	primary	GCH_015
GCH_016	Homo sapiens	not available	glioblastoma	1	20200923_GBM_tumour_tissue__TMT10plex_HiRIEF_3-10_fr17_TMT131	proteomic profiling by mass spectrometry	NT=Data-dependent acquisition;AC=PRIDE:0000627	NT=Q Exactive HF;AC=MS:1002523	TMT131	NT=Lys-C;AC=MS:1001309	NT=Trypsin;AC=MS:1001251	17	1	20200923_GBM_tumour_tissue__TMT10plex_HiRIEF_3-10_fr17.raw	v1.1.0	NT=ms-proteomics;VV=v1.1.0	NT=human;VV=v1.1.0	manual curation	primary	GCH_016
GCH_002	Homo sapiens	not available	glioblastoma	1	20200923_GBM_tumour_tissue__TMT10plex_HiRIEF_3-10_fr16_TMT126	proteomic profiling by mass spectrometry	NT=Data-dependent acquisition;AC=PRIDE:0000627	NT=Q Exactive HF;AC=MS:1002523	TMT126	NT=Lys-C;AC=MS:1001309	NT=Trypsin;AC=MS:1001251	16	1	20200923_GBM_tumour_tissue__TMT10plex_HiRIEF_3-10_fr16.raw	v1.1.0	NT=ms-proteomics;VV=v1.1.0	NT=human;VV=v1.1.0	manual curation	primary	GCH_002
GCH_003	Homo sapiens	not available	glioblastoma	1	20200923_GBM_tumour_tissue__TMT10plex_HiRIEF_3-10_fr16_TMT127N	proteomic profiling by mass spectrometry	NT=Data-dependent acquisition;AC=PRIDE:0000627	NT=Q Exactive HF;AC=MS:1002523	TMT127N	NT=Lys-C;AC=MS:1001309	NT=Trypsin;AC=MS:1001251	16	1	20200923_GBM_tumour_tissue__TMT10plex_HiRIEF_3-10_fr16.raw	v1.1.0	NT=ms-proteomics;VV=v1.1.0	NT=human;VV=v1.1.0	manual curation	recurrent	GCH_003
GCH_004	Homo sapiens	not available	glioblastoma	1	20200923_GBM_tumour_tissue__TMT10plex_HiRIEF_3-10_fr16_TMT127C	proteomic profiling by mass spectrometry	NT=Data-dependent acquisition;AC=PRIDE:0000627	NT=Q Exactive HF;AC=MS:1002523	TMT127C	NT=Lys-C;AC=MS:1001309	NT=Trypsin;AC=MS:1001251	16	1	20200923_GBM_tumour_tissue__TMT10plex_HiRIEF_3-10_fr16.raw	v1.1.0	NT=ms-proteomics;VV=v1.1.0	NT=human;VV=v1.1.0	manual curation	primary - necrotic	GCH_004
GCH_007	Homo sapiens	not available	glioblastoma	1	20200923_GBM_tumour_tissue__TMT10plex_HiRIEF_3-10_fr16_TMT128N	proteomic profiling by mass spectrometry	NT=Data-dependent acquisition;AC=PRIDE:0000627	NT=Q Exactive HF;AC=MS:1002523	TMT128N	NT=Lys-C;AC=MS:1001309	NT=Trypsin;AC=MS:1001251	16	1	20200923_GBM_tumour_tissue__TMT10plex_HiRIEF_3-10_fr16.raw	v1.1.0	NT=ms-proteomics;VV=v1.1.0	NT=human;VV=v1.1.0	manual curation	primary	GCH_007
GCH_009	Homo sapiens	not available	glioblastoma	1	20200923_GBM_tumour_tissue__TMT10plex_HiRIEF_3-10_fr16_TMT128C	proteomic profiling by mass spectrometry	NT=Data-dependent acquisition;AC=PRIDE:0000627	NT=Q Exactive HF;AC=MS:1002523	TMT128C	NT=Lys-C;AC=MS:1001309	NT=Trypsin;AC=MS:1001251	16	1	20200923_GBM_tumour_tissue__TMT10plex_HiRIEF_3-10_fr16.raw	v1.1.0	NT=ms-proteomics;VV=v1.1.0	NT=human;VV=v1.1.0	manual curation	recurrent	GCH_009
GCH_010	Homo sapiens	not available	glioblastoma	1	20200923_GBM_tumour_tissue__TMT10plex_HiRIEF_3-10_fr16_TMT129N	proteomic profiling by mass spectrometry	NT=Data-dependent acquisition;AC=PRIDE:0000627	NT=Q Exactive HF;AC=MS:1002523	TMT129N	NT=Lys-C;AC=MS:1001309	NT=Trypsin;AC=MS:1001251	16	1	20200923_GBM_tumour_tissue__TMT10plex_HiRIEF_3-10_fr16.raw	v1.1.0	NT=ms-proteomics;VV=v1.1.0	NT=human;VV=v1.1.0	manual curation	recurrent	GCH_010
GCH_012	Homo sapiens	not available	glioblastoma	1	20200923_GBM_tumour_tissue__TMT10plex_HiRIEF_3-10_fr16_TMT129C	proteomic profiling by mass spectrometry	NT=Data-dependent acquisition;AC=PRIDE:0000627	NT=Q Exactive HF;AC=MS:1002523	TMT129C	NT=Lys-C;AC=MS:1001309	NT=Trypsin;AC=MS:1001251	16	1	20200923_GBM_tumour_tissue__TMT10plex_HiRIEF_3-10_fr16.raw	v1.1.0	NT=ms-proteomics;VV=v1.1.0	NT=human;VV=v1.1.0	manual curation	primary	GCH_012
GCH_014	Homo sapiens	not available	glioblastoma	1	20200923_GBM_tumour_tissue__TMT10plex_HiRIEF_3-10_fr16_TMT130N	proteomic profiling by mass spectrometry	NT=Data-dependent acquisition;AC=PRIDE:0000627	NT=Q Exactive HF;AC=MS:1002523	TMT130N	NT=Lys-C;AC=MS:1001309	NT=Trypsin;AC=MS:1001251	16	1	20200923_GBM_tumour_tissue__TMT10plex_HiRIEF_3-10_fr16.raw	v1.1.0	NT=ms-proteomics;VV=v1.1.0	NT=human;VV=v1.1.0	manual curation	primary	GCH_014
GCH_015	Homo sapiens	not available	glioblastoma	1	20200923_GBM_tumour_tissue__TMT10plex_HiRIEF_3-10_fr16_TMT130C	proteomic profiling by mass spectrometry	NT=Data-dependent acquisition;AC=PRIDE:0000627	NT=Q Exactive HF;AC=MS:1002523	TMT130C	NT=Lys-C;AC=MS:1001309	NT=Trypsin;AC=MS:1001251	16	1	20200923_GBM_tumour_tissue__TMT10plex_HiRIEF_3-10_fr16.raw	v1.1.0	NT=ms-proteomics;VV=v1.1.0	NT=human;VV=v1.1.0	manual curation	primary	GCH_015
GCH_016	Homo sapiens	not available	glioblastoma	1	20200923_GBM_tumour_tissue__TMT10plex_HiRIEF_3-10_fr16_TMT131	proteomic profiling by mass spectrometry	NT=Data-dependent acquisition;AC=PRIDE:0000627	NT=Q Exactive HF;AC=MS:1002523	TMT131	NT=Lys-C;AC=MS:1001309	NT=Trypsin;AC=MS:1001251	16	1	20200923_GBM_tumour_tissue__TMT10plex_HiRIEF_3-10_fr16.raw	v1.1.0	NT=ms-proteomics;VV=v1.1.0	NT=human;VV=v1.1.0	manual curation	primary	GCH_016
GCH_002	Homo sapiens	not available	glioblastoma	1	20200923_GBM_tumour_tissue__TMT10plex_HiRIEF_3-10_fr11_TMT126	proteomic profiling by mass spectrometry	NT=Data-dependent acquisition;AC=PRIDE:0000627	NT=Q Exactive HF;AC=MS:1002523	TMT126	NT=Lys-C;AC=MS:1001309	NT=Trypsin;AC=MS:1001251	11	1	20200923_GBM_tumour_tissue__TMT10plex_HiRIEF_3-10_fr11.raw	v1.1.0	NT=ms-proteomics;VV=v1.1.0	NT=human;VV=v1.1.0	manual curation	primary	GCH_002
GCH_003	Homo sapiens	not available	glioblastoma	1	20200923_GBM_tumour_tissue__TMT10plex_HiRIEF_3-10_fr11_TMT127N	proteomic profiling by mass spectrometry	NT=Data-dependent acquisition;AC=PRIDE:0000627	NT=Q Exactive HF;AC=MS:1002523	TMT127N	NT=Lys-C;AC=MS:1001309	NT=Trypsin;AC=MS:1001251	11	1	20200923_GBM_tumour_tissue__TMT10plex_HiRIEF_3-10_fr11.raw	v1.1.0	NT=ms-proteomics;VV=v1.1.0	NT=human;VV=v1.1.0	manual curation	recurrent	GCH_003
GCH_004	Homo sapiens	not available	glioblastoma	1	20200923_GBM_tumour_tissue__TMT10plex_HiRIEF_3-10_fr11_TMT127C	proteomic profiling by mass spectrometry	NT=Data-dependent acquisition;AC=PRIDE:0000627	NT=Q Exactive HF;AC=MS:1002523	TMT127C	NT=Lys-C;AC=MS:1001309	NT=Trypsin;AC=MS:1001251	11	1	20200923_GBM_tumour_tissue__TMT10plex_HiRIEF_3-10_fr11.raw	v1.1.0	NT=ms-proteomics;VV=v1.1.0	NT=human;VV=v1.1.0	manual curation	primary - necrotic	GCH_004
GCH_007	Homo sapiens	not available	glioblastoma	1	20200923_GBM_tumour_tissue__TMT10plex_HiRIEF_3-10_fr11_TMT128N	proteomic profiling by mass spectrometry	NT=Data-dependent acquisition;AC=PRIDE:0000627	NT=Q Exactive HF;AC=MS:1002523	TMT128N	NT=Lys-C;AC=MS:1001309	NT=Trypsin;AC=MS:1001251	11	1	20200923_GBM_tumour_tissue__TMT10plex_HiRIEF_3-10_fr11.raw	v1.1.0	NT=ms-proteomics;VV=v1.1.0	NT=human;VV=v1.1.0	manual curation	primary	GCH_007
GCH_009	Homo sapiens	not available	glioblastoma	1	20200923_GBM_tumour_tissue__TMT10plex_HiRIEF_3-10_fr11_TMT128C	proteomic profiling by mass spectrometry	NT=Data-dependent acquisition;AC=PRIDE:0000627	NT=Q Exactive HF;AC=MS:1002523	TMT128C	NT=Lys-C;AC=MS:1001309	NT=Trypsin;AC=MS:1001251	11	1	20200923_GBM_tumour_tissue__TMT10plex_HiRIEF_3-10_fr11.raw	v1.1.0	NT=ms-proteomics;VV=v1.1.0	NT=human;VV=v1.1.0	manual curation	recurrent	GCH_009
GCH_010	Homo sapiens	not available	glioblastoma	1	20200923_GBM_tumour_tissue__TMT10plex_HiRIEF_3-10_fr11_TMT129N	proteomic profiling by mass spectrometry	NT=Data-dependent acquisition;AC=PRIDE:0000627	NT=Q Exactive HF;AC=MS:1002523	TMT129N	NT=Lys-C;AC=MS:1001309	NT=Trypsin;AC=MS:1001251	11	1	20200923_GBM_tumour_tissue__TMT10plex_HiRIEF_3-10_fr11.raw	v1.1.0	NT=ms-proteomics;VV=v1.1.0	NT=human;VV=v1.1.0	manual curation	recurrent	GCH_010
GCH_012	Homo sapiens	not available	glioblastoma	1	20200923_GBM_tumour_tissue__TMT10plex_HiRIEF_3-10_fr11_TMT129C	proteomic profiling by mass spectrometry	NT=Data-dependent acquisition;AC=PRIDE:0000627	NT=Q Exactive HF;AC=MS:1002523	TMT129C	NT=Lys-C;AC=MS:1001309	NT=Trypsin;AC=MS:1001251	11	1	20200923_GBM_tumour_tissue__TMT10plex_HiRIEF_3-10_fr11.raw	v1.1.0	NT=ms-proteomics;VV=v1.1.0	NT=human;VV=v1.1.0	manual curation	primary	GCH_012
GCH_014	Homo sapiens	not available	glioblastoma	1	20200923_GBM_tumour_tissue__TMT10plex_HiRIEF_3-10_fr11_TMT130N	proteomic profiling by mass spectrometry	NT=Data-dependent acquisition;AC=PRIDE:0000627	NT=Q Exactive HF;AC=MS:1002523	TMT130N	NT=Lys-C;AC=MS:1001309	NT=Trypsin;AC=MS:1001251	11	1	20200923_GBM_tumour_tissue__TMT10plex_HiRIEF_3-10_fr11.raw	v1.1.0	NT=ms-proteomics;VV=v1.1.0	NT=human;VV=v1.1.0	manual curation	primary	GCH_014
GCH_015	Homo sapiens	not available	glioblastoma	1	20200923_GBM_tumour_tissue__TMT10plex_HiRIEF_3-10_fr11_TMT130C	proteomic profiling by mass spectrometry	NT=Data-dependent acquisition;AC=PRIDE:0000627	NT=Q Exactive HF;AC=MS:1002523	TMT130C	NT=Lys-C;AC=MS:1001309	NT=Trypsin;AC=MS:1001251	11	1	20200923_GBM_tumour_tissue__TMT10plex_HiRIEF_3-10_fr11.raw	v1.1.0	NT=ms-proteomics;VV=v1.1.0	NT=human;VV=v1.1.0	manual curation	primary	GCH_015
GCH_016	Homo sapiens	not available	glioblastoma	1	20200923_GBM_tumour_tissue__TMT10plex_HiRIEF_3-10_fr11_TMT131	proteomic profiling by mass spectrometry	NT=Data-dependent acquisition;AC=PRIDE:0000627	NT=Q Exactive HF;AC=MS:1002523	TMT131	NT=Lys-C;AC=MS:1001309	NT=Trypsin;AC=MS:1001251	11	1	20200923_GBM_tumour_tissue__TMT10plex_HiRIEF_3-10_fr11.raw	v1.1.0	NT=ms-proteomics;VV=v1.1.0	NT=human;VV=v1.1.0	manual curation	primary	GCH_016
GCH_002	Homo sapiens	not available	glioblastoma	1	20200923_GBM_tumour_tissue__TMT10plex_HiRIEF_3-10_fr07_TMT126	proteomic profiling by mass spectrometry	NT=Data-dependent acquisition;AC=PRIDE:0000627	NT=Q Exactive HF;AC=MS:1002523	TMT126	NT=Lys-C;AC=MS:1001309	NT=Trypsin;AC=MS:1001251	7	1	20200923_GBM_tumour_tissue__TMT10plex_HiRIEF_3-10_fr07.raw	v1.1.0	NT=ms-proteomics;VV=v1.1.0	NT=human;VV=v1.1.0	manual curation	primary	GCH_002
GCH_003	Homo sapiens	not available	glioblastoma	1	20200923_GBM_tumour_tissue__TMT10plex_HiRIEF_3-10_fr07_TMT127N	proteomic profiling by mass spectrometry	NT=Data-dependent acquisition;AC=PRIDE:0000627	NT=Q Exactive HF;AC=MS:1002523	TMT127N	NT=Lys-C;AC=MS:1001309	NT=Trypsin;AC=MS:1001251	7	1	20200923_GBM_tumour_tissue__TMT10plex_HiRIEF_3-10_fr07.raw	v1.1.0	NT=ms-proteomics;VV=v1.1.0	NT=human;VV=v1.1.0	manual curation	recurrent	GCH_003
GCH_004	Homo sapiens	not available	glioblastoma	1	20200923_GBM_tumour_tissue__TMT10plex_HiRIEF_3-10_fr07_TMT127C	proteomic profiling by mass spectrometry	NT=Data-dependent acquisition;AC=PRIDE:0000627	NT=Q Exactive HF;AC=MS:1002523	TMT127C	NT=Lys-C;AC=MS:1001309	NT=Trypsin;AC=MS:1001251	7	1	20200923_GBM_tumour_tissue__TMT10plex_HiRIEF_3-10_fr07.raw	v1.1.0	NT=ms-proteomics;VV=v1.1.0	NT=human;VV=v1.1.0	manual curation	primary - necrotic	GCH_004
GCH_007	Homo sapiens	not available	glioblastoma	1	20200923_GBM_tumour_tissue__TMT10plex_HiRIEF_3-10_fr07_TMT128N	proteomic profiling by mass spectrometry	NT=Data-dependent acquisition;AC=PRIDE:0000627	NT=Q Exactive HF;AC=MS:1002523	TMT128N	NT=Lys-C;AC=MS:1001309	NT=Trypsin;AC=MS:1001251	7	1	20200923_GBM_tumour_tissue__TMT10plex_HiRIEF_3-10_fr07.raw	v1.1.0	NT=ms-proteomics;VV=v1.1.0	NT=human;VV=v1.1.0	manual curation	primary	GCH_007
GCH_009	Homo sapiens	not available	glioblastoma	1	20200923_GBM_tumour_tissue__TMT10plex_HiRIEF_3-10_fr07_TMT128C	proteomic profiling by mass spectrometry	NT=Data-dependent acquisition;AC=PRIDE:0000627	NT=Q Exactive HF;AC=MS:1002523	TMT128C	NT=Lys-C;AC=MS:1001309	NT=Trypsin;AC=MS:1001251	7	1	20200923_GBM_tumour_tissue__TMT10plex_HiRIEF_3-10_fr07.raw	v1.1.0	NT=ms-proteomics;VV=v1.1.0	NT=human;VV=v1.1.0	manual curation	recurrent	GCH_009
GCH_010	Homo sapiens	not available	glioblastoma	1	20200923_GBM_tumour_tissue__TMT10plex_HiRIEF_3-10_fr07_TMT129N	proteomic profiling by mass spectrometry	NT=Data-dependent acquisition;AC=PRIDE:0000627	NT=Q Exactive HF;AC=MS:1002523	TMT129N	NT=Lys-C;AC=MS:1001309	NT=Trypsin;AC=MS:1001251	7	1	20200923_GBM_tumour_tissue__TMT10plex_HiRIEF_3-10_fr07.raw	v1.1.0	NT=ms-proteomics;VV=v1.1.0	NT=human;VV=v1.1.0	manual curation	recurrent	GCH_010
GCH_012	Homo sapiens	not available	glioblastoma	1	20200923_GBM_tumour_tissue__TMT10plex_HiRIEF_3-10_fr07_TMT129C	proteomic profiling by mass spectrometry	NT=Data-dependent acquisition;AC=PRIDE:0000627	NT=Q Exactive HF;AC=MS:1002523	TMT129C	NT=Lys-C;AC=MS:1001309	NT=Trypsin;AC=MS:1001251	7	1	20200923_GBM_tumour_tissue__TMT10plex_HiRIEF_3-10_fr07.raw	v1.1.0	NT=ms-proteomics;VV=v1.1.0	NT=human;VV=v1.1.0	manual curation	primary	GCH_012
GCH_014	Homo sapiens	not available	glioblastoma	1	20200923_GBM_tumour_tissue__TMT10plex_HiRIEF_3-10_fr07_TMT130N	proteomic profiling by mass spectrometry	NT=Data-dependent acquisition;AC=PRIDE:0000627	NT=Q Exactive HF;AC=MS:1002523	TMT130N	NT=Lys-C;AC=MS:1001309	NT=Trypsin;AC=MS:1001251	7	1	20200923_GBM_tumour_tissue__TMT10plex_HiRIEF_3-10_fr07.raw	v1.1.0	NT=ms-proteomics;VV=v1.1.0	NT=human;VV=v1.1.0	manual curation	primary	GCH_014
GCH_015	Homo sapiens	not available	glioblastoma	1	20200923_GBM_tumour_tissue__TMT10plex_HiRIEF_3-10_fr07_TMT130C	proteomic profiling by mass spectrometry	NT=Data-dependent acquisition;AC=PRIDE:0000627	NT=Q Exactive HF;AC=MS:1002523	TMT130C	NT=Lys-C;AC=MS:1001309	NT=Trypsin;AC=MS:1001251	7	1	20200923_GBM_tumour_tissue__TMT10plex_HiRIEF_3-10_fr07.raw	v1.1.0	NT=ms-proteomics;VV=v1.1.0	NT=human;VV=v1.1.0	manual curation	primary	GCH_015
GCH_016	Homo sapiens	not available	glioblastoma	1	20200923_GBM_tumour_tissue__TMT10plex_HiRIEF_3-10_fr07_TMT131	proteomic profiling by mass spectrometry	NT=Data-dependent acquisition;AC=PRIDE:0000627	NT=Q Exactive HF;AC=MS:1002523	TMT131	NT=Lys-C;AC=MS:1001309	NT=Trypsin;AC=MS:1001251	7	1	20200923_GBM_tumour_tissue__TMT10plex_HiRIEF_3-10_fr07.raw	v1.1.0	NT=ms-proteomics;VV=v1.1.0	NT=human;VV=v1.1.0	manual curation	primary	GCH_016
GCH_002	Homo sapiens	not available	glioblastoma	1	20200923_GBM_tumour_tissue__TMT10plex_HiRIEF_3-10_fr13_TMT126	proteomic profiling by mass spectrometry	NT=Data-dependent acquisition;AC=PRIDE:0000627	NT=Q Exactive HF;AC=MS:1002523	TMT126	NT=Lys-C;AC=MS:1001309	NT=Trypsin;AC=MS:1001251	13	1	20200923_GBM_tumour_tissue__TMT10plex_HiRIEF_3-10_fr13.raw	v1.1.0	NT=ms-proteomics;VV=v1.1.0	NT=human;VV=v1.1.0	manual curation	primary	GCH_002
GCH_003	Homo sapiens	not available	glioblastoma	1	20200923_GBM_tumour_tissue__TMT10plex_HiRIEF_3-10_fr13_TMT127N	proteomic profiling by mass spectrometry	NT=Data-dependent acquisition;AC=PRIDE:0000627	NT=Q Exactive HF;AC=MS:1002523	TMT127N	NT=Lys-C;AC=MS:1001309	NT=Trypsin;AC=MS:1001251	13	1	20200923_GBM_tumour_tissue__TMT10plex_HiRIEF_3-10_fr13.raw	v1.1.0	NT=ms-proteomics;VV=v1.1.0	NT=human;VV=v1.1.0	manual curation	recurrent	GCH_003
GCH_004	Homo sapiens	not available	glioblastoma	1	20200923_GBM_tumour_tissue__TMT10plex_HiRIEF_3-10_fr13_TMT127C	proteomic profiling by mass spectrometry	NT=Data-dependent acquisition;AC=PRIDE:0000627	NT=Q Exactive HF;AC=MS:1002523	TMT127C	NT=Lys-C;AC=MS:1001309	NT=Trypsin;AC=MS:1001251	13	1	20200923_GBM_tumour_tissue__TMT10plex_HiRIEF_3-10_fr13.raw	v1.1.0	NT=ms-proteomics;VV=v1.1.0	NT=human;VV=v1.1.0	manual curation	primary - necrotic	GCH_004
GCH_007	Homo sapiens	not available	glioblastoma	1	20200923_GBM_tumour_tissue__TMT10plex_HiRIEF_3-10_fr13_TMT128N	proteomic profiling by mass spectrometry	NT=Data-dependent acquisition;AC=PRIDE:0000627	NT=Q Exactive HF;AC=MS:1002523	TMT128N	NT=Lys-C;AC=MS:1001309	NT=Trypsin;AC=MS:1001251	13	1	20200923_GBM_tumour_tissue__TMT10plex_HiRIEF_3-10_fr13.raw	v1.1.0	NT=ms-proteomics;VV=v1.1.0	NT=human;VV=v1.1.0	manual curation	primary	GCH_007
GCH_009	Homo sapiens	not available	glioblastoma	1	20200923_GBM_tumour_tissue__TMT10plex_HiRIEF_3-10_fr13_TMT128C	proteomic profiling by mass spectrometry	NT=Data-dependent acquisition;AC=PRIDE:0000627	NT=Q Exactive HF;AC=MS:1002523	TMT128C	NT=Lys-C;AC=MS:1001309	NT=Trypsin;AC=MS:1001251	13	1	20200923_GBM_tumour_tissue__TMT10plex_HiRIEF_3-10_fr13.raw	v1.1.0	NT=ms-proteomics;VV=v1.1.0	NT=human;VV=v1.1.0	manual curation	recurrent	GCH_009
GCH_010	Homo sapiens	not available	glioblastoma	1	20200923_GBM_tumour_tissue__TMT10plex_HiRIEF_3-10_fr13_TMT129N	proteomic profiling by mass spectrometry	NT=Data-dependent acquisition;AC=PRIDE:0000627	NT=Q Exactive HF;AC=MS:1002523	TMT129N	NT=Lys-C;AC=MS:1001309	NT=Trypsin;AC=MS:1001251	13	1	20200923_GBM_tumour_tissue__TMT10plex_HiRIEF_3-10_fr13.raw	v1.1.0	NT=ms-proteomics;VV=v1.1.0	NT=human;VV=v1.1.0	manual curation	recurrent	GCH_010
GCH_012	Homo sapiens	not available	glioblastoma	1	20200923_GBM_tumour_tissue__TMT10plex_HiRIEF_3-10_fr13_TMT129C	proteomic profiling by mass spectrometry	NT=Data-dependent acquisition;AC=PRIDE:0000627	NT=Q Exactive HF;AC=MS:1002523	TMT129C	NT=Lys-C;AC=MS:1001309	NT=Trypsin;AC=MS:1001251	13	1	20200923_GBM_tumour_tissue__TMT10plex_HiRIEF_3-10_fr13.raw	v1.1.0	NT=ms-proteomics;VV=v1.1.0	NT=human;VV=v1.1.0	manual curation	primary	GCH_012
GCH_014	Homo sapiens	not available	glioblastoma	1	20200923_GBM_tumour_tissue__TMT10plex_HiRIEF_3-10_fr13_TMT130N	proteomic profiling by mass spectrometry	NT=Data-dependent acquisition;AC=PRIDE:0000627	NT=Q Exactive HF;AC=MS:1002523	TMT130N	NT=Lys-C;AC=MS:1001309	NT=Trypsin;AC=MS:1001251	13	1	20200923_GBM_tumour_tissue__TMT10plex_HiRIEF_3-10_fr13.raw	v1.1.0	NT=ms-proteomics;VV=v1.1.0	NT=human;VV=v1.1.0	manual curation	primary	GCH_014
GCH_015	Homo sapiens	not available	glioblastoma	1	20200923_GBM_tumour_tissue__TMT10plex_HiRIEF_3-10_fr13_TMT130C	proteomic profiling by mass spectrometry	NT=Data-dependent acquisition;AC=PRIDE:0000627	NT=Q Exactive HF;AC=MS:1002523	TMT130C	NT=Lys-C;AC=MS:1001309	NT=Trypsin;AC=MS:1001251	13	1	20200923_GBM_tumour_tissue__TMT10plex_HiRIEF_3-10_fr13.raw	v1.1.0	NT=ms-proteomics;VV=v1.1.0	NT=human;VV=v1.1.0	manual curation	primary	GCH_015
GCH_016	Homo sapiens	not available	glioblastoma	1	20200923_GBM_tumour_tissue__TMT10plex_HiRIEF_3-10_fr13_TMT131	proteomic profiling by mass spectrometry	NT=Data-dependent acquisition;AC=PRIDE:0000627	NT=Q Exactive HF;AC=MS:1002523	TMT131	NT=Lys-C;AC=MS:1001309	NT=Trypsin;AC=MS:1001251	13	1	20200923_GBM_tumour_tissue__TMT10plex_HiRIEF_3-10_fr13.raw	v1.1.0	NT=ms-proteomics;VV=v1.1.0	NT=human;VV=v1.1.0	manual curation	primary	GCH_016
