source name	characteristics[organism]	characteristics[organism part]	characteristics[cell line]	characteristics[biological replicate]	assay name	technology type	comment[proteomics data acquisition method]	comment[instrument]	comment[label]	comment[cleavage agent details]	comment[cleavage agent details]	comment[fraction identifier]	comment[technical replicate]	comment[data file]	comment[sdrf version]	comment[sdrf template]	comment[sdrf template]	comment[sdrf annotation tool]	factor value[cell line]	factor value[lab id]
HGCC_HB001	Homo sapiens	cell culture	U3468	1	20200624_HGCC_GBM_stem_cell_lines_TMT16_HiRIEF_IPG3-10_fr15_TMT126	proteomic profiling by mass spectrometry	NT=Data-dependent acquisition;AC=PRIDE:0000627	NT=Q Exactive HF;AC=MS:1002523	TMT126	NT=Lys-C;AC=MS:1001309	NT=Trypsin;AC=MS:1001251	15	1	20200624_HGCC_GBM_stem_cell_lines_TMT16_HiRIEF_IPG3-10_fr15.raw	v1.1.0	NT=ms-proteomics;VV=v1.1.0	NT=human;VV=v1.1.0	manual curation	U3468	HB001
HGCC_HB002	Homo sapiens	cell culture	U3440	1	20200624_HGCC_GBM_stem_cell_lines_TMT16_HiRIEF_IPG3-10_fr15_TMT127N	proteomic profiling by mass spectrometry	NT=Data-dependent acquisition;AC=PRIDE:0000627	NT=Q Exactive HF;AC=MS:1002523	TMT127N	NT=Lys-C;AC=MS:1001309	NT=Trypsin;AC=MS:1001251	15	1	20200624_HGCC_GBM_stem_cell_lines_TMT16_HiRIEF_IPG3-10_fr15.raw	v1.1.0	NT=ms-proteomics;VV=v1.1.0	NT=human;VV=v1.1.0	manual curation	U3440	HB002
HGCC_HB003_1	Homo sapiens	cell culture	U3452	1	20200624_HGCC_GBM_stem_cell_lines_TMT16_HiRIEF_IPG3-10_fr15_TMT127C	proteomic profiling by mass spectrometry	NT=Data-dependent acquisition;AC=PRIDE:0000627	NT=Q Exactive HF;AC=MS:1002523	TMT127C	NT=Lys-C;AC=MS:1001309	NT=Trypsin;AC=MS:1001251	15	1	20200624_HGCC_GBM_stem_cell_lines_TMT16_HiRIEF_IPG3-10_fr15.raw	v1.1.0	NT=ms-proteomics;VV=v1.1.0	NT=human;VV=v1.1.0	manual curation	U3452	HB003_1
HGCC_HB003_2	Homo sapiens	cell culture	U3452	2	20200624_HGCC_GBM_stem_cell_lines_TMT16_HiRIEF_IPG3-10_fr15_TMT128N	proteomic profiling by mass spectrometry	NT=Data-dependent acquisition;AC=PRIDE:0000627	NT=Q Exactive HF;AC=MS:1002523	TMT128N	NT=Lys-C;AC=MS:1001309	NT=Trypsin;AC=MS:1001251	15	1	20200624_HGCC_GBM_stem_cell_lines_TMT16_HiRIEF_IPG3-10_fr15.raw	v1.1.0	NT=ms-proteomics;VV=v1.1.0	NT=human;VV=v1.1.0	manual curation	U3452	HB003_2
HGCC_HB005	Homo sapiens	cell culture	U3308	1	20200624_HGCC_GBM_stem_cell_lines_TMT16_HiRIEF_IPG3-10_fr15_TMT128C	proteomic profiling by mass spectrometry	NT=Data-dependent acquisition;AC=PRIDE:0000627	NT=Q Exactive HF;AC=MS:1002523	TMT128C	NT=Lys-C;AC=MS:1001309	NT=Trypsin;AC=MS:1001251	15	1	20200624_HGCC_GBM_stem_cell_lines_TMT16_HiRIEF_IPG3-10_fr15.raw	v1.1.0	NT=ms-proteomics;VV=v1.1.0	NT=human;VV=v1.1.0	manual curation	U3308	HB005
HGCC_HB006	Homo sapiens	cell culture	U3230	1	20200624_HGCC_GBM_stem_cell_lines_TMT16_HiRIEF_IPG3-10_fr15_TMT129N	proteomic profiling by mass spectrometry	NT=Data-dependent acquisition;AC=PRIDE:0000627	NT=Q Exactive HF;AC=MS:1002523	TMT129N	NT=Lys-C;AC=MS:1001309	NT=Trypsin;AC=MS:1001251	15	1	20200624_HGCC_GBM_stem_cell_lines_TMT16_HiRIEF_IPG3-10_fr15.raw	v1.1.0	NT=ms-proteomics;VV=v1.1.0	NT=human;VV=v1.1.0	manual curation	U3230	HB006
HGCC_HB007	Homo sapiens	cell culture	U3123	1	20200624_HGCC_GBM_stem_cell_lines_TMT16_HiRIEF_IPG3-10_fr15_TMT129C	proteomic profiling by mass spectrometry	NT=Data-dependent acquisition;AC=PRIDE:0000627	NT=Q Exactive HF;AC=MS:1002523	TMT129C	NT=Lys-C;AC=MS:1001309	NT=Trypsin;AC=MS:1001251	15	1	20200624_HGCC_GBM_stem_cell_lines_TMT16_HiRIEF_IPG3-10_fr15.raw	v1.1.0	NT=ms-proteomics;VV=v1.1.0	NT=human;VV=v1.1.0	manual curation	U3123	HB007
HGCC_HB008_1	Homo sapiens	cell culture	U3071	1	20200624_HGCC_GBM_stem_cell_lines_TMT16_HiRIEF_IPG3-10_fr15_TMT130N	proteomic profiling by mass spectrometry	NT=Data-dependent acquisition;AC=PRIDE:0000627	NT=Q Exactive HF;AC=MS:1002523	TMT130N	NT=Lys-C;AC=MS:1001309	NT=Trypsin;AC=MS:1001251	15	1	20200624_HGCC_GBM_stem_cell_lines_TMT16_HiRIEF_IPG3-10_fr15.raw	v1.1.0	NT=ms-proteomics;VV=v1.1.0	NT=human;VV=v1.1.0	manual curation	U3071	HB008_1
HGCC_HB008_2	Homo sapiens	cell culture	U3071	2	20200624_HGCC_GBM_stem_cell_lines_TMT16_HiRIEF_IPG3-10_fr15_TMT130C	proteomic profiling by mass spectrometry	NT=Data-dependent acquisition;AC=PRIDE:0000627	NT=Q Exactive HF;AC=MS:1002523	TMT130C	NT=Lys-C;AC=MS:1001309	NT=Trypsin;AC=MS:1001251	15	1	20200624_HGCC_GBM_stem_cell_lines_TMT16_HiRIEF_IPG3-10_fr15.raw	v1.1.0	NT=ms-proteomics;VV=v1.1.0	NT=human;VV=v1.1.0	manual curation	U3071	HB008_2
HGCC_HB009	Homo sapiens	cell culture	U3137	1	20200624_HGCC_GBM_stem_cell_lines_TMT16_HiRIEF_IPG3-10_fr15_TMT131N	proteomic profiling by mass spectrometry	NT=Data-dependent acquisition;AC=PRIDE:0000627	NT=Q Exactive HF;AC=MS:1002523	TMT131N	NT=Lys-C;AC=MS:1001309	NT=Trypsin;AC=MS:1001251	15	1	20200624_HGCC_GBM_stem_cell_lines_TMT16_HiRIEF_IPG3-10_fr15.raw	v1.1.0	NT=ms-proteomics;VV=v1.1.0	NT=human;VV=v1.1.0	manual curation	U3137	HB009
HGCC_HB010	Homo sapiens	cell culture	U3263	1	20200624_HGCC_GBM_stem_cell_lines_TMT16_HiRIEF_IPG3-10_fr15_TMT131C	proteomic profiling by mass spectrometry	NT=Data-dependent acquisition;AC=PRIDE:0000627	NT=Q Exactive HF;AC=MS:1002523	TMT131C	NT=Lys-C;AC=MS:1001309	NT=Trypsin;AC=MS:1001251	15	1	20200624_HGCC_GBM_stem_cell_lines_TMT16_HiRIEF_IPG3-10_fr15.raw	v1.1.0	NT=ms-proteomics;VV=v1.1.0	NT=human;VV=v1.1.0	manual curation	U3263	HB010
HGCC_HB011_1	Homo sapiens	cell culture	U3053	1	20200624_HGCC_GBM_stem_cell_lines_TMT16_HiRIEF_IPG3-10_fr15_TMT132N	proteomic profiling by mass spectrometry	NT=Data-dependent acquisition;AC=PRIDE:0000627	NT=Q Exactive HF;AC=MS:1002523	TMT132N	NT=Lys-C;AC=MS:1001309	NT=Trypsin;AC=MS:1001251	15	1	20200624_HGCC_GBM_stem_cell_lines_TMT16_HiRIEF_IPG3-10_fr15.raw	v1.1.0	NT=ms-proteomics;VV=v1.1.0	NT=human;VV=v1.1.0	manual curation	U3053	HB011_1
HGCC_HB011_2	Homo sapiens	cell culture	U3053	2	20200624_HGCC_GBM_stem_cell_lines_TMT16_HiRIEF_IPG3-10_fr15_TMT132C	proteomic profiling by mass spectrometry	NT=Data-dependent acquisition;AC=PRIDE:0000627	NT=Q Exactive HF;AC=MS:1002523	TMT132C	NT=Lys-C;AC=MS:1001309	NT=Trypsin;AC=MS:1001251	15	1	20200624_HGCC_GBM_stem_cell_lines_TMT16_HiRIEF_IPG3-10_fr15.raw	v1.1.0	NT=ms-proteomics;VV=v1.1.0	NT=human;VV=v1.1.0	manual curation	U3053	HB011_2
HGCC_HB012	Homo sapiens	cell culture	U3461	1	20200624_HGCC_GBM_stem_cell_lines_TMT16_HiRIEF_IPG3-10_fr15_TMT133N	proteomic profiling by mass spectrometry	NT=Data-dependent acquisition;AC=PRIDE:0000627	NT=Q Exactive HF;AC=MS:1002523	TMT133N	NT=Lys-C;AC=MS:1001309	NT=Trypsin;AC=MS:1001251	15	1	20200624_HGCC_GBM_stem_cell_lines_TMT16_HiRIEF_IPG3-10_fr15.raw	v1.1.0	NT=ms-proteomics;VV=v1.1.0	NT=human;VV=v1.1.0	manual curation	U3461	HB012
HGCC_HB001	Homo sapiens	cell culture	U3468	1	20200624_HGCC_GBM_stem_cell_lines_TMT16_HiRIEF_IPG3-10_fr19_TMT126	proteomic profiling by mass spectrometry	NT=Data-dependent acquisition;AC=PRIDE:0000627	NT=Q Exactive HF;AC=MS:1002523	TMT126	NT=Lys-C;AC=MS:1001309	NT=Trypsin;AC=MS:1001251	19	1	20200624_HGCC_GBM_stem_cell_lines_TMT16_HiRIEF_IPG3-10_fr19.raw	v1.1.0	NT=ms-proteomics;VV=v1.1.0	NT=human;VV=v1.1.0	manual curation	U3468	HB001
HGCC_HB002	Homo sapiens	cell culture	U3440	1	20200624_HGCC_GBM_stem_cell_lines_TMT16_HiRIEF_IPG3-10_fr19_TMT127N	proteomic profiling by mass spectrometry	NT=Data-dependent acquisition;AC=PRIDE:0000627	NT=Q Exactive HF;AC=MS:1002523	TMT127N	NT=Lys-C;AC=MS:1001309	NT=Trypsin;AC=MS:1001251	19	1	20200624_HGCC_GBM_stem_cell_lines_TMT16_HiRIEF_IPG3-10_fr19.raw	v1.1.0	NT=ms-proteomics;VV=v1.1.0	NT=human;VV=v1.1.0	manual curation	U3440	HB002
HGCC_HB003_1	Homo sapiens	cell culture	U3452	1	20200624_HGCC_GBM_stem_cell_lines_TMT16_HiRIEF_IPG3-10_fr19_TMT127C	proteomic profiling by mass spectrometry	NT=Data-dependent acquisition;AC=PRIDE:0000627	NT=Q Exactive HF;AC=MS:1002523	TMT127C	NT=Lys-C;AC=MS:1001309	NT=Trypsin;AC=MS:1001251	19	1	20200624_HGCC_GBM_stem_cell_lines_TMT16_HiRIEF_IPG3-10_fr19.raw	v1.1.0	NT=ms-proteomics;VV=v1.1.0	NT=human;VV=v1.1.0	manual curation	U3452	HB003_1
HGCC_HB003_2	Homo sapiens	cell culture	U3452	2	20200624_HGCC_GBM_stem_cell_lines_TMT16_HiRIEF_IPG3-10_fr19_TMT128N	proteomic profiling by mass spectrometry	NT=Data-dependent acquisition;AC=PRIDE:0000627	NT=Q Exactive HF;AC=MS:1002523	TMT128N	NT=Lys-C;AC=MS:1001309	NT=Trypsin;AC=MS:1001251	19	1	20200624_HGCC_GBM_stem_cell_lines_TMT16_HiRIEF_IPG3-10_fr19.raw	v1.1.0	NT=ms-proteomics;VV=v1.1.0	NT=human;VV=v1.1.0	manual curation	U3452	HB003_2
HGCC_HB005	Homo sapiens	cell culture	U3308	1	20200624_HGCC_GBM_stem_cell_lines_TMT16_HiRIEF_IPG3-10_fr19_TMT128C	proteomic profiling by mass spectrometry	NT=Data-dependent acquisition;AC=PRIDE:0000627	NT=Q Exactive HF;AC=MS:1002523	TMT128C	NT=Lys-C;AC=MS:1001309	NT=Trypsin;AC=MS:1001251	19	1	20200624_HGCC_GBM_stem_cell_lines_TMT16_HiRIEF_IPG3-10_fr19.raw	v1.1.0	NT=ms-proteomics;VV=v1.1.0	NT=human;VV=v1.1.0	manual curation	U3308	HB005
HGCC_HB006	Homo sapiens	cell culture	U3230	1	20200624_HGCC_GBM_stem_cell_lines_TMT16_HiRIEF_IPG3-10_fr19_TMT129N	proteomic profiling by mass spectrometry	NT=Data-dependent acquisition;AC=PRIDE:0000627	NT=Q Exactive HF;AC=MS:1002523	TMT129N	NT=Lys-C;AC=MS:1001309	NT=Trypsin;AC=MS:1001251	19	1	20200624_HGCC_GBM_stem_cell_lines_TMT16_HiRIEF_IPG3-10_fr19.raw	v1.1.0	NT=ms-proteomics;VV=v1.1.0	NT=human;VV=v1.1.0	manual curation	U3230	HB006
HGCC_HB007	Homo sapiens	cell culture	U3123	1	20200624_HGCC_GBM_stem_cell_lines_TMT16_HiRIEF_IPG3-10_fr19_TMT129C	proteomic profiling by mass spectrometry	NT=Data-dependent acquisition;AC=PRIDE:0000627	NT=Q Exactive HF;AC=MS:1002523	TMT129C	NT=Lys-C;AC=MS:1001309	NT=Trypsin;AC=MS:1001251	19	1	20200624_HGCC_GBM_stem_cell_lines_TMT16_HiRIEF_IPG3-10_fr19.raw	v1.1.0	NT=ms-proteomics;VV=v1.1.0	NT=human;VV=v1.1.0	manual curation	U3123	HB007
HGCC_HB008_1	Homo sapiens	cell culture	U3071	1	20200624_HGCC_GBM_stem_cell_lines_TMT16_HiRIEF_IPG3-10_fr19_TMT130N	proteomic profiling by mass spectrometry	NT=Data-dependent acquisition;AC=PRIDE:0000627	NT=Q Exactive HF;AC=MS:1002523	TMT130N	NT=Lys-C;AC=MS:1001309	NT=Trypsin;AC=MS:1001251	19	1	20200624_HGCC_GBM_stem_cell_lines_TMT16_HiRIEF_IPG3-10_fr19.raw	v1.1.0	NT=ms-proteomics;VV=v1.1.0	NT=human;VV=v1.1.0	manual curation	U3071	HB008_1
HGCC_HB008_2	Homo sapiens	cell culture	U3071	2	20200624_HGCC_GBM_stem_cell_lines_TMT16_HiRIEF_IPG3-10_fr19_TMT130C	proteomic profiling by mass spectrometry	NT=Data-dependent acquisition;AC=PRIDE:0000627	NT=Q Exactive HF;AC=MS:1002523	TMT130C	NT=Lys-C;AC=MS:1001309	NT=Trypsin;AC=MS:1001251	19	1	20200624_HGCC_GBM_stem_cell_lines_TMT16_HiRIEF_IPG3-10_fr19.raw	v1.1.0	NT=ms-proteomics;VV=v1.1.0	NT=human;VV=v1.1.0	manual curation	U3071	HB008_2
HGCC_HB009	Homo sapiens	cell culture	U3137	1	20200624_HGCC_GBM_stem_cell_lines_TMT16_HiRIEF_IPG3-10_fr19_TMT131N	proteomic profiling by mass spectrometry	NT=Data-dependent acquisition;AC=PRIDE:0000627	NT=Q Exactive HF;AC=MS:1002523	TMT131N	NT=Lys-C;AC=MS:1001309	NT=Trypsin;AC=MS:1001251	19	1	20200624_HGCC_GBM_stem_cell_lines_TMT16_HiRIEF_IPG3-10_fr19.raw	v1.1.0	NT=ms-proteomics;VV=v1.1.0	NT=human;VV=v1.1.0	manual curation	U3137	HB009
HGCC_HB010	Homo sapiens	cell culture	U3263	1	20200624_HGCC_GBM_stem_cell_lines_TMT16_HiRIEF_IPG3-10_fr19_TMT131C	proteomic profiling by mass spectrometry	NT=Data-dependent acquisition;AC=PRIDE:0000627	NT=Q Exactive HF;AC=MS:1002523	TMT131C	NT=Lys-C;AC=MS:1001309	NT=Trypsin;AC=MS:1001251	19	1	20200624_HGCC_GBM_stem_cell_lines_TMT16_HiRIEF_IPG3-10_fr19.raw	v1.1.0	NT=ms-proteomics;VV=v1.1.0	NT=human;VV=v1.1.0	manual curation	U3263	HB010
HGCC_HB011_1	Homo sapiens	cell culture	U3053	1	20200624_HGCC_GBM_stem_cell_lines_TMT16_HiRIEF_IPG3-10_fr19_TMT132N	proteomic profiling by mass spectrometry	NT=Data-dependent acquisition;AC=PRIDE:0000627	NT=Q Exactive HF;AC=MS:1002523	TMT132N	NT=Lys-C;AC=MS:1001309	NT=Trypsin;AC=MS:1001251	19	1	20200624_HGCC_GBM_stem_cell_lines_TMT16_HiRIEF_IPG3-10_fr19.raw	v1.1.0	NT=ms-proteomics;VV=v1.1.0	NT=human;VV=v1.1.0	manual curation	U3053	HB011_1
HGCC_HB011_2	Homo sapiens	cell culture	U3053	2	20200624_HGCC_GBM_stem_cell_lines_TMT16_HiRIEF_IPG3-10_fr19_TMT132C	proteomic profiling by mass spectrometry	NT=Data-dependent acquisition;AC=PRIDE:0000627	NT=Q Exactive HF;AC=MS:1002523	TMT132C	NT=Lys-C;AC=MS:1001309	NT=Trypsin;AC=MS:1001251	19	1	20200624_HGCC_GBM_stem_cell_lines_TMT16_HiRIEF_IPG3-10_fr19.raw	v1.1.0	NT=ms-proteomics;VV=v1.1.0	NT=human;VV=v1.1.0	manual curation	U3053	HB011_2
HGCC_HB012	Homo sapiens	cell culture	U3461	1	20200624_HGCC_GBM_stem_cell_lines_TMT16_HiRIEF_IPG3-10_fr19_TMT133N	proteomic profiling by mass spectrometry	NT=Data-dependent acquisition;AC=PRIDE:0000627	NT=Q Exactive HF;AC=MS:1002523	TMT133N	NT=Lys-C;AC=MS:1001309	NT=Trypsin;AC=MS:1001251	19	1	20200624_HGCC_GBM_stem_cell_lines_TMT16_HiRIEF_IPG3-10_fr19.raw	v1.1.0	NT=ms-proteomics;VV=v1.1.0	NT=human;VV=v1.1.0	manual curation	U3461	HB012
HGCC_HB001	Homo sapiens	cell culture	U3468	1	20200624_HGCC_GBM_stem_cell_lines_TMT16_HiRIEF_IPG3-10_fr02_TMT126	proteomic profiling by mass spectrometry	NT=Data-dependent acquisition;AC=PRIDE:0000627	NT=Q Exactive HF;AC=MS:1002523	TMT126	NT=Lys-C;AC=MS:1001309	NT=Trypsin;AC=MS:1001251	2	1	20200624_HGCC_GBM_stem_cell_lines_TMT16_HiRIEF_IPG3-10_fr02.raw	v1.1.0	NT=ms-proteomics;VV=v1.1.0	NT=human;VV=v1.1.0	manual curation	U3468	HB001
HGCC_HB002	Homo sapiens	cell culture	U3440	1	20200624_HGCC_GBM_stem_cell_lines_TMT16_HiRIEF_IPG3-10_fr02_TMT127N	proteomic profiling by mass spectrometry	NT=Data-dependent acquisition;AC=PRIDE:0000627	NT=Q Exactive HF;AC=MS:1002523	TMT127N	NT=Lys-C;AC=MS:1001309	NT=Trypsin;AC=MS:1001251	2	1	20200624_HGCC_GBM_stem_cell_lines_TMT16_HiRIEF_IPG3-10_fr02.raw	v1.1.0	NT=ms-proteomics;VV=v1.1.0	NT=human;VV=v1.1.0	manual curation	U3440	HB002
HGCC_HB003_1	Homo sapiens	cell culture	U3452	1	20200624_HGCC_GBM_stem_cell_lines_TMT16_HiRIEF_IPG3-10_fr02_TMT127C	proteomic profiling by mass spectrometry	NT=Data-dependent acquisition;AC=PRIDE:0000627	NT=Q Exactive HF;AC=MS:1002523	TMT127C	NT=Lys-C;AC=MS:1001309	NT=Trypsin;AC=MS:1001251	2	1	20200624_HGCC_GBM_stem_cell_lines_TMT16_HiRIEF_IPG3-10_fr02.raw	v1.1.0	NT=ms-proteomics;VV=v1.1.0	NT=human;VV=v1.1.0	manual curation	U3452	HB003_1
HGCC_HB003_2	Homo sapiens	cell culture	U3452	2	20200624_HGCC_GBM_stem_cell_lines_TMT16_HiRIEF_IPG3-10_fr02_TMT128N	proteomic profiling by mass spectrometry	NT=Data-dependent acquisition;AC=PRIDE:0000627	NT=Q Exactive HF;AC=MS:1002523	TMT128N	NT=Lys-C;AC=MS:1001309	NT=Trypsin;AC=MS:1001251	2	1	20200624_HGCC_GBM_stem_cell_lines_TMT16_HiRIEF_IPG3-10_fr02.raw	v1.1.0	NT=ms-proteomics;VV=v1.1.0	NT=human;VV=v1.1.0	manual curation	U3452	HB003_2
HGCC_HB005	Homo sapiens	cell culture	U3308	1	20200624_HGCC_GBM_stem_cell_lines_TMT16_HiRIEF_IPG3-10_fr02_TMT128C	proteomic profiling by mass spectrometry	NT=Data-dependent acquisition;AC=PRIDE:0000627	NT=Q Exactive HF;AC=MS:1002523	TMT128C	NT=Lys-C;AC=MS:1001309	NT=Trypsin;AC=MS:1001251	2	1	20200624_HGCC_GBM_stem_cell_lines_TMT16_HiRIEF_IPG3-10_fr02.raw	v1.1.0	NT=ms-proteomics;VV=v1.1.0	NT=human;VV=v1.1.0	manual curation	U3308	HB005
HGCC_HB006	Homo sapiens	cell culture	U3230	1	20200624_HGCC_GBM_stem_cell_lines_TMT16_HiRIEF_IPG3-10_fr02_TMT129N	proteomic profiling by mass spectrometry	NT=Data-dependent acquisition;AC=PRIDE:0000627	NT=Q Exactive HF;AC=MS:1002523	TMT129N	NT=Lys-C;AC=MS:1001309	NT=Trypsin;AC=MS:1001251	2	1	20200624_HGCC_GBM_stem_cell_lines_TMT16_HiRIEF_IPG3-10_fr02.raw	v1.1.0	NT=ms-proteomics;VV=v1.1.0	NT=human;VV=v1.1.0	manual curation	U3230	HB006
HGCC_HB007	Homo sapiens	cell culture	U3123	1	20200624_HGCC_GBM_stem_cell_lines_TMT16_HiRIEF_IPG3-10_fr02_TMT129C	proteomic profiling by mass spectrometry	NT=Data-dependent acquisition;AC=PRIDE:0000627	NT=Q Exactive HF;AC=MS:1002523	TMT129C	NT=Lys-C;AC=MS:1001309	NT=Trypsin;AC=MS:1001251	2	1	20200624_HGCC_GBM_stem_cell_lines_TMT16_HiRIEF_IPG3-10_fr02.raw	v1.1.0	NT=ms-proteomics;VV=v1.1.0	NT=human;VV=v1.1.0	manual curation	U3123	HB007
HGCC_HB008_1	Homo sapiens	cell culture	U3071	1	20200624_HGCC_GBM_stem_cell_lines_TMT16_HiRIEF_IPG3-10_fr02_TMT130N	proteomic profiling by mass spectrometry	NT=Data-dependent acquisition;AC=PRIDE:0000627	NT=Q Exactive HF;AC=MS:1002523	TMT130N	NT=Lys-C;AC=MS:1001309	NT=Trypsin;AC=MS:1001251	2	1	20200624_HGCC_GBM_stem_cell_lines_TMT16_HiRIEF_IPG3-10_fr02.raw	v1.1.0	NT=ms-proteomics;VV=v1.1.0	NT=human;VV=v1.1.0	manual curation	U3071	HB008_1
HGCC_HB008_2	Homo sapiens	cell culture	U3071	2	20200624_HGCC_GBM_stem_cell_lines_TMT16_HiRIEF_IPG3-10_fr02_TMT130C	proteomic profiling by mass spectrometry	NT=Data-dependent acquisition;AC=PRIDE:0000627	NT=Q Exactive HF;AC=MS:1002523	TMT130C	NT=Lys-C;AC=MS:1001309	NT=Trypsin;AC=MS:1001251	2	1	20200624_HGCC_GBM_stem_cell_lines_TMT16_HiRIEF_IPG3-10_fr02.raw	v1.1.0	NT=ms-proteomics;VV=v1.1.0	NT=human;VV=v1.1.0	manual curation	U3071	HB008_2
HGCC_HB009	Homo sapiens	cell culture	U3137	1	20200624_HGCC_GBM_stem_cell_lines_TMT16_HiRIEF_IPG3-10_fr02_TMT131N	proteomic profiling by mass spectrometry	NT=Data-dependent acquisition;AC=PRIDE:0000627	NT=Q Exactive HF;AC=MS:1002523	TMT131N	NT=Lys-C;AC=MS:1001309	NT=Trypsin;AC=MS:1001251	2	1	20200624_HGCC_GBM_stem_cell_lines_TMT16_HiRIEF_IPG3-10_fr02.raw	v1.1.0	NT=ms-proteomics;VV=v1.1.0	NT=human;VV=v1.1.0	manual curation	U3137	HB009
HGCC_HB010	Homo sapiens	cell culture	U3263	1	20200624_HGCC_GBM_stem_cell_lines_TMT16_HiRIEF_IPG3-10_fr02_TMT131C	proteomic profiling by mass spectrometry	NT=Data-dependent acquisition;AC=PRIDE:0000627	NT=Q Exactive HF;AC=MS:1002523	TMT131C	NT=Lys-C;AC=MS:1001309	NT=Trypsin;AC=MS:1001251	2	1	20200624_HGCC_GBM_stem_cell_lines_TMT16_HiRIEF_IPG3-10_fr02.raw	v1.1.0	NT=ms-proteomics;VV=v1.1.0	NT=human;VV=v1.1.0	manual curation	U3263	HB010
HGCC_HB011_1	Homo sapiens	cell culture	U3053	1	20200624_HGCC_GBM_stem_cell_lines_TMT16_HiRIEF_IPG3-10_fr02_TMT132N	proteomic profiling by mass spectrometry	NT=Data-dependent acquisition;AC=PRIDE:0000627	NT=Q Exactive HF;AC=MS:1002523	TMT132N	NT=Lys-C;AC=MS:1001309	NT=Trypsin;AC=MS:1001251	2	1	20200624_HGCC_GBM_stem_cell_lines_TMT16_HiRIEF_IPG3-10_fr02.raw	v1.1.0	NT=ms-proteomics;VV=v1.1.0	NT=human;VV=v1.1.0	manual curation	U3053	HB011_1
HGCC_HB011_2	Homo sapiens	cell culture	U3053	2	20200624_HGCC_GBM_stem_cell_lines_TMT16_HiRIEF_IPG3-10_fr02_TMT132C	proteomic profiling by mass spectrometry	NT=Data-dependent acquisition;AC=PRIDE:0000627	NT=Q Exactive HF;AC=MS:1002523	TMT132C	NT=Lys-C;AC=MS:1001309	NT=Trypsin;AC=MS:1001251	2	1	20200624_HGCC_GBM_stem_cell_lines_TMT16_HiRIEF_IPG3-10_fr02.raw	v1.1.0	NT=ms-proteomics;VV=v1.1.0	NT=human;VV=v1.1.0	manual curation	U3053	HB011_2
HGCC_HB012	Homo sapiens	cell culture	U3461	1	20200624_HGCC_GBM_stem_cell_lines_TMT16_HiRIEF_IPG3-10_fr02_TMT133N	proteomic profiling by mass spectrometry	NT=Data-dependent acquisition;AC=PRIDE:0000627	NT=Q Exactive HF;AC=MS:1002523	TMT133N	NT=Lys-C;AC=MS:1001309	NT=Trypsin;AC=MS:1001251	2	1	20200624_HGCC_GBM_stem_cell_lines_TMT16_HiRIEF_IPG3-10_fr02.raw	v1.1.0	NT=ms-proteomics;VV=v1.1.0	NT=human;VV=v1.1.0	manual curation	U3461	HB012
HGCC_HB001	Homo sapiens	cell culture	U3468	1	20200624_HGCC_GBM_stem_cell_lines_TMT16_HiRIEF_IPG3-10_fr06_TMT126	proteomic profiling by mass spectrometry	NT=Data-dependent acquisition;AC=PRIDE:0000627	NT=Q Exactive HF;AC=MS:1002523	TMT126	NT=Lys-C;AC=MS:1001309	NT=Trypsin;AC=MS:1001251	6	1	20200624_HGCC_GBM_stem_cell_lines_TMT16_HiRIEF_IPG3-10_fr06.raw	v1.1.0	NT=ms-proteomics;VV=v1.1.0	NT=human;VV=v1.1.0	manual curation	U3468	HB001
HGCC_HB002	Homo sapiens	cell culture	U3440	1	20200624_HGCC_GBM_stem_cell_lines_TMT16_HiRIEF_IPG3-10_fr06_TMT127N	proteomic profiling by mass spectrometry	NT=Data-dependent acquisition;AC=PRIDE:0000627	NT=Q Exactive HF;AC=MS:1002523	TMT127N	NT=Lys-C;AC=MS:1001309	NT=Trypsin;AC=MS:1001251	6	1	20200624_HGCC_GBM_stem_cell_lines_TMT16_HiRIEF_IPG3-10_fr06.raw	v1.1.0	NT=ms-proteomics;VV=v1.1.0	NT=human;VV=v1.1.0	manual curation	U3440	HB002
HGCC_HB003_1	Homo sapiens	cell culture	U3452	1	20200624_HGCC_GBM_stem_cell_lines_TMT16_HiRIEF_IPG3-10_fr06_TMT127C	proteomic profiling by mass spectrometry	NT=Data-dependent acquisition;AC=PRIDE:0000627	NT=Q Exactive HF;AC=MS:1002523	TMT127C	NT=Lys-C;AC=MS:1001309	NT=Trypsin;AC=MS:1001251	6	1	20200624_HGCC_GBM_stem_cell_lines_TMT16_HiRIEF_IPG3-10_fr06.raw	v1.1.0	NT=ms-proteomics;VV=v1.1.0	NT=human;VV=v1.1.0	manual curation	U3452	HB003_1
HGCC_HB003_2	Homo sapiens	cell culture	U3452	2	20200624_HGCC_GBM_stem_cell_lines_TMT16_HiRIEF_IPG3-10_fr06_TMT128N	proteomic profiling by mass spectrometry	NT=Data-dependent acquisition;AC=PRIDE:0000627	NT=Q Exactive HF;AC=MS:1002523	TMT128N	NT=Lys-C;AC=MS:1001309	NT=Trypsin;AC=MS:1001251	6	1	20200624_HGCC_GBM_stem_cell_lines_TMT16_HiRIEF_IPG3-10_fr06.raw	v1.1.0	NT=ms-proteomics;VV=v1.1.0	NT=human;VV=v1.1.0	manual curation	U3452	HB003_2
HGCC_HB005	Homo sapiens	cell culture	U3308	1	20200624_HGCC_GBM_stem_cell_lines_TMT16_HiRIEF_IPG3-10_fr06_TMT128C	proteomic profiling by mass spectrometry	NT=Data-dependent acquisition;AC=PRIDE:0000627	NT=Q Exactive HF;AC=MS:1002523	TMT128C	NT=Lys-C;AC=MS:1001309	NT=Trypsin;AC=MS:1001251	6	1	20200624_HGCC_GBM_stem_cell_lines_TMT16_HiRIEF_IPG3-10_fr06.raw	v1.1.0	NT=ms-proteomics;VV=v1.1.0	NT=human;VV=v1.1.0	manual curation	U3308	HB005
HGCC_HB006	Homo sapiens	cell culture	U3230	1	20200624_HGCC_GBM_stem_cell_lines_TMT16_HiRIEF_IPG3-10_fr06_TMT129N	proteomic profiling by mass spectrometry	NT=Data-dependent acquisition;AC=PRIDE:0000627	NT=Q Exactive HF;AC=MS:1002523	TMT129N	NT=Lys-C;AC=MS:1001309	NT=Trypsin;AC=MS:1001251	6	1	20200624_HGCC_GBM_stem_cell_lines_TMT16_HiRIEF_IPG3-10_fr06.raw	v1.1.0	NT=ms-proteomics;VV=v1.1.0	NT=human;VV=v1.1.0	manual curation	U3230	HB006
HGCC_HB007	Homo sapiens	cell culture	U3123	1	20200624_HGCC_GBM_stem_cell_lines_TMT16_HiRIEF_IPG3-10_fr06_TMT129C	proteomic profiling by mass spectrometry	NT=Data-dependent acquisition;AC=PRIDE:0000627	NT=Q Exactive HF;AC=MS:1002523	TMT129C	NT=Lys-C;AC=MS:1001309	NT=Trypsin;AC=MS:1001251	6	1	20200624_HGCC_GBM_stem_cell_lines_TMT16_HiRIEF_IPG3-10_fr06.raw	v1.1.0	NT=ms-proteomics;VV=v1.1.0	NT=human;VV=v1.1.0	manual curation	U3123	HB007
HGCC_HB008_1	Homo sapiens	cell culture	U3071	1	20200624_HGCC_GBM_stem_cell_lines_TMT16_HiRIEF_IPG3-10_fr06_TMT130N	proteomic profiling by mass spectrometry	NT=Data-dependent acquisition;AC=PRIDE:0000627	NT=Q Exactive HF;AC=MS:1002523	TMT130N	NT=Lys-C;AC=MS:1001309	NT=Trypsin;AC=MS:1001251	6	1	20200624_HGCC_GBM_stem_cell_lines_TMT16_HiRIEF_IPG3-10_fr06.raw	v1.1.0	NT=ms-proteomics;VV=v1.1.0	NT=human;VV=v1.1.0	manual curation	U3071	HB008_1
HGCC_HB008_2	Homo sapiens	cell culture	U3071	2	20200624_HGCC_GBM_stem_cell_lines_TMT16_HiRIEF_IPG3-10_fr06_TMT130C	proteomic profiling by mass spectrometry	NT=Data-dependent acquisition;AC=PRIDE:0000627	NT=Q Exactive HF;AC=MS:1002523	TMT130C	NT=Lys-C;AC=MS:1001309	NT=Trypsin;AC=MS:1001251	6	1	20200624_HGCC_GBM_stem_cell_lines_TMT16_HiRIEF_IPG3-10_fr06.raw	v1.1.0	NT=ms-proteomics;VV=v1.1.0	NT=human;VV=v1.1.0	manual curation	U3071	HB008_2
HGCC_HB009	Homo sapiens	cell culture	U3137	1	20200624_HGCC_GBM_stem_cell_lines_TMT16_HiRIEF_IPG3-10_fr06_TMT131N	proteomic profiling by mass spectrometry	NT=Data-dependent acquisition;AC=PRIDE:0000627	NT=Q Exactive HF;AC=MS:1002523	TMT131N	NT=Lys-C;AC=MS:1001309	NT=Trypsin;AC=MS:1001251	6	1	20200624_HGCC_GBM_stem_cell_lines_TMT16_HiRIEF_IPG3-10_fr06.raw	v1.1.0	NT=ms-proteomics;VV=v1.1.0	NT=human;VV=v1.1.0	manual curation	U3137	HB009
HGCC_HB010	Homo sapiens	cell culture	U3263	1	20200624_HGCC_GBM_stem_cell_lines_TMT16_HiRIEF_IPG3-10_fr06_TMT131C	proteomic profiling by mass spectrometry	NT=Data-dependent acquisition;AC=PRIDE:0000627	NT=Q Exactive HF;AC=MS:1002523	TMT131C	NT=Lys-C;AC=MS:1001309	NT=Trypsin;AC=MS:1001251	6	1	20200624_HGCC_GBM_stem_cell_lines_TMT16_HiRIEF_IPG3-10_fr06.raw	v1.1.0	NT=ms-proteomics;VV=v1.1.0	NT=human;VV=v1.1.0	manual curation	U3263	HB010
HGCC_HB011_1	Homo sapiens	cell culture	U3053	1	20200624_HGCC_GBM_stem_cell_lines_TMT16_HiRIEF_IPG3-10_fr06_TMT132N	proteomic profiling by mass spectrometry	NT=Data-dependent acquisition;AC=PRIDE:0000627	NT=Q Exactive HF;AC=MS:1002523	TMT132N	NT=Lys-C;AC=MS:1001309	NT=Trypsin;AC=MS:1001251	6	1	20200624_HGCC_GBM_stem_cell_lines_TMT16_HiRIEF_IPG3-10_fr06.raw	v1.1.0	NT=ms-proteomics;VV=v1.1.0	NT=human;VV=v1.1.0	manual curation	U3053	HB011_1
HGCC_HB011_2	Homo sapiens	cell culture	U3053	2	20200624_HGCC_GBM_stem_cell_lines_TMT16_HiRIEF_IPG3-10_fr06_TMT132C	proteomic profiling by mass spectrometry	NT=Data-dependent acquisition;AC=PRIDE:0000627	NT=Q Exactive HF;AC=MS:1002523	TMT132C	NT=Lys-C;AC=MS:1001309	NT=Trypsin;AC=MS:1001251	6	1	20200624_HGCC_GBM_stem_cell_lines_TMT16_HiRIEF_IPG3-10_fr06.raw	v1.1.0	NT=ms-proteomics;VV=v1.1.0	NT=human;VV=v1.1.0	manual curation	U3053	HB011_2
HGCC_HB012	Homo sapiens	cell culture	U3461	1	20200624_HGCC_GBM_stem_cell_lines_TMT16_HiRIEF_IPG3-10_fr06_TMT133N	proteomic profiling by mass spectrometry	NT=Data-dependent acquisition;AC=PRIDE:0000627	NT=Q Exactive HF;AC=MS:1002523	TMT133N	NT=Lys-C;AC=MS:1001309	NT=Trypsin;AC=MS:1001251	6	1	20200624_HGCC_GBM_stem_cell_lines_TMT16_HiRIEF_IPG3-10_fr06.raw	v1.1.0	NT=ms-proteomics;VV=v1.1.0	NT=human;VV=v1.1.0	manual curation	U3461	HB012
HGCC_HB001	Homo sapiens	cell culture	U3468	1	20200624_HGCC_GBM_stem_cell_lines_TMT16_HiRIEF_IPG3-10_fr18_TMT126	proteomic profiling by mass spectrometry	NT=Data-dependent acquisition;AC=PRIDE:0000627	NT=Q Exactive HF;AC=MS:1002523	TMT126	NT=Lys-C;AC=MS:1001309	NT=Trypsin;AC=MS:1001251	18	1	20200624_HGCC_GBM_stem_cell_lines_TMT16_HiRIEF_IPG3-10_fr18.raw	v1.1.0	NT=ms-proteomics;VV=v1.1.0	NT=human;VV=v1.1.0	manual curation	U3468	HB001
HGCC_HB002	Homo sapiens	cell culture	U3440	1	20200624_HGCC_GBM_stem_cell_lines_TMT16_HiRIEF_IPG3-10_fr18_TMT127N	proteomic profiling by mass spectrometry	NT=Data-dependent acquisition;AC=PRIDE:0000627	NT=Q Exactive HF;AC=MS:1002523	TMT127N	NT=Lys-C;AC=MS:1001309	NT=Trypsin;AC=MS:1001251	18	1	20200624_HGCC_GBM_stem_cell_lines_TMT16_HiRIEF_IPG3-10_fr18.raw	v1.1.0	NT=ms-proteomics;VV=v1.1.0	NT=human;VV=v1.1.0	manual curation	U3440	HB002
HGCC_HB003_1	Homo sapiens	cell culture	U3452	1	20200624_HGCC_GBM_stem_cell_lines_TMT16_HiRIEF_IPG3-10_fr18_TMT127C	proteomic profiling by mass spectrometry	NT=Data-dependent acquisition;AC=PRIDE:0000627	NT=Q Exactive HF;AC=MS:1002523	TMT127C	NT=Lys-C;AC=MS:1001309	NT=Trypsin;AC=MS:1001251	18	1	20200624_HGCC_GBM_stem_cell_lines_TMT16_HiRIEF_IPG3-10_fr18.raw	v1.1.0	NT=ms-proteomics;VV=v1.1.0	NT=human;VV=v1.1.0	manual curation	U3452	HB003_1
HGCC_HB003_2	Homo sapiens	cell culture	U3452	2	20200624_HGCC_GBM_stem_cell_lines_TMT16_HiRIEF_IPG3-10_fr18_TMT128N	proteomic profiling by mass spectrometry	NT=Data-dependent acquisition;AC=PRIDE:0000627	NT=Q Exactive HF;AC=MS:1002523	TMT128N	NT=Lys-C;AC=MS:1001309	NT=Trypsin;AC=MS:1001251	18	1	20200624_HGCC_GBM_stem_cell_lines_TMT16_HiRIEF_IPG3-10_fr18.raw	v1.1.0	NT=ms-proteomics;VV=v1.1.0	NT=human;VV=v1.1.0	manual curation	U3452	HB003_2
HGCC_HB005	Homo sapiens	cell culture	U3308	1	20200624_HGCC_GBM_stem_cell_lines_TMT16_HiRIEF_IPG3-10_fr18_TMT128C	proteomic profiling by mass spectrometry	NT=Data-dependent acquisition;AC=PRIDE:0000627	NT=Q Exactive HF;AC=MS:1002523	TMT128C	NT=Lys-C;AC=MS:1001309	NT=Trypsin;AC=MS:1001251	18	1	20200624_HGCC_GBM_stem_cell_lines_TMT16_HiRIEF_IPG3-10_fr18.raw	v1.1.0	NT=ms-proteomics;VV=v1.1.0	NT=human;VV=v1.1.0	manual curation	U3308	HB005
HGCC_HB006	Homo sapiens	cell culture	U3230	1	20200624_HGCC_GBM_stem_cell_lines_TMT16_HiRIEF_IPG3-10_fr18_TMT129N	proteomic profiling by mass spectrometry	NT=Data-dependent acquisition;AC=PRIDE:0000627	NT=Q Exactive HF;AC=MS:1002523	TMT129N	NT=Lys-C;AC=MS:1001309	NT=Trypsin;AC=MS:1001251	18	1	20200624_HGCC_GBM_stem_cell_lines_TMT16_HiRIEF_IPG3-10_fr18.raw	v1.1.0	NT=ms-proteomics;VV=v1.1.0	NT=human;VV=v1.1.0	manual curation	U3230	HB006
HGCC_HB007	Homo sapiens	cell culture	U3123	1	20200624_HGCC_GBM_stem_cell_lines_TMT16_HiRIEF_IPG3-10_fr18_TMT129C	proteomic profiling by mass spectrometry	NT=Data-dependent acquisition;AC=PRIDE:0000627	NT=Q Exactive HF;AC=MS:1002523	TMT129C	NT=Lys-C;AC=MS:1001309	NT=Trypsin;AC=MS:1001251	18	1	20200624_HGCC_GBM_stem_cell_lines_TMT16_HiRIEF_IPG3-10_fr18.raw	v1.1.0	NT=ms-proteomics;VV=v1.1.0	NT=human;VV=v1.1.0	manual curation	U3123	HB007
HGCC_HB008_1	Homo sapiens	cell culture	U3071	1	20200624_HGCC_GBM_stem_cell_lines_TMT16_HiRIEF_IPG3-10_fr18_TMT130N	proteomic profiling by mass spectrometry	NT=Data-dependent acquisition;AC=PRIDE:0000627	NT=Q Exactive HF;AC=MS:1002523	TMT130N	NT=Lys-C;AC=MS:1001309	NT=Trypsin;AC=MS:1001251	18	1	20200624_HGCC_GBM_stem_cell_lines_TMT16_HiRIEF_IPG3-10_fr18.raw	v1.1.0	NT=ms-proteomics;VV=v1.1.0	NT=human;VV=v1.1.0	manual curation	U3071	HB008_1
HGCC_HB008_2	Homo sapiens	cell culture	U3071	2	20200624_HGCC_GBM_stem_cell_lines_TMT16_HiRIEF_IPG3-10_fr18_TMT130C	proteomic profiling by mass spectrometry	NT=Data-dependent acquisition;AC=PRIDE:0000627	NT=Q Exactive HF;AC=MS:1002523	TMT130C	NT=Lys-C;AC=MS:1001309	NT=Trypsin;AC=MS:1001251	18	1	20200624_HGCC_GBM_stem_cell_lines_TMT16_HiRIEF_IPG3-10_fr18.raw	v1.1.0	NT=ms-proteomics;VV=v1.1.0	NT=human;VV=v1.1.0	manual curation	U3071	HB008_2
HGCC_HB009	Homo sapiens	cell culture	U3137	1	20200624_HGCC_GBM_stem_cell_lines_TMT16_HiRIEF_IPG3-10_fr18_TMT131N	proteomic profiling by mass spectrometry	NT=Data-dependent acquisition;AC=PRIDE:0000627	NT=Q Exactive HF;AC=MS:1002523	TMT131N	NT=Lys-C;AC=MS:1001309	NT=Trypsin;AC=MS:1001251	18	1	20200624_HGCC_GBM_stem_cell_lines_TMT16_HiRIEF_IPG3-10_fr18.raw	v1.1.0	NT=ms-proteomics;VV=v1.1.0	NT=human;VV=v1.1.0	manual curation	U3137	HB009
HGCC_HB010	Homo sapiens	cell culture	U3263	1	20200624_HGCC_GBM_stem_cell_lines_TMT16_HiRIEF_IPG3-10_fr18_TMT131C	proteomic profiling by mass spectrometry	NT=Data-dependent acquisition;AC=PRIDE:0000627	NT=Q Exactive HF;AC=MS:1002523	TMT131C	NT=Lys-C;AC=MS:1001309	NT=Trypsin;AC=MS:1001251	18	1	20200624_HGCC_GBM_stem_cell_lines_TMT16_HiRIEF_IPG3-10_fr18.raw	v1.1.0	NT=ms-proteomics;VV=v1.1.0	NT=human;VV=v1.1.0	manual curation	U3263	HB010
HGCC_HB011_1	Homo sapiens	cell culture	U3053	1	20200624_HGCC_GBM_stem_cell_lines_TMT16_HiRIEF_IPG3-10_fr18_TMT132N	proteomic profiling by mass spectrometry	NT=Data-dependent acquisition;AC=PRIDE:0000627	NT=Q Exactive HF;AC=MS:1002523	TMT132N	NT=Lys-C;AC=MS:1001309	NT=Trypsin;AC=MS:1001251	18	1	20200624_HGCC_GBM_stem_cell_lines_TMT16_HiRIEF_IPG3-10_fr18.raw	v1.1.0	NT=ms-proteomics;VV=v1.1.0	NT=human;VV=v1.1.0	manual curation	U3053	HB011_1
HGCC_HB011_2	Homo sapiens	cell culture	U3053	2	20200624_HGCC_GBM_stem_cell_lines_TMT16_HiRIEF_IPG3-10_fr18_TMT132C	proteomic profiling by mass spectrometry	NT=Data-dependent acquisition;AC=PRIDE:0000627	NT=Q Exactive HF;AC=MS:1002523	TMT132C	NT=Lys-C;AC=MS:1001309	NT=Trypsin;AC=MS:1001251	18	1	20200624_HGCC_GBM_stem_cell_lines_TMT16_HiRIEF_IPG3-10_fr18.raw	v1.1.0	NT=ms-proteomics;VV=v1.1.0	NT=human;VV=v1.1.0	manual curation	U3053	HB011_2
HGCC_HB012	Homo sapiens	cell culture	U3461	1	20200624_HGCC_GBM_stem_cell_lines_TMT16_HiRIEF_IPG3-10_fr18_TMT133N	proteomic profiling by mass spectrometry	NT=Data-dependent acquisition;AC=PRIDE:0000627	NT=Q Exactive HF;AC=MS:1002523	TMT133N	NT=Lys-C;AC=MS:1001309	NT=Trypsin;AC=MS:1001251	18	1	20200624_HGCC_GBM_stem_cell_lines_TMT16_HiRIEF_IPG3-10_fr18.raw	v1.1.0	NT=ms-proteomics;VV=v1.1.0	NT=human;VV=v1.1.0	manual curation	U3461	HB012
HGCC_HB001	Homo sapiens	cell culture	U3468	1	20200624_HGCC_GBM_stem_cell_lines_TMT16_HiRIEF_IPG3-10_fr37_TMT126	proteomic profiling by mass spectrometry	NT=Data-dependent acquisition;AC=PRIDE:0000627	NT=Q Exactive HF;AC=MS:1002523	TMT126	NT=Lys-C;AC=MS:1001309	NT=Trypsin;AC=MS:1001251	37	1	20200624_HGCC_GBM_stem_cell_lines_TMT16_HiRIEF_IPG3-10_fr37.raw	v1.1.0	NT=ms-proteomics;VV=v1.1.0	NT=human;VV=v1.1.0	manual curation	U3468	HB001
HGCC_HB002	Homo sapiens	cell culture	U3440	1	20200624_HGCC_GBM_stem_cell_lines_TMT16_HiRIEF_IPG3-10_fr37_TMT127N	proteomic profiling by mass spectrometry	NT=Data-dependent acquisition;AC=PRIDE:0000627	NT=Q Exactive HF;AC=MS:1002523	TMT127N	NT=Lys-C;AC=MS:1001309	NT=Trypsin;AC=MS:1001251	37	1	20200624_HGCC_GBM_stem_cell_lines_TMT16_HiRIEF_IPG3-10_fr37.raw	v1.1.0	NT=ms-proteomics;VV=v1.1.0	NT=human;VV=v1.1.0	manual curation	U3440	HB002
HGCC_HB003_1	Homo sapiens	cell culture	U3452	1	20200624_HGCC_GBM_stem_cell_lines_TMT16_HiRIEF_IPG3-10_fr37_TMT127C	proteomic profiling by mass spectrometry	NT=Data-dependent acquisition;AC=PRIDE:0000627	NT=Q Exactive HF;AC=MS:1002523	TMT127C	NT=Lys-C;AC=MS:1001309	NT=Trypsin;AC=MS:1001251	37	1	20200624_HGCC_GBM_stem_cell_lines_TMT16_HiRIEF_IPG3-10_fr37.raw	v1.1.0	NT=ms-proteomics;VV=v1.1.0	NT=human;VV=v1.1.0	manual curation	U3452	HB003_1
HGCC_HB003_2	Homo sapiens	cell culture	U3452	2	20200624_HGCC_GBM_stem_cell_lines_TMT16_HiRIEF_IPG3-10_fr37_TMT128N	proteomic profiling by mass spectrometry	NT=Data-dependent acquisition;AC=PRIDE:0000627	NT=Q Exactive HF;AC=MS:1002523	TMT128N	NT=Lys-C;AC=MS:1001309	NT=Trypsin;AC=MS:1001251	37	1	20200624_HGCC_GBM_stem_cell_lines_TMT16_HiRIEF_IPG3-10_fr37.raw	v1.1.0	NT=ms-proteomics;VV=v1.1.0	NT=human;VV=v1.1.0	manual curation	U3452	HB003_2
HGCC_HB005	Homo sapiens	cell culture	U3308	1	20200624_HGCC_GBM_stem_cell_lines_TMT16_HiRIEF_IPG3-10_fr37_TMT128C	proteomic profiling by mass spectrometry	NT=Data-dependent acquisition;AC=PRIDE:0000627	NT=Q Exactive HF;AC=MS:1002523	TMT128C	NT=Lys-C;AC=MS:1001309	NT=Trypsin;AC=MS:1001251	37	1	20200624_HGCC_GBM_stem_cell_lines_TMT16_HiRIEF_IPG3-10_fr37.raw	v1.1.0	NT=ms-proteomics;VV=v1.1.0	NT=human;VV=v1.1.0	manual curation	U3308	HB005
HGCC_HB006	Homo sapiens	cell culture	U3230	1	20200624_HGCC_GBM_stem_cell_lines_TMT16_HiRIEF_IPG3-10_fr37_TMT129N	proteomic profiling by mass spectrometry	NT=Data-dependent acquisition;AC=PRIDE:0000627	NT=Q Exactive HF;AC=MS:1002523	TMT129N	NT=Lys-C;AC=MS:1001309	NT=Trypsin;AC=MS:1001251	37	1	20200624_HGCC_GBM_stem_cell_lines_TMT16_HiRIEF_IPG3-10_fr37.raw	v1.1.0	NT=ms-proteomics;VV=v1.1.0	NT=human;VV=v1.1.0	manual curation	U3230	HB006
HGCC_HB007	Homo sapiens	cell culture	U3123	1	20200624_HGCC_GBM_stem_cell_lines_TMT16_HiRIEF_IPG3-10_fr37_TMT129C	proteomic profiling by mass spectrometry	NT=Data-dependent acquisition;AC=PRIDE:0000627	NT=Q Exactive HF;AC=MS:1002523	TMT129C	NT=Lys-C;AC=MS:1001309	NT=Trypsin;AC=MS:1001251	37	1	20200624_HGCC_GBM_stem_cell_lines_TMT16_HiRIEF_IPG3-10_fr37.raw	v1.1.0	NT=ms-proteomics;VV=v1.1.0	NT=human;VV=v1.1.0	manual curation	U3123	HB007
HGCC_HB008_1	Homo sapiens	cell culture	U3071	1	20200624_HGCC_GBM_stem_cell_lines_TMT16_HiRIEF_IPG3-10_fr37_TMT130N	proteomic profiling by mass spectrometry	NT=Data-dependent acquisition;AC=PRIDE:0000627	NT=Q Exactive HF;AC=MS:1002523	TMT130N	NT=Lys-C;AC=MS:1001309	NT=Trypsin;AC=MS:1001251	37	1	20200624_HGCC_GBM_stem_cell_lines_TMT16_HiRIEF_IPG3-10_fr37.raw	v1.1.0	NT=ms-proteomics;VV=v1.1.0	NT=human;VV=v1.1.0	manual curation	U3071	HB008_1
HGCC_HB008_2	Homo sapiens	cell culture	U3071	2	20200624_HGCC_GBM_stem_cell_lines_TMT16_HiRIEF_IPG3-10_fr37_TMT130C	proteomic profiling by mass spectrometry	NT=Data-dependent acquisition;AC=PRIDE:0000627	NT=Q Exactive HF;AC=MS:1002523	TMT130C	NT=Lys-C;AC=MS:1001309	NT=Trypsin;AC=MS:1001251	37	1	20200624_HGCC_GBM_stem_cell_lines_TMT16_HiRIEF_IPG3-10_fr37.raw	v1.1.0	NT=ms-proteomics;VV=v1.1.0	NT=human;VV=v1.1.0	manual curation	U3071	HB008_2
HGCC_HB009	Homo sapiens	cell culture	U3137	1	20200624_HGCC_GBM_stem_cell_lines_TMT16_HiRIEF_IPG3-10_fr37_TMT131N	proteomic profiling by mass spectrometry	NT=Data-dependent acquisition;AC=PRIDE:0000627	NT=Q Exactive HF;AC=MS:1002523	TMT131N	NT=Lys-C;AC=MS:1001309	NT=Trypsin;AC=MS:1001251	37	1	20200624_HGCC_GBM_stem_cell_lines_TMT16_HiRIEF_IPG3-10_fr37.raw	v1.1.0	NT=ms-proteomics;VV=v1.1.0	NT=human;VV=v1.1.0	manual curation	U3137	HB009
HGCC_HB010	Homo sapiens	cell culture	U3263	1	20200624_HGCC_GBM_stem_cell_lines_TMT16_HiRIEF_IPG3-10_fr37_TMT131C	proteomic profiling by mass spectrometry	NT=Data-dependent acquisition;AC=PRIDE:0000627	NT=Q Exactive HF;AC=MS:1002523	TMT131C	NT=Lys-C;AC=MS:1001309	NT=Trypsin;AC=MS:1001251	37	1	20200624_HGCC_GBM_stem_cell_lines_TMT16_HiRIEF_IPG3-10_fr37.raw	v1.1.0	NT=ms-proteomics;VV=v1.1.0	NT=human;VV=v1.1.0	manual curation	U3263	HB010
HGCC_HB011_1	Homo sapiens	cell culture	U3053	1	20200624_HGCC_GBM_stem_cell_lines_TMT16_HiRIEF_IPG3-10_fr37_TMT132N	proteomic profiling by mass spectrometry	NT=Data-dependent acquisition;AC=PRIDE:0000627	NT=Q Exactive HF;AC=MS:1002523	TMT132N	NT=Lys-C;AC=MS:1001309	NT=Trypsin;AC=MS:1001251	37	1	20200624_HGCC_GBM_stem_cell_lines_TMT16_HiRIEF_IPG3-10_fr37.raw	v1.1.0	NT=ms-proteomics;VV=v1.1.0	NT=human;VV=v1.1.0	manual curation	U3053	HB011_1
HGCC_HB011_2	Homo sapiens	cell culture	U3053	2	20200624_HGCC_GBM_stem_cell_lines_TMT16_HiRIEF_IPG3-10_fr37_TMT132C	proteomic profiling by mass spectrometry	NT=Data-dependent acquisition;AC=PRIDE:0000627	NT=Q Exactive HF;AC=MS:1002523	TMT132C	NT=Lys-C;AC=MS:1001309	NT=Trypsin;AC=MS:1001251	37	1	20200624_HGCC_GBM_stem_cell_lines_TMT16_HiRIEF_IPG3-10_fr37.raw	v1.1.0	NT=ms-proteomics;VV=v1.1.0	NT=human;VV=v1.1.0	manual curation	U3053	HB011_2
HGCC_HB012	Homo sapiens	cell culture	U3461	1	20200624_HGCC_GBM_stem_cell_lines_TMT16_HiRIEF_IPG3-10_fr37_TMT133N	proteomic profiling by mass spectrometry	NT=Data-dependent acquisition;AC=PRIDE:0000627	NT=Q Exactive HF;AC=MS:1002523	TMT133N	NT=Lys-C;AC=MS:1001309	NT=Trypsin;AC=MS:1001251	37	1	20200624_HGCC_GBM_stem_cell_lines_TMT16_HiRIEF_IPG3-10_fr37.raw	v1.1.0	NT=ms-proteomics;VV=v1.1.0	NT=human;VV=v1.1.0	manual curation	U3461	HB012
HGCC_HB001	Homo sapiens	cell culture	U3468	1	20200624_HGCC_GBM_stem_cell_lines_TMT16_HiRIEF_IPG3-10_fr32_TMT126	proteomic profiling by mass spectrometry	NT=Data-dependent acquisition;AC=PRIDE:0000627	NT=Q Exactive HF;AC=MS:1002523	TMT126	NT=Lys-C;AC=MS:1001309	NT=Trypsin;AC=MS:1001251	32	1	20200624_HGCC_GBM_stem_cell_lines_TMT16_HiRIEF_IPG3-10_fr32.raw	v1.1.0	NT=ms-proteomics;VV=v1.1.0	NT=human;VV=v1.1.0	manual curation	U3468	HB001
HGCC_HB002	Homo sapiens	cell culture	U3440	1	20200624_HGCC_GBM_stem_cell_lines_TMT16_HiRIEF_IPG3-10_fr32_TMT127N	proteomic profiling by mass spectrometry	NT=Data-dependent acquisition;AC=PRIDE:0000627	NT=Q Exactive HF;AC=MS:1002523	TMT127N	NT=Lys-C;AC=MS:1001309	NT=Trypsin;AC=MS:1001251	32	1	20200624_HGCC_GBM_stem_cell_lines_TMT16_HiRIEF_IPG3-10_fr32.raw	v1.1.0	NT=ms-proteomics;VV=v1.1.0	NT=human;VV=v1.1.0	manual curation	U3440	HB002
HGCC_HB003_1	Homo sapiens	cell culture	U3452	1	20200624_HGCC_GBM_stem_cell_lines_TMT16_HiRIEF_IPG3-10_fr32_TMT127C	proteomic profiling by mass spectrometry	NT=Data-dependent acquisition;AC=PRIDE:0000627	NT=Q Exactive HF;AC=MS:1002523	TMT127C	NT=Lys-C;AC=MS:1001309	NT=Trypsin;AC=MS:1001251	32	1	20200624_HGCC_GBM_stem_cell_lines_TMT16_HiRIEF_IPG3-10_fr32.raw	v1.1.0	NT=ms-proteomics;VV=v1.1.0	NT=human;VV=v1.1.0	manual curation	U3452	HB003_1
HGCC_HB003_2	Homo sapiens	cell culture	U3452	2	20200624_HGCC_GBM_stem_cell_lines_TMT16_HiRIEF_IPG3-10_fr32_TMT128N	proteomic profiling by mass spectrometry	NT=Data-dependent acquisition;AC=PRIDE:0000627	NT=Q Exactive HF;AC=MS:1002523	TMT128N	NT=Lys-C;AC=MS:1001309	NT=Trypsin;AC=MS:1001251	32	1	20200624_HGCC_GBM_stem_cell_lines_TMT16_HiRIEF_IPG3-10_fr32.raw	v1.1.0	NT=ms-proteomics;VV=v1.1.0	NT=human;VV=v1.1.0	manual curation	U3452	HB003_2
HGCC_HB005	Homo sapiens	cell culture	U3308	1	20200624_HGCC_GBM_stem_cell_lines_TMT16_HiRIEF_IPG3-10_fr32_TMT128C	proteomic profiling by mass spectrometry	NT=Data-dependent acquisition;AC=PRIDE:0000627	NT=Q Exactive HF;AC=MS:1002523	TMT128C	NT=Lys-C;AC=MS:1001309	NT=Trypsin;AC=MS:1001251	32	1	20200624_HGCC_GBM_stem_cell_lines_TMT16_HiRIEF_IPG3-10_fr32.raw	v1.1.0	NT=ms-proteomics;VV=v1.1.0	NT=human;VV=v1.1.0	manual curation	U3308	HB005
HGCC_HB006	Homo sapiens	cell culture	U3230	1	20200624_HGCC_GBM_stem_cell_lines_TMT16_HiRIEF_IPG3-10_fr32_TMT129N	proteomic profiling by mass spectrometry	NT=Data-dependent acquisition;AC=PRIDE:0000627	NT=Q Exactive HF;AC=MS:1002523	TMT129N	NT=Lys-C;AC=MS:1001309	NT=Trypsin;AC=MS:1001251	32	1	20200624_HGCC_GBM_stem_cell_lines_TMT16_HiRIEF_IPG3-10_fr32.raw	v1.1.0	NT=ms-proteomics;VV=v1.1.0	NT=human;VV=v1.1.0	manual curation	U3230	HB006
HGCC_HB007	Homo sapiens	cell culture	U3123	1	20200624_HGCC_GBM_stem_cell_lines_TMT16_HiRIEF_IPG3-10_fr32_TMT129C	proteomic profiling by mass spectrometry	NT=Data-dependent acquisition;AC=PRIDE:0000627	NT=Q Exactive HF;AC=MS:1002523	TMT129C	NT=Lys-C;AC=MS:1001309	NT=Trypsin;AC=MS:1001251	32	1	20200624_HGCC_GBM_stem_cell_lines_TMT16_HiRIEF_IPG3-10_fr32.raw	v1.1.0	NT=ms-proteomics;VV=v1.1.0	NT=human;VV=v1.1.0	manual curation	U3123	HB007
HGCC_HB008_1	Homo sapiens	cell culture	U3071	1	20200624_HGCC_GBM_stem_cell_lines_TMT16_HiRIEF_IPG3-10_fr32_TMT130N	proteomic profiling by mass spectrometry	NT=Data-dependent acquisition;AC=PRIDE:0000627	NT=Q Exactive HF;AC=MS:1002523	TMT130N	NT=Lys-C;AC=MS:1001309	NT=Trypsin;AC=MS:1001251	32	1	20200624_HGCC_GBM_stem_cell_lines_TMT16_HiRIEF_IPG3-10_fr32.raw	v1.1.0	NT=ms-proteomics;VV=v1.1.0	NT=human;VV=v1.1.0	manual curation	U3071	HB008_1
HGCC_HB008_2	Homo sapiens	cell culture	U3071	2	20200624_HGCC_GBM_stem_cell_lines_TMT16_HiRIEF_IPG3-10_fr32_TMT130C	proteomic profiling by mass spectrometry	NT=Data-dependent acquisition;AC=PRIDE:0000627	NT=Q Exactive HF;AC=MS:1002523	TMT130C	NT=Lys-C;AC=MS:1001309	NT=Trypsin;AC=MS:1001251	32	1	20200624_HGCC_GBM_stem_cell_lines_TMT16_HiRIEF_IPG3-10_fr32.raw	v1.1.0	NT=ms-proteomics;VV=v1.1.0	NT=human;VV=v1.1.0	manual curation	U3071	HB008_2
HGCC_HB009	Homo sapiens	cell culture	U3137	1	20200624_HGCC_GBM_stem_cell_lines_TMT16_HiRIEF_IPG3-10_fr32_TMT131N	proteomic profiling by mass spectrometry	NT=Data-dependent acquisition;AC=PRIDE:0000627	NT=Q Exactive HF;AC=MS:1002523	TMT131N	NT=Lys-C;AC=MS:1001309	NT=Trypsin;AC=MS:1001251	32	1	20200624_HGCC_GBM_stem_cell_lines_TMT16_HiRIEF_IPG3-10_fr32.raw	v1.1.0	NT=ms-proteomics;VV=v1.1.0	NT=human;VV=v1.1.0	manual curation	U3137	HB009
HGCC_HB010	Homo sapiens	cell culture	U3263	1	20200624_HGCC_GBM_stem_cell_lines_TMT16_HiRIEF_IPG3-10_fr32_TMT131C	proteomic profiling by mass spectrometry	NT=Data-dependent acquisition;AC=PRIDE:0000627	NT=Q Exactive HF;AC=MS:1002523	TMT131C	NT=Lys-C;AC=MS:1001309	NT=Trypsin;AC=MS:1001251	32	1	20200624_HGCC_GBM_stem_cell_lines_TMT16_HiRIEF_IPG3-10_fr32.raw	v1.1.0	NT=ms-proteomics;VV=v1.1.0	NT=human;VV=v1.1.0	manual curation	U3263	HB010
HGCC_HB011_1	Homo sapiens	cell culture	U3053	1	20200624_HGCC_GBM_stem_cell_lines_TMT16_HiRIEF_IPG3-10_fr32_TMT132N	proteomic profiling by mass spectrometry	NT=Data-dependent acquisition;AC=PRIDE:0000627	NT=Q Exactive HF;AC=MS:1002523	TMT132N	NT=Lys-C;AC=MS:1001309	NT=Trypsin;AC=MS:1001251	32	1	20200624_HGCC_GBM_stem_cell_lines_TMT16_HiRIEF_IPG3-10_fr32.raw	v1.1.0	NT=ms-proteomics;VV=v1.1.0	NT=human;VV=v1.1.0	manual curation	U3053	HB011_1
HGCC_HB011_2	Homo sapiens	cell culture	U3053	2	20200624_HGCC_GBM_stem_cell_lines_TMT16_HiRIEF_IPG3-10_fr32_TMT132C	proteomic profiling by mass spectrometry	NT=Data-dependent acquisition;AC=PRIDE:0000627	NT=Q Exactive HF;AC=MS:1002523	TMT132C	NT=Lys-C;AC=MS:1001309	NT=Trypsin;AC=MS:1001251	32	1	20200624_HGCC_GBM_stem_cell_lines_TMT16_HiRIEF_IPG3-10_fr32.raw	v1.1.0	NT=ms-proteomics;VV=v1.1.0	NT=human;VV=v1.1.0	manual curation	U3053	HB011_2
HGCC_HB012	Homo sapiens	cell culture	U3461	1	20200624_HGCC_GBM_stem_cell_lines_TMT16_HiRIEF_IPG3-10_fr32_TMT133N	proteomic profiling by mass spectrometry	NT=Data-dependent acquisition;AC=PRIDE:0000627	NT=Q Exactive HF;AC=MS:1002523	TMT133N	NT=Lys-C;AC=MS:1001309	NT=Trypsin;AC=MS:1001251	32	1	20200624_HGCC_GBM_stem_cell_lines_TMT16_HiRIEF_IPG3-10_fr32.raw	v1.1.0	NT=ms-proteomics;VV=v1.1.0	NT=human;VV=v1.1.0	manual curation	U3461	HB012
HGCC_HB001	Homo sapiens	cell culture	U3468	1	20200624_HGCC_GBM_stem_cell_lines_TMT16_HiRIEF_IPG3-10_fr28_TMT126	proteomic profiling by mass spectrometry	NT=Data-dependent acquisition;AC=PRIDE:0000627	NT=Q Exactive HF;AC=MS:1002523	TMT126	NT=Lys-C;AC=MS:1001309	NT=Trypsin;AC=MS:1001251	28	1	20200624_HGCC_GBM_stem_cell_lines_TMT16_HiRIEF_IPG3-10_fr28.raw	v1.1.0	NT=ms-proteomics;VV=v1.1.0	NT=human;VV=v1.1.0	manual curation	U3468	HB001
HGCC_HB002	Homo sapiens	cell culture	U3440	1	20200624_HGCC_GBM_stem_cell_lines_TMT16_HiRIEF_IPG3-10_fr28_TMT127N	proteomic profiling by mass spectrometry	NT=Data-dependent acquisition;AC=PRIDE:0000627	NT=Q Exactive HF;AC=MS:1002523	TMT127N	NT=Lys-C;AC=MS:1001309	NT=Trypsin;AC=MS:1001251	28	1	20200624_HGCC_GBM_stem_cell_lines_TMT16_HiRIEF_IPG3-10_fr28.raw	v1.1.0	NT=ms-proteomics;VV=v1.1.0	NT=human;VV=v1.1.0	manual curation	U3440	HB002
HGCC_HB003_1	Homo sapiens	cell culture	U3452	1	20200624_HGCC_GBM_stem_cell_lines_TMT16_HiRIEF_IPG3-10_fr28_TMT127C	proteomic profiling by mass spectrometry	NT=Data-dependent acquisition;AC=PRIDE:0000627	NT=Q Exactive HF;AC=MS:1002523	TMT127C	NT=Lys-C;AC=MS:1001309	NT=Trypsin;AC=MS:1001251	28	1	20200624_HGCC_GBM_stem_cell_lines_TMT16_HiRIEF_IPG3-10_fr28.raw	v1.1.0	NT=ms-proteomics;VV=v1.1.0	NT=human;VV=v1.1.0	manual curation	U3452	HB003_1
HGCC_HB003_2	Homo sapiens	cell culture	U3452	2	20200624_HGCC_GBM_stem_cell_lines_TMT16_HiRIEF_IPG3-10_fr28_TMT128N	proteomic profiling by mass spectrometry	NT=Data-dependent acquisition;AC=PRIDE:0000627	NT=Q Exactive HF;AC=MS:1002523	TMT128N	NT=Lys-C;AC=MS:1001309	NT=Trypsin;AC=MS:1001251	28	1	20200624_HGCC_GBM_stem_cell_lines_TMT16_HiRIEF_IPG3-10_fr28.raw	v1.1.0	NT=ms-proteomics;VV=v1.1.0	NT=human;VV=v1.1.0	manual curation	U3452	HB003_2
HGCC_HB005	Homo sapiens	cell culture	U3308	1	20200624_HGCC_GBM_stem_cell_lines_TMT16_HiRIEF_IPG3-10_fr28_TMT128C	proteomic profiling by mass spectrometry	NT=Data-dependent acquisition;AC=PRIDE:0000627	NT=Q Exactive HF;AC=MS:1002523	TMT128C	NT=Lys-C;AC=MS:1001309	NT=Trypsin;AC=MS:1001251	28	1	20200624_HGCC_GBM_stem_cell_lines_TMT16_HiRIEF_IPG3-10_fr28.raw	v1.1.0	NT=ms-proteomics;VV=v1.1.0	NT=human;VV=v1.1.0	manual curation	U3308	HB005
HGCC_HB006	Homo sapiens	cell culture	U3230	1	20200624_HGCC_GBM_stem_cell_lines_TMT16_HiRIEF_IPG3-10_fr28_TMT129N	proteomic profiling by mass spectrometry	NT=Data-dependent acquisition;AC=PRIDE:0000627	NT=Q Exactive HF;AC=MS:1002523	TMT129N	NT=Lys-C;AC=MS:1001309	NT=Trypsin;AC=MS:1001251	28	1	20200624_HGCC_GBM_stem_cell_lines_TMT16_HiRIEF_IPG3-10_fr28.raw	v1.1.0	NT=ms-proteomics;VV=v1.1.0	NT=human;VV=v1.1.0	manual curation	U3230	HB006
HGCC_HB007	Homo sapiens	cell culture	U3123	1	20200624_HGCC_GBM_stem_cell_lines_TMT16_HiRIEF_IPG3-10_fr28_TMT129C	proteomic profiling by mass spectrometry	NT=Data-dependent acquisition;AC=PRIDE:0000627	NT=Q Exactive HF;AC=MS:1002523	TMT129C	NT=Lys-C;AC=MS:1001309	NT=Trypsin;AC=MS:1001251	28	1	20200624_HGCC_GBM_stem_cell_lines_TMT16_HiRIEF_IPG3-10_fr28.raw	v1.1.0	NT=ms-proteomics;VV=v1.1.0	NT=human;VV=v1.1.0	manual curation	U3123	HB007
HGCC_HB008_1	Homo sapiens	cell culture	U3071	1	20200624_HGCC_GBM_stem_cell_lines_TMT16_HiRIEF_IPG3-10_fr28_TMT130N	proteomic profiling by mass spectrometry	NT=Data-dependent acquisition;AC=PRIDE:0000627	NT=Q Exactive HF;AC=MS:1002523	TMT130N	NT=Lys-C;AC=MS:1001309	NT=Trypsin;AC=MS:1001251	28	1	20200624_HGCC_GBM_stem_cell_lines_TMT16_HiRIEF_IPG3-10_fr28.raw	v1.1.0	NT=ms-proteomics;VV=v1.1.0	NT=human;VV=v1.1.0	manual curation	U3071	HB008_1
HGCC_HB008_2	Homo sapiens	cell culture	U3071	2	20200624_HGCC_GBM_stem_cell_lines_TMT16_HiRIEF_IPG3-10_fr28_TMT130C	proteomic profiling by mass spectrometry	NT=Data-dependent acquisition;AC=PRIDE:0000627	NT=Q Exactive HF;AC=MS:1002523	TMT130C	NT=Lys-C;AC=MS:1001309	NT=Trypsin;AC=MS:1001251	28	1	20200624_HGCC_GBM_stem_cell_lines_TMT16_HiRIEF_IPG3-10_fr28.raw	v1.1.0	NT=ms-proteomics;VV=v1.1.0	NT=human;VV=v1.1.0	manual curation	U3071	HB008_2
HGCC_HB009	Homo sapiens	cell culture	U3137	1	20200624_HGCC_GBM_stem_cell_lines_TMT16_HiRIEF_IPG3-10_fr28_TMT131N	proteomic profiling by mass spectrometry	NT=Data-dependent acquisition;AC=PRIDE:0000627	NT=Q Exactive HF;AC=MS:1002523	TMT131N	NT=Lys-C;AC=MS:1001309	NT=Trypsin;AC=MS:1001251	28	1	20200624_HGCC_GBM_stem_cell_lines_TMT16_HiRIEF_IPG3-10_fr28.raw	v1.1.0	NT=ms-proteomics;VV=v1.1.0	NT=human;VV=v1.1.0	manual curation	U3137	HB009
HGCC_HB010	Homo sapiens	cell culture	U3263	1	20200624_HGCC_GBM_stem_cell_lines_TMT16_HiRIEF_IPG3-10_fr28_TMT131C	proteomic profiling by mass spectrometry	NT=Data-dependent acquisition;AC=PRIDE:0000627	NT=Q Exactive HF;AC=MS:1002523	TMT131C	NT=Lys-C;AC=MS:1001309	NT=Trypsin;AC=MS:1001251	28	1	20200624_HGCC_GBM_stem_cell_lines_TMT16_HiRIEF_IPG3-10_fr28.raw	v1.1.0	NT=ms-proteomics;VV=v1.1.0	NT=human;VV=v1.1.0	manual curation	U3263	HB010
HGCC_HB011_1	Homo sapiens	cell culture	U3053	1	20200624_HGCC_GBM_stem_cell_lines_TMT16_HiRIEF_IPG3-10_fr28_TMT132N	proteomic profiling by mass spectrometry	NT=Data-dependent acquisition;AC=PRIDE:0000627	NT=Q Exactive HF;AC=MS:1002523	TMT132N	NT=Lys-C;AC=MS:1001309	NT=Trypsin;AC=MS:1001251	28	1	20200624_HGCC_GBM_stem_cell_lines_TMT16_HiRIEF_IPG3-10_fr28.raw	v1.1.0	NT=ms-proteomics;VV=v1.1.0	NT=human;VV=v1.1.0	manual curation	U3053	HB011_1
HGCC_HB011_2	Homo sapiens	cell culture	U3053	2	20200624_HGCC_GBM_stem_cell_lines_TMT16_HiRIEF_IPG3-10_fr28_TMT132C	proteomic profiling by mass spectrometry	NT=Data-dependent acquisition;AC=PRIDE:0000627	NT=Q Exactive HF;AC=MS:1002523	TMT132C	NT=Lys-C;AC=MS:1001309	NT=Trypsin;AC=MS:1001251	28	1	20200624_HGCC_GBM_stem_cell_lines_TMT16_HiRIEF_IPG3-10_fr28.raw	v1.1.0	NT=ms-proteomics;VV=v1.1.0	NT=human;VV=v1.1.0	manual curation	U3053	HB011_2
HGCC_HB012	Homo sapiens	cell culture	U3461	1	20200624_HGCC_GBM_stem_cell_lines_TMT16_HiRIEF_IPG3-10_fr28_TMT133N	proteomic profiling by mass spectrometry	NT=Data-dependent acquisition;AC=PRIDE:0000627	NT=Q Exactive HF;AC=MS:1002523	TMT133N	NT=Lys-C;AC=MS:1001309	NT=Trypsin;AC=MS:1001251	28	1	20200624_HGCC_GBM_stem_cell_lines_TMT16_HiRIEF_IPG3-10_fr28.raw	v1.1.0	NT=ms-proteomics;VV=v1.1.0	NT=human;VV=v1.1.0	manual curation	U3461	HB012
HGCC_HB001	Homo sapiens	cell culture	U3468	1	20200624_HGCC_GBM_stem_cell_lines_TMT16_HiRIEF_IPG3-10_fr48_TMT126	proteomic profiling by mass spectrometry	NT=Data-dependent acquisition;AC=PRIDE:0000627	NT=Q Exactive HF;AC=MS:1002523	TMT126	NT=Lys-C;AC=MS:1001309	NT=Trypsin;AC=MS:1001251	48	1	20200624_HGCC_GBM_stem_cell_lines_TMT16_HiRIEF_IPG3-10_fr48.raw	v1.1.0	NT=ms-proteomics;VV=v1.1.0	NT=human;VV=v1.1.0	manual curation	U3468	HB001
HGCC_HB002	Homo sapiens	cell culture	U3440	1	20200624_HGCC_GBM_stem_cell_lines_TMT16_HiRIEF_IPG3-10_fr48_TMT127N	proteomic profiling by mass spectrometry	NT=Data-dependent acquisition;AC=PRIDE:0000627	NT=Q Exactive HF;AC=MS:1002523	TMT127N	NT=Lys-C;AC=MS:1001309	NT=Trypsin;AC=MS:1001251	48	1	20200624_HGCC_GBM_stem_cell_lines_TMT16_HiRIEF_IPG3-10_fr48.raw	v1.1.0	NT=ms-proteomics;VV=v1.1.0	NT=human;VV=v1.1.0	manual curation	U3440	HB002
HGCC_HB003_1	Homo sapiens	cell culture	U3452	1	20200624_HGCC_GBM_stem_cell_lines_TMT16_HiRIEF_IPG3-10_fr48_TMT127C	proteomic profiling by mass spectrometry	NT=Data-dependent acquisition;AC=PRIDE:0000627	NT=Q Exactive HF;AC=MS:1002523	TMT127C	NT=Lys-C;AC=MS:1001309	NT=Trypsin;AC=MS:1001251	48	1	20200624_HGCC_GBM_stem_cell_lines_TMT16_HiRIEF_IPG3-10_fr48.raw	v1.1.0	NT=ms-proteomics;VV=v1.1.0	NT=human;VV=v1.1.0	manual curation	U3452	HB003_1
HGCC_HB003_2	Homo sapiens	cell culture	U3452	2	20200624_HGCC_GBM_stem_cell_lines_TMT16_HiRIEF_IPG3-10_fr48_TMT128N	proteomic profiling by mass spectrometry	NT=Data-dependent acquisition;AC=PRIDE:0000627	NT=Q Exactive HF;AC=MS:1002523	TMT128N	NT=Lys-C;AC=MS:1001309	NT=Trypsin;AC=MS:1001251	48	1	20200624_HGCC_GBM_stem_cell_lines_TMT16_HiRIEF_IPG3-10_fr48.raw	v1.1.0	NT=ms-proteomics;VV=v1.1.0	NT=human;VV=v1.1.0	manual curation	U3452	HB003_2
HGCC_HB005	Homo sapiens	cell culture	U3308	1	20200624_HGCC_GBM_stem_cell_lines_TMT16_HiRIEF_IPG3-10_fr48_TMT128C	proteomic profiling by mass spectrometry	NT=Data-dependent acquisition;AC=PRIDE:0000627	NT=Q Exactive HF;AC=MS:1002523	TMT128C	NT=Lys-C;AC=MS:1001309	NT=Trypsin;AC=MS:1001251	48	1	20200624_HGCC_GBM_stem_cell_lines_TMT16_HiRIEF_IPG3-10_fr48.raw	v1.1.0	NT=ms-proteomics;VV=v1.1.0	NT=human;VV=v1.1.0	manual curation	U3308	HB005
HGCC_HB006	Homo sapiens	cell culture	U3230	1	20200624_HGCC_GBM_stem_cell_lines_TMT16_HiRIEF_IPG3-10_fr48_TMT129N	proteomic profiling by mass spectrometry	NT=Data-dependent acquisition;AC=PRIDE:0000627	NT=Q Exactive HF;AC=MS:1002523	TMT129N	NT=Lys-C;AC=MS:1001309	NT=Trypsin;AC=MS:1001251	48	1	20200624_HGCC_GBM_stem_cell_lines_TMT16_HiRIEF_IPG3-10_fr48.raw	v1.1.0	NT=ms-proteomics;VV=v1.1.0	NT=human;VV=v1.1.0	manual curation	U3230	HB006
HGCC_HB007	Homo sapiens	cell culture	U3123	1	20200624_HGCC_GBM_stem_cell_lines_TMT16_HiRIEF_IPG3-10_fr48_TMT129C	proteomic profiling by mass spectrometry	NT=Data-dependent acquisition;AC=PRIDE:0000627	NT=Q Exactive HF;AC=MS:1002523	TMT129C	NT=Lys-C;AC=MS:1001309	NT=Trypsin;AC=MS:1001251	48	1	20200624_HGCC_GBM_stem_cell_lines_TMT16_HiRIEF_IPG3-10_fr48.raw	v1.1.0	NT=ms-proteomics;VV=v1.1.0	NT=human;VV=v1.1.0	manual curation	U3123	HB007
HGCC_HB008_1	Homo sapiens	cell culture	U3071	1	20200624_HGCC_GBM_stem_cell_lines_TMT16_HiRIEF_IPG3-10_fr48_TMT130N	proteomic profiling by mass spectrometry	NT=Data-dependent acquisition;AC=PRIDE:0000627	NT=Q Exactive HF;AC=MS:1002523	TMT130N	NT=Lys-C;AC=MS:1001309	NT=Trypsin;AC=MS:1001251	48	1	20200624_HGCC_GBM_stem_cell_lines_TMT16_HiRIEF_IPG3-10_fr48.raw	v1.1.0	NT=ms-proteomics;VV=v1.1.0	NT=human;VV=v1.1.0	manual curation	U3071	HB008_1
HGCC_HB008_2	Homo sapiens	cell culture	U3071	2	20200624_HGCC_GBM_stem_cell_lines_TMT16_HiRIEF_IPG3-10_fr48_TMT130C	proteomic profiling by mass spectrometry	NT=Data-dependent acquisition;AC=PRIDE:0000627	NT=Q Exactive HF;AC=MS:1002523	TMT130C	NT=Lys-C;AC=MS:1001309	NT=Trypsin;AC=MS:1001251	48	1	20200624_HGCC_GBM_stem_cell_lines_TMT16_HiRIEF_IPG3-10_fr48.raw	v1.1.0	NT=ms-proteomics;VV=v1.1.0	NT=human;VV=v1.1.0	manual curation	U3071	HB008_2
HGCC_HB009	Homo sapiens	cell culture	U3137	1	20200624_HGCC_GBM_stem_cell_lines_TMT16_HiRIEF_IPG3-10_fr48_TMT131N	proteomic profiling by mass spectrometry	NT=Data-dependent acquisition;AC=PRIDE:0000627	NT=Q Exactive HF;AC=MS:1002523	TMT131N	NT=Lys-C;AC=MS:1001309	NT=Trypsin;AC=MS:1001251	48	1	20200624_HGCC_GBM_stem_cell_lines_TMT16_HiRIEF_IPG3-10_fr48.raw	v1.1.0	NT=ms-proteomics;VV=v1.1.0	NT=human;VV=v1.1.0	manual curation	U3137	HB009
HGCC_HB010	Homo sapiens	cell culture	U3263	1	20200624_HGCC_GBM_stem_cell_lines_TMT16_HiRIEF_IPG3-10_fr48_TMT131C	proteomic profiling by mass spectrometry	NT=Data-dependent acquisition;AC=PRIDE:0000627	NT=Q Exactive HF;AC=MS:1002523	TMT131C	NT=Lys-C;AC=MS:1001309	NT=Trypsin;AC=MS:1001251	48	1	20200624_HGCC_GBM_stem_cell_lines_TMT16_HiRIEF_IPG3-10_fr48.raw	v1.1.0	NT=ms-proteomics;VV=v1.1.0	NT=human;VV=v1.1.0	manual curation	U3263	HB010
HGCC_HB011_1	Homo sapiens	cell culture	U3053	1	20200624_HGCC_GBM_stem_cell_lines_TMT16_HiRIEF_IPG3-10_fr48_TMT132N	proteomic profiling by mass spectrometry	NT=Data-dependent acquisition;AC=PRIDE:0000627	NT=Q Exactive HF;AC=MS:1002523	TMT132N	NT=Lys-C;AC=MS:1001309	NT=Trypsin;AC=MS:1001251	48	1	20200624_HGCC_GBM_stem_cell_lines_TMT16_HiRIEF_IPG3-10_fr48.raw	v1.1.0	NT=ms-proteomics;VV=v1.1.0	NT=human;VV=v1.1.0	manual curation	U3053	HB011_1
HGCC_HB011_2	Homo sapiens	cell culture	U3053	2	20200624_HGCC_GBM_stem_cell_lines_TMT16_HiRIEF_IPG3-10_fr48_TMT132C	proteomic profiling by mass spectrometry	NT=Data-dependent acquisition;AC=PRIDE:0000627	NT=Q Exactive HF;AC=MS:1002523	TMT132C	NT=Lys-C;AC=MS:1001309	NT=Trypsin;AC=MS:1001251	48	1	20200624_HGCC_GBM_stem_cell_lines_TMT16_HiRIEF_IPG3-10_fr48.raw	v1.1.0	NT=ms-proteomics;VV=v1.1.0	NT=human;VV=v1.1.0	manual curation	U3053	HB011_2
HGCC_HB012	Homo sapiens	cell culture	U3461	1	20200624_HGCC_GBM_stem_cell_lines_TMT16_HiRIEF_IPG3-10_fr48_TMT133N	proteomic profiling by mass spectrometry	NT=Data-dependent acquisition;AC=PRIDE:0000627	NT=Q Exactive HF;AC=MS:1002523	TMT133N	NT=Lys-C;AC=MS:1001309	NT=Trypsin;AC=MS:1001251	48	1	20200624_HGCC_GBM_stem_cell_lines_TMT16_HiRIEF_IPG3-10_fr48.raw	v1.1.0	NT=ms-proteomics;VV=v1.1.0	NT=human;VV=v1.1.0	manual curation	U3461	HB012
HGCC_HB001	Homo sapiens	cell culture	U3468	1	20200624_HGCC_GBM_stem_cell_lines_TMT16_HiRIEF_IPG3-10_fr47_TMT126	proteomic profiling by mass spectrometry	NT=Data-dependent acquisition;AC=PRIDE:0000627	NT=Q Exactive HF;AC=MS:1002523	TMT126	NT=Lys-C;AC=MS:1001309	NT=Trypsin;AC=MS:1001251	47	1	20200624_HGCC_GBM_stem_cell_lines_TMT16_HiRIEF_IPG3-10_fr47.raw	v1.1.0	NT=ms-proteomics;VV=v1.1.0	NT=human;VV=v1.1.0	manual curation	U3468	HB001
HGCC_HB002	Homo sapiens	cell culture	U3440	1	20200624_HGCC_GBM_stem_cell_lines_TMT16_HiRIEF_IPG3-10_fr47_TMT127N	proteomic profiling by mass spectrometry	NT=Data-dependent acquisition;AC=PRIDE:0000627	NT=Q Exactive HF;AC=MS:1002523	TMT127N	NT=Lys-C;AC=MS:1001309	NT=Trypsin;AC=MS:1001251	47	1	20200624_HGCC_GBM_stem_cell_lines_TMT16_HiRIEF_IPG3-10_fr47.raw	v1.1.0	NT=ms-proteomics;VV=v1.1.0	NT=human;VV=v1.1.0	manual curation	U3440	HB002
HGCC_HB003_1	Homo sapiens	cell culture	U3452	1	20200624_HGCC_GBM_stem_cell_lines_TMT16_HiRIEF_IPG3-10_fr47_TMT127C	proteomic profiling by mass spectrometry	NT=Data-dependent acquisition;AC=PRIDE:0000627	NT=Q Exactive HF;AC=MS:1002523	TMT127C	NT=Lys-C;AC=MS:1001309	NT=Trypsin;AC=MS:1001251	47	1	20200624_HGCC_GBM_stem_cell_lines_TMT16_HiRIEF_IPG3-10_fr47.raw	v1.1.0	NT=ms-proteomics;VV=v1.1.0	NT=human;VV=v1.1.0	manual curation	U3452	HB003_1
HGCC_HB003_2	Homo sapiens	cell culture	U3452	2	20200624_HGCC_GBM_stem_cell_lines_TMT16_HiRIEF_IPG3-10_fr47_TMT128N	proteomic profiling by mass spectrometry	NT=Data-dependent acquisition;AC=PRIDE:0000627	NT=Q Exactive HF;AC=MS:1002523	TMT128N	NT=Lys-C;AC=MS:1001309	NT=Trypsin;AC=MS:1001251	47	1	20200624_HGCC_GBM_stem_cell_lines_TMT16_HiRIEF_IPG3-10_fr47.raw	v1.1.0	NT=ms-proteomics;VV=v1.1.0	NT=human;VV=v1.1.0	manual curation	U3452	HB003_2
HGCC_HB005	Homo sapiens	cell culture	U3308	1	20200624_HGCC_GBM_stem_cell_lines_TMT16_HiRIEF_IPG3-10_fr47_TMT128C	proteomic profiling by mass spectrometry	NT=Data-dependent acquisition;AC=PRIDE:0000627	NT=Q Exactive HF;AC=MS:1002523	TMT128C	NT=Lys-C;AC=MS:1001309	NT=Trypsin;AC=MS:1001251	47	1	20200624_HGCC_GBM_stem_cell_lines_TMT16_HiRIEF_IPG3-10_fr47.raw	v1.1.0	NT=ms-proteomics;VV=v1.1.0	NT=human;VV=v1.1.0	manual curation	U3308	HB005
HGCC_HB006	Homo sapiens	cell culture	U3230	1	20200624_HGCC_GBM_stem_cell_lines_TMT16_HiRIEF_IPG3-10_fr47_TMT129N	proteomic profiling by mass spectrometry	NT=Data-dependent acquisition;AC=PRIDE:0000627	NT=Q Exactive HF;AC=MS:1002523	TMT129N	NT=Lys-C;AC=MS:1001309	NT=Trypsin;AC=MS:1001251	47	1	20200624_HGCC_GBM_stem_cell_lines_TMT16_HiRIEF_IPG3-10_fr47.raw	v1.1.0	NT=ms-proteomics;VV=v1.1.0	NT=human;VV=v1.1.0	manual curation	U3230	HB006
HGCC_HB007	Homo sapiens	cell culture	U3123	1	20200624_HGCC_GBM_stem_cell_lines_TMT16_HiRIEF_IPG3-10_fr47_TMT129C	proteomic profiling by mass spectrometry	NT=Data-dependent acquisition;AC=PRIDE:0000627	NT=Q Exactive HF;AC=MS:1002523	TMT129C	NT=Lys-C;AC=MS:1001309	NT=Trypsin;AC=MS:1001251	47	1	20200624_HGCC_GBM_stem_cell_lines_TMT16_HiRIEF_IPG3-10_fr47.raw	v1.1.0	NT=ms-proteomics;VV=v1.1.0	NT=human;VV=v1.1.0	manual curation	U3123	HB007
HGCC_HB008_1	Homo sapiens	cell culture	U3071	1	20200624_HGCC_GBM_stem_cell_lines_TMT16_HiRIEF_IPG3-10_fr47_TMT130N	proteomic profiling by mass spectrometry	NT=Data-dependent acquisition;AC=PRIDE:0000627	NT=Q Exactive HF;AC=MS:1002523	TMT130N	NT=Lys-C;AC=MS:1001309	NT=Trypsin;AC=MS:1001251	47	1	20200624_HGCC_GBM_stem_cell_lines_TMT16_HiRIEF_IPG3-10_fr47.raw	v1.1.0	NT=ms-proteomics;VV=v1.1.0	NT=human;VV=v1.1.0	manual curation	U3071	HB008_1
HGCC_HB008_2	Homo sapiens	cell culture	U3071	2	20200624_HGCC_GBM_stem_cell_lines_TMT16_HiRIEF_IPG3-10_fr47_TMT130C	proteomic profiling by mass spectrometry	NT=Data-dependent acquisition;AC=PRIDE:0000627	NT=Q Exactive HF;AC=MS:1002523	TMT130C	NT=Lys-C;AC=MS:1001309	NT=Trypsin;AC=MS:1001251	47	1	20200624_HGCC_GBM_stem_cell_lines_TMT16_HiRIEF_IPG3-10_fr47.raw	v1.1.0	NT=ms-proteomics;VV=v1.1.0	NT=human;VV=v1.1.0	manual curation	U3071	HB008_2
HGCC_HB009	Homo sapiens	cell culture	U3137	1	20200624_HGCC_GBM_stem_cell_lines_TMT16_HiRIEF_IPG3-10_fr47_TMT131N	proteomic profiling by mass spectrometry	NT=Data-dependent acquisition;AC=PRIDE:0000627	NT=Q Exactive HF;AC=MS:1002523	TMT131N	NT=Lys-C;AC=MS:1001309	NT=Trypsin;AC=MS:1001251	47	1	20200624_HGCC_GBM_stem_cell_lines_TMT16_HiRIEF_IPG3-10_fr47.raw	v1.1.0	NT=ms-proteomics;VV=v1.1.0	NT=human;VV=v1.1.0	manual curation	U3137	HB009
HGCC_HB010	Homo sapiens	cell culture	U3263	1	20200624_HGCC_GBM_stem_cell_lines_TMT16_HiRIEF_IPG3-10_fr47_TMT131C	proteomic profiling by mass spectrometry	NT=Data-dependent acquisition;AC=PRIDE:0000627	NT=Q Exactive HF;AC=MS:1002523	TMT131C	NT=Lys-C;AC=MS:1001309	NT=Trypsin;AC=MS:1001251	47	1	20200624_HGCC_GBM_stem_cell_lines_TMT16_HiRIEF_IPG3-10_fr47.raw	v1.1.0	NT=ms-proteomics;VV=v1.1.0	NT=human;VV=v1.1.0	manual curation	U3263	HB010
HGCC_HB011_1	Homo sapiens	cell culture	U3053	1	20200624_HGCC_GBM_stem_cell_lines_TMT16_HiRIEF_IPG3-10_fr47_TMT132N	proteomic profiling by mass spectrometry	NT=Data-dependent acquisition;AC=PRIDE:0000627	NT=Q Exactive HF;AC=MS:1002523	TMT132N	NT=Lys-C;AC=MS:1001309	NT=Trypsin;AC=MS:1001251	47	1	20200624_HGCC_GBM_stem_cell_lines_TMT16_HiRIEF_IPG3-10_fr47.raw	v1.1.0	NT=ms-proteomics;VV=v1.1.0	NT=human;VV=v1.1.0	manual curation	U3053	HB011_1
HGCC_HB011_2	Homo sapiens	cell culture	U3053	2	20200624_HGCC_GBM_stem_cell_lines_TMT16_HiRIEF_IPG3-10_fr47_TMT132C	proteomic profiling by mass spectrometry	NT=Data-dependent acquisition;AC=PRIDE:0000627	NT=Q Exactive HF;AC=MS:1002523	TMT132C	NT=Lys-C;AC=MS:1001309	NT=Trypsin;AC=MS:1001251	47	1	20200624_HGCC_GBM_stem_cell_lines_TMT16_HiRIEF_IPG3-10_fr47.raw	v1.1.0	NT=ms-proteomics;VV=v1.1.0	NT=human;VV=v1.1.0	manual curation	U3053	HB011_2
HGCC_HB012	Homo sapiens	cell culture	U3461	1	20200624_HGCC_GBM_stem_cell_lines_TMT16_HiRIEF_IPG3-10_fr47_TMT133N	proteomic profiling by mass spectrometry	NT=Data-dependent acquisition;AC=PRIDE:0000627	NT=Q Exactive HF;AC=MS:1002523	TMT133N	NT=Lys-C;AC=MS:1001309	NT=Trypsin;AC=MS:1001251	47	1	20200624_HGCC_GBM_stem_cell_lines_TMT16_HiRIEF_IPG3-10_fr47.raw	v1.1.0	NT=ms-proteomics;VV=v1.1.0	NT=human;VV=v1.1.0	manual curation	U3461	HB012
HGCC_HB001	Homo sapiens	cell culture	U3468	1	20200624_HGCC_GBM_stem_cell_lines_TMT16_HiRIEF_IPG3-10_fr03_TMT126	proteomic profiling by mass spectrometry	NT=Data-dependent acquisition;AC=PRIDE:0000627	NT=Q Exactive HF;AC=MS:1002523	TMT126	NT=Lys-C;AC=MS:1001309	NT=Trypsin;AC=MS:1001251	3	1	20200624_HGCC_GBM_stem_cell_lines_TMT16_HiRIEF_IPG3-10_fr03.raw	v1.1.0	NT=ms-proteomics;VV=v1.1.0	NT=human;VV=v1.1.0	manual curation	U3468	HB001
HGCC_HB002	Homo sapiens	cell culture	U3440	1	20200624_HGCC_GBM_stem_cell_lines_TMT16_HiRIEF_IPG3-10_fr03_TMT127N	proteomic profiling by mass spectrometry	NT=Data-dependent acquisition;AC=PRIDE:0000627	NT=Q Exactive HF;AC=MS:1002523	TMT127N	NT=Lys-C;AC=MS:1001309	NT=Trypsin;AC=MS:1001251	3	1	20200624_HGCC_GBM_stem_cell_lines_TMT16_HiRIEF_IPG3-10_fr03.raw	v1.1.0	NT=ms-proteomics;VV=v1.1.0	NT=human;VV=v1.1.0	manual curation	U3440	HB002
HGCC_HB003_1	Homo sapiens	cell culture	U3452	1	20200624_HGCC_GBM_stem_cell_lines_TMT16_HiRIEF_IPG3-10_fr03_TMT127C	proteomic profiling by mass spectrometry	NT=Data-dependent acquisition;AC=PRIDE:0000627	NT=Q Exactive HF;AC=MS:1002523	TMT127C	NT=Lys-C;AC=MS:1001309	NT=Trypsin;AC=MS:1001251	3	1	20200624_HGCC_GBM_stem_cell_lines_TMT16_HiRIEF_IPG3-10_fr03.raw	v1.1.0	NT=ms-proteomics;VV=v1.1.0	NT=human;VV=v1.1.0	manual curation	U3452	HB003_1
HGCC_HB003_2	Homo sapiens	cell culture	U3452	2	20200624_HGCC_GBM_stem_cell_lines_TMT16_HiRIEF_IPG3-10_fr03_TMT128N	proteomic profiling by mass spectrometry	NT=Data-dependent acquisition;AC=PRIDE:0000627	NT=Q Exactive HF;AC=MS:1002523	TMT128N	NT=Lys-C;AC=MS:1001309	NT=Trypsin;AC=MS:1001251	3	1	20200624_HGCC_GBM_stem_cell_lines_TMT16_HiRIEF_IPG3-10_fr03.raw	v1.1.0	NT=ms-proteomics;VV=v1.1.0	NT=human;VV=v1.1.0	manual curation	U3452	HB003_2
HGCC_HB005	Homo sapiens	cell culture	U3308	1	20200624_HGCC_GBM_stem_cell_lines_TMT16_HiRIEF_IPG3-10_fr03_TMT128C	proteomic profiling by mass spectrometry	NT=Data-dependent acquisition;AC=PRIDE:0000627	NT=Q Exactive HF;AC=MS:1002523	TMT128C	NT=Lys-C;AC=MS:1001309	NT=Trypsin;AC=MS:1001251	3	1	20200624_HGCC_GBM_stem_cell_lines_TMT16_HiRIEF_IPG3-10_fr03.raw	v1.1.0	NT=ms-proteomics;VV=v1.1.0	NT=human;VV=v1.1.0	manual curation	U3308	HB005
HGCC_HB006	Homo sapiens	cell culture	U3230	1	20200624_HGCC_GBM_stem_cell_lines_TMT16_HiRIEF_IPG3-10_fr03_TMT129N	proteomic profiling by mass spectrometry	NT=Data-dependent acquisition;AC=PRIDE:0000627	NT=Q Exactive HF;AC=MS:1002523	TMT129N	NT=Lys-C;AC=MS:1001309	NT=Trypsin;AC=MS:1001251	3	1	20200624_HGCC_GBM_stem_cell_lines_TMT16_HiRIEF_IPG3-10_fr03.raw	v1.1.0	NT=ms-proteomics;VV=v1.1.0	NT=human;VV=v1.1.0	manual curation	U3230	HB006
HGCC_HB007	Homo sapiens	cell culture	U3123	1	20200624_HGCC_GBM_stem_cell_lines_TMT16_HiRIEF_IPG3-10_fr03_TMT129C	proteomic profiling by mass spectrometry	NT=Data-dependent acquisition;AC=PRIDE:0000627	NT=Q Exactive HF;AC=MS:1002523	TMT129C	NT=Lys-C;AC=MS:1001309	NT=Trypsin;AC=MS:1001251	3	1	20200624_HGCC_GBM_stem_cell_lines_TMT16_HiRIEF_IPG3-10_fr03.raw	v1.1.0	NT=ms-proteomics;VV=v1.1.0	NT=human;VV=v1.1.0	manual curation	U3123	HB007
HGCC_HB008_1	Homo sapiens	cell culture	U3071	1	20200624_HGCC_GBM_stem_cell_lines_TMT16_HiRIEF_IPG3-10_fr03_TMT130N	proteomic profiling by mass spectrometry	NT=Data-dependent acquisition;AC=PRIDE:0000627	NT=Q Exactive HF;AC=MS:1002523	TMT130N	NT=Lys-C;AC=MS:1001309	NT=Trypsin;AC=MS:1001251	3	1	20200624_HGCC_GBM_stem_cell_lines_TMT16_HiRIEF_IPG3-10_fr03.raw	v1.1.0	NT=ms-proteomics;VV=v1.1.0	NT=human;VV=v1.1.0	manual curation	U3071	HB008_1
HGCC_HB008_2	Homo sapiens	cell culture	U3071	2	20200624_HGCC_GBM_stem_cell_lines_TMT16_HiRIEF_IPG3-10_fr03_TMT130C	proteomic profiling by mass spectrometry	NT=Data-dependent acquisition;AC=PRIDE:0000627	NT=Q Exactive HF;AC=MS:1002523	TMT130C	NT=Lys-C;AC=MS:1001309	NT=Trypsin;AC=MS:1001251	3	1	20200624_HGCC_GBM_stem_cell_lines_TMT16_HiRIEF_IPG3-10_fr03.raw	v1.1.0	NT=ms-proteomics;VV=v1.1.0	NT=human;VV=v1.1.0	manual curation	U3071	HB008_2
HGCC_HB009	Homo sapiens	cell culture	U3137	1	20200624_HGCC_GBM_stem_cell_lines_TMT16_HiRIEF_IPG3-10_fr03_TMT131N	proteomic profiling by mass spectrometry	NT=Data-dependent acquisition;AC=PRIDE:0000627	NT=Q Exactive HF;AC=MS:1002523	TMT131N	NT=Lys-C;AC=MS:1001309	NT=Trypsin;AC=MS:1001251	3	1	20200624_HGCC_GBM_stem_cell_lines_TMT16_HiRIEF_IPG3-10_fr03.raw	v1.1.0	NT=ms-proteomics;VV=v1.1.0	NT=human;VV=v1.1.0	manual curation	U3137	HB009
HGCC_HB010	Homo sapiens	cell culture	U3263	1	20200624_HGCC_GBM_stem_cell_lines_TMT16_HiRIEF_IPG3-10_fr03_TMT131C	proteomic profiling by mass spectrometry	NT=Data-dependent acquisition;AC=PRIDE:0000627	NT=Q Exactive HF;AC=MS:1002523	TMT131C	NT=Lys-C;AC=MS:1001309	NT=Trypsin;AC=MS:1001251	3	1	20200624_HGCC_GBM_stem_cell_lines_TMT16_HiRIEF_IPG3-10_fr03.raw	v1.1.0	NT=ms-proteomics;VV=v1.1.0	NT=human;VV=v1.1.0	manual curation	U3263	HB010
HGCC_HB011_1	Homo sapiens	cell culture	U3053	1	20200624_HGCC_GBM_stem_cell_lines_TMT16_HiRIEF_IPG3-10_fr03_TMT132N	proteomic profiling by mass spectrometry	NT=Data-dependent acquisition;AC=PRIDE:0000627	NT=Q Exactive HF;AC=MS:1002523	TMT132N	NT=Lys-C;AC=MS:1001309	NT=Trypsin;AC=MS:1001251	3	1	20200624_HGCC_GBM_stem_cell_lines_TMT16_HiRIEF_IPG3-10_fr03.raw	v1.1.0	NT=ms-proteomics;VV=v1.1.0	NT=human;VV=v1.1.0	manual curation	U3053	HB011_1
HGCC_HB011_2	Homo sapiens	cell culture	U3053	2	20200624_HGCC_GBM_stem_cell_lines_TMT16_HiRIEF_IPG3-10_fr03_TMT132C	proteomic profiling by mass spectrometry	NT=Data-dependent acquisition;AC=PRIDE:0000627	NT=Q Exactive HF;AC=MS:1002523	TMT132C	NT=Lys-C;AC=MS:1001309	NT=Trypsin;AC=MS:1001251	3	1	20200624_HGCC_GBM_stem_cell_lines_TMT16_HiRIEF_IPG3-10_fr03.raw	v1.1.0	NT=ms-proteomics;VV=v1.1.0	NT=human;VV=v1.1.0	manual curation	U3053	HB011_2
HGCC_HB012	Homo sapiens	cell culture	U3461	1	20200624_HGCC_GBM_stem_cell_lines_TMT16_HiRIEF_IPG3-10_fr03_TMT133N	proteomic profiling by mass spectrometry	NT=Data-dependent acquisition;AC=PRIDE:0000627	NT=Q Exactive HF;AC=MS:1002523	TMT133N	NT=Lys-C;AC=MS:1001309	NT=Trypsin;AC=MS:1001251	3	1	20200624_HGCC_GBM_stem_cell_lines_TMT16_HiRIEF_IPG3-10_fr03.raw	v1.1.0	NT=ms-proteomics;VV=v1.1.0	NT=human;VV=v1.1.0	manual curation	U3461	HB012
HGCC_HB001	Homo sapiens	cell culture	U3468	1	20200624_HGCC_GBM_stem_cell_lines_TMT16_HiRIEF_IPG3-10_fr55_TMT126	proteomic profiling by mass spectrometry	NT=Data-dependent acquisition;AC=PRIDE:0000627	NT=Q Exactive HF;AC=MS:1002523	TMT126	NT=Lys-C;AC=MS:1001309	NT=Trypsin;AC=MS:1001251	55	1	20200624_HGCC_GBM_stem_cell_lines_TMT16_HiRIEF_IPG3-10_fr55.raw	v1.1.0	NT=ms-proteomics;VV=v1.1.0	NT=human;VV=v1.1.0	manual curation	U3468	HB001
HGCC_HB002	Homo sapiens	cell culture	U3440	1	20200624_HGCC_GBM_stem_cell_lines_TMT16_HiRIEF_IPG3-10_fr55_TMT127N	proteomic profiling by mass spectrometry	NT=Data-dependent acquisition;AC=PRIDE:0000627	NT=Q Exactive HF;AC=MS:1002523	TMT127N	NT=Lys-C;AC=MS:1001309	NT=Trypsin;AC=MS:1001251	55	1	20200624_HGCC_GBM_stem_cell_lines_TMT16_HiRIEF_IPG3-10_fr55.raw	v1.1.0	NT=ms-proteomics;VV=v1.1.0	NT=human;VV=v1.1.0	manual curation	U3440	HB002
HGCC_HB003_1	Homo sapiens	cell culture	U3452	1	20200624_HGCC_GBM_stem_cell_lines_TMT16_HiRIEF_IPG3-10_fr55_TMT127C	proteomic profiling by mass spectrometry	NT=Data-dependent acquisition;AC=PRIDE:0000627	NT=Q Exactive HF;AC=MS:1002523	TMT127C	NT=Lys-C;AC=MS:1001309	NT=Trypsin;AC=MS:1001251	55	1	20200624_HGCC_GBM_stem_cell_lines_TMT16_HiRIEF_IPG3-10_fr55.raw	v1.1.0	NT=ms-proteomics;VV=v1.1.0	NT=human;VV=v1.1.0	manual curation	U3452	HB003_1
HGCC_HB003_2	Homo sapiens	cell culture	U3452	2	20200624_HGCC_GBM_stem_cell_lines_TMT16_HiRIEF_IPG3-10_fr55_TMT128N	proteomic profiling by mass spectrometry	NT=Data-dependent acquisition;AC=PRIDE:0000627	NT=Q Exactive HF;AC=MS:1002523	TMT128N	NT=Lys-C;AC=MS:1001309	NT=Trypsin;AC=MS:1001251	55	1	20200624_HGCC_GBM_stem_cell_lines_TMT16_HiRIEF_IPG3-10_fr55.raw	v1.1.0	NT=ms-proteomics;VV=v1.1.0	NT=human;VV=v1.1.0	manual curation	U3452	HB003_2
HGCC_HB005	Homo sapiens	cell culture	U3308	1	20200624_HGCC_GBM_stem_cell_lines_TMT16_HiRIEF_IPG3-10_fr55_TMT128C	proteomic profiling by mass spectrometry	NT=Data-dependent acquisition;AC=PRIDE:0000627	NT=Q Exactive HF;AC=MS:1002523	TMT128C	NT=Lys-C;AC=MS:1001309	NT=Trypsin;AC=MS:1001251	55	1	20200624_HGCC_GBM_stem_cell_lines_TMT16_HiRIEF_IPG3-10_fr55.raw	v1.1.0	NT=ms-proteomics;VV=v1.1.0	NT=human;VV=v1.1.0	manual curation	U3308	HB005
HGCC_HB006	Homo sapiens	cell culture	U3230	1	20200624_HGCC_GBM_stem_cell_lines_TMT16_HiRIEF_IPG3-10_fr55_TMT129N	proteomic profiling by mass spectrometry	NT=Data-dependent acquisition;AC=PRIDE:0000627	NT=Q Exactive HF;AC=MS:1002523	TMT129N	NT=Lys-C;AC=MS:1001309	NT=Trypsin;AC=MS:1001251	55	1	20200624_HGCC_GBM_stem_cell_lines_TMT16_HiRIEF_IPG3-10_fr55.raw	v1.1.0	NT=ms-proteomics;VV=v1.1.0	NT=human;VV=v1.1.0	manual curation	U3230	HB006
HGCC_HB007	Homo sapiens	cell culture	U3123	1	20200624_HGCC_GBM_stem_cell_lines_TMT16_HiRIEF_IPG3-10_fr55_TMT129C	proteomic profiling by mass spectrometry	NT=Data-dependent acquisition;AC=PRIDE:0000627	NT=Q Exactive HF;AC=MS:1002523	TMT129C	NT=Lys-C;AC=MS:1001309	NT=Trypsin;AC=MS:1001251	55	1	20200624_HGCC_GBM_stem_cell_lines_TMT16_HiRIEF_IPG3-10_fr55.raw	v1.1.0	NT=ms-proteomics;VV=v1.1.0	NT=human;VV=v1.1.0	manual curation	U3123	HB007
HGCC_HB008_1	Homo sapiens	cell culture	U3071	1	20200624_HGCC_GBM_stem_cell_lines_TMT16_HiRIEF_IPG3-10_fr55_TMT130N	proteomic profiling by mass spectrometry	NT=Data-dependent acquisition;AC=PRIDE:0000627	NT=Q Exactive HF;AC=MS:1002523	TMT130N	NT=Lys-C;AC=MS:1001309	NT=Trypsin;AC=MS:1001251	55	1	20200624_HGCC_GBM_stem_cell_lines_TMT16_HiRIEF_IPG3-10_fr55.raw	v1.1.0	NT=ms-proteomics;VV=v1.1.0	NT=human;VV=v1.1.0	manual curation	U3071	HB008_1
HGCC_HB008_2	Homo sapiens	cell culture	U3071	2	20200624_HGCC_GBM_stem_cell_lines_TMT16_HiRIEF_IPG3-10_fr55_TMT130C	proteomic profiling by mass spectrometry	NT=Data-dependent acquisition;AC=PRIDE:0000627	NT=Q Exactive HF;AC=MS:1002523	TMT130C	NT=Lys-C;AC=MS:1001309	NT=Trypsin;AC=MS:1001251	55	1	20200624_HGCC_GBM_stem_cell_lines_TMT16_HiRIEF_IPG3-10_fr55.raw	v1.1.0	NT=ms-proteomics;VV=v1.1.0	NT=human;VV=v1.1.0	manual curation	U3071	HB008_2
HGCC_HB009	Homo sapiens	cell culture	U3137	1	20200624_HGCC_GBM_stem_cell_lines_TMT16_HiRIEF_IPG3-10_fr55_TMT131N	proteomic profiling by mass spectrometry	NT=Data-dependent acquisition;AC=PRIDE:0000627	NT=Q Exactive HF;AC=MS:1002523	TMT131N	NT=Lys-C;AC=MS:1001309	NT=Trypsin;AC=MS:1001251	55	1	20200624_HGCC_GBM_stem_cell_lines_TMT16_HiRIEF_IPG3-10_fr55.raw	v1.1.0	NT=ms-proteomics;VV=v1.1.0	NT=human;VV=v1.1.0	manual curation	U3137	HB009
HGCC_HB010	Homo sapiens	cell culture	U3263	1	20200624_HGCC_GBM_stem_cell_lines_TMT16_HiRIEF_IPG3-10_fr55_TMT131C	proteomic profiling by mass spectrometry	NT=Data-dependent acquisition;AC=PRIDE:0000627	NT=Q Exactive HF;AC=MS:1002523	TMT131C	NT=Lys-C;AC=MS:1001309	NT=Trypsin;AC=MS:1001251	55	1	20200624_HGCC_GBM_stem_cell_lines_TMT16_HiRIEF_IPG3-10_fr55.raw	v1.1.0	NT=ms-proteomics;VV=v1.1.0	NT=human;VV=v1.1.0	manual curation	U3263	HB010
HGCC_HB011_1	Homo sapiens	cell culture	U3053	1	20200624_HGCC_GBM_stem_cell_lines_TMT16_HiRIEF_IPG3-10_fr55_TMT132N	proteomic profiling by mass spectrometry	NT=Data-dependent acquisition;AC=PRIDE:0000627	NT=Q Exactive HF;AC=MS:1002523	TMT132N	NT=Lys-C;AC=MS:1001309	NT=Trypsin;AC=MS:1001251	55	1	20200624_HGCC_GBM_stem_cell_lines_TMT16_HiRIEF_IPG3-10_fr55.raw	v1.1.0	NT=ms-proteomics;VV=v1.1.0	NT=human;VV=v1.1.0	manual curation	U3053	HB011_1
HGCC_HB011_2	Homo sapiens	cell culture	U3053	2	20200624_HGCC_GBM_stem_cell_lines_TMT16_HiRIEF_IPG3-10_fr55_TMT132C	proteomic profiling by mass spectrometry	NT=Data-dependent acquisition;AC=PRIDE:0000627	NT=Q Exactive HF;AC=MS:1002523	TMT132C	NT=Lys-C;AC=MS:1001309	NT=Trypsin;AC=MS:1001251	55	1	20200624_HGCC_GBM_stem_cell_lines_TMT16_HiRIEF_IPG3-10_fr55.raw	v1.1.0	NT=ms-proteomics;VV=v1.1.0	NT=human;VV=v1.1.0	manual curation	U3053	HB011_2
HGCC_HB012	Homo sapiens	cell culture	U3461	1	20200624_HGCC_GBM_stem_cell_lines_TMT16_HiRIEF_IPG3-10_fr55_TMT133N	proteomic profiling by mass spectrometry	NT=Data-dependent acquisition;AC=PRIDE:0000627	NT=Q Exactive HF;AC=MS:1002523	TMT133N	NT=Lys-C;AC=MS:1001309	NT=Trypsin;AC=MS:1001251	55	1	20200624_HGCC_GBM_stem_cell_lines_TMT16_HiRIEF_IPG3-10_fr55.raw	v1.1.0	NT=ms-proteomics;VV=v1.1.0	NT=human;VV=v1.1.0	manual curation	U3461	HB012
HGCC_HB001	Homo sapiens	cell culture	U3468	1	20200624_HGCC_GBM_stem_cell_lines_TMT16_HiRIEF_IPG3-10_fr17_TMT126	proteomic profiling by mass spectrometry	NT=Data-dependent acquisition;AC=PRIDE:0000627	NT=Q Exactive HF;AC=MS:1002523	TMT126	NT=Lys-C;AC=MS:1001309	NT=Trypsin;AC=MS:1001251	17	1	20200624_HGCC_GBM_stem_cell_lines_TMT16_HiRIEF_IPG3-10_fr17.raw	v1.1.0	NT=ms-proteomics;VV=v1.1.0	NT=human;VV=v1.1.0	manual curation	U3468	HB001
HGCC_HB002	Homo sapiens	cell culture	U3440	1	20200624_HGCC_GBM_stem_cell_lines_TMT16_HiRIEF_IPG3-10_fr17_TMT127N	proteomic profiling by mass spectrometry	NT=Data-dependent acquisition;AC=PRIDE:0000627	NT=Q Exactive HF;AC=MS:1002523	TMT127N	NT=Lys-C;AC=MS:1001309	NT=Trypsin;AC=MS:1001251	17	1	20200624_HGCC_GBM_stem_cell_lines_TMT16_HiRIEF_IPG3-10_fr17.raw	v1.1.0	NT=ms-proteomics;VV=v1.1.0	NT=human;VV=v1.1.0	manual curation	U3440	HB002
HGCC_HB003_1	Homo sapiens	cell culture	U3452	1	20200624_HGCC_GBM_stem_cell_lines_TMT16_HiRIEF_IPG3-10_fr17_TMT127C	proteomic profiling by mass spectrometry	NT=Data-dependent acquisition;AC=PRIDE:0000627	NT=Q Exactive HF;AC=MS:1002523	TMT127C	NT=Lys-C;AC=MS:1001309	NT=Trypsin;AC=MS:1001251	17	1	20200624_HGCC_GBM_stem_cell_lines_TMT16_HiRIEF_IPG3-10_fr17.raw	v1.1.0	NT=ms-proteomics;VV=v1.1.0	NT=human;VV=v1.1.0	manual curation	U3452	HB003_1
HGCC_HB003_2	Homo sapiens	cell culture	U3452	2	20200624_HGCC_GBM_stem_cell_lines_TMT16_HiRIEF_IPG3-10_fr17_TMT128N	proteomic profiling by mass spectrometry	NT=Data-dependent acquisition;AC=PRIDE:0000627	NT=Q Exactive HF;AC=MS:1002523	TMT128N	NT=Lys-C;AC=MS:1001309	NT=Trypsin;AC=MS:1001251	17	1	20200624_HGCC_GBM_stem_cell_lines_TMT16_HiRIEF_IPG3-10_fr17.raw	v1.1.0	NT=ms-proteomics;VV=v1.1.0	NT=human;VV=v1.1.0	manual curation	U3452	HB003_2
HGCC_HB005	Homo sapiens	cell culture	U3308	1	20200624_HGCC_GBM_stem_cell_lines_TMT16_HiRIEF_IPG3-10_fr17_TMT128C	proteomic profiling by mass spectrometry	NT=Data-dependent acquisition;AC=PRIDE:0000627	NT=Q Exactive HF;AC=MS:1002523	TMT128C	NT=Lys-C;AC=MS:1001309	NT=Trypsin;AC=MS:1001251	17	1	20200624_HGCC_GBM_stem_cell_lines_TMT16_HiRIEF_IPG3-10_fr17.raw	v1.1.0	NT=ms-proteomics;VV=v1.1.0	NT=human;VV=v1.1.0	manual curation	U3308	HB005
HGCC_HB006	Homo sapiens	cell culture	U3230	1	20200624_HGCC_GBM_stem_cell_lines_TMT16_HiRIEF_IPG3-10_fr17_TMT129N	proteomic profiling by mass spectrometry	NT=Data-dependent acquisition;AC=PRIDE:0000627	NT=Q Exactive HF;AC=MS:1002523	TMT129N	NT=Lys-C;AC=MS:1001309	NT=Trypsin;AC=MS:1001251	17	1	20200624_HGCC_GBM_stem_cell_lines_TMT16_HiRIEF_IPG3-10_fr17.raw	v1.1.0	NT=ms-proteomics;VV=v1.1.0	NT=human;VV=v1.1.0	manual curation	U3230	HB006
HGCC_HB007	Homo sapiens	cell culture	U3123	1	20200624_HGCC_GBM_stem_cell_lines_TMT16_HiRIEF_IPG3-10_fr17_TMT129C	proteomic profiling by mass spectrometry	NT=Data-dependent acquisition;AC=PRIDE:0000627	NT=Q Exactive HF;AC=MS:1002523	TMT129C	NT=Lys-C;AC=MS:1001309	NT=Trypsin;AC=MS:1001251	17	1	20200624_HGCC_GBM_stem_cell_lines_TMT16_HiRIEF_IPG3-10_fr17.raw	v1.1.0	NT=ms-proteomics;VV=v1.1.0	NT=human;VV=v1.1.0	manual curation	U3123	HB007
HGCC_HB008_1	Homo sapiens	cell culture	U3071	1	20200624_HGCC_GBM_stem_cell_lines_TMT16_HiRIEF_IPG3-10_fr17_TMT130N	proteomic profiling by mass spectrometry	NT=Data-dependent acquisition;AC=PRIDE:0000627	NT=Q Exactive HF;AC=MS:1002523	TMT130N	NT=Lys-C;AC=MS:1001309	NT=Trypsin;AC=MS:1001251	17	1	20200624_HGCC_GBM_stem_cell_lines_TMT16_HiRIEF_IPG3-10_fr17.raw	v1.1.0	NT=ms-proteomics;VV=v1.1.0	NT=human;VV=v1.1.0	manual curation	U3071	HB008_1
HGCC_HB008_2	Homo sapiens	cell culture	U3071	2	20200624_HGCC_GBM_stem_cell_lines_TMT16_HiRIEF_IPG3-10_fr17_TMT130C	proteomic profiling by mass spectrometry	NT=Data-dependent acquisition;AC=PRIDE:0000627	NT=Q Exactive HF;AC=MS:1002523	TMT130C	NT=Lys-C;AC=MS:1001309	NT=Trypsin;AC=MS:1001251	17	1	20200624_HGCC_GBM_stem_cell_lines_TMT16_HiRIEF_IPG3-10_fr17.raw	v1.1.0	NT=ms-proteomics;VV=v1.1.0	NT=human;VV=v1.1.0	manual curation	U3071	HB008_2
HGCC_HB009	Homo sapiens	cell culture	U3137	1	20200624_HGCC_GBM_stem_cell_lines_TMT16_HiRIEF_IPG3-10_fr17_TMT131N	proteomic profiling by mass spectrometry	NT=Data-dependent acquisition;AC=PRIDE:0000627	NT=Q Exactive HF;AC=MS:1002523	TMT131N	NT=Lys-C;AC=MS:1001309	NT=Trypsin;AC=MS:1001251	17	1	20200624_HGCC_GBM_stem_cell_lines_TMT16_HiRIEF_IPG3-10_fr17.raw	v1.1.0	NT=ms-proteomics;VV=v1.1.0	NT=human;VV=v1.1.0	manual curation	U3137	HB009
HGCC_HB010	Homo sapiens	cell culture	U3263	1	20200624_HGCC_GBM_stem_cell_lines_TMT16_HiRIEF_IPG3-10_fr17_TMT131C	proteomic profiling by mass spectrometry	NT=Data-dependent acquisition;AC=PRIDE:0000627	NT=Q Exactive HF;AC=MS:1002523	TMT131C	NT=Lys-C;AC=MS:1001309	NT=Trypsin;AC=MS:1001251	17	1	20200624_HGCC_GBM_stem_cell_lines_TMT16_HiRIEF_IPG3-10_fr17.raw	v1.1.0	NT=ms-proteomics;VV=v1.1.0	NT=human;VV=v1.1.0	manual curation	U3263	HB010
HGCC_HB011_1	Homo sapiens	cell culture	U3053	1	20200624_HGCC_GBM_stem_cell_lines_TMT16_HiRIEF_IPG3-10_fr17_TMT132N	proteomic profiling by mass spectrometry	NT=Data-dependent acquisition;AC=PRIDE:0000627	NT=Q Exactive HF;AC=MS:1002523	TMT132N	NT=Lys-C;AC=MS:1001309	NT=Trypsin;AC=MS:1001251	17	1	20200624_HGCC_GBM_stem_cell_lines_TMT16_HiRIEF_IPG3-10_fr17.raw	v1.1.0	NT=ms-proteomics;VV=v1.1.0	NT=human;VV=v1.1.0	manual curation	U3053	HB011_1
HGCC_HB011_2	Homo sapiens	cell culture	U3053	2	20200624_HGCC_GBM_stem_cell_lines_TMT16_HiRIEF_IPG3-10_fr17_TMT132C	proteomic profiling by mass spectrometry	NT=Data-dependent acquisition;AC=PRIDE:0000627	NT=Q Exactive HF;AC=MS:1002523	TMT132C	NT=Lys-C;AC=MS:1001309	NT=Trypsin;AC=MS:1001251	17	1	20200624_HGCC_GBM_stem_cell_lines_TMT16_HiRIEF_IPG3-10_fr17.raw	v1.1.0	NT=ms-proteomics;VV=v1.1.0	NT=human;VV=v1.1.0	manual curation	U3053	HB011_2
HGCC_HB012	Homo sapiens	cell culture	U3461	1	20200624_HGCC_GBM_stem_cell_lines_TMT16_HiRIEF_IPG3-10_fr17_TMT133N	proteomic profiling by mass spectrometry	NT=Data-dependent acquisition;AC=PRIDE:0000627	NT=Q Exactive HF;AC=MS:1002523	TMT133N	NT=Lys-C;AC=MS:1001309	NT=Trypsin;AC=MS:1001251	17	1	20200624_HGCC_GBM_stem_cell_lines_TMT16_HiRIEF_IPG3-10_fr17.raw	v1.1.0	NT=ms-proteomics;VV=v1.1.0	NT=human;VV=v1.1.0	manual curation	U3461	HB012
HGCC_HB001	Homo sapiens	cell culture	U3468	1	20200624_HGCC_GBM_stem_cell_lines_TMT16_HiRIEF_IPG3-10_fr30_TMT126	proteomic profiling by mass spectrometry	NT=Data-dependent acquisition;AC=PRIDE:0000627	NT=Q Exactive HF;AC=MS:1002523	TMT126	NT=Lys-C;AC=MS:1001309	NT=Trypsin;AC=MS:1001251	30	1	20200624_HGCC_GBM_stem_cell_lines_TMT16_HiRIEF_IPG3-10_fr30.raw	v1.1.0	NT=ms-proteomics;VV=v1.1.0	NT=human;VV=v1.1.0	manual curation	U3468	HB001
HGCC_HB002	Homo sapiens	cell culture	U3440	1	20200624_HGCC_GBM_stem_cell_lines_TMT16_HiRIEF_IPG3-10_fr30_TMT127N	proteomic profiling by mass spectrometry	NT=Data-dependent acquisition;AC=PRIDE:0000627	NT=Q Exactive HF;AC=MS:1002523	TMT127N	NT=Lys-C;AC=MS:1001309	NT=Trypsin;AC=MS:1001251	30	1	20200624_HGCC_GBM_stem_cell_lines_TMT16_HiRIEF_IPG3-10_fr30.raw	v1.1.0	NT=ms-proteomics;VV=v1.1.0	NT=human;VV=v1.1.0	manual curation	U3440	HB002
HGCC_HB003_1	Homo sapiens	cell culture	U3452	1	20200624_HGCC_GBM_stem_cell_lines_TMT16_HiRIEF_IPG3-10_fr30_TMT127C	proteomic profiling by mass spectrometry	NT=Data-dependent acquisition;AC=PRIDE:0000627	NT=Q Exactive HF;AC=MS:1002523	TMT127C	NT=Lys-C;AC=MS:1001309	NT=Trypsin;AC=MS:1001251	30	1	20200624_HGCC_GBM_stem_cell_lines_TMT16_HiRIEF_IPG3-10_fr30.raw	v1.1.0	NT=ms-proteomics;VV=v1.1.0	NT=human;VV=v1.1.0	manual curation	U3452	HB003_1
HGCC_HB003_2	Homo sapiens	cell culture	U3452	2	20200624_HGCC_GBM_stem_cell_lines_TMT16_HiRIEF_IPG3-10_fr30_TMT128N	proteomic profiling by mass spectrometry	NT=Data-dependent acquisition;AC=PRIDE:0000627	NT=Q Exactive HF;AC=MS:1002523	TMT128N	NT=Lys-C;AC=MS:1001309	NT=Trypsin;AC=MS:1001251	30	1	20200624_HGCC_GBM_stem_cell_lines_TMT16_HiRIEF_IPG3-10_fr30.raw	v1.1.0	NT=ms-proteomics;VV=v1.1.0	NT=human;VV=v1.1.0	manual curation	U3452	HB003_2
HGCC_HB005	Homo sapiens	cell culture	U3308	1	20200624_HGCC_GBM_stem_cell_lines_TMT16_HiRIEF_IPG3-10_fr30_TMT128C	proteomic profiling by mass spectrometry	NT=Data-dependent acquisition;AC=PRIDE:0000627	NT=Q Exactive HF;AC=MS:1002523	TMT128C	NT=Lys-C;AC=MS:1001309	NT=Trypsin;AC=MS:1001251	30	1	20200624_HGCC_GBM_stem_cell_lines_TMT16_HiRIEF_IPG3-10_fr30.raw	v1.1.0	NT=ms-proteomics;VV=v1.1.0	NT=human;VV=v1.1.0	manual curation	U3308	HB005
HGCC_HB006	Homo sapiens	cell culture	U3230	1	20200624_HGCC_GBM_stem_cell_lines_TMT16_HiRIEF_IPG3-10_fr30_TMT129N	proteomic profiling by mass spectrometry	NT=Data-dependent acquisition;AC=PRIDE:0000627	NT=Q Exactive HF;AC=MS:1002523	TMT129N	NT=Lys-C;AC=MS:1001309	NT=Trypsin;AC=MS:1001251	30	1	20200624_HGCC_GBM_stem_cell_lines_TMT16_HiRIEF_IPG3-10_fr30.raw	v1.1.0	NT=ms-proteomics;VV=v1.1.0	NT=human;VV=v1.1.0	manual curation	U3230	HB006
HGCC_HB007	Homo sapiens	cell culture	U3123	1	20200624_HGCC_GBM_stem_cell_lines_TMT16_HiRIEF_IPG3-10_fr30_TMT129C	proteomic profiling by mass spectrometry	NT=Data-dependent acquisition;AC=PRIDE:0000627	NT=Q Exactive HF;AC=MS:1002523	TMT129C	NT=Lys-C;AC=MS:1001309	NT=Trypsin;AC=MS:1001251	30	1	20200624_HGCC_GBM_stem_cell_lines_TMT16_HiRIEF_IPG3-10_fr30.raw	v1.1.0	NT=ms-proteomics;VV=v1.1.0	NT=human;VV=v1.1.0	manual curation	U3123	HB007
HGCC_HB008_1	Homo sapiens	cell culture	U3071	1	20200624_HGCC_GBM_stem_cell_lines_TMT16_HiRIEF_IPG3-10_fr30_TMT130N	proteomic profiling by mass spectrometry	NT=Data-dependent acquisition;AC=PRIDE:0000627	NT=Q Exactive HF;AC=MS:1002523	TMT130N	NT=Lys-C;AC=MS:1001309	NT=Trypsin;AC=MS:1001251	30	1	20200624_HGCC_GBM_stem_cell_lines_TMT16_HiRIEF_IPG3-10_fr30.raw	v1.1.0	NT=ms-proteomics;VV=v1.1.0	NT=human;VV=v1.1.0	manual curation	U3071	HB008_1
HGCC_HB008_2	Homo sapiens	cell culture	U3071	2	20200624_HGCC_GBM_stem_cell_lines_TMT16_HiRIEF_IPG3-10_fr30_TMT130C	proteomic profiling by mass spectrometry	NT=Data-dependent acquisition;AC=PRIDE:0000627	NT=Q Exactive HF;AC=MS:1002523	TMT130C	NT=Lys-C;AC=MS:1001309	NT=Trypsin;AC=MS:1001251	30	1	20200624_HGCC_GBM_stem_cell_lines_TMT16_HiRIEF_IPG3-10_fr30.raw	v1.1.0	NT=ms-proteomics;VV=v1.1.0	NT=human;VV=v1.1.0	manual curation	U3071	HB008_2
HGCC_HB009	Homo sapiens	cell culture	U3137	1	20200624_HGCC_GBM_stem_cell_lines_TMT16_HiRIEF_IPG3-10_fr30_TMT131N	proteomic profiling by mass spectrometry	NT=Data-dependent acquisition;AC=PRIDE:0000627	NT=Q Exactive HF;AC=MS:1002523	TMT131N	NT=Lys-C;AC=MS:1001309	NT=Trypsin;AC=MS:1001251	30	1	20200624_HGCC_GBM_stem_cell_lines_TMT16_HiRIEF_IPG3-10_fr30.raw	v1.1.0	NT=ms-proteomics;VV=v1.1.0	NT=human;VV=v1.1.0	manual curation	U3137	HB009
HGCC_HB010	Homo sapiens	cell culture	U3263	1	20200624_HGCC_GBM_stem_cell_lines_TMT16_HiRIEF_IPG3-10_fr30_TMT131C	proteomic profiling by mass spectrometry	NT=Data-dependent acquisition;AC=PRIDE:0000627	NT=Q Exactive HF;AC=MS:1002523	TMT131C	NT=Lys-C;AC=MS:1001309	NT=Trypsin;AC=MS:1001251	30	1	20200624_HGCC_GBM_stem_cell_lines_TMT16_HiRIEF_IPG3-10_fr30.raw	v1.1.0	NT=ms-proteomics;VV=v1.1.0	NT=human;VV=v1.1.0	manual curation	U3263	HB010
HGCC_HB011_1	Homo sapiens	cell culture	U3053	1	20200624_HGCC_GBM_stem_cell_lines_TMT16_HiRIEF_IPG3-10_fr30_TMT132N	proteomic profiling by mass spectrometry	NT=Data-dependent acquisition;AC=PRIDE:0000627	NT=Q Exactive HF;AC=MS:1002523	TMT132N	NT=Lys-C;AC=MS:1001309	NT=Trypsin;AC=MS:1001251	30	1	20200624_HGCC_GBM_stem_cell_lines_TMT16_HiRIEF_IPG3-10_fr30.raw	v1.1.0	NT=ms-proteomics;VV=v1.1.0	NT=human;VV=v1.1.0	manual curation	U3053	HB011_1
HGCC_HB011_2	Homo sapiens	cell culture	U3053	2	20200624_HGCC_GBM_stem_cell_lines_TMT16_HiRIEF_IPG3-10_fr30_TMT132C	proteomic profiling by mass spectrometry	NT=Data-dependent acquisition;AC=PRIDE:0000627	NT=Q Exactive HF;AC=MS:1002523	TMT132C	NT=Lys-C;AC=MS:1001309	NT=Trypsin;AC=MS:1001251	30	1	20200624_HGCC_GBM_stem_cell_lines_TMT16_HiRIEF_IPG3-10_fr30.raw	v1.1.0	NT=ms-proteomics;VV=v1.1.0	NT=human;VV=v1.1.0	manual curation	U3053	HB011_2
HGCC_HB012	Homo sapiens	cell culture	U3461	1	20200624_HGCC_GBM_stem_cell_lines_TMT16_HiRIEF_IPG3-10_fr30_TMT133N	proteomic profiling by mass spectrometry	NT=Data-dependent acquisition;AC=PRIDE:0000627	NT=Q Exactive HF;AC=MS:1002523	TMT133N	NT=Lys-C;AC=MS:1001309	NT=Trypsin;AC=MS:1001251	30	1	20200624_HGCC_GBM_stem_cell_lines_TMT16_HiRIEF_IPG3-10_fr30.raw	v1.1.0	NT=ms-proteomics;VV=v1.1.0	NT=human;VV=v1.1.0	manual curation	U3461	HB012
HGCC_HB001	Homo sapiens	cell culture	U3468	1	20200624_HGCC_GBM_stem_cell_lines_TMT16_HiRIEF_IPG3-10_fr14_rerun_TMT126	proteomic profiling by mass spectrometry	NT=Data-dependent acquisition;AC=PRIDE:0000627	NT=Q Exactive HF;AC=MS:1002523	TMT126	NT=Lys-C;AC=MS:1001309	NT=Trypsin;AC=MS:1001251	14	1	20200624_HGCC_GBM_stem_cell_lines_TMT16_HiRIEF_IPG3-10_fr14_rerun.raw	v1.1.0	NT=ms-proteomics;VV=v1.1.0	NT=human;VV=v1.1.0	manual curation	U3468	HB001
HGCC_HB002	Homo sapiens	cell culture	U3440	1	20200624_HGCC_GBM_stem_cell_lines_TMT16_HiRIEF_IPG3-10_fr14_rerun_TMT127N	proteomic profiling by mass spectrometry	NT=Data-dependent acquisition;AC=PRIDE:0000627	NT=Q Exactive HF;AC=MS:1002523	TMT127N	NT=Lys-C;AC=MS:1001309	NT=Trypsin;AC=MS:1001251	14	1	20200624_HGCC_GBM_stem_cell_lines_TMT16_HiRIEF_IPG3-10_fr14_rerun.raw	v1.1.0	NT=ms-proteomics;VV=v1.1.0	NT=human;VV=v1.1.0	manual curation	U3440	HB002
HGCC_HB003_1	Homo sapiens	cell culture	U3452	1	20200624_HGCC_GBM_stem_cell_lines_TMT16_HiRIEF_IPG3-10_fr14_rerun_TMT127C	proteomic profiling by mass spectrometry	NT=Data-dependent acquisition;AC=PRIDE:0000627	NT=Q Exactive HF;AC=MS:1002523	TMT127C	NT=Lys-C;AC=MS:1001309	NT=Trypsin;AC=MS:1001251	14	1	20200624_HGCC_GBM_stem_cell_lines_TMT16_HiRIEF_IPG3-10_fr14_rerun.raw	v1.1.0	NT=ms-proteomics;VV=v1.1.0	NT=human;VV=v1.1.0	manual curation	U3452	HB003_1
HGCC_HB003_2	Homo sapiens	cell culture	U3452	2	20200624_HGCC_GBM_stem_cell_lines_TMT16_HiRIEF_IPG3-10_fr14_rerun_TMT128N	proteomic profiling by mass spectrometry	NT=Data-dependent acquisition;AC=PRIDE:0000627	NT=Q Exactive HF;AC=MS:1002523	TMT128N	NT=Lys-C;AC=MS:1001309	NT=Trypsin;AC=MS:1001251	14	1	20200624_HGCC_GBM_stem_cell_lines_TMT16_HiRIEF_IPG3-10_fr14_rerun.raw	v1.1.0	NT=ms-proteomics;VV=v1.1.0	NT=human;VV=v1.1.0	manual curation	U3452	HB003_2
HGCC_HB005	Homo sapiens	cell culture	U3308	1	20200624_HGCC_GBM_stem_cell_lines_TMT16_HiRIEF_IPG3-10_fr14_rerun_TMT128C	proteomic profiling by mass spectrometry	NT=Data-dependent acquisition;AC=PRIDE:0000627	NT=Q Exactive HF;AC=MS:1002523	TMT128C	NT=Lys-C;AC=MS:1001309	NT=Trypsin;AC=MS:1001251	14	1	20200624_HGCC_GBM_stem_cell_lines_TMT16_HiRIEF_IPG3-10_fr14_rerun.raw	v1.1.0	NT=ms-proteomics;VV=v1.1.0	NT=human;VV=v1.1.0	manual curation	U3308	HB005
HGCC_HB006	Homo sapiens	cell culture	U3230	1	20200624_HGCC_GBM_stem_cell_lines_TMT16_HiRIEF_IPG3-10_fr14_rerun_TMT129N	proteomic profiling by mass spectrometry	NT=Data-dependent acquisition;AC=PRIDE:0000627	NT=Q Exactive HF;AC=MS:1002523	TMT129N	NT=Lys-C;AC=MS:1001309	NT=Trypsin;AC=MS:1001251	14	1	20200624_HGCC_GBM_stem_cell_lines_TMT16_HiRIEF_IPG3-10_fr14_rerun.raw	v1.1.0	NT=ms-proteomics;VV=v1.1.0	NT=human;VV=v1.1.0	manual curation	U3230	HB006
HGCC_HB007	Homo sapiens	cell culture	U3123	1	20200624_HGCC_GBM_stem_cell_lines_TMT16_HiRIEF_IPG3-10_fr14_rerun_TMT129C	proteomic profiling by mass spectrometry	NT=Data-dependent acquisition;AC=PRIDE:0000627	NT=Q Exactive HF;AC=MS:1002523	TMT129C	NT=Lys-C;AC=MS:1001309	NT=Trypsin;AC=MS:1001251	14	1	20200624_HGCC_GBM_stem_cell_lines_TMT16_HiRIEF_IPG3-10_fr14_rerun.raw	v1.1.0	NT=ms-proteomics;VV=v1.1.0	NT=human;VV=v1.1.0	manual curation	U3123	HB007
HGCC_HB008_1	Homo sapiens	cell culture	U3071	1	20200624_HGCC_GBM_stem_cell_lines_TMT16_HiRIEF_IPG3-10_fr14_rerun_TMT130N	proteomic profiling by mass spectrometry	NT=Data-dependent acquisition;AC=PRIDE:0000627	NT=Q Exactive HF;AC=MS:1002523	TMT130N	NT=Lys-C;AC=MS:1001309	NT=Trypsin;AC=MS:1001251	14	1	20200624_HGCC_GBM_stem_cell_lines_TMT16_HiRIEF_IPG3-10_fr14_rerun.raw	v1.1.0	NT=ms-proteomics;VV=v1.1.0	NT=human;VV=v1.1.0	manual curation	U3071	HB008_1
HGCC_HB008_2	Homo sapiens	cell culture	U3071	2	20200624_HGCC_GBM_stem_cell_lines_TMT16_HiRIEF_IPG3-10_fr14_rerun_TMT130C	proteomic profiling by mass spectrometry	NT=Data-dependent acquisition;AC=PRIDE:0000627	NT=Q Exactive HF;AC=MS:1002523	TMT130C	NT=Lys-C;AC=MS:1001309	NT=Trypsin;AC=MS:1001251	14	1	20200624_HGCC_GBM_stem_cell_lines_TMT16_HiRIEF_IPG3-10_fr14_rerun.raw	v1.1.0	NT=ms-proteomics;VV=v1.1.0	NT=human;VV=v1.1.0	manual curation	U3071	HB008_2
HGCC_HB009	Homo sapiens	cell culture	U3137	1	20200624_HGCC_GBM_stem_cell_lines_TMT16_HiRIEF_IPG3-10_fr14_rerun_TMT131N	proteomic profiling by mass spectrometry	NT=Data-dependent acquisition;AC=PRIDE:0000627	NT=Q Exactive HF;AC=MS:1002523	TMT131N	NT=Lys-C;AC=MS:1001309	NT=Trypsin;AC=MS:1001251	14	1	20200624_HGCC_GBM_stem_cell_lines_TMT16_HiRIEF_IPG3-10_fr14_rerun.raw	v1.1.0	NT=ms-proteomics;VV=v1.1.0	NT=human;VV=v1.1.0	manual curation	U3137	HB009
HGCC_HB010	Homo sapiens	cell culture	U3263	1	20200624_HGCC_GBM_stem_cell_lines_TMT16_HiRIEF_IPG3-10_fr14_rerun_TMT131C	proteomic profiling by mass spectrometry	NT=Data-dependent acquisition;AC=PRIDE:0000627	NT=Q Exactive HF;AC=MS:1002523	TMT131C	NT=Lys-C;AC=MS:1001309	NT=Trypsin;AC=MS:1001251	14	1	20200624_HGCC_GBM_stem_cell_lines_TMT16_HiRIEF_IPG3-10_fr14_rerun.raw	v1.1.0	NT=ms-proteomics;VV=v1.1.0	NT=human;VV=v1.1.0	manual curation	U3263	HB010
HGCC_HB011_1	Homo sapiens	cell culture	U3053	1	20200624_HGCC_GBM_stem_cell_lines_TMT16_HiRIEF_IPG3-10_fr14_rerun_TMT132N	proteomic profiling by mass spectrometry	NT=Data-dependent acquisition;AC=PRIDE:0000627	NT=Q Exactive HF;AC=MS:1002523	TMT132N	NT=Lys-C;AC=MS:1001309	NT=Trypsin;AC=MS:1001251	14	1	20200624_HGCC_GBM_stem_cell_lines_TMT16_HiRIEF_IPG3-10_fr14_rerun.raw	v1.1.0	NT=ms-proteomics;VV=v1.1.0	NT=human;VV=v1.1.0	manual curation	U3053	HB011_1
HGCC_HB011_2	Homo sapiens	cell culture	U3053	2	20200624_HGCC_GBM_stem_cell_lines_TMT16_HiRIEF_IPG3-10_fr14_rerun_TMT132C	proteomic profiling by mass spectrometry	NT=Data-dependent acquisition;AC=PRIDE:0000627	NT=Q Exactive HF;AC=MS:1002523	TMT132C	NT=Lys-C;AC=MS:1001309	NT=Trypsin;AC=MS:1001251	14	1	20200624_HGCC_GBM_stem_cell_lines_TMT16_HiRIEF_IPG3-10_fr14_rerun.raw	v1.1.0	NT=ms-proteomics;VV=v1.1.0	NT=human;VV=v1.1.0	manual curation	U3053	HB011_2
HGCC_HB012	Homo sapiens	cell culture	U3461	1	20200624_HGCC_GBM_stem_cell_lines_TMT16_HiRIEF_IPG3-10_fr14_rerun_TMT133N	proteomic profiling by mass spectrometry	NT=Data-dependent acquisition;AC=PRIDE:0000627	NT=Q Exactive HF;AC=MS:1002523	TMT133N	NT=Lys-C;AC=MS:1001309	NT=Trypsin;AC=MS:1001251	14	1	20200624_HGCC_GBM_stem_cell_lines_TMT16_HiRIEF_IPG3-10_fr14_rerun.raw	v1.1.0	NT=ms-proteomics;VV=v1.1.0	NT=human;VV=v1.1.0	manual curation	U3461	HB012
HGCC_HB001	Homo sapiens	cell culture	U3468	1	20200624_HGCC_GBM_stem_cell_lines_TMT16_HiRIEF_IPG3-10_fr33_TMT126	proteomic profiling by mass spectrometry	NT=Data-dependent acquisition;AC=PRIDE:0000627	NT=Q Exactive HF;AC=MS:1002523	TMT126	NT=Lys-C;AC=MS:1001309	NT=Trypsin;AC=MS:1001251	33	1	20200624_HGCC_GBM_stem_cell_lines_TMT16_HiRIEF_IPG3-10_fr33.raw	v1.1.0	NT=ms-proteomics;VV=v1.1.0	NT=human;VV=v1.1.0	manual curation	U3468	HB001
HGCC_HB002	Homo sapiens	cell culture	U3440	1	20200624_HGCC_GBM_stem_cell_lines_TMT16_HiRIEF_IPG3-10_fr33_TMT127N	proteomic profiling by mass spectrometry	NT=Data-dependent acquisition;AC=PRIDE:0000627	NT=Q Exactive HF;AC=MS:1002523	TMT127N	NT=Lys-C;AC=MS:1001309	NT=Trypsin;AC=MS:1001251	33	1	20200624_HGCC_GBM_stem_cell_lines_TMT16_HiRIEF_IPG3-10_fr33.raw	v1.1.0	NT=ms-proteomics;VV=v1.1.0	NT=human;VV=v1.1.0	manual curation	U3440	HB002
HGCC_HB003_1	Homo sapiens	cell culture	U3452	1	20200624_HGCC_GBM_stem_cell_lines_TMT16_HiRIEF_IPG3-10_fr33_TMT127C	proteomic profiling by mass spectrometry	NT=Data-dependent acquisition;AC=PRIDE:0000627	NT=Q Exactive HF;AC=MS:1002523	TMT127C	NT=Lys-C;AC=MS:1001309	NT=Trypsin;AC=MS:1001251	33	1	20200624_HGCC_GBM_stem_cell_lines_TMT16_HiRIEF_IPG3-10_fr33.raw	v1.1.0	NT=ms-proteomics;VV=v1.1.0	NT=human;VV=v1.1.0	manual curation	U3452	HB003_1
HGCC_HB003_2	Homo sapiens	cell culture	U3452	2	20200624_HGCC_GBM_stem_cell_lines_TMT16_HiRIEF_IPG3-10_fr33_TMT128N	proteomic profiling by mass spectrometry	NT=Data-dependent acquisition;AC=PRIDE:0000627	NT=Q Exactive HF;AC=MS:1002523	TMT128N	NT=Lys-C;AC=MS:1001309	NT=Trypsin;AC=MS:1001251	33	1	20200624_HGCC_GBM_stem_cell_lines_TMT16_HiRIEF_IPG3-10_fr33.raw	v1.1.0	NT=ms-proteomics;VV=v1.1.0	NT=human;VV=v1.1.0	manual curation	U3452	HB003_2
HGCC_HB005	Homo sapiens	cell culture	U3308	1	20200624_HGCC_GBM_stem_cell_lines_TMT16_HiRIEF_IPG3-10_fr33_TMT128C	proteomic profiling by mass spectrometry	NT=Data-dependent acquisition;AC=PRIDE:0000627	NT=Q Exactive HF;AC=MS:1002523	TMT128C	NT=Lys-C;AC=MS:1001309	NT=Trypsin;AC=MS:1001251	33	1	20200624_HGCC_GBM_stem_cell_lines_TMT16_HiRIEF_IPG3-10_fr33.raw	v1.1.0	NT=ms-proteomics;VV=v1.1.0	NT=human;VV=v1.1.0	manual curation	U3308	HB005
HGCC_HB006	Homo sapiens	cell culture	U3230	1	20200624_HGCC_GBM_stem_cell_lines_TMT16_HiRIEF_IPG3-10_fr33_TMT129N	proteomic profiling by mass spectrometry	NT=Data-dependent acquisition;AC=PRIDE:0000627	NT=Q Exactive HF;AC=MS:1002523	TMT129N	NT=Lys-C;AC=MS:1001309	NT=Trypsin;AC=MS:1001251	33	1	20200624_HGCC_GBM_stem_cell_lines_TMT16_HiRIEF_IPG3-10_fr33.raw	v1.1.0	NT=ms-proteomics;VV=v1.1.0	NT=human;VV=v1.1.0	manual curation	U3230	HB006
HGCC_HB007	Homo sapiens	cell culture	U3123	1	20200624_HGCC_GBM_stem_cell_lines_TMT16_HiRIEF_IPG3-10_fr33_TMT129C	proteomic profiling by mass spectrometry	NT=Data-dependent acquisition;AC=PRIDE:0000627	NT=Q Exactive HF;AC=MS:1002523	TMT129C	NT=Lys-C;AC=MS:1001309	NT=Trypsin;AC=MS:1001251	33	1	20200624_HGCC_GBM_stem_cell_lines_TMT16_HiRIEF_IPG3-10_fr33.raw	v1.1.0	NT=ms-proteomics;VV=v1.1.0	NT=human;VV=v1.1.0	manual curation	U3123	HB007
HGCC_HB008_1	Homo sapiens	cell culture	U3071	1	20200624_HGCC_GBM_stem_cell_lines_TMT16_HiRIEF_IPG3-10_fr33_TMT130N	proteomic profiling by mass spectrometry	NT=Data-dependent acquisition;AC=PRIDE:0000627	NT=Q Exactive HF;AC=MS:1002523	TMT130N	NT=Lys-C;AC=MS:1001309	NT=Trypsin;AC=MS:1001251	33	1	20200624_HGCC_GBM_stem_cell_lines_TMT16_HiRIEF_IPG3-10_fr33.raw	v1.1.0	NT=ms-proteomics;VV=v1.1.0	NT=human;VV=v1.1.0	manual curation	U3071	HB008_1
HGCC_HB008_2	Homo sapiens	cell culture	U3071	2	20200624_HGCC_GBM_stem_cell_lines_TMT16_HiRIEF_IPG3-10_fr33_TMT130C	proteomic profiling by mass spectrometry	NT=Data-dependent acquisition;AC=PRIDE:0000627	NT=Q Exactive HF;AC=MS:1002523	TMT130C	NT=Lys-C;AC=MS:1001309	NT=Trypsin;AC=MS:1001251	33	1	20200624_HGCC_GBM_stem_cell_lines_TMT16_HiRIEF_IPG3-10_fr33.raw	v1.1.0	NT=ms-proteomics;VV=v1.1.0	NT=human;VV=v1.1.0	manual curation	U3071	HB008_2
HGCC_HB009	Homo sapiens	cell culture	U3137	1	20200624_HGCC_GBM_stem_cell_lines_TMT16_HiRIEF_IPG3-10_fr33_TMT131N	proteomic profiling by mass spectrometry	NT=Data-dependent acquisition;AC=PRIDE:0000627	NT=Q Exactive HF;AC=MS:1002523	TMT131N	NT=Lys-C;AC=MS:1001309	NT=Trypsin;AC=MS:1001251	33	1	20200624_HGCC_GBM_stem_cell_lines_TMT16_HiRIEF_IPG3-10_fr33.raw	v1.1.0	NT=ms-proteomics;VV=v1.1.0	NT=human;VV=v1.1.0	manual curation	U3137	HB009
HGCC_HB010	Homo sapiens	cell culture	U3263	1	20200624_HGCC_GBM_stem_cell_lines_TMT16_HiRIEF_IPG3-10_fr33_TMT131C	proteomic profiling by mass spectrometry	NT=Data-dependent acquisition;AC=PRIDE:0000627	NT=Q Exactive HF;AC=MS:1002523	TMT131C	NT=Lys-C;AC=MS:1001309	NT=Trypsin;AC=MS:1001251	33	1	20200624_HGCC_GBM_stem_cell_lines_TMT16_HiRIEF_IPG3-10_fr33.raw	v1.1.0	NT=ms-proteomics;VV=v1.1.0	NT=human;VV=v1.1.0	manual curation	U3263	HB010
HGCC_HB011_1	Homo sapiens	cell culture	U3053	1	20200624_HGCC_GBM_stem_cell_lines_TMT16_HiRIEF_IPG3-10_fr33_TMT132N	proteomic profiling by mass spectrometry	NT=Data-dependent acquisition;AC=PRIDE:0000627	NT=Q Exactive HF;AC=MS:1002523	TMT132N	NT=Lys-C;AC=MS:1001309	NT=Trypsin;AC=MS:1001251	33	1	20200624_HGCC_GBM_stem_cell_lines_TMT16_HiRIEF_IPG3-10_fr33.raw	v1.1.0	NT=ms-proteomics;VV=v1.1.0	NT=human;VV=v1.1.0	manual curation	U3053	HB011_1
HGCC_HB011_2	Homo sapiens	cell culture	U3053	2	20200624_HGCC_GBM_stem_cell_lines_TMT16_HiRIEF_IPG3-10_fr33_TMT132C	proteomic profiling by mass spectrometry	NT=Data-dependent acquisition;AC=PRIDE:0000627	NT=Q Exactive HF;AC=MS:1002523	TMT132C	NT=Lys-C;AC=MS:1001309	NT=Trypsin;AC=MS:1001251	33	1	20200624_HGCC_GBM_stem_cell_lines_TMT16_HiRIEF_IPG3-10_fr33.raw	v1.1.0	NT=ms-proteomics;VV=v1.1.0	NT=human;VV=v1.1.0	manual curation	U3053	HB011_2
HGCC_HB012	Homo sapiens	cell culture	U3461	1	20200624_HGCC_GBM_stem_cell_lines_TMT16_HiRIEF_IPG3-10_fr33_TMT133N	proteomic profiling by mass spectrometry	NT=Data-dependent acquisition;AC=PRIDE:0000627	NT=Q Exactive HF;AC=MS:1002523	TMT133N	NT=Lys-C;AC=MS:1001309	NT=Trypsin;AC=MS:1001251	33	1	20200624_HGCC_GBM_stem_cell_lines_TMT16_HiRIEF_IPG3-10_fr33.raw	v1.1.0	NT=ms-proteomics;VV=v1.1.0	NT=human;VV=v1.1.0	manual curation	U3461	HB012
HGCC_HB001	Homo sapiens	cell culture	U3468	1	20200624_HGCC_GBM_stem_cell_lines_TMT16_HiRIEF_IPG3-10_fr11_TMT126	proteomic profiling by mass spectrometry	NT=Data-dependent acquisition;AC=PRIDE:0000627	NT=Q Exactive HF;AC=MS:1002523	TMT126	NT=Lys-C;AC=MS:1001309	NT=Trypsin;AC=MS:1001251	11	1	20200624_HGCC_GBM_stem_cell_lines_TMT16_HiRIEF_IPG3-10_fr11.raw	v1.1.0	NT=ms-proteomics;VV=v1.1.0	NT=human;VV=v1.1.0	manual curation	U3468	HB001
HGCC_HB002	Homo sapiens	cell culture	U3440	1	20200624_HGCC_GBM_stem_cell_lines_TMT16_HiRIEF_IPG3-10_fr11_TMT127N	proteomic profiling by mass spectrometry	NT=Data-dependent acquisition;AC=PRIDE:0000627	NT=Q Exactive HF;AC=MS:1002523	TMT127N	NT=Lys-C;AC=MS:1001309	NT=Trypsin;AC=MS:1001251	11	1	20200624_HGCC_GBM_stem_cell_lines_TMT16_HiRIEF_IPG3-10_fr11.raw	v1.1.0	NT=ms-proteomics;VV=v1.1.0	NT=human;VV=v1.1.0	manual curation	U3440	HB002
HGCC_HB003_1	Homo sapiens	cell culture	U3452	1	20200624_HGCC_GBM_stem_cell_lines_TMT16_HiRIEF_IPG3-10_fr11_TMT127C	proteomic profiling by mass spectrometry	NT=Data-dependent acquisition;AC=PRIDE:0000627	NT=Q Exactive HF;AC=MS:1002523	TMT127C	NT=Lys-C;AC=MS:1001309	NT=Trypsin;AC=MS:1001251	11	1	20200624_HGCC_GBM_stem_cell_lines_TMT16_HiRIEF_IPG3-10_fr11.raw	v1.1.0	NT=ms-proteomics;VV=v1.1.0	NT=human;VV=v1.1.0	manual curation	U3452	HB003_1
HGCC_HB003_2	Homo sapiens	cell culture	U3452	2	20200624_HGCC_GBM_stem_cell_lines_TMT16_HiRIEF_IPG3-10_fr11_TMT128N	proteomic profiling by mass spectrometry	NT=Data-dependent acquisition;AC=PRIDE:0000627	NT=Q Exactive HF;AC=MS:1002523	TMT128N	NT=Lys-C;AC=MS:1001309	NT=Trypsin;AC=MS:1001251	11	1	20200624_HGCC_GBM_stem_cell_lines_TMT16_HiRIEF_IPG3-10_fr11.raw	v1.1.0	NT=ms-proteomics;VV=v1.1.0	NT=human;VV=v1.1.0	manual curation	U3452	HB003_2
HGCC_HB005	Homo sapiens	cell culture	U3308	1	20200624_HGCC_GBM_stem_cell_lines_TMT16_HiRIEF_IPG3-10_fr11_TMT128C	proteomic profiling by mass spectrometry	NT=Data-dependent acquisition;AC=PRIDE:0000627	NT=Q Exactive HF;AC=MS:1002523	TMT128C	NT=Lys-C;AC=MS:1001309	NT=Trypsin;AC=MS:1001251	11	1	20200624_HGCC_GBM_stem_cell_lines_TMT16_HiRIEF_IPG3-10_fr11.raw	v1.1.0	NT=ms-proteomics;VV=v1.1.0	NT=human;VV=v1.1.0	manual curation	U3308	HB005
HGCC_HB006	Homo sapiens	cell culture	U3230	1	20200624_HGCC_GBM_stem_cell_lines_TMT16_HiRIEF_IPG3-10_fr11_TMT129N	proteomic profiling by mass spectrometry	NT=Data-dependent acquisition;AC=PRIDE:0000627	NT=Q Exactive HF;AC=MS:1002523	TMT129N	NT=Lys-C;AC=MS:1001309	NT=Trypsin;AC=MS:1001251	11	1	20200624_HGCC_GBM_stem_cell_lines_TMT16_HiRIEF_IPG3-10_fr11.raw	v1.1.0	NT=ms-proteomics;VV=v1.1.0	NT=human;VV=v1.1.0	manual curation	U3230	HB006
HGCC_HB007	Homo sapiens	cell culture	U3123	1	20200624_HGCC_GBM_stem_cell_lines_TMT16_HiRIEF_IPG3-10_fr11_TMT129C	proteomic profiling by mass spectrometry	NT=Data-dependent acquisition;AC=PRIDE:0000627	NT=Q Exactive HF;AC=MS:1002523	TMT129C	NT=Lys-C;AC=MS:1001309	NT=Trypsin;AC=MS:1001251	11	1	20200624_HGCC_GBM_stem_cell_lines_TMT16_HiRIEF_IPG3-10_fr11.raw	v1.1.0	NT=ms-proteomics;VV=v1.1.0	NT=human;VV=v1.1.0	manual curation	U3123	HB007
HGCC_HB008_1	Homo sapiens	cell culture	U3071	1	20200624_HGCC_GBM_stem_cell_lines_TMT16_HiRIEF_IPG3-10_fr11_TMT130N	proteomic profiling by mass spectrometry	NT=Data-dependent acquisition;AC=PRIDE:0000627	NT=Q Exactive HF;AC=MS:1002523	TMT130N	NT=Lys-C;AC=MS:1001309	NT=Trypsin;AC=MS:1001251	11	1	20200624_HGCC_GBM_stem_cell_lines_TMT16_HiRIEF_IPG3-10_fr11.raw	v1.1.0	NT=ms-proteomics;VV=v1.1.0	NT=human;VV=v1.1.0	manual curation	U3071	HB008_1
HGCC_HB008_2	Homo sapiens	cell culture	U3071	2	20200624_HGCC_GBM_stem_cell_lines_TMT16_HiRIEF_IPG3-10_fr11_TMT130C	proteomic profiling by mass spectrometry	NT=Data-dependent acquisition;AC=PRIDE:0000627	NT=Q Exactive HF;AC=MS:1002523	TMT130C	NT=Lys-C;AC=MS:1001309	NT=Trypsin;AC=MS:1001251	11	1	20200624_HGCC_GBM_stem_cell_lines_TMT16_HiRIEF_IPG3-10_fr11.raw	v1.1.0	NT=ms-proteomics;VV=v1.1.0	NT=human;VV=v1.1.0	manual curation	U3071	HB008_2
HGCC_HB009	Homo sapiens	cell culture	U3137	1	20200624_HGCC_GBM_stem_cell_lines_TMT16_HiRIEF_IPG3-10_fr11_TMT131N	proteomic profiling by mass spectrometry	NT=Data-dependent acquisition;AC=PRIDE:0000627	NT=Q Exactive HF;AC=MS:1002523	TMT131N	NT=Lys-C;AC=MS:1001309	NT=Trypsin;AC=MS:1001251	11	1	20200624_HGCC_GBM_stem_cell_lines_TMT16_HiRIEF_IPG3-10_fr11.raw	v1.1.0	NT=ms-proteomics;VV=v1.1.0	NT=human;VV=v1.1.0	manual curation	U3137	HB009
HGCC_HB010	Homo sapiens	cell culture	U3263	1	20200624_HGCC_GBM_stem_cell_lines_TMT16_HiRIEF_IPG3-10_fr11_TMT131C	proteomic profiling by mass spectrometry	NT=Data-dependent acquisition;AC=PRIDE:0000627	NT=Q Exactive HF;AC=MS:1002523	TMT131C	NT=Lys-C;AC=MS:1001309	NT=Trypsin;AC=MS:1001251	11	1	20200624_HGCC_GBM_stem_cell_lines_TMT16_HiRIEF_IPG3-10_fr11.raw	v1.1.0	NT=ms-proteomics;VV=v1.1.0	NT=human;VV=v1.1.0	manual curation	U3263	HB010
HGCC_HB011_1	Homo sapiens	cell culture	U3053	1	20200624_HGCC_GBM_stem_cell_lines_TMT16_HiRIEF_IPG3-10_fr11_TMT132N	proteomic profiling by mass spectrometry	NT=Data-dependent acquisition;AC=PRIDE:0000627	NT=Q Exactive HF;AC=MS:1002523	TMT132N	NT=Lys-C;AC=MS:1001309	NT=Trypsin;AC=MS:1001251	11	1	20200624_HGCC_GBM_stem_cell_lines_TMT16_HiRIEF_IPG3-10_fr11.raw	v1.1.0	NT=ms-proteomics;VV=v1.1.0	NT=human;VV=v1.1.0	manual curation	U3053	HB011_1
HGCC_HB011_2	Homo sapiens	cell culture	U3053	2	20200624_HGCC_GBM_stem_cell_lines_TMT16_HiRIEF_IPG3-10_fr11_TMT132C	proteomic profiling by mass spectrometry	NT=Data-dependent acquisition;AC=PRIDE:0000627	NT=Q Exactive HF;AC=MS:1002523	TMT132C	NT=Lys-C;AC=MS:1001309	NT=Trypsin;AC=MS:1001251	11	1	20200624_HGCC_GBM_stem_cell_lines_TMT16_HiRIEF_IPG3-10_fr11.raw	v1.1.0	NT=ms-proteomics;VV=v1.1.0	NT=human;VV=v1.1.0	manual curation	U3053	HB011_2
HGCC_HB012	Homo sapiens	cell culture	U3461	1	20200624_HGCC_GBM_stem_cell_lines_TMT16_HiRIEF_IPG3-10_fr11_TMT133N	proteomic profiling by mass spectrometry	NT=Data-dependent acquisition;AC=PRIDE:0000627	NT=Q Exactive HF;AC=MS:1002523	TMT133N	NT=Lys-C;AC=MS:1001309	NT=Trypsin;AC=MS:1001251	11	1	20200624_HGCC_GBM_stem_cell_lines_TMT16_HiRIEF_IPG3-10_fr11.raw	v1.1.0	NT=ms-proteomics;VV=v1.1.0	NT=human;VV=v1.1.0	manual curation	U3461	HB012
HGCC_HB001	Homo sapiens	cell culture	U3468	1	20200624_HGCC_GBM_stem_cell_lines_TMT16_HiRIEF_IPG3-10_fr36_TMT126	proteomic profiling by mass spectrometry	NT=Data-dependent acquisition;AC=PRIDE:0000627	NT=Q Exactive HF;AC=MS:1002523	TMT126	NT=Lys-C;AC=MS:1001309	NT=Trypsin;AC=MS:1001251	36	1	20200624_HGCC_GBM_stem_cell_lines_TMT16_HiRIEF_IPG3-10_fr36.raw	v1.1.0	NT=ms-proteomics;VV=v1.1.0	NT=human;VV=v1.1.0	manual curation	U3468	HB001
HGCC_HB002	Homo sapiens	cell culture	U3440	1	20200624_HGCC_GBM_stem_cell_lines_TMT16_HiRIEF_IPG3-10_fr36_TMT127N	proteomic profiling by mass spectrometry	NT=Data-dependent acquisition;AC=PRIDE:0000627	NT=Q Exactive HF;AC=MS:1002523	TMT127N	NT=Lys-C;AC=MS:1001309	NT=Trypsin;AC=MS:1001251	36	1	20200624_HGCC_GBM_stem_cell_lines_TMT16_HiRIEF_IPG3-10_fr36.raw	v1.1.0	NT=ms-proteomics;VV=v1.1.0	NT=human;VV=v1.1.0	manual curation	U3440	HB002
HGCC_HB003_1	Homo sapiens	cell culture	U3452	1	20200624_HGCC_GBM_stem_cell_lines_TMT16_HiRIEF_IPG3-10_fr36_TMT127C	proteomic profiling by mass spectrometry	NT=Data-dependent acquisition;AC=PRIDE:0000627	NT=Q Exactive HF;AC=MS:1002523	TMT127C	NT=Lys-C;AC=MS:1001309	NT=Trypsin;AC=MS:1001251	36	1	20200624_HGCC_GBM_stem_cell_lines_TMT16_HiRIEF_IPG3-10_fr36.raw	v1.1.0	NT=ms-proteomics;VV=v1.1.0	NT=human;VV=v1.1.0	manual curation	U3452	HB003_1
HGCC_HB003_2	Homo sapiens	cell culture	U3452	2	20200624_HGCC_GBM_stem_cell_lines_TMT16_HiRIEF_IPG3-10_fr36_TMT128N	proteomic profiling by mass spectrometry	NT=Data-dependent acquisition;AC=PRIDE:0000627	NT=Q Exactive HF;AC=MS:1002523	TMT128N	NT=Lys-C;AC=MS:1001309	NT=Trypsin;AC=MS:1001251	36	1	20200624_HGCC_GBM_stem_cell_lines_TMT16_HiRIEF_IPG3-10_fr36.raw	v1.1.0	NT=ms-proteomics;VV=v1.1.0	NT=human;VV=v1.1.0	manual curation	U3452	HB003_2
HGCC_HB005	Homo sapiens	cell culture	U3308	1	20200624_HGCC_GBM_stem_cell_lines_TMT16_HiRIEF_IPG3-10_fr36_TMT128C	proteomic profiling by mass spectrometry	NT=Data-dependent acquisition;AC=PRIDE:0000627	NT=Q Exactive HF;AC=MS:1002523	TMT128C	NT=Lys-C;AC=MS:1001309	NT=Trypsin;AC=MS:1001251	36	1	20200624_HGCC_GBM_stem_cell_lines_TMT16_HiRIEF_IPG3-10_fr36.raw	v1.1.0	NT=ms-proteomics;VV=v1.1.0	NT=human;VV=v1.1.0	manual curation	U3308	HB005
HGCC_HB006	Homo sapiens	cell culture	U3230	1	20200624_HGCC_GBM_stem_cell_lines_TMT16_HiRIEF_IPG3-10_fr36_TMT129N	proteomic profiling by mass spectrometry	NT=Data-dependent acquisition;AC=PRIDE:0000627	NT=Q Exactive HF;AC=MS:1002523	TMT129N	NT=Lys-C;AC=MS:1001309	NT=Trypsin;AC=MS:1001251	36	1	20200624_HGCC_GBM_stem_cell_lines_TMT16_HiRIEF_IPG3-10_fr36.raw	v1.1.0	NT=ms-proteomics;VV=v1.1.0	NT=human;VV=v1.1.0	manual curation	U3230	HB006
HGCC_HB007	Homo sapiens	cell culture	U3123	1	20200624_HGCC_GBM_stem_cell_lines_TMT16_HiRIEF_IPG3-10_fr36_TMT129C	proteomic profiling by mass spectrometry	NT=Data-dependent acquisition;AC=PRIDE:0000627	NT=Q Exactive HF;AC=MS:1002523	TMT129C	NT=Lys-C;AC=MS:1001309	NT=Trypsin;AC=MS:1001251	36	1	20200624_HGCC_GBM_stem_cell_lines_TMT16_HiRIEF_IPG3-10_fr36.raw	v1.1.0	NT=ms-proteomics;VV=v1.1.0	NT=human;VV=v1.1.0	manual curation	U3123	HB007
HGCC_HB008_1	Homo sapiens	cell culture	U3071	1	20200624_HGCC_GBM_stem_cell_lines_TMT16_HiRIEF_IPG3-10_fr36_TMT130N	proteomic profiling by mass spectrometry	NT=Data-dependent acquisition;AC=PRIDE:0000627	NT=Q Exactive HF;AC=MS:1002523	TMT130N	NT=Lys-C;AC=MS:1001309	NT=Trypsin;AC=MS:1001251	36	1	20200624_HGCC_GBM_stem_cell_lines_TMT16_HiRIEF_IPG3-10_fr36.raw	v1.1.0	NT=ms-proteomics;VV=v1.1.0	NT=human;VV=v1.1.0	manual curation	U3071	HB008_1
HGCC_HB008_2	Homo sapiens	cell culture	U3071	2	20200624_HGCC_GBM_stem_cell_lines_TMT16_HiRIEF_IPG3-10_fr36_TMT130C	proteomic profiling by mass spectrometry	NT=Data-dependent acquisition;AC=PRIDE:0000627	NT=Q Exactive HF;AC=MS:1002523	TMT130C	NT=Lys-C;AC=MS:1001309	NT=Trypsin;AC=MS:1001251	36	1	20200624_HGCC_GBM_stem_cell_lines_TMT16_HiRIEF_IPG3-10_fr36.raw	v1.1.0	NT=ms-proteomics;VV=v1.1.0	NT=human;VV=v1.1.0	manual curation	U3071	HB008_2
HGCC_HB009	Homo sapiens	cell culture	U3137	1	20200624_HGCC_GBM_stem_cell_lines_TMT16_HiRIEF_IPG3-10_fr36_TMT131N	proteomic profiling by mass spectrometry	NT=Data-dependent acquisition;AC=PRIDE:0000627	NT=Q Exactive HF;AC=MS:1002523	TMT131N	NT=Lys-C;AC=MS:1001309	NT=Trypsin;AC=MS:1001251	36	1	20200624_HGCC_GBM_stem_cell_lines_TMT16_HiRIEF_IPG3-10_fr36.raw	v1.1.0	NT=ms-proteomics;VV=v1.1.0	NT=human;VV=v1.1.0	manual curation	U3137	HB009
HGCC_HB010	Homo sapiens	cell culture	U3263	1	20200624_HGCC_GBM_stem_cell_lines_TMT16_HiRIEF_IPG3-10_fr36_TMT131C	proteomic profiling by mass spectrometry	NT=Data-dependent acquisition;AC=PRIDE:0000627	NT=Q Exactive HF;AC=MS:1002523	TMT131C	NT=Lys-C;AC=MS:1001309	NT=Trypsin;AC=MS:1001251	36	1	20200624_HGCC_GBM_stem_cell_lines_TMT16_HiRIEF_IPG3-10_fr36.raw	v1.1.0	NT=ms-proteomics;VV=v1.1.0	NT=human;VV=v1.1.0	manual curation	U3263	HB010
HGCC_HB011_1	Homo sapiens	cell culture	U3053	1	20200624_HGCC_GBM_stem_cell_lines_TMT16_HiRIEF_IPG3-10_fr36_TMT132N	proteomic profiling by mass spectrometry	NT=Data-dependent acquisition;AC=PRIDE:0000627	NT=Q Exactive HF;AC=MS:1002523	TMT132N	NT=Lys-C;AC=MS:1001309	NT=Trypsin;AC=MS:1001251	36	1	20200624_HGCC_GBM_stem_cell_lines_TMT16_HiRIEF_IPG3-10_fr36.raw	v1.1.0	NT=ms-proteomics;VV=v1.1.0	NT=human;VV=v1.1.0	manual curation	U3053	HB011_1
HGCC_HB011_2	Homo sapiens	cell culture	U3053	2	20200624_HGCC_GBM_stem_cell_lines_TMT16_HiRIEF_IPG3-10_fr36_TMT132C	proteomic profiling by mass spectrometry	NT=Data-dependent acquisition;AC=PRIDE:0000627	NT=Q Exactive HF;AC=MS:1002523	TMT132C	NT=Lys-C;AC=MS:1001309	NT=Trypsin;AC=MS:1001251	36	1	20200624_HGCC_GBM_stem_cell_lines_TMT16_HiRIEF_IPG3-10_fr36.raw	v1.1.0	NT=ms-proteomics;VV=v1.1.0	NT=human;VV=v1.1.0	manual curation	U3053	HB011_2
HGCC_HB012	Homo sapiens	cell culture	U3461	1	20200624_HGCC_GBM_stem_cell_lines_TMT16_HiRIEF_IPG3-10_fr36_TMT133N	proteomic profiling by mass spectrometry	NT=Data-dependent acquisition;AC=PRIDE:0000627	NT=Q Exactive HF;AC=MS:1002523	TMT133N	NT=Lys-C;AC=MS:1001309	NT=Trypsin;AC=MS:1001251	36	1	20200624_HGCC_GBM_stem_cell_lines_TMT16_HiRIEF_IPG3-10_fr36.raw	v1.1.0	NT=ms-proteomics;VV=v1.1.0	NT=human;VV=v1.1.0	manual curation	U3461	HB012
HGCC_HB001	Homo sapiens	cell culture	U3468	1	20200624_HGCC_GBM_stem_cell_lines_TMT16_HiRIEF_IPG3-10_fr29_TMT126	proteomic profiling by mass spectrometry	NT=Data-dependent acquisition;AC=PRIDE:0000627	NT=Q Exactive HF;AC=MS:1002523	TMT126	NT=Lys-C;AC=MS:1001309	NT=Trypsin;AC=MS:1001251	29	1	20200624_HGCC_GBM_stem_cell_lines_TMT16_HiRIEF_IPG3-10_fr29.raw	v1.1.0	NT=ms-proteomics;VV=v1.1.0	NT=human;VV=v1.1.0	manual curation	U3468	HB001
HGCC_HB002	Homo sapiens	cell culture	U3440	1	20200624_HGCC_GBM_stem_cell_lines_TMT16_HiRIEF_IPG3-10_fr29_TMT127N	proteomic profiling by mass spectrometry	NT=Data-dependent acquisition;AC=PRIDE:0000627	NT=Q Exactive HF;AC=MS:1002523	TMT127N	NT=Lys-C;AC=MS:1001309	NT=Trypsin;AC=MS:1001251	29	1	20200624_HGCC_GBM_stem_cell_lines_TMT16_HiRIEF_IPG3-10_fr29.raw	v1.1.0	NT=ms-proteomics;VV=v1.1.0	NT=human;VV=v1.1.0	manual curation	U3440	HB002
HGCC_HB003_1	Homo sapiens	cell culture	U3452	1	20200624_HGCC_GBM_stem_cell_lines_TMT16_HiRIEF_IPG3-10_fr29_TMT127C	proteomic profiling by mass spectrometry	NT=Data-dependent acquisition;AC=PRIDE:0000627	NT=Q Exactive HF;AC=MS:1002523	TMT127C	NT=Lys-C;AC=MS:1001309	NT=Trypsin;AC=MS:1001251	29	1	20200624_HGCC_GBM_stem_cell_lines_TMT16_HiRIEF_IPG3-10_fr29.raw	v1.1.0	NT=ms-proteomics;VV=v1.1.0	NT=human;VV=v1.1.0	manual curation	U3452	HB003_1
HGCC_HB003_2	Homo sapiens	cell culture	U3452	2	20200624_HGCC_GBM_stem_cell_lines_TMT16_HiRIEF_IPG3-10_fr29_TMT128N	proteomic profiling by mass spectrometry	NT=Data-dependent acquisition;AC=PRIDE:0000627	NT=Q Exactive HF;AC=MS:1002523	TMT128N	NT=Lys-C;AC=MS:1001309	NT=Trypsin;AC=MS:1001251	29	1	20200624_HGCC_GBM_stem_cell_lines_TMT16_HiRIEF_IPG3-10_fr29.raw	v1.1.0	NT=ms-proteomics;VV=v1.1.0	NT=human;VV=v1.1.0	manual curation	U3452	HB003_2
HGCC_HB005	Homo sapiens	cell culture	U3308	1	20200624_HGCC_GBM_stem_cell_lines_TMT16_HiRIEF_IPG3-10_fr29_TMT128C	proteomic profiling by mass spectrometry	NT=Data-dependent acquisition;AC=PRIDE:0000627	NT=Q Exactive HF;AC=MS:1002523	TMT128C	NT=Lys-C;AC=MS:1001309	NT=Trypsin;AC=MS:1001251	29	1	20200624_HGCC_GBM_stem_cell_lines_TMT16_HiRIEF_IPG3-10_fr29.raw	v1.1.0	NT=ms-proteomics;VV=v1.1.0	NT=human;VV=v1.1.0	manual curation	U3308	HB005
HGCC_HB006	Homo sapiens	cell culture	U3230	1	20200624_HGCC_GBM_stem_cell_lines_TMT16_HiRIEF_IPG3-10_fr29_TMT129N	proteomic profiling by mass spectrometry	NT=Data-dependent acquisition;AC=PRIDE:0000627	NT=Q Exactive HF;AC=MS:1002523	TMT129N	NT=Lys-C;AC=MS:1001309	NT=Trypsin;AC=MS:1001251	29	1	20200624_HGCC_GBM_stem_cell_lines_TMT16_HiRIEF_IPG3-10_fr29.raw	v1.1.0	NT=ms-proteomics;VV=v1.1.0	NT=human;VV=v1.1.0	manual curation	U3230	HB006
HGCC_HB007	Homo sapiens	cell culture	U3123	1	20200624_HGCC_GBM_stem_cell_lines_TMT16_HiRIEF_IPG3-10_fr29_TMT129C	proteomic profiling by mass spectrometry	NT=Data-dependent acquisition;AC=PRIDE:0000627	NT=Q Exactive HF;AC=MS:1002523	TMT129C	NT=Lys-C;AC=MS:1001309	NT=Trypsin;AC=MS:1001251	29	1	20200624_HGCC_GBM_stem_cell_lines_TMT16_HiRIEF_IPG3-10_fr29.raw	v1.1.0	NT=ms-proteomics;VV=v1.1.0	NT=human;VV=v1.1.0	manual curation	U3123	HB007
HGCC_HB008_1	Homo sapiens	cell culture	U3071	1	20200624_HGCC_GBM_stem_cell_lines_TMT16_HiRIEF_IPG3-10_fr29_TMT130N	proteomic profiling by mass spectrometry	NT=Data-dependent acquisition;AC=PRIDE:0000627	NT=Q Exactive HF;AC=MS:1002523	TMT130N	NT=Lys-C;AC=MS:1001309	NT=Trypsin;AC=MS:1001251	29	1	20200624_HGCC_GBM_stem_cell_lines_TMT16_HiRIEF_IPG3-10_fr29.raw	v1.1.0	NT=ms-proteomics;VV=v1.1.0	NT=human;VV=v1.1.0	manual curation	U3071	HB008_1
HGCC_HB008_2	Homo sapiens	cell culture	U3071	2	20200624_HGCC_GBM_stem_cell_lines_TMT16_HiRIEF_IPG3-10_fr29_TMT130C	proteomic profiling by mass spectrometry	NT=Data-dependent acquisition;AC=PRIDE:0000627	NT=Q Exactive HF;AC=MS:1002523	TMT130C	NT=Lys-C;AC=MS:1001309	NT=Trypsin;AC=MS:1001251	29	1	20200624_HGCC_GBM_stem_cell_lines_TMT16_HiRIEF_IPG3-10_fr29.raw	v1.1.0	NT=ms-proteomics;VV=v1.1.0	NT=human;VV=v1.1.0	manual curation	U3071	HB008_2
HGCC_HB009	Homo sapiens	cell culture	U3137	1	20200624_HGCC_GBM_stem_cell_lines_TMT16_HiRIEF_IPG3-10_fr29_TMT131N	proteomic profiling by mass spectrometry	NT=Data-dependent acquisition;AC=PRIDE:0000627	NT=Q Exactive HF;AC=MS:1002523	TMT131N	NT=Lys-C;AC=MS:1001309	NT=Trypsin;AC=MS:1001251	29	1	20200624_HGCC_GBM_stem_cell_lines_TMT16_HiRIEF_IPG3-10_fr29.raw	v1.1.0	NT=ms-proteomics;VV=v1.1.0	NT=human;VV=v1.1.0	manual curation	U3137	HB009
HGCC_HB010	Homo sapiens	cell culture	U3263	1	20200624_HGCC_GBM_stem_cell_lines_TMT16_HiRIEF_IPG3-10_fr29_TMT131C	proteomic profiling by mass spectrometry	NT=Data-dependent acquisition;AC=PRIDE:0000627	NT=Q Exactive HF;AC=MS:1002523	TMT131C	NT=Lys-C;AC=MS:1001309	NT=Trypsin;AC=MS:1001251	29	1	20200624_HGCC_GBM_stem_cell_lines_TMT16_HiRIEF_IPG3-10_fr29.raw	v1.1.0	NT=ms-proteomics;VV=v1.1.0	NT=human;VV=v1.1.0	manual curation	U3263	HB010
HGCC_HB011_1	Homo sapiens	cell culture	U3053	1	20200624_HGCC_GBM_stem_cell_lines_TMT16_HiRIEF_IPG3-10_fr29_TMT132N	proteomic profiling by mass spectrometry	NT=Data-dependent acquisition;AC=PRIDE:0000627	NT=Q Exactive HF;AC=MS:1002523	TMT132N	NT=Lys-C;AC=MS:1001309	NT=Trypsin;AC=MS:1001251	29	1	20200624_HGCC_GBM_stem_cell_lines_TMT16_HiRIEF_IPG3-10_fr29.raw	v1.1.0	NT=ms-proteomics;VV=v1.1.0	NT=human;VV=v1.1.0	manual curation	U3053	HB011_1
HGCC_HB011_2	Homo sapiens	cell culture	U3053	2	20200624_HGCC_GBM_stem_cell_lines_TMT16_HiRIEF_IPG3-10_fr29_TMT132C	proteomic profiling by mass spectrometry	NT=Data-dependent acquisition;AC=PRIDE:0000627	NT=Q Exactive HF;AC=MS:1002523	TMT132C	NT=Lys-C;AC=MS:1001309	NT=Trypsin;AC=MS:1001251	29	1	20200624_HGCC_GBM_stem_cell_lines_TMT16_HiRIEF_IPG3-10_fr29.raw	v1.1.0	NT=ms-proteomics;VV=v1.1.0	NT=human;VV=v1.1.0	manual curation	U3053	HB011_2
HGCC_HB012	Homo sapiens	cell culture	U3461	1	20200624_HGCC_GBM_stem_cell_lines_TMT16_HiRIEF_IPG3-10_fr29_TMT133N	proteomic profiling by mass spectrometry	NT=Data-dependent acquisition;AC=PRIDE:0000627	NT=Q Exactive HF;AC=MS:1002523	TMT133N	NT=Lys-C;AC=MS:1001309	NT=Trypsin;AC=MS:1001251	29	1	20200624_HGCC_GBM_stem_cell_lines_TMT16_HiRIEF_IPG3-10_fr29.raw	v1.1.0	NT=ms-proteomics;VV=v1.1.0	NT=human;VV=v1.1.0	manual curation	U3461	HB012
HGCC_HB001	Homo sapiens	cell culture	U3468	1	20200624_HGCC_GBM_stem_cell_lines_TMT16_HiRIEF_IPG3-10_fr16_TMT126	proteomic profiling by mass spectrometry	NT=Data-dependent acquisition;AC=PRIDE:0000627	NT=Q Exactive HF;AC=MS:1002523	TMT126	NT=Lys-C;AC=MS:1001309	NT=Trypsin;AC=MS:1001251	16	1	20200624_HGCC_GBM_stem_cell_lines_TMT16_HiRIEF_IPG3-10_fr16.raw	v1.1.0	NT=ms-proteomics;VV=v1.1.0	NT=human;VV=v1.1.0	manual curation	U3468	HB001
HGCC_HB002	Homo sapiens	cell culture	U3440	1	20200624_HGCC_GBM_stem_cell_lines_TMT16_HiRIEF_IPG3-10_fr16_TMT127N	proteomic profiling by mass spectrometry	NT=Data-dependent acquisition;AC=PRIDE:0000627	NT=Q Exactive HF;AC=MS:1002523	TMT127N	NT=Lys-C;AC=MS:1001309	NT=Trypsin;AC=MS:1001251	16	1	20200624_HGCC_GBM_stem_cell_lines_TMT16_HiRIEF_IPG3-10_fr16.raw	v1.1.0	NT=ms-proteomics;VV=v1.1.0	NT=human;VV=v1.1.0	manual curation	U3440	HB002
HGCC_HB003_1	Homo sapiens	cell culture	U3452	1	20200624_HGCC_GBM_stem_cell_lines_TMT16_HiRIEF_IPG3-10_fr16_TMT127C	proteomic profiling by mass spectrometry	NT=Data-dependent acquisition;AC=PRIDE:0000627	NT=Q Exactive HF;AC=MS:1002523	TMT127C	NT=Lys-C;AC=MS:1001309	NT=Trypsin;AC=MS:1001251	16	1	20200624_HGCC_GBM_stem_cell_lines_TMT16_HiRIEF_IPG3-10_fr16.raw	v1.1.0	NT=ms-proteomics;VV=v1.1.0	NT=human;VV=v1.1.0	manual curation	U3452	HB003_1
HGCC_HB003_2	Homo sapiens	cell culture	U3452	2	20200624_HGCC_GBM_stem_cell_lines_TMT16_HiRIEF_IPG3-10_fr16_TMT128N	proteomic profiling by mass spectrometry	NT=Data-dependent acquisition;AC=PRIDE:0000627	NT=Q Exactive HF;AC=MS:1002523	TMT128N	NT=Lys-C;AC=MS:1001309	NT=Trypsin;AC=MS:1001251	16	1	20200624_HGCC_GBM_stem_cell_lines_TMT16_HiRIEF_IPG3-10_fr16.raw	v1.1.0	NT=ms-proteomics;VV=v1.1.0	NT=human;VV=v1.1.0	manual curation	U3452	HB003_2
HGCC_HB005	Homo sapiens	cell culture	U3308	1	20200624_HGCC_GBM_stem_cell_lines_TMT16_HiRIEF_IPG3-10_fr16_TMT128C	proteomic profiling by mass spectrometry	NT=Data-dependent acquisition;AC=PRIDE:0000627	NT=Q Exactive HF;AC=MS:1002523	TMT128C	NT=Lys-C;AC=MS:1001309	NT=Trypsin;AC=MS:1001251	16	1	20200624_HGCC_GBM_stem_cell_lines_TMT16_HiRIEF_IPG3-10_fr16.raw	v1.1.0	NT=ms-proteomics;VV=v1.1.0	NT=human;VV=v1.1.0	manual curation	U3308	HB005
HGCC_HB006	Homo sapiens	cell culture	U3230	1	20200624_HGCC_GBM_stem_cell_lines_TMT16_HiRIEF_IPG3-10_fr16_TMT129N	proteomic profiling by mass spectrometry	NT=Data-dependent acquisition;AC=PRIDE:0000627	NT=Q Exactive HF;AC=MS:1002523	TMT129N	NT=Lys-C;AC=MS:1001309	NT=Trypsin;AC=MS:1001251	16	1	20200624_HGCC_GBM_stem_cell_lines_TMT16_HiRIEF_IPG3-10_fr16.raw	v1.1.0	NT=ms-proteomics;VV=v1.1.0	NT=human;VV=v1.1.0	manual curation	U3230	HB006
HGCC_HB007	Homo sapiens	cell culture	U3123	1	20200624_HGCC_GBM_stem_cell_lines_TMT16_HiRIEF_IPG3-10_fr16_TMT129C	proteomic profiling by mass spectrometry	NT=Data-dependent acquisition;AC=PRIDE:0000627	NT=Q Exactive HF;AC=MS:1002523	TMT129C	NT=Lys-C;AC=MS:1001309	NT=Trypsin;AC=MS:1001251	16	1	20200624_HGCC_GBM_stem_cell_lines_TMT16_HiRIEF_IPG3-10_fr16.raw	v1.1.0	NT=ms-proteomics;VV=v1.1.0	NT=human;VV=v1.1.0	manual curation	U3123	HB007
HGCC_HB008_1	Homo sapiens	cell culture	U3071	1	20200624_HGCC_GBM_stem_cell_lines_TMT16_HiRIEF_IPG3-10_fr16_TMT130N	proteomic profiling by mass spectrometry	NT=Data-dependent acquisition;AC=PRIDE:0000627	NT=Q Exactive HF;AC=MS:1002523	TMT130N	NT=Lys-C;AC=MS:1001309	NT=Trypsin;AC=MS:1001251	16	1	20200624_HGCC_GBM_stem_cell_lines_TMT16_HiRIEF_IPG3-10_fr16.raw	v1.1.0	NT=ms-proteomics;VV=v1.1.0	NT=human;VV=v1.1.0	manual curation	U3071	HB008_1
HGCC_HB008_2	Homo sapiens	cell culture	U3071	2	20200624_HGCC_GBM_stem_cell_lines_TMT16_HiRIEF_IPG3-10_fr16_TMT130C	proteomic profiling by mass spectrometry	NT=Data-dependent acquisition;AC=PRIDE:0000627	NT=Q Exactive HF;AC=MS:1002523	TMT130C	NT=Lys-C;AC=MS:1001309	NT=Trypsin;AC=MS:1001251	16	1	20200624_HGCC_GBM_stem_cell_lines_TMT16_HiRIEF_IPG3-10_fr16.raw	v1.1.0	NT=ms-proteomics;VV=v1.1.0	NT=human;VV=v1.1.0	manual curation	U3071	HB008_2
HGCC_HB009	Homo sapiens	cell culture	U3137	1	20200624_HGCC_GBM_stem_cell_lines_TMT16_HiRIEF_IPG3-10_fr16_TMT131N	proteomic profiling by mass spectrometry	NT=Data-dependent acquisition;AC=PRIDE:0000627	NT=Q Exactive HF;AC=MS:1002523	TMT131N	NT=Lys-C;AC=MS:1001309	NT=Trypsin;AC=MS:1001251	16	1	20200624_HGCC_GBM_stem_cell_lines_TMT16_HiRIEF_IPG3-10_fr16.raw	v1.1.0	NT=ms-proteomics;VV=v1.1.0	NT=human;VV=v1.1.0	manual curation	U3137	HB009
HGCC_HB010	Homo sapiens	cell culture	U3263	1	20200624_HGCC_GBM_stem_cell_lines_TMT16_HiRIEF_IPG3-10_fr16_TMT131C	proteomic profiling by mass spectrometry	NT=Data-dependent acquisition;AC=PRIDE:0000627	NT=Q Exactive HF;AC=MS:1002523	TMT131C	NT=Lys-C;AC=MS:1001309	NT=Trypsin;AC=MS:1001251	16	1	20200624_HGCC_GBM_stem_cell_lines_TMT16_HiRIEF_IPG3-10_fr16.raw	v1.1.0	NT=ms-proteomics;VV=v1.1.0	NT=human;VV=v1.1.0	manual curation	U3263	HB010
HGCC_HB011_1	Homo sapiens	cell culture	U3053	1	20200624_HGCC_GBM_stem_cell_lines_TMT16_HiRIEF_IPG3-10_fr16_TMT132N	proteomic profiling by mass spectrometry	NT=Data-dependent acquisition;AC=PRIDE:0000627	NT=Q Exactive HF;AC=MS:1002523	TMT132N	NT=Lys-C;AC=MS:1001309	NT=Trypsin;AC=MS:1001251	16	1	20200624_HGCC_GBM_stem_cell_lines_TMT16_HiRIEF_IPG3-10_fr16.raw	v1.1.0	NT=ms-proteomics;VV=v1.1.0	NT=human;VV=v1.1.0	manual curation	U3053	HB011_1
HGCC_HB011_2	Homo sapiens	cell culture	U3053	2	20200624_HGCC_GBM_stem_cell_lines_TMT16_HiRIEF_IPG3-10_fr16_TMT132C	proteomic profiling by mass spectrometry	NT=Data-dependent acquisition;AC=PRIDE:0000627	NT=Q Exactive HF;AC=MS:1002523	TMT132C	NT=Lys-C;AC=MS:1001309	NT=Trypsin;AC=MS:1001251	16	1	20200624_HGCC_GBM_stem_cell_lines_TMT16_HiRIEF_IPG3-10_fr16.raw	v1.1.0	NT=ms-proteomics;VV=v1.1.0	NT=human;VV=v1.1.0	manual curation	U3053	HB011_2
HGCC_HB012	Homo sapiens	cell culture	U3461	1	20200624_HGCC_GBM_stem_cell_lines_TMT16_HiRIEF_IPG3-10_fr16_TMT133N	proteomic profiling by mass spectrometry	NT=Data-dependent acquisition;AC=PRIDE:0000627	NT=Q Exactive HF;AC=MS:1002523	TMT133N	NT=Lys-C;AC=MS:1001309	NT=Trypsin;AC=MS:1001251	16	1	20200624_HGCC_GBM_stem_cell_lines_TMT16_HiRIEF_IPG3-10_fr16.raw	v1.1.0	NT=ms-proteomics;VV=v1.1.0	NT=human;VV=v1.1.0	manual curation	U3461	HB012
HGCC_HB001	Homo sapiens	cell culture	U3468	1	20200624_HGCC_GBM_stem_cell_lines_TMT16_HiRIEF_IPG3-10_fr10_TMT126	proteomic profiling by mass spectrometry	NT=Data-dependent acquisition;AC=PRIDE:0000627	NT=Q Exactive HF;AC=MS:1002523	TMT126	NT=Lys-C;AC=MS:1001309	NT=Trypsin;AC=MS:1001251	10	1	20200624_HGCC_GBM_stem_cell_lines_TMT16_HiRIEF_IPG3-10_fr10.raw	v1.1.0	NT=ms-proteomics;VV=v1.1.0	NT=human;VV=v1.1.0	manual curation	U3468	HB001
HGCC_HB002	Homo sapiens	cell culture	U3440	1	20200624_HGCC_GBM_stem_cell_lines_TMT16_HiRIEF_IPG3-10_fr10_TMT127N	proteomic profiling by mass spectrometry	NT=Data-dependent acquisition;AC=PRIDE:0000627	NT=Q Exactive HF;AC=MS:1002523	TMT127N	NT=Lys-C;AC=MS:1001309	NT=Trypsin;AC=MS:1001251	10	1	20200624_HGCC_GBM_stem_cell_lines_TMT16_HiRIEF_IPG3-10_fr10.raw	v1.1.0	NT=ms-proteomics;VV=v1.1.0	NT=human;VV=v1.1.0	manual curation	U3440	HB002
HGCC_HB003_1	Homo sapiens	cell culture	U3452	1	20200624_HGCC_GBM_stem_cell_lines_TMT16_HiRIEF_IPG3-10_fr10_TMT127C	proteomic profiling by mass spectrometry	NT=Data-dependent acquisition;AC=PRIDE:0000627	NT=Q Exactive HF;AC=MS:1002523	TMT127C	NT=Lys-C;AC=MS:1001309	NT=Trypsin;AC=MS:1001251	10	1	20200624_HGCC_GBM_stem_cell_lines_TMT16_HiRIEF_IPG3-10_fr10.raw	v1.1.0	NT=ms-proteomics;VV=v1.1.0	NT=human;VV=v1.1.0	manual curation	U3452	HB003_1
HGCC_HB003_2	Homo sapiens	cell culture	U3452	2	20200624_HGCC_GBM_stem_cell_lines_TMT16_HiRIEF_IPG3-10_fr10_TMT128N	proteomic profiling by mass spectrometry	NT=Data-dependent acquisition;AC=PRIDE:0000627	NT=Q Exactive HF;AC=MS:1002523	TMT128N	NT=Lys-C;AC=MS:1001309	NT=Trypsin;AC=MS:1001251	10	1	20200624_HGCC_GBM_stem_cell_lines_TMT16_HiRIEF_IPG3-10_fr10.raw	v1.1.0	NT=ms-proteomics;VV=v1.1.0	NT=human;VV=v1.1.0	manual curation	U3452	HB003_2
HGCC_HB005	Homo sapiens	cell culture	U3308	1	20200624_HGCC_GBM_stem_cell_lines_TMT16_HiRIEF_IPG3-10_fr10_TMT128C	proteomic profiling by mass spectrometry	NT=Data-dependent acquisition;AC=PRIDE:0000627	NT=Q Exactive HF;AC=MS:1002523	TMT128C	NT=Lys-C;AC=MS:1001309	NT=Trypsin;AC=MS:1001251	10	1	20200624_HGCC_GBM_stem_cell_lines_TMT16_HiRIEF_IPG3-10_fr10.raw	v1.1.0	NT=ms-proteomics;VV=v1.1.0	NT=human;VV=v1.1.0	manual curation	U3308	HB005
HGCC_HB006	Homo sapiens	cell culture	U3230	1	20200624_HGCC_GBM_stem_cell_lines_TMT16_HiRIEF_IPG3-10_fr10_TMT129N	proteomic profiling by mass spectrometry	NT=Data-dependent acquisition;AC=PRIDE:0000627	NT=Q Exactive HF;AC=MS:1002523	TMT129N	NT=Lys-C;AC=MS:1001309	NT=Trypsin;AC=MS:1001251	10	1	20200624_HGCC_GBM_stem_cell_lines_TMT16_HiRIEF_IPG3-10_fr10.raw	v1.1.0	NT=ms-proteomics;VV=v1.1.0	NT=human;VV=v1.1.0	manual curation	U3230	HB006
HGCC_HB007	Homo sapiens	cell culture	U3123	1	20200624_HGCC_GBM_stem_cell_lines_TMT16_HiRIEF_IPG3-10_fr10_TMT129C	proteomic profiling by mass spectrometry	NT=Data-dependent acquisition;AC=PRIDE:0000627	NT=Q Exactive HF;AC=MS:1002523	TMT129C	NT=Lys-C;AC=MS:1001309	NT=Trypsin;AC=MS:1001251	10	1	20200624_HGCC_GBM_stem_cell_lines_TMT16_HiRIEF_IPG3-10_fr10.raw	v1.1.0	NT=ms-proteomics;VV=v1.1.0	NT=human;VV=v1.1.0	manual curation	U3123	HB007
HGCC_HB008_1	Homo sapiens	cell culture	U3071	1	20200624_HGCC_GBM_stem_cell_lines_TMT16_HiRIEF_IPG3-10_fr10_TMT130N	proteomic profiling by mass spectrometry	NT=Data-dependent acquisition;AC=PRIDE:0000627	NT=Q Exactive HF;AC=MS:1002523	TMT130N	NT=Lys-C;AC=MS:1001309	NT=Trypsin;AC=MS:1001251	10	1	20200624_HGCC_GBM_stem_cell_lines_TMT16_HiRIEF_IPG3-10_fr10.raw	v1.1.0	NT=ms-proteomics;VV=v1.1.0	NT=human;VV=v1.1.0	manual curation	U3071	HB008_1
HGCC_HB008_2	Homo sapiens	cell culture	U3071	2	20200624_HGCC_GBM_stem_cell_lines_TMT16_HiRIEF_IPG3-10_fr10_TMT130C	proteomic profiling by mass spectrometry	NT=Data-dependent acquisition;AC=PRIDE:0000627	NT=Q Exactive HF;AC=MS:1002523	TMT130C	NT=Lys-C;AC=MS:1001309	NT=Trypsin;AC=MS:1001251	10	1	20200624_HGCC_GBM_stem_cell_lines_TMT16_HiRIEF_IPG3-10_fr10.raw	v1.1.0	NT=ms-proteomics;VV=v1.1.0	NT=human;VV=v1.1.0	manual curation	U3071	HB008_2
HGCC_HB009	Homo sapiens	cell culture	U3137	1	20200624_HGCC_GBM_stem_cell_lines_TMT16_HiRIEF_IPG3-10_fr10_TMT131N	proteomic profiling by mass spectrometry	NT=Data-dependent acquisition;AC=PRIDE:0000627	NT=Q Exactive HF;AC=MS:1002523	TMT131N	NT=Lys-C;AC=MS:1001309	NT=Trypsin;AC=MS:1001251	10	1	20200624_HGCC_GBM_stem_cell_lines_TMT16_HiRIEF_IPG3-10_fr10.raw	v1.1.0	NT=ms-proteomics;VV=v1.1.0	NT=human;VV=v1.1.0	manual curation	U3137	HB009
HGCC_HB010	Homo sapiens	cell culture	U3263	1	20200624_HGCC_GBM_stem_cell_lines_TMT16_HiRIEF_IPG3-10_fr10_TMT131C	proteomic profiling by mass spectrometry	NT=Data-dependent acquisition;AC=PRIDE:0000627	NT=Q Exactive HF;AC=MS:1002523	TMT131C	NT=Lys-C;AC=MS:1001309	NT=Trypsin;AC=MS:1001251	10	1	20200624_HGCC_GBM_stem_cell_lines_TMT16_HiRIEF_IPG3-10_fr10.raw	v1.1.0	NT=ms-proteomics;VV=v1.1.0	NT=human;VV=v1.1.0	manual curation	U3263	HB010
HGCC_HB011_1	Homo sapiens	cell culture	U3053	1	20200624_HGCC_GBM_stem_cell_lines_TMT16_HiRIEF_IPG3-10_fr10_TMT132N	proteomic profiling by mass spectrometry	NT=Data-dependent acquisition;AC=PRIDE:0000627	NT=Q Exactive HF;AC=MS:1002523	TMT132N	NT=Lys-C;AC=MS:1001309	NT=Trypsin;AC=MS:1001251	10	1	20200624_HGCC_GBM_stem_cell_lines_TMT16_HiRIEF_IPG3-10_fr10.raw	v1.1.0	NT=ms-proteomics;VV=v1.1.0	NT=human;VV=v1.1.0	manual curation	U3053	HB011_1
HGCC_HB011_2	Homo sapiens	cell culture	U3053	2	20200624_HGCC_GBM_stem_cell_lines_TMT16_HiRIEF_IPG3-10_fr10_TMT132C	proteomic profiling by mass spectrometry	NT=Data-dependent acquisition;AC=PRIDE:0000627	NT=Q Exactive HF;AC=MS:1002523	TMT132C	NT=Lys-C;AC=MS:1001309	NT=Trypsin;AC=MS:1001251	10	1	20200624_HGCC_GBM_stem_cell_lines_TMT16_HiRIEF_IPG3-10_fr10.raw	v1.1.0	NT=ms-proteomics;VV=v1.1.0	NT=human;VV=v1.1.0	manual curation	U3053	HB011_2
HGCC_HB012	Homo sapiens	cell culture	U3461	1	20200624_HGCC_GBM_stem_cell_lines_TMT16_HiRIEF_IPG3-10_fr10_TMT133N	proteomic profiling by mass spectrometry	NT=Data-dependent acquisition;AC=PRIDE:0000627	NT=Q Exactive HF;AC=MS:1002523	TMT133N	NT=Lys-C;AC=MS:1001309	NT=Trypsin;AC=MS:1001251	10	1	20200624_HGCC_GBM_stem_cell_lines_TMT16_HiRIEF_IPG3-10_fr10.raw	v1.1.0	NT=ms-proteomics;VV=v1.1.0	NT=human;VV=v1.1.0	manual curation	U3461	HB012
HGCC_HB001	Homo sapiens	cell culture	U3468	1	20200624_HGCC_GBM_stem_cell_lines_TMT16_HiRIEF_IPG3-10_fr13_TMT126	proteomic profiling by mass spectrometry	NT=Data-dependent acquisition;AC=PRIDE:0000627	NT=Q Exactive HF;AC=MS:1002523	TMT126	NT=Lys-C;AC=MS:1001309	NT=Trypsin;AC=MS:1001251	13	1	20200624_HGCC_GBM_stem_cell_lines_TMT16_HiRIEF_IPG3-10_fr13.raw	v1.1.0	NT=ms-proteomics;VV=v1.1.0	NT=human;VV=v1.1.0	manual curation	U3468	HB001
HGCC_HB002	Homo sapiens	cell culture	U3440	1	20200624_HGCC_GBM_stem_cell_lines_TMT16_HiRIEF_IPG3-10_fr13_TMT127N	proteomic profiling by mass spectrometry	NT=Data-dependent acquisition;AC=PRIDE:0000627	NT=Q Exactive HF;AC=MS:1002523	TMT127N	NT=Lys-C;AC=MS:1001309	NT=Trypsin;AC=MS:1001251	13	1	20200624_HGCC_GBM_stem_cell_lines_TMT16_HiRIEF_IPG3-10_fr13.raw	v1.1.0	NT=ms-proteomics;VV=v1.1.0	NT=human;VV=v1.1.0	manual curation	U3440	HB002
HGCC_HB003_1	Homo sapiens	cell culture	U3452	1	20200624_HGCC_GBM_stem_cell_lines_TMT16_HiRIEF_IPG3-10_fr13_TMT127C	proteomic profiling by mass spectrometry	NT=Data-dependent acquisition;AC=PRIDE:0000627	NT=Q Exactive HF;AC=MS:1002523	TMT127C	NT=Lys-C;AC=MS:1001309	NT=Trypsin;AC=MS:1001251	13	1	20200624_HGCC_GBM_stem_cell_lines_TMT16_HiRIEF_IPG3-10_fr13.raw	v1.1.0	NT=ms-proteomics;VV=v1.1.0	NT=human;VV=v1.1.0	manual curation	U3452	HB003_1
HGCC_HB003_2	Homo sapiens	cell culture	U3452	2	20200624_HGCC_GBM_stem_cell_lines_TMT16_HiRIEF_IPG3-10_fr13_TMT128N	proteomic profiling by mass spectrometry	NT=Data-dependent acquisition;AC=PRIDE:0000627	NT=Q Exactive HF;AC=MS:1002523	TMT128N	NT=Lys-C;AC=MS:1001309	NT=Trypsin;AC=MS:1001251	13	1	20200624_HGCC_GBM_stem_cell_lines_TMT16_HiRIEF_IPG3-10_fr13.raw	v1.1.0	NT=ms-proteomics;VV=v1.1.0	NT=human;VV=v1.1.0	manual curation	U3452	HB003_2
HGCC_HB005	Homo sapiens	cell culture	U3308	1	20200624_HGCC_GBM_stem_cell_lines_TMT16_HiRIEF_IPG3-10_fr13_TMT128C	proteomic profiling by mass spectrometry	NT=Data-dependent acquisition;AC=PRIDE:0000627	NT=Q Exactive HF;AC=MS:1002523	TMT128C	NT=Lys-C;AC=MS:1001309	NT=Trypsin;AC=MS:1001251	13	1	20200624_HGCC_GBM_stem_cell_lines_TMT16_HiRIEF_IPG3-10_fr13.raw	v1.1.0	NT=ms-proteomics;VV=v1.1.0	NT=human;VV=v1.1.0	manual curation	U3308	HB005
HGCC_HB006	Homo sapiens	cell culture	U3230	1	20200624_HGCC_GBM_stem_cell_lines_TMT16_HiRIEF_IPG3-10_fr13_TMT129N	proteomic profiling by mass spectrometry	NT=Data-dependent acquisition;AC=PRIDE:0000627	NT=Q Exactive HF;AC=MS:1002523	TMT129N	NT=Lys-C;AC=MS:1001309	NT=Trypsin;AC=MS:1001251	13	1	20200624_HGCC_GBM_stem_cell_lines_TMT16_HiRIEF_IPG3-10_fr13.raw	v1.1.0	NT=ms-proteomics;VV=v1.1.0	NT=human;VV=v1.1.0	manual curation	U3230	HB006
HGCC_HB007	Homo sapiens	cell culture	U3123	1	20200624_HGCC_GBM_stem_cell_lines_TMT16_HiRIEF_IPG3-10_fr13_TMT129C	proteomic profiling by mass spectrometry	NT=Data-dependent acquisition;AC=PRIDE:0000627	NT=Q Exactive HF;AC=MS:1002523	TMT129C	NT=Lys-C;AC=MS:1001309	NT=Trypsin;AC=MS:1001251	13	1	20200624_HGCC_GBM_stem_cell_lines_TMT16_HiRIEF_IPG3-10_fr13.raw	v1.1.0	NT=ms-proteomics;VV=v1.1.0	NT=human;VV=v1.1.0	manual curation	U3123	HB007
HGCC_HB008_1	Homo sapiens	cell culture	U3071	1	20200624_HGCC_GBM_stem_cell_lines_TMT16_HiRIEF_IPG3-10_fr13_TMT130N	proteomic profiling by mass spectrometry	NT=Data-dependent acquisition;AC=PRIDE:0000627	NT=Q Exactive HF;AC=MS:1002523	TMT130N	NT=Lys-C;AC=MS:1001309	NT=Trypsin;AC=MS:1001251	13	1	20200624_HGCC_GBM_stem_cell_lines_TMT16_HiRIEF_IPG3-10_fr13.raw	v1.1.0	NT=ms-proteomics;VV=v1.1.0	NT=human;VV=v1.1.0	manual curation	U3071	HB008_1
HGCC_HB008_2	Homo sapiens	cell culture	U3071	2	20200624_HGCC_GBM_stem_cell_lines_TMT16_HiRIEF_IPG3-10_fr13_TMT130C	proteomic profiling by mass spectrometry	NT=Data-dependent acquisition;AC=PRIDE:0000627	NT=Q Exactive HF;AC=MS:1002523	TMT130C	NT=Lys-C;AC=MS:1001309	NT=Trypsin;AC=MS:1001251	13	1	20200624_HGCC_GBM_stem_cell_lines_TMT16_HiRIEF_IPG3-10_fr13.raw	v1.1.0	NT=ms-proteomics;VV=v1.1.0	NT=human;VV=v1.1.0	manual curation	U3071	HB008_2
HGCC_HB009	Homo sapiens	cell culture	U3137	1	20200624_HGCC_GBM_stem_cell_lines_TMT16_HiRIEF_IPG3-10_fr13_TMT131N	proteomic profiling by mass spectrometry	NT=Data-dependent acquisition;AC=PRIDE:0000627	NT=Q Exactive HF;AC=MS:1002523	TMT131N	NT=Lys-C;AC=MS:1001309	NT=Trypsin;AC=MS:1001251	13	1	20200624_HGCC_GBM_stem_cell_lines_TMT16_HiRIEF_IPG3-10_fr13.raw	v1.1.0	NT=ms-proteomics;VV=v1.1.0	NT=human;VV=v1.1.0	manual curation	U3137	HB009
HGCC_HB010	Homo sapiens	cell culture	U3263	1	20200624_HGCC_GBM_stem_cell_lines_TMT16_HiRIEF_IPG3-10_fr13_TMT131C	proteomic profiling by mass spectrometry	NT=Data-dependent acquisition;AC=PRIDE:0000627	NT=Q Exactive HF;AC=MS:1002523	TMT131C	NT=Lys-C;AC=MS:1001309	NT=Trypsin;AC=MS:1001251	13	1	20200624_HGCC_GBM_stem_cell_lines_TMT16_HiRIEF_IPG3-10_fr13.raw	v1.1.0	NT=ms-proteomics;VV=v1.1.0	NT=human;VV=v1.1.0	manual curation	U3263	HB010
HGCC_HB011_1	Homo sapiens	cell culture	U3053	1	20200624_HGCC_GBM_stem_cell_lines_TMT16_HiRIEF_IPG3-10_fr13_TMT132N	proteomic profiling by mass spectrometry	NT=Data-dependent acquisition;AC=PRIDE:0000627	NT=Q Exactive HF;AC=MS:1002523	TMT132N	NT=Lys-C;AC=MS:1001309	NT=Trypsin;AC=MS:1001251	13	1	20200624_HGCC_GBM_stem_cell_lines_TMT16_HiRIEF_IPG3-10_fr13.raw	v1.1.0	NT=ms-proteomics;VV=v1.1.0	NT=human;VV=v1.1.0	manual curation	U3053	HB011_1
HGCC_HB011_2	Homo sapiens	cell culture	U3053	2	20200624_HGCC_GBM_stem_cell_lines_TMT16_HiRIEF_IPG3-10_fr13_TMT132C	proteomic profiling by mass spectrometry	NT=Data-dependent acquisition;AC=PRIDE:0000627	NT=Q Exactive HF;AC=MS:1002523	TMT132C	NT=Lys-C;AC=MS:1001309	NT=Trypsin;AC=MS:1001251	13	1	20200624_HGCC_GBM_stem_cell_lines_TMT16_HiRIEF_IPG3-10_fr13.raw	v1.1.0	NT=ms-proteomics;VV=v1.1.0	NT=human;VV=v1.1.0	manual curation	U3053	HB011_2
HGCC_HB012	Homo sapiens	cell culture	U3461	1	20200624_HGCC_GBM_stem_cell_lines_TMT16_HiRIEF_IPG3-10_fr13_TMT133N	proteomic profiling by mass spectrometry	NT=Data-dependent acquisition;AC=PRIDE:0000627	NT=Q Exactive HF;AC=MS:1002523	TMT133N	NT=Lys-C;AC=MS:1001309	NT=Trypsin;AC=MS:1001251	13	1	20200624_HGCC_GBM_stem_cell_lines_TMT16_HiRIEF_IPG3-10_fr13.raw	v1.1.0	NT=ms-proteomics;VV=v1.1.0	NT=human;VV=v1.1.0	manual curation	U3461	HB012
HGCC_HB001	Homo sapiens	cell culture	U3468	1	20200624_HGCC_GBM_stem_cell_lines_TMT16_HiRIEF_IPG3-10_fr12_TMT126	proteomic profiling by mass spectrometry	NT=Data-dependent acquisition;AC=PRIDE:0000627	NT=Q Exactive HF;AC=MS:1002523	TMT126	NT=Lys-C;AC=MS:1001309	NT=Trypsin;AC=MS:1001251	12	1	20200624_HGCC_GBM_stem_cell_lines_TMT16_HiRIEF_IPG3-10_fr12.raw	v1.1.0	NT=ms-proteomics;VV=v1.1.0	NT=human;VV=v1.1.0	manual curation	U3468	HB001
HGCC_HB002	Homo sapiens	cell culture	U3440	1	20200624_HGCC_GBM_stem_cell_lines_TMT16_HiRIEF_IPG3-10_fr12_TMT127N	proteomic profiling by mass spectrometry	NT=Data-dependent acquisition;AC=PRIDE:0000627	NT=Q Exactive HF;AC=MS:1002523	TMT127N	NT=Lys-C;AC=MS:1001309	NT=Trypsin;AC=MS:1001251	12	1	20200624_HGCC_GBM_stem_cell_lines_TMT16_HiRIEF_IPG3-10_fr12.raw	v1.1.0	NT=ms-proteomics;VV=v1.1.0	NT=human;VV=v1.1.0	manual curation	U3440	HB002
HGCC_HB003_1	Homo sapiens	cell culture	U3452	1	20200624_HGCC_GBM_stem_cell_lines_TMT16_HiRIEF_IPG3-10_fr12_TMT127C	proteomic profiling by mass spectrometry	NT=Data-dependent acquisition;AC=PRIDE:0000627	NT=Q Exactive HF;AC=MS:1002523	TMT127C	NT=Lys-C;AC=MS:1001309	NT=Trypsin;AC=MS:1001251	12	1	20200624_HGCC_GBM_stem_cell_lines_TMT16_HiRIEF_IPG3-10_fr12.raw	v1.1.0	NT=ms-proteomics;VV=v1.1.0	NT=human;VV=v1.1.0	manual curation	U3452	HB003_1
HGCC_HB003_2	Homo sapiens	cell culture	U3452	2	20200624_HGCC_GBM_stem_cell_lines_TMT16_HiRIEF_IPG3-10_fr12_TMT128N	proteomic profiling by mass spectrometry	NT=Data-dependent acquisition;AC=PRIDE:0000627	NT=Q Exactive HF;AC=MS:1002523	TMT128N	NT=Lys-C;AC=MS:1001309	NT=Trypsin;AC=MS:1001251	12	1	20200624_HGCC_GBM_stem_cell_lines_TMT16_HiRIEF_IPG3-10_fr12.raw	v1.1.0	NT=ms-proteomics;VV=v1.1.0	NT=human;VV=v1.1.0	manual curation	U3452	HB003_2
HGCC_HB005	Homo sapiens	cell culture	U3308	1	20200624_HGCC_GBM_stem_cell_lines_TMT16_HiRIEF_IPG3-10_fr12_TMT128C	proteomic profiling by mass spectrometry	NT=Data-dependent acquisition;AC=PRIDE:0000627	NT=Q Exactive HF;AC=MS:1002523	TMT128C	NT=Lys-C;AC=MS:1001309	NT=Trypsin;AC=MS:1001251	12	1	20200624_HGCC_GBM_stem_cell_lines_TMT16_HiRIEF_IPG3-10_fr12.raw	v1.1.0	NT=ms-proteomics;VV=v1.1.0	NT=human;VV=v1.1.0	manual curation	U3308	HB005
HGCC_HB006	Homo sapiens	cell culture	U3230	1	20200624_HGCC_GBM_stem_cell_lines_TMT16_HiRIEF_IPG3-10_fr12_TMT129N	proteomic profiling by mass spectrometry	NT=Data-dependent acquisition;AC=PRIDE:0000627	NT=Q Exactive HF;AC=MS:1002523	TMT129N	NT=Lys-C;AC=MS:1001309	NT=Trypsin;AC=MS:1001251	12	1	20200624_HGCC_GBM_stem_cell_lines_TMT16_HiRIEF_IPG3-10_fr12.raw	v1.1.0	NT=ms-proteomics;VV=v1.1.0	NT=human;VV=v1.1.0	manual curation	U3230	HB006
HGCC_HB007	Homo sapiens	cell culture	U3123	1	20200624_HGCC_GBM_stem_cell_lines_TMT16_HiRIEF_IPG3-10_fr12_TMT129C	proteomic profiling by mass spectrometry	NT=Data-dependent acquisition;AC=PRIDE:0000627	NT=Q Exactive HF;AC=MS:1002523	TMT129C	NT=Lys-C;AC=MS:1001309	NT=Trypsin;AC=MS:1001251	12	1	20200624_HGCC_GBM_stem_cell_lines_TMT16_HiRIEF_IPG3-10_fr12.raw	v1.1.0	NT=ms-proteomics;VV=v1.1.0	NT=human;VV=v1.1.0	manual curation	U3123	HB007
HGCC_HB008_1	Homo sapiens	cell culture	U3071	1	20200624_HGCC_GBM_stem_cell_lines_TMT16_HiRIEF_IPG3-10_fr12_TMT130N	proteomic profiling by mass spectrometry	NT=Data-dependent acquisition;AC=PRIDE:0000627	NT=Q Exactive HF;AC=MS:1002523	TMT130N	NT=Lys-C;AC=MS:1001309	NT=Trypsin;AC=MS:1001251	12	1	20200624_HGCC_GBM_stem_cell_lines_TMT16_HiRIEF_IPG3-10_fr12.raw	v1.1.0	NT=ms-proteomics;VV=v1.1.0	NT=human;VV=v1.1.0	manual curation	U3071	HB008_1
HGCC_HB008_2	Homo sapiens	cell culture	U3071	2	20200624_HGCC_GBM_stem_cell_lines_TMT16_HiRIEF_IPG3-10_fr12_TMT130C	proteomic profiling by mass spectrometry	NT=Data-dependent acquisition;AC=PRIDE:0000627	NT=Q Exactive HF;AC=MS:1002523	TMT130C	NT=Lys-C;AC=MS:1001309	NT=Trypsin;AC=MS:1001251	12	1	20200624_HGCC_GBM_stem_cell_lines_TMT16_HiRIEF_IPG3-10_fr12.raw	v1.1.0	NT=ms-proteomics;VV=v1.1.0	NT=human;VV=v1.1.0	manual curation	U3071	HB008_2
HGCC_HB009	Homo sapiens	cell culture	U3137	1	20200624_HGCC_GBM_stem_cell_lines_TMT16_HiRIEF_IPG3-10_fr12_TMT131N	proteomic profiling by mass spectrometry	NT=Data-dependent acquisition;AC=PRIDE:0000627	NT=Q Exactive HF;AC=MS:1002523	TMT131N	NT=Lys-C;AC=MS:1001309	NT=Trypsin;AC=MS:1001251	12	1	20200624_HGCC_GBM_stem_cell_lines_TMT16_HiRIEF_IPG3-10_fr12.raw	v1.1.0	NT=ms-proteomics;VV=v1.1.0	NT=human;VV=v1.1.0	manual curation	U3137	HB009
HGCC_HB010	Homo sapiens	cell culture	U3263	1	20200624_HGCC_GBM_stem_cell_lines_TMT16_HiRIEF_IPG3-10_fr12_TMT131C	proteomic profiling by mass spectrometry	NT=Data-dependent acquisition;AC=PRIDE:0000627	NT=Q Exactive HF;AC=MS:1002523	TMT131C	NT=Lys-C;AC=MS:1001309	NT=Trypsin;AC=MS:1001251	12	1	20200624_HGCC_GBM_stem_cell_lines_TMT16_HiRIEF_IPG3-10_fr12.raw	v1.1.0	NT=ms-proteomics;VV=v1.1.0	NT=human;VV=v1.1.0	manual curation	U3263	HB010
HGCC_HB011_1	Homo sapiens	cell culture	U3053	1	20200624_HGCC_GBM_stem_cell_lines_TMT16_HiRIEF_IPG3-10_fr12_TMT132N	proteomic profiling by mass spectrometry	NT=Data-dependent acquisition;AC=PRIDE:0000627	NT=Q Exactive HF;AC=MS:1002523	TMT132N	NT=Lys-C;AC=MS:1001309	NT=Trypsin;AC=MS:1001251	12	1	20200624_HGCC_GBM_stem_cell_lines_TMT16_HiRIEF_IPG3-10_fr12.raw	v1.1.0	NT=ms-proteomics;VV=v1.1.0	NT=human;VV=v1.1.0	manual curation	U3053	HB011_1
HGCC_HB011_2	Homo sapiens	cell culture	U3053	2	20200624_HGCC_GBM_stem_cell_lines_TMT16_HiRIEF_IPG3-10_fr12_TMT132C	proteomic profiling by mass spectrometry	NT=Data-dependent acquisition;AC=PRIDE:0000627	NT=Q Exactive HF;AC=MS:1002523	TMT132C	NT=Lys-C;AC=MS:1001309	NT=Trypsin;AC=MS:1001251	12	1	20200624_HGCC_GBM_stem_cell_lines_TMT16_HiRIEF_IPG3-10_fr12.raw	v1.1.0	NT=ms-proteomics;VV=v1.1.0	NT=human;VV=v1.1.0	manual curation	U3053	HB011_2
HGCC_HB012	Homo sapiens	cell culture	U3461	1	20200624_HGCC_GBM_stem_cell_lines_TMT16_HiRIEF_IPG3-10_fr12_TMT133N	proteomic profiling by mass spectrometry	NT=Data-dependent acquisition;AC=PRIDE:0000627	NT=Q Exactive HF;AC=MS:1002523	TMT133N	NT=Lys-C;AC=MS:1001309	NT=Trypsin;AC=MS:1001251	12	1	20200624_HGCC_GBM_stem_cell_lines_TMT16_HiRIEF_IPG3-10_fr12.raw	v1.1.0	NT=ms-proteomics;VV=v1.1.0	NT=human;VV=v1.1.0	manual curation	U3461	HB012
HGCC_HB001	Homo sapiens	cell culture	U3468	1	20200624_HGCC_GBM_stem_cell_lines_TMT16_HiRIEF_IPG3-10_fr27_TMT126	proteomic profiling by mass spectrometry	NT=Data-dependent acquisition;AC=PRIDE:0000627	NT=Q Exactive HF;AC=MS:1002523	TMT126	NT=Lys-C;AC=MS:1001309	NT=Trypsin;AC=MS:1001251	27	1	20200624_HGCC_GBM_stem_cell_lines_TMT16_HiRIEF_IPG3-10_fr27.raw	v1.1.0	NT=ms-proteomics;VV=v1.1.0	NT=human;VV=v1.1.0	manual curation	U3468	HB001
HGCC_HB002	Homo sapiens	cell culture	U3440	1	20200624_HGCC_GBM_stem_cell_lines_TMT16_HiRIEF_IPG3-10_fr27_TMT127N	proteomic profiling by mass spectrometry	NT=Data-dependent acquisition;AC=PRIDE:0000627	NT=Q Exactive HF;AC=MS:1002523	TMT127N	NT=Lys-C;AC=MS:1001309	NT=Trypsin;AC=MS:1001251	27	1	20200624_HGCC_GBM_stem_cell_lines_TMT16_HiRIEF_IPG3-10_fr27.raw	v1.1.0	NT=ms-proteomics;VV=v1.1.0	NT=human;VV=v1.1.0	manual curation	U3440	HB002
HGCC_HB003_1	Homo sapiens	cell culture	U3452	1	20200624_HGCC_GBM_stem_cell_lines_TMT16_HiRIEF_IPG3-10_fr27_TMT127C	proteomic profiling by mass spectrometry	NT=Data-dependent acquisition;AC=PRIDE:0000627	NT=Q Exactive HF;AC=MS:1002523	TMT127C	NT=Lys-C;AC=MS:1001309	NT=Trypsin;AC=MS:1001251	27	1	20200624_HGCC_GBM_stem_cell_lines_TMT16_HiRIEF_IPG3-10_fr27.raw	v1.1.0	NT=ms-proteomics;VV=v1.1.0	NT=human;VV=v1.1.0	manual curation	U3452	HB003_1
HGCC_HB003_2	Homo sapiens	cell culture	U3452	2	20200624_HGCC_GBM_stem_cell_lines_TMT16_HiRIEF_IPG3-10_fr27_TMT128N	proteomic profiling by mass spectrometry	NT=Data-dependent acquisition;AC=PRIDE:0000627	NT=Q Exactive HF;AC=MS:1002523	TMT128N	NT=Lys-C;AC=MS:1001309	NT=Trypsin;AC=MS:1001251	27	1	20200624_HGCC_GBM_stem_cell_lines_TMT16_HiRIEF_IPG3-10_fr27.raw	v1.1.0	NT=ms-proteomics;VV=v1.1.0	NT=human;VV=v1.1.0	manual curation	U3452	HB003_2
HGCC_HB005	Homo sapiens	cell culture	U3308	1	20200624_HGCC_GBM_stem_cell_lines_TMT16_HiRIEF_IPG3-10_fr27_TMT128C	proteomic profiling by mass spectrometry	NT=Data-dependent acquisition;AC=PRIDE:0000627	NT=Q Exactive HF;AC=MS:1002523	TMT128C	NT=Lys-C;AC=MS:1001309	NT=Trypsin;AC=MS:1001251	27	1	20200624_HGCC_GBM_stem_cell_lines_TMT16_HiRIEF_IPG3-10_fr27.raw	v1.1.0	NT=ms-proteomics;VV=v1.1.0	NT=human;VV=v1.1.0	manual curation	U3308	HB005
HGCC_HB006	Homo sapiens	cell culture	U3230	1	20200624_HGCC_GBM_stem_cell_lines_TMT16_HiRIEF_IPG3-10_fr27_TMT129N	proteomic profiling by mass spectrometry	NT=Data-dependent acquisition;AC=PRIDE:0000627	NT=Q Exactive HF;AC=MS:1002523	TMT129N	NT=Lys-C;AC=MS:1001309	NT=Trypsin;AC=MS:1001251	27	1	20200624_HGCC_GBM_stem_cell_lines_TMT16_HiRIEF_IPG3-10_fr27.raw	v1.1.0	NT=ms-proteomics;VV=v1.1.0	NT=human;VV=v1.1.0	manual curation	U3230	HB006
HGCC_HB007	Homo sapiens	cell culture	U3123	1	20200624_HGCC_GBM_stem_cell_lines_TMT16_HiRIEF_IPG3-10_fr27_TMT129C	proteomic profiling by mass spectrometry	NT=Data-dependent acquisition;AC=PRIDE:0000627	NT=Q Exactive HF;AC=MS:1002523	TMT129C	NT=Lys-C;AC=MS:1001309	NT=Trypsin;AC=MS:1001251	27	1	20200624_HGCC_GBM_stem_cell_lines_TMT16_HiRIEF_IPG3-10_fr27.raw	v1.1.0	NT=ms-proteomics;VV=v1.1.0	NT=human;VV=v1.1.0	manual curation	U3123	HB007
HGCC_HB008_1	Homo sapiens	cell culture	U3071	1	20200624_HGCC_GBM_stem_cell_lines_TMT16_HiRIEF_IPG3-10_fr27_TMT130N	proteomic profiling by mass spectrometry	NT=Data-dependent acquisition;AC=PRIDE:0000627	NT=Q Exactive HF;AC=MS:1002523	TMT130N	NT=Lys-C;AC=MS:1001309	NT=Trypsin;AC=MS:1001251	27	1	20200624_HGCC_GBM_stem_cell_lines_TMT16_HiRIEF_IPG3-10_fr27.raw	v1.1.0	NT=ms-proteomics;VV=v1.1.0	NT=human;VV=v1.1.0	manual curation	U3071	HB008_1
HGCC_HB008_2	Homo sapiens	cell culture	U3071	2	20200624_HGCC_GBM_stem_cell_lines_TMT16_HiRIEF_IPG3-10_fr27_TMT130C	proteomic profiling by mass spectrometry	NT=Data-dependent acquisition;AC=PRIDE:0000627	NT=Q Exactive HF;AC=MS:1002523	TMT130C	NT=Lys-C;AC=MS:1001309	NT=Trypsin;AC=MS:1001251	27	1	20200624_HGCC_GBM_stem_cell_lines_TMT16_HiRIEF_IPG3-10_fr27.raw	v1.1.0	NT=ms-proteomics;VV=v1.1.0	NT=human;VV=v1.1.0	manual curation	U3071	HB008_2
HGCC_HB009	Homo sapiens	cell culture	U3137	1	20200624_HGCC_GBM_stem_cell_lines_TMT16_HiRIEF_IPG3-10_fr27_TMT131N	proteomic profiling by mass spectrometry	NT=Data-dependent acquisition;AC=PRIDE:0000627	NT=Q Exactive HF;AC=MS:1002523	TMT131N	NT=Lys-C;AC=MS:1001309	NT=Trypsin;AC=MS:1001251	27	1	20200624_HGCC_GBM_stem_cell_lines_TMT16_HiRIEF_IPG3-10_fr27.raw	v1.1.0	NT=ms-proteomics;VV=v1.1.0	NT=human;VV=v1.1.0	manual curation	U3137	HB009
HGCC_HB010	Homo sapiens	cell culture	U3263	1	20200624_HGCC_GBM_stem_cell_lines_TMT16_HiRIEF_IPG3-10_fr27_TMT131C	proteomic profiling by mass spectrometry	NT=Data-dependent acquisition;AC=PRIDE:0000627	NT=Q Exactive HF;AC=MS:1002523	TMT131C	NT=Lys-C;AC=MS:1001309	NT=Trypsin;AC=MS:1001251	27	1	20200624_HGCC_GBM_stem_cell_lines_TMT16_HiRIEF_IPG3-10_fr27.raw	v1.1.0	NT=ms-proteomics;VV=v1.1.0	NT=human;VV=v1.1.0	manual curation	U3263	HB010
HGCC_HB011_1	Homo sapiens	cell culture	U3053	1	20200624_HGCC_GBM_stem_cell_lines_TMT16_HiRIEF_IPG3-10_fr27_TMT132N	proteomic profiling by mass spectrometry	NT=Data-dependent acquisition;AC=PRIDE:0000627	NT=Q Exactive HF;AC=MS:1002523	TMT132N	NT=Lys-C;AC=MS:1001309	NT=Trypsin;AC=MS:1001251	27	1	20200624_HGCC_GBM_stem_cell_lines_TMT16_HiRIEF_IPG3-10_fr27.raw	v1.1.0	NT=ms-proteomics;VV=v1.1.0	NT=human;VV=v1.1.0	manual curation	U3053	HB011_1
HGCC_HB011_2	Homo sapiens	cell culture	U3053	2	20200624_HGCC_GBM_stem_cell_lines_TMT16_HiRIEF_IPG3-10_fr27_TMT132C	proteomic profiling by mass spectrometry	NT=Data-dependent acquisition;AC=PRIDE:0000627	NT=Q Exactive HF;AC=MS:1002523	TMT132C	NT=Lys-C;AC=MS:1001309	NT=Trypsin;AC=MS:1001251	27	1	20200624_HGCC_GBM_stem_cell_lines_TMT16_HiRIEF_IPG3-10_fr27.raw	v1.1.0	NT=ms-proteomics;VV=v1.1.0	NT=human;VV=v1.1.0	manual curation	U3053	HB011_2
HGCC_HB012	Homo sapiens	cell culture	U3461	1	20200624_HGCC_GBM_stem_cell_lines_TMT16_HiRIEF_IPG3-10_fr27_TMT133N	proteomic profiling by mass spectrometry	NT=Data-dependent acquisition;AC=PRIDE:0000627	NT=Q Exactive HF;AC=MS:1002523	TMT133N	NT=Lys-C;AC=MS:1001309	NT=Trypsin;AC=MS:1001251	27	1	20200624_HGCC_GBM_stem_cell_lines_TMT16_HiRIEF_IPG3-10_fr27.raw	v1.1.0	NT=ms-proteomics;VV=v1.1.0	NT=human;VV=v1.1.0	manual curation	U3461	HB012
HGCC_HB001	Homo sapiens	cell culture	U3468	1	20200624_HGCC_GBM_stem_cell_lines_TMT16_HiRIEF_IPG3-10_fr46_TMT126	proteomic profiling by mass spectrometry	NT=Data-dependent acquisition;AC=PRIDE:0000627	NT=Q Exactive HF;AC=MS:1002523	TMT126	NT=Lys-C;AC=MS:1001309	NT=Trypsin;AC=MS:1001251	46	1	20200624_HGCC_GBM_stem_cell_lines_TMT16_HiRIEF_IPG3-10_fr46.raw	v1.1.0	NT=ms-proteomics;VV=v1.1.0	NT=human;VV=v1.1.0	manual curation	U3468	HB001
HGCC_HB002	Homo sapiens	cell culture	U3440	1	20200624_HGCC_GBM_stem_cell_lines_TMT16_HiRIEF_IPG3-10_fr46_TMT127N	proteomic profiling by mass spectrometry	NT=Data-dependent acquisition;AC=PRIDE:0000627	NT=Q Exactive HF;AC=MS:1002523	TMT127N	NT=Lys-C;AC=MS:1001309	NT=Trypsin;AC=MS:1001251	46	1	20200624_HGCC_GBM_stem_cell_lines_TMT16_HiRIEF_IPG3-10_fr46.raw	v1.1.0	NT=ms-proteomics;VV=v1.1.0	NT=human;VV=v1.1.0	manual curation	U3440	HB002
HGCC_HB003_1	Homo sapiens	cell culture	U3452	1	20200624_HGCC_GBM_stem_cell_lines_TMT16_HiRIEF_IPG3-10_fr46_TMT127C	proteomic profiling by mass spectrometry	NT=Data-dependent acquisition;AC=PRIDE:0000627	NT=Q Exactive HF;AC=MS:1002523	TMT127C	NT=Lys-C;AC=MS:1001309	NT=Trypsin;AC=MS:1001251	46	1	20200624_HGCC_GBM_stem_cell_lines_TMT16_HiRIEF_IPG3-10_fr46.raw	v1.1.0	NT=ms-proteomics;VV=v1.1.0	NT=human;VV=v1.1.0	manual curation	U3452	HB003_1
HGCC_HB003_2	Homo sapiens	cell culture	U3452	2	20200624_HGCC_GBM_stem_cell_lines_TMT16_HiRIEF_IPG3-10_fr46_TMT128N	proteomic profiling by mass spectrometry	NT=Data-dependent acquisition;AC=PRIDE:0000627	NT=Q Exactive HF;AC=MS:1002523	TMT128N	NT=Lys-C;AC=MS:1001309	NT=Trypsin;AC=MS:1001251	46	1	20200624_HGCC_GBM_stem_cell_lines_TMT16_HiRIEF_IPG3-10_fr46.raw	v1.1.0	NT=ms-proteomics;VV=v1.1.0	NT=human;VV=v1.1.0	manual curation	U3452	HB003_2
HGCC_HB005	Homo sapiens	cell culture	U3308	1	20200624_HGCC_GBM_stem_cell_lines_TMT16_HiRIEF_IPG3-10_fr46_TMT128C	proteomic profiling by mass spectrometry	NT=Data-dependent acquisition;AC=PRIDE:0000627	NT=Q Exactive HF;AC=MS:1002523	TMT128C	NT=Lys-C;AC=MS:1001309	NT=Trypsin;AC=MS:1001251	46	1	20200624_HGCC_GBM_stem_cell_lines_TMT16_HiRIEF_IPG3-10_fr46.raw	v1.1.0	NT=ms-proteomics;VV=v1.1.0	NT=human;VV=v1.1.0	manual curation	U3308	HB005
HGCC_HB006	Homo sapiens	cell culture	U3230	1	20200624_HGCC_GBM_stem_cell_lines_TMT16_HiRIEF_IPG3-10_fr46_TMT129N	proteomic profiling by mass spectrometry	NT=Data-dependent acquisition;AC=PRIDE:0000627	NT=Q Exactive HF;AC=MS:1002523	TMT129N	NT=Lys-C;AC=MS:1001309	NT=Trypsin;AC=MS:1001251	46	1	20200624_HGCC_GBM_stem_cell_lines_TMT16_HiRIEF_IPG3-10_fr46.raw	v1.1.0	NT=ms-proteomics;VV=v1.1.0	NT=human;VV=v1.1.0	manual curation	U3230	HB006
HGCC_HB007	Homo sapiens	cell culture	U3123	1	20200624_HGCC_GBM_stem_cell_lines_TMT16_HiRIEF_IPG3-10_fr46_TMT129C	proteomic profiling by mass spectrometry	NT=Data-dependent acquisition;AC=PRIDE:0000627	NT=Q Exactive HF;AC=MS:1002523	TMT129C	NT=Lys-C;AC=MS:1001309	NT=Trypsin;AC=MS:1001251	46	1	20200624_HGCC_GBM_stem_cell_lines_TMT16_HiRIEF_IPG3-10_fr46.raw	v1.1.0	NT=ms-proteomics;VV=v1.1.0	NT=human;VV=v1.1.0	manual curation	U3123	HB007
HGCC_HB008_1	Homo sapiens	cell culture	U3071	1	20200624_HGCC_GBM_stem_cell_lines_TMT16_HiRIEF_IPG3-10_fr46_TMT130N	proteomic profiling by mass spectrometry	NT=Data-dependent acquisition;AC=PRIDE:0000627	NT=Q Exactive HF;AC=MS:1002523	TMT130N	NT=Lys-C;AC=MS:1001309	NT=Trypsin;AC=MS:1001251	46	1	20200624_HGCC_GBM_stem_cell_lines_TMT16_HiRIEF_IPG3-10_fr46.raw	v1.1.0	NT=ms-proteomics;VV=v1.1.0	NT=human;VV=v1.1.0	manual curation	U3071	HB008_1
HGCC_HB008_2	Homo sapiens	cell culture	U3071	2	20200624_HGCC_GBM_stem_cell_lines_TMT16_HiRIEF_IPG3-10_fr46_TMT130C	proteomic profiling by mass spectrometry	NT=Data-dependent acquisition;AC=PRIDE:0000627	NT=Q Exactive HF;AC=MS:1002523	TMT130C	NT=Lys-C;AC=MS:1001309	NT=Trypsin;AC=MS:1001251	46	1	20200624_HGCC_GBM_stem_cell_lines_TMT16_HiRIEF_IPG3-10_fr46.raw	v1.1.0	NT=ms-proteomics;VV=v1.1.0	NT=human;VV=v1.1.0	manual curation	U3071	HB008_2
HGCC_HB009	Homo sapiens	cell culture	U3137	1	20200624_HGCC_GBM_stem_cell_lines_TMT16_HiRIEF_IPG3-10_fr46_TMT131N	proteomic profiling by mass spectrometry	NT=Data-dependent acquisition;AC=PRIDE:0000627	NT=Q Exactive HF;AC=MS:1002523	TMT131N	NT=Lys-C;AC=MS:1001309	NT=Trypsin;AC=MS:1001251	46	1	20200624_HGCC_GBM_stem_cell_lines_TMT16_HiRIEF_IPG3-10_fr46.raw	v1.1.0	NT=ms-proteomics;VV=v1.1.0	NT=human;VV=v1.1.0	manual curation	U3137	HB009
HGCC_HB010	Homo sapiens	cell culture	U3263	1	20200624_HGCC_GBM_stem_cell_lines_TMT16_HiRIEF_IPG3-10_fr46_TMT131C	proteomic profiling by mass spectrometry	NT=Data-dependent acquisition;AC=PRIDE:0000627	NT=Q Exactive HF;AC=MS:1002523	TMT131C	NT=Lys-C;AC=MS:1001309	NT=Trypsin;AC=MS:1001251	46	1	20200624_HGCC_GBM_stem_cell_lines_TMT16_HiRIEF_IPG3-10_fr46.raw	v1.1.0	NT=ms-proteomics;VV=v1.1.0	NT=human;VV=v1.1.0	manual curation	U3263	HB010
HGCC_HB011_1	Homo sapiens	cell culture	U3053	1	20200624_HGCC_GBM_stem_cell_lines_TMT16_HiRIEF_IPG3-10_fr46_TMT132N	proteomic profiling by mass spectrometry	NT=Data-dependent acquisition;AC=PRIDE:0000627	NT=Q Exactive HF;AC=MS:1002523	TMT132N	NT=Lys-C;AC=MS:1001309	NT=Trypsin;AC=MS:1001251	46	1	20200624_HGCC_GBM_stem_cell_lines_TMT16_HiRIEF_IPG3-10_fr46.raw	v1.1.0	NT=ms-proteomics;VV=v1.1.0	NT=human;VV=v1.1.0	manual curation	U3053	HB011_1
HGCC_HB011_2	Homo sapiens	cell culture	U3053	2	20200624_HGCC_GBM_stem_cell_lines_TMT16_HiRIEF_IPG3-10_fr46_TMT132C	proteomic profiling by mass spectrometry	NT=Data-dependent acquisition;AC=PRIDE:0000627	NT=Q Exactive HF;AC=MS:1002523	TMT132C	NT=Lys-C;AC=MS:1001309	NT=Trypsin;AC=MS:1001251	46	1	20200624_HGCC_GBM_stem_cell_lines_TMT16_HiRIEF_IPG3-10_fr46.raw	v1.1.0	NT=ms-proteomics;VV=v1.1.0	NT=human;VV=v1.1.0	manual curation	U3053	HB011_2
HGCC_HB012	Homo sapiens	cell culture	U3461	1	20200624_HGCC_GBM_stem_cell_lines_TMT16_HiRIEF_IPG3-10_fr46_TMT133N	proteomic profiling by mass spectrometry	NT=Data-dependent acquisition;AC=PRIDE:0000627	NT=Q Exactive HF;AC=MS:1002523	TMT133N	NT=Lys-C;AC=MS:1001309	NT=Trypsin;AC=MS:1001251	46	1	20200624_HGCC_GBM_stem_cell_lines_TMT16_HiRIEF_IPG3-10_fr46.raw	v1.1.0	NT=ms-proteomics;VV=v1.1.0	NT=human;VV=v1.1.0	manual curation	U3461	HB012
HGCC_HB001	Homo sapiens	cell culture	U3468	1	20200624_HGCC_GBM_stem_cell_lines_TMT16_HiRIEF_IPG3-10_fr57_TMT126	proteomic profiling by mass spectrometry	NT=Data-dependent acquisition;AC=PRIDE:0000627	NT=Q Exactive HF;AC=MS:1002523	TMT126	NT=Lys-C;AC=MS:1001309	NT=Trypsin;AC=MS:1001251	57	1	20200624_HGCC_GBM_stem_cell_lines_TMT16_HiRIEF_IPG3-10_fr57.raw	v1.1.0	NT=ms-proteomics;VV=v1.1.0	NT=human;VV=v1.1.0	manual curation	U3468	HB001
HGCC_HB002	Homo sapiens	cell culture	U3440	1	20200624_HGCC_GBM_stem_cell_lines_TMT16_HiRIEF_IPG3-10_fr57_TMT127N	proteomic profiling by mass spectrometry	NT=Data-dependent acquisition;AC=PRIDE:0000627	NT=Q Exactive HF;AC=MS:1002523	TMT127N	NT=Lys-C;AC=MS:1001309	NT=Trypsin;AC=MS:1001251	57	1	20200624_HGCC_GBM_stem_cell_lines_TMT16_HiRIEF_IPG3-10_fr57.raw	v1.1.0	NT=ms-proteomics;VV=v1.1.0	NT=human;VV=v1.1.0	manual curation	U3440	HB002
HGCC_HB003_1	Homo sapiens	cell culture	U3452	1	20200624_HGCC_GBM_stem_cell_lines_TMT16_HiRIEF_IPG3-10_fr57_TMT127C	proteomic profiling by mass spectrometry	NT=Data-dependent acquisition;AC=PRIDE:0000627	NT=Q Exactive HF;AC=MS:1002523	TMT127C	NT=Lys-C;AC=MS:1001309	NT=Trypsin;AC=MS:1001251	57	1	20200624_HGCC_GBM_stem_cell_lines_TMT16_HiRIEF_IPG3-10_fr57.raw	v1.1.0	NT=ms-proteomics;VV=v1.1.0	NT=human;VV=v1.1.0	manual curation	U3452	HB003_1
HGCC_HB003_2	Homo sapiens	cell culture	U3452	2	20200624_HGCC_GBM_stem_cell_lines_TMT16_HiRIEF_IPG3-10_fr57_TMT128N	proteomic profiling by mass spectrometry	NT=Data-dependent acquisition;AC=PRIDE:0000627	NT=Q Exactive HF;AC=MS:1002523	TMT128N	NT=Lys-C;AC=MS:1001309	NT=Trypsin;AC=MS:1001251	57	1	20200624_HGCC_GBM_stem_cell_lines_TMT16_HiRIEF_IPG3-10_fr57.raw	v1.1.0	NT=ms-proteomics;VV=v1.1.0	NT=human;VV=v1.1.0	manual curation	U3452	HB003_2
HGCC_HB005	Homo sapiens	cell culture	U3308	1	20200624_HGCC_GBM_stem_cell_lines_TMT16_HiRIEF_IPG3-10_fr57_TMT128C	proteomic profiling by mass spectrometry	NT=Data-dependent acquisition;AC=PRIDE:0000627	NT=Q Exactive HF;AC=MS:1002523	TMT128C	NT=Lys-C;AC=MS:1001309	NT=Trypsin;AC=MS:1001251	57	1	20200624_HGCC_GBM_stem_cell_lines_TMT16_HiRIEF_IPG3-10_fr57.raw	v1.1.0	NT=ms-proteomics;VV=v1.1.0	NT=human;VV=v1.1.0	manual curation	U3308	HB005
HGCC_HB006	Homo sapiens	cell culture	U3230	1	20200624_HGCC_GBM_stem_cell_lines_TMT16_HiRIEF_IPG3-10_fr57_TMT129N	proteomic profiling by mass spectrometry	NT=Data-dependent acquisition;AC=PRIDE:0000627	NT=Q Exactive HF;AC=MS:1002523	TMT129N	NT=Lys-C;AC=MS:1001309	NT=Trypsin;AC=MS:1001251	57	1	20200624_HGCC_GBM_stem_cell_lines_TMT16_HiRIEF_IPG3-10_fr57.raw	v1.1.0	NT=ms-proteomics;VV=v1.1.0	NT=human;VV=v1.1.0	manual curation	U3230	HB006
HGCC_HB007	Homo sapiens	cell culture	U3123	1	20200624_HGCC_GBM_stem_cell_lines_TMT16_HiRIEF_IPG3-10_fr57_TMT129C	proteomic profiling by mass spectrometry	NT=Data-dependent acquisition;AC=PRIDE:0000627	NT=Q Exactive HF;AC=MS:1002523	TMT129C	NT=Lys-C;AC=MS:1001309	NT=Trypsin;AC=MS:1001251	57	1	20200624_HGCC_GBM_stem_cell_lines_TMT16_HiRIEF_IPG3-10_fr57.raw	v1.1.0	NT=ms-proteomics;VV=v1.1.0	NT=human;VV=v1.1.0	manual curation	U3123	HB007
HGCC_HB008_1	Homo sapiens	cell culture	U3071	1	20200624_HGCC_GBM_stem_cell_lines_TMT16_HiRIEF_IPG3-10_fr57_TMT130N	proteomic profiling by mass spectrometry	NT=Data-dependent acquisition;AC=PRIDE:0000627	NT=Q Exactive HF;AC=MS:1002523	TMT130N	NT=Lys-C;AC=MS:1001309	NT=Trypsin;AC=MS:1001251	57	1	20200624_HGCC_GBM_stem_cell_lines_TMT16_HiRIEF_IPG3-10_fr57.raw	v1.1.0	NT=ms-proteomics;VV=v1.1.0	NT=human;VV=v1.1.0	manual curation	U3071	HB008_1
HGCC_HB008_2	Homo sapiens	cell culture	U3071	2	20200624_HGCC_GBM_stem_cell_lines_TMT16_HiRIEF_IPG3-10_fr57_TMT130C	proteomic profiling by mass spectrometry	NT=Data-dependent acquisition;AC=PRIDE:0000627	NT=Q Exactive HF;AC=MS:1002523	TMT130C	NT=Lys-C;AC=MS:1001309	NT=Trypsin;AC=MS:1001251	57	1	20200624_HGCC_GBM_stem_cell_lines_TMT16_HiRIEF_IPG3-10_fr57.raw	v1.1.0	NT=ms-proteomics;VV=v1.1.0	NT=human;VV=v1.1.0	manual curation	U3071	HB008_2
HGCC_HB009	Homo sapiens	cell culture	U3137	1	20200624_HGCC_GBM_stem_cell_lines_TMT16_HiRIEF_IPG3-10_fr57_TMT131N	proteomic profiling by mass spectrometry	NT=Data-dependent acquisition;AC=PRIDE:0000627	NT=Q Exactive HF;AC=MS:1002523	TMT131N	NT=Lys-C;AC=MS:1001309	NT=Trypsin;AC=MS:1001251	57	1	20200624_HGCC_GBM_stem_cell_lines_TMT16_HiRIEF_IPG3-10_fr57.raw	v1.1.0	NT=ms-proteomics;VV=v1.1.0	NT=human;VV=v1.1.0	manual curation	U3137	HB009
HGCC_HB010	Homo sapiens	cell culture	U3263	1	20200624_HGCC_GBM_stem_cell_lines_TMT16_HiRIEF_IPG3-10_fr57_TMT131C	proteomic profiling by mass spectrometry	NT=Data-dependent acquisition;AC=PRIDE:0000627	NT=Q Exactive HF;AC=MS:1002523	TMT131C	NT=Lys-C;AC=MS:1001309	NT=Trypsin;AC=MS:1001251	57	1	20200624_HGCC_GBM_stem_cell_lines_TMT16_HiRIEF_IPG3-10_fr57.raw	v1.1.0	NT=ms-proteomics;VV=v1.1.0	NT=human;VV=v1.1.0	manual curation	U3263	HB010
HGCC_HB011_1	Homo sapiens	cell culture	U3053	1	20200624_HGCC_GBM_stem_cell_lines_TMT16_HiRIEF_IPG3-10_fr57_TMT132N	proteomic profiling by mass spectrometry	NT=Data-dependent acquisition;AC=PRIDE:0000627	NT=Q Exactive HF;AC=MS:1002523	TMT132N	NT=Lys-C;AC=MS:1001309	NT=Trypsin;AC=MS:1001251	57	1	20200624_HGCC_GBM_stem_cell_lines_TMT16_HiRIEF_IPG3-10_fr57.raw	v1.1.0	NT=ms-proteomics;VV=v1.1.0	NT=human;VV=v1.1.0	manual curation	U3053	HB011_1
HGCC_HB011_2	Homo sapiens	cell culture	U3053	2	20200624_HGCC_GBM_stem_cell_lines_TMT16_HiRIEF_IPG3-10_fr57_TMT132C	proteomic profiling by mass spectrometry	NT=Data-dependent acquisition;AC=PRIDE:0000627	NT=Q Exactive HF;AC=MS:1002523	TMT132C	NT=Lys-C;AC=MS:1001309	NT=Trypsin;AC=MS:1001251	57	1	20200624_HGCC_GBM_stem_cell_lines_TMT16_HiRIEF_IPG3-10_fr57.raw	v1.1.0	NT=ms-proteomics;VV=v1.1.0	NT=human;VV=v1.1.0	manual curation	U3053	HB011_2
HGCC_HB012	Homo sapiens	cell culture	U3461	1	20200624_HGCC_GBM_stem_cell_lines_TMT16_HiRIEF_IPG3-10_fr57_TMT133N	proteomic profiling by mass spectrometry	NT=Data-dependent acquisition;AC=PRIDE:0000627	NT=Q Exactive HF;AC=MS:1002523	TMT133N	NT=Lys-C;AC=MS:1001309	NT=Trypsin;AC=MS:1001251	57	1	20200624_HGCC_GBM_stem_cell_lines_TMT16_HiRIEF_IPG3-10_fr57.raw	v1.1.0	NT=ms-proteomics;VV=v1.1.0	NT=human;VV=v1.1.0	manual curation	U3461	HB012
HGCC_HB001	Homo sapiens	cell culture	U3468	1	20200624_HGCC_GBM_stem_cell_lines_TMT16_HiRIEF_IPG3-10_fr31_TMT126	proteomic profiling by mass spectrometry	NT=Data-dependent acquisition;AC=PRIDE:0000627	NT=Q Exactive HF;AC=MS:1002523	TMT126	NT=Lys-C;AC=MS:1001309	NT=Trypsin;AC=MS:1001251	31	1	20200624_HGCC_GBM_stem_cell_lines_TMT16_HiRIEF_IPG3-10_fr31.raw	v1.1.0	NT=ms-proteomics;VV=v1.1.0	NT=human;VV=v1.1.0	manual curation	U3468	HB001
HGCC_HB002	Homo sapiens	cell culture	U3440	1	20200624_HGCC_GBM_stem_cell_lines_TMT16_HiRIEF_IPG3-10_fr31_TMT127N	proteomic profiling by mass spectrometry	NT=Data-dependent acquisition;AC=PRIDE:0000627	NT=Q Exactive HF;AC=MS:1002523	TMT127N	NT=Lys-C;AC=MS:1001309	NT=Trypsin;AC=MS:1001251	31	1	20200624_HGCC_GBM_stem_cell_lines_TMT16_HiRIEF_IPG3-10_fr31.raw	v1.1.0	NT=ms-proteomics;VV=v1.1.0	NT=human;VV=v1.1.0	manual curation	U3440	HB002
HGCC_HB003_1	Homo sapiens	cell culture	U3452	1	20200624_HGCC_GBM_stem_cell_lines_TMT16_HiRIEF_IPG3-10_fr31_TMT127C	proteomic profiling by mass spectrometry	NT=Data-dependent acquisition;AC=PRIDE:0000627	NT=Q Exactive HF;AC=MS:1002523	TMT127C	NT=Lys-C;AC=MS:1001309	NT=Trypsin;AC=MS:1001251	31	1	20200624_HGCC_GBM_stem_cell_lines_TMT16_HiRIEF_IPG3-10_fr31.raw	v1.1.0	NT=ms-proteomics;VV=v1.1.0	NT=human;VV=v1.1.0	manual curation	U3452	HB003_1
HGCC_HB003_2	Homo sapiens	cell culture	U3452	2	20200624_HGCC_GBM_stem_cell_lines_TMT16_HiRIEF_IPG3-10_fr31_TMT128N	proteomic profiling by mass spectrometry	NT=Data-dependent acquisition;AC=PRIDE:0000627	NT=Q Exactive HF;AC=MS:1002523	TMT128N	NT=Lys-C;AC=MS:1001309	NT=Trypsin;AC=MS:1001251	31	1	20200624_HGCC_GBM_stem_cell_lines_TMT16_HiRIEF_IPG3-10_fr31.raw	v1.1.0	NT=ms-proteomics;VV=v1.1.0	NT=human;VV=v1.1.0	manual curation	U3452	HB003_2
HGCC_HB005	Homo sapiens	cell culture	U3308	1	20200624_HGCC_GBM_stem_cell_lines_TMT16_HiRIEF_IPG3-10_fr31_TMT128C	proteomic profiling by mass spectrometry	NT=Data-dependent acquisition;AC=PRIDE:0000627	NT=Q Exactive HF;AC=MS:1002523	TMT128C	NT=Lys-C;AC=MS:1001309	NT=Trypsin;AC=MS:1001251	31	1	20200624_HGCC_GBM_stem_cell_lines_TMT16_HiRIEF_IPG3-10_fr31.raw	v1.1.0	NT=ms-proteomics;VV=v1.1.0	NT=human;VV=v1.1.0	manual curation	U3308	HB005
HGCC_HB006	Homo sapiens	cell culture	U3230	1	20200624_HGCC_GBM_stem_cell_lines_TMT16_HiRIEF_IPG3-10_fr31_TMT129N	proteomic profiling by mass spectrometry	NT=Data-dependent acquisition;AC=PRIDE:0000627	NT=Q Exactive HF;AC=MS:1002523	TMT129N	NT=Lys-C;AC=MS:1001309	NT=Trypsin;AC=MS:1001251	31	1	20200624_HGCC_GBM_stem_cell_lines_TMT16_HiRIEF_IPG3-10_fr31.raw	v1.1.0	NT=ms-proteomics;VV=v1.1.0	NT=human;VV=v1.1.0	manual curation	U3230	HB006
HGCC_HB007	Homo sapiens	cell culture	U3123	1	20200624_HGCC_GBM_stem_cell_lines_TMT16_HiRIEF_IPG3-10_fr31_TMT129C	proteomic profiling by mass spectrometry	NT=Data-dependent acquisition;AC=PRIDE:0000627	NT=Q Exactive HF;AC=MS:1002523	TMT129C	NT=Lys-C;AC=MS:1001309	NT=Trypsin;AC=MS:1001251	31	1	20200624_HGCC_GBM_stem_cell_lines_TMT16_HiRIEF_IPG3-10_fr31.raw	v1.1.0	NT=ms-proteomics;VV=v1.1.0	NT=human;VV=v1.1.0	manual curation	U3123	HB007
HGCC_HB008_1	Homo sapiens	cell culture	U3071	1	20200624_HGCC_GBM_stem_cell_lines_TMT16_HiRIEF_IPG3-10_fr31_TMT130N	proteomic profiling by mass spectrometry	NT=Data-dependent acquisition;AC=PRIDE:0000627	NT=Q Exactive HF;AC=MS:1002523	TMT130N	NT=Lys-C;AC=MS:1001309	NT=Trypsin;AC=MS:1001251	31	1	20200624_HGCC_GBM_stem_cell_lines_TMT16_HiRIEF_IPG3-10_fr31.raw	v1.1.0	NT=ms-proteomics;VV=v1.1.0	NT=human;VV=v1.1.0	manual curation	U3071	HB008_1
HGCC_HB008_2	Homo sapiens	cell culture	U3071	2	20200624_HGCC_GBM_stem_cell_lines_TMT16_HiRIEF_IPG3-10_fr31_TMT130C	proteomic profiling by mass spectrometry	NT=Data-dependent acquisition;AC=PRIDE:0000627	NT=Q Exactive HF;AC=MS:1002523	TMT130C	NT=Lys-C;AC=MS:1001309	NT=Trypsin;AC=MS:1001251	31	1	20200624_HGCC_GBM_stem_cell_lines_TMT16_HiRIEF_IPG3-10_fr31.raw	v1.1.0	NT=ms-proteomics;VV=v1.1.0	NT=human;VV=v1.1.0	manual curation	U3071	HB008_2
HGCC_HB009	Homo sapiens	cell culture	U3137	1	20200624_HGCC_GBM_stem_cell_lines_TMT16_HiRIEF_IPG3-10_fr31_TMT131N	proteomic profiling by mass spectrometry	NT=Data-dependent acquisition;AC=PRIDE:0000627	NT=Q Exactive HF;AC=MS:1002523	TMT131N	NT=Lys-C;AC=MS:1001309	NT=Trypsin;AC=MS:1001251	31	1	20200624_HGCC_GBM_stem_cell_lines_TMT16_HiRIEF_IPG3-10_fr31.raw	v1.1.0	NT=ms-proteomics;VV=v1.1.0	NT=human;VV=v1.1.0	manual curation	U3137	HB009
HGCC_HB010	Homo sapiens	cell culture	U3263	1	20200624_HGCC_GBM_stem_cell_lines_TMT16_HiRIEF_IPG3-10_fr31_TMT131C	proteomic profiling by mass spectrometry	NT=Data-dependent acquisition;AC=PRIDE:0000627	NT=Q Exactive HF;AC=MS:1002523	TMT131C	NT=Lys-C;AC=MS:1001309	NT=Trypsin;AC=MS:1001251	31	1	20200624_HGCC_GBM_stem_cell_lines_TMT16_HiRIEF_IPG3-10_fr31.raw	v1.1.0	NT=ms-proteomics;VV=v1.1.0	NT=human;VV=v1.1.0	manual curation	U3263	HB010
HGCC_HB011_1	Homo sapiens	cell culture	U3053	1	20200624_HGCC_GBM_stem_cell_lines_TMT16_HiRIEF_IPG3-10_fr31_TMT132N	proteomic profiling by mass spectrometry	NT=Data-dependent acquisition;AC=PRIDE:0000627	NT=Q Exactive HF;AC=MS:1002523	TMT132N	NT=Lys-C;AC=MS:1001309	NT=Trypsin;AC=MS:1001251	31	1	20200624_HGCC_GBM_stem_cell_lines_TMT16_HiRIEF_IPG3-10_fr31.raw	v1.1.0	NT=ms-proteomics;VV=v1.1.0	NT=human;VV=v1.1.0	manual curation	U3053	HB011_1
HGCC_HB011_2	Homo sapiens	cell culture	U3053	2	20200624_HGCC_GBM_stem_cell_lines_TMT16_HiRIEF_IPG3-10_fr31_TMT132C	proteomic profiling by mass spectrometry	NT=Data-dependent acquisition;AC=PRIDE:0000627	NT=Q Exactive HF;AC=MS:1002523	TMT132C	NT=Lys-C;AC=MS:1001309	NT=Trypsin;AC=MS:1001251	31	1	20200624_HGCC_GBM_stem_cell_lines_TMT16_HiRIEF_IPG3-10_fr31.raw	v1.1.0	NT=ms-proteomics;VV=v1.1.0	NT=human;VV=v1.1.0	manual curation	U3053	HB011_2
HGCC_HB012	Homo sapiens	cell culture	U3461	1	20200624_HGCC_GBM_stem_cell_lines_TMT16_HiRIEF_IPG3-10_fr31_TMT133N	proteomic profiling by mass spectrometry	NT=Data-dependent acquisition;AC=PRIDE:0000627	NT=Q Exactive HF;AC=MS:1002523	TMT133N	NT=Lys-C;AC=MS:1001309	NT=Trypsin;AC=MS:1001251	31	1	20200624_HGCC_GBM_stem_cell_lines_TMT16_HiRIEF_IPG3-10_fr31.raw	v1.1.0	NT=ms-proteomics;VV=v1.1.0	NT=human;VV=v1.1.0	manual curation	U3461	HB012
HGCC_HB001	Homo sapiens	cell culture	U3468	1	20200624_HGCC_GBM_stem_cell_lines_TMT16_HiRIEF_IPG3-10_fr35_TMT126	proteomic profiling by mass spectrometry	NT=Data-dependent acquisition;AC=PRIDE:0000627	NT=Q Exactive HF;AC=MS:1002523	TMT126	NT=Lys-C;AC=MS:1001309	NT=Trypsin;AC=MS:1001251	35	1	20200624_HGCC_GBM_stem_cell_lines_TMT16_HiRIEF_IPG3-10_fr35.raw	v1.1.0	NT=ms-proteomics;VV=v1.1.0	NT=human;VV=v1.1.0	manual curation	U3468	HB001
HGCC_HB002	Homo sapiens	cell culture	U3440	1	20200624_HGCC_GBM_stem_cell_lines_TMT16_HiRIEF_IPG3-10_fr35_TMT127N	proteomic profiling by mass spectrometry	NT=Data-dependent acquisition;AC=PRIDE:0000627	NT=Q Exactive HF;AC=MS:1002523	TMT127N	NT=Lys-C;AC=MS:1001309	NT=Trypsin;AC=MS:1001251	35	1	20200624_HGCC_GBM_stem_cell_lines_TMT16_HiRIEF_IPG3-10_fr35.raw	v1.1.0	NT=ms-proteomics;VV=v1.1.0	NT=human;VV=v1.1.0	manual curation	U3440	HB002
HGCC_HB003_1	Homo sapiens	cell culture	U3452	1	20200624_HGCC_GBM_stem_cell_lines_TMT16_HiRIEF_IPG3-10_fr35_TMT127C	proteomic profiling by mass spectrometry	NT=Data-dependent acquisition;AC=PRIDE:0000627	NT=Q Exactive HF;AC=MS:1002523	TMT127C	NT=Lys-C;AC=MS:1001309	NT=Trypsin;AC=MS:1001251	35	1	20200624_HGCC_GBM_stem_cell_lines_TMT16_HiRIEF_IPG3-10_fr35.raw	v1.1.0	NT=ms-proteomics;VV=v1.1.0	NT=human;VV=v1.1.0	manual curation	U3452	HB003_1
HGCC_HB003_2	Homo sapiens	cell culture	U3452	2	20200624_HGCC_GBM_stem_cell_lines_TMT16_HiRIEF_IPG3-10_fr35_TMT128N	proteomic profiling by mass spectrometry	NT=Data-dependent acquisition;AC=PRIDE:0000627	NT=Q Exactive HF;AC=MS:1002523	TMT128N	NT=Lys-C;AC=MS:1001309	NT=Trypsin;AC=MS:1001251	35	1	20200624_HGCC_GBM_stem_cell_lines_TMT16_HiRIEF_IPG3-10_fr35.raw	v1.1.0	NT=ms-proteomics;VV=v1.1.0	NT=human;VV=v1.1.0	manual curation	U3452	HB003_2
HGCC_HB005	Homo sapiens	cell culture	U3308	1	20200624_HGCC_GBM_stem_cell_lines_TMT16_HiRIEF_IPG3-10_fr35_TMT128C	proteomic profiling by mass spectrometry	NT=Data-dependent acquisition;AC=PRIDE:0000627	NT=Q Exactive HF;AC=MS:1002523	TMT128C	NT=Lys-C;AC=MS:1001309	NT=Trypsin;AC=MS:1001251	35	1	20200624_HGCC_GBM_stem_cell_lines_TMT16_HiRIEF_IPG3-10_fr35.raw	v1.1.0	NT=ms-proteomics;VV=v1.1.0	NT=human;VV=v1.1.0	manual curation	U3308	HB005
HGCC_HB006	Homo sapiens	cell culture	U3230	1	20200624_HGCC_GBM_stem_cell_lines_TMT16_HiRIEF_IPG3-10_fr35_TMT129N	proteomic profiling by mass spectrometry	NT=Data-dependent acquisition;AC=PRIDE:0000627	NT=Q Exactive HF;AC=MS:1002523	TMT129N	NT=Lys-C;AC=MS:1001309	NT=Trypsin;AC=MS:1001251	35	1	20200624_HGCC_GBM_stem_cell_lines_TMT16_HiRIEF_IPG3-10_fr35.raw	v1.1.0	NT=ms-proteomics;VV=v1.1.0	NT=human;VV=v1.1.0	manual curation	U3230	HB006
HGCC_HB007	Homo sapiens	cell culture	U3123	1	20200624_HGCC_GBM_stem_cell_lines_TMT16_HiRIEF_IPG3-10_fr35_TMT129C	proteomic profiling by mass spectrometry	NT=Data-dependent acquisition;AC=PRIDE:0000627	NT=Q Exactive HF;AC=MS:1002523	TMT129C	NT=Lys-C;AC=MS:1001309	NT=Trypsin;AC=MS:1001251	35	1	20200624_HGCC_GBM_stem_cell_lines_TMT16_HiRIEF_IPG3-10_fr35.raw	v1.1.0	NT=ms-proteomics;VV=v1.1.0	NT=human;VV=v1.1.0	manual curation	U3123	HB007
HGCC_HB008_1	Homo sapiens	cell culture	U3071	1	20200624_HGCC_GBM_stem_cell_lines_TMT16_HiRIEF_IPG3-10_fr35_TMT130N	proteomic profiling by mass spectrometry	NT=Data-dependent acquisition;AC=PRIDE:0000627	NT=Q Exactive HF;AC=MS:1002523	TMT130N	NT=Lys-C;AC=MS:1001309	NT=Trypsin;AC=MS:1001251	35	1	20200624_HGCC_GBM_stem_cell_lines_TMT16_HiRIEF_IPG3-10_fr35.raw	v1.1.0	NT=ms-proteomics;VV=v1.1.0	NT=human;VV=v1.1.0	manual curation	U3071	HB008_1
HGCC_HB008_2	Homo sapiens	cell culture	U3071	2	20200624_HGCC_GBM_stem_cell_lines_TMT16_HiRIEF_IPG3-10_fr35_TMT130C	proteomic profiling by mass spectrometry	NT=Data-dependent acquisition;AC=PRIDE:0000627	NT=Q Exactive HF;AC=MS:1002523	TMT130C	NT=Lys-C;AC=MS:1001309	NT=Trypsin;AC=MS:1001251	35	1	20200624_HGCC_GBM_stem_cell_lines_TMT16_HiRIEF_IPG3-10_fr35.raw	v1.1.0	NT=ms-proteomics;VV=v1.1.0	NT=human;VV=v1.1.0	manual curation	U3071	HB008_2
HGCC_HB009	Homo sapiens	cell culture	U3137	1	20200624_HGCC_GBM_stem_cell_lines_TMT16_HiRIEF_IPG3-10_fr35_TMT131N	proteomic profiling by mass spectrometry	NT=Data-dependent acquisition;AC=PRIDE:0000627	NT=Q Exactive HF;AC=MS:1002523	TMT131N	NT=Lys-C;AC=MS:1001309	NT=Trypsin;AC=MS:1001251	35	1	20200624_HGCC_GBM_stem_cell_lines_TMT16_HiRIEF_IPG3-10_fr35.raw	v1.1.0	NT=ms-proteomics;VV=v1.1.0	NT=human;VV=v1.1.0	manual curation	U3137	HB009
HGCC_HB010	Homo sapiens	cell culture	U3263	1	20200624_HGCC_GBM_stem_cell_lines_TMT16_HiRIEF_IPG3-10_fr35_TMT131C	proteomic profiling by mass spectrometry	NT=Data-dependent acquisition;AC=PRIDE:0000627	NT=Q Exactive HF;AC=MS:1002523	TMT131C	NT=Lys-C;AC=MS:1001309	NT=Trypsin;AC=MS:1001251	35	1	20200624_HGCC_GBM_stem_cell_lines_TMT16_HiRIEF_IPG3-10_fr35.raw	v1.1.0	NT=ms-proteomics;VV=v1.1.0	NT=human;VV=v1.1.0	manual curation	U3263	HB010
HGCC_HB011_1	Homo sapiens	cell culture	U3053	1	20200624_HGCC_GBM_stem_cell_lines_TMT16_HiRIEF_IPG3-10_fr35_TMT132N	proteomic profiling by mass spectrometry	NT=Data-dependent acquisition;AC=PRIDE:0000627	NT=Q Exactive HF;AC=MS:1002523	TMT132N	NT=Lys-C;AC=MS:1001309	NT=Trypsin;AC=MS:1001251	35	1	20200624_HGCC_GBM_stem_cell_lines_TMT16_HiRIEF_IPG3-10_fr35.raw	v1.1.0	NT=ms-proteomics;VV=v1.1.0	NT=human;VV=v1.1.0	manual curation	U3053	HB011_1
HGCC_HB011_2	Homo sapiens	cell culture	U3053	2	20200624_HGCC_GBM_stem_cell_lines_TMT16_HiRIEF_IPG3-10_fr35_TMT132C	proteomic profiling by mass spectrometry	NT=Data-dependent acquisition;AC=PRIDE:0000627	NT=Q Exactive HF;AC=MS:1002523	TMT132C	NT=Lys-C;AC=MS:1001309	NT=Trypsin;AC=MS:1001251	35	1	20200624_HGCC_GBM_stem_cell_lines_TMT16_HiRIEF_IPG3-10_fr35.raw	v1.1.0	NT=ms-proteomics;VV=v1.1.0	NT=human;VV=v1.1.0	manual curation	U3053	HB011_2
HGCC_HB012	Homo sapiens	cell culture	U3461	1	20200624_HGCC_GBM_stem_cell_lines_TMT16_HiRIEF_IPG3-10_fr35_TMT133N	proteomic profiling by mass spectrometry	NT=Data-dependent acquisition;AC=PRIDE:0000627	NT=Q Exactive HF;AC=MS:1002523	TMT133N	NT=Lys-C;AC=MS:1001309	NT=Trypsin;AC=MS:1001251	35	1	20200624_HGCC_GBM_stem_cell_lines_TMT16_HiRIEF_IPG3-10_fr35.raw	v1.1.0	NT=ms-proteomics;VV=v1.1.0	NT=human;VV=v1.1.0	manual curation	U3461	HB012
HGCC_HB001	Homo sapiens	cell culture	U3468	1	20200624_HGCC_GBM_stem_cell_lines_TMT16_HiRIEF_IPG3-10_fr50_TMT126	proteomic profiling by mass spectrometry	NT=Data-dependent acquisition;AC=PRIDE:0000627	NT=Q Exactive HF;AC=MS:1002523	TMT126	NT=Lys-C;AC=MS:1001309	NT=Trypsin;AC=MS:1001251	50	1	20200624_HGCC_GBM_stem_cell_lines_TMT16_HiRIEF_IPG3-10_fr50.raw	v1.1.0	NT=ms-proteomics;VV=v1.1.0	NT=human;VV=v1.1.0	manual curation	U3468	HB001
HGCC_HB002	Homo sapiens	cell culture	U3440	1	20200624_HGCC_GBM_stem_cell_lines_TMT16_HiRIEF_IPG3-10_fr50_TMT127N	proteomic profiling by mass spectrometry	NT=Data-dependent acquisition;AC=PRIDE:0000627	NT=Q Exactive HF;AC=MS:1002523	TMT127N	NT=Lys-C;AC=MS:1001309	NT=Trypsin;AC=MS:1001251	50	1	20200624_HGCC_GBM_stem_cell_lines_TMT16_HiRIEF_IPG3-10_fr50.raw	v1.1.0	NT=ms-proteomics;VV=v1.1.0	NT=human;VV=v1.1.0	manual curation	U3440	HB002
HGCC_HB003_1	Homo sapiens	cell culture	U3452	1	20200624_HGCC_GBM_stem_cell_lines_TMT16_HiRIEF_IPG3-10_fr50_TMT127C	proteomic profiling by mass spectrometry	NT=Data-dependent acquisition;AC=PRIDE:0000627	NT=Q Exactive HF;AC=MS:1002523	TMT127C	NT=Lys-C;AC=MS:1001309	NT=Trypsin;AC=MS:1001251	50	1	20200624_HGCC_GBM_stem_cell_lines_TMT16_HiRIEF_IPG3-10_fr50.raw	v1.1.0	NT=ms-proteomics;VV=v1.1.0	NT=human;VV=v1.1.0	manual curation	U3452	HB003_1
HGCC_HB003_2	Homo sapiens	cell culture	U3452	2	20200624_HGCC_GBM_stem_cell_lines_TMT16_HiRIEF_IPG3-10_fr50_TMT128N	proteomic profiling by mass spectrometry	NT=Data-dependent acquisition;AC=PRIDE:0000627	NT=Q Exactive HF;AC=MS:1002523	TMT128N	NT=Lys-C;AC=MS:1001309	NT=Trypsin;AC=MS:1001251	50	1	20200624_HGCC_GBM_stem_cell_lines_TMT16_HiRIEF_IPG3-10_fr50.raw	v1.1.0	NT=ms-proteomics;VV=v1.1.0	NT=human;VV=v1.1.0	manual curation	U3452	HB003_2
HGCC_HB005	Homo sapiens	cell culture	U3308	1	20200624_HGCC_GBM_stem_cell_lines_TMT16_HiRIEF_IPG3-10_fr50_TMT128C	proteomic profiling by mass spectrometry	NT=Data-dependent acquisition;AC=PRIDE:0000627	NT=Q Exactive HF;AC=MS:1002523	TMT128C	NT=Lys-C;AC=MS:1001309	NT=Trypsin;AC=MS:1001251	50	1	20200624_HGCC_GBM_stem_cell_lines_TMT16_HiRIEF_IPG3-10_fr50.raw	v1.1.0	NT=ms-proteomics;VV=v1.1.0	NT=human;VV=v1.1.0	manual curation	U3308	HB005
HGCC_HB006	Homo sapiens	cell culture	U3230	1	20200624_HGCC_GBM_stem_cell_lines_TMT16_HiRIEF_IPG3-10_fr50_TMT129N	proteomic profiling by mass spectrometry	NT=Data-dependent acquisition;AC=PRIDE:0000627	NT=Q Exactive HF;AC=MS:1002523	TMT129N	NT=Lys-C;AC=MS:1001309	NT=Trypsin;AC=MS:1001251	50	1	20200624_HGCC_GBM_stem_cell_lines_TMT16_HiRIEF_IPG3-10_fr50.raw	v1.1.0	NT=ms-proteomics;VV=v1.1.0	NT=human;VV=v1.1.0	manual curation	U3230	HB006
HGCC_HB007	Homo sapiens	cell culture	U3123	1	20200624_HGCC_GBM_stem_cell_lines_TMT16_HiRIEF_IPG3-10_fr50_TMT129C	proteomic profiling by mass spectrometry	NT=Data-dependent acquisition;AC=PRIDE:0000627	NT=Q Exactive HF;AC=MS:1002523	TMT129C	NT=Lys-C;AC=MS:1001309	NT=Trypsin;AC=MS:1001251	50	1	20200624_HGCC_GBM_stem_cell_lines_TMT16_HiRIEF_IPG3-10_fr50.raw	v1.1.0	NT=ms-proteomics;VV=v1.1.0	NT=human;VV=v1.1.0	manual curation	U3123	HB007
HGCC_HB008_1	Homo sapiens	cell culture	U3071	1	20200624_HGCC_GBM_stem_cell_lines_TMT16_HiRIEF_IPG3-10_fr50_TMT130N	proteomic profiling by mass spectrometry	NT=Data-dependent acquisition;AC=PRIDE:0000627	NT=Q Exactive HF;AC=MS:1002523	TMT130N	NT=Lys-C;AC=MS:1001309	NT=Trypsin;AC=MS:1001251	50	1	20200624_HGCC_GBM_stem_cell_lines_TMT16_HiRIEF_IPG3-10_fr50.raw	v1.1.0	NT=ms-proteomics;VV=v1.1.0	NT=human;VV=v1.1.0	manual curation	U3071	HB008_1
HGCC_HB008_2	Homo sapiens	cell culture	U3071	2	20200624_HGCC_GBM_stem_cell_lines_TMT16_HiRIEF_IPG3-10_fr50_TMT130C	proteomic profiling by mass spectrometry	NT=Data-dependent acquisition;AC=PRIDE:0000627	NT=Q Exactive HF;AC=MS:1002523	TMT130C	NT=Lys-C;AC=MS:1001309	NT=Trypsin;AC=MS:1001251	50	1	20200624_HGCC_GBM_stem_cell_lines_TMT16_HiRIEF_IPG3-10_fr50.raw	v1.1.0	NT=ms-proteomics;VV=v1.1.0	NT=human;VV=v1.1.0	manual curation	U3071	HB008_2
HGCC_HB009	Homo sapiens	cell culture	U3137	1	20200624_HGCC_GBM_stem_cell_lines_TMT16_HiRIEF_IPG3-10_fr50_TMT131N	proteomic profiling by mass spectrometry	NT=Data-dependent acquisition;AC=PRIDE:0000627	NT=Q Exactive HF;AC=MS:1002523	TMT131N	NT=Lys-C;AC=MS:1001309	NT=Trypsin;AC=MS:1001251	50	1	20200624_HGCC_GBM_stem_cell_lines_TMT16_HiRIEF_IPG3-10_fr50.raw	v1.1.0	NT=ms-proteomics;VV=v1.1.0	NT=human;VV=v1.1.0	manual curation	U3137	HB009
HGCC_HB010	Homo sapiens	cell culture	U3263	1	20200624_HGCC_GBM_stem_cell_lines_TMT16_HiRIEF_IPG3-10_fr50_TMT131C	proteomic profiling by mass spectrometry	NT=Data-dependent acquisition;AC=PRIDE:0000627	NT=Q Exactive HF;AC=MS:1002523	TMT131C	NT=Lys-C;AC=MS:1001309	NT=Trypsin;AC=MS:1001251	50	1	20200624_HGCC_GBM_stem_cell_lines_TMT16_HiRIEF_IPG3-10_fr50.raw	v1.1.0	NT=ms-proteomics;VV=v1.1.0	NT=human;VV=v1.1.0	manual curation	U3263	HB010
HGCC_HB011_1	Homo sapiens	cell culture	U3053	1	20200624_HGCC_GBM_stem_cell_lines_TMT16_HiRIEF_IPG3-10_fr50_TMT132N	proteomic profiling by mass spectrometry	NT=Data-dependent acquisition;AC=PRIDE:0000627	NT=Q Exactive HF;AC=MS:1002523	TMT132N	NT=Lys-C;AC=MS:1001309	NT=Trypsin;AC=MS:1001251	50	1	20200624_HGCC_GBM_stem_cell_lines_TMT16_HiRIEF_IPG3-10_fr50.raw	v1.1.0	NT=ms-proteomics;VV=v1.1.0	NT=human;VV=v1.1.0	manual curation	U3053	HB011_1
HGCC_HB011_2	Homo sapiens	cell culture	U3053	2	20200624_HGCC_GBM_stem_cell_lines_TMT16_HiRIEF_IPG3-10_fr50_TMT132C	proteomic profiling by mass spectrometry	NT=Data-dependent acquisition;AC=PRIDE:0000627	NT=Q Exactive HF;AC=MS:1002523	TMT132C	NT=Lys-C;AC=MS:1001309	NT=Trypsin;AC=MS:1001251	50	1	20200624_HGCC_GBM_stem_cell_lines_TMT16_HiRIEF_IPG3-10_fr50.raw	v1.1.0	NT=ms-proteomics;VV=v1.1.0	NT=human;VV=v1.1.0	manual curation	U3053	HB011_2
HGCC_HB012	Homo sapiens	cell culture	U3461	1	20200624_HGCC_GBM_stem_cell_lines_TMT16_HiRIEF_IPG3-10_fr50_TMT133N	proteomic profiling by mass spectrometry	NT=Data-dependent acquisition;AC=PRIDE:0000627	NT=Q Exactive HF;AC=MS:1002523	TMT133N	NT=Lys-C;AC=MS:1001309	NT=Trypsin;AC=MS:1001251	50	1	20200624_HGCC_GBM_stem_cell_lines_TMT16_HiRIEF_IPG3-10_fr50.raw	v1.1.0	NT=ms-proteomics;VV=v1.1.0	NT=human;VV=v1.1.0	manual curation	U3461	HB012
HGCC_HB001	Homo sapiens	cell culture	U3468	1	20200624_HGCC_GBM_stem_cell_lines_TMT16_HiRIEF_IPG3-10_fr34_TMT126	proteomic profiling by mass spectrometry	NT=Data-dependent acquisition;AC=PRIDE:0000627	NT=Q Exactive HF;AC=MS:1002523	TMT126	NT=Lys-C;AC=MS:1001309	NT=Trypsin;AC=MS:1001251	34	1	20200624_HGCC_GBM_stem_cell_lines_TMT16_HiRIEF_IPG3-10_fr34.raw	v1.1.0	NT=ms-proteomics;VV=v1.1.0	NT=human;VV=v1.1.0	manual curation	U3468	HB001
HGCC_HB002	Homo sapiens	cell culture	U3440	1	20200624_HGCC_GBM_stem_cell_lines_TMT16_HiRIEF_IPG3-10_fr34_TMT127N	proteomic profiling by mass spectrometry	NT=Data-dependent acquisition;AC=PRIDE:0000627	NT=Q Exactive HF;AC=MS:1002523	TMT127N	NT=Lys-C;AC=MS:1001309	NT=Trypsin;AC=MS:1001251	34	1	20200624_HGCC_GBM_stem_cell_lines_TMT16_HiRIEF_IPG3-10_fr34.raw	v1.1.0	NT=ms-proteomics;VV=v1.1.0	NT=human;VV=v1.1.0	manual curation	U3440	HB002
HGCC_HB003_1	Homo sapiens	cell culture	U3452	1	20200624_HGCC_GBM_stem_cell_lines_TMT16_HiRIEF_IPG3-10_fr34_TMT127C	proteomic profiling by mass spectrometry	NT=Data-dependent acquisition;AC=PRIDE:0000627	NT=Q Exactive HF;AC=MS:1002523	TMT127C	NT=Lys-C;AC=MS:1001309	NT=Trypsin;AC=MS:1001251	34	1	20200624_HGCC_GBM_stem_cell_lines_TMT16_HiRIEF_IPG3-10_fr34.raw	v1.1.0	NT=ms-proteomics;VV=v1.1.0	NT=human;VV=v1.1.0	manual curation	U3452	HB003_1
HGCC_HB003_2	Homo sapiens	cell culture	U3452	2	20200624_HGCC_GBM_stem_cell_lines_TMT16_HiRIEF_IPG3-10_fr34_TMT128N	proteomic profiling by mass spectrometry	NT=Data-dependent acquisition;AC=PRIDE:0000627	NT=Q Exactive HF;AC=MS:1002523	TMT128N	NT=Lys-C;AC=MS:1001309	NT=Trypsin;AC=MS:1001251	34	1	20200624_HGCC_GBM_stem_cell_lines_TMT16_HiRIEF_IPG3-10_fr34.raw	v1.1.0	NT=ms-proteomics;VV=v1.1.0	NT=human;VV=v1.1.0	manual curation	U3452	HB003_2
HGCC_HB005	Homo sapiens	cell culture	U3308	1	20200624_HGCC_GBM_stem_cell_lines_TMT16_HiRIEF_IPG3-10_fr34_TMT128C	proteomic profiling by mass spectrometry	NT=Data-dependent acquisition;AC=PRIDE:0000627	NT=Q Exactive HF;AC=MS:1002523	TMT128C	NT=Lys-C;AC=MS:1001309	NT=Trypsin;AC=MS:1001251	34	1	20200624_HGCC_GBM_stem_cell_lines_TMT16_HiRIEF_IPG3-10_fr34.raw	v1.1.0	NT=ms-proteomics;VV=v1.1.0	NT=human;VV=v1.1.0	manual curation	U3308	HB005
HGCC_HB006	Homo sapiens	cell culture	U3230	1	20200624_HGCC_GBM_stem_cell_lines_TMT16_HiRIEF_IPG3-10_fr34_TMT129N	proteomic profiling by mass spectrometry	NT=Data-dependent acquisition;AC=PRIDE:0000627	NT=Q Exactive HF;AC=MS:1002523	TMT129N	NT=Lys-C;AC=MS:1001309	NT=Trypsin;AC=MS:1001251	34	1	20200624_HGCC_GBM_stem_cell_lines_TMT16_HiRIEF_IPG3-10_fr34.raw	v1.1.0	NT=ms-proteomics;VV=v1.1.0	NT=human;VV=v1.1.0	manual curation	U3230	HB006
HGCC_HB007	Homo sapiens	cell culture	U3123	1	20200624_HGCC_GBM_stem_cell_lines_TMT16_HiRIEF_IPG3-10_fr34_TMT129C	proteomic profiling by mass spectrometry	NT=Data-dependent acquisition;AC=PRIDE:0000627	NT=Q Exactive HF;AC=MS:1002523	TMT129C	NT=Lys-C;AC=MS:1001309	NT=Trypsin;AC=MS:1001251	34	1	20200624_HGCC_GBM_stem_cell_lines_TMT16_HiRIEF_IPG3-10_fr34.raw	v1.1.0	NT=ms-proteomics;VV=v1.1.0	NT=human;VV=v1.1.0	manual curation	U3123	HB007
HGCC_HB008_1	Homo sapiens	cell culture	U3071	1	20200624_HGCC_GBM_stem_cell_lines_TMT16_HiRIEF_IPG3-10_fr34_TMT130N	proteomic profiling by mass spectrometry	NT=Data-dependent acquisition;AC=PRIDE:0000627	NT=Q Exactive HF;AC=MS:1002523	TMT130N	NT=Lys-C;AC=MS:1001309	NT=Trypsin;AC=MS:1001251	34	1	20200624_HGCC_GBM_stem_cell_lines_TMT16_HiRIEF_IPG3-10_fr34.raw	v1.1.0	NT=ms-proteomics;VV=v1.1.0	NT=human;VV=v1.1.0	manual curation	U3071	HB008_1
HGCC_HB008_2	Homo sapiens	cell culture	U3071	2	20200624_HGCC_GBM_stem_cell_lines_TMT16_HiRIEF_IPG3-10_fr34_TMT130C	proteomic profiling by mass spectrometry	NT=Data-dependent acquisition;AC=PRIDE:0000627	NT=Q Exactive HF;AC=MS:1002523	TMT130C	NT=Lys-C;AC=MS:1001309	NT=Trypsin;AC=MS:1001251	34	1	20200624_HGCC_GBM_stem_cell_lines_TMT16_HiRIEF_IPG3-10_fr34.raw	v1.1.0	NT=ms-proteomics;VV=v1.1.0	NT=human;VV=v1.1.0	manual curation	U3071	HB008_2
HGCC_HB009	Homo sapiens	cell culture	U3137	1	20200624_HGCC_GBM_stem_cell_lines_TMT16_HiRIEF_IPG3-10_fr34_TMT131N	proteomic profiling by mass spectrometry	NT=Data-dependent acquisition;AC=PRIDE:0000627	NT=Q Exactive HF;AC=MS:1002523	TMT131N	NT=Lys-C;AC=MS:1001309	NT=Trypsin;AC=MS:1001251	34	1	20200624_HGCC_GBM_stem_cell_lines_TMT16_HiRIEF_IPG3-10_fr34.raw	v1.1.0	NT=ms-proteomics;VV=v1.1.0	NT=human;VV=v1.1.0	manual curation	U3137	HB009
HGCC_HB010	Homo sapiens	cell culture	U3263	1	20200624_HGCC_GBM_stem_cell_lines_TMT16_HiRIEF_IPG3-10_fr34_TMT131C	proteomic profiling by mass spectrometry	NT=Data-dependent acquisition;AC=PRIDE:0000627	NT=Q Exactive HF;AC=MS:1002523	TMT131C	NT=Lys-C;AC=MS:1001309	NT=Trypsin;AC=MS:1001251	34	1	20200624_HGCC_GBM_stem_cell_lines_TMT16_HiRIEF_IPG3-10_fr34.raw	v1.1.0	NT=ms-proteomics;VV=v1.1.0	NT=human;VV=v1.1.0	manual curation	U3263	HB010
HGCC_HB011_1	Homo sapiens	cell culture	U3053	1	20200624_HGCC_GBM_stem_cell_lines_TMT16_HiRIEF_IPG3-10_fr34_TMT132N	proteomic profiling by mass spectrometry	NT=Data-dependent acquisition;AC=PRIDE:0000627	NT=Q Exactive HF;AC=MS:1002523	TMT132N	NT=Lys-C;AC=MS:1001309	NT=Trypsin;AC=MS:1001251	34	1	20200624_HGCC_GBM_stem_cell_lines_TMT16_HiRIEF_IPG3-10_fr34.raw	v1.1.0	NT=ms-proteomics;VV=v1.1.0	NT=human;VV=v1.1.0	manual curation	U3053	HB011_1
HGCC_HB011_2	Homo sapiens	cell culture	U3053	2	20200624_HGCC_GBM_stem_cell_lines_TMT16_HiRIEF_IPG3-10_fr34_TMT132C	proteomic profiling by mass spectrometry	NT=Data-dependent acquisition;AC=PRIDE:0000627	NT=Q Exactive HF;AC=MS:1002523	TMT132C	NT=Lys-C;AC=MS:1001309	NT=Trypsin;AC=MS:1001251	34	1	20200624_HGCC_GBM_stem_cell_lines_TMT16_HiRIEF_IPG3-10_fr34.raw	v1.1.0	NT=ms-proteomics;VV=v1.1.0	NT=human;VV=v1.1.0	manual curation	U3053	HB011_2
HGCC_HB012	Homo sapiens	cell culture	U3461	1	20200624_HGCC_GBM_stem_cell_lines_TMT16_HiRIEF_IPG3-10_fr34_TMT133N	proteomic profiling by mass spectrometry	NT=Data-dependent acquisition;AC=PRIDE:0000627	NT=Q Exactive HF;AC=MS:1002523	TMT133N	NT=Lys-C;AC=MS:1001309	NT=Trypsin;AC=MS:1001251	34	1	20200624_HGCC_GBM_stem_cell_lines_TMT16_HiRIEF_IPG3-10_fr34.raw	v1.1.0	NT=ms-proteomics;VV=v1.1.0	NT=human;VV=v1.1.0	manual curation	U3461	HB012
HGCC_HB001	Homo sapiens	cell culture	U3468	1	20200624_HGCC_GBM_stem_cell_lines_TMT16_HiRIEF_IPG3-10_fr49_TMT126	proteomic profiling by mass spectrometry	NT=Data-dependent acquisition;AC=PRIDE:0000627	NT=Q Exactive HF;AC=MS:1002523	TMT126	NT=Lys-C;AC=MS:1001309	NT=Trypsin;AC=MS:1001251	49	1	20200624_HGCC_GBM_stem_cell_lines_TMT16_HiRIEF_IPG3-10_fr49.raw	v1.1.0	NT=ms-proteomics;VV=v1.1.0	NT=human;VV=v1.1.0	manual curation	U3468	HB001
HGCC_HB002	Homo sapiens	cell culture	U3440	1	20200624_HGCC_GBM_stem_cell_lines_TMT16_HiRIEF_IPG3-10_fr49_TMT127N	proteomic profiling by mass spectrometry	NT=Data-dependent acquisition;AC=PRIDE:0000627	NT=Q Exactive HF;AC=MS:1002523	TMT127N	NT=Lys-C;AC=MS:1001309	NT=Trypsin;AC=MS:1001251	49	1	20200624_HGCC_GBM_stem_cell_lines_TMT16_HiRIEF_IPG3-10_fr49.raw	v1.1.0	NT=ms-proteomics;VV=v1.1.0	NT=human;VV=v1.1.0	manual curation	U3440	HB002
HGCC_HB003_1	Homo sapiens	cell culture	U3452	1	20200624_HGCC_GBM_stem_cell_lines_TMT16_HiRIEF_IPG3-10_fr49_TMT127C	proteomic profiling by mass spectrometry	NT=Data-dependent acquisition;AC=PRIDE:0000627	NT=Q Exactive HF;AC=MS:1002523	TMT127C	NT=Lys-C;AC=MS:1001309	NT=Trypsin;AC=MS:1001251	49	1	20200624_HGCC_GBM_stem_cell_lines_TMT16_HiRIEF_IPG3-10_fr49.raw	v1.1.0	NT=ms-proteomics;VV=v1.1.0	NT=human;VV=v1.1.0	manual curation	U3452	HB003_1
HGCC_HB003_2	Homo sapiens	cell culture	U3452	2	20200624_HGCC_GBM_stem_cell_lines_TMT16_HiRIEF_IPG3-10_fr49_TMT128N	proteomic profiling by mass spectrometry	NT=Data-dependent acquisition;AC=PRIDE:0000627	NT=Q Exactive HF;AC=MS:1002523	TMT128N	NT=Lys-C;AC=MS:1001309	NT=Trypsin;AC=MS:1001251	49	1	20200624_HGCC_GBM_stem_cell_lines_TMT16_HiRIEF_IPG3-10_fr49.raw	v1.1.0	NT=ms-proteomics;VV=v1.1.0	NT=human;VV=v1.1.0	manual curation	U3452	HB003_2
HGCC_HB005	Homo sapiens	cell culture	U3308	1	20200624_HGCC_GBM_stem_cell_lines_TMT16_HiRIEF_IPG3-10_fr49_TMT128C	proteomic profiling by mass spectrometry	NT=Data-dependent acquisition;AC=PRIDE:0000627	NT=Q Exactive HF;AC=MS:1002523	TMT128C	NT=Lys-C;AC=MS:1001309	NT=Trypsin;AC=MS:1001251	49	1	20200624_HGCC_GBM_stem_cell_lines_TMT16_HiRIEF_IPG3-10_fr49.raw	v1.1.0	NT=ms-proteomics;VV=v1.1.0	NT=human;VV=v1.1.0	manual curation	U3308	HB005
HGCC_HB006	Homo sapiens	cell culture	U3230	1	20200624_HGCC_GBM_stem_cell_lines_TMT16_HiRIEF_IPG3-10_fr49_TMT129N	proteomic profiling by mass spectrometry	NT=Data-dependent acquisition;AC=PRIDE:0000627	NT=Q Exactive HF;AC=MS:1002523	TMT129N	NT=Lys-C;AC=MS:1001309	NT=Trypsin;AC=MS:1001251	49	1	20200624_HGCC_GBM_stem_cell_lines_TMT16_HiRIEF_IPG3-10_fr49.raw	v1.1.0	NT=ms-proteomics;VV=v1.1.0	NT=human;VV=v1.1.0	manual curation	U3230	HB006
HGCC_HB007	Homo sapiens	cell culture	U3123	1	20200624_HGCC_GBM_stem_cell_lines_TMT16_HiRIEF_IPG3-10_fr49_TMT129C	proteomic profiling by mass spectrometry	NT=Data-dependent acquisition;AC=PRIDE:0000627	NT=Q Exactive HF;AC=MS:1002523	TMT129C	NT=Lys-C;AC=MS:1001309	NT=Trypsin;AC=MS:1001251	49	1	20200624_HGCC_GBM_stem_cell_lines_TMT16_HiRIEF_IPG3-10_fr49.raw	v1.1.0	NT=ms-proteomics;VV=v1.1.0	NT=human;VV=v1.1.0	manual curation	U3123	HB007
HGCC_HB008_1	Homo sapiens	cell culture	U3071	1	20200624_HGCC_GBM_stem_cell_lines_TMT16_HiRIEF_IPG3-10_fr49_TMT130N	proteomic profiling by mass spectrometry	NT=Data-dependent acquisition;AC=PRIDE:0000627	NT=Q Exactive HF;AC=MS:1002523	TMT130N	NT=Lys-C;AC=MS:1001309	NT=Trypsin;AC=MS:1001251	49	1	20200624_HGCC_GBM_stem_cell_lines_TMT16_HiRIEF_IPG3-10_fr49.raw	v1.1.0	NT=ms-proteomics;VV=v1.1.0	NT=human;VV=v1.1.0	manual curation	U3071	HB008_1
HGCC_HB008_2	Homo sapiens	cell culture	U3071	2	20200624_HGCC_GBM_stem_cell_lines_TMT16_HiRIEF_IPG3-10_fr49_TMT130C	proteomic profiling by mass spectrometry	NT=Data-dependent acquisition;AC=PRIDE:0000627	NT=Q Exactive HF;AC=MS:1002523	TMT130C	NT=Lys-C;AC=MS:1001309	NT=Trypsin;AC=MS:1001251	49	1	20200624_HGCC_GBM_stem_cell_lines_TMT16_HiRIEF_IPG3-10_fr49.raw	v1.1.0	NT=ms-proteomics;VV=v1.1.0	NT=human;VV=v1.1.0	manual curation	U3071	HB008_2
HGCC_HB009	Homo sapiens	cell culture	U3137	1	20200624_HGCC_GBM_stem_cell_lines_TMT16_HiRIEF_IPG3-10_fr49_TMT131N	proteomic profiling by mass spectrometry	NT=Data-dependent acquisition;AC=PRIDE:0000627	NT=Q Exactive HF;AC=MS:1002523	TMT131N	NT=Lys-C;AC=MS:1001309	NT=Trypsin;AC=MS:1001251	49	1	20200624_HGCC_GBM_stem_cell_lines_TMT16_HiRIEF_IPG3-10_fr49.raw	v1.1.0	NT=ms-proteomics;VV=v1.1.0	NT=human;VV=v1.1.0	manual curation	U3137	HB009
HGCC_HB010	Homo sapiens	cell culture	U3263	1	20200624_HGCC_GBM_stem_cell_lines_TMT16_HiRIEF_IPG3-10_fr49_TMT131C	proteomic profiling by mass spectrometry	NT=Data-dependent acquisition;AC=PRIDE:0000627	NT=Q Exactive HF;AC=MS:1002523	TMT131C	NT=Lys-C;AC=MS:1001309	NT=Trypsin;AC=MS:1001251	49	1	20200624_HGCC_GBM_stem_cell_lines_TMT16_HiRIEF_IPG3-10_fr49.raw	v1.1.0	NT=ms-proteomics;VV=v1.1.0	NT=human;VV=v1.1.0	manual curation	U3263	HB010
HGCC_HB011_1	Homo sapiens	cell culture	U3053	1	20200624_HGCC_GBM_stem_cell_lines_TMT16_HiRIEF_IPG3-10_fr49_TMT132N	proteomic profiling by mass spectrometry	NT=Data-dependent acquisition;AC=PRIDE:0000627	NT=Q Exactive HF;AC=MS:1002523	TMT132N	NT=Lys-C;AC=MS:1001309	NT=Trypsin;AC=MS:1001251	49	1	20200624_HGCC_GBM_stem_cell_lines_TMT16_HiRIEF_IPG3-10_fr49.raw	v1.1.0	NT=ms-proteomics;VV=v1.1.0	NT=human;VV=v1.1.0	manual curation	U3053	HB011_1
HGCC_HB011_2	Homo sapiens	cell culture	U3053	2	20200624_HGCC_GBM_stem_cell_lines_TMT16_HiRIEF_IPG3-10_fr49_TMT132C	proteomic profiling by mass spectrometry	NT=Data-dependent acquisition;AC=PRIDE:0000627	NT=Q Exactive HF;AC=MS:1002523	TMT132C	NT=Lys-C;AC=MS:1001309	NT=Trypsin;AC=MS:1001251	49	1	20200624_HGCC_GBM_stem_cell_lines_TMT16_HiRIEF_IPG3-10_fr49.raw	v1.1.0	NT=ms-proteomics;VV=v1.1.0	NT=human;VV=v1.1.0	manual curation	U3053	HB011_2
HGCC_HB012	Homo sapiens	cell culture	U3461	1	20200624_HGCC_GBM_stem_cell_lines_TMT16_HiRIEF_IPG3-10_fr49_TMT133N	proteomic profiling by mass spectrometry	NT=Data-dependent acquisition;AC=PRIDE:0000627	NT=Q Exactive HF;AC=MS:1002523	TMT133N	NT=Lys-C;AC=MS:1001309	NT=Trypsin;AC=MS:1001251	49	1	20200624_HGCC_GBM_stem_cell_lines_TMT16_HiRIEF_IPG3-10_fr49.raw	v1.1.0	NT=ms-proteomics;VV=v1.1.0	NT=human;VV=v1.1.0	manual curation	U3461	HB012
HGCC_HB001	Homo sapiens	cell culture	U3468	1	20200624_HGCC_GBM_stem_cell_lines_TMT16_HiRIEF_IPG3-10_fr56_TMT126	proteomic profiling by mass spectrometry	NT=Data-dependent acquisition;AC=PRIDE:0000627	NT=Q Exactive HF;AC=MS:1002523	TMT126	NT=Lys-C;AC=MS:1001309	NT=Trypsin;AC=MS:1001251	56	1	20200624_HGCC_GBM_stem_cell_lines_TMT16_HiRIEF_IPG3-10_fr56.raw	v1.1.0	NT=ms-proteomics;VV=v1.1.0	NT=human;VV=v1.1.0	manual curation	U3468	HB001
HGCC_HB002	Homo sapiens	cell culture	U3440	1	20200624_HGCC_GBM_stem_cell_lines_TMT16_HiRIEF_IPG3-10_fr56_TMT127N	proteomic profiling by mass spectrometry	NT=Data-dependent acquisition;AC=PRIDE:0000627	NT=Q Exactive HF;AC=MS:1002523	TMT127N	NT=Lys-C;AC=MS:1001309	NT=Trypsin;AC=MS:1001251	56	1	20200624_HGCC_GBM_stem_cell_lines_TMT16_HiRIEF_IPG3-10_fr56.raw	v1.1.0	NT=ms-proteomics;VV=v1.1.0	NT=human;VV=v1.1.0	manual curation	U3440	HB002
HGCC_HB003_1	Homo sapiens	cell culture	U3452	1	20200624_HGCC_GBM_stem_cell_lines_TMT16_HiRIEF_IPG3-10_fr56_TMT127C	proteomic profiling by mass spectrometry	NT=Data-dependent acquisition;AC=PRIDE:0000627	NT=Q Exactive HF;AC=MS:1002523	TMT127C	NT=Lys-C;AC=MS:1001309	NT=Trypsin;AC=MS:1001251	56	1	20200624_HGCC_GBM_stem_cell_lines_TMT16_HiRIEF_IPG3-10_fr56.raw	v1.1.0	NT=ms-proteomics;VV=v1.1.0	NT=human;VV=v1.1.0	manual curation	U3452	HB003_1
HGCC_HB003_2	Homo sapiens	cell culture	U3452	2	20200624_HGCC_GBM_stem_cell_lines_TMT16_HiRIEF_IPG3-10_fr56_TMT128N	proteomic profiling by mass spectrometry	NT=Data-dependent acquisition;AC=PRIDE:0000627	NT=Q Exactive HF;AC=MS:1002523	TMT128N	NT=Lys-C;AC=MS:1001309	NT=Trypsin;AC=MS:1001251	56	1	20200624_HGCC_GBM_stem_cell_lines_TMT16_HiRIEF_IPG3-10_fr56.raw	v1.1.0	NT=ms-proteomics;VV=v1.1.0	NT=human;VV=v1.1.0	manual curation	U3452	HB003_2
HGCC_HB005	Homo sapiens	cell culture	U3308	1	20200624_HGCC_GBM_stem_cell_lines_TMT16_HiRIEF_IPG3-10_fr56_TMT128C	proteomic profiling by mass spectrometry	NT=Data-dependent acquisition;AC=PRIDE:0000627	NT=Q Exactive HF;AC=MS:1002523	TMT128C	NT=Lys-C;AC=MS:1001309	NT=Trypsin;AC=MS:1001251	56	1	20200624_HGCC_GBM_stem_cell_lines_TMT16_HiRIEF_IPG3-10_fr56.raw	v1.1.0	NT=ms-proteomics;VV=v1.1.0	NT=human;VV=v1.1.0	manual curation	U3308	HB005
HGCC_HB006	Homo sapiens	cell culture	U3230	1	20200624_HGCC_GBM_stem_cell_lines_TMT16_HiRIEF_IPG3-10_fr56_TMT129N	proteomic profiling by mass spectrometry	NT=Data-dependent acquisition;AC=PRIDE:0000627	NT=Q Exactive HF;AC=MS:1002523	TMT129N	NT=Lys-C;AC=MS:1001309	NT=Trypsin;AC=MS:1001251	56	1	20200624_HGCC_GBM_stem_cell_lines_TMT16_HiRIEF_IPG3-10_fr56.raw	v1.1.0	NT=ms-proteomics;VV=v1.1.0	NT=human;VV=v1.1.0	manual curation	U3230	HB006
HGCC_HB007	Homo sapiens	cell culture	U3123	1	20200624_HGCC_GBM_stem_cell_lines_TMT16_HiRIEF_IPG3-10_fr56_TMT129C	proteomic profiling by mass spectrometry	NT=Data-dependent acquisition;AC=PRIDE:0000627	NT=Q Exactive HF;AC=MS:1002523	TMT129C	NT=Lys-C;AC=MS:1001309	NT=Trypsin;AC=MS:1001251	56	1	20200624_HGCC_GBM_stem_cell_lines_TMT16_HiRIEF_IPG3-10_fr56.raw	v1.1.0	NT=ms-proteomics;VV=v1.1.0	NT=human;VV=v1.1.0	manual curation	U3123	HB007
HGCC_HB008_1	Homo sapiens	cell culture	U3071	1	20200624_HGCC_GBM_stem_cell_lines_TMT16_HiRIEF_IPG3-10_fr56_TMT130N	proteomic profiling by mass spectrometry	NT=Data-dependent acquisition;AC=PRIDE:0000627	NT=Q Exactive HF;AC=MS:1002523	TMT130N	NT=Lys-C;AC=MS:1001309	NT=Trypsin;AC=MS:1001251	56	1	20200624_HGCC_GBM_stem_cell_lines_TMT16_HiRIEF_IPG3-10_fr56.raw	v1.1.0	NT=ms-proteomics;VV=v1.1.0	NT=human;VV=v1.1.0	manual curation	U3071	HB008_1
HGCC_HB008_2	Homo sapiens	cell culture	U3071	2	20200624_HGCC_GBM_stem_cell_lines_TMT16_HiRIEF_IPG3-10_fr56_TMT130C	proteomic profiling by mass spectrometry	NT=Data-dependent acquisition;AC=PRIDE:0000627	NT=Q Exactive HF;AC=MS:1002523	TMT130C	NT=Lys-C;AC=MS:1001309	NT=Trypsin;AC=MS:1001251	56	1	20200624_HGCC_GBM_stem_cell_lines_TMT16_HiRIEF_IPG3-10_fr56.raw	v1.1.0	NT=ms-proteomics;VV=v1.1.0	NT=human;VV=v1.1.0	manual curation	U3071	HB008_2
HGCC_HB009	Homo sapiens	cell culture	U3137	1	20200624_HGCC_GBM_stem_cell_lines_TMT16_HiRIEF_IPG3-10_fr56_TMT131N	proteomic profiling by mass spectrometry	NT=Data-dependent acquisition;AC=PRIDE:0000627	NT=Q Exactive HF;AC=MS:1002523	TMT131N	NT=Lys-C;AC=MS:1001309	NT=Trypsin;AC=MS:1001251	56	1	20200624_HGCC_GBM_stem_cell_lines_TMT16_HiRIEF_IPG3-10_fr56.raw	v1.1.0	NT=ms-proteomics;VV=v1.1.0	NT=human;VV=v1.1.0	manual curation	U3137	HB009
HGCC_HB010	Homo sapiens	cell culture	U3263	1	20200624_HGCC_GBM_stem_cell_lines_TMT16_HiRIEF_IPG3-10_fr56_TMT131C	proteomic profiling by mass spectrometry	NT=Data-dependent acquisition;AC=PRIDE:0000627	NT=Q Exactive HF;AC=MS:1002523	TMT131C	NT=Lys-C;AC=MS:1001309	NT=Trypsin;AC=MS:1001251	56	1	20200624_HGCC_GBM_stem_cell_lines_TMT16_HiRIEF_IPG3-10_fr56.raw	v1.1.0	NT=ms-proteomics;VV=v1.1.0	NT=human;VV=v1.1.0	manual curation	U3263	HB010
HGCC_HB011_1	Homo sapiens	cell culture	U3053	1	20200624_HGCC_GBM_stem_cell_lines_TMT16_HiRIEF_IPG3-10_fr56_TMT132N	proteomic profiling by mass spectrometry	NT=Data-dependent acquisition;AC=PRIDE:0000627	NT=Q Exactive HF;AC=MS:1002523	TMT132N	NT=Lys-C;AC=MS:1001309	NT=Trypsin;AC=MS:1001251	56	1	20200624_HGCC_GBM_stem_cell_lines_TMT16_HiRIEF_IPG3-10_fr56.raw	v1.1.0	NT=ms-proteomics;VV=v1.1.0	NT=human;VV=v1.1.0	manual curation	U3053	HB011_1
HGCC_HB011_2	Homo sapiens	cell culture	U3053	2	20200624_HGCC_GBM_stem_cell_lines_TMT16_HiRIEF_IPG3-10_fr56_TMT132C	proteomic profiling by mass spectrometry	NT=Data-dependent acquisition;AC=PRIDE:0000627	NT=Q Exactive HF;AC=MS:1002523	TMT132C	NT=Lys-C;AC=MS:1001309	NT=Trypsin;AC=MS:1001251	56	1	20200624_HGCC_GBM_stem_cell_lines_TMT16_HiRIEF_IPG3-10_fr56.raw	v1.1.0	NT=ms-proteomics;VV=v1.1.0	NT=human;VV=v1.1.0	manual curation	U3053	HB011_2
HGCC_HB012	Homo sapiens	cell culture	U3461	1	20200624_HGCC_GBM_stem_cell_lines_TMT16_HiRIEF_IPG3-10_fr56_TMT133N	proteomic profiling by mass spectrometry	NT=Data-dependent acquisition;AC=PRIDE:0000627	NT=Q Exactive HF;AC=MS:1002523	TMT133N	NT=Lys-C;AC=MS:1001309	NT=Trypsin;AC=MS:1001251	56	1	20200624_HGCC_GBM_stem_cell_lines_TMT16_HiRIEF_IPG3-10_fr56.raw	v1.1.0	NT=ms-proteomics;VV=v1.1.0	NT=human;VV=v1.1.0	manual curation	U3461	HB012
HGCC_HB001	Homo sapiens	cell culture	U3468	1	20200624_HGCC_GBM_stem_cell_lines_TMT16_HiRIEF_IPG3-10_fr05_TMT126	proteomic profiling by mass spectrometry	NT=Data-dependent acquisition;AC=PRIDE:0000627	NT=Q Exactive HF;AC=MS:1002523	TMT126	NT=Lys-C;AC=MS:1001309	NT=Trypsin;AC=MS:1001251	5	1	20200624_HGCC_GBM_stem_cell_lines_TMT16_HiRIEF_IPG3-10_fr05.raw	v1.1.0	NT=ms-proteomics;VV=v1.1.0	NT=human;VV=v1.1.0	manual curation	U3468	HB001
HGCC_HB002	Homo sapiens	cell culture	U3440	1	20200624_HGCC_GBM_stem_cell_lines_TMT16_HiRIEF_IPG3-10_fr05_TMT127N	proteomic profiling by mass spectrometry	NT=Data-dependent acquisition;AC=PRIDE:0000627	NT=Q Exactive HF;AC=MS:1002523	TMT127N	NT=Lys-C;AC=MS:1001309	NT=Trypsin;AC=MS:1001251	5	1	20200624_HGCC_GBM_stem_cell_lines_TMT16_HiRIEF_IPG3-10_fr05.raw	v1.1.0	NT=ms-proteomics;VV=v1.1.0	NT=human;VV=v1.1.0	manual curation	U3440	HB002
HGCC_HB003_1	Homo sapiens	cell culture	U3452	1	20200624_HGCC_GBM_stem_cell_lines_TMT16_HiRIEF_IPG3-10_fr05_TMT127C	proteomic profiling by mass spectrometry	NT=Data-dependent acquisition;AC=PRIDE:0000627	NT=Q Exactive HF;AC=MS:1002523	TMT127C	NT=Lys-C;AC=MS:1001309	NT=Trypsin;AC=MS:1001251	5	1	20200624_HGCC_GBM_stem_cell_lines_TMT16_HiRIEF_IPG3-10_fr05.raw	v1.1.0	NT=ms-proteomics;VV=v1.1.0	NT=human;VV=v1.1.0	manual curation	U3452	HB003_1
HGCC_HB003_2	Homo sapiens	cell culture	U3452	2	20200624_HGCC_GBM_stem_cell_lines_TMT16_HiRIEF_IPG3-10_fr05_TMT128N	proteomic profiling by mass spectrometry	NT=Data-dependent acquisition;AC=PRIDE:0000627	NT=Q Exactive HF;AC=MS:1002523	TMT128N	NT=Lys-C;AC=MS:1001309	NT=Trypsin;AC=MS:1001251	5	1	20200624_HGCC_GBM_stem_cell_lines_TMT16_HiRIEF_IPG3-10_fr05.raw	v1.1.0	NT=ms-proteomics;VV=v1.1.0	NT=human;VV=v1.1.0	manual curation	U3452	HB003_2
HGCC_HB005	Homo sapiens	cell culture	U3308	1	20200624_HGCC_GBM_stem_cell_lines_TMT16_HiRIEF_IPG3-10_fr05_TMT128C	proteomic profiling by mass spectrometry	NT=Data-dependent acquisition;AC=PRIDE:0000627	NT=Q Exactive HF;AC=MS:1002523	TMT128C	NT=Lys-C;AC=MS:1001309	NT=Trypsin;AC=MS:1001251	5	1	20200624_HGCC_GBM_stem_cell_lines_TMT16_HiRIEF_IPG3-10_fr05.raw	v1.1.0	NT=ms-proteomics;VV=v1.1.0	NT=human;VV=v1.1.0	manual curation	U3308	HB005
HGCC_HB006	Homo sapiens	cell culture	U3230	1	20200624_HGCC_GBM_stem_cell_lines_TMT16_HiRIEF_IPG3-10_fr05_TMT129N	proteomic profiling by mass spectrometry	NT=Data-dependent acquisition;AC=PRIDE:0000627	NT=Q Exactive HF;AC=MS:1002523	TMT129N	NT=Lys-C;AC=MS:1001309	NT=Trypsin;AC=MS:1001251	5	1	20200624_HGCC_GBM_stem_cell_lines_TMT16_HiRIEF_IPG3-10_fr05.raw	v1.1.0	NT=ms-proteomics;VV=v1.1.0	NT=human;VV=v1.1.0	manual curation	U3230	HB006
HGCC_HB007	Homo sapiens	cell culture	U3123	1	20200624_HGCC_GBM_stem_cell_lines_TMT16_HiRIEF_IPG3-10_fr05_TMT129C	proteomic profiling by mass spectrometry	NT=Data-dependent acquisition;AC=PRIDE:0000627	NT=Q Exactive HF;AC=MS:1002523	TMT129C	NT=Lys-C;AC=MS:1001309	NT=Trypsin;AC=MS:1001251	5	1	20200624_HGCC_GBM_stem_cell_lines_TMT16_HiRIEF_IPG3-10_fr05.raw	v1.1.0	NT=ms-proteomics;VV=v1.1.0	NT=human;VV=v1.1.0	manual curation	U3123	HB007
HGCC_HB008_1	Homo sapiens	cell culture	U3071	1	20200624_HGCC_GBM_stem_cell_lines_TMT16_HiRIEF_IPG3-10_fr05_TMT130N	proteomic profiling by mass spectrometry	NT=Data-dependent acquisition;AC=PRIDE:0000627	NT=Q Exactive HF;AC=MS:1002523	TMT130N	NT=Lys-C;AC=MS:1001309	NT=Trypsin;AC=MS:1001251	5	1	20200624_HGCC_GBM_stem_cell_lines_TMT16_HiRIEF_IPG3-10_fr05.raw	v1.1.0	NT=ms-proteomics;VV=v1.1.0	NT=human;VV=v1.1.0	manual curation	U3071	HB008_1
HGCC_HB008_2	Homo sapiens	cell culture	U3071	2	20200624_HGCC_GBM_stem_cell_lines_TMT16_HiRIEF_IPG3-10_fr05_TMT130C	proteomic profiling by mass spectrometry	NT=Data-dependent acquisition;AC=PRIDE:0000627	NT=Q Exactive HF;AC=MS:1002523	TMT130C	NT=Lys-C;AC=MS:1001309	NT=Trypsin;AC=MS:1001251	5	1	20200624_HGCC_GBM_stem_cell_lines_TMT16_HiRIEF_IPG3-10_fr05.raw	v1.1.0	NT=ms-proteomics;VV=v1.1.0	NT=human;VV=v1.1.0	manual curation	U3071	HB008_2
HGCC_HB009	Homo sapiens	cell culture	U3137	1	20200624_HGCC_GBM_stem_cell_lines_TMT16_HiRIEF_IPG3-10_fr05_TMT131N	proteomic profiling by mass spectrometry	NT=Data-dependent acquisition;AC=PRIDE:0000627	NT=Q Exactive HF;AC=MS:1002523	TMT131N	NT=Lys-C;AC=MS:1001309	NT=Trypsin;AC=MS:1001251	5	1	20200624_HGCC_GBM_stem_cell_lines_TMT16_HiRIEF_IPG3-10_fr05.raw	v1.1.0	NT=ms-proteomics;VV=v1.1.0	NT=human;VV=v1.1.0	manual curation	U3137	HB009
HGCC_HB010	Homo sapiens	cell culture	U3263	1	20200624_HGCC_GBM_stem_cell_lines_TMT16_HiRIEF_IPG3-10_fr05_TMT131C	proteomic profiling by mass spectrometry	NT=Data-dependent acquisition;AC=PRIDE:0000627	NT=Q Exactive HF;AC=MS:1002523	TMT131C	NT=Lys-C;AC=MS:1001309	NT=Trypsin;AC=MS:1001251	5	1	20200624_HGCC_GBM_stem_cell_lines_TMT16_HiRIEF_IPG3-10_fr05.raw	v1.1.0	NT=ms-proteomics;VV=v1.1.0	NT=human;VV=v1.1.0	manual curation	U3263	HB010
HGCC_HB011_1	Homo sapiens	cell culture	U3053	1	20200624_HGCC_GBM_stem_cell_lines_TMT16_HiRIEF_IPG3-10_fr05_TMT132N	proteomic profiling by mass spectrometry	NT=Data-dependent acquisition;AC=PRIDE:0000627	NT=Q Exactive HF;AC=MS:1002523	TMT132N	NT=Lys-C;AC=MS:1001309	NT=Trypsin;AC=MS:1001251	5	1	20200624_HGCC_GBM_stem_cell_lines_TMT16_HiRIEF_IPG3-10_fr05.raw	v1.1.0	NT=ms-proteomics;VV=v1.1.0	NT=human;VV=v1.1.0	manual curation	U3053	HB011_1
HGCC_HB011_2	Homo sapiens	cell culture	U3053	2	20200624_HGCC_GBM_stem_cell_lines_TMT16_HiRIEF_IPG3-10_fr05_TMT132C	proteomic profiling by mass spectrometry	NT=Data-dependent acquisition;AC=PRIDE:0000627	NT=Q Exactive HF;AC=MS:1002523	TMT132C	NT=Lys-C;AC=MS:1001309	NT=Trypsin;AC=MS:1001251	5	1	20200624_HGCC_GBM_stem_cell_lines_TMT16_HiRIEF_IPG3-10_fr05.raw	v1.1.0	NT=ms-proteomics;VV=v1.1.0	NT=human;VV=v1.1.0	manual curation	U3053	HB011_2
HGCC_HB012	Homo sapiens	cell culture	U3461	1	20200624_HGCC_GBM_stem_cell_lines_TMT16_HiRIEF_IPG3-10_fr05_TMT133N	proteomic profiling by mass spectrometry	NT=Data-dependent acquisition;AC=PRIDE:0000627	NT=Q Exactive HF;AC=MS:1002523	TMT133N	NT=Lys-C;AC=MS:1001309	NT=Trypsin;AC=MS:1001251	5	1	20200624_HGCC_GBM_stem_cell_lines_TMT16_HiRIEF_IPG3-10_fr05.raw	v1.1.0	NT=ms-proteomics;VV=v1.1.0	NT=human;VV=v1.1.0	manual curation	U3461	HB012
HGCC_HB001	Homo sapiens	cell culture	U3468	1	20200624_HGCC_GBM_stem_cell_lines_TMT16_HiRIEF_IPG3-10_fr45_TMT126	proteomic profiling by mass spectrometry	NT=Data-dependent acquisition;AC=PRIDE:0000627	NT=Q Exactive HF;AC=MS:1002523	TMT126	NT=Lys-C;AC=MS:1001309	NT=Trypsin;AC=MS:1001251	45	1	20200624_HGCC_GBM_stem_cell_lines_TMT16_HiRIEF_IPG3-10_fr45.raw	v1.1.0	NT=ms-proteomics;VV=v1.1.0	NT=human;VV=v1.1.0	manual curation	U3468	HB001
HGCC_HB002	Homo sapiens	cell culture	U3440	1	20200624_HGCC_GBM_stem_cell_lines_TMT16_HiRIEF_IPG3-10_fr45_TMT127N	proteomic profiling by mass spectrometry	NT=Data-dependent acquisition;AC=PRIDE:0000627	NT=Q Exactive HF;AC=MS:1002523	TMT127N	NT=Lys-C;AC=MS:1001309	NT=Trypsin;AC=MS:1001251	45	1	20200624_HGCC_GBM_stem_cell_lines_TMT16_HiRIEF_IPG3-10_fr45.raw	v1.1.0	NT=ms-proteomics;VV=v1.1.0	NT=human;VV=v1.1.0	manual curation	U3440	HB002
HGCC_HB003_1	Homo sapiens	cell culture	U3452	1	20200624_HGCC_GBM_stem_cell_lines_TMT16_HiRIEF_IPG3-10_fr45_TMT127C	proteomic profiling by mass spectrometry	NT=Data-dependent acquisition;AC=PRIDE:0000627	NT=Q Exactive HF;AC=MS:1002523	TMT127C	NT=Lys-C;AC=MS:1001309	NT=Trypsin;AC=MS:1001251	45	1	20200624_HGCC_GBM_stem_cell_lines_TMT16_HiRIEF_IPG3-10_fr45.raw	v1.1.0	NT=ms-proteomics;VV=v1.1.0	NT=human;VV=v1.1.0	manual curation	U3452	HB003_1
HGCC_HB003_2	Homo sapiens	cell culture	U3452	2	20200624_HGCC_GBM_stem_cell_lines_TMT16_HiRIEF_IPG3-10_fr45_TMT128N	proteomic profiling by mass spectrometry	NT=Data-dependent acquisition;AC=PRIDE:0000627	NT=Q Exactive HF;AC=MS:1002523	TMT128N	NT=Lys-C;AC=MS:1001309	NT=Trypsin;AC=MS:1001251	45	1	20200624_HGCC_GBM_stem_cell_lines_TMT16_HiRIEF_IPG3-10_fr45.raw	v1.1.0	NT=ms-proteomics;VV=v1.1.0	NT=human;VV=v1.1.0	manual curation	U3452	HB003_2
HGCC_HB005	Homo sapiens	cell culture	U3308	1	20200624_HGCC_GBM_stem_cell_lines_TMT16_HiRIEF_IPG3-10_fr45_TMT128C	proteomic profiling by mass spectrometry	NT=Data-dependent acquisition;AC=PRIDE:0000627	NT=Q Exactive HF;AC=MS:1002523	TMT128C	NT=Lys-C;AC=MS:1001309	NT=Trypsin;AC=MS:1001251	45	1	20200624_HGCC_GBM_stem_cell_lines_TMT16_HiRIEF_IPG3-10_fr45.raw	v1.1.0	NT=ms-proteomics;VV=v1.1.0	NT=human;VV=v1.1.0	manual curation	U3308	HB005
HGCC_HB006	Homo sapiens	cell culture	U3230	1	20200624_HGCC_GBM_stem_cell_lines_TMT16_HiRIEF_IPG3-10_fr45_TMT129N	proteomic profiling by mass spectrometry	NT=Data-dependent acquisition;AC=PRIDE:0000627	NT=Q Exactive HF;AC=MS:1002523	TMT129N	NT=Lys-C;AC=MS:1001309	NT=Trypsin;AC=MS:1001251	45	1	20200624_HGCC_GBM_stem_cell_lines_TMT16_HiRIEF_IPG3-10_fr45.raw	v1.1.0	NT=ms-proteomics;VV=v1.1.0	NT=human;VV=v1.1.0	manual curation	U3230	HB006
HGCC_HB007	Homo sapiens	cell culture	U3123	1	20200624_HGCC_GBM_stem_cell_lines_TMT16_HiRIEF_IPG3-10_fr45_TMT129C	proteomic profiling by mass spectrometry	NT=Data-dependent acquisition;AC=PRIDE:0000627	NT=Q Exactive HF;AC=MS:1002523	TMT129C	NT=Lys-C;AC=MS:1001309	NT=Trypsin;AC=MS:1001251	45	1	20200624_HGCC_GBM_stem_cell_lines_TMT16_HiRIEF_IPG3-10_fr45.raw	v1.1.0	NT=ms-proteomics;VV=v1.1.0	NT=human;VV=v1.1.0	manual curation	U3123	HB007
HGCC_HB008_1	Homo sapiens	cell culture	U3071	1	20200624_HGCC_GBM_stem_cell_lines_TMT16_HiRIEF_IPG3-10_fr45_TMT130N	proteomic profiling by mass spectrometry	NT=Data-dependent acquisition;AC=PRIDE:0000627	NT=Q Exactive HF;AC=MS:1002523	TMT130N	NT=Lys-C;AC=MS:1001309	NT=Trypsin;AC=MS:1001251	45	1	20200624_HGCC_GBM_stem_cell_lines_TMT16_HiRIEF_IPG3-10_fr45.raw	v1.1.0	NT=ms-proteomics;VV=v1.1.0	NT=human;VV=v1.1.0	manual curation	U3071	HB008_1
HGCC_HB008_2	Homo sapiens	cell culture	U3071	2	20200624_HGCC_GBM_stem_cell_lines_TMT16_HiRIEF_IPG3-10_fr45_TMT130C	proteomic profiling by mass spectrometry	NT=Data-dependent acquisition;AC=PRIDE:0000627	NT=Q Exactive HF;AC=MS:1002523	TMT130C	NT=Lys-C;AC=MS:1001309	NT=Trypsin;AC=MS:1001251	45	1	20200624_HGCC_GBM_stem_cell_lines_TMT16_HiRIEF_IPG3-10_fr45.raw	v1.1.0	NT=ms-proteomics;VV=v1.1.0	NT=human;VV=v1.1.0	manual curation	U3071	HB008_2
HGCC_HB009	Homo sapiens	cell culture	U3137	1	20200624_HGCC_GBM_stem_cell_lines_TMT16_HiRIEF_IPG3-10_fr45_TMT131N	proteomic profiling by mass spectrometry	NT=Data-dependent acquisition;AC=PRIDE:0000627	NT=Q Exactive HF;AC=MS:1002523	TMT131N	NT=Lys-C;AC=MS:1001309	NT=Trypsin;AC=MS:1001251	45	1	20200624_HGCC_GBM_stem_cell_lines_TMT16_HiRIEF_IPG3-10_fr45.raw	v1.1.0	NT=ms-proteomics;VV=v1.1.0	NT=human;VV=v1.1.0	manual curation	U3137	HB009
HGCC_HB010	Homo sapiens	cell culture	U3263	1	20200624_HGCC_GBM_stem_cell_lines_TMT16_HiRIEF_IPG3-10_fr45_TMT131C	proteomic profiling by mass spectrometry	NT=Data-dependent acquisition;AC=PRIDE:0000627	NT=Q Exactive HF;AC=MS:1002523	TMT131C	NT=Lys-C;AC=MS:1001309	NT=Trypsin;AC=MS:1001251	45	1	20200624_HGCC_GBM_stem_cell_lines_TMT16_HiRIEF_IPG3-10_fr45.raw	v1.1.0	NT=ms-proteomics;VV=v1.1.0	NT=human;VV=v1.1.0	manual curation	U3263	HB010
HGCC_HB011_1	Homo sapiens	cell culture	U3053	1	20200624_HGCC_GBM_stem_cell_lines_TMT16_HiRIEF_IPG3-10_fr45_TMT132N	proteomic profiling by mass spectrometry	NT=Data-dependent acquisition;AC=PRIDE:0000627	NT=Q Exactive HF;AC=MS:1002523	TMT132N	NT=Lys-C;AC=MS:1001309	NT=Trypsin;AC=MS:1001251	45	1	20200624_HGCC_GBM_stem_cell_lines_TMT16_HiRIEF_IPG3-10_fr45.raw	v1.1.0	NT=ms-proteomics;VV=v1.1.0	NT=human;VV=v1.1.0	manual curation	U3053	HB011_1
HGCC_HB011_2	Homo sapiens	cell culture	U3053	2	20200624_HGCC_GBM_stem_cell_lines_TMT16_HiRIEF_IPG3-10_fr45_TMT132C	proteomic profiling by mass spectrometry	NT=Data-dependent acquisition;AC=PRIDE:0000627	NT=Q Exactive HF;AC=MS:1002523	TMT132C	NT=Lys-C;AC=MS:1001309	NT=Trypsin;AC=MS:1001251	45	1	20200624_HGCC_GBM_stem_cell_lines_TMT16_HiRIEF_IPG3-10_fr45.raw	v1.1.0	NT=ms-proteomics;VV=v1.1.0	NT=human;VV=v1.1.0	manual curation	U3053	HB011_2
HGCC_HB012	Homo sapiens	cell culture	U3461	1	20200624_HGCC_GBM_stem_cell_lines_TMT16_HiRIEF_IPG3-10_fr45_TMT133N	proteomic profiling by mass spectrometry	NT=Data-dependent acquisition;AC=PRIDE:0000627	NT=Q Exactive HF;AC=MS:1002523	TMT133N	NT=Lys-C;AC=MS:1001309	NT=Trypsin;AC=MS:1001251	45	1	20200624_HGCC_GBM_stem_cell_lines_TMT16_HiRIEF_IPG3-10_fr45.raw	v1.1.0	NT=ms-proteomics;VV=v1.1.0	NT=human;VV=v1.1.0	manual curation	U3461	HB012
HGCC_HB001	Homo sapiens	cell culture	U3468	1	20200624_HGCC_GBM_stem_cell_lines_TMT16_HiRIEF_IPG3-10_fr07_TMT126	proteomic profiling by mass spectrometry	NT=Data-dependent acquisition;AC=PRIDE:0000627	NT=Q Exactive HF;AC=MS:1002523	TMT126	NT=Lys-C;AC=MS:1001309	NT=Trypsin;AC=MS:1001251	7	1	20200624_HGCC_GBM_stem_cell_lines_TMT16_HiRIEF_IPG3-10_fr07.raw	v1.1.0	NT=ms-proteomics;VV=v1.1.0	NT=human;VV=v1.1.0	manual curation	U3468	HB001
HGCC_HB002	Homo sapiens	cell culture	U3440	1	20200624_HGCC_GBM_stem_cell_lines_TMT16_HiRIEF_IPG3-10_fr07_TMT127N	proteomic profiling by mass spectrometry	NT=Data-dependent acquisition;AC=PRIDE:0000627	NT=Q Exactive HF;AC=MS:1002523	TMT127N	NT=Lys-C;AC=MS:1001309	NT=Trypsin;AC=MS:1001251	7	1	20200624_HGCC_GBM_stem_cell_lines_TMT16_HiRIEF_IPG3-10_fr07.raw	v1.1.0	NT=ms-proteomics;VV=v1.1.0	NT=human;VV=v1.1.0	manual curation	U3440	HB002
HGCC_HB003_1	Homo sapiens	cell culture	U3452	1	20200624_HGCC_GBM_stem_cell_lines_TMT16_HiRIEF_IPG3-10_fr07_TMT127C	proteomic profiling by mass spectrometry	NT=Data-dependent acquisition;AC=PRIDE:0000627	NT=Q Exactive HF;AC=MS:1002523	TMT127C	NT=Lys-C;AC=MS:1001309	NT=Trypsin;AC=MS:1001251	7	1	20200624_HGCC_GBM_stem_cell_lines_TMT16_HiRIEF_IPG3-10_fr07.raw	v1.1.0	NT=ms-proteomics;VV=v1.1.0	NT=human;VV=v1.1.0	manual curation	U3452	HB003_1
HGCC_HB003_2	Homo sapiens	cell culture	U3452	2	20200624_HGCC_GBM_stem_cell_lines_TMT16_HiRIEF_IPG3-10_fr07_TMT128N	proteomic profiling by mass spectrometry	NT=Data-dependent acquisition;AC=PRIDE:0000627	NT=Q Exactive HF;AC=MS:1002523	TMT128N	NT=Lys-C;AC=MS:1001309	NT=Trypsin;AC=MS:1001251	7	1	20200624_HGCC_GBM_stem_cell_lines_TMT16_HiRIEF_IPG3-10_fr07.raw	v1.1.0	NT=ms-proteomics;VV=v1.1.0	NT=human;VV=v1.1.0	manual curation	U3452	HB003_2
HGCC_HB005	Homo sapiens	cell culture	U3308	1	20200624_HGCC_GBM_stem_cell_lines_TMT16_HiRIEF_IPG3-10_fr07_TMT128C	proteomic profiling by mass spectrometry	NT=Data-dependent acquisition;AC=PRIDE:0000627	NT=Q Exactive HF;AC=MS:1002523	TMT128C	NT=Lys-C;AC=MS:1001309	NT=Trypsin;AC=MS:1001251	7	1	20200624_HGCC_GBM_stem_cell_lines_TMT16_HiRIEF_IPG3-10_fr07.raw	v1.1.0	NT=ms-proteomics;VV=v1.1.0	NT=human;VV=v1.1.0	manual curation	U3308	HB005
HGCC_HB006	Homo sapiens	cell culture	U3230	1	20200624_HGCC_GBM_stem_cell_lines_TMT16_HiRIEF_IPG3-10_fr07_TMT129N	proteomic profiling by mass spectrometry	NT=Data-dependent acquisition;AC=PRIDE:0000627	NT=Q Exactive HF;AC=MS:1002523	TMT129N	NT=Lys-C;AC=MS:1001309	NT=Trypsin;AC=MS:1001251	7	1	20200624_HGCC_GBM_stem_cell_lines_TMT16_HiRIEF_IPG3-10_fr07.raw	v1.1.0	NT=ms-proteomics;VV=v1.1.0	NT=human;VV=v1.1.0	manual curation	U3230	HB006
HGCC_HB007	Homo sapiens	cell culture	U3123	1	20200624_HGCC_GBM_stem_cell_lines_TMT16_HiRIEF_IPG3-10_fr07_TMT129C	proteomic profiling by mass spectrometry	NT=Data-dependent acquisition;AC=PRIDE:0000627	NT=Q Exactive HF;AC=MS:1002523	TMT129C	NT=Lys-C;AC=MS:1001309	NT=Trypsin;AC=MS:1001251	7	1	20200624_HGCC_GBM_stem_cell_lines_TMT16_HiRIEF_IPG3-10_fr07.raw	v1.1.0	NT=ms-proteomics;VV=v1.1.0	NT=human;VV=v1.1.0	manual curation	U3123	HB007
HGCC_HB008_1	Homo sapiens	cell culture	U3071	1	20200624_HGCC_GBM_stem_cell_lines_TMT16_HiRIEF_IPG3-10_fr07_TMT130N	proteomic profiling by mass spectrometry	NT=Data-dependent acquisition;AC=PRIDE:0000627	NT=Q Exactive HF;AC=MS:1002523	TMT130N	NT=Lys-C;AC=MS:1001309	NT=Trypsin;AC=MS:1001251	7	1	20200624_HGCC_GBM_stem_cell_lines_TMT16_HiRIEF_IPG3-10_fr07.raw	v1.1.0	NT=ms-proteomics;VV=v1.1.0	NT=human;VV=v1.1.0	manual curation	U3071	HB008_1
HGCC_HB008_2	Homo sapiens	cell culture	U3071	2	20200624_HGCC_GBM_stem_cell_lines_TMT16_HiRIEF_IPG3-10_fr07_TMT130C	proteomic profiling by mass spectrometry	NT=Data-dependent acquisition;AC=PRIDE:0000627	NT=Q Exactive HF;AC=MS:1002523	TMT130C	NT=Lys-C;AC=MS:1001309	NT=Trypsin;AC=MS:1001251	7	1	20200624_HGCC_GBM_stem_cell_lines_TMT16_HiRIEF_IPG3-10_fr07.raw	v1.1.0	NT=ms-proteomics;VV=v1.1.0	NT=human;VV=v1.1.0	manual curation	U3071	HB008_2
HGCC_HB009	Homo sapiens	cell culture	U3137	1	20200624_HGCC_GBM_stem_cell_lines_TMT16_HiRIEF_IPG3-10_fr07_TMT131N	proteomic profiling by mass spectrometry	NT=Data-dependent acquisition;AC=PRIDE:0000627	NT=Q Exactive HF;AC=MS:1002523	TMT131N	NT=Lys-C;AC=MS:1001309	NT=Trypsin;AC=MS:1001251	7	1	20200624_HGCC_GBM_stem_cell_lines_TMT16_HiRIEF_IPG3-10_fr07.raw	v1.1.0	NT=ms-proteomics;VV=v1.1.0	NT=human;VV=v1.1.0	manual curation	U3137	HB009
HGCC_HB010	Homo sapiens	cell culture	U3263	1	20200624_HGCC_GBM_stem_cell_lines_TMT16_HiRIEF_IPG3-10_fr07_TMT131C	proteomic profiling by mass spectrometry	NT=Data-dependent acquisition;AC=PRIDE:0000627	NT=Q Exactive HF;AC=MS:1002523	TMT131C	NT=Lys-C;AC=MS:1001309	NT=Trypsin;AC=MS:1001251	7	1	20200624_HGCC_GBM_stem_cell_lines_TMT16_HiRIEF_IPG3-10_fr07.raw	v1.1.0	NT=ms-proteomics;VV=v1.1.0	NT=human;VV=v1.1.0	manual curation	U3263	HB010
HGCC_HB011_1	Homo sapiens	cell culture	U3053	1	20200624_HGCC_GBM_stem_cell_lines_TMT16_HiRIEF_IPG3-10_fr07_TMT132N	proteomic profiling by mass spectrometry	NT=Data-dependent acquisition;AC=PRIDE:0000627	NT=Q Exactive HF;AC=MS:1002523	TMT132N	NT=Lys-C;AC=MS:1001309	NT=Trypsin;AC=MS:1001251	7	1	20200624_HGCC_GBM_stem_cell_lines_TMT16_HiRIEF_IPG3-10_fr07.raw	v1.1.0	NT=ms-proteomics;VV=v1.1.0	NT=human;VV=v1.1.0	manual curation	U3053	HB011_1
HGCC_HB011_2	Homo sapiens	cell culture	U3053	2	20200624_HGCC_GBM_stem_cell_lines_TMT16_HiRIEF_IPG3-10_fr07_TMT132C	proteomic profiling by mass spectrometry	NT=Data-dependent acquisition;AC=PRIDE:0000627	NT=Q Exactive HF;AC=MS:1002523	TMT132C	NT=Lys-C;AC=MS:1001309	NT=Trypsin;AC=MS:1001251	7	1	20200624_HGCC_GBM_stem_cell_lines_TMT16_HiRIEF_IPG3-10_fr07.raw	v1.1.0	NT=ms-proteomics;VV=v1.1.0	NT=human;VV=v1.1.0	manual curation	U3053	HB011_2
HGCC_HB012	Homo sapiens	cell culture	U3461	1	20200624_HGCC_GBM_stem_cell_lines_TMT16_HiRIEF_IPG3-10_fr07_TMT133N	proteomic profiling by mass spectrometry	NT=Data-dependent acquisition;AC=PRIDE:0000627	NT=Q Exactive HF;AC=MS:1002523	TMT133N	NT=Lys-C;AC=MS:1001309	NT=Trypsin;AC=MS:1001251	7	1	20200624_HGCC_GBM_stem_cell_lines_TMT16_HiRIEF_IPG3-10_fr07.raw	v1.1.0	NT=ms-proteomics;VV=v1.1.0	NT=human;VV=v1.1.0	manual curation	U3461	HB012
HGCC_HB001	Homo sapiens	cell culture	U3468	1	20200624_HGCC_GBM_stem_cell_lines_TMT16_HiRIEF_IPG3-10_fr51_TMT126	proteomic profiling by mass spectrometry	NT=Data-dependent acquisition;AC=PRIDE:0000627	NT=Q Exactive HF;AC=MS:1002523	TMT126	NT=Lys-C;AC=MS:1001309	NT=Trypsin;AC=MS:1001251	51	1	20200624_HGCC_GBM_stem_cell_lines_TMT16_HiRIEF_IPG3-10_fr51.raw	v1.1.0	NT=ms-proteomics;VV=v1.1.0	NT=human;VV=v1.1.0	manual curation	U3468	HB001
HGCC_HB002	Homo sapiens	cell culture	U3440	1	20200624_HGCC_GBM_stem_cell_lines_TMT16_HiRIEF_IPG3-10_fr51_TMT127N	proteomic profiling by mass spectrometry	NT=Data-dependent acquisition;AC=PRIDE:0000627	NT=Q Exactive HF;AC=MS:1002523	TMT127N	NT=Lys-C;AC=MS:1001309	NT=Trypsin;AC=MS:1001251	51	1	20200624_HGCC_GBM_stem_cell_lines_TMT16_HiRIEF_IPG3-10_fr51.raw	v1.1.0	NT=ms-proteomics;VV=v1.1.0	NT=human;VV=v1.1.0	manual curation	U3440	HB002
HGCC_HB003_1	Homo sapiens	cell culture	U3452	1	20200624_HGCC_GBM_stem_cell_lines_TMT16_HiRIEF_IPG3-10_fr51_TMT127C	proteomic profiling by mass spectrometry	NT=Data-dependent acquisition;AC=PRIDE:0000627	NT=Q Exactive HF;AC=MS:1002523	TMT127C	NT=Lys-C;AC=MS:1001309	NT=Trypsin;AC=MS:1001251	51	1	20200624_HGCC_GBM_stem_cell_lines_TMT16_HiRIEF_IPG3-10_fr51.raw	v1.1.0	NT=ms-proteomics;VV=v1.1.0	NT=human;VV=v1.1.0	manual curation	U3452	HB003_1
HGCC_HB003_2	Homo sapiens	cell culture	U3452	2	20200624_HGCC_GBM_stem_cell_lines_TMT16_HiRIEF_IPG3-10_fr51_TMT128N	proteomic profiling by mass spectrometry	NT=Data-dependent acquisition;AC=PRIDE:0000627	NT=Q Exactive HF;AC=MS:1002523	TMT128N	NT=Lys-C;AC=MS:1001309	NT=Trypsin;AC=MS:1001251	51	1	20200624_HGCC_GBM_stem_cell_lines_TMT16_HiRIEF_IPG3-10_fr51.raw	v1.1.0	NT=ms-proteomics;VV=v1.1.0	NT=human;VV=v1.1.0	manual curation	U3452	HB003_2
HGCC_HB005	Homo sapiens	cell culture	U3308	1	20200624_HGCC_GBM_stem_cell_lines_TMT16_HiRIEF_IPG3-10_fr51_TMT128C	proteomic profiling by mass spectrometry	NT=Data-dependent acquisition;AC=PRIDE:0000627	NT=Q Exactive HF;AC=MS:1002523	TMT128C	NT=Lys-C;AC=MS:1001309	NT=Trypsin;AC=MS:1001251	51	1	20200624_HGCC_GBM_stem_cell_lines_TMT16_HiRIEF_IPG3-10_fr51.raw	v1.1.0	NT=ms-proteomics;VV=v1.1.0	NT=human;VV=v1.1.0	manual curation	U3308	HB005
HGCC_HB006	Homo sapiens	cell culture	U3230	1	20200624_HGCC_GBM_stem_cell_lines_TMT16_HiRIEF_IPG3-10_fr51_TMT129N	proteomic profiling by mass spectrometry	NT=Data-dependent acquisition;AC=PRIDE:0000627	NT=Q Exactive HF;AC=MS:1002523	TMT129N	NT=Lys-C;AC=MS:1001309	NT=Trypsin;AC=MS:1001251	51	1	20200624_HGCC_GBM_stem_cell_lines_TMT16_HiRIEF_IPG3-10_fr51.raw	v1.1.0	NT=ms-proteomics;VV=v1.1.0	NT=human;VV=v1.1.0	manual curation	U3230	HB006
HGCC_HB007	Homo sapiens	cell culture	U3123	1	20200624_HGCC_GBM_stem_cell_lines_TMT16_HiRIEF_IPG3-10_fr51_TMT129C	proteomic profiling by mass spectrometry	NT=Data-dependent acquisition;AC=PRIDE:0000627	NT=Q Exactive HF;AC=MS:1002523	TMT129C	NT=Lys-C;AC=MS:1001309	NT=Trypsin;AC=MS:1001251	51	1	20200624_HGCC_GBM_stem_cell_lines_TMT16_HiRIEF_IPG3-10_fr51.raw	v1.1.0	NT=ms-proteomics;VV=v1.1.0	NT=human;VV=v1.1.0	manual curation	U3123	HB007
HGCC_HB008_1	Homo sapiens	cell culture	U3071	1	20200624_HGCC_GBM_stem_cell_lines_TMT16_HiRIEF_IPG3-10_fr51_TMT130N	proteomic profiling by mass spectrometry	NT=Data-dependent acquisition;AC=PRIDE:0000627	NT=Q Exactive HF;AC=MS:1002523	TMT130N	NT=Lys-C;AC=MS:1001309	NT=Trypsin;AC=MS:1001251	51	1	20200624_HGCC_GBM_stem_cell_lines_TMT16_HiRIEF_IPG3-10_fr51.raw	v1.1.0	NT=ms-proteomics;VV=v1.1.0	NT=human;VV=v1.1.0	manual curation	U3071	HB008_1
HGCC_HB008_2	Homo sapiens	cell culture	U3071	2	20200624_HGCC_GBM_stem_cell_lines_TMT16_HiRIEF_IPG3-10_fr51_TMT130C	proteomic profiling by mass spectrometry	NT=Data-dependent acquisition;AC=PRIDE:0000627	NT=Q Exactive HF;AC=MS:1002523	TMT130C	NT=Lys-C;AC=MS:1001309	NT=Trypsin;AC=MS:1001251	51	1	20200624_HGCC_GBM_stem_cell_lines_TMT16_HiRIEF_IPG3-10_fr51.raw	v1.1.0	NT=ms-proteomics;VV=v1.1.0	NT=human;VV=v1.1.0	manual curation	U3071	HB008_2
HGCC_HB009	Homo sapiens	cell culture	U3137	1	20200624_HGCC_GBM_stem_cell_lines_TMT16_HiRIEF_IPG3-10_fr51_TMT131N	proteomic profiling by mass spectrometry	NT=Data-dependent acquisition;AC=PRIDE:0000627	NT=Q Exactive HF;AC=MS:1002523	TMT131N	NT=Lys-C;AC=MS:1001309	NT=Trypsin;AC=MS:1001251	51	1	20200624_HGCC_GBM_stem_cell_lines_TMT16_HiRIEF_IPG3-10_fr51.raw	v1.1.0	NT=ms-proteomics;VV=v1.1.0	NT=human;VV=v1.1.0	manual curation	U3137	HB009
HGCC_HB010	Homo sapiens	cell culture	U3263	1	20200624_HGCC_GBM_stem_cell_lines_TMT16_HiRIEF_IPG3-10_fr51_TMT131C	proteomic profiling by mass spectrometry	NT=Data-dependent acquisition;AC=PRIDE:0000627	NT=Q Exactive HF;AC=MS:1002523	TMT131C	NT=Lys-C;AC=MS:1001309	NT=Trypsin;AC=MS:1001251	51	1	20200624_HGCC_GBM_stem_cell_lines_TMT16_HiRIEF_IPG3-10_fr51.raw	v1.1.0	NT=ms-proteomics;VV=v1.1.0	NT=human;VV=v1.1.0	manual curation	U3263	HB010
HGCC_HB011_1	Homo sapiens	cell culture	U3053	1	20200624_HGCC_GBM_stem_cell_lines_TMT16_HiRIEF_IPG3-10_fr51_TMT132N	proteomic profiling by mass spectrometry	NT=Data-dependent acquisition;AC=PRIDE:0000627	NT=Q Exactive HF;AC=MS:1002523	TMT132N	NT=Lys-C;AC=MS:1001309	NT=Trypsin;AC=MS:1001251	51	1	20200624_HGCC_GBM_stem_cell_lines_TMT16_HiRIEF_IPG3-10_fr51.raw	v1.1.0	NT=ms-proteomics;VV=v1.1.0	NT=human;VV=v1.1.0	manual curation	U3053	HB011_1
HGCC_HB011_2	Homo sapiens	cell culture	U3053	2	20200624_HGCC_GBM_stem_cell_lines_TMT16_HiRIEF_IPG3-10_fr51_TMT132C	proteomic profiling by mass spectrometry	NT=Data-dependent acquisition;AC=PRIDE:0000627	NT=Q Exactive HF;AC=MS:1002523	TMT132C	NT=Lys-C;AC=MS:1001309	NT=Trypsin;AC=MS:1001251	51	1	20200624_HGCC_GBM_stem_cell_lines_TMT16_HiRIEF_IPG3-10_fr51.raw	v1.1.0	NT=ms-proteomics;VV=v1.1.0	NT=human;VV=v1.1.0	manual curation	U3053	HB011_2
HGCC_HB012	Homo sapiens	cell culture	U3461	1	20200624_HGCC_GBM_stem_cell_lines_TMT16_HiRIEF_IPG3-10_fr51_TMT133N	proteomic profiling by mass spectrometry	NT=Data-dependent acquisition;AC=PRIDE:0000627	NT=Q Exactive HF;AC=MS:1002523	TMT133N	NT=Lys-C;AC=MS:1001309	NT=Trypsin;AC=MS:1001251	51	1	20200624_HGCC_GBM_stem_cell_lines_TMT16_HiRIEF_IPG3-10_fr51.raw	v1.1.0	NT=ms-proteomics;VV=v1.1.0	NT=human;VV=v1.1.0	manual curation	U3461	HB012
HGCC_HB001	Homo sapiens	cell culture	U3468	1	20200624_HGCC_GBM_stem_cell_lines_TMT16_HiRIEF_IPG3-10_fr04_TMT126	proteomic profiling by mass spectrometry	NT=Data-dependent acquisition;AC=PRIDE:0000627	NT=Q Exactive HF;AC=MS:1002523	TMT126	NT=Lys-C;AC=MS:1001309	NT=Trypsin;AC=MS:1001251	4	1	20200624_HGCC_GBM_stem_cell_lines_TMT16_HiRIEF_IPG3-10_fr04.raw	v1.1.0	NT=ms-proteomics;VV=v1.1.0	NT=human;VV=v1.1.0	manual curation	U3468	HB001
HGCC_HB002	Homo sapiens	cell culture	U3440	1	20200624_HGCC_GBM_stem_cell_lines_TMT16_HiRIEF_IPG3-10_fr04_TMT127N	proteomic profiling by mass spectrometry	NT=Data-dependent acquisition;AC=PRIDE:0000627	NT=Q Exactive HF;AC=MS:1002523	TMT127N	NT=Lys-C;AC=MS:1001309	NT=Trypsin;AC=MS:1001251	4	1	20200624_HGCC_GBM_stem_cell_lines_TMT16_HiRIEF_IPG3-10_fr04.raw	v1.1.0	NT=ms-proteomics;VV=v1.1.0	NT=human;VV=v1.1.0	manual curation	U3440	HB002
HGCC_HB003_1	Homo sapiens	cell culture	U3452	1	20200624_HGCC_GBM_stem_cell_lines_TMT16_HiRIEF_IPG3-10_fr04_TMT127C	proteomic profiling by mass spectrometry	NT=Data-dependent acquisition;AC=PRIDE:0000627	NT=Q Exactive HF;AC=MS:1002523	TMT127C	NT=Lys-C;AC=MS:1001309	NT=Trypsin;AC=MS:1001251	4	1	20200624_HGCC_GBM_stem_cell_lines_TMT16_HiRIEF_IPG3-10_fr04.raw	v1.1.0	NT=ms-proteomics;VV=v1.1.0	NT=human;VV=v1.1.0	manual curation	U3452	HB003_1
HGCC_HB003_2	Homo sapiens	cell culture	U3452	2	20200624_HGCC_GBM_stem_cell_lines_TMT16_HiRIEF_IPG3-10_fr04_TMT128N	proteomic profiling by mass spectrometry	NT=Data-dependent acquisition;AC=PRIDE:0000627	NT=Q Exactive HF;AC=MS:1002523	TMT128N	NT=Lys-C;AC=MS:1001309	NT=Trypsin;AC=MS:1001251	4	1	20200624_HGCC_GBM_stem_cell_lines_TMT16_HiRIEF_IPG3-10_fr04.raw	v1.1.0	NT=ms-proteomics;VV=v1.1.0	NT=human;VV=v1.1.0	manual curation	U3452	HB003_2
HGCC_HB005	Homo sapiens	cell culture	U3308	1	20200624_HGCC_GBM_stem_cell_lines_TMT16_HiRIEF_IPG3-10_fr04_TMT128C	proteomic profiling by mass spectrometry	NT=Data-dependent acquisition;AC=PRIDE:0000627	NT=Q Exactive HF;AC=MS:1002523	TMT128C	NT=Lys-C;AC=MS:1001309	NT=Trypsin;AC=MS:1001251	4	1	20200624_HGCC_GBM_stem_cell_lines_TMT16_HiRIEF_IPG3-10_fr04.raw	v1.1.0	NT=ms-proteomics;VV=v1.1.0	NT=human;VV=v1.1.0	manual curation	U3308	HB005
HGCC_HB006	Homo sapiens	cell culture	U3230	1	20200624_HGCC_GBM_stem_cell_lines_TMT16_HiRIEF_IPG3-10_fr04_TMT129N	proteomic profiling by mass spectrometry	NT=Data-dependent acquisition;AC=PRIDE:0000627	NT=Q Exactive HF;AC=MS:1002523	TMT129N	NT=Lys-C;AC=MS:1001309	NT=Trypsin;AC=MS:1001251	4	1	20200624_HGCC_GBM_stem_cell_lines_TMT16_HiRIEF_IPG3-10_fr04.raw	v1.1.0	NT=ms-proteomics;VV=v1.1.0	NT=human;VV=v1.1.0	manual curation	U3230	HB006
HGCC_HB007	Homo sapiens	cell culture	U3123	1	20200624_HGCC_GBM_stem_cell_lines_TMT16_HiRIEF_IPG3-10_fr04_TMT129C	proteomic profiling by mass spectrometry	NT=Data-dependent acquisition;AC=PRIDE:0000627	NT=Q Exactive HF;AC=MS:1002523	TMT129C	NT=Lys-C;AC=MS:1001309	NT=Trypsin;AC=MS:1001251	4	1	20200624_HGCC_GBM_stem_cell_lines_TMT16_HiRIEF_IPG3-10_fr04.raw	v1.1.0	NT=ms-proteomics;VV=v1.1.0	NT=human;VV=v1.1.0	manual curation	U3123	HB007
HGCC_HB008_1	Homo sapiens	cell culture	U3071	1	20200624_HGCC_GBM_stem_cell_lines_TMT16_HiRIEF_IPG3-10_fr04_TMT130N	proteomic profiling by mass spectrometry	NT=Data-dependent acquisition;AC=PRIDE:0000627	NT=Q Exactive HF;AC=MS:1002523	TMT130N	NT=Lys-C;AC=MS:1001309	NT=Trypsin;AC=MS:1001251	4	1	20200624_HGCC_GBM_stem_cell_lines_TMT16_HiRIEF_IPG3-10_fr04.raw	v1.1.0	NT=ms-proteomics;VV=v1.1.0	NT=human;VV=v1.1.0	manual curation	U3071	HB008_1
HGCC_HB008_2	Homo sapiens	cell culture	U3071	2	20200624_HGCC_GBM_stem_cell_lines_TMT16_HiRIEF_IPG3-10_fr04_TMT130C	proteomic profiling by mass spectrometry	NT=Data-dependent acquisition;AC=PRIDE:0000627	NT=Q Exactive HF;AC=MS:1002523	TMT130C	NT=Lys-C;AC=MS:1001309	NT=Trypsin;AC=MS:1001251	4	1	20200624_HGCC_GBM_stem_cell_lines_TMT16_HiRIEF_IPG3-10_fr04.raw	v1.1.0	NT=ms-proteomics;VV=v1.1.0	NT=human;VV=v1.1.0	manual curation	U3071	HB008_2
HGCC_HB009	Homo sapiens	cell culture	U3137	1	20200624_HGCC_GBM_stem_cell_lines_TMT16_HiRIEF_IPG3-10_fr04_TMT131N	proteomic profiling by mass spectrometry	NT=Data-dependent acquisition;AC=PRIDE:0000627	NT=Q Exactive HF;AC=MS:1002523	TMT131N	NT=Lys-C;AC=MS:1001309	NT=Trypsin;AC=MS:1001251	4	1	20200624_HGCC_GBM_stem_cell_lines_TMT16_HiRIEF_IPG3-10_fr04.raw	v1.1.0	NT=ms-proteomics;VV=v1.1.0	NT=human;VV=v1.1.0	manual curation	U3137	HB009
HGCC_HB010	Homo sapiens	cell culture	U3263	1	20200624_HGCC_GBM_stem_cell_lines_TMT16_HiRIEF_IPG3-10_fr04_TMT131C	proteomic profiling by mass spectrometry	NT=Data-dependent acquisition;AC=PRIDE:0000627	NT=Q Exactive HF;AC=MS:1002523	TMT131C	NT=Lys-C;AC=MS:1001309	NT=Trypsin;AC=MS:1001251	4	1	20200624_HGCC_GBM_stem_cell_lines_TMT16_HiRIEF_IPG3-10_fr04.raw	v1.1.0	NT=ms-proteomics;VV=v1.1.0	NT=human;VV=v1.1.0	manual curation	U3263	HB010
HGCC_HB011_1	Homo sapiens	cell culture	U3053	1	20200624_HGCC_GBM_stem_cell_lines_TMT16_HiRIEF_IPG3-10_fr04_TMT132N	proteomic profiling by mass spectrometry	NT=Data-dependent acquisition;AC=PRIDE:0000627	NT=Q Exactive HF;AC=MS:1002523	TMT132N	NT=Lys-C;AC=MS:1001309	NT=Trypsin;AC=MS:1001251	4	1	20200624_HGCC_GBM_stem_cell_lines_TMT16_HiRIEF_IPG3-10_fr04.raw	v1.1.0	NT=ms-proteomics;VV=v1.1.0	NT=human;VV=v1.1.0	manual curation	U3053	HB011_1
HGCC_HB011_2	Homo sapiens	cell culture	U3053	2	20200624_HGCC_GBM_stem_cell_lines_TMT16_HiRIEF_IPG3-10_fr04_TMT132C	proteomic profiling by mass spectrometry	NT=Data-dependent acquisition;AC=PRIDE:0000627	NT=Q Exactive HF;AC=MS:1002523	TMT132C	NT=Lys-C;AC=MS:1001309	NT=Trypsin;AC=MS:1001251	4	1	20200624_HGCC_GBM_stem_cell_lines_TMT16_HiRIEF_IPG3-10_fr04.raw	v1.1.0	NT=ms-proteomics;VV=v1.1.0	NT=human;VV=v1.1.0	manual curation	U3053	HB011_2
HGCC_HB012	Homo sapiens	cell culture	U3461	1	20200624_HGCC_GBM_stem_cell_lines_TMT16_HiRIEF_IPG3-10_fr04_TMT133N	proteomic profiling by mass spectrometry	NT=Data-dependent acquisition;AC=PRIDE:0000627	NT=Q Exactive HF;AC=MS:1002523	TMT133N	NT=Lys-C;AC=MS:1001309	NT=Trypsin;AC=MS:1001251	4	1	20200624_HGCC_GBM_stem_cell_lines_TMT16_HiRIEF_IPG3-10_fr04.raw	v1.1.0	NT=ms-proteomics;VV=v1.1.0	NT=human;VV=v1.1.0	manual curation	U3461	HB012
HGCC_HB001	Homo sapiens	cell culture	U3468	1	20200624_HGCC_GBM_stem_cell_lines_TMT16_HiRIEF_IPG3-10_fr09_TMT126	proteomic profiling by mass spectrometry	NT=Data-dependent acquisition;AC=PRIDE:0000627	NT=Q Exactive HF;AC=MS:1002523	TMT126	NT=Lys-C;AC=MS:1001309	NT=Trypsin;AC=MS:1001251	9	1	20200624_HGCC_GBM_stem_cell_lines_TMT16_HiRIEF_IPG3-10_fr09.raw	v1.1.0	NT=ms-proteomics;VV=v1.1.0	NT=human;VV=v1.1.0	manual curation	U3468	HB001
HGCC_HB002	Homo sapiens	cell culture	U3440	1	20200624_HGCC_GBM_stem_cell_lines_TMT16_HiRIEF_IPG3-10_fr09_TMT127N	proteomic profiling by mass spectrometry	NT=Data-dependent acquisition;AC=PRIDE:0000627	NT=Q Exactive HF;AC=MS:1002523	TMT127N	NT=Lys-C;AC=MS:1001309	NT=Trypsin;AC=MS:1001251	9	1	20200624_HGCC_GBM_stem_cell_lines_TMT16_HiRIEF_IPG3-10_fr09.raw	v1.1.0	NT=ms-proteomics;VV=v1.1.0	NT=human;VV=v1.1.0	manual curation	U3440	HB002
HGCC_HB003_1	Homo sapiens	cell culture	U3452	1	20200624_HGCC_GBM_stem_cell_lines_TMT16_HiRIEF_IPG3-10_fr09_TMT127C	proteomic profiling by mass spectrometry	NT=Data-dependent acquisition;AC=PRIDE:0000627	NT=Q Exactive HF;AC=MS:1002523	TMT127C	NT=Lys-C;AC=MS:1001309	NT=Trypsin;AC=MS:1001251	9	1	20200624_HGCC_GBM_stem_cell_lines_TMT16_HiRIEF_IPG3-10_fr09.raw	v1.1.0	NT=ms-proteomics;VV=v1.1.0	NT=human;VV=v1.1.0	manual curation	U3452	HB003_1
HGCC_HB003_2	Homo sapiens	cell culture	U3452	2	20200624_HGCC_GBM_stem_cell_lines_TMT16_HiRIEF_IPG3-10_fr09_TMT128N	proteomic profiling by mass spectrometry	NT=Data-dependent acquisition;AC=PRIDE:0000627	NT=Q Exactive HF;AC=MS:1002523	TMT128N	NT=Lys-C;AC=MS:1001309	NT=Trypsin;AC=MS:1001251	9	1	20200624_HGCC_GBM_stem_cell_lines_TMT16_HiRIEF_IPG3-10_fr09.raw	v1.1.0	NT=ms-proteomics;VV=v1.1.0	NT=human;VV=v1.1.0	manual curation	U3452	HB003_2
HGCC_HB005	Homo sapiens	cell culture	U3308	1	20200624_HGCC_GBM_stem_cell_lines_TMT16_HiRIEF_IPG3-10_fr09_TMT128C	proteomic profiling by mass spectrometry	NT=Data-dependent acquisition;AC=PRIDE:0000627	NT=Q Exactive HF;AC=MS:1002523	TMT128C	NT=Lys-C;AC=MS:1001309	NT=Trypsin;AC=MS:1001251	9	1	20200624_HGCC_GBM_stem_cell_lines_TMT16_HiRIEF_IPG3-10_fr09.raw	v1.1.0	NT=ms-proteomics;VV=v1.1.0	NT=human;VV=v1.1.0	manual curation	U3308	HB005
HGCC_HB006	Homo sapiens	cell culture	U3230	1	20200624_HGCC_GBM_stem_cell_lines_TMT16_HiRIEF_IPG3-10_fr09_TMT129N	proteomic profiling by mass spectrometry	NT=Data-dependent acquisition;AC=PRIDE:0000627	NT=Q Exactive HF;AC=MS:1002523	TMT129N	NT=Lys-C;AC=MS:1001309	NT=Trypsin;AC=MS:1001251	9	1	20200624_HGCC_GBM_stem_cell_lines_TMT16_HiRIEF_IPG3-10_fr09.raw	v1.1.0	NT=ms-proteomics;VV=v1.1.0	NT=human;VV=v1.1.0	manual curation	U3230	HB006
HGCC_HB007	Homo sapiens	cell culture	U3123	1	20200624_HGCC_GBM_stem_cell_lines_TMT16_HiRIEF_IPG3-10_fr09_TMT129C	proteomic profiling by mass spectrometry	NT=Data-dependent acquisition;AC=PRIDE:0000627	NT=Q Exactive HF;AC=MS:1002523	TMT129C	NT=Lys-C;AC=MS:1001309	NT=Trypsin;AC=MS:1001251	9	1	20200624_HGCC_GBM_stem_cell_lines_TMT16_HiRIEF_IPG3-10_fr09.raw	v1.1.0	NT=ms-proteomics;VV=v1.1.0	NT=human;VV=v1.1.0	manual curation	U3123	HB007
HGCC_HB008_1	Homo sapiens	cell culture	U3071	1	20200624_HGCC_GBM_stem_cell_lines_TMT16_HiRIEF_IPG3-10_fr09_TMT130N	proteomic profiling by mass spectrometry	NT=Data-dependent acquisition;AC=PRIDE:0000627	NT=Q Exactive HF;AC=MS:1002523	TMT130N	NT=Lys-C;AC=MS:1001309	NT=Trypsin;AC=MS:1001251	9	1	20200624_HGCC_GBM_stem_cell_lines_TMT16_HiRIEF_IPG3-10_fr09.raw	v1.1.0	NT=ms-proteomics;VV=v1.1.0	NT=human;VV=v1.1.0	manual curation	U3071	HB008_1
HGCC_HB008_2	Homo sapiens	cell culture	U3071	2	20200624_HGCC_GBM_stem_cell_lines_TMT16_HiRIEF_IPG3-10_fr09_TMT130C	proteomic profiling by mass spectrometry	NT=Data-dependent acquisition;AC=PRIDE:0000627	NT=Q Exactive HF;AC=MS:1002523	TMT130C	NT=Lys-C;AC=MS:1001309	NT=Trypsin;AC=MS:1001251	9	1	20200624_HGCC_GBM_stem_cell_lines_TMT16_HiRIEF_IPG3-10_fr09.raw	v1.1.0	NT=ms-proteomics;VV=v1.1.0	NT=human;VV=v1.1.0	manual curation	U3071	HB008_2
HGCC_HB009	Homo sapiens	cell culture	U3137	1	20200624_HGCC_GBM_stem_cell_lines_TMT16_HiRIEF_IPG3-10_fr09_TMT131N	proteomic profiling by mass spectrometry	NT=Data-dependent acquisition;AC=PRIDE:0000627	NT=Q Exactive HF;AC=MS:1002523	TMT131N	NT=Lys-C;AC=MS:1001309	NT=Trypsin;AC=MS:1001251	9	1	20200624_HGCC_GBM_stem_cell_lines_TMT16_HiRIEF_IPG3-10_fr09.raw	v1.1.0	NT=ms-proteomics;VV=v1.1.0	NT=human;VV=v1.1.0	manual curation	U3137	HB009
HGCC_HB010	Homo sapiens	cell culture	U3263	1	20200624_HGCC_GBM_stem_cell_lines_TMT16_HiRIEF_IPG3-10_fr09_TMT131C	proteomic profiling by mass spectrometry	NT=Data-dependent acquisition;AC=PRIDE:0000627	NT=Q Exactive HF;AC=MS:1002523	TMT131C	NT=Lys-C;AC=MS:1001309	NT=Trypsin;AC=MS:1001251	9	1	20200624_HGCC_GBM_stem_cell_lines_TMT16_HiRIEF_IPG3-10_fr09.raw	v1.1.0	NT=ms-proteomics;VV=v1.1.0	NT=human;VV=v1.1.0	manual curation	U3263	HB010
HGCC_HB011_1	Homo sapiens	cell culture	U3053	1	20200624_HGCC_GBM_stem_cell_lines_TMT16_HiRIEF_IPG3-10_fr09_TMT132N	proteomic profiling by mass spectrometry	NT=Data-dependent acquisition;AC=PRIDE:0000627	NT=Q Exactive HF;AC=MS:1002523	TMT132N	NT=Lys-C;AC=MS:1001309	NT=Trypsin;AC=MS:1001251	9	1	20200624_HGCC_GBM_stem_cell_lines_TMT16_HiRIEF_IPG3-10_fr09.raw	v1.1.0	NT=ms-proteomics;VV=v1.1.0	NT=human;VV=v1.1.0	manual curation	U3053	HB011_1
HGCC_HB011_2	Homo sapiens	cell culture	U3053	2	20200624_HGCC_GBM_stem_cell_lines_TMT16_HiRIEF_IPG3-10_fr09_TMT132C	proteomic profiling by mass spectrometry	NT=Data-dependent acquisition;AC=PRIDE:0000627	NT=Q Exactive HF;AC=MS:1002523	TMT132C	NT=Lys-C;AC=MS:1001309	NT=Trypsin;AC=MS:1001251	9	1	20200624_HGCC_GBM_stem_cell_lines_TMT16_HiRIEF_IPG3-10_fr09.raw	v1.1.0	NT=ms-proteomics;VV=v1.1.0	NT=human;VV=v1.1.0	manual curation	U3053	HB011_2
HGCC_HB012	Homo sapiens	cell culture	U3461	1	20200624_HGCC_GBM_stem_cell_lines_TMT16_HiRIEF_IPG3-10_fr09_TMT133N	proteomic profiling by mass spectrometry	NT=Data-dependent acquisition;AC=PRIDE:0000627	NT=Q Exactive HF;AC=MS:1002523	TMT133N	NT=Lys-C;AC=MS:1001309	NT=Trypsin;AC=MS:1001251	9	1	20200624_HGCC_GBM_stem_cell_lines_TMT16_HiRIEF_IPG3-10_fr09.raw	v1.1.0	NT=ms-proteomics;VV=v1.1.0	NT=human;VV=v1.1.0	manual curation	U3461	HB012
HGCC_HB001	Homo sapiens	cell culture	U3468	1	20200624_HGCC_GBM_stem_cell_lines_TMT16_HiRIEF_IPG3-10_fr08_TMT126	proteomic profiling by mass spectrometry	NT=Data-dependent acquisition;AC=PRIDE:0000627	NT=Q Exactive HF;AC=MS:1002523	TMT126	NT=Lys-C;AC=MS:1001309	NT=Trypsin;AC=MS:1001251	8	1	20200624_HGCC_GBM_stem_cell_lines_TMT16_HiRIEF_IPG3-10_fr08.raw	v1.1.0	NT=ms-proteomics;VV=v1.1.0	NT=human;VV=v1.1.0	manual curation	U3468	HB001
HGCC_HB002	Homo sapiens	cell culture	U3440	1	20200624_HGCC_GBM_stem_cell_lines_TMT16_HiRIEF_IPG3-10_fr08_TMT127N	proteomic profiling by mass spectrometry	NT=Data-dependent acquisition;AC=PRIDE:0000627	NT=Q Exactive HF;AC=MS:1002523	TMT127N	NT=Lys-C;AC=MS:1001309	NT=Trypsin;AC=MS:1001251	8	1	20200624_HGCC_GBM_stem_cell_lines_TMT16_HiRIEF_IPG3-10_fr08.raw	v1.1.0	NT=ms-proteomics;VV=v1.1.0	NT=human;VV=v1.1.0	manual curation	U3440	HB002
HGCC_HB003_1	Homo sapiens	cell culture	U3452	1	20200624_HGCC_GBM_stem_cell_lines_TMT16_HiRIEF_IPG3-10_fr08_TMT127C	proteomic profiling by mass spectrometry	NT=Data-dependent acquisition;AC=PRIDE:0000627	NT=Q Exactive HF;AC=MS:1002523	TMT127C	NT=Lys-C;AC=MS:1001309	NT=Trypsin;AC=MS:1001251	8	1	20200624_HGCC_GBM_stem_cell_lines_TMT16_HiRIEF_IPG3-10_fr08.raw	v1.1.0	NT=ms-proteomics;VV=v1.1.0	NT=human;VV=v1.1.0	manual curation	U3452	HB003_1
HGCC_HB003_2	Homo sapiens	cell culture	U3452	2	20200624_HGCC_GBM_stem_cell_lines_TMT16_HiRIEF_IPG3-10_fr08_TMT128N	proteomic profiling by mass spectrometry	NT=Data-dependent acquisition;AC=PRIDE:0000627	NT=Q Exactive HF;AC=MS:1002523	TMT128N	NT=Lys-C;AC=MS:1001309	NT=Trypsin;AC=MS:1001251	8	1	20200624_HGCC_GBM_stem_cell_lines_TMT16_HiRIEF_IPG3-10_fr08.raw	v1.1.0	NT=ms-proteomics;VV=v1.1.0	NT=human;VV=v1.1.0	manual curation	U3452	HB003_2
HGCC_HB005	Homo sapiens	cell culture	U3308	1	20200624_HGCC_GBM_stem_cell_lines_TMT16_HiRIEF_IPG3-10_fr08_TMT128C	proteomic profiling by mass spectrometry	NT=Data-dependent acquisition;AC=PRIDE:0000627	NT=Q Exactive HF;AC=MS:1002523	TMT128C	NT=Lys-C;AC=MS:1001309	NT=Trypsin;AC=MS:1001251	8	1	20200624_HGCC_GBM_stem_cell_lines_TMT16_HiRIEF_IPG3-10_fr08.raw	v1.1.0	NT=ms-proteomics;VV=v1.1.0	NT=human;VV=v1.1.0	manual curation	U3308	HB005
HGCC_HB006	Homo sapiens	cell culture	U3230	1	20200624_HGCC_GBM_stem_cell_lines_TMT16_HiRIEF_IPG3-10_fr08_TMT129N	proteomic profiling by mass spectrometry	NT=Data-dependent acquisition;AC=PRIDE:0000627	NT=Q Exactive HF;AC=MS:1002523	TMT129N	NT=Lys-C;AC=MS:1001309	NT=Trypsin;AC=MS:1001251	8	1	20200624_HGCC_GBM_stem_cell_lines_TMT16_HiRIEF_IPG3-10_fr08.raw	v1.1.0	NT=ms-proteomics;VV=v1.1.0	NT=human;VV=v1.1.0	manual curation	U3230	HB006
HGCC_HB007	Homo sapiens	cell culture	U3123	1	20200624_HGCC_GBM_stem_cell_lines_TMT16_HiRIEF_IPG3-10_fr08_TMT129C	proteomic profiling by mass spectrometry	NT=Data-dependent acquisition;AC=PRIDE:0000627	NT=Q Exactive HF;AC=MS:1002523	TMT129C	NT=Lys-C;AC=MS:1001309	NT=Trypsin;AC=MS:1001251	8	1	20200624_HGCC_GBM_stem_cell_lines_TMT16_HiRIEF_IPG3-10_fr08.raw	v1.1.0	NT=ms-proteomics;VV=v1.1.0	NT=human;VV=v1.1.0	manual curation	U3123	HB007
HGCC_HB008_1	Homo sapiens	cell culture	U3071	1	20200624_HGCC_GBM_stem_cell_lines_TMT16_HiRIEF_IPG3-10_fr08_TMT130N	proteomic profiling by mass spectrometry	NT=Data-dependent acquisition;AC=PRIDE:0000627	NT=Q Exactive HF;AC=MS:1002523	TMT130N	NT=Lys-C;AC=MS:1001309	NT=Trypsin;AC=MS:1001251	8	1	20200624_HGCC_GBM_stem_cell_lines_TMT16_HiRIEF_IPG3-10_fr08.raw	v1.1.0	NT=ms-proteomics;VV=v1.1.0	NT=human;VV=v1.1.0	manual curation	U3071	HB008_1
HGCC_HB008_2	Homo sapiens	cell culture	U3071	2	20200624_HGCC_GBM_stem_cell_lines_TMT16_HiRIEF_IPG3-10_fr08_TMT130C	proteomic profiling by mass spectrometry	NT=Data-dependent acquisition;AC=PRIDE:0000627	NT=Q Exactive HF;AC=MS:1002523	TMT130C	NT=Lys-C;AC=MS:1001309	NT=Trypsin;AC=MS:1001251	8	1	20200624_HGCC_GBM_stem_cell_lines_TMT16_HiRIEF_IPG3-10_fr08.raw	v1.1.0	NT=ms-proteomics;VV=v1.1.0	NT=human;VV=v1.1.0	manual curation	U3071	HB008_2
HGCC_HB009	Homo sapiens	cell culture	U3137	1	20200624_HGCC_GBM_stem_cell_lines_TMT16_HiRIEF_IPG3-10_fr08_TMT131N	proteomic profiling by mass spectrometry	NT=Data-dependent acquisition;AC=PRIDE:0000627	NT=Q Exactive HF;AC=MS:1002523	TMT131N	NT=Lys-C;AC=MS:1001309	NT=Trypsin;AC=MS:1001251	8	1	20200624_HGCC_GBM_stem_cell_lines_TMT16_HiRIEF_IPG3-10_fr08.raw	v1.1.0	NT=ms-proteomics;VV=v1.1.0	NT=human;VV=v1.1.0	manual curation	U3137	HB009
HGCC_HB010	Homo sapiens	cell culture	U3263	1	20200624_HGCC_GBM_stem_cell_lines_TMT16_HiRIEF_IPG3-10_fr08_TMT131C	proteomic profiling by mass spectrometry	NT=Data-dependent acquisition;AC=PRIDE:0000627	NT=Q Exactive HF;AC=MS:1002523	TMT131C	NT=Lys-C;AC=MS:1001309	NT=Trypsin;AC=MS:1001251	8	1	20200624_HGCC_GBM_stem_cell_lines_TMT16_HiRIEF_IPG3-10_fr08.raw	v1.1.0	NT=ms-proteomics;VV=v1.1.0	NT=human;VV=v1.1.0	manual curation	U3263	HB010
HGCC_HB011_1	Homo sapiens	cell culture	U3053	1	20200624_HGCC_GBM_stem_cell_lines_TMT16_HiRIEF_IPG3-10_fr08_TMT132N	proteomic profiling by mass spectrometry	NT=Data-dependent acquisition;AC=PRIDE:0000627	NT=Q Exactive HF;AC=MS:1002523	TMT132N	NT=Lys-C;AC=MS:1001309	NT=Trypsin;AC=MS:1001251	8	1	20200624_HGCC_GBM_stem_cell_lines_TMT16_HiRIEF_IPG3-10_fr08.raw	v1.1.0	NT=ms-proteomics;VV=v1.1.0	NT=human;VV=v1.1.0	manual curation	U3053	HB011_1
HGCC_HB011_2	Homo sapiens	cell culture	U3053	2	20200624_HGCC_GBM_stem_cell_lines_TMT16_HiRIEF_IPG3-10_fr08_TMT132C	proteomic profiling by mass spectrometry	NT=Data-dependent acquisition;AC=PRIDE:0000627	NT=Q Exactive HF;AC=MS:1002523	TMT132C	NT=Lys-C;AC=MS:1001309	NT=Trypsin;AC=MS:1001251	8	1	20200624_HGCC_GBM_stem_cell_lines_TMT16_HiRIEF_IPG3-10_fr08.raw	v1.1.0	NT=ms-proteomics;VV=v1.1.0	NT=human;VV=v1.1.0	manual curation	U3053	HB011_2
HGCC_HB012	Homo sapiens	cell culture	U3461	1	20200624_HGCC_GBM_stem_cell_lines_TMT16_HiRIEF_IPG3-10_fr08_TMT133N	proteomic profiling by mass spectrometry	NT=Data-dependent acquisition;AC=PRIDE:0000627	NT=Q Exactive HF;AC=MS:1002523	TMT133N	NT=Lys-C;AC=MS:1001309	NT=Trypsin;AC=MS:1001251	8	1	20200624_HGCC_GBM_stem_cell_lines_TMT16_HiRIEF_IPG3-10_fr08.raw	v1.1.0	NT=ms-proteomics;VV=v1.1.0	NT=human;VV=v1.1.0	manual curation	U3461	HB012
HGCC_HB001	Homo sapiens	cell culture	U3468	1	20200624_HGCC_GBM_stem_cell_lines_TMT16_HiRIEF_IPG3-10_fr72_TMT126	proteomic profiling by mass spectrometry	NT=Data-dependent acquisition;AC=PRIDE:0000627	NT=Q Exactive HF;AC=MS:1002523	TMT126	NT=Lys-C;AC=MS:1001309	NT=Trypsin;AC=MS:1001251	72	1	20200624_HGCC_GBM_stem_cell_lines_TMT16_HiRIEF_IPG3-10_fr72.raw	v1.1.0	NT=ms-proteomics;VV=v1.1.0	NT=human;VV=v1.1.0	manual curation	U3468	HB001
HGCC_HB002	Homo sapiens	cell culture	U3440	1	20200624_HGCC_GBM_stem_cell_lines_TMT16_HiRIEF_IPG3-10_fr72_TMT127N	proteomic profiling by mass spectrometry	NT=Data-dependent acquisition;AC=PRIDE:0000627	NT=Q Exactive HF;AC=MS:1002523	TMT127N	NT=Lys-C;AC=MS:1001309	NT=Trypsin;AC=MS:1001251	72	1	20200624_HGCC_GBM_stem_cell_lines_TMT16_HiRIEF_IPG3-10_fr72.raw	v1.1.0	NT=ms-proteomics;VV=v1.1.0	NT=human;VV=v1.1.0	manual curation	U3440	HB002
HGCC_HB003_1	Homo sapiens	cell culture	U3452	1	20200624_HGCC_GBM_stem_cell_lines_TMT16_HiRIEF_IPG3-10_fr72_TMT127C	proteomic profiling by mass spectrometry	NT=Data-dependent acquisition;AC=PRIDE:0000627	NT=Q Exactive HF;AC=MS:1002523	TMT127C	NT=Lys-C;AC=MS:1001309	NT=Trypsin;AC=MS:1001251	72	1	20200624_HGCC_GBM_stem_cell_lines_TMT16_HiRIEF_IPG3-10_fr72.raw	v1.1.0	NT=ms-proteomics;VV=v1.1.0	NT=human;VV=v1.1.0	manual curation	U3452	HB003_1
HGCC_HB003_2	Homo sapiens	cell culture	U3452	2	20200624_HGCC_GBM_stem_cell_lines_TMT16_HiRIEF_IPG3-10_fr72_TMT128N	proteomic profiling by mass spectrometry	NT=Data-dependent acquisition;AC=PRIDE:0000627	NT=Q Exactive HF;AC=MS:1002523	TMT128N	NT=Lys-C;AC=MS:1001309	NT=Trypsin;AC=MS:1001251	72	1	20200624_HGCC_GBM_stem_cell_lines_TMT16_HiRIEF_IPG3-10_fr72.raw	v1.1.0	NT=ms-proteomics;VV=v1.1.0	NT=human;VV=v1.1.0	manual curation	U3452	HB003_2
HGCC_HB005	Homo sapiens	cell culture	U3308	1	20200624_HGCC_GBM_stem_cell_lines_TMT16_HiRIEF_IPG3-10_fr72_TMT128C	proteomic profiling by mass spectrometry	NT=Data-dependent acquisition;AC=PRIDE:0000627	NT=Q Exactive HF;AC=MS:1002523	TMT128C	NT=Lys-C;AC=MS:1001309	NT=Trypsin;AC=MS:1001251	72	1	20200624_HGCC_GBM_stem_cell_lines_TMT16_HiRIEF_IPG3-10_fr72.raw	v1.1.0	NT=ms-proteomics;VV=v1.1.0	NT=human;VV=v1.1.0	manual curation	U3308	HB005
HGCC_HB006	Homo sapiens	cell culture	U3230	1	20200624_HGCC_GBM_stem_cell_lines_TMT16_HiRIEF_IPG3-10_fr72_TMT129N	proteomic profiling by mass spectrometry	NT=Data-dependent acquisition;AC=PRIDE:0000627	NT=Q Exactive HF;AC=MS:1002523	TMT129N	NT=Lys-C;AC=MS:1001309	NT=Trypsin;AC=MS:1001251	72	1	20200624_HGCC_GBM_stem_cell_lines_TMT16_HiRIEF_IPG3-10_fr72.raw	v1.1.0	NT=ms-proteomics;VV=v1.1.0	NT=human;VV=v1.1.0	manual curation	U3230	HB006
HGCC_HB007	Homo sapiens	cell culture	U3123	1	20200624_HGCC_GBM_stem_cell_lines_TMT16_HiRIEF_IPG3-10_fr72_TMT129C	proteomic profiling by mass spectrometry	NT=Data-dependent acquisition;AC=PRIDE:0000627	NT=Q Exactive HF;AC=MS:1002523	TMT129C	NT=Lys-C;AC=MS:1001309	NT=Trypsin;AC=MS:1001251	72	1	20200624_HGCC_GBM_stem_cell_lines_TMT16_HiRIEF_IPG3-10_fr72.raw	v1.1.0	NT=ms-proteomics;VV=v1.1.0	NT=human;VV=v1.1.0	manual curation	U3123	HB007
HGCC_HB008_1	Homo sapiens	cell culture	U3071	1	20200624_HGCC_GBM_stem_cell_lines_TMT16_HiRIEF_IPG3-10_fr72_TMT130N	proteomic profiling by mass spectrometry	NT=Data-dependent acquisition;AC=PRIDE:0000627	NT=Q Exactive HF;AC=MS:1002523	TMT130N	NT=Lys-C;AC=MS:1001309	NT=Trypsin;AC=MS:1001251	72	1	20200624_HGCC_GBM_stem_cell_lines_TMT16_HiRIEF_IPG3-10_fr72.raw	v1.1.0	NT=ms-proteomics;VV=v1.1.0	NT=human;VV=v1.1.0	manual curation	U3071	HB008_1
HGCC_HB008_2	Homo sapiens	cell culture	U3071	2	20200624_HGCC_GBM_stem_cell_lines_TMT16_HiRIEF_IPG3-10_fr72_TMT130C	proteomic profiling by mass spectrometry	NT=Data-dependent acquisition;AC=PRIDE:0000627	NT=Q Exactive HF;AC=MS:1002523	TMT130C	NT=Lys-C;AC=MS:1001309	NT=Trypsin;AC=MS:1001251	72	1	20200624_HGCC_GBM_stem_cell_lines_TMT16_HiRIEF_IPG3-10_fr72.raw	v1.1.0	NT=ms-proteomics;VV=v1.1.0	NT=human;VV=v1.1.0	manual curation	U3071	HB008_2
HGCC_HB009	Homo sapiens	cell culture	U3137	1	20200624_HGCC_GBM_stem_cell_lines_TMT16_HiRIEF_IPG3-10_fr72_TMT131N	proteomic profiling by mass spectrometry	NT=Data-dependent acquisition;AC=PRIDE:0000627	NT=Q Exactive HF;AC=MS:1002523	TMT131N	NT=Lys-C;AC=MS:1001309	NT=Trypsin;AC=MS:1001251	72	1	20200624_HGCC_GBM_stem_cell_lines_TMT16_HiRIEF_IPG3-10_fr72.raw	v1.1.0	NT=ms-proteomics;VV=v1.1.0	NT=human;VV=v1.1.0	manual curation	U3137	HB009
HGCC_HB010	Homo sapiens	cell culture	U3263	1	20200624_HGCC_GBM_stem_cell_lines_TMT16_HiRIEF_IPG3-10_fr72_TMT131C	proteomic profiling by mass spectrometry	NT=Data-dependent acquisition;AC=PRIDE:0000627	NT=Q Exactive HF;AC=MS:1002523	TMT131C	NT=Lys-C;AC=MS:1001309	NT=Trypsin;AC=MS:1001251	72	1	20200624_HGCC_GBM_stem_cell_lines_TMT16_HiRIEF_IPG3-10_fr72.raw	v1.1.0	NT=ms-proteomics;VV=v1.1.0	NT=human;VV=v1.1.0	manual curation	U3263	HB010
HGCC_HB011_1	Homo sapiens	cell culture	U3053	1	20200624_HGCC_GBM_stem_cell_lines_TMT16_HiRIEF_IPG3-10_fr72_TMT132N	proteomic profiling by mass spectrometry	NT=Data-dependent acquisition;AC=PRIDE:0000627	NT=Q Exactive HF;AC=MS:1002523	TMT132N	NT=Lys-C;AC=MS:1001309	NT=Trypsin;AC=MS:1001251	72	1	20200624_HGCC_GBM_stem_cell_lines_TMT16_HiRIEF_IPG3-10_fr72.raw	v1.1.0	NT=ms-proteomics;VV=v1.1.0	NT=human;VV=v1.1.0	manual curation	U3053	HB011_1
HGCC_HB011_2	Homo sapiens	cell culture	U3053	2	20200624_HGCC_GBM_stem_cell_lines_TMT16_HiRIEF_IPG3-10_fr72_TMT132C	proteomic profiling by mass spectrometry	NT=Data-dependent acquisition;AC=PRIDE:0000627	NT=Q Exactive HF;AC=MS:1002523	TMT132C	NT=Lys-C;AC=MS:1001309	NT=Trypsin;AC=MS:1001251	72	1	20200624_HGCC_GBM_stem_cell_lines_TMT16_HiRIEF_IPG3-10_fr72.raw	v1.1.0	NT=ms-proteomics;VV=v1.1.0	NT=human;VV=v1.1.0	manual curation	U3053	HB011_2
HGCC_HB012	Homo sapiens	cell culture	U3461	1	20200624_HGCC_GBM_stem_cell_lines_TMT16_HiRIEF_IPG3-10_fr72_TMT133N	proteomic profiling by mass spectrometry	NT=Data-dependent acquisition;AC=PRIDE:0000627	NT=Q Exactive HF;AC=MS:1002523	TMT133N	NT=Lys-C;AC=MS:1001309	NT=Trypsin;AC=MS:1001251	72	1	20200624_HGCC_GBM_stem_cell_lines_TMT16_HiRIEF_IPG3-10_fr72.raw	v1.1.0	NT=ms-proteomics;VV=v1.1.0	NT=human;VV=v1.1.0	manual curation	U3461	HB012
