source name	characteristics[organism]	characteristics[organism part]	characteristics[biological replicate]	characteristics[material type]	assay name	technology type	comment[technical replicate]	comment[data file]	comment[sdrf version]	comment[sdrf template]	comment[sdrf annotation tool]	comment[proteomics data acquisition method]	comment[instrument]	comment[cleavage agent details]	comment[label]	comment[fraction identifier]	comment[dissociation method]	comment[precursor mass tolerance]	comment[fragment mass tolerance]	comment[reduction reagent]	comment[alkylation reagent]	comment[modification parameters]	comment[modification parameters]	comment[modification parameters]	comment[modification parameters]	factor value[phenotype]	factor value[strain]
set2-28223-r1	Staphylococcus aureus	not applicable	1	whole organism	Fusion_220602_54-TMT126	proteomic profiling by mass spectrometry	1	Fusion_220602_54.raw	v1.1.0	NT=ms-proteomics;VV=v1.1.0	manual curation	NT=Data-dependent acquisition;AC=PRIDE:0000627	NT=Orbitrap Fusion;AC=MS:1002416	NT=Trypsin;AC=MS:1001251	TMT126	1	NT=collision-induced dissociation;AC=MS:1000133	5 ppm	0.6 Da	NT=dithiothreitol (DTT);AC=PRIDE:0000608	NT=methyl methanethiosulfonate (MMTS);AC=PRIDE:0000605	NT=Methylthio;AC=UNIMOD:39;TA=C;MT=Fixed	NT=Oxidation;AC=UNIMOD:35;TA=M;MT=Variable	NT=TMTpro;AC=UNIMOD:2016;TA=K;MT=Fixed	NT=TMTpro;AC=UNIMOD:2016;PP=Protein N-term;MT=Fixed	parental	28223
set2-28223-r1	Staphylococcus aureus	not applicable	1	whole organism	Fusion_220602_55-TMT126	proteomic profiling by mass spectrometry	1	Fusion_220602_55.raw	v1.1.0	NT=ms-proteomics;VV=v1.1.0	manual curation	NT=Data-dependent acquisition;AC=PRIDE:0000627	NT=Orbitrap Fusion;AC=MS:1002416	NT=Trypsin;AC=MS:1001251	TMT126	2	NT=collision-induced dissociation;AC=MS:1000133	5 ppm	0.6 Da	NT=dithiothreitol (DTT);AC=PRIDE:0000608	NT=methyl methanethiosulfonate (MMTS);AC=PRIDE:0000605	NT=Methylthio;AC=UNIMOD:39;TA=C;MT=Fixed	NT=Oxidation;AC=UNIMOD:35;TA=M;MT=Variable	NT=TMTpro;AC=UNIMOD:2016;TA=K;MT=Fixed	NT=TMTpro;AC=UNIMOD:2016;PP=Protein N-term;MT=Fixed	parental	28223
set2-28223-r1	Staphylococcus aureus	not applicable	1	whole organism	Fusion_220602_56-TMT126	proteomic profiling by mass spectrometry	1	Fusion_220602_56.raw	v1.1.0	NT=ms-proteomics;VV=v1.1.0	manual curation	NT=Data-dependent acquisition;AC=PRIDE:0000627	NT=Orbitrap Fusion;AC=MS:1002416	NT=Trypsin;AC=MS:1001251	TMT126	3	NT=collision-induced dissociation;AC=MS:1000133	5 ppm	0.6 Da	NT=dithiothreitol (DTT);AC=PRIDE:0000608	NT=methyl methanethiosulfonate (MMTS);AC=PRIDE:0000605	NT=Methylthio;AC=UNIMOD:39;TA=C;MT=Fixed	NT=Oxidation;AC=UNIMOD:35;TA=M;MT=Variable	NT=TMTpro;AC=UNIMOD:2016;TA=K;MT=Fixed	NT=TMTpro;AC=UNIMOD:2016;PP=Protein N-term;MT=Fixed	parental	28223
set2-28223-r1	Staphylococcus aureus	not applicable	1	whole organism	Fusion_220602_57-TMT126	proteomic profiling by mass spectrometry	1	Fusion_220602_57.raw	v1.1.0	NT=ms-proteomics;VV=v1.1.0	manual curation	NT=Data-dependent acquisition;AC=PRIDE:0000627	NT=Orbitrap Fusion;AC=MS:1002416	NT=Trypsin;AC=MS:1001251	TMT126	4	NT=collision-induced dissociation;AC=MS:1000133	5 ppm	0.6 Da	NT=dithiothreitol (DTT);AC=PRIDE:0000608	NT=methyl methanethiosulfonate (MMTS);AC=PRIDE:0000605	NT=Methylthio;AC=UNIMOD:39;TA=C;MT=Fixed	NT=Oxidation;AC=UNIMOD:35;TA=M;MT=Variable	NT=TMTpro;AC=UNIMOD:2016;TA=K;MT=Fixed	NT=TMTpro;AC=UNIMOD:2016;PP=Protein N-term;MT=Fixed	parental	28223
set2-28223-r1	Staphylococcus aureus	not applicable	1	whole organism	Fusion_220602_58-TMT126	proteomic profiling by mass spectrometry	1	Fusion_220602_58.raw	v1.1.0	NT=ms-proteomics;VV=v1.1.0	manual curation	NT=Data-dependent acquisition;AC=PRIDE:0000627	NT=Orbitrap Fusion;AC=MS:1002416	NT=Trypsin;AC=MS:1001251	TMT126	5	NT=collision-induced dissociation;AC=MS:1000133	5 ppm	0.6 Da	NT=dithiothreitol (DTT);AC=PRIDE:0000608	NT=methyl methanethiosulfonate (MMTS);AC=PRIDE:0000605	NT=Methylthio;AC=UNIMOD:39;TA=C;MT=Fixed	NT=Oxidation;AC=UNIMOD:35;TA=M;MT=Variable	NT=TMTpro;AC=UNIMOD:2016;TA=K;MT=Fixed	NT=TMTpro;AC=UNIMOD:2016;PP=Protein N-term;MT=Fixed	parental	28223
set2-28223-r1	Staphylococcus aureus	not applicable	1	whole organism	Fusion_220602_59-TMT126	proteomic profiling by mass spectrometry	1	Fusion_220602_59.raw	v1.1.0	NT=ms-proteomics;VV=v1.1.0	manual curation	NT=Data-dependent acquisition;AC=PRIDE:0000627	NT=Orbitrap Fusion;AC=MS:1002416	NT=Trypsin;AC=MS:1001251	TMT126	6	NT=collision-induced dissociation;AC=MS:1000133	5 ppm	0.6 Da	NT=dithiothreitol (DTT);AC=PRIDE:0000608	NT=methyl methanethiosulfonate (MMTS);AC=PRIDE:0000605	NT=Methylthio;AC=UNIMOD:39;TA=C;MT=Fixed	NT=Oxidation;AC=UNIMOD:35;TA=M;MT=Variable	NT=TMTpro;AC=UNIMOD:2016;TA=K;MT=Fixed	NT=TMTpro;AC=UNIMOD:2016;PP=Protein N-term;MT=Fixed	parental	28223
set2-28223-r1	Staphylococcus aureus	not applicable	1	whole organism	Fusion_220602_60-TMT126	proteomic profiling by mass spectrometry	1	Fusion_220602_60.raw	v1.1.0	NT=ms-proteomics;VV=v1.1.0	manual curation	NT=Data-dependent acquisition;AC=PRIDE:0000627	NT=Orbitrap Fusion;AC=MS:1002416	NT=Trypsin;AC=MS:1001251	TMT126	7	NT=collision-induced dissociation;AC=MS:1000133	5 ppm	0.6 Da	NT=dithiothreitol (DTT);AC=PRIDE:0000608	NT=methyl methanethiosulfonate (MMTS);AC=PRIDE:0000605	NT=Methylthio;AC=UNIMOD:39;TA=C;MT=Fixed	NT=Oxidation;AC=UNIMOD:35;TA=M;MT=Variable	NT=TMTpro;AC=UNIMOD:2016;TA=K;MT=Fixed	NT=TMTpro;AC=UNIMOD:2016;PP=Protein N-term;MT=Fixed	parental	28223
set2-28223-r1	Staphylococcus aureus	not applicable	1	whole organism	Fusion_220602_61-TMT126	proteomic profiling by mass spectrometry	1	Fusion_220602_61.raw	v1.1.0	NT=ms-proteomics;VV=v1.1.0	manual curation	NT=Data-dependent acquisition;AC=PRIDE:0000627	NT=Orbitrap Fusion;AC=MS:1002416	NT=Trypsin;AC=MS:1001251	TMT126	8	NT=collision-induced dissociation;AC=MS:1000133	5 ppm	0.6 Da	NT=dithiothreitol (DTT);AC=PRIDE:0000608	NT=methyl methanethiosulfonate (MMTS);AC=PRIDE:0000605	NT=Methylthio;AC=UNIMOD:39;TA=C;MT=Fixed	NT=Oxidation;AC=UNIMOD:35;TA=M;MT=Variable	NT=TMTpro;AC=UNIMOD:2016;TA=K;MT=Fixed	NT=TMTpro;AC=UNIMOD:2016;PP=Protein N-term;MT=Fixed	parental	28223
set2-28223-r1	Staphylococcus aureus	not applicable	1	whole organism	Fusion_220602_62-TMT126	proteomic profiling by mass spectrometry	1	Fusion_220602_62.raw	v1.1.0	NT=ms-proteomics;VV=v1.1.0	manual curation	NT=Data-dependent acquisition;AC=PRIDE:0000627	NT=Orbitrap Fusion;AC=MS:1002416	NT=Trypsin;AC=MS:1001251	TMT126	9	NT=collision-induced dissociation;AC=MS:1000133	5 ppm	0.6 Da	NT=dithiothreitol (DTT);AC=PRIDE:0000608	NT=methyl methanethiosulfonate (MMTS);AC=PRIDE:0000605	NT=Methylthio;AC=UNIMOD:39;TA=C;MT=Fixed	NT=Oxidation;AC=UNIMOD:35;TA=M;MT=Variable	NT=TMTpro;AC=UNIMOD:2016;TA=K;MT=Fixed	NT=TMTpro;AC=UNIMOD:2016;PP=Protein N-term;MT=Fixed	parental	28223
set2-28223-r1	Staphylococcus aureus	not applicable	1	whole organism	Fusion_220602_63-TMT126	proteomic profiling by mass spectrometry	1	Fusion_220602_63.raw	v1.1.0	NT=ms-proteomics;VV=v1.1.0	manual curation	NT=Data-dependent acquisition;AC=PRIDE:0000627	NT=Orbitrap Fusion;AC=MS:1002416	NT=Trypsin;AC=MS:1001251	TMT126	10	NT=collision-induced dissociation;AC=MS:1000133	5 ppm	0.6 Da	NT=dithiothreitol (DTT);AC=PRIDE:0000608	NT=methyl methanethiosulfonate (MMTS);AC=PRIDE:0000605	NT=Methylthio;AC=UNIMOD:39;TA=C;MT=Fixed	NT=Oxidation;AC=UNIMOD:35;TA=M;MT=Variable	NT=TMTpro;AC=UNIMOD:2016;TA=K;MT=Fixed	NT=TMTpro;AC=UNIMOD:2016;PP=Protein N-term;MT=Fixed	parental	28223
set2-28223-r2	Staphylococcus aureus	not applicable	2	whole organism	Fusion_220602_54-TMT127N	proteomic profiling by mass spectrometry	1	Fusion_220602_54.raw	v1.1.0	NT=ms-proteomics;VV=v1.1.0	manual curation	NT=Data-dependent acquisition;AC=PRIDE:0000627	NT=Orbitrap Fusion;AC=MS:1002416	NT=Trypsin;AC=MS:1001251	TMT127N	1	NT=collision-induced dissociation;AC=MS:1000133	5 ppm	0.6 Da	NT=dithiothreitol (DTT);AC=PRIDE:0000608	NT=methyl methanethiosulfonate (MMTS);AC=PRIDE:0000605	NT=Methylthio;AC=UNIMOD:39;TA=C;MT=Fixed	NT=Oxidation;AC=UNIMOD:35;TA=M;MT=Variable	NT=TMTpro;AC=UNIMOD:2016;TA=K;MT=Fixed	NT=TMTpro;AC=UNIMOD:2016;PP=Protein N-term;MT=Fixed	parental	28223
set2-28223-r2	Staphylococcus aureus	not applicable	2	whole organism	Fusion_220602_55-TMT127N	proteomic profiling by mass spectrometry	1	Fusion_220602_55.raw	v1.1.0	NT=ms-proteomics;VV=v1.1.0	manual curation	NT=Data-dependent acquisition;AC=PRIDE:0000627	NT=Orbitrap Fusion;AC=MS:1002416	NT=Trypsin;AC=MS:1001251	TMT127N	2	NT=collision-induced dissociation;AC=MS:1000133	5 ppm	0.6 Da	NT=dithiothreitol (DTT);AC=PRIDE:0000608	NT=methyl methanethiosulfonate (MMTS);AC=PRIDE:0000605	NT=Methylthio;AC=UNIMOD:39;TA=C;MT=Fixed	NT=Oxidation;AC=UNIMOD:35;TA=M;MT=Variable	NT=TMTpro;AC=UNIMOD:2016;TA=K;MT=Fixed	NT=TMTpro;AC=UNIMOD:2016;PP=Protein N-term;MT=Fixed	parental	28223
set2-28223-r2	Staphylococcus aureus	not applicable	2	whole organism	Fusion_220602_56-TMT127N	proteomic profiling by mass spectrometry	1	Fusion_220602_56.raw	v1.1.0	NT=ms-proteomics;VV=v1.1.0	manual curation	NT=Data-dependent acquisition;AC=PRIDE:0000627	NT=Orbitrap Fusion;AC=MS:1002416	NT=Trypsin;AC=MS:1001251	TMT127N	3	NT=collision-induced dissociation;AC=MS:1000133	5 ppm	0.6 Da	NT=dithiothreitol (DTT);AC=PRIDE:0000608	NT=methyl methanethiosulfonate (MMTS);AC=PRIDE:0000605	NT=Methylthio;AC=UNIMOD:39;TA=C;MT=Fixed	NT=Oxidation;AC=UNIMOD:35;TA=M;MT=Variable	NT=TMTpro;AC=UNIMOD:2016;TA=K;MT=Fixed	NT=TMTpro;AC=UNIMOD:2016;PP=Protein N-term;MT=Fixed	parental	28223
set2-28223-r2	Staphylococcus aureus	not applicable	2	whole organism	Fusion_220602_57-TMT127N	proteomic profiling by mass spectrometry	1	Fusion_220602_57.raw	v1.1.0	NT=ms-proteomics;VV=v1.1.0	manual curation	NT=Data-dependent acquisition;AC=PRIDE:0000627	NT=Orbitrap Fusion;AC=MS:1002416	NT=Trypsin;AC=MS:1001251	TMT127N	4	NT=collision-induced dissociation;AC=MS:1000133	5 ppm	0.6 Da	NT=dithiothreitol (DTT);AC=PRIDE:0000608	NT=methyl methanethiosulfonate (MMTS);AC=PRIDE:0000605	NT=Methylthio;AC=UNIMOD:39;TA=C;MT=Fixed	NT=Oxidation;AC=UNIMOD:35;TA=M;MT=Variable	NT=TMTpro;AC=UNIMOD:2016;TA=K;MT=Fixed	NT=TMTpro;AC=UNIMOD:2016;PP=Protein N-term;MT=Fixed	parental	28223
set2-28223-r2	Staphylococcus aureus	not applicable	2	whole organism	Fusion_220602_58-TMT127N	proteomic profiling by mass spectrometry	1	Fusion_220602_58.raw	v1.1.0	NT=ms-proteomics;VV=v1.1.0	manual curation	NT=Data-dependent acquisition;AC=PRIDE:0000627	NT=Orbitrap Fusion;AC=MS:1002416	NT=Trypsin;AC=MS:1001251	TMT127N	5	NT=collision-induced dissociation;AC=MS:1000133	5 ppm	0.6 Da	NT=dithiothreitol (DTT);AC=PRIDE:0000608	NT=methyl methanethiosulfonate (MMTS);AC=PRIDE:0000605	NT=Methylthio;AC=UNIMOD:39;TA=C;MT=Fixed	NT=Oxidation;AC=UNIMOD:35;TA=M;MT=Variable	NT=TMTpro;AC=UNIMOD:2016;TA=K;MT=Fixed	NT=TMTpro;AC=UNIMOD:2016;PP=Protein N-term;MT=Fixed	parental	28223
set2-28223-r2	Staphylococcus aureus	not applicable	2	whole organism	Fusion_220602_59-TMT127N	proteomic profiling by mass spectrometry	1	Fusion_220602_59.raw	v1.1.0	NT=ms-proteomics;VV=v1.1.0	manual curation	NT=Data-dependent acquisition;AC=PRIDE:0000627	NT=Orbitrap Fusion;AC=MS:1002416	NT=Trypsin;AC=MS:1001251	TMT127N	6	NT=collision-induced dissociation;AC=MS:1000133	5 ppm	0.6 Da	NT=dithiothreitol (DTT);AC=PRIDE:0000608	NT=methyl methanethiosulfonate (MMTS);AC=PRIDE:0000605	NT=Methylthio;AC=UNIMOD:39;TA=C;MT=Fixed	NT=Oxidation;AC=UNIMOD:35;TA=M;MT=Variable	NT=TMTpro;AC=UNIMOD:2016;TA=K;MT=Fixed	NT=TMTpro;AC=UNIMOD:2016;PP=Protein N-term;MT=Fixed	parental	28223
set2-28223-r2	Staphylococcus aureus	not applicable	2	whole organism	Fusion_220602_60-TMT127N	proteomic profiling by mass spectrometry	1	Fusion_220602_60.raw	v1.1.0	NT=ms-proteomics;VV=v1.1.0	manual curation	NT=Data-dependent acquisition;AC=PRIDE:0000627	NT=Orbitrap Fusion;AC=MS:1002416	NT=Trypsin;AC=MS:1001251	TMT127N	7	NT=collision-induced dissociation;AC=MS:1000133	5 ppm	0.6 Da	NT=dithiothreitol (DTT);AC=PRIDE:0000608	NT=methyl methanethiosulfonate (MMTS);AC=PRIDE:0000605	NT=Methylthio;AC=UNIMOD:39;TA=C;MT=Fixed	NT=Oxidation;AC=UNIMOD:35;TA=M;MT=Variable	NT=TMTpro;AC=UNIMOD:2016;TA=K;MT=Fixed	NT=TMTpro;AC=UNIMOD:2016;PP=Protein N-term;MT=Fixed	parental	28223
set2-28223-r2	Staphylococcus aureus	not applicable	2	whole organism	Fusion_220602_61-TMT127N	proteomic profiling by mass spectrometry	1	Fusion_220602_61.raw	v1.1.0	NT=ms-proteomics;VV=v1.1.0	manual curation	NT=Data-dependent acquisition;AC=PRIDE:0000627	NT=Orbitrap Fusion;AC=MS:1002416	NT=Trypsin;AC=MS:1001251	TMT127N	8	NT=collision-induced dissociation;AC=MS:1000133	5 ppm	0.6 Da	NT=dithiothreitol (DTT);AC=PRIDE:0000608	NT=methyl methanethiosulfonate (MMTS);AC=PRIDE:0000605	NT=Methylthio;AC=UNIMOD:39;TA=C;MT=Fixed	NT=Oxidation;AC=UNIMOD:35;TA=M;MT=Variable	NT=TMTpro;AC=UNIMOD:2016;TA=K;MT=Fixed	NT=TMTpro;AC=UNIMOD:2016;PP=Protein N-term;MT=Fixed	parental	28223
set2-28223-r2	Staphylococcus aureus	not applicable	2	whole organism	Fusion_220602_62-TMT127N	proteomic profiling by mass spectrometry	1	Fusion_220602_62.raw	v1.1.0	NT=ms-proteomics;VV=v1.1.0	manual curation	NT=Data-dependent acquisition;AC=PRIDE:0000627	NT=Orbitrap Fusion;AC=MS:1002416	NT=Trypsin;AC=MS:1001251	TMT127N	9	NT=collision-induced dissociation;AC=MS:1000133	5 ppm	0.6 Da	NT=dithiothreitol (DTT);AC=PRIDE:0000608	NT=methyl methanethiosulfonate (MMTS);AC=PRIDE:0000605	NT=Methylthio;AC=UNIMOD:39;TA=C;MT=Fixed	NT=Oxidation;AC=UNIMOD:35;TA=M;MT=Variable	NT=TMTpro;AC=UNIMOD:2016;TA=K;MT=Fixed	NT=TMTpro;AC=UNIMOD:2016;PP=Protein N-term;MT=Fixed	parental	28223
set2-28223-r2	Staphylococcus aureus	not applicable	2	whole organism	Fusion_220602_63-TMT127N	proteomic profiling by mass spectrometry	1	Fusion_220602_63.raw	v1.1.0	NT=ms-proteomics;VV=v1.1.0	manual curation	NT=Data-dependent acquisition;AC=PRIDE:0000627	NT=Orbitrap Fusion;AC=MS:1002416	NT=Trypsin;AC=MS:1001251	TMT127N	10	NT=collision-induced dissociation;AC=MS:1000133	5 ppm	0.6 Da	NT=dithiothreitol (DTT);AC=PRIDE:0000608	NT=methyl methanethiosulfonate (MMTS);AC=PRIDE:0000605	NT=Methylthio;AC=UNIMOD:39;TA=C;MT=Fixed	NT=Oxidation;AC=UNIMOD:35;TA=M;MT=Variable	NT=TMTpro;AC=UNIMOD:2016;TA=K;MT=Fixed	NT=TMTpro;AC=UNIMOD:2016;PP=Protein N-term;MT=Fixed	parental	28223
set2-28223-M-r1	Staphylococcus aureus	not applicable	1	whole organism	Fusion_220602_54-TMT127C	proteomic profiling by mass spectrometry	1	Fusion_220602_54.raw	v1.1.0	NT=ms-proteomics;VV=v1.1.0	manual curation	NT=Data-dependent acquisition;AC=PRIDE:0000627	NT=Orbitrap Fusion;AC=MS:1002416	NT=Trypsin;AC=MS:1001251	TMT127C	1	NT=collision-induced dissociation;AC=MS:1000133	5 ppm	0.6 Da	NT=dithiothreitol (DTT);AC=PRIDE:0000608	NT=methyl methanethiosulfonate (MMTS);AC=PRIDE:0000605	NT=Methylthio;AC=UNIMOD:39;TA=C;MT=Fixed	NT=Oxidation;AC=UNIMOD:35;TA=M;MT=Variable	NT=TMTpro;AC=UNIMOD:2016;TA=K;MT=Fixed	NT=TMTpro;AC=UNIMOD:2016;PP=Protein N-term;MT=Fixed	monensin resistant	28223
set2-28223-M-r1	Staphylococcus aureus	not applicable	1	whole organism	Fusion_220602_55-TMT127C	proteomic profiling by mass spectrometry	1	Fusion_220602_55.raw	v1.1.0	NT=ms-proteomics;VV=v1.1.0	manual curation	NT=Data-dependent acquisition;AC=PRIDE:0000627	NT=Orbitrap Fusion;AC=MS:1002416	NT=Trypsin;AC=MS:1001251	TMT127C	2	NT=collision-induced dissociation;AC=MS:1000133	5 ppm	0.6 Da	NT=dithiothreitol (DTT);AC=PRIDE:0000608	NT=methyl methanethiosulfonate (MMTS);AC=PRIDE:0000605	NT=Methylthio;AC=UNIMOD:39;TA=C;MT=Fixed	NT=Oxidation;AC=UNIMOD:35;TA=M;MT=Variable	NT=TMTpro;AC=UNIMOD:2016;TA=K;MT=Fixed	NT=TMTpro;AC=UNIMOD:2016;PP=Protein N-term;MT=Fixed	monensin resistant	28223
set2-28223-M-r1	Staphylococcus aureus	not applicable	1	whole organism	Fusion_220602_56-TMT127C	proteomic profiling by mass spectrometry	1	Fusion_220602_56.raw	v1.1.0	NT=ms-proteomics;VV=v1.1.0	manual curation	NT=Data-dependent acquisition;AC=PRIDE:0000627	NT=Orbitrap Fusion;AC=MS:1002416	NT=Trypsin;AC=MS:1001251	TMT127C	3	NT=collision-induced dissociation;AC=MS:1000133	5 ppm	0.6 Da	NT=dithiothreitol (DTT);AC=PRIDE:0000608	NT=methyl methanethiosulfonate (MMTS);AC=PRIDE:0000605	NT=Methylthio;AC=UNIMOD:39;TA=C;MT=Fixed	NT=Oxidation;AC=UNIMOD:35;TA=M;MT=Variable	NT=TMTpro;AC=UNIMOD:2016;TA=K;MT=Fixed	NT=TMTpro;AC=UNIMOD:2016;PP=Protein N-term;MT=Fixed	monensin resistant	28223
set2-28223-M-r1	Staphylococcus aureus	not applicable	1	whole organism	Fusion_220602_57-TMT127C	proteomic profiling by mass spectrometry	1	Fusion_220602_57.raw	v1.1.0	NT=ms-proteomics;VV=v1.1.0	manual curation	NT=Data-dependent acquisition;AC=PRIDE:0000627	NT=Orbitrap Fusion;AC=MS:1002416	NT=Trypsin;AC=MS:1001251	TMT127C	4	NT=collision-induced dissociation;AC=MS:1000133	5 ppm	0.6 Da	NT=dithiothreitol (DTT);AC=PRIDE:0000608	NT=methyl methanethiosulfonate (MMTS);AC=PRIDE:0000605	NT=Methylthio;AC=UNIMOD:39;TA=C;MT=Fixed	NT=Oxidation;AC=UNIMOD:35;TA=M;MT=Variable	NT=TMTpro;AC=UNIMOD:2016;TA=K;MT=Fixed	NT=TMTpro;AC=UNIMOD:2016;PP=Protein N-term;MT=Fixed	monensin resistant	28223
set2-28223-M-r1	Staphylococcus aureus	not applicable	1	whole organism	Fusion_220602_58-TMT127C	proteomic profiling by mass spectrometry	1	Fusion_220602_58.raw	v1.1.0	NT=ms-proteomics;VV=v1.1.0	manual curation	NT=Data-dependent acquisition;AC=PRIDE:0000627	NT=Orbitrap Fusion;AC=MS:1002416	NT=Trypsin;AC=MS:1001251	TMT127C	5	NT=collision-induced dissociation;AC=MS:1000133	5 ppm	0.6 Da	NT=dithiothreitol (DTT);AC=PRIDE:0000608	NT=methyl methanethiosulfonate (MMTS);AC=PRIDE:0000605	NT=Methylthio;AC=UNIMOD:39;TA=C;MT=Fixed	NT=Oxidation;AC=UNIMOD:35;TA=M;MT=Variable	NT=TMTpro;AC=UNIMOD:2016;TA=K;MT=Fixed	NT=TMTpro;AC=UNIMOD:2016;PP=Protein N-term;MT=Fixed	monensin resistant	28223
set2-28223-M-r1	Staphylococcus aureus	not applicable	1	whole organism	Fusion_220602_59-TMT127C	proteomic profiling by mass spectrometry	1	Fusion_220602_59.raw	v1.1.0	NT=ms-proteomics;VV=v1.1.0	manual curation	NT=Data-dependent acquisition;AC=PRIDE:0000627	NT=Orbitrap Fusion;AC=MS:1002416	NT=Trypsin;AC=MS:1001251	TMT127C	6	NT=collision-induced dissociation;AC=MS:1000133	5 ppm	0.6 Da	NT=dithiothreitol (DTT);AC=PRIDE:0000608	NT=methyl methanethiosulfonate (MMTS);AC=PRIDE:0000605	NT=Methylthio;AC=UNIMOD:39;TA=C;MT=Fixed	NT=Oxidation;AC=UNIMOD:35;TA=M;MT=Variable	NT=TMTpro;AC=UNIMOD:2016;TA=K;MT=Fixed	NT=TMTpro;AC=UNIMOD:2016;PP=Protein N-term;MT=Fixed	monensin resistant	28223
set2-28223-M-r1	Staphylococcus aureus	not applicable	1	whole organism	Fusion_220602_60-TMT127C	proteomic profiling by mass spectrometry	1	Fusion_220602_60.raw	v1.1.0	NT=ms-proteomics;VV=v1.1.0	manual curation	NT=Data-dependent acquisition;AC=PRIDE:0000627	NT=Orbitrap Fusion;AC=MS:1002416	NT=Trypsin;AC=MS:1001251	TMT127C	7	NT=collision-induced dissociation;AC=MS:1000133	5 ppm	0.6 Da	NT=dithiothreitol (DTT);AC=PRIDE:0000608	NT=methyl methanethiosulfonate (MMTS);AC=PRIDE:0000605	NT=Methylthio;AC=UNIMOD:39;TA=C;MT=Fixed	NT=Oxidation;AC=UNIMOD:35;TA=M;MT=Variable	NT=TMTpro;AC=UNIMOD:2016;TA=K;MT=Fixed	NT=TMTpro;AC=UNIMOD:2016;PP=Protein N-term;MT=Fixed	monensin resistant	28223
set2-28223-M-r1	Staphylococcus aureus	not applicable	1	whole organism	Fusion_220602_61-TMT127C	proteomic profiling by mass spectrometry	1	Fusion_220602_61.raw	v1.1.0	NT=ms-proteomics;VV=v1.1.0	manual curation	NT=Data-dependent acquisition;AC=PRIDE:0000627	NT=Orbitrap Fusion;AC=MS:1002416	NT=Trypsin;AC=MS:1001251	TMT127C	8	NT=collision-induced dissociation;AC=MS:1000133	5 ppm	0.6 Da	NT=dithiothreitol (DTT);AC=PRIDE:0000608	NT=methyl methanethiosulfonate (MMTS);AC=PRIDE:0000605	NT=Methylthio;AC=UNIMOD:39;TA=C;MT=Fixed	NT=Oxidation;AC=UNIMOD:35;TA=M;MT=Variable	NT=TMTpro;AC=UNIMOD:2016;TA=K;MT=Fixed	NT=TMTpro;AC=UNIMOD:2016;PP=Protein N-term;MT=Fixed	monensin resistant	28223
set2-28223-M-r1	Staphylococcus aureus	not applicable	1	whole organism	Fusion_220602_62-TMT127C	proteomic profiling by mass spectrometry	1	Fusion_220602_62.raw	v1.1.0	NT=ms-proteomics;VV=v1.1.0	manual curation	NT=Data-dependent acquisition;AC=PRIDE:0000627	NT=Orbitrap Fusion;AC=MS:1002416	NT=Trypsin;AC=MS:1001251	TMT127C	9	NT=collision-induced dissociation;AC=MS:1000133	5 ppm	0.6 Da	NT=dithiothreitol (DTT);AC=PRIDE:0000608	NT=methyl methanethiosulfonate (MMTS);AC=PRIDE:0000605	NT=Methylthio;AC=UNIMOD:39;TA=C;MT=Fixed	NT=Oxidation;AC=UNIMOD:35;TA=M;MT=Variable	NT=TMTpro;AC=UNIMOD:2016;TA=K;MT=Fixed	NT=TMTpro;AC=UNIMOD:2016;PP=Protein N-term;MT=Fixed	monensin resistant	28223
set2-28223-M-r1	Staphylococcus aureus	not applicable	1	whole organism	Fusion_220602_63-TMT127C	proteomic profiling by mass spectrometry	1	Fusion_220602_63.raw	v1.1.0	NT=ms-proteomics;VV=v1.1.0	manual curation	NT=Data-dependent acquisition;AC=PRIDE:0000627	NT=Orbitrap Fusion;AC=MS:1002416	NT=Trypsin;AC=MS:1001251	TMT127C	10	NT=collision-induced dissociation;AC=MS:1000133	5 ppm	0.6 Da	NT=dithiothreitol (DTT);AC=PRIDE:0000608	NT=methyl methanethiosulfonate (MMTS);AC=PRIDE:0000605	NT=Methylthio;AC=UNIMOD:39;TA=C;MT=Fixed	NT=Oxidation;AC=UNIMOD:35;TA=M;MT=Variable	NT=TMTpro;AC=UNIMOD:2016;TA=K;MT=Fixed	NT=TMTpro;AC=UNIMOD:2016;PP=Protein N-term;MT=Fixed	monensin resistant	28223
set2-28223-M-r2	Staphylococcus aureus	not applicable	2	whole organism	Fusion_220602_54-TMT128N	proteomic profiling by mass spectrometry	1	Fusion_220602_54.raw	v1.1.0	NT=ms-proteomics;VV=v1.1.0	manual curation	NT=Data-dependent acquisition;AC=PRIDE:0000627	NT=Orbitrap Fusion;AC=MS:1002416	NT=Trypsin;AC=MS:1001251	TMT128N	1	NT=collision-induced dissociation;AC=MS:1000133	5 ppm	0.6 Da	NT=dithiothreitol (DTT);AC=PRIDE:0000608	NT=methyl methanethiosulfonate (MMTS);AC=PRIDE:0000605	NT=Methylthio;AC=UNIMOD:39;TA=C;MT=Fixed	NT=Oxidation;AC=UNIMOD:35;TA=M;MT=Variable	NT=TMTpro;AC=UNIMOD:2016;TA=K;MT=Fixed	NT=TMTpro;AC=UNIMOD:2016;PP=Protein N-term;MT=Fixed	monensin resistant	28223
set2-28223-M-r2	Staphylococcus aureus	not applicable	2	whole organism	Fusion_220602_55-TMT128N	proteomic profiling by mass spectrometry	1	Fusion_220602_55.raw	v1.1.0	NT=ms-proteomics;VV=v1.1.0	manual curation	NT=Data-dependent acquisition;AC=PRIDE:0000627	NT=Orbitrap Fusion;AC=MS:1002416	NT=Trypsin;AC=MS:1001251	TMT128N	2	NT=collision-induced dissociation;AC=MS:1000133	5 ppm	0.6 Da	NT=dithiothreitol (DTT);AC=PRIDE:0000608	NT=methyl methanethiosulfonate (MMTS);AC=PRIDE:0000605	NT=Methylthio;AC=UNIMOD:39;TA=C;MT=Fixed	NT=Oxidation;AC=UNIMOD:35;TA=M;MT=Variable	NT=TMTpro;AC=UNIMOD:2016;TA=K;MT=Fixed	NT=TMTpro;AC=UNIMOD:2016;PP=Protein N-term;MT=Fixed	monensin resistant	28223
set2-28223-M-r2	Staphylococcus aureus	not applicable	2	whole organism	Fusion_220602_56-TMT128N	proteomic profiling by mass spectrometry	1	Fusion_220602_56.raw	v1.1.0	NT=ms-proteomics;VV=v1.1.0	manual curation	NT=Data-dependent acquisition;AC=PRIDE:0000627	NT=Orbitrap Fusion;AC=MS:1002416	NT=Trypsin;AC=MS:1001251	TMT128N	3	NT=collision-induced dissociation;AC=MS:1000133	5 ppm	0.6 Da	NT=dithiothreitol (DTT);AC=PRIDE:0000608	NT=methyl methanethiosulfonate (MMTS);AC=PRIDE:0000605	NT=Methylthio;AC=UNIMOD:39;TA=C;MT=Fixed	NT=Oxidation;AC=UNIMOD:35;TA=M;MT=Variable	NT=TMTpro;AC=UNIMOD:2016;TA=K;MT=Fixed	NT=TMTpro;AC=UNIMOD:2016;PP=Protein N-term;MT=Fixed	monensin resistant	28223
set2-28223-M-r2	Staphylococcus aureus	not applicable	2	whole organism	Fusion_220602_57-TMT128N	proteomic profiling by mass spectrometry	1	Fusion_220602_57.raw	v1.1.0	NT=ms-proteomics;VV=v1.1.0	manual curation	NT=Data-dependent acquisition;AC=PRIDE:0000627	NT=Orbitrap Fusion;AC=MS:1002416	NT=Trypsin;AC=MS:1001251	TMT128N	4	NT=collision-induced dissociation;AC=MS:1000133	5 ppm	0.6 Da	NT=dithiothreitol (DTT);AC=PRIDE:0000608	NT=methyl methanethiosulfonate (MMTS);AC=PRIDE:0000605	NT=Methylthio;AC=UNIMOD:39;TA=C;MT=Fixed	NT=Oxidation;AC=UNIMOD:35;TA=M;MT=Variable	NT=TMTpro;AC=UNIMOD:2016;TA=K;MT=Fixed	NT=TMTpro;AC=UNIMOD:2016;PP=Protein N-term;MT=Fixed	monensin resistant	28223
set2-28223-M-r2	Staphylococcus aureus	not applicable	2	whole organism	Fusion_220602_58-TMT128N	proteomic profiling by mass spectrometry	1	Fusion_220602_58.raw	v1.1.0	NT=ms-proteomics;VV=v1.1.0	manual curation	NT=Data-dependent acquisition;AC=PRIDE:0000627	NT=Orbitrap Fusion;AC=MS:1002416	NT=Trypsin;AC=MS:1001251	TMT128N	5	NT=collision-induced dissociation;AC=MS:1000133	5 ppm	0.6 Da	NT=dithiothreitol (DTT);AC=PRIDE:0000608	NT=methyl methanethiosulfonate (MMTS);AC=PRIDE:0000605	NT=Methylthio;AC=UNIMOD:39;TA=C;MT=Fixed	NT=Oxidation;AC=UNIMOD:35;TA=M;MT=Variable	NT=TMTpro;AC=UNIMOD:2016;TA=K;MT=Fixed	NT=TMTpro;AC=UNIMOD:2016;PP=Protein N-term;MT=Fixed	monensin resistant	28223
set2-28223-M-r2	Staphylococcus aureus	not applicable	2	whole organism	Fusion_220602_59-TMT128N	proteomic profiling by mass spectrometry	1	Fusion_220602_59.raw	v1.1.0	NT=ms-proteomics;VV=v1.1.0	manual curation	NT=Data-dependent acquisition;AC=PRIDE:0000627	NT=Orbitrap Fusion;AC=MS:1002416	NT=Trypsin;AC=MS:1001251	TMT128N	6	NT=collision-induced dissociation;AC=MS:1000133	5 ppm	0.6 Da	NT=dithiothreitol (DTT);AC=PRIDE:0000608	NT=methyl methanethiosulfonate (MMTS);AC=PRIDE:0000605	NT=Methylthio;AC=UNIMOD:39;TA=C;MT=Fixed	NT=Oxidation;AC=UNIMOD:35;TA=M;MT=Variable	NT=TMTpro;AC=UNIMOD:2016;TA=K;MT=Fixed	NT=TMTpro;AC=UNIMOD:2016;PP=Protein N-term;MT=Fixed	monensin resistant	28223
set2-28223-M-r2	Staphylococcus aureus	not applicable	2	whole organism	Fusion_220602_60-TMT128N	proteomic profiling by mass spectrometry	1	Fusion_220602_60.raw	v1.1.0	NT=ms-proteomics;VV=v1.1.0	manual curation	NT=Data-dependent acquisition;AC=PRIDE:0000627	NT=Orbitrap Fusion;AC=MS:1002416	NT=Trypsin;AC=MS:1001251	TMT128N	7	NT=collision-induced dissociation;AC=MS:1000133	5 ppm	0.6 Da	NT=dithiothreitol (DTT);AC=PRIDE:0000608	NT=methyl methanethiosulfonate (MMTS);AC=PRIDE:0000605	NT=Methylthio;AC=UNIMOD:39;TA=C;MT=Fixed	NT=Oxidation;AC=UNIMOD:35;TA=M;MT=Variable	NT=TMTpro;AC=UNIMOD:2016;TA=K;MT=Fixed	NT=TMTpro;AC=UNIMOD:2016;PP=Protein N-term;MT=Fixed	monensin resistant	28223
set2-28223-M-r2	Staphylococcus aureus	not applicable	2	whole organism	Fusion_220602_61-TMT128N	proteomic profiling by mass spectrometry	1	Fusion_220602_61.raw	v1.1.0	NT=ms-proteomics;VV=v1.1.0	manual curation	NT=Data-dependent acquisition;AC=PRIDE:0000627	NT=Orbitrap Fusion;AC=MS:1002416	NT=Trypsin;AC=MS:1001251	TMT128N	8	NT=collision-induced dissociation;AC=MS:1000133	5 ppm	0.6 Da	NT=dithiothreitol (DTT);AC=PRIDE:0000608	NT=methyl methanethiosulfonate (MMTS);AC=PRIDE:0000605	NT=Methylthio;AC=UNIMOD:39;TA=C;MT=Fixed	NT=Oxidation;AC=UNIMOD:35;TA=M;MT=Variable	NT=TMTpro;AC=UNIMOD:2016;TA=K;MT=Fixed	NT=TMTpro;AC=UNIMOD:2016;PP=Protein N-term;MT=Fixed	monensin resistant	28223
set2-28223-M-r2	Staphylococcus aureus	not applicable	2	whole organism	Fusion_220602_62-TMT128N	proteomic profiling by mass spectrometry	1	Fusion_220602_62.raw	v1.1.0	NT=ms-proteomics;VV=v1.1.0	manual curation	NT=Data-dependent acquisition;AC=PRIDE:0000627	NT=Orbitrap Fusion;AC=MS:1002416	NT=Trypsin;AC=MS:1001251	TMT128N	9	NT=collision-induced dissociation;AC=MS:1000133	5 ppm	0.6 Da	NT=dithiothreitol (DTT);AC=PRIDE:0000608	NT=methyl methanethiosulfonate (MMTS);AC=PRIDE:0000605	NT=Methylthio;AC=UNIMOD:39;TA=C;MT=Fixed	NT=Oxidation;AC=UNIMOD:35;TA=M;MT=Variable	NT=TMTpro;AC=UNIMOD:2016;TA=K;MT=Fixed	NT=TMTpro;AC=UNIMOD:2016;PP=Protein N-term;MT=Fixed	monensin resistant	28223
set2-28223-M-r2	Staphylococcus aureus	not applicable	2	whole organism	Fusion_220602_63-TMT128N	proteomic profiling by mass spectrometry	1	Fusion_220602_63.raw	v1.1.0	NT=ms-proteomics;VV=v1.1.0	manual curation	NT=Data-dependent acquisition;AC=PRIDE:0000627	NT=Orbitrap Fusion;AC=MS:1002416	NT=Trypsin;AC=MS:1001251	TMT128N	10	NT=collision-induced dissociation;AC=MS:1000133	5 ppm	0.6 Da	NT=dithiothreitol (DTT);AC=PRIDE:0000608	NT=methyl methanethiosulfonate (MMTS);AC=PRIDE:0000605	NT=Methylthio;AC=UNIMOD:39;TA=C;MT=Fixed	NT=Oxidation;AC=UNIMOD:35;TA=M;MT=Variable	NT=TMTpro;AC=UNIMOD:2016;TA=K;MT=Fixed	NT=TMTpro;AC=UNIMOD:2016;PP=Protein N-term;MT=Fixed	monensin resistant	28223
set2-65177-r1	Staphylococcus aureus	not applicable	1	whole organism	Fusion_220602_54-TMT128C	proteomic profiling by mass spectrometry	1	Fusion_220602_54.raw	v1.1.0	NT=ms-proteomics;VV=v1.1.0	manual curation	NT=Data-dependent acquisition;AC=PRIDE:0000627	NT=Orbitrap Fusion;AC=MS:1002416	NT=Trypsin;AC=MS:1001251	TMT128C	1	NT=collision-induced dissociation;AC=MS:1000133	5 ppm	0.6 Da	NT=dithiothreitol (DTT);AC=PRIDE:0000608	NT=methyl methanethiosulfonate (MMTS);AC=PRIDE:0000605	NT=Methylthio;AC=UNIMOD:39;TA=C;MT=Fixed	NT=Oxidation;AC=UNIMOD:35;TA=M;MT=Variable	NT=TMTpro;AC=UNIMOD:2016;TA=K;MT=Fixed	NT=TMTpro;AC=UNIMOD:2016;PP=Protein N-term;MT=Fixed	parental	65177
set2-65177-r1	Staphylococcus aureus	not applicable	1	whole organism	Fusion_220602_55-TMT128C	proteomic profiling by mass spectrometry	1	Fusion_220602_55.raw	v1.1.0	NT=ms-proteomics;VV=v1.1.0	manual curation	NT=Data-dependent acquisition;AC=PRIDE:0000627	NT=Orbitrap Fusion;AC=MS:1002416	NT=Trypsin;AC=MS:1001251	TMT128C	2	NT=collision-induced dissociation;AC=MS:1000133	5 ppm	0.6 Da	NT=dithiothreitol (DTT);AC=PRIDE:0000608	NT=methyl methanethiosulfonate (MMTS);AC=PRIDE:0000605	NT=Methylthio;AC=UNIMOD:39;TA=C;MT=Fixed	NT=Oxidation;AC=UNIMOD:35;TA=M;MT=Variable	NT=TMTpro;AC=UNIMOD:2016;TA=K;MT=Fixed	NT=TMTpro;AC=UNIMOD:2016;PP=Protein N-term;MT=Fixed	parental	65177
set2-65177-r1	Staphylococcus aureus	not applicable	1	whole organism	Fusion_220602_56-TMT128C	proteomic profiling by mass spectrometry	1	Fusion_220602_56.raw	v1.1.0	NT=ms-proteomics;VV=v1.1.0	manual curation	NT=Data-dependent acquisition;AC=PRIDE:0000627	NT=Orbitrap Fusion;AC=MS:1002416	NT=Trypsin;AC=MS:1001251	TMT128C	3	NT=collision-induced dissociation;AC=MS:1000133	5 ppm	0.6 Da	NT=dithiothreitol (DTT);AC=PRIDE:0000608	NT=methyl methanethiosulfonate (MMTS);AC=PRIDE:0000605	NT=Methylthio;AC=UNIMOD:39;TA=C;MT=Fixed	NT=Oxidation;AC=UNIMOD:35;TA=M;MT=Variable	NT=TMTpro;AC=UNIMOD:2016;TA=K;MT=Fixed	NT=TMTpro;AC=UNIMOD:2016;PP=Protein N-term;MT=Fixed	parental	65177
set2-65177-r1	Staphylococcus aureus	not applicable	1	whole organism	Fusion_220602_57-TMT128C	proteomic profiling by mass spectrometry	1	Fusion_220602_57.raw	v1.1.0	NT=ms-proteomics;VV=v1.1.0	manual curation	NT=Data-dependent acquisition;AC=PRIDE:0000627	NT=Orbitrap Fusion;AC=MS:1002416	NT=Trypsin;AC=MS:1001251	TMT128C	4	NT=collision-induced dissociation;AC=MS:1000133	5 ppm	0.6 Da	NT=dithiothreitol (DTT);AC=PRIDE:0000608	NT=methyl methanethiosulfonate (MMTS);AC=PRIDE:0000605	NT=Methylthio;AC=UNIMOD:39;TA=C;MT=Fixed	NT=Oxidation;AC=UNIMOD:35;TA=M;MT=Variable	NT=TMTpro;AC=UNIMOD:2016;TA=K;MT=Fixed	NT=TMTpro;AC=UNIMOD:2016;PP=Protein N-term;MT=Fixed	parental	65177
set2-65177-r1	Staphylococcus aureus	not applicable	1	whole organism	Fusion_220602_58-TMT128C	proteomic profiling by mass spectrometry	1	Fusion_220602_58.raw	v1.1.0	NT=ms-proteomics;VV=v1.1.0	manual curation	NT=Data-dependent acquisition;AC=PRIDE:0000627	NT=Orbitrap Fusion;AC=MS:1002416	NT=Trypsin;AC=MS:1001251	TMT128C	5	NT=collision-induced dissociation;AC=MS:1000133	5 ppm	0.6 Da	NT=dithiothreitol (DTT);AC=PRIDE:0000608	NT=methyl methanethiosulfonate (MMTS);AC=PRIDE:0000605	NT=Methylthio;AC=UNIMOD:39;TA=C;MT=Fixed	NT=Oxidation;AC=UNIMOD:35;TA=M;MT=Variable	NT=TMTpro;AC=UNIMOD:2016;TA=K;MT=Fixed	NT=TMTpro;AC=UNIMOD:2016;PP=Protein N-term;MT=Fixed	parental	65177
set2-65177-r1	Staphylococcus aureus	not applicable	1	whole organism	Fusion_220602_59-TMT128C	proteomic profiling by mass spectrometry	1	Fusion_220602_59.raw	v1.1.0	NT=ms-proteomics;VV=v1.1.0	manual curation	NT=Data-dependent acquisition;AC=PRIDE:0000627	NT=Orbitrap Fusion;AC=MS:1002416	NT=Trypsin;AC=MS:1001251	TMT128C	6	NT=collision-induced dissociation;AC=MS:1000133	5 ppm	0.6 Da	NT=dithiothreitol (DTT);AC=PRIDE:0000608	NT=methyl methanethiosulfonate (MMTS);AC=PRIDE:0000605	NT=Methylthio;AC=UNIMOD:39;TA=C;MT=Fixed	NT=Oxidation;AC=UNIMOD:35;TA=M;MT=Variable	NT=TMTpro;AC=UNIMOD:2016;TA=K;MT=Fixed	NT=TMTpro;AC=UNIMOD:2016;PP=Protein N-term;MT=Fixed	parental	65177
set2-65177-r1	Staphylococcus aureus	not applicable	1	whole organism	Fusion_220602_60-TMT128C	proteomic profiling by mass spectrometry	1	Fusion_220602_60.raw	v1.1.0	NT=ms-proteomics;VV=v1.1.0	manual curation	NT=Data-dependent acquisition;AC=PRIDE:0000627	NT=Orbitrap Fusion;AC=MS:1002416	NT=Trypsin;AC=MS:1001251	TMT128C	7	NT=collision-induced dissociation;AC=MS:1000133	5 ppm	0.6 Da	NT=dithiothreitol (DTT);AC=PRIDE:0000608	NT=methyl methanethiosulfonate (MMTS);AC=PRIDE:0000605	NT=Methylthio;AC=UNIMOD:39;TA=C;MT=Fixed	NT=Oxidation;AC=UNIMOD:35;TA=M;MT=Variable	NT=TMTpro;AC=UNIMOD:2016;TA=K;MT=Fixed	NT=TMTpro;AC=UNIMOD:2016;PP=Protein N-term;MT=Fixed	parental	65177
set2-65177-r1	Staphylococcus aureus	not applicable	1	whole organism	Fusion_220602_61-TMT128C	proteomic profiling by mass spectrometry	1	Fusion_220602_61.raw	v1.1.0	NT=ms-proteomics;VV=v1.1.0	manual curation	NT=Data-dependent acquisition;AC=PRIDE:0000627	NT=Orbitrap Fusion;AC=MS:1002416	NT=Trypsin;AC=MS:1001251	TMT128C	8	NT=collision-induced dissociation;AC=MS:1000133	5 ppm	0.6 Da	NT=dithiothreitol (DTT);AC=PRIDE:0000608	NT=methyl methanethiosulfonate (MMTS);AC=PRIDE:0000605	NT=Methylthio;AC=UNIMOD:39;TA=C;MT=Fixed	NT=Oxidation;AC=UNIMOD:35;TA=M;MT=Variable	NT=TMTpro;AC=UNIMOD:2016;TA=K;MT=Fixed	NT=TMTpro;AC=UNIMOD:2016;PP=Protein N-term;MT=Fixed	parental	65177
set2-65177-r1	Staphylococcus aureus	not applicable	1	whole organism	Fusion_220602_62-TMT128C	proteomic profiling by mass spectrometry	1	Fusion_220602_62.raw	v1.1.0	NT=ms-proteomics;VV=v1.1.0	manual curation	NT=Data-dependent acquisition;AC=PRIDE:0000627	NT=Orbitrap Fusion;AC=MS:1002416	NT=Trypsin;AC=MS:1001251	TMT128C	9	NT=collision-induced dissociation;AC=MS:1000133	5 ppm	0.6 Da	NT=dithiothreitol (DTT);AC=PRIDE:0000608	NT=methyl methanethiosulfonate (MMTS);AC=PRIDE:0000605	NT=Methylthio;AC=UNIMOD:39;TA=C;MT=Fixed	NT=Oxidation;AC=UNIMOD:35;TA=M;MT=Variable	NT=TMTpro;AC=UNIMOD:2016;TA=K;MT=Fixed	NT=TMTpro;AC=UNIMOD:2016;PP=Protein N-term;MT=Fixed	parental	65177
set2-65177-r1	Staphylococcus aureus	not applicable	1	whole organism	Fusion_220602_63-TMT128C	proteomic profiling by mass spectrometry	1	Fusion_220602_63.raw	v1.1.0	NT=ms-proteomics;VV=v1.1.0	manual curation	NT=Data-dependent acquisition;AC=PRIDE:0000627	NT=Orbitrap Fusion;AC=MS:1002416	NT=Trypsin;AC=MS:1001251	TMT128C	10	NT=collision-induced dissociation;AC=MS:1000133	5 ppm	0.6 Da	NT=dithiothreitol (DTT);AC=PRIDE:0000608	NT=methyl methanethiosulfonate (MMTS);AC=PRIDE:0000605	NT=Methylthio;AC=UNIMOD:39;TA=C;MT=Fixed	NT=Oxidation;AC=UNIMOD:35;TA=M;MT=Variable	NT=TMTpro;AC=UNIMOD:2016;TA=K;MT=Fixed	NT=TMTpro;AC=UNIMOD:2016;PP=Protein N-term;MT=Fixed	parental	65177
set2-65177-r2	Staphylococcus aureus	not applicable	2	whole organism	Fusion_220602_54-TMT129N	proteomic profiling by mass spectrometry	1	Fusion_220602_54.raw	v1.1.0	NT=ms-proteomics;VV=v1.1.0	manual curation	NT=Data-dependent acquisition;AC=PRIDE:0000627	NT=Orbitrap Fusion;AC=MS:1002416	NT=Trypsin;AC=MS:1001251	TMT129N	1	NT=collision-induced dissociation;AC=MS:1000133	5 ppm	0.6 Da	NT=dithiothreitol (DTT);AC=PRIDE:0000608	NT=methyl methanethiosulfonate (MMTS);AC=PRIDE:0000605	NT=Methylthio;AC=UNIMOD:39;TA=C;MT=Fixed	NT=Oxidation;AC=UNIMOD:35;TA=M;MT=Variable	NT=TMTpro;AC=UNIMOD:2016;TA=K;MT=Fixed	NT=TMTpro;AC=UNIMOD:2016;PP=Protein N-term;MT=Fixed	parental	65177
set2-65177-r2	Staphylococcus aureus	not applicable	2	whole organism	Fusion_220602_55-TMT129N	proteomic profiling by mass spectrometry	1	Fusion_220602_55.raw	v1.1.0	NT=ms-proteomics;VV=v1.1.0	manual curation	NT=Data-dependent acquisition;AC=PRIDE:0000627	NT=Orbitrap Fusion;AC=MS:1002416	NT=Trypsin;AC=MS:1001251	TMT129N	2	NT=collision-induced dissociation;AC=MS:1000133	5 ppm	0.6 Da	NT=dithiothreitol (DTT);AC=PRIDE:0000608	NT=methyl methanethiosulfonate (MMTS);AC=PRIDE:0000605	NT=Methylthio;AC=UNIMOD:39;TA=C;MT=Fixed	NT=Oxidation;AC=UNIMOD:35;TA=M;MT=Variable	NT=TMTpro;AC=UNIMOD:2016;TA=K;MT=Fixed	NT=TMTpro;AC=UNIMOD:2016;PP=Protein N-term;MT=Fixed	parental	65177
set2-65177-r2	Staphylococcus aureus	not applicable	2	whole organism	Fusion_220602_56-TMT129N	proteomic profiling by mass spectrometry	1	Fusion_220602_56.raw	v1.1.0	NT=ms-proteomics;VV=v1.1.0	manual curation	NT=Data-dependent acquisition;AC=PRIDE:0000627	NT=Orbitrap Fusion;AC=MS:1002416	NT=Trypsin;AC=MS:1001251	TMT129N	3	NT=collision-induced dissociation;AC=MS:1000133	5 ppm	0.6 Da	NT=dithiothreitol (DTT);AC=PRIDE:0000608	NT=methyl methanethiosulfonate (MMTS);AC=PRIDE:0000605	NT=Methylthio;AC=UNIMOD:39;TA=C;MT=Fixed	NT=Oxidation;AC=UNIMOD:35;TA=M;MT=Variable	NT=TMTpro;AC=UNIMOD:2016;TA=K;MT=Fixed	NT=TMTpro;AC=UNIMOD:2016;PP=Protein N-term;MT=Fixed	parental	65177
set2-65177-r2	Staphylococcus aureus	not applicable	2	whole organism	Fusion_220602_57-TMT129N	proteomic profiling by mass spectrometry	1	Fusion_220602_57.raw	v1.1.0	NT=ms-proteomics;VV=v1.1.0	manual curation	NT=Data-dependent acquisition;AC=PRIDE:0000627	NT=Orbitrap Fusion;AC=MS:1002416	NT=Trypsin;AC=MS:1001251	TMT129N	4	NT=collision-induced dissociation;AC=MS:1000133	5 ppm	0.6 Da	NT=dithiothreitol (DTT);AC=PRIDE:0000608	NT=methyl methanethiosulfonate (MMTS);AC=PRIDE:0000605	NT=Methylthio;AC=UNIMOD:39;TA=C;MT=Fixed	NT=Oxidation;AC=UNIMOD:35;TA=M;MT=Variable	NT=TMTpro;AC=UNIMOD:2016;TA=K;MT=Fixed	NT=TMTpro;AC=UNIMOD:2016;PP=Protein N-term;MT=Fixed	parental	65177
set2-65177-r2	Staphylococcus aureus	not applicable	2	whole organism	Fusion_220602_58-TMT129N	proteomic profiling by mass spectrometry	1	Fusion_220602_58.raw	v1.1.0	NT=ms-proteomics;VV=v1.1.0	manual curation	NT=Data-dependent acquisition;AC=PRIDE:0000627	NT=Orbitrap Fusion;AC=MS:1002416	NT=Trypsin;AC=MS:1001251	TMT129N	5	NT=collision-induced dissociation;AC=MS:1000133	5 ppm	0.6 Da	NT=dithiothreitol (DTT);AC=PRIDE:0000608	NT=methyl methanethiosulfonate (MMTS);AC=PRIDE:0000605	NT=Methylthio;AC=UNIMOD:39;TA=C;MT=Fixed	NT=Oxidation;AC=UNIMOD:35;TA=M;MT=Variable	NT=TMTpro;AC=UNIMOD:2016;TA=K;MT=Fixed	NT=TMTpro;AC=UNIMOD:2016;PP=Protein N-term;MT=Fixed	parental	65177
set2-65177-r2	Staphylococcus aureus	not applicable	2	whole organism	Fusion_220602_59-TMT129N	proteomic profiling by mass spectrometry	1	Fusion_220602_59.raw	v1.1.0	NT=ms-proteomics;VV=v1.1.0	manual curation	NT=Data-dependent acquisition;AC=PRIDE:0000627	NT=Orbitrap Fusion;AC=MS:1002416	NT=Trypsin;AC=MS:1001251	TMT129N	6	NT=collision-induced dissociation;AC=MS:1000133	5 ppm	0.6 Da	NT=dithiothreitol (DTT);AC=PRIDE:0000608	NT=methyl methanethiosulfonate (MMTS);AC=PRIDE:0000605	NT=Methylthio;AC=UNIMOD:39;TA=C;MT=Fixed	NT=Oxidation;AC=UNIMOD:35;TA=M;MT=Variable	NT=TMTpro;AC=UNIMOD:2016;TA=K;MT=Fixed	NT=TMTpro;AC=UNIMOD:2016;PP=Protein N-term;MT=Fixed	parental	65177
set2-65177-r2	Staphylococcus aureus	not applicable	2	whole organism	Fusion_220602_60-TMT129N	proteomic profiling by mass spectrometry	1	Fusion_220602_60.raw	v1.1.0	NT=ms-proteomics;VV=v1.1.0	manual curation	NT=Data-dependent acquisition;AC=PRIDE:0000627	NT=Orbitrap Fusion;AC=MS:1002416	NT=Trypsin;AC=MS:1001251	TMT129N	7	NT=collision-induced dissociation;AC=MS:1000133	5 ppm	0.6 Da	NT=dithiothreitol (DTT);AC=PRIDE:0000608	NT=methyl methanethiosulfonate (MMTS);AC=PRIDE:0000605	NT=Methylthio;AC=UNIMOD:39;TA=C;MT=Fixed	NT=Oxidation;AC=UNIMOD:35;TA=M;MT=Variable	NT=TMTpro;AC=UNIMOD:2016;TA=K;MT=Fixed	NT=TMTpro;AC=UNIMOD:2016;PP=Protein N-term;MT=Fixed	parental	65177
set2-65177-r2	Staphylococcus aureus	not applicable	2	whole organism	Fusion_220602_61-TMT129N	proteomic profiling by mass spectrometry	1	Fusion_220602_61.raw	v1.1.0	NT=ms-proteomics;VV=v1.1.0	manual curation	NT=Data-dependent acquisition;AC=PRIDE:0000627	NT=Orbitrap Fusion;AC=MS:1002416	NT=Trypsin;AC=MS:1001251	TMT129N	8	NT=collision-induced dissociation;AC=MS:1000133	5 ppm	0.6 Da	NT=dithiothreitol (DTT);AC=PRIDE:0000608	NT=methyl methanethiosulfonate (MMTS);AC=PRIDE:0000605	NT=Methylthio;AC=UNIMOD:39;TA=C;MT=Fixed	NT=Oxidation;AC=UNIMOD:35;TA=M;MT=Variable	NT=TMTpro;AC=UNIMOD:2016;TA=K;MT=Fixed	NT=TMTpro;AC=UNIMOD:2016;PP=Protein N-term;MT=Fixed	parental	65177
set2-65177-r2	Staphylococcus aureus	not applicable	2	whole organism	Fusion_220602_62-TMT129N	proteomic profiling by mass spectrometry	1	Fusion_220602_62.raw	v1.1.0	NT=ms-proteomics;VV=v1.1.0	manual curation	NT=Data-dependent acquisition;AC=PRIDE:0000627	NT=Orbitrap Fusion;AC=MS:1002416	NT=Trypsin;AC=MS:1001251	TMT129N	9	NT=collision-induced dissociation;AC=MS:1000133	5 ppm	0.6 Da	NT=dithiothreitol (DTT);AC=PRIDE:0000608	NT=methyl methanethiosulfonate (MMTS);AC=PRIDE:0000605	NT=Methylthio;AC=UNIMOD:39;TA=C;MT=Fixed	NT=Oxidation;AC=UNIMOD:35;TA=M;MT=Variable	NT=TMTpro;AC=UNIMOD:2016;TA=K;MT=Fixed	NT=TMTpro;AC=UNIMOD:2016;PP=Protein N-term;MT=Fixed	parental	65177
set2-65177-r2	Staphylococcus aureus	not applicable	2	whole organism	Fusion_220602_63-TMT129N	proteomic profiling by mass spectrometry	1	Fusion_220602_63.raw	v1.1.0	NT=ms-proteomics;VV=v1.1.0	manual curation	NT=Data-dependent acquisition;AC=PRIDE:0000627	NT=Orbitrap Fusion;AC=MS:1002416	NT=Trypsin;AC=MS:1001251	TMT129N	10	NT=collision-induced dissociation;AC=MS:1000133	5 ppm	0.6 Da	NT=dithiothreitol (DTT);AC=PRIDE:0000608	NT=methyl methanethiosulfonate (MMTS);AC=PRIDE:0000605	NT=Methylthio;AC=UNIMOD:39;TA=C;MT=Fixed	NT=Oxidation;AC=UNIMOD:35;TA=M;MT=Variable	NT=TMTpro;AC=UNIMOD:2016;TA=K;MT=Fixed	NT=TMTpro;AC=UNIMOD:2016;PP=Protein N-term;MT=Fixed	parental	65177
set2-65177-r3	Staphylococcus aureus	not applicable	3	whole organism	Fusion_220602_54-TMT129C	proteomic profiling by mass spectrometry	1	Fusion_220602_54.raw	v1.1.0	NT=ms-proteomics;VV=v1.1.0	manual curation	NT=Data-dependent acquisition;AC=PRIDE:0000627	NT=Orbitrap Fusion;AC=MS:1002416	NT=Trypsin;AC=MS:1001251	TMT129C	1	NT=collision-induced dissociation;AC=MS:1000133	5 ppm	0.6 Da	NT=dithiothreitol (DTT);AC=PRIDE:0000608	NT=methyl methanethiosulfonate (MMTS);AC=PRIDE:0000605	NT=Methylthio;AC=UNIMOD:39;TA=C;MT=Fixed	NT=Oxidation;AC=UNIMOD:35;TA=M;MT=Variable	NT=TMTpro;AC=UNIMOD:2016;TA=K;MT=Fixed	NT=TMTpro;AC=UNIMOD:2016;PP=Protein N-term;MT=Fixed	parental	65177
set2-65177-r3	Staphylococcus aureus	not applicable	3	whole organism	Fusion_220602_55-TMT129C	proteomic profiling by mass spectrometry	1	Fusion_220602_55.raw	v1.1.0	NT=ms-proteomics;VV=v1.1.0	manual curation	NT=Data-dependent acquisition;AC=PRIDE:0000627	NT=Orbitrap Fusion;AC=MS:1002416	NT=Trypsin;AC=MS:1001251	TMT129C	2	NT=collision-induced dissociation;AC=MS:1000133	5 ppm	0.6 Da	NT=dithiothreitol (DTT);AC=PRIDE:0000608	NT=methyl methanethiosulfonate (MMTS);AC=PRIDE:0000605	NT=Methylthio;AC=UNIMOD:39;TA=C;MT=Fixed	NT=Oxidation;AC=UNIMOD:35;TA=M;MT=Variable	NT=TMTpro;AC=UNIMOD:2016;TA=K;MT=Fixed	NT=TMTpro;AC=UNIMOD:2016;PP=Protein N-term;MT=Fixed	parental	65177
set2-65177-r3	Staphylococcus aureus	not applicable	3	whole organism	Fusion_220602_56-TMT129C	proteomic profiling by mass spectrometry	1	Fusion_220602_56.raw	v1.1.0	NT=ms-proteomics;VV=v1.1.0	manual curation	NT=Data-dependent acquisition;AC=PRIDE:0000627	NT=Orbitrap Fusion;AC=MS:1002416	NT=Trypsin;AC=MS:1001251	TMT129C	3	NT=collision-induced dissociation;AC=MS:1000133	5 ppm	0.6 Da	NT=dithiothreitol (DTT);AC=PRIDE:0000608	NT=methyl methanethiosulfonate (MMTS);AC=PRIDE:0000605	NT=Methylthio;AC=UNIMOD:39;TA=C;MT=Fixed	NT=Oxidation;AC=UNIMOD:35;TA=M;MT=Variable	NT=TMTpro;AC=UNIMOD:2016;TA=K;MT=Fixed	NT=TMTpro;AC=UNIMOD:2016;PP=Protein N-term;MT=Fixed	parental	65177
set2-65177-r3	Staphylococcus aureus	not applicable	3	whole organism	Fusion_220602_57-TMT129C	proteomic profiling by mass spectrometry	1	Fusion_220602_57.raw	v1.1.0	NT=ms-proteomics;VV=v1.1.0	manual curation	NT=Data-dependent acquisition;AC=PRIDE:0000627	NT=Orbitrap Fusion;AC=MS:1002416	NT=Trypsin;AC=MS:1001251	TMT129C	4	NT=collision-induced dissociation;AC=MS:1000133	5 ppm	0.6 Da	NT=dithiothreitol (DTT);AC=PRIDE:0000608	NT=methyl methanethiosulfonate (MMTS);AC=PRIDE:0000605	NT=Methylthio;AC=UNIMOD:39;TA=C;MT=Fixed	NT=Oxidation;AC=UNIMOD:35;TA=M;MT=Variable	NT=TMTpro;AC=UNIMOD:2016;TA=K;MT=Fixed	NT=TMTpro;AC=UNIMOD:2016;PP=Protein N-term;MT=Fixed	parental	65177
set2-65177-r3	Staphylococcus aureus	not applicable	3	whole organism	Fusion_220602_58-TMT129C	proteomic profiling by mass spectrometry	1	Fusion_220602_58.raw	v1.1.0	NT=ms-proteomics;VV=v1.1.0	manual curation	NT=Data-dependent acquisition;AC=PRIDE:0000627	NT=Orbitrap Fusion;AC=MS:1002416	NT=Trypsin;AC=MS:1001251	TMT129C	5	NT=collision-induced dissociation;AC=MS:1000133	5 ppm	0.6 Da	NT=dithiothreitol (DTT);AC=PRIDE:0000608	NT=methyl methanethiosulfonate (MMTS);AC=PRIDE:0000605	NT=Methylthio;AC=UNIMOD:39;TA=C;MT=Fixed	NT=Oxidation;AC=UNIMOD:35;TA=M;MT=Variable	NT=TMTpro;AC=UNIMOD:2016;TA=K;MT=Fixed	NT=TMTpro;AC=UNIMOD:2016;PP=Protein N-term;MT=Fixed	parental	65177
set2-65177-r3	Staphylococcus aureus	not applicable	3	whole organism	Fusion_220602_59-TMT129C	proteomic profiling by mass spectrometry	1	Fusion_220602_59.raw	v1.1.0	NT=ms-proteomics;VV=v1.1.0	manual curation	NT=Data-dependent acquisition;AC=PRIDE:0000627	NT=Orbitrap Fusion;AC=MS:1002416	NT=Trypsin;AC=MS:1001251	TMT129C	6	NT=collision-induced dissociation;AC=MS:1000133	5 ppm	0.6 Da	NT=dithiothreitol (DTT);AC=PRIDE:0000608	NT=methyl methanethiosulfonate (MMTS);AC=PRIDE:0000605	NT=Methylthio;AC=UNIMOD:39;TA=C;MT=Fixed	NT=Oxidation;AC=UNIMOD:35;TA=M;MT=Variable	NT=TMTpro;AC=UNIMOD:2016;TA=K;MT=Fixed	NT=TMTpro;AC=UNIMOD:2016;PP=Protein N-term;MT=Fixed	parental	65177
set2-65177-r3	Staphylococcus aureus	not applicable	3	whole organism	Fusion_220602_60-TMT129C	proteomic profiling by mass spectrometry	1	Fusion_220602_60.raw	v1.1.0	NT=ms-proteomics;VV=v1.1.0	manual curation	NT=Data-dependent acquisition;AC=PRIDE:0000627	NT=Orbitrap Fusion;AC=MS:1002416	NT=Trypsin;AC=MS:1001251	TMT129C	7	NT=collision-induced dissociation;AC=MS:1000133	5 ppm	0.6 Da	NT=dithiothreitol (DTT);AC=PRIDE:0000608	NT=methyl methanethiosulfonate (MMTS);AC=PRIDE:0000605	NT=Methylthio;AC=UNIMOD:39;TA=C;MT=Fixed	NT=Oxidation;AC=UNIMOD:35;TA=M;MT=Variable	NT=TMTpro;AC=UNIMOD:2016;TA=K;MT=Fixed	NT=TMTpro;AC=UNIMOD:2016;PP=Protein N-term;MT=Fixed	parental	65177
set2-65177-r3	Staphylococcus aureus	not applicable	3	whole organism	Fusion_220602_61-TMT129C	proteomic profiling by mass spectrometry	1	Fusion_220602_61.raw	v1.1.0	NT=ms-proteomics;VV=v1.1.0	manual curation	NT=Data-dependent acquisition;AC=PRIDE:0000627	NT=Orbitrap Fusion;AC=MS:1002416	NT=Trypsin;AC=MS:1001251	TMT129C	8	NT=collision-induced dissociation;AC=MS:1000133	5 ppm	0.6 Da	NT=dithiothreitol (DTT);AC=PRIDE:0000608	NT=methyl methanethiosulfonate (MMTS);AC=PRIDE:0000605	NT=Methylthio;AC=UNIMOD:39;TA=C;MT=Fixed	NT=Oxidation;AC=UNIMOD:35;TA=M;MT=Variable	NT=TMTpro;AC=UNIMOD:2016;TA=K;MT=Fixed	NT=TMTpro;AC=UNIMOD:2016;PP=Protein N-term;MT=Fixed	parental	65177
set2-65177-r3	Staphylococcus aureus	not applicable	3	whole organism	Fusion_220602_62-TMT129C	proteomic profiling by mass spectrometry	1	Fusion_220602_62.raw	v1.1.0	NT=ms-proteomics;VV=v1.1.0	manual curation	NT=Data-dependent acquisition;AC=PRIDE:0000627	NT=Orbitrap Fusion;AC=MS:1002416	NT=Trypsin;AC=MS:1001251	TMT129C	9	NT=collision-induced dissociation;AC=MS:1000133	5 ppm	0.6 Da	NT=dithiothreitol (DTT);AC=PRIDE:0000608	NT=methyl methanethiosulfonate (MMTS);AC=PRIDE:0000605	NT=Methylthio;AC=UNIMOD:39;TA=C;MT=Fixed	NT=Oxidation;AC=UNIMOD:35;TA=M;MT=Variable	NT=TMTpro;AC=UNIMOD:2016;TA=K;MT=Fixed	NT=TMTpro;AC=UNIMOD:2016;PP=Protein N-term;MT=Fixed	parental	65177
set2-65177-r3	Staphylococcus aureus	not applicable	3	whole organism	Fusion_220602_63-TMT129C	proteomic profiling by mass spectrometry	1	Fusion_220602_63.raw	v1.1.0	NT=ms-proteomics;VV=v1.1.0	manual curation	NT=Data-dependent acquisition;AC=PRIDE:0000627	NT=Orbitrap Fusion;AC=MS:1002416	NT=Trypsin;AC=MS:1001251	TMT129C	10	NT=collision-induced dissociation;AC=MS:1000133	5 ppm	0.6 Da	NT=dithiothreitol (DTT);AC=PRIDE:0000608	NT=methyl methanethiosulfonate (MMTS);AC=PRIDE:0000605	NT=Methylthio;AC=UNIMOD:39;TA=C;MT=Fixed	NT=Oxidation;AC=UNIMOD:35;TA=M;MT=Variable	NT=TMTpro;AC=UNIMOD:2016;TA=K;MT=Fixed	NT=TMTpro;AC=UNIMOD:2016;PP=Protein N-term;MT=Fixed	parental	65177
set2-65177-M-r1	Staphylococcus aureus	not applicable	1	whole organism	Fusion_220602_54-TMT130N	proteomic profiling by mass spectrometry	1	Fusion_220602_54.raw	v1.1.0	NT=ms-proteomics;VV=v1.1.0	manual curation	NT=Data-dependent acquisition;AC=PRIDE:0000627	NT=Orbitrap Fusion;AC=MS:1002416	NT=Trypsin;AC=MS:1001251	TMT130N	1	NT=collision-induced dissociation;AC=MS:1000133	5 ppm	0.6 Da	NT=dithiothreitol (DTT);AC=PRIDE:0000608	NT=methyl methanethiosulfonate (MMTS);AC=PRIDE:0000605	NT=Methylthio;AC=UNIMOD:39;TA=C;MT=Fixed	NT=Oxidation;AC=UNIMOD:35;TA=M;MT=Variable	NT=TMTpro;AC=UNIMOD:2016;TA=K;MT=Fixed	NT=TMTpro;AC=UNIMOD:2016;PP=Protein N-term;MT=Fixed	monensin resistant	65177
set2-65177-M-r1	Staphylococcus aureus	not applicable	1	whole organism	Fusion_220602_55-TMT130N	proteomic profiling by mass spectrometry	1	Fusion_220602_55.raw	v1.1.0	NT=ms-proteomics;VV=v1.1.0	manual curation	NT=Data-dependent acquisition;AC=PRIDE:0000627	NT=Orbitrap Fusion;AC=MS:1002416	NT=Trypsin;AC=MS:1001251	TMT130N	2	NT=collision-induced dissociation;AC=MS:1000133	5 ppm	0.6 Da	NT=dithiothreitol (DTT);AC=PRIDE:0000608	NT=methyl methanethiosulfonate (MMTS);AC=PRIDE:0000605	NT=Methylthio;AC=UNIMOD:39;TA=C;MT=Fixed	NT=Oxidation;AC=UNIMOD:35;TA=M;MT=Variable	NT=TMTpro;AC=UNIMOD:2016;TA=K;MT=Fixed	NT=TMTpro;AC=UNIMOD:2016;PP=Protein N-term;MT=Fixed	monensin resistant	65177
set2-65177-M-r1	Staphylococcus aureus	not applicable	1	whole organism	Fusion_220602_56-TMT130N	proteomic profiling by mass spectrometry	1	Fusion_220602_56.raw	v1.1.0	NT=ms-proteomics;VV=v1.1.0	manual curation	NT=Data-dependent acquisition;AC=PRIDE:0000627	NT=Orbitrap Fusion;AC=MS:1002416	NT=Trypsin;AC=MS:1001251	TMT130N	3	NT=collision-induced dissociation;AC=MS:1000133	5 ppm	0.6 Da	NT=dithiothreitol (DTT);AC=PRIDE:0000608	NT=methyl methanethiosulfonate (MMTS);AC=PRIDE:0000605	NT=Methylthio;AC=UNIMOD:39;TA=C;MT=Fixed	NT=Oxidation;AC=UNIMOD:35;TA=M;MT=Variable	NT=TMTpro;AC=UNIMOD:2016;TA=K;MT=Fixed	NT=TMTpro;AC=UNIMOD:2016;PP=Protein N-term;MT=Fixed	monensin resistant	65177
set2-65177-M-r1	Staphylococcus aureus	not applicable	1	whole organism	Fusion_220602_57-TMT130N	proteomic profiling by mass spectrometry	1	Fusion_220602_57.raw	v1.1.0	NT=ms-proteomics;VV=v1.1.0	manual curation	NT=Data-dependent acquisition;AC=PRIDE:0000627	NT=Orbitrap Fusion;AC=MS:1002416	NT=Trypsin;AC=MS:1001251	TMT130N	4	NT=collision-induced dissociation;AC=MS:1000133	5 ppm	0.6 Da	NT=dithiothreitol (DTT);AC=PRIDE:0000608	NT=methyl methanethiosulfonate (MMTS);AC=PRIDE:0000605	NT=Methylthio;AC=UNIMOD:39;TA=C;MT=Fixed	NT=Oxidation;AC=UNIMOD:35;TA=M;MT=Variable	NT=TMTpro;AC=UNIMOD:2016;TA=K;MT=Fixed	NT=TMTpro;AC=UNIMOD:2016;PP=Protein N-term;MT=Fixed	monensin resistant	65177
set2-65177-M-r1	Staphylococcus aureus	not applicable	1	whole organism	Fusion_220602_58-TMT130N	proteomic profiling by mass spectrometry	1	Fusion_220602_58.raw	v1.1.0	NT=ms-proteomics;VV=v1.1.0	manual curation	NT=Data-dependent acquisition;AC=PRIDE:0000627	NT=Orbitrap Fusion;AC=MS:1002416	NT=Trypsin;AC=MS:1001251	TMT130N	5	NT=collision-induced dissociation;AC=MS:1000133	5 ppm	0.6 Da	NT=dithiothreitol (DTT);AC=PRIDE:0000608	NT=methyl methanethiosulfonate (MMTS);AC=PRIDE:0000605	NT=Methylthio;AC=UNIMOD:39;TA=C;MT=Fixed	NT=Oxidation;AC=UNIMOD:35;TA=M;MT=Variable	NT=TMTpro;AC=UNIMOD:2016;TA=K;MT=Fixed	NT=TMTpro;AC=UNIMOD:2016;PP=Protein N-term;MT=Fixed	monensin resistant	65177
set2-65177-M-r1	Staphylococcus aureus	not applicable	1	whole organism	Fusion_220602_59-TMT130N	proteomic profiling by mass spectrometry	1	Fusion_220602_59.raw	v1.1.0	NT=ms-proteomics;VV=v1.1.0	manual curation	NT=Data-dependent acquisition;AC=PRIDE:0000627	NT=Orbitrap Fusion;AC=MS:1002416	NT=Trypsin;AC=MS:1001251	TMT130N	6	NT=collision-induced dissociation;AC=MS:1000133	5 ppm	0.6 Da	NT=dithiothreitol (DTT);AC=PRIDE:0000608	NT=methyl methanethiosulfonate (MMTS);AC=PRIDE:0000605	NT=Methylthio;AC=UNIMOD:39;TA=C;MT=Fixed	NT=Oxidation;AC=UNIMOD:35;TA=M;MT=Variable	NT=TMTpro;AC=UNIMOD:2016;TA=K;MT=Fixed	NT=TMTpro;AC=UNIMOD:2016;PP=Protein N-term;MT=Fixed	monensin resistant	65177
set2-65177-M-r1	Staphylococcus aureus	not applicable	1	whole organism	Fusion_220602_60-TMT130N	proteomic profiling by mass spectrometry	1	Fusion_220602_60.raw	v1.1.0	NT=ms-proteomics;VV=v1.1.0	manual curation	NT=Data-dependent acquisition;AC=PRIDE:0000627	NT=Orbitrap Fusion;AC=MS:1002416	NT=Trypsin;AC=MS:1001251	TMT130N	7	NT=collision-induced dissociation;AC=MS:1000133	5 ppm	0.6 Da	NT=dithiothreitol (DTT);AC=PRIDE:0000608	NT=methyl methanethiosulfonate (MMTS);AC=PRIDE:0000605	NT=Methylthio;AC=UNIMOD:39;TA=C;MT=Fixed	NT=Oxidation;AC=UNIMOD:35;TA=M;MT=Variable	NT=TMTpro;AC=UNIMOD:2016;TA=K;MT=Fixed	NT=TMTpro;AC=UNIMOD:2016;PP=Protein N-term;MT=Fixed	monensin resistant	65177
set2-65177-M-r1	Staphylococcus aureus	not applicable	1	whole organism	Fusion_220602_61-TMT130N	proteomic profiling by mass spectrometry	1	Fusion_220602_61.raw	v1.1.0	NT=ms-proteomics;VV=v1.1.0	manual curation	NT=Data-dependent acquisition;AC=PRIDE:0000627	NT=Orbitrap Fusion;AC=MS:1002416	NT=Trypsin;AC=MS:1001251	TMT130N	8	NT=collision-induced dissociation;AC=MS:1000133	5 ppm	0.6 Da	NT=dithiothreitol (DTT);AC=PRIDE:0000608	NT=methyl methanethiosulfonate (MMTS);AC=PRIDE:0000605	NT=Methylthio;AC=UNIMOD:39;TA=C;MT=Fixed	NT=Oxidation;AC=UNIMOD:35;TA=M;MT=Variable	NT=TMTpro;AC=UNIMOD:2016;TA=K;MT=Fixed	NT=TMTpro;AC=UNIMOD:2016;PP=Protein N-term;MT=Fixed	monensin resistant	65177
set2-65177-M-r1	Staphylococcus aureus	not applicable	1	whole organism	Fusion_220602_62-TMT130N	proteomic profiling by mass spectrometry	1	Fusion_220602_62.raw	v1.1.0	NT=ms-proteomics;VV=v1.1.0	manual curation	NT=Data-dependent acquisition;AC=PRIDE:0000627	NT=Orbitrap Fusion;AC=MS:1002416	NT=Trypsin;AC=MS:1001251	TMT130N	9	NT=collision-induced dissociation;AC=MS:1000133	5 ppm	0.6 Da	NT=dithiothreitol (DTT);AC=PRIDE:0000608	NT=methyl methanethiosulfonate (MMTS);AC=PRIDE:0000605	NT=Methylthio;AC=UNIMOD:39;TA=C;MT=Fixed	NT=Oxidation;AC=UNIMOD:35;TA=M;MT=Variable	NT=TMTpro;AC=UNIMOD:2016;TA=K;MT=Fixed	NT=TMTpro;AC=UNIMOD:2016;PP=Protein N-term;MT=Fixed	monensin resistant	65177
set2-65177-M-r1	Staphylococcus aureus	not applicable	1	whole organism	Fusion_220602_63-TMT130N	proteomic profiling by mass spectrometry	1	Fusion_220602_63.raw	v1.1.0	NT=ms-proteomics;VV=v1.1.0	manual curation	NT=Data-dependent acquisition;AC=PRIDE:0000627	NT=Orbitrap Fusion;AC=MS:1002416	NT=Trypsin;AC=MS:1001251	TMT130N	10	NT=collision-induced dissociation;AC=MS:1000133	5 ppm	0.6 Da	NT=dithiothreitol (DTT);AC=PRIDE:0000608	NT=methyl methanethiosulfonate (MMTS);AC=PRIDE:0000605	NT=Methylthio;AC=UNIMOD:39;TA=C;MT=Fixed	NT=Oxidation;AC=UNIMOD:35;TA=M;MT=Variable	NT=TMTpro;AC=UNIMOD:2016;TA=K;MT=Fixed	NT=TMTpro;AC=UNIMOD:2016;PP=Protein N-term;MT=Fixed	monensin resistant	65177
set2-65177-M-r2	Staphylococcus aureus	not applicable	2	whole organism	Fusion_220602_54-TMT130C	proteomic profiling by mass spectrometry	1	Fusion_220602_54.raw	v1.1.0	NT=ms-proteomics;VV=v1.1.0	manual curation	NT=Data-dependent acquisition;AC=PRIDE:0000627	NT=Orbitrap Fusion;AC=MS:1002416	NT=Trypsin;AC=MS:1001251	TMT130C	1	NT=collision-induced dissociation;AC=MS:1000133	5 ppm	0.6 Da	NT=dithiothreitol (DTT);AC=PRIDE:0000608	NT=methyl methanethiosulfonate (MMTS);AC=PRIDE:0000605	NT=Methylthio;AC=UNIMOD:39;TA=C;MT=Fixed	NT=Oxidation;AC=UNIMOD:35;TA=M;MT=Variable	NT=TMTpro;AC=UNIMOD:2016;TA=K;MT=Fixed	NT=TMTpro;AC=UNIMOD:2016;PP=Protein N-term;MT=Fixed	monensin resistant	65177
set2-65177-M-r2	Staphylococcus aureus	not applicable	2	whole organism	Fusion_220602_55-TMT130C	proteomic profiling by mass spectrometry	1	Fusion_220602_55.raw	v1.1.0	NT=ms-proteomics;VV=v1.1.0	manual curation	NT=Data-dependent acquisition;AC=PRIDE:0000627	NT=Orbitrap Fusion;AC=MS:1002416	NT=Trypsin;AC=MS:1001251	TMT130C	2	NT=collision-induced dissociation;AC=MS:1000133	5 ppm	0.6 Da	NT=dithiothreitol (DTT);AC=PRIDE:0000608	NT=methyl methanethiosulfonate (MMTS);AC=PRIDE:0000605	NT=Methylthio;AC=UNIMOD:39;TA=C;MT=Fixed	NT=Oxidation;AC=UNIMOD:35;TA=M;MT=Variable	NT=TMTpro;AC=UNIMOD:2016;TA=K;MT=Fixed	NT=TMTpro;AC=UNIMOD:2016;PP=Protein N-term;MT=Fixed	monensin resistant	65177
set2-65177-M-r2	Staphylococcus aureus	not applicable	2	whole organism	Fusion_220602_56-TMT130C	proteomic profiling by mass spectrometry	1	Fusion_220602_56.raw	v1.1.0	NT=ms-proteomics;VV=v1.1.0	manual curation	NT=Data-dependent acquisition;AC=PRIDE:0000627	NT=Orbitrap Fusion;AC=MS:1002416	NT=Trypsin;AC=MS:1001251	TMT130C	3	NT=collision-induced dissociation;AC=MS:1000133	5 ppm	0.6 Da	NT=dithiothreitol (DTT);AC=PRIDE:0000608	NT=methyl methanethiosulfonate (MMTS);AC=PRIDE:0000605	NT=Methylthio;AC=UNIMOD:39;TA=C;MT=Fixed	NT=Oxidation;AC=UNIMOD:35;TA=M;MT=Variable	NT=TMTpro;AC=UNIMOD:2016;TA=K;MT=Fixed	NT=TMTpro;AC=UNIMOD:2016;PP=Protein N-term;MT=Fixed	monensin resistant	65177
set2-65177-M-r2	Staphylococcus aureus	not applicable	2	whole organism	Fusion_220602_57-TMT130C	proteomic profiling by mass spectrometry	1	Fusion_220602_57.raw	v1.1.0	NT=ms-proteomics;VV=v1.1.0	manual curation	NT=Data-dependent acquisition;AC=PRIDE:0000627	NT=Orbitrap Fusion;AC=MS:1002416	NT=Trypsin;AC=MS:1001251	TMT130C	4	NT=collision-induced dissociation;AC=MS:1000133	5 ppm	0.6 Da	NT=dithiothreitol (DTT);AC=PRIDE:0000608	NT=methyl methanethiosulfonate (MMTS);AC=PRIDE:0000605	NT=Methylthio;AC=UNIMOD:39;TA=C;MT=Fixed	NT=Oxidation;AC=UNIMOD:35;TA=M;MT=Variable	NT=TMTpro;AC=UNIMOD:2016;TA=K;MT=Fixed	NT=TMTpro;AC=UNIMOD:2016;PP=Protein N-term;MT=Fixed	monensin resistant	65177
set2-65177-M-r2	Staphylococcus aureus	not applicable	2	whole organism	Fusion_220602_58-TMT130C	proteomic profiling by mass spectrometry	1	Fusion_220602_58.raw	v1.1.0	NT=ms-proteomics;VV=v1.1.0	manual curation	NT=Data-dependent acquisition;AC=PRIDE:0000627	NT=Orbitrap Fusion;AC=MS:1002416	NT=Trypsin;AC=MS:1001251	TMT130C	5	NT=collision-induced dissociation;AC=MS:1000133	5 ppm	0.6 Da	NT=dithiothreitol (DTT);AC=PRIDE:0000608	NT=methyl methanethiosulfonate (MMTS);AC=PRIDE:0000605	NT=Methylthio;AC=UNIMOD:39;TA=C;MT=Fixed	NT=Oxidation;AC=UNIMOD:35;TA=M;MT=Variable	NT=TMTpro;AC=UNIMOD:2016;TA=K;MT=Fixed	NT=TMTpro;AC=UNIMOD:2016;PP=Protein N-term;MT=Fixed	monensin resistant	65177
set2-65177-M-r2	Staphylococcus aureus	not applicable	2	whole organism	Fusion_220602_59-TMT130C	proteomic profiling by mass spectrometry	1	Fusion_220602_59.raw	v1.1.0	NT=ms-proteomics;VV=v1.1.0	manual curation	NT=Data-dependent acquisition;AC=PRIDE:0000627	NT=Orbitrap Fusion;AC=MS:1002416	NT=Trypsin;AC=MS:1001251	TMT130C	6	NT=collision-induced dissociation;AC=MS:1000133	5 ppm	0.6 Da	NT=dithiothreitol (DTT);AC=PRIDE:0000608	NT=methyl methanethiosulfonate (MMTS);AC=PRIDE:0000605	NT=Methylthio;AC=UNIMOD:39;TA=C;MT=Fixed	NT=Oxidation;AC=UNIMOD:35;TA=M;MT=Variable	NT=TMTpro;AC=UNIMOD:2016;TA=K;MT=Fixed	NT=TMTpro;AC=UNIMOD:2016;PP=Protein N-term;MT=Fixed	monensin resistant	65177
set2-65177-M-r2	Staphylococcus aureus	not applicable	2	whole organism	Fusion_220602_60-TMT130C	proteomic profiling by mass spectrometry	1	Fusion_220602_60.raw	v1.1.0	NT=ms-proteomics;VV=v1.1.0	manual curation	NT=Data-dependent acquisition;AC=PRIDE:0000627	NT=Orbitrap Fusion;AC=MS:1002416	NT=Trypsin;AC=MS:1001251	TMT130C	7	NT=collision-induced dissociation;AC=MS:1000133	5 ppm	0.6 Da	NT=dithiothreitol (DTT);AC=PRIDE:0000608	NT=methyl methanethiosulfonate (MMTS);AC=PRIDE:0000605	NT=Methylthio;AC=UNIMOD:39;TA=C;MT=Fixed	NT=Oxidation;AC=UNIMOD:35;TA=M;MT=Variable	NT=TMTpro;AC=UNIMOD:2016;TA=K;MT=Fixed	NT=TMTpro;AC=UNIMOD:2016;PP=Protein N-term;MT=Fixed	monensin resistant	65177
set2-65177-M-r2	Staphylococcus aureus	not applicable	2	whole organism	Fusion_220602_61-TMT130C	proteomic profiling by mass spectrometry	1	Fusion_220602_61.raw	v1.1.0	NT=ms-proteomics;VV=v1.1.0	manual curation	NT=Data-dependent acquisition;AC=PRIDE:0000627	NT=Orbitrap Fusion;AC=MS:1002416	NT=Trypsin;AC=MS:1001251	TMT130C	8	NT=collision-induced dissociation;AC=MS:1000133	5 ppm	0.6 Da	NT=dithiothreitol (DTT);AC=PRIDE:0000608	NT=methyl methanethiosulfonate (MMTS);AC=PRIDE:0000605	NT=Methylthio;AC=UNIMOD:39;TA=C;MT=Fixed	NT=Oxidation;AC=UNIMOD:35;TA=M;MT=Variable	NT=TMTpro;AC=UNIMOD:2016;TA=K;MT=Fixed	NT=TMTpro;AC=UNIMOD:2016;PP=Protein N-term;MT=Fixed	monensin resistant	65177
set2-65177-M-r2	Staphylococcus aureus	not applicable	2	whole organism	Fusion_220602_62-TMT130C	proteomic profiling by mass spectrometry	1	Fusion_220602_62.raw	v1.1.0	NT=ms-proteomics;VV=v1.1.0	manual curation	NT=Data-dependent acquisition;AC=PRIDE:0000627	NT=Orbitrap Fusion;AC=MS:1002416	NT=Trypsin;AC=MS:1001251	TMT130C	9	NT=collision-induced dissociation;AC=MS:1000133	5 ppm	0.6 Da	NT=dithiothreitol (DTT);AC=PRIDE:0000608	NT=methyl methanethiosulfonate (MMTS);AC=PRIDE:0000605	NT=Methylthio;AC=UNIMOD:39;TA=C;MT=Fixed	NT=Oxidation;AC=UNIMOD:35;TA=M;MT=Variable	NT=TMTpro;AC=UNIMOD:2016;TA=K;MT=Fixed	NT=TMTpro;AC=UNIMOD:2016;PP=Protein N-term;MT=Fixed	monensin resistant	65177
set2-65177-M-r2	Staphylococcus aureus	not applicable	2	whole organism	Fusion_220602_63-TMT130C	proteomic profiling by mass spectrometry	1	Fusion_220602_63.raw	v1.1.0	NT=ms-proteomics;VV=v1.1.0	manual curation	NT=Data-dependent acquisition;AC=PRIDE:0000627	NT=Orbitrap Fusion;AC=MS:1002416	NT=Trypsin;AC=MS:1001251	TMT130C	10	NT=collision-induced dissociation;AC=MS:1000133	5 ppm	0.6 Da	NT=dithiothreitol (DTT);AC=PRIDE:0000608	NT=methyl methanethiosulfonate (MMTS);AC=PRIDE:0000605	NT=Methylthio;AC=UNIMOD:39;TA=C;MT=Fixed	NT=Oxidation;AC=UNIMOD:35;TA=M;MT=Variable	NT=TMTpro;AC=UNIMOD:2016;TA=K;MT=Fixed	NT=TMTpro;AC=UNIMOD:2016;PP=Protein N-term;MT=Fixed	monensin resistant	65177
set2-65177-M-r3	Staphylococcus aureus	not applicable	3	whole organism	Fusion_220602_54-TMT131N	proteomic profiling by mass spectrometry	1	Fusion_220602_54.raw	v1.1.0	NT=ms-proteomics;VV=v1.1.0	manual curation	NT=Data-dependent acquisition;AC=PRIDE:0000627	NT=Orbitrap Fusion;AC=MS:1002416	NT=Trypsin;AC=MS:1001251	TMT131N	1	NT=collision-induced dissociation;AC=MS:1000133	5 ppm	0.6 Da	NT=dithiothreitol (DTT);AC=PRIDE:0000608	NT=methyl methanethiosulfonate (MMTS);AC=PRIDE:0000605	NT=Methylthio;AC=UNIMOD:39;TA=C;MT=Fixed	NT=Oxidation;AC=UNIMOD:35;TA=M;MT=Variable	NT=TMTpro;AC=UNIMOD:2016;TA=K;MT=Fixed	NT=TMTpro;AC=UNIMOD:2016;PP=Protein N-term;MT=Fixed	monensin resistant	65177
set2-65177-M-r3	Staphylococcus aureus	not applicable	3	whole organism	Fusion_220602_55-TMT131N	proteomic profiling by mass spectrometry	1	Fusion_220602_55.raw	v1.1.0	NT=ms-proteomics;VV=v1.1.0	manual curation	NT=Data-dependent acquisition;AC=PRIDE:0000627	NT=Orbitrap Fusion;AC=MS:1002416	NT=Trypsin;AC=MS:1001251	TMT131N	2	NT=collision-induced dissociation;AC=MS:1000133	5 ppm	0.6 Da	NT=dithiothreitol (DTT);AC=PRIDE:0000608	NT=methyl methanethiosulfonate (MMTS);AC=PRIDE:0000605	NT=Methylthio;AC=UNIMOD:39;TA=C;MT=Fixed	NT=Oxidation;AC=UNIMOD:35;TA=M;MT=Variable	NT=TMTpro;AC=UNIMOD:2016;TA=K;MT=Fixed	NT=TMTpro;AC=UNIMOD:2016;PP=Protein N-term;MT=Fixed	monensin resistant	65177
set2-65177-M-r3	Staphylococcus aureus	not applicable	3	whole organism	Fusion_220602_56-TMT131N	proteomic profiling by mass spectrometry	1	Fusion_220602_56.raw	v1.1.0	NT=ms-proteomics;VV=v1.1.0	manual curation	NT=Data-dependent acquisition;AC=PRIDE:0000627	NT=Orbitrap Fusion;AC=MS:1002416	NT=Trypsin;AC=MS:1001251	TMT131N	3	NT=collision-induced dissociation;AC=MS:1000133	5 ppm	0.6 Da	NT=dithiothreitol (DTT);AC=PRIDE:0000608	NT=methyl methanethiosulfonate (MMTS);AC=PRIDE:0000605	NT=Methylthio;AC=UNIMOD:39;TA=C;MT=Fixed	NT=Oxidation;AC=UNIMOD:35;TA=M;MT=Variable	NT=TMTpro;AC=UNIMOD:2016;TA=K;MT=Fixed	NT=TMTpro;AC=UNIMOD:2016;PP=Protein N-term;MT=Fixed	monensin resistant	65177
set2-65177-M-r3	Staphylococcus aureus	not applicable	3	whole organism	Fusion_220602_57-TMT131N	proteomic profiling by mass spectrometry	1	Fusion_220602_57.raw	v1.1.0	NT=ms-proteomics;VV=v1.1.0	manual curation	NT=Data-dependent acquisition;AC=PRIDE:0000627	NT=Orbitrap Fusion;AC=MS:1002416	NT=Trypsin;AC=MS:1001251	TMT131N	4	NT=collision-induced dissociation;AC=MS:1000133	5 ppm	0.6 Da	NT=dithiothreitol (DTT);AC=PRIDE:0000608	NT=methyl methanethiosulfonate (MMTS);AC=PRIDE:0000605	NT=Methylthio;AC=UNIMOD:39;TA=C;MT=Fixed	NT=Oxidation;AC=UNIMOD:35;TA=M;MT=Variable	NT=TMTpro;AC=UNIMOD:2016;TA=K;MT=Fixed	NT=TMTpro;AC=UNIMOD:2016;PP=Protein N-term;MT=Fixed	monensin resistant	65177
set2-65177-M-r3	Staphylococcus aureus	not applicable	3	whole organism	Fusion_220602_58-TMT131N	proteomic profiling by mass spectrometry	1	Fusion_220602_58.raw	v1.1.0	NT=ms-proteomics;VV=v1.1.0	manual curation	NT=Data-dependent acquisition;AC=PRIDE:0000627	NT=Orbitrap Fusion;AC=MS:1002416	NT=Trypsin;AC=MS:1001251	TMT131N	5	NT=collision-induced dissociation;AC=MS:1000133	5 ppm	0.6 Da	NT=dithiothreitol (DTT);AC=PRIDE:0000608	NT=methyl methanethiosulfonate (MMTS);AC=PRIDE:0000605	NT=Methylthio;AC=UNIMOD:39;TA=C;MT=Fixed	NT=Oxidation;AC=UNIMOD:35;TA=M;MT=Variable	NT=TMTpro;AC=UNIMOD:2016;TA=K;MT=Fixed	NT=TMTpro;AC=UNIMOD:2016;PP=Protein N-term;MT=Fixed	monensin resistant	65177
set2-65177-M-r3	Staphylococcus aureus	not applicable	3	whole organism	Fusion_220602_59-TMT131N	proteomic profiling by mass spectrometry	1	Fusion_220602_59.raw	v1.1.0	NT=ms-proteomics;VV=v1.1.0	manual curation	NT=Data-dependent acquisition;AC=PRIDE:0000627	NT=Orbitrap Fusion;AC=MS:1002416	NT=Trypsin;AC=MS:1001251	TMT131N	6	NT=collision-induced dissociation;AC=MS:1000133	5 ppm	0.6 Da	NT=dithiothreitol (DTT);AC=PRIDE:0000608	NT=methyl methanethiosulfonate (MMTS);AC=PRIDE:0000605	NT=Methylthio;AC=UNIMOD:39;TA=C;MT=Fixed	NT=Oxidation;AC=UNIMOD:35;TA=M;MT=Variable	NT=TMTpro;AC=UNIMOD:2016;TA=K;MT=Fixed	NT=TMTpro;AC=UNIMOD:2016;PP=Protein N-term;MT=Fixed	monensin resistant	65177
set2-65177-M-r3	Staphylococcus aureus	not applicable	3	whole organism	Fusion_220602_60-TMT131N	proteomic profiling by mass spectrometry	1	Fusion_220602_60.raw	v1.1.0	NT=ms-proteomics;VV=v1.1.0	manual curation	NT=Data-dependent acquisition;AC=PRIDE:0000627	NT=Orbitrap Fusion;AC=MS:1002416	NT=Trypsin;AC=MS:1001251	TMT131N	7	NT=collision-induced dissociation;AC=MS:1000133	5 ppm	0.6 Da	NT=dithiothreitol (DTT);AC=PRIDE:0000608	NT=methyl methanethiosulfonate (MMTS);AC=PRIDE:0000605	NT=Methylthio;AC=UNIMOD:39;TA=C;MT=Fixed	NT=Oxidation;AC=UNIMOD:35;TA=M;MT=Variable	NT=TMTpro;AC=UNIMOD:2016;TA=K;MT=Fixed	NT=TMTpro;AC=UNIMOD:2016;PP=Protein N-term;MT=Fixed	monensin resistant	65177
set2-65177-M-r3	Staphylococcus aureus	not applicable	3	whole organism	Fusion_220602_61-TMT131N	proteomic profiling by mass spectrometry	1	Fusion_220602_61.raw	v1.1.0	NT=ms-proteomics;VV=v1.1.0	manual curation	NT=Data-dependent acquisition;AC=PRIDE:0000627	NT=Orbitrap Fusion;AC=MS:1002416	NT=Trypsin;AC=MS:1001251	TMT131N	8	NT=collision-induced dissociation;AC=MS:1000133	5 ppm	0.6 Da	NT=dithiothreitol (DTT);AC=PRIDE:0000608	NT=methyl methanethiosulfonate (MMTS);AC=PRIDE:0000605	NT=Methylthio;AC=UNIMOD:39;TA=C;MT=Fixed	NT=Oxidation;AC=UNIMOD:35;TA=M;MT=Variable	NT=TMTpro;AC=UNIMOD:2016;TA=K;MT=Fixed	NT=TMTpro;AC=UNIMOD:2016;PP=Protein N-term;MT=Fixed	monensin resistant	65177
set2-65177-M-r3	Staphylococcus aureus	not applicable	3	whole organism	Fusion_220602_62-TMT131N	proteomic profiling by mass spectrometry	1	Fusion_220602_62.raw	v1.1.0	NT=ms-proteomics;VV=v1.1.0	manual curation	NT=Data-dependent acquisition;AC=PRIDE:0000627	NT=Orbitrap Fusion;AC=MS:1002416	NT=Trypsin;AC=MS:1001251	TMT131N	9	NT=collision-induced dissociation;AC=MS:1000133	5 ppm	0.6 Da	NT=dithiothreitol (DTT);AC=PRIDE:0000608	NT=methyl methanethiosulfonate (MMTS);AC=PRIDE:0000605	NT=Methylthio;AC=UNIMOD:39;TA=C;MT=Fixed	NT=Oxidation;AC=UNIMOD:35;TA=M;MT=Variable	NT=TMTpro;AC=UNIMOD:2016;TA=K;MT=Fixed	NT=TMTpro;AC=UNIMOD:2016;PP=Protein N-term;MT=Fixed	monensin resistant	65177
set2-65177-M-r3	Staphylococcus aureus	not applicable	3	whole organism	Fusion_220602_63-TMT131N	proteomic profiling by mass spectrometry	1	Fusion_220602_63.raw	v1.1.0	NT=ms-proteomics;VV=v1.1.0	manual curation	NT=Data-dependent acquisition;AC=PRIDE:0000627	NT=Orbitrap Fusion;AC=MS:1002416	NT=Trypsin;AC=MS:1001251	TMT131N	10	NT=collision-induced dissociation;AC=MS:1000133	5 ppm	0.6 Da	NT=dithiothreitol (DTT);AC=PRIDE:0000608	NT=methyl methanethiosulfonate (MMTS);AC=PRIDE:0000605	NT=Methylthio;AC=UNIMOD:39;TA=C;MT=Fixed	NT=Oxidation;AC=UNIMOD:35;TA=M;MT=Variable	NT=TMTpro;AC=UNIMOD:2016;TA=K;MT=Fixed	NT=TMTpro;AC=UNIMOD:2016;PP=Protein N-term;MT=Fixed	monensin resistant	65177
set2-66382-r1	Staphylococcus aureus	not applicable	1	whole organism	Fusion_220602_54-TMT131C	proteomic profiling by mass spectrometry	1	Fusion_220602_54.raw	v1.1.0	NT=ms-proteomics;VV=v1.1.0	manual curation	NT=Data-dependent acquisition;AC=PRIDE:0000627	NT=Orbitrap Fusion;AC=MS:1002416	NT=Trypsin;AC=MS:1001251	TMT131C	1	NT=collision-induced dissociation;AC=MS:1000133	5 ppm	0.6 Da	NT=dithiothreitol (DTT);AC=PRIDE:0000608	NT=methyl methanethiosulfonate (MMTS);AC=PRIDE:0000605	NT=Methylthio;AC=UNIMOD:39;TA=C;MT=Fixed	NT=Oxidation;AC=UNIMOD:35;TA=M;MT=Variable	NT=TMTpro;AC=UNIMOD:2016;TA=K;MT=Fixed	NT=TMTpro;AC=UNIMOD:2016;PP=Protein N-term;MT=Fixed	parental	66382
set2-66382-r1	Staphylococcus aureus	not applicable	1	whole organism	Fusion_220602_55-TMT131C	proteomic profiling by mass spectrometry	1	Fusion_220602_55.raw	v1.1.0	NT=ms-proteomics;VV=v1.1.0	manual curation	NT=Data-dependent acquisition;AC=PRIDE:0000627	NT=Orbitrap Fusion;AC=MS:1002416	NT=Trypsin;AC=MS:1001251	TMT131C	2	NT=collision-induced dissociation;AC=MS:1000133	5 ppm	0.6 Da	NT=dithiothreitol (DTT);AC=PRIDE:0000608	NT=methyl methanethiosulfonate (MMTS);AC=PRIDE:0000605	NT=Methylthio;AC=UNIMOD:39;TA=C;MT=Fixed	NT=Oxidation;AC=UNIMOD:35;TA=M;MT=Variable	NT=TMTpro;AC=UNIMOD:2016;TA=K;MT=Fixed	NT=TMTpro;AC=UNIMOD:2016;PP=Protein N-term;MT=Fixed	parental	66382
set2-66382-r1	Staphylococcus aureus	not applicable	1	whole organism	Fusion_220602_56-TMT131C	proteomic profiling by mass spectrometry	1	Fusion_220602_56.raw	v1.1.0	NT=ms-proteomics;VV=v1.1.0	manual curation	NT=Data-dependent acquisition;AC=PRIDE:0000627	NT=Orbitrap Fusion;AC=MS:1002416	NT=Trypsin;AC=MS:1001251	TMT131C	3	NT=collision-induced dissociation;AC=MS:1000133	5 ppm	0.6 Da	NT=dithiothreitol (DTT);AC=PRIDE:0000608	NT=methyl methanethiosulfonate (MMTS);AC=PRIDE:0000605	NT=Methylthio;AC=UNIMOD:39;TA=C;MT=Fixed	NT=Oxidation;AC=UNIMOD:35;TA=M;MT=Variable	NT=TMTpro;AC=UNIMOD:2016;TA=K;MT=Fixed	NT=TMTpro;AC=UNIMOD:2016;PP=Protein N-term;MT=Fixed	parental	66382
set2-66382-r1	Staphylococcus aureus	not applicable	1	whole organism	Fusion_220602_57-TMT131C	proteomic profiling by mass spectrometry	1	Fusion_220602_57.raw	v1.1.0	NT=ms-proteomics;VV=v1.1.0	manual curation	NT=Data-dependent acquisition;AC=PRIDE:0000627	NT=Orbitrap Fusion;AC=MS:1002416	NT=Trypsin;AC=MS:1001251	TMT131C	4	NT=collision-induced dissociation;AC=MS:1000133	5 ppm	0.6 Da	NT=dithiothreitol (DTT);AC=PRIDE:0000608	NT=methyl methanethiosulfonate (MMTS);AC=PRIDE:0000605	NT=Methylthio;AC=UNIMOD:39;TA=C;MT=Fixed	NT=Oxidation;AC=UNIMOD:35;TA=M;MT=Variable	NT=TMTpro;AC=UNIMOD:2016;TA=K;MT=Fixed	NT=TMTpro;AC=UNIMOD:2016;PP=Protein N-term;MT=Fixed	parental	66382
set2-66382-r1	Staphylococcus aureus	not applicable	1	whole organism	Fusion_220602_58-TMT131C	proteomic profiling by mass spectrometry	1	Fusion_220602_58.raw	v1.1.0	NT=ms-proteomics;VV=v1.1.0	manual curation	NT=Data-dependent acquisition;AC=PRIDE:0000627	NT=Orbitrap Fusion;AC=MS:1002416	NT=Trypsin;AC=MS:1001251	TMT131C	5	NT=collision-induced dissociation;AC=MS:1000133	5 ppm	0.6 Da	NT=dithiothreitol (DTT);AC=PRIDE:0000608	NT=methyl methanethiosulfonate (MMTS);AC=PRIDE:0000605	NT=Methylthio;AC=UNIMOD:39;TA=C;MT=Fixed	NT=Oxidation;AC=UNIMOD:35;TA=M;MT=Variable	NT=TMTpro;AC=UNIMOD:2016;TA=K;MT=Fixed	NT=TMTpro;AC=UNIMOD:2016;PP=Protein N-term;MT=Fixed	parental	66382
set2-66382-r1	Staphylococcus aureus	not applicable	1	whole organism	Fusion_220602_59-TMT131C	proteomic profiling by mass spectrometry	1	Fusion_220602_59.raw	v1.1.0	NT=ms-proteomics;VV=v1.1.0	manual curation	NT=Data-dependent acquisition;AC=PRIDE:0000627	NT=Orbitrap Fusion;AC=MS:1002416	NT=Trypsin;AC=MS:1001251	TMT131C	6	NT=collision-induced dissociation;AC=MS:1000133	5 ppm	0.6 Da	NT=dithiothreitol (DTT);AC=PRIDE:0000608	NT=methyl methanethiosulfonate (MMTS);AC=PRIDE:0000605	NT=Methylthio;AC=UNIMOD:39;TA=C;MT=Fixed	NT=Oxidation;AC=UNIMOD:35;TA=M;MT=Variable	NT=TMTpro;AC=UNIMOD:2016;TA=K;MT=Fixed	NT=TMTpro;AC=UNIMOD:2016;PP=Protein N-term;MT=Fixed	parental	66382
set2-66382-r1	Staphylococcus aureus	not applicable	1	whole organism	Fusion_220602_60-TMT131C	proteomic profiling by mass spectrometry	1	Fusion_220602_60.raw	v1.1.0	NT=ms-proteomics;VV=v1.1.0	manual curation	NT=Data-dependent acquisition;AC=PRIDE:0000627	NT=Orbitrap Fusion;AC=MS:1002416	NT=Trypsin;AC=MS:1001251	TMT131C	7	NT=collision-induced dissociation;AC=MS:1000133	5 ppm	0.6 Da	NT=dithiothreitol (DTT);AC=PRIDE:0000608	NT=methyl methanethiosulfonate (MMTS);AC=PRIDE:0000605	NT=Methylthio;AC=UNIMOD:39;TA=C;MT=Fixed	NT=Oxidation;AC=UNIMOD:35;TA=M;MT=Variable	NT=TMTpro;AC=UNIMOD:2016;TA=K;MT=Fixed	NT=TMTpro;AC=UNIMOD:2016;PP=Protein N-term;MT=Fixed	parental	66382
set2-66382-r1	Staphylococcus aureus	not applicable	1	whole organism	Fusion_220602_61-TMT131C	proteomic profiling by mass spectrometry	1	Fusion_220602_61.raw	v1.1.0	NT=ms-proteomics;VV=v1.1.0	manual curation	NT=Data-dependent acquisition;AC=PRIDE:0000627	NT=Orbitrap Fusion;AC=MS:1002416	NT=Trypsin;AC=MS:1001251	TMT131C	8	NT=collision-induced dissociation;AC=MS:1000133	5 ppm	0.6 Da	NT=dithiothreitol (DTT);AC=PRIDE:0000608	NT=methyl methanethiosulfonate (MMTS);AC=PRIDE:0000605	NT=Methylthio;AC=UNIMOD:39;TA=C;MT=Fixed	NT=Oxidation;AC=UNIMOD:35;TA=M;MT=Variable	NT=TMTpro;AC=UNIMOD:2016;TA=K;MT=Fixed	NT=TMTpro;AC=UNIMOD:2016;PP=Protein N-term;MT=Fixed	parental	66382
set2-66382-r1	Staphylococcus aureus	not applicable	1	whole organism	Fusion_220602_62-TMT131C	proteomic profiling by mass spectrometry	1	Fusion_220602_62.raw	v1.1.0	NT=ms-proteomics;VV=v1.1.0	manual curation	NT=Data-dependent acquisition;AC=PRIDE:0000627	NT=Orbitrap Fusion;AC=MS:1002416	NT=Trypsin;AC=MS:1001251	TMT131C	9	NT=collision-induced dissociation;AC=MS:1000133	5 ppm	0.6 Da	NT=dithiothreitol (DTT);AC=PRIDE:0000608	NT=methyl methanethiosulfonate (MMTS);AC=PRIDE:0000605	NT=Methylthio;AC=UNIMOD:39;TA=C;MT=Fixed	NT=Oxidation;AC=UNIMOD:35;TA=M;MT=Variable	NT=TMTpro;AC=UNIMOD:2016;TA=K;MT=Fixed	NT=TMTpro;AC=UNIMOD:2016;PP=Protein N-term;MT=Fixed	parental	66382
set2-66382-r1	Staphylococcus aureus	not applicable	1	whole organism	Fusion_220602_63-TMT131C	proteomic profiling by mass spectrometry	1	Fusion_220602_63.raw	v1.1.0	NT=ms-proteomics;VV=v1.1.0	manual curation	NT=Data-dependent acquisition;AC=PRIDE:0000627	NT=Orbitrap Fusion;AC=MS:1002416	NT=Trypsin;AC=MS:1001251	TMT131C	10	NT=collision-induced dissociation;AC=MS:1000133	5 ppm	0.6 Da	NT=dithiothreitol (DTT);AC=PRIDE:0000608	NT=methyl methanethiosulfonate (MMTS);AC=PRIDE:0000605	NT=Methylthio;AC=UNIMOD:39;TA=C;MT=Fixed	NT=Oxidation;AC=UNIMOD:35;TA=M;MT=Variable	NT=TMTpro;AC=UNIMOD:2016;TA=K;MT=Fixed	NT=TMTpro;AC=UNIMOD:2016;PP=Protein N-term;MT=Fixed	parental	66382
set2-66382-r2	Staphylococcus aureus	not applicable	2	whole organism	Fusion_220602_54-TMT132N	proteomic profiling by mass spectrometry	1	Fusion_220602_54.raw	v1.1.0	NT=ms-proteomics;VV=v1.1.0	manual curation	NT=Data-dependent acquisition;AC=PRIDE:0000627	NT=Orbitrap Fusion;AC=MS:1002416	NT=Trypsin;AC=MS:1001251	TMT132N	1	NT=collision-induced dissociation;AC=MS:1000133	5 ppm	0.6 Da	NT=dithiothreitol (DTT);AC=PRIDE:0000608	NT=methyl methanethiosulfonate (MMTS);AC=PRIDE:0000605	NT=Methylthio;AC=UNIMOD:39;TA=C;MT=Fixed	NT=Oxidation;AC=UNIMOD:35;TA=M;MT=Variable	NT=TMTpro;AC=UNIMOD:2016;TA=K;MT=Fixed	NT=TMTpro;AC=UNIMOD:2016;PP=Protein N-term;MT=Fixed	parental	66382
set2-66382-r2	Staphylococcus aureus	not applicable	2	whole organism	Fusion_220602_55-TMT132N	proteomic profiling by mass spectrometry	1	Fusion_220602_55.raw	v1.1.0	NT=ms-proteomics;VV=v1.1.0	manual curation	NT=Data-dependent acquisition;AC=PRIDE:0000627	NT=Orbitrap Fusion;AC=MS:1002416	NT=Trypsin;AC=MS:1001251	TMT132N	2	NT=collision-induced dissociation;AC=MS:1000133	5 ppm	0.6 Da	NT=dithiothreitol (DTT);AC=PRIDE:0000608	NT=methyl methanethiosulfonate (MMTS);AC=PRIDE:0000605	NT=Methylthio;AC=UNIMOD:39;TA=C;MT=Fixed	NT=Oxidation;AC=UNIMOD:35;TA=M;MT=Variable	NT=TMTpro;AC=UNIMOD:2016;TA=K;MT=Fixed	NT=TMTpro;AC=UNIMOD:2016;PP=Protein N-term;MT=Fixed	parental	66382
set2-66382-r2	Staphylococcus aureus	not applicable	2	whole organism	Fusion_220602_56-TMT132N	proteomic profiling by mass spectrometry	1	Fusion_220602_56.raw	v1.1.0	NT=ms-proteomics;VV=v1.1.0	manual curation	NT=Data-dependent acquisition;AC=PRIDE:0000627	NT=Orbitrap Fusion;AC=MS:1002416	NT=Trypsin;AC=MS:1001251	TMT132N	3	NT=collision-induced dissociation;AC=MS:1000133	5 ppm	0.6 Da	NT=dithiothreitol (DTT);AC=PRIDE:0000608	NT=methyl methanethiosulfonate (MMTS);AC=PRIDE:0000605	NT=Methylthio;AC=UNIMOD:39;TA=C;MT=Fixed	NT=Oxidation;AC=UNIMOD:35;TA=M;MT=Variable	NT=TMTpro;AC=UNIMOD:2016;TA=K;MT=Fixed	NT=TMTpro;AC=UNIMOD:2016;PP=Protein N-term;MT=Fixed	parental	66382
set2-66382-r2	Staphylococcus aureus	not applicable	2	whole organism	Fusion_220602_57-TMT132N	proteomic profiling by mass spectrometry	1	Fusion_220602_57.raw	v1.1.0	NT=ms-proteomics;VV=v1.1.0	manual curation	NT=Data-dependent acquisition;AC=PRIDE:0000627	NT=Orbitrap Fusion;AC=MS:1002416	NT=Trypsin;AC=MS:1001251	TMT132N	4	NT=collision-induced dissociation;AC=MS:1000133	5 ppm	0.6 Da	NT=dithiothreitol (DTT);AC=PRIDE:0000608	NT=methyl methanethiosulfonate (MMTS);AC=PRIDE:0000605	NT=Methylthio;AC=UNIMOD:39;TA=C;MT=Fixed	NT=Oxidation;AC=UNIMOD:35;TA=M;MT=Variable	NT=TMTpro;AC=UNIMOD:2016;TA=K;MT=Fixed	NT=TMTpro;AC=UNIMOD:2016;PP=Protein N-term;MT=Fixed	parental	66382
set2-66382-r2	Staphylococcus aureus	not applicable	2	whole organism	Fusion_220602_58-TMT132N	proteomic profiling by mass spectrometry	1	Fusion_220602_58.raw	v1.1.0	NT=ms-proteomics;VV=v1.1.0	manual curation	NT=Data-dependent acquisition;AC=PRIDE:0000627	NT=Orbitrap Fusion;AC=MS:1002416	NT=Trypsin;AC=MS:1001251	TMT132N	5	NT=collision-induced dissociation;AC=MS:1000133	5 ppm	0.6 Da	NT=dithiothreitol (DTT);AC=PRIDE:0000608	NT=methyl methanethiosulfonate (MMTS);AC=PRIDE:0000605	NT=Methylthio;AC=UNIMOD:39;TA=C;MT=Fixed	NT=Oxidation;AC=UNIMOD:35;TA=M;MT=Variable	NT=TMTpro;AC=UNIMOD:2016;TA=K;MT=Fixed	NT=TMTpro;AC=UNIMOD:2016;PP=Protein N-term;MT=Fixed	parental	66382
set2-66382-r2	Staphylococcus aureus	not applicable	2	whole organism	Fusion_220602_59-TMT132N	proteomic profiling by mass spectrometry	1	Fusion_220602_59.raw	v1.1.0	NT=ms-proteomics;VV=v1.1.0	manual curation	NT=Data-dependent acquisition;AC=PRIDE:0000627	NT=Orbitrap Fusion;AC=MS:1002416	NT=Trypsin;AC=MS:1001251	TMT132N	6	NT=collision-induced dissociation;AC=MS:1000133	5 ppm	0.6 Da	NT=dithiothreitol (DTT);AC=PRIDE:0000608	NT=methyl methanethiosulfonate (MMTS);AC=PRIDE:0000605	NT=Methylthio;AC=UNIMOD:39;TA=C;MT=Fixed	NT=Oxidation;AC=UNIMOD:35;TA=M;MT=Variable	NT=TMTpro;AC=UNIMOD:2016;TA=K;MT=Fixed	NT=TMTpro;AC=UNIMOD:2016;PP=Protein N-term;MT=Fixed	parental	66382
set2-66382-r2	Staphylococcus aureus	not applicable	2	whole organism	Fusion_220602_60-TMT132N	proteomic profiling by mass spectrometry	1	Fusion_220602_60.raw	v1.1.0	NT=ms-proteomics;VV=v1.1.0	manual curation	NT=Data-dependent acquisition;AC=PRIDE:0000627	NT=Orbitrap Fusion;AC=MS:1002416	NT=Trypsin;AC=MS:1001251	TMT132N	7	NT=collision-induced dissociation;AC=MS:1000133	5 ppm	0.6 Da	NT=dithiothreitol (DTT);AC=PRIDE:0000608	NT=methyl methanethiosulfonate (MMTS);AC=PRIDE:0000605	NT=Methylthio;AC=UNIMOD:39;TA=C;MT=Fixed	NT=Oxidation;AC=UNIMOD:35;TA=M;MT=Variable	NT=TMTpro;AC=UNIMOD:2016;TA=K;MT=Fixed	NT=TMTpro;AC=UNIMOD:2016;PP=Protein N-term;MT=Fixed	parental	66382
set2-66382-r2	Staphylococcus aureus	not applicable	2	whole organism	Fusion_220602_61-TMT132N	proteomic profiling by mass spectrometry	1	Fusion_220602_61.raw	v1.1.0	NT=ms-proteomics;VV=v1.1.0	manual curation	NT=Data-dependent acquisition;AC=PRIDE:0000627	NT=Orbitrap Fusion;AC=MS:1002416	NT=Trypsin;AC=MS:1001251	TMT132N	8	NT=collision-induced dissociation;AC=MS:1000133	5 ppm	0.6 Da	NT=dithiothreitol (DTT);AC=PRIDE:0000608	NT=methyl methanethiosulfonate (MMTS);AC=PRIDE:0000605	NT=Methylthio;AC=UNIMOD:39;TA=C;MT=Fixed	NT=Oxidation;AC=UNIMOD:35;TA=M;MT=Variable	NT=TMTpro;AC=UNIMOD:2016;TA=K;MT=Fixed	NT=TMTpro;AC=UNIMOD:2016;PP=Protein N-term;MT=Fixed	parental	66382
set2-66382-r2	Staphylococcus aureus	not applicable	2	whole organism	Fusion_220602_62-TMT132N	proteomic profiling by mass spectrometry	1	Fusion_220602_62.raw	v1.1.0	NT=ms-proteomics;VV=v1.1.0	manual curation	NT=Data-dependent acquisition;AC=PRIDE:0000627	NT=Orbitrap Fusion;AC=MS:1002416	NT=Trypsin;AC=MS:1001251	TMT132N	9	NT=collision-induced dissociation;AC=MS:1000133	5 ppm	0.6 Da	NT=dithiothreitol (DTT);AC=PRIDE:0000608	NT=methyl methanethiosulfonate (MMTS);AC=PRIDE:0000605	NT=Methylthio;AC=UNIMOD:39;TA=C;MT=Fixed	NT=Oxidation;AC=UNIMOD:35;TA=M;MT=Variable	NT=TMTpro;AC=UNIMOD:2016;TA=K;MT=Fixed	NT=TMTpro;AC=UNIMOD:2016;PP=Protein N-term;MT=Fixed	parental	66382
set2-66382-r2	Staphylococcus aureus	not applicable	2	whole organism	Fusion_220602_63-TMT132N	proteomic profiling by mass spectrometry	1	Fusion_220602_63.raw	v1.1.0	NT=ms-proteomics;VV=v1.1.0	manual curation	NT=Data-dependent acquisition;AC=PRIDE:0000627	NT=Orbitrap Fusion;AC=MS:1002416	NT=Trypsin;AC=MS:1001251	TMT132N	10	NT=collision-induced dissociation;AC=MS:1000133	5 ppm	0.6 Da	NT=dithiothreitol (DTT);AC=PRIDE:0000608	NT=methyl methanethiosulfonate (MMTS);AC=PRIDE:0000605	NT=Methylthio;AC=UNIMOD:39;TA=C;MT=Fixed	NT=Oxidation;AC=UNIMOD:35;TA=M;MT=Variable	NT=TMTpro;AC=UNIMOD:2016;TA=K;MT=Fixed	NT=TMTpro;AC=UNIMOD:2016;PP=Protein N-term;MT=Fixed	parental	66382
set2-66382-r3	Staphylococcus aureus	not applicable	3	whole organism	Fusion_220602_54-TMT132C	proteomic profiling by mass spectrometry	1	Fusion_220602_54.raw	v1.1.0	NT=ms-proteomics;VV=v1.1.0	manual curation	NT=Data-dependent acquisition;AC=PRIDE:0000627	NT=Orbitrap Fusion;AC=MS:1002416	NT=Trypsin;AC=MS:1001251	TMT132C	1	NT=collision-induced dissociation;AC=MS:1000133	5 ppm	0.6 Da	NT=dithiothreitol (DTT);AC=PRIDE:0000608	NT=methyl methanethiosulfonate (MMTS);AC=PRIDE:0000605	NT=Methylthio;AC=UNIMOD:39;TA=C;MT=Fixed	NT=Oxidation;AC=UNIMOD:35;TA=M;MT=Variable	NT=TMTpro;AC=UNIMOD:2016;TA=K;MT=Fixed	NT=TMTpro;AC=UNIMOD:2016;PP=Protein N-term;MT=Fixed	parental	66382
set2-66382-r3	Staphylococcus aureus	not applicable	3	whole organism	Fusion_220602_55-TMT132C	proteomic profiling by mass spectrometry	1	Fusion_220602_55.raw	v1.1.0	NT=ms-proteomics;VV=v1.1.0	manual curation	NT=Data-dependent acquisition;AC=PRIDE:0000627	NT=Orbitrap Fusion;AC=MS:1002416	NT=Trypsin;AC=MS:1001251	TMT132C	2	NT=collision-induced dissociation;AC=MS:1000133	5 ppm	0.6 Da	NT=dithiothreitol (DTT);AC=PRIDE:0000608	NT=methyl methanethiosulfonate (MMTS);AC=PRIDE:0000605	NT=Methylthio;AC=UNIMOD:39;TA=C;MT=Fixed	NT=Oxidation;AC=UNIMOD:35;TA=M;MT=Variable	NT=TMTpro;AC=UNIMOD:2016;TA=K;MT=Fixed	NT=TMTpro;AC=UNIMOD:2016;PP=Protein N-term;MT=Fixed	parental	66382
set2-66382-r3	Staphylococcus aureus	not applicable	3	whole organism	Fusion_220602_56-TMT132C	proteomic profiling by mass spectrometry	1	Fusion_220602_56.raw	v1.1.0	NT=ms-proteomics;VV=v1.1.0	manual curation	NT=Data-dependent acquisition;AC=PRIDE:0000627	NT=Orbitrap Fusion;AC=MS:1002416	NT=Trypsin;AC=MS:1001251	TMT132C	3	NT=collision-induced dissociation;AC=MS:1000133	5 ppm	0.6 Da	NT=dithiothreitol (DTT);AC=PRIDE:0000608	NT=methyl methanethiosulfonate (MMTS);AC=PRIDE:0000605	NT=Methylthio;AC=UNIMOD:39;TA=C;MT=Fixed	NT=Oxidation;AC=UNIMOD:35;TA=M;MT=Variable	NT=TMTpro;AC=UNIMOD:2016;TA=K;MT=Fixed	NT=TMTpro;AC=UNIMOD:2016;PP=Protein N-term;MT=Fixed	parental	66382
set2-66382-r3	Staphylococcus aureus	not applicable	3	whole organism	Fusion_220602_57-TMT132C	proteomic profiling by mass spectrometry	1	Fusion_220602_57.raw	v1.1.0	NT=ms-proteomics;VV=v1.1.0	manual curation	NT=Data-dependent acquisition;AC=PRIDE:0000627	NT=Orbitrap Fusion;AC=MS:1002416	NT=Trypsin;AC=MS:1001251	TMT132C	4	NT=collision-induced dissociation;AC=MS:1000133	5 ppm	0.6 Da	NT=dithiothreitol (DTT);AC=PRIDE:0000608	NT=methyl methanethiosulfonate (MMTS);AC=PRIDE:0000605	NT=Methylthio;AC=UNIMOD:39;TA=C;MT=Fixed	NT=Oxidation;AC=UNIMOD:35;TA=M;MT=Variable	NT=TMTpro;AC=UNIMOD:2016;TA=K;MT=Fixed	NT=TMTpro;AC=UNIMOD:2016;PP=Protein N-term;MT=Fixed	parental	66382
set2-66382-r3	Staphylococcus aureus	not applicable	3	whole organism	Fusion_220602_58-TMT132C	proteomic profiling by mass spectrometry	1	Fusion_220602_58.raw	v1.1.0	NT=ms-proteomics;VV=v1.1.0	manual curation	NT=Data-dependent acquisition;AC=PRIDE:0000627	NT=Orbitrap Fusion;AC=MS:1002416	NT=Trypsin;AC=MS:1001251	TMT132C	5	NT=collision-induced dissociation;AC=MS:1000133	5 ppm	0.6 Da	NT=dithiothreitol (DTT);AC=PRIDE:0000608	NT=methyl methanethiosulfonate (MMTS);AC=PRIDE:0000605	NT=Methylthio;AC=UNIMOD:39;TA=C;MT=Fixed	NT=Oxidation;AC=UNIMOD:35;TA=M;MT=Variable	NT=TMTpro;AC=UNIMOD:2016;TA=K;MT=Fixed	NT=TMTpro;AC=UNIMOD:2016;PP=Protein N-term;MT=Fixed	parental	66382
set2-66382-r3	Staphylococcus aureus	not applicable	3	whole organism	Fusion_220602_59-TMT132C	proteomic profiling by mass spectrometry	1	Fusion_220602_59.raw	v1.1.0	NT=ms-proteomics;VV=v1.1.0	manual curation	NT=Data-dependent acquisition;AC=PRIDE:0000627	NT=Orbitrap Fusion;AC=MS:1002416	NT=Trypsin;AC=MS:1001251	TMT132C	6	NT=collision-induced dissociation;AC=MS:1000133	5 ppm	0.6 Da	NT=dithiothreitol (DTT);AC=PRIDE:0000608	NT=methyl methanethiosulfonate (MMTS);AC=PRIDE:0000605	NT=Methylthio;AC=UNIMOD:39;TA=C;MT=Fixed	NT=Oxidation;AC=UNIMOD:35;TA=M;MT=Variable	NT=TMTpro;AC=UNIMOD:2016;TA=K;MT=Fixed	NT=TMTpro;AC=UNIMOD:2016;PP=Protein N-term;MT=Fixed	parental	66382
set2-66382-r3	Staphylococcus aureus	not applicable	3	whole organism	Fusion_220602_60-TMT132C	proteomic profiling by mass spectrometry	1	Fusion_220602_60.raw	v1.1.0	NT=ms-proteomics;VV=v1.1.0	manual curation	NT=Data-dependent acquisition;AC=PRIDE:0000627	NT=Orbitrap Fusion;AC=MS:1002416	NT=Trypsin;AC=MS:1001251	TMT132C	7	NT=collision-induced dissociation;AC=MS:1000133	5 ppm	0.6 Da	NT=dithiothreitol (DTT);AC=PRIDE:0000608	NT=methyl methanethiosulfonate (MMTS);AC=PRIDE:0000605	NT=Methylthio;AC=UNIMOD:39;TA=C;MT=Fixed	NT=Oxidation;AC=UNIMOD:35;TA=M;MT=Variable	NT=TMTpro;AC=UNIMOD:2016;TA=K;MT=Fixed	NT=TMTpro;AC=UNIMOD:2016;PP=Protein N-term;MT=Fixed	parental	66382
set2-66382-r3	Staphylococcus aureus	not applicable	3	whole organism	Fusion_220602_61-TMT132C	proteomic profiling by mass spectrometry	1	Fusion_220602_61.raw	v1.1.0	NT=ms-proteomics;VV=v1.1.0	manual curation	NT=Data-dependent acquisition;AC=PRIDE:0000627	NT=Orbitrap Fusion;AC=MS:1002416	NT=Trypsin;AC=MS:1001251	TMT132C	8	NT=collision-induced dissociation;AC=MS:1000133	5 ppm	0.6 Da	NT=dithiothreitol (DTT);AC=PRIDE:0000608	NT=methyl methanethiosulfonate (MMTS);AC=PRIDE:0000605	NT=Methylthio;AC=UNIMOD:39;TA=C;MT=Fixed	NT=Oxidation;AC=UNIMOD:35;TA=M;MT=Variable	NT=TMTpro;AC=UNIMOD:2016;TA=K;MT=Fixed	NT=TMTpro;AC=UNIMOD:2016;PP=Protein N-term;MT=Fixed	parental	66382
set2-66382-r3	Staphylococcus aureus	not applicable	3	whole organism	Fusion_220602_62-TMT132C	proteomic profiling by mass spectrometry	1	Fusion_220602_62.raw	v1.1.0	NT=ms-proteomics;VV=v1.1.0	manual curation	NT=Data-dependent acquisition;AC=PRIDE:0000627	NT=Orbitrap Fusion;AC=MS:1002416	NT=Trypsin;AC=MS:1001251	TMT132C	9	NT=collision-induced dissociation;AC=MS:1000133	5 ppm	0.6 Da	NT=dithiothreitol (DTT);AC=PRIDE:0000608	NT=methyl methanethiosulfonate (MMTS);AC=PRIDE:0000605	NT=Methylthio;AC=UNIMOD:39;TA=C;MT=Fixed	NT=Oxidation;AC=UNIMOD:35;TA=M;MT=Variable	NT=TMTpro;AC=UNIMOD:2016;TA=K;MT=Fixed	NT=TMTpro;AC=UNIMOD:2016;PP=Protein N-term;MT=Fixed	parental	66382
set2-66382-r3	Staphylococcus aureus	not applicable	3	whole organism	Fusion_220602_63-TMT132C	proteomic profiling by mass spectrometry	1	Fusion_220602_63.raw	v1.1.0	NT=ms-proteomics;VV=v1.1.0	manual curation	NT=Data-dependent acquisition;AC=PRIDE:0000627	NT=Orbitrap Fusion;AC=MS:1002416	NT=Trypsin;AC=MS:1001251	TMT132C	10	NT=collision-induced dissociation;AC=MS:1000133	5 ppm	0.6 Da	NT=dithiothreitol (DTT);AC=PRIDE:0000608	NT=methyl methanethiosulfonate (MMTS);AC=PRIDE:0000605	NT=Methylthio;AC=UNIMOD:39;TA=C;MT=Fixed	NT=Oxidation;AC=UNIMOD:35;TA=M;MT=Variable	NT=TMTpro;AC=UNIMOD:2016;TA=K;MT=Fixed	NT=TMTpro;AC=UNIMOD:2016;PP=Protein N-term;MT=Fixed	parental	66382
set2-66382-M-r1	Staphylococcus aureus	not applicable	1	whole organism	Fusion_220602_54-TMT133N	proteomic profiling by mass spectrometry	1	Fusion_220602_54.raw	v1.1.0	NT=ms-proteomics;VV=v1.1.0	manual curation	NT=Data-dependent acquisition;AC=PRIDE:0000627	NT=Orbitrap Fusion;AC=MS:1002416	NT=Trypsin;AC=MS:1001251	TMT133N	1	NT=collision-induced dissociation;AC=MS:1000133	5 ppm	0.6 Da	NT=dithiothreitol (DTT);AC=PRIDE:0000608	NT=methyl methanethiosulfonate (MMTS);AC=PRIDE:0000605	NT=Methylthio;AC=UNIMOD:39;TA=C;MT=Fixed	NT=Oxidation;AC=UNIMOD:35;TA=M;MT=Variable	NT=TMTpro;AC=UNIMOD:2016;TA=K;MT=Fixed	NT=TMTpro;AC=UNIMOD:2016;PP=Protein N-term;MT=Fixed	monensin resistant	66382
set2-66382-M-r1	Staphylococcus aureus	not applicable	1	whole organism	Fusion_220602_55-TMT133N	proteomic profiling by mass spectrometry	1	Fusion_220602_55.raw	v1.1.0	NT=ms-proteomics;VV=v1.1.0	manual curation	NT=Data-dependent acquisition;AC=PRIDE:0000627	NT=Orbitrap Fusion;AC=MS:1002416	NT=Trypsin;AC=MS:1001251	TMT133N	2	NT=collision-induced dissociation;AC=MS:1000133	5 ppm	0.6 Da	NT=dithiothreitol (DTT);AC=PRIDE:0000608	NT=methyl methanethiosulfonate (MMTS);AC=PRIDE:0000605	NT=Methylthio;AC=UNIMOD:39;TA=C;MT=Fixed	NT=Oxidation;AC=UNIMOD:35;TA=M;MT=Variable	NT=TMTpro;AC=UNIMOD:2016;TA=K;MT=Fixed	NT=TMTpro;AC=UNIMOD:2016;PP=Protein N-term;MT=Fixed	monensin resistant	66382
set2-66382-M-r1	Staphylococcus aureus	not applicable	1	whole organism	Fusion_220602_56-TMT133N	proteomic profiling by mass spectrometry	1	Fusion_220602_56.raw	v1.1.0	NT=ms-proteomics;VV=v1.1.0	manual curation	NT=Data-dependent acquisition;AC=PRIDE:0000627	NT=Orbitrap Fusion;AC=MS:1002416	NT=Trypsin;AC=MS:1001251	TMT133N	3	NT=collision-induced dissociation;AC=MS:1000133	5 ppm	0.6 Da	NT=dithiothreitol (DTT);AC=PRIDE:0000608	NT=methyl methanethiosulfonate (MMTS);AC=PRIDE:0000605	NT=Methylthio;AC=UNIMOD:39;TA=C;MT=Fixed	NT=Oxidation;AC=UNIMOD:35;TA=M;MT=Variable	NT=TMTpro;AC=UNIMOD:2016;TA=K;MT=Fixed	NT=TMTpro;AC=UNIMOD:2016;PP=Protein N-term;MT=Fixed	monensin resistant	66382
set2-66382-M-r1	Staphylococcus aureus	not applicable	1	whole organism	Fusion_220602_57-TMT133N	proteomic profiling by mass spectrometry	1	Fusion_220602_57.raw	v1.1.0	NT=ms-proteomics;VV=v1.1.0	manual curation	NT=Data-dependent acquisition;AC=PRIDE:0000627	NT=Orbitrap Fusion;AC=MS:1002416	NT=Trypsin;AC=MS:1001251	TMT133N	4	NT=collision-induced dissociation;AC=MS:1000133	5 ppm	0.6 Da	NT=dithiothreitol (DTT);AC=PRIDE:0000608	NT=methyl methanethiosulfonate (MMTS);AC=PRIDE:0000605	NT=Methylthio;AC=UNIMOD:39;TA=C;MT=Fixed	NT=Oxidation;AC=UNIMOD:35;TA=M;MT=Variable	NT=TMTpro;AC=UNIMOD:2016;TA=K;MT=Fixed	NT=TMTpro;AC=UNIMOD:2016;PP=Protein N-term;MT=Fixed	monensin resistant	66382
set2-66382-M-r1	Staphylococcus aureus	not applicable	1	whole organism	Fusion_220602_58-TMT133N	proteomic profiling by mass spectrometry	1	Fusion_220602_58.raw	v1.1.0	NT=ms-proteomics;VV=v1.1.0	manual curation	NT=Data-dependent acquisition;AC=PRIDE:0000627	NT=Orbitrap Fusion;AC=MS:1002416	NT=Trypsin;AC=MS:1001251	TMT133N	5	NT=collision-induced dissociation;AC=MS:1000133	5 ppm	0.6 Da	NT=dithiothreitol (DTT);AC=PRIDE:0000608	NT=methyl methanethiosulfonate (MMTS);AC=PRIDE:0000605	NT=Methylthio;AC=UNIMOD:39;TA=C;MT=Fixed	NT=Oxidation;AC=UNIMOD:35;TA=M;MT=Variable	NT=TMTpro;AC=UNIMOD:2016;TA=K;MT=Fixed	NT=TMTpro;AC=UNIMOD:2016;PP=Protein N-term;MT=Fixed	monensin resistant	66382
set2-66382-M-r1	Staphylococcus aureus	not applicable	1	whole organism	Fusion_220602_59-TMT133N	proteomic profiling by mass spectrometry	1	Fusion_220602_59.raw	v1.1.0	NT=ms-proteomics;VV=v1.1.0	manual curation	NT=Data-dependent acquisition;AC=PRIDE:0000627	NT=Orbitrap Fusion;AC=MS:1002416	NT=Trypsin;AC=MS:1001251	TMT133N	6	NT=collision-induced dissociation;AC=MS:1000133	5 ppm	0.6 Da	NT=dithiothreitol (DTT);AC=PRIDE:0000608	NT=methyl methanethiosulfonate (MMTS);AC=PRIDE:0000605	NT=Methylthio;AC=UNIMOD:39;TA=C;MT=Fixed	NT=Oxidation;AC=UNIMOD:35;TA=M;MT=Variable	NT=TMTpro;AC=UNIMOD:2016;TA=K;MT=Fixed	NT=TMTpro;AC=UNIMOD:2016;PP=Protein N-term;MT=Fixed	monensin resistant	66382
set2-66382-M-r1	Staphylococcus aureus	not applicable	1	whole organism	Fusion_220602_60-TMT133N	proteomic profiling by mass spectrometry	1	Fusion_220602_60.raw	v1.1.0	NT=ms-proteomics;VV=v1.1.0	manual curation	NT=Data-dependent acquisition;AC=PRIDE:0000627	NT=Orbitrap Fusion;AC=MS:1002416	NT=Trypsin;AC=MS:1001251	TMT133N	7	NT=collision-induced dissociation;AC=MS:1000133	5 ppm	0.6 Da	NT=dithiothreitol (DTT);AC=PRIDE:0000608	NT=methyl methanethiosulfonate (MMTS);AC=PRIDE:0000605	NT=Methylthio;AC=UNIMOD:39;TA=C;MT=Fixed	NT=Oxidation;AC=UNIMOD:35;TA=M;MT=Variable	NT=TMTpro;AC=UNIMOD:2016;TA=K;MT=Fixed	NT=TMTpro;AC=UNIMOD:2016;PP=Protein N-term;MT=Fixed	monensin resistant	66382
set2-66382-M-r1	Staphylococcus aureus	not applicable	1	whole organism	Fusion_220602_61-TMT133N	proteomic profiling by mass spectrometry	1	Fusion_220602_61.raw	v1.1.0	NT=ms-proteomics;VV=v1.1.0	manual curation	NT=Data-dependent acquisition;AC=PRIDE:0000627	NT=Orbitrap Fusion;AC=MS:1002416	NT=Trypsin;AC=MS:1001251	TMT133N	8	NT=collision-induced dissociation;AC=MS:1000133	5 ppm	0.6 Da	NT=dithiothreitol (DTT);AC=PRIDE:0000608	NT=methyl methanethiosulfonate (MMTS);AC=PRIDE:0000605	NT=Methylthio;AC=UNIMOD:39;TA=C;MT=Fixed	NT=Oxidation;AC=UNIMOD:35;TA=M;MT=Variable	NT=TMTpro;AC=UNIMOD:2016;TA=K;MT=Fixed	NT=TMTpro;AC=UNIMOD:2016;PP=Protein N-term;MT=Fixed	monensin resistant	66382
set2-66382-M-r1	Staphylococcus aureus	not applicable	1	whole organism	Fusion_220602_62-TMT133N	proteomic profiling by mass spectrometry	1	Fusion_220602_62.raw	v1.1.0	NT=ms-proteomics;VV=v1.1.0	manual curation	NT=Data-dependent acquisition;AC=PRIDE:0000627	NT=Orbitrap Fusion;AC=MS:1002416	NT=Trypsin;AC=MS:1001251	TMT133N	9	NT=collision-induced dissociation;AC=MS:1000133	5 ppm	0.6 Da	NT=dithiothreitol (DTT);AC=PRIDE:0000608	NT=methyl methanethiosulfonate (MMTS);AC=PRIDE:0000605	NT=Methylthio;AC=UNIMOD:39;TA=C;MT=Fixed	NT=Oxidation;AC=UNIMOD:35;TA=M;MT=Variable	NT=TMTpro;AC=UNIMOD:2016;TA=K;MT=Fixed	NT=TMTpro;AC=UNIMOD:2016;PP=Protein N-term;MT=Fixed	monensin resistant	66382
set2-66382-M-r1	Staphylococcus aureus	not applicable	1	whole organism	Fusion_220602_63-TMT133N	proteomic profiling by mass spectrometry	1	Fusion_220602_63.raw	v1.1.0	NT=ms-proteomics;VV=v1.1.0	manual curation	NT=Data-dependent acquisition;AC=PRIDE:0000627	NT=Orbitrap Fusion;AC=MS:1002416	NT=Trypsin;AC=MS:1001251	TMT133N	10	NT=collision-induced dissociation;AC=MS:1000133	5 ppm	0.6 Da	NT=dithiothreitol (DTT);AC=PRIDE:0000608	NT=methyl methanethiosulfonate (MMTS);AC=PRIDE:0000605	NT=Methylthio;AC=UNIMOD:39;TA=C;MT=Fixed	NT=Oxidation;AC=UNIMOD:35;TA=M;MT=Variable	NT=TMTpro;AC=UNIMOD:2016;TA=K;MT=Fixed	NT=TMTpro;AC=UNIMOD:2016;PP=Protein N-term;MT=Fixed	monensin resistant	66382
set2-66382-M-r2	Staphylococcus aureus	not applicable	2	whole organism	Fusion_220602_54-TMT133C	proteomic profiling by mass spectrometry	1	Fusion_220602_54.raw	v1.1.0	NT=ms-proteomics;VV=v1.1.0	manual curation	NT=Data-dependent acquisition;AC=PRIDE:0000627	NT=Orbitrap Fusion;AC=MS:1002416	NT=Trypsin;AC=MS:1001251	TMT133C	1	NT=collision-induced dissociation;AC=MS:1000133	5 ppm	0.6 Da	NT=dithiothreitol (DTT);AC=PRIDE:0000608	NT=methyl methanethiosulfonate (MMTS);AC=PRIDE:0000605	NT=Methylthio;AC=UNIMOD:39;TA=C;MT=Fixed	NT=Oxidation;AC=UNIMOD:35;TA=M;MT=Variable	NT=TMTpro;AC=UNIMOD:2016;TA=K;MT=Fixed	NT=TMTpro;AC=UNIMOD:2016;PP=Protein N-term;MT=Fixed	monensin resistant	66382
set2-66382-M-r2	Staphylococcus aureus	not applicable	2	whole organism	Fusion_220602_55-TMT133C	proteomic profiling by mass spectrometry	1	Fusion_220602_55.raw	v1.1.0	NT=ms-proteomics;VV=v1.1.0	manual curation	NT=Data-dependent acquisition;AC=PRIDE:0000627	NT=Orbitrap Fusion;AC=MS:1002416	NT=Trypsin;AC=MS:1001251	TMT133C	2	NT=collision-induced dissociation;AC=MS:1000133	5 ppm	0.6 Da	NT=dithiothreitol (DTT);AC=PRIDE:0000608	NT=methyl methanethiosulfonate (MMTS);AC=PRIDE:0000605	NT=Methylthio;AC=UNIMOD:39;TA=C;MT=Fixed	NT=Oxidation;AC=UNIMOD:35;TA=M;MT=Variable	NT=TMTpro;AC=UNIMOD:2016;TA=K;MT=Fixed	NT=TMTpro;AC=UNIMOD:2016;PP=Protein N-term;MT=Fixed	monensin resistant	66382
set2-66382-M-r2	Staphylococcus aureus	not applicable	2	whole organism	Fusion_220602_56-TMT133C	proteomic profiling by mass spectrometry	1	Fusion_220602_56.raw	v1.1.0	NT=ms-proteomics;VV=v1.1.0	manual curation	NT=Data-dependent acquisition;AC=PRIDE:0000627	NT=Orbitrap Fusion;AC=MS:1002416	NT=Trypsin;AC=MS:1001251	TMT133C	3	NT=collision-induced dissociation;AC=MS:1000133	5 ppm	0.6 Da	NT=dithiothreitol (DTT);AC=PRIDE:0000608	NT=methyl methanethiosulfonate (MMTS);AC=PRIDE:0000605	NT=Methylthio;AC=UNIMOD:39;TA=C;MT=Fixed	NT=Oxidation;AC=UNIMOD:35;TA=M;MT=Variable	NT=TMTpro;AC=UNIMOD:2016;TA=K;MT=Fixed	NT=TMTpro;AC=UNIMOD:2016;PP=Protein N-term;MT=Fixed	monensin resistant	66382
set2-66382-M-r2	Staphylococcus aureus	not applicable	2	whole organism	Fusion_220602_57-TMT133C	proteomic profiling by mass spectrometry	1	Fusion_220602_57.raw	v1.1.0	NT=ms-proteomics;VV=v1.1.0	manual curation	NT=Data-dependent acquisition;AC=PRIDE:0000627	NT=Orbitrap Fusion;AC=MS:1002416	NT=Trypsin;AC=MS:1001251	TMT133C	4	NT=collision-induced dissociation;AC=MS:1000133	5 ppm	0.6 Da	NT=dithiothreitol (DTT);AC=PRIDE:0000608	NT=methyl methanethiosulfonate (MMTS);AC=PRIDE:0000605	NT=Methylthio;AC=UNIMOD:39;TA=C;MT=Fixed	NT=Oxidation;AC=UNIMOD:35;TA=M;MT=Variable	NT=TMTpro;AC=UNIMOD:2016;TA=K;MT=Fixed	NT=TMTpro;AC=UNIMOD:2016;PP=Protein N-term;MT=Fixed	monensin resistant	66382
set2-66382-M-r2	Staphylococcus aureus	not applicable	2	whole organism	Fusion_220602_58-TMT133C	proteomic profiling by mass spectrometry	1	Fusion_220602_58.raw	v1.1.0	NT=ms-proteomics;VV=v1.1.0	manual curation	NT=Data-dependent acquisition;AC=PRIDE:0000627	NT=Orbitrap Fusion;AC=MS:1002416	NT=Trypsin;AC=MS:1001251	TMT133C	5	NT=collision-induced dissociation;AC=MS:1000133	5 ppm	0.6 Da	NT=dithiothreitol (DTT);AC=PRIDE:0000608	NT=methyl methanethiosulfonate (MMTS);AC=PRIDE:0000605	NT=Methylthio;AC=UNIMOD:39;TA=C;MT=Fixed	NT=Oxidation;AC=UNIMOD:35;TA=M;MT=Variable	NT=TMTpro;AC=UNIMOD:2016;TA=K;MT=Fixed	NT=TMTpro;AC=UNIMOD:2016;PP=Protein N-term;MT=Fixed	monensin resistant	66382
set2-66382-M-r2	Staphylococcus aureus	not applicable	2	whole organism	Fusion_220602_59-TMT133C	proteomic profiling by mass spectrometry	1	Fusion_220602_59.raw	v1.1.0	NT=ms-proteomics;VV=v1.1.0	manual curation	NT=Data-dependent acquisition;AC=PRIDE:0000627	NT=Orbitrap Fusion;AC=MS:1002416	NT=Trypsin;AC=MS:1001251	TMT133C	6	NT=collision-induced dissociation;AC=MS:1000133	5 ppm	0.6 Da	NT=dithiothreitol (DTT);AC=PRIDE:0000608	NT=methyl methanethiosulfonate (MMTS);AC=PRIDE:0000605	NT=Methylthio;AC=UNIMOD:39;TA=C;MT=Fixed	NT=Oxidation;AC=UNIMOD:35;TA=M;MT=Variable	NT=TMTpro;AC=UNIMOD:2016;TA=K;MT=Fixed	NT=TMTpro;AC=UNIMOD:2016;PP=Protein N-term;MT=Fixed	monensin resistant	66382
set2-66382-M-r2	Staphylococcus aureus	not applicable	2	whole organism	Fusion_220602_60-TMT133C	proteomic profiling by mass spectrometry	1	Fusion_220602_60.raw	v1.1.0	NT=ms-proteomics;VV=v1.1.0	manual curation	NT=Data-dependent acquisition;AC=PRIDE:0000627	NT=Orbitrap Fusion;AC=MS:1002416	NT=Trypsin;AC=MS:1001251	TMT133C	7	NT=collision-induced dissociation;AC=MS:1000133	5 ppm	0.6 Da	NT=dithiothreitol (DTT);AC=PRIDE:0000608	NT=methyl methanethiosulfonate (MMTS);AC=PRIDE:0000605	NT=Methylthio;AC=UNIMOD:39;TA=C;MT=Fixed	NT=Oxidation;AC=UNIMOD:35;TA=M;MT=Variable	NT=TMTpro;AC=UNIMOD:2016;TA=K;MT=Fixed	NT=TMTpro;AC=UNIMOD:2016;PP=Protein N-term;MT=Fixed	monensin resistant	66382
set2-66382-M-r2	Staphylococcus aureus	not applicable	2	whole organism	Fusion_220602_61-TMT133C	proteomic profiling by mass spectrometry	1	Fusion_220602_61.raw	v1.1.0	NT=ms-proteomics;VV=v1.1.0	manual curation	NT=Data-dependent acquisition;AC=PRIDE:0000627	NT=Orbitrap Fusion;AC=MS:1002416	NT=Trypsin;AC=MS:1001251	TMT133C	8	NT=collision-induced dissociation;AC=MS:1000133	5 ppm	0.6 Da	NT=dithiothreitol (DTT);AC=PRIDE:0000608	NT=methyl methanethiosulfonate (MMTS);AC=PRIDE:0000605	NT=Methylthio;AC=UNIMOD:39;TA=C;MT=Fixed	NT=Oxidation;AC=UNIMOD:35;TA=M;MT=Variable	NT=TMTpro;AC=UNIMOD:2016;TA=K;MT=Fixed	NT=TMTpro;AC=UNIMOD:2016;PP=Protein N-term;MT=Fixed	monensin resistant	66382
set2-66382-M-r2	Staphylococcus aureus	not applicable	2	whole organism	Fusion_220602_62-TMT133C	proteomic profiling by mass spectrometry	1	Fusion_220602_62.raw	v1.1.0	NT=ms-proteomics;VV=v1.1.0	manual curation	NT=Data-dependent acquisition;AC=PRIDE:0000627	NT=Orbitrap Fusion;AC=MS:1002416	NT=Trypsin;AC=MS:1001251	TMT133C	9	NT=collision-induced dissociation;AC=MS:1000133	5 ppm	0.6 Da	NT=dithiothreitol (DTT);AC=PRIDE:0000608	NT=methyl methanethiosulfonate (MMTS);AC=PRIDE:0000605	NT=Methylthio;AC=UNIMOD:39;TA=C;MT=Fixed	NT=Oxidation;AC=UNIMOD:35;TA=M;MT=Variable	NT=TMTpro;AC=UNIMOD:2016;TA=K;MT=Fixed	NT=TMTpro;AC=UNIMOD:2016;PP=Protein N-term;MT=Fixed	monensin resistant	66382
set2-66382-M-r2	Staphylococcus aureus	not applicable	2	whole organism	Fusion_220602_63-TMT133C	proteomic profiling by mass spectrometry	1	Fusion_220602_63.raw	v1.1.0	NT=ms-proteomics;VV=v1.1.0	manual curation	NT=Data-dependent acquisition;AC=PRIDE:0000627	NT=Orbitrap Fusion;AC=MS:1002416	NT=Trypsin;AC=MS:1001251	TMT133C	10	NT=collision-induced dissociation;AC=MS:1000133	5 ppm	0.6 Da	NT=dithiothreitol (DTT);AC=PRIDE:0000608	NT=methyl methanethiosulfonate (MMTS);AC=PRIDE:0000605	NT=Methylthio;AC=UNIMOD:39;TA=C;MT=Fixed	NT=Oxidation;AC=UNIMOD:35;TA=M;MT=Variable	NT=TMTpro;AC=UNIMOD:2016;TA=K;MT=Fixed	NT=TMTpro;AC=UNIMOD:2016;PP=Protein N-term;MT=Fixed	monensin resistant	66382
set2-66382-M-r3	Staphylococcus aureus	not applicable	3	whole organism	Fusion_220602_54-TMT134N	proteomic profiling by mass spectrometry	1	Fusion_220602_54.raw	v1.1.0	NT=ms-proteomics;VV=v1.1.0	manual curation	NT=Data-dependent acquisition;AC=PRIDE:0000627	NT=Orbitrap Fusion;AC=MS:1002416	NT=Trypsin;AC=MS:1001251	TMT134N	1	NT=collision-induced dissociation;AC=MS:1000133	5 ppm	0.6 Da	NT=dithiothreitol (DTT);AC=PRIDE:0000608	NT=methyl methanethiosulfonate (MMTS);AC=PRIDE:0000605	NT=Methylthio;AC=UNIMOD:39;TA=C;MT=Fixed	NT=Oxidation;AC=UNIMOD:35;TA=M;MT=Variable	NT=TMTpro;AC=UNIMOD:2016;TA=K;MT=Fixed	NT=TMTpro;AC=UNIMOD:2016;PP=Protein N-term;MT=Fixed	monensin resistant	66382
set2-66382-M-r3	Staphylococcus aureus	not applicable	3	whole organism	Fusion_220602_55-TMT134N	proteomic profiling by mass spectrometry	1	Fusion_220602_55.raw	v1.1.0	NT=ms-proteomics;VV=v1.1.0	manual curation	NT=Data-dependent acquisition;AC=PRIDE:0000627	NT=Orbitrap Fusion;AC=MS:1002416	NT=Trypsin;AC=MS:1001251	TMT134N	2	NT=collision-induced dissociation;AC=MS:1000133	5 ppm	0.6 Da	NT=dithiothreitol (DTT);AC=PRIDE:0000608	NT=methyl methanethiosulfonate (MMTS);AC=PRIDE:0000605	NT=Methylthio;AC=UNIMOD:39;TA=C;MT=Fixed	NT=Oxidation;AC=UNIMOD:35;TA=M;MT=Variable	NT=TMTpro;AC=UNIMOD:2016;TA=K;MT=Fixed	NT=TMTpro;AC=UNIMOD:2016;PP=Protein N-term;MT=Fixed	monensin resistant	66382
set2-66382-M-r3	Staphylococcus aureus	not applicable	3	whole organism	Fusion_220602_56-TMT134N	proteomic profiling by mass spectrometry	1	Fusion_220602_56.raw	v1.1.0	NT=ms-proteomics;VV=v1.1.0	manual curation	NT=Data-dependent acquisition;AC=PRIDE:0000627	NT=Orbitrap Fusion;AC=MS:1002416	NT=Trypsin;AC=MS:1001251	TMT134N	3	NT=collision-induced dissociation;AC=MS:1000133	5 ppm	0.6 Da	NT=dithiothreitol (DTT);AC=PRIDE:0000608	NT=methyl methanethiosulfonate (MMTS);AC=PRIDE:0000605	NT=Methylthio;AC=UNIMOD:39;TA=C;MT=Fixed	NT=Oxidation;AC=UNIMOD:35;TA=M;MT=Variable	NT=TMTpro;AC=UNIMOD:2016;TA=K;MT=Fixed	NT=TMTpro;AC=UNIMOD:2016;PP=Protein N-term;MT=Fixed	monensin resistant	66382
set2-66382-M-r3	Staphylococcus aureus	not applicable	3	whole organism	Fusion_220602_57-TMT134N	proteomic profiling by mass spectrometry	1	Fusion_220602_57.raw	v1.1.0	NT=ms-proteomics;VV=v1.1.0	manual curation	NT=Data-dependent acquisition;AC=PRIDE:0000627	NT=Orbitrap Fusion;AC=MS:1002416	NT=Trypsin;AC=MS:1001251	TMT134N	4	NT=collision-induced dissociation;AC=MS:1000133	5 ppm	0.6 Da	NT=dithiothreitol (DTT);AC=PRIDE:0000608	NT=methyl methanethiosulfonate (MMTS);AC=PRIDE:0000605	NT=Methylthio;AC=UNIMOD:39;TA=C;MT=Fixed	NT=Oxidation;AC=UNIMOD:35;TA=M;MT=Variable	NT=TMTpro;AC=UNIMOD:2016;TA=K;MT=Fixed	NT=TMTpro;AC=UNIMOD:2016;PP=Protein N-term;MT=Fixed	monensin resistant	66382
set2-66382-M-r3	Staphylococcus aureus	not applicable	3	whole organism	Fusion_220602_58-TMT134N	proteomic profiling by mass spectrometry	1	Fusion_220602_58.raw	v1.1.0	NT=ms-proteomics;VV=v1.1.0	manual curation	NT=Data-dependent acquisition;AC=PRIDE:0000627	NT=Orbitrap Fusion;AC=MS:1002416	NT=Trypsin;AC=MS:1001251	TMT134N	5	NT=collision-induced dissociation;AC=MS:1000133	5 ppm	0.6 Da	NT=dithiothreitol (DTT);AC=PRIDE:0000608	NT=methyl methanethiosulfonate (MMTS);AC=PRIDE:0000605	NT=Methylthio;AC=UNIMOD:39;TA=C;MT=Fixed	NT=Oxidation;AC=UNIMOD:35;TA=M;MT=Variable	NT=TMTpro;AC=UNIMOD:2016;TA=K;MT=Fixed	NT=TMTpro;AC=UNIMOD:2016;PP=Protein N-term;MT=Fixed	monensin resistant	66382
set2-66382-M-r3	Staphylococcus aureus	not applicable	3	whole organism	Fusion_220602_59-TMT134N	proteomic profiling by mass spectrometry	1	Fusion_220602_59.raw	v1.1.0	NT=ms-proteomics;VV=v1.1.0	manual curation	NT=Data-dependent acquisition;AC=PRIDE:0000627	NT=Orbitrap Fusion;AC=MS:1002416	NT=Trypsin;AC=MS:1001251	TMT134N	6	NT=collision-induced dissociation;AC=MS:1000133	5 ppm	0.6 Da	NT=dithiothreitol (DTT);AC=PRIDE:0000608	NT=methyl methanethiosulfonate (MMTS);AC=PRIDE:0000605	NT=Methylthio;AC=UNIMOD:39;TA=C;MT=Fixed	NT=Oxidation;AC=UNIMOD:35;TA=M;MT=Variable	NT=TMTpro;AC=UNIMOD:2016;TA=K;MT=Fixed	NT=TMTpro;AC=UNIMOD:2016;PP=Protein N-term;MT=Fixed	monensin resistant	66382
set2-66382-M-r3	Staphylococcus aureus	not applicable	3	whole organism	Fusion_220602_60-TMT134N	proteomic profiling by mass spectrometry	1	Fusion_220602_60.raw	v1.1.0	NT=ms-proteomics;VV=v1.1.0	manual curation	NT=Data-dependent acquisition;AC=PRIDE:0000627	NT=Orbitrap Fusion;AC=MS:1002416	NT=Trypsin;AC=MS:1001251	TMT134N	7	NT=collision-induced dissociation;AC=MS:1000133	5 ppm	0.6 Da	NT=dithiothreitol (DTT);AC=PRIDE:0000608	NT=methyl methanethiosulfonate (MMTS);AC=PRIDE:0000605	NT=Methylthio;AC=UNIMOD:39;TA=C;MT=Fixed	NT=Oxidation;AC=UNIMOD:35;TA=M;MT=Variable	NT=TMTpro;AC=UNIMOD:2016;TA=K;MT=Fixed	NT=TMTpro;AC=UNIMOD:2016;PP=Protein N-term;MT=Fixed	monensin resistant	66382
set2-66382-M-r3	Staphylococcus aureus	not applicable	3	whole organism	Fusion_220602_61-TMT134N	proteomic profiling by mass spectrometry	1	Fusion_220602_61.raw	v1.1.0	NT=ms-proteomics;VV=v1.1.0	manual curation	NT=Data-dependent acquisition;AC=PRIDE:0000627	NT=Orbitrap Fusion;AC=MS:1002416	NT=Trypsin;AC=MS:1001251	TMT134N	8	NT=collision-induced dissociation;AC=MS:1000133	5 ppm	0.6 Da	NT=dithiothreitol (DTT);AC=PRIDE:0000608	NT=methyl methanethiosulfonate (MMTS);AC=PRIDE:0000605	NT=Methylthio;AC=UNIMOD:39;TA=C;MT=Fixed	NT=Oxidation;AC=UNIMOD:35;TA=M;MT=Variable	NT=TMTpro;AC=UNIMOD:2016;TA=K;MT=Fixed	NT=TMTpro;AC=UNIMOD:2016;PP=Protein N-term;MT=Fixed	monensin resistant	66382
set2-66382-M-r3	Staphylococcus aureus	not applicable	3	whole organism	Fusion_220602_62-TMT134N	proteomic profiling by mass spectrometry	1	Fusion_220602_62.raw	v1.1.0	NT=ms-proteomics;VV=v1.1.0	manual curation	NT=Data-dependent acquisition;AC=PRIDE:0000627	NT=Orbitrap Fusion;AC=MS:1002416	NT=Trypsin;AC=MS:1001251	TMT134N	9	NT=collision-induced dissociation;AC=MS:1000133	5 ppm	0.6 Da	NT=dithiothreitol (DTT);AC=PRIDE:0000608	NT=methyl methanethiosulfonate (MMTS);AC=PRIDE:0000605	NT=Methylthio;AC=UNIMOD:39;TA=C;MT=Fixed	NT=Oxidation;AC=UNIMOD:35;TA=M;MT=Variable	NT=TMTpro;AC=UNIMOD:2016;TA=K;MT=Fixed	NT=TMTpro;AC=UNIMOD:2016;PP=Protein N-term;MT=Fixed	monensin resistant	66382
set2-66382-M-r3	Staphylococcus aureus	not applicable	3	whole organism	Fusion_220602_63-TMT134N	proteomic profiling by mass spectrometry	1	Fusion_220602_63.raw	v1.1.0	NT=ms-proteomics;VV=v1.1.0	manual curation	NT=Data-dependent acquisition;AC=PRIDE:0000627	NT=Orbitrap Fusion;AC=MS:1002416	NT=Trypsin;AC=MS:1001251	TMT134N	10	NT=collision-induced dissociation;AC=MS:1000133	5 ppm	0.6 Da	NT=dithiothreitol (DTT);AC=PRIDE:0000608	NT=methyl methanethiosulfonate (MMTS);AC=PRIDE:0000605	NT=Methylthio;AC=UNIMOD:39;TA=C;MT=Fixed	NT=Oxidation;AC=UNIMOD:35;TA=M;MT=Variable	NT=TMTpro;AC=UNIMOD:2016;TA=K;MT=Fixed	NT=TMTpro;AC=UNIMOD:2016;PP=Protein N-term;MT=Fixed	monensin resistant	66382
