source name	characteristics[organism]	characteristics[organism part]	characteristics[cell type]	characteristics[biological replicate]	characteristics[pooled sample]	characteristics[disease]	characteristics[material type]	characteristics[sampling time]	characteristics[depletion]	characteristics[developmental stage]	characteristics[strain or breed]	characteristics[sex]	assay name	technology type	comment[technical replicate]	comment[data file]	comment[sdrf version]	comment[sdrf template]	comment[sdrf template]	comment[sdrf annotation tool]	comment[proteomics data acquisition method]	comment[instrument]	comment[cleavage agent details]	comment[label]	comment[fraction identifier]	comment[precursor mass tolerance]	comment[fragment mass tolerance]	comment[modification parameters]	comment[modification parameters]	comment[modification parameters]	comment[modification parameters]	factor value[absorbed dose]	factor value[age group]	factor value[irradiation status]
PXD015859 global pooled reference	Mus musculus	blood plasma	not available	pooled	pooled	normal	organism part	24 hour	depletion	not available	not available	not available	Fusion_160307_19-TMT126	proteomic profiling by mass spectrometry	1	Fusion_160307_19.raw	v1.1.0	NT=ms-proteomics;VV=v1.1.0	NT=vertebrates;VV=v1.1.0	manual curation	NT=Data-dependent acquisition;AC=PRIDE:0000627	NT=Orbitrap Fusion;AC=MS:1002416	NT=Trypsin;AC=MS:1001251	TMT126	1	5 ppm	500 mmu	NT=Methylthio;AC=UNIMOD:39;TA=C;MT=Fixed	NT=Oxidation;AC=UNIMOD:35;TA=M;MT=Variable	NT=TMT6plex;AC=UNIMOD:737;TA=K;MT=Fixed	NT=TMT6plex;AC=UNIMOD:737;PP=Any N-term;MT=Fixed	pooled reference	pooled reference	pooled reference
PXD015859 global pooled reference	Mus musculus	blood plasma	not available	pooled	pooled	normal	organism part	24 hour	depletion	not available	not available	not available	Fusion_160307_20-TMT126	proteomic profiling by mass spectrometry	1	Fusion_160307_20.raw	v1.1.0	NT=ms-proteomics;VV=v1.1.0	NT=vertebrates;VV=v1.1.0	manual curation	NT=Data-dependent acquisition;AC=PRIDE:0000627	NT=Orbitrap Fusion;AC=MS:1002416	NT=Trypsin;AC=MS:1001251	TMT126	2	5 ppm	500 mmu	NT=Methylthio;AC=UNIMOD:39;TA=C;MT=Fixed	NT=Oxidation;AC=UNIMOD:35;TA=M;MT=Variable	NT=TMT6plex;AC=UNIMOD:737;TA=K;MT=Fixed	NT=TMT6plex;AC=UNIMOD:737;PP=Any N-term;MT=Fixed	pooled reference	pooled reference	pooled reference
PXD015859 global pooled reference	Mus musculus	blood plasma	not available	pooled	pooled	normal	organism part	24 hour	depletion	not available	not available	not available	Fusion_160307_21-TMT126	proteomic profiling by mass spectrometry	1	Fusion_160307_21.raw	v1.1.0	NT=ms-proteomics;VV=v1.1.0	NT=vertebrates;VV=v1.1.0	manual curation	NT=Data-dependent acquisition;AC=PRIDE:0000627	NT=Orbitrap Fusion;AC=MS:1002416	NT=Trypsin;AC=MS:1001251	TMT126	3	5 ppm	500 mmu	NT=Methylthio;AC=UNIMOD:39;TA=C;MT=Fixed	NT=Oxidation;AC=UNIMOD:35;TA=M;MT=Variable	NT=TMT6plex;AC=UNIMOD:737;TA=K;MT=Fixed	NT=TMT6plex;AC=UNIMOD:737;PP=Any N-term;MT=Fixed	pooled reference	pooled reference	pooled reference
PXD015859 global pooled reference	Mus musculus	blood plasma	not available	pooled	pooled	normal	organism part	24 hour	depletion	not available	not available	not available	Fusion_160307_22-TMT126	proteomic profiling by mass spectrometry	1	Fusion_160307_22.raw	v1.1.0	NT=ms-proteomics;VV=v1.1.0	NT=vertebrates;VV=v1.1.0	manual curation	NT=Data-dependent acquisition;AC=PRIDE:0000627	NT=Orbitrap Fusion;AC=MS:1002416	NT=Trypsin;AC=MS:1001251	TMT126	4	5 ppm	500 mmu	NT=Methylthio;AC=UNIMOD:39;TA=C;MT=Fixed	NT=Oxidation;AC=UNIMOD:35;TA=M;MT=Variable	NT=TMT6plex;AC=UNIMOD:737;TA=K;MT=Fixed	NT=TMT6plex;AC=UNIMOD:737;PP=Any N-term;MT=Fixed	pooled reference	pooled reference	pooled reference
PXD015859 global pooled reference	Mus musculus	blood plasma	not available	pooled	pooled	normal	organism part	24 hour	depletion	not available	not available	not available	Fusion_160307_23-TMT126	proteomic profiling by mass spectrometry	1	Fusion_160307_23.raw	v1.1.0	NT=ms-proteomics;VV=v1.1.0	NT=vertebrates;VV=v1.1.0	manual curation	NT=Data-dependent acquisition;AC=PRIDE:0000627	NT=Orbitrap Fusion;AC=MS:1002416	NT=Trypsin;AC=MS:1001251	TMT126	5	5 ppm	500 mmu	NT=Methylthio;AC=UNIMOD:39;TA=C;MT=Fixed	NT=Oxidation;AC=UNIMOD:35;TA=M;MT=Variable	NT=TMT6plex;AC=UNIMOD:737;TA=K;MT=Fixed	NT=TMT6plex;AC=UNIMOD:737;PP=Any N-term;MT=Fixed	pooled reference	pooled reference	pooled reference
PXD015859 global pooled reference	Mus musculus	blood plasma	not available	pooled	pooled	normal	organism part	24 hour	depletion	not available	not available	not available	Fusion_160307_24-TMT126	proteomic profiling by mass spectrometry	1	Fusion_160307_24.raw	v1.1.0	NT=ms-proteomics;VV=v1.1.0	NT=vertebrates;VV=v1.1.0	manual curation	NT=Data-dependent acquisition;AC=PRIDE:0000627	NT=Orbitrap Fusion;AC=MS:1002416	NT=Trypsin;AC=MS:1001251	TMT126	6	5 ppm	500 mmu	NT=Methylthio;AC=UNIMOD:39;TA=C;MT=Fixed	NT=Oxidation;AC=UNIMOD:35;TA=M;MT=Variable	NT=TMT6plex;AC=UNIMOD:737;TA=K;MT=Fixed	NT=TMT6plex;AC=UNIMOD:737;PP=Any N-term;MT=Fixed	pooled reference	pooled reference	pooled reference
PXD015859 global pooled reference	Mus musculus	blood plasma	not available	pooled	pooled	normal	organism part	24 hour	depletion	not available	not available	not available	Fusion_160307_25-TMT126	proteomic profiling by mass spectrometry	1	Fusion_160307_25.raw	v1.1.0	NT=ms-proteomics;VV=v1.1.0	NT=vertebrates;VV=v1.1.0	manual curation	NT=Data-dependent acquisition;AC=PRIDE:0000627	NT=Orbitrap Fusion;AC=MS:1002416	NT=Trypsin;AC=MS:1001251	TMT126	7	5 ppm	500 mmu	NT=Methylthio;AC=UNIMOD:39;TA=C;MT=Fixed	NT=Oxidation;AC=UNIMOD:35;TA=M;MT=Variable	NT=TMT6plex;AC=UNIMOD:737;TA=K;MT=Fixed	NT=TMT6plex;AC=UNIMOD:737;PP=Any N-term;MT=Fixed	pooled reference	pooled reference	pooled reference
PXD015859 global pooled reference	Mus musculus	blood plasma	not available	pooled	pooled	normal	organism part	24 hour	depletion	not available	not available	not available	Fusion_160307_26-TMT126	proteomic profiling by mass spectrometry	1	Fusion_160307_26.raw	v1.1.0	NT=ms-proteomics;VV=v1.1.0	NT=vertebrates;VV=v1.1.0	manual curation	NT=Data-dependent acquisition;AC=PRIDE:0000627	NT=Orbitrap Fusion;AC=MS:1002416	NT=Trypsin;AC=MS:1001251	TMT126	8	5 ppm	500 mmu	NT=Methylthio;AC=UNIMOD:39;TA=C;MT=Fixed	NT=Oxidation;AC=UNIMOD:35;TA=M;MT=Variable	NT=TMT6plex;AC=UNIMOD:737;TA=K;MT=Fixed	NT=TMT6plex;AC=UNIMOD:737;PP=Any N-term;MT=Fixed	pooled reference	pooled reference	pooled reference
PXD015859 global pooled reference	Mus musculus	blood plasma	not available	pooled	pooled	normal	organism part	24 hour	depletion	not available	not available	not available	Fusion_160307_27-TMT126	proteomic profiling by mass spectrometry	1	Fusion_160307_27.raw	v1.1.0	NT=ms-proteomics;VV=v1.1.0	NT=vertebrates;VV=v1.1.0	manual curation	NT=Data-dependent acquisition;AC=PRIDE:0000627	NT=Orbitrap Fusion;AC=MS:1002416	NT=Trypsin;AC=MS:1001251	TMT126	9	5 ppm	500 mmu	NT=Methylthio;AC=UNIMOD:39;TA=C;MT=Fixed	NT=Oxidation;AC=UNIMOD:35;TA=M;MT=Variable	NT=TMT6plex;AC=UNIMOD:737;TA=K;MT=Fixed	NT=TMT6plex;AC=UNIMOD:737;PP=Any N-term;MT=Fixed	pooled reference	pooled reference	pooled reference
PXD015859 global pooled reference	Mus musculus	blood plasma	not available	pooled	pooled	normal	organism part	24 hour	depletion	not available	not available	not available	Fusion_160307_28-TMT126	proteomic profiling by mass spectrometry	1	Fusion_160307_28.raw	v1.1.0	NT=ms-proteomics;VV=v1.1.0	NT=vertebrates;VV=v1.1.0	manual curation	NT=Data-dependent acquisition;AC=PRIDE:0000627	NT=Orbitrap Fusion;AC=MS:1002416	NT=Trypsin;AC=MS:1001251	TMT126	10	5 ppm	500 mmu	NT=Methylthio;AC=UNIMOD:39;TA=C;MT=Fixed	NT=Oxidation;AC=UNIMOD:35;TA=M;MT=Variable	NT=TMT6plex;AC=UNIMOD:737;TA=K;MT=Fixed	NT=TMT6plex;AC=UNIMOD:737;PP=Any N-term;MT=Fixed	pooled reference	pooled reference	pooled reference
PXD015859 global pooled reference	Mus musculus	blood plasma	not available	pooled	pooled	normal	organism part	24 hour	depletion	not available	not available	not available	Fusion_160307_29-TMT126	proteomic profiling by mass spectrometry	1	Fusion_160307_29.raw	v1.1.0	NT=ms-proteomics;VV=v1.1.0	NT=vertebrates;VV=v1.1.0	manual curation	NT=Data-dependent acquisition;AC=PRIDE:0000627	NT=Orbitrap Fusion;AC=MS:1002416	NT=Trypsin;AC=MS:1001251	TMT126	11	5 ppm	500 mmu	NT=Methylthio;AC=UNIMOD:39;TA=C;MT=Fixed	NT=Oxidation;AC=UNIMOD:35;TA=M;MT=Variable	NT=TMT6plex;AC=UNIMOD:737;TA=K;MT=Fixed	NT=TMT6plex;AC=UNIMOD:737;PP=Any N-term;MT=Fixed	pooled reference	pooled reference	pooled reference
PXD015859 global pooled reference	Mus musculus	blood plasma	not available	pooled	pooled	normal	organism part	24 hour	depletion	not available	not available	not available	Fusion_160307_30-TMT126	proteomic profiling by mass spectrometry	1	Fusion_160307_30.raw	v1.1.0	NT=ms-proteomics;VV=v1.1.0	NT=vertebrates;VV=v1.1.0	manual curation	NT=Data-dependent acquisition;AC=PRIDE:0000627	NT=Orbitrap Fusion;AC=MS:1002416	NT=Trypsin;AC=MS:1001251	TMT126	12	5 ppm	500 mmu	NT=Methylthio;AC=UNIMOD:39;TA=C;MT=Fixed	NT=Oxidation;AC=UNIMOD:35;TA=M;MT=Variable	NT=TMT6plex;AC=UNIMOD:737;TA=K;MT=Fixed	NT=TMT6plex;AC=UNIMOD:737;PP=Any N-term;MT=Fixed	pooled reference	pooled reference	pooled reference
PXD015859 global pooled reference	Mus musculus	blood plasma	not available	pooled	pooled	normal	organism part	24 hour	depletion	not available	not available	not available	Fusion_160307_31-TMT126	proteomic profiling by mass spectrometry	1	Fusion_160307_31.raw	v1.1.0	NT=ms-proteomics;VV=v1.1.0	NT=vertebrates;VV=v1.1.0	manual curation	NT=Data-dependent acquisition;AC=PRIDE:0000627	NT=Orbitrap Fusion;AC=MS:1002416	NT=Trypsin;AC=MS:1001251	TMT126	13	5 ppm	500 mmu	NT=Methylthio;AC=UNIMOD:39;TA=C;MT=Fixed	NT=Oxidation;AC=UNIMOD:35;TA=M;MT=Variable	NT=TMT6plex;AC=UNIMOD:737;TA=K;MT=Fixed	NT=TMT6plex;AC=UNIMOD:737;PP=Any N-term;MT=Fixed	pooled reference	pooled reference	pooled reference
PXD015859 global pooled reference	Mus musculus	blood plasma	not available	pooled	pooled	normal	organism part	24 hour	depletion	not available	not available	not available	Fusion_160307_32-TMT126	proteomic profiling by mass spectrometry	1	Fusion_160307_32.raw	v1.1.0	NT=ms-proteomics;VV=v1.1.0	NT=vertebrates;VV=v1.1.0	manual curation	NT=Data-dependent acquisition;AC=PRIDE:0000627	NT=Orbitrap Fusion;AC=MS:1002416	NT=Trypsin;AC=MS:1001251	TMT126	14	5 ppm	500 mmu	NT=Methylthio;AC=UNIMOD:39;TA=C;MT=Fixed	NT=Oxidation;AC=UNIMOD:35;TA=M;MT=Variable	NT=TMT6plex;AC=UNIMOD:737;TA=K;MT=Fixed	NT=TMT6plex;AC=UNIMOD:737;PP=Any N-term;MT=Fixed	pooled reference	pooled reference	pooled reference
PXD015859 global pooled reference	Mus musculus	blood plasma	not available	pooled	pooled	normal	organism part	24 hour	depletion	not available	not available	not available	Fusion_160307_33-TMT126	proteomic profiling by mass spectrometry	1	Fusion_160307_33.raw	v1.1.0	NT=ms-proteomics;VV=v1.1.0	NT=vertebrates;VV=v1.1.0	manual curation	NT=Data-dependent acquisition;AC=PRIDE:0000627	NT=Orbitrap Fusion;AC=MS:1002416	NT=Trypsin;AC=MS:1001251	TMT126	15	5 ppm	500 mmu	NT=Methylthio;AC=UNIMOD:39;TA=C;MT=Fixed	NT=Oxidation;AC=UNIMOD:35;TA=M;MT=Variable	NT=TMT6plex;AC=UNIMOD:737;TA=K;MT=Fixed	NT=TMT6plex;AC=UNIMOD:737;PP=Any N-term;MT=Fixed	pooled reference	pooled reference	pooled reference
PXD015859 global pooled reference	Mus musculus	blood plasma	not available	pooled	pooled	normal	organism part	24 hour	depletion	not available	not available	not available	Fusion_160307_34-TMT126	proteomic profiling by mass spectrometry	1	Fusion_160307_34.raw	v1.1.0	NT=ms-proteomics;VV=v1.1.0	NT=vertebrates;VV=v1.1.0	manual curation	NT=Data-dependent acquisition;AC=PRIDE:0000627	NT=Orbitrap Fusion;AC=MS:1002416	NT=Trypsin;AC=MS:1001251	TMT126	16	5 ppm	500 mmu	NT=Methylthio;AC=UNIMOD:39;TA=C;MT=Fixed	NT=Oxidation;AC=UNIMOD:35;TA=M;MT=Variable	NT=TMT6plex;AC=UNIMOD:737;TA=K;MT=Fixed	NT=TMT6plex;AC=UNIMOD:737;PP=Any N-term;MT=Fixed	pooled reference	pooled reference	pooled reference
PXD015859 global pooled reference	Mus musculus	blood plasma	not available	pooled	pooled	normal	organism part	24 hour	depletion	not available	not available	not available	Fusion_160307_35-TMT126	proteomic profiling by mass spectrometry	1	Fusion_160307_35.raw	v1.1.0	NT=ms-proteomics;VV=v1.1.0	NT=vertebrates;VV=v1.1.0	manual curation	NT=Data-dependent acquisition;AC=PRIDE:0000627	NT=Orbitrap Fusion;AC=MS:1002416	NT=Trypsin;AC=MS:1001251	TMT126	17	5 ppm	500 mmu	NT=Methylthio;AC=UNIMOD:39;TA=C;MT=Fixed	NT=Oxidation;AC=UNIMOD:35;TA=M;MT=Variable	NT=TMT6plex;AC=UNIMOD:737;TA=K;MT=Fixed	NT=TMT6plex;AC=UNIMOD:737;PP=Any N-term;MT=Fixed	pooled reference	pooled reference	pooled reference
PXD015859 global pooled reference	Mus musculus	blood plasma	not available	pooled	pooled	normal	organism part	24 hour	depletion	not available	not available	not available	Fusion_160307_36-TMT126	proteomic profiling by mass spectrometry	1	Fusion_160307_36.raw	v1.1.0	NT=ms-proteomics;VV=v1.1.0	NT=vertebrates;VV=v1.1.0	manual curation	NT=Data-dependent acquisition;AC=PRIDE:0000627	NT=Orbitrap Fusion;AC=MS:1002416	NT=Trypsin;AC=MS:1001251	TMT126	18	5 ppm	500 mmu	NT=Methylthio;AC=UNIMOD:39;TA=C;MT=Fixed	NT=Oxidation;AC=UNIMOD:35;TA=M;MT=Variable	NT=TMT6plex;AC=UNIMOD:737;TA=K;MT=Fixed	NT=TMT6plex;AC=UNIMOD:737;PP=Any N-term;MT=Fixed	pooled reference	pooled reference	pooled reference
PXD015859 global pooled reference	Mus musculus	blood plasma	not available	pooled	pooled	normal	organism part	24 hour	depletion	not available	not available	not available	Fusion_160307_37-TMT126	proteomic profiling by mass spectrometry	1	Fusion_160307_37.raw	v1.1.0	NT=ms-proteomics;VV=v1.1.0	NT=vertebrates;VV=v1.1.0	manual curation	NT=Data-dependent acquisition;AC=PRIDE:0000627	NT=Orbitrap Fusion;AC=MS:1002416	NT=Trypsin;AC=MS:1001251	TMT126	19	5 ppm	500 mmu	NT=Methylthio;AC=UNIMOD:39;TA=C;MT=Fixed	NT=Oxidation;AC=UNIMOD:35;TA=M;MT=Variable	NT=TMT6plex;AC=UNIMOD:737;TA=K;MT=Fixed	NT=TMT6plex;AC=UNIMOD:737;PP=Any N-term;MT=Fixed	pooled reference	pooled reference	pooled reference
PXD015859 global pooled reference	Mus musculus	blood plasma	not available	pooled	pooled	normal	organism part	24 hour	depletion	not available	not available	not available	Fusion_160307_38-TMT126	proteomic profiling by mass spectrometry	1	Fusion_160307_38.raw	v1.1.0	NT=ms-proteomics;VV=v1.1.0	NT=vertebrates;VV=v1.1.0	manual curation	NT=Data-dependent acquisition;AC=PRIDE:0000627	NT=Orbitrap Fusion;AC=MS:1002416	NT=Trypsin;AC=MS:1001251	TMT126	20	5 ppm	500 mmu	NT=Methylthio;AC=UNIMOD:39;TA=C;MT=Fixed	NT=Oxidation;AC=UNIMOD:35;TA=M;MT=Variable	NT=TMT6plex;AC=UNIMOD:737;TA=K;MT=Fixed	NT=TMT6plex;AC=UNIMOD:737;PP=Any N-term;MT=Fixed	pooled reference	pooled reference	pooled reference
PXD015859 pooled group A	Mus musculus	blood plasma	not available	pooled	pooled	normal	organism part	24 hour	depletion	not available	C57BL/6N	female	Fusion_160307_19-TMT127N	proteomic profiling by mass spectrometry	1	Fusion_160307_19.raw	v1.1.0	NT=ms-proteomics;VV=v1.1.0	NT=vertebrates;VV=v1.1.0	manual curation	NT=Data-dependent acquisition;AC=PRIDE:0000627	NT=Orbitrap Fusion;AC=MS:1002416	NT=Trypsin;AC=MS:1001251	TMT127N	1	5 ppm	500 mmu	NT=Methylthio;AC=UNIMOD:39;TA=C;MT=Fixed	NT=Oxidation;AC=UNIMOD:35;TA=M;MT=Variable	NT=TMT6plex;AC=UNIMOD:737;TA=K;MT=Fixed	NT=TMT6plex;AC=UNIMOD:737;PP=Any N-term;MT=Fixed	0.5 Gy	7-week-old	irradiated
PXD015859 pooled group A	Mus musculus	blood plasma	not available	pooled	pooled	normal	organism part	24 hour	depletion	not available	C57BL/6N	female	Fusion_160307_20-TMT127N	proteomic profiling by mass spectrometry	1	Fusion_160307_20.raw	v1.1.0	NT=ms-proteomics;VV=v1.1.0	NT=vertebrates;VV=v1.1.0	manual curation	NT=Data-dependent acquisition;AC=PRIDE:0000627	NT=Orbitrap Fusion;AC=MS:1002416	NT=Trypsin;AC=MS:1001251	TMT127N	2	5 ppm	500 mmu	NT=Methylthio;AC=UNIMOD:39;TA=C;MT=Fixed	NT=Oxidation;AC=UNIMOD:35;TA=M;MT=Variable	NT=TMT6plex;AC=UNIMOD:737;TA=K;MT=Fixed	NT=TMT6plex;AC=UNIMOD:737;PP=Any N-term;MT=Fixed	0.5 Gy	7-week-old	irradiated
PXD015859 pooled group A	Mus musculus	blood plasma	not available	pooled	pooled	normal	organism part	24 hour	depletion	not available	C57BL/6N	female	Fusion_160307_21-TMT127N	proteomic profiling by mass spectrometry	1	Fusion_160307_21.raw	v1.1.0	NT=ms-proteomics;VV=v1.1.0	NT=vertebrates;VV=v1.1.0	manual curation	NT=Data-dependent acquisition;AC=PRIDE:0000627	NT=Orbitrap Fusion;AC=MS:1002416	NT=Trypsin;AC=MS:1001251	TMT127N	3	5 ppm	500 mmu	NT=Methylthio;AC=UNIMOD:39;TA=C;MT=Fixed	NT=Oxidation;AC=UNIMOD:35;TA=M;MT=Variable	NT=TMT6plex;AC=UNIMOD:737;TA=K;MT=Fixed	NT=TMT6plex;AC=UNIMOD:737;PP=Any N-term;MT=Fixed	0.5 Gy	7-week-old	irradiated
PXD015859 pooled group A	Mus musculus	blood plasma	not available	pooled	pooled	normal	organism part	24 hour	depletion	not available	C57BL/6N	female	Fusion_160307_22-TMT127N	proteomic profiling by mass spectrometry	1	Fusion_160307_22.raw	v1.1.0	NT=ms-proteomics;VV=v1.1.0	NT=vertebrates;VV=v1.1.0	manual curation	NT=Data-dependent acquisition;AC=PRIDE:0000627	NT=Orbitrap Fusion;AC=MS:1002416	NT=Trypsin;AC=MS:1001251	TMT127N	4	5 ppm	500 mmu	NT=Methylthio;AC=UNIMOD:39;TA=C;MT=Fixed	NT=Oxidation;AC=UNIMOD:35;TA=M;MT=Variable	NT=TMT6plex;AC=UNIMOD:737;TA=K;MT=Fixed	NT=TMT6plex;AC=UNIMOD:737;PP=Any N-term;MT=Fixed	0.5 Gy	7-week-old	irradiated
PXD015859 pooled group A	Mus musculus	blood plasma	not available	pooled	pooled	normal	organism part	24 hour	depletion	not available	C57BL/6N	female	Fusion_160307_23-TMT127N	proteomic profiling by mass spectrometry	1	Fusion_160307_23.raw	v1.1.0	NT=ms-proteomics;VV=v1.1.0	NT=vertebrates;VV=v1.1.0	manual curation	NT=Data-dependent acquisition;AC=PRIDE:0000627	NT=Orbitrap Fusion;AC=MS:1002416	NT=Trypsin;AC=MS:1001251	TMT127N	5	5 ppm	500 mmu	NT=Methylthio;AC=UNIMOD:39;TA=C;MT=Fixed	NT=Oxidation;AC=UNIMOD:35;TA=M;MT=Variable	NT=TMT6plex;AC=UNIMOD:737;TA=K;MT=Fixed	NT=TMT6plex;AC=UNIMOD:737;PP=Any N-term;MT=Fixed	0.5 Gy	7-week-old	irradiated
PXD015859 pooled group A	Mus musculus	blood plasma	not available	pooled	pooled	normal	organism part	24 hour	depletion	not available	C57BL/6N	female	Fusion_160307_24-TMT127N	proteomic profiling by mass spectrometry	1	Fusion_160307_24.raw	v1.1.0	NT=ms-proteomics;VV=v1.1.0	NT=vertebrates;VV=v1.1.0	manual curation	NT=Data-dependent acquisition;AC=PRIDE:0000627	NT=Orbitrap Fusion;AC=MS:1002416	NT=Trypsin;AC=MS:1001251	TMT127N	6	5 ppm	500 mmu	NT=Methylthio;AC=UNIMOD:39;TA=C;MT=Fixed	NT=Oxidation;AC=UNIMOD:35;TA=M;MT=Variable	NT=TMT6plex;AC=UNIMOD:737;TA=K;MT=Fixed	NT=TMT6plex;AC=UNIMOD:737;PP=Any N-term;MT=Fixed	0.5 Gy	7-week-old	irradiated
PXD015859 pooled group A	Mus musculus	blood plasma	not available	pooled	pooled	normal	organism part	24 hour	depletion	not available	C57BL/6N	female	Fusion_160307_25-TMT127N	proteomic profiling by mass spectrometry	1	Fusion_160307_25.raw	v1.1.0	NT=ms-proteomics;VV=v1.1.0	NT=vertebrates;VV=v1.1.0	manual curation	NT=Data-dependent acquisition;AC=PRIDE:0000627	NT=Orbitrap Fusion;AC=MS:1002416	NT=Trypsin;AC=MS:1001251	TMT127N	7	5 ppm	500 mmu	NT=Methylthio;AC=UNIMOD:39;TA=C;MT=Fixed	NT=Oxidation;AC=UNIMOD:35;TA=M;MT=Variable	NT=TMT6plex;AC=UNIMOD:737;TA=K;MT=Fixed	NT=TMT6plex;AC=UNIMOD:737;PP=Any N-term;MT=Fixed	0.5 Gy	7-week-old	irradiated
PXD015859 pooled group A	Mus musculus	blood plasma	not available	pooled	pooled	normal	organism part	24 hour	depletion	not available	C57BL/6N	female	Fusion_160307_26-TMT127N	proteomic profiling by mass spectrometry	1	Fusion_160307_26.raw	v1.1.0	NT=ms-proteomics;VV=v1.1.0	NT=vertebrates;VV=v1.1.0	manual curation	NT=Data-dependent acquisition;AC=PRIDE:0000627	NT=Orbitrap Fusion;AC=MS:1002416	NT=Trypsin;AC=MS:1001251	TMT127N	8	5 ppm	500 mmu	NT=Methylthio;AC=UNIMOD:39;TA=C;MT=Fixed	NT=Oxidation;AC=UNIMOD:35;TA=M;MT=Variable	NT=TMT6plex;AC=UNIMOD:737;TA=K;MT=Fixed	NT=TMT6plex;AC=UNIMOD:737;PP=Any N-term;MT=Fixed	0.5 Gy	7-week-old	irradiated
PXD015859 pooled group A	Mus musculus	blood plasma	not available	pooled	pooled	normal	organism part	24 hour	depletion	not available	C57BL/6N	female	Fusion_160307_27-TMT127N	proteomic profiling by mass spectrometry	1	Fusion_160307_27.raw	v1.1.0	NT=ms-proteomics;VV=v1.1.0	NT=vertebrates;VV=v1.1.0	manual curation	NT=Data-dependent acquisition;AC=PRIDE:0000627	NT=Orbitrap Fusion;AC=MS:1002416	NT=Trypsin;AC=MS:1001251	TMT127N	9	5 ppm	500 mmu	NT=Methylthio;AC=UNIMOD:39;TA=C;MT=Fixed	NT=Oxidation;AC=UNIMOD:35;TA=M;MT=Variable	NT=TMT6plex;AC=UNIMOD:737;TA=K;MT=Fixed	NT=TMT6plex;AC=UNIMOD:737;PP=Any N-term;MT=Fixed	0.5 Gy	7-week-old	irradiated
PXD015859 pooled group A	Mus musculus	blood plasma	not available	pooled	pooled	normal	organism part	24 hour	depletion	not available	C57BL/6N	female	Fusion_160307_28-TMT127N	proteomic profiling by mass spectrometry	1	Fusion_160307_28.raw	v1.1.0	NT=ms-proteomics;VV=v1.1.0	NT=vertebrates;VV=v1.1.0	manual curation	NT=Data-dependent acquisition;AC=PRIDE:0000627	NT=Orbitrap Fusion;AC=MS:1002416	NT=Trypsin;AC=MS:1001251	TMT127N	10	5 ppm	500 mmu	NT=Methylthio;AC=UNIMOD:39;TA=C;MT=Fixed	NT=Oxidation;AC=UNIMOD:35;TA=M;MT=Variable	NT=TMT6plex;AC=UNIMOD:737;TA=K;MT=Fixed	NT=TMT6plex;AC=UNIMOD:737;PP=Any N-term;MT=Fixed	0.5 Gy	7-week-old	irradiated
PXD015859 pooled group A	Mus musculus	blood plasma	not available	pooled	pooled	normal	organism part	24 hour	depletion	not available	C57BL/6N	female	Fusion_160307_29-TMT127N	proteomic profiling by mass spectrometry	1	Fusion_160307_29.raw	v1.1.0	NT=ms-proteomics;VV=v1.1.0	NT=vertebrates;VV=v1.1.0	manual curation	NT=Data-dependent acquisition;AC=PRIDE:0000627	NT=Orbitrap Fusion;AC=MS:1002416	NT=Trypsin;AC=MS:1001251	TMT127N	11	5 ppm	500 mmu	NT=Methylthio;AC=UNIMOD:39;TA=C;MT=Fixed	NT=Oxidation;AC=UNIMOD:35;TA=M;MT=Variable	NT=TMT6plex;AC=UNIMOD:737;TA=K;MT=Fixed	NT=TMT6plex;AC=UNIMOD:737;PP=Any N-term;MT=Fixed	0.5 Gy	7-week-old	irradiated
PXD015859 pooled group A	Mus musculus	blood plasma	not available	pooled	pooled	normal	organism part	24 hour	depletion	not available	C57BL/6N	female	Fusion_160307_30-TMT127N	proteomic profiling by mass spectrometry	1	Fusion_160307_30.raw	v1.1.0	NT=ms-proteomics;VV=v1.1.0	NT=vertebrates;VV=v1.1.0	manual curation	NT=Data-dependent acquisition;AC=PRIDE:0000627	NT=Orbitrap Fusion;AC=MS:1002416	NT=Trypsin;AC=MS:1001251	TMT127N	12	5 ppm	500 mmu	NT=Methylthio;AC=UNIMOD:39;TA=C;MT=Fixed	NT=Oxidation;AC=UNIMOD:35;TA=M;MT=Variable	NT=TMT6plex;AC=UNIMOD:737;TA=K;MT=Fixed	NT=TMT6plex;AC=UNIMOD:737;PP=Any N-term;MT=Fixed	0.5 Gy	7-week-old	irradiated
PXD015859 pooled group A	Mus musculus	blood plasma	not available	pooled	pooled	normal	organism part	24 hour	depletion	not available	C57BL/6N	female	Fusion_160307_31-TMT127N	proteomic profiling by mass spectrometry	1	Fusion_160307_31.raw	v1.1.0	NT=ms-proteomics;VV=v1.1.0	NT=vertebrates;VV=v1.1.0	manual curation	NT=Data-dependent acquisition;AC=PRIDE:0000627	NT=Orbitrap Fusion;AC=MS:1002416	NT=Trypsin;AC=MS:1001251	TMT127N	13	5 ppm	500 mmu	NT=Methylthio;AC=UNIMOD:39;TA=C;MT=Fixed	NT=Oxidation;AC=UNIMOD:35;TA=M;MT=Variable	NT=TMT6plex;AC=UNIMOD:737;TA=K;MT=Fixed	NT=TMT6plex;AC=UNIMOD:737;PP=Any N-term;MT=Fixed	0.5 Gy	7-week-old	irradiated
PXD015859 pooled group A	Mus musculus	blood plasma	not available	pooled	pooled	normal	organism part	24 hour	depletion	not available	C57BL/6N	female	Fusion_160307_32-TMT127N	proteomic profiling by mass spectrometry	1	Fusion_160307_32.raw	v1.1.0	NT=ms-proteomics;VV=v1.1.0	NT=vertebrates;VV=v1.1.0	manual curation	NT=Data-dependent acquisition;AC=PRIDE:0000627	NT=Orbitrap Fusion;AC=MS:1002416	NT=Trypsin;AC=MS:1001251	TMT127N	14	5 ppm	500 mmu	NT=Methylthio;AC=UNIMOD:39;TA=C;MT=Fixed	NT=Oxidation;AC=UNIMOD:35;TA=M;MT=Variable	NT=TMT6plex;AC=UNIMOD:737;TA=K;MT=Fixed	NT=TMT6plex;AC=UNIMOD:737;PP=Any N-term;MT=Fixed	0.5 Gy	7-week-old	irradiated
PXD015859 pooled group A	Mus musculus	blood plasma	not available	pooled	pooled	normal	organism part	24 hour	depletion	not available	C57BL/6N	female	Fusion_160307_33-TMT127N	proteomic profiling by mass spectrometry	1	Fusion_160307_33.raw	v1.1.0	NT=ms-proteomics;VV=v1.1.0	NT=vertebrates;VV=v1.1.0	manual curation	NT=Data-dependent acquisition;AC=PRIDE:0000627	NT=Orbitrap Fusion;AC=MS:1002416	NT=Trypsin;AC=MS:1001251	TMT127N	15	5 ppm	500 mmu	NT=Methylthio;AC=UNIMOD:39;TA=C;MT=Fixed	NT=Oxidation;AC=UNIMOD:35;TA=M;MT=Variable	NT=TMT6plex;AC=UNIMOD:737;TA=K;MT=Fixed	NT=TMT6plex;AC=UNIMOD:737;PP=Any N-term;MT=Fixed	0.5 Gy	7-week-old	irradiated
PXD015859 pooled group A	Mus musculus	blood plasma	not available	pooled	pooled	normal	organism part	24 hour	depletion	not available	C57BL/6N	female	Fusion_160307_34-TMT127N	proteomic profiling by mass spectrometry	1	Fusion_160307_34.raw	v1.1.0	NT=ms-proteomics;VV=v1.1.0	NT=vertebrates;VV=v1.1.0	manual curation	NT=Data-dependent acquisition;AC=PRIDE:0000627	NT=Orbitrap Fusion;AC=MS:1002416	NT=Trypsin;AC=MS:1001251	TMT127N	16	5 ppm	500 mmu	NT=Methylthio;AC=UNIMOD:39;TA=C;MT=Fixed	NT=Oxidation;AC=UNIMOD:35;TA=M;MT=Variable	NT=TMT6plex;AC=UNIMOD:737;TA=K;MT=Fixed	NT=TMT6plex;AC=UNIMOD:737;PP=Any N-term;MT=Fixed	0.5 Gy	7-week-old	irradiated
PXD015859 pooled group A	Mus musculus	blood plasma	not available	pooled	pooled	normal	organism part	24 hour	depletion	not available	C57BL/6N	female	Fusion_160307_35-TMT127N	proteomic profiling by mass spectrometry	1	Fusion_160307_35.raw	v1.1.0	NT=ms-proteomics;VV=v1.1.0	NT=vertebrates;VV=v1.1.0	manual curation	NT=Data-dependent acquisition;AC=PRIDE:0000627	NT=Orbitrap Fusion;AC=MS:1002416	NT=Trypsin;AC=MS:1001251	TMT127N	17	5 ppm	500 mmu	NT=Methylthio;AC=UNIMOD:39;TA=C;MT=Fixed	NT=Oxidation;AC=UNIMOD:35;TA=M;MT=Variable	NT=TMT6plex;AC=UNIMOD:737;TA=K;MT=Fixed	NT=TMT6plex;AC=UNIMOD:737;PP=Any N-term;MT=Fixed	0.5 Gy	7-week-old	irradiated
PXD015859 pooled group A	Mus musculus	blood plasma	not available	pooled	pooled	normal	organism part	24 hour	depletion	not available	C57BL/6N	female	Fusion_160307_36-TMT127N	proteomic profiling by mass spectrometry	1	Fusion_160307_36.raw	v1.1.0	NT=ms-proteomics;VV=v1.1.0	NT=vertebrates;VV=v1.1.0	manual curation	NT=Data-dependent acquisition;AC=PRIDE:0000627	NT=Orbitrap Fusion;AC=MS:1002416	NT=Trypsin;AC=MS:1001251	TMT127N	18	5 ppm	500 mmu	NT=Methylthio;AC=UNIMOD:39;TA=C;MT=Fixed	NT=Oxidation;AC=UNIMOD:35;TA=M;MT=Variable	NT=TMT6plex;AC=UNIMOD:737;TA=K;MT=Fixed	NT=TMT6plex;AC=UNIMOD:737;PP=Any N-term;MT=Fixed	0.5 Gy	7-week-old	irradiated
PXD015859 pooled group A	Mus musculus	blood plasma	not available	pooled	pooled	normal	organism part	24 hour	depletion	not available	C57BL/6N	female	Fusion_160307_37-TMT127N	proteomic profiling by mass spectrometry	1	Fusion_160307_37.raw	v1.1.0	NT=ms-proteomics;VV=v1.1.0	NT=vertebrates;VV=v1.1.0	manual curation	NT=Data-dependent acquisition;AC=PRIDE:0000627	NT=Orbitrap Fusion;AC=MS:1002416	NT=Trypsin;AC=MS:1001251	TMT127N	19	5 ppm	500 mmu	NT=Methylthio;AC=UNIMOD:39;TA=C;MT=Fixed	NT=Oxidation;AC=UNIMOD:35;TA=M;MT=Variable	NT=TMT6plex;AC=UNIMOD:737;TA=K;MT=Fixed	NT=TMT6plex;AC=UNIMOD:737;PP=Any N-term;MT=Fixed	0.5 Gy	7-week-old	irradiated
PXD015859 pooled group A	Mus musculus	blood plasma	not available	pooled	pooled	normal	organism part	24 hour	depletion	not available	C57BL/6N	female	Fusion_160307_38-TMT127N	proteomic profiling by mass spectrometry	1	Fusion_160307_38.raw	v1.1.0	NT=ms-proteomics;VV=v1.1.0	NT=vertebrates;VV=v1.1.0	manual curation	NT=Data-dependent acquisition;AC=PRIDE:0000627	NT=Orbitrap Fusion;AC=MS:1002416	NT=Trypsin;AC=MS:1001251	TMT127N	20	5 ppm	500 mmu	NT=Methylthio;AC=UNIMOD:39;TA=C;MT=Fixed	NT=Oxidation;AC=UNIMOD:35;TA=M;MT=Variable	NT=TMT6plex;AC=UNIMOD:737;TA=K;MT=Fixed	NT=TMT6plex;AC=UNIMOD:737;PP=Any N-term;MT=Fixed	0.5 Gy	7-week-old	irradiated
PXD015859 pooled group AK	Mus musculus	blood plasma	not available	pooled	pooled	normal	organism part	24 hour	depletion	not available	C57BL/6N	female	Fusion_160307_19-TMT127C	proteomic profiling by mass spectrometry	1	Fusion_160307_19.raw	v1.1.0	NT=ms-proteomics;VV=v1.1.0	NT=vertebrates;VV=v1.1.0	manual curation	NT=Data-dependent acquisition;AC=PRIDE:0000627	NT=Orbitrap Fusion;AC=MS:1002416	NT=Trypsin;AC=MS:1001251	TMT127C	1	5 ppm	500 mmu	NT=Methylthio;AC=UNIMOD:39;TA=C;MT=Fixed	NT=Oxidation;AC=UNIMOD:35;TA=M;MT=Variable	NT=TMT6plex;AC=UNIMOD:737;TA=K;MT=Fixed	NT=TMT6plex;AC=UNIMOD:737;PP=Any N-term;MT=Fixed	0 Gy	7-week-old	mock-treated control
PXD015859 pooled group AK	Mus musculus	blood plasma	not available	pooled	pooled	normal	organism part	24 hour	depletion	not available	C57BL/6N	female	Fusion_160307_20-TMT127C	proteomic profiling by mass spectrometry	1	Fusion_160307_20.raw	v1.1.0	NT=ms-proteomics;VV=v1.1.0	NT=vertebrates;VV=v1.1.0	manual curation	NT=Data-dependent acquisition;AC=PRIDE:0000627	NT=Orbitrap Fusion;AC=MS:1002416	NT=Trypsin;AC=MS:1001251	TMT127C	2	5 ppm	500 mmu	NT=Methylthio;AC=UNIMOD:39;TA=C;MT=Fixed	NT=Oxidation;AC=UNIMOD:35;TA=M;MT=Variable	NT=TMT6plex;AC=UNIMOD:737;TA=K;MT=Fixed	NT=TMT6plex;AC=UNIMOD:737;PP=Any N-term;MT=Fixed	0 Gy	7-week-old	mock-treated control
PXD015859 pooled group AK	Mus musculus	blood plasma	not available	pooled	pooled	normal	organism part	24 hour	depletion	not available	C57BL/6N	female	Fusion_160307_21-TMT127C	proteomic profiling by mass spectrometry	1	Fusion_160307_21.raw	v1.1.0	NT=ms-proteomics;VV=v1.1.0	NT=vertebrates;VV=v1.1.0	manual curation	NT=Data-dependent acquisition;AC=PRIDE:0000627	NT=Orbitrap Fusion;AC=MS:1002416	NT=Trypsin;AC=MS:1001251	TMT127C	3	5 ppm	500 mmu	NT=Methylthio;AC=UNIMOD:39;TA=C;MT=Fixed	NT=Oxidation;AC=UNIMOD:35;TA=M;MT=Variable	NT=TMT6plex;AC=UNIMOD:737;TA=K;MT=Fixed	NT=TMT6plex;AC=UNIMOD:737;PP=Any N-term;MT=Fixed	0 Gy	7-week-old	mock-treated control
PXD015859 pooled group AK	Mus musculus	blood plasma	not available	pooled	pooled	normal	organism part	24 hour	depletion	not available	C57BL/6N	female	Fusion_160307_22-TMT127C	proteomic profiling by mass spectrometry	1	Fusion_160307_22.raw	v1.1.0	NT=ms-proteomics;VV=v1.1.0	NT=vertebrates;VV=v1.1.0	manual curation	NT=Data-dependent acquisition;AC=PRIDE:0000627	NT=Orbitrap Fusion;AC=MS:1002416	NT=Trypsin;AC=MS:1001251	TMT127C	4	5 ppm	500 mmu	NT=Methylthio;AC=UNIMOD:39;TA=C;MT=Fixed	NT=Oxidation;AC=UNIMOD:35;TA=M;MT=Variable	NT=TMT6plex;AC=UNIMOD:737;TA=K;MT=Fixed	NT=TMT6plex;AC=UNIMOD:737;PP=Any N-term;MT=Fixed	0 Gy	7-week-old	mock-treated control
PXD015859 pooled group AK	Mus musculus	blood plasma	not available	pooled	pooled	normal	organism part	24 hour	depletion	not available	C57BL/6N	female	Fusion_160307_23-TMT127C	proteomic profiling by mass spectrometry	1	Fusion_160307_23.raw	v1.1.0	NT=ms-proteomics;VV=v1.1.0	NT=vertebrates;VV=v1.1.0	manual curation	NT=Data-dependent acquisition;AC=PRIDE:0000627	NT=Orbitrap Fusion;AC=MS:1002416	NT=Trypsin;AC=MS:1001251	TMT127C	5	5 ppm	500 mmu	NT=Methylthio;AC=UNIMOD:39;TA=C;MT=Fixed	NT=Oxidation;AC=UNIMOD:35;TA=M;MT=Variable	NT=TMT6plex;AC=UNIMOD:737;TA=K;MT=Fixed	NT=TMT6plex;AC=UNIMOD:737;PP=Any N-term;MT=Fixed	0 Gy	7-week-old	mock-treated control
PXD015859 pooled group AK	Mus musculus	blood plasma	not available	pooled	pooled	normal	organism part	24 hour	depletion	not available	C57BL/6N	female	Fusion_160307_24-TMT127C	proteomic profiling by mass spectrometry	1	Fusion_160307_24.raw	v1.1.0	NT=ms-proteomics;VV=v1.1.0	NT=vertebrates;VV=v1.1.0	manual curation	NT=Data-dependent acquisition;AC=PRIDE:0000627	NT=Orbitrap Fusion;AC=MS:1002416	NT=Trypsin;AC=MS:1001251	TMT127C	6	5 ppm	500 mmu	NT=Methylthio;AC=UNIMOD:39;TA=C;MT=Fixed	NT=Oxidation;AC=UNIMOD:35;TA=M;MT=Variable	NT=TMT6plex;AC=UNIMOD:737;TA=K;MT=Fixed	NT=TMT6plex;AC=UNIMOD:737;PP=Any N-term;MT=Fixed	0 Gy	7-week-old	mock-treated control
PXD015859 pooled group AK	Mus musculus	blood plasma	not available	pooled	pooled	normal	organism part	24 hour	depletion	not available	C57BL/6N	female	Fusion_160307_25-TMT127C	proteomic profiling by mass spectrometry	1	Fusion_160307_25.raw	v1.1.0	NT=ms-proteomics;VV=v1.1.0	NT=vertebrates;VV=v1.1.0	manual curation	NT=Data-dependent acquisition;AC=PRIDE:0000627	NT=Orbitrap Fusion;AC=MS:1002416	NT=Trypsin;AC=MS:1001251	TMT127C	7	5 ppm	500 mmu	NT=Methylthio;AC=UNIMOD:39;TA=C;MT=Fixed	NT=Oxidation;AC=UNIMOD:35;TA=M;MT=Variable	NT=TMT6plex;AC=UNIMOD:737;TA=K;MT=Fixed	NT=TMT6plex;AC=UNIMOD:737;PP=Any N-term;MT=Fixed	0 Gy	7-week-old	mock-treated control
PXD015859 pooled group AK	Mus musculus	blood plasma	not available	pooled	pooled	normal	organism part	24 hour	depletion	not available	C57BL/6N	female	Fusion_160307_26-TMT127C	proteomic profiling by mass spectrometry	1	Fusion_160307_26.raw	v1.1.0	NT=ms-proteomics;VV=v1.1.0	NT=vertebrates;VV=v1.1.0	manual curation	NT=Data-dependent acquisition;AC=PRIDE:0000627	NT=Orbitrap Fusion;AC=MS:1002416	NT=Trypsin;AC=MS:1001251	TMT127C	8	5 ppm	500 mmu	NT=Methylthio;AC=UNIMOD:39;TA=C;MT=Fixed	NT=Oxidation;AC=UNIMOD:35;TA=M;MT=Variable	NT=TMT6plex;AC=UNIMOD:737;TA=K;MT=Fixed	NT=TMT6plex;AC=UNIMOD:737;PP=Any N-term;MT=Fixed	0 Gy	7-week-old	mock-treated control
PXD015859 pooled group AK	Mus musculus	blood plasma	not available	pooled	pooled	normal	organism part	24 hour	depletion	not available	C57BL/6N	female	Fusion_160307_27-TMT127C	proteomic profiling by mass spectrometry	1	Fusion_160307_27.raw	v1.1.0	NT=ms-proteomics;VV=v1.1.0	NT=vertebrates;VV=v1.1.0	manual curation	NT=Data-dependent acquisition;AC=PRIDE:0000627	NT=Orbitrap Fusion;AC=MS:1002416	NT=Trypsin;AC=MS:1001251	TMT127C	9	5 ppm	500 mmu	NT=Methylthio;AC=UNIMOD:39;TA=C;MT=Fixed	NT=Oxidation;AC=UNIMOD:35;TA=M;MT=Variable	NT=TMT6plex;AC=UNIMOD:737;TA=K;MT=Fixed	NT=TMT6plex;AC=UNIMOD:737;PP=Any N-term;MT=Fixed	0 Gy	7-week-old	mock-treated control
PXD015859 pooled group AK	Mus musculus	blood plasma	not available	pooled	pooled	normal	organism part	24 hour	depletion	not available	C57BL/6N	female	Fusion_160307_28-TMT127C	proteomic profiling by mass spectrometry	1	Fusion_160307_28.raw	v1.1.0	NT=ms-proteomics;VV=v1.1.0	NT=vertebrates;VV=v1.1.0	manual curation	NT=Data-dependent acquisition;AC=PRIDE:0000627	NT=Orbitrap Fusion;AC=MS:1002416	NT=Trypsin;AC=MS:1001251	TMT127C	10	5 ppm	500 mmu	NT=Methylthio;AC=UNIMOD:39;TA=C;MT=Fixed	NT=Oxidation;AC=UNIMOD:35;TA=M;MT=Variable	NT=TMT6plex;AC=UNIMOD:737;TA=K;MT=Fixed	NT=TMT6plex;AC=UNIMOD:737;PP=Any N-term;MT=Fixed	0 Gy	7-week-old	mock-treated control
PXD015859 pooled group AK	Mus musculus	blood plasma	not available	pooled	pooled	normal	organism part	24 hour	depletion	not available	C57BL/6N	female	Fusion_160307_29-TMT127C	proteomic profiling by mass spectrometry	1	Fusion_160307_29.raw	v1.1.0	NT=ms-proteomics;VV=v1.1.0	NT=vertebrates;VV=v1.1.0	manual curation	NT=Data-dependent acquisition;AC=PRIDE:0000627	NT=Orbitrap Fusion;AC=MS:1002416	NT=Trypsin;AC=MS:1001251	TMT127C	11	5 ppm	500 mmu	NT=Methylthio;AC=UNIMOD:39;TA=C;MT=Fixed	NT=Oxidation;AC=UNIMOD:35;TA=M;MT=Variable	NT=TMT6plex;AC=UNIMOD:737;TA=K;MT=Fixed	NT=TMT6plex;AC=UNIMOD:737;PP=Any N-term;MT=Fixed	0 Gy	7-week-old	mock-treated control
PXD015859 pooled group AK	Mus musculus	blood plasma	not available	pooled	pooled	normal	organism part	24 hour	depletion	not available	C57BL/6N	female	Fusion_160307_30-TMT127C	proteomic profiling by mass spectrometry	1	Fusion_160307_30.raw	v1.1.0	NT=ms-proteomics;VV=v1.1.0	NT=vertebrates;VV=v1.1.0	manual curation	NT=Data-dependent acquisition;AC=PRIDE:0000627	NT=Orbitrap Fusion;AC=MS:1002416	NT=Trypsin;AC=MS:1001251	TMT127C	12	5 ppm	500 mmu	NT=Methylthio;AC=UNIMOD:39;TA=C;MT=Fixed	NT=Oxidation;AC=UNIMOD:35;TA=M;MT=Variable	NT=TMT6plex;AC=UNIMOD:737;TA=K;MT=Fixed	NT=TMT6plex;AC=UNIMOD:737;PP=Any N-term;MT=Fixed	0 Gy	7-week-old	mock-treated control
PXD015859 pooled group AK	Mus musculus	blood plasma	not available	pooled	pooled	normal	organism part	24 hour	depletion	not available	C57BL/6N	female	Fusion_160307_31-TMT127C	proteomic profiling by mass spectrometry	1	Fusion_160307_31.raw	v1.1.0	NT=ms-proteomics;VV=v1.1.0	NT=vertebrates;VV=v1.1.0	manual curation	NT=Data-dependent acquisition;AC=PRIDE:0000627	NT=Orbitrap Fusion;AC=MS:1002416	NT=Trypsin;AC=MS:1001251	TMT127C	13	5 ppm	500 mmu	NT=Methylthio;AC=UNIMOD:39;TA=C;MT=Fixed	NT=Oxidation;AC=UNIMOD:35;TA=M;MT=Variable	NT=TMT6plex;AC=UNIMOD:737;TA=K;MT=Fixed	NT=TMT6plex;AC=UNIMOD:737;PP=Any N-term;MT=Fixed	0 Gy	7-week-old	mock-treated control
PXD015859 pooled group AK	Mus musculus	blood plasma	not available	pooled	pooled	normal	organism part	24 hour	depletion	not available	C57BL/6N	female	Fusion_160307_32-TMT127C	proteomic profiling by mass spectrometry	1	Fusion_160307_32.raw	v1.1.0	NT=ms-proteomics;VV=v1.1.0	NT=vertebrates;VV=v1.1.0	manual curation	NT=Data-dependent acquisition;AC=PRIDE:0000627	NT=Orbitrap Fusion;AC=MS:1002416	NT=Trypsin;AC=MS:1001251	TMT127C	14	5 ppm	500 mmu	NT=Methylthio;AC=UNIMOD:39;TA=C;MT=Fixed	NT=Oxidation;AC=UNIMOD:35;TA=M;MT=Variable	NT=TMT6plex;AC=UNIMOD:737;TA=K;MT=Fixed	NT=TMT6plex;AC=UNIMOD:737;PP=Any N-term;MT=Fixed	0 Gy	7-week-old	mock-treated control
PXD015859 pooled group AK	Mus musculus	blood plasma	not available	pooled	pooled	normal	organism part	24 hour	depletion	not available	C57BL/6N	female	Fusion_160307_33-TMT127C	proteomic profiling by mass spectrometry	1	Fusion_160307_33.raw	v1.1.0	NT=ms-proteomics;VV=v1.1.0	NT=vertebrates;VV=v1.1.0	manual curation	NT=Data-dependent acquisition;AC=PRIDE:0000627	NT=Orbitrap Fusion;AC=MS:1002416	NT=Trypsin;AC=MS:1001251	TMT127C	15	5 ppm	500 mmu	NT=Methylthio;AC=UNIMOD:39;TA=C;MT=Fixed	NT=Oxidation;AC=UNIMOD:35;TA=M;MT=Variable	NT=TMT6plex;AC=UNIMOD:737;TA=K;MT=Fixed	NT=TMT6plex;AC=UNIMOD:737;PP=Any N-term;MT=Fixed	0 Gy	7-week-old	mock-treated control
PXD015859 pooled group AK	Mus musculus	blood plasma	not available	pooled	pooled	normal	organism part	24 hour	depletion	not available	C57BL/6N	female	Fusion_160307_34-TMT127C	proteomic profiling by mass spectrometry	1	Fusion_160307_34.raw	v1.1.0	NT=ms-proteomics;VV=v1.1.0	NT=vertebrates;VV=v1.1.0	manual curation	NT=Data-dependent acquisition;AC=PRIDE:0000627	NT=Orbitrap Fusion;AC=MS:1002416	NT=Trypsin;AC=MS:1001251	TMT127C	16	5 ppm	500 mmu	NT=Methylthio;AC=UNIMOD:39;TA=C;MT=Fixed	NT=Oxidation;AC=UNIMOD:35;TA=M;MT=Variable	NT=TMT6plex;AC=UNIMOD:737;TA=K;MT=Fixed	NT=TMT6plex;AC=UNIMOD:737;PP=Any N-term;MT=Fixed	0 Gy	7-week-old	mock-treated control
PXD015859 pooled group AK	Mus musculus	blood plasma	not available	pooled	pooled	normal	organism part	24 hour	depletion	not available	C57BL/6N	female	Fusion_160307_35-TMT127C	proteomic profiling by mass spectrometry	1	Fusion_160307_35.raw	v1.1.0	NT=ms-proteomics;VV=v1.1.0	NT=vertebrates;VV=v1.1.0	manual curation	NT=Data-dependent acquisition;AC=PRIDE:0000627	NT=Orbitrap Fusion;AC=MS:1002416	NT=Trypsin;AC=MS:1001251	TMT127C	17	5 ppm	500 mmu	NT=Methylthio;AC=UNIMOD:39;TA=C;MT=Fixed	NT=Oxidation;AC=UNIMOD:35;TA=M;MT=Variable	NT=TMT6plex;AC=UNIMOD:737;TA=K;MT=Fixed	NT=TMT6plex;AC=UNIMOD:737;PP=Any N-term;MT=Fixed	0 Gy	7-week-old	mock-treated control
PXD015859 pooled group AK	Mus musculus	blood plasma	not available	pooled	pooled	normal	organism part	24 hour	depletion	not available	C57BL/6N	female	Fusion_160307_36-TMT127C	proteomic profiling by mass spectrometry	1	Fusion_160307_36.raw	v1.1.0	NT=ms-proteomics;VV=v1.1.0	NT=vertebrates;VV=v1.1.0	manual curation	NT=Data-dependent acquisition;AC=PRIDE:0000627	NT=Orbitrap Fusion;AC=MS:1002416	NT=Trypsin;AC=MS:1001251	TMT127C	18	5 ppm	500 mmu	NT=Methylthio;AC=UNIMOD:39;TA=C;MT=Fixed	NT=Oxidation;AC=UNIMOD:35;TA=M;MT=Variable	NT=TMT6plex;AC=UNIMOD:737;TA=K;MT=Fixed	NT=TMT6plex;AC=UNIMOD:737;PP=Any N-term;MT=Fixed	0 Gy	7-week-old	mock-treated control
PXD015859 pooled group AK	Mus musculus	blood plasma	not available	pooled	pooled	normal	organism part	24 hour	depletion	not available	C57BL/6N	female	Fusion_160307_37-TMT127C	proteomic profiling by mass spectrometry	1	Fusion_160307_37.raw	v1.1.0	NT=ms-proteomics;VV=v1.1.0	NT=vertebrates;VV=v1.1.0	manual curation	NT=Data-dependent acquisition;AC=PRIDE:0000627	NT=Orbitrap Fusion;AC=MS:1002416	NT=Trypsin;AC=MS:1001251	TMT127C	19	5 ppm	500 mmu	NT=Methylthio;AC=UNIMOD:39;TA=C;MT=Fixed	NT=Oxidation;AC=UNIMOD:35;TA=M;MT=Variable	NT=TMT6plex;AC=UNIMOD:737;TA=K;MT=Fixed	NT=TMT6plex;AC=UNIMOD:737;PP=Any N-term;MT=Fixed	0 Gy	7-week-old	mock-treated control
PXD015859 pooled group AK	Mus musculus	blood plasma	not available	pooled	pooled	normal	organism part	24 hour	depletion	not available	C57BL/6N	female	Fusion_160307_38-TMT127C	proteomic profiling by mass spectrometry	1	Fusion_160307_38.raw	v1.1.0	NT=ms-proteomics;VV=v1.1.0	NT=vertebrates;VV=v1.1.0	manual curation	NT=Data-dependent acquisition;AC=PRIDE:0000627	NT=Orbitrap Fusion;AC=MS:1002416	NT=Trypsin;AC=MS:1001251	TMT127C	20	5 ppm	500 mmu	NT=Methylthio;AC=UNIMOD:39;TA=C;MT=Fixed	NT=Oxidation;AC=UNIMOD:35;TA=M;MT=Variable	NT=TMT6plex;AC=UNIMOD:737;TA=K;MT=Fixed	NT=TMT6plex;AC=UNIMOD:737;PP=Any N-term;MT=Fixed	0 Gy	7-week-old	mock-treated control
PXD015859 pooled group B	Mus musculus	blood plasma	not available	pooled	pooled	normal	organism part	24 hour	depletion	not available	C57BL/6N	male	Fusion_160307_19-TMT128C	proteomic profiling by mass spectrometry	1	Fusion_160307_19.raw	v1.1.0	NT=ms-proteomics;VV=v1.1.0	NT=vertebrates;VV=v1.1.0	manual curation	NT=Data-dependent acquisition;AC=PRIDE:0000627	NT=Orbitrap Fusion;AC=MS:1002416	NT=Trypsin;AC=MS:1001251	TMT128C	1	5 ppm	500 mmu	NT=Methylthio;AC=UNIMOD:39;TA=C;MT=Fixed	NT=Oxidation;AC=UNIMOD:35;TA=M;MT=Variable	NT=TMT6plex;AC=UNIMOD:737;TA=K;MT=Fixed	NT=TMT6plex;AC=UNIMOD:737;PP=Any N-term;MT=Fixed	0.5 Gy	7-week-old	irradiated
PXD015859 pooled group B	Mus musculus	blood plasma	not available	pooled	pooled	normal	organism part	24 hour	depletion	not available	C57BL/6N	male	Fusion_160307_20-TMT128C	proteomic profiling by mass spectrometry	1	Fusion_160307_20.raw	v1.1.0	NT=ms-proteomics;VV=v1.1.0	NT=vertebrates;VV=v1.1.0	manual curation	NT=Data-dependent acquisition;AC=PRIDE:0000627	NT=Orbitrap Fusion;AC=MS:1002416	NT=Trypsin;AC=MS:1001251	TMT128C	2	5 ppm	500 mmu	NT=Methylthio;AC=UNIMOD:39;TA=C;MT=Fixed	NT=Oxidation;AC=UNIMOD:35;TA=M;MT=Variable	NT=TMT6plex;AC=UNIMOD:737;TA=K;MT=Fixed	NT=TMT6plex;AC=UNIMOD:737;PP=Any N-term;MT=Fixed	0.5 Gy	7-week-old	irradiated
PXD015859 pooled group B	Mus musculus	blood plasma	not available	pooled	pooled	normal	organism part	24 hour	depletion	not available	C57BL/6N	male	Fusion_160307_21-TMT128C	proteomic profiling by mass spectrometry	1	Fusion_160307_21.raw	v1.1.0	NT=ms-proteomics;VV=v1.1.0	NT=vertebrates;VV=v1.1.0	manual curation	NT=Data-dependent acquisition;AC=PRIDE:0000627	NT=Orbitrap Fusion;AC=MS:1002416	NT=Trypsin;AC=MS:1001251	TMT128C	3	5 ppm	500 mmu	NT=Methylthio;AC=UNIMOD:39;TA=C;MT=Fixed	NT=Oxidation;AC=UNIMOD:35;TA=M;MT=Variable	NT=TMT6plex;AC=UNIMOD:737;TA=K;MT=Fixed	NT=TMT6plex;AC=UNIMOD:737;PP=Any N-term;MT=Fixed	0.5 Gy	7-week-old	irradiated
PXD015859 pooled group B	Mus musculus	blood plasma	not available	pooled	pooled	normal	organism part	24 hour	depletion	not available	C57BL/6N	male	Fusion_160307_22-TMT128C	proteomic profiling by mass spectrometry	1	Fusion_160307_22.raw	v1.1.0	NT=ms-proteomics;VV=v1.1.0	NT=vertebrates;VV=v1.1.0	manual curation	NT=Data-dependent acquisition;AC=PRIDE:0000627	NT=Orbitrap Fusion;AC=MS:1002416	NT=Trypsin;AC=MS:1001251	TMT128C	4	5 ppm	500 mmu	NT=Methylthio;AC=UNIMOD:39;TA=C;MT=Fixed	NT=Oxidation;AC=UNIMOD:35;TA=M;MT=Variable	NT=TMT6plex;AC=UNIMOD:737;TA=K;MT=Fixed	NT=TMT6plex;AC=UNIMOD:737;PP=Any N-term;MT=Fixed	0.5 Gy	7-week-old	irradiated
PXD015859 pooled group B	Mus musculus	blood plasma	not available	pooled	pooled	normal	organism part	24 hour	depletion	not available	C57BL/6N	male	Fusion_160307_23-TMT128C	proteomic profiling by mass spectrometry	1	Fusion_160307_23.raw	v1.1.0	NT=ms-proteomics;VV=v1.1.0	NT=vertebrates;VV=v1.1.0	manual curation	NT=Data-dependent acquisition;AC=PRIDE:0000627	NT=Orbitrap Fusion;AC=MS:1002416	NT=Trypsin;AC=MS:1001251	TMT128C	5	5 ppm	500 mmu	NT=Methylthio;AC=UNIMOD:39;TA=C;MT=Fixed	NT=Oxidation;AC=UNIMOD:35;TA=M;MT=Variable	NT=TMT6plex;AC=UNIMOD:737;TA=K;MT=Fixed	NT=TMT6plex;AC=UNIMOD:737;PP=Any N-term;MT=Fixed	0.5 Gy	7-week-old	irradiated
PXD015859 pooled group B	Mus musculus	blood plasma	not available	pooled	pooled	normal	organism part	24 hour	depletion	not available	C57BL/6N	male	Fusion_160307_24-TMT128C	proteomic profiling by mass spectrometry	1	Fusion_160307_24.raw	v1.1.0	NT=ms-proteomics;VV=v1.1.0	NT=vertebrates;VV=v1.1.0	manual curation	NT=Data-dependent acquisition;AC=PRIDE:0000627	NT=Orbitrap Fusion;AC=MS:1002416	NT=Trypsin;AC=MS:1001251	TMT128C	6	5 ppm	500 mmu	NT=Methylthio;AC=UNIMOD:39;TA=C;MT=Fixed	NT=Oxidation;AC=UNIMOD:35;TA=M;MT=Variable	NT=TMT6plex;AC=UNIMOD:737;TA=K;MT=Fixed	NT=TMT6plex;AC=UNIMOD:737;PP=Any N-term;MT=Fixed	0.5 Gy	7-week-old	irradiated
PXD015859 pooled group B	Mus musculus	blood plasma	not available	pooled	pooled	normal	organism part	24 hour	depletion	not available	C57BL/6N	male	Fusion_160307_25-TMT128C	proteomic profiling by mass spectrometry	1	Fusion_160307_25.raw	v1.1.0	NT=ms-proteomics;VV=v1.1.0	NT=vertebrates;VV=v1.1.0	manual curation	NT=Data-dependent acquisition;AC=PRIDE:0000627	NT=Orbitrap Fusion;AC=MS:1002416	NT=Trypsin;AC=MS:1001251	TMT128C	7	5 ppm	500 mmu	NT=Methylthio;AC=UNIMOD:39;TA=C;MT=Fixed	NT=Oxidation;AC=UNIMOD:35;TA=M;MT=Variable	NT=TMT6plex;AC=UNIMOD:737;TA=K;MT=Fixed	NT=TMT6plex;AC=UNIMOD:737;PP=Any N-term;MT=Fixed	0.5 Gy	7-week-old	irradiated
PXD015859 pooled group B	Mus musculus	blood plasma	not available	pooled	pooled	normal	organism part	24 hour	depletion	not available	C57BL/6N	male	Fusion_160307_26-TMT128C	proteomic profiling by mass spectrometry	1	Fusion_160307_26.raw	v1.1.0	NT=ms-proteomics;VV=v1.1.0	NT=vertebrates;VV=v1.1.0	manual curation	NT=Data-dependent acquisition;AC=PRIDE:0000627	NT=Orbitrap Fusion;AC=MS:1002416	NT=Trypsin;AC=MS:1001251	TMT128C	8	5 ppm	500 mmu	NT=Methylthio;AC=UNIMOD:39;TA=C;MT=Fixed	NT=Oxidation;AC=UNIMOD:35;TA=M;MT=Variable	NT=TMT6plex;AC=UNIMOD:737;TA=K;MT=Fixed	NT=TMT6plex;AC=UNIMOD:737;PP=Any N-term;MT=Fixed	0.5 Gy	7-week-old	irradiated
PXD015859 pooled group B	Mus musculus	blood plasma	not available	pooled	pooled	normal	organism part	24 hour	depletion	not available	C57BL/6N	male	Fusion_160307_27-TMT128C	proteomic profiling by mass spectrometry	1	Fusion_160307_27.raw	v1.1.0	NT=ms-proteomics;VV=v1.1.0	NT=vertebrates;VV=v1.1.0	manual curation	NT=Data-dependent acquisition;AC=PRIDE:0000627	NT=Orbitrap Fusion;AC=MS:1002416	NT=Trypsin;AC=MS:1001251	TMT128C	9	5 ppm	500 mmu	NT=Methylthio;AC=UNIMOD:39;TA=C;MT=Fixed	NT=Oxidation;AC=UNIMOD:35;TA=M;MT=Variable	NT=TMT6plex;AC=UNIMOD:737;TA=K;MT=Fixed	NT=TMT6plex;AC=UNIMOD:737;PP=Any N-term;MT=Fixed	0.5 Gy	7-week-old	irradiated
PXD015859 pooled group B	Mus musculus	blood plasma	not available	pooled	pooled	normal	organism part	24 hour	depletion	not available	C57BL/6N	male	Fusion_160307_28-TMT128C	proteomic profiling by mass spectrometry	1	Fusion_160307_28.raw	v1.1.0	NT=ms-proteomics;VV=v1.1.0	NT=vertebrates;VV=v1.1.0	manual curation	NT=Data-dependent acquisition;AC=PRIDE:0000627	NT=Orbitrap Fusion;AC=MS:1002416	NT=Trypsin;AC=MS:1001251	TMT128C	10	5 ppm	500 mmu	NT=Methylthio;AC=UNIMOD:39;TA=C;MT=Fixed	NT=Oxidation;AC=UNIMOD:35;TA=M;MT=Variable	NT=TMT6plex;AC=UNIMOD:737;TA=K;MT=Fixed	NT=TMT6plex;AC=UNIMOD:737;PP=Any N-term;MT=Fixed	0.5 Gy	7-week-old	irradiated
PXD015859 pooled group B	Mus musculus	blood plasma	not available	pooled	pooled	normal	organism part	24 hour	depletion	not available	C57BL/6N	male	Fusion_160307_29-TMT128C	proteomic profiling by mass spectrometry	1	Fusion_160307_29.raw	v1.1.0	NT=ms-proteomics;VV=v1.1.0	NT=vertebrates;VV=v1.1.0	manual curation	NT=Data-dependent acquisition;AC=PRIDE:0000627	NT=Orbitrap Fusion;AC=MS:1002416	NT=Trypsin;AC=MS:1001251	TMT128C	11	5 ppm	500 mmu	NT=Methylthio;AC=UNIMOD:39;TA=C;MT=Fixed	NT=Oxidation;AC=UNIMOD:35;TA=M;MT=Variable	NT=TMT6plex;AC=UNIMOD:737;TA=K;MT=Fixed	NT=TMT6plex;AC=UNIMOD:737;PP=Any N-term;MT=Fixed	0.5 Gy	7-week-old	irradiated
PXD015859 pooled group B	Mus musculus	blood plasma	not available	pooled	pooled	normal	organism part	24 hour	depletion	not available	C57BL/6N	male	Fusion_160307_30-TMT128C	proteomic profiling by mass spectrometry	1	Fusion_160307_30.raw	v1.1.0	NT=ms-proteomics;VV=v1.1.0	NT=vertebrates;VV=v1.1.0	manual curation	NT=Data-dependent acquisition;AC=PRIDE:0000627	NT=Orbitrap Fusion;AC=MS:1002416	NT=Trypsin;AC=MS:1001251	TMT128C	12	5 ppm	500 mmu	NT=Methylthio;AC=UNIMOD:39;TA=C;MT=Fixed	NT=Oxidation;AC=UNIMOD:35;TA=M;MT=Variable	NT=TMT6plex;AC=UNIMOD:737;TA=K;MT=Fixed	NT=TMT6plex;AC=UNIMOD:737;PP=Any N-term;MT=Fixed	0.5 Gy	7-week-old	irradiated
PXD015859 pooled group B	Mus musculus	blood plasma	not available	pooled	pooled	normal	organism part	24 hour	depletion	not available	C57BL/6N	male	Fusion_160307_31-TMT128C	proteomic profiling by mass spectrometry	1	Fusion_160307_31.raw	v1.1.0	NT=ms-proteomics;VV=v1.1.0	NT=vertebrates;VV=v1.1.0	manual curation	NT=Data-dependent acquisition;AC=PRIDE:0000627	NT=Orbitrap Fusion;AC=MS:1002416	NT=Trypsin;AC=MS:1001251	TMT128C	13	5 ppm	500 mmu	NT=Methylthio;AC=UNIMOD:39;TA=C;MT=Fixed	NT=Oxidation;AC=UNIMOD:35;TA=M;MT=Variable	NT=TMT6plex;AC=UNIMOD:737;TA=K;MT=Fixed	NT=TMT6plex;AC=UNIMOD:737;PP=Any N-term;MT=Fixed	0.5 Gy	7-week-old	irradiated
PXD015859 pooled group B	Mus musculus	blood plasma	not available	pooled	pooled	normal	organism part	24 hour	depletion	not available	C57BL/6N	male	Fusion_160307_32-TMT128C	proteomic profiling by mass spectrometry	1	Fusion_160307_32.raw	v1.1.0	NT=ms-proteomics;VV=v1.1.0	NT=vertebrates;VV=v1.1.0	manual curation	NT=Data-dependent acquisition;AC=PRIDE:0000627	NT=Orbitrap Fusion;AC=MS:1002416	NT=Trypsin;AC=MS:1001251	TMT128C	14	5 ppm	500 mmu	NT=Methylthio;AC=UNIMOD:39;TA=C;MT=Fixed	NT=Oxidation;AC=UNIMOD:35;TA=M;MT=Variable	NT=TMT6plex;AC=UNIMOD:737;TA=K;MT=Fixed	NT=TMT6plex;AC=UNIMOD:737;PP=Any N-term;MT=Fixed	0.5 Gy	7-week-old	irradiated
PXD015859 pooled group B	Mus musculus	blood plasma	not available	pooled	pooled	normal	organism part	24 hour	depletion	not available	C57BL/6N	male	Fusion_160307_33-TMT128C	proteomic profiling by mass spectrometry	1	Fusion_160307_33.raw	v1.1.0	NT=ms-proteomics;VV=v1.1.0	NT=vertebrates;VV=v1.1.0	manual curation	NT=Data-dependent acquisition;AC=PRIDE:0000627	NT=Orbitrap Fusion;AC=MS:1002416	NT=Trypsin;AC=MS:1001251	TMT128C	15	5 ppm	500 mmu	NT=Methylthio;AC=UNIMOD:39;TA=C;MT=Fixed	NT=Oxidation;AC=UNIMOD:35;TA=M;MT=Variable	NT=TMT6plex;AC=UNIMOD:737;TA=K;MT=Fixed	NT=TMT6plex;AC=UNIMOD:737;PP=Any N-term;MT=Fixed	0.5 Gy	7-week-old	irradiated
PXD015859 pooled group B	Mus musculus	blood plasma	not available	pooled	pooled	normal	organism part	24 hour	depletion	not available	C57BL/6N	male	Fusion_160307_34-TMT128C	proteomic profiling by mass spectrometry	1	Fusion_160307_34.raw	v1.1.0	NT=ms-proteomics;VV=v1.1.0	NT=vertebrates;VV=v1.1.0	manual curation	NT=Data-dependent acquisition;AC=PRIDE:0000627	NT=Orbitrap Fusion;AC=MS:1002416	NT=Trypsin;AC=MS:1001251	TMT128C	16	5 ppm	500 mmu	NT=Methylthio;AC=UNIMOD:39;TA=C;MT=Fixed	NT=Oxidation;AC=UNIMOD:35;TA=M;MT=Variable	NT=TMT6plex;AC=UNIMOD:737;TA=K;MT=Fixed	NT=TMT6plex;AC=UNIMOD:737;PP=Any N-term;MT=Fixed	0.5 Gy	7-week-old	irradiated
PXD015859 pooled group B	Mus musculus	blood plasma	not available	pooled	pooled	normal	organism part	24 hour	depletion	not available	C57BL/6N	male	Fusion_160307_35-TMT128C	proteomic profiling by mass spectrometry	1	Fusion_160307_35.raw	v1.1.0	NT=ms-proteomics;VV=v1.1.0	NT=vertebrates;VV=v1.1.0	manual curation	NT=Data-dependent acquisition;AC=PRIDE:0000627	NT=Orbitrap Fusion;AC=MS:1002416	NT=Trypsin;AC=MS:1001251	TMT128C	17	5 ppm	500 mmu	NT=Methylthio;AC=UNIMOD:39;TA=C;MT=Fixed	NT=Oxidation;AC=UNIMOD:35;TA=M;MT=Variable	NT=TMT6plex;AC=UNIMOD:737;TA=K;MT=Fixed	NT=TMT6plex;AC=UNIMOD:737;PP=Any N-term;MT=Fixed	0.5 Gy	7-week-old	irradiated
PXD015859 pooled group B	Mus musculus	blood plasma	not available	pooled	pooled	normal	organism part	24 hour	depletion	not available	C57BL/6N	male	Fusion_160307_36-TMT128C	proteomic profiling by mass spectrometry	1	Fusion_160307_36.raw	v1.1.0	NT=ms-proteomics;VV=v1.1.0	NT=vertebrates;VV=v1.1.0	manual curation	NT=Data-dependent acquisition;AC=PRIDE:0000627	NT=Orbitrap Fusion;AC=MS:1002416	NT=Trypsin;AC=MS:1001251	TMT128C	18	5 ppm	500 mmu	NT=Methylthio;AC=UNIMOD:39;TA=C;MT=Fixed	NT=Oxidation;AC=UNIMOD:35;TA=M;MT=Variable	NT=TMT6plex;AC=UNIMOD:737;TA=K;MT=Fixed	NT=TMT6plex;AC=UNIMOD:737;PP=Any N-term;MT=Fixed	0.5 Gy	7-week-old	irradiated
PXD015859 pooled group B	Mus musculus	blood plasma	not available	pooled	pooled	normal	organism part	24 hour	depletion	not available	C57BL/6N	male	Fusion_160307_37-TMT128C	proteomic profiling by mass spectrometry	1	Fusion_160307_37.raw	v1.1.0	NT=ms-proteomics;VV=v1.1.0	NT=vertebrates;VV=v1.1.0	manual curation	NT=Data-dependent acquisition;AC=PRIDE:0000627	NT=Orbitrap Fusion;AC=MS:1002416	NT=Trypsin;AC=MS:1001251	TMT128C	19	5 ppm	500 mmu	NT=Methylthio;AC=UNIMOD:39;TA=C;MT=Fixed	NT=Oxidation;AC=UNIMOD:35;TA=M;MT=Variable	NT=TMT6plex;AC=UNIMOD:737;TA=K;MT=Fixed	NT=TMT6plex;AC=UNIMOD:737;PP=Any N-term;MT=Fixed	0.5 Gy	7-week-old	irradiated
PXD015859 pooled group B	Mus musculus	blood plasma	not available	pooled	pooled	normal	organism part	24 hour	depletion	not available	C57BL/6N	male	Fusion_160307_38-TMT128C	proteomic profiling by mass spectrometry	1	Fusion_160307_38.raw	v1.1.0	NT=ms-proteomics;VV=v1.1.0	NT=vertebrates;VV=v1.1.0	manual curation	NT=Data-dependent acquisition;AC=PRIDE:0000627	NT=Orbitrap Fusion;AC=MS:1002416	NT=Trypsin;AC=MS:1001251	TMT128C	20	5 ppm	500 mmu	NT=Methylthio;AC=UNIMOD:39;TA=C;MT=Fixed	NT=Oxidation;AC=UNIMOD:35;TA=M;MT=Variable	NT=TMT6plex;AC=UNIMOD:737;TA=K;MT=Fixed	NT=TMT6plex;AC=UNIMOD:737;PP=Any N-term;MT=Fixed	0.5 Gy	7-week-old	irradiated
PXD015859 pooled group BK	Mus musculus	blood plasma	not available	pooled	pooled	normal	organism part	24 hour	depletion	not available	C57BL/6N	male	Fusion_160307_19-TMT129C	proteomic profiling by mass spectrometry	1	Fusion_160307_19.raw	v1.1.0	NT=ms-proteomics;VV=v1.1.0	NT=vertebrates;VV=v1.1.0	manual curation	NT=Data-dependent acquisition;AC=PRIDE:0000627	NT=Orbitrap Fusion;AC=MS:1002416	NT=Trypsin;AC=MS:1001251	TMT129C	1	5 ppm	500 mmu	NT=Methylthio;AC=UNIMOD:39;TA=C;MT=Fixed	NT=Oxidation;AC=UNIMOD:35;TA=M;MT=Variable	NT=TMT6plex;AC=UNIMOD:737;TA=K;MT=Fixed	NT=TMT6plex;AC=UNIMOD:737;PP=Any N-term;MT=Fixed	0 Gy	7-week-old	mock-treated control
PXD015859 pooled group BK	Mus musculus	blood plasma	not available	pooled	pooled	normal	organism part	24 hour	depletion	not available	C57BL/6N	male	Fusion_160307_20-TMT129C	proteomic profiling by mass spectrometry	1	Fusion_160307_20.raw	v1.1.0	NT=ms-proteomics;VV=v1.1.0	NT=vertebrates;VV=v1.1.0	manual curation	NT=Data-dependent acquisition;AC=PRIDE:0000627	NT=Orbitrap Fusion;AC=MS:1002416	NT=Trypsin;AC=MS:1001251	TMT129C	2	5 ppm	500 mmu	NT=Methylthio;AC=UNIMOD:39;TA=C;MT=Fixed	NT=Oxidation;AC=UNIMOD:35;TA=M;MT=Variable	NT=TMT6plex;AC=UNIMOD:737;TA=K;MT=Fixed	NT=TMT6plex;AC=UNIMOD:737;PP=Any N-term;MT=Fixed	0 Gy	7-week-old	mock-treated control
PXD015859 pooled group BK	Mus musculus	blood plasma	not available	pooled	pooled	normal	organism part	24 hour	depletion	not available	C57BL/6N	male	Fusion_160307_21-TMT129C	proteomic profiling by mass spectrometry	1	Fusion_160307_21.raw	v1.1.0	NT=ms-proteomics;VV=v1.1.0	NT=vertebrates;VV=v1.1.0	manual curation	NT=Data-dependent acquisition;AC=PRIDE:0000627	NT=Orbitrap Fusion;AC=MS:1002416	NT=Trypsin;AC=MS:1001251	TMT129C	3	5 ppm	500 mmu	NT=Methylthio;AC=UNIMOD:39;TA=C;MT=Fixed	NT=Oxidation;AC=UNIMOD:35;TA=M;MT=Variable	NT=TMT6plex;AC=UNIMOD:737;TA=K;MT=Fixed	NT=TMT6plex;AC=UNIMOD:737;PP=Any N-term;MT=Fixed	0 Gy	7-week-old	mock-treated control
PXD015859 pooled group BK	Mus musculus	blood plasma	not available	pooled	pooled	normal	organism part	24 hour	depletion	not available	C57BL/6N	male	Fusion_160307_22-TMT129C	proteomic profiling by mass spectrometry	1	Fusion_160307_22.raw	v1.1.0	NT=ms-proteomics;VV=v1.1.0	NT=vertebrates;VV=v1.1.0	manual curation	NT=Data-dependent acquisition;AC=PRIDE:0000627	NT=Orbitrap Fusion;AC=MS:1002416	NT=Trypsin;AC=MS:1001251	TMT129C	4	5 ppm	500 mmu	NT=Methylthio;AC=UNIMOD:39;TA=C;MT=Fixed	NT=Oxidation;AC=UNIMOD:35;TA=M;MT=Variable	NT=TMT6plex;AC=UNIMOD:737;TA=K;MT=Fixed	NT=TMT6plex;AC=UNIMOD:737;PP=Any N-term;MT=Fixed	0 Gy	7-week-old	mock-treated control
PXD015859 pooled group BK	Mus musculus	blood plasma	not available	pooled	pooled	normal	organism part	24 hour	depletion	not available	C57BL/6N	male	Fusion_160307_23-TMT129C	proteomic profiling by mass spectrometry	1	Fusion_160307_23.raw	v1.1.0	NT=ms-proteomics;VV=v1.1.0	NT=vertebrates;VV=v1.1.0	manual curation	NT=Data-dependent acquisition;AC=PRIDE:0000627	NT=Orbitrap Fusion;AC=MS:1002416	NT=Trypsin;AC=MS:1001251	TMT129C	5	5 ppm	500 mmu	NT=Methylthio;AC=UNIMOD:39;TA=C;MT=Fixed	NT=Oxidation;AC=UNIMOD:35;TA=M;MT=Variable	NT=TMT6plex;AC=UNIMOD:737;TA=K;MT=Fixed	NT=TMT6plex;AC=UNIMOD:737;PP=Any N-term;MT=Fixed	0 Gy	7-week-old	mock-treated control
PXD015859 pooled group BK	Mus musculus	blood plasma	not available	pooled	pooled	normal	organism part	24 hour	depletion	not available	C57BL/6N	male	Fusion_160307_24-TMT129C	proteomic profiling by mass spectrometry	1	Fusion_160307_24.raw	v1.1.0	NT=ms-proteomics;VV=v1.1.0	NT=vertebrates;VV=v1.1.0	manual curation	NT=Data-dependent acquisition;AC=PRIDE:0000627	NT=Orbitrap Fusion;AC=MS:1002416	NT=Trypsin;AC=MS:1001251	TMT129C	6	5 ppm	500 mmu	NT=Methylthio;AC=UNIMOD:39;TA=C;MT=Fixed	NT=Oxidation;AC=UNIMOD:35;TA=M;MT=Variable	NT=TMT6plex;AC=UNIMOD:737;TA=K;MT=Fixed	NT=TMT6plex;AC=UNIMOD:737;PP=Any N-term;MT=Fixed	0 Gy	7-week-old	mock-treated control
PXD015859 pooled group BK	Mus musculus	blood plasma	not available	pooled	pooled	normal	organism part	24 hour	depletion	not available	C57BL/6N	male	Fusion_160307_25-TMT129C	proteomic profiling by mass spectrometry	1	Fusion_160307_25.raw	v1.1.0	NT=ms-proteomics;VV=v1.1.0	NT=vertebrates;VV=v1.1.0	manual curation	NT=Data-dependent acquisition;AC=PRIDE:0000627	NT=Orbitrap Fusion;AC=MS:1002416	NT=Trypsin;AC=MS:1001251	TMT129C	7	5 ppm	500 mmu	NT=Methylthio;AC=UNIMOD:39;TA=C;MT=Fixed	NT=Oxidation;AC=UNIMOD:35;TA=M;MT=Variable	NT=TMT6plex;AC=UNIMOD:737;TA=K;MT=Fixed	NT=TMT6plex;AC=UNIMOD:737;PP=Any N-term;MT=Fixed	0 Gy	7-week-old	mock-treated control
PXD015859 pooled group BK	Mus musculus	blood plasma	not available	pooled	pooled	normal	organism part	24 hour	depletion	not available	C57BL/6N	male	Fusion_160307_26-TMT129C	proteomic profiling by mass spectrometry	1	Fusion_160307_26.raw	v1.1.0	NT=ms-proteomics;VV=v1.1.0	NT=vertebrates;VV=v1.1.0	manual curation	NT=Data-dependent acquisition;AC=PRIDE:0000627	NT=Orbitrap Fusion;AC=MS:1002416	NT=Trypsin;AC=MS:1001251	TMT129C	8	5 ppm	500 mmu	NT=Methylthio;AC=UNIMOD:39;TA=C;MT=Fixed	NT=Oxidation;AC=UNIMOD:35;TA=M;MT=Variable	NT=TMT6plex;AC=UNIMOD:737;TA=K;MT=Fixed	NT=TMT6plex;AC=UNIMOD:737;PP=Any N-term;MT=Fixed	0 Gy	7-week-old	mock-treated control
PXD015859 pooled group BK	Mus musculus	blood plasma	not available	pooled	pooled	normal	organism part	24 hour	depletion	not available	C57BL/6N	male	Fusion_160307_27-TMT129C	proteomic profiling by mass spectrometry	1	Fusion_160307_27.raw	v1.1.0	NT=ms-proteomics;VV=v1.1.0	NT=vertebrates;VV=v1.1.0	manual curation	NT=Data-dependent acquisition;AC=PRIDE:0000627	NT=Orbitrap Fusion;AC=MS:1002416	NT=Trypsin;AC=MS:1001251	TMT129C	9	5 ppm	500 mmu	NT=Methylthio;AC=UNIMOD:39;TA=C;MT=Fixed	NT=Oxidation;AC=UNIMOD:35;TA=M;MT=Variable	NT=TMT6plex;AC=UNIMOD:737;TA=K;MT=Fixed	NT=TMT6plex;AC=UNIMOD:737;PP=Any N-term;MT=Fixed	0 Gy	7-week-old	mock-treated control
PXD015859 pooled group BK	Mus musculus	blood plasma	not available	pooled	pooled	normal	organism part	24 hour	depletion	not available	C57BL/6N	male	Fusion_160307_28-TMT129C	proteomic profiling by mass spectrometry	1	Fusion_160307_28.raw	v1.1.0	NT=ms-proteomics;VV=v1.1.0	NT=vertebrates;VV=v1.1.0	manual curation	NT=Data-dependent acquisition;AC=PRIDE:0000627	NT=Orbitrap Fusion;AC=MS:1002416	NT=Trypsin;AC=MS:1001251	TMT129C	10	5 ppm	500 mmu	NT=Methylthio;AC=UNIMOD:39;TA=C;MT=Fixed	NT=Oxidation;AC=UNIMOD:35;TA=M;MT=Variable	NT=TMT6plex;AC=UNIMOD:737;TA=K;MT=Fixed	NT=TMT6plex;AC=UNIMOD:737;PP=Any N-term;MT=Fixed	0 Gy	7-week-old	mock-treated control
PXD015859 pooled group BK	Mus musculus	blood plasma	not available	pooled	pooled	normal	organism part	24 hour	depletion	not available	C57BL/6N	male	Fusion_160307_29-TMT129C	proteomic profiling by mass spectrometry	1	Fusion_160307_29.raw	v1.1.0	NT=ms-proteomics;VV=v1.1.0	NT=vertebrates;VV=v1.1.0	manual curation	NT=Data-dependent acquisition;AC=PRIDE:0000627	NT=Orbitrap Fusion;AC=MS:1002416	NT=Trypsin;AC=MS:1001251	TMT129C	11	5 ppm	500 mmu	NT=Methylthio;AC=UNIMOD:39;TA=C;MT=Fixed	NT=Oxidation;AC=UNIMOD:35;TA=M;MT=Variable	NT=TMT6plex;AC=UNIMOD:737;TA=K;MT=Fixed	NT=TMT6plex;AC=UNIMOD:737;PP=Any N-term;MT=Fixed	0 Gy	7-week-old	mock-treated control
PXD015859 pooled group BK	Mus musculus	blood plasma	not available	pooled	pooled	normal	organism part	24 hour	depletion	not available	C57BL/6N	male	Fusion_160307_30-TMT129C	proteomic profiling by mass spectrometry	1	Fusion_160307_30.raw	v1.1.0	NT=ms-proteomics;VV=v1.1.0	NT=vertebrates;VV=v1.1.0	manual curation	NT=Data-dependent acquisition;AC=PRIDE:0000627	NT=Orbitrap Fusion;AC=MS:1002416	NT=Trypsin;AC=MS:1001251	TMT129C	12	5 ppm	500 mmu	NT=Methylthio;AC=UNIMOD:39;TA=C;MT=Fixed	NT=Oxidation;AC=UNIMOD:35;TA=M;MT=Variable	NT=TMT6plex;AC=UNIMOD:737;TA=K;MT=Fixed	NT=TMT6plex;AC=UNIMOD:737;PP=Any N-term;MT=Fixed	0 Gy	7-week-old	mock-treated control
PXD015859 pooled group BK	Mus musculus	blood plasma	not available	pooled	pooled	normal	organism part	24 hour	depletion	not available	C57BL/6N	male	Fusion_160307_31-TMT129C	proteomic profiling by mass spectrometry	1	Fusion_160307_31.raw	v1.1.0	NT=ms-proteomics;VV=v1.1.0	NT=vertebrates;VV=v1.1.0	manual curation	NT=Data-dependent acquisition;AC=PRIDE:0000627	NT=Orbitrap Fusion;AC=MS:1002416	NT=Trypsin;AC=MS:1001251	TMT129C	13	5 ppm	500 mmu	NT=Methylthio;AC=UNIMOD:39;TA=C;MT=Fixed	NT=Oxidation;AC=UNIMOD:35;TA=M;MT=Variable	NT=TMT6plex;AC=UNIMOD:737;TA=K;MT=Fixed	NT=TMT6plex;AC=UNIMOD:737;PP=Any N-term;MT=Fixed	0 Gy	7-week-old	mock-treated control
PXD015859 pooled group BK	Mus musculus	blood plasma	not available	pooled	pooled	normal	organism part	24 hour	depletion	not available	C57BL/6N	male	Fusion_160307_32-TMT129C	proteomic profiling by mass spectrometry	1	Fusion_160307_32.raw	v1.1.0	NT=ms-proteomics;VV=v1.1.0	NT=vertebrates;VV=v1.1.0	manual curation	NT=Data-dependent acquisition;AC=PRIDE:0000627	NT=Orbitrap Fusion;AC=MS:1002416	NT=Trypsin;AC=MS:1001251	TMT129C	14	5 ppm	500 mmu	NT=Methylthio;AC=UNIMOD:39;TA=C;MT=Fixed	NT=Oxidation;AC=UNIMOD:35;TA=M;MT=Variable	NT=TMT6plex;AC=UNIMOD:737;TA=K;MT=Fixed	NT=TMT6plex;AC=UNIMOD:737;PP=Any N-term;MT=Fixed	0 Gy	7-week-old	mock-treated control
PXD015859 pooled group BK	Mus musculus	blood plasma	not available	pooled	pooled	normal	organism part	24 hour	depletion	not available	C57BL/6N	male	Fusion_160307_33-TMT129C	proteomic profiling by mass spectrometry	1	Fusion_160307_33.raw	v1.1.0	NT=ms-proteomics;VV=v1.1.0	NT=vertebrates;VV=v1.1.0	manual curation	NT=Data-dependent acquisition;AC=PRIDE:0000627	NT=Orbitrap Fusion;AC=MS:1002416	NT=Trypsin;AC=MS:1001251	TMT129C	15	5 ppm	500 mmu	NT=Methylthio;AC=UNIMOD:39;TA=C;MT=Fixed	NT=Oxidation;AC=UNIMOD:35;TA=M;MT=Variable	NT=TMT6plex;AC=UNIMOD:737;TA=K;MT=Fixed	NT=TMT6plex;AC=UNIMOD:737;PP=Any N-term;MT=Fixed	0 Gy	7-week-old	mock-treated control
PXD015859 pooled group BK	Mus musculus	blood plasma	not available	pooled	pooled	normal	organism part	24 hour	depletion	not available	C57BL/6N	male	Fusion_160307_34-TMT129C	proteomic profiling by mass spectrometry	1	Fusion_160307_34.raw	v1.1.0	NT=ms-proteomics;VV=v1.1.0	NT=vertebrates;VV=v1.1.0	manual curation	NT=Data-dependent acquisition;AC=PRIDE:0000627	NT=Orbitrap Fusion;AC=MS:1002416	NT=Trypsin;AC=MS:1001251	TMT129C	16	5 ppm	500 mmu	NT=Methylthio;AC=UNIMOD:39;TA=C;MT=Fixed	NT=Oxidation;AC=UNIMOD:35;TA=M;MT=Variable	NT=TMT6plex;AC=UNIMOD:737;TA=K;MT=Fixed	NT=TMT6plex;AC=UNIMOD:737;PP=Any N-term;MT=Fixed	0 Gy	7-week-old	mock-treated control
PXD015859 pooled group BK	Mus musculus	blood plasma	not available	pooled	pooled	normal	organism part	24 hour	depletion	not available	C57BL/6N	male	Fusion_160307_35-TMT129C	proteomic profiling by mass spectrometry	1	Fusion_160307_35.raw	v1.1.0	NT=ms-proteomics;VV=v1.1.0	NT=vertebrates;VV=v1.1.0	manual curation	NT=Data-dependent acquisition;AC=PRIDE:0000627	NT=Orbitrap Fusion;AC=MS:1002416	NT=Trypsin;AC=MS:1001251	TMT129C	17	5 ppm	500 mmu	NT=Methylthio;AC=UNIMOD:39;TA=C;MT=Fixed	NT=Oxidation;AC=UNIMOD:35;TA=M;MT=Variable	NT=TMT6plex;AC=UNIMOD:737;TA=K;MT=Fixed	NT=TMT6plex;AC=UNIMOD:737;PP=Any N-term;MT=Fixed	0 Gy	7-week-old	mock-treated control
PXD015859 pooled group BK	Mus musculus	blood plasma	not available	pooled	pooled	normal	organism part	24 hour	depletion	not available	C57BL/6N	male	Fusion_160307_36-TMT129C	proteomic profiling by mass spectrometry	1	Fusion_160307_36.raw	v1.1.0	NT=ms-proteomics;VV=v1.1.0	NT=vertebrates;VV=v1.1.0	manual curation	NT=Data-dependent acquisition;AC=PRIDE:0000627	NT=Orbitrap Fusion;AC=MS:1002416	NT=Trypsin;AC=MS:1001251	TMT129C	18	5 ppm	500 mmu	NT=Methylthio;AC=UNIMOD:39;TA=C;MT=Fixed	NT=Oxidation;AC=UNIMOD:35;TA=M;MT=Variable	NT=TMT6plex;AC=UNIMOD:737;TA=K;MT=Fixed	NT=TMT6plex;AC=UNIMOD:737;PP=Any N-term;MT=Fixed	0 Gy	7-week-old	mock-treated control
PXD015859 pooled group BK	Mus musculus	blood plasma	not available	pooled	pooled	normal	organism part	24 hour	depletion	not available	C57BL/6N	male	Fusion_160307_37-TMT129C	proteomic profiling by mass spectrometry	1	Fusion_160307_37.raw	v1.1.0	NT=ms-proteomics;VV=v1.1.0	NT=vertebrates;VV=v1.1.0	manual curation	NT=Data-dependent acquisition;AC=PRIDE:0000627	NT=Orbitrap Fusion;AC=MS:1002416	NT=Trypsin;AC=MS:1001251	TMT129C	19	5 ppm	500 mmu	NT=Methylthio;AC=UNIMOD:39;TA=C;MT=Fixed	NT=Oxidation;AC=UNIMOD:35;TA=M;MT=Variable	NT=TMT6plex;AC=UNIMOD:737;TA=K;MT=Fixed	NT=TMT6plex;AC=UNIMOD:737;PP=Any N-term;MT=Fixed	0 Gy	7-week-old	mock-treated control
PXD015859 pooled group BK	Mus musculus	blood plasma	not available	pooled	pooled	normal	organism part	24 hour	depletion	not available	C57BL/6N	male	Fusion_160307_38-TMT129C	proteomic profiling by mass spectrometry	1	Fusion_160307_38.raw	v1.1.0	NT=ms-proteomics;VV=v1.1.0	NT=vertebrates;VV=v1.1.0	manual curation	NT=Data-dependent acquisition;AC=PRIDE:0000627	NT=Orbitrap Fusion;AC=MS:1002416	NT=Trypsin;AC=MS:1001251	TMT129C	20	5 ppm	500 mmu	NT=Methylthio;AC=UNIMOD:39;TA=C;MT=Fixed	NT=Oxidation;AC=UNIMOD:35;TA=M;MT=Variable	NT=TMT6plex;AC=UNIMOD:737;TA=K;MT=Fixed	NT=TMT6plex;AC=UNIMOD:737;PP=Any N-term;MT=Fixed	0 Gy	7-week-old	mock-treated control
PXD015859 pooled group C	Mus musculus	blood plasma	not available	pooled	pooled	normal	organism part	24 hour	depletion	adult	C57BL/6N	female	Fusion_160307_19-TMT130C	proteomic profiling by mass spectrometry	1	Fusion_160307_19.raw	v1.1.0	NT=ms-proteomics;VV=v1.1.0	NT=vertebrates;VV=v1.1.0	manual curation	NT=Data-dependent acquisition;AC=PRIDE:0000627	NT=Orbitrap Fusion;AC=MS:1002416	NT=Trypsin;AC=MS:1001251	TMT130C	1	5 ppm	500 mmu	NT=Methylthio;AC=UNIMOD:39;TA=C;MT=Fixed	NT=Oxidation;AC=UNIMOD:35;TA=M;MT=Variable	NT=TMT6plex;AC=UNIMOD:737;TA=K;MT=Fixed	NT=TMT6plex;AC=UNIMOD:737;PP=Any N-term;MT=Fixed	0.5 Gy	18-week-old	irradiated
PXD015859 pooled group C	Mus musculus	blood plasma	not available	pooled	pooled	normal	organism part	24 hour	depletion	adult	C57BL/6N	female	Fusion_160307_20-TMT130C	proteomic profiling by mass spectrometry	1	Fusion_160307_20.raw	v1.1.0	NT=ms-proteomics;VV=v1.1.0	NT=vertebrates;VV=v1.1.0	manual curation	NT=Data-dependent acquisition;AC=PRIDE:0000627	NT=Orbitrap Fusion;AC=MS:1002416	NT=Trypsin;AC=MS:1001251	TMT130C	2	5 ppm	500 mmu	NT=Methylthio;AC=UNIMOD:39;TA=C;MT=Fixed	NT=Oxidation;AC=UNIMOD:35;TA=M;MT=Variable	NT=TMT6plex;AC=UNIMOD:737;TA=K;MT=Fixed	NT=TMT6plex;AC=UNIMOD:737;PP=Any N-term;MT=Fixed	0.5 Gy	18-week-old	irradiated
PXD015859 pooled group C	Mus musculus	blood plasma	not available	pooled	pooled	normal	organism part	24 hour	depletion	adult	C57BL/6N	female	Fusion_160307_21-TMT130C	proteomic profiling by mass spectrometry	1	Fusion_160307_21.raw	v1.1.0	NT=ms-proteomics;VV=v1.1.0	NT=vertebrates;VV=v1.1.0	manual curation	NT=Data-dependent acquisition;AC=PRIDE:0000627	NT=Orbitrap Fusion;AC=MS:1002416	NT=Trypsin;AC=MS:1001251	TMT130C	3	5 ppm	500 mmu	NT=Methylthio;AC=UNIMOD:39;TA=C;MT=Fixed	NT=Oxidation;AC=UNIMOD:35;TA=M;MT=Variable	NT=TMT6plex;AC=UNIMOD:737;TA=K;MT=Fixed	NT=TMT6plex;AC=UNIMOD:737;PP=Any N-term;MT=Fixed	0.5 Gy	18-week-old	irradiated
PXD015859 pooled group C	Mus musculus	blood plasma	not available	pooled	pooled	normal	organism part	24 hour	depletion	adult	C57BL/6N	female	Fusion_160307_22-TMT130C	proteomic profiling by mass spectrometry	1	Fusion_160307_22.raw	v1.1.0	NT=ms-proteomics;VV=v1.1.0	NT=vertebrates;VV=v1.1.0	manual curation	NT=Data-dependent acquisition;AC=PRIDE:0000627	NT=Orbitrap Fusion;AC=MS:1002416	NT=Trypsin;AC=MS:1001251	TMT130C	4	5 ppm	500 mmu	NT=Methylthio;AC=UNIMOD:39;TA=C;MT=Fixed	NT=Oxidation;AC=UNIMOD:35;TA=M;MT=Variable	NT=TMT6plex;AC=UNIMOD:737;TA=K;MT=Fixed	NT=TMT6plex;AC=UNIMOD:737;PP=Any N-term;MT=Fixed	0.5 Gy	18-week-old	irradiated
PXD015859 pooled group C	Mus musculus	blood plasma	not available	pooled	pooled	normal	organism part	24 hour	depletion	adult	C57BL/6N	female	Fusion_160307_23-TMT130C	proteomic profiling by mass spectrometry	1	Fusion_160307_23.raw	v1.1.0	NT=ms-proteomics;VV=v1.1.0	NT=vertebrates;VV=v1.1.0	manual curation	NT=Data-dependent acquisition;AC=PRIDE:0000627	NT=Orbitrap Fusion;AC=MS:1002416	NT=Trypsin;AC=MS:1001251	TMT130C	5	5 ppm	500 mmu	NT=Methylthio;AC=UNIMOD:39;TA=C;MT=Fixed	NT=Oxidation;AC=UNIMOD:35;TA=M;MT=Variable	NT=TMT6plex;AC=UNIMOD:737;TA=K;MT=Fixed	NT=TMT6plex;AC=UNIMOD:737;PP=Any N-term;MT=Fixed	0.5 Gy	18-week-old	irradiated
PXD015859 pooled group C	Mus musculus	blood plasma	not available	pooled	pooled	normal	organism part	24 hour	depletion	adult	C57BL/6N	female	Fusion_160307_24-TMT130C	proteomic profiling by mass spectrometry	1	Fusion_160307_24.raw	v1.1.0	NT=ms-proteomics;VV=v1.1.0	NT=vertebrates;VV=v1.1.0	manual curation	NT=Data-dependent acquisition;AC=PRIDE:0000627	NT=Orbitrap Fusion;AC=MS:1002416	NT=Trypsin;AC=MS:1001251	TMT130C	6	5 ppm	500 mmu	NT=Methylthio;AC=UNIMOD:39;TA=C;MT=Fixed	NT=Oxidation;AC=UNIMOD:35;TA=M;MT=Variable	NT=TMT6plex;AC=UNIMOD:737;TA=K;MT=Fixed	NT=TMT6plex;AC=UNIMOD:737;PP=Any N-term;MT=Fixed	0.5 Gy	18-week-old	irradiated
PXD015859 pooled group C	Mus musculus	blood plasma	not available	pooled	pooled	normal	organism part	24 hour	depletion	adult	C57BL/6N	female	Fusion_160307_25-TMT130C	proteomic profiling by mass spectrometry	1	Fusion_160307_25.raw	v1.1.0	NT=ms-proteomics;VV=v1.1.0	NT=vertebrates;VV=v1.1.0	manual curation	NT=Data-dependent acquisition;AC=PRIDE:0000627	NT=Orbitrap Fusion;AC=MS:1002416	NT=Trypsin;AC=MS:1001251	TMT130C	7	5 ppm	500 mmu	NT=Methylthio;AC=UNIMOD:39;TA=C;MT=Fixed	NT=Oxidation;AC=UNIMOD:35;TA=M;MT=Variable	NT=TMT6plex;AC=UNIMOD:737;TA=K;MT=Fixed	NT=TMT6plex;AC=UNIMOD:737;PP=Any N-term;MT=Fixed	0.5 Gy	18-week-old	irradiated
PXD015859 pooled group C	Mus musculus	blood plasma	not available	pooled	pooled	normal	organism part	24 hour	depletion	adult	C57BL/6N	female	Fusion_160307_26-TMT130C	proteomic profiling by mass spectrometry	1	Fusion_160307_26.raw	v1.1.0	NT=ms-proteomics;VV=v1.1.0	NT=vertebrates;VV=v1.1.0	manual curation	NT=Data-dependent acquisition;AC=PRIDE:0000627	NT=Orbitrap Fusion;AC=MS:1002416	NT=Trypsin;AC=MS:1001251	TMT130C	8	5 ppm	500 mmu	NT=Methylthio;AC=UNIMOD:39;TA=C;MT=Fixed	NT=Oxidation;AC=UNIMOD:35;TA=M;MT=Variable	NT=TMT6plex;AC=UNIMOD:737;TA=K;MT=Fixed	NT=TMT6plex;AC=UNIMOD:737;PP=Any N-term;MT=Fixed	0.5 Gy	18-week-old	irradiated
PXD015859 pooled group C	Mus musculus	blood plasma	not available	pooled	pooled	normal	organism part	24 hour	depletion	adult	C57BL/6N	female	Fusion_160307_27-TMT130C	proteomic profiling by mass spectrometry	1	Fusion_160307_27.raw	v1.1.0	NT=ms-proteomics;VV=v1.1.0	NT=vertebrates;VV=v1.1.0	manual curation	NT=Data-dependent acquisition;AC=PRIDE:0000627	NT=Orbitrap Fusion;AC=MS:1002416	NT=Trypsin;AC=MS:1001251	TMT130C	9	5 ppm	500 mmu	NT=Methylthio;AC=UNIMOD:39;TA=C;MT=Fixed	NT=Oxidation;AC=UNIMOD:35;TA=M;MT=Variable	NT=TMT6plex;AC=UNIMOD:737;TA=K;MT=Fixed	NT=TMT6plex;AC=UNIMOD:737;PP=Any N-term;MT=Fixed	0.5 Gy	18-week-old	irradiated
PXD015859 pooled group C	Mus musculus	blood plasma	not available	pooled	pooled	normal	organism part	24 hour	depletion	adult	C57BL/6N	female	Fusion_160307_28-TMT130C	proteomic profiling by mass spectrometry	1	Fusion_160307_28.raw	v1.1.0	NT=ms-proteomics;VV=v1.1.0	NT=vertebrates;VV=v1.1.0	manual curation	NT=Data-dependent acquisition;AC=PRIDE:0000627	NT=Orbitrap Fusion;AC=MS:1002416	NT=Trypsin;AC=MS:1001251	TMT130C	10	5 ppm	500 mmu	NT=Methylthio;AC=UNIMOD:39;TA=C;MT=Fixed	NT=Oxidation;AC=UNIMOD:35;TA=M;MT=Variable	NT=TMT6plex;AC=UNIMOD:737;TA=K;MT=Fixed	NT=TMT6plex;AC=UNIMOD:737;PP=Any N-term;MT=Fixed	0.5 Gy	18-week-old	irradiated
PXD015859 pooled group C	Mus musculus	blood plasma	not available	pooled	pooled	normal	organism part	24 hour	depletion	adult	C57BL/6N	female	Fusion_160307_29-TMT130C	proteomic profiling by mass spectrometry	1	Fusion_160307_29.raw	v1.1.0	NT=ms-proteomics;VV=v1.1.0	NT=vertebrates;VV=v1.1.0	manual curation	NT=Data-dependent acquisition;AC=PRIDE:0000627	NT=Orbitrap Fusion;AC=MS:1002416	NT=Trypsin;AC=MS:1001251	TMT130C	11	5 ppm	500 mmu	NT=Methylthio;AC=UNIMOD:39;TA=C;MT=Fixed	NT=Oxidation;AC=UNIMOD:35;TA=M;MT=Variable	NT=TMT6plex;AC=UNIMOD:737;TA=K;MT=Fixed	NT=TMT6plex;AC=UNIMOD:737;PP=Any N-term;MT=Fixed	0.5 Gy	18-week-old	irradiated
PXD015859 pooled group C	Mus musculus	blood plasma	not available	pooled	pooled	normal	organism part	24 hour	depletion	adult	C57BL/6N	female	Fusion_160307_30-TMT130C	proteomic profiling by mass spectrometry	1	Fusion_160307_30.raw	v1.1.0	NT=ms-proteomics;VV=v1.1.0	NT=vertebrates;VV=v1.1.0	manual curation	NT=Data-dependent acquisition;AC=PRIDE:0000627	NT=Orbitrap Fusion;AC=MS:1002416	NT=Trypsin;AC=MS:1001251	TMT130C	12	5 ppm	500 mmu	NT=Methylthio;AC=UNIMOD:39;TA=C;MT=Fixed	NT=Oxidation;AC=UNIMOD:35;TA=M;MT=Variable	NT=TMT6plex;AC=UNIMOD:737;TA=K;MT=Fixed	NT=TMT6plex;AC=UNIMOD:737;PP=Any N-term;MT=Fixed	0.5 Gy	18-week-old	irradiated
PXD015859 pooled group C	Mus musculus	blood plasma	not available	pooled	pooled	normal	organism part	24 hour	depletion	adult	C57BL/6N	female	Fusion_160307_31-TMT130C	proteomic profiling by mass spectrometry	1	Fusion_160307_31.raw	v1.1.0	NT=ms-proteomics;VV=v1.1.0	NT=vertebrates;VV=v1.1.0	manual curation	NT=Data-dependent acquisition;AC=PRIDE:0000627	NT=Orbitrap Fusion;AC=MS:1002416	NT=Trypsin;AC=MS:1001251	TMT130C	13	5 ppm	500 mmu	NT=Methylthio;AC=UNIMOD:39;TA=C;MT=Fixed	NT=Oxidation;AC=UNIMOD:35;TA=M;MT=Variable	NT=TMT6plex;AC=UNIMOD:737;TA=K;MT=Fixed	NT=TMT6plex;AC=UNIMOD:737;PP=Any N-term;MT=Fixed	0.5 Gy	18-week-old	irradiated
PXD015859 pooled group C	Mus musculus	blood plasma	not available	pooled	pooled	normal	organism part	24 hour	depletion	adult	C57BL/6N	female	Fusion_160307_32-TMT130C	proteomic profiling by mass spectrometry	1	Fusion_160307_32.raw	v1.1.0	NT=ms-proteomics;VV=v1.1.0	NT=vertebrates;VV=v1.1.0	manual curation	NT=Data-dependent acquisition;AC=PRIDE:0000627	NT=Orbitrap Fusion;AC=MS:1002416	NT=Trypsin;AC=MS:1001251	TMT130C	14	5 ppm	500 mmu	NT=Methylthio;AC=UNIMOD:39;TA=C;MT=Fixed	NT=Oxidation;AC=UNIMOD:35;TA=M;MT=Variable	NT=TMT6plex;AC=UNIMOD:737;TA=K;MT=Fixed	NT=TMT6plex;AC=UNIMOD:737;PP=Any N-term;MT=Fixed	0.5 Gy	18-week-old	irradiated
PXD015859 pooled group C	Mus musculus	blood plasma	not available	pooled	pooled	normal	organism part	24 hour	depletion	adult	C57BL/6N	female	Fusion_160307_33-TMT130C	proteomic profiling by mass spectrometry	1	Fusion_160307_33.raw	v1.1.0	NT=ms-proteomics;VV=v1.1.0	NT=vertebrates;VV=v1.1.0	manual curation	NT=Data-dependent acquisition;AC=PRIDE:0000627	NT=Orbitrap Fusion;AC=MS:1002416	NT=Trypsin;AC=MS:1001251	TMT130C	15	5 ppm	500 mmu	NT=Methylthio;AC=UNIMOD:39;TA=C;MT=Fixed	NT=Oxidation;AC=UNIMOD:35;TA=M;MT=Variable	NT=TMT6plex;AC=UNIMOD:737;TA=K;MT=Fixed	NT=TMT6plex;AC=UNIMOD:737;PP=Any N-term;MT=Fixed	0.5 Gy	18-week-old	irradiated
PXD015859 pooled group C	Mus musculus	blood plasma	not available	pooled	pooled	normal	organism part	24 hour	depletion	adult	C57BL/6N	female	Fusion_160307_34-TMT130C	proteomic profiling by mass spectrometry	1	Fusion_160307_34.raw	v1.1.0	NT=ms-proteomics;VV=v1.1.0	NT=vertebrates;VV=v1.1.0	manual curation	NT=Data-dependent acquisition;AC=PRIDE:0000627	NT=Orbitrap Fusion;AC=MS:1002416	NT=Trypsin;AC=MS:1001251	TMT130C	16	5 ppm	500 mmu	NT=Methylthio;AC=UNIMOD:39;TA=C;MT=Fixed	NT=Oxidation;AC=UNIMOD:35;TA=M;MT=Variable	NT=TMT6plex;AC=UNIMOD:737;TA=K;MT=Fixed	NT=TMT6plex;AC=UNIMOD:737;PP=Any N-term;MT=Fixed	0.5 Gy	18-week-old	irradiated
PXD015859 pooled group C	Mus musculus	blood plasma	not available	pooled	pooled	normal	organism part	24 hour	depletion	adult	C57BL/6N	female	Fusion_160307_35-TMT130C	proteomic profiling by mass spectrometry	1	Fusion_160307_35.raw	v1.1.0	NT=ms-proteomics;VV=v1.1.0	NT=vertebrates;VV=v1.1.0	manual curation	NT=Data-dependent acquisition;AC=PRIDE:0000627	NT=Orbitrap Fusion;AC=MS:1002416	NT=Trypsin;AC=MS:1001251	TMT130C	17	5 ppm	500 mmu	NT=Methylthio;AC=UNIMOD:39;TA=C;MT=Fixed	NT=Oxidation;AC=UNIMOD:35;TA=M;MT=Variable	NT=TMT6plex;AC=UNIMOD:737;TA=K;MT=Fixed	NT=TMT6plex;AC=UNIMOD:737;PP=Any N-term;MT=Fixed	0.5 Gy	18-week-old	irradiated
PXD015859 pooled group C	Mus musculus	blood plasma	not available	pooled	pooled	normal	organism part	24 hour	depletion	adult	C57BL/6N	female	Fusion_160307_36-TMT130C	proteomic profiling by mass spectrometry	1	Fusion_160307_36.raw	v1.1.0	NT=ms-proteomics;VV=v1.1.0	NT=vertebrates;VV=v1.1.0	manual curation	NT=Data-dependent acquisition;AC=PRIDE:0000627	NT=Orbitrap Fusion;AC=MS:1002416	NT=Trypsin;AC=MS:1001251	TMT130C	18	5 ppm	500 mmu	NT=Methylthio;AC=UNIMOD:39;TA=C;MT=Fixed	NT=Oxidation;AC=UNIMOD:35;TA=M;MT=Variable	NT=TMT6plex;AC=UNIMOD:737;TA=K;MT=Fixed	NT=TMT6plex;AC=UNIMOD:737;PP=Any N-term;MT=Fixed	0.5 Gy	18-week-old	irradiated
PXD015859 pooled group C	Mus musculus	blood plasma	not available	pooled	pooled	normal	organism part	24 hour	depletion	adult	C57BL/6N	female	Fusion_160307_37-TMT130C	proteomic profiling by mass spectrometry	1	Fusion_160307_37.raw	v1.1.0	NT=ms-proteomics;VV=v1.1.0	NT=vertebrates;VV=v1.1.0	manual curation	NT=Data-dependent acquisition;AC=PRIDE:0000627	NT=Orbitrap Fusion;AC=MS:1002416	NT=Trypsin;AC=MS:1001251	TMT130C	19	5 ppm	500 mmu	NT=Methylthio;AC=UNIMOD:39;TA=C;MT=Fixed	NT=Oxidation;AC=UNIMOD:35;TA=M;MT=Variable	NT=TMT6plex;AC=UNIMOD:737;TA=K;MT=Fixed	NT=TMT6plex;AC=UNIMOD:737;PP=Any N-term;MT=Fixed	0.5 Gy	18-week-old	irradiated
PXD015859 pooled group C	Mus musculus	blood plasma	not available	pooled	pooled	normal	organism part	24 hour	depletion	adult	C57BL/6N	female	Fusion_160307_38-TMT130C	proteomic profiling by mass spectrometry	1	Fusion_160307_38.raw	v1.1.0	NT=ms-proteomics;VV=v1.1.0	NT=vertebrates;VV=v1.1.0	manual curation	NT=Data-dependent acquisition;AC=PRIDE:0000627	NT=Orbitrap Fusion;AC=MS:1002416	NT=Trypsin;AC=MS:1001251	TMT130C	20	5 ppm	500 mmu	NT=Methylthio;AC=UNIMOD:39;TA=C;MT=Fixed	NT=Oxidation;AC=UNIMOD:35;TA=M;MT=Variable	NT=TMT6plex;AC=UNIMOD:737;TA=K;MT=Fixed	NT=TMT6plex;AC=UNIMOD:737;PP=Any N-term;MT=Fixed	0.5 Gy	18-week-old	irradiated
PXD015859 pooled group CK	Mus musculus	blood plasma	not available	pooled	pooled	normal	organism part	24 hour	depletion	adult	C57BL/6N	female	Fusion_160307_19-TMT131	proteomic profiling by mass spectrometry	1	Fusion_160307_19.raw	v1.1.0	NT=ms-proteomics;VV=v1.1.0	NT=vertebrates;VV=v1.1.0	manual curation	NT=Data-dependent acquisition;AC=PRIDE:0000627	NT=Orbitrap Fusion;AC=MS:1002416	NT=Trypsin;AC=MS:1001251	TMT131	1	5 ppm	500 mmu	NT=Methylthio;AC=UNIMOD:39;TA=C;MT=Fixed	NT=Oxidation;AC=UNIMOD:35;TA=M;MT=Variable	NT=TMT6plex;AC=UNIMOD:737;TA=K;MT=Fixed	NT=TMT6plex;AC=UNIMOD:737;PP=Any N-term;MT=Fixed	0 Gy	18-week-old	mock-treated control
PXD015859 pooled group CK	Mus musculus	blood plasma	not available	pooled	pooled	normal	organism part	24 hour	depletion	adult	C57BL/6N	female	Fusion_160307_20-TMT131	proteomic profiling by mass spectrometry	1	Fusion_160307_20.raw	v1.1.0	NT=ms-proteomics;VV=v1.1.0	NT=vertebrates;VV=v1.1.0	manual curation	NT=Data-dependent acquisition;AC=PRIDE:0000627	NT=Orbitrap Fusion;AC=MS:1002416	NT=Trypsin;AC=MS:1001251	TMT131	2	5 ppm	500 mmu	NT=Methylthio;AC=UNIMOD:39;TA=C;MT=Fixed	NT=Oxidation;AC=UNIMOD:35;TA=M;MT=Variable	NT=TMT6plex;AC=UNIMOD:737;TA=K;MT=Fixed	NT=TMT6plex;AC=UNIMOD:737;PP=Any N-term;MT=Fixed	0 Gy	18-week-old	mock-treated control
PXD015859 pooled group CK	Mus musculus	blood plasma	not available	pooled	pooled	normal	organism part	24 hour	depletion	adult	C57BL/6N	female	Fusion_160307_21-TMT131	proteomic profiling by mass spectrometry	1	Fusion_160307_21.raw	v1.1.0	NT=ms-proteomics;VV=v1.1.0	NT=vertebrates;VV=v1.1.0	manual curation	NT=Data-dependent acquisition;AC=PRIDE:0000627	NT=Orbitrap Fusion;AC=MS:1002416	NT=Trypsin;AC=MS:1001251	TMT131	3	5 ppm	500 mmu	NT=Methylthio;AC=UNIMOD:39;TA=C;MT=Fixed	NT=Oxidation;AC=UNIMOD:35;TA=M;MT=Variable	NT=TMT6plex;AC=UNIMOD:737;TA=K;MT=Fixed	NT=TMT6plex;AC=UNIMOD:737;PP=Any N-term;MT=Fixed	0 Gy	18-week-old	mock-treated control
PXD015859 pooled group CK	Mus musculus	blood plasma	not available	pooled	pooled	normal	organism part	24 hour	depletion	adult	C57BL/6N	female	Fusion_160307_22-TMT131	proteomic profiling by mass spectrometry	1	Fusion_160307_22.raw	v1.1.0	NT=ms-proteomics;VV=v1.1.0	NT=vertebrates;VV=v1.1.0	manual curation	NT=Data-dependent acquisition;AC=PRIDE:0000627	NT=Orbitrap Fusion;AC=MS:1002416	NT=Trypsin;AC=MS:1001251	TMT131	4	5 ppm	500 mmu	NT=Methylthio;AC=UNIMOD:39;TA=C;MT=Fixed	NT=Oxidation;AC=UNIMOD:35;TA=M;MT=Variable	NT=TMT6plex;AC=UNIMOD:737;TA=K;MT=Fixed	NT=TMT6plex;AC=UNIMOD:737;PP=Any N-term;MT=Fixed	0 Gy	18-week-old	mock-treated control
PXD015859 pooled group CK	Mus musculus	blood plasma	not available	pooled	pooled	normal	organism part	24 hour	depletion	adult	C57BL/6N	female	Fusion_160307_23-TMT131	proteomic profiling by mass spectrometry	1	Fusion_160307_23.raw	v1.1.0	NT=ms-proteomics;VV=v1.1.0	NT=vertebrates;VV=v1.1.0	manual curation	NT=Data-dependent acquisition;AC=PRIDE:0000627	NT=Orbitrap Fusion;AC=MS:1002416	NT=Trypsin;AC=MS:1001251	TMT131	5	5 ppm	500 mmu	NT=Methylthio;AC=UNIMOD:39;TA=C;MT=Fixed	NT=Oxidation;AC=UNIMOD:35;TA=M;MT=Variable	NT=TMT6plex;AC=UNIMOD:737;TA=K;MT=Fixed	NT=TMT6plex;AC=UNIMOD:737;PP=Any N-term;MT=Fixed	0 Gy	18-week-old	mock-treated control
PXD015859 pooled group CK	Mus musculus	blood plasma	not available	pooled	pooled	normal	organism part	24 hour	depletion	adult	C57BL/6N	female	Fusion_160307_24-TMT131	proteomic profiling by mass spectrometry	1	Fusion_160307_24.raw	v1.1.0	NT=ms-proteomics;VV=v1.1.0	NT=vertebrates;VV=v1.1.0	manual curation	NT=Data-dependent acquisition;AC=PRIDE:0000627	NT=Orbitrap Fusion;AC=MS:1002416	NT=Trypsin;AC=MS:1001251	TMT131	6	5 ppm	500 mmu	NT=Methylthio;AC=UNIMOD:39;TA=C;MT=Fixed	NT=Oxidation;AC=UNIMOD:35;TA=M;MT=Variable	NT=TMT6plex;AC=UNIMOD:737;TA=K;MT=Fixed	NT=TMT6plex;AC=UNIMOD:737;PP=Any N-term;MT=Fixed	0 Gy	18-week-old	mock-treated control
PXD015859 pooled group CK	Mus musculus	blood plasma	not available	pooled	pooled	normal	organism part	24 hour	depletion	adult	C57BL/6N	female	Fusion_160307_25-TMT131	proteomic profiling by mass spectrometry	1	Fusion_160307_25.raw	v1.1.0	NT=ms-proteomics;VV=v1.1.0	NT=vertebrates;VV=v1.1.0	manual curation	NT=Data-dependent acquisition;AC=PRIDE:0000627	NT=Orbitrap Fusion;AC=MS:1002416	NT=Trypsin;AC=MS:1001251	TMT131	7	5 ppm	500 mmu	NT=Methylthio;AC=UNIMOD:39;TA=C;MT=Fixed	NT=Oxidation;AC=UNIMOD:35;TA=M;MT=Variable	NT=TMT6plex;AC=UNIMOD:737;TA=K;MT=Fixed	NT=TMT6plex;AC=UNIMOD:737;PP=Any N-term;MT=Fixed	0 Gy	18-week-old	mock-treated control
PXD015859 pooled group CK	Mus musculus	blood plasma	not available	pooled	pooled	normal	organism part	24 hour	depletion	adult	C57BL/6N	female	Fusion_160307_26-TMT131	proteomic profiling by mass spectrometry	1	Fusion_160307_26.raw	v1.1.0	NT=ms-proteomics;VV=v1.1.0	NT=vertebrates;VV=v1.1.0	manual curation	NT=Data-dependent acquisition;AC=PRIDE:0000627	NT=Orbitrap Fusion;AC=MS:1002416	NT=Trypsin;AC=MS:1001251	TMT131	8	5 ppm	500 mmu	NT=Methylthio;AC=UNIMOD:39;TA=C;MT=Fixed	NT=Oxidation;AC=UNIMOD:35;TA=M;MT=Variable	NT=TMT6plex;AC=UNIMOD:737;TA=K;MT=Fixed	NT=TMT6plex;AC=UNIMOD:737;PP=Any N-term;MT=Fixed	0 Gy	18-week-old	mock-treated control
PXD015859 pooled group CK	Mus musculus	blood plasma	not available	pooled	pooled	normal	organism part	24 hour	depletion	adult	C57BL/6N	female	Fusion_160307_27-TMT131	proteomic profiling by mass spectrometry	1	Fusion_160307_27.raw	v1.1.0	NT=ms-proteomics;VV=v1.1.0	NT=vertebrates;VV=v1.1.0	manual curation	NT=Data-dependent acquisition;AC=PRIDE:0000627	NT=Orbitrap Fusion;AC=MS:1002416	NT=Trypsin;AC=MS:1001251	TMT131	9	5 ppm	500 mmu	NT=Methylthio;AC=UNIMOD:39;TA=C;MT=Fixed	NT=Oxidation;AC=UNIMOD:35;TA=M;MT=Variable	NT=TMT6plex;AC=UNIMOD:737;TA=K;MT=Fixed	NT=TMT6plex;AC=UNIMOD:737;PP=Any N-term;MT=Fixed	0 Gy	18-week-old	mock-treated control
PXD015859 pooled group CK	Mus musculus	blood plasma	not available	pooled	pooled	normal	organism part	24 hour	depletion	adult	C57BL/6N	female	Fusion_160307_28-TMT131	proteomic profiling by mass spectrometry	1	Fusion_160307_28.raw	v1.1.0	NT=ms-proteomics;VV=v1.1.0	NT=vertebrates;VV=v1.1.0	manual curation	NT=Data-dependent acquisition;AC=PRIDE:0000627	NT=Orbitrap Fusion;AC=MS:1002416	NT=Trypsin;AC=MS:1001251	TMT131	10	5 ppm	500 mmu	NT=Methylthio;AC=UNIMOD:39;TA=C;MT=Fixed	NT=Oxidation;AC=UNIMOD:35;TA=M;MT=Variable	NT=TMT6plex;AC=UNIMOD:737;TA=K;MT=Fixed	NT=TMT6plex;AC=UNIMOD:737;PP=Any N-term;MT=Fixed	0 Gy	18-week-old	mock-treated control
PXD015859 pooled group CK	Mus musculus	blood plasma	not available	pooled	pooled	normal	organism part	24 hour	depletion	adult	C57BL/6N	female	Fusion_160307_29-TMT131	proteomic profiling by mass spectrometry	1	Fusion_160307_29.raw	v1.1.0	NT=ms-proteomics;VV=v1.1.0	NT=vertebrates;VV=v1.1.0	manual curation	NT=Data-dependent acquisition;AC=PRIDE:0000627	NT=Orbitrap Fusion;AC=MS:1002416	NT=Trypsin;AC=MS:1001251	TMT131	11	5 ppm	500 mmu	NT=Methylthio;AC=UNIMOD:39;TA=C;MT=Fixed	NT=Oxidation;AC=UNIMOD:35;TA=M;MT=Variable	NT=TMT6plex;AC=UNIMOD:737;TA=K;MT=Fixed	NT=TMT6plex;AC=UNIMOD:737;PP=Any N-term;MT=Fixed	0 Gy	18-week-old	mock-treated control
PXD015859 pooled group CK	Mus musculus	blood plasma	not available	pooled	pooled	normal	organism part	24 hour	depletion	adult	C57BL/6N	female	Fusion_160307_30-TMT131	proteomic profiling by mass spectrometry	1	Fusion_160307_30.raw	v1.1.0	NT=ms-proteomics;VV=v1.1.0	NT=vertebrates;VV=v1.1.0	manual curation	NT=Data-dependent acquisition;AC=PRIDE:0000627	NT=Orbitrap Fusion;AC=MS:1002416	NT=Trypsin;AC=MS:1001251	TMT131	12	5 ppm	500 mmu	NT=Methylthio;AC=UNIMOD:39;TA=C;MT=Fixed	NT=Oxidation;AC=UNIMOD:35;TA=M;MT=Variable	NT=TMT6plex;AC=UNIMOD:737;TA=K;MT=Fixed	NT=TMT6plex;AC=UNIMOD:737;PP=Any N-term;MT=Fixed	0 Gy	18-week-old	mock-treated control
PXD015859 pooled group CK	Mus musculus	blood plasma	not available	pooled	pooled	normal	organism part	24 hour	depletion	adult	C57BL/6N	female	Fusion_160307_31-TMT131	proteomic profiling by mass spectrometry	1	Fusion_160307_31.raw	v1.1.0	NT=ms-proteomics;VV=v1.1.0	NT=vertebrates;VV=v1.1.0	manual curation	NT=Data-dependent acquisition;AC=PRIDE:0000627	NT=Orbitrap Fusion;AC=MS:1002416	NT=Trypsin;AC=MS:1001251	TMT131	13	5 ppm	500 mmu	NT=Methylthio;AC=UNIMOD:39;TA=C;MT=Fixed	NT=Oxidation;AC=UNIMOD:35;TA=M;MT=Variable	NT=TMT6plex;AC=UNIMOD:737;TA=K;MT=Fixed	NT=TMT6plex;AC=UNIMOD:737;PP=Any N-term;MT=Fixed	0 Gy	18-week-old	mock-treated control
PXD015859 pooled group CK	Mus musculus	blood plasma	not available	pooled	pooled	normal	organism part	24 hour	depletion	adult	C57BL/6N	female	Fusion_160307_32-TMT131	proteomic profiling by mass spectrometry	1	Fusion_160307_32.raw	v1.1.0	NT=ms-proteomics;VV=v1.1.0	NT=vertebrates;VV=v1.1.0	manual curation	NT=Data-dependent acquisition;AC=PRIDE:0000627	NT=Orbitrap Fusion;AC=MS:1002416	NT=Trypsin;AC=MS:1001251	TMT131	14	5 ppm	500 mmu	NT=Methylthio;AC=UNIMOD:39;TA=C;MT=Fixed	NT=Oxidation;AC=UNIMOD:35;TA=M;MT=Variable	NT=TMT6plex;AC=UNIMOD:737;TA=K;MT=Fixed	NT=TMT6plex;AC=UNIMOD:737;PP=Any N-term;MT=Fixed	0 Gy	18-week-old	mock-treated control
PXD015859 pooled group CK	Mus musculus	blood plasma	not available	pooled	pooled	normal	organism part	24 hour	depletion	adult	C57BL/6N	female	Fusion_160307_33-TMT131	proteomic profiling by mass spectrometry	1	Fusion_160307_33.raw	v1.1.0	NT=ms-proteomics;VV=v1.1.0	NT=vertebrates;VV=v1.1.0	manual curation	NT=Data-dependent acquisition;AC=PRIDE:0000627	NT=Orbitrap Fusion;AC=MS:1002416	NT=Trypsin;AC=MS:1001251	TMT131	15	5 ppm	500 mmu	NT=Methylthio;AC=UNIMOD:39;TA=C;MT=Fixed	NT=Oxidation;AC=UNIMOD:35;TA=M;MT=Variable	NT=TMT6plex;AC=UNIMOD:737;TA=K;MT=Fixed	NT=TMT6plex;AC=UNIMOD:737;PP=Any N-term;MT=Fixed	0 Gy	18-week-old	mock-treated control
PXD015859 pooled group CK	Mus musculus	blood plasma	not available	pooled	pooled	normal	organism part	24 hour	depletion	adult	C57BL/6N	female	Fusion_160307_34-TMT131	proteomic profiling by mass spectrometry	1	Fusion_160307_34.raw	v1.1.0	NT=ms-proteomics;VV=v1.1.0	NT=vertebrates;VV=v1.1.0	manual curation	NT=Data-dependent acquisition;AC=PRIDE:0000627	NT=Orbitrap Fusion;AC=MS:1002416	NT=Trypsin;AC=MS:1001251	TMT131	16	5 ppm	500 mmu	NT=Methylthio;AC=UNIMOD:39;TA=C;MT=Fixed	NT=Oxidation;AC=UNIMOD:35;TA=M;MT=Variable	NT=TMT6plex;AC=UNIMOD:737;TA=K;MT=Fixed	NT=TMT6plex;AC=UNIMOD:737;PP=Any N-term;MT=Fixed	0 Gy	18-week-old	mock-treated control
PXD015859 pooled group CK	Mus musculus	blood plasma	not available	pooled	pooled	normal	organism part	24 hour	depletion	adult	C57BL/6N	female	Fusion_160307_35-TMT131	proteomic profiling by mass spectrometry	1	Fusion_160307_35.raw	v1.1.0	NT=ms-proteomics;VV=v1.1.0	NT=vertebrates;VV=v1.1.0	manual curation	NT=Data-dependent acquisition;AC=PRIDE:0000627	NT=Orbitrap Fusion;AC=MS:1002416	NT=Trypsin;AC=MS:1001251	TMT131	17	5 ppm	500 mmu	NT=Methylthio;AC=UNIMOD:39;TA=C;MT=Fixed	NT=Oxidation;AC=UNIMOD:35;TA=M;MT=Variable	NT=TMT6plex;AC=UNIMOD:737;TA=K;MT=Fixed	NT=TMT6plex;AC=UNIMOD:737;PP=Any N-term;MT=Fixed	0 Gy	18-week-old	mock-treated control
PXD015859 pooled group CK	Mus musculus	blood plasma	not available	pooled	pooled	normal	organism part	24 hour	depletion	adult	C57BL/6N	female	Fusion_160307_36-TMT131	proteomic profiling by mass spectrometry	1	Fusion_160307_36.raw	v1.1.0	NT=ms-proteomics;VV=v1.1.0	NT=vertebrates;VV=v1.1.0	manual curation	NT=Data-dependent acquisition;AC=PRIDE:0000627	NT=Orbitrap Fusion;AC=MS:1002416	NT=Trypsin;AC=MS:1001251	TMT131	18	5 ppm	500 mmu	NT=Methylthio;AC=UNIMOD:39;TA=C;MT=Fixed	NT=Oxidation;AC=UNIMOD:35;TA=M;MT=Variable	NT=TMT6plex;AC=UNIMOD:737;TA=K;MT=Fixed	NT=TMT6plex;AC=UNIMOD:737;PP=Any N-term;MT=Fixed	0 Gy	18-week-old	mock-treated control
PXD015859 pooled group CK	Mus musculus	blood plasma	not available	pooled	pooled	normal	organism part	24 hour	depletion	adult	C57BL/6N	female	Fusion_160307_37-TMT131	proteomic profiling by mass spectrometry	1	Fusion_160307_37.raw	v1.1.0	NT=ms-proteomics;VV=v1.1.0	NT=vertebrates;VV=v1.1.0	manual curation	NT=Data-dependent acquisition;AC=PRIDE:0000627	NT=Orbitrap Fusion;AC=MS:1002416	NT=Trypsin;AC=MS:1001251	TMT131	19	5 ppm	500 mmu	NT=Methylthio;AC=UNIMOD:39;TA=C;MT=Fixed	NT=Oxidation;AC=UNIMOD:35;TA=M;MT=Variable	NT=TMT6plex;AC=UNIMOD:737;TA=K;MT=Fixed	NT=TMT6plex;AC=UNIMOD:737;PP=Any N-term;MT=Fixed	0 Gy	18-week-old	mock-treated control
PXD015859 pooled group CK	Mus musculus	blood plasma	not available	pooled	pooled	normal	organism part	24 hour	depletion	adult	C57BL/6N	female	Fusion_160307_38-TMT131	proteomic profiling by mass spectrometry	1	Fusion_160307_38.raw	v1.1.0	NT=ms-proteomics;VV=v1.1.0	NT=vertebrates;VV=v1.1.0	manual curation	NT=Data-dependent acquisition;AC=PRIDE:0000627	NT=Orbitrap Fusion;AC=MS:1002416	NT=Trypsin;AC=MS:1001251	TMT131	20	5 ppm	500 mmu	NT=Methylthio;AC=UNIMOD:39;TA=C;MT=Fixed	NT=Oxidation;AC=UNIMOD:35;TA=M;MT=Variable	NT=TMT6plex;AC=UNIMOD:737;TA=K;MT=Fixed	NT=TMT6plex;AC=UNIMOD:737;PP=Any N-term;MT=Fixed	0 Gy	18-week-old	mock-treated control
PXD015859 global pooled reference	Mus musculus	blood plasma	not available	pooled	pooled	normal	organism part	24 hour	depletion	not available	not available	not available	Fusion_160307_72-TMT126	proteomic profiling by mass spectrometry	2	Fusion_160307_72.raw	v1.1.0	NT=ms-proteomics;VV=v1.1.0	NT=vertebrates;VV=v1.1.0	manual curation	NT=Data-dependent acquisition;AC=PRIDE:0000627	NT=Orbitrap Fusion;AC=MS:1002416	NT=Trypsin;AC=MS:1001251	TMT126	1	5 ppm	500 mmu	NT=Methylthio;AC=UNIMOD:39;TA=C;MT=Fixed	NT=Oxidation;AC=UNIMOD:35;TA=M;MT=Variable	NT=TMT6plex;AC=UNIMOD:737;TA=K;MT=Fixed	NT=TMT6plex;AC=UNIMOD:737;PP=Any N-term;MT=Fixed	pooled reference	pooled reference	pooled reference
PXD015859 global pooled reference	Mus musculus	blood plasma	not available	pooled	pooled	normal	organism part	24 hour	depletion	not available	not available	not available	Fusion_160307_73-TMT126	proteomic profiling by mass spectrometry	2	Fusion_160307_73.raw	v1.1.0	NT=ms-proteomics;VV=v1.1.0	NT=vertebrates;VV=v1.1.0	manual curation	NT=Data-dependent acquisition;AC=PRIDE:0000627	NT=Orbitrap Fusion;AC=MS:1002416	NT=Trypsin;AC=MS:1001251	TMT126	2	5 ppm	500 mmu	NT=Methylthio;AC=UNIMOD:39;TA=C;MT=Fixed	NT=Oxidation;AC=UNIMOD:35;TA=M;MT=Variable	NT=TMT6plex;AC=UNIMOD:737;TA=K;MT=Fixed	NT=TMT6plex;AC=UNIMOD:737;PP=Any N-term;MT=Fixed	pooled reference	pooled reference	pooled reference
PXD015859 global pooled reference	Mus musculus	blood plasma	not available	pooled	pooled	normal	organism part	24 hour	depletion	not available	not available	not available	Fusion_160307_74-TMT126	proteomic profiling by mass spectrometry	2	Fusion_160307_74.raw	v1.1.0	NT=ms-proteomics;VV=v1.1.0	NT=vertebrates;VV=v1.1.0	manual curation	NT=Data-dependent acquisition;AC=PRIDE:0000627	NT=Orbitrap Fusion;AC=MS:1002416	NT=Trypsin;AC=MS:1001251	TMT126	3	5 ppm	500 mmu	NT=Methylthio;AC=UNIMOD:39;TA=C;MT=Fixed	NT=Oxidation;AC=UNIMOD:35;TA=M;MT=Variable	NT=TMT6plex;AC=UNIMOD:737;TA=K;MT=Fixed	NT=TMT6plex;AC=UNIMOD:737;PP=Any N-term;MT=Fixed	pooled reference	pooled reference	pooled reference
PXD015859 global pooled reference	Mus musculus	blood plasma	not available	pooled	pooled	normal	organism part	24 hour	depletion	not available	not available	not available	Fusion_160307_75-TMT126	proteomic profiling by mass spectrometry	2	Fusion_160307_75.raw	v1.1.0	NT=ms-proteomics;VV=v1.1.0	NT=vertebrates;VV=v1.1.0	manual curation	NT=Data-dependent acquisition;AC=PRIDE:0000627	NT=Orbitrap Fusion;AC=MS:1002416	NT=Trypsin;AC=MS:1001251	TMT126	4	5 ppm	500 mmu	NT=Methylthio;AC=UNIMOD:39;TA=C;MT=Fixed	NT=Oxidation;AC=UNIMOD:35;TA=M;MT=Variable	NT=TMT6plex;AC=UNIMOD:737;TA=K;MT=Fixed	NT=TMT6plex;AC=UNIMOD:737;PP=Any N-term;MT=Fixed	pooled reference	pooled reference	pooled reference
PXD015859 global pooled reference	Mus musculus	blood plasma	not available	pooled	pooled	normal	organism part	24 hour	depletion	not available	not available	not available	Fusion_160307_76-TMT126	proteomic profiling by mass spectrometry	2	Fusion_160307_76.raw	v1.1.0	NT=ms-proteomics;VV=v1.1.0	NT=vertebrates;VV=v1.1.0	manual curation	NT=Data-dependent acquisition;AC=PRIDE:0000627	NT=Orbitrap Fusion;AC=MS:1002416	NT=Trypsin;AC=MS:1001251	TMT126	5	5 ppm	500 mmu	NT=Methylthio;AC=UNIMOD:39;TA=C;MT=Fixed	NT=Oxidation;AC=UNIMOD:35;TA=M;MT=Variable	NT=TMT6plex;AC=UNIMOD:737;TA=K;MT=Fixed	NT=TMT6plex;AC=UNIMOD:737;PP=Any N-term;MT=Fixed	pooled reference	pooled reference	pooled reference
PXD015859 global pooled reference	Mus musculus	blood plasma	not available	pooled	pooled	normal	organism part	24 hour	depletion	not available	not available	not available	Fusion_160307_77-TMT126	proteomic profiling by mass spectrometry	2	Fusion_160307_77.raw	v1.1.0	NT=ms-proteomics;VV=v1.1.0	NT=vertebrates;VV=v1.1.0	manual curation	NT=Data-dependent acquisition;AC=PRIDE:0000627	NT=Orbitrap Fusion;AC=MS:1002416	NT=Trypsin;AC=MS:1001251	TMT126	6	5 ppm	500 mmu	NT=Methylthio;AC=UNIMOD:39;TA=C;MT=Fixed	NT=Oxidation;AC=UNIMOD:35;TA=M;MT=Variable	NT=TMT6plex;AC=UNIMOD:737;TA=K;MT=Fixed	NT=TMT6plex;AC=UNIMOD:737;PP=Any N-term;MT=Fixed	pooled reference	pooled reference	pooled reference
PXD015859 global pooled reference	Mus musculus	blood plasma	not available	pooled	pooled	normal	organism part	24 hour	depletion	not available	not available	not available	Fusion_160307_78-TMT126	proteomic profiling by mass spectrometry	2	Fusion_160307_78.raw	v1.1.0	NT=ms-proteomics;VV=v1.1.0	NT=vertebrates;VV=v1.1.0	manual curation	NT=Data-dependent acquisition;AC=PRIDE:0000627	NT=Orbitrap Fusion;AC=MS:1002416	NT=Trypsin;AC=MS:1001251	TMT126	7	5 ppm	500 mmu	NT=Methylthio;AC=UNIMOD:39;TA=C;MT=Fixed	NT=Oxidation;AC=UNIMOD:35;TA=M;MT=Variable	NT=TMT6plex;AC=UNIMOD:737;TA=K;MT=Fixed	NT=TMT6plex;AC=UNIMOD:737;PP=Any N-term;MT=Fixed	pooled reference	pooled reference	pooled reference
PXD015859 global pooled reference	Mus musculus	blood plasma	not available	pooled	pooled	normal	organism part	24 hour	depletion	not available	not available	not available	Fusion_160307_79-TMT126	proteomic profiling by mass spectrometry	2	Fusion_160307_79.raw	v1.1.0	NT=ms-proteomics;VV=v1.1.0	NT=vertebrates;VV=v1.1.0	manual curation	NT=Data-dependent acquisition;AC=PRIDE:0000627	NT=Orbitrap Fusion;AC=MS:1002416	NT=Trypsin;AC=MS:1001251	TMT126	8	5 ppm	500 mmu	NT=Methylthio;AC=UNIMOD:39;TA=C;MT=Fixed	NT=Oxidation;AC=UNIMOD:35;TA=M;MT=Variable	NT=TMT6plex;AC=UNIMOD:737;TA=K;MT=Fixed	NT=TMT6plex;AC=UNIMOD:737;PP=Any N-term;MT=Fixed	pooled reference	pooled reference	pooled reference
PXD015859 global pooled reference	Mus musculus	blood plasma	not available	pooled	pooled	normal	organism part	24 hour	depletion	not available	not available	not available	Fusion_160307_80-TMT126	proteomic profiling by mass spectrometry	2	Fusion_160307_80.raw	v1.1.0	NT=ms-proteomics;VV=v1.1.0	NT=vertebrates;VV=v1.1.0	manual curation	NT=Data-dependent acquisition;AC=PRIDE:0000627	NT=Orbitrap Fusion;AC=MS:1002416	NT=Trypsin;AC=MS:1001251	TMT126	9	5 ppm	500 mmu	NT=Methylthio;AC=UNIMOD:39;TA=C;MT=Fixed	NT=Oxidation;AC=UNIMOD:35;TA=M;MT=Variable	NT=TMT6plex;AC=UNIMOD:737;TA=K;MT=Fixed	NT=TMT6plex;AC=UNIMOD:737;PP=Any N-term;MT=Fixed	pooled reference	pooled reference	pooled reference
PXD015859 global pooled reference	Mus musculus	blood plasma	not available	pooled	pooled	normal	organism part	24 hour	depletion	not available	not available	not available	Fusion_160307_81-TMT126	proteomic profiling by mass spectrometry	2	Fusion_160307_81.raw	v1.1.0	NT=ms-proteomics;VV=v1.1.0	NT=vertebrates;VV=v1.1.0	manual curation	NT=Data-dependent acquisition;AC=PRIDE:0000627	NT=Orbitrap Fusion;AC=MS:1002416	NT=Trypsin;AC=MS:1001251	TMT126	10	5 ppm	500 mmu	NT=Methylthio;AC=UNIMOD:39;TA=C;MT=Fixed	NT=Oxidation;AC=UNIMOD:35;TA=M;MT=Variable	NT=TMT6plex;AC=UNIMOD:737;TA=K;MT=Fixed	NT=TMT6plex;AC=UNIMOD:737;PP=Any N-term;MT=Fixed	pooled reference	pooled reference	pooled reference
PXD015859 global pooled reference	Mus musculus	blood plasma	not available	pooled	pooled	normal	organism part	24 hour	depletion	not available	not available	not available	Fusion_160307_82-TMT126	proteomic profiling by mass spectrometry	2	Fusion_160307_82.raw	v1.1.0	NT=ms-proteomics;VV=v1.1.0	NT=vertebrates;VV=v1.1.0	manual curation	NT=Data-dependent acquisition;AC=PRIDE:0000627	NT=Orbitrap Fusion;AC=MS:1002416	NT=Trypsin;AC=MS:1001251	TMT126	11	5 ppm	500 mmu	NT=Methylthio;AC=UNIMOD:39;TA=C;MT=Fixed	NT=Oxidation;AC=UNIMOD:35;TA=M;MT=Variable	NT=TMT6plex;AC=UNIMOD:737;TA=K;MT=Fixed	NT=TMT6plex;AC=UNIMOD:737;PP=Any N-term;MT=Fixed	pooled reference	pooled reference	pooled reference
PXD015859 global pooled reference	Mus musculus	blood plasma	not available	pooled	pooled	normal	organism part	24 hour	depletion	not available	not available	not available	Fusion_160307_83-TMT126	proteomic profiling by mass spectrometry	2	Fusion_160307_83.raw	v1.1.0	NT=ms-proteomics;VV=v1.1.0	NT=vertebrates;VV=v1.1.0	manual curation	NT=Data-dependent acquisition;AC=PRIDE:0000627	NT=Orbitrap Fusion;AC=MS:1002416	NT=Trypsin;AC=MS:1001251	TMT126	12	5 ppm	500 mmu	NT=Methylthio;AC=UNIMOD:39;TA=C;MT=Fixed	NT=Oxidation;AC=UNIMOD:35;TA=M;MT=Variable	NT=TMT6plex;AC=UNIMOD:737;TA=K;MT=Fixed	NT=TMT6plex;AC=UNIMOD:737;PP=Any N-term;MT=Fixed	pooled reference	pooled reference	pooled reference
PXD015859 global pooled reference	Mus musculus	blood plasma	not available	pooled	pooled	normal	organism part	24 hour	depletion	not available	not available	not available	Fusion_160307_84-TMT126	proteomic profiling by mass spectrometry	2	Fusion_160307_84.raw	v1.1.0	NT=ms-proteomics;VV=v1.1.0	NT=vertebrates;VV=v1.1.0	manual curation	NT=Data-dependent acquisition;AC=PRIDE:0000627	NT=Orbitrap Fusion;AC=MS:1002416	NT=Trypsin;AC=MS:1001251	TMT126	13	5 ppm	500 mmu	NT=Methylthio;AC=UNIMOD:39;TA=C;MT=Fixed	NT=Oxidation;AC=UNIMOD:35;TA=M;MT=Variable	NT=TMT6plex;AC=UNIMOD:737;TA=K;MT=Fixed	NT=TMT6plex;AC=UNIMOD:737;PP=Any N-term;MT=Fixed	pooled reference	pooled reference	pooled reference
PXD015859 global pooled reference	Mus musculus	blood plasma	not available	pooled	pooled	normal	organism part	24 hour	depletion	not available	not available	not available	Fusion_160307_85-TMT126	proteomic profiling by mass spectrometry	2	Fusion_160307_85.raw	v1.1.0	NT=ms-proteomics;VV=v1.1.0	NT=vertebrates;VV=v1.1.0	manual curation	NT=Data-dependent acquisition;AC=PRIDE:0000627	NT=Orbitrap Fusion;AC=MS:1002416	NT=Trypsin;AC=MS:1001251	TMT126	14	5 ppm	500 mmu	NT=Methylthio;AC=UNIMOD:39;TA=C;MT=Fixed	NT=Oxidation;AC=UNIMOD:35;TA=M;MT=Variable	NT=TMT6plex;AC=UNIMOD:737;TA=K;MT=Fixed	NT=TMT6plex;AC=UNIMOD:737;PP=Any N-term;MT=Fixed	pooled reference	pooled reference	pooled reference
PXD015859 global pooled reference	Mus musculus	blood plasma	not available	pooled	pooled	normal	organism part	24 hour	depletion	not available	not available	not available	Fusion_160307_86-TMT126	proteomic profiling by mass spectrometry	2	Fusion_160307_86.raw	v1.1.0	NT=ms-proteomics;VV=v1.1.0	NT=vertebrates;VV=v1.1.0	manual curation	NT=Data-dependent acquisition;AC=PRIDE:0000627	NT=Orbitrap Fusion;AC=MS:1002416	NT=Trypsin;AC=MS:1001251	TMT126	15	5 ppm	500 mmu	NT=Methylthio;AC=UNIMOD:39;TA=C;MT=Fixed	NT=Oxidation;AC=UNIMOD:35;TA=M;MT=Variable	NT=TMT6plex;AC=UNIMOD:737;TA=K;MT=Fixed	NT=TMT6plex;AC=UNIMOD:737;PP=Any N-term;MT=Fixed	pooled reference	pooled reference	pooled reference
PXD015859 global pooled reference	Mus musculus	blood plasma	not available	pooled	pooled	normal	organism part	24 hour	depletion	not available	not available	not available	Fusion_160307_87-TMT126	proteomic profiling by mass spectrometry	2	Fusion_160307_87.raw	v1.1.0	NT=ms-proteomics;VV=v1.1.0	NT=vertebrates;VV=v1.1.0	manual curation	NT=Data-dependent acquisition;AC=PRIDE:0000627	NT=Orbitrap Fusion;AC=MS:1002416	NT=Trypsin;AC=MS:1001251	TMT126	16	5 ppm	500 mmu	NT=Methylthio;AC=UNIMOD:39;TA=C;MT=Fixed	NT=Oxidation;AC=UNIMOD:35;TA=M;MT=Variable	NT=TMT6plex;AC=UNIMOD:737;TA=K;MT=Fixed	NT=TMT6plex;AC=UNIMOD:737;PP=Any N-term;MT=Fixed	pooled reference	pooled reference	pooled reference
PXD015859 global pooled reference	Mus musculus	blood plasma	not available	pooled	pooled	normal	organism part	24 hour	depletion	not available	not available	not available	Fusion_160307_88-TMT126	proteomic profiling by mass spectrometry	2	Fusion_160307_88.raw	v1.1.0	NT=ms-proteomics;VV=v1.1.0	NT=vertebrates;VV=v1.1.0	manual curation	NT=Data-dependent acquisition;AC=PRIDE:0000627	NT=Orbitrap Fusion;AC=MS:1002416	NT=Trypsin;AC=MS:1001251	TMT126	17	5 ppm	500 mmu	NT=Methylthio;AC=UNIMOD:39;TA=C;MT=Fixed	NT=Oxidation;AC=UNIMOD:35;TA=M;MT=Variable	NT=TMT6plex;AC=UNIMOD:737;TA=K;MT=Fixed	NT=TMT6plex;AC=UNIMOD:737;PP=Any N-term;MT=Fixed	pooled reference	pooled reference	pooled reference
PXD015859 global pooled reference	Mus musculus	blood plasma	not available	pooled	pooled	normal	organism part	24 hour	depletion	not available	not available	not available	Fusion_160307_89-TMT126	proteomic profiling by mass spectrometry	2	Fusion_160307_89.raw	v1.1.0	NT=ms-proteomics;VV=v1.1.0	NT=vertebrates;VV=v1.1.0	manual curation	NT=Data-dependent acquisition;AC=PRIDE:0000627	NT=Orbitrap Fusion;AC=MS:1002416	NT=Trypsin;AC=MS:1001251	TMT126	18	5 ppm	500 mmu	NT=Methylthio;AC=UNIMOD:39;TA=C;MT=Fixed	NT=Oxidation;AC=UNIMOD:35;TA=M;MT=Variable	NT=TMT6plex;AC=UNIMOD:737;TA=K;MT=Fixed	NT=TMT6plex;AC=UNIMOD:737;PP=Any N-term;MT=Fixed	pooled reference	pooled reference	pooled reference
PXD015859 global pooled reference	Mus musculus	blood plasma	not available	pooled	pooled	normal	organism part	24 hour	depletion	not available	not available	not available	Fusion_160307_90-TMT126	proteomic profiling by mass spectrometry	2	Fusion_160307_90.raw	v1.1.0	NT=ms-proteomics;VV=v1.1.0	NT=vertebrates;VV=v1.1.0	manual curation	NT=Data-dependent acquisition;AC=PRIDE:0000627	NT=Orbitrap Fusion;AC=MS:1002416	NT=Trypsin;AC=MS:1001251	TMT126	19	5 ppm	500 mmu	NT=Methylthio;AC=UNIMOD:39;TA=C;MT=Fixed	NT=Oxidation;AC=UNIMOD:35;TA=M;MT=Variable	NT=TMT6plex;AC=UNIMOD:737;TA=K;MT=Fixed	NT=TMT6plex;AC=UNIMOD:737;PP=Any N-term;MT=Fixed	pooled reference	pooled reference	pooled reference
PXD015859 global pooled reference	Mus musculus	blood plasma	not available	pooled	pooled	normal	organism part	24 hour	depletion	not available	not available	not available	Fusion_160307_91-TMT126	proteomic profiling by mass spectrometry	2	Fusion_160307_91.raw	v1.1.0	NT=ms-proteomics;VV=v1.1.0	NT=vertebrates;VV=v1.1.0	manual curation	NT=Data-dependent acquisition;AC=PRIDE:0000627	NT=Orbitrap Fusion;AC=MS:1002416	NT=Trypsin;AC=MS:1001251	TMT126	20	5 ppm	500 mmu	NT=Methylthio;AC=UNIMOD:39;TA=C;MT=Fixed	NT=Oxidation;AC=UNIMOD:35;TA=M;MT=Variable	NT=TMT6plex;AC=UNIMOD:737;TA=K;MT=Fixed	NT=TMT6plex;AC=UNIMOD:737;PP=Any N-term;MT=Fixed	pooled reference	pooled reference	pooled reference
PXD015859 pooled group D	Mus musculus	blood plasma	not available	pooled	pooled	normal	organism part	24 hour	depletion	adult	C57BL/6N	male	Fusion_160307_72-TMT127C	proteomic profiling by mass spectrometry	1	Fusion_160307_72.raw	v1.1.0	NT=ms-proteomics;VV=v1.1.0	NT=vertebrates;VV=v1.1.0	manual curation	NT=Data-dependent acquisition;AC=PRIDE:0000627	NT=Orbitrap Fusion;AC=MS:1002416	NT=Trypsin;AC=MS:1001251	TMT127C	1	5 ppm	500 mmu	NT=Methylthio;AC=UNIMOD:39;TA=C;MT=Fixed	NT=Oxidation;AC=UNIMOD:35;TA=M;MT=Variable	NT=TMT6plex;AC=UNIMOD:737;TA=K;MT=Fixed	NT=TMT6plex;AC=UNIMOD:737;PP=Any N-term;MT=Fixed	0.5 Gy	18-week-old	irradiated
PXD015859 pooled group D	Mus musculus	blood plasma	not available	pooled	pooled	normal	organism part	24 hour	depletion	adult	C57BL/6N	male	Fusion_160307_73-TMT127C	proteomic profiling by mass spectrometry	1	Fusion_160307_73.raw	v1.1.0	NT=ms-proteomics;VV=v1.1.0	NT=vertebrates;VV=v1.1.0	manual curation	NT=Data-dependent acquisition;AC=PRIDE:0000627	NT=Orbitrap Fusion;AC=MS:1002416	NT=Trypsin;AC=MS:1001251	TMT127C	2	5 ppm	500 mmu	NT=Methylthio;AC=UNIMOD:39;TA=C;MT=Fixed	NT=Oxidation;AC=UNIMOD:35;TA=M;MT=Variable	NT=TMT6plex;AC=UNIMOD:737;TA=K;MT=Fixed	NT=TMT6plex;AC=UNIMOD:737;PP=Any N-term;MT=Fixed	0.5 Gy	18-week-old	irradiated
PXD015859 pooled group D	Mus musculus	blood plasma	not available	pooled	pooled	normal	organism part	24 hour	depletion	adult	C57BL/6N	male	Fusion_160307_74-TMT127C	proteomic profiling by mass spectrometry	1	Fusion_160307_74.raw	v1.1.0	NT=ms-proteomics;VV=v1.1.0	NT=vertebrates;VV=v1.1.0	manual curation	NT=Data-dependent acquisition;AC=PRIDE:0000627	NT=Orbitrap Fusion;AC=MS:1002416	NT=Trypsin;AC=MS:1001251	TMT127C	3	5 ppm	500 mmu	NT=Methylthio;AC=UNIMOD:39;TA=C;MT=Fixed	NT=Oxidation;AC=UNIMOD:35;TA=M;MT=Variable	NT=TMT6plex;AC=UNIMOD:737;TA=K;MT=Fixed	NT=TMT6plex;AC=UNIMOD:737;PP=Any N-term;MT=Fixed	0.5 Gy	18-week-old	irradiated
PXD015859 pooled group D	Mus musculus	blood plasma	not available	pooled	pooled	normal	organism part	24 hour	depletion	adult	C57BL/6N	male	Fusion_160307_75-TMT127C	proteomic profiling by mass spectrometry	1	Fusion_160307_75.raw	v1.1.0	NT=ms-proteomics;VV=v1.1.0	NT=vertebrates;VV=v1.1.0	manual curation	NT=Data-dependent acquisition;AC=PRIDE:0000627	NT=Orbitrap Fusion;AC=MS:1002416	NT=Trypsin;AC=MS:1001251	TMT127C	4	5 ppm	500 mmu	NT=Methylthio;AC=UNIMOD:39;TA=C;MT=Fixed	NT=Oxidation;AC=UNIMOD:35;TA=M;MT=Variable	NT=TMT6plex;AC=UNIMOD:737;TA=K;MT=Fixed	NT=TMT6plex;AC=UNIMOD:737;PP=Any N-term;MT=Fixed	0.5 Gy	18-week-old	irradiated
PXD015859 pooled group D	Mus musculus	blood plasma	not available	pooled	pooled	normal	organism part	24 hour	depletion	adult	C57BL/6N	male	Fusion_160307_76-TMT127C	proteomic profiling by mass spectrometry	1	Fusion_160307_76.raw	v1.1.0	NT=ms-proteomics;VV=v1.1.0	NT=vertebrates;VV=v1.1.0	manual curation	NT=Data-dependent acquisition;AC=PRIDE:0000627	NT=Orbitrap Fusion;AC=MS:1002416	NT=Trypsin;AC=MS:1001251	TMT127C	5	5 ppm	500 mmu	NT=Methylthio;AC=UNIMOD:39;TA=C;MT=Fixed	NT=Oxidation;AC=UNIMOD:35;TA=M;MT=Variable	NT=TMT6plex;AC=UNIMOD:737;TA=K;MT=Fixed	NT=TMT6plex;AC=UNIMOD:737;PP=Any N-term;MT=Fixed	0.5 Gy	18-week-old	irradiated
PXD015859 pooled group D	Mus musculus	blood plasma	not available	pooled	pooled	normal	organism part	24 hour	depletion	adult	C57BL/6N	male	Fusion_160307_77-TMT127C	proteomic profiling by mass spectrometry	1	Fusion_160307_77.raw	v1.1.0	NT=ms-proteomics;VV=v1.1.0	NT=vertebrates;VV=v1.1.0	manual curation	NT=Data-dependent acquisition;AC=PRIDE:0000627	NT=Orbitrap Fusion;AC=MS:1002416	NT=Trypsin;AC=MS:1001251	TMT127C	6	5 ppm	500 mmu	NT=Methylthio;AC=UNIMOD:39;TA=C;MT=Fixed	NT=Oxidation;AC=UNIMOD:35;TA=M;MT=Variable	NT=TMT6plex;AC=UNIMOD:737;TA=K;MT=Fixed	NT=TMT6plex;AC=UNIMOD:737;PP=Any N-term;MT=Fixed	0.5 Gy	18-week-old	irradiated
PXD015859 pooled group D	Mus musculus	blood plasma	not available	pooled	pooled	normal	organism part	24 hour	depletion	adult	C57BL/6N	male	Fusion_160307_78-TMT127C	proteomic profiling by mass spectrometry	1	Fusion_160307_78.raw	v1.1.0	NT=ms-proteomics;VV=v1.1.0	NT=vertebrates;VV=v1.1.0	manual curation	NT=Data-dependent acquisition;AC=PRIDE:0000627	NT=Orbitrap Fusion;AC=MS:1002416	NT=Trypsin;AC=MS:1001251	TMT127C	7	5 ppm	500 mmu	NT=Methylthio;AC=UNIMOD:39;TA=C;MT=Fixed	NT=Oxidation;AC=UNIMOD:35;TA=M;MT=Variable	NT=TMT6plex;AC=UNIMOD:737;TA=K;MT=Fixed	NT=TMT6plex;AC=UNIMOD:737;PP=Any N-term;MT=Fixed	0.5 Gy	18-week-old	irradiated
PXD015859 pooled group D	Mus musculus	blood plasma	not available	pooled	pooled	normal	organism part	24 hour	depletion	adult	C57BL/6N	male	Fusion_160307_79-TMT127C	proteomic profiling by mass spectrometry	1	Fusion_160307_79.raw	v1.1.0	NT=ms-proteomics;VV=v1.1.0	NT=vertebrates;VV=v1.1.0	manual curation	NT=Data-dependent acquisition;AC=PRIDE:0000627	NT=Orbitrap Fusion;AC=MS:1002416	NT=Trypsin;AC=MS:1001251	TMT127C	8	5 ppm	500 mmu	NT=Methylthio;AC=UNIMOD:39;TA=C;MT=Fixed	NT=Oxidation;AC=UNIMOD:35;TA=M;MT=Variable	NT=TMT6plex;AC=UNIMOD:737;TA=K;MT=Fixed	NT=TMT6plex;AC=UNIMOD:737;PP=Any N-term;MT=Fixed	0.5 Gy	18-week-old	irradiated
PXD015859 pooled group D	Mus musculus	blood plasma	not available	pooled	pooled	normal	organism part	24 hour	depletion	adult	C57BL/6N	male	Fusion_160307_80-TMT127C	proteomic profiling by mass spectrometry	1	Fusion_160307_80.raw	v1.1.0	NT=ms-proteomics;VV=v1.1.0	NT=vertebrates;VV=v1.1.0	manual curation	NT=Data-dependent acquisition;AC=PRIDE:0000627	NT=Orbitrap Fusion;AC=MS:1002416	NT=Trypsin;AC=MS:1001251	TMT127C	9	5 ppm	500 mmu	NT=Methylthio;AC=UNIMOD:39;TA=C;MT=Fixed	NT=Oxidation;AC=UNIMOD:35;TA=M;MT=Variable	NT=TMT6plex;AC=UNIMOD:737;TA=K;MT=Fixed	NT=TMT6plex;AC=UNIMOD:737;PP=Any N-term;MT=Fixed	0.5 Gy	18-week-old	irradiated
PXD015859 pooled group D	Mus musculus	blood plasma	not available	pooled	pooled	normal	organism part	24 hour	depletion	adult	C57BL/6N	male	Fusion_160307_81-TMT127C	proteomic profiling by mass spectrometry	1	Fusion_160307_81.raw	v1.1.0	NT=ms-proteomics;VV=v1.1.0	NT=vertebrates;VV=v1.1.0	manual curation	NT=Data-dependent acquisition;AC=PRIDE:0000627	NT=Orbitrap Fusion;AC=MS:1002416	NT=Trypsin;AC=MS:1001251	TMT127C	10	5 ppm	500 mmu	NT=Methylthio;AC=UNIMOD:39;TA=C;MT=Fixed	NT=Oxidation;AC=UNIMOD:35;TA=M;MT=Variable	NT=TMT6plex;AC=UNIMOD:737;TA=K;MT=Fixed	NT=TMT6plex;AC=UNIMOD:737;PP=Any N-term;MT=Fixed	0.5 Gy	18-week-old	irradiated
PXD015859 pooled group D	Mus musculus	blood plasma	not available	pooled	pooled	normal	organism part	24 hour	depletion	adult	C57BL/6N	male	Fusion_160307_82-TMT127C	proteomic profiling by mass spectrometry	1	Fusion_160307_82.raw	v1.1.0	NT=ms-proteomics;VV=v1.1.0	NT=vertebrates;VV=v1.1.0	manual curation	NT=Data-dependent acquisition;AC=PRIDE:0000627	NT=Orbitrap Fusion;AC=MS:1002416	NT=Trypsin;AC=MS:1001251	TMT127C	11	5 ppm	500 mmu	NT=Methylthio;AC=UNIMOD:39;TA=C;MT=Fixed	NT=Oxidation;AC=UNIMOD:35;TA=M;MT=Variable	NT=TMT6plex;AC=UNIMOD:737;TA=K;MT=Fixed	NT=TMT6plex;AC=UNIMOD:737;PP=Any N-term;MT=Fixed	0.5 Gy	18-week-old	irradiated
PXD015859 pooled group D	Mus musculus	blood plasma	not available	pooled	pooled	normal	organism part	24 hour	depletion	adult	C57BL/6N	male	Fusion_160307_83-TMT127C	proteomic profiling by mass spectrometry	1	Fusion_160307_83.raw	v1.1.0	NT=ms-proteomics;VV=v1.1.0	NT=vertebrates;VV=v1.1.0	manual curation	NT=Data-dependent acquisition;AC=PRIDE:0000627	NT=Orbitrap Fusion;AC=MS:1002416	NT=Trypsin;AC=MS:1001251	TMT127C	12	5 ppm	500 mmu	NT=Methylthio;AC=UNIMOD:39;TA=C;MT=Fixed	NT=Oxidation;AC=UNIMOD:35;TA=M;MT=Variable	NT=TMT6plex;AC=UNIMOD:737;TA=K;MT=Fixed	NT=TMT6plex;AC=UNIMOD:737;PP=Any N-term;MT=Fixed	0.5 Gy	18-week-old	irradiated
PXD015859 pooled group D	Mus musculus	blood plasma	not available	pooled	pooled	normal	organism part	24 hour	depletion	adult	C57BL/6N	male	Fusion_160307_84-TMT127C	proteomic profiling by mass spectrometry	1	Fusion_160307_84.raw	v1.1.0	NT=ms-proteomics;VV=v1.1.0	NT=vertebrates;VV=v1.1.0	manual curation	NT=Data-dependent acquisition;AC=PRIDE:0000627	NT=Orbitrap Fusion;AC=MS:1002416	NT=Trypsin;AC=MS:1001251	TMT127C	13	5 ppm	500 mmu	NT=Methylthio;AC=UNIMOD:39;TA=C;MT=Fixed	NT=Oxidation;AC=UNIMOD:35;TA=M;MT=Variable	NT=TMT6plex;AC=UNIMOD:737;TA=K;MT=Fixed	NT=TMT6plex;AC=UNIMOD:737;PP=Any N-term;MT=Fixed	0.5 Gy	18-week-old	irradiated
PXD015859 pooled group D	Mus musculus	blood plasma	not available	pooled	pooled	normal	organism part	24 hour	depletion	adult	C57BL/6N	male	Fusion_160307_85-TMT127C	proteomic profiling by mass spectrometry	1	Fusion_160307_85.raw	v1.1.0	NT=ms-proteomics;VV=v1.1.0	NT=vertebrates;VV=v1.1.0	manual curation	NT=Data-dependent acquisition;AC=PRIDE:0000627	NT=Orbitrap Fusion;AC=MS:1002416	NT=Trypsin;AC=MS:1001251	TMT127C	14	5 ppm	500 mmu	NT=Methylthio;AC=UNIMOD:39;TA=C;MT=Fixed	NT=Oxidation;AC=UNIMOD:35;TA=M;MT=Variable	NT=TMT6plex;AC=UNIMOD:737;TA=K;MT=Fixed	NT=TMT6plex;AC=UNIMOD:737;PP=Any N-term;MT=Fixed	0.5 Gy	18-week-old	irradiated
PXD015859 pooled group D	Mus musculus	blood plasma	not available	pooled	pooled	normal	organism part	24 hour	depletion	adult	C57BL/6N	male	Fusion_160307_86-TMT127C	proteomic profiling by mass spectrometry	1	Fusion_160307_86.raw	v1.1.0	NT=ms-proteomics;VV=v1.1.0	NT=vertebrates;VV=v1.1.0	manual curation	NT=Data-dependent acquisition;AC=PRIDE:0000627	NT=Orbitrap Fusion;AC=MS:1002416	NT=Trypsin;AC=MS:1001251	TMT127C	15	5 ppm	500 mmu	NT=Methylthio;AC=UNIMOD:39;TA=C;MT=Fixed	NT=Oxidation;AC=UNIMOD:35;TA=M;MT=Variable	NT=TMT6plex;AC=UNIMOD:737;TA=K;MT=Fixed	NT=TMT6plex;AC=UNIMOD:737;PP=Any N-term;MT=Fixed	0.5 Gy	18-week-old	irradiated
PXD015859 pooled group D	Mus musculus	blood plasma	not available	pooled	pooled	normal	organism part	24 hour	depletion	adult	C57BL/6N	male	Fusion_160307_87-TMT127C	proteomic profiling by mass spectrometry	1	Fusion_160307_87.raw	v1.1.0	NT=ms-proteomics;VV=v1.1.0	NT=vertebrates;VV=v1.1.0	manual curation	NT=Data-dependent acquisition;AC=PRIDE:0000627	NT=Orbitrap Fusion;AC=MS:1002416	NT=Trypsin;AC=MS:1001251	TMT127C	16	5 ppm	500 mmu	NT=Methylthio;AC=UNIMOD:39;TA=C;MT=Fixed	NT=Oxidation;AC=UNIMOD:35;TA=M;MT=Variable	NT=TMT6plex;AC=UNIMOD:737;TA=K;MT=Fixed	NT=TMT6plex;AC=UNIMOD:737;PP=Any N-term;MT=Fixed	0.5 Gy	18-week-old	irradiated
PXD015859 pooled group D	Mus musculus	blood plasma	not available	pooled	pooled	normal	organism part	24 hour	depletion	adult	C57BL/6N	male	Fusion_160307_88-TMT127C	proteomic profiling by mass spectrometry	1	Fusion_160307_88.raw	v1.1.0	NT=ms-proteomics;VV=v1.1.0	NT=vertebrates;VV=v1.1.0	manual curation	NT=Data-dependent acquisition;AC=PRIDE:0000627	NT=Orbitrap Fusion;AC=MS:1002416	NT=Trypsin;AC=MS:1001251	TMT127C	17	5 ppm	500 mmu	NT=Methylthio;AC=UNIMOD:39;TA=C;MT=Fixed	NT=Oxidation;AC=UNIMOD:35;TA=M;MT=Variable	NT=TMT6plex;AC=UNIMOD:737;TA=K;MT=Fixed	NT=TMT6plex;AC=UNIMOD:737;PP=Any N-term;MT=Fixed	0.5 Gy	18-week-old	irradiated
PXD015859 pooled group D	Mus musculus	blood plasma	not available	pooled	pooled	normal	organism part	24 hour	depletion	adult	C57BL/6N	male	Fusion_160307_89-TMT127C	proteomic profiling by mass spectrometry	1	Fusion_160307_89.raw	v1.1.0	NT=ms-proteomics;VV=v1.1.0	NT=vertebrates;VV=v1.1.0	manual curation	NT=Data-dependent acquisition;AC=PRIDE:0000627	NT=Orbitrap Fusion;AC=MS:1002416	NT=Trypsin;AC=MS:1001251	TMT127C	18	5 ppm	500 mmu	NT=Methylthio;AC=UNIMOD:39;TA=C;MT=Fixed	NT=Oxidation;AC=UNIMOD:35;TA=M;MT=Variable	NT=TMT6plex;AC=UNIMOD:737;TA=K;MT=Fixed	NT=TMT6plex;AC=UNIMOD:737;PP=Any N-term;MT=Fixed	0.5 Gy	18-week-old	irradiated
PXD015859 pooled group D	Mus musculus	blood plasma	not available	pooled	pooled	normal	organism part	24 hour	depletion	adult	C57BL/6N	male	Fusion_160307_90-TMT127C	proteomic profiling by mass spectrometry	1	Fusion_160307_90.raw	v1.1.0	NT=ms-proteomics;VV=v1.1.0	NT=vertebrates;VV=v1.1.0	manual curation	NT=Data-dependent acquisition;AC=PRIDE:0000627	NT=Orbitrap Fusion;AC=MS:1002416	NT=Trypsin;AC=MS:1001251	TMT127C	19	5 ppm	500 mmu	NT=Methylthio;AC=UNIMOD:39;TA=C;MT=Fixed	NT=Oxidation;AC=UNIMOD:35;TA=M;MT=Variable	NT=TMT6plex;AC=UNIMOD:737;TA=K;MT=Fixed	NT=TMT6plex;AC=UNIMOD:737;PP=Any N-term;MT=Fixed	0.5 Gy	18-week-old	irradiated
PXD015859 pooled group D	Mus musculus	blood plasma	not available	pooled	pooled	normal	organism part	24 hour	depletion	adult	C57BL/6N	male	Fusion_160307_91-TMT127C	proteomic profiling by mass spectrometry	1	Fusion_160307_91.raw	v1.1.0	NT=ms-proteomics;VV=v1.1.0	NT=vertebrates;VV=v1.1.0	manual curation	NT=Data-dependent acquisition;AC=PRIDE:0000627	NT=Orbitrap Fusion;AC=MS:1002416	NT=Trypsin;AC=MS:1001251	TMT127C	20	5 ppm	500 mmu	NT=Methylthio;AC=UNIMOD:39;TA=C;MT=Fixed	NT=Oxidation;AC=UNIMOD:35;TA=M;MT=Variable	NT=TMT6plex;AC=UNIMOD:737;TA=K;MT=Fixed	NT=TMT6plex;AC=UNIMOD:737;PP=Any N-term;MT=Fixed	0.5 Gy	18-week-old	irradiated
PXD015859 pooled group DK	Mus musculus	blood plasma	not available	pooled	pooled	normal	organism part	24 hour	depletion	adult	C57BL/6N	male	Fusion_160307_72-TMT128C	proteomic profiling by mass spectrometry	1	Fusion_160307_72.raw	v1.1.0	NT=ms-proteomics;VV=v1.1.0	NT=vertebrates;VV=v1.1.0	manual curation	NT=Data-dependent acquisition;AC=PRIDE:0000627	NT=Orbitrap Fusion;AC=MS:1002416	NT=Trypsin;AC=MS:1001251	TMT128C	1	5 ppm	500 mmu	NT=Methylthio;AC=UNIMOD:39;TA=C;MT=Fixed	NT=Oxidation;AC=UNIMOD:35;TA=M;MT=Variable	NT=TMT6plex;AC=UNIMOD:737;TA=K;MT=Fixed	NT=TMT6plex;AC=UNIMOD:737;PP=Any N-term;MT=Fixed	0 Gy	18-week-old	mock-treated control
PXD015859 pooled group DK	Mus musculus	blood plasma	not available	pooled	pooled	normal	organism part	24 hour	depletion	adult	C57BL/6N	male	Fusion_160307_73-TMT128C	proteomic profiling by mass spectrometry	1	Fusion_160307_73.raw	v1.1.0	NT=ms-proteomics;VV=v1.1.0	NT=vertebrates;VV=v1.1.0	manual curation	NT=Data-dependent acquisition;AC=PRIDE:0000627	NT=Orbitrap Fusion;AC=MS:1002416	NT=Trypsin;AC=MS:1001251	TMT128C	2	5 ppm	500 mmu	NT=Methylthio;AC=UNIMOD:39;TA=C;MT=Fixed	NT=Oxidation;AC=UNIMOD:35;TA=M;MT=Variable	NT=TMT6plex;AC=UNIMOD:737;TA=K;MT=Fixed	NT=TMT6plex;AC=UNIMOD:737;PP=Any N-term;MT=Fixed	0 Gy	18-week-old	mock-treated control
PXD015859 pooled group DK	Mus musculus	blood plasma	not available	pooled	pooled	normal	organism part	24 hour	depletion	adult	C57BL/6N	male	Fusion_160307_74-TMT128C	proteomic profiling by mass spectrometry	1	Fusion_160307_74.raw	v1.1.0	NT=ms-proteomics;VV=v1.1.0	NT=vertebrates;VV=v1.1.0	manual curation	NT=Data-dependent acquisition;AC=PRIDE:0000627	NT=Orbitrap Fusion;AC=MS:1002416	NT=Trypsin;AC=MS:1001251	TMT128C	3	5 ppm	500 mmu	NT=Methylthio;AC=UNIMOD:39;TA=C;MT=Fixed	NT=Oxidation;AC=UNIMOD:35;TA=M;MT=Variable	NT=TMT6plex;AC=UNIMOD:737;TA=K;MT=Fixed	NT=TMT6plex;AC=UNIMOD:737;PP=Any N-term;MT=Fixed	0 Gy	18-week-old	mock-treated control
PXD015859 pooled group DK	Mus musculus	blood plasma	not available	pooled	pooled	normal	organism part	24 hour	depletion	adult	C57BL/6N	male	Fusion_160307_75-TMT128C	proteomic profiling by mass spectrometry	1	Fusion_160307_75.raw	v1.1.0	NT=ms-proteomics;VV=v1.1.0	NT=vertebrates;VV=v1.1.0	manual curation	NT=Data-dependent acquisition;AC=PRIDE:0000627	NT=Orbitrap Fusion;AC=MS:1002416	NT=Trypsin;AC=MS:1001251	TMT128C	4	5 ppm	500 mmu	NT=Methylthio;AC=UNIMOD:39;TA=C;MT=Fixed	NT=Oxidation;AC=UNIMOD:35;TA=M;MT=Variable	NT=TMT6plex;AC=UNIMOD:737;TA=K;MT=Fixed	NT=TMT6plex;AC=UNIMOD:737;PP=Any N-term;MT=Fixed	0 Gy	18-week-old	mock-treated control
PXD015859 pooled group DK	Mus musculus	blood plasma	not available	pooled	pooled	normal	organism part	24 hour	depletion	adult	C57BL/6N	male	Fusion_160307_76-TMT128C	proteomic profiling by mass spectrometry	1	Fusion_160307_76.raw	v1.1.0	NT=ms-proteomics;VV=v1.1.0	NT=vertebrates;VV=v1.1.0	manual curation	NT=Data-dependent acquisition;AC=PRIDE:0000627	NT=Orbitrap Fusion;AC=MS:1002416	NT=Trypsin;AC=MS:1001251	TMT128C	5	5 ppm	500 mmu	NT=Methylthio;AC=UNIMOD:39;TA=C;MT=Fixed	NT=Oxidation;AC=UNIMOD:35;TA=M;MT=Variable	NT=TMT6plex;AC=UNIMOD:737;TA=K;MT=Fixed	NT=TMT6plex;AC=UNIMOD:737;PP=Any N-term;MT=Fixed	0 Gy	18-week-old	mock-treated control
PXD015859 pooled group DK	Mus musculus	blood plasma	not available	pooled	pooled	normal	organism part	24 hour	depletion	adult	C57BL/6N	male	Fusion_160307_77-TMT128C	proteomic profiling by mass spectrometry	1	Fusion_160307_77.raw	v1.1.0	NT=ms-proteomics;VV=v1.1.0	NT=vertebrates;VV=v1.1.0	manual curation	NT=Data-dependent acquisition;AC=PRIDE:0000627	NT=Orbitrap Fusion;AC=MS:1002416	NT=Trypsin;AC=MS:1001251	TMT128C	6	5 ppm	500 mmu	NT=Methylthio;AC=UNIMOD:39;TA=C;MT=Fixed	NT=Oxidation;AC=UNIMOD:35;TA=M;MT=Variable	NT=TMT6plex;AC=UNIMOD:737;TA=K;MT=Fixed	NT=TMT6plex;AC=UNIMOD:737;PP=Any N-term;MT=Fixed	0 Gy	18-week-old	mock-treated control
PXD015859 pooled group DK	Mus musculus	blood plasma	not available	pooled	pooled	normal	organism part	24 hour	depletion	adult	C57BL/6N	male	Fusion_160307_78-TMT128C	proteomic profiling by mass spectrometry	1	Fusion_160307_78.raw	v1.1.0	NT=ms-proteomics;VV=v1.1.0	NT=vertebrates;VV=v1.1.0	manual curation	NT=Data-dependent acquisition;AC=PRIDE:0000627	NT=Orbitrap Fusion;AC=MS:1002416	NT=Trypsin;AC=MS:1001251	TMT128C	7	5 ppm	500 mmu	NT=Methylthio;AC=UNIMOD:39;TA=C;MT=Fixed	NT=Oxidation;AC=UNIMOD:35;TA=M;MT=Variable	NT=TMT6plex;AC=UNIMOD:737;TA=K;MT=Fixed	NT=TMT6plex;AC=UNIMOD:737;PP=Any N-term;MT=Fixed	0 Gy	18-week-old	mock-treated control
PXD015859 pooled group DK	Mus musculus	blood plasma	not available	pooled	pooled	normal	organism part	24 hour	depletion	adult	C57BL/6N	male	Fusion_160307_79-TMT128C	proteomic profiling by mass spectrometry	1	Fusion_160307_79.raw	v1.1.0	NT=ms-proteomics;VV=v1.1.0	NT=vertebrates;VV=v1.1.0	manual curation	NT=Data-dependent acquisition;AC=PRIDE:0000627	NT=Orbitrap Fusion;AC=MS:1002416	NT=Trypsin;AC=MS:1001251	TMT128C	8	5 ppm	500 mmu	NT=Methylthio;AC=UNIMOD:39;TA=C;MT=Fixed	NT=Oxidation;AC=UNIMOD:35;TA=M;MT=Variable	NT=TMT6plex;AC=UNIMOD:737;TA=K;MT=Fixed	NT=TMT6plex;AC=UNIMOD:737;PP=Any N-term;MT=Fixed	0 Gy	18-week-old	mock-treated control
PXD015859 pooled group DK	Mus musculus	blood plasma	not available	pooled	pooled	normal	organism part	24 hour	depletion	adult	C57BL/6N	male	Fusion_160307_80-TMT128C	proteomic profiling by mass spectrometry	1	Fusion_160307_80.raw	v1.1.0	NT=ms-proteomics;VV=v1.1.0	NT=vertebrates;VV=v1.1.0	manual curation	NT=Data-dependent acquisition;AC=PRIDE:0000627	NT=Orbitrap Fusion;AC=MS:1002416	NT=Trypsin;AC=MS:1001251	TMT128C	9	5 ppm	500 mmu	NT=Methylthio;AC=UNIMOD:39;TA=C;MT=Fixed	NT=Oxidation;AC=UNIMOD:35;TA=M;MT=Variable	NT=TMT6plex;AC=UNIMOD:737;TA=K;MT=Fixed	NT=TMT6plex;AC=UNIMOD:737;PP=Any N-term;MT=Fixed	0 Gy	18-week-old	mock-treated control
PXD015859 pooled group DK	Mus musculus	blood plasma	not available	pooled	pooled	normal	organism part	24 hour	depletion	adult	C57BL/6N	male	Fusion_160307_81-TMT128C	proteomic profiling by mass spectrometry	1	Fusion_160307_81.raw	v1.1.0	NT=ms-proteomics;VV=v1.1.0	NT=vertebrates;VV=v1.1.0	manual curation	NT=Data-dependent acquisition;AC=PRIDE:0000627	NT=Orbitrap Fusion;AC=MS:1002416	NT=Trypsin;AC=MS:1001251	TMT128C	10	5 ppm	500 mmu	NT=Methylthio;AC=UNIMOD:39;TA=C;MT=Fixed	NT=Oxidation;AC=UNIMOD:35;TA=M;MT=Variable	NT=TMT6plex;AC=UNIMOD:737;TA=K;MT=Fixed	NT=TMT6plex;AC=UNIMOD:737;PP=Any N-term;MT=Fixed	0 Gy	18-week-old	mock-treated control
PXD015859 pooled group DK	Mus musculus	blood plasma	not available	pooled	pooled	normal	organism part	24 hour	depletion	adult	C57BL/6N	male	Fusion_160307_82-TMT128C	proteomic profiling by mass spectrometry	1	Fusion_160307_82.raw	v1.1.0	NT=ms-proteomics;VV=v1.1.0	NT=vertebrates;VV=v1.1.0	manual curation	NT=Data-dependent acquisition;AC=PRIDE:0000627	NT=Orbitrap Fusion;AC=MS:1002416	NT=Trypsin;AC=MS:1001251	TMT128C	11	5 ppm	500 mmu	NT=Methylthio;AC=UNIMOD:39;TA=C;MT=Fixed	NT=Oxidation;AC=UNIMOD:35;TA=M;MT=Variable	NT=TMT6plex;AC=UNIMOD:737;TA=K;MT=Fixed	NT=TMT6plex;AC=UNIMOD:737;PP=Any N-term;MT=Fixed	0 Gy	18-week-old	mock-treated control
PXD015859 pooled group DK	Mus musculus	blood plasma	not available	pooled	pooled	normal	organism part	24 hour	depletion	adult	C57BL/6N	male	Fusion_160307_83-TMT128C	proteomic profiling by mass spectrometry	1	Fusion_160307_83.raw	v1.1.0	NT=ms-proteomics;VV=v1.1.0	NT=vertebrates;VV=v1.1.0	manual curation	NT=Data-dependent acquisition;AC=PRIDE:0000627	NT=Orbitrap Fusion;AC=MS:1002416	NT=Trypsin;AC=MS:1001251	TMT128C	12	5 ppm	500 mmu	NT=Methylthio;AC=UNIMOD:39;TA=C;MT=Fixed	NT=Oxidation;AC=UNIMOD:35;TA=M;MT=Variable	NT=TMT6plex;AC=UNIMOD:737;TA=K;MT=Fixed	NT=TMT6plex;AC=UNIMOD:737;PP=Any N-term;MT=Fixed	0 Gy	18-week-old	mock-treated control
PXD015859 pooled group DK	Mus musculus	blood plasma	not available	pooled	pooled	normal	organism part	24 hour	depletion	adult	C57BL/6N	male	Fusion_160307_84-TMT128C	proteomic profiling by mass spectrometry	1	Fusion_160307_84.raw	v1.1.0	NT=ms-proteomics;VV=v1.1.0	NT=vertebrates;VV=v1.1.0	manual curation	NT=Data-dependent acquisition;AC=PRIDE:0000627	NT=Orbitrap Fusion;AC=MS:1002416	NT=Trypsin;AC=MS:1001251	TMT128C	13	5 ppm	500 mmu	NT=Methylthio;AC=UNIMOD:39;TA=C;MT=Fixed	NT=Oxidation;AC=UNIMOD:35;TA=M;MT=Variable	NT=TMT6plex;AC=UNIMOD:737;TA=K;MT=Fixed	NT=TMT6plex;AC=UNIMOD:737;PP=Any N-term;MT=Fixed	0 Gy	18-week-old	mock-treated control
PXD015859 pooled group DK	Mus musculus	blood plasma	not available	pooled	pooled	normal	organism part	24 hour	depletion	adult	C57BL/6N	male	Fusion_160307_85-TMT128C	proteomic profiling by mass spectrometry	1	Fusion_160307_85.raw	v1.1.0	NT=ms-proteomics;VV=v1.1.0	NT=vertebrates;VV=v1.1.0	manual curation	NT=Data-dependent acquisition;AC=PRIDE:0000627	NT=Orbitrap Fusion;AC=MS:1002416	NT=Trypsin;AC=MS:1001251	TMT128C	14	5 ppm	500 mmu	NT=Methylthio;AC=UNIMOD:39;TA=C;MT=Fixed	NT=Oxidation;AC=UNIMOD:35;TA=M;MT=Variable	NT=TMT6plex;AC=UNIMOD:737;TA=K;MT=Fixed	NT=TMT6plex;AC=UNIMOD:737;PP=Any N-term;MT=Fixed	0 Gy	18-week-old	mock-treated control
PXD015859 pooled group DK	Mus musculus	blood plasma	not available	pooled	pooled	normal	organism part	24 hour	depletion	adult	C57BL/6N	male	Fusion_160307_86-TMT128C	proteomic profiling by mass spectrometry	1	Fusion_160307_86.raw	v1.1.0	NT=ms-proteomics;VV=v1.1.0	NT=vertebrates;VV=v1.1.0	manual curation	NT=Data-dependent acquisition;AC=PRIDE:0000627	NT=Orbitrap Fusion;AC=MS:1002416	NT=Trypsin;AC=MS:1001251	TMT128C	15	5 ppm	500 mmu	NT=Methylthio;AC=UNIMOD:39;TA=C;MT=Fixed	NT=Oxidation;AC=UNIMOD:35;TA=M;MT=Variable	NT=TMT6plex;AC=UNIMOD:737;TA=K;MT=Fixed	NT=TMT6plex;AC=UNIMOD:737;PP=Any N-term;MT=Fixed	0 Gy	18-week-old	mock-treated control
PXD015859 pooled group DK	Mus musculus	blood plasma	not available	pooled	pooled	normal	organism part	24 hour	depletion	adult	C57BL/6N	male	Fusion_160307_87-TMT128C	proteomic profiling by mass spectrometry	1	Fusion_160307_87.raw	v1.1.0	NT=ms-proteomics;VV=v1.1.0	NT=vertebrates;VV=v1.1.0	manual curation	NT=Data-dependent acquisition;AC=PRIDE:0000627	NT=Orbitrap Fusion;AC=MS:1002416	NT=Trypsin;AC=MS:1001251	TMT128C	16	5 ppm	500 mmu	NT=Methylthio;AC=UNIMOD:39;TA=C;MT=Fixed	NT=Oxidation;AC=UNIMOD:35;TA=M;MT=Variable	NT=TMT6plex;AC=UNIMOD:737;TA=K;MT=Fixed	NT=TMT6plex;AC=UNIMOD:737;PP=Any N-term;MT=Fixed	0 Gy	18-week-old	mock-treated control
PXD015859 pooled group DK	Mus musculus	blood plasma	not available	pooled	pooled	normal	organism part	24 hour	depletion	adult	C57BL/6N	male	Fusion_160307_88-TMT128C	proteomic profiling by mass spectrometry	1	Fusion_160307_88.raw	v1.1.0	NT=ms-proteomics;VV=v1.1.0	NT=vertebrates;VV=v1.1.0	manual curation	NT=Data-dependent acquisition;AC=PRIDE:0000627	NT=Orbitrap Fusion;AC=MS:1002416	NT=Trypsin;AC=MS:1001251	TMT128C	17	5 ppm	500 mmu	NT=Methylthio;AC=UNIMOD:39;TA=C;MT=Fixed	NT=Oxidation;AC=UNIMOD:35;TA=M;MT=Variable	NT=TMT6plex;AC=UNIMOD:737;TA=K;MT=Fixed	NT=TMT6plex;AC=UNIMOD:737;PP=Any N-term;MT=Fixed	0 Gy	18-week-old	mock-treated control
PXD015859 pooled group DK	Mus musculus	blood plasma	not available	pooled	pooled	normal	organism part	24 hour	depletion	adult	C57BL/6N	male	Fusion_160307_89-TMT128C	proteomic profiling by mass spectrometry	1	Fusion_160307_89.raw	v1.1.0	NT=ms-proteomics;VV=v1.1.0	NT=vertebrates;VV=v1.1.0	manual curation	NT=Data-dependent acquisition;AC=PRIDE:0000627	NT=Orbitrap Fusion;AC=MS:1002416	NT=Trypsin;AC=MS:1001251	TMT128C	18	5 ppm	500 mmu	NT=Methylthio;AC=UNIMOD:39;TA=C;MT=Fixed	NT=Oxidation;AC=UNIMOD:35;TA=M;MT=Variable	NT=TMT6plex;AC=UNIMOD:737;TA=K;MT=Fixed	NT=TMT6plex;AC=UNIMOD:737;PP=Any N-term;MT=Fixed	0 Gy	18-week-old	mock-treated control
PXD015859 pooled group DK	Mus musculus	blood plasma	not available	pooled	pooled	normal	organism part	24 hour	depletion	adult	C57BL/6N	male	Fusion_160307_90-TMT128C	proteomic profiling by mass spectrometry	1	Fusion_160307_90.raw	v1.1.0	NT=ms-proteomics;VV=v1.1.0	NT=vertebrates;VV=v1.1.0	manual curation	NT=Data-dependent acquisition;AC=PRIDE:0000627	NT=Orbitrap Fusion;AC=MS:1002416	NT=Trypsin;AC=MS:1001251	TMT128C	19	5 ppm	500 mmu	NT=Methylthio;AC=UNIMOD:39;TA=C;MT=Fixed	NT=Oxidation;AC=UNIMOD:35;TA=M;MT=Variable	NT=TMT6plex;AC=UNIMOD:737;TA=K;MT=Fixed	NT=TMT6plex;AC=UNIMOD:737;PP=Any N-term;MT=Fixed	0 Gy	18-week-old	mock-treated control
PXD015859 pooled group DK	Mus musculus	blood plasma	not available	pooled	pooled	normal	organism part	24 hour	depletion	adult	C57BL/6N	male	Fusion_160307_91-TMT128C	proteomic profiling by mass spectrometry	1	Fusion_160307_91.raw	v1.1.0	NT=ms-proteomics;VV=v1.1.0	NT=vertebrates;VV=v1.1.0	manual curation	NT=Data-dependent acquisition;AC=PRIDE:0000627	NT=Orbitrap Fusion;AC=MS:1002416	NT=Trypsin;AC=MS:1001251	TMT128C	20	5 ppm	500 mmu	NT=Methylthio;AC=UNIMOD:39;TA=C;MT=Fixed	NT=Oxidation;AC=UNIMOD:35;TA=M;MT=Variable	NT=TMT6plex;AC=UNIMOD:737;TA=K;MT=Fixed	NT=TMT6plex;AC=UNIMOD:737;PP=Any N-term;MT=Fixed	0 Gy	18-week-old	mock-treated control
PXD015859 pooled group E	Mus musculus	blood plasma	not available	pooled	pooled	normal	organism part	24 hour	depletion	not available	CAnN.Cg-Foxn1nu/Crl	female	Fusion_160307_72-TMT129C	proteomic profiling by mass spectrometry	1	Fusion_160307_72.raw	v1.1.0	NT=ms-proteomics;VV=v1.1.0	NT=vertebrates;VV=v1.1.0	manual curation	NT=Data-dependent acquisition;AC=PRIDE:0000627	NT=Orbitrap Fusion;AC=MS:1002416	NT=Trypsin;AC=MS:1001251	TMT129C	1	5 ppm	500 mmu	NT=Methylthio;AC=UNIMOD:39;TA=C;MT=Fixed	NT=Oxidation;AC=UNIMOD:35;TA=M;MT=Variable	NT=TMT6plex;AC=UNIMOD:737;TA=K;MT=Fixed	NT=TMT6plex;AC=UNIMOD:737;PP=Any N-term;MT=Fixed	0.5 Gy	7-week-old	irradiated
PXD015859 pooled group E	Mus musculus	blood plasma	not available	pooled	pooled	normal	organism part	24 hour	depletion	not available	CAnN.Cg-Foxn1nu/Crl	female	Fusion_160307_73-TMT129C	proteomic profiling by mass spectrometry	1	Fusion_160307_73.raw	v1.1.0	NT=ms-proteomics;VV=v1.1.0	NT=vertebrates;VV=v1.1.0	manual curation	NT=Data-dependent acquisition;AC=PRIDE:0000627	NT=Orbitrap Fusion;AC=MS:1002416	NT=Trypsin;AC=MS:1001251	TMT129C	2	5 ppm	500 mmu	NT=Methylthio;AC=UNIMOD:39;TA=C;MT=Fixed	NT=Oxidation;AC=UNIMOD:35;TA=M;MT=Variable	NT=TMT6plex;AC=UNIMOD:737;TA=K;MT=Fixed	NT=TMT6plex;AC=UNIMOD:737;PP=Any N-term;MT=Fixed	0.5 Gy	7-week-old	irradiated
PXD015859 pooled group E	Mus musculus	blood plasma	not available	pooled	pooled	normal	organism part	24 hour	depletion	not available	CAnN.Cg-Foxn1nu/Crl	female	Fusion_160307_74-TMT129C	proteomic profiling by mass spectrometry	1	Fusion_160307_74.raw	v1.1.0	NT=ms-proteomics;VV=v1.1.0	NT=vertebrates;VV=v1.1.0	manual curation	NT=Data-dependent acquisition;AC=PRIDE:0000627	NT=Orbitrap Fusion;AC=MS:1002416	NT=Trypsin;AC=MS:1001251	TMT129C	3	5 ppm	500 mmu	NT=Methylthio;AC=UNIMOD:39;TA=C;MT=Fixed	NT=Oxidation;AC=UNIMOD:35;TA=M;MT=Variable	NT=TMT6plex;AC=UNIMOD:737;TA=K;MT=Fixed	NT=TMT6plex;AC=UNIMOD:737;PP=Any N-term;MT=Fixed	0.5 Gy	7-week-old	irradiated
PXD015859 pooled group E	Mus musculus	blood plasma	not available	pooled	pooled	normal	organism part	24 hour	depletion	not available	CAnN.Cg-Foxn1nu/Crl	female	Fusion_160307_75-TMT129C	proteomic profiling by mass spectrometry	1	Fusion_160307_75.raw	v1.1.0	NT=ms-proteomics;VV=v1.1.0	NT=vertebrates;VV=v1.1.0	manual curation	NT=Data-dependent acquisition;AC=PRIDE:0000627	NT=Orbitrap Fusion;AC=MS:1002416	NT=Trypsin;AC=MS:1001251	TMT129C	4	5 ppm	500 mmu	NT=Methylthio;AC=UNIMOD:39;TA=C;MT=Fixed	NT=Oxidation;AC=UNIMOD:35;TA=M;MT=Variable	NT=TMT6plex;AC=UNIMOD:737;TA=K;MT=Fixed	NT=TMT6plex;AC=UNIMOD:737;PP=Any N-term;MT=Fixed	0.5 Gy	7-week-old	irradiated
PXD015859 pooled group E	Mus musculus	blood plasma	not available	pooled	pooled	normal	organism part	24 hour	depletion	not available	CAnN.Cg-Foxn1nu/Crl	female	Fusion_160307_76-TMT129C	proteomic profiling by mass spectrometry	1	Fusion_160307_76.raw	v1.1.0	NT=ms-proteomics;VV=v1.1.0	NT=vertebrates;VV=v1.1.0	manual curation	NT=Data-dependent acquisition;AC=PRIDE:0000627	NT=Orbitrap Fusion;AC=MS:1002416	NT=Trypsin;AC=MS:1001251	TMT129C	5	5 ppm	500 mmu	NT=Methylthio;AC=UNIMOD:39;TA=C;MT=Fixed	NT=Oxidation;AC=UNIMOD:35;TA=M;MT=Variable	NT=TMT6plex;AC=UNIMOD:737;TA=K;MT=Fixed	NT=TMT6plex;AC=UNIMOD:737;PP=Any N-term;MT=Fixed	0.5 Gy	7-week-old	irradiated
PXD015859 pooled group E	Mus musculus	blood plasma	not available	pooled	pooled	normal	organism part	24 hour	depletion	not available	CAnN.Cg-Foxn1nu/Crl	female	Fusion_160307_77-TMT129C	proteomic profiling by mass spectrometry	1	Fusion_160307_77.raw	v1.1.0	NT=ms-proteomics;VV=v1.1.0	NT=vertebrates;VV=v1.1.0	manual curation	NT=Data-dependent acquisition;AC=PRIDE:0000627	NT=Orbitrap Fusion;AC=MS:1002416	NT=Trypsin;AC=MS:1001251	TMT129C	6	5 ppm	500 mmu	NT=Methylthio;AC=UNIMOD:39;TA=C;MT=Fixed	NT=Oxidation;AC=UNIMOD:35;TA=M;MT=Variable	NT=TMT6plex;AC=UNIMOD:737;TA=K;MT=Fixed	NT=TMT6plex;AC=UNIMOD:737;PP=Any N-term;MT=Fixed	0.5 Gy	7-week-old	irradiated
PXD015859 pooled group E	Mus musculus	blood plasma	not available	pooled	pooled	normal	organism part	24 hour	depletion	not available	CAnN.Cg-Foxn1nu/Crl	female	Fusion_160307_78-TMT129C	proteomic profiling by mass spectrometry	1	Fusion_160307_78.raw	v1.1.0	NT=ms-proteomics;VV=v1.1.0	NT=vertebrates;VV=v1.1.0	manual curation	NT=Data-dependent acquisition;AC=PRIDE:0000627	NT=Orbitrap Fusion;AC=MS:1002416	NT=Trypsin;AC=MS:1001251	TMT129C	7	5 ppm	500 mmu	NT=Methylthio;AC=UNIMOD:39;TA=C;MT=Fixed	NT=Oxidation;AC=UNIMOD:35;TA=M;MT=Variable	NT=TMT6plex;AC=UNIMOD:737;TA=K;MT=Fixed	NT=TMT6plex;AC=UNIMOD:737;PP=Any N-term;MT=Fixed	0.5 Gy	7-week-old	irradiated
PXD015859 pooled group E	Mus musculus	blood plasma	not available	pooled	pooled	normal	organism part	24 hour	depletion	not available	CAnN.Cg-Foxn1nu/Crl	female	Fusion_160307_79-TMT129C	proteomic profiling by mass spectrometry	1	Fusion_160307_79.raw	v1.1.0	NT=ms-proteomics;VV=v1.1.0	NT=vertebrates;VV=v1.1.0	manual curation	NT=Data-dependent acquisition;AC=PRIDE:0000627	NT=Orbitrap Fusion;AC=MS:1002416	NT=Trypsin;AC=MS:1001251	TMT129C	8	5 ppm	500 mmu	NT=Methylthio;AC=UNIMOD:39;TA=C;MT=Fixed	NT=Oxidation;AC=UNIMOD:35;TA=M;MT=Variable	NT=TMT6plex;AC=UNIMOD:737;TA=K;MT=Fixed	NT=TMT6plex;AC=UNIMOD:737;PP=Any N-term;MT=Fixed	0.5 Gy	7-week-old	irradiated
PXD015859 pooled group E	Mus musculus	blood plasma	not available	pooled	pooled	normal	organism part	24 hour	depletion	not available	CAnN.Cg-Foxn1nu/Crl	female	Fusion_160307_80-TMT129C	proteomic profiling by mass spectrometry	1	Fusion_160307_80.raw	v1.1.0	NT=ms-proteomics;VV=v1.1.0	NT=vertebrates;VV=v1.1.0	manual curation	NT=Data-dependent acquisition;AC=PRIDE:0000627	NT=Orbitrap Fusion;AC=MS:1002416	NT=Trypsin;AC=MS:1001251	TMT129C	9	5 ppm	500 mmu	NT=Methylthio;AC=UNIMOD:39;TA=C;MT=Fixed	NT=Oxidation;AC=UNIMOD:35;TA=M;MT=Variable	NT=TMT6plex;AC=UNIMOD:737;TA=K;MT=Fixed	NT=TMT6plex;AC=UNIMOD:737;PP=Any N-term;MT=Fixed	0.5 Gy	7-week-old	irradiated
PXD015859 pooled group E	Mus musculus	blood plasma	not available	pooled	pooled	normal	organism part	24 hour	depletion	not available	CAnN.Cg-Foxn1nu/Crl	female	Fusion_160307_81-TMT129C	proteomic profiling by mass spectrometry	1	Fusion_160307_81.raw	v1.1.0	NT=ms-proteomics;VV=v1.1.0	NT=vertebrates;VV=v1.1.0	manual curation	NT=Data-dependent acquisition;AC=PRIDE:0000627	NT=Orbitrap Fusion;AC=MS:1002416	NT=Trypsin;AC=MS:1001251	TMT129C	10	5 ppm	500 mmu	NT=Methylthio;AC=UNIMOD:39;TA=C;MT=Fixed	NT=Oxidation;AC=UNIMOD:35;TA=M;MT=Variable	NT=TMT6plex;AC=UNIMOD:737;TA=K;MT=Fixed	NT=TMT6plex;AC=UNIMOD:737;PP=Any N-term;MT=Fixed	0.5 Gy	7-week-old	irradiated
PXD015859 pooled group E	Mus musculus	blood plasma	not available	pooled	pooled	normal	organism part	24 hour	depletion	not available	CAnN.Cg-Foxn1nu/Crl	female	Fusion_160307_82-TMT129C	proteomic profiling by mass spectrometry	1	Fusion_160307_82.raw	v1.1.0	NT=ms-proteomics;VV=v1.1.0	NT=vertebrates;VV=v1.1.0	manual curation	NT=Data-dependent acquisition;AC=PRIDE:0000627	NT=Orbitrap Fusion;AC=MS:1002416	NT=Trypsin;AC=MS:1001251	TMT129C	11	5 ppm	500 mmu	NT=Methylthio;AC=UNIMOD:39;TA=C;MT=Fixed	NT=Oxidation;AC=UNIMOD:35;TA=M;MT=Variable	NT=TMT6plex;AC=UNIMOD:737;TA=K;MT=Fixed	NT=TMT6plex;AC=UNIMOD:737;PP=Any N-term;MT=Fixed	0.5 Gy	7-week-old	irradiated
PXD015859 pooled group E	Mus musculus	blood plasma	not available	pooled	pooled	normal	organism part	24 hour	depletion	not available	CAnN.Cg-Foxn1nu/Crl	female	Fusion_160307_83-TMT129C	proteomic profiling by mass spectrometry	1	Fusion_160307_83.raw	v1.1.0	NT=ms-proteomics;VV=v1.1.0	NT=vertebrates;VV=v1.1.0	manual curation	NT=Data-dependent acquisition;AC=PRIDE:0000627	NT=Orbitrap Fusion;AC=MS:1002416	NT=Trypsin;AC=MS:1001251	TMT129C	12	5 ppm	500 mmu	NT=Methylthio;AC=UNIMOD:39;TA=C;MT=Fixed	NT=Oxidation;AC=UNIMOD:35;TA=M;MT=Variable	NT=TMT6plex;AC=UNIMOD:737;TA=K;MT=Fixed	NT=TMT6plex;AC=UNIMOD:737;PP=Any N-term;MT=Fixed	0.5 Gy	7-week-old	irradiated
PXD015859 pooled group E	Mus musculus	blood plasma	not available	pooled	pooled	normal	organism part	24 hour	depletion	not available	CAnN.Cg-Foxn1nu/Crl	female	Fusion_160307_84-TMT129C	proteomic profiling by mass spectrometry	1	Fusion_160307_84.raw	v1.1.0	NT=ms-proteomics;VV=v1.1.0	NT=vertebrates;VV=v1.1.0	manual curation	NT=Data-dependent acquisition;AC=PRIDE:0000627	NT=Orbitrap Fusion;AC=MS:1002416	NT=Trypsin;AC=MS:1001251	TMT129C	13	5 ppm	500 mmu	NT=Methylthio;AC=UNIMOD:39;TA=C;MT=Fixed	NT=Oxidation;AC=UNIMOD:35;TA=M;MT=Variable	NT=TMT6plex;AC=UNIMOD:737;TA=K;MT=Fixed	NT=TMT6plex;AC=UNIMOD:737;PP=Any N-term;MT=Fixed	0.5 Gy	7-week-old	irradiated
PXD015859 pooled group E	Mus musculus	blood plasma	not available	pooled	pooled	normal	organism part	24 hour	depletion	not available	CAnN.Cg-Foxn1nu/Crl	female	Fusion_160307_85-TMT129C	proteomic profiling by mass spectrometry	1	Fusion_160307_85.raw	v1.1.0	NT=ms-proteomics;VV=v1.1.0	NT=vertebrates;VV=v1.1.0	manual curation	NT=Data-dependent acquisition;AC=PRIDE:0000627	NT=Orbitrap Fusion;AC=MS:1002416	NT=Trypsin;AC=MS:1001251	TMT129C	14	5 ppm	500 mmu	NT=Methylthio;AC=UNIMOD:39;TA=C;MT=Fixed	NT=Oxidation;AC=UNIMOD:35;TA=M;MT=Variable	NT=TMT6plex;AC=UNIMOD:737;TA=K;MT=Fixed	NT=TMT6plex;AC=UNIMOD:737;PP=Any N-term;MT=Fixed	0.5 Gy	7-week-old	irradiated
PXD015859 pooled group E	Mus musculus	blood plasma	not available	pooled	pooled	normal	organism part	24 hour	depletion	not available	CAnN.Cg-Foxn1nu/Crl	female	Fusion_160307_86-TMT129C	proteomic profiling by mass spectrometry	1	Fusion_160307_86.raw	v1.1.0	NT=ms-proteomics;VV=v1.1.0	NT=vertebrates;VV=v1.1.0	manual curation	NT=Data-dependent acquisition;AC=PRIDE:0000627	NT=Orbitrap Fusion;AC=MS:1002416	NT=Trypsin;AC=MS:1001251	TMT129C	15	5 ppm	500 mmu	NT=Methylthio;AC=UNIMOD:39;TA=C;MT=Fixed	NT=Oxidation;AC=UNIMOD:35;TA=M;MT=Variable	NT=TMT6plex;AC=UNIMOD:737;TA=K;MT=Fixed	NT=TMT6plex;AC=UNIMOD:737;PP=Any N-term;MT=Fixed	0.5 Gy	7-week-old	irradiated
PXD015859 pooled group E	Mus musculus	blood plasma	not available	pooled	pooled	normal	organism part	24 hour	depletion	not available	CAnN.Cg-Foxn1nu/Crl	female	Fusion_160307_87-TMT129C	proteomic profiling by mass spectrometry	1	Fusion_160307_87.raw	v1.1.0	NT=ms-proteomics;VV=v1.1.0	NT=vertebrates;VV=v1.1.0	manual curation	NT=Data-dependent acquisition;AC=PRIDE:0000627	NT=Orbitrap Fusion;AC=MS:1002416	NT=Trypsin;AC=MS:1001251	TMT129C	16	5 ppm	500 mmu	NT=Methylthio;AC=UNIMOD:39;TA=C;MT=Fixed	NT=Oxidation;AC=UNIMOD:35;TA=M;MT=Variable	NT=TMT6plex;AC=UNIMOD:737;TA=K;MT=Fixed	NT=TMT6plex;AC=UNIMOD:737;PP=Any N-term;MT=Fixed	0.5 Gy	7-week-old	irradiated
PXD015859 pooled group E	Mus musculus	blood plasma	not available	pooled	pooled	normal	organism part	24 hour	depletion	not available	CAnN.Cg-Foxn1nu/Crl	female	Fusion_160307_88-TMT129C	proteomic profiling by mass spectrometry	1	Fusion_160307_88.raw	v1.1.0	NT=ms-proteomics;VV=v1.1.0	NT=vertebrates;VV=v1.1.0	manual curation	NT=Data-dependent acquisition;AC=PRIDE:0000627	NT=Orbitrap Fusion;AC=MS:1002416	NT=Trypsin;AC=MS:1001251	TMT129C	17	5 ppm	500 mmu	NT=Methylthio;AC=UNIMOD:39;TA=C;MT=Fixed	NT=Oxidation;AC=UNIMOD:35;TA=M;MT=Variable	NT=TMT6plex;AC=UNIMOD:737;TA=K;MT=Fixed	NT=TMT6plex;AC=UNIMOD:737;PP=Any N-term;MT=Fixed	0.5 Gy	7-week-old	irradiated
PXD015859 pooled group E	Mus musculus	blood plasma	not available	pooled	pooled	normal	organism part	24 hour	depletion	not available	CAnN.Cg-Foxn1nu/Crl	female	Fusion_160307_89-TMT129C	proteomic profiling by mass spectrometry	1	Fusion_160307_89.raw	v1.1.0	NT=ms-proteomics;VV=v1.1.0	NT=vertebrates;VV=v1.1.0	manual curation	NT=Data-dependent acquisition;AC=PRIDE:0000627	NT=Orbitrap Fusion;AC=MS:1002416	NT=Trypsin;AC=MS:1001251	TMT129C	18	5 ppm	500 mmu	NT=Methylthio;AC=UNIMOD:39;TA=C;MT=Fixed	NT=Oxidation;AC=UNIMOD:35;TA=M;MT=Variable	NT=TMT6plex;AC=UNIMOD:737;TA=K;MT=Fixed	NT=TMT6plex;AC=UNIMOD:737;PP=Any N-term;MT=Fixed	0.5 Gy	7-week-old	irradiated
PXD015859 pooled group E	Mus musculus	blood plasma	not available	pooled	pooled	normal	organism part	24 hour	depletion	not available	CAnN.Cg-Foxn1nu/Crl	female	Fusion_160307_90-TMT129C	proteomic profiling by mass spectrometry	1	Fusion_160307_90.raw	v1.1.0	NT=ms-proteomics;VV=v1.1.0	NT=vertebrates;VV=v1.1.0	manual curation	NT=Data-dependent acquisition;AC=PRIDE:0000627	NT=Orbitrap Fusion;AC=MS:1002416	NT=Trypsin;AC=MS:1001251	TMT129C	19	5 ppm	500 mmu	NT=Methylthio;AC=UNIMOD:39;TA=C;MT=Fixed	NT=Oxidation;AC=UNIMOD:35;TA=M;MT=Variable	NT=TMT6plex;AC=UNIMOD:737;TA=K;MT=Fixed	NT=TMT6plex;AC=UNIMOD:737;PP=Any N-term;MT=Fixed	0.5 Gy	7-week-old	irradiated
PXD015859 pooled group E	Mus musculus	blood plasma	not available	pooled	pooled	normal	organism part	24 hour	depletion	not available	CAnN.Cg-Foxn1nu/Crl	female	Fusion_160307_91-TMT129C	proteomic profiling by mass spectrometry	1	Fusion_160307_91.raw	v1.1.0	NT=ms-proteomics;VV=v1.1.0	NT=vertebrates;VV=v1.1.0	manual curation	NT=Data-dependent acquisition;AC=PRIDE:0000627	NT=Orbitrap Fusion;AC=MS:1002416	NT=Trypsin;AC=MS:1001251	TMT129C	20	5 ppm	500 mmu	NT=Methylthio;AC=UNIMOD:39;TA=C;MT=Fixed	NT=Oxidation;AC=UNIMOD:35;TA=M;MT=Variable	NT=TMT6plex;AC=UNIMOD:737;TA=K;MT=Fixed	NT=TMT6plex;AC=UNIMOD:737;PP=Any N-term;MT=Fixed	0.5 Gy	7-week-old	irradiated
PXD015859 pooled group F	Mus musculus	blood plasma	not available	pooled	pooled	normal	organism part	24 hour	depletion	not available	CAnN.Cg-Foxn1nu/Crl	male	Fusion_160307_72-TMT130N	proteomic profiling by mass spectrometry	1	Fusion_160307_72.raw	v1.1.0	NT=ms-proteomics;VV=v1.1.0	NT=vertebrates;VV=v1.1.0	manual curation	NT=Data-dependent acquisition;AC=PRIDE:0000627	NT=Orbitrap Fusion;AC=MS:1002416	NT=Trypsin;AC=MS:1001251	TMT130N	1	5 ppm	500 mmu	NT=Methylthio;AC=UNIMOD:39;TA=C;MT=Fixed	NT=Oxidation;AC=UNIMOD:35;TA=M;MT=Variable	NT=TMT6plex;AC=UNIMOD:737;TA=K;MT=Fixed	NT=TMT6plex;AC=UNIMOD:737;PP=Any N-term;MT=Fixed	0.5 Gy	7-week-old	irradiated
PXD015859 pooled group F	Mus musculus	blood plasma	not available	pooled	pooled	normal	organism part	24 hour	depletion	not available	CAnN.Cg-Foxn1nu/Crl	male	Fusion_160307_73-TMT130N	proteomic profiling by mass spectrometry	1	Fusion_160307_73.raw	v1.1.0	NT=ms-proteomics;VV=v1.1.0	NT=vertebrates;VV=v1.1.0	manual curation	NT=Data-dependent acquisition;AC=PRIDE:0000627	NT=Orbitrap Fusion;AC=MS:1002416	NT=Trypsin;AC=MS:1001251	TMT130N	2	5 ppm	500 mmu	NT=Methylthio;AC=UNIMOD:39;TA=C;MT=Fixed	NT=Oxidation;AC=UNIMOD:35;TA=M;MT=Variable	NT=TMT6plex;AC=UNIMOD:737;TA=K;MT=Fixed	NT=TMT6plex;AC=UNIMOD:737;PP=Any N-term;MT=Fixed	0.5 Gy	7-week-old	irradiated
PXD015859 pooled group F	Mus musculus	blood plasma	not available	pooled	pooled	normal	organism part	24 hour	depletion	not available	CAnN.Cg-Foxn1nu/Crl	male	Fusion_160307_74-TMT130N	proteomic profiling by mass spectrometry	1	Fusion_160307_74.raw	v1.1.0	NT=ms-proteomics;VV=v1.1.0	NT=vertebrates;VV=v1.1.0	manual curation	NT=Data-dependent acquisition;AC=PRIDE:0000627	NT=Orbitrap Fusion;AC=MS:1002416	NT=Trypsin;AC=MS:1001251	TMT130N	3	5 ppm	500 mmu	NT=Methylthio;AC=UNIMOD:39;TA=C;MT=Fixed	NT=Oxidation;AC=UNIMOD:35;TA=M;MT=Variable	NT=TMT6plex;AC=UNIMOD:737;TA=K;MT=Fixed	NT=TMT6plex;AC=UNIMOD:737;PP=Any N-term;MT=Fixed	0.5 Gy	7-week-old	irradiated
PXD015859 pooled group F	Mus musculus	blood plasma	not available	pooled	pooled	normal	organism part	24 hour	depletion	not available	CAnN.Cg-Foxn1nu/Crl	male	Fusion_160307_75-TMT130N	proteomic profiling by mass spectrometry	1	Fusion_160307_75.raw	v1.1.0	NT=ms-proteomics;VV=v1.1.0	NT=vertebrates;VV=v1.1.0	manual curation	NT=Data-dependent acquisition;AC=PRIDE:0000627	NT=Orbitrap Fusion;AC=MS:1002416	NT=Trypsin;AC=MS:1001251	TMT130N	4	5 ppm	500 mmu	NT=Methylthio;AC=UNIMOD:39;TA=C;MT=Fixed	NT=Oxidation;AC=UNIMOD:35;TA=M;MT=Variable	NT=TMT6plex;AC=UNIMOD:737;TA=K;MT=Fixed	NT=TMT6plex;AC=UNIMOD:737;PP=Any N-term;MT=Fixed	0.5 Gy	7-week-old	irradiated
PXD015859 pooled group F	Mus musculus	blood plasma	not available	pooled	pooled	normal	organism part	24 hour	depletion	not available	CAnN.Cg-Foxn1nu/Crl	male	Fusion_160307_76-TMT130N	proteomic profiling by mass spectrometry	1	Fusion_160307_76.raw	v1.1.0	NT=ms-proteomics;VV=v1.1.0	NT=vertebrates;VV=v1.1.0	manual curation	NT=Data-dependent acquisition;AC=PRIDE:0000627	NT=Orbitrap Fusion;AC=MS:1002416	NT=Trypsin;AC=MS:1001251	TMT130N	5	5 ppm	500 mmu	NT=Methylthio;AC=UNIMOD:39;TA=C;MT=Fixed	NT=Oxidation;AC=UNIMOD:35;TA=M;MT=Variable	NT=TMT6plex;AC=UNIMOD:737;TA=K;MT=Fixed	NT=TMT6plex;AC=UNIMOD:737;PP=Any N-term;MT=Fixed	0.5 Gy	7-week-old	irradiated
PXD015859 pooled group F	Mus musculus	blood plasma	not available	pooled	pooled	normal	organism part	24 hour	depletion	not available	CAnN.Cg-Foxn1nu/Crl	male	Fusion_160307_77-TMT130N	proteomic profiling by mass spectrometry	1	Fusion_160307_77.raw	v1.1.0	NT=ms-proteomics;VV=v1.1.0	NT=vertebrates;VV=v1.1.0	manual curation	NT=Data-dependent acquisition;AC=PRIDE:0000627	NT=Orbitrap Fusion;AC=MS:1002416	NT=Trypsin;AC=MS:1001251	TMT130N	6	5 ppm	500 mmu	NT=Methylthio;AC=UNIMOD:39;TA=C;MT=Fixed	NT=Oxidation;AC=UNIMOD:35;TA=M;MT=Variable	NT=TMT6plex;AC=UNIMOD:737;TA=K;MT=Fixed	NT=TMT6plex;AC=UNIMOD:737;PP=Any N-term;MT=Fixed	0.5 Gy	7-week-old	irradiated
PXD015859 pooled group F	Mus musculus	blood plasma	not available	pooled	pooled	normal	organism part	24 hour	depletion	not available	CAnN.Cg-Foxn1nu/Crl	male	Fusion_160307_78-TMT130N	proteomic profiling by mass spectrometry	1	Fusion_160307_78.raw	v1.1.0	NT=ms-proteomics;VV=v1.1.0	NT=vertebrates;VV=v1.1.0	manual curation	NT=Data-dependent acquisition;AC=PRIDE:0000627	NT=Orbitrap Fusion;AC=MS:1002416	NT=Trypsin;AC=MS:1001251	TMT130N	7	5 ppm	500 mmu	NT=Methylthio;AC=UNIMOD:39;TA=C;MT=Fixed	NT=Oxidation;AC=UNIMOD:35;TA=M;MT=Variable	NT=TMT6plex;AC=UNIMOD:737;TA=K;MT=Fixed	NT=TMT6plex;AC=UNIMOD:737;PP=Any N-term;MT=Fixed	0.5 Gy	7-week-old	irradiated
PXD015859 pooled group F	Mus musculus	blood plasma	not available	pooled	pooled	normal	organism part	24 hour	depletion	not available	CAnN.Cg-Foxn1nu/Crl	male	Fusion_160307_79-TMT130N	proteomic profiling by mass spectrometry	1	Fusion_160307_79.raw	v1.1.0	NT=ms-proteomics;VV=v1.1.0	NT=vertebrates;VV=v1.1.0	manual curation	NT=Data-dependent acquisition;AC=PRIDE:0000627	NT=Orbitrap Fusion;AC=MS:1002416	NT=Trypsin;AC=MS:1001251	TMT130N	8	5 ppm	500 mmu	NT=Methylthio;AC=UNIMOD:39;TA=C;MT=Fixed	NT=Oxidation;AC=UNIMOD:35;TA=M;MT=Variable	NT=TMT6plex;AC=UNIMOD:737;TA=K;MT=Fixed	NT=TMT6plex;AC=UNIMOD:737;PP=Any N-term;MT=Fixed	0.5 Gy	7-week-old	irradiated
PXD015859 pooled group F	Mus musculus	blood plasma	not available	pooled	pooled	normal	organism part	24 hour	depletion	not available	CAnN.Cg-Foxn1nu/Crl	male	Fusion_160307_80-TMT130N	proteomic profiling by mass spectrometry	1	Fusion_160307_80.raw	v1.1.0	NT=ms-proteomics;VV=v1.1.0	NT=vertebrates;VV=v1.1.0	manual curation	NT=Data-dependent acquisition;AC=PRIDE:0000627	NT=Orbitrap Fusion;AC=MS:1002416	NT=Trypsin;AC=MS:1001251	TMT130N	9	5 ppm	500 mmu	NT=Methylthio;AC=UNIMOD:39;TA=C;MT=Fixed	NT=Oxidation;AC=UNIMOD:35;TA=M;MT=Variable	NT=TMT6plex;AC=UNIMOD:737;TA=K;MT=Fixed	NT=TMT6plex;AC=UNIMOD:737;PP=Any N-term;MT=Fixed	0.5 Gy	7-week-old	irradiated
PXD015859 pooled group F	Mus musculus	blood plasma	not available	pooled	pooled	normal	organism part	24 hour	depletion	not available	CAnN.Cg-Foxn1nu/Crl	male	Fusion_160307_81-TMT130N	proteomic profiling by mass spectrometry	1	Fusion_160307_81.raw	v1.1.0	NT=ms-proteomics;VV=v1.1.0	NT=vertebrates;VV=v1.1.0	manual curation	NT=Data-dependent acquisition;AC=PRIDE:0000627	NT=Orbitrap Fusion;AC=MS:1002416	NT=Trypsin;AC=MS:1001251	TMT130N	10	5 ppm	500 mmu	NT=Methylthio;AC=UNIMOD:39;TA=C;MT=Fixed	NT=Oxidation;AC=UNIMOD:35;TA=M;MT=Variable	NT=TMT6plex;AC=UNIMOD:737;TA=K;MT=Fixed	NT=TMT6plex;AC=UNIMOD:737;PP=Any N-term;MT=Fixed	0.5 Gy	7-week-old	irradiated
PXD015859 pooled group F	Mus musculus	blood plasma	not available	pooled	pooled	normal	organism part	24 hour	depletion	not available	CAnN.Cg-Foxn1nu/Crl	male	Fusion_160307_82-TMT130N	proteomic profiling by mass spectrometry	1	Fusion_160307_82.raw	v1.1.0	NT=ms-proteomics;VV=v1.1.0	NT=vertebrates;VV=v1.1.0	manual curation	NT=Data-dependent acquisition;AC=PRIDE:0000627	NT=Orbitrap Fusion;AC=MS:1002416	NT=Trypsin;AC=MS:1001251	TMT130N	11	5 ppm	500 mmu	NT=Methylthio;AC=UNIMOD:39;TA=C;MT=Fixed	NT=Oxidation;AC=UNIMOD:35;TA=M;MT=Variable	NT=TMT6plex;AC=UNIMOD:737;TA=K;MT=Fixed	NT=TMT6plex;AC=UNIMOD:737;PP=Any N-term;MT=Fixed	0.5 Gy	7-week-old	irradiated
PXD015859 pooled group F	Mus musculus	blood plasma	not available	pooled	pooled	normal	organism part	24 hour	depletion	not available	CAnN.Cg-Foxn1nu/Crl	male	Fusion_160307_83-TMT130N	proteomic profiling by mass spectrometry	1	Fusion_160307_83.raw	v1.1.0	NT=ms-proteomics;VV=v1.1.0	NT=vertebrates;VV=v1.1.0	manual curation	NT=Data-dependent acquisition;AC=PRIDE:0000627	NT=Orbitrap Fusion;AC=MS:1002416	NT=Trypsin;AC=MS:1001251	TMT130N	12	5 ppm	500 mmu	NT=Methylthio;AC=UNIMOD:39;TA=C;MT=Fixed	NT=Oxidation;AC=UNIMOD:35;TA=M;MT=Variable	NT=TMT6plex;AC=UNIMOD:737;TA=K;MT=Fixed	NT=TMT6plex;AC=UNIMOD:737;PP=Any N-term;MT=Fixed	0.5 Gy	7-week-old	irradiated
PXD015859 pooled group F	Mus musculus	blood plasma	not available	pooled	pooled	normal	organism part	24 hour	depletion	not available	CAnN.Cg-Foxn1nu/Crl	male	Fusion_160307_84-TMT130N	proteomic profiling by mass spectrometry	1	Fusion_160307_84.raw	v1.1.0	NT=ms-proteomics;VV=v1.1.0	NT=vertebrates;VV=v1.1.0	manual curation	NT=Data-dependent acquisition;AC=PRIDE:0000627	NT=Orbitrap Fusion;AC=MS:1002416	NT=Trypsin;AC=MS:1001251	TMT130N	13	5 ppm	500 mmu	NT=Methylthio;AC=UNIMOD:39;TA=C;MT=Fixed	NT=Oxidation;AC=UNIMOD:35;TA=M;MT=Variable	NT=TMT6plex;AC=UNIMOD:737;TA=K;MT=Fixed	NT=TMT6plex;AC=UNIMOD:737;PP=Any N-term;MT=Fixed	0.5 Gy	7-week-old	irradiated
PXD015859 pooled group F	Mus musculus	blood plasma	not available	pooled	pooled	normal	organism part	24 hour	depletion	not available	CAnN.Cg-Foxn1nu/Crl	male	Fusion_160307_85-TMT130N	proteomic profiling by mass spectrometry	1	Fusion_160307_85.raw	v1.1.0	NT=ms-proteomics;VV=v1.1.0	NT=vertebrates;VV=v1.1.0	manual curation	NT=Data-dependent acquisition;AC=PRIDE:0000627	NT=Orbitrap Fusion;AC=MS:1002416	NT=Trypsin;AC=MS:1001251	TMT130N	14	5 ppm	500 mmu	NT=Methylthio;AC=UNIMOD:39;TA=C;MT=Fixed	NT=Oxidation;AC=UNIMOD:35;TA=M;MT=Variable	NT=TMT6plex;AC=UNIMOD:737;TA=K;MT=Fixed	NT=TMT6plex;AC=UNIMOD:737;PP=Any N-term;MT=Fixed	0.5 Gy	7-week-old	irradiated
PXD015859 pooled group F	Mus musculus	blood plasma	not available	pooled	pooled	normal	organism part	24 hour	depletion	not available	CAnN.Cg-Foxn1nu/Crl	male	Fusion_160307_86-TMT130N	proteomic profiling by mass spectrometry	1	Fusion_160307_86.raw	v1.1.0	NT=ms-proteomics;VV=v1.1.0	NT=vertebrates;VV=v1.1.0	manual curation	NT=Data-dependent acquisition;AC=PRIDE:0000627	NT=Orbitrap Fusion;AC=MS:1002416	NT=Trypsin;AC=MS:1001251	TMT130N	15	5 ppm	500 mmu	NT=Methylthio;AC=UNIMOD:39;TA=C;MT=Fixed	NT=Oxidation;AC=UNIMOD:35;TA=M;MT=Variable	NT=TMT6plex;AC=UNIMOD:737;TA=K;MT=Fixed	NT=TMT6plex;AC=UNIMOD:737;PP=Any N-term;MT=Fixed	0.5 Gy	7-week-old	irradiated
PXD015859 pooled group F	Mus musculus	blood plasma	not available	pooled	pooled	normal	organism part	24 hour	depletion	not available	CAnN.Cg-Foxn1nu/Crl	male	Fusion_160307_87-TMT130N	proteomic profiling by mass spectrometry	1	Fusion_160307_87.raw	v1.1.0	NT=ms-proteomics;VV=v1.1.0	NT=vertebrates;VV=v1.1.0	manual curation	NT=Data-dependent acquisition;AC=PRIDE:0000627	NT=Orbitrap Fusion;AC=MS:1002416	NT=Trypsin;AC=MS:1001251	TMT130N	16	5 ppm	500 mmu	NT=Methylthio;AC=UNIMOD:39;TA=C;MT=Fixed	NT=Oxidation;AC=UNIMOD:35;TA=M;MT=Variable	NT=TMT6plex;AC=UNIMOD:737;TA=K;MT=Fixed	NT=TMT6plex;AC=UNIMOD:737;PP=Any N-term;MT=Fixed	0.5 Gy	7-week-old	irradiated
PXD015859 pooled group F	Mus musculus	blood plasma	not available	pooled	pooled	normal	organism part	24 hour	depletion	not available	CAnN.Cg-Foxn1nu/Crl	male	Fusion_160307_88-TMT130N	proteomic profiling by mass spectrometry	1	Fusion_160307_88.raw	v1.1.0	NT=ms-proteomics;VV=v1.1.0	NT=vertebrates;VV=v1.1.0	manual curation	NT=Data-dependent acquisition;AC=PRIDE:0000627	NT=Orbitrap Fusion;AC=MS:1002416	NT=Trypsin;AC=MS:1001251	TMT130N	17	5 ppm	500 mmu	NT=Methylthio;AC=UNIMOD:39;TA=C;MT=Fixed	NT=Oxidation;AC=UNIMOD:35;TA=M;MT=Variable	NT=TMT6plex;AC=UNIMOD:737;TA=K;MT=Fixed	NT=TMT6plex;AC=UNIMOD:737;PP=Any N-term;MT=Fixed	0.5 Gy	7-week-old	irradiated
PXD015859 pooled group F	Mus musculus	blood plasma	not available	pooled	pooled	normal	organism part	24 hour	depletion	not available	CAnN.Cg-Foxn1nu/Crl	male	Fusion_160307_89-TMT130N	proteomic profiling by mass spectrometry	1	Fusion_160307_89.raw	v1.1.0	NT=ms-proteomics;VV=v1.1.0	NT=vertebrates;VV=v1.1.0	manual curation	NT=Data-dependent acquisition;AC=PRIDE:0000627	NT=Orbitrap Fusion;AC=MS:1002416	NT=Trypsin;AC=MS:1001251	TMT130N	18	5 ppm	500 mmu	NT=Methylthio;AC=UNIMOD:39;TA=C;MT=Fixed	NT=Oxidation;AC=UNIMOD:35;TA=M;MT=Variable	NT=TMT6plex;AC=UNIMOD:737;TA=K;MT=Fixed	NT=TMT6plex;AC=UNIMOD:737;PP=Any N-term;MT=Fixed	0.5 Gy	7-week-old	irradiated
PXD015859 pooled group F	Mus musculus	blood plasma	not available	pooled	pooled	normal	organism part	24 hour	depletion	not available	CAnN.Cg-Foxn1nu/Crl	male	Fusion_160307_90-TMT130N	proteomic profiling by mass spectrometry	1	Fusion_160307_90.raw	v1.1.0	NT=ms-proteomics;VV=v1.1.0	NT=vertebrates;VV=v1.1.0	manual curation	NT=Data-dependent acquisition;AC=PRIDE:0000627	NT=Orbitrap Fusion;AC=MS:1002416	NT=Trypsin;AC=MS:1001251	TMT130N	19	5 ppm	500 mmu	NT=Methylthio;AC=UNIMOD:39;TA=C;MT=Fixed	NT=Oxidation;AC=UNIMOD:35;TA=M;MT=Variable	NT=TMT6plex;AC=UNIMOD:737;TA=K;MT=Fixed	NT=TMT6plex;AC=UNIMOD:737;PP=Any N-term;MT=Fixed	0.5 Gy	7-week-old	irradiated
PXD015859 pooled group F	Mus musculus	blood plasma	not available	pooled	pooled	normal	organism part	24 hour	depletion	not available	CAnN.Cg-Foxn1nu/Crl	male	Fusion_160307_91-TMT130N	proteomic profiling by mass spectrometry	1	Fusion_160307_91.raw	v1.1.0	NT=ms-proteomics;VV=v1.1.0	NT=vertebrates;VV=v1.1.0	manual curation	NT=Data-dependent acquisition;AC=PRIDE:0000627	NT=Orbitrap Fusion;AC=MS:1002416	NT=Trypsin;AC=MS:1001251	TMT130N	20	5 ppm	500 mmu	NT=Methylthio;AC=UNIMOD:39;TA=C;MT=Fixed	NT=Oxidation;AC=UNIMOD:35;TA=M;MT=Variable	NT=TMT6plex;AC=UNIMOD:737;TA=K;MT=Fixed	NT=TMT6plex;AC=UNIMOD:737;PP=Any N-term;MT=Fixed	0.5 Gy	7-week-old	irradiated
PXD015859 pooled group EK	Mus musculus	blood plasma	not available	pooled	pooled	normal	organism part	24 hour	depletion	not available	CAnN.Cg-Foxn1nu/Crl	female	Fusion_160307_72-TMT130C	proteomic profiling by mass spectrometry	1	Fusion_160307_72.raw	v1.1.0	NT=ms-proteomics;VV=v1.1.0	NT=vertebrates;VV=v1.1.0	manual curation	NT=Data-dependent acquisition;AC=PRIDE:0000627	NT=Orbitrap Fusion;AC=MS:1002416	NT=Trypsin;AC=MS:1001251	TMT130C	1	5 ppm	500 mmu	NT=Methylthio;AC=UNIMOD:39;TA=C;MT=Fixed	NT=Oxidation;AC=UNIMOD:35;TA=M;MT=Variable	NT=TMT6plex;AC=UNIMOD:737;TA=K;MT=Fixed	NT=TMT6plex;AC=UNIMOD:737;PP=Any N-term;MT=Fixed	0 Gy	7-week-old	mock-treated control
PXD015859 pooled group EK	Mus musculus	blood plasma	not available	pooled	pooled	normal	organism part	24 hour	depletion	not available	CAnN.Cg-Foxn1nu/Crl	female	Fusion_160307_73-TMT130C	proteomic profiling by mass spectrometry	1	Fusion_160307_73.raw	v1.1.0	NT=ms-proteomics;VV=v1.1.0	NT=vertebrates;VV=v1.1.0	manual curation	NT=Data-dependent acquisition;AC=PRIDE:0000627	NT=Orbitrap Fusion;AC=MS:1002416	NT=Trypsin;AC=MS:1001251	TMT130C	2	5 ppm	500 mmu	NT=Methylthio;AC=UNIMOD:39;TA=C;MT=Fixed	NT=Oxidation;AC=UNIMOD:35;TA=M;MT=Variable	NT=TMT6plex;AC=UNIMOD:737;TA=K;MT=Fixed	NT=TMT6plex;AC=UNIMOD:737;PP=Any N-term;MT=Fixed	0 Gy	7-week-old	mock-treated control
PXD015859 pooled group EK	Mus musculus	blood plasma	not available	pooled	pooled	normal	organism part	24 hour	depletion	not available	CAnN.Cg-Foxn1nu/Crl	female	Fusion_160307_74-TMT130C	proteomic profiling by mass spectrometry	1	Fusion_160307_74.raw	v1.1.0	NT=ms-proteomics;VV=v1.1.0	NT=vertebrates;VV=v1.1.0	manual curation	NT=Data-dependent acquisition;AC=PRIDE:0000627	NT=Orbitrap Fusion;AC=MS:1002416	NT=Trypsin;AC=MS:1001251	TMT130C	3	5 ppm	500 mmu	NT=Methylthio;AC=UNIMOD:39;TA=C;MT=Fixed	NT=Oxidation;AC=UNIMOD:35;TA=M;MT=Variable	NT=TMT6plex;AC=UNIMOD:737;TA=K;MT=Fixed	NT=TMT6plex;AC=UNIMOD:737;PP=Any N-term;MT=Fixed	0 Gy	7-week-old	mock-treated control
PXD015859 pooled group EK	Mus musculus	blood plasma	not available	pooled	pooled	normal	organism part	24 hour	depletion	not available	CAnN.Cg-Foxn1nu/Crl	female	Fusion_160307_75-TMT130C	proteomic profiling by mass spectrometry	1	Fusion_160307_75.raw	v1.1.0	NT=ms-proteomics;VV=v1.1.0	NT=vertebrates;VV=v1.1.0	manual curation	NT=Data-dependent acquisition;AC=PRIDE:0000627	NT=Orbitrap Fusion;AC=MS:1002416	NT=Trypsin;AC=MS:1001251	TMT130C	4	5 ppm	500 mmu	NT=Methylthio;AC=UNIMOD:39;TA=C;MT=Fixed	NT=Oxidation;AC=UNIMOD:35;TA=M;MT=Variable	NT=TMT6plex;AC=UNIMOD:737;TA=K;MT=Fixed	NT=TMT6plex;AC=UNIMOD:737;PP=Any N-term;MT=Fixed	0 Gy	7-week-old	mock-treated control
PXD015859 pooled group EK	Mus musculus	blood plasma	not available	pooled	pooled	normal	organism part	24 hour	depletion	not available	CAnN.Cg-Foxn1nu/Crl	female	Fusion_160307_76-TMT130C	proteomic profiling by mass spectrometry	1	Fusion_160307_76.raw	v1.1.0	NT=ms-proteomics;VV=v1.1.0	NT=vertebrates;VV=v1.1.0	manual curation	NT=Data-dependent acquisition;AC=PRIDE:0000627	NT=Orbitrap Fusion;AC=MS:1002416	NT=Trypsin;AC=MS:1001251	TMT130C	5	5 ppm	500 mmu	NT=Methylthio;AC=UNIMOD:39;TA=C;MT=Fixed	NT=Oxidation;AC=UNIMOD:35;TA=M;MT=Variable	NT=TMT6plex;AC=UNIMOD:737;TA=K;MT=Fixed	NT=TMT6plex;AC=UNIMOD:737;PP=Any N-term;MT=Fixed	0 Gy	7-week-old	mock-treated control
PXD015859 pooled group EK	Mus musculus	blood plasma	not available	pooled	pooled	normal	organism part	24 hour	depletion	not available	CAnN.Cg-Foxn1nu/Crl	female	Fusion_160307_77-TMT130C	proteomic profiling by mass spectrometry	1	Fusion_160307_77.raw	v1.1.0	NT=ms-proteomics;VV=v1.1.0	NT=vertebrates;VV=v1.1.0	manual curation	NT=Data-dependent acquisition;AC=PRIDE:0000627	NT=Orbitrap Fusion;AC=MS:1002416	NT=Trypsin;AC=MS:1001251	TMT130C	6	5 ppm	500 mmu	NT=Methylthio;AC=UNIMOD:39;TA=C;MT=Fixed	NT=Oxidation;AC=UNIMOD:35;TA=M;MT=Variable	NT=TMT6plex;AC=UNIMOD:737;TA=K;MT=Fixed	NT=TMT6plex;AC=UNIMOD:737;PP=Any N-term;MT=Fixed	0 Gy	7-week-old	mock-treated control
PXD015859 pooled group EK	Mus musculus	blood plasma	not available	pooled	pooled	normal	organism part	24 hour	depletion	not available	CAnN.Cg-Foxn1nu/Crl	female	Fusion_160307_78-TMT130C	proteomic profiling by mass spectrometry	1	Fusion_160307_78.raw	v1.1.0	NT=ms-proteomics;VV=v1.1.0	NT=vertebrates;VV=v1.1.0	manual curation	NT=Data-dependent acquisition;AC=PRIDE:0000627	NT=Orbitrap Fusion;AC=MS:1002416	NT=Trypsin;AC=MS:1001251	TMT130C	7	5 ppm	500 mmu	NT=Methylthio;AC=UNIMOD:39;TA=C;MT=Fixed	NT=Oxidation;AC=UNIMOD:35;TA=M;MT=Variable	NT=TMT6plex;AC=UNIMOD:737;TA=K;MT=Fixed	NT=TMT6plex;AC=UNIMOD:737;PP=Any N-term;MT=Fixed	0 Gy	7-week-old	mock-treated control
PXD015859 pooled group EK	Mus musculus	blood plasma	not available	pooled	pooled	normal	organism part	24 hour	depletion	not available	CAnN.Cg-Foxn1nu/Crl	female	Fusion_160307_79-TMT130C	proteomic profiling by mass spectrometry	1	Fusion_160307_79.raw	v1.1.0	NT=ms-proteomics;VV=v1.1.0	NT=vertebrates;VV=v1.1.0	manual curation	NT=Data-dependent acquisition;AC=PRIDE:0000627	NT=Orbitrap Fusion;AC=MS:1002416	NT=Trypsin;AC=MS:1001251	TMT130C	8	5 ppm	500 mmu	NT=Methylthio;AC=UNIMOD:39;TA=C;MT=Fixed	NT=Oxidation;AC=UNIMOD:35;TA=M;MT=Variable	NT=TMT6plex;AC=UNIMOD:737;TA=K;MT=Fixed	NT=TMT6plex;AC=UNIMOD:737;PP=Any N-term;MT=Fixed	0 Gy	7-week-old	mock-treated control
PXD015859 pooled group EK	Mus musculus	blood plasma	not available	pooled	pooled	normal	organism part	24 hour	depletion	not available	CAnN.Cg-Foxn1nu/Crl	female	Fusion_160307_80-TMT130C	proteomic profiling by mass spectrometry	1	Fusion_160307_80.raw	v1.1.0	NT=ms-proteomics;VV=v1.1.0	NT=vertebrates;VV=v1.1.0	manual curation	NT=Data-dependent acquisition;AC=PRIDE:0000627	NT=Orbitrap Fusion;AC=MS:1002416	NT=Trypsin;AC=MS:1001251	TMT130C	9	5 ppm	500 mmu	NT=Methylthio;AC=UNIMOD:39;TA=C;MT=Fixed	NT=Oxidation;AC=UNIMOD:35;TA=M;MT=Variable	NT=TMT6plex;AC=UNIMOD:737;TA=K;MT=Fixed	NT=TMT6plex;AC=UNIMOD:737;PP=Any N-term;MT=Fixed	0 Gy	7-week-old	mock-treated control
PXD015859 pooled group EK	Mus musculus	blood plasma	not available	pooled	pooled	normal	organism part	24 hour	depletion	not available	CAnN.Cg-Foxn1nu/Crl	female	Fusion_160307_81-TMT130C	proteomic profiling by mass spectrometry	1	Fusion_160307_81.raw	v1.1.0	NT=ms-proteomics;VV=v1.1.0	NT=vertebrates;VV=v1.1.0	manual curation	NT=Data-dependent acquisition;AC=PRIDE:0000627	NT=Orbitrap Fusion;AC=MS:1002416	NT=Trypsin;AC=MS:1001251	TMT130C	10	5 ppm	500 mmu	NT=Methylthio;AC=UNIMOD:39;TA=C;MT=Fixed	NT=Oxidation;AC=UNIMOD:35;TA=M;MT=Variable	NT=TMT6plex;AC=UNIMOD:737;TA=K;MT=Fixed	NT=TMT6plex;AC=UNIMOD:737;PP=Any N-term;MT=Fixed	0 Gy	7-week-old	mock-treated control
PXD015859 pooled group EK	Mus musculus	blood plasma	not available	pooled	pooled	normal	organism part	24 hour	depletion	not available	CAnN.Cg-Foxn1nu/Crl	female	Fusion_160307_82-TMT130C	proteomic profiling by mass spectrometry	1	Fusion_160307_82.raw	v1.1.0	NT=ms-proteomics;VV=v1.1.0	NT=vertebrates;VV=v1.1.0	manual curation	NT=Data-dependent acquisition;AC=PRIDE:0000627	NT=Orbitrap Fusion;AC=MS:1002416	NT=Trypsin;AC=MS:1001251	TMT130C	11	5 ppm	500 mmu	NT=Methylthio;AC=UNIMOD:39;TA=C;MT=Fixed	NT=Oxidation;AC=UNIMOD:35;TA=M;MT=Variable	NT=TMT6plex;AC=UNIMOD:737;TA=K;MT=Fixed	NT=TMT6plex;AC=UNIMOD:737;PP=Any N-term;MT=Fixed	0 Gy	7-week-old	mock-treated control
PXD015859 pooled group EK	Mus musculus	blood plasma	not available	pooled	pooled	normal	organism part	24 hour	depletion	not available	CAnN.Cg-Foxn1nu/Crl	female	Fusion_160307_83-TMT130C	proteomic profiling by mass spectrometry	1	Fusion_160307_83.raw	v1.1.0	NT=ms-proteomics;VV=v1.1.0	NT=vertebrates;VV=v1.1.0	manual curation	NT=Data-dependent acquisition;AC=PRIDE:0000627	NT=Orbitrap Fusion;AC=MS:1002416	NT=Trypsin;AC=MS:1001251	TMT130C	12	5 ppm	500 mmu	NT=Methylthio;AC=UNIMOD:39;TA=C;MT=Fixed	NT=Oxidation;AC=UNIMOD:35;TA=M;MT=Variable	NT=TMT6plex;AC=UNIMOD:737;TA=K;MT=Fixed	NT=TMT6plex;AC=UNIMOD:737;PP=Any N-term;MT=Fixed	0 Gy	7-week-old	mock-treated control
PXD015859 pooled group EK	Mus musculus	blood plasma	not available	pooled	pooled	normal	organism part	24 hour	depletion	not available	CAnN.Cg-Foxn1nu/Crl	female	Fusion_160307_84-TMT130C	proteomic profiling by mass spectrometry	1	Fusion_160307_84.raw	v1.1.0	NT=ms-proteomics;VV=v1.1.0	NT=vertebrates;VV=v1.1.0	manual curation	NT=Data-dependent acquisition;AC=PRIDE:0000627	NT=Orbitrap Fusion;AC=MS:1002416	NT=Trypsin;AC=MS:1001251	TMT130C	13	5 ppm	500 mmu	NT=Methylthio;AC=UNIMOD:39;TA=C;MT=Fixed	NT=Oxidation;AC=UNIMOD:35;TA=M;MT=Variable	NT=TMT6plex;AC=UNIMOD:737;TA=K;MT=Fixed	NT=TMT6plex;AC=UNIMOD:737;PP=Any N-term;MT=Fixed	0 Gy	7-week-old	mock-treated control
PXD015859 pooled group EK	Mus musculus	blood plasma	not available	pooled	pooled	normal	organism part	24 hour	depletion	not available	CAnN.Cg-Foxn1nu/Crl	female	Fusion_160307_85-TMT130C	proteomic profiling by mass spectrometry	1	Fusion_160307_85.raw	v1.1.0	NT=ms-proteomics;VV=v1.1.0	NT=vertebrates;VV=v1.1.0	manual curation	NT=Data-dependent acquisition;AC=PRIDE:0000627	NT=Orbitrap Fusion;AC=MS:1002416	NT=Trypsin;AC=MS:1001251	TMT130C	14	5 ppm	500 mmu	NT=Methylthio;AC=UNIMOD:39;TA=C;MT=Fixed	NT=Oxidation;AC=UNIMOD:35;TA=M;MT=Variable	NT=TMT6plex;AC=UNIMOD:737;TA=K;MT=Fixed	NT=TMT6plex;AC=UNIMOD:737;PP=Any N-term;MT=Fixed	0 Gy	7-week-old	mock-treated control
PXD015859 pooled group EK	Mus musculus	blood plasma	not available	pooled	pooled	normal	organism part	24 hour	depletion	not available	CAnN.Cg-Foxn1nu/Crl	female	Fusion_160307_86-TMT130C	proteomic profiling by mass spectrometry	1	Fusion_160307_86.raw	v1.1.0	NT=ms-proteomics;VV=v1.1.0	NT=vertebrates;VV=v1.1.0	manual curation	NT=Data-dependent acquisition;AC=PRIDE:0000627	NT=Orbitrap Fusion;AC=MS:1002416	NT=Trypsin;AC=MS:1001251	TMT130C	15	5 ppm	500 mmu	NT=Methylthio;AC=UNIMOD:39;TA=C;MT=Fixed	NT=Oxidation;AC=UNIMOD:35;TA=M;MT=Variable	NT=TMT6plex;AC=UNIMOD:737;TA=K;MT=Fixed	NT=TMT6plex;AC=UNIMOD:737;PP=Any N-term;MT=Fixed	0 Gy	7-week-old	mock-treated control
PXD015859 pooled group EK	Mus musculus	blood plasma	not available	pooled	pooled	normal	organism part	24 hour	depletion	not available	CAnN.Cg-Foxn1nu/Crl	female	Fusion_160307_87-TMT130C	proteomic profiling by mass spectrometry	1	Fusion_160307_87.raw	v1.1.0	NT=ms-proteomics;VV=v1.1.0	NT=vertebrates;VV=v1.1.0	manual curation	NT=Data-dependent acquisition;AC=PRIDE:0000627	NT=Orbitrap Fusion;AC=MS:1002416	NT=Trypsin;AC=MS:1001251	TMT130C	16	5 ppm	500 mmu	NT=Methylthio;AC=UNIMOD:39;TA=C;MT=Fixed	NT=Oxidation;AC=UNIMOD:35;TA=M;MT=Variable	NT=TMT6plex;AC=UNIMOD:737;TA=K;MT=Fixed	NT=TMT6plex;AC=UNIMOD:737;PP=Any N-term;MT=Fixed	0 Gy	7-week-old	mock-treated control
PXD015859 pooled group EK	Mus musculus	blood plasma	not available	pooled	pooled	normal	organism part	24 hour	depletion	not available	CAnN.Cg-Foxn1nu/Crl	female	Fusion_160307_88-TMT130C	proteomic profiling by mass spectrometry	1	Fusion_160307_88.raw	v1.1.0	NT=ms-proteomics;VV=v1.1.0	NT=vertebrates;VV=v1.1.0	manual curation	NT=Data-dependent acquisition;AC=PRIDE:0000627	NT=Orbitrap Fusion;AC=MS:1002416	NT=Trypsin;AC=MS:1001251	TMT130C	17	5 ppm	500 mmu	NT=Methylthio;AC=UNIMOD:39;TA=C;MT=Fixed	NT=Oxidation;AC=UNIMOD:35;TA=M;MT=Variable	NT=TMT6plex;AC=UNIMOD:737;TA=K;MT=Fixed	NT=TMT6plex;AC=UNIMOD:737;PP=Any N-term;MT=Fixed	0 Gy	7-week-old	mock-treated control
PXD015859 pooled group EK	Mus musculus	blood plasma	not available	pooled	pooled	normal	organism part	24 hour	depletion	not available	CAnN.Cg-Foxn1nu/Crl	female	Fusion_160307_89-TMT130C	proteomic profiling by mass spectrometry	1	Fusion_160307_89.raw	v1.1.0	NT=ms-proteomics;VV=v1.1.0	NT=vertebrates;VV=v1.1.0	manual curation	NT=Data-dependent acquisition;AC=PRIDE:0000627	NT=Orbitrap Fusion;AC=MS:1002416	NT=Trypsin;AC=MS:1001251	TMT130C	18	5 ppm	500 mmu	NT=Methylthio;AC=UNIMOD:39;TA=C;MT=Fixed	NT=Oxidation;AC=UNIMOD:35;TA=M;MT=Variable	NT=TMT6plex;AC=UNIMOD:737;TA=K;MT=Fixed	NT=TMT6plex;AC=UNIMOD:737;PP=Any N-term;MT=Fixed	0 Gy	7-week-old	mock-treated control
PXD015859 pooled group EK	Mus musculus	blood plasma	not available	pooled	pooled	normal	organism part	24 hour	depletion	not available	CAnN.Cg-Foxn1nu/Crl	female	Fusion_160307_90-TMT130C	proteomic profiling by mass spectrometry	1	Fusion_160307_90.raw	v1.1.0	NT=ms-proteomics;VV=v1.1.0	NT=vertebrates;VV=v1.1.0	manual curation	NT=Data-dependent acquisition;AC=PRIDE:0000627	NT=Orbitrap Fusion;AC=MS:1002416	NT=Trypsin;AC=MS:1001251	TMT130C	19	5 ppm	500 mmu	NT=Methylthio;AC=UNIMOD:39;TA=C;MT=Fixed	NT=Oxidation;AC=UNIMOD:35;TA=M;MT=Variable	NT=TMT6plex;AC=UNIMOD:737;TA=K;MT=Fixed	NT=TMT6plex;AC=UNIMOD:737;PP=Any N-term;MT=Fixed	0 Gy	7-week-old	mock-treated control
PXD015859 pooled group EK	Mus musculus	blood plasma	not available	pooled	pooled	normal	organism part	24 hour	depletion	not available	CAnN.Cg-Foxn1nu/Crl	female	Fusion_160307_91-TMT130C	proteomic profiling by mass spectrometry	1	Fusion_160307_91.raw	v1.1.0	NT=ms-proteomics;VV=v1.1.0	NT=vertebrates;VV=v1.1.0	manual curation	NT=Data-dependent acquisition;AC=PRIDE:0000627	NT=Orbitrap Fusion;AC=MS:1002416	NT=Trypsin;AC=MS:1001251	TMT130C	20	5 ppm	500 mmu	NT=Methylthio;AC=UNIMOD:39;TA=C;MT=Fixed	NT=Oxidation;AC=UNIMOD:35;TA=M;MT=Variable	NT=TMT6plex;AC=UNIMOD:737;TA=K;MT=Fixed	NT=TMT6plex;AC=UNIMOD:737;PP=Any N-term;MT=Fixed	0 Gy	7-week-old	mock-treated control
PXD015859 pooled group FK	Mus musculus	blood plasma	not available	pooled	pooled	normal	organism part	24 hour	depletion	not available	CAnN.Cg-Foxn1nu/Crl	male	Fusion_160307_72-TMT131	proteomic profiling by mass spectrometry	1	Fusion_160307_72.raw	v1.1.0	NT=ms-proteomics;VV=v1.1.0	NT=vertebrates;VV=v1.1.0	manual curation	NT=Data-dependent acquisition;AC=PRIDE:0000627	NT=Orbitrap Fusion;AC=MS:1002416	NT=Trypsin;AC=MS:1001251	TMT131	1	5 ppm	500 mmu	NT=Methylthio;AC=UNIMOD:39;TA=C;MT=Fixed	NT=Oxidation;AC=UNIMOD:35;TA=M;MT=Variable	NT=TMT6plex;AC=UNIMOD:737;TA=K;MT=Fixed	NT=TMT6plex;AC=UNIMOD:737;PP=Any N-term;MT=Fixed	0 Gy	7-week-old	mock-treated control
PXD015859 pooled group FK	Mus musculus	blood plasma	not available	pooled	pooled	normal	organism part	24 hour	depletion	not available	CAnN.Cg-Foxn1nu/Crl	male	Fusion_160307_73-TMT131	proteomic profiling by mass spectrometry	1	Fusion_160307_73.raw	v1.1.0	NT=ms-proteomics;VV=v1.1.0	NT=vertebrates;VV=v1.1.0	manual curation	NT=Data-dependent acquisition;AC=PRIDE:0000627	NT=Orbitrap Fusion;AC=MS:1002416	NT=Trypsin;AC=MS:1001251	TMT131	2	5 ppm	500 mmu	NT=Methylthio;AC=UNIMOD:39;TA=C;MT=Fixed	NT=Oxidation;AC=UNIMOD:35;TA=M;MT=Variable	NT=TMT6plex;AC=UNIMOD:737;TA=K;MT=Fixed	NT=TMT6plex;AC=UNIMOD:737;PP=Any N-term;MT=Fixed	0 Gy	7-week-old	mock-treated control
PXD015859 pooled group FK	Mus musculus	blood plasma	not available	pooled	pooled	normal	organism part	24 hour	depletion	not available	CAnN.Cg-Foxn1nu/Crl	male	Fusion_160307_74-TMT131	proteomic profiling by mass spectrometry	1	Fusion_160307_74.raw	v1.1.0	NT=ms-proteomics;VV=v1.1.0	NT=vertebrates;VV=v1.1.0	manual curation	NT=Data-dependent acquisition;AC=PRIDE:0000627	NT=Orbitrap Fusion;AC=MS:1002416	NT=Trypsin;AC=MS:1001251	TMT131	3	5 ppm	500 mmu	NT=Methylthio;AC=UNIMOD:39;TA=C;MT=Fixed	NT=Oxidation;AC=UNIMOD:35;TA=M;MT=Variable	NT=TMT6plex;AC=UNIMOD:737;TA=K;MT=Fixed	NT=TMT6plex;AC=UNIMOD:737;PP=Any N-term;MT=Fixed	0 Gy	7-week-old	mock-treated control
PXD015859 pooled group FK	Mus musculus	blood plasma	not available	pooled	pooled	normal	organism part	24 hour	depletion	not available	CAnN.Cg-Foxn1nu/Crl	male	Fusion_160307_75-TMT131	proteomic profiling by mass spectrometry	1	Fusion_160307_75.raw	v1.1.0	NT=ms-proteomics;VV=v1.1.0	NT=vertebrates;VV=v1.1.0	manual curation	NT=Data-dependent acquisition;AC=PRIDE:0000627	NT=Orbitrap Fusion;AC=MS:1002416	NT=Trypsin;AC=MS:1001251	TMT131	4	5 ppm	500 mmu	NT=Methylthio;AC=UNIMOD:39;TA=C;MT=Fixed	NT=Oxidation;AC=UNIMOD:35;TA=M;MT=Variable	NT=TMT6plex;AC=UNIMOD:737;TA=K;MT=Fixed	NT=TMT6plex;AC=UNIMOD:737;PP=Any N-term;MT=Fixed	0 Gy	7-week-old	mock-treated control
PXD015859 pooled group FK	Mus musculus	blood plasma	not available	pooled	pooled	normal	organism part	24 hour	depletion	not available	CAnN.Cg-Foxn1nu/Crl	male	Fusion_160307_76-TMT131	proteomic profiling by mass spectrometry	1	Fusion_160307_76.raw	v1.1.0	NT=ms-proteomics;VV=v1.1.0	NT=vertebrates;VV=v1.1.0	manual curation	NT=Data-dependent acquisition;AC=PRIDE:0000627	NT=Orbitrap Fusion;AC=MS:1002416	NT=Trypsin;AC=MS:1001251	TMT131	5	5 ppm	500 mmu	NT=Methylthio;AC=UNIMOD:39;TA=C;MT=Fixed	NT=Oxidation;AC=UNIMOD:35;TA=M;MT=Variable	NT=TMT6plex;AC=UNIMOD:737;TA=K;MT=Fixed	NT=TMT6plex;AC=UNIMOD:737;PP=Any N-term;MT=Fixed	0 Gy	7-week-old	mock-treated control
PXD015859 pooled group FK	Mus musculus	blood plasma	not available	pooled	pooled	normal	organism part	24 hour	depletion	not available	CAnN.Cg-Foxn1nu/Crl	male	Fusion_160307_77-TMT131	proteomic profiling by mass spectrometry	1	Fusion_160307_77.raw	v1.1.0	NT=ms-proteomics;VV=v1.1.0	NT=vertebrates;VV=v1.1.0	manual curation	NT=Data-dependent acquisition;AC=PRIDE:0000627	NT=Orbitrap Fusion;AC=MS:1002416	NT=Trypsin;AC=MS:1001251	TMT131	6	5 ppm	500 mmu	NT=Methylthio;AC=UNIMOD:39;TA=C;MT=Fixed	NT=Oxidation;AC=UNIMOD:35;TA=M;MT=Variable	NT=TMT6plex;AC=UNIMOD:737;TA=K;MT=Fixed	NT=TMT6plex;AC=UNIMOD:737;PP=Any N-term;MT=Fixed	0 Gy	7-week-old	mock-treated control
PXD015859 pooled group FK	Mus musculus	blood plasma	not available	pooled	pooled	normal	organism part	24 hour	depletion	not available	CAnN.Cg-Foxn1nu/Crl	male	Fusion_160307_78-TMT131	proteomic profiling by mass spectrometry	1	Fusion_160307_78.raw	v1.1.0	NT=ms-proteomics;VV=v1.1.0	NT=vertebrates;VV=v1.1.0	manual curation	NT=Data-dependent acquisition;AC=PRIDE:0000627	NT=Orbitrap Fusion;AC=MS:1002416	NT=Trypsin;AC=MS:1001251	TMT131	7	5 ppm	500 mmu	NT=Methylthio;AC=UNIMOD:39;TA=C;MT=Fixed	NT=Oxidation;AC=UNIMOD:35;TA=M;MT=Variable	NT=TMT6plex;AC=UNIMOD:737;TA=K;MT=Fixed	NT=TMT6plex;AC=UNIMOD:737;PP=Any N-term;MT=Fixed	0 Gy	7-week-old	mock-treated control
PXD015859 pooled group FK	Mus musculus	blood plasma	not available	pooled	pooled	normal	organism part	24 hour	depletion	not available	CAnN.Cg-Foxn1nu/Crl	male	Fusion_160307_79-TMT131	proteomic profiling by mass spectrometry	1	Fusion_160307_79.raw	v1.1.0	NT=ms-proteomics;VV=v1.1.0	NT=vertebrates;VV=v1.1.0	manual curation	NT=Data-dependent acquisition;AC=PRIDE:0000627	NT=Orbitrap Fusion;AC=MS:1002416	NT=Trypsin;AC=MS:1001251	TMT131	8	5 ppm	500 mmu	NT=Methylthio;AC=UNIMOD:39;TA=C;MT=Fixed	NT=Oxidation;AC=UNIMOD:35;TA=M;MT=Variable	NT=TMT6plex;AC=UNIMOD:737;TA=K;MT=Fixed	NT=TMT6plex;AC=UNIMOD:737;PP=Any N-term;MT=Fixed	0 Gy	7-week-old	mock-treated control
PXD015859 pooled group FK	Mus musculus	blood plasma	not available	pooled	pooled	normal	organism part	24 hour	depletion	not available	CAnN.Cg-Foxn1nu/Crl	male	Fusion_160307_80-TMT131	proteomic profiling by mass spectrometry	1	Fusion_160307_80.raw	v1.1.0	NT=ms-proteomics;VV=v1.1.0	NT=vertebrates;VV=v1.1.0	manual curation	NT=Data-dependent acquisition;AC=PRIDE:0000627	NT=Orbitrap Fusion;AC=MS:1002416	NT=Trypsin;AC=MS:1001251	TMT131	9	5 ppm	500 mmu	NT=Methylthio;AC=UNIMOD:39;TA=C;MT=Fixed	NT=Oxidation;AC=UNIMOD:35;TA=M;MT=Variable	NT=TMT6plex;AC=UNIMOD:737;TA=K;MT=Fixed	NT=TMT6plex;AC=UNIMOD:737;PP=Any N-term;MT=Fixed	0 Gy	7-week-old	mock-treated control
PXD015859 pooled group FK	Mus musculus	blood plasma	not available	pooled	pooled	normal	organism part	24 hour	depletion	not available	CAnN.Cg-Foxn1nu/Crl	male	Fusion_160307_81-TMT131	proteomic profiling by mass spectrometry	1	Fusion_160307_81.raw	v1.1.0	NT=ms-proteomics;VV=v1.1.0	NT=vertebrates;VV=v1.1.0	manual curation	NT=Data-dependent acquisition;AC=PRIDE:0000627	NT=Orbitrap Fusion;AC=MS:1002416	NT=Trypsin;AC=MS:1001251	TMT131	10	5 ppm	500 mmu	NT=Methylthio;AC=UNIMOD:39;TA=C;MT=Fixed	NT=Oxidation;AC=UNIMOD:35;TA=M;MT=Variable	NT=TMT6plex;AC=UNIMOD:737;TA=K;MT=Fixed	NT=TMT6plex;AC=UNIMOD:737;PP=Any N-term;MT=Fixed	0 Gy	7-week-old	mock-treated control
PXD015859 pooled group FK	Mus musculus	blood plasma	not available	pooled	pooled	normal	organism part	24 hour	depletion	not available	CAnN.Cg-Foxn1nu/Crl	male	Fusion_160307_82-TMT131	proteomic profiling by mass spectrometry	1	Fusion_160307_82.raw	v1.1.0	NT=ms-proteomics;VV=v1.1.0	NT=vertebrates;VV=v1.1.0	manual curation	NT=Data-dependent acquisition;AC=PRIDE:0000627	NT=Orbitrap Fusion;AC=MS:1002416	NT=Trypsin;AC=MS:1001251	TMT131	11	5 ppm	500 mmu	NT=Methylthio;AC=UNIMOD:39;TA=C;MT=Fixed	NT=Oxidation;AC=UNIMOD:35;TA=M;MT=Variable	NT=TMT6plex;AC=UNIMOD:737;TA=K;MT=Fixed	NT=TMT6plex;AC=UNIMOD:737;PP=Any N-term;MT=Fixed	0 Gy	7-week-old	mock-treated control
PXD015859 pooled group FK	Mus musculus	blood plasma	not available	pooled	pooled	normal	organism part	24 hour	depletion	not available	CAnN.Cg-Foxn1nu/Crl	male	Fusion_160307_83-TMT131	proteomic profiling by mass spectrometry	1	Fusion_160307_83.raw	v1.1.0	NT=ms-proteomics;VV=v1.1.0	NT=vertebrates;VV=v1.1.0	manual curation	NT=Data-dependent acquisition;AC=PRIDE:0000627	NT=Orbitrap Fusion;AC=MS:1002416	NT=Trypsin;AC=MS:1001251	TMT131	12	5 ppm	500 mmu	NT=Methylthio;AC=UNIMOD:39;TA=C;MT=Fixed	NT=Oxidation;AC=UNIMOD:35;TA=M;MT=Variable	NT=TMT6plex;AC=UNIMOD:737;TA=K;MT=Fixed	NT=TMT6plex;AC=UNIMOD:737;PP=Any N-term;MT=Fixed	0 Gy	7-week-old	mock-treated control
PXD015859 pooled group FK	Mus musculus	blood plasma	not available	pooled	pooled	normal	organism part	24 hour	depletion	not available	CAnN.Cg-Foxn1nu/Crl	male	Fusion_160307_84-TMT131	proteomic profiling by mass spectrometry	1	Fusion_160307_84.raw	v1.1.0	NT=ms-proteomics;VV=v1.1.0	NT=vertebrates;VV=v1.1.0	manual curation	NT=Data-dependent acquisition;AC=PRIDE:0000627	NT=Orbitrap Fusion;AC=MS:1002416	NT=Trypsin;AC=MS:1001251	TMT131	13	5 ppm	500 mmu	NT=Methylthio;AC=UNIMOD:39;TA=C;MT=Fixed	NT=Oxidation;AC=UNIMOD:35;TA=M;MT=Variable	NT=TMT6plex;AC=UNIMOD:737;TA=K;MT=Fixed	NT=TMT6plex;AC=UNIMOD:737;PP=Any N-term;MT=Fixed	0 Gy	7-week-old	mock-treated control
PXD015859 pooled group FK	Mus musculus	blood plasma	not available	pooled	pooled	normal	organism part	24 hour	depletion	not available	CAnN.Cg-Foxn1nu/Crl	male	Fusion_160307_85-TMT131	proteomic profiling by mass spectrometry	1	Fusion_160307_85.raw	v1.1.0	NT=ms-proteomics;VV=v1.1.0	NT=vertebrates;VV=v1.1.0	manual curation	NT=Data-dependent acquisition;AC=PRIDE:0000627	NT=Orbitrap Fusion;AC=MS:1002416	NT=Trypsin;AC=MS:1001251	TMT131	14	5 ppm	500 mmu	NT=Methylthio;AC=UNIMOD:39;TA=C;MT=Fixed	NT=Oxidation;AC=UNIMOD:35;TA=M;MT=Variable	NT=TMT6plex;AC=UNIMOD:737;TA=K;MT=Fixed	NT=TMT6plex;AC=UNIMOD:737;PP=Any N-term;MT=Fixed	0 Gy	7-week-old	mock-treated control
PXD015859 pooled group FK	Mus musculus	blood plasma	not available	pooled	pooled	normal	organism part	24 hour	depletion	not available	CAnN.Cg-Foxn1nu/Crl	male	Fusion_160307_86-TMT131	proteomic profiling by mass spectrometry	1	Fusion_160307_86.raw	v1.1.0	NT=ms-proteomics;VV=v1.1.0	NT=vertebrates;VV=v1.1.0	manual curation	NT=Data-dependent acquisition;AC=PRIDE:0000627	NT=Orbitrap Fusion;AC=MS:1002416	NT=Trypsin;AC=MS:1001251	TMT131	15	5 ppm	500 mmu	NT=Methylthio;AC=UNIMOD:39;TA=C;MT=Fixed	NT=Oxidation;AC=UNIMOD:35;TA=M;MT=Variable	NT=TMT6plex;AC=UNIMOD:737;TA=K;MT=Fixed	NT=TMT6plex;AC=UNIMOD:737;PP=Any N-term;MT=Fixed	0 Gy	7-week-old	mock-treated control
PXD015859 pooled group FK	Mus musculus	blood plasma	not available	pooled	pooled	normal	organism part	24 hour	depletion	not available	CAnN.Cg-Foxn1nu/Crl	male	Fusion_160307_87-TMT131	proteomic profiling by mass spectrometry	1	Fusion_160307_87.raw	v1.1.0	NT=ms-proteomics;VV=v1.1.0	NT=vertebrates;VV=v1.1.0	manual curation	NT=Data-dependent acquisition;AC=PRIDE:0000627	NT=Orbitrap Fusion;AC=MS:1002416	NT=Trypsin;AC=MS:1001251	TMT131	16	5 ppm	500 mmu	NT=Methylthio;AC=UNIMOD:39;TA=C;MT=Fixed	NT=Oxidation;AC=UNIMOD:35;TA=M;MT=Variable	NT=TMT6plex;AC=UNIMOD:737;TA=K;MT=Fixed	NT=TMT6plex;AC=UNIMOD:737;PP=Any N-term;MT=Fixed	0 Gy	7-week-old	mock-treated control
PXD015859 pooled group FK	Mus musculus	blood plasma	not available	pooled	pooled	normal	organism part	24 hour	depletion	not available	CAnN.Cg-Foxn1nu/Crl	male	Fusion_160307_88-TMT131	proteomic profiling by mass spectrometry	1	Fusion_160307_88.raw	v1.1.0	NT=ms-proteomics;VV=v1.1.0	NT=vertebrates;VV=v1.1.0	manual curation	NT=Data-dependent acquisition;AC=PRIDE:0000627	NT=Orbitrap Fusion;AC=MS:1002416	NT=Trypsin;AC=MS:1001251	TMT131	17	5 ppm	500 mmu	NT=Methylthio;AC=UNIMOD:39;TA=C;MT=Fixed	NT=Oxidation;AC=UNIMOD:35;TA=M;MT=Variable	NT=TMT6plex;AC=UNIMOD:737;TA=K;MT=Fixed	NT=TMT6plex;AC=UNIMOD:737;PP=Any N-term;MT=Fixed	0 Gy	7-week-old	mock-treated control
PXD015859 pooled group FK	Mus musculus	blood plasma	not available	pooled	pooled	normal	organism part	24 hour	depletion	not available	CAnN.Cg-Foxn1nu/Crl	male	Fusion_160307_89-TMT131	proteomic profiling by mass spectrometry	1	Fusion_160307_89.raw	v1.1.0	NT=ms-proteomics;VV=v1.1.0	NT=vertebrates;VV=v1.1.0	manual curation	NT=Data-dependent acquisition;AC=PRIDE:0000627	NT=Orbitrap Fusion;AC=MS:1002416	NT=Trypsin;AC=MS:1001251	TMT131	18	5 ppm	500 mmu	NT=Methylthio;AC=UNIMOD:39;TA=C;MT=Fixed	NT=Oxidation;AC=UNIMOD:35;TA=M;MT=Variable	NT=TMT6plex;AC=UNIMOD:737;TA=K;MT=Fixed	NT=TMT6plex;AC=UNIMOD:737;PP=Any N-term;MT=Fixed	0 Gy	7-week-old	mock-treated control
PXD015859 pooled group FK	Mus musculus	blood plasma	not available	pooled	pooled	normal	organism part	24 hour	depletion	not available	CAnN.Cg-Foxn1nu/Crl	male	Fusion_160307_90-TMT131	proteomic profiling by mass spectrometry	1	Fusion_160307_90.raw	v1.1.0	NT=ms-proteomics;VV=v1.1.0	NT=vertebrates;VV=v1.1.0	manual curation	NT=Data-dependent acquisition;AC=PRIDE:0000627	NT=Orbitrap Fusion;AC=MS:1002416	NT=Trypsin;AC=MS:1001251	TMT131	19	5 ppm	500 mmu	NT=Methylthio;AC=UNIMOD:39;TA=C;MT=Fixed	NT=Oxidation;AC=UNIMOD:35;TA=M;MT=Variable	NT=TMT6plex;AC=UNIMOD:737;TA=K;MT=Fixed	NT=TMT6plex;AC=UNIMOD:737;PP=Any N-term;MT=Fixed	0 Gy	7-week-old	mock-treated control
PXD015859 pooled group FK	Mus musculus	blood plasma	not available	pooled	pooled	normal	organism part	24 hour	depletion	not available	CAnN.Cg-Foxn1nu/Crl	male	Fusion_160307_91-TMT131	proteomic profiling by mass spectrometry	1	Fusion_160307_91.raw	v1.1.0	NT=ms-proteomics;VV=v1.1.0	NT=vertebrates;VV=v1.1.0	manual curation	NT=Data-dependent acquisition;AC=PRIDE:0000627	NT=Orbitrap Fusion;AC=MS:1002416	NT=Trypsin;AC=MS:1001251	TMT131	20	5 ppm	500 mmu	NT=Methylthio;AC=UNIMOD:39;TA=C;MT=Fixed	NT=Oxidation;AC=UNIMOD:35;TA=M;MT=Variable	NT=TMT6plex;AC=UNIMOD:737;TA=K;MT=Fixed	NT=TMT6plex;AC=UNIMOD:737;PP=Any N-term;MT=Fixed	0 Gy	7-week-old	mock-treated control
PXD015859 A-AK-B-BK pooled reference	Mus musculus	blood plasma	not available	pooled	pooled	normal	organism part	24 hour	depletion	not available	C57BL/6N	not available	Fusion_190503_08-TMT126	proteomic profiling by mass spectrometry	1	Fusion_190503_08.raw	v1.1.0	NT=ms-proteomics;VV=v1.1.0	NT=vertebrates;VV=v1.1.0	manual curation	NT=Data-dependent acquisition;AC=PRIDE:0000627	NT=Orbitrap Fusion;AC=MS:1002416	NT=Trypsin;AC=MS:1001251	TMT126	1	5 ppm	600 mmu	NT=Methylthio;AC=UNIMOD:39;TA=C;MT=Fixed	NT=Oxidation;AC=UNIMOD:35;TA=M;MT=Variable	NT=TMT6plex;AC=UNIMOD:737;TA=K;MT=Fixed	NT=TMT6plex;AC=UNIMOD:737;PP=Any N-term;MT=Fixed	pooled reference	7-week-old	pooled reference
PXD015859 A-AK-B-BK pooled reference	Mus musculus	blood plasma	not available	pooled	pooled	normal	organism part	24 hour	depletion	not available	C57BL/6N	not available	Fusion_190503_09-TMT126	proteomic profiling by mass spectrometry	1	Fusion_190503_09.raw	v1.1.0	NT=ms-proteomics;VV=v1.1.0	NT=vertebrates;VV=v1.1.0	manual curation	NT=Data-dependent acquisition;AC=PRIDE:0000627	NT=Orbitrap Fusion;AC=MS:1002416	NT=Trypsin;AC=MS:1001251	TMT126	2	5 ppm	600 mmu	NT=Methylthio;AC=UNIMOD:39;TA=C;MT=Fixed	NT=Oxidation;AC=UNIMOD:35;TA=M;MT=Variable	NT=TMT6plex;AC=UNIMOD:737;TA=K;MT=Fixed	NT=TMT6plex;AC=UNIMOD:737;PP=Any N-term;MT=Fixed	pooled reference	7-week-old	pooled reference
PXD015859 A-AK-B-BK pooled reference	Mus musculus	blood plasma	not available	pooled	pooled	normal	organism part	24 hour	depletion	not available	C57BL/6N	not available	Fusion_190503_10-TMT126	proteomic profiling by mass spectrometry	1	Fusion_190503_10.raw	v1.1.0	NT=ms-proteomics;VV=v1.1.0	NT=vertebrates;VV=v1.1.0	manual curation	NT=Data-dependent acquisition;AC=PRIDE:0000627	NT=Orbitrap Fusion;AC=MS:1002416	NT=Trypsin;AC=MS:1001251	TMT126	3	5 ppm	600 mmu	NT=Methylthio;AC=UNIMOD:39;TA=C;MT=Fixed	NT=Oxidation;AC=UNIMOD:35;TA=M;MT=Variable	NT=TMT6plex;AC=UNIMOD:737;TA=K;MT=Fixed	NT=TMT6plex;AC=UNIMOD:737;PP=Any N-term;MT=Fixed	pooled reference	7-week-old	pooled reference
PXD015859 A-AK-B-BK pooled reference	Mus musculus	blood plasma	not available	pooled	pooled	normal	organism part	24 hour	depletion	not available	C57BL/6N	not available	Fusion_190503_11-TMT126	proteomic profiling by mass spectrometry	1	Fusion_190503_11.raw	v1.1.0	NT=ms-proteomics;VV=v1.1.0	NT=vertebrates;VV=v1.1.0	manual curation	NT=Data-dependent acquisition;AC=PRIDE:0000627	NT=Orbitrap Fusion;AC=MS:1002416	NT=Trypsin;AC=MS:1001251	TMT126	4	5 ppm	600 mmu	NT=Methylthio;AC=UNIMOD:39;TA=C;MT=Fixed	NT=Oxidation;AC=UNIMOD:35;TA=M;MT=Variable	NT=TMT6plex;AC=UNIMOD:737;TA=K;MT=Fixed	NT=TMT6plex;AC=UNIMOD:737;PP=Any N-term;MT=Fixed	pooled reference	7-week-old	pooled reference
PXD015859 A-AK-B-BK pooled reference	Mus musculus	blood plasma	not available	pooled	pooled	normal	organism part	24 hour	depletion	not available	C57BL/6N	not available	Fusion_190503_12-TMT126	proteomic profiling by mass spectrometry	1	Fusion_190503_12.raw	v1.1.0	NT=ms-proteomics;VV=v1.1.0	NT=vertebrates;VV=v1.1.0	manual curation	NT=Data-dependent acquisition;AC=PRIDE:0000627	NT=Orbitrap Fusion;AC=MS:1002416	NT=Trypsin;AC=MS:1001251	TMT126	5	5 ppm	600 mmu	NT=Methylthio;AC=UNIMOD:39;TA=C;MT=Fixed	NT=Oxidation;AC=UNIMOD:35;TA=M;MT=Variable	NT=TMT6plex;AC=UNIMOD:737;TA=K;MT=Fixed	NT=TMT6plex;AC=UNIMOD:737;PP=Any N-term;MT=Fixed	pooled reference	7-week-old	pooled reference
PXD015859 A-AK-B-BK pooled reference	Mus musculus	blood plasma	not available	pooled	pooled	normal	organism part	24 hour	depletion	not available	C57BL/6N	not available	Fusion_190503_13-TMT126	proteomic profiling by mass spectrometry	1	Fusion_190503_13.raw	v1.1.0	NT=ms-proteomics;VV=v1.1.0	NT=vertebrates;VV=v1.1.0	manual curation	NT=Data-dependent acquisition;AC=PRIDE:0000627	NT=Orbitrap Fusion;AC=MS:1002416	NT=Trypsin;AC=MS:1001251	TMT126	6	5 ppm	600 mmu	NT=Methylthio;AC=UNIMOD:39;TA=C;MT=Fixed	NT=Oxidation;AC=UNIMOD:35;TA=M;MT=Variable	NT=TMT6plex;AC=UNIMOD:737;TA=K;MT=Fixed	NT=TMT6plex;AC=UNIMOD:737;PP=Any N-term;MT=Fixed	pooled reference	7-week-old	pooled reference
PXD015859 A-AK-B-BK pooled reference	Mus musculus	blood plasma	not available	pooled	pooled	normal	organism part	24 hour	depletion	not available	C57BL/6N	not available	Fusion_190503_14-TMT126	proteomic profiling by mass spectrometry	1	Fusion_190503_14.raw	v1.1.0	NT=ms-proteomics;VV=v1.1.0	NT=vertebrates;VV=v1.1.0	manual curation	NT=Data-dependent acquisition;AC=PRIDE:0000627	NT=Orbitrap Fusion;AC=MS:1002416	NT=Trypsin;AC=MS:1001251	TMT126	7	5 ppm	600 mmu	NT=Methylthio;AC=UNIMOD:39;TA=C;MT=Fixed	NT=Oxidation;AC=UNIMOD:35;TA=M;MT=Variable	NT=TMT6plex;AC=UNIMOD:737;TA=K;MT=Fixed	NT=TMT6plex;AC=UNIMOD:737;PP=Any N-term;MT=Fixed	pooled reference	7-week-old	pooled reference
PXD015859 A-AK-B-BK pooled reference	Mus musculus	blood plasma	not available	pooled	pooled	normal	organism part	24 hour	depletion	not available	C57BL/6N	not available	Fusion_190503_15-TMT126	proteomic profiling by mass spectrometry	1	Fusion_190503_15.raw	v1.1.0	NT=ms-proteomics;VV=v1.1.0	NT=vertebrates;VV=v1.1.0	manual curation	NT=Data-dependent acquisition;AC=PRIDE:0000627	NT=Orbitrap Fusion;AC=MS:1002416	NT=Trypsin;AC=MS:1001251	TMT126	8	5 ppm	600 mmu	NT=Methylthio;AC=UNIMOD:39;TA=C;MT=Fixed	NT=Oxidation;AC=UNIMOD:35;TA=M;MT=Variable	NT=TMT6plex;AC=UNIMOD:737;TA=K;MT=Fixed	NT=TMT6plex;AC=UNIMOD:737;PP=Any N-term;MT=Fixed	pooled reference	7-week-old	pooled reference
PXD015859 A-AK-B-BK pooled reference	Mus musculus	blood plasma	not available	pooled	pooled	normal	organism part	24 hour	depletion	not available	C57BL/6N	not available	Fusion_190503_16-TMT126	proteomic profiling by mass spectrometry	1	Fusion_190503_16.raw	v1.1.0	NT=ms-proteomics;VV=v1.1.0	NT=vertebrates;VV=v1.1.0	manual curation	NT=Data-dependent acquisition;AC=PRIDE:0000627	NT=Orbitrap Fusion;AC=MS:1002416	NT=Trypsin;AC=MS:1001251	TMT126	9	5 ppm	600 mmu	NT=Methylthio;AC=UNIMOD:39;TA=C;MT=Fixed	NT=Oxidation;AC=UNIMOD:35;TA=M;MT=Variable	NT=TMT6plex;AC=UNIMOD:737;TA=K;MT=Fixed	NT=TMT6plex;AC=UNIMOD:737;PP=Any N-term;MT=Fixed	pooled reference	7-week-old	pooled reference
PXD015859 A-AK-B-BK pooled reference	Mus musculus	blood plasma	not available	pooled	pooled	normal	organism part	24 hour	depletion	not available	C57BL/6N	not available	Fusion_190503_17-TMT126	proteomic profiling by mass spectrometry	1	Fusion_190503_17.raw	v1.1.0	NT=ms-proteomics;VV=v1.1.0	NT=vertebrates;VV=v1.1.0	manual curation	NT=Data-dependent acquisition;AC=PRIDE:0000627	NT=Orbitrap Fusion;AC=MS:1002416	NT=Trypsin;AC=MS:1001251	TMT126	10	5 ppm	600 mmu	NT=Methylthio;AC=UNIMOD:39;TA=C;MT=Fixed	NT=Oxidation;AC=UNIMOD:35;TA=M;MT=Variable	NT=TMT6plex;AC=UNIMOD:737;TA=K;MT=Fixed	NT=TMT6plex;AC=UNIMOD:737;PP=Any N-term;MT=Fixed	pooled reference	7-week-old	pooled reference
PXD015859 A-AK-B-BK pooled reference	Mus musculus	blood plasma	not available	pooled	pooled	normal	organism part	24 hour	depletion	not available	C57BL/6N	not available	Fusion_190503_18-TMT126	proteomic profiling by mass spectrometry	1	Fusion_190503_18.raw	v1.1.0	NT=ms-proteomics;VV=v1.1.0	NT=vertebrates;VV=v1.1.0	manual curation	NT=Data-dependent acquisition;AC=PRIDE:0000627	NT=Orbitrap Fusion;AC=MS:1002416	NT=Trypsin;AC=MS:1001251	TMT126	11	5 ppm	600 mmu	NT=Methylthio;AC=UNIMOD:39;TA=C;MT=Fixed	NT=Oxidation;AC=UNIMOD:35;TA=M;MT=Variable	NT=TMT6plex;AC=UNIMOD:737;TA=K;MT=Fixed	NT=TMT6plex;AC=UNIMOD:737;PP=Any N-term;MT=Fixed	pooled reference	7-week-old	pooled reference
PXD015859 A-AK-B-BK pooled reference	Mus musculus	blood plasma	not available	pooled	pooled	normal	organism part	24 hour	depletion	not available	C57BL/6N	not available	Fusion_190503_19-TMT126	proteomic profiling by mass spectrometry	1	Fusion_190503_19.raw	v1.1.0	NT=ms-proteomics;VV=v1.1.0	NT=vertebrates;VV=v1.1.0	manual curation	NT=Data-dependent acquisition;AC=PRIDE:0000627	NT=Orbitrap Fusion;AC=MS:1002416	NT=Trypsin;AC=MS:1001251	TMT126	12	5 ppm	600 mmu	NT=Methylthio;AC=UNIMOD:39;TA=C;MT=Fixed	NT=Oxidation;AC=UNIMOD:35;TA=M;MT=Variable	NT=TMT6plex;AC=UNIMOD:737;TA=K;MT=Fixed	NT=TMT6plex;AC=UNIMOD:737;PP=Any N-term;MT=Fixed	pooled reference	7-week-old	pooled reference
PXD015859 A-AK-B-BK pooled reference	Mus musculus	blood plasma	not available	pooled	pooled	normal	organism part	24 hour	depletion	not available	C57BL/6N	not available	Fusion_190503_20-TMT126	proteomic profiling by mass spectrometry	1	Fusion_190503_20.raw	v1.1.0	NT=ms-proteomics;VV=v1.1.0	NT=vertebrates;VV=v1.1.0	manual curation	NT=Data-dependent acquisition;AC=PRIDE:0000627	NT=Orbitrap Fusion;AC=MS:1002416	NT=Trypsin;AC=MS:1001251	TMT126	13	5 ppm	600 mmu	NT=Methylthio;AC=UNIMOD:39;TA=C;MT=Fixed	NT=Oxidation;AC=UNIMOD:35;TA=M;MT=Variable	NT=TMT6plex;AC=UNIMOD:737;TA=K;MT=Fixed	NT=TMT6plex;AC=UNIMOD:737;PP=Any N-term;MT=Fixed	pooled reference	7-week-old	pooled reference
PXD015859 A-AK-B-BK pooled reference	Mus musculus	blood plasma	not available	pooled	pooled	normal	organism part	24 hour	depletion	not available	C57BL/6N	not available	Fusion_190503_21-TMT126	proteomic profiling by mass spectrometry	1	Fusion_190503_21.raw	v1.1.0	NT=ms-proteomics;VV=v1.1.0	NT=vertebrates;VV=v1.1.0	manual curation	NT=Data-dependent acquisition;AC=PRIDE:0000627	NT=Orbitrap Fusion;AC=MS:1002416	NT=Trypsin;AC=MS:1001251	TMT126	14	5 ppm	600 mmu	NT=Methylthio;AC=UNIMOD:39;TA=C;MT=Fixed	NT=Oxidation;AC=UNIMOD:35;TA=M;MT=Variable	NT=TMT6plex;AC=UNIMOD:737;TA=K;MT=Fixed	NT=TMT6plex;AC=UNIMOD:737;PP=Any N-term;MT=Fixed	pooled reference	7-week-old	pooled reference
PXD015859 A-AK-B-BK pooled reference	Mus musculus	blood plasma	not available	pooled	pooled	normal	organism part	24 hour	depletion	not available	C57BL/6N	not available	Fusion_190503_22-TMT126	proteomic profiling by mass spectrometry	1	Fusion_190503_22.raw	v1.1.0	NT=ms-proteomics;VV=v1.1.0	NT=vertebrates;VV=v1.1.0	manual curation	NT=Data-dependent acquisition;AC=PRIDE:0000627	NT=Orbitrap Fusion;AC=MS:1002416	NT=Trypsin;AC=MS:1001251	TMT126	15	5 ppm	600 mmu	NT=Methylthio;AC=UNIMOD:39;TA=C;MT=Fixed	NT=Oxidation;AC=UNIMOD:35;TA=M;MT=Variable	NT=TMT6plex;AC=UNIMOD:737;TA=K;MT=Fixed	NT=TMT6plex;AC=UNIMOD:737;PP=Any N-term;MT=Fixed	pooled reference	7-week-old	pooled reference
PXD015859 A-AK-B-BK pooled reference	Mus musculus	blood plasma	not available	pooled	pooled	normal	organism part	24 hour	depletion	not available	C57BL/6N	not available	Fusion_190503_23-TMT126	proteomic profiling by mass spectrometry	1	Fusion_190503_23.raw	v1.1.0	NT=ms-proteomics;VV=v1.1.0	NT=vertebrates;VV=v1.1.0	manual curation	NT=Data-dependent acquisition;AC=PRIDE:0000627	NT=Orbitrap Fusion;AC=MS:1002416	NT=Trypsin;AC=MS:1001251	TMT126	16	5 ppm	600 mmu	NT=Methylthio;AC=UNIMOD:39;TA=C;MT=Fixed	NT=Oxidation;AC=UNIMOD:35;TA=M;MT=Variable	NT=TMT6plex;AC=UNIMOD:737;TA=K;MT=Fixed	NT=TMT6plex;AC=UNIMOD:737;PP=Any N-term;MT=Fixed	pooled reference	7-week-old	pooled reference
PXD015859 A-AK-B-BK pooled reference	Mus musculus	blood plasma	not available	pooled	pooled	normal	organism part	24 hour	depletion	not available	C57BL/6N	not available	Fusion_190503_24-TMT126	proteomic profiling by mass spectrometry	1	Fusion_190503_24.raw	v1.1.0	NT=ms-proteomics;VV=v1.1.0	NT=vertebrates;VV=v1.1.0	manual curation	NT=Data-dependent acquisition;AC=PRIDE:0000627	NT=Orbitrap Fusion;AC=MS:1002416	NT=Trypsin;AC=MS:1001251	TMT126	17	5 ppm	600 mmu	NT=Methylthio;AC=UNIMOD:39;TA=C;MT=Fixed	NT=Oxidation;AC=UNIMOD:35;TA=M;MT=Variable	NT=TMT6plex;AC=UNIMOD:737;TA=K;MT=Fixed	NT=TMT6plex;AC=UNIMOD:737;PP=Any N-term;MT=Fixed	pooled reference	7-week-old	pooled reference
PXD015859 A-AK-B-BK pooled reference	Mus musculus	blood plasma	not available	pooled	pooled	normal	organism part	24 hour	depletion	not available	C57BL/6N	not available	Fusion_190503_25-TMT126	proteomic profiling by mass spectrometry	1	Fusion_190503_25.raw	v1.1.0	NT=ms-proteomics;VV=v1.1.0	NT=vertebrates;VV=v1.1.0	manual curation	NT=Data-dependent acquisition;AC=PRIDE:0000627	NT=Orbitrap Fusion;AC=MS:1002416	NT=Trypsin;AC=MS:1001251	TMT126	18	5 ppm	600 mmu	NT=Methylthio;AC=UNIMOD:39;TA=C;MT=Fixed	NT=Oxidation;AC=UNIMOD:35;TA=M;MT=Variable	NT=TMT6plex;AC=UNIMOD:737;TA=K;MT=Fixed	NT=TMT6plex;AC=UNIMOD:737;PP=Any N-term;MT=Fixed	pooled reference	7-week-old	pooled reference
PXD015859 A-AK-B-BK pooled reference	Mus musculus	blood plasma	not available	pooled	pooled	normal	organism part	24 hour	depletion	not available	C57BL/6N	not available	Fusion_190503_26-TMT126	proteomic profiling by mass spectrometry	1	Fusion_190503_26.raw	v1.1.0	NT=ms-proteomics;VV=v1.1.0	NT=vertebrates;VV=v1.1.0	manual curation	NT=Data-dependent acquisition;AC=PRIDE:0000627	NT=Orbitrap Fusion;AC=MS:1002416	NT=Trypsin;AC=MS:1001251	TMT126	19	5 ppm	600 mmu	NT=Methylthio;AC=UNIMOD:39;TA=C;MT=Fixed	NT=Oxidation;AC=UNIMOD:35;TA=M;MT=Variable	NT=TMT6plex;AC=UNIMOD:737;TA=K;MT=Fixed	NT=TMT6plex;AC=UNIMOD:737;PP=Any N-term;MT=Fixed	pooled reference	7-week-old	pooled reference
PXD015859 A-AK-B-BK pooled reference	Mus musculus	blood plasma	not available	pooled	pooled	normal	organism part	24 hour	depletion	not available	C57BL/6N	not available	Fusion_190503_27-TMT126	proteomic profiling by mass spectrometry	1	Fusion_190503_27.raw	v1.1.0	NT=ms-proteomics;VV=v1.1.0	NT=vertebrates;VV=v1.1.0	manual curation	NT=Data-dependent acquisition;AC=PRIDE:0000627	NT=Orbitrap Fusion;AC=MS:1002416	NT=Trypsin;AC=MS:1001251	TMT126	20	5 ppm	600 mmu	NT=Methylthio;AC=UNIMOD:39;TA=C;MT=Fixed	NT=Oxidation;AC=UNIMOD:35;TA=M;MT=Variable	NT=TMT6plex;AC=UNIMOD:737;TA=K;MT=Fixed	NT=TMT6plex;AC=UNIMOD:737;PP=Any N-term;MT=Fixed	pooled reference	7-week-old	pooled reference
PXD015859 individual A2	Mus musculus	blood plasma	not available	2	not pooled	normal	organism part	24 hour	depletion	not available	C57BL/6N	female	Fusion_190503_08-TMT127N	proteomic profiling by mass spectrometry	1	Fusion_190503_08.raw	v1.1.0	NT=ms-proteomics;VV=v1.1.0	NT=vertebrates;VV=v1.1.0	manual curation	NT=Data-dependent acquisition;AC=PRIDE:0000627	NT=Orbitrap Fusion;AC=MS:1002416	NT=Trypsin;AC=MS:1001251	TMT127N	1	5 ppm	600 mmu	NT=Methylthio;AC=UNIMOD:39;TA=C;MT=Fixed	NT=Oxidation;AC=UNIMOD:35;TA=M;MT=Variable	NT=TMT6plex;AC=UNIMOD:737;TA=K;MT=Fixed	NT=TMT6plex;AC=UNIMOD:737;PP=Any N-term;MT=Fixed	0.5 Gy	7-week-old	irradiated
PXD015859 individual A2	Mus musculus	blood plasma	not available	2	not pooled	normal	organism part	24 hour	depletion	not available	C57BL/6N	female	Fusion_190503_09-TMT127N	proteomic profiling by mass spectrometry	1	Fusion_190503_09.raw	v1.1.0	NT=ms-proteomics;VV=v1.1.0	NT=vertebrates;VV=v1.1.0	manual curation	NT=Data-dependent acquisition;AC=PRIDE:0000627	NT=Orbitrap Fusion;AC=MS:1002416	NT=Trypsin;AC=MS:1001251	TMT127N	2	5 ppm	600 mmu	NT=Methylthio;AC=UNIMOD:39;TA=C;MT=Fixed	NT=Oxidation;AC=UNIMOD:35;TA=M;MT=Variable	NT=TMT6plex;AC=UNIMOD:737;TA=K;MT=Fixed	NT=TMT6plex;AC=UNIMOD:737;PP=Any N-term;MT=Fixed	0.5 Gy	7-week-old	irradiated
PXD015859 individual A2	Mus musculus	blood plasma	not available	2	not pooled	normal	organism part	24 hour	depletion	not available	C57BL/6N	female	Fusion_190503_10-TMT127N	proteomic profiling by mass spectrometry	1	Fusion_190503_10.raw	v1.1.0	NT=ms-proteomics;VV=v1.1.0	NT=vertebrates;VV=v1.1.0	manual curation	NT=Data-dependent acquisition;AC=PRIDE:0000627	NT=Orbitrap Fusion;AC=MS:1002416	NT=Trypsin;AC=MS:1001251	TMT127N	3	5 ppm	600 mmu	NT=Methylthio;AC=UNIMOD:39;TA=C;MT=Fixed	NT=Oxidation;AC=UNIMOD:35;TA=M;MT=Variable	NT=TMT6plex;AC=UNIMOD:737;TA=K;MT=Fixed	NT=TMT6plex;AC=UNIMOD:737;PP=Any N-term;MT=Fixed	0.5 Gy	7-week-old	irradiated
PXD015859 individual A2	Mus musculus	blood plasma	not available	2	not pooled	normal	organism part	24 hour	depletion	not available	C57BL/6N	female	Fusion_190503_11-TMT127N	proteomic profiling by mass spectrometry	1	Fusion_190503_11.raw	v1.1.0	NT=ms-proteomics;VV=v1.1.0	NT=vertebrates;VV=v1.1.0	manual curation	NT=Data-dependent acquisition;AC=PRIDE:0000627	NT=Orbitrap Fusion;AC=MS:1002416	NT=Trypsin;AC=MS:1001251	TMT127N	4	5 ppm	600 mmu	NT=Methylthio;AC=UNIMOD:39;TA=C;MT=Fixed	NT=Oxidation;AC=UNIMOD:35;TA=M;MT=Variable	NT=TMT6plex;AC=UNIMOD:737;TA=K;MT=Fixed	NT=TMT6plex;AC=UNIMOD:737;PP=Any N-term;MT=Fixed	0.5 Gy	7-week-old	irradiated
PXD015859 individual A2	Mus musculus	blood plasma	not available	2	not pooled	normal	organism part	24 hour	depletion	not available	C57BL/6N	female	Fusion_190503_12-TMT127N	proteomic profiling by mass spectrometry	1	Fusion_190503_12.raw	v1.1.0	NT=ms-proteomics;VV=v1.1.0	NT=vertebrates;VV=v1.1.0	manual curation	NT=Data-dependent acquisition;AC=PRIDE:0000627	NT=Orbitrap Fusion;AC=MS:1002416	NT=Trypsin;AC=MS:1001251	TMT127N	5	5 ppm	600 mmu	NT=Methylthio;AC=UNIMOD:39;TA=C;MT=Fixed	NT=Oxidation;AC=UNIMOD:35;TA=M;MT=Variable	NT=TMT6plex;AC=UNIMOD:737;TA=K;MT=Fixed	NT=TMT6plex;AC=UNIMOD:737;PP=Any N-term;MT=Fixed	0.5 Gy	7-week-old	irradiated
PXD015859 individual A2	Mus musculus	blood plasma	not available	2	not pooled	normal	organism part	24 hour	depletion	not available	C57BL/6N	female	Fusion_190503_13-TMT127N	proteomic profiling by mass spectrometry	1	Fusion_190503_13.raw	v1.1.0	NT=ms-proteomics;VV=v1.1.0	NT=vertebrates;VV=v1.1.0	manual curation	NT=Data-dependent acquisition;AC=PRIDE:0000627	NT=Orbitrap Fusion;AC=MS:1002416	NT=Trypsin;AC=MS:1001251	TMT127N	6	5 ppm	600 mmu	NT=Methylthio;AC=UNIMOD:39;TA=C;MT=Fixed	NT=Oxidation;AC=UNIMOD:35;TA=M;MT=Variable	NT=TMT6plex;AC=UNIMOD:737;TA=K;MT=Fixed	NT=TMT6plex;AC=UNIMOD:737;PP=Any N-term;MT=Fixed	0.5 Gy	7-week-old	irradiated
PXD015859 individual A2	Mus musculus	blood plasma	not available	2	not pooled	normal	organism part	24 hour	depletion	not available	C57BL/6N	female	Fusion_190503_14-TMT127N	proteomic profiling by mass spectrometry	1	Fusion_190503_14.raw	v1.1.0	NT=ms-proteomics;VV=v1.1.0	NT=vertebrates;VV=v1.1.0	manual curation	NT=Data-dependent acquisition;AC=PRIDE:0000627	NT=Orbitrap Fusion;AC=MS:1002416	NT=Trypsin;AC=MS:1001251	TMT127N	7	5 ppm	600 mmu	NT=Methylthio;AC=UNIMOD:39;TA=C;MT=Fixed	NT=Oxidation;AC=UNIMOD:35;TA=M;MT=Variable	NT=TMT6plex;AC=UNIMOD:737;TA=K;MT=Fixed	NT=TMT6plex;AC=UNIMOD:737;PP=Any N-term;MT=Fixed	0.5 Gy	7-week-old	irradiated
PXD015859 individual A2	Mus musculus	blood plasma	not available	2	not pooled	normal	organism part	24 hour	depletion	not available	C57BL/6N	female	Fusion_190503_15-TMT127N	proteomic profiling by mass spectrometry	1	Fusion_190503_15.raw	v1.1.0	NT=ms-proteomics;VV=v1.1.0	NT=vertebrates;VV=v1.1.0	manual curation	NT=Data-dependent acquisition;AC=PRIDE:0000627	NT=Orbitrap Fusion;AC=MS:1002416	NT=Trypsin;AC=MS:1001251	TMT127N	8	5 ppm	600 mmu	NT=Methylthio;AC=UNIMOD:39;TA=C;MT=Fixed	NT=Oxidation;AC=UNIMOD:35;TA=M;MT=Variable	NT=TMT6plex;AC=UNIMOD:737;TA=K;MT=Fixed	NT=TMT6plex;AC=UNIMOD:737;PP=Any N-term;MT=Fixed	0.5 Gy	7-week-old	irradiated
PXD015859 individual A2	Mus musculus	blood plasma	not available	2	not pooled	normal	organism part	24 hour	depletion	not available	C57BL/6N	female	Fusion_190503_16-TMT127N	proteomic profiling by mass spectrometry	1	Fusion_190503_16.raw	v1.1.0	NT=ms-proteomics;VV=v1.1.0	NT=vertebrates;VV=v1.1.0	manual curation	NT=Data-dependent acquisition;AC=PRIDE:0000627	NT=Orbitrap Fusion;AC=MS:1002416	NT=Trypsin;AC=MS:1001251	TMT127N	9	5 ppm	600 mmu	NT=Methylthio;AC=UNIMOD:39;TA=C;MT=Fixed	NT=Oxidation;AC=UNIMOD:35;TA=M;MT=Variable	NT=TMT6plex;AC=UNIMOD:737;TA=K;MT=Fixed	NT=TMT6plex;AC=UNIMOD:737;PP=Any N-term;MT=Fixed	0.5 Gy	7-week-old	irradiated
PXD015859 individual A2	Mus musculus	blood plasma	not available	2	not pooled	normal	organism part	24 hour	depletion	not available	C57BL/6N	female	Fusion_190503_17-TMT127N	proteomic profiling by mass spectrometry	1	Fusion_190503_17.raw	v1.1.0	NT=ms-proteomics;VV=v1.1.0	NT=vertebrates;VV=v1.1.0	manual curation	NT=Data-dependent acquisition;AC=PRIDE:0000627	NT=Orbitrap Fusion;AC=MS:1002416	NT=Trypsin;AC=MS:1001251	TMT127N	10	5 ppm	600 mmu	NT=Methylthio;AC=UNIMOD:39;TA=C;MT=Fixed	NT=Oxidation;AC=UNIMOD:35;TA=M;MT=Variable	NT=TMT6plex;AC=UNIMOD:737;TA=K;MT=Fixed	NT=TMT6plex;AC=UNIMOD:737;PP=Any N-term;MT=Fixed	0.5 Gy	7-week-old	irradiated
PXD015859 individual A2	Mus musculus	blood plasma	not available	2	not pooled	normal	organism part	24 hour	depletion	not available	C57BL/6N	female	Fusion_190503_18-TMT127N	proteomic profiling by mass spectrometry	1	Fusion_190503_18.raw	v1.1.0	NT=ms-proteomics;VV=v1.1.0	NT=vertebrates;VV=v1.1.0	manual curation	NT=Data-dependent acquisition;AC=PRIDE:0000627	NT=Orbitrap Fusion;AC=MS:1002416	NT=Trypsin;AC=MS:1001251	TMT127N	11	5 ppm	600 mmu	NT=Methylthio;AC=UNIMOD:39;TA=C;MT=Fixed	NT=Oxidation;AC=UNIMOD:35;TA=M;MT=Variable	NT=TMT6plex;AC=UNIMOD:737;TA=K;MT=Fixed	NT=TMT6plex;AC=UNIMOD:737;PP=Any N-term;MT=Fixed	0.5 Gy	7-week-old	irradiated
PXD015859 individual A2	Mus musculus	blood plasma	not available	2	not pooled	normal	organism part	24 hour	depletion	not available	C57BL/6N	female	Fusion_190503_19-TMT127N	proteomic profiling by mass spectrometry	1	Fusion_190503_19.raw	v1.1.0	NT=ms-proteomics;VV=v1.1.0	NT=vertebrates;VV=v1.1.0	manual curation	NT=Data-dependent acquisition;AC=PRIDE:0000627	NT=Orbitrap Fusion;AC=MS:1002416	NT=Trypsin;AC=MS:1001251	TMT127N	12	5 ppm	600 mmu	NT=Methylthio;AC=UNIMOD:39;TA=C;MT=Fixed	NT=Oxidation;AC=UNIMOD:35;TA=M;MT=Variable	NT=TMT6plex;AC=UNIMOD:737;TA=K;MT=Fixed	NT=TMT6plex;AC=UNIMOD:737;PP=Any N-term;MT=Fixed	0.5 Gy	7-week-old	irradiated
PXD015859 individual A2	Mus musculus	blood plasma	not available	2	not pooled	normal	organism part	24 hour	depletion	not available	C57BL/6N	female	Fusion_190503_20-TMT127N	proteomic profiling by mass spectrometry	1	Fusion_190503_20.raw	v1.1.0	NT=ms-proteomics;VV=v1.1.0	NT=vertebrates;VV=v1.1.0	manual curation	NT=Data-dependent acquisition;AC=PRIDE:0000627	NT=Orbitrap Fusion;AC=MS:1002416	NT=Trypsin;AC=MS:1001251	TMT127N	13	5 ppm	600 mmu	NT=Methylthio;AC=UNIMOD:39;TA=C;MT=Fixed	NT=Oxidation;AC=UNIMOD:35;TA=M;MT=Variable	NT=TMT6plex;AC=UNIMOD:737;TA=K;MT=Fixed	NT=TMT6plex;AC=UNIMOD:737;PP=Any N-term;MT=Fixed	0.5 Gy	7-week-old	irradiated
PXD015859 individual A2	Mus musculus	blood plasma	not available	2	not pooled	normal	organism part	24 hour	depletion	not available	C57BL/6N	female	Fusion_190503_21-TMT127N	proteomic profiling by mass spectrometry	1	Fusion_190503_21.raw	v1.1.0	NT=ms-proteomics;VV=v1.1.0	NT=vertebrates;VV=v1.1.0	manual curation	NT=Data-dependent acquisition;AC=PRIDE:0000627	NT=Orbitrap Fusion;AC=MS:1002416	NT=Trypsin;AC=MS:1001251	TMT127N	14	5 ppm	600 mmu	NT=Methylthio;AC=UNIMOD:39;TA=C;MT=Fixed	NT=Oxidation;AC=UNIMOD:35;TA=M;MT=Variable	NT=TMT6plex;AC=UNIMOD:737;TA=K;MT=Fixed	NT=TMT6plex;AC=UNIMOD:737;PP=Any N-term;MT=Fixed	0.5 Gy	7-week-old	irradiated
PXD015859 individual A2	Mus musculus	blood plasma	not available	2	not pooled	normal	organism part	24 hour	depletion	not available	C57BL/6N	female	Fusion_190503_22-TMT127N	proteomic profiling by mass spectrometry	1	Fusion_190503_22.raw	v1.1.0	NT=ms-proteomics;VV=v1.1.0	NT=vertebrates;VV=v1.1.0	manual curation	NT=Data-dependent acquisition;AC=PRIDE:0000627	NT=Orbitrap Fusion;AC=MS:1002416	NT=Trypsin;AC=MS:1001251	TMT127N	15	5 ppm	600 mmu	NT=Methylthio;AC=UNIMOD:39;TA=C;MT=Fixed	NT=Oxidation;AC=UNIMOD:35;TA=M;MT=Variable	NT=TMT6plex;AC=UNIMOD:737;TA=K;MT=Fixed	NT=TMT6plex;AC=UNIMOD:737;PP=Any N-term;MT=Fixed	0.5 Gy	7-week-old	irradiated
PXD015859 individual A2	Mus musculus	blood plasma	not available	2	not pooled	normal	organism part	24 hour	depletion	not available	C57BL/6N	female	Fusion_190503_23-TMT127N	proteomic profiling by mass spectrometry	1	Fusion_190503_23.raw	v1.1.0	NT=ms-proteomics;VV=v1.1.0	NT=vertebrates;VV=v1.1.0	manual curation	NT=Data-dependent acquisition;AC=PRIDE:0000627	NT=Orbitrap Fusion;AC=MS:1002416	NT=Trypsin;AC=MS:1001251	TMT127N	16	5 ppm	600 mmu	NT=Methylthio;AC=UNIMOD:39;TA=C;MT=Fixed	NT=Oxidation;AC=UNIMOD:35;TA=M;MT=Variable	NT=TMT6plex;AC=UNIMOD:737;TA=K;MT=Fixed	NT=TMT6plex;AC=UNIMOD:737;PP=Any N-term;MT=Fixed	0.5 Gy	7-week-old	irradiated
PXD015859 individual A2	Mus musculus	blood plasma	not available	2	not pooled	normal	organism part	24 hour	depletion	not available	C57BL/6N	female	Fusion_190503_24-TMT127N	proteomic profiling by mass spectrometry	1	Fusion_190503_24.raw	v1.1.0	NT=ms-proteomics;VV=v1.1.0	NT=vertebrates;VV=v1.1.0	manual curation	NT=Data-dependent acquisition;AC=PRIDE:0000627	NT=Orbitrap Fusion;AC=MS:1002416	NT=Trypsin;AC=MS:1001251	TMT127N	17	5 ppm	600 mmu	NT=Methylthio;AC=UNIMOD:39;TA=C;MT=Fixed	NT=Oxidation;AC=UNIMOD:35;TA=M;MT=Variable	NT=TMT6plex;AC=UNIMOD:737;TA=K;MT=Fixed	NT=TMT6plex;AC=UNIMOD:737;PP=Any N-term;MT=Fixed	0.5 Gy	7-week-old	irradiated
PXD015859 individual A2	Mus musculus	blood plasma	not available	2	not pooled	normal	organism part	24 hour	depletion	not available	C57BL/6N	female	Fusion_190503_25-TMT127N	proteomic profiling by mass spectrometry	1	Fusion_190503_25.raw	v1.1.0	NT=ms-proteomics;VV=v1.1.0	NT=vertebrates;VV=v1.1.0	manual curation	NT=Data-dependent acquisition;AC=PRIDE:0000627	NT=Orbitrap Fusion;AC=MS:1002416	NT=Trypsin;AC=MS:1001251	TMT127N	18	5 ppm	600 mmu	NT=Methylthio;AC=UNIMOD:39;TA=C;MT=Fixed	NT=Oxidation;AC=UNIMOD:35;TA=M;MT=Variable	NT=TMT6plex;AC=UNIMOD:737;TA=K;MT=Fixed	NT=TMT6plex;AC=UNIMOD:737;PP=Any N-term;MT=Fixed	0.5 Gy	7-week-old	irradiated
PXD015859 individual A2	Mus musculus	blood plasma	not available	2	not pooled	normal	organism part	24 hour	depletion	not available	C57BL/6N	female	Fusion_190503_26-TMT127N	proteomic profiling by mass spectrometry	1	Fusion_190503_26.raw	v1.1.0	NT=ms-proteomics;VV=v1.1.0	NT=vertebrates;VV=v1.1.0	manual curation	NT=Data-dependent acquisition;AC=PRIDE:0000627	NT=Orbitrap Fusion;AC=MS:1002416	NT=Trypsin;AC=MS:1001251	TMT127N	19	5 ppm	600 mmu	NT=Methylthio;AC=UNIMOD:39;TA=C;MT=Fixed	NT=Oxidation;AC=UNIMOD:35;TA=M;MT=Variable	NT=TMT6plex;AC=UNIMOD:737;TA=K;MT=Fixed	NT=TMT6plex;AC=UNIMOD:737;PP=Any N-term;MT=Fixed	0.5 Gy	7-week-old	irradiated
PXD015859 individual A2	Mus musculus	blood plasma	not available	2	not pooled	normal	organism part	24 hour	depletion	not available	C57BL/6N	female	Fusion_190503_27-TMT127N	proteomic profiling by mass spectrometry	1	Fusion_190503_27.raw	v1.1.0	NT=ms-proteomics;VV=v1.1.0	NT=vertebrates;VV=v1.1.0	manual curation	NT=Data-dependent acquisition;AC=PRIDE:0000627	NT=Orbitrap Fusion;AC=MS:1002416	NT=Trypsin;AC=MS:1001251	TMT127N	20	5 ppm	600 mmu	NT=Methylthio;AC=UNIMOD:39;TA=C;MT=Fixed	NT=Oxidation;AC=UNIMOD:35;TA=M;MT=Variable	NT=TMT6plex;AC=UNIMOD:737;TA=K;MT=Fixed	NT=TMT6plex;AC=UNIMOD:737;PP=Any N-term;MT=Fixed	0.5 Gy	7-week-old	irradiated
PXD015859 individual BK1	Mus musculus	blood plasma	not available	1	not pooled	normal	organism part	24 hour	depletion	not available	C57BL/6N	male	Fusion_190503_08-TMT128N	proteomic profiling by mass spectrometry	1	Fusion_190503_08.raw	v1.1.0	NT=ms-proteomics;VV=v1.1.0	NT=vertebrates;VV=v1.1.0	manual curation	NT=Data-dependent acquisition;AC=PRIDE:0000627	NT=Orbitrap Fusion;AC=MS:1002416	NT=Trypsin;AC=MS:1001251	TMT128N	1	5 ppm	600 mmu	NT=Methylthio;AC=UNIMOD:39;TA=C;MT=Fixed	NT=Oxidation;AC=UNIMOD:35;TA=M;MT=Variable	NT=TMT6plex;AC=UNIMOD:737;TA=K;MT=Fixed	NT=TMT6plex;AC=UNIMOD:737;PP=Any N-term;MT=Fixed	0 Gy	7-week-old	mock-treated control
PXD015859 individual BK1	Mus musculus	blood plasma	not available	1	not pooled	normal	organism part	24 hour	depletion	not available	C57BL/6N	male	Fusion_190503_09-TMT128N	proteomic profiling by mass spectrometry	1	Fusion_190503_09.raw	v1.1.0	NT=ms-proteomics;VV=v1.1.0	NT=vertebrates;VV=v1.1.0	manual curation	NT=Data-dependent acquisition;AC=PRIDE:0000627	NT=Orbitrap Fusion;AC=MS:1002416	NT=Trypsin;AC=MS:1001251	TMT128N	2	5 ppm	600 mmu	NT=Methylthio;AC=UNIMOD:39;TA=C;MT=Fixed	NT=Oxidation;AC=UNIMOD:35;TA=M;MT=Variable	NT=TMT6plex;AC=UNIMOD:737;TA=K;MT=Fixed	NT=TMT6plex;AC=UNIMOD:737;PP=Any N-term;MT=Fixed	0 Gy	7-week-old	mock-treated control
PXD015859 individual BK1	Mus musculus	blood plasma	not available	1	not pooled	normal	organism part	24 hour	depletion	not available	C57BL/6N	male	Fusion_190503_10-TMT128N	proteomic profiling by mass spectrometry	1	Fusion_190503_10.raw	v1.1.0	NT=ms-proteomics;VV=v1.1.0	NT=vertebrates;VV=v1.1.0	manual curation	NT=Data-dependent acquisition;AC=PRIDE:0000627	NT=Orbitrap Fusion;AC=MS:1002416	NT=Trypsin;AC=MS:1001251	TMT128N	3	5 ppm	600 mmu	NT=Methylthio;AC=UNIMOD:39;TA=C;MT=Fixed	NT=Oxidation;AC=UNIMOD:35;TA=M;MT=Variable	NT=TMT6plex;AC=UNIMOD:737;TA=K;MT=Fixed	NT=TMT6plex;AC=UNIMOD:737;PP=Any N-term;MT=Fixed	0 Gy	7-week-old	mock-treated control
PXD015859 individual BK1	Mus musculus	blood plasma	not available	1	not pooled	normal	organism part	24 hour	depletion	not available	C57BL/6N	male	Fusion_190503_11-TMT128N	proteomic profiling by mass spectrometry	1	Fusion_190503_11.raw	v1.1.0	NT=ms-proteomics;VV=v1.1.0	NT=vertebrates;VV=v1.1.0	manual curation	NT=Data-dependent acquisition;AC=PRIDE:0000627	NT=Orbitrap Fusion;AC=MS:1002416	NT=Trypsin;AC=MS:1001251	TMT128N	4	5 ppm	600 mmu	NT=Methylthio;AC=UNIMOD:39;TA=C;MT=Fixed	NT=Oxidation;AC=UNIMOD:35;TA=M;MT=Variable	NT=TMT6plex;AC=UNIMOD:737;TA=K;MT=Fixed	NT=TMT6plex;AC=UNIMOD:737;PP=Any N-term;MT=Fixed	0 Gy	7-week-old	mock-treated control
PXD015859 individual BK1	Mus musculus	blood plasma	not available	1	not pooled	normal	organism part	24 hour	depletion	not available	C57BL/6N	male	Fusion_190503_12-TMT128N	proteomic profiling by mass spectrometry	1	Fusion_190503_12.raw	v1.1.0	NT=ms-proteomics;VV=v1.1.0	NT=vertebrates;VV=v1.1.0	manual curation	NT=Data-dependent acquisition;AC=PRIDE:0000627	NT=Orbitrap Fusion;AC=MS:1002416	NT=Trypsin;AC=MS:1001251	TMT128N	5	5 ppm	600 mmu	NT=Methylthio;AC=UNIMOD:39;TA=C;MT=Fixed	NT=Oxidation;AC=UNIMOD:35;TA=M;MT=Variable	NT=TMT6plex;AC=UNIMOD:737;TA=K;MT=Fixed	NT=TMT6plex;AC=UNIMOD:737;PP=Any N-term;MT=Fixed	0 Gy	7-week-old	mock-treated control
PXD015859 individual BK1	Mus musculus	blood plasma	not available	1	not pooled	normal	organism part	24 hour	depletion	not available	C57BL/6N	male	Fusion_190503_13-TMT128N	proteomic profiling by mass spectrometry	1	Fusion_190503_13.raw	v1.1.0	NT=ms-proteomics;VV=v1.1.0	NT=vertebrates;VV=v1.1.0	manual curation	NT=Data-dependent acquisition;AC=PRIDE:0000627	NT=Orbitrap Fusion;AC=MS:1002416	NT=Trypsin;AC=MS:1001251	TMT128N	6	5 ppm	600 mmu	NT=Methylthio;AC=UNIMOD:39;TA=C;MT=Fixed	NT=Oxidation;AC=UNIMOD:35;TA=M;MT=Variable	NT=TMT6plex;AC=UNIMOD:737;TA=K;MT=Fixed	NT=TMT6plex;AC=UNIMOD:737;PP=Any N-term;MT=Fixed	0 Gy	7-week-old	mock-treated control
PXD015859 individual BK1	Mus musculus	blood plasma	not available	1	not pooled	normal	organism part	24 hour	depletion	not available	C57BL/6N	male	Fusion_190503_14-TMT128N	proteomic profiling by mass spectrometry	1	Fusion_190503_14.raw	v1.1.0	NT=ms-proteomics;VV=v1.1.0	NT=vertebrates;VV=v1.1.0	manual curation	NT=Data-dependent acquisition;AC=PRIDE:0000627	NT=Orbitrap Fusion;AC=MS:1002416	NT=Trypsin;AC=MS:1001251	TMT128N	7	5 ppm	600 mmu	NT=Methylthio;AC=UNIMOD:39;TA=C;MT=Fixed	NT=Oxidation;AC=UNIMOD:35;TA=M;MT=Variable	NT=TMT6plex;AC=UNIMOD:737;TA=K;MT=Fixed	NT=TMT6plex;AC=UNIMOD:737;PP=Any N-term;MT=Fixed	0 Gy	7-week-old	mock-treated control
PXD015859 individual BK1	Mus musculus	blood plasma	not available	1	not pooled	normal	organism part	24 hour	depletion	not available	C57BL/6N	male	Fusion_190503_15-TMT128N	proteomic profiling by mass spectrometry	1	Fusion_190503_15.raw	v1.1.0	NT=ms-proteomics;VV=v1.1.0	NT=vertebrates;VV=v1.1.0	manual curation	NT=Data-dependent acquisition;AC=PRIDE:0000627	NT=Orbitrap Fusion;AC=MS:1002416	NT=Trypsin;AC=MS:1001251	TMT128N	8	5 ppm	600 mmu	NT=Methylthio;AC=UNIMOD:39;TA=C;MT=Fixed	NT=Oxidation;AC=UNIMOD:35;TA=M;MT=Variable	NT=TMT6plex;AC=UNIMOD:737;TA=K;MT=Fixed	NT=TMT6plex;AC=UNIMOD:737;PP=Any N-term;MT=Fixed	0 Gy	7-week-old	mock-treated control
PXD015859 individual BK1	Mus musculus	blood plasma	not available	1	not pooled	normal	organism part	24 hour	depletion	not available	C57BL/6N	male	Fusion_190503_16-TMT128N	proteomic profiling by mass spectrometry	1	Fusion_190503_16.raw	v1.1.0	NT=ms-proteomics;VV=v1.1.0	NT=vertebrates;VV=v1.1.0	manual curation	NT=Data-dependent acquisition;AC=PRIDE:0000627	NT=Orbitrap Fusion;AC=MS:1002416	NT=Trypsin;AC=MS:1001251	TMT128N	9	5 ppm	600 mmu	NT=Methylthio;AC=UNIMOD:39;TA=C;MT=Fixed	NT=Oxidation;AC=UNIMOD:35;TA=M;MT=Variable	NT=TMT6plex;AC=UNIMOD:737;TA=K;MT=Fixed	NT=TMT6plex;AC=UNIMOD:737;PP=Any N-term;MT=Fixed	0 Gy	7-week-old	mock-treated control
PXD015859 individual BK1	Mus musculus	blood plasma	not available	1	not pooled	normal	organism part	24 hour	depletion	not available	C57BL/6N	male	Fusion_190503_17-TMT128N	proteomic profiling by mass spectrometry	1	Fusion_190503_17.raw	v1.1.0	NT=ms-proteomics;VV=v1.1.0	NT=vertebrates;VV=v1.1.0	manual curation	NT=Data-dependent acquisition;AC=PRIDE:0000627	NT=Orbitrap Fusion;AC=MS:1002416	NT=Trypsin;AC=MS:1001251	TMT128N	10	5 ppm	600 mmu	NT=Methylthio;AC=UNIMOD:39;TA=C;MT=Fixed	NT=Oxidation;AC=UNIMOD:35;TA=M;MT=Variable	NT=TMT6plex;AC=UNIMOD:737;TA=K;MT=Fixed	NT=TMT6plex;AC=UNIMOD:737;PP=Any N-term;MT=Fixed	0 Gy	7-week-old	mock-treated control
PXD015859 individual BK1	Mus musculus	blood plasma	not available	1	not pooled	normal	organism part	24 hour	depletion	not available	C57BL/6N	male	Fusion_190503_18-TMT128N	proteomic profiling by mass spectrometry	1	Fusion_190503_18.raw	v1.1.0	NT=ms-proteomics;VV=v1.1.0	NT=vertebrates;VV=v1.1.0	manual curation	NT=Data-dependent acquisition;AC=PRIDE:0000627	NT=Orbitrap Fusion;AC=MS:1002416	NT=Trypsin;AC=MS:1001251	TMT128N	11	5 ppm	600 mmu	NT=Methylthio;AC=UNIMOD:39;TA=C;MT=Fixed	NT=Oxidation;AC=UNIMOD:35;TA=M;MT=Variable	NT=TMT6plex;AC=UNIMOD:737;TA=K;MT=Fixed	NT=TMT6plex;AC=UNIMOD:737;PP=Any N-term;MT=Fixed	0 Gy	7-week-old	mock-treated control
PXD015859 individual BK1	Mus musculus	blood plasma	not available	1	not pooled	normal	organism part	24 hour	depletion	not available	C57BL/6N	male	Fusion_190503_19-TMT128N	proteomic profiling by mass spectrometry	1	Fusion_190503_19.raw	v1.1.0	NT=ms-proteomics;VV=v1.1.0	NT=vertebrates;VV=v1.1.0	manual curation	NT=Data-dependent acquisition;AC=PRIDE:0000627	NT=Orbitrap Fusion;AC=MS:1002416	NT=Trypsin;AC=MS:1001251	TMT128N	12	5 ppm	600 mmu	NT=Methylthio;AC=UNIMOD:39;TA=C;MT=Fixed	NT=Oxidation;AC=UNIMOD:35;TA=M;MT=Variable	NT=TMT6plex;AC=UNIMOD:737;TA=K;MT=Fixed	NT=TMT6plex;AC=UNIMOD:737;PP=Any N-term;MT=Fixed	0 Gy	7-week-old	mock-treated control
PXD015859 individual BK1	Mus musculus	blood plasma	not available	1	not pooled	normal	organism part	24 hour	depletion	not available	C57BL/6N	male	Fusion_190503_20-TMT128N	proteomic profiling by mass spectrometry	1	Fusion_190503_20.raw	v1.1.0	NT=ms-proteomics;VV=v1.1.0	NT=vertebrates;VV=v1.1.0	manual curation	NT=Data-dependent acquisition;AC=PRIDE:0000627	NT=Orbitrap Fusion;AC=MS:1002416	NT=Trypsin;AC=MS:1001251	TMT128N	13	5 ppm	600 mmu	NT=Methylthio;AC=UNIMOD:39;TA=C;MT=Fixed	NT=Oxidation;AC=UNIMOD:35;TA=M;MT=Variable	NT=TMT6plex;AC=UNIMOD:737;TA=K;MT=Fixed	NT=TMT6plex;AC=UNIMOD:737;PP=Any N-term;MT=Fixed	0 Gy	7-week-old	mock-treated control
PXD015859 individual BK1	Mus musculus	blood plasma	not available	1	not pooled	normal	organism part	24 hour	depletion	not available	C57BL/6N	male	Fusion_190503_21-TMT128N	proteomic profiling by mass spectrometry	1	Fusion_190503_21.raw	v1.1.0	NT=ms-proteomics;VV=v1.1.0	NT=vertebrates;VV=v1.1.0	manual curation	NT=Data-dependent acquisition;AC=PRIDE:0000627	NT=Orbitrap Fusion;AC=MS:1002416	NT=Trypsin;AC=MS:1001251	TMT128N	14	5 ppm	600 mmu	NT=Methylthio;AC=UNIMOD:39;TA=C;MT=Fixed	NT=Oxidation;AC=UNIMOD:35;TA=M;MT=Variable	NT=TMT6plex;AC=UNIMOD:737;TA=K;MT=Fixed	NT=TMT6plex;AC=UNIMOD:737;PP=Any N-term;MT=Fixed	0 Gy	7-week-old	mock-treated control
PXD015859 individual BK1	Mus musculus	blood plasma	not available	1	not pooled	normal	organism part	24 hour	depletion	not available	C57BL/6N	male	Fusion_190503_22-TMT128N	proteomic profiling by mass spectrometry	1	Fusion_190503_22.raw	v1.1.0	NT=ms-proteomics;VV=v1.1.0	NT=vertebrates;VV=v1.1.0	manual curation	NT=Data-dependent acquisition;AC=PRIDE:0000627	NT=Orbitrap Fusion;AC=MS:1002416	NT=Trypsin;AC=MS:1001251	TMT128N	15	5 ppm	600 mmu	NT=Methylthio;AC=UNIMOD:39;TA=C;MT=Fixed	NT=Oxidation;AC=UNIMOD:35;TA=M;MT=Variable	NT=TMT6plex;AC=UNIMOD:737;TA=K;MT=Fixed	NT=TMT6plex;AC=UNIMOD:737;PP=Any N-term;MT=Fixed	0 Gy	7-week-old	mock-treated control
PXD015859 individual BK1	Mus musculus	blood plasma	not available	1	not pooled	normal	organism part	24 hour	depletion	not available	C57BL/6N	male	Fusion_190503_23-TMT128N	proteomic profiling by mass spectrometry	1	Fusion_190503_23.raw	v1.1.0	NT=ms-proteomics;VV=v1.1.0	NT=vertebrates;VV=v1.1.0	manual curation	NT=Data-dependent acquisition;AC=PRIDE:0000627	NT=Orbitrap Fusion;AC=MS:1002416	NT=Trypsin;AC=MS:1001251	TMT128N	16	5 ppm	600 mmu	NT=Methylthio;AC=UNIMOD:39;TA=C;MT=Fixed	NT=Oxidation;AC=UNIMOD:35;TA=M;MT=Variable	NT=TMT6plex;AC=UNIMOD:737;TA=K;MT=Fixed	NT=TMT6plex;AC=UNIMOD:737;PP=Any N-term;MT=Fixed	0 Gy	7-week-old	mock-treated control
PXD015859 individual BK1	Mus musculus	blood plasma	not available	1	not pooled	normal	organism part	24 hour	depletion	not available	C57BL/6N	male	Fusion_190503_24-TMT128N	proteomic profiling by mass spectrometry	1	Fusion_190503_24.raw	v1.1.0	NT=ms-proteomics;VV=v1.1.0	NT=vertebrates;VV=v1.1.0	manual curation	NT=Data-dependent acquisition;AC=PRIDE:0000627	NT=Orbitrap Fusion;AC=MS:1002416	NT=Trypsin;AC=MS:1001251	TMT128N	17	5 ppm	600 mmu	NT=Methylthio;AC=UNIMOD:39;TA=C;MT=Fixed	NT=Oxidation;AC=UNIMOD:35;TA=M;MT=Variable	NT=TMT6plex;AC=UNIMOD:737;TA=K;MT=Fixed	NT=TMT6plex;AC=UNIMOD:737;PP=Any N-term;MT=Fixed	0 Gy	7-week-old	mock-treated control
PXD015859 individual BK1	Mus musculus	blood plasma	not available	1	not pooled	normal	organism part	24 hour	depletion	not available	C57BL/6N	male	Fusion_190503_25-TMT128N	proteomic profiling by mass spectrometry	1	Fusion_190503_25.raw	v1.1.0	NT=ms-proteomics;VV=v1.1.0	NT=vertebrates;VV=v1.1.0	manual curation	NT=Data-dependent acquisition;AC=PRIDE:0000627	NT=Orbitrap Fusion;AC=MS:1002416	NT=Trypsin;AC=MS:1001251	TMT128N	18	5 ppm	600 mmu	NT=Methylthio;AC=UNIMOD:39;TA=C;MT=Fixed	NT=Oxidation;AC=UNIMOD:35;TA=M;MT=Variable	NT=TMT6plex;AC=UNIMOD:737;TA=K;MT=Fixed	NT=TMT6plex;AC=UNIMOD:737;PP=Any N-term;MT=Fixed	0 Gy	7-week-old	mock-treated control
PXD015859 individual BK1	Mus musculus	blood plasma	not available	1	not pooled	normal	organism part	24 hour	depletion	not available	C57BL/6N	male	Fusion_190503_26-TMT128N	proteomic profiling by mass spectrometry	1	Fusion_190503_26.raw	v1.1.0	NT=ms-proteomics;VV=v1.1.0	NT=vertebrates;VV=v1.1.0	manual curation	NT=Data-dependent acquisition;AC=PRIDE:0000627	NT=Orbitrap Fusion;AC=MS:1002416	NT=Trypsin;AC=MS:1001251	TMT128N	19	5 ppm	600 mmu	NT=Methylthio;AC=UNIMOD:39;TA=C;MT=Fixed	NT=Oxidation;AC=UNIMOD:35;TA=M;MT=Variable	NT=TMT6plex;AC=UNIMOD:737;TA=K;MT=Fixed	NT=TMT6plex;AC=UNIMOD:737;PP=Any N-term;MT=Fixed	0 Gy	7-week-old	mock-treated control
PXD015859 individual BK1	Mus musculus	blood plasma	not available	1	not pooled	normal	organism part	24 hour	depletion	not available	C57BL/6N	male	Fusion_190503_27-TMT128N	proteomic profiling by mass spectrometry	1	Fusion_190503_27.raw	v1.1.0	NT=ms-proteomics;VV=v1.1.0	NT=vertebrates;VV=v1.1.0	manual curation	NT=Data-dependent acquisition;AC=PRIDE:0000627	NT=Orbitrap Fusion;AC=MS:1002416	NT=Trypsin;AC=MS:1001251	TMT128N	20	5 ppm	600 mmu	NT=Methylthio;AC=UNIMOD:39;TA=C;MT=Fixed	NT=Oxidation;AC=UNIMOD:35;TA=M;MT=Variable	NT=TMT6plex;AC=UNIMOD:737;TA=K;MT=Fixed	NT=TMT6plex;AC=UNIMOD:737;PP=Any N-term;MT=Fixed	0 Gy	7-week-old	mock-treated control
PXD015859 individual A3	Mus musculus	blood plasma	not available	3	not pooled	normal	organism part	24 hour	depletion	not available	C57BL/6N	female	Fusion_190503_08-TMT128C	proteomic profiling by mass spectrometry	1	Fusion_190503_08.raw	v1.1.0	NT=ms-proteomics;VV=v1.1.0	NT=vertebrates;VV=v1.1.0	manual curation	NT=Data-dependent acquisition;AC=PRIDE:0000627	NT=Orbitrap Fusion;AC=MS:1002416	NT=Trypsin;AC=MS:1001251	TMT128C	1	5 ppm	600 mmu	NT=Methylthio;AC=UNIMOD:39;TA=C;MT=Fixed	NT=Oxidation;AC=UNIMOD:35;TA=M;MT=Variable	NT=TMT6plex;AC=UNIMOD:737;TA=K;MT=Fixed	NT=TMT6plex;AC=UNIMOD:737;PP=Any N-term;MT=Fixed	0.5 Gy	7-week-old	irradiated
PXD015859 individual A3	Mus musculus	blood plasma	not available	3	not pooled	normal	organism part	24 hour	depletion	not available	C57BL/6N	female	Fusion_190503_09-TMT128C	proteomic profiling by mass spectrometry	1	Fusion_190503_09.raw	v1.1.0	NT=ms-proteomics;VV=v1.1.0	NT=vertebrates;VV=v1.1.0	manual curation	NT=Data-dependent acquisition;AC=PRIDE:0000627	NT=Orbitrap Fusion;AC=MS:1002416	NT=Trypsin;AC=MS:1001251	TMT128C	2	5 ppm	600 mmu	NT=Methylthio;AC=UNIMOD:39;TA=C;MT=Fixed	NT=Oxidation;AC=UNIMOD:35;TA=M;MT=Variable	NT=TMT6plex;AC=UNIMOD:737;TA=K;MT=Fixed	NT=TMT6plex;AC=UNIMOD:737;PP=Any N-term;MT=Fixed	0.5 Gy	7-week-old	irradiated
PXD015859 individual A3	Mus musculus	blood plasma	not available	3	not pooled	normal	organism part	24 hour	depletion	not available	C57BL/6N	female	Fusion_190503_10-TMT128C	proteomic profiling by mass spectrometry	1	Fusion_190503_10.raw	v1.1.0	NT=ms-proteomics;VV=v1.1.0	NT=vertebrates;VV=v1.1.0	manual curation	NT=Data-dependent acquisition;AC=PRIDE:0000627	NT=Orbitrap Fusion;AC=MS:1002416	NT=Trypsin;AC=MS:1001251	TMT128C	3	5 ppm	600 mmu	NT=Methylthio;AC=UNIMOD:39;TA=C;MT=Fixed	NT=Oxidation;AC=UNIMOD:35;TA=M;MT=Variable	NT=TMT6plex;AC=UNIMOD:737;TA=K;MT=Fixed	NT=TMT6plex;AC=UNIMOD:737;PP=Any N-term;MT=Fixed	0.5 Gy	7-week-old	irradiated
PXD015859 individual A3	Mus musculus	blood plasma	not available	3	not pooled	normal	organism part	24 hour	depletion	not available	C57BL/6N	female	Fusion_190503_11-TMT128C	proteomic profiling by mass spectrometry	1	Fusion_190503_11.raw	v1.1.0	NT=ms-proteomics;VV=v1.1.0	NT=vertebrates;VV=v1.1.0	manual curation	NT=Data-dependent acquisition;AC=PRIDE:0000627	NT=Orbitrap Fusion;AC=MS:1002416	NT=Trypsin;AC=MS:1001251	TMT128C	4	5 ppm	600 mmu	NT=Methylthio;AC=UNIMOD:39;TA=C;MT=Fixed	NT=Oxidation;AC=UNIMOD:35;TA=M;MT=Variable	NT=TMT6plex;AC=UNIMOD:737;TA=K;MT=Fixed	NT=TMT6plex;AC=UNIMOD:737;PP=Any N-term;MT=Fixed	0.5 Gy	7-week-old	irradiated
PXD015859 individual A3	Mus musculus	blood plasma	not available	3	not pooled	normal	organism part	24 hour	depletion	not available	C57BL/6N	female	Fusion_190503_12-TMT128C	proteomic profiling by mass spectrometry	1	Fusion_190503_12.raw	v1.1.0	NT=ms-proteomics;VV=v1.1.0	NT=vertebrates;VV=v1.1.0	manual curation	NT=Data-dependent acquisition;AC=PRIDE:0000627	NT=Orbitrap Fusion;AC=MS:1002416	NT=Trypsin;AC=MS:1001251	TMT128C	5	5 ppm	600 mmu	NT=Methylthio;AC=UNIMOD:39;TA=C;MT=Fixed	NT=Oxidation;AC=UNIMOD:35;TA=M;MT=Variable	NT=TMT6plex;AC=UNIMOD:737;TA=K;MT=Fixed	NT=TMT6plex;AC=UNIMOD:737;PP=Any N-term;MT=Fixed	0.5 Gy	7-week-old	irradiated
PXD015859 individual A3	Mus musculus	blood plasma	not available	3	not pooled	normal	organism part	24 hour	depletion	not available	C57BL/6N	female	Fusion_190503_13-TMT128C	proteomic profiling by mass spectrometry	1	Fusion_190503_13.raw	v1.1.0	NT=ms-proteomics;VV=v1.1.0	NT=vertebrates;VV=v1.1.0	manual curation	NT=Data-dependent acquisition;AC=PRIDE:0000627	NT=Orbitrap Fusion;AC=MS:1002416	NT=Trypsin;AC=MS:1001251	TMT128C	6	5 ppm	600 mmu	NT=Methylthio;AC=UNIMOD:39;TA=C;MT=Fixed	NT=Oxidation;AC=UNIMOD:35;TA=M;MT=Variable	NT=TMT6plex;AC=UNIMOD:737;TA=K;MT=Fixed	NT=TMT6plex;AC=UNIMOD:737;PP=Any N-term;MT=Fixed	0.5 Gy	7-week-old	irradiated
PXD015859 individual A3	Mus musculus	blood plasma	not available	3	not pooled	normal	organism part	24 hour	depletion	not available	C57BL/6N	female	Fusion_190503_14-TMT128C	proteomic profiling by mass spectrometry	1	Fusion_190503_14.raw	v1.1.0	NT=ms-proteomics;VV=v1.1.0	NT=vertebrates;VV=v1.1.0	manual curation	NT=Data-dependent acquisition;AC=PRIDE:0000627	NT=Orbitrap Fusion;AC=MS:1002416	NT=Trypsin;AC=MS:1001251	TMT128C	7	5 ppm	600 mmu	NT=Methylthio;AC=UNIMOD:39;TA=C;MT=Fixed	NT=Oxidation;AC=UNIMOD:35;TA=M;MT=Variable	NT=TMT6plex;AC=UNIMOD:737;TA=K;MT=Fixed	NT=TMT6plex;AC=UNIMOD:737;PP=Any N-term;MT=Fixed	0.5 Gy	7-week-old	irradiated
PXD015859 individual A3	Mus musculus	blood plasma	not available	3	not pooled	normal	organism part	24 hour	depletion	not available	C57BL/6N	female	Fusion_190503_15-TMT128C	proteomic profiling by mass spectrometry	1	Fusion_190503_15.raw	v1.1.0	NT=ms-proteomics;VV=v1.1.0	NT=vertebrates;VV=v1.1.0	manual curation	NT=Data-dependent acquisition;AC=PRIDE:0000627	NT=Orbitrap Fusion;AC=MS:1002416	NT=Trypsin;AC=MS:1001251	TMT128C	8	5 ppm	600 mmu	NT=Methylthio;AC=UNIMOD:39;TA=C;MT=Fixed	NT=Oxidation;AC=UNIMOD:35;TA=M;MT=Variable	NT=TMT6plex;AC=UNIMOD:737;TA=K;MT=Fixed	NT=TMT6plex;AC=UNIMOD:737;PP=Any N-term;MT=Fixed	0.5 Gy	7-week-old	irradiated
PXD015859 individual A3	Mus musculus	blood plasma	not available	3	not pooled	normal	organism part	24 hour	depletion	not available	C57BL/6N	female	Fusion_190503_16-TMT128C	proteomic profiling by mass spectrometry	1	Fusion_190503_16.raw	v1.1.0	NT=ms-proteomics;VV=v1.1.0	NT=vertebrates;VV=v1.1.0	manual curation	NT=Data-dependent acquisition;AC=PRIDE:0000627	NT=Orbitrap Fusion;AC=MS:1002416	NT=Trypsin;AC=MS:1001251	TMT128C	9	5 ppm	600 mmu	NT=Methylthio;AC=UNIMOD:39;TA=C;MT=Fixed	NT=Oxidation;AC=UNIMOD:35;TA=M;MT=Variable	NT=TMT6plex;AC=UNIMOD:737;TA=K;MT=Fixed	NT=TMT6plex;AC=UNIMOD:737;PP=Any N-term;MT=Fixed	0.5 Gy	7-week-old	irradiated
PXD015859 individual A3	Mus musculus	blood plasma	not available	3	not pooled	normal	organism part	24 hour	depletion	not available	C57BL/6N	female	Fusion_190503_17-TMT128C	proteomic profiling by mass spectrometry	1	Fusion_190503_17.raw	v1.1.0	NT=ms-proteomics;VV=v1.1.0	NT=vertebrates;VV=v1.1.0	manual curation	NT=Data-dependent acquisition;AC=PRIDE:0000627	NT=Orbitrap Fusion;AC=MS:1002416	NT=Trypsin;AC=MS:1001251	TMT128C	10	5 ppm	600 mmu	NT=Methylthio;AC=UNIMOD:39;TA=C;MT=Fixed	NT=Oxidation;AC=UNIMOD:35;TA=M;MT=Variable	NT=TMT6plex;AC=UNIMOD:737;TA=K;MT=Fixed	NT=TMT6plex;AC=UNIMOD:737;PP=Any N-term;MT=Fixed	0.5 Gy	7-week-old	irradiated
PXD015859 individual A3	Mus musculus	blood plasma	not available	3	not pooled	normal	organism part	24 hour	depletion	not available	C57BL/6N	female	Fusion_190503_18-TMT128C	proteomic profiling by mass spectrometry	1	Fusion_190503_18.raw	v1.1.0	NT=ms-proteomics;VV=v1.1.0	NT=vertebrates;VV=v1.1.0	manual curation	NT=Data-dependent acquisition;AC=PRIDE:0000627	NT=Orbitrap Fusion;AC=MS:1002416	NT=Trypsin;AC=MS:1001251	TMT128C	11	5 ppm	600 mmu	NT=Methylthio;AC=UNIMOD:39;TA=C;MT=Fixed	NT=Oxidation;AC=UNIMOD:35;TA=M;MT=Variable	NT=TMT6plex;AC=UNIMOD:737;TA=K;MT=Fixed	NT=TMT6plex;AC=UNIMOD:737;PP=Any N-term;MT=Fixed	0.5 Gy	7-week-old	irradiated
PXD015859 individual A3	Mus musculus	blood plasma	not available	3	not pooled	normal	organism part	24 hour	depletion	not available	C57BL/6N	female	Fusion_190503_19-TMT128C	proteomic profiling by mass spectrometry	1	Fusion_190503_19.raw	v1.1.0	NT=ms-proteomics;VV=v1.1.0	NT=vertebrates;VV=v1.1.0	manual curation	NT=Data-dependent acquisition;AC=PRIDE:0000627	NT=Orbitrap Fusion;AC=MS:1002416	NT=Trypsin;AC=MS:1001251	TMT128C	12	5 ppm	600 mmu	NT=Methylthio;AC=UNIMOD:39;TA=C;MT=Fixed	NT=Oxidation;AC=UNIMOD:35;TA=M;MT=Variable	NT=TMT6plex;AC=UNIMOD:737;TA=K;MT=Fixed	NT=TMT6plex;AC=UNIMOD:737;PP=Any N-term;MT=Fixed	0.5 Gy	7-week-old	irradiated
PXD015859 individual A3	Mus musculus	blood plasma	not available	3	not pooled	normal	organism part	24 hour	depletion	not available	C57BL/6N	female	Fusion_190503_20-TMT128C	proteomic profiling by mass spectrometry	1	Fusion_190503_20.raw	v1.1.0	NT=ms-proteomics;VV=v1.1.0	NT=vertebrates;VV=v1.1.0	manual curation	NT=Data-dependent acquisition;AC=PRIDE:0000627	NT=Orbitrap Fusion;AC=MS:1002416	NT=Trypsin;AC=MS:1001251	TMT128C	13	5 ppm	600 mmu	NT=Methylthio;AC=UNIMOD:39;TA=C;MT=Fixed	NT=Oxidation;AC=UNIMOD:35;TA=M;MT=Variable	NT=TMT6plex;AC=UNIMOD:737;TA=K;MT=Fixed	NT=TMT6plex;AC=UNIMOD:737;PP=Any N-term;MT=Fixed	0.5 Gy	7-week-old	irradiated
PXD015859 individual A3	Mus musculus	blood plasma	not available	3	not pooled	normal	organism part	24 hour	depletion	not available	C57BL/6N	female	Fusion_190503_21-TMT128C	proteomic profiling by mass spectrometry	1	Fusion_190503_21.raw	v1.1.0	NT=ms-proteomics;VV=v1.1.0	NT=vertebrates;VV=v1.1.0	manual curation	NT=Data-dependent acquisition;AC=PRIDE:0000627	NT=Orbitrap Fusion;AC=MS:1002416	NT=Trypsin;AC=MS:1001251	TMT128C	14	5 ppm	600 mmu	NT=Methylthio;AC=UNIMOD:39;TA=C;MT=Fixed	NT=Oxidation;AC=UNIMOD:35;TA=M;MT=Variable	NT=TMT6plex;AC=UNIMOD:737;TA=K;MT=Fixed	NT=TMT6plex;AC=UNIMOD:737;PP=Any N-term;MT=Fixed	0.5 Gy	7-week-old	irradiated
PXD015859 individual A3	Mus musculus	blood plasma	not available	3	not pooled	normal	organism part	24 hour	depletion	not available	C57BL/6N	female	Fusion_190503_22-TMT128C	proteomic profiling by mass spectrometry	1	Fusion_190503_22.raw	v1.1.0	NT=ms-proteomics;VV=v1.1.0	NT=vertebrates;VV=v1.1.0	manual curation	NT=Data-dependent acquisition;AC=PRIDE:0000627	NT=Orbitrap Fusion;AC=MS:1002416	NT=Trypsin;AC=MS:1001251	TMT128C	15	5 ppm	600 mmu	NT=Methylthio;AC=UNIMOD:39;TA=C;MT=Fixed	NT=Oxidation;AC=UNIMOD:35;TA=M;MT=Variable	NT=TMT6plex;AC=UNIMOD:737;TA=K;MT=Fixed	NT=TMT6plex;AC=UNIMOD:737;PP=Any N-term;MT=Fixed	0.5 Gy	7-week-old	irradiated
PXD015859 individual A3	Mus musculus	blood plasma	not available	3	not pooled	normal	organism part	24 hour	depletion	not available	C57BL/6N	female	Fusion_190503_23-TMT128C	proteomic profiling by mass spectrometry	1	Fusion_190503_23.raw	v1.1.0	NT=ms-proteomics;VV=v1.1.0	NT=vertebrates;VV=v1.1.0	manual curation	NT=Data-dependent acquisition;AC=PRIDE:0000627	NT=Orbitrap Fusion;AC=MS:1002416	NT=Trypsin;AC=MS:1001251	TMT128C	16	5 ppm	600 mmu	NT=Methylthio;AC=UNIMOD:39;TA=C;MT=Fixed	NT=Oxidation;AC=UNIMOD:35;TA=M;MT=Variable	NT=TMT6plex;AC=UNIMOD:737;TA=K;MT=Fixed	NT=TMT6plex;AC=UNIMOD:737;PP=Any N-term;MT=Fixed	0.5 Gy	7-week-old	irradiated
PXD015859 individual A3	Mus musculus	blood plasma	not available	3	not pooled	normal	organism part	24 hour	depletion	not available	C57BL/6N	female	Fusion_190503_24-TMT128C	proteomic profiling by mass spectrometry	1	Fusion_190503_24.raw	v1.1.0	NT=ms-proteomics;VV=v1.1.0	NT=vertebrates;VV=v1.1.0	manual curation	NT=Data-dependent acquisition;AC=PRIDE:0000627	NT=Orbitrap Fusion;AC=MS:1002416	NT=Trypsin;AC=MS:1001251	TMT128C	17	5 ppm	600 mmu	NT=Methylthio;AC=UNIMOD:39;TA=C;MT=Fixed	NT=Oxidation;AC=UNIMOD:35;TA=M;MT=Variable	NT=TMT6plex;AC=UNIMOD:737;TA=K;MT=Fixed	NT=TMT6plex;AC=UNIMOD:737;PP=Any N-term;MT=Fixed	0.5 Gy	7-week-old	irradiated
PXD015859 individual A3	Mus musculus	blood plasma	not available	3	not pooled	normal	organism part	24 hour	depletion	not available	C57BL/6N	female	Fusion_190503_25-TMT128C	proteomic profiling by mass spectrometry	1	Fusion_190503_25.raw	v1.1.0	NT=ms-proteomics;VV=v1.1.0	NT=vertebrates;VV=v1.1.0	manual curation	NT=Data-dependent acquisition;AC=PRIDE:0000627	NT=Orbitrap Fusion;AC=MS:1002416	NT=Trypsin;AC=MS:1001251	TMT128C	18	5 ppm	600 mmu	NT=Methylthio;AC=UNIMOD:39;TA=C;MT=Fixed	NT=Oxidation;AC=UNIMOD:35;TA=M;MT=Variable	NT=TMT6plex;AC=UNIMOD:737;TA=K;MT=Fixed	NT=TMT6plex;AC=UNIMOD:737;PP=Any N-term;MT=Fixed	0.5 Gy	7-week-old	irradiated
PXD015859 individual A3	Mus musculus	blood plasma	not available	3	not pooled	normal	organism part	24 hour	depletion	not available	C57BL/6N	female	Fusion_190503_26-TMT128C	proteomic profiling by mass spectrometry	1	Fusion_190503_26.raw	v1.1.0	NT=ms-proteomics;VV=v1.1.0	NT=vertebrates;VV=v1.1.0	manual curation	NT=Data-dependent acquisition;AC=PRIDE:0000627	NT=Orbitrap Fusion;AC=MS:1002416	NT=Trypsin;AC=MS:1001251	TMT128C	19	5 ppm	600 mmu	NT=Methylthio;AC=UNIMOD:39;TA=C;MT=Fixed	NT=Oxidation;AC=UNIMOD:35;TA=M;MT=Variable	NT=TMT6plex;AC=UNIMOD:737;TA=K;MT=Fixed	NT=TMT6plex;AC=UNIMOD:737;PP=Any N-term;MT=Fixed	0.5 Gy	7-week-old	irradiated
PXD015859 individual A3	Mus musculus	blood plasma	not available	3	not pooled	normal	organism part	24 hour	depletion	not available	C57BL/6N	female	Fusion_190503_27-TMT128C	proteomic profiling by mass spectrometry	1	Fusion_190503_27.raw	v1.1.0	NT=ms-proteomics;VV=v1.1.0	NT=vertebrates;VV=v1.1.0	manual curation	NT=Data-dependent acquisition;AC=PRIDE:0000627	NT=Orbitrap Fusion;AC=MS:1002416	NT=Trypsin;AC=MS:1001251	TMT128C	20	5 ppm	600 mmu	NT=Methylthio;AC=UNIMOD:39;TA=C;MT=Fixed	NT=Oxidation;AC=UNIMOD:35;TA=M;MT=Variable	NT=TMT6plex;AC=UNIMOD:737;TA=K;MT=Fixed	NT=TMT6plex;AC=UNIMOD:737;PP=Any N-term;MT=Fixed	0.5 Gy	7-week-old	irradiated
PXD015859 individual BK2	Mus musculus	blood plasma	not available	2	not pooled	normal	organism part	24 hour	depletion	not available	C57BL/6N	male	Fusion_190503_08-TMT129N	proteomic profiling by mass spectrometry	1	Fusion_190503_08.raw	v1.1.0	NT=ms-proteomics;VV=v1.1.0	NT=vertebrates;VV=v1.1.0	manual curation	NT=Data-dependent acquisition;AC=PRIDE:0000627	NT=Orbitrap Fusion;AC=MS:1002416	NT=Trypsin;AC=MS:1001251	TMT129N	1	5 ppm	600 mmu	NT=Methylthio;AC=UNIMOD:39;TA=C;MT=Fixed	NT=Oxidation;AC=UNIMOD:35;TA=M;MT=Variable	NT=TMT6plex;AC=UNIMOD:737;TA=K;MT=Fixed	NT=TMT6plex;AC=UNIMOD:737;PP=Any N-term;MT=Fixed	0 Gy	7-week-old	mock-treated control
PXD015859 individual BK2	Mus musculus	blood plasma	not available	2	not pooled	normal	organism part	24 hour	depletion	not available	C57BL/6N	male	Fusion_190503_09-TMT129N	proteomic profiling by mass spectrometry	1	Fusion_190503_09.raw	v1.1.0	NT=ms-proteomics;VV=v1.1.0	NT=vertebrates;VV=v1.1.0	manual curation	NT=Data-dependent acquisition;AC=PRIDE:0000627	NT=Orbitrap Fusion;AC=MS:1002416	NT=Trypsin;AC=MS:1001251	TMT129N	2	5 ppm	600 mmu	NT=Methylthio;AC=UNIMOD:39;TA=C;MT=Fixed	NT=Oxidation;AC=UNIMOD:35;TA=M;MT=Variable	NT=TMT6plex;AC=UNIMOD:737;TA=K;MT=Fixed	NT=TMT6plex;AC=UNIMOD:737;PP=Any N-term;MT=Fixed	0 Gy	7-week-old	mock-treated control
PXD015859 individual BK2	Mus musculus	blood plasma	not available	2	not pooled	normal	organism part	24 hour	depletion	not available	C57BL/6N	male	Fusion_190503_10-TMT129N	proteomic profiling by mass spectrometry	1	Fusion_190503_10.raw	v1.1.0	NT=ms-proteomics;VV=v1.1.0	NT=vertebrates;VV=v1.1.0	manual curation	NT=Data-dependent acquisition;AC=PRIDE:0000627	NT=Orbitrap Fusion;AC=MS:1002416	NT=Trypsin;AC=MS:1001251	TMT129N	3	5 ppm	600 mmu	NT=Methylthio;AC=UNIMOD:39;TA=C;MT=Fixed	NT=Oxidation;AC=UNIMOD:35;TA=M;MT=Variable	NT=TMT6plex;AC=UNIMOD:737;TA=K;MT=Fixed	NT=TMT6plex;AC=UNIMOD:737;PP=Any N-term;MT=Fixed	0 Gy	7-week-old	mock-treated control
PXD015859 individual BK2	Mus musculus	blood plasma	not available	2	not pooled	normal	organism part	24 hour	depletion	not available	C57BL/6N	male	Fusion_190503_11-TMT129N	proteomic profiling by mass spectrometry	1	Fusion_190503_11.raw	v1.1.0	NT=ms-proteomics;VV=v1.1.0	NT=vertebrates;VV=v1.1.0	manual curation	NT=Data-dependent acquisition;AC=PRIDE:0000627	NT=Orbitrap Fusion;AC=MS:1002416	NT=Trypsin;AC=MS:1001251	TMT129N	4	5 ppm	600 mmu	NT=Methylthio;AC=UNIMOD:39;TA=C;MT=Fixed	NT=Oxidation;AC=UNIMOD:35;TA=M;MT=Variable	NT=TMT6plex;AC=UNIMOD:737;TA=K;MT=Fixed	NT=TMT6plex;AC=UNIMOD:737;PP=Any N-term;MT=Fixed	0 Gy	7-week-old	mock-treated control
PXD015859 individual BK2	Mus musculus	blood plasma	not available	2	not pooled	normal	organism part	24 hour	depletion	not available	C57BL/6N	male	Fusion_190503_12-TMT129N	proteomic profiling by mass spectrometry	1	Fusion_190503_12.raw	v1.1.0	NT=ms-proteomics;VV=v1.1.0	NT=vertebrates;VV=v1.1.0	manual curation	NT=Data-dependent acquisition;AC=PRIDE:0000627	NT=Orbitrap Fusion;AC=MS:1002416	NT=Trypsin;AC=MS:1001251	TMT129N	5	5 ppm	600 mmu	NT=Methylthio;AC=UNIMOD:39;TA=C;MT=Fixed	NT=Oxidation;AC=UNIMOD:35;TA=M;MT=Variable	NT=TMT6plex;AC=UNIMOD:737;TA=K;MT=Fixed	NT=TMT6plex;AC=UNIMOD:737;PP=Any N-term;MT=Fixed	0 Gy	7-week-old	mock-treated control
PXD015859 individual BK2	Mus musculus	blood plasma	not available	2	not pooled	normal	organism part	24 hour	depletion	not available	C57BL/6N	male	Fusion_190503_13-TMT129N	proteomic profiling by mass spectrometry	1	Fusion_190503_13.raw	v1.1.0	NT=ms-proteomics;VV=v1.1.0	NT=vertebrates;VV=v1.1.0	manual curation	NT=Data-dependent acquisition;AC=PRIDE:0000627	NT=Orbitrap Fusion;AC=MS:1002416	NT=Trypsin;AC=MS:1001251	TMT129N	6	5 ppm	600 mmu	NT=Methylthio;AC=UNIMOD:39;TA=C;MT=Fixed	NT=Oxidation;AC=UNIMOD:35;TA=M;MT=Variable	NT=TMT6plex;AC=UNIMOD:737;TA=K;MT=Fixed	NT=TMT6plex;AC=UNIMOD:737;PP=Any N-term;MT=Fixed	0 Gy	7-week-old	mock-treated control
PXD015859 individual BK2	Mus musculus	blood plasma	not available	2	not pooled	normal	organism part	24 hour	depletion	not available	C57BL/6N	male	Fusion_190503_14-TMT129N	proteomic profiling by mass spectrometry	1	Fusion_190503_14.raw	v1.1.0	NT=ms-proteomics;VV=v1.1.0	NT=vertebrates;VV=v1.1.0	manual curation	NT=Data-dependent acquisition;AC=PRIDE:0000627	NT=Orbitrap Fusion;AC=MS:1002416	NT=Trypsin;AC=MS:1001251	TMT129N	7	5 ppm	600 mmu	NT=Methylthio;AC=UNIMOD:39;TA=C;MT=Fixed	NT=Oxidation;AC=UNIMOD:35;TA=M;MT=Variable	NT=TMT6plex;AC=UNIMOD:737;TA=K;MT=Fixed	NT=TMT6plex;AC=UNIMOD:737;PP=Any N-term;MT=Fixed	0 Gy	7-week-old	mock-treated control
PXD015859 individual BK2	Mus musculus	blood plasma	not available	2	not pooled	normal	organism part	24 hour	depletion	not available	C57BL/6N	male	Fusion_190503_15-TMT129N	proteomic profiling by mass spectrometry	1	Fusion_190503_15.raw	v1.1.0	NT=ms-proteomics;VV=v1.1.0	NT=vertebrates;VV=v1.1.0	manual curation	NT=Data-dependent acquisition;AC=PRIDE:0000627	NT=Orbitrap Fusion;AC=MS:1002416	NT=Trypsin;AC=MS:1001251	TMT129N	8	5 ppm	600 mmu	NT=Methylthio;AC=UNIMOD:39;TA=C;MT=Fixed	NT=Oxidation;AC=UNIMOD:35;TA=M;MT=Variable	NT=TMT6plex;AC=UNIMOD:737;TA=K;MT=Fixed	NT=TMT6plex;AC=UNIMOD:737;PP=Any N-term;MT=Fixed	0 Gy	7-week-old	mock-treated control
PXD015859 individual BK2	Mus musculus	blood plasma	not available	2	not pooled	normal	organism part	24 hour	depletion	not available	C57BL/6N	male	Fusion_190503_16-TMT129N	proteomic profiling by mass spectrometry	1	Fusion_190503_16.raw	v1.1.0	NT=ms-proteomics;VV=v1.1.0	NT=vertebrates;VV=v1.1.0	manual curation	NT=Data-dependent acquisition;AC=PRIDE:0000627	NT=Orbitrap Fusion;AC=MS:1002416	NT=Trypsin;AC=MS:1001251	TMT129N	9	5 ppm	600 mmu	NT=Methylthio;AC=UNIMOD:39;TA=C;MT=Fixed	NT=Oxidation;AC=UNIMOD:35;TA=M;MT=Variable	NT=TMT6plex;AC=UNIMOD:737;TA=K;MT=Fixed	NT=TMT6plex;AC=UNIMOD:737;PP=Any N-term;MT=Fixed	0 Gy	7-week-old	mock-treated control
PXD015859 individual BK2	Mus musculus	blood plasma	not available	2	not pooled	normal	organism part	24 hour	depletion	not available	C57BL/6N	male	Fusion_190503_17-TMT129N	proteomic profiling by mass spectrometry	1	Fusion_190503_17.raw	v1.1.0	NT=ms-proteomics;VV=v1.1.0	NT=vertebrates;VV=v1.1.0	manual curation	NT=Data-dependent acquisition;AC=PRIDE:0000627	NT=Orbitrap Fusion;AC=MS:1002416	NT=Trypsin;AC=MS:1001251	TMT129N	10	5 ppm	600 mmu	NT=Methylthio;AC=UNIMOD:39;TA=C;MT=Fixed	NT=Oxidation;AC=UNIMOD:35;TA=M;MT=Variable	NT=TMT6plex;AC=UNIMOD:737;TA=K;MT=Fixed	NT=TMT6plex;AC=UNIMOD:737;PP=Any N-term;MT=Fixed	0 Gy	7-week-old	mock-treated control
PXD015859 individual BK2	Mus musculus	blood plasma	not available	2	not pooled	normal	organism part	24 hour	depletion	not available	C57BL/6N	male	Fusion_190503_18-TMT129N	proteomic profiling by mass spectrometry	1	Fusion_190503_18.raw	v1.1.0	NT=ms-proteomics;VV=v1.1.0	NT=vertebrates;VV=v1.1.0	manual curation	NT=Data-dependent acquisition;AC=PRIDE:0000627	NT=Orbitrap Fusion;AC=MS:1002416	NT=Trypsin;AC=MS:1001251	TMT129N	11	5 ppm	600 mmu	NT=Methylthio;AC=UNIMOD:39;TA=C;MT=Fixed	NT=Oxidation;AC=UNIMOD:35;TA=M;MT=Variable	NT=TMT6plex;AC=UNIMOD:737;TA=K;MT=Fixed	NT=TMT6plex;AC=UNIMOD:737;PP=Any N-term;MT=Fixed	0 Gy	7-week-old	mock-treated control
PXD015859 individual BK2	Mus musculus	blood plasma	not available	2	not pooled	normal	organism part	24 hour	depletion	not available	C57BL/6N	male	Fusion_190503_19-TMT129N	proteomic profiling by mass spectrometry	1	Fusion_190503_19.raw	v1.1.0	NT=ms-proteomics;VV=v1.1.0	NT=vertebrates;VV=v1.1.0	manual curation	NT=Data-dependent acquisition;AC=PRIDE:0000627	NT=Orbitrap Fusion;AC=MS:1002416	NT=Trypsin;AC=MS:1001251	TMT129N	12	5 ppm	600 mmu	NT=Methylthio;AC=UNIMOD:39;TA=C;MT=Fixed	NT=Oxidation;AC=UNIMOD:35;TA=M;MT=Variable	NT=TMT6plex;AC=UNIMOD:737;TA=K;MT=Fixed	NT=TMT6plex;AC=UNIMOD:737;PP=Any N-term;MT=Fixed	0 Gy	7-week-old	mock-treated control
PXD015859 individual BK2	Mus musculus	blood plasma	not available	2	not pooled	normal	organism part	24 hour	depletion	not available	C57BL/6N	male	Fusion_190503_20-TMT129N	proteomic profiling by mass spectrometry	1	Fusion_190503_20.raw	v1.1.0	NT=ms-proteomics;VV=v1.1.0	NT=vertebrates;VV=v1.1.0	manual curation	NT=Data-dependent acquisition;AC=PRIDE:0000627	NT=Orbitrap Fusion;AC=MS:1002416	NT=Trypsin;AC=MS:1001251	TMT129N	13	5 ppm	600 mmu	NT=Methylthio;AC=UNIMOD:39;TA=C;MT=Fixed	NT=Oxidation;AC=UNIMOD:35;TA=M;MT=Variable	NT=TMT6plex;AC=UNIMOD:737;TA=K;MT=Fixed	NT=TMT6plex;AC=UNIMOD:737;PP=Any N-term;MT=Fixed	0 Gy	7-week-old	mock-treated control
PXD015859 individual BK2	Mus musculus	blood plasma	not available	2	not pooled	normal	organism part	24 hour	depletion	not available	C57BL/6N	male	Fusion_190503_21-TMT129N	proteomic profiling by mass spectrometry	1	Fusion_190503_21.raw	v1.1.0	NT=ms-proteomics;VV=v1.1.0	NT=vertebrates;VV=v1.1.0	manual curation	NT=Data-dependent acquisition;AC=PRIDE:0000627	NT=Orbitrap Fusion;AC=MS:1002416	NT=Trypsin;AC=MS:1001251	TMT129N	14	5 ppm	600 mmu	NT=Methylthio;AC=UNIMOD:39;TA=C;MT=Fixed	NT=Oxidation;AC=UNIMOD:35;TA=M;MT=Variable	NT=TMT6plex;AC=UNIMOD:737;TA=K;MT=Fixed	NT=TMT6plex;AC=UNIMOD:737;PP=Any N-term;MT=Fixed	0 Gy	7-week-old	mock-treated control
PXD015859 individual BK2	Mus musculus	blood plasma	not available	2	not pooled	normal	organism part	24 hour	depletion	not available	C57BL/6N	male	Fusion_190503_22-TMT129N	proteomic profiling by mass spectrometry	1	Fusion_190503_22.raw	v1.1.0	NT=ms-proteomics;VV=v1.1.0	NT=vertebrates;VV=v1.1.0	manual curation	NT=Data-dependent acquisition;AC=PRIDE:0000627	NT=Orbitrap Fusion;AC=MS:1002416	NT=Trypsin;AC=MS:1001251	TMT129N	15	5 ppm	600 mmu	NT=Methylthio;AC=UNIMOD:39;TA=C;MT=Fixed	NT=Oxidation;AC=UNIMOD:35;TA=M;MT=Variable	NT=TMT6plex;AC=UNIMOD:737;TA=K;MT=Fixed	NT=TMT6plex;AC=UNIMOD:737;PP=Any N-term;MT=Fixed	0 Gy	7-week-old	mock-treated control
PXD015859 individual BK2	Mus musculus	blood plasma	not available	2	not pooled	normal	organism part	24 hour	depletion	not available	C57BL/6N	male	Fusion_190503_23-TMT129N	proteomic profiling by mass spectrometry	1	Fusion_190503_23.raw	v1.1.0	NT=ms-proteomics;VV=v1.1.0	NT=vertebrates;VV=v1.1.0	manual curation	NT=Data-dependent acquisition;AC=PRIDE:0000627	NT=Orbitrap Fusion;AC=MS:1002416	NT=Trypsin;AC=MS:1001251	TMT129N	16	5 ppm	600 mmu	NT=Methylthio;AC=UNIMOD:39;TA=C;MT=Fixed	NT=Oxidation;AC=UNIMOD:35;TA=M;MT=Variable	NT=TMT6plex;AC=UNIMOD:737;TA=K;MT=Fixed	NT=TMT6plex;AC=UNIMOD:737;PP=Any N-term;MT=Fixed	0 Gy	7-week-old	mock-treated control
PXD015859 individual BK2	Mus musculus	blood plasma	not available	2	not pooled	normal	organism part	24 hour	depletion	not available	C57BL/6N	male	Fusion_190503_24-TMT129N	proteomic profiling by mass spectrometry	1	Fusion_190503_24.raw	v1.1.0	NT=ms-proteomics;VV=v1.1.0	NT=vertebrates;VV=v1.1.0	manual curation	NT=Data-dependent acquisition;AC=PRIDE:0000627	NT=Orbitrap Fusion;AC=MS:1002416	NT=Trypsin;AC=MS:1001251	TMT129N	17	5 ppm	600 mmu	NT=Methylthio;AC=UNIMOD:39;TA=C;MT=Fixed	NT=Oxidation;AC=UNIMOD:35;TA=M;MT=Variable	NT=TMT6plex;AC=UNIMOD:737;TA=K;MT=Fixed	NT=TMT6plex;AC=UNIMOD:737;PP=Any N-term;MT=Fixed	0 Gy	7-week-old	mock-treated control
PXD015859 individual BK2	Mus musculus	blood plasma	not available	2	not pooled	normal	organism part	24 hour	depletion	not available	C57BL/6N	male	Fusion_190503_25-TMT129N	proteomic profiling by mass spectrometry	1	Fusion_190503_25.raw	v1.1.0	NT=ms-proteomics;VV=v1.1.0	NT=vertebrates;VV=v1.1.0	manual curation	NT=Data-dependent acquisition;AC=PRIDE:0000627	NT=Orbitrap Fusion;AC=MS:1002416	NT=Trypsin;AC=MS:1001251	TMT129N	18	5 ppm	600 mmu	NT=Methylthio;AC=UNIMOD:39;TA=C;MT=Fixed	NT=Oxidation;AC=UNIMOD:35;TA=M;MT=Variable	NT=TMT6plex;AC=UNIMOD:737;TA=K;MT=Fixed	NT=TMT6plex;AC=UNIMOD:737;PP=Any N-term;MT=Fixed	0 Gy	7-week-old	mock-treated control
PXD015859 individual BK2	Mus musculus	blood plasma	not available	2	not pooled	normal	organism part	24 hour	depletion	not available	C57BL/6N	male	Fusion_190503_26-TMT129N	proteomic profiling by mass spectrometry	1	Fusion_190503_26.raw	v1.1.0	NT=ms-proteomics;VV=v1.1.0	NT=vertebrates;VV=v1.1.0	manual curation	NT=Data-dependent acquisition;AC=PRIDE:0000627	NT=Orbitrap Fusion;AC=MS:1002416	NT=Trypsin;AC=MS:1001251	TMT129N	19	5 ppm	600 mmu	NT=Methylthio;AC=UNIMOD:39;TA=C;MT=Fixed	NT=Oxidation;AC=UNIMOD:35;TA=M;MT=Variable	NT=TMT6plex;AC=UNIMOD:737;TA=K;MT=Fixed	NT=TMT6plex;AC=UNIMOD:737;PP=Any N-term;MT=Fixed	0 Gy	7-week-old	mock-treated control
PXD015859 individual BK2	Mus musculus	blood plasma	not available	2	not pooled	normal	organism part	24 hour	depletion	not available	C57BL/6N	male	Fusion_190503_27-TMT129N	proteomic profiling by mass spectrometry	1	Fusion_190503_27.raw	v1.1.0	NT=ms-proteomics;VV=v1.1.0	NT=vertebrates;VV=v1.1.0	manual curation	NT=Data-dependent acquisition;AC=PRIDE:0000627	NT=Orbitrap Fusion;AC=MS:1002416	NT=Trypsin;AC=MS:1001251	TMT129N	20	5 ppm	600 mmu	NT=Methylthio;AC=UNIMOD:39;TA=C;MT=Fixed	NT=Oxidation;AC=UNIMOD:35;TA=M;MT=Variable	NT=TMT6plex;AC=UNIMOD:737;TA=K;MT=Fixed	NT=TMT6plex;AC=UNIMOD:737;PP=Any N-term;MT=Fixed	0 Gy	7-week-old	mock-treated control
PXD015859 individual B4	Mus musculus	blood plasma	not available	4	not pooled	normal	organism part	24 hour	depletion	not available	C57BL/6N	male	Fusion_190503_08-TMT129C	proteomic profiling by mass spectrometry	1	Fusion_190503_08.raw	v1.1.0	NT=ms-proteomics;VV=v1.1.0	NT=vertebrates;VV=v1.1.0	manual curation	NT=Data-dependent acquisition;AC=PRIDE:0000627	NT=Orbitrap Fusion;AC=MS:1002416	NT=Trypsin;AC=MS:1001251	TMT129C	1	5 ppm	600 mmu	NT=Methylthio;AC=UNIMOD:39;TA=C;MT=Fixed	NT=Oxidation;AC=UNIMOD:35;TA=M;MT=Variable	NT=TMT6plex;AC=UNIMOD:737;TA=K;MT=Fixed	NT=TMT6plex;AC=UNIMOD:737;PP=Any N-term;MT=Fixed	0.5 Gy	7-week-old	irradiated
PXD015859 individual B4	Mus musculus	blood plasma	not available	4	not pooled	normal	organism part	24 hour	depletion	not available	C57BL/6N	male	Fusion_190503_09-TMT129C	proteomic profiling by mass spectrometry	1	Fusion_190503_09.raw	v1.1.0	NT=ms-proteomics;VV=v1.1.0	NT=vertebrates;VV=v1.1.0	manual curation	NT=Data-dependent acquisition;AC=PRIDE:0000627	NT=Orbitrap Fusion;AC=MS:1002416	NT=Trypsin;AC=MS:1001251	TMT129C	2	5 ppm	600 mmu	NT=Methylthio;AC=UNIMOD:39;TA=C;MT=Fixed	NT=Oxidation;AC=UNIMOD:35;TA=M;MT=Variable	NT=TMT6plex;AC=UNIMOD:737;TA=K;MT=Fixed	NT=TMT6plex;AC=UNIMOD:737;PP=Any N-term;MT=Fixed	0.5 Gy	7-week-old	irradiated
PXD015859 individual B4	Mus musculus	blood plasma	not available	4	not pooled	normal	organism part	24 hour	depletion	not available	C57BL/6N	male	Fusion_190503_10-TMT129C	proteomic profiling by mass spectrometry	1	Fusion_190503_10.raw	v1.1.0	NT=ms-proteomics;VV=v1.1.0	NT=vertebrates;VV=v1.1.0	manual curation	NT=Data-dependent acquisition;AC=PRIDE:0000627	NT=Orbitrap Fusion;AC=MS:1002416	NT=Trypsin;AC=MS:1001251	TMT129C	3	5 ppm	600 mmu	NT=Methylthio;AC=UNIMOD:39;TA=C;MT=Fixed	NT=Oxidation;AC=UNIMOD:35;TA=M;MT=Variable	NT=TMT6plex;AC=UNIMOD:737;TA=K;MT=Fixed	NT=TMT6plex;AC=UNIMOD:737;PP=Any N-term;MT=Fixed	0.5 Gy	7-week-old	irradiated
PXD015859 individual B4	Mus musculus	blood plasma	not available	4	not pooled	normal	organism part	24 hour	depletion	not available	C57BL/6N	male	Fusion_190503_11-TMT129C	proteomic profiling by mass spectrometry	1	Fusion_190503_11.raw	v1.1.0	NT=ms-proteomics;VV=v1.1.0	NT=vertebrates;VV=v1.1.0	manual curation	NT=Data-dependent acquisition;AC=PRIDE:0000627	NT=Orbitrap Fusion;AC=MS:1002416	NT=Trypsin;AC=MS:1001251	TMT129C	4	5 ppm	600 mmu	NT=Methylthio;AC=UNIMOD:39;TA=C;MT=Fixed	NT=Oxidation;AC=UNIMOD:35;TA=M;MT=Variable	NT=TMT6plex;AC=UNIMOD:737;TA=K;MT=Fixed	NT=TMT6plex;AC=UNIMOD:737;PP=Any N-term;MT=Fixed	0.5 Gy	7-week-old	irradiated
PXD015859 individual B4	Mus musculus	blood plasma	not available	4	not pooled	normal	organism part	24 hour	depletion	not available	C57BL/6N	male	Fusion_190503_12-TMT129C	proteomic profiling by mass spectrometry	1	Fusion_190503_12.raw	v1.1.0	NT=ms-proteomics;VV=v1.1.0	NT=vertebrates;VV=v1.1.0	manual curation	NT=Data-dependent acquisition;AC=PRIDE:0000627	NT=Orbitrap Fusion;AC=MS:1002416	NT=Trypsin;AC=MS:1001251	TMT129C	5	5 ppm	600 mmu	NT=Methylthio;AC=UNIMOD:39;TA=C;MT=Fixed	NT=Oxidation;AC=UNIMOD:35;TA=M;MT=Variable	NT=TMT6plex;AC=UNIMOD:737;TA=K;MT=Fixed	NT=TMT6plex;AC=UNIMOD:737;PP=Any N-term;MT=Fixed	0.5 Gy	7-week-old	irradiated
PXD015859 individual B4	Mus musculus	blood plasma	not available	4	not pooled	normal	organism part	24 hour	depletion	not available	C57BL/6N	male	Fusion_190503_13-TMT129C	proteomic profiling by mass spectrometry	1	Fusion_190503_13.raw	v1.1.0	NT=ms-proteomics;VV=v1.1.0	NT=vertebrates;VV=v1.1.0	manual curation	NT=Data-dependent acquisition;AC=PRIDE:0000627	NT=Orbitrap Fusion;AC=MS:1002416	NT=Trypsin;AC=MS:1001251	TMT129C	6	5 ppm	600 mmu	NT=Methylthio;AC=UNIMOD:39;TA=C;MT=Fixed	NT=Oxidation;AC=UNIMOD:35;TA=M;MT=Variable	NT=TMT6plex;AC=UNIMOD:737;TA=K;MT=Fixed	NT=TMT6plex;AC=UNIMOD:737;PP=Any N-term;MT=Fixed	0.5 Gy	7-week-old	irradiated
PXD015859 individual B4	Mus musculus	blood plasma	not available	4	not pooled	normal	organism part	24 hour	depletion	not available	C57BL/6N	male	Fusion_190503_14-TMT129C	proteomic profiling by mass spectrometry	1	Fusion_190503_14.raw	v1.1.0	NT=ms-proteomics;VV=v1.1.0	NT=vertebrates;VV=v1.1.0	manual curation	NT=Data-dependent acquisition;AC=PRIDE:0000627	NT=Orbitrap Fusion;AC=MS:1002416	NT=Trypsin;AC=MS:1001251	TMT129C	7	5 ppm	600 mmu	NT=Methylthio;AC=UNIMOD:39;TA=C;MT=Fixed	NT=Oxidation;AC=UNIMOD:35;TA=M;MT=Variable	NT=TMT6plex;AC=UNIMOD:737;TA=K;MT=Fixed	NT=TMT6plex;AC=UNIMOD:737;PP=Any N-term;MT=Fixed	0.5 Gy	7-week-old	irradiated
PXD015859 individual B4	Mus musculus	blood plasma	not available	4	not pooled	normal	organism part	24 hour	depletion	not available	C57BL/6N	male	Fusion_190503_15-TMT129C	proteomic profiling by mass spectrometry	1	Fusion_190503_15.raw	v1.1.0	NT=ms-proteomics;VV=v1.1.0	NT=vertebrates;VV=v1.1.0	manual curation	NT=Data-dependent acquisition;AC=PRIDE:0000627	NT=Orbitrap Fusion;AC=MS:1002416	NT=Trypsin;AC=MS:1001251	TMT129C	8	5 ppm	600 mmu	NT=Methylthio;AC=UNIMOD:39;TA=C;MT=Fixed	NT=Oxidation;AC=UNIMOD:35;TA=M;MT=Variable	NT=TMT6plex;AC=UNIMOD:737;TA=K;MT=Fixed	NT=TMT6plex;AC=UNIMOD:737;PP=Any N-term;MT=Fixed	0.5 Gy	7-week-old	irradiated
PXD015859 individual B4	Mus musculus	blood plasma	not available	4	not pooled	normal	organism part	24 hour	depletion	not available	C57BL/6N	male	Fusion_190503_16-TMT129C	proteomic profiling by mass spectrometry	1	Fusion_190503_16.raw	v1.1.0	NT=ms-proteomics;VV=v1.1.0	NT=vertebrates;VV=v1.1.0	manual curation	NT=Data-dependent acquisition;AC=PRIDE:0000627	NT=Orbitrap Fusion;AC=MS:1002416	NT=Trypsin;AC=MS:1001251	TMT129C	9	5 ppm	600 mmu	NT=Methylthio;AC=UNIMOD:39;TA=C;MT=Fixed	NT=Oxidation;AC=UNIMOD:35;TA=M;MT=Variable	NT=TMT6plex;AC=UNIMOD:737;TA=K;MT=Fixed	NT=TMT6plex;AC=UNIMOD:737;PP=Any N-term;MT=Fixed	0.5 Gy	7-week-old	irradiated
PXD015859 individual B4	Mus musculus	blood plasma	not available	4	not pooled	normal	organism part	24 hour	depletion	not available	C57BL/6N	male	Fusion_190503_17-TMT129C	proteomic profiling by mass spectrometry	1	Fusion_190503_17.raw	v1.1.0	NT=ms-proteomics;VV=v1.1.0	NT=vertebrates;VV=v1.1.0	manual curation	NT=Data-dependent acquisition;AC=PRIDE:0000627	NT=Orbitrap Fusion;AC=MS:1002416	NT=Trypsin;AC=MS:1001251	TMT129C	10	5 ppm	600 mmu	NT=Methylthio;AC=UNIMOD:39;TA=C;MT=Fixed	NT=Oxidation;AC=UNIMOD:35;TA=M;MT=Variable	NT=TMT6plex;AC=UNIMOD:737;TA=K;MT=Fixed	NT=TMT6plex;AC=UNIMOD:737;PP=Any N-term;MT=Fixed	0.5 Gy	7-week-old	irradiated
PXD015859 individual B4	Mus musculus	blood plasma	not available	4	not pooled	normal	organism part	24 hour	depletion	not available	C57BL/6N	male	Fusion_190503_18-TMT129C	proteomic profiling by mass spectrometry	1	Fusion_190503_18.raw	v1.1.0	NT=ms-proteomics;VV=v1.1.0	NT=vertebrates;VV=v1.1.0	manual curation	NT=Data-dependent acquisition;AC=PRIDE:0000627	NT=Orbitrap Fusion;AC=MS:1002416	NT=Trypsin;AC=MS:1001251	TMT129C	11	5 ppm	600 mmu	NT=Methylthio;AC=UNIMOD:39;TA=C;MT=Fixed	NT=Oxidation;AC=UNIMOD:35;TA=M;MT=Variable	NT=TMT6plex;AC=UNIMOD:737;TA=K;MT=Fixed	NT=TMT6plex;AC=UNIMOD:737;PP=Any N-term;MT=Fixed	0.5 Gy	7-week-old	irradiated
PXD015859 individual B4	Mus musculus	blood plasma	not available	4	not pooled	normal	organism part	24 hour	depletion	not available	C57BL/6N	male	Fusion_190503_19-TMT129C	proteomic profiling by mass spectrometry	1	Fusion_190503_19.raw	v1.1.0	NT=ms-proteomics;VV=v1.1.0	NT=vertebrates;VV=v1.1.0	manual curation	NT=Data-dependent acquisition;AC=PRIDE:0000627	NT=Orbitrap Fusion;AC=MS:1002416	NT=Trypsin;AC=MS:1001251	TMT129C	12	5 ppm	600 mmu	NT=Methylthio;AC=UNIMOD:39;TA=C;MT=Fixed	NT=Oxidation;AC=UNIMOD:35;TA=M;MT=Variable	NT=TMT6plex;AC=UNIMOD:737;TA=K;MT=Fixed	NT=TMT6plex;AC=UNIMOD:737;PP=Any N-term;MT=Fixed	0.5 Gy	7-week-old	irradiated
PXD015859 individual B4	Mus musculus	blood plasma	not available	4	not pooled	normal	organism part	24 hour	depletion	not available	C57BL/6N	male	Fusion_190503_20-TMT129C	proteomic profiling by mass spectrometry	1	Fusion_190503_20.raw	v1.1.0	NT=ms-proteomics;VV=v1.1.0	NT=vertebrates;VV=v1.1.0	manual curation	NT=Data-dependent acquisition;AC=PRIDE:0000627	NT=Orbitrap Fusion;AC=MS:1002416	NT=Trypsin;AC=MS:1001251	TMT129C	13	5 ppm	600 mmu	NT=Methylthio;AC=UNIMOD:39;TA=C;MT=Fixed	NT=Oxidation;AC=UNIMOD:35;TA=M;MT=Variable	NT=TMT6plex;AC=UNIMOD:737;TA=K;MT=Fixed	NT=TMT6plex;AC=UNIMOD:737;PP=Any N-term;MT=Fixed	0.5 Gy	7-week-old	irradiated
PXD015859 individual B4	Mus musculus	blood plasma	not available	4	not pooled	normal	organism part	24 hour	depletion	not available	C57BL/6N	male	Fusion_190503_21-TMT129C	proteomic profiling by mass spectrometry	1	Fusion_190503_21.raw	v1.1.0	NT=ms-proteomics;VV=v1.1.0	NT=vertebrates;VV=v1.1.0	manual curation	NT=Data-dependent acquisition;AC=PRIDE:0000627	NT=Orbitrap Fusion;AC=MS:1002416	NT=Trypsin;AC=MS:1001251	TMT129C	14	5 ppm	600 mmu	NT=Methylthio;AC=UNIMOD:39;TA=C;MT=Fixed	NT=Oxidation;AC=UNIMOD:35;TA=M;MT=Variable	NT=TMT6plex;AC=UNIMOD:737;TA=K;MT=Fixed	NT=TMT6plex;AC=UNIMOD:737;PP=Any N-term;MT=Fixed	0.5 Gy	7-week-old	irradiated
PXD015859 individual B4	Mus musculus	blood plasma	not available	4	not pooled	normal	organism part	24 hour	depletion	not available	C57BL/6N	male	Fusion_190503_22-TMT129C	proteomic profiling by mass spectrometry	1	Fusion_190503_22.raw	v1.1.0	NT=ms-proteomics;VV=v1.1.0	NT=vertebrates;VV=v1.1.0	manual curation	NT=Data-dependent acquisition;AC=PRIDE:0000627	NT=Orbitrap Fusion;AC=MS:1002416	NT=Trypsin;AC=MS:1001251	TMT129C	15	5 ppm	600 mmu	NT=Methylthio;AC=UNIMOD:39;TA=C;MT=Fixed	NT=Oxidation;AC=UNIMOD:35;TA=M;MT=Variable	NT=TMT6plex;AC=UNIMOD:737;TA=K;MT=Fixed	NT=TMT6plex;AC=UNIMOD:737;PP=Any N-term;MT=Fixed	0.5 Gy	7-week-old	irradiated
PXD015859 individual B4	Mus musculus	blood plasma	not available	4	not pooled	normal	organism part	24 hour	depletion	not available	C57BL/6N	male	Fusion_190503_23-TMT129C	proteomic profiling by mass spectrometry	1	Fusion_190503_23.raw	v1.1.0	NT=ms-proteomics;VV=v1.1.0	NT=vertebrates;VV=v1.1.0	manual curation	NT=Data-dependent acquisition;AC=PRIDE:0000627	NT=Orbitrap Fusion;AC=MS:1002416	NT=Trypsin;AC=MS:1001251	TMT129C	16	5 ppm	600 mmu	NT=Methylthio;AC=UNIMOD:39;TA=C;MT=Fixed	NT=Oxidation;AC=UNIMOD:35;TA=M;MT=Variable	NT=TMT6plex;AC=UNIMOD:737;TA=K;MT=Fixed	NT=TMT6plex;AC=UNIMOD:737;PP=Any N-term;MT=Fixed	0.5 Gy	7-week-old	irradiated
PXD015859 individual B4	Mus musculus	blood plasma	not available	4	not pooled	normal	organism part	24 hour	depletion	not available	C57BL/6N	male	Fusion_190503_24-TMT129C	proteomic profiling by mass spectrometry	1	Fusion_190503_24.raw	v1.1.0	NT=ms-proteomics;VV=v1.1.0	NT=vertebrates;VV=v1.1.0	manual curation	NT=Data-dependent acquisition;AC=PRIDE:0000627	NT=Orbitrap Fusion;AC=MS:1002416	NT=Trypsin;AC=MS:1001251	TMT129C	17	5 ppm	600 mmu	NT=Methylthio;AC=UNIMOD:39;TA=C;MT=Fixed	NT=Oxidation;AC=UNIMOD:35;TA=M;MT=Variable	NT=TMT6plex;AC=UNIMOD:737;TA=K;MT=Fixed	NT=TMT6plex;AC=UNIMOD:737;PP=Any N-term;MT=Fixed	0.5 Gy	7-week-old	irradiated
PXD015859 individual B4	Mus musculus	blood plasma	not available	4	not pooled	normal	organism part	24 hour	depletion	not available	C57BL/6N	male	Fusion_190503_25-TMT129C	proteomic profiling by mass spectrometry	1	Fusion_190503_25.raw	v1.1.0	NT=ms-proteomics;VV=v1.1.0	NT=vertebrates;VV=v1.1.0	manual curation	NT=Data-dependent acquisition;AC=PRIDE:0000627	NT=Orbitrap Fusion;AC=MS:1002416	NT=Trypsin;AC=MS:1001251	TMT129C	18	5 ppm	600 mmu	NT=Methylthio;AC=UNIMOD:39;TA=C;MT=Fixed	NT=Oxidation;AC=UNIMOD:35;TA=M;MT=Variable	NT=TMT6plex;AC=UNIMOD:737;TA=K;MT=Fixed	NT=TMT6plex;AC=UNIMOD:737;PP=Any N-term;MT=Fixed	0.5 Gy	7-week-old	irradiated
PXD015859 individual B4	Mus musculus	blood plasma	not available	4	not pooled	normal	organism part	24 hour	depletion	not available	C57BL/6N	male	Fusion_190503_26-TMT129C	proteomic profiling by mass spectrometry	1	Fusion_190503_26.raw	v1.1.0	NT=ms-proteomics;VV=v1.1.0	NT=vertebrates;VV=v1.1.0	manual curation	NT=Data-dependent acquisition;AC=PRIDE:0000627	NT=Orbitrap Fusion;AC=MS:1002416	NT=Trypsin;AC=MS:1001251	TMT129C	19	5 ppm	600 mmu	NT=Methylthio;AC=UNIMOD:39;TA=C;MT=Fixed	NT=Oxidation;AC=UNIMOD:35;TA=M;MT=Variable	NT=TMT6plex;AC=UNIMOD:737;TA=K;MT=Fixed	NT=TMT6plex;AC=UNIMOD:737;PP=Any N-term;MT=Fixed	0.5 Gy	7-week-old	irradiated
PXD015859 individual B4	Mus musculus	blood plasma	not available	4	not pooled	normal	organism part	24 hour	depletion	not available	C57BL/6N	male	Fusion_190503_27-TMT129C	proteomic profiling by mass spectrometry	1	Fusion_190503_27.raw	v1.1.0	NT=ms-proteomics;VV=v1.1.0	NT=vertebrates;VV=v1.1.0	manual curation	NT=Data-dependent acquisition;AC=PRIDE:0000627	NT=Orbitrap Fusion;AC=MS:1002416	NT=Trypsin;AC=MS:1001251	TMT129C	20	5 ppm	600 mmu	NT=Methylthio;AC=UNIMOD:39;TA=C;MT=Fixed	NT=Oxidation;AC=UNIMOD:35;TA=M;MT=Variable	NT=TMT6plex;AC=UNIMOD:737;TA=K;MT=Fixed	NT=TMT6plex;AC=UNIMOD:737;PP=Any N-term;MT=Fixed	0.5 Gy	7-week-old	irradiated
PXD015859 individual AK1	Mus musculus	blood plasma	not available	1	not pooled	normal	organism part	24 hour	depletion	not available	C57BL/6N	female	Fusion_190503_08-TMT130N	proteomic profiling by mass spectrometry	1	Fusion_190503_08.raw	v1.1.0	NT=ms-proteomics;VV=v1.1.0	NT=vertebrates;VV=v1.1.0	manual curation	NT=Data-dependent acquisition;AC=PRIDE:0000627	NT=Orbitrap Fusion;AC=MS:1002416	NT=Trypsin;AC=MS:1001251	TMT130N	1	5 ppm	600 mmu	NT=Methylthio;AC=UNIMOD:39;TA=C;MT=Fixed	NT=Oxidation;AC=UNIMOD:35;TA=M;MT=Variable	NT=TMT6plex;AC=UNIMOD:737;TA=K;MT=Fixed	NT=TMT6plex;AC=UNIMOD:737;PP=Any N-term;MT=Fixed	0 Gy	7-week-old	mock-treated control
PXD015859 individual AK1	Mus musculus	blood plasma	not available	1	not pooled	normal	organism part	24 hour	depletion	not available	C57BL/6N	female	Fusion_190503_09-TMT130N	proteomic profiling by mass spectrometry	1	Fusion_190503_09.raw	v1.1.0	NT=ms-proteomics;VV=v1.1.0	NT=vertebrates;VV=v1.1.0	manual curation	NT=Data-dependent acquisition;AC=PRIDE:0000627	NT=Orbitrap Fusion;AC=MS:1002416	NT=Trypsin;AC=MS:1001251	TMT130N	2	5 ppm	600 mmu	NT=Methylthio;AC=UNIMOD:39;TA=C;MT=Fixed	NT=Oxidation;AC=UNIMOD:35;TA=M;MT=Variable	NT=TMT6plex;AC=UNIMOD:737;TA=K;MT=Fixed	NT=TMT6plex;AC=UNIMOD:737;PP=Any N-term;MT=Fixed	0 Gy	7-week-old	mock-treated control
PXD015859 individual AK1	Mus musculus	blood plasma	not available	1	not pooled	normal	organism part	24 hour	depletion	not available	C57BL/6N	female	Fusion_190503_10-TMT130N	proteomic profiling by mass spectrometry	1	Fusion_190503_10.raw	v1.1.0	NT=ms-proteomics;VV=v1.1.0	NT=vertebrates;VV=v1.1.0	manual curation	NT=Data-dependent acquisition;AC=PRIDE:0000627	NT=Orbitrap Fusion;AC=MS:1002416	NT=Trypsin;AC=MS:1001251	TMT130N	3	5 ppm	600 mmu	NT=Methylthio;AC=UNIMOD:39;TA=C;MT=Fixed	NT=Oxidation;AC=UNIMOD:35;TA=M;MT=Variable	NT=TMT6plex;AC=UNIMOD:737;TA=K;MT=Fixed	NT=TMT6plex;AC=UNIMOD:737;PP=Any N-term;MT=Fixed	0 Gy	7-week-old	mock-treated control
PXD015859 individual AK1	Mus musculus	blood plasma	not available	1	not pooled	normal	organism part	24 hour	depletion	not available	C57BL/6N	female	Fusion_190503_11-TMT130N	proteomic profiling by mass spectrometry	1	Fusion_190503_11.raw	v1.1.0	NT=ms-proteomics;VV=v1.1.0	NT=vertebrates;VV=v1.1.0	manual curation	NT=Data-dependent acquisition;AC=PRIDE:0000627	NT=Orbitrap Fusion;AC=MS:1002416	NT=Trypsin;AC=MS:1001251	TMT130N	4	5 ppm	600 mmu	NT=Methylthio;AC=UNIMOD:39;TA=C;MT=Fixed	NT=Oxidation;AC=UNIMOD:35;TA=M;MT=Variable	NT=TMT6plex;AC=UNIMOD:737;TA=K;MT=Fixed	NT=TMT6plex;AC=UNIMOD:737;PP=Any N-term;MT=Fixed	0 Gy	7-week-old	mock-treated control
PXD015859 individual AK1	Mus musculus	blood plasma	not available	1	not pooled	normal	organism part	24 hour	depletion	not available	C57BL/6N	female	Fusion_190503_12-TMT130N	proteomic profiling by mass spectrometry	1	Fusion_190503_12.raw	v1.1.0	NT=ms-proteomics;VV=v1.1.0	NT=vertebrates;VV=v1.1.0	manual curation	NT=Data-dependent acquisition;AC=PRIDE:0000627	NT=Orbitrap Fusion;AC=MS:1002416	NT=Trypsin;AC=MS:1001251	TMT130N	5	5 ppm	600 mmu	NT=Methylthio;AC=UNIMOD:39;TA=C;MT=Fixed	NT=Oxidation;AC=UNIMOD:35;TA=M;MT=Variable	NT=TMT6plex;AC=UNIMOD:737;TA=K;MT=Fixed	NT=TMT6plex;AC=UNIMOD:737;PP=Any N-term;MT=Fixed	0 Gy	7-week-old	mock-treated control
PXD015859 individual AK1	Mus musculus	blood plasma	not available	1	not pooled	normal	organism part	24 hour	depletion	not available	C57BL/6N	female	Fusion_190503_13-TMT130N	proteomic profiling by mass spectrometry	1	Fusion_190503_13.raw	v1.1.0	NT=ms-proteomics;VV=v1.1.0	NT=vertebrates;VV=v1.1.0	manual curation	NT=Data-dependent acquisition;AC=PRIDE:0000627	NT=Orbitrap Fusion;AC=MS:1002416	NT=Trypsin;AC=MS:1001251	TMT130N	6	5 ppm	600 mmu	NT=Methylthio;AC=UNIMOD:39;TA=C;MT=Fixed	NT=Oxidation;AC=UNIMOD:35;TA=M;MT=Variable	NT=TMT6plex;AC=UNIMOD:737;TA=K;MT=Fixed	NT=TMT6plex;AC=UNIMOD:737;PP=Any N-term;MT=Fixed	0 Gy	7-week-old	mock-treated control
PXD015859 individual AK1	Mus musculus	blood plasma	not available	1	not pooled	normal	organism part	24 hour	depletion	not available	C57BL/6N	female	Fusion_190503_14-TMT130N	proteomic profiling by mass spectrometry	1	Fusion_190503_14.raw	v1.1.0	NT=ms-proteomics;VV=v1.1.0	NT=vertebrates;VV=v1.1.0	manual curation	NT=Data-dependent acquisition;AC=PRIDE:0000627	NT=Orbitrap Fusion;AC=MS:1002416	NT=Trypsin;AC=MS:1001251	TMT130N	7	5 ppm	600 mmu	NT=Methylthio;AC=UNIMOD:39;TA=C;MT=Fixed	NT=Oxidation;AC=UNIMOD:35;TA=M;MT=Variable	NT=TMT6plex;AC=UNIMOD:737;TA=K;MT=Fixed	NT=TMT6plex;AC=UNIMOD:737;PP=Any N-term;MT=Fixed	0 Gy	7-week-old	mock-treated control
PXD015859 individual AK1	Mus musculus	blood plasma	not available	1	not pooled	normal	organism part	24 hour	depletion	not available	C57BL/6N	female	Fusion_190503_15-TMT130N	proteomic profiling by mass spectrometry	1	Fusion_190503_15.raw	v1.1.0	NT=ms-proteomics;VV=v1.1.0	NT=vertebrates;VV=v1.1.0	manual curation	NT=Data-dependent acquisition;AC=PRIDE:0000627	NT=Orbitrap Fusion;AC=MS:1002416	NT=Trypsin;AC=MS:1001251	TMT130N	8	5 ppm	600 mmu	NT=Methylthio;AC=UNIMOD:39;TA=C;MT=Fixed	NT=Oxidation;AC=UNIMOD:35;TA=M;MT=Variable	NT=TMT6plex;AC=UNIMOD:737;TA=K;MT=Fixed	NT=TMT6plex;AC=UNIMOD:737;PP=Any N-term;MT=Fixed	0 Gy	7-week-old	mock-treated control
PXD015859 individual AK1	Mus musculus	blood plasma	not available	1	not pooled	normal	organism part	24 hour	depletion	not available	C57BL/6N	female	Fusion_190503_16-TMT130N	proteomic profiling by mass spectrometry	1	Fusion_190503_16.raw	v1.1.0	NT=ms-proteomics;VV=v1.1.0	NT=vertebrates;VV=v1.1.0	manual curation	NT=Data-dependent acquisition;AC=PRIDE:0000627	NT=Orbitrap Fusion;AC=MS:1002416	NT=Trypsin;AC=MS:1001251	TMT130N	9	5 ppm	600 mmu	NT=Methylthio;AC=UNIMOD:39;TA=C;MT=Fixed	NT=Oxidation;AC=UNIMOD:35;TA=M;MT=Variable	NT=TMT6plex;AC=UNIMOD:737;TA=K;MT=Fixed	NT=TMT6plex;AC=UNIMOD:737;PP=Any N-term;MT=Fixed	0 Gy	7-week-old	mock-treated control
PXD015859 individual AK1	Mus musculus	blood plasma	not available	1	not pooled	normal	organism part	24 hour	depletion	not available	C57BL/6N	female	Fusion_190503_17-TMT130N	proteomic profiling by mass spectrometry	1	Fusion_190503_17.raw	v1.1.0	NT=ms-proteomics;VV=v1.1.0	NT=vertebrates;VV=v1.1.0	manual curation	NT=Data-dependent acquisition;AC=PRIDE:0000627	NT=Orbitrap Fusion;AC=MS:1002416	NT=Trypsin;AC=MS:1001251	TMT130N	10	5 ppm	600 mmu	NT=Methylthio;AC=UNIMOD:39;TA=C;MT=Fixed	NT=Oxidation;AC=UNIMOD:35;TA=M;MT=Variable	NT=TMT6plex;AC=UNIMOD:737;TA=K;MT=Fixed	NT=TMT6plex;AC=UNIMOD:737;PP=Any N-term;MT=Fixed	0 Gy	7-week-old	mock-treated control
PXD015859 individual AK1	Mus musculus	blood plasma	not available	1	not pooled	normal	organism part	24 hour	depletion	not available	C57BL/6N	female	Fusion_190503_18-TMT130N	proteomic profiling by mass spectrometry	1	Fusion_190503_18.raw	v1.1.0	NT=ms-proteomics;VV=v1.1.0	NT=vertebrates;VV=v1.1.0	manual curation	NT=Data-dependent acquisition;AC=PRIDE:0000627	NT=Orbitrap Fusion;AC=MS:1002416	NT=Trypsin;AC=MS:1001251	TMT130N	11	5 ppm	600 mmu	NT=Methylthio;AC=UNIMOD:39;TA=C;MT=Fixed	NT=Oxidation;AC=UNIMOD:35;TA=M;MT=Variable	NT=TMT6plex;AC=UNIMOD:737;TA=K;MT=Fixed	NT=TMT6plex;AC=UNIMOD:737;PP=Any N-term;MT=Fixed	0 Gy	7-week-old	mock-treated control
PXD015859 individual AK1	Mus musculus	blood plasma	not available	1	not pooled	normal	organism part	24 hour	depletion	not available	C57BL/6N	female	Fusion_190503_19-TMT130N	proteomic profiling by mass spectrometry	1	Fusion_190503_19.raw	v1.1.0	NT=ms-proteomics;VV=v1.1.0	NT=vertebrates;VV=v1.1.0	manual curation	NT=Data-dependent acquisition;AC=PRIDE:0000627	NT=Orbitrap Fusion;AC=MS:1002416	NT=Trypsin;AC=MS:1001251	TMT130N	12	5 ppm	600 mmu	NT=Methylthio;AC=UNIMOD:39;TA=C;MT=Fixed	NT=Oxidation;AC=UNIMOD:35;TA=M;MT=Variable	NT=TMT6plex;AC=UNIMOD:737;TA=K;MT=Fixed	NT=TMT6plex;AC=UNIMOD:737;PP=Any N-term;MT=Fixed	0 Gy	7-week-old	mock-treated control
PXD015859 individual AK1	Mus musculus	blood plasma	not available	1	not pooled	normal	organism part	24 hour	depletion	not available	C57BL/6N	female	Fusion_190503_20-TMT130N	proteomic profiling by mass spectrometry	1	Fusion_190503_20.raw	v1.1.0	NT=ms-proteomics;VV=v1.1.0	NT=vertebrates;VV=v1.1.0	manual curation	NT=Data-dependent acquisition;AC=PRIDE:0000627	NT=Orbitrap Fusion;AC=MS:1002416	NT=Trypsin;AC=MS:1001251	TMT130N	13	5 ppm	600 mmu	NT=Methylthio;AC=UNIMOD:39;TA=C;MT=Fixed	NT=Oxidation;AC=UNIMOD:35;TA=M;MT=Variable	NT=TMT6plex;AC=UNIMOD:737;TA=K;MT=Fixed	NT=TMT6plex;AC=UNIMOD:737;PP=Any N-term;MT=Fixed	0 Gy	7-week-old	mock-treated control
PXD015859 individual AK1	Mus musculus	blood plasma	not available	1	not pooled	normal	organism part	24 hour	depletion	not available	C57BL/6N	female	Fusion_190503_21-TMT130N	proteomic profiling by mass spectrometry	1	Fusion_190503_21.raw	v1.1.0	NT=ms-proteomics;VV=v1.1.0	NT=vertebrates;VV=v1.1.0	manual curation	NT=Data-dependent acquisition;AC=PRIDE:0000627	NT=Orbitrap Fusion;AC=MS:1002416	NT=Trypsin;AC=MS:1001251	TMT130N	14	5 ppm	600 mmu	NT=Methylthio;AC=UNIMOD:39;TA=C;MT=Fixed	NT=Oxidation;AC=UNIMOD:35;TA=M;MT=Variable	NT=TMT6plex;AC=UNIMOD:737;TA=K;MT=Fixed	NT=TMT6plex;AC=UNIMOD:737;PP=Any N-term;MT=Fixed	0 Gy	7-week-old	mock-treated control
PXD015859 individual AK1	Mus musculus	blood plasma	not available	1	not pooled	normal	organism part	24 hour	depletion	not available	C57BL/6N	female	Fusion_190503_22-TMT130N	proteomic profiling by mass spectrometry	1	Fusion_190503_22.raw	v1.1.0	NT=ms-proteomics;VV=v1.1.0	NT=vertebrates;VV=v1.1.0	manual curation	NT=Data-dependent acquisition;AC=PRIDE:0000627	NT=Orbitrap Fusion;AC=MS:1002416	NT=Trypsin;AC=MS:1001251	TMT130N	15	5 ppm	600 mmu	NT=Methylthio;AC=UNIMOD:39;TA=C;MT=Fixed	NT=Oxidation;AC=UNIMOD:35;TA=M;MT=Variable	NT=TMT6plex;AC=UNIMOD:737;TA=K;MT=Fixed	NT=TMT6plex;AC=UNIMOD:737;PP=Any N-term;MT=Fixed	0 Gy	7-week-old	mock-treated control
PXD015859 individual AK1	Mus musculus	blood plasma	not available	1	not pooled	normal	organism part	24 hour	depletion	not available	C57BL/6N	female	Fusion_190503_23-TMT130N	proteomic profiling by mass spectrometry	1	Fusion_190503_23.raw	v1.1.0	NT=ms-proteomics;VV=v1.1.0	NT=vertebrates;VV=v1.1.0	manual curation	NT=Data-dependent acquisition;AC=PRIDE:0000627	NT=Orbitrap Fusion;AC=MS:1002416	NT=Trypsin;AC=MS:1001251	TMT130N	16	5 ppm	600 mmu	NT=Methylthio;AC=UNIMOD:39;TA=C;MT=Fixed	NT=Oxidation;AC=UNIMOD:35;TA=M;MT=Variable	NT=TMT6plex;AC=UNIMOD:737;TA=K;MT=Fixed	NT=TMT6plex;AC=UNIMOD:737;PP=Any N-term;MT=Fixed	0 Gy	7-week-old	mock-treated control
PXD015859 individual AK1	Mus musculus	blood plasma	not available	1	not pooled	normal	organism part	24 hour	depletion	not available	C57BL/6N	female	Fusion_190503_24-TMT130N	proteomic profiling by mass spectrometry	1	Fusion_190503_24.raw	v1.1.0	NT=ms-proteomics;VV=v1.1.0	NT=vertebrates;VV=v1.1.0	manual curation	NT=Data-dependent acquisition;AC=PRIDE:0000627	NT=Orbitrap Fusion;AC=MS:1002416	NT=Trypsin;AC=MS:1001251	TMT130N	17	5 ppm	600 mmu	NT=Methylthio;AC=UNIMOD:39;TA=C;MT=Fixed	NT=Oxidation;AC=UNIMOD:35;TA=M;MT=Variable	NT=TMT6plex;AC=UNIMOD:737;TA=K;MT=Fixed	NT=TMT6plex;AC=UNIMOD:737;PP=Any N-term;MT=Fixed	0 Gy	7-week-old	mock-treated control
PXD015859 individual AK1	Mus musculus	blood plasma	not available	1	not pooled	normal	organism part	24 hour	depletion	not available	C57BL/6N	female	Fusion_190503_25-TMT130N	proteomic profiling by mass spectrometry	1	Fusion_190503_25.raw	v1.1.0	NT=ms-proteomics;VV=v1.1.0	NT=vertebrates;VV=v1.1.0	manual curation	NT=Data-dependent acquisition;AC=PRIDE:0000627	NT=Orbitrap Fusion;AC=MS:1002416	NT=Trypsin;AC=MS:1001251	TMT130N	18	5 ppm	600 mmu	NT=Methylthio;AC=UNIMOD:39;TA=C;MT=Fixed	NT=Oxidation;AC=UNIMOD:35;TA=M;MT=Variable	NT=TMT6plex;AC=UNIMOD:737;TA=K;MT=Fixed	NT=TMT6plex;AC=UNIMOD:737;PP=Any N-term;MT=Fixed	0 Gy	7-week-old	mock-treated control
PXD015859 individual AK1	Mus musculus	blood plasma	not available	1	not pooled	normal	organism part	24 hour	depletion	not available	C57BL/6N	female	Fusion_190503_26-TMT130N	proteomic profiling by mass spectrometry	1	Fusion_190503_26.raw	v1.1.0	NT=ms-proteomics;VV=v1.1.0	NT=vertebrates;VV=v1.1.0	manual curation	NT=Data-dependent acquisition;AC=PRIDE:0000627	NT=Orbitrap Fusion;AC=MS:1002416	NT=Trypsin;AC=MS:1001251	TMT130N	19	5 ppm	600 mmu	NT=Methylthio;AC=UNIMOD:39;TA=C;MT=Fixed	NT=Oxidation;AC=UNIMOD:35;TA=M;MT=Variable	NT=TMT6plex;AC=UNIMOD:737;TA=K;MT=Fixed	NT=TMT6plex;AC=UNIMOD:737;PP=Any N-term;MT=Fixed	0 Gy	7-week-old	mock-treated control
PXD015859 individual AK1	Mus musculus	blood plasma	not available	1	not pooled	normal	organism part	24 hour	depletion	not available	C57BL/6N	female	Fusion_190503_27-TMT130N	proteomic profiling by mass spectrometry	1	Fusion_190503_27.raw	v1.1.0	NT=ms-proteomics;VV=v1.1.0	NT=vertebrates;VV=v1.1.0	manual curation	NT=Data-dependent acquisition;AC=PRIDE:0000627	NT=Orbitrap Fusion;AC=MS:1002416	NT=Trypsin;AC=MS:1001251	TMT130N	20	5 ppm	600 mmu	NT=Methylthio;AC=UNIMOD:39;TA=C;MT=Fixed	NT=Oxidation;AC=UNIMOD:35;TA=M;MT=Variable	NT=TMT6plex;AC=UNIMOD:737;TA=K;MT=Fixed	NT=TMT6plex;AC=UNIMOD:737;PP=Any N-term;MT=Fixed	0 Gy	7-week-old	mock-treated control
PXD015859 individual B5	Mus musculus	blood plasma	not available	5	not pooled	normal	organism part	24 hour	depletion	not available	C57BL/6N	male	Fusion_190503_08-TMT130C	proteomic profiling by mass spectrometry	1	Fusion_190503_08.raw	v1.1.0	NT=ms-proteomics;VV=v1.1.0	NT=vertebrates;VV=v1.1.0	manual curation	NT=Data-dependent acquisition;AC=PRIDE:0000627	NT=Orbitrap Fusion;AC=MS:1002416	NT=Trypsin;AC=MS:1001251	TMT130C	1	5 ppm	600 mmu	NT=Methylthio;AC=UNIMOD:39;TA=C;MT=Fixed	NT=Oxidation;AC=UNIMOD:35;TA=M;MT=Variable	NT=TMT6plex;AC=UNIMOD:737;TA=K;MT=Fixed	NT=TMT6plex;AC=UNIMOD:737;PP=Any N-term;MT=Fixed	0.5 Gy	7-week-old	irradiated
PXD015859 individual B5	Mus musculus	blood plasma	not available	5	not pooled	normal	organism part	24 hour	depletion	not available	C57BL/6N	male	Fusion_190503_09-TMT130C	proteomic profiling by mass spectrometry	1	Fusion_190503_09.raw	v1.1.0	NT=ms-proteomics;VV=v1.1.0	NT=vertebrates;VV=v1.1.0	manual curation	NT=Data-dependent acquisition;AC=PRIDE:0000627	NT=Orbitrap Fusion;AC=MS:1002416	NT=Trypsin;AC=MS:1001251	TMT130C	2	5 ppm	600 mmu	NT=Methylthio;AC=UNIMOD:39;TA=C;MT=Fixed	NT=Oxidation;AC=UNIMOD:35;TA=M;MT=Variable	NT=TMT6plex;AC=UNIMOD:737;TA=K;MT=Fixed	NT=TMT6plex;AC=UNIMOD:737;PP=Any N-term;MT=Fixed	0.5 Gy	7-week-old	irradiated
PXD015859 individual B5	Mus musculus	blood plasma	not available	5	not pooled	normal	organism part	24 hour	depletion	not available	C57BL/6N	male	Fusion_190503_10-TMT130C	proteomic profiling by mass spectrometry	1	Fusion_190503_10.raw	v1.1.0	NT=ms-proteomics;VV=v1.1.0	NT=vertebrates;VV=v1.1.0	manual curation	NT=Data-dependent acquisition;AC=PRIDE:0000627	NT=Orbitrap Fusion;AC=MS:1002416	NT=Trypsin;AC=MS:1001251	TMT130C	3	5 ppm	600 mmu	NT=Methylthio;AC=UNIMOD:39;TA=C;MT=Fixed	NT=Oxidation;AC=UNIMOD:35;TA=M;MT=Variable	NT=TMT6plex;AC=UNIMOD:737;TA=K;MT=Fixed	NT=TMT6plex;AC=UNIMOD:737;PP=Any N-term;MT=Fixed	0.5 Gy	7-week-old	irradiated
PXD015859 individual B5	Mus musculus	blood plasma	not available	5	not pooled	normal	organism part	24 hour	depletion	not available	C57BL/6N	male	Fusion_190503_11-TMT130C	proteomic profiling by mass spectrometry	1	Fusion_190503_11.raw	v1.1.0	NT=ms-proteomics;VV=v1.1.0	NT=vertebrates;VV=v1.1.0	manual curation	NT=Data-dependent acquisition;AC=PRIDE:0000627	NT=Orbitrap Fusion;AC=MS:1002416	NT=Trypsin;AC=MS:1001251	TMT130C	4	5 ppm	600 mmu	NT=Methylthio;AC=UNIMOD:39;TA=C;MT=Fixed	NT=Oxidation;AC=UNIMOD:35;TA=M;MT=Variable	NT=TMT6plex;AC=UNIMOD:737;TA=K;MT=Fixed	NT=TMT6plex;AC=UNIMOD:737;PP=Any N-term;MT=Fixed	0.5 Gy	7-week-old	irradiated
PXD015859 individual B5	Mus musculus	blood plasma	not available	5	not pooled	normal	organism part	24 hour	depletion	not available	C57BL/6N	male	Fusion_190503_12-TMT130C	proteomic profiling by mass spectrometry	1	Fusion_190503_12.raw	v1.1.0	NT=ms-proteomics;VV=v1.1.0	NT=vertebrates;VV=v1.1.0	manual curation	NT=Data-dependent acquisition;AC=PRIDE:0000627	NT=Orbitrap Fusion;AC=MS:1002416	NT=Trypsin;AC=MS:1001251	TMT130C	5	5 ppm	600 mmu	NT=Methylthio;AC=UNIMOD:39;TA=C;MT=Fixed	NT=Oxidation;AC=UNIMOD:35;TA=M;MT=Variable	NT=TMT6plex;AC=UNIMOD:737;TA=K;MT=Fixed	NT=TMT6plex;AC=UNIMOD:737;PP=Any N-term;MT=Fixed	0.5 Gy	7-week-old	irradiated
PXD015859 individual B5	Mus musculus	blood plasma	not available	5	not pooled	normal	organism part	24 hour	depletion	not available	C57BL/6N	male	Fusion_190503_13-TMT130C	proteomic profiling by mass spectrometry	1	Fusion_190503_13.raw	v1.1.0	NT=ms-proteomics;VV=v1.1.0	NT=vertebrates;VV=v1.1.0	manual curation	NT=Data-dependent acquisition;AC=PRIDE:0000627	NT=Orbitrap Fusion;AC=MS:1002416	NT=Trypsin;AC=MS:1001251	TMT130C	6	5 ppm	600 mmu	NT=Methylthio;AC=UNIMOD:39;TA=C;MT=Fixed	NT=Oxidation;AC=UNIMOD:35;TA=M;MT=Variable	NT=TMT6plex;AC=UNIMOD:737;TA=K;MT=Fixed	NT=TMT6plex;AC=UNIMOD:737;PP=Any N-term;MT=Fixed	0.5 Gy	7-week-old	irradiated
PXD015859 individual B5	Mus musculus	blood plasma	not available	5	not pooled	normal	organism part	24 hour	depletion	not available	C57BL/6N	male	Fusion_190503_14-TMT130C	proteomic profiling by mass spectrometry	1	Fusion_190503_14.raw	v1.1.0	NT=ms-proteomics;VV=v1.1.0	NT=vertebrates;VV=v1.1.0	manual curation	NT=Data-dependent acquisition;AC=PRIDE:0000627	NT=Orbitrap Fusion;AC=MS:1002416	NT=Trypsin;AC=MS:1001251	TMT130C	7	5 ppm	600 mmu	NT=Methylthio;AC=UNIMOD:39;TA=C;MT=Fixed	NT=Oxidation;AC=UNIMOD:35;TA=M;MT=Variable	NT=TMT6plex;AC=UNIMOD:737;TA=K;MT=Fixed	NT=TMT6plex;AC=UNIMOD:737;PP=Any N-term;MT=Fixed	0.5 Gy	7-week-old	irradiated
PXD015859 individual B5	Mus musculus	blood plasma	not available	5	not pooled	normal	organism part	24 hour	depletion	not available	C57BL/6N	male	Fusion_190503_15-TMT130C	proteomic profiling by mass spectrometry	1	Fusion_190503_15.raw	v1.1.0	NT=ms-proteomics;VV=v1.1.0	NT=vertebrates;VV=v1.1.0	manual curation	NT=Data-dependent acquisition;AC=PRIDE:0000627	NT=Orbitrap Fusion;AC=MS:1002416	NT=Trypsin;AC=MS:1001251	TMT130C	8	5 ppm	600 mmu	NT=Methylthio;AC=UNIMOD:39;TA=C;MT=Fixed	NT=Oxidation;AC=UNIMOD:35;TA=M;MT=Variable	NT=TMT6plex;AC=UNIMOD:737;TA=K;MT=Fixed	NT=TMT6plex;AC=UNIMOD:737;PP=Any N-term;MT=Fixed	0.5 Gy	7-week-old	irradiated
PXD015859 individual B5	Mus musculus	blood plasma	not available	5	not pooled	normal	organism part	24 hour	depletion	not available	C57BL/6N	male	Fusion_190503_16-TMT130C	proteomic profiling by mass spectrometry	1	Fusion_190503_16.raw	v1.1.0	NT=ms-proteomics;VV=v1.1.0	NT=vertebrates;VV=v1.1.0	manual curation	NT=Data-dependent acquisition;AC=PRIDE:0000627	NT=Orbitrap Fusion;AC=MS:1002416	NT=Trypsin;AC=MS:1001251	TMT130C	9	5 ppm	600 mmu	NT=Methylthio;AC=UNIMOD:39;TA=C;MT=Fixed	NT=Oxidation;AC=UNIMOD:35;TA=M;MT=Variable	NT=TMT6plex;AC=UNIMOD:737;TA=K;MT=Fixed	NT=TMT6plex;AC=UNIMOD:737;PP=Any N-term;MT=Fixed	0.5 Gy	7-week-old	irradiated
PXD015859 individual B5	Mus musculus	blood plasma	not available	5	not pooled	normal	organism part	24 hour	depletion	not available	C57BL/6N	male	Fusion_190503_17-TMT130C	proteomic profiling by mass spectrometry	1	Fusion_190503_17.raw	v1.1.0	NT=ms-proteomics;VV=v1.1.0	NT=vertebrates;VV=v1.1.0	manual curation	NT=Data-dependent acquisition;AC=PRIDE:0000627	NT=Orbitrap Fusion;AC=MS:1002416	NT=Trypsin;AC=MS:1001251	TMT130C	10	5 ppm	600 mmu	NT=Methylthio;AC=UNIMOD:39;TA=C;MT=Fixed	NT=Oxidation;AC=UNIMOD:35;TA=M;MT=Variable	NT=TMT6plex;AC=UNIMOD:737;TA=K;MT=Fixed	NT=TMT6plex;AC=UNIMOD:737;PP=Any N-term;MT=Fixed	0.5 Gy	7-week-old	irradiated
PXD015859 individual B5	Mus musculus	blood plasma	not available	5	not pooled	normal	organism part	24 hour	depletion	not available	C57BL/6N	male	Fusion_190503_18-TMT130C	proteomic profiling by mass spectrometry	1	Fusion_190503_18.raw	v1.1.0	NT=ms-proteomics;VV=v1.1.0	NT=vertebrates;VV=v1.1.0	manual curation	NT=Data-dependent acquisition;AC=PRIDE:0000627	NT=Orbitrap Fusion;AC=MS:1002416	NT=Trypsin;AC=MS:1001251	TMT130C	11	5 ppm	600 mmu	NT=Methylthio;AC=UNIMOD:39;TA=C;MT=Fixed	NT=Oxidation;AC=UNIMOD:35;TA=M;MT=Variable	NT=TMT6plex;AC=UNIMOD:737;TA=K;MT=Fixed	NT=TMT6plex;AC=UNIMOD:737;PP=Any N-term;MT=Fixed	0.5 Gy	7-week-old	irradiated
PXD015859 individual B5	Mus musculus	blood plasma	not available	5	not pooled	normal	organism part	24 hour	depletion	not available	C57BL/6N	male	Fusion_190503_19-TMT130C	proteomic profiling by mass spectrometry	1	Fusion_190503_19.raw	v1.1.0	NT=ms-proteomics;VV=v1.1.0	NT=vertebrates;VV=v1.1.0	manual curation	NT=Data-dependent acquisition;AC=PRIDE:0000627	NT=Orbitrap Fusion;AC=MS:1002416	NT=Trypsin;AC=MS:1001251	TMT130C	12	5 ppm	600 mmu	NT=Methylthio;AC=UNIMOD:39;TA=C;MT=Fixed	NT=Oxidation;AC=UNIMOD:35;TA=M;MT=Variable	NT=TMT6plex;AC=UNIMOD:737;TA=K;MT=Fixed	NT=TMT6plex;AC=UNIMOD:737;PP=Any N-term;MT=Fixed	0.5 Gy	7-week-old	irradiated
PXD015859 individual B5	Mus musculus	blood plasma	not available	5	not pooled	normal	organism part	24 hour	depletion	not available	C57BL/6N	male	Fusion_190503_20-TMT130C	proteomic profiling by mass spectrometry	1	Fusion_190503_20.raw	v1.1.0	NT=ms-proteomics;VV=v1.1.0	NT=vertebrates;VV=v1.1.0	manual curation	NT=Data-dependent acquisition;AC=PRIDE:0000627	NT=Orbitrap Fusion;AC=MS:1002416	NT=Trypsin;AC=MS:1001251	TMT130C	13	5 ppm	600 mmu	NT=Methylthio;AC=UNIMOD:39;TA=C;MT=Fixed	NT=Oxidation;AC=UNIMOD:35;TA=M;MT=Variable	NT=TMT6plex;AC=UNIMOD:737;TA=K;MT=Fixed	NT=TMT6plex;AC=UNIMOD:737;PP=Any N-term;MT=Fixed	0.5 Gy	7-week-old	irradiated
PXD015859 individual B5	Mus musculus	blood plasma	not available	5	not pooled	normal	organism part	24 hour	depletion	not available	C57BL/6N	male	Fusion_190503_21-TMT130C	proteomic profiling by mass spectrometry	1	Fusion_190503_21.raw	v1.1.0	NT=ms-proteomics;VV=v1.1.0	NT=vertebrates;VV=v1.1.0	manual curation	NT=Data-dependent acquisition;AC=PRIDE:0000627	NT=Orbitrap Fusion;AC=MS:1002416	NT=Trypsin;AC=MS:1001251	TMT130C	14	5 ppm	600 mmu	NT=Methylthio;AC=UNIMOD:39;TA=C;MT=Fixed	NT=Oxidation;AC=UNIMOD:35;TA=M;MT=Variable	NT=TMT6plex;AC=UNIMOD:737;TA=K;MT=Fixed	NT=TMT6plex;AC=UNIMOD:737;PP=Any N-term;MT=Fixed	0.5 Gy	7-week-old	irradiated
PXD015859 individual B5	Mus musculus	blood plasma	not available	5	not pooled	normal	organism part	24 hour	depletion	not available	C57BL/6N	male	Fusion_190503_22-TMT130C	proteomic profiling by mass spectrometry	1	Fusion_190503_22.raw	v1.1.0	NT=ms-proteomics;VV=v1.1.0	NT=vertebrates;VV=v1.1.0	manual curation	NT=Data-dependent acquisition;AC=PRIDE:0000627	NT=Orbitrap Fusion;AC=MS:1002416	NT=Trypsin;AC=MS:1001251	TMT130C	15	5 ppm	600 mmu	NT=Methylthio;AC=UNIMOD:39;TA=C;MT=Fixed	NT=Oxidation;AC=UNIMOD:35;TA=M;MT=Variable	NT=TMT6plex;AC=UNIMOD:737;TA=K;MT=Fixed	NT=TMT6plex;AC=UNIMOD:737;PP=Any N-term;MT=Fixed	0.5 Gy	7-week-old	irradiated
PXD015859 individual B5	Mus musculus	blood plasma	not available	5	not pooled	normal	organism part	24 hour	depletion	not available	C57BL/6N	male	Fusion_190503_23-TMT130C	proteomic profiling by mass spectrometry	1	Fusion_190503_23.raw	v1.1.0	NT=ms-proteomics;VV=v1.1.0	NT=vertebrates;VV=v1.1.0	manual curation	NT=Data-dependent acquisition;AC=PRIDE:0000627	NT=Orbitrap Fusion;AC=MS:1002416	NT=Trypsin;AC=MS:1001251	TMT130C	16	5 ppm	600 mmu	NT=Methylthio;AC=UNIMOD:39;TA=C;MT=Fixed	NT=Oxidation;AC=UNIMOD:35;TA=M;MT=Variable	NT=TMT6plex;AC=UNIMOD:737;TA=K;MT=Fixed	NT=TMT6plex;AC=UNIMOD:737;PP=Any N-term;MT=Fixed	0.5 Gy	7-week-old	irradiated
PXD015859 individual B5	Mus musculus	blood plasma	not available	5	not pooled	normal	organism part	24 hour	depletion	not available	C57BL/6N	male	Fusion_190503_24-TMT130C	proteomic profiling by mass spectrometry	1	Fusion_190503_24.raw	v1.1.0	NT=ms-proteomics;VV=v1.1.0	NT=vertebrates;VV=v1.1.0	manual curation	NT=Data-dependent acquisition;AC=PRIDE:0000627	NT=Orbitrap Fusion;AC=MS:1002416	NT=Trypsin;AC=MS:1001251	TMT130C	17	5 ppm	600 mmu	NT=Methylthio;AC=UNIMOD:39;TA=C;MT=Fixed	NT=Oxidation;AC=UNIMOD:35;TA=M;MT=Variable	NT=TMT6plex;AC=UNIMOD:737;TA=K;MT=Fixed	NT=TMT6plex;AC=UNIMOD:737;PP=Any N-term;MT=Fixed	0.5 Gy	7-week-old	irradiated
PXD015859 individual B5	Mus musculus	blood plasma	not available	5	not pooled	normal	organism part	24 hour	depletion	not available	C57BL/6N	male	Fusion_190503_25-TMT130C	proteomic profiling by mass spectrometry	1	Fusion_190503_25.raw	v1.1.0	NT=ms-proteomics;VV=v1.1.0	NT=vertebrates;VV=v1.1.0	manual curation	NT=Data-dependent acquisition;AC=PRIDE:0000627	NT=Orbitrap Fusion;AC=MS:1002416	NT=Trypsin;AC=MS:1001251	TMT130C	18	5 ppm	600 mmu	NT=Methylthio;AC=UNIMOD:39;TA=C;MT=Fixed	NT=Oxidation;AC=UNIMOD:35;TA=M;MT=Variable	NT=TMT6plex;AC=UNIMOD:737;TA=K;MT=Fixed	NT=TMT6plex;AC=UNIMOD:737;PP=Any N-term;MT=Fixed	0.5 Gy	7-week-old	irradiated
PXD015859 individual B5	Mus musculus	blood plasma	not available	5	not pooled	normal	organism part	24 hour	depletion	not available	C57BL/6N	male	Fusion_190503_26-TMT130C	proteomic profiling by mass spectrometry	1	Fusion_190503_26.raw	v1.1.0	NT=ms-proteomics;VV=v1.1.0	NT=vertebrates;VV=v1.1.0	manual curation	NT=Data-dependent acquisition;AC=PRIDE:0000627	NT=Orbitrap Fusion;AC=MS:1002416	NT=Trypsin;AC=MS:1001251	TMT130C	19	5 ppm	600 mmu	NT=Methylthio;AC=UNIMOD:39;TA=C;MT=Fixed	NT=Oxidation;AC=UNIMOD:35;TA=M;MT=Variable	NT=TMT6plex;AC=UNIMOD:737;TA=K;MT=Fixed	NT=TMT6plex;AC=UNIMOD:737;PP=Any N-term;MT=Fixed	0.5 Gy	7-week-old	irradiated
PXD015859 individual B5	Mus musculus	blood plasma	not available	5	not pooled	normal	organism part	24 hour	depletion	not available	C57BL/6N	male	Fusion_190503_27-TMT130C	proteomic profiling by mass spectrometry	1	Fusion_190503_27.raw	v1.1.0	NT=ms-proteomics;VV=v1.1.0	NT=vertebrates;VV=v1.1.0	manual curation	NT=Data-dependent acquisition;AC=PRIDE:0000627	NT=Orbitrap Fusion;AC=MS:1002416	NT=Trypsin;AC=MS:1001251	TMT130C	20	5 ppm	600 mmu	NT=Methylthio;AC=UNIMOD:39;TA=C;MT=Fixed	NT=Oxidation;AC=UNIMOD:35;TA=M;MT=Variable	NT=TMT6plex;AC=UNIMOD:737;TA=K;MT=Fixed	NT=TMT6plex;AC=UNIMOD:737;PP=Any N-term;MT=Fixed	0.5 Gy	7-week-old	irradiated
PXD015859 individual AK2	Mus musculus	blood plasma	not available	2	not pooled	normal	organism part	24 hour	depletion	not available	C57BL/6N	female	Fusion_190503_08-TMT131	proteomic profiling by mass spectrometry	1	Fusion_190503_08.raw	v1.1.0	NT=ms-proteomics;VV=v1.1.0	NT=vertebrates;VV=v1.1.0	manual curation	NT=Data-dependent acquisition;AC=PRIDE:0000627	NT=Orbitrap Fusion;AC=MS:1002416	NT=Trypsin;AC=MS:1001251	TMT131	1	5 ppm	600 mmu	NT=Methylthio;AC=UNIMOD:39;TA=C;MT=Fixed	NT=Oxidation;AC=UNIMOD:35;TA=M;MT=Variable	NT=TMT6plex;AC=UNIMOD:737;TA=K;MT=Fixed	NT=TMT6plex;AC=UNIMOD:737;PP=Any N-term;MT=Fixed	0 Gy	7-week-old	mock-treated control
PXD015859 individual AK2	Mus musculus	blood plasma	not available	2	not pooled	normal	organism part	24 hour	depletion	not available	C57BL/6N	female	Fusion_190503_09-TMT131	proteomic profiling by mass spectrometry	1	Fusion_190503_09.raw	v1.1.0	NT=ms-proteomics;VV=v1.1.0	NT=vertebrates;VV=v1.1.0	manual curation	NT=Data-dependent acquisition;AC=PRIDE:0000627	NT=Orbitrap Fusion;AC=MS:1002416	NT=Trypsin;AC=MS:1001251	TMT131	2	5 ppm	600 mmu	NT=Methylthio;AC=UNIMOD:39;TA=C;MT=Fixed	NT=Oxidation;AC=UNIMOD:35;TA=M;MT=Variable	NT=TMT6plex;AC=UNIMOD:737;TA=K;MT=Fixed	NT=TMT6plex;AC=UNIMOD:737;PP=Any N-term;MT=Fixed	0 Gy	7-week-old	mock-treated control
PXD015859 individual AK2	Mus musculus	blood plasma	not available	2	not pooled	normal	organism part	24 hour	depletion	not available	C57BL/6N	female	Fusion_190503_10-TMT131	proteomic profiling by mass spectrometry	1	Fusion_190503_10.raw	v1.1.0	NT=ms-proteomics;VV=v1.1.0	NT=vertebrates;VV=v1.1.0	manual curation	NT=Data-dependent acquisition;AC=PRIDE:0000627	NT=Orbitrap Fusion;AC=MS:1002416	NT=Trypsin;AC=MS:1001251	TMT131	3	5 ppm	600 mmu	NT=Methylthio;AC=UNIMOD:39;TA=C;MT=Fixed	NT=Oxidation;AC=UNIMOD:35;TA=M;MT=Variable	NT=TMT6plex;AC=UNIMOD:737;TA=K;MT=Fixed	NT=TMT6plex;AC=UNIMOD:737;PP=Any N-term;MT=Fixed	0 Gy	7-week-old	mock-treated control
PXD015859 individual AK2	Mus musculus	blood plasma	not available	2	not pooled	normal	organism part	24 hour	depletion	not available	C57BL/6N	female	Fusion_190503_11-TMT131	proteomic profiling by mass spectrometry	1	Fusion_190503_11.raw	v1.1.0	NT=ms-proteomics;VV=v1.1.0	NT=vertebrates;VV=v1.1.0	manual curation	NT=Data-dependent acquisition;AC=PRIDE:0000627	NT=Orbitrap Fusion;AC=MS:1002416	NT=Trypsin;AC=MS:1001251	TMT131	4	5 ppm	600 mmu	NT=Methylthio;AC=UNIMOD:39;TA=C;MT=Fixed	NT=Oxidation;AC=UNIMOD:35;TA=M;MT=Variable	NT=TMT6plex;AC=UNIMOD:737;TA=K;MT=Fixed	NT=TMT6plex;AC=UNIMOD:737;PP=Any N-term;MT=Fixed	0 Gy	7-week-old	mock-treated control
PXD015859 individual AK2	Mus musculus	blood plasma	not available	2	not pooled	normal	organism part	24 hour	depletion	not available	C57BL/6N	female	Fusion_190503_12-TMT131	proteomic profiling by mass spectrometry	1	Fusion_190503_12.raw	v1.1.0	NT=ms-proteomics;VV=v1.1.0	NT=vertebrates;VV=v1.1.0	manual curation	NT=Data-dependent acquisition;AC=PRIDE:0000627	NT=Orbitrap Fusion;AC=MS:1002416	NT=Trypsin;AC=MS:1001251	TMT131	5	5 ppm	600 mmu	NT=Methylthio;AC=UNIMOD:39;TA=C;MT=Fixed	NT=Oxidation;AC=UNIMOD:35;TA=M;MT=Variable	NT=TMT6plex;AC=UNIMOD:737;TA=K;MT=Fixed	NT=TMT6plex;AC=UNIMOD:737;PP=Any N-term;MT=Fixed	0 Gy	7-week-old	mock-treated control
PXD015859 individual AK2	Mus musculus	blood plasma	not available	2	not pooled	normal	organism part	24 hour	depletion	not available	C57BL/6N	female	Fusion_190503_13-TMT131	proteomic profiling by mass spectrometry	1	Fusion_190503_13.raw	v1.1.0	NT=ms-proteomics;VV=v1.1.0	NT=vertebrates;VV=v1.1.0	manual curation	NT=Data-dependent acquisition;AC=PRIDE:0000627	NT=Orbitrap Fusion;AC=MS:1002416	NT=Trypsin;AC=MS:1001251	TMT131	6	5 ppm	600 mmu	NT=Methylthio;AC=UNIMOD:39;TA=C;MT=Fixed	NT=Oxidation;AC=UNIMOD:35;TA=M;MT=Variable	NT=TMT6plex;AC=UNIMOD:737;TA=K;MT=Fixed	NT=TMT6plex;AC=UNIMOD:737;PP=Any N-term;MT=Fixed	0 Gy	7-week-old	mock-treated control
PXD015859 individual AK2	Mus musculus	blood plasma	not available	2	not pooled	normal	organism part	24 hour	depletion	not available	C57BL/6N	female	Fusion_190503_14-TMT131	proteomic profiling by mass spectrometry	1	Fusion_190503_14.raw	v1.1.0	NT=ms-proteomics;VV=v1.1.0	NT=vertebrates;VV=v1.1.0	manual curation	NT=Data-dependent acquisition;AC=PRIDE:0000627	NT=Orbitrap Fusion;AC=MS:1002416	NT=Trypsin;AC=MS:1001251	TMT131	7	5 ppm	600 mmu	NT=Methylthio;AC=UNIMOD:39;TA=C;MT=Fixed	NT=Oxidation;AC=UNIMOD:35;TA=M;MT=Variable	NT=TMT6plex;AC=UNIMOD:737;TA=K;MT=Fixed	NT=TMT6plex;AC=UNIMOD:737;PP=Any N-term;MT=Fixed	0 Gy	7-week-old	mock-treated control
PXD015859 individual AK2	Mus musculus	blood plasma	not available	2	not pooled	normal	organism part	24 hour	depletion	not available	C57BL/6N	female	Fusion_190503_15-TMT131	proteomic profiling by mass spectrometry	1	Fusion_190503_15.raw	v1.1.0	NT=ms-proteomics;VV=v1.1.0	NT=vertebrates;VV=v1.1.0	manual curation	NT=Data-dependent acquisition;AC=PRIDE:0000627	NT=Orbitrap Fusion;AC=MS:1002416	NT=Trypsin;AC=MS:1001251	TMT131	8	5 ppm	600 mmu	NT=Methylthio;AC=UNIMOD:39;TA=C;MT=Fixed	NT=Oxidation;AC=UNIMOD:35;TA=M;MT=Variable	NT=TMT6plex;AC=UNIMOD:737;TA=K;MT=Fixed	NT=TMT6plex;AC=UNIMOD:737;PP=Any N-term;MT=Fixed	0 Gy	7-week-old	mock-treated control
PXD015859 individual AK2	Mus musculus	blood plasma	not available	2	not pooled	normal	organism part	24 hour	depletion	not available	C57BL/6N	female	Fusion_190503_16-TMT131	proteomic profiling by mass spectrometry	1	Fusion_190503_16.raw	v1.1.0	NT=ms-proteomics;VV=v1.1.0	NT=vertebrates;VV=v1.1.0	manual curation	NT=Data-dependent acquisition;AC=PRIDE:0000627	NT=Orbitrap Fusion;AC=MS:1002416	NT=Trypsin;AC=MS:1001251	TMT131	9	5 ppm	600 mmu	NT=Methylthio;AC=UNIMOD:39;TA=C;MT=Fixed	NT=Oxidation;AC=UNIMOD:35;TA=M;MT=Variable	NT=TMT6plex;AC=UNIMOD:737;TA=K;MT=Fixed	NT=TMT6plex;AC=UNIMOD:737;PP=Any N-term;MT=Fixed	0 Gy	7-week-old	mock-treated control
PXD015859 individual AK2	Mus musculus	blood plasma	not available	2	not pooled	normal	organism part	24 hour	depletion	not available	C57BL/6N	female	Fusion_190503_17-TMT131	proteomic profiling by mass spectrometry	1	Fusion_190503_17.raw	v1.1.0	NT=ms-proteomics;VV=v1.1.0	NT=vertebrates;VV=v1.1.0	manual curation	NT=Data-dependent acquisition;AC=PRIDE:0000627	NT=Orbitrap Fusion;AC=MS:1002416	NT=Trypsin;AC=MS:1001251	TMT131	10	5 ppm	600 mmu	NT=Methylthio;AC=UNIMOD:39;TA=C;MT=Fixed	NT=Oxidation;AC=UNIMOD:35;TA=M;MT=Variable	NT=TMT6plex;AC=UNIMOD:737;TA=K;MT=Fixed	NT=TMT6plex;AC=UNIMOD:737;PP=Any N-term;MT=Fixed	0 Gy	7-week-old	mock-treated control
PXD015859 individual AK2	Mus musculus	blood plasma	not available	2	not pooled	normal	organism part	24 hour	depletion	not available	C57BL/6N	female	Fusion_190503_18-TMT131	proteomic profiling by mass spectrometry	1	Fusion_190503_18.raw	v1.1.0	NT=ms-proteomics;VV=v1.1.0	NT=vertebrates;VV=v1.1.0	manual curation	NT=Data-dependent acquisition;AC=PRIDE:0000627	NT=Orbitrap Fusion;AC=MS:1002416	NT=Trypsin;AC=MS:1001251	TMT131	11	5 ppm	600 mmu	NT=Methylthio;AC=UNIMOD:39;TA=C;MT=Fixed	NT=Oxidation;AC=UNIMOD:35;TA=M;MT=Variable	NT=TMT6plex;AC=UNIMOD:737;TA=K;MT=Fixed	NT=TMT6plex;AC=UNIMOD:737;PP=Any N-term;MT=Fixed	0 Gy	7-week-old	mock-treated control
PXD015859 individual AK2	Mus musculus	blood plasma	not available	2	not pooled	normal	organism part	24 hour	depletion	not available	C57BL/6N	female	Fusion_190503_19-TMT131	proteomic profiling by mass spectrometry	1	Fusion_190503_19.raw	v1.1.0	NT=ms-proteomics;VV=v1.1.0	NT=vertebrates;VV=v1.1.0	manual curation	NT=Data-dependent acquisition;AC=PRIDE:0000627	NT=Orbitrap Fusion;AC=MS:1002416	NT=Trypsin;AC=MS:1001251	TMT131	12	5 ppm	600 mmu	NT=Methylthio;AC=UNIMOD:39;TA=C;MT=Fixed	NT=Oxidation;AC=UNIMOD:35;TA=M;MT=Variable	NT=TMT6plex;AC=UNIMOD:737;TA=K;MT=Fixed	NT=TMT6plex;AC=UNIMOD:737;PP=Any N-term;MT=Fixed	0 Gy	7-week-old	mock-treated control
PXD015859 individual AK2	Mus musculus	blood plasma	not available	2	not pooled	normal	organism part	24 hour	depletion	not available	C57BL/6N	female	Fusion_190503_20-TMT131	proteomic profiling by mass spectrometry	1	Fusion_190503_20.raw	v1.1.0	NT=ms-proteomics;VV=v1.1.0	NT=vertebrates;VV=v1.1.0	manual curation	NT=Data-dependent acquisition;AC=PRIDE:0000627	NT=Orbitrap Fusion;AC=MS:1002416	NT=Trypsin;AC=MS:1001251	TMT131	13	5 ppm	600 mmu	NT=Methylthio;AC=UNIMOD:39;TA=C;MT=Fixed	NT=Oxidation;AC=UNIMOD:35;TA=M;MT=Variable	NT=TMT6plex;AC=UNIMOD:737;TA=K;MT=Fixed	NT=TMT6plex;AC=UNIMOD:737;PP=Any N-term;MT=Fixed	0 Gy	7-week-old	mock-treated control
PXD015859 individual AK2	Mus musculus	blood plasma	not available	2	not pooled	normal	organism part	24 hour	depletion	not available	C57BL/6N	female	Fusion_190503_21-TMT131	proteomic profiling by mass spectrometry	1	Fusion_190503_21.raw	v1.1.0	NT=ms-proteomics;VV=v1.1.0	NT=vertebrates;VV=v1.1.0	manual curation	NT=Data-dependent acquisition;AC=PRIDE:0000627	NT=Orbitrap Fusion;AC=MS:1002416	NT=Trypsin;AC=MS:1001251	TMT131	14	5 ppm	600 mmu	NT=Methylthio;AC=UNIMOD:39;TA=C;MT=Fixed	NT=Oxidation;AC=UNIMOD:35;TA=M;MT=Variable	NT=TMT6plex;AC=UNIMOD:737;TA=K;MT=Fixed	NT=TMT6plex;AC=UNIMOD:737;PP=Any N-term;MT=Fixed	0 Gy	7-week-old	mock-treated control
PXD015859 individual AK2	Mus musculus	blood plasma	not available	2	not pooled	normal	organism part	24 hour	depletion	not available	C57BL/6N	female	Fusion_190503_22-TMT131	proteomic profiling by mass spectrometry	1	Fusion_190503_22.raw	v1.1.0	NT=ms-proteomics;VV=v1.1.0	NT=vertebrates;VV=v1.1.0	manual curation	NT=Data-dependent acquisition;AC=PRIDE:0000627	NT=Orbitrap Fusion;AC=MS:1002416	NT=Trypsin;AC=MS:1001251	TMT131	15	5 ppm	600 mmu	NT=Methylthio;AC=UNIMOD:39;TA=C;MT=Fixed	NT=Oxidation;AC=UNIMOD:35;TA=M;MT=Variable	NT=TMT6plex;AC=UNIMOD:737;TA=K;MT=Fixed	NT=TMT6plex;AC=UNIMOD:737;PP=Any N-term;MT=Fixed	0 Gy	7-week-old	mock-treated control
PXD015859 individual AK2	Mus musculus	blood plasma	not available	2	not pooled	normal	organism part	24 hour	depletion	not available	C57BL/6N	female	Fusion_190503_23-TMT131	proteomic profiling by mass spectrometry	1	Fusion_190503_23.raw	v1.1.0	NT=ms-proteomics;VV=v1.1.0	NT=vertebrates;VV=v1.1.0	manual curation	NT=Data-dependent acquisition;AC=PRIDE:0000627	NT=Orbitrap Fusion;AC=MS:1002416	NT=Trypsin;AC=MS:1001251	TMT131	16	5 ppm	600 mmu	NT=Methylthio;AC=UNIMOD:39;TA=C;MT=Fixed	NT=Oxidation;AC=UNIMOD:35;TA=M;MT=Variable	NT=TMT6plex;AC=UNIMOD:737;TA=K;MT=Fixed	NT=TMT6plex;AC=UNIMOD:737;PP=Any N-term;MT=Fixed	0 Gy	7-week-old	mock-treated control
PXD015859 individual AK2	Mus musculus	blood plasma	not available	2	not pooled	normal	organism part	24 hour	depletion	not available	C57BL/6N	female	Fusion_190503_24-TMT131	proteomic profiling by mass spectrometry	1	Fusion_190503_24.raw	v1.1.0	NT=ms-proteomics;VV=v1.1.0	NT=vertebrates;VV=v1.1.0	manual curation	NT=Data-dependent acquisition;AC=PRIDE:0000627	NT=Orbitrap Fusion;AC=MS:1002416	NT=Trypsin;AC=MS:1001251	TMT131	17	5 ppm	600 mmu	NT=Methylthio;AC=UNIMOD:39;TA=C;MT=Fixed	NT=Oxidation;AC=UNIMOD:35;TA=M;MT=Variable	NT=TMT6plex;AC=UNIMOD:737;TA=K;MT=Fixed	NT=TMT6plex;AC=UNIMOD:737;PP=Any N-term;MT=Fixed	0 Gy	7-week-old	mock-treated control
PXD015859 individual AK2	Mus musculus	blood plasma	not available	2	not pooled	normal	organism part	24 hour	depletion	not available	C57BL/6N	female	Fusion_190503_25-TMT131	proteomic profiling by mass spectrometry	1	Fusion_190503_25.raw	v1.1.0	NT=ms-proteomics;VV=v1.1.0	NT=vertebrates;VV=v1.1.0	manual curation	NT=Data-dependent acquisition;AC=PRIDE:0000627	NT=Orbitrap Fusion;AC=MS:1002416	NT=Trypsin;AC=MS:1001251	TMT131	18	5 ppm	600 mmu	NT=Methylthio;AC=UNIMOD:39;TA=C;MT=Fixed	NT=Oxidation;AC=UNIMOD:35;TA=M;MT=Variable	NT=TMT6plex;AC=UNIMOD:737;TA=K;MT=Fixed	NT=TMT6plex;AC=UNIMOD:737;PP=Any N-term;MT=Fixed	0 Gy	7-week-old	mock-treated control
PXD015859 individual AK2	Mus musculus	blood plasma	not available	2	not pooled	normal	organism part	24 hour	depletion	not available	C57BL/6N	female	Fusion_190503_26-TMT131	proteomic profiling by mass spectrometry	1	Fusion_190503_26.raw	v1.1.0	NT=ms-proteomics;VV=v1.1.0	NT=vertebrates;VV=v1.1.0	manual curation	NT=Data-dependent acquisition;AC=PRIDE:0000627	NT=Orbitrap Fusion;AC=MS:1002416	NT=Trypsin;AC=MS:1001251	TMT131	19	5 ppm	600 mmu	NT=Methylthio;AC=UNIMOD:39;TA=C;MT=Fixed	NT=Oxidation;AC=UNIMOD:35;TA=M;MT=Variable	NT=TMT6plex;AC=UNIMOD:737;TA=K;MT=Fixed	NT=TMT6plex;AC=UNIMOD:737;PP=Any N-term;MT=Fixed	0 Gy	7-week-old	mock-treated control
PXD015859 individual AK2	Mus musculus	blood plasma	not available	2	not pooled	normal	organism part	24 hour	depletion	not available	C57BL/6N	female	Fusion_190503_27-TMT131	proteomic profiling by mass spectrometry	1	Fusion_190503_27.raw	v1.1.0	NT=ms-proteomics;VV=v1.1.0	NT=vertebrates;VV=v1.1.0	manual curation	NT=Data-dependent acquisition;AC=PRIDE:0000627	NT=Orbitrap Fusion;AC=MS:1002416	NT=Trypsin;AC=MS:1001251	TMT131	20	5 ppm	600 mmu	NT=Methylthio;AC=UNIMOD:39;TA=C;MT=Fixed	NT=Oxidation;AC=UNIMOD:35;TA=M;MT=Variable	NT=TMT6plex;AC=UNIMOD:737;TA=K;MT=Fixed	NT=TMT6plex;AC=UNIMOD:737;PP=Any N-term;MT=Fixed	0 Gy	7-week-old	mock-treated control
PXD015859 A-AK-B-BK pooled reference	Mus musculus	blood plasma	not available	pooled	pooled	normal	organism part	24 hour	depletion	not available	C57BL/6N	not available	Fusion_190503_33-TMT126	proteomic profiling by mass spectrometry	2	Fusion_190503_33.raw	v1.1.0	NT=ms-proteomics;VV=v1.1.0	NT=vertebrates;VV=v1.1.0	manual curation	NT=Data-dependent acquisition;AC=PRIDE:0000627	NT=Orbitrap Fusion;AC=MS:1002416	NT=Trypsin;AC=MS:1001251	TMT126	1	5 ppm	600 mmu	NT=Methylthio;AC=UNIMOD:39;TA=C;MT=Fixed	NT=Oxidation;AC=UNIMOD:35;TA=M;MT=Variable	NT=TMT6plex;AC=UNIMOD:737;TA=K;MT=Fixed	NT=TMT6plex;AC=UNIMOD:737;PP=Any N-term;MT=Fixed	pooled reference	7-week-old	pooled reference
PXD015859 A-AK-B-BK pooled reference	Mus musculus	blood plasma	not available	pooled	pooled	normal	organism part	24 hour	depletion	not available	C57BL/6N	not available	Fusion_190503_34-TMT126	proteomic profiling by mass spectrometry	2	Fusion_190503_34.raw	v1.1.0	NT=ms-proteomics;VV=v1.1.0	NT=vertebrates;VV=v1.1.0	manual curation	NT=Data-dependent acquisition;AC=PRIDE:0000627	NT=Orbitrap Fusion;AC=MS:1002416	NT=Trypsin;AC=MS:1001251	TMT126	2	5 ppm	600 mmu	NT=Methylthio;AC=UNIMOD:39;TA=C;MT=Fixed	NT=Oxidation;AC=UNIMOD:35;TA=M;MT=Variable	NT=TMT6plex;AC=UNIMOD:737;TA=K;MT=Fixed	NT=TMT6plex;AC=UNIMOD:737;PP=Any N-term;MT=Fixed	pooled reference	7-week-old	pooled reference
PXD015859 A-AK-B-BK pooled reference	Mus musculus	blood plasma	not available	pooled	pooled	normal	organism part	24 hour	depletion	not available	C57BL/6N	not available	Fusion_190503_35-TMT126	proteomic profiling by mass spectrometry	2	Fusion_190503_35.raw	v1.1.0	NT=ms-proteomics;VV=v1.1.0	NT=vertebrates;VV=v1.1.0	manual curation	NT=Data-dependent acquisition;AC=PRIDE:0000627	NT=Orbitrap Fusion;AC=MS:1002416	NT=Trypsin;AC=MS:1001251	TMT126	3	5 ppm	600 mmu	NT=Methylthio;AC=UNIMOD:39;TA=C;MT=Fixed	NT=Oxidation;AC=UNIMOD:35;TA=M;MT=Variable	NT=TMT6plex;AC=UNIMOD:737;TA=K;MT=Fixed	NT=TMT6plex;AC=UNIMOD:737;PP=Any N-term;MT=Fixed	pooled reference	7-week-old	pooled reference
PXD015859 A-AK-B-BK pooled reference	Mus musculus	blood plasma	not available	pooled	pooled	normal	organism part	24 hour	depletion	not available	C57BL/6N	not available	Fusion_190503_36-TMT126	proteomic profiling by mass spectrometry	2	Fusion_190503_36.raw	v1.1.0	NT=ms-proteomics;VV=v1.1.0	NT=vertebrates;VV=v1.1.0	manual curation	NT=Data-dependent acquisition;AC=PRIDE:0000627	NT=Orbitrap Fusion;AC=MS:1002416	NT=Trypsin;AC=MS:1001251	TMT126	4	5 ppm	600 mmu	NT=Methylthio;AC=UNIMOD:39;TA=C;MT=Fixed	NT=Oxidation;AC=UNIMOD:35;TA=M;MT=Variable	NT=TMT6plex;AC=UNIMOD:737;TA=K;MT=Fixed	NT=TMT6plex;AC=UNIMOD:737;PP=Any N-term;MT=Fixed	pooled reference	7-week-old	pooled reference
PXD015859 A-AK-B-BK pooled reference	Mus musculus	blood plasma	not available	pooled	pooled	normal	organism part	24 hour	depletion	not available	C57BL/6N	not available	Fusion_190503_37-TMT126	proteomic profiling by mass spectrometry	2	Fusion_190503_37.raw	v1.1.0	NT=ms-proteomics;VV=v1.1.0	NT=vertebrates;VV=v1.1.0	manual curation	NT=Data-dependent acquisition;AC=PRIDE:0000627	NT=Orbitrap Fusion;AC=MS:1002416	NT=Trypsin;AC=MS:1001251	TMT126	5	5 ppm	600 mmu	NT=Methylthio;AC=UNIMOD:39;TA=C;MT=Fixed	NT=Oxidation;AC=UNIMOD:35;TA=M;MT=Variable	NT=TMT6plex;AC=UNIMOD:737;TA=K;MT=Fixed	NT=TMT6plex;AC=UNIMOD:737;PP=Any N-term;MT=Fixed	pooled reference	7-week-old	pooled reference
PXD015859 A-AK-B-BK pooled reference	Mus musculus	blood plasma	not available	pooled	pooled	normal	organism part	24 hour	depletion	not available	C57BL/6N	not available	Fusion_190503_38-TMT126	proteomic profiling by mass spectrometry	2	Fusion_190503_38.raw	v1.1.0	NT=ms-proteomics;VV=v1.1.0	NT=vertebrates;VV=v1.1.0	manual curation	NT=Data-dependent acquisition;AC=PRIDE:0000627	NT=Orbitrap Fusion;AC=MS:1002416	NT=Trypsin;AC=MS:1001251	TMT126	6	5 ppm	600 mmu	NT=Methylthio;AC=UNIMOD:39;TA=C;MT=Fixed	NT=Oxidation;AC=UNIMOD:35;TA=M;MT=Variable	NT=TMT6plex;AC=UNIMOD:737;TA=K;MT=Fixed	NT=TMT6plex;AC=UNIMOD:737;PP=Any N-term;MT=Fixed	pooled reference	7-week-old	pooled reference
PXD015859 A-AK-B-BK pooled reference	Mus musculus	blood plasma	not available	pooled	pooled	normal	organism part	24 hour	depletion	not available	C57BL/6N	not available	Fusion_190503_39-TMT126	proteomic profiling by mass spectrometry	2	Fusion_190503_39.raw	v1.1.0	NT=ms-proteomics;VV=v1.1.0	NT=vertebrates;VV=v1.1.0	manual curation	NT=Data-dependent acquisition;AC=PRIDE:0000627	NT=Orbitrap Fusion;AC=MS:1002416	NT=Trypsin;AC=MS:1001251	TMT126	7	5 ppm	600 mmu	NT=Methylthio;AC=UNIMOD:39;TA=C;MT=Fixed	NT=Oxidation;AC=UNIMOD:35;TA=M;MT=Variable	NT=TMT6plex;AC=UNIMOD:737;TA=K;MT=Fixed	NT=TMT6plex;AC=UNIMOD:737;PP=Any N-term;MT=Fixed	pooled reference	7-week-old	pooled reference
PXD015859 A-AK-B-BK pooled reference	Mus musculus	blood plasma	not available	pooled	pooled	normal	organism part	24 hour	depletion	not available	C57BL/6N	not available	Fusion_190503_40-TMT126	proteomic profiling by mass spectrometry	2	Fusion_190503_40.raw	v1.1.0	NT=ms-proteomics;VV=v1.1.0	NT=vertebrates;VV=v1.1.0	manual curation	NT=Data-dependent acquisition;AC=PRIDE:0000627	NT=Orbitrap Fusion;AC=MS:1002416	NT=Trypsin;AC=MS:1001251	TMT126	8	5 ppm	600 mmu	NT=Methylthio;AC=UNIMOD:39;TA=C;MT=Fixed	NT=Oxidation;AC=UNIMOD:35;TA=M;MT=Variable	NT=TMT6plex;AC=UNIMOD:737;TA=K;MT=Fixed	NT=TMT6plex;AC=UNIMOD:737;PP=Any N-term;MT=Fixed	pooled reference	7-week-old	pooled reference
PXD015859 A-AK-B-BK pooled reference	Mus musculus	blood plasma	not available	pooled	pooled	normal	organism part	24 hour	depletion	not available	C57BL/6N	not available	Fusion_190503_41-TMT126	proteomic profiling by mass spectrometry	2	Fusion_190503_41.raw	v1.1.0	NT=ms-proteomics;VV=v1.1.0	NT=vertebrates;VV=v1.1.0	manual curation	NT=Data-dependent acquisition;AC=PRIDE:0000627	NT=Orbitrap Fusion;AC=MS:1002416	NT=Trypsin;AC=MS:1001251	TMT126	9	5 ppm	600 mmu	NT=Methylthio;AC=UNIMOD:39;TA=C;MT=Fixed	NT=Oxidation;AC=UNIMOD:35;TA=M;MT=Variable	NT=TMT6plex;AC=UNIMOD:737;TA=K;MT=Fixed	NT=TMT6plex;AC=UNIMOD:737;PP=Any N-term;MT=Fixed	pooled reference	7-week-old	pooled reference
PXD015859 A-AK-B-BK pooled reference	Mus musculus	blood plasma	not available	pooled	pooled	normal	organism part	24 hour	depletion	not available	C57BL/6N	not available	Fusion_190503_42-TMT126	proteomic profiling by mass spectrometry	2	Fusion_190503_42.raw	v1.1.0	NT=ms-proteomics;VV=v1.1.0	NT=vertebrates;VV=v1.1.0	manual curation	NT=Data-dependent acquisition;AC=PRIDE:0000627	NT=Orbitrap Fusion;AC=MS:1002416	NT=Trypsin;AC=MS:1001251	TMT126	10	5 ppm	600 mmu	NT=Methylthio;AC=UNIMOD:39;TA=C;MT=Fixed	NT=Oxidation;AC=UNIMOD:35;TA=M;MT=Variable	NT=TMT6plex;AC=UNIMOD:737;TA=K;MT=Fixed	NT=TMT6plex;AC=UNIMOD:737;PP=Any N-term;MT=Fixed	pooled reference	7-week-old	pooled reference
PXD015859 A-AK-B-BK pooled reference	Mus musculus	blood plasma	not available	pooled	pooled	normal	organism part	24 hour	depletion	not available	C57BL/6N	not available	Fusion_190503_43-TMT126	proteomic profiling by mass spectrometry	2	Fusion_190503_43.raw	v1.1.0	NT=ms-proteomics;VV=v1.1.0	NT=vertebrates;VV=v1.1.0	manual curation	NT=Data-dependent acquisition;AC=PRIDE:0000627	NT=Orbitrap Fusion;AC=MS:1002416	NT=Trypsin;AC=MS:1001251	TMT126	11	5 ppm	600 mmu	NT=Methylthio;AC=UNIMOD:39;TA=C;MT=Fixed	NT=Oxidation;AC=UNIMOD:35;TA=M;MT=Variable	NT=TMT6plex;AC=UNIMOD:737;TA=K;MT=Fixed	NT=TMT6plex;AC=UNIMOD:737;PP=Any N-term;MT=Fixed	pooled reference	7-week-old	pooled reference
PXD015859 A-AK-B-BK pooled reference	Mus musculus	blood plasma	not available	pooled	pooled	normal	organism part	24 hour	depletion	not available	C57BL/6N	not available	Fusion_190503_44-TMT126	proteomic profiling by mass spectrometry	2	Fusion_190503_44.raw	v1.1.0	NT=ms-proteomics;VV=v1.1.0	NT=vertebrates;VV=v1.1.0	manual curation	NT=Data-dependent acquisition;AC=PRIDE:0000627	NT=Orbitrap Fusion;AC=MS:1002416	NT=Trypsin;AC=MS:1001251	TMT126	12	5 ppm	600 mmu	NT=Methylthio;AC=UNIMOD:39;TA=C;MT=Fixed	NT=Oxidation;AC=UNIMOD:35;TA=M;MT=Variable	NT=TMT6plex;AC=UNIMOD:737;TA=K;MT=Fixed	NT=TMT6plex;AC=UNIMOD:737;PP=Any N-term;MT=Fixed	pooled reference	7-week-old	pooled reference
PXD015859 A-AK-B-BK pooled reference	Mus musculus	blood plasma	not available	pooled	pooled	normal	organism part	24 hour	depletion	not available	C57BL/6N	not available	Fusion_190503_45-TMT126	proteomic profiling by mass spectrometry	2	Fusion_190503_45.raw	v1.1.0	NT=ms-proteomics;VV=v1.1.0	NT=vertebrates;VV=v1.1.0	manual curation	NT=Data-dependent acquisition;AC=PRIDE:0000627	NT=Orbitrap Fusion;AC=MS:1002416	NT=Trypsin;AC=MS:1001251	TMT126	13	5 ppm	600 mmu	NT=Methylthio;AC=UNIMOD:39;TA=C;MT=Fixed	NT=Oxidation;AC=UNIMOD:35;TA=M;MT=Variable	NT=TMT6plex;AC=UNIMOD:737;TA=K;MT=Fixed	NT=TMT6plex;AC=UNIMOD:737;PP=Any N-term;MT=Fixed	pooled reference	7-week-old	pooled reference
PXD015859 A-AK-B-BK pooled reference	Mus musculus	blood plasma	not available	pooled	pooled	normal	organism part	24 hour	depletion	not available	C57BL/6N	not available	Fusion_190503_46-TMT126	proteomic profiling by mass spectrometry	2	Fusion_190503_46.raw	v1.1.0	NT=ms-proteomics;VV=v1.1.0	NT=vertebrates;VV=v1.1.0	manual curation	NT=Data-dependent acquisition;AC=PRIDE:0000627	NT=Orbitrap Fusion;AC=MS:1002416	NT=Trypsin;AC=MS:1001251	TMT126	14	5 ppm	600 mmu	NT=Methylthio;AC=UNIMOD:39;TA=C;MT=Fixed	NT=Oxidation;AC=UNIMOD:35;TA=M;MT=Variable	NT=TMT6plex;AC=UNIMOD:737;TA=K;MT=Fixed	NT=TMT6plex;AC=UNIMOD:737;PP=Any N-term;MT=Fixed	pooled reference	7-week-old	pooled reference
PXD015859 A-AK-B-BK pooled reference	Mus musculus	blood plasma	not available	pooled	pooled	normal	organism part	24 hour	depletion	not available	C57BL/6N	not available	Fusion_190503_47-TMT126	proteomic profiling by mass spectrometry	2	Fusion_190503_47.raw	v1.1.0	NT=ms-proteomics;VV=v1.1.0	NT=vertebrates;VV=v1.1.0	manual curation	NT=Data-dependent acquisition;AC=PRIDE:0000627	NT=Orbitrap Fusion;AC=MS:1002416	NT=Trypsin;AC=MS:1001251	TMT126	15	5 ppm	600 mmu	NT=Methylthio;AC=UNIMOD:39;TA=C;MT=Fixed	NT=Oxidation;AC=UNIMOD:35;TA=M;MT=Variable	NT=TMT6plex;AC=UNIMOD:737;TA=K;MT=Fixed	NT=TMT6plex;AC=UNIMOD:737;PP=Any N-term;MT=Fixed	pooled reference	7-week-old	pooled reference
PXD015859 A-AK-B-BK pooled reference	Mus musculus	blood plasma	not available	pooled	pooled	normal	organism part	24 hour	depletion	not available	C57BL/6N	not available	Fusion_190503_48-TMT126	proteomic profiling by mass spectrometry	2	Fusion_190503_48.raw	v1.1.0	NT=ms-proteomics;VV=v1.1.0	NT=vertebrates;VV=v1.1.0	manual curation	NT=Data-dependent acquisition;AC=PRIDE:0000627	NT=Orbitrap Fusion;AC=MS:1002416	NT=Trypsin;AC=MS:1001251	TMT126	16	5 ppm	600 mmu	NT=Methylthio;AC=UNIMOD:39;TA=C;MT=Fixed	NT=Oxidation;AC=UNIMOD:35;TA=M;MT=Variable	NT=TMT6plex;AC=UNIMOD:737;TA=K;MT=Fixed	NT=TMT6plex;AC=UNIMOD:737;PP=Any N-term;MT=Fixed	pooled reference	7-week-old	pooled reference
PXD015859 A-AK-B-BK pooled reference	Mus musculus	blood plasma	not available	pooled	pooled	normal	organism part	24 hour	depletion	not available	C57BL/6N	not available	Fusion_190503_49-TMT126	proteomic profiling by mass spectrometry	2	Fusion_190503_49.raw	v1.1.0	NT=ms-proteomics;VV=v1.1.0	NT=vertebrates;VV=v1.1.0	manual curation	NT=Data-dependent acquisition;AC=PRIDE:0000627	NT=Orbitrap Fusion;AC=MS:1002416	NT=Trypsin;AC=MS:1001251	TMT126	17	5 ppm	600 mmu	NT=Methylthio;AC=UNIMOD:39;TA=C;MT=Fixed	NT=Oxidation;AC=UNIMOD:35;TA=M;MT=Variable	NT=TMT6plex;AC=UNIMOD:737;TA=K;MT=Fixed	NT=TMT6plex;AC=UNIMOD:737;PP=Any N-term;MT=Fixed	pooled reference	7-week-old	pooled reference
PXD015859 A-AK-B-BK pooled reference	Mus musculus	blood plasma	not available	pooled	pooled	normal	organism part	24 hour	depletion	not available	C57BL/6N	not available	Fusion_190503_50-TMT126	proteomic profiling by mass spectrometry	2	Fusion_190503_50.raw	v1.1.0	NT=ms-proteomics;VV=v1.1.0	NT=vertebrates;VV=v1.1.0	manual curation	NT=Data-dependent acquisition;AC=PRIDE:0000627	NT=Orbitrap Fusion;AC=MS:1002416	NT=Trypsin;AC=MS:1001251	TMT126	18	5 ppm	600 mmu	NT=Methylthio;AC=UNIMOD:39;TA=C;MT=Fixed	NT=Oxidation;AC=UNIMOD:35;TA=M;MT=Variable	NT=TMT6plex;AC=UNIMOD:737;TA=K;MT=Fixed	NT=TMT6plex;AC=UNIMOD:737;PP=Any N-term;MT=Fixed	pooled reference	7-week-old	pooled reference
PXD015859 A-AK-B-BK pooled reference	Mus musculus	blood plasma	not available	pooled	pooled	normal	organism part	24 hour	depletion	not available	C57BL/6N	not available	Fusion_190503_51-TMT126	proteomic profiling by mass spectrometry	2	Fusion_190503_51.raw	v1.1.0	NT=ms-proteomics;VV=v1.1.0	NT=vertebrates;VV=v1.1.0	manual curation	NT=Data-dependent acquisition;AC=PRIDE:0000627	NT=Orbitrap Fusion;AC=MS:1002416	NT=Trypsin;AC=MS:1001251	TMT126	19	5 ppm	600 mmu	NT=Methylthio;AC=UNIMOD:39;TA=C;MT=Fixed	NT=Oxidation;AC=UNIMOD:35;TA=M;MT=Variable	NT=TMT6plex;AC=UNIMOD:737;TA=K;MT=Fixed	NT=TMT6plex;AC=UNIMOD:737;PP=Any N-term;MT=Fixed	pooled reference	7-week-old	pooled reference
PXD015859 A-AK-B-BK pooled reference	Mus musculus	blood plasma	not available	pooled	pooled	normal	organism part	24 hour	depletion	not available	C57BL/6N	not available	Fusion_190503_52-TMT126	proteomic profiling by mass spectrometry	2	Fusion_190503_52.raw	v1.1.0	NT=ms-proteomics;VV=v1.1.0	NT=vertebrates;VV=v1.1.0	manual curation	NT=Data-dependent acquisition;AC=PRIDE:0000627	NT=Orbitrap Fusion;AC=MS:1002416	NT=Trypsin;AC=MS:1001251	TMT126	20	5 ppm	600 mmu	NT=Methylthio;AC=UNIMOD:39;TA=C;MT=Fixed	NT=Oxidation;AC=UNIMOD:35;TA=M;MT=Variable	NT=TMT6plex;AC=UNIMOD:737;TA=K;MT=Fixed	NT=TMT6plex;AC=UNIMOD:737;PP=Any N-term;MT=Fixed	pooled reference	7-week-old	pooled reference
PXD015859 individual B1	Mus musculus	blood plasma	not available	1	not pooled	normal	organism part	24 hour	depletion	not available	C57BL/6N	male	Fusion_190503_33-TMT127N	proteomic profiling by mass spectrometry	1	Fusion_190503_33.raw	v1.1.0	NT=ms-proteomics;VV=v1.1.0	NT=vertebrates;VV=v1.1.0	manual curation	NT=Data-dependent acquisition;AC=PRIDE:0000627	NT=Orbitrap Fusion;AC=MS:1002416	NT=Trypsin;AC=MS:1001251	TMT127N	1	5 ppm	600 mmu	NT=Methylthio;AC=UNIMOD:39;TA=C;MT=Fixed	NT=Oxidation;AC=UNIMOD:35;TA=M;MT=Variable	NT=TMT6plex;AC=UNIMOD:737;TA=K;MT=Fixed	NT=TMT6plex;AC=UNIMOD:737;PP=Any N-term;MT=Fixed	0.5 Gy	7-week-old	irradiated
PXD015859 individual B1	Mus musculus	blood plasma	not available	1	not pooled	normal	organism part	24 hour	depletion	not available	C57BL/6N	male	Fusion_190503_34-TMT127N	proteomic profiling by mass spectrometry	1	Fusion_190503_34.raw	v1.1.0	NT=ms-proteomics;VV=v1.1.0	NT=vertebrates;VV=v1.1.0	manual curation	NT=Data-dependent acquisition;AC=PRIDE:0000627	NT=Orbitrap Fusion;AC=MS:1002416	NT=Trypsin;AC=MS:1001251	TMT127N	2	5 ppm	600 mmu	NT=Methylthio;AC=UNIMOD:39;TA=C;MT=Fixed	NT=Oxidation;AC=UNIMOD:35;TA=M;MT=Variable	NT=TMT6plex;AC=UNIMOD:737;TA=K;MT=Fixed	NT=TMT6plex;AC=UNIMOD:737;PP=Any N-term;MT=Fixed	0.5 Gy	7-week-old	irradiated
PXD015859 individual B1	Mus musculus	blood plasma	not available	1	not pooled	normal	organism part	24 hour	depletion	not available	C57BL/6N	male	Fusion_190503_35-TMT127N	proteomic profiling by mass spectrometry	1	Fusion_190503_35.raw	v1.1.0	NT=ms-proteomics;VV=v1.1.0	NT=vertebrates;VV=v1.1.0	manual curation	NT=Data-dependent acquisition;AC=PRIDE:0000627	NT=Orbitrap Fusion;AC=MS:1002416	NT=Trypsin;AC=MS:1001251	TMT127N	3	5 ppm	600 mmu	NT=Methylthio;AC=UNIMOD:39;TA=C;MT=Fixed	NT=Oxidation;AC=UNIMOD:35;TA=M;MT=Variable	NT=TMT6plex;AC=UNIMOD:737;TA=K;MT=Fixed	NT=TMT6plex;AC=UNIMOD:737;PP=Any N-term;MT=Fixed	0.5 Gy	7-week-old	irradiated
PXD015859 individual B1	Mus musculus	blood plasma	not available	1	not pooled	normal	organism part	24 hour	depletion	not available	C57BL/6N	male	Fusion_190503_36-TMT127N	proteomic profiling by mass spectrometry	1	Fusion_190503_36.raw	v1.1.0	NT=ms-proteomics;VV=v1.1.0	NT=vertebrates;VV=v1.1.0	manual curation	NT=Data-dependent acquisition;AC=PRIDE:0000627	NT=Orbitrap Fusion;AC=MS:1002416	NT=Trypsin;AC=MS:1001251	TMT127N	4	5 ppm	600 mmu	NT=Methylthio;AC=UNIMOD:39;TA=C;MT=Fixed	NT=Oxidation;AC=UNIMOD:35;TA=M;MT=Variable	NT=TMT6plex;AC=UNIMOD:737;TA=K;MT=Fixed	NT=TMT6plex;AC=UNIMOD:737;PP=Any N-term;MT=Fixed	0.5 Gy	7-week-old	irradiated
PXD015859 individual B1	Mus musculus	blood plasma	not available	1	not pooled	normal	organism part	24 hour	depletion	not available	C57BL/6N	male	Fusion_190503_37-TMT127N	proteomic profiling by mass spectrometry	1	Fusion_190503_37.raw	v1.1.0	NT=ms-proteomics;VV=v1.1.0	NT=vertebrates;VV=v1.1.0	manual curation	NT=Data-dependent acquisition;AC=PRIDE:0000627	NT=Orbitrap Fusion;AC=MS:1002416	NT=Trypsin;AC=MS:1001251	TMT127N	5	5 ppm	600 mmu	NT=Methylthio;AC=UNIMOD:39;TA=C;MT=Fixed	NT=Oxidation;AC=UNIMOD:35;TA=M;MT=Variable	NT=TMT6plex;AC=UNIMOD:737;TA=K;MT=Fixed	NT=TMT6plex;AC=UNIMOD:737;PP=Any N-term;MT=Fixed	0.5 Gy	7-week-old	irradiated
PXD015859 individual B1	Mus musculus	blood plasma	not available	1	not pooled	normal	organism part	24 hour	depletion	not available	C57BL/6N	male	Fusion_190503_38-TMT127N	proteomic profiling by mass spectrometry	1	Fusion_190503_38.raw	v1.1.0	NT=ms-proteomics;VV=v1.1.0	NT=vertebrates;VV=v1.1.0	manual curation	NT=Data-dependent acquisition;AC=PRIDE:0000627	NT=Orbitrap Fusion;AC=MS:1002416	NT=Trypsin;AC=MS:1001251	TMT127N	6	5 ppm	600 mmu	NT=Methylthio;AC=UNIMOD:39;TA=C;MT=Fixed	NT=Oxidation;AC=UNIMOD:35;TA=M;MT=Variable	NT=TMT6plex;AC=UNIMOD:737;TA=K;MT=Fixed	NT=TMT6plex;AC=UNIMOD:737;PP=Any N-term;MT=Fixed	0.5 Gy	7-week-old	irradiated
PXD015859 individual B1	Mus musculus	blood plasma	not available	1	not pooled	normal	organism part	24 hour	depletion	not available	C57BL/6N	male	Fusion_190503_39-TMT127N	proteomic profiling by mass spectrometry	1	Fusion_190503_39.raw	v1.1.0	NT=ms-proteomics;VV=v1.1.0	NT=vertebrates;VV=v1.1.0	manual curation	NT=Data-dependent acquisition;AC=PRIDE:0000627	NT=Orbitrap Fusion;AC=MS:1002416	NT=Trypsin;AC=MS:1001251	TMT127N	7	5 ppm	600 mmu	NT=Methylthio;AC=UNIMOD:39;TA=C;MT=Fixed	NT=Oxidation;AC=UNIMOD:35;TA=M;MT=Variable	NT=TMT6plex;AC=UNIMOD:737;TA=K;MT=Fixed	NT=TMT6plex;AC=UNIMOD:737;PP=Any N-term;MT=Fixed	0.5 Gy	7-week-old	irradiated
PXD015859 individual B1	Mus musculus	blood plasma	not available	1	not pooled	normal	organism part	24 hour	depletion	not available	C57BL/6N	male	Fusion_190503_40-TMT127N	proteomic profiling by mass spectrometry	1	Fusion_190503_40.raw	v1.1.0	NT=ms-proteomics;VV=v1.1.0	NT=vertebrates;VV=v1.1.0	manual curation	NT=Data-dependent acquisition;AC=PRIDE:0000627	NT=Orbitrap Fusion;AC=MS:1002416	NT=Trypsin;AC=MS:1001251	TMT127N	8	5 ppm	600 mmu	NT=Methylthio;AC=UNIMOD:39;TA=C;MT=Fixed	NT=Oxidation;AC=UNIMOD:35;TA=M;MT=Variable	NT=TMT6plex;AC=UNIMOD:737;TA=K;MT=Fixed	NT=TMT6plex;AC=UNIMOD:737;PP=Any N-term;MT=Fixed	0.5 Gy	7-week-old	irradiated
PXD015859 individual B1	Mus musculus	blood plasma	not available	1	not pooled	normal	organism part	24 hour	depletion	not available	C57BL/6N	male	Fusion_190503_41-TMT127N	proteomic profiling by mass spectrometry	1	Fusion_190503_41.raw	v1.1.0	NT=ms-proteomics;VV=v1.1.0	NT=vertebrates;VV=v1.1.0	manual curation	NT=Data-dependent acquisition;AC=PRIDE:0000627	NT=Orbitrap Fusion;AC=MS:1002416	NT=Trypsin;AC=MS:1001251	TMT127N	9	5 ppm	600 mmu	NT=Methylthio;AC=UNIMOD:39;TA=C;MT=Fixed	NT=Oxidation;AC=UNIMOD:35;TA=M;MT=Variable	NT=TMT6plex;AC=UNIMOD:737;TA=K;MT=Fixed	NT=TMT6plex;AC=UNIMOD:737;PP=Any N-term;MT=Fixed	0.5 Gy	7-week-old	irradiated
PXD015859 individual B1	Mus musculus	blood plasma	not available	1	not pooled	normal	organism part	24 hour	depletion	not available	C57BL/6N	male	Fusion_190503_42-TMT127N	proteomic profiling by mass spectrometry	1	Fusion_190503_42.raw	v1.1.0	NT=ms-proteomics;VV=v1.1.0	NT=vertebrates;VV=v1.1.0	manual curation	NT=Data-dependent acquisition;AC=PRIDE:0000627	NT=Orbitrap Fusion;AC=MS:1002416	NT=Trypsin;AC=MS:1001251	TMT127N	10	5 ppm	600 mmu	NT=Methylthio;AC=UNIMOD:39;TA=C;MT=Fixed	NT=Oxidation;AC=UNIMOD:35;TA=M;MT=Variable	NT=TMT6plex;AC=UNIMOD:737;TA=K;MT=Fixed	NT=TMT6plex;AC=UNIMOD:737;PP=Any N-term;MT=Fixed	0.5 Gy	7-week-old	irradiated
PXD015859 individual B1	Mus musculus	blood plasma	not available	1	not pooled	normal	organism part	24 hour	depletion	not available	C57BL/6N	male	Fusion_190503_43-TMT127N	proteomic profiling by mass spectrometry	1	Fusion_190503_43.raw	v1.1.0	NT=ms-proteomics;VV=v1.1.0	NT=vertebrates;VV=v1.1.0	manual curation	NT=Data-dependent acquisition;AC=PRIDE:0000627	NT=Orbitrap Fusion;AC=MS:1002416	NT=Trypsin;AC=MS:1001251	TMT127N	11	5 ppm	600 mmu	NT=Methylthio;AC=UNIMOD:39;TA=C;MT=Fixed	NT=Oxidation;AC=UNIMOD:35;TA=M;MT=Variable	NT=TMT6plex;AC=UNIMOD:737;TA=K;MT=Fixed	NT=TMT6plex;AC=UNIMOD:737;PP=Any N-term;MT=Fixed	0.5 Gy	7-week-old	irradiated
PXD015859 individual B1	Mus musculus	blood plasma	not available	1	not pooled	normal	organism part	24 hour	depletion	not available	C57BL/6N	male	Fusion_190503_44-TMT127N	proteomic profiling by mass spectrometry	1	Fusion_190503_44.raw	v1.1.0	NT=ms-proteomics;VV=v1.1.0	NT=vertebrates;VV=v1.1.0	manual curation	NT=Data-dependent acquisition;AC=PRIDE:0000627	NT=Orbitrap Fusion;AC=MS:1002416	NT=Trypsin;AC=MS:1001251	TMT127N	12	5 ppm	600 mmu	NT=Methylthio;AC=UNIMOD:39;TA=C;MT=Fixed	NT=Oxidation;AC=UNIMOD:35;TA=M;MT=Variable	NT=TMT6plex;AC=UNIMOD:737;TA=K;MT=Fixed	NT=TMT6plex;AC=UNIMOD:737;PP=Any N-term;MT=Fixed	0.5 Gy	7-week-old	irradiated
PXD015859 individual B1	Mus musculus	blood plasma	not available	1	not pooled	normal	organism part	24 hour	depletion	not available	C57BL/6N	male	Fusion_190503_45-TMT127N	proteomic profiling by mass spectrometry	1	Fusion_190503_45.raw	v1.1.0	NT=ms-proteomics;VV=v1.1.0	NT=vertebrates;VV=v1.1.0	manual curation	NT=Data-dependent acquisition;AC=PRIDE:0000627	NT=Orbitrap Fusion;AC=MS:1002416	NT=Trypsin;AC=MS:1001251	TMT127N	13	5 ppm	600 mmu	NT=Methylthio;AC=UNIMOD:39;TA=C;MT=Fixed	NT=Oxidation;AC=UNIMOD:35;TA=M;MT=Variable	NT=TMT6plex;AC=UNIMOD:737;TA=K;MT=Fixed	NT=TMT6plex;AC=UNIMOD:737;PP=Any N-term;MT=Fixed	0.5 Gy	7-week-old	irradiated
PXD015859 individual B1	Mus musculus	blood plasma	not available	1	not pooled	normal	organism part	24 hour	depletion	not available	C57BL/6N	male	Fusion_190503_46-TMT127N	proteomic profiling by mass spectrometry	1	Fusion_190503_46.raw	v1.1.0	NT=ms-proteomics;VV=v1.1.0	NT=vertebrates;VV=v1.1.0	manual curation	NT=Data-dependent acquisition;AC=PRIDE:0000627	NT=Orbitrap Fusion;AC=MS:1002416	NT=Trypsin;AC=MS:1001251	TMT127N	14	5 ppm	600 mmu	NT=Methylthio;AC=UNIMOD:39;TA=C;MT=Fixed	NT=Oxidation;AC=UNIMOD:35;TA=M;MT=Variable	NT=TMT6plex;AC=UNIMOD:737;TA=K;MT=Fixed	NT=TMT6plex;AC=UNIMOD:737;PP=Any N-term;MT=Fixed	0.5 Gy	7-week-old	irradiated
PXD015859 individual B1	Mus musculus	blood plasma	not available	1	not pooled	normal	organism part	24 hour	depletion	not available	C57BL/6N	male	Fusion_190503_47-TMT127N	proteomic profiling by mass spectrometry	1	Fusion_190503_47.raw	v1.1.0	NT=ms-proteomics;VV=v1.1.0	NT=vertebrates;VV=v1.1.0	manual curation	NT=Data-dependent acquisition;AC=PRIDE:0000627	NT=Orbitrap Fusion;AC=MS:1002416	NT=Trypsin;AC=MS:1001251	TMT127N	15	5 ppm	600 mmu	NT=Methylthio;AC=UNIMOD:39;TA=C;MT=Fixed	NT=Oxidation;AC=UNIMOD:35;TA=M;MT=Variable	NT=TMT6plex;AC=UNIMOD:737;TA=K;MT=Fixed	NT=TMT6plex;AC=UNIMOD:737;PP=Any N-term;MT=Fixed	0.5 Gy	7-week-old	irradiated
PXD015859 individual B1	Mus musculus	blood plasma	not available	1	not pooled	normal	organism part	24 hour	depletion	not available	C57BL/6N	male	Fusion_190503_48-TMT127N	proteomic profiling by mass spectrometry	1	Fusion_190503_48.raw	v1.1.0	NT=ms-proteomics;VV=v1.1.0	NT=vertebrates;VV=v1.1.0	manual curation	NT=Data-dependent acquisition;AC=PRIDE:0000627	NT=Orbitrap Fusion;AC=MS:1002416	NT=Trypsin;AC=MS:1001251	TMT127N	16	5 ppm	600 mmu	NT=Methylthio;AC=UNIMOD:39;TA=C;MT=Fixed	NT=Oxidation;AC=UNIMOD:35;TA=M;MT=Variable	NT=TMT6plex;AC=UNIMOD:737;TA=K;MT=Fixed	NT=TMT6plex;AC=UNIMOD:737;PP=Any N-term;MT=Fixed	0.5 Gy	7-week-old	irradiated
PXD015859 individual B1	Mus musculus	blood plasma	not available	1	not pooled	normal	organism part	24 hour	depletion	not available	C57BL/6N	male	Fusion_190503_49-TMT127N	proteomic profiling by mass spectrometry	1	Fusion_190503_49.raw	v1.1.0	NT=ms-proteomics;VV=v1.1.0	NT=vertebrates;VV=v1.1.0	manual curation	NT=Data-dependent acquisition;AC=PRIDE:0000627	NT=Orbitrap Fusion;AC=MS:1002416	NT=Trypsin;AC=MS:1001251	TMT127N	17	5 ppm	600 mmu	NT=Methylthio;AC=UNIMOD:39;TA=C;MT=Fixed	NT=Oxidation;AC=UNIMOD:35;TA=M;MT=Variable	NT=TMT6plex;AC=UNIMOD:737;TA=K;MT=Fixed	NT=TMT6plex;AC=UNIMOD:737;PP=Any N-term;MT=Fixed	0.5 Gy	7-week-old	irradiated
PXD015859 individual B1	Mus musculus	blood plasma	not available	1	not pooled	normal	organism part	24 hour	depletion	not available	C57BL/6N	male	Fusion_190503_50-TMT127N	proteomic profiling by mass spectrometry	1	Fusion_190503_50.raw	v1.1.0	NT=ms-proteomics;VV=v1.1.0	NT=vertebrates;VV=v1.1.0	manual curation	NT=Data-dependent acquisition;AC=PRIDE:0000627	NT=Orbitrap Fusion;AC=MS:1002416	NT=Trypsin;AC=MS:1001251	TMT127N	18	5 ppm	600 mmu	NT=Methylthio;AC=UNIMOD:39;TA=C;MT=Fixed	NT=Oxidation;AC=UNIMOD:35;TA=M;MT=Variable	NT=TMT6plex;AC=UNIMOD:737;TA=K;MT=Fixed	NT=TMT6plex;AC=UNIMOD:737;PP=Any N-term;MT=Fixed	0.5 Gy	7-week-old	irradiated
PXD015859 individual B1	Mus musculus	blood plasma	not available	1	not pooled	normal	organism part	24 hour	depletion	not available	C57BL/6N	male	Fusion_190503_51-TMT127N	proteomic profiling by mass spectrometry	1	Fusion_190503_51.raw	v1.1.0	NT=ms-proteomics;VV=v1.1.0	NT=vertebrates;VV=v1.1.0	manual curation	NT=Data-dependent acquisition;AC=PRIDE:0000627	NT=Orbitrap Fusion;AC=MS:1002416	NT=Trypsin;AC=MS:1001251	TMT127N	19	5 ppm	600 mmu	NT=Methylthio;AC=UNIMOD:39;TA=C;MT=Fixed	NT=Oxidation;AC=UNIMOD:35;TA=M;MT=Variable	NT=TMT6plex;AC=UNIMOD:737;TA=K;MT=Fixed	NT=TMT6plex;AC=UNIMOD:737;PP=Any N-term;MT=Fixed	0.5 Gy	7-week-old	irradiated
PXD015859 individual B1	Mus musculus	blood plasma	not available	1	not pooled	normal	organism part	24 hour	depletion	not available	C57BL/6N	male	Fusion_190503_52-TMT127N	proteomic profiling by mass spectrometry	1	Fusion_190503_52.raw	v1.1.0	NT=ms-proteomics;VV=v1.1.0	NT=vertebrates;VV=v1.1.0	manual curation	NT=Data-dependent acquisition;AC=PRIDE:0000627	NT=Orbitrap Fusion;AC=MS:1002416	NT=Trypsin;AC=MS:1001251	TMT127N	20	5 ppm	600 mmu	NT=Methylthio;AC=UNIMOD:39;TA=C;MT=Fixed	NT=Oxidation;AC=UNIMOD:35;TA=M;MT=Variable	NT=TMT6plex;AC=UNIMOD:737;TA=K;MT=Fixed	NT=TMT6plex;AC=UNIMOD:737;PP=Any N-term;MT=Fixed	0.5 Gy	7-week-old	irradiated
PXD015859 individual AK3	Mus musculus	blood plasma	not available	3	not pooled	normal	organism part	24 hour	depletion	not available	C57BL/6N	female	Fusion_190503_33-TMT127C	proteomic profiling by mass spectrometry	1	Fusion_190503_33.raw	v1.1.0	NT=ms-proteomics;VV=v1.1.0	NT=vertebrates;VV=v1.1.0	manual curation	NT=Data-dependent acquisition;AC=PRIDE:0000627	NT=Orbitrap Fusion;AC=MS:1002416	NT=Trypsin;AC=MS:1001251	TMT127C	1	5 ppm	600 mmu	NT=Methylthio;AC=UNIMOD:39;TA=C;MT=Fixed	NT=Oxidation;AC=UNIMOD:35;TA=M;MT=Variable	NT=TMT6plex;AC=UNIMOD:737;TA=K;MT=Fixed	NT=TMT6plex;AC=UNIMOD:737;PP=Any N-term;MT=Fixed	0 Gy	7-week-old	mock-treated control
PXD015859 individual AK3	Mus musculus	blood plasma	not available	3	not pooled	normal	organism part	24 hour	depletion	not available	C57BL/6N	female	Fusion_190503_34-TMT127C	proteomic profiling by mass spectrometry	1	Fusion_190503_34.raw	v1.1.0	NT=ms-proteomics;VV=v1.1.0	NT=vertebrates;VV=v1.1.0	manual curation	NT=Data-dependent acquisition;AC=PRIDE:0000627	NT=Orbitrap Fusion;AC=MS:1002416	NT=Trypsin;AC=MS:1001251	TMT127C	2	5 ppm	600 mmu	NT=Methylthio;AC=UNIMOD:39;TA=C;MT=Fixed	NT=Oxidation;AC=UNIMOD:35;TA=M;MT=Variable	NT=TMT6plex;AC=UNIMOD:737;TA=K;MT=Fixed	NT=TMT6plex;AC=UNIMOD:737;PP=Any N-term;MT=Fixed	0 Gy	7-week-old	mock-treated control
PXD015859 individual AK3	Mus musculus	blood plasma	not available	3	not pooled	normal	organism part	24 hour	depletion	not available	C57BL/6N	female	Fusion_190503_35-TMT127C	proteomic profiling by mass spectrometry	1	Fusion_190503_35.raw	v1.1.0	NT=ms-proteomics;VV=v1.1.0	NT=vertebrates;VV=v1.1.0	manual curation	NT=Data-dependent acquisition;AC=PRIDE:0000627	NT=Orbitrap Fusion;AC=MS:1002416	NT=Trypsin;AC=MS:1001251	TMT127C	3	5 ppm	600 mmu	NT=Methylthio;AC=UNIMOD:39;TA=C;MT=Fixed	NT=Oxidation;AC=UNIMOD:35;TA=M;MT=Variable	NT=TMT6plex;AC=UNIMOD:737;TA=K;MT=Fixed	NT=TMT6plex;AC=UNIMOD:737;PP=Any N-term;MT=Fixed	0 Gy	7-week-old	mock-treated control
PXD015859 individual AK3	Mus musculus	blood plasma	not available	3	not pooled	normal	organism part	24 hour	depletion	not available	C57BL/6N	female	Fusion_190503_36-TMT127C	proteomic profiling by mass spectrometry	1	Fusion_190503_36.raw	v1.1.0	NT=ms-proteomics;VV=v1.1.0	NT=vertebrates;VV=v1.1.0	manual curation	NT=Data-dependent acquisition;AC=PRIDE:0000627	NT=Orbitrap Fusion;AC=MS:1002416	NT=Trypsin;AC=MS:1001251	TMT127C	4	5 ppm	600 mmu	NT=Methylthio;AC=UNIMOD:39;TA=C;MT=Fixed	NT=Oxidation;AC=UNIMOD:35;TA=M;MT=Variable	NT=TMT6plex;AC=UNIMOD:737;TA=K;MT=Fixed	NT=TMT6plex;AC=UNIMOD:737;PP=Any N-term;MT=Fixed	0 Gy	7-week-old	mock-treated control
PXD015859 individual AK3	Mus musculus	blood plasma	not available	3	not pooled	normal	organism part	24 hour	depletion	not available	C57BL/6N	female	Fusion_190503_37-TMT127C	proteomic profiling by mass spectrometry	1	Fusion_190503_37.raw	v1.1.0	NT=ms-proteomics;VV=v1.1.0	NT=vertebrates;VV=v1.1.0	manual curation	NT=Data-dependent acquisition;AC=PRIDE:0000627	NT=Orbitrap Fusion;AC=MS:1002416	NT=Trypsin;AC=MS:1001251	TMT127C	5	5 ppm	600 mmu	NT=Methylthio;AC=UNIMOD:39;TA=C;MT=Fixed	NT=Oxidation;AC=UNIMOD:35;TA=M;MT=Variable	NT=TMT6plex;AC=UNIMOD:737;TA=K;MT=Fixed	NT=TMT6plex;AC=UNIMOD:737;PP=Any N-term;MT=Fixed	0 Gy	7-week-old	mock-treated control
PXD015859 individual AK3	Mus musculus	blood plasma	not available	3	not pooled	normal	organism part	24 hour	depletion	not available	C57BL/6N	female	Fusion_190503_38-TMT127C	proteomic profiling by mass spectrometry	1	Fusion_190503_38.raw	v1.1.0	NT=ms-proteomics;VV=v1.1.0	NT=vertebrates;VV=v1.1.0	manual curation	NT=Data-dependent acquisition;AC=PRIDE:0000627	NT=Orbitrap Fusion;AC=MS:1002416	NT=Trypsin;AC=MS:1001251	TMT127C	6	5 ppm	600 mmu	NT=Methylthio;AC=UNIMOD:39;TA=C;MT=Fixed	NT=Oxidation;AC=UNIMOD:35;TA=M;MT=Variable	NT=TMT6plex;AC=UNIMOD:737;TA=K;MT=Fixed	NT=TMT6plex;AC=UNIMOD:737;PP=Any N-term;MT=Fixed	0 Gy	7-week-old	mock-treated control
PXD015859 individual AK3	Mus musculus	blood plasma	not available	3	not pooled	normal	organism part	24 hour	depletion	not available	C57BL/6N	female	Fusion_190503_39-TMT127C	proteomic profiling by mass spectrometry	1	Fusion_190503_39.raw	v1.1.0	NT=ms-proteomics;VV=v1.1.0	NT=vertebrates;VV=v1.1.0	manual curation	NT=Data-dependent acquisition;AC=PRIDE:0000627	NT=Orbitrap Fusion;AC=MS:1002416	NT=Trypsin;AC=MS:1001251	TMT127C	7	5 ppm	600 mmu	NT=Methylthio;AC=UNIMOD:39;TA=C;MT=Fixed	NT=Oxidation;AC=UNIMOD:35;TA=M;MT=Variable	NT=TMT6plex;AC=UNIMOD:737;TA=K;MT=Fixed	NT=TMT6plex;AC=UNIMOD:737;PP=Any N-term;MT=Fixed	0 Gy	7-week-old	mock-treated control
PXD015859 individual AK3	Mus musculus	blood plasma	not available	3	not pooled	normal	organism part	24 hour	depletion	not available	C57BL/6N	female	Fusion_190503_40-TMT127C	proteomic profiling by mass spectrometry	1	Fusion_190503_40.raw	v1.1.0	NT=ms-proteomics;VV=v1.1.0	NT=vertebrates;VV=v1.1.0	manual curation	NT=Data-dependent acquisition;AC=PRIDE:0000627	NT=Orbitrap Fusion;AC=MS:1002416	NT=Trypsin;AC=MS:1001251	TMT127C	8	5 ppm	600 mmu	NT=Methylthio;AC=UNIMOD:39;TA=C;MT=Fixed	NT=Oxidation;AC=UNIMOD:35;TA=M;MT=Variable	NT=TMT6plex;AC=UNIMOD:737;TA=K;MT=Fixed	NT=TMT6plex;AC=UNIMOD:737;PP=Any N-term;MT=Fixed	0 Gy	7-week-old	mock-treated control
PXD015859 individual AK3	Mus musculus	blood plasma	not available	3	not pooled	normal	organism part	24 hour	depletion	not available	C57BL/6N	female	Fusion_190503_41-TMT127C	proteomic profiling by mass spectrometry	1	Fusion_190503_41.raw	v1.1.0	NT=ms-proteomics;VV=v1.1.0	NT=vertebrates;VV=v1.1.0	manual curation	NT=Data-dependent acquisition;AC=PRIDE:0000627	NT=Orbitrap Fusion;AC=MS:1002416	NT=Trypsin;AC=MS:1001251	TMT127C	9	5 ppm	600 mmu	NT=Methylthio;AC=UNIMOD:39;TA=C;MT=Fixed	NT=Oxidation;AC=UNIMOD:35;TA=M;MT=Variable	NT=TMT6plex;AC=UNIMOD:737;TA=K;MT=Fixed	NT=TMT6plex;AC=UNIMOD:737;PP=Any N-term;MT=Fixed	0 Gy	7-week-old	mock-treated control
PXD015859 individual AK3	Mus musculus	blood plasma	not available	3	not pooled	normal	organism part	24 hour	depletion	not available	C57BL/6N	female	Fusion_190503_42-TMT127C	proteomic profiling by mass spectrometry	1	Fusion_190503_42.raw	v1.1.0	NT=ms-proteomics;VV=v1.1.0	NT=vertebrates;VV=v1.1.0	manual curation	NT=Data-dependent acquisition;AC=PRIDE:0000627	NT=Orbitrap Fusion;AC=MS:1002416	NT=Trypsin;AC=MS:1001251	TMT127C	10	5 ppm	600 mmu	NT=Methylthio;AC=UNIMOD:39;TA=C;MT=Fixed	NT=Oxidation;AC=UNIMOD:35;TA=M;MT=Variable	NT=TMT6plex;AC=UNIMOD:737;TA=K;MT=Fixed	NT=TMT6plex;AC=UNIMOD:737;PP=Any N-term;MT=Fixed	0 Gy	7-week-old	mock-treated control
PXD015859 individual AK3	Mus musculus	blood plasma	not available	3	not pooled	normal	organism part	24 hour	depletion	not available	C57BL/6N	female	Fusion_190503_43-TMT127C	proteomic profiling by mass spectrometry	1	Fusion_190503_43.raw	v1.1.0	NT=ms-proteomics;VV=v1.1.0	NT=vertebrates;VV=v1.1.0	manual curation	NT=Data-dependent acquisition;AC=PRIDE:0000627	NT=Orbitrap Fusion;AC=MS:1002416	NT=Trypsin;AC=MS:1001251	TMT127C	11	5 ppm	600 mmu	NT=Methylthio;AC=UNIMOD:39;TA=C;MT=Fixed	NT=Oxidation;AC=UNIMOD:35;TA=M;MT=Variable	NT=TMT6plex;AC=UNIMOD:737;TA=K;MT=Fixed	NT=TMT6plex;AC=UNIMOD:737;PP=Any N-term;MT=Fixed	0 Gy	7-week-old	mock-treated control
PXD015859 individual AK3	Mus musculus	blood plasma	not available	3	not pooled	normal	organism part	24 hour	depletion	not available	C57BL/6N	female	Fusion_190503_44-TMT127C	proteomic profiling by mass spectrometry	1	Fusion_190503_44.raw	v1.1.0	NT=ms-proteomics;VV=v1.1.0	NT=vertebrates;VV=v1.1.0	manual curation	NT=Data-dependent acquisition;AC=PRIDE:0000627	NT=Orbitrap Fusion;AC=MS:1002416	NT=Trypsin;AC=MS:1001251	TMT127C	12	5 ppm	600 mmu	NT=Methylthio;AC=UNIMOD:39;TA=C;MT=Fixed	NT=Oxidation;AC=UNIMOD:35;TA=M;MT=Variable	NT=TMT6plex;AC=UNIMOD:737;TA=K;MT=Fixed	NT=TMT6plex;AC=UNIMOD:737;PP=Any N-term;MT=Fixed	0 Gy	7-week-old	mock-treated control
PXD015859 individual AK3	Mus musculus	blood plasma	not available	3	not pooled	normal	organism part	24 hour	depletion	not available	C57BL/6N	female	Fusion_190503_45-TMT127C	proteomic profiling by mass spectrometry	1	Fusion_190503_45.raw	v1.1.0	NT=ms-proteomics;VV=v1.1.0	NT=vertebrates;VV=v1.1.0	manual curation	NT=Data-dependent acquisition;AC=PRIDE:0000627	NT=Orbitrap Fusion;AC=MS:1002416	NT=Trypsin;AC=MS:1001251	TMT127C	13	5 ppm	600 mmu	NT=Methylthio;AC=UNIMOD:39;TA=C;MT=Fixed	NT=Oxidation;AC=UNIMOD:35;TA=M;MT=Variable	NT=TMT6plex;AC=UNIMOD:737;TA=K;MT=Fixed	NT=TMT6plex;AC=UNIMOD:737;PP=Any N-term;MT=Fixed	0 Gy	7-week-old	mock-treated control
PXD015859 individual AK3	Mus musculus	blood plasma	not available	3	not pooled	normal	organism part	24 hour	depletion	not available	C57BL/6N	female	Fusion_190503_46-TMT127C	proteomic profiling by mass spectrometry	1	Fusion_190503_46.raw	v1.1.0	NT=ms-proteomics;VV=v1.1.0	NT=vertebrates;VV=v1.1.0	manual curation	NT=Data-dependent acquisition;AC=PRIDE:0000627	NT=Orbitrap Fusion;AC=MS:1002416	NT=Trypsin;AC=MS:1001251	TMT127C	14	5 ppm	600 mmu	NT=Methylthio;AC=UNIMOD:39;TA=C;MT=Fixed	NT=Oxidation;AC=UNIMOD:35;TA=M;MT=Variable	NT=TMT6plex;AC=UNIMOD:737;TA=K;MT=Fixed	NT=TMT6plex;AC=UNIMOD:737;PP=Any N-term;MT=Fixed	0 Gy	7-week-old	mock-treated control
PXD015859 individual AK3	Mus musculus	blood plasma	not available	3	not pooled	normal	organism part	24 hour	depletion	not available	C57BL/6N	female	Fusion_190503_47-TMT127C	proteomic profiling by mass spectrometry	1	Fusion_190503_47.raw	v1.1.0	NT=ms-proteomics;VV=v1.1.0	NT=vertebrates;VV=v1.1.0	manual curation	NT=Data-dependent acquisition;AC=PRIDE:0000627	NT=Orbitrap Fusion;AC=MS:1002416	NT=Trypsin;AC=MS:1001251	TMT127C	15	5 ppm	600 mmu	NT=Methylthio;AC=UNIMOD:39;TA=C;MT=Fixed	NT=Oxidation;AC=UNIMOD:35;TA=M;MT=Variable	NT=TMT6plex;AC=UNIMOD:737;TA=K;MT=Fixed	NT=TMT6plex;AC=UNIMOD:737;PP=Any N-term;MT=Fixed	0 Gy	7-week-old	mock-treated control
PXD015859 individual AK3	Mus musculus	blood plasma	not available	3	not pooled	normal	organism part	24 hour	depletion	not available	C57BL/6N	female	Fusion_190503_48-TMT127C	proteomic profiling by mass spectrometry	1	Fusion_190503_48.raw	v1.1.0	NT=ms-proteomics;VV=v1.1.0	NT=vertebrates;VV=v1.1.0	manual curation	NT=Data-dependent acquisition;AC=PRIDE:0000627	NT=Orbitrap Fusion;AC=MS:1002416	NT=Trypsin;AC=MS:1001251	TMT127C	16	5 ppm	600 mmu	NT=Methylthio;AC=UNIMOD:39;TA=C;MT=Fixed	NT=Oxidation;AC=UNIMOD:35;TA=M;MT=Variable	NT=TMT6plex;AC=UNIMOD:737;TA=K;MT=Fixed	NT=TMT6plex;AC=UNIMOD:737;PP=Any N-term;MT=Fixed	0 Gy	7-week-old	mock-treated control
PXD015859 individual AK3	Mus musculus	blood plasma	not available	3	not pooled	normal	organism part	24 hour	depletion	not available	C57BL/6N	female	Fusion_190503_49-TMT127C	proteomic profiling by mass spectrometry	1	Fusion_190503_49.raw	v1.1.0	NT=ms-proteomics;VV=v1.1.0	NT=vertebrates;VV=v1.1.0	manual curation	NT=Data-dependent acquisition;AC=PRIDE:0000627	NT=Orbitrap Fusion;AC=MS:1002416	NT=Trypsin;AC=MS:1001251	TMT127C	17	5 ppm	600 mmu	NT=Methylthio;AC=UNIMOD:39;TA=C;MT=Fixed	NT=Oxidation;AC=UNIMOD:35;TA=M;MT=Variable	NT=TMT6plex;AC=UNIMOD:737;TA=K;MT=Fixed	NT=TMT6plex;AC=UNIMOD:737;PP=Any N-term;MT=Fixed	0 Gy	7-week-old	mock-treated control
PXD015859 individual AK3	Mus musculus	blood plasma	not available	3	not pooled	normal	organism part	24 hour	depletion	not available	C57BL/6N	female	Fusion_190503_50-TMT127C	proteomic profiling by mass spectrometry	1	Fusion_190503_50.raw	v1.1.0	NT=ms-proteomics;VV=v1.1.0	NT=vertebrates;VV=v1.1.0	manual curation	NT=Data-dependent acquisition;AC=PRIDE:0000627	NT=Orbitrap Fusion;AC=MS:1002416	NT=Trypsin;AC=MS:1001251	TMT127C	18	5 ppm	600 mmu	NT=Methylthio;AC=UNIMOD:39;TA=C;MT=Fixed	NT=Oxidation;AC=UNIMOD:35;TA=M;MT=Variable	NT=TMT6plex;AC=UNIMOD:737;TA=K;MT=Fixed	NT=TMT6plex;AC=UNIMOD:737;PP=Any N-term;MT=Fixed	0 Gy	7-week-old	mock-treated control
PXD015859 individual AK3	Mus musculus	blood plasma	not available	3	not pooled	normal	organism part	24 hour	depletion	not available	C57BL/6N	female	Fusion_190503_51-TMT127C	proteomic profiling by mass spectrometry	1	Fusion_190503_51.raw	v1.1.0	NT=ms-proteomics;VV=v1.1.0	NT=vertebrates;VV=v1.1.0	manual curation	NT=Data-dependent acquisition;AC=PRIDE:0000627	NT=Orbitrap Fusion;AC=MS:1002416	NT=Trypsin;AC=MS:1001251	TMT127C	19	5 ppm	600 mmu	NT=Methylthio;AC=UNIMOD:39;TA=C;MT=Fixed	NT=Oxidation;AC=UNIMOD:35;TA=M;MT=Variable	NT=TMT6plex;AC=UNIMOD:737;TA=K;MT=Fixed	NT=TMT6plex;AC=UNIMOD:737;PP=Any N-term;MT=Fixed	0 Gy	7-week-old	mock-treated control
PXD015859 individual AK3	Mus musculus	blood plasma	not available	3	not pooled	normal	organism part	24 hour	depletion	not available	C57BL/6N	female	Fusion_190503_52-TMT127C	proteomic profiling by mass spectrometry	1	Fusion_190503_52.raw	v1.1.0	NT=ms-proteomics;VV=v1.1.0	NT=vertebrates;VV=v1.1.0	manual curation	NT=Data-dependent acquisition;AC=PRIDE:0000627	NT=Orbitrap Fusion;AC=MS:1002416	NT=Trypsin;AC=MS:1001251	TMT127C	20	5 ppm	600 mmu	NT=Methylthio;AC=UNIMOD:39;TA=C;MT=Fixed	NT=Oxidation;AC=UNIMOD:35;TA=M;MT=Variable	NT=TMT6plex;AC=UNIMOD:737;TA=K;MT=Fixed	NT=TMT6plex;AC=UNIMOD:737;PP=Any N-term;MT=Fixed	0 Gy	7-week-old	mock-treated control
PXD015859 individual B2	Mus musculus	blood plasma	not available	2	not pooled	normal	organism part	24 hour	depletion	not available	C57BL/6N	male	Fusion_190503_33-TMT128N	proteomic profiling by mass spectrometry	1	Fusion_190503_33.raw	v1.1.0	NT=ms-proteomics;VV=v1.1.0	NT=vertebrates;VV=v1.1.0	manual curation	NT=Data-dependent acquisition;AC=PRIDE:0000627	NT=Orbitrap Fusion;AC=MS:1002416	NT=Trypsin;AC=MS:1001251	TMT128N	1	5 ppm	600 mmu	NT=Methylthio;AC=UNIMOD:39;TA=C;MT=Fixed	NT=Oxidation;AC=UNIMOD:35;TA=M;MT=Variable	NT=TMT6plex;AC=UNIMOD:737;TA=K;MT=Fixed	NT=TMT6plex;AC=UNIMOD:737;PP=Any N-term;MT=Fixed	0.5 Gy	7-week-old	irradiated
PXD015859 individual B2	Mus musculus	blood plasma	not available	2	not pooled	normal	organism part	24 hour	depletion	not available	C57BL/6N	male	Fusion_190503_34-TMT128N	proteomic profiling by mass spectrometry	1	Fusion_190503_34.raw	v1.1.0	NT=ms-proteomics;VV=v1.1.0	NT=vertebrates;VV=v1.1.0	manual curation	NT=Data-dependent acquisition;AC=PRIDE:0000627	NT=Orbitrap Fusion;AC=MS:1002416	NT=Trypsin;AC=MS:1001251	TMT128N	2	5 ppm	600 mmu	NT=Methylthio;AC=UNIMOD:39;TA=C;MT=Fixed	NT=Oxidation;AC=UNIMOD:35;TA=M;MT=Variable	NT=TMT6plex;AC=UNIMOD:737;TA=K;MT=Fixed	NT=TMT6plex;AC=UNIMOD:737;PP=Any N-term;MT=Fixed	0.5 Gy	7-week-old	irradiated
PXD015859 individual B2	Mus musculus	blood plasma	not available	2	not pooled	normal	organism part	24 hour	depletion	not available	C57BL/6N	male	Fusion_190503_35-TMT128N	proteomic profiling by mass spectrometry	1	Fusion_190503_35.raw	v1.1.0	NT=ms-proteomics;VV=v1.1.0	NT=vertebrates;VV=v1.1.0	manual curation	NT=Data-dependent acquisition;AC=PRIDE:0000627	NT=Orbitrap Fusion;AC=MS:1002416	NT=Trypsin;AC=MS:1001251	TMT128N	3	5 ppm	600 mmu	NT=Methylthio;AC=UNIMOD:39;TA=C;MT=Fixed	NT=Oxidation;AC=UNIMOD:35;TA=M;MT=Variable	NT=TMT6plex;AC=UNIMOD:737;TA=K;MT=Fixed	NT=TMT6plex;AC=UNIMOD:737;PP=Any N-term;MT=Fixed	0.5 Gy	7-week-old	irradiated
PXD015859 individual B2	Mus musculus	blood plasma	not available	2	not pooled	normal	organism part	24 hour	depletion	not available	C57BL/6N	male	Fusion_190503_36-TMT128N	proteomic profiling by mass spectrometry	1	Fusion_190503_36.raw	v1.1.0	NT=ms-proteomics;VV=v1.1.0	NT=vertebrates;VV=v1.1.0	manual curation	NT=Data-dependent acquisition;AC=PRIDE:0000627	NT=Orbitrap Fusion;AC=MS:1002416	NT=Trypsin;AC=MS:1001251	TMT128N	4	5 ppm	600 mmu	NT=Methylthio;AC=UNIMOD:39;TA=C;MT=Fixed	NT=Oxidation;AC=UNIMOD:35;TA=M;MT=Variable	NT=TMT6plex;AC=UNIMOD:737;TA=K;MT=Fixed	NT=TMT6plex;AC=UNIMOD:737;PP=Any N-term;MT=Fixed	0.5 Gy	7-week-old	irradiated
PXD015859 individual B2	Mus musculus	blood plasma	not available	2	not pooled	normal	organism part	24 hour	depletion	not available	C57BL/6N	male	Fusion_190503_37-TMT128N	proteomic profiling by mass spectrometry	1	Fusion_190503_37.raw	v1.1.0	NT=ms-proteomics;VV=v1.1.0	NT=vertebrates;VV=v1.1.0	manual curation	NT=Data-dependent acquisition;AC=PRIDE:0000627	NT=Orbitrap Fusion;AC=MS:1002416	NT=Trypsin;AC=MS:1001251	TMT128N	5	5 ppm	600 mmu	NT=Methylthio;AC=UNIMOD:39;TA=C;MT=Fixed	NT=Oxidation;AC=UNIMOD:35;TA=M;MT=Variable	NT=TMT6plex;AC=UNIMOD:737;TA=K;MT=Fixed	NT=TMT6plex;AC=UNIMOD:737;PP=Any N-term;MT=Fixed	0.5 Gy	7-week-old	irradiated
PXD015859 individual B2	Mus musculus	blood plasma	not available	2	not pooled	normal	organism part	24 hour	depletion	not available	C57BL/6N	male	Fusion_190503_38-TMT128N	proteomic profiling by mass spectrometry	1	Fusion_190503_38.raw	v1.1.0	NT=ms-proteomics;VV=v1.1.0	NT=vertebrates;VV=v1.1.0	manual curation	NT=Data-dependent acquisition;AC=PRIDE:0000627	NT=Orbitrap Fusion;AC=MS:1002416	NT=Trypsin;AC=MS:1001251	TMT128N	6	5 ppm	600 mmu	NT=Methylthio;AC=UNIMOD:39;TA=C;MT=Fixed	NT=Oxidation;AC=UNIMOD:35;TA=M;MT=Variable	NT=TMT6plex;AC=UNIMOD:737;TA=K;MT=Fixed	NT=TMT6plex;AC=UNIMOD:737;PP=Any N-term;MT=Fixed	0.5 Gy	7-week-old	irradiated
PXD015859 individual B2	Mus musculus	blood plasma	not available	2	not pooled	normal	organism part	24 hour	depletion	not available	C57BL/6N	male	Fusion_190503_39-TMT128N	proteomic profiling by mass spectrometry	1	Fusion_190503_39.raw	v1.1.0	NT=ms-proteomics;VV=v1.1.0	NT=vertebrates;VV=v1.1.0	manual curation	NT=Data-dependent acquisition;AC=PRIDE:0000627	NT=Orbitrap Fusion;AC=MS:1002416	NT=Trypsin;AC=MS:1001251	TMT128N	7	5 ppm	600 mmu	NT=Methylthio;AC=UNIMOD:39;TA=C;MT=Fixed	NT=Oxidation;AC=UNIMOD:35;TA=M;MT=Variable	NT=TMT6plex;AC=UNIMOD:737;TA=K;MT=Fixed	NT=TMT6plex;AC=UNIMOD:737;PP=Any N-term;MT=Fixed	0.5 Gy	7-week-old	irradiated
PXD015859 individual B2	Mus musculus	blood plasma	not available	2	not pooled	normal	organism part	24 hour	depletion	not available	C57BL/6N	male	Fusion_190503_40-TMT128N	proteomic profiling by mass spectrometry	1	Fusion_190503_40.raw	v1.1.0	NT=ms-proteomics;VV=v1.1.0	NT=vertebrates;VV=v1.1.0	manual curation	NT=Data-dependent acquisition;AC=PRIDE:0000627	NT=Orbitrap Fusion;AC=MS:1002416	NT=Trypsin;AC=MS:1001251	TMT128N	8	5 ppm	600 mmu	NT=Methylthio;AC=UNIMOD:39;TA=C;MT=Fixed	NT=Oxidation;AC=UNIMOD:35;TA=M;MT=Variable	NT=TMT6plex;AC=UNIMOD:737;TA=K;MT=Fixed	NT=TMT6plex;AC=UNIMOD:737;PP=Any N-term;MT=Fixed	0.5 Gy	7-week-old	irradiated
PXD015859 individual B2	Mus musculus	blood plasma	not available	2	not pooled	normal	organism part	24 hour	depletion	not available	C57BL/6N	male	Fusion_190503_41-TMT128N	proteomic profiling by mass spectrometry	1	Fusion_190503_41.raw	v1.1.0	NT=ms-proteomics;VV=v1.1.0	NT=vertebrates;VV=v1.1.0	manual curation	NT=Data-dependent acquisition;AC=PRIDE:0000627	NT=Orbitrap Fusion;AC=MS:1002416	NT=Trypsin;AC=MS:1001251	TMT128N	9	5 ppm	600 mmu	NT=Methylthio;AC=UNIMOD:39;TA=C;MT=Fixed	NT=Oxidation;AC=UNIMOD:35;TA=M;MT=Variable	NT=TMT6plex;AC=UNIMOD:737;TA=K;MT=Fixed	NT=TMT6plex;AC=UNIMOD:737;PP=Any N-term;MT=Fixed	0.5 Gy	7-week-old	irradiated
PXD015859 individual B2	Mus musculus	blood plasma	not available	2	not pooled	normal	organism part	24 hour	depletion	not available	C57BL/6N	male	Fusion_190503_42-TMT128N	proteomic profiling by mass spectrometry	1	Fusion_190503_42.raw	v1.1.0	NT=ms-proteomics;VV=v1.1.0	NT=vertebrates;VV=v1.1.0	manual curation	NT=Data-dependent acquisition;AC=PRIDE:0000627	NT=Orbitrap Fusion;AC=MS:1002416	NT=Trypsin;AC=MS:1001251	TMT128N	10	5 ppm	600 mmu	NT=Methylthio;AC=UNIMOD:39;TA=C;MT=Fixed	NT=Oxidation;AC=UNIMOD:35;TA=M;MT=Variable	NT=TMT6plex;AC=UNIMOD:737;TA=K;MT=Fixed	NT=TMT6plex;AC=UNIMOD:737;PP=Any N-term;MT=Fixed	0.5 Gy	7-week-old	irradiated
PXD015859 individual B2	Mus musculus	blood plasma	not available	2	not pooled	normal	organism part	24 hour	depletion	not available	C57BL/6N	male	Fusion_190503_43-TMT128N	proteomic profiling by mass spectrometry	1	Fusion_190503_43.raw	v1.1.0	NT=ms-proteomics;VV=v1.1.0	NT=vertebrates;VV=v1.1.0	manual curation	NT=Data-dependent acquisition;AC=PRIDE:0000627	NT=Orbitrap Fusion;AC=MS:1002416	NT=Trypsin;AC=MS:1001251	TMT128N	11	5 ppm	600 mmu	NT=Methylthio;AC=UNIMOD:39;TA=C;MT=Fixed	NT=Oxidation;AC=UNIMOD:35;TA=M;MT=Variable	NT=TMT6plex;AC=UNIMOD:737;TA=K;MT=Fixed	NT=TMT6plex;AC=UNIMOD:737;PP=Any N-term;MT=Fixed	0.5 Gy	7-week-old	irradiated
PXD015859 individual B2	Mus musculus	blood plasma	not available	2	not pooled	normal	organism part	24 hour	depletion	not available	C57BL/6N	male	Fusion_190503_44-TMT128N	proteomic profiling by mass spectrometry	1	Fusion_190503_44.raw	v1.1.0	NT=ms-proteomics;VV=v1.1.0	NT=vertebrates;VV=v1.1.0	manual curation	NT=Data-dependent acquisition;AC=PRIDE:0000627	NT=Orbitrap Fusion;AC=MS:1002416	NT=Trypsin;AC=MS:1001251	TMT128N	12	5 ppm	600 mmu	NT=Methylthio;AC=UNIMOD:39;TA=C;MT=Fixed	NT=Oxidation;AC=UNIMOD:35;TA=M;MT=Variable	NT=TMT6plex;AC=UNIMOD:737;TA=K;MT=Fixed	NT=TMT6plex;AC=UNIMOD:737;PP=Any N-term;MT=Fixed	0.5 Gy	7-week-old	irradiated
PXD015859 individual B2	Mus musculus	blood plasma	not available	2	not pooled	normal	organism part	24 hour	depletion	not available	C57BL/6N	male	Fusion_190503_45-TMT128N	proteomic profiling by mass spectrometry	1	Fusion_190503_45.raw	v1.1.0	NT=ms-proteomics;VV=v1.1.0	NT=vertebrates;VV=v1.1.0	manual curation	NT=Data-dependent acquisition;AC=PRIDE:0000627	NT=Orbitrap Fusion;AC=MS:1002416	NT=Trypsin;AC=MS:1001251	TMT128N	13	5 ppm	600 mmu	NT=Methylthio;AC=UNIMOD:39;TA=C;MT=Fixed	NT=Oxidation;AC=UNIMOD:35;TA=M;MT=Variable	NT=TMT6plex;AC=UNIMOD:737;TA=K;MT=Fixed	NT=TMT6plex;AC=UNIMOD:737;PP=Any N-term;MT=Fixed	0.5 Gy	7-week-old	irradiated
PXD015859 individual B2	Mus musculus	blood plasma	not available	2	not pooled	normal	organism part	24 hour	depletion	not available	C57BL/6N	male	Fusion_190503_46-TMT128N	proteomic profiling by mass spectrometry	1	Fusion_190503_46.raw	v1.1.0	NT=ms-proteomics;VV=v1.1.0	NT=vertebrates;VV=v1.1.0	manual curation	NT=Data-dependent acquisition;AC=PRIDE:0000627	NT=Orbitrap Fusion;AC=MS:1002416	NT=Trypsin;AC=MS:1001251	TMT128N	14	5 ppm	600 mmu	NT=Methylthio;AC=UNIMOD:39;TA=C;MT=Fixed	NT=Oxidation;AC=UNIMOD:35;TA=M;MT=Variable	NT=TMT6plex;AC=UNIMOD:737;TA=K;MT=Fixed	NT=TMT6plex;AC=UNIMOD:737;PP=Any N-term;MT=Fixed	0.5 Gy	7-week-old	irradiated
PXD015859 individual B2	Mus musculus	blood plasma	not available	2	not pooled	normal	organism part	24 hour	depletion	not available	C57BL/6N	male	Fusion_190503_47-TMT128N	proteomic profiling by mass spectrometry	1	Fusion_190503_47.raw	v1.1.0	NT=ms-proteomics;VV=v1.1.0	NT=vertebrates;VV=v1.1.0	manual curation	NT=Data-dependent acquisition;AC=PRIDE:0000627	NT=Orbitrap Fusion;AC=MS:1002416	NT=Trypsin;AC=MS:1001251	TMT128N	15	5 ppm	600 mmu	NT=Methylthio;AC=UNIMOD:39;TA=C;MT=Fixed	NT=Oxidation;AC=UNIMOD:35;TA=M;MT=Variable	NT=TMT6plex;AC=UNIMOD:737;TA=K;MT=Fixed	NT=TMT6plex;AC=UNIMOD:737;PP=Any N-term;MT=Fixed	0.5 Gy	7-week-old	irradiated
PXD015859 individual B2	Mus musculus	blood plasma	not available	2	not pooled	normal	organism part	24 hour	depletion	not available	C57BL/6N	male	Fusion_190503_48-TMT128N	proteomic profiling by mass spectrometry	1	Fusion_190503_48.raw	v1.1.0	NT=ms-proteomics;VV=v1.1.0	NT=vertebrates;VV=v1.1.0	manual curation	NT=Data-dependent acquisition;AC=PRIDE:0000627	NT=Orbitrap Fusion;AC=MS:1002416	NT=Trypsin;AC=MS:1001251	TMT128N	16	5 ppm	600 mmu	NT=Methylthio;AC=UNIMOD:39;TA=C;MT=Fixed	NT=Oxidation;AC=UNIMOD:35;TA=M;MT=Variable	NT=TMT6plex;AC=UNIMOD:737;TA=K;MT=Fixed	NT=TMT6plex;AC=UNIMOD:737;PP=Any N-term;MT=Fixed	0.5 Gy	7-week-old	irradiated
PXD015859 individual B2	Mus musculus	blood plasma	not available	2	not pooled	normal	organism part	24 hour	depletion	not available	C57BL/6N	male	Fusion_190503_49-TMT128N	proteomic profiling by mass spectrometry	1	Fusion_190503_49.raw	v1.1.0	NT=ms-proteomics;VV=v1.1.0	NT=vertebrates;VV=v1.1.0	manual curation	NT=Data-dependent acquisition;AC=PRIDE:0000627	NT=Orbitrap Fusion;AC=MS:1002416	NT=Trypsin;AC=MS:1001251	TMT128N	17	5 ppm	600 mmu	NT=Methylthio;AC=UNIMOD:39;TA=C;MT=Fixed	NT=Oxidation;AC=UNIMOD:35;TA=M;MT=Variable	NT=TMT6plex;AC=UNIMOD:737;TA=K;MT=Fixed	NT=TMT6plex;AC=UNIMOD:737;PP=Any N-term;MT=Fixed	0.5 Gy	7-week-old	irradiated
PXD015859 individual B2	Mus musculus	blood plasma	not available	2	not pooled	normal	organism part	24 hour	depletion	not available	C57BL/6N	male	Fusion_190503_50-TMT128N	proteomic profiling by mass spectrometry	1	Fusion_190503_50.raw	v1.1.0	NT=ms-proteomics;VV=v1.1.0	NT=vertebrates;VV=v1.1.0	manual curation	NT=Data-dependent acquisition;AC=PRIDE:0000627	NT=Orbitrap Fusion;AC=MS:1002416	NT=Trypsin;AC=MS:1001251	TMT128N	18	5 ppm	600 mmu	NT=Methylthio;AC=UNIMOD:39;TA=C;MT=Fixed	NT=Oxidation;AC=UNIMOD:35;TA=M;MT=Variable	NT=TMT6plex;AC=UNIMOD:737;TA=K;MT=Fixed	NT=TMT6plex;AC=UNIMOD:737;PP=Any N-term;MT=Fixed	0.5 Gy	7-week-old	irradiated
PXD015859 individual B2	Mus musculus	blood plasma	not available	2	not pooled	normal	organism part	24 hour	depletion	not available	C57BL/6N	male	Fusion_190503_51-TMT128N	proteomic profiling by mass spectrometry	1	Fusion_190503_51.raw	v1.1.0	NT=ms-proteomics;VV=v1.1.0	NT=vertebrates;VV=v1.1.0	manual curation	NT=Data-dependent acquisition;AC=PRIDE:0000627	NT=Orbitrap Fusion;AC=MS:1002416	NT=Trypsin;AC=MS:1001251	TMT128N	19	5 ppm	600 mmu	NT=Methylthio;AC=UNIMOD:39;TA=C;MT=Fixed	NT=Oxidation;AC=UNIMOD:35;TA=M;MT=Variable	NT=TMT6plex;AC=UNIMOD:737;TA=K;MT=Fixed	NT=TMT6plex;AC=UNIMOD:737;PP=Any N-term;MT=Fixed	0.5 Gy	7-week-old	irradiated
PXD015859 individual B2	Mus musculus	blood plasma	not available	2	not pooled	normal	organism part	24 hour	depletion	not available	C57BL/6N	male	Fusion_190503_52-TMT128N	proteomic profiling by mass spectrometry	1	Fusion_190503_52.raw	v1.1.0	NT=ms-proteomics;VV=v1.1.0	NT=vertebrates;VV=v1.1.0	manual curation	NT=Data-dependent acquisition;AC=PRIDE:0000627	NT=Orbitrap Fusion;AC=MS:1002416	NT=Trypsin;AC=MS:1001251	TMT128N	20	5 ppm	600 mmu	NT=Methylthio;AC=UNIMOD:39;TA=C;MT=Fixed	NT=Oxidation;AC=UNIMOD:35;TA=M;MT=Variable	NT=TMT6plex;AC=UNIMOD:737;TA=K;MT=Fixed	NT=TMT6plex;AC=UNIMOD:737;PP=Any N-term;MT=Fixed	0.5 Gy	7-week-old	irradiated
PXD015859 individual AK4	Mus musculus	blood plasma	not available	4	not pooled	normal	organism part	24 hour	depletion	not available	C57BL/6N	female	Fusion_190503_33-TMT128C	proteomic profiling by mass spectrometry	1	Fusion_190503_33.raw	v1.1.0	NT=ms-proteomics;VV=v1.1.0	NT=vertebrates;VV=v1.1.0	manual curation	NT=Data-dependent acquisition;AC=PRIDE:0000627	NT=Orbitrap Fusion;AC=MS:1002416	NT=Trypsin;AC=MS:1001251	TMT128C	1	5 ppm	600 mmu	NT=Methylthio;AC=UNIMOD:39;TA=C;MT=Fixed	NT=Oxidation;AC=UNIMOD:35;TA=M;MT=Variable	NT=TMT6plex;AC=UNIMOD:737;TA=K;MT=Fixed	NT=TMT6plex;AC=UNIMOD:737;PP=Any N-term;MT=Fixed	0 Gy	7-week-old	mock-treated control
PXD015859 individual AK4	Mus musculus	blood plasma	not available	4	not pooled	normal	organism part	24 hour	depletion	not available	C57BL/6N	female	Fusion_190503_34-TMT128C	proteomic profiling by mass spectrometry	1	Fusion_190503_34.raw	v1.1.0	NT=ms-proteomics;VV=v1.1.0	NT=vertebrates;VV=v1.1.0	manual curation	NT=Data-dependent acquisition;AC=PRIDE:0000627	NT=Orbitrap Fusion;AC=MS:1002416	NT=Trypsin;AC=MS:1001251	TMT128C	2	5 ppm	600 mmu	NT=Methylthio;AC=UNIMOD:39;TA=C;MT=Fixed	NT=Oxidation;AC=UNIMOD:35;TA=M;MT=Variable	NT=TMT6plex;AC=UNIMOD:737;TA=K;MT=Fixed	NT=TMT6plex;AC=UNIMOD:737;PP=Any N-term;MT=Fixed	0 Gy	7-week-old	mock-treated control
PXD015859 individual AK4	Mus musculus	blood plasma	not available	4	not pooled	normal	organism part	24 hour	depletion	not available	C57BL/6N	female	Fusion_190503_35-TMT128C	proteomic profiling by mass spectrometry	1	Fusion_190503_35.raw	v1.1.0	NT=ms-proteomics;VV=v1.1.0	NT=vertebrates;VV=v1.1.0	manual curation	NT=Data-dependent acquisition;AC=PRIDE:0000627	NT=Orbitrap Fusion;AC=MS:1002416	NT=Trypsin;AC=MS:1001251	TMT128C	3	5 ppm	600 mmu	NT=Methylthio;AC=UNIMOD:39;TA=C;MT=Fixed	NT=Oxidation;AC=UNIMOD:35;TA=M;MT=Variable	NT=TMT6plex;AC=UNIMOD:737;TA=K;MT=Fixed	NT=TMT6plex;AC=UNIMOD:737;PP=Any N-term;MT=Fixed	0 Gy	7-week-old	mock-treated control
PXD015859 individual AK4	Mus musculus	blood plasma	not available	4	not pooled	normal	organism part	24 hour	depletion	not available	C57BL/6N	female	Fusion_190503_36-TMT128C	proteomic profiling by mass spectrometry	1	Fusion_190503_36.raw	v1.1.0	NT=ms-proteomics;VV=v1.1.0	NT=vertebrates;VV=v1.1.0	manual curation	NT=Data-dependent acquisition;AC=PRIDE:0000627	NT=Orbitrap Fusion;AC=MS:1002416	NT=Trypsin;AC=MS:1001251	TMT128C	4	5 ppm	600 mmu	NT=Methylthio;AC=UNIMOD:39;TA=C;MT=Fixed	NT=Oxidation;AC=UNIMOD:35;TA=M;MT=Variable	NT=TMT6plex;AC=UNIMOD:737;TA=K;MT=Fixed	NT=TMT6plex;AC=UNIMOD:737;PP=Any N-term;MT=Fixed	0 Gy	7-week-old	mock-treated control
PXD015859 individual AK4	Mus musculus	blood plasma	not available	4	not pooled	normal	organism part	24 hour	depletion	not available	C57BL/6N	female	Fusion_190503_37-TMT128C	proteomic profiling by mass spectrometry	1	Fusion_190503_37.raw	v1.1.0	NT=ms-proteomics;VV=v1.1.0	NT=vertebrates;VV=v1.1.0	manual curation	NT=Data-dependent acquisition;AC=PRIDE:0000627	NT=Orbitrap Fusion;AC=MS:1002416	NT=Trypsin;AC=MS:1001251	TMT128C	5	5 ppm	600 mmu	NT=Methylthio;AC=UNIMOD:39;TA=C;MT=Fixed	NT=Oxidation;AC=UNIMOD:35;TA=M;MT=Variable	NT=TMT6plex;AC=UNIMOD:737;TA=K;MT=Fixed	NT=TMT6plex;AC=UNIMOD:737;PP=Any N-term;MT=Fixed	0 Gy	7-week-old	mock-treated control
PXD015859 individual AK4	Mus musculus	blood plasma	not available	4	not pooled	normal	organism part	24 hour	depletion	not available	C57BL/6N	female	Fusion_190503_38-TMT128C	proteomic profiling by mass spectrometry	1	Fusion_190503_38.raw	v1.1.0	NT=ms-proteomics;VV=v1.1.0	NT=vertebrates;VV=v1.1.0	manual curation	NT=Data-dependent acquisition;AC=PRIDE:0000627	NT=Orbitrap Fusion;AC=MS:1002416	NT=Trypsin;AC=MS:1001251	TMT128C	6	5 ppm	600 mmu	NT=Methylthio;AC=UNIMOD:39;TA=C;MT=Fixed	NT=Oxidation;AC=UNIMOD:35;TA=M;MT=Variable	NT=TMT6plex;AC=UNIMOD:737;TA=K;MT=Fixed	NT=TMT6plex;AC=UNIMOD:737;PP=Any N-term;MT=Fixed	0 Gy	7-week-old	mock-treated control
PXD015859 individual AK4	Mus musculus	blood plasma	not available	4	not pooled	normal	organism part	24 hour	depletion	not available	C57BL/6N	female	Fusion_190503_39-TMT128C	proteomic profiling by mass spectrometry	1	Fusion_190503_39.raw	v1.1.0	NT=ms-proteomics;VV=v1.1.0	NT=vertebrates;VV=v1.1.0	manual curation	NT=Data-dependent acquisition;AC=PRIDE:0000627	NT=Orbitrap Fusion;AC=MS:1002416	NT=Trypsin;AC=MS:1001251	TMT128C	7	5 ppm	600 mmu	NT=Methylthio;AC=UNIMOD:39;TA=C;MT=Fixed	NT=Oxidation;AC=UNIMOD:35;TA=M;MT=Variable	NT=TMT6plex;AC=UNIMOD:737;TA=K;MT=Fixed	NT=TMT6plex;AC=UNIMOD:737;PP=Any N-term;MT=Fixed	0 Gy	7-week-old	mock-treated control
PXD015859 individual AK4	Mus musculus	blood plasma	not available	4	not pooled	normal	organism part	24 hour	depletion	not available	C57BL/6N	female	Fusion_190503_40-TMT128C	proteomic profiling by mass spectrometry	1	Fusion_190503_40.raw	v1.1.0	NT=ms-proteomics;VV=v1.1.0	NT=vertebrates;VV=v1.1.0	manual curation	NT=Data-dependent acquisition;AC=PRIDE:0000627	NT=Orbitrap Fusion;AC=MS:1002416	NT=Trypsin;AC=MS:1001251	TMT128C	8	5 ppm	600 mmu	NT=Methylthio;AC=UNIMOD:39;TA=C;MT=Fixed	NT=Oxidation;AC=UNIMOD:35;TA=M;MT=Variable	NT=TMT6plex;AC=UNIMOD:737;TA=K;MT=Fixed	NT=TMT6plex;AC=UNIMOD:737;PP=Any N-term;MT=Fixed	0 Gy	7-week-old	mock-treated control
PXD015859 individual AK4	Mus musculus	blood plasma	not available	4	not pooled	normal	organism part	24 hour	depletion	not available	C57BL/6N	female	Fusion_190503_41-TMT128C	proteomic profiling by mass spectrometry	1	Fusion_190503_41.raw	v1.1.0	NT=ms-proteomics;VV=v1.1.0	NT=vertebrates;VV=v1.1.0	manual curation	NT=Data-dependent acquisition;AC=PRIDE:0000627	NT=Orbitrap Fusion;AC=MS:1002416	NT=Trypsin;AC=MS:1001251	TMT128C	9	5 ppm	600 mmu	NT=Methylthio;AC=UNIMOD:39;TA=C;MT=Fixed	NT=Oxidation;AC=UNIMOD:35;TA=M;MT=Variable	NT=TMT6plex;AC=UNIMOD:737;TA=K;MT=Fixed	NT=TMT6plex;AC=UNIMOD:737;PP=Any N-term;MT=Fixed	0 Gy	7-week-old	mock-treated control
PXD015859 individual AK4	Mus musculus	blood plasma	not available	4	not pooled	normal	organism part	24 hour	depletion	not available	C57BL/6N	female	Fusion_190503_42-TMT128C	proteomic profiling by mass spectrometry	1	Fusion_190503_42.raw	v1.1.0	NT=ms-proteomics;VV=v1.1.0	NT=vertebrates;VV=v1.1.0	manual curation	NT=Data-dependent acquisition;AC=PRIDE:0000627	NT=Orbitrap Fusion;AC=MS:1002416	NT=Trypsin;AC=MS:1001251	TMT128C	10	5 ppm	600 mmu	NT=Methylthio;AC=UNIMOD:39;TA=C;MT=Fixed	NT=Oxidation;AC=UNIMOD:35;TA=M;MT=Variable	NT=TMT6plex;AC=UNIMOD:737;TA=K;MT=Fixed	NT=TMT6plex;AC=UNIMOD:737;PP=Any N-term;MT=Fixed	0 Gy	7-week-old	mock-treated control
PXD015859 individual AK4	Mus musculus	blood plasma	not available	4	not pooled	normal	organism part	24 hour	depletion	not available	C57BL/6N	female	Fusion_190503_43-TMT128C	proteomic profiling by mass spectrometry	1	Fusion_190503_43.raw	v1.1.0	NT=ms-proteomics;VV=v1.1.0	NT=vertebrates;VV=v1.1.0	manual curation	NT=Data-dependent acquisition;AC=PRIDE:0000627	NT=Orbitrap Fusion;AC=MS:1002416	NT=Trypsin;AC=MS:1001251	TMT128C	11	5 ppm	600 mmu	NT=Methylthio;AC=UNIMOD:39;TA=C;MT=Fixed	NT=Oxidation;AC=UNIMOD:35;TA=M;MT=Variable	NT=TMT6plex;AC=UNIMOD:737;TA=K;MT=Fixed	NT=TMT6plex;AC=UNIMOD:737;PP=Any N-term;MT=Fixed	0 Gy	7-week-old	mock-treated control
PXD015859 individual AK4	Mus musculus	blood plasma	not available	4	not pooled	normal	organism part	24 hour	depletion	not available	C57BL/6N	female	Fusion_190503_44-TMT128C	proteomic profiling by mass spectrometry	1	Fusion_190503_44.raw	v1.1.0	NT=ms-proteomics;VV=v1.1.0	NT=vertebrates;VV=v1.1.0	manual curation	NT=Data-dependent acquisition;AC=PRIDE:0000627	NT=Orbitrap Fusion;AC=MS:1002416	NT=Trypsin;AC=MS:1001251	TMT128C	12	5 ppm	600 mmu	NT=Methylthio;AC=UNIMOD:39;TA=C;MT=Fixed	NT=Oxidation;AC=UNIMOD:35;TA=M;MT=Variable	NT=TMT6plex;AC=UNIMOD:737;TA=K;MT=Fixed	NT=TMT6plex;AC=UNIMOD:737;PP=Any N-term;MT=Fixed	0 Gy	7-week-old	mock-treated control
PXD015859 individual AK4	Mus musculus	blood plasma	not available	4	not pooled	normal	organism part	24 hour	depletion	not available	C57BL/6N	female	Fusion_190503_45-TMT128C	proteomic profiling by mass spectrometry	1	Fusion_190503_45.raw	v1.1.0	NT=ms-proteomics;VV=v1.1.0	NT=vertebrates;VV=v1.1.0	manual curation	NT=Data-dependent acquisition;AC=PRIDE:0000627	NT=Orbitrap Fusion;AC=MS:1002416	NT=Trypsin;AC=MS:1001251	TMT128C	13	5 ppm	600 mmu	NT=Methylthio;AC=UNIMOD:39;TA=C;MT=Fixed	NT=Oxidation;AC=UNIMOD:35;TA=M;MT=Variable	NT=TMT6plex;AC=UNIMOD:737;TA=K;MT=Fixed	NT=TMT6plex;AC=UNIMOD:737;PP=Any N-term;MT=Fixed	0 Gy	7-week-old	mock-treated control
PXD015859 individual AK4	Mus musculus	blood plasma	not available	4	not pooled	normal	organism part	24 hour	depletion	not available	C57BL/6N	female	Fusion_190503_46-TMT128C	proteomic profiling by mass spectrometry	1	Fusion_190503_46.raw	v1.1.0	NT=ms-proteomics;VV=v1.1.0	NT=vertebrates;VV=v1.1.0	manual curation	NT=Data-dependent acquisition;AC=PRIDE:0000627	NT=Orbitrap Fusion;AC=MS:1002416	NT=Trypsin;AC=MS:1001251	TMT128C	14	5 ppm	600 mmu	NT=Methylthio;AC=UNIMOD:39;TA=C;MT=Fixed	NT=Oxidation;AC=UNIMOD:35;TA=M;MT=Variable	NT=TMT6plex;AC=UNIMOD:737;TA=K;MT=Fixed	NT=TMT6plex;AC=UNIMOD:737;PP=Any N-term;MT=Fixed	0 Gy	7-week-old	mock-treated control
PXD015859 individual AK4	Mus musculus	blood plasma	not available	4	not pooled	normal	organism part	24 hour	depletion	not available	C57BL/6N	female	Fusion_190503_47-TMT128C	proteomic profiling by mass spectrometry	1	Fusion_190503_47.raw	v1.1.0	NT=ms-proteomics;VV=v1.1.0	NT=vertebrates;VV=v1.1.0	manual curation	NT=Data-dependent acquisition;AC=PRIDE:0000627	NT=Orbitrap Fusion;AC=MS:1002416	NT=Trypsin;AC=MS:1001251	TMT128C	15	5 ppm	600 mmu	NT=Methylthio;AC=UNIMOD:39;TA=C;MT=Fixed	NT=Oxidation;AC=UNIMOD:35;TA=M;MT=Variable	NT=TMT6plex;AC=UNIMOD:737;TA=K;MT=Fixed	NT=TMT6plex;AC=UNIMOD:737;PP=Any N-term;MT=Fixed	0 Gy	7-week-old	mock-treated control
PXD015859 individual AK4	Mus musculus	blood plasma	not available	4	not pooled	normal	organism part	24 hour	depletion	not available	C57BL/6N	female	Fusion_190503_48-TMT128C	proteomic profiling by mass spectrometry	1	Fusion_190503_48.raw	v1.1.0	NT=ms-proteomics;VV=v1.1.0	NT=vertebrates;VV=v1.1.0	manual curation	NT=Data-dependent acquisition;AC=PRIDE:0000627	NT=Orbitrap Fusion;AC=MS:1002416	NT=Trypsin;AC=MS:1001251	TMT128C	16	5 ppm	600 mmu	NT=Methylthio;AC=UNIMOD:39;TA=C;MT=Fixed	NT=Oxidation;AC=UNIMOD:35;TA=M;MT=Variable	NT=TMT6plex;AC=UNIMOD:737;TA=K;MT=Fixed	NT=TMT6plex;AC=UNIMOD:737;PP=Any N-term;MT=Fixed	0 Gy	7-week-old	mock-treated control
PXD015859 individual AK4	Mus musculus	blood plasma	not available	4	not pooled	normal	organism part	24 hour	depletion	not available	C57BL/6N	female	Fusion_190503_49-TMT128C	proteomic profiling by mass spectrometry	1	Fusion_190503_49.raw	v1.1.0	NT=ms-proteomics;VV=v1.1.0	NT=vertebrates;VV=v1.1.0	manual curation	NT=Data-dependent acquisition;AC=PRIDE:0000627	NT=Orbitrap Fusion;AC=MS:1002416	NT=Trypsin;AC=MS:1001251	TMT128C	17	5 ppm	600 mmu	NT=Methylthio;AC=UNIMOD:39;TA=C;MT=Fixed	NT=Oxidation;AC=UNIMOD:35;TA=M;MT=Variable	NT=TMT6plex;AC=UNIMOD:737;TA=K;MT=Fixed	NT=TMT6plex;AC=UNIMOD:737;PP=Any N-term;MT=Fixed	0 Gy	7-week-old	mock-treated control
PXD015859 individual AK4	Mus musculus	blood plasma	not available	4	not pooled	normal	organism part	24 hour	depletion	not available	C57BL/6N	female	Fusion_190503_50-TMT128C	proteomic profiling by mass spectrometry	1	Fusion_190503_50.raw	v1.1.0	NT=ms-proteomics;VV=v1.1.0	NT=vertebrates;VV=v1.1.0	manual curation	NT=Data-dependent acquisition;AC=PRIDE:0000627	NT=Orbitrap Fusion;AC=MS:1002416	NT=Trypsin;AC=MS:1001251	TMT128C	18	5 ppm	600 mmu	NT=Methylthio;AC=UNIMOD:39;TA=C;MT=Fixed	NT=Oxidation;AC=UNIMOD:35;TA=M;MT=Variable	NT=TMT6plex;AC=UNIMOD:737;TA=K;MT=Fixed	NT=TMT6plex;AC=UNIMOD:737;PP=Any N-term;MT=Fixed	0 Gy	7-week-old	mock-treated control
PXD015859 individual AK4	Mus musculus	blood plasma	not available	4	not pooled	normal	organism part	24 hour	depletion	not available	C57BL/6N	female	Fusion_190503_51-TMT128C	proteomic profiling by mass spectrometry	1	Fusion_190503_51.raw	v1.1.0	NT=ms-proteomics;VV=v1.1.0	NT=vertebrates;VV=v1.1.0	manual curation	NT=Data-dependent acquisition;AC=PRIDE:0000627	NT=Orbitrap Fusion;AC=MS:1002416	NT=Trypsin;AC=MS:1001251	TMT128C	19	5 ppm	600 mmu	NT=Methylthio;AC=UNIMOD:39;TA=C;MT=Fixed	NT=Oxidation;AC=UNIMOD:35;TA=M;MT=Variable	NT=TMT6plex;AC=UNIMOD:737;TA=K;MT=Fixed	NT=TMT6plex;AC=UNIMOD:737;PP=Any N-term;MT=Fixed	0 Gy	7-week-old	mock-treated control
PXD015859 individual AK4	Mus musculus	blood plasma	not available	4	not pooled	normal	organism part	24 hour	depletion	not available	C57BL/6N	female	Fusion_190503_52-TMT128C	proteomic profiling by mass spectrometry	1	Fusion_190503_52.raw	v1.1.0	NT=ms-proteomics;VV=v1.1.0	NT=vertebrates;VV=v1.1.0	manual curation	NT=Data-dependent acquisition;AC=PRIDE:0000627	NT=Orbitrap Fusion;AC=MS:1002416	NT=Trypsin;AC=MS:1001251	TMT128C	20	5 ppm	600 mmu	NT=Methylthio;AC=UNIMOD:39;TA=C;MT=Fixed	NT=Oxidation;AC=UNIMOD:35;TA=M;MT=Variable	NT=TMT6plex;AC=UNIMOD:737;TA=K;MT=Fixed	NT=TMT6plex;AC=UNIMOD:737;PP=Any N-term;MT=Fixed	0 Gy	7-week-old	mock-treated control
PXD015859 individual B3	Mus musculus	blood plasma	not available	3	not pooled	normal	organism part	24 hour	depletion	not available	C57BL/6N	male	Fusion_190503_33-TMT129N	proteomic profiling by mass spectrometry	1	Fusion_190503_33.raw	v1.1.0	NT=ms-proteomics;VV=v1.1.0	NT=vertebrates;VV=v1.1.0	manual curation	NT=Data-dependent acquisition;AC=PRIDE:0000627	NT=Orbitrap Fusion;AC=MS:1002416	NT=Trypsin;AC=MS:1001251	TMT129N	1	5 ppm	600 mmu	NT=Methylthio;AC=UNIMOD:39;TA=C;MT=Fixed	NT=Oxidation;AC=UNIMOD:35;TA=M;MT=Variable	NT=TMT6plex;AC=UNIMOD:737;TA=K;MT=Fixed	NT=TMT6plex;AC=UNIMOD:737;PP=Any N-term;MT=Fixed	0.5 Gy	7-week-old	irradiated
PXD015859 individual B3	Mus musculus	blood plasma	not available	3	not pooled	normal	organism part	24 hour	depletion	not available	C57BL/6N	male	Fusion_190503_34-TMT129N	proteomic profiling by mass spectrometry	1	Fusion_190503_34.raw	v1.1.0	NT=ms-proteomics;VV=v1.1.0	NT=vertebrates;VV=v1.1.0	manual curation	NT=Data-dependent acquisition;AC=PRIDE:0000627	NT=Orbitrap Fusion;AC=MS:1002416	NT=Trypsin;AC=MS:1001251	TMT129N	2	5 ppm	600 mmu	NT=Methylthio;AC=UNIMOD:39;TA=C;MT=Fixed	NT=Oxidation;AC=UNIMOD:35;TA=M;MT=Variable	NT=TMT6plex;AC=UNIMOD:737;TA=K;MT=Fixed	NT=TMT6plex;AC=UNIMOD:737;PP=Any N-term;MT=Fixed	0.5 Gy	7-week-old	irradiated
PXD015859 individual B3	Mus musculus	blood plasma	not available	3	not pooled	normal	organism part	24 hour	depletion	not available	C57BL/6N	male	Fusion_190503_35-TMT129N	proteomic profiling by mass spectrometry	1	Fusion_190503_35.raw	v1.1.0	NT=ms-proteomics;VV=v1.1.0	NT=vertebrates;VV=v1.1.0	manual curation	NT=Data-dependent acquisition;AC=PRIDE:0000627	NT=Orbitrap Fusion;AC=MS:1002416	NT=Trypsin;AC=MS:1001251	TMT129N	3	5 ppm	600 mmu	NT=Methylthio;AC=UNIMOD:39;TA=C;MT=Fixed	NT=Oxidation;AC=UNIMOD:35;TA=M;MT=Variable	NT=TMT6plex;AC=UNIMOD:737;TA=K;MT=Fixed	NT=TMT6plex;AC=UNIMOD:737;PP=Any N-term;MT=Fixed	0.5 Gy	7-week-old	irradiated
PXD015859 individual B3	Mus musculus	blood plasma	not available	3	not pooled	normal	organism part	24 hour	depletion	not available	C57BL/6N	male	Fusion_190503_36-TMT129N	proteomic profiling by mass spectrometry	1	Fusion_190503_36.raw	v1.1.0	NT=ms-proteomics;VV=v1.1.0	NT=vertebrates;VV=v1.1.0	manual curation	NT=Data-dependent acquisition;AC=PRIDE:0000627	NT=Orbitrap Fusion;AC=MS:1002416	NT=Trypsin;AC=MS:1001251	TMT129N	4	5 ppm	600 mmu	NT=Methylthio;AC=UNIMOD:39;TA=C;MT=Fixed	NT=Oxidation;AC=UNIMOD:35;TA=M;MT=Variable	NT=TMT6plex;AC=UNIMOD:737;TA=K;MT=Fixed	NT=TMT6plex;AC=UNIMOD:737;PP=Any N-term;MT=Fixed	0.5 Gy	7-week-old	irradiated
PXD015859 individual B3	Mus musculus	blood plasma	not available	3	not pooled	normal	organism part	24 hour	depletion	not available	C57BL/6N	male	Fusion_190503_37-TMT129N	proteomic profiling by mass spectrometry	1	Fusion_190503_37.raw	v1.1.0	NT=ms-proteomics;VV=v1.1.0	NT=vertebrates;VV=v1.1.0	manual curation	NT=Data-dependent acquisition;AC=PRIDE:0000627	NT=Orbitrap Fusion;AC=MS:1002416	NT=Trypsin;AC=MS:1001251	TMT129N	5	5 ppm	600 mmu	NT=Methylthio;AC=UNIMOD:39;TA=C;MT=Fixed	NT=Oxidation;AC=UNIMOD:35;TA=M;MT=Variable	NT=TMT6plex;AC=UNIMOD:737;TA=K;MT=Fixed	NT=TMT6plex;AC=UNIMOD:737;PP=Any N-term;MT=Fixed	0.5 Gy	7-week-old	irradiated
PXD015859 individual B3	Mus musculus	blood plasma	not available	3	not pooled	normal	organism part	24 hour	depletion	not available	C57BL/6N	male	Fusion_190503_38-TMT129N	proteomic profiling by mass spectrometry	1	Fusion_190503_38.raw	v1.1.0	NT=ms-proteomics;VV=v1.1.0	NT=vertebrates;VV=v1.1.0	manual curation	NT=Data-dependent acquisition;AC=PRIDE:0000627	NT=Orbitrap Fusion;AC=MS:1002416	NT=Trypsin;AC=MS:1001251	TMT129N	6	5 ppm	600 mmu	NT=Methylthio;AC=UNIMOD:39;TA=C;MT=Fixed	NT=Oxidation;AC=UNIMOD:35;TA=M;MT=Variable	NT=TMT6plex;AC=UNIMOD:737;TA=K;MT=Fixed	NT=TMT6plex;AC=UNIMOD:737;PP=Any N-term;MT=Fixed	0.5 Gy	7-week-old	irradiated
PXD015859 individual B3	Mus musculus	blood plasma	not available	3	not pooled	normal	organism part	24 hour	depletion	not available	C57BL/6N	male	Fusion_190503_39-TMT129N	proteomic profiling by mass spectrometry	1	Fusion_190503_39.raw	v1.1.0	NT=ms-proteomics;VV=v1.1.0	NT=vertebrates;VV=v1.1.0	manual curation	NT=Data-dependent acquisition;AC=PRIDE:0000627	NT=Orbitrap Fusion;AC=MS:1002416	NT=Trypsin;AC=MS:1001251	TMT129N	7	5 ppm	600 mmu	NT=Methylthio;AC=UNIMOD:39;TA=C;MT=Fixed	NT=Oxidation;AC=UNIMOD:35;TA=M;MT=Variable	NT=TMT6plex;AC=UNIMOD:737;TA=K;MT=Fixed	NT=TMT6plex;AC=UNIMOD:737;PP=Any N-term;MT=Fixed	0.5 Gy	7-week-old	irradiated
PXD015859 individual B3	Mus musculus	blood plasma	not available	3	not pooled	normal	organism part	24 hour	depletion	not available	C57BL/6N	male	Fusion_190503_40-TMT129N	proteomic profiling by mass spectrometry	1	Fusion_190503_40.raw	v1.1.0	NT=ms-proteomics;VV=v1.1.0	NT=vertebrates;VV=v1.1.0	manual curation	NT=Data-dependent acquisition;AC=PRIDE:0000627	NT=Orbitrap Fusion;AC=MS:1002416	NT=Trypsin;AC=MS:1001251	TMT129N	8	5 ppm	600 mmu	NT=Methylthio;AC=UNIMOD:39;TA=C;MT=Fixed	NT=Oxidation;AC=UNIMOD:35;TA=M;MT=Variable	NT=TMT6plex;AC=UNIMOD:737;TA=K;MT=Fixed	NT=TMT6plex;AC=UNIMOD:737;PP=Any N-term;MT=Fixed	0.5 Gy	7-week-old	irradiated
PXD015859 individual B3	Mus musculus	blood plasma	not available	3	not pooled	normal	organism part	24 hour	depletion	not available	C57BL/6N	male	Fusion_190503_41-TMT129N	proteomic profiling by mass spectrometry	1	Fusion_190503_41.raw	v1.1.0	NT=ms-proteomics;VV=v1.1.0	NT=vertebrates;VV=v1.1.0	manual curation	NT=Data-dependent acquisition;AC=PRIDE:0000627	NT=Orbitrap Fusion;AC=MS:1002416	NT=Trypsin;AC=MS:1001251	TMT129N	9	5 ppm	600 mmu	NT=Methylthio;AC=UNIMOD:39;TA=C;MT=Fixed	NT=Oxidation;AC=UNIMOD:35;TA=M;MT=Variable	NT=TMT6plex;AC=UNIMOD:737;TA=K;MT=Fixed	NT=TMT6plex;AC=UNIMOD:737;PP=Any N-term;MT=Fixed	0.5 Gy	7-week-old	irradiated
PXD015859 individual B3	Mus musculus	blood plasma	not available	3	not pooled	normal	organism part	24 hour	depletion	not available	C57BL/6N	male	Fusion_190503_42-TMT129N	proteomic profiling by mass spectrometry	1	Fusion_190503_42.raw	v1.1.0	NT=ms-proteomics;VV=v1.1.0	NT=vertebrates;VV=v1.1.0	manual curation	NT=Data-dependent acquisition;AC=PRIDE:0000627	NT=Orbitrap Fusion;AC=MS:1002416	NT=Trypsin;AC=MS:1001251	TMT129N	10	5 ppm	600 mmu	NT=Methylthio;AC=UNIMOD:39;TA=C;MT=Fixed	NT=Oxidation;AC=UNIMOD:35;TA=M;MT=Variable	NT=TMT6plex;AC=UNIMOD:737;TA=K;MT=Fixed	NT=TMT6plex;AC=UNIMOD:737;PP=Any N-term;MT=Fixed	0.5 Gy	7-week-old	irradiated
PXD015859 individual B3	Mus musculus	blood plasma	not available	3	not pooled	normal	organism part	24 hour	depletion	not available	C57BL/6N	male	Fusion_190503_43-TMT129N	proteomic profiling by mass spectrometry	1	Fusion_190503_43.raw	v1.1.0	NT=ms-proteomics;VV=v1.1.0	NT=vertebrates;VV=v1.1.0	manual curation	NT=Data-dependent acquisition;AC=PRIDE:0000627	NT=Orbitrap Fusion;AC=MS:1002416	NT=Trypsin;AC=MS:1001251	TMT129N	11	5 ppm	600 mmu	NT=Methylthio;AC=UNIMOD:39;TA=C;MT=Fixed	NT=Oxidation;AC=UNIMOD:35;TA=M;MT=Variable	NT=TMT6plex;AC=UNIMOD:737;TA=K;MT=Fixed	NT=TMT6plex;AC=UNIMOD:737;PP=Any N-term;MT=Fixed	0.5 Gy	7-week-old	irradiated
PXD015859 individual B3	Mus musculus	blood plasma	not available	3	not pooled	normal	organism part	24 hour	depletion	not available	C57BL/6N	male	Fusion_190503_44-TMT129N	proteomic profiling by mass spectrometry	1	Fusion_190503_44.raw	v1.1.0	NT=ms-proteomics;VV=v1.1.0	NT=vertebrates;VV=v1.1.0	manual curation	NT=Data-dependent acquisition;AC=PRIDE:0000627	NT=Orbitrap Fusion;AC=MS:1002416	NT=Trypsin;AC=MS:1001251	TMT129N	12	5 ppm	600 mmu	NT=Methylthio;AC=UNIMOD:39;TA=C;MT=Fixed	NT=Oxidation;AC=UNIMOD:35;TA=M;MT=Variable	NT=TMT6plex;AC=UNIMOD:737;TA=K;MT=Fixed	NT=TMT6plex;AC=UNIMOD:737;PP=Any N-term;MT=Fixed	0.5 Gy	7-week-old	irradiated
PXD015859 individual B3	Mus musculus	blood plasma	not available	3	not pooled	normal	organism part	24 hour	depletion	not available	C57BL/6N	male	Fusion_190503_45-TMT129N	proteomic profiling by mass spectrometry	1	Fusion_190503_45.raw	v1.1.0	NT=ms-proteomics;VV=v1.1.0	NT=vertebrates;VV=v1.1.0	manual curation	NT=Data-dependent acquisition;AC=PRIDE:0000627	NT=Orbitrap Fusion;AC=MS:1002416	NT=Trypsin;AC=MS:1001251	TMT129N	13	5 ppm	600 mmu	NT=Methylthio;AC=UNIMOD:39;TA=C;MT=Fixed	NT=Oxidation;AC=UNIMOD:35;TA=M;MT=Variable	NT=TMT6plex;AC=UNIMOD:737;TA=K;MT=Fixed	NT=TMT6plex;AC=UNIMOD:737;PP=Any N-term;MT=Fixed	0.5 Gy	7-week-old	irradiated
PXD015859 individual B3	Mus musculus	blood plasma	not available	3	not pooled	normal	organism part	24 hour	depletion	not available	C57BL/6N	male	Fusion_190503_46-TMT129N	proteomic profiling by mass spectrometry	1	Fusion_190503_46.raw	v1.1.0	NT=ms-proteomics;VV=v1.1.0	NT=vertebrates;VV=v1.1.0	manual curation	NT=Data-dependent acquisition;AC=PRIDE:0000627	NT=Orbitrap Fusion;AC=MS:1002416	NT=Trypsin;AC=MS:1001251	TMT129N	14	5 ppm	600 mmu	NT=Methylthio;AC=UNIMOD:39;TA=C;MT=Fixed	NT=Oxidation;AC=UNIMOD:35;TA=M;MT=Variable	NT=TMT6plex;AC=UNIMOD:737;TA=K;MT=Fixed	NT=TMT6plex;AC=UNIMOD:737;PP=Any N-term;MT=Fixed	0.5 Gy	7-week-old	irradiated
PXD015859 individual B3	Mus musculus	blood plasma	not available	3	not pooled	normal	organism part	24 hour	depletion	not available	C57BL/6N	male	Fusion_190503_47-TMT129N	proteomic profiling by mass spectrometry	1	Fusion_190503_47.raw	v1.1.0	NT=ms-proteomics;VV=v1.1.0	NT=vertebrates;VV=v1.1.0	manual curation	NT=Data-dependent acquisition;AC=PRIDE:0000627	NT=Orbitrap Fusion;AC=MS:1002416	NT=Trypsin;AC=MS:1001251	TMT129N	15	5 ppm	600 mmu	NT=Methylthio;AC=UNIMOD:39;TA=C;MT=Fixed	NT=Oxidation;AC=UNIMOD:35;TA=M;MT=Variable	NT=TMT6plex;AC=UNIMOD:737;TA=K;MT=Fixed	NT=TMT6plex;AC=UNIMOD:737;PP=Any N-term;MT=Fixed	0.5 Gy	7-week-old	irradiated
PXD015859 individual B3	Mus musculus	blood plasma	not available	3	not pooled	normal	organism part	24 hour	depletion	not available	C57BL/6N	male	Fusion_190503_48-TMT129N	proteomic profiling by mass spectrometry	1	Fusion_190503_48.raw	v1.1.0	NT=ms-proteomics;VV=v1.1.0	NT=vertebrates;VV=v1.1.0	manual curation	NT=Data-dependent acquisition;AC=PRIDE:0000627	NT=Orbitrap Fusion;AC=MS:1002416	NT=Trypsin;AC=MS:1001251	TMT129N	16	5 ppm	600 mmu	NT=Methylthio;AC=UNIMOD:39;TA=C;MT=Fixed	NT=Oxidation;AC=UNIMOD:35;TA=M;MT=Variable	NT=TMT6plex;AC=UNIMOD:737;TA=K;MT=Fixed	NT=TMT6plex;AC=UNIMOD:737;PP=Any N-term;MT=Fixed	0.5 Gy	7-week-old	irradiated
PXD015859 individual B3	Mus musculus	blood plasma	not available	3	not pooled	normal	organism part	24 hour	depletion	not available	C57BL/6N	male	Fusion_190503_49-TMT129N	proteomic profiling by mass spectrometry	1	Fusion_190503_49.raw	v1.1.0	NT=ms-proteomics;VV=v1.1.0	NT=vertebrates;VV=v1.1.0	manual curation	NT=Data-dependent acquisition;AC=PRIDE:0000627	NT=Orbitrap Fusion;AC=MS:1002416	NT=Trypsin;AC=MS:1001251	TMT129N	17	5 ppm	600 mmu	NT=Methylthio;AC=UNIMOD:39;TA=C;MT=Fixed	NT=Oxidation;AC=UNIMOD:35;TA=M;MT=Variable	NT=TMT6plex;AC=UNIMOD:737;TA=K;MT=Fixed	NT=TMT6plex;AC=UNIMOD:737;PP=Any N-term;MT=Fixed	0.5 Gy	7-week-old	irradiated
PXD015859 individual B3	Mus musculus	blood plasma	not available	3	not pooled	normal	organism part	24 hour	depletion	not available	C57BL/6N	male	Fusion_190503_50-TMT129N	proteomic profiling by mass spectrometry	1	Fusion_190503_50.raw	v1.1.0	NT=ms-proteomics;VV=v1.1.0	NT=vertebrates;VV=v1.1.0	manual curation	NT=Data-dependent acquisition;AC=PRIDE:0000627	NT=Orbitrap Fusion;AC=MS:1002416	NT=Trypsin;AC=MS:1001251	TMT129N	18	5 ppm	600 mmu	NT=Methylthio;AC=UNIMOD:39;TA=C;MT=Fixed	NT=Oxidation;AC=UNIMOD:35;TA=M;MT=Variable	NT=TMT6plex;AC=UNIMOD:737;TA=K;MT=Fixed	NT=TMT6plex;AC=UNIMOD:737;PP=Any N-term;MT=Fixed	0.5 Gy	7-week-old	irradiated
PXD015859 individual B3	Mus musculus	blood plasma	not available	3	not pooled	normal	organism part	24 hour	depletion	not available	C57BL/6N	male	Fusion_190503_51-TMT129N	proteomic profiling by mass spectrometry	1	Fusion_190503_51.raw	v1.1.0	NT=ms-proteomics;VV=v1.1.0	NT=vertebrates;VV=v1.1.0	manual curation	NT=Data-dependent acquisition;AC=PRIDE:0000627	NT=Orbitrap Fusion;AC=MS:1002416	NT=Trypsin;AC=MS:1001251	TMT129N	19	5 ppm	600 mmu	NT=Methylthio;AC=UNIMOD:39;TA=C;MT=Fixed	NT=Oxidation;AC=UNIMOD:35;TA=M;MT=Variable	NT=TMT6plex;AC=UNIMOD:737;TA=K;MT=Fixed	NT=TMT6plex;AC=UNIMOD:737;PP=Any N-term;MT=Fixed	0.5 Gy	7-week-old	irradiated
PXD015859 individual B3	Mus musculus	blood plasma	not available	3	not pooled	normal	organism part	24 hour	depletion	not available	C57BL/6N	male	Fusion_190503_52-TMT129N	proteomic profiling by mass spectrometry	1	Fusion_190503_52.raw	v1.1.0	NT=ms-proteomics;VV=v1.1.0	NT=vertebrates;VV=v1.1.0	manual curation	NT=Data-dependent acquisition;AC=PRIDE:0000627	NT=Orbitrap Fusion;AC=MS:1002416	NT=Trypsin;AC=MS:1001251	TMT129N	20	5 ppm	600 mmu	NT=Methylthio;AC=UNIMOD:39;TA=C;MT=Fixed	NT=Oxidation;AC=UNIMOD:35;TA=M;MT=Variable	NT=TMT6plex;AC=UNIMOD:737;TA=K;MT=Fixed	NT=TMT6plex;AC=UNIMOD:737;PP=Any N-term;MT=Fixed	0.5 Gy	7-week-old	irradiated
PXD015859 individual BK3	Mus musculus	blood plasma	not available	3	not pooled	normal	organism part	24 hour	depletion	not available	C57BL/6N	male	Fusion_190503_33-TMT129C	proteomic profiling by mass spectrometry	1	Fusion_190503_33.raw	v1.1.0	NT=ms-proteomics;VV=v1.1.0	NT=vertebrates;VV=v1.1.0	manual curation	NT=Data-dependent acquisition;AC=PRIDE:0000627	NT=Orbitrap Fusion;AC=MS:1002416	NT=Trypsin;AC=MS:1001251	TMT129C	1	5 ppm	600 mmu	NT=Methylthio;AC=UNIMOD:39;TA=C;MT=Fixed	NT=Oxidation;AC=UNIMOD:35;TA=M;MT=Variable	NT=TMT6plex;AC=UNIMOD:737;TA=K;MT=Fixed	NT=TMT6plex;AC=UNIMOD:737;PP=Any N-term;MT=Fixed	0 Gy	7-week-old	mock-treated control
PXD015859 individual BK3	Mus musculus	blood plasma	not available	3	not pooled	normal	organism part	24 hour	depletion	not available	C57BL/6N	male	Fusion_190503_34-TMT129C	proteomic profiling by mass spectrometry	1	Fusion_190503_34.raw	v1.1.0	NT=ms-proteomics;VV=v1.1.0	NT=vertebrates;VV=v1.1.0	manual curation	NT=Data-dependent acquisition;AC=PRIDE:0000627	NT=Orbitrap Fusion;AC=MS:1002416	NT=Trypsin;AC=MS:1001251	TMT129C	2	5 ppm	600 mmu	NT=Methylthio;AC=UNIMOD:39;TA=C;MT=Fixed	NT=Oxidation;AC=UNIMOD:35;TA=M;MT=Variable	NT=TMT6plex;AC=UNIMOD:737;TA=K;MT=Fixed	NT=TMT6plex;AC=UNIMOD:737;PP=Any N-term;MT=Fixed	0 Gy	7-week-old	mock-treated control
PXD015859 individual BK3	Mus musculus	blood plasma	not available	3	not pooled	normal	organism part	24 hour	depletion	not available	C57BL/6N	male	Fusion_190503_35-TMT129C	proteomic profiling by mass spectrometry	1	Fusion_190503_35.raw	v1.1.0	NT=ms-proteomics;VV=v1.1.0	NT=vertebrates;VV=v1.1.0	manual curation	NT=Data-dependent acquisition;AC=PRIDE:0000627	NT=Orbitrap Fusion;AC=MS:1002416	NT=Trypsin;AC=MS:1001251	TMT129C	3	5 ppm	600 mmu	NT=Methylthio;AC=UNIMOD:39;TA=C;MT=Fixed	NT=Oxidation;AC=UNIMOD:35;TA=M;MT=Variable	NT=TMT6plex;AC=UNIMOD:737;TA=K;MT=Fixed	NT=TMT6plex;AC=UNIMOD:737;PP=Any N-term;MT=Fixed	0 Gy	7-week-old	mock-treated control
PXD015859 individual BK3	Mus musculus	blood plasma	not available	3	not pooled	normal	organism part	24 hour	depletion	not available	C57BL/6N	male	Fusion_190503_36-TMT129C	proteomic profiling by mass spectrometry	1	Fusion_190503_36.raw	v1.1.0	NT=ms-proteomics;VV=v1.1.0	NT=vertebrates;VV=v1.1.0	manual curation	NT=Data-dependent acquisition;AC=PRIDE:0000627	NT=Orbitrap Fusion;AC=MS:1002416	NT=Trypsin;AC=MS:1001251	TMT129C	4	5 ppm	600 mmu	NT=Methylthio;AC=UNIMOD:39;TA=C;MT=Fixed	NT=Oxidation;AC=UNIMOD:35;TA=M;MT=Variable	NT=TMT6plex;AC=UNIMOD:737;TA=K;MT=Fixed	NT=TMT6plex;AC=UNIMOD:737;PP=Any N-term;MT=Fixed	0 Gy	7-week-old	mock-treated control
PXD015859 individual BK3	Mus musculus	blood plasma	not available	3	not pooled	normal	organism part	24 hour	depletion	not available	C57BL/6N	male	Fusion_190503_37-TMT129C	proteomic profiling by mass spectrometry	1	Fusion_190503_37.raw	v1.1.0	NT=ms-proteomics;VV=v1.1.0	NT=vertebrates;VV=v1.1.0	manual curation	NT=Data-dependent acquisition;AC=PRIDE:0000627	NT=Orbitrap Fusion;AC=MS:1002416	NT=Trypsin;AC=MS:1001251	TMT129C	5	5 ppm	600 mmu	NT=Methylthio;AC=UNIMOD:39;TA=C;MT=Fixed	NT=Oxidation;AC=UNIMOD:35;TA=M;MT=Variable	NT=TMT6plex;AC=UNIMOD:737;TA=K;MT=Fixed	NT=TMT6plex;AC=UNIMOD:737;PP=Any N-term;MT=Fixed	0 Gy	7-week-old	mock-treated control
PXD015859 individual BK3	Mus musculus	blood plasma	not available	3	not pooled	normal	organism part	24 hour	depletion	not available	C57BL/6N	male	Fusion_190503_38-TMT129C	proteomic profiling by mass spectrometry	1	Fusion_190503_38.raw	v1.1.0	NT=ms-proteomics;VV=v1.1.0	NT=vertebrates;VV=v1.1.0	manual curation	NT=Data-dependent acquisition;AC=PRIDE:0000627	NT=Orbitrap Fusion;AC=MS:1002416	NT=Trypsin;AC=MS:1001251	TMT129C	6	5 ppm	600 mmu	NT=Methylthio;AC=UNIMOD:39;TA=C;MT=Fixed	NT=Oxidation;AC=UNIMOD:35;TA=M;MT=Variable	NT=TMT6plex;AC=UNIMOD:737;TA=K;MT=Fixed	NT=TMT6plex;AC=UNIMOD:737;PP=Any N-term;MT=Fixed	0 Gy	7-week-old	mock-treated control
PXD015859 individual BK3	Mus musculus	blood plasma	not available	3	not pooled	normal	organism part	24 hour	depletion	not available	C57BL/6N	male	Fusion_190503_39-TMT129C	proteomic profiling by mass spectrometry	1	Fusion_190503_39.raw	v1.1.0	NT=ms-proteomics;VV=v1.1.0	NT=vertebrates;VV=v1.1.0	manual curation	NT=Data-dependent acquisition;AC=PRIDE:0000627	NT=Orbitrap Fusion;AC=MS:1002416	NT=Trypsin;AC=MS:1001251	TMT129C	7	5 ppm	600 mmu	NT=Methylthio;AC=UNIMOD:39;TA=C;MT=Fixed	NT=Oxidation;AC=UNIMOD:35;TA=M;MT=Variable	NT=TMT6plex;AC=UNIMOD:737;TA=K;MT=Fixed	NT=TMT6plex;AC=UNIMOD:737;PP=Any N-term;MT=Fixed	0 Gy	7-week-old	mock-treated control
PXD015859 individual BK3	Mus musculus	blood plasma	not available	3	not pooled	normal	organism part	24 hour	depletion	not available	C57BL/6N	male	Fusion_190503_40-TMT129C	proteomic profiling by mass spectrometry	1	Fusion_190503_40.raw	v1.1.0	NT=ms-proteomics;VV=v1.1.0	NT=vertebrates;VV=v1.1.0	manual curation	NT=Data-dependent acquisition;AC=PRIDE:0000627	NT=Orbitrap Fusion;AC=MS:1002416	NT=Trypsin;AC=MS:1001251	TMT129C	8	5 ppm	600 mmu	NT=Methylthio;AC=UNIMOD:39;TA=C;MT=Fixed	NT=Oxidation;AC=UNIMOD:35;TA=M;MT=Variable	NT=TMT6plex;AC=UNIMOD:737;TA=K;MT=Fixed	NT=TMT6plex;AC=UNIMOD:737;PP=Any N-term;MT=Fixed	0 Gy	7-week-old	mock-treated control
PXD015859 individual BK3	Mus musculus	blood plasma	not available	3	not pooled	normal	organism part	24 hour	depletion	not available	C57BL/6N	male	Fusion_190503_41-TMT129C	proteomic profiling by mass spectrometry	1	Fusion_190503_41.raw	v1.1.0	NT=ms-proteomics;VV=v1.1.0	NT=vertebrates;VV=v1.1.0	manual curation	NT=Data-dependent acquisition;AC=PRIDE:0000627	NT=Orbitrap Fusion;AC=MS:1002416	NT=Trypsin;AC=MS:1001251	TMT129C	9	5 ppm	600 mmu	NT=Methylthio;AC=UNIMOD:39;TA=C;MT=Fixed	NT=Oxidation;AC=UNIMOD:35;TA=M;MT=Variable	NT=TMT6plex;AC=UNIMOD:737;TA=K;MT=Fixed	NT=TMT6plex;AC=UNIMOD:737;PP=Any N-term;MT=Fixed	0 Gy	7-week-old	mock-treated control
PXD015859 individual BK3	Mus musculus	blood plasma	not available	3	not pooled	normal	organism part	24 hour	depletion	not available	C57BL/6N	male	Fusion_190503_42-TMT129C	proteomic profiling by mass spectrometry	1	Fusion_190503_42.raw	v1.1.0	NT=ms-proteomics;VV=v1.1.0	NT=vertebrates;VV=v1.1.0	manual curation	NT=Data-dependent acquisition;AC=PRIDE:0000627	NT=Orbitrap Fusion;AC=MS:1002416	NT=Trypsin;AC=MS:1001251	TMT129C	10	5 ppm	600 mmu	NT=Methylthio;AC=UNIMOD:39;TA=C;MT=Fixed	NT=Oxidation;AC=UNIMOD:35;TA=M;MT=Variable	NT=TMT6plex;AC=UNIMOD:737;TA=K;MT=Fixed	NT=TMT6plex;AC=UNIMOD:737;PP=Any N-term;MT=Fixed	0 Gy	7-week-old	mock-treated control
PXD015859 individual BK3	Mus musculus	blood plasma	not available	3	not pooled	normal	organism part	24 hour	depletion	not available	C57BL/6N	male	Fusion_190503_43-TMT129C	proteomic profiling by mass spectrometry	1	Fusion_190503_43.raw	v1.1.0	NT=ms-proteomics;VV=v1.1.0	NT=vertebrates;VV=v1.1.0	manual curation	NT=Data-dependent acquisition;AC=PRIDE:0000627	NT=Orbitrap Fusion;AC=MS:1002416	NT=Trypsin;AC=MS:1001251	TMT129C	11	5 ppm	600 mmu	NT=Methylthio;AC=UNIMOD:39;TA=C;MT=Fixed	NT=Oxidation;AC=UNIMOD:35;TA=M;MT=Variable	NT=TMT6plex;AC=UNIMOD:737;TA=K;MT=Fixed	NT=TMT6plex;AC=UNIMOD:737;PP=Any N-term;MT=Fixed	0 Gy	7-week-old	mock-treated control
PXD015859 individual BK3	Mus musculus	blood plasma	not available	3	not pooled	normal	organism part	24 hour	depletion	not available	C57BL/6N	male	Fusion_190503_44-TMT129C	proteomic profiling by mass spectrometry	1	Fusion_190503_44.raw	v1.1.0	NT=ms-proteomics;VV=v1.1.0	NT=vertebrates;VV=v1.1.0	manual curation	NT=Data-dependent acquisition;AC=PRIDE:0000627	NT=Orbitrap Fusion;AC=MS:1002416	NT=Trypsin;AC=MS:1001251	TMT129C	12	5 ppm	600 mmu	NT=Methylthio;AC=UNIMOD:39;TA=C;MT=Fixed	NT=Oxidation;AC=UNIMOD:35;TA=M;MT=Variable	NT=TMT6plex;AC=UNIMOD:737;TA=K;MT=Fixed	NT=TMT6plex;AC=UNIMOD:737;PP=Any N-term;MT=Fixed	0 Gy	7-week-old	mock-treated control
PXD015859 individual BK3	Mus musculus	blood plasma	not available	3	not pooled	normal	organism part	24 hour	depletion	not available	C57BL/6N	male	Fusion_190503_45-TMT129C	proteomic profiling by mass spectrometry	1	Fusion_190503_45.raw	v1.1.0	NT=ms-proteomics;VV=v1.1.0	NT=vertebrates;VV=v1.1.0	manual curation	NT=Data-dependent acquisition;AC=PRIDE:0000627	NT=Orbitrap Fusion;AC=MS:1002416	NT=Trypsin;AC=MS:1001251	TMT129C	13	5 ppm	600 mmu	NT=Methylthio;AC=UNIMOD:39;TA=C;MT=Fixed	NT=Oxidation;AC=UNIMOD:35;TA=M;MT=Variable	NT=TMT6plex;AC=UNIMOD:737;TA=K;MT=Fixed	NT=TMT6plex;AC=UNIMOD:737;PP=Any N-term;MT=Fixed	0 Gy	7-week-old	mock-treated control
PXD015859 individual BK3	Mus musculus	blood plasma	not available	3	not pooled	normal	organism part	24 hour	depletion	not available	C57BL/6N	male	Fusion_190503_46-TMT129C	proteomic profiling by mass spectrometry	1	Fusion_190503_46.raw	v1.1.0	NT=ms-proteomics;VV=v1.1.0	NT=vertebrates;VV=v1.1.0	manual curation	NT=Data-dependent acquisition;AC=PRIDE:0000627	NT=Orbitrap Fusion;AC=MS:1002416	NT=Trypsin;AC=MS:1001251	TMT129C	14	5 ppm	600 mmu	NT=Methylthio;AC=UNIMOD:39;TA=C;MT=Fixed	NT=Oxidation;AC=UNIMOD:35;TA=M;MT=Variable	NT=TMT6plex;AC=UNIMOD:737;TA=K;MT=Fixed	NT=TMT6plex;AC=UNIMOD:737;PP=Any N-term;MT=Fixed	0 Gy	7-week-old	mock-treated control
PXD015859 individual BK3	Mus musculus	blood plasma	not available	3	not pooled	normal	organism part	24 hour	depletion	not available	C57BL/6N	male	Fusion_190503_47-TMT129C	proteomic profiling by mass spectrometry	1	Fusion_190503_47.raw	v1.1.0	NT=ms-proteomics;VV=v1.1.0	NT=vertebrates;VV=v1.1.0	manual curation	NT=Data-dependent acquisition;AC=PRIDE:0000627	NT=Orbitrap Fusion;AC=MS:1002416	NT=Trypsin;AC=MS:1001251	TMT129C	15	5 ppm	600 mmu	NT=Methylthio;AC=UNIMOD:39;TA=C;MT=Fixed	NT=Oxidation;AC=UNIMOD:35;TA=M;MT=Variable	NT=TMT6plex;AC=UNIMOD:737;TA=K;MT=Fixed	NT=TMT6plex;AC=UNIMOD:737;PP=Any N-term;MT=Fixed	0 Gy	7-week-old	mock-treated control
PXD015859 individual BK3	Mus musculus	blood plasma	not available	3	not pooled	normal	organism part	24 hour	depletion	not available	C57BL/6N	male	Fusion_190503_48-TMT129C	proteomic profiling by mass spectrometry	1	Fusion_190503_48.raw	v1.1.0	NT=ms-proteomics;VV=v1.1.0	NT=vertebrates;VV=v1.1.0	manual curation	NT=Data-dependent acquisition;AC=PRIDE:0000627	NT=Orbitrap Fusion;AC=MS:1002416	NT=Trypsin;AC=MS:1001251	TMT129C	16	5 ppm	600 mmu	NT=Methylthio;AC=UNIMOD:39;TA=C;MT=Fixed	NT=Oxidation;AC=UNIMOD:35;TA=M;MT=Variable	NT=TMT6plex;AC=UNIMOD:737;TA=K;MT=Fixed	NT=TMT6plex;AC=UNIMOD:737;PP=Any N-term;MT=Fixed	0 Gy	7-week-old	mock-treated control
PXD015859 individual BK3	Mus musculus	blood plasma	not available	3	not pooled	normal	organism part	24 hour	depletion	not available	C57BL/6N	male	Fusion_190503_49-TMT129C	proteomic profiling by mass spectrometry	1	Fusion_190503_49.raw	v1.1.0	NT=ms-proteomics;VV=v1.1.0	NT=vertebrates;VV=v1.1.0	manual curation	NT=Data-dependent acquisition;AC=PRIDE:0000627	NT=Orbitrap Fusion;AC=MS:1002416	NT=Trypsin;AC=MS:1001251	TMT129C	17	5 ppm	600 mmu	NT=Methylthio;AC=UNIMOD:39;TA=C;MT=Fixed	NT=Oxidation;AC=UNIMOD:35;TA=M;MT=Variable	NT=TMT6plex;AC=UNIMOD:737;TA=K;MT=Fixed	NT=TMT6plex;AC=UNIMOD:737;PP=Any N-term;MT=Fixed	0 Gy	7-week-old	mock-treated control
PXD015859 individual BK3	Mus musculus	blood plasma	not available	3	not pooled	normal	organism part	24 hour	depletion	not available	C57BL/6N	male	Fusion_190503_50-TMT129C	proteomic profiling by mass spectrometry	1	Fusion_190503_50.raw	v1.1.0	NT=ms-proteomics;VV=v1.1.0	NT=vertebrates;VV=v1.1.0	manual curation	NT=Data-dependent acquisition;AC=PRIDE:0000627	NT=Orbitrap Fusion;AC=MS:1002416	NT=Trypsin;AC=MS:1001251	TMT129C	18	5 ppm	600 mmu	NT=Methylthio;AC=UNIMOD:39;TA=C;MT=Fixed	NT=Oxidation;AC=UNIMOD:35;TA=M;MT=Variable	NT=TMT6plex;AC=UNIMOD:737;TA=K;MT=Fixed	NT=TMT6plex;AC=UNIMOD:737;PP=Any N-term;MT=Fixed	0 Gy	7-week-old	mock-treated control
PXD015859 individual BK3	Mus musculus	blood plasma	not available	3	not pooled	normal	organism part	24 hour	depletion	not available	C57BL/6N	male	Fusion_190503_51-TMT129C	proteomic profiling by mass spectrometry	1	Fusion_190503_51.raw	v1.1.0	NT=ms-proteomics;VV=v1.1.0	NT=vertebrates;VV=v1.1.0	manual curation	NT=Data-dependent acquisition;AC=PRIDE:0000627	NT=Orbitrap Fusion;AC=MS:1002416	NT=Trypsin;AC=MS:1001251	TMT129C	19	5 ppm	600 mmu	NT=Methylthio;AC=UNIMOD:39;TA=C;MT=Fixed	NT=Oxidation;AC=UNIMOD:35;TA=M;MT=Variable	NT=TMT6plex;AC=UNIMOD:737;TA=K;MT=Fixed	NT=TMT6plex;AC=UNIMOD:737;PP=Any N-term;MT=Fixed	0 Gy	7-week-old	mock-treated control
PXD015859 individual BK3	Mus musculus	blood plasma	not available	3	not pooled	normal	organism part	24 hour	depletion	not available	C57BL/6N	male	Fusion_190503_52-TMT129C	proteomic profiling by mass spectrometry	1	Fusion_190503_52.raw	v1.1.0	NT=ms-proteomics;VV=v1.1.0	NT=vertebrates;VV=v1.1.0	manual curation	NT=Data-dependent acquisition;AC=PRIDE:0000627	NT=Orbitrap Fusion;AC=MS:1002416	NT=Trypsin;AC=MS:1001251	TMT129C	20	5 ppm	600 mmu	NT=Methylthio;AC=UNIMOD:39;TA=C;MT=Fixed	NT=Oxidation;AC=UNIMOD:35;TA=M;MT=Variable	NT=TMT6plex;AC=UNIMOD:737;TA=K;MT=Fixed	NT=TMT6plex;AC=UNIMOD:737;PP=Any N-term;MT=Fixed	0 Gy	7-week-old	mock-treated control
PXD015859 individual A4	Mus musculus	blood plasma	not available	4	not pooled	normal	organism part	24 hour	depletion	not available	C57BL/6N	female	Fusion_190503_33-TMT130N	proteomic profiling by mass spectrometry	1	Fusion_190503_33.raw	v1.1.0	NT=ms-proteomics;VV=v1.1.0	NT=vertebrates;VV=v1.1.0	manual curation	NT=Data-dependent acquisition;AC=PRIDE:0000627	NT=Orbitrap Fusion;AC=MS:1002416	NT=Trypsin;AC=MS:1001251	TMT130N	1	5 ppm	600 mmu	NT=Methylthio;AC=UNIMOD:39;TA=C;MT=Fixed	NT=Oxidation;AC=UNIMOD:35;TA=M;MT=Variable	NT=TMT6plex;AC=UNIMOD:737;TA=K;MT=Fixed	NT=TMT6plex;AC=UNIMOD:737;PP=Any N-term;MT=Fixed	0.5 Gy	7-week-old	irradiated
PXD015859 individual A4	Mus musculus	blood plasma	not available	4	not pooled	normal	organism part	24 hour	depletion	not available	C57BL/6N	female	Fusion_190503_34-TMT130N	proteomic profiling by mass spectrometry	1	Fusion_190503_34.raw	v1.1.0	NT=ms-proteomics;VV=v1.1.0	NT=vertebrates;VV=v1.1.0	manual curation	NT=Data-dependent acquisition;AC=PRIDE:0000627	NT=Orbitrap Fusion;AC=MS:1002416	NT=Trypsin;AC=MS:1001251	TMT130N	2	5 ppm	600 mmu	NT=Methylthio;AC=UNIMOD:39;TA=C;MT=Fixed	NT=Oxidation;AC=UNIMOD:35;TA=M;MT=Variable	NT=TMT6plex;AC=UNIMOD:737;TA=K;MT=Fixed	NT=TMT6plex;AC=UNIMOD:737;PP=Any N-term;MT=Fixed	0.5 Gy	7-week-old	irradiated
PXD015859 individual A4	Mus musculus	blood plasma	not available	4	not pooled	normal	organism part	24 hour	depletion	not available	C57BL/6N	female	Fusion_190503_35-TMT130N	proteomic profiling by mass spectrometry	1	Fusion_190503_35.raw	v1.1.0	NT=ms-proteomics;VV=v1.1.0	NT=vertebrates;VV=v1.1.0	manual curation	NT=Data-dependent acquisition;AC=PRIDE:0000627	NT=Orbitrap Fusion;AC=MS:1002416	NT=Trypsin;AC=MS:1001251	TMT130N	3	5 ppm	600 mmu	NT=Methylthio;AC=UNIMOD:39;TA=C;MT=Fixed	NT=Oxidation;AC=UNIMOD:35;TA=M;MT=Variable	NT=TMT6plex;AC=UNIMOD:737;TA=K;MT=Fixed	NT=TMT6plex;AC=UNIMOD:737;PP=Any N-term;MT=Fixed	0.5 Gy	7-week-old	irradiated
PXD015859 individual A4	Mus musculus	blood plasma	not available	4	not pooled	normal	organism part	24 hour	depletion	not available	C57BL/6N	female	Fusion_190503_36-TMT130N	proteomic profiling by mass spectrometry	1	Fusion_190503_36.raw	v1.1.0	NT=ms-proteomics;VV=v1.1.0	NT=vertebrates;VV=v1.1.0	manual curation	NT=Data-dependent acquisition;AC=PRIDE:0000627	NT=Orbitrap Fusion;AC=MS:1002416	NT=Trypsin;AC=MS:1001251	TMT130N	4	5 ppm	600 mmu	NT=Methylthio;AC=UNIMOD:39;TA=C;MT=Fixed	NT=Oxidation;AC=UNIMOD:35;TA=M;MT=Variable	NT=TMT6plex;AC=UNIMOD:737;TA=K;MT=Fixed	NT=TMT6plex;AC=UNIMOD:737;PP=Any N-term;MT=Fixed	0.5 Gy	7-week-old	irradiated
PXD015859 individual A4	Mus musculus	blood plasma	not available	4	not pooled	normal	organism part	24 hour	depletion	not available	C57BL/6N	female	Fusion_190503_37-TMT130N	proteomic profiling by mass spectrometry	1	Fusion_190503_37.raw	v1.1.0	NT=ms-proteomics;VV=v1.1.0	NT=vertebrates;VV=v1.1.0	manual curation	NT=Data-dependent acquisition;AC=PRIDE:0000627	NT=Orbitrap Fusion;AC=MS:1002416	NT=Trypsin;AC=MS:1001251	TMT130N	5	5 ppm	600 mmu	NT=Methylthio;AC=UNIMOD:39;TA=C;MT=Fixed	NT=Oxidation;AC=UNIMOD:35;TA=M;MT=Variable	NT=TMT6plex;AC=UNIMOD:737;TA=K;MT=Fixed	NT=TMT6plex;AC=UNIMOD:737;PP=Any N-term;MT=Fixed	0.5 Gy	7-week-old	irradiated
PXD015859 individual A4	Mus musculus	blood plasma	not available	4	not pooled	normal	organism part	24 hour	depletion	not available	C57BL/6N	female	Fusion_190503_38-TMT130N	proteomic profiling by mass spectrometry	1	Fusion_190503_38.raw	v1.1.0	NT=ms-proteomics;VV=v1.1.0	NT=vertebrates;VV=v1.1.0	manual curation	NT=Data-dependent acquisition;AC=PRIDE:0000627	NT=Orbitrap Fusion;AC=MS:1002416	NT=Trypsin;AC=MS:1001251	TMT130N	6	5 ppm	600 mmu	NT=Methylthio;AC=UNIMOD:39;TA=C;MT=Fixed	NT=Oxidation;AC=UNIMOD:35;TA=M;MT=Variable	NT=TMT6plex;AC=UNIMOD:737;TA=K;MT=Fixed	NT=TMT6plex;AC=UNIMOD:737;PP=Any N-term;MT=Fixed	0.5 Gy	7-week-old	irradiated
PXD015859 individual A4	Mus musculus	blood plasma	not available	4	not pooled	normal	organism part	24 hour	depletion	not available	C57BL/6N	female	Fusion_190503_39-TMT130N	proteomic profiling by mass spectrometry	1	Fusion_190503_39.raw	v1.1.0	NT=ms-proteomics;VV=v1.1.0	NT=vertebrates;VV=v1.1.0	manual curation	NT=Data-dependent acquisition;AC=PRIDE:0000627	NT=Orbitrap Fusion;AC=MS:1002416	NT=Trypsin;AC=MS:1001251	TMT130N	7	5 ppm	600 mmu	NT=Methylthio;AC=UNIMOD:39;TA=C;MT=Fixed	NT=Oxidation;AC=UNIMOD:35;TA=M;MT=Variable	NT=TMT6plex;AC=UNIMOD:737;TA=K;MT=Fixed	NT=TMT6plex;AC=UNIMOD:737;PP=Any N-term;MT=Fixed	0.5 Gy	7-week-old	irradiated
PXD015859 individual A4	Mus musculus	blood plasma	not available	4	not pooled	normal	organism part	24 hour	depletion	not available	C57BL/6N	female	Fusion_190503_40-TMT130N	proteomic profiling by mass spectrometry	1	Fusion_190503_40.raw	v1.1.0	NT=ms-proteomics;VV=v1.1.0	NT=vertebrates;VV=v1.1.0	manual curation	NT=Data-dependent acquisition;AC=PRIDE:0000627	NT=Orbitrap Fusion;AC=MS:1002416	NT=Trypsin;AC=MS:1001251	TMT130N	8	5 ppm	600 mmu	NT=Methylthio;AC=UNIMOD:39;TA=C;MT=Fixed	NT=Oxidation;AC=UNIMOD:35;TA=M;MT=Variable	NT=TMT6plex;AC=UNIMOD:737;TA=K;MT=Fixed	NT=TMT6plex;AC=UNIMOD:737;PP=Any N-term;MT=Fixed	0.5 Gy	7-week-old	irradiated
PXD015859 individual A4	Mus musculus	blood plasma	not available	4	not pooled	normal	organism part	24 hour	depletion	not available	C57BL/6N	female	Fusion_190503_41-TMT130N	proteomic profiling by mass spectrometry	1	Fusion_190503_41.raw	v1.1.0	NT=ms-proteomics;VV=v1.1.0	NT=vertebrates;VV=v1.1.0	manual curation	NT=Data-dependent acquisition;AC=PRIDE:0000627	NT=Orbitrap Fusion;AC=MS:1002416	NT=Trypsin;AC=MS:1001251	TMT130N	9	5 ppm	600 mmu	NT=Methylthio;AC=UNIMOD:39;TA=C;MT=Fixed	NT=Oxidation;AC=UNIMOD:35;TA=M;MT=Variable	NT=TMT6plex;AC=UNIMOD:737;TA=K;MT=Fixed	NT=TMT6plex;AC=UNIMOD:737;PP=Any N-term;MT=Fixed	0.5 Gy	7-week-old	irradiated
PXD015859 individual A4	Mus musculus	blood plasma	not available	4	not pooled	normal	organism part	24 hour	depletion	not available	C57BL/6N	female	Fusion_190503_42-TMT130N	proteomic profiling by mass spectrometry	1	Fusion_190503_42.raw	v1.1.0	NT=ms-proteomics;VV=v1.1.0	NT=vertebrates;VV=v1.1.0	manual curation	NT=Data-dependent acquisition;AC=PRIDE:0000627	NT=Orbitrap Fusion;AC=MS:1002416	NT=Trypsin;AC=MS:1001251	TMT130N	10	5 ppm	600 mmu	NT=Methylthio;AC=UNIMOD:39;TA=C;MT=Fixed	NT=Oxidation;AC=UNIMOD:35;TA=M;MT=Variable	NT=TMT6plex;AC=UNIMOD:737;TA=K;MT=Fixed	NT=TMT6plex;AC=UNIMOD:737;PP=Any N-term;MT=Fixed	0.5 Gy	7-week-old	irradiated
PXD015859 individual A4	Mus musculus	blood plasma	not available	4	not pooled	normal	organism part	24 hour	depletion	not available	C57BL/6N	female	Fusion_190503_43-TMT130N	proteomic profiling by mass spectrometry	1	Fusion_190503_43.raw	v1.1.0	NT=ms-proteomics;VV=v1.1.0	NT=vertebrates;VV=v1.1.0	manual curation	NT=Data-dependent acquisition;AC=PRIDE:0000627	NT=Orbitrap Fusion;AC=MS:1002416	NT=Trypsin;AC=MS:1001251	TMT130N	11	5 ppm	600 mmu	NT=Methylthio;AC=UNIMOD:39;TA=C;MT=Fixed	NT=Oxidation;AC=UNIMOD:35;TA=M;MT=Variable	NT=TMT6plex;AC=UNIMOD:737;TA=K;MT=Fixed	NT=TMT6plex;AC=UNIMOD:737;PP=Any N-term;MT=Fixed	0.5 Gy	7-week-old	irradiated
PXD015859 individual A4	Mus musculus	blood plasma	not available	4	not pooled	normal	organism part	24 hour	depletion	not available	C57BL/6N	female	Fusion_190503_44-TMT130N	proteomic profiling by mass spectrometry	1	Fusion_190503_44.raw	v1.1.0	NT=ms-proteomics;VV=v1.1.0	NT=vertebrates;VV=v1.1.0	manual curation	NT=Data-dependent acquisition;AC=PRIDE:0000627	NT=Orbitrap Fusion;AC=MS:1002416	NT=Trypsin;AC=MS:1001251	TMT130N	12	5 ppm	600 mmu	NT=Methylthio;AC=UNIMOD:39;TA=C;MT=Fixed	NT=Oxidation;AC=UNIMOD:35;TA=M;MT=Variable	NT=TMT6plex;AC=UNIMOD:737;TA=K;MT=Fixed	NT=TMT6plex;AC=UNIMOD:737;PP=Any N-term;MT=Fixed	0.5 Gy	7-week-old	irradiated
PXD015859 individual A4	Mus musculus	blood plasma	not available	4	not pooled	normal	organism part	24 hour	depletion	not available	C57BL/6N	female	Fusion_190503_45-TMT130N	proteomic profiling by mass spectrometry	1	Fusion_190503_45.raw	v1.1.0	NT=ms-proteomics;VV=v1.1.0	NT=vertebrates;VV=v1.1.0	manual curation	NT=Data-dependent acquisition;AC=PRIDE:0000627	NT=Orbitrap Fusion;AC=MS:1002416	NT=Trypsin;AC=MS:1001251	TMT130N	13	5 ppm	600 mmu	NT=Methylthio;AC=UNIMOD:39;TA=C;MT=Fixed	NT=Oxidation;AC=UNIMOD:35;TA=M;MT=Variable	NT=TMT6plex;AC=UNIMOD:737;TA=K;MT=Fixed	NT=TMT6plex;AC=UNIMOD:737;PP=Any N-term;MT=Fixed	0.5 Gy	7-week-old	irradiated
PXD015859 individual A4	Mus musculus	blood plasma	not available	4	not pooled	normal	organism part	24 hour	depletion	not available	C57BL/6N	female	Fusion_190503_46-TMT130N	proteomic profiling by mass spectrometry	1	Fusion_190503_46.raw	v1.1.0	NT=ms-proteomics;VV=v1.1.0	NT=vertebrates;VV=v1.1.0	manual curation	NT=Data-dependent acquisition;AC=PRIDE:0000627	NT=Orbitrap Fusion;AC=MS:1002416	NT=Trypsin;AC=MS:1001251	TMT130N	14	5 ppm	600 mmu	NT=Methylthio;AC=UNIMOD:39;TA=C;MT=Fixed	NT=Oxidation;AC=UNIMOD:35;TA=M;MT=Variable	NT=TMT6plex;AC=UNIMOD:737;TA=K;MT=Fixed	NT=TMT6plex;AC=UNIMOD:737;PP=Any N-term;MT=Fixed	0.5 Gy	7-week-old	irradiated
PXD015859 individual A4	Mus musculus	blood plasma	not available	4	not pooled	normal	organism part	24 hour	depletion	not available	C57BL/6N	female	Fusion_190503_47-TMT130N	proteomic profiling by mass spectrometry	1	Fusion_190503_47.raw	v1.1.0	NT=ms-proteomics;VV=v1.1.0	NT=vertebrates;VV=v1.1.0	manual curation	NT=Data-dependent acquisition;AC=PRIDE:0000627	NT=Orbitrap Fusion;AC=MS:1002416	NT=Trypsin;AC=MS:1001251	TMT130N	15	5 ppm	600 mmu	NT=Methylthio;AC=UNIMOD:39;TA=C;MT=Fixed	NT=Oxidation;AC=UNIMOD:35;TA=M;MT=Variable	NT=TMT6plex;AC=UNIMOD:737;TA=K;MT=Fixed	NT=TMT6plex;AC=UNIMOD:737;PP=Any N-term;MT=Fixed	0.5 Gy	7-week-old	irradiated
PXD015859 individual A4	Mus musculus	blood plasma	not available	4	not pooled	normal	organism part	24 hour	depletion	not available	C57BL/6N	female	Fusion_190503_48-TMT130N	proteomic profiling by mass spectrometry	1	Fusion_190503_48.raw	v1.1.0	NT=ms-proteomics;VV=v1.1.0	NT=vertebrates;VV=v1.1.0	manual curation	NT=Data-dependent acquisition;AC=PRIDE:0000627	NT=Orbitrap Fusion;AC=MS:1002416	NT=Trypsin;AC=MS:1001251	TMT130N	16	5 ppm	600 mmu	NT=Methylthio;AC=UNIMOD:39;TA=C;MT=Fixed	NT=Oxidation;AC=UNIMOD:35;TA=M;MT=Variable	NT=TMT6plex;AC=UNIMOD:737;TA=K;MT=Fixed	NT=TMT6plex;AC=UNIMOD:737;PP=Any N-term;MT=Fixed	0.5 Gy	7-week-old	irradiated
PXD015859 individual A4	Mus musculus	blood plasma	not available	4	not pooled	normal	organism part	24 hour	depletion	not available	C57BL/6N	female	Fusion_190503_49-TMT130N	proteomic profiling by mass spectrometry	1	Fusion_190503_49.raw	v1.1.0	NT=ms-proteomics;VV=v1.1.0	NT=vertebrates;VV=v1.1.0	manual curation	NT=Data-dependent acquisition;AC=PRIDE:0000627	NT=Orbitrap Fusion;AC=MS:1002416	NT=Trypsin;AC=MS:1001251	TMT130N	17	5 ppm	600 mmu	NT=Methylthio;AC=UNIMOD:39;TA=C;MT=Fixed	NT=Oxidation;AC=UNIMOD:35;TA=M;MT=Variable	NT=TMT6plex;AC=UNIMOD:737;TA=K;MT=Fixed	NT=TMT6plex;AC=UNIMOD:737;PP=Any N-term;MT=Fixed	0.5 Gy	7-week-old	irradiated
PXD015859 individual A4	Mus musculus	blood plasma	not available	4	not pooled	normal	organism part	24 hour	depletion	not available	C57BL/6N	female	Fusion_190503_50-TMT130N	proteomic profiling by mass spectrometry	1	Fusion_190503_50.raw	v1.1.0	NT=ms-proteomics;VV=v1.1.0	NT=vertebrates;VV=v1.1.0	manual curation	NT=Data-dependent acquisition;AC=PRIDE:0000627	NT=Orbitrap Fusion;AC=MS:1002416	NT=Trypsin;AC=MS:1001251	TMT130N	18	5 ppm	600 mmu	NT=Methylthio;AC=UNIMOD:39;TA=C;MT=Fixed	NT=Oxidation;AC=UNIMOD:35;TA=M;MT=Variable	NT=TMT6plex;AC=UNIMOD:737;TA=K;MT=Fixed	NT=TMT6plex;AC=UNIMOD:737;PP=Any N-term;MT=Fixed	0.5 Gy	7-week-old	irradiated
PXD015859 individual A4	Mus musculus	blood plasma	not available	4	not pooled	normal	organism part	24 hour	depletion	not available	C57BL/6N	female	Fusion_190503_51-TMT130N	proteomic profiling by mass spectrometry	1	Fusion_190503_51.raw	v1.1.0	NT=ms-proteomics;VV=v1.1.0	NT=vertebrates;VV=v1.1.0	manual curation	NT=Data-dependent acquisition;AC=PRIDE:0000627	NT=Orbitrap Fusion;AC=MS:1002416	NT=Trypsin;AC=MS:1001251	TMT130N	19	5 ppm	600 mmu	NT=Methylthio;AC=UNIMOD:39;TA=C;MT=Fixed	NT=Oxidation;AC=UNIMOD:35;TA=M;MT=Variable	NT=TMT6plex;AC=UNIMOD:737;TA=K;MT=Fixed	NT=TMT6plex;AC=UNIMOD:737;PP=Any N-term;MT=Fixed	0.5 Gy	7-week-old	irradiated
PXD015859 individual A4	Mus musculus	blood plasma	not available	4	not pooled	normal	organism part	24 hour	depletion	not available	C57BL/6N	female	Fusion_190503_52-TMT130N	proteomic profiling by mass spectrometry	1	Fusion_190503_52.raw	v1.1.0	NT=ms-proteomics;VV=v1.1.0	NT=vertebrates;VV=v1.1.0	manual curation	NT=Data-dependent acquisition;AC=PRIDE:0000627	NT=Orbitrap Fusion;AC=MS:1002416	NT=Trypsin;AC=MS:1001251	TMT130N	20	5 ppm	600 mmu	NT=Methylthio;AC=UNIMOD:39;TA=C;MT=Fixed	NT=Oxidation;AC=UNIMOD:35;TA=M;MT=Variable	NT=TMT6plex;AC=UNIMOD:737;TA=K;MT=Fixed	NT=TMT6plex;AC=UNIMOD:737;PP=Any N-term;MT=Fixed	0.5 Gy	7-week-old	irradiated
PXD015859 individual BK4	Mus musculus	blood plasma	not available	4	not pooled	normal	organism part	24 hour	depletion	not available	C57BL/6N	male	Fusion_190503_33-TMT130C	proteomic profiling by mass spectrometry	1	Fusion_190503_33.raw	v1.1.0	NT=ms-proteomics;VV=v1.1.0	NT=vertebrates;VV=v1.1.0	manual curation	NT=Data-dependent acquisition;AC=PRIDE:0000627	NT=Orbitrap Fusion;AC=MS:1002416	NT=Trypsin;AC=MS:1001251	TMT130C	1	5 ppm	600 mmu	NT=Methylthio;AC=UNIMOD:39;TA=C;MT=Fixed	NT=Oxidation;AC=UNIMOD:35;TA=M;MT=Variable	NT=TMT6plex;AC=UNIMOD:737;TA=K;MT=Fixed	NT=TMT6plex;AC=UNIMOD:737;PP=Any N-term;MT=Fixed	0 Gy	7-week-old	mock-treated control
PXD015859 individual BK4	Mus musculus	blood plasma	not available	4	not pooled	normal	organism part	24 hour	depletion	not available	C57BL/6N	male	Fusion_190503_34-TMT130C	proteomic profiling by mass spectrometry	1	Fusion_190503_34.raw	v1.1.0	NT=ms-proteomics;VV=v1.1.0	NT=vertebrates;VV=v1.1.0	manual curation	NT=Data-dependent acquisition;AC=PRIDE:0000627	NT=Orbitrap Fusion;AC=MS:1002416	NT=Trypsin;AC=MS:1001251	TMT130C	2	5 ppm	600 mmu	NT=Methylthio;AC=UNIMOD:39;TA=C;MT=Fixed	NT=Oxidation;AC=UNIMOD:35;TA=M;MT=Variable	NT=TMT6plex;AC=UNIMOD:737;TA=K;MT=Fixed	NT=TMT6plex;AC=UNIMOD:737;PP=Any N-term;MT=Fixed	0 Gy	7-week-old	mock-treated control
PXD015859 individual BK4	Mus musculus	blood plasma	not available	4	not pooled	normal	organism part	24 hour	depletion	not available	C57BL/6N	male	Fusion_190503_35-TMT130C	proteomic profiling by mass spectrometry	1	Fusion_190503_35.raw	v1.1.0	NT=ms-proteomics;VV=v1.1.0	NT=vertebrates;VV=v1.1.0	manual curation	NT=Data-dependent acquisition;AC=PRIDE:0000627	NT=Orbitrap Fusion;AC=MS:1002416	NT=Trypsin;AC=MS:1001251	TMT130C	3	5 ppm	600 mmu	NT=Methylthio;AC=UNIMOD:39;TA=C;MT=Fixed	NT=Oxidation;AC=UNIMOD:35;TA=M;MT=Variable	NT=TMT6plex;AC=UNIMOD:737;TA=K;MT=Fixed	NT=TMT6plex;AC=UNIMOD:737;PP=Any N-term;MT=Fixed	0 Gy	7-week-old	mock-treated control
PXD015859 individual BK4	Mus musculus	blood plasma	not available	4	not pooled	normal	organism part	24 hour	depletion	not available	C57BL/6N	male	Fusion_190503_36-TMT130C	proteomic profiling by mass spectrometry	1	Fusion_190503_36.raw	v1.1.0	NT=ms-proteomics;VV=v1.1.0	NT=vertebrates;VV=v1.1.0	manual curation	NT=Data-dependent acquisition;AC=PRIDE:0000627	NT=Orbitrap Fusion;AC=MS:1002416	NT=Trypsin;AC=MS:1001251	TMT130C	4	5 ppm	600 mmu	NT=Methylthio;AC=UNIMOD:39;TA=C;MT=Fixed	NT=Oxidation;AC=UNIMOD:35;TA=M;MT=Variable	NT=TMT6plex;AC=UNIMOD:737;TA=K;MT=Fixed	NT=TMT6plex;AC=UNIMOD:737;PP=Any N-term;MT=Fixed	0 Gy	7-week-old	mock-treated control
PXD015859 individual BK4	Mus musculus	blood plasma	not available	4	not pooled	normal	organism part	24 hour	depletion	not available	C57BL/6N	male	Fusion_190503_37-TMT130C	proteomic profiling by mass spectrometry	1	Fusion_190503_37.raw	v1.1.0	NT=ms-proteomics;VV=v1.1.0	NT=vertebrates;VV=v1.1.0	manual curation	NT=Data-dependent acquisition;AC=PRIDE:0000627	NT=Orbitrap Fusion;AC=MS:1002416	NT=Trypsin;AC=MS:1001251	TMT130C	5	5 ppm	600 mmu	NT=Methylthio;AC=UNIMOD:39;TA=C;MT=Fixed	NT=Oxidation;AC=UNIMOD:35;TA=M;MT=Variable	NT=TMT6plex;AC=UNIMOD:737;TA=K;MT=Fixed	NT=TMT6plex;AC=UNIMOD:737;PP=Any N-term;MT=Fixed	0 Gy	7-week-old	mock-treated control
PXD015859 individual BK4	Mus musculus	blood plasma	not available	4	not pooled	normal	organism part	24 hour	depletion	not available	C57BL/6N	male	Fusion_190503_38-TMT130C	proteomic profiling by mass spectrometry	1	Fusion_190503_38.raw	v1.1.0	NT=ms-proteomics;VV=v1.1.0	NT=vertebrates;VV=v1.1.0	manual curation	NT=Data-dependent acquisition;AC=PRIDE:0000627	NT=Orbitrap Fusion;AC=MS:1002416	NT=Trypsin;AC=MS:1001251	TMT130C	6	5 ppm	600 mmu	NT=Methylthio;AC=UNIMOD:39;TA=C;MT=Fixed	NT=Oxidation;AC=UNIMOD:35;TA=M;MT=Variable	NT=TMT6plex;AC=UNIMOD:737;TA=K;MT=Fixed	NT=TMT6plex;AC=UNIMOD:737;PP=Any N-term;MT=Fixed	0 Gy	7-week-old	mock-treated control
PXD015859 individual BK4	Mus musculus	blood plasma	not available	4	not pooled	normal	organism part	24 hour	depletion	not available	C57BL/6N	male	Fusion_190503_39-TMT130C	proteomic profiling by mass spectrometry	1	Fusion_190503_39.raw	v1.1.0	NT=ms-proteomics;VV=v1.1.0	NT=vertebrates;VV=v1.1.0	manual curation	NT=Data-dependent acquisition;AC=PRIDE:0000627	NT=Orbitrap Fusion;AC=MS:1002416	NT=Trypsin;AC=MS:1001251	TMT130C	7	5 ppm	600 mmu	NT=Methylthio;AC=UNIMOD:39;TA=C;MT=Fixed	NT=Oxidation;AC=UNIMOD:35;TA=M;MT=Variable	NT=TMT6plex;AC=UNIMOD:737;TA=K;MT=Fixed	NT=TMT6plex;AC=UNIMOD:737;PP=Any N-term;MT=Fixed	0 Gy	7-week-old	mock-treated control
PXD015859 individual BK4	Mus musculus	blood plasma	not available	4	not pooled	normal	organism part	24 hour	depletion	not available	C57BL/6N	male	Fusion_190503_40-TMT130C	proteomic profiling by mass spectrometry	1	Fusion_190503_40.raw	v1.1.0	NT=ms-proteomics;VV=v1.1.0	NT=vertebrates;VV=v1.1.0	manual curation	NT=Data-dependent acquisition;AC=PRIDE:0000627	NT=Orbitrap Fusion;AC=MS:1002416	NT=Trypsin;AC=MS:1001251	TMT130C	8	5 ppm	600 mmu	NT=Methylthio;AC=UNIMOD:39;TA=C;MT=Fixed	NT=Oxidation;AC=UNIMOD:35;TA=M;MT=Variable	NT=TMT6plex;AC=UNIMOD:737;TA=K;MT=Fixed	NT=TMT6plex;AC=UNIMOD:737;PP=Any N-term;MT=Fixed	0 Gy	7-week-old	mock-treated control
PXD015859 individual BK4	Mus musculus	blood plasma	not available	4	not pooled	normal	organism part	24 hour	depletion	not available	C57BL/6N	male	Fusion_190503_41-TMT130C	proteomic profiling by mass spectrometry	1	Fusion_190503_41.raw	v1.1.0	NT=ms-proteomics;VV=v1.1.0	NT=vertebrates;VV=v1.1.0	manual curation	NT=Data-dependent acquisition;AC=PRIDE:0000627	NT=Orbitrap Fusion;AC=MS:1002416	NT=Trypsin;AC=MS:1001251	TMT130C	9	5 ppm	600 mmu	NT=Methylthio;AC=UNIMOD:39;TA=C;MT=Fixed	NT=Oxidation;AC=UNIMOD:35;TA=M;MT=Variable	NT=TMT6plex;AC=UNIMOD:737;TA=K;MT=Fixed	NT=TMT6plex;AC=UNIMOD:737;PP=Any N-term;MT=Fixed	0 Gy	7-week-old	mock-treated control
PXD015859 individual BK4	Mus musculus	blood plasma	not available	4	not pooled	normal	organism part	24 hour	depletion	not available	C57BL/6N	male	Fusion_190503_42-TMT130C	proteomic profiling by mass spectrometry	1	Fusion_190503_42.raw	v1.1.0	NT=ms-proteomics;VV=v1.1.0	NT=vertebrates;VV=v1.1.0	manual curation	NT=Data-dependent acquisition;AC=PRIDE:0000627	NT=Orbitrap Fusion;AC=MS:1002416	NT=Trypsin;AC=MS:1001251	TMT130C	10	5 ppm	600 mmu	NT=Methylthio;AC=UNIMOD:39;TA=C;MT=Fixed	NT=Oxidation;AC=UNIMOD:35;TA=M;MT=Variable	NT=TMT6plex;AC=UNIMOD:737;TA=K;MT=Fixed	NT=TMT6plex;AC=UNIMOD:737;PP=Any N-term;MT=Fixed	0 Gy	7-week-old	mock-treated control
PXD015859 individual BK4	Mus musculus	blood plasma	not available	4	not pooled	normal	organism part	24 hour	depletion	not available	C57BL/6N	male	Fusion_190503_43-TMT130C	proteomic profiling by mass spectrometry	1	Fusion_190503_43.raw	v1.1.0	NT=ms-proteomics;VV=v1.1.0	NT=vertebrates;VV=v1.1.0	manual curation	NT=Data-dependent acquisition;AC=PRIDE:0000627	NT=Orbitrap Fusion;AC=MS:1002416	NT=Trypsin;AC=MS:1001251	TMT130C	11	5 ppm	600 mmu	NT=Methylthio;AC=UNIMOD:39;TA=C;MT=Fixed	NT=Oxidation;AC=UNIMOD:35;TA=M;MT=Variable	NT=TMT6plex;AC=UNIMOD:737;TA=K;MT=Fixed	NT=TMT6plex;AC=UNIMOD:737;PP=Any N-term;MT=Fixed	0 Gy	7-week-old	mock-treated control
PXD015859 individual BK4	Mus musculus	blood plasma	not available	4	not pooled	normal	organism part	24 hour	depletion	not available	C57BL/6N	male	Fusion_190503_44-TMT130C	proteomic profiling by mass spectrometry	1	Fusion_190503_44.raw	v1.1.0	NT=ms-proteomics;VV=v1.1.0	NT=vertebrates;VV=v1.1.0	manual curation	NT=Data-dependent acquisition;AC=PRIDE:0000627	NT=Orbitrap Fusion;AC=MS:1002416	NT=Trypsin;AC=MS:1001251	TMT130C	12	5 ppm	600 mmu	NT=Methylthio;AC=UNIMOD:39;TA=C;MT=Fixed	NT=Oxidation;AC=UNIMOD:35;TA=M;MT=Variable	NT=TMT6plex;AC=UNIMOD:737;TA=K;MT=Fixed	NT=TMT6plex;AC=UNIMOD:737;PP=Any N-term;MT=Fixed	0 Gy	7-week-old	mock-treated control
PXD015859 individual BK4	Mus musculus	blood plasma	not available	4	not pooled	normal	organism part	24 hour	depletion	not available	C57BL/6N	male	Fusion_190503_45-TMT130C	proteomic profiling by mass spectrometry	1	Fusion_190503_45.raw	v1.1.0	NT=ms-proteomics;VV=v1.1.0	NT=vertebrates;VV=v1.1.0	manual curation	NT=Data-dependent acquisition;AC=PRIDE:0000627	NT=Orbitrap Fusion;AC=MS:1002416	NT=Trypsin;AC=MS:1001251	TMT130C	13	5 ppm	600 mmu	NT=Methylthio;AC=UNIMOD:39;TA=C;MT=Fixed	NT=Oxidation;AC=UNIMOD:35;TA=M;MT=Variable	NT=TMT6plex;AC=UNIMOD:737;TA=K;MT=Fixed	NT=TMT6plex;AC=UNIMOD:737;PP=Any N-term;MT=Fixed	0 Gy	7-week-old	mock-treated control
PXD015859 individual BK4	Mus musculus	blood plasma	not available	4	not pooled	normal	organism part	24 hour	depletion	not available	C57BL/6N	male	Fusion_190503_46-TMT130C	proteomic profiling by mass spectrometry	1	Fusion_190503_46.raw	v1.1.0	NT=ms-proteomics;VV=v1.1.0	NT=vertebrates;VV=v1.1.0	manual curation	NT=Data-dependent acquisition;AC=PRIDE:0000627	NT=Orbitrap Fusion;AC=MS:1002416	NT=Trypsin;AC=MS:1001251	TMT130C	14	5 ppm	600 mmu	NT=Methylthio;AC=UNIMOD:39;TA=C;MT=Fixed	NT=Oxidation;AC=UNIMOD:35;TA=M;MT=Variable	NT=TMT6plex;AC=UNIMOD:737;TA=K;MT=Fixed	NT=TMT6plex;AC=UNIMOD:737;PP=Any N-term;MT=Fixed	0 Gy	7-week-old	mock-treated control
PXD015859 individual BK4	Mus musculus	blood plasma	not available	4	not pooled	normal	organism part	24 hour	depletion	not available	C57BL/6N	male	Fusion_190503_47-TMT130C	proteomic profiling by mass spectrometry	1	Fusion_190503_47.raw	v1.1.0	NT=ms-proteomics;VV=v1.1.0	NT=vertebrates;VV=v1.1.0	manual curation	NT=Data-dependent acquisition;AC=PRIDE:0000627	NT=Orbitrap Fusion;AC=MS:1002416	NT=Trypsin;AC=MS:1001251	TMT130C	15	5 ppm	600 mmu	NT=Methylthio;AC=UNIMOD:39;TA=C;MT=Fixed	NT=Oxidation;AC=UNIMOD:35;TA=M;MT=Variable	NT=TMT6plex;AC=UNIMOD:737;TA=K;MT=Fixed	NT=TMT6plex;AC=UNIMOD:737;PP=Any N-term;MT=Fixed	0 Gy	7-week-old	mock-treated control
PXD015859 individual BK4	Mus musculus	blood plasma	not available	4	not pooled	normal	organism part	24 hour	depletion	not available	C57BL/6N	male	Fusion_190503_48-TMT130C	proteomic profiling by mass spectrometry	1	Fusion_190503_48.raw	v1.1.0	NT=ms-proteomics;VV=v1.1.0	NT=vertebrates;VV=v1.1.0	manual curation	NT=Data-dependent acquisition;AC=PRIDE:0000627	NT=Orbitrap Fusion;AC=MS:1002416	NT=Trypsin;AC=MS:1001251	TMT130C	16	5 ppm	600 mmu	NT=Methylthio;AC=UNIMOD:39;TA=C;MT=Fixed	NT=Oxidation;AC=UNIMOD:35;TA=M;MT=Variable	NT=TMT6plex;AC=UNIMOD:737;TA=K;MT=Fixed	NT=TMT6plex;AC=UNIMOD:737;PP=Any N-term;MT=Fixed	0 Gy	7-week-old	mock-treated control
PXD015859 individual BK4	Mus musculus	blood plasma	not available	4	not pooled	normal	organism part	24 hour	depletion	not available	C57BL/6N	male	Fusion_190503_49-TMT130C	proteomic profiling by mass spectrometry	1	Fusion_190503_49.raw	v1.1.0	NT=ms-proteomics;VV=v1.1.0	NT=vertebrates;VV=v1.1.0	manual curation	NT=Data-dependent acquisition;AC=PRIDE:0000627	NT=Orbitrap Fusion;AC=MS:1002416	NT=Trypsin;AC=MS:1001251	TMT130C	17	5 ppm	600 mmu	NT=Methylthio;AC=UNIMOD:39;TA=C;MT=Fixed	NT=Oxidation;AC=UNIMOD:35;TA=M;MT=Variable	NT=TMT6plex;AC=UNIMOD:737;TA=K;MT=Fixed	NT=TMT6plex;AC=UNIMOD:737;PP=Any N-term;MT=Fixed	0 Gy	7-week-old	mock-treated control
PXD015859 individual BK4	Mus musculus	blood plasma	not available	4	not pooled	normal	organism part	24 hour	depletion	not available	C57BL/6N	male	Fusion_190503_50-TMT130C	proteomic profiling by mass spectrometry	1	Fusion_190503_50.raw	v1.1.0	NT=ms-proteomics;VV=v1.1.0	NT=vertebrates;VV=v1.1.0	manual curation	NT=Data-dependent acquisition;AC=PRIDE:0000627	NT=Orbitrap Fusion;AC=MS:1002416	NT=Trypsin;AC=MS:1001251	TMT130C	18	5 ppm	600 mmu	NT=Methylthio;AC=UNIMOD:39;TA=C;MT=Fixed	NT=Oxidation;AC=UNIMOD:35;TA=M;MT=Variable	NT=TMT6plex;AC=UNIMOD:737;TA=K;MT=Fixed	NT=TMT6plex;AC=UNIMOD:737;PP=Any N-term;MT=Fixed	0 Gy	7-week-old	mock-treated control
PXD015859 individual BK4	Mus musculus	blood plasma	not available	4	not pooled	normal	organism part	24 hour	depletion	not available	C57BL/6N	male	Fusion_190503_51-TMT130C	proteomic profiling by mass spectrometry	1	Fusion_190503_51.raw	v1.1.0	NT=ms-proteomics;VV=v1.1.0	NT=vertebrates;VV=v1.1.0	manual curation	NT=Data-dependent acquisition;AC=PRIDE:0000627	NT=Orbitrap Fusion;AC=MS:1002416	NT=Trypsin;AC=MS:1001251	TMT130C	19	5 ppm	600 mmu	NT=Methylthio;AC=UNIMOD:39;TA=C;MT=Fixed	NT=Oxidation;AC=UNIMOD:35;TA=M;MT=Variable	NT=TMT6plex;AC=UNIMOD:737;TA=K;MT=Fixed	NT=TMT6plex;AC=UNIMOD:737;PP=Any N-term;MT=Fixed	0 Gy	7-week-old	mock-treated control
PXD015859 individual BK4	Mus musculus	blood plasma	not available	4	not pooled	normal	organism part	24 hour	depletion	not available	C57BL/6N	male	Fusion_190503_52-TMT130C	proteomic profiling by mass spectrometry	1	Fusion_190503_52.raw	v1.1.0	NT=ms-proteomics;VV=v1.1.0	NT=vertebrates;VV=v1.1.0	manual curation	NT=Data-dependent acquisition;AC=PRIDE:0000627	NT=Orbitrap Fusion;AC=MS:1002416	NT=Trypsin;AC=MS:1001251	TMT130C	20	5 ppm	600 mmu	NT=Methylthio;AC=UNIMOD:39;TA=C;MT=Fixed	NT=Oxidation;AC=UNIMOD:35;TA=M;MT=Variable	NT=TMT6plex;AC=UNIMOD:737;TA=K;MT=Fixed	NT=TMT6plex;AC=UNIMOD:737;PP=Any N-term;MT=Fixed	0 Gy	7-week-old	mock-treated control
PXD015859 individual A5	Mus musculus	blood plasma	not available	5	not pooled	normal	organism part	24 hour	depletion	not available	C57BL/6N	female	Fusion_190503_33-TMT131	proteomic profiling by mass spectrometry	1	Fusion_190503_33.raw	v1.1.0	NT=ms-proteomics;VV=v1.1.0	NT=vertebrates;VV=v1.1.0	manual curation	NT=Data-dependent acquisition;AC=PRIDE:0000627	NT=Orbitrap Fusion;AC=MS:1002416	NT=Trypsin;AC=MS:1001251	TMT131	1	5 ppm	600 mmu	NT=Methylthio;AC=UNIMOD:39;TA=C;MT=Fixed	NT=Oxidation;AC=UNIMOD:35;TA=M;MT=Variable	NT=TMT6plex;AC=UNIMOD:737;TA=K;MT=Fixed	NT=TMT6plex;AC=UNIMOD:737;PP=Any N-term;MT=Fixed	0.5 Gy	7-week-old	irradiated
PXD015859 individual A5	Mus musculus	blood plasma	not available	5	not pooled	normal	organism part	24 hour	depletion	not available	C57BL/6N	female	Fusion_190503_34-TMT131	proteomic profiling by mass spectrometry	1	Fusion_190503_34.raw	v1.1.0	NT=ms-proteomics;VV=v1.1.0	NT=vertebrates;VV=v1.1.0	manual curation	NT=Data-dependent acquisition;AC=PRIDE:0000627	NT=Orbitrap Fusion;AC=MS:1002416	NT=Trypsin;AC=MS:1001251	TMT131	2	5 ppm	600 mmu	NT=Methylthio;AC=UNIMOD:39;TA=C;MT=Fixed	NT=Oxidation;AC=UNIMOD:35;TA=M;MT=Variable	NT=TMT6plex;AC=UNIMOD:737;TA=K;MT=Fixed	NT=TMT6plex;AC=UNIMOD:737;PP=Any N-term;MT=Fixed	0.5 Gy	7-week-old	irradiated
PXD015859 individual A5	Mus musculus	blood plasma	not available	5	not pooled	normal	organism part	24 hour	depletion	not available	C57BL/6N	female	Fusion_190503_35-TMT131	proteomic profiling by mass spectrometry	1	Fusion_190503_35.raw	v1.1.0	NT=ms-proteomics;VV=v1.1.0	NT=vertebrates;VV=v1.1.0	manual curation	NT=Data-dependent acquisition;AC=PRIDE:0000627	NT=Orbitrap Fusion;AC=MS:1002416	NT=Trypsin;AC=MS:1001251	TMT131	3	5 ppm	600 mmu	NT=Methylthio;AC=UNIMOD:39;TA=C;MT=Fixed	NT=Oxidation;AC=UNIMOD:35;TA=M;MT=Variable	NT=TMT6plex;AC=UNIMOD:737;TA=K;MT=Fixed	NT=TMT6plex;AC=UNIMOD:737;PP=Any N-term;MT=Fixed	0.5 Gy	7-week-old	irradiated
PXD015859 individual A5	Mus musculus	blood plasma	not available	5	not pooled	normal	organism part	24 hour	depletion	not available	C57BL/6N	female	Fusion_190503_36-TMT131	proteomic profiling by mass spectrometry	1	Fusion_190503_36.raw	v1.1.0	NT=ms-proteomics;VV=v1.1.0	NT=vertebrates;VV=v1.1.0	manual curation	NT=Data-dependent acquisition;AC=PRIDE:0000627	NT=Orbitrap Fusion;AC=MS:1002416	NT=Trypsin;AC=MS:1001251	TMT131	4	5 ppm	600 mmu	NT=Methylthio;AC=UNIMOD:39;TA=C;MT=Fixed	NT=Oxidation;AC=UNIMOD:35;TA=M;MT=Variable	NT=TMT6plex;AC=UNIMOD:737;TA=K;MT=Fixed	NT=TMT6plex;AC=UNIMOD:737;PP=Any N-term;MT=Fixed	0.5 Gy	7-week-old	irradiated
PXD015859 individual A5	Mus musculus	blood plasma	not available	5	not pooled	normal	organism part	24 hour	depletion	not available	C57BL/6N	female	Fusion_190503_37-TMT131	proteomic profiling by mass spectrometry	1	Fusion_190503_37.raw	v1.1.0	NT=ms-proteomics;VV=v1.1.0	NT=vertebrates;VV=v1.1.0	manual curation	NT=Data-dependent acquisition;AC=PRIDE:0000627	NT=Orbitrap Fusion;AC=MS:1002416	NT=Trypsin;AC=MS:1001251	TMT131	5	5 ppm	600 mmu	NT=Methylthio;AC=UNIMOD:39;TA=C;MT=Fixed	NT=Oxidation;AC=UNIMOD:35;TA=M;MT=Variable	NT=TMT6plex;AC=UNIMOD:737;TA=K;MT=Fixed	NT=TMT6plex;AC=UNIMOD:737;PP=Any N-term;MT=Fixed	0.5 Gy	7-week-old	irradiated
PXD015859 individual A5	Mus musculus	blood plasma	not available	5	not pooled	normal	organism part	24 hour	depletion	not available	C57BL/6N	female	Fusion_190503_38-TMT131	proteomic profiling by mass spectrometry	1	Fusion_190503_38.raw	v1.1.0	NT=ms-proteomics;VV=v1.1.0	NT=vertebrates;VV=v1.1.0	manual curation	NT=Data-dependent acquisition;AC=PRIDE:0000627	NT=Orbitrap Fusion;AC=MS:1002416	NT=Trypsin;AC=MS:1001251	TMT131	6	5 ppm	600 mmu	NT=Methylthio;AC=UNIMOD:39;TA=C;MT=Fixed	NT=Oxidation;AC=UNIMOD:35;TA=M;MT=Variable	NT=TMT6plex;AC=UNIMOD:737;TA=K;MT=Fixed	NT=TMT6plex;AC=UNIMOD:737;PP=Any N-term;MT=Fixed	0.5 Gy	7-week-old	irradiated
PXD015859 individual A5	Mus musculus	blood plasma	not available	5	not pooled	normal	organism part	24 hour	depletion	not available	C57BL/6N	female	Fusion_190503_39-TMT131	proteomic profiling by mass spectrometry	1	Fusion_190503_39.raw	v1.1.0	NT=ms-proteomics;VV=v1.1.0	NT=vertebrates;VV=v1.1.0	manual curation	NT=Data-dependent acquisition;AC=PRIDE:0000627	NT=Orbitrap Fusion;AC=MS:1002416	NT=Trypsin;AC=MS:1001251	TMT131	7	5 ppm	600 mmu	NT=Methylthio;AC=UNIMOD:39;TA=C;MT=Fixed	NT=Oxidation;AC=UNIMOD:35;TA=M;MT=Variable	NT=TMT6plex;AC=UNIMOD:737;TA=K;MT=Fixed	NT=TMT6plex;AC=UNIMOD:737;PP=Any N-term;MT=Fixed	0.5 Gy	7-week-old	irradiated
PXD015859 individual A5	Mus musculus	blood plasma	not available	5	not pooled	normal	organism part	24 hour	depletion	not available	C57BL/6N	female	Fusion_190503_40-TMT131	proteomic profiling by mass spectrometry	1	Fusion_190503_40.raw	v1.1.0	NT=ms-proteomics;VV=v1.1.0	NT=vertebrates;VV=v1.1.0	manual curation	NT=Data-dependent acquisition;AC=PRIDE:0000627	NT=Orbitrap Fusion;AC=MS:1002416	NT=Trypsin;AC=MS:1001251	TMT131	8	5 ppm	600 mmu	NT=Methylthio;AC=UNIMOD:39;TA=C;MT=Fixed	NT=Oxidation;AC=UNIMOD:35;TA=M;MT=Variable	NT=TMT6plex;AC=UNIMOD:737;TA=K;MT=Fixed	NT=TMT6plex;AC=UNIMOD:737;PP=Any N-term;MT=Fixed	0.5 Gy	7-week-old	irradiated
PXD015859 individual A5	Mus musculus	blood plasma	not available	5	not pooled	normal	organism part	24 hour	depletion	not available	C57BL/6N	female	Fusion_190503_41-TMT131	proteomic profiling by mass spectrometry	1	Fusion_190503_41.raw	v1.1.0	NT=ms-proteomics;VV=v1.1.0	NT=vertebrates;VV=v1.1.0	manual curation	NT=Data-dependent acquisition;AC=PRIDE:0000627	NT=Orbitrap Fusion;AC=MS:1002416	NT=Trypsin;AC=MS:1001251	TMT131	9	5 ppm	600 mmu	NT=Methylthio;AC=UNIMOD:39;TA=C;MT=Fixed	NT=Oxidation;AC=UNIMOD:35;TA=M;MT=Variable	NT=TMT6plex;AC=UNIMOD:737;TA=K;MT=Fixed	NT=TMT6plex;AC=UNIMOD:737;PP=Any N-term;MT=Fixed	0.5 Gy	7-week-old	irradiated
PXD015859 individual A5	Mus musculus	blood plasma	not available	5	not pooled	normal	organism part	24 hour	depletion	not available	C57BL/6N	female	Fusion_190503_42-TMT131	proteomic profiling by mass spectrometry	1	Fusion_190503_42.raw	v1.1.0	NT=ms-proteomics;VV=v1.1.0	NT=vertebrates;VV=v1.1.0	manual curation	NT=Data-dependent acquisition;AC=PRIDE:0000627	NT=Orbitrap Fusion;AC=MS:1002416	NT=Trypsin;AC=MS:1001251	TMT131	10	5 ppm	600 mmu	NT=Methylthio;AC=UNIMOD:39;TA=C;MT=Fixed	NT=Oxidation;AC=UNIMOD:35;TA=M;MT=Variable	NT=TMT6plex;AC=UNIMOD:737;TA=K;MT=Fixed	NT=TMT6plex;AC=UNIMOD:737;PP=Any N-term;MT=Fixed	0.5 Gy	7-week-old	irradiated
PXD015859 individual A5	Mus musculus	blood plasma	not available	5	not pooled	normal	organism part	24 hour	depletion	not available	C57BL/6N	female	Fusion_190503_43-TMT131	proteomic profiling by mass spectrometry	1	Fusion_190503_43.raw	v1.1.0	NT=ms-proteomics;VV=v1.1.0	NT=vertebrates;VV=v1.1.0	manual curation	NT=Data-dependent acquisition;AC=PRIDE:0000627	NT=Orbitrap Fusion;AC=MS:1002416	NT=Trypsin;AC=MS:1001251	TMT131	11	5 ppm	600 mmu	NT=Methylthio;AC=UNIMOD:39;TA=C;MT=Fixed	NT=Oxidation;AC=UNIMOD:35;TA=M;MT=Variable	NT=TMT6plex;AC=UNIMOD:737;TA=K;MT=Fixed	NT=TMT6plex;AC=UNIMOD:737;PP=Any N-term;MT=Fixed	0.5 Gy	7-week-old	irradiated
PXD015859 individual A5	Mus musculus	blood plasma	not available	5	not pooled	normal	organism part	24 hour	depletion	not available	C57BL/6N	female	Fusion_190503_44-TMT131	proteomic profiling by mass spectrometry	1	Fusion_190503_44.raw	v1.1.0	NT=ms-proteomics;VV=v1.1.0	NT=vertebrates;VV=v1.1.0	manual curation	NT=Data-dependent acquisition;AC=PRIDE:0000627	NT=Orbitrap Fusion;AC=MS:1002416	NT=Trypsin;AC=MS:1001251	TMT131	12	5 ppm	600 mmu	NT=Methylthio;AC=UNIMOD:39;TA=C;MT=Fixed	NT=Oxidation;AC=UNIMOD:35;TA=M;MT=Variable	NT=TMT6plex;AC=UNIMOD:737;TA=K;MT=Fixed	NT=TMT6plex;AC=UNIMOD:737;PP=Any N-term;MT=Fixed	0.5 Gy	7-week-old	irradiated
PXD015859 individual A5	Mus musculus	blood plasma	not available	5	not pooled	normal	organism part	24 hour	depletion	not available	C57BL/6N	female	Fusion_190503_45-TMT131	proteomic profiling by mass spectrometry	1	Fusion_190503_45.raw	v1.1.0	NT=ms-proteomics;VV=v1.1.0	NT=vertebrates;VV=v1.1.0	manual curation	NT=Data-dependent acquisition;AC=PRIDE:0000627	NT=Orbitrap Fusion;AC=MS:1002416	NT=Trypsin;AC=MS:1001251	TMT131	13	5 ppm	600 mmu	NT=Methylthio;AC=UNIMOD:39;TA=C;MT=Fixed	NT=Oxidation;AC=UNIMOD:35;TA=M;MT=Variable	NT=TMT6plex;AC=UNIMOD:737;TA=K;MT=Fixed	NT=TMT6plex;AC=UNIMOD:737;PP=Any N-term;MT=Fixed	0.5 Gy	7-week-old	irradiated
PXD015859 individual A5	Mus musculus	blood plasma	not available	5	not pooled	normal	organism part	24 hour	depletion	not available	C57BL/6N	female	Fusion_190503_46-TMT131	proteomic profiling by mass spectrometry	1	Fusion_190503_46.raw	v1.1.0	NT=ms-proteomics;VV=v1.1.0	NT=vertebrates;VV=v1.1.0	manual curation	NT=Data-dependent acquisition;AC=PRIDE:0000627	NT=Orbitrap Fusion;AC=MS:1002416	NT=Trypsin;AC=MS:1001251	TMT131	14	5 ppm	600 mmu	NT=Methylthio;AC=UNIMOD:39;TA=C;MT=Fixed	NT=Oxidation;AC=UNIMOD:35;TA=M;MT=Variable	NT=TMT6plex;AC=UNIMOD:737;TA=K;MT=Fixed	NT=TMT6plex;AC=UNIMOD:737;PP=Any N-term;MT=Fixed	0.5 Gy	7-week-old	irradiated
PXD015859 individual A5	Mus musculus	blood plasma	not available	5	not pooled	normal	organism part	24 hour	depletion	not available	C57BL/6N	female	Fusion_190503_47-TMT131	proteomic profiling by mass spectrometry	1	Fusion_190503_47.raw	v1.1.0	NT=ms-proteomics;VV=v1.1.0	NT=vertebrates;VV=v1.1.0	manual curation	NT=Data-dependent acquisition;AC=PRIDE:0000627	NT=Orbitrap Fusion;AC=MS:1002416	NT=Trypsin;AC=MS:1001251	TMT131	15	5 ppm	600 mmu	NT=Methylthio;AC=UNIMOD:39;TA=C;MT=Fixed	NT=Oxidation;AC=UNIMOD:35;TA=M;MT=Variable	NT=TMT6plex;AC=UNIMOD:737;TA=K;MT=Fixed	NT=TMT6plex;AC=UNIMOD:737;PP=Any N-term;MT=Fixed	0.5 Gy	7-week-old	irradiated
PXD015859 individual A5	Mus musculus	blood plasma	not available	5	not pooled	normal	organism part	24 hour	depletion	not available	C57BL/6N	female	Fusion_190503_48-TMT131	proteomic profiling by mass spectrometry	1	Fusion_190503_48.raw	v1.1.0	NT=ms-proteomics;VV=v1.1.0	NT=vertebrates;VV=v1.1.0	manual curation	NT=Data-dependent acquisition;AC=PRIDE:0000627	NT=Orbitrap Fusion;AC=MS:1002416	NT=Trypsin;AC=MS:1001251	TMT131	16	5 ppm	600 mmu	NT=Methylthio;AC=UNIMOD:39;TA=C;MT=Fixed	NT=Oxidation;AC=UNIMOD:35;TA=M;MT=Variable	NT=TMT6plex;AC=UNIMOD:737;TA=K;MT=Fixed	NT=TMT6plex;AC=UNIMOD:737;PP=Any N-term;MT=Fixed	0.5 Gy	7-week-old	irradiated
PXD015859 individual A5	Mus musculus	blood plasma	not available	5	not pooled	normal	organism part	24 hour	depletion	not available	C57BL/6N	female	Fusion_190503_49-TMT131	proteomic profiling by mass spectrometry	1	Fusion_190503_49.raw	v1.1.0	NT=ms-proteomics;VV=v1.1.0	NT=vertebrates;VV=v1.1.0	manual curation	NT=Data-dependent acquisition;AC=PRIDE:0000627	NT=Orbitrap Fusion;AC=MS:1002416	NT=Trypsin;AC=MS:1001251	TMT131	17	5 ppm	600 mmu	NT=Methylthio;AC=UNIMOD:39;TA=C;MT=Fixed	NT=Oxidation;AC=UNIMOD:35;TA=M;MT=Variable	NT=TMT6plex;AC=UNIMOD:737;TA=K;MT=Fixed	NT=TMT6plex;AC=UNIMOD:737;PP=Any N-term;MT=Fixed	0.5 Gy	7-week-old	irradiated
PXD015859 individual A5	Mus musculus	blood plasma	not available	5	not pooled	normal	organism part	24 hour	depletion	not available	C57BL/6N	female	Fusion_190503_50-TMT131	proteomic profiling by mass spectrometry	1	Fusion_190503_50.raw	v1.1.0	NT=ms-proteomics;VV=v1.1.0	NT=vertebrates;VV=v1.1.0	manual curation	NT=Data-dependent acquisition;AC=PRIDE:0000627	NT=Orbitrap Fusion;AC=MS:1002416	NT=Trypsin;AC=MS:1001251	TMT131	18	5 ppm	600 mmu	NT=Methylthio;AC=UNIMOD:39;TA=C;MT=Fixed	NT=Oxidation;AC=UNIMOD:35;TA=M;MT=Variable	NT=TMT6plex;AC=UNIMOD:737;TA=K;MT=Fixed	NT=TMT6plex;AC=UNIMOD:737;PP=Any N-term;MT=Fixed	0.5 Gy	7-week-old	irradiated
PXD015859 individual A5	Mus musculus	blood plasma	not available	5	not pooled	normal	organism part	24 hour	depletion	not available	C57BL/6N	female	Fusion_190503_51-TMT131	proteomic profiling by mass spectrometry	1	Fusion_190503_51.raw	v1.1.0	NT=ms-proteomics;VV=v1.1.0	NT=vertebrates;VV=v1.1.0	manual curation	NT=Data-dependent acquisition;AC=PRIDE:0000627	NT=Orbitrap Fusion;AC=MS:1002416	NT=Trypsin;AC=MS:1001251	TMT131	19	5 ppm	600 mmu	NT=Methylthio;AC=UNIMOD:39;TA=C;MT=Fixed	NT=Oxidation;AC=UNIMOD:35;TA=M;MT=Variable	NT=TMT6plex;AC=UNIMOD:737;TA=K;MT=Fixed	NT=TMT6plex;AC=UNIMOD:737;PP=Any N-term;MT=Fixed	0.5 Gy	7-week-old	irradiated
PXD015859 individual A5	Mus musculus	blood plasma	not available	5	not pooled	normal	organism part	24 hour	depletion	not available	C57BL/6N	female	Fusion_190503_52-TMT131	proteomic profiling by mass spectrometry	1	Fusion_190503_52.raw	v1.1.0	NT=ms-proteomics;VV=v1.1.0	NT=vertebrates;VV=v1.1.0	manual curation	NT=Data-dependent acquisition;AC=PRIDE:0000627	NT=Orbitrap Fusion;AC=MS:1002416	NT=Trypsin;AC=MS:1001251	TMT131	20	5 ppm	600 mmu	NT=Methylthio;AC=UNIMOD:39;TA=C;MT=Fixed	NT=Oxidation;AC=UNIMOD:35;TA=M;MT=Variable	NT=TMT6plex;AC=UNIMOD:737;TA=K;MT=Fixed	NT=TMT6plex;AC=UNIMOD:737;PP=Any N-term;MT=Fixed	0.5 Gy	7-week-old	irradiated
