source name	characteristics[organism]	characteristics[organism part]	characteristics[cell type]	characteristics[biological replicate]	characteristics[disease]	characteristics[material type]	characteristics[age]	characteristics[sex]	characteristics[cell line]	characteristics[cellosaurus accession]	characteristics[cellosaurus name]	characteristics[genetic modification]	assay name	technology type	comment[technical replicate]	comment[data file]	comment[sdrf version]	comment[sdrf template]	comment[sdrf template]	comment[sdrf template]	comment[sdrf annotation tool]	comment[proteomics data acquisition method]	comment[instrument]	comment[cleavage agent details]	comment[label]	comment[fraction identifier]	comment[dissociation method]	comment[precursor mass tolerance]	comment[fragment mass tolerance]	comment[reduction reagent]	comment[alkylation reagent]	comment[modification parameters]	comment[modification parameters]	comment[modification parameters]	comment[modification parameters]	factor value[genetic modification]
A1	Homo sapiens	cell culture	not available	1	neuroblastoma	cell line	not available	not available	SK-N-AS	CVCL_1700	SK-N-AS	control	Lumos_200817_42-TMT126	proteomic profiling by mass spectrometry	1	Lumos_200817_42.raw	v1.1.0	NT=ms-proteomics;VV=v1.1.0	NT=human;VV=v1.1.0	NT=cell-lines;VV=v1.1.0	manual curation	NT=Data-dependent acquisition;AC=PRIDE:0000627	NT=Orbitrap Fusion Lumos;AC=MS:1002732	NT=Trypsin;AC=MS:1001251	TMT126	1	NT=higher energy beam-type collision-induced dissociation;AC=MS:1000422	5 ppm	0.6 Da	NT=dithiothreitol (DTT);AC=PRIDE:0000608	NT=methyl methanethiosulfonate (MMTS);AC=PRIDE:0000605	NT=Methylthio;AC=UNIMOD:39;TA=C;MT=Fixed	NT=Oxidation;AC=UNIMOD:35;TA=M;MT=Variable	NT=TMTpro;AC=UNIMOD:2016;TA=K;MT=Fixed	NT=TMTpro;AC=UNIMOD:2016;PP=Any N-term;MT=Fixed	control
A1	Homo sapiens	cell culture	not available	1	neuroblastoma	cell line	not available	not available	SK-N-AS	CVCL_1700	SK-N-AS	control	Lumos_200817_43-TMT126	proteomic profiling by mass spectrometry	1	Lumos_200817_43.raw	v1.1.0	NT=ms-proteomics;VV=v1.1.0	NT=human;VV=v1.1.0	NT=cell-lines;VV=v1.1.0	manual curation	NT=Data-dependent acquisition;AC=PRIDE:0000627	NT=Orbitrap Fusion Lumos;AC=MS:1002732	NT=Trypsin;AC=MS:1001251	TMT126	2	NT=higher energy beam-type collision-induced dissociation;AC=MS:1000422	5 ppm	0.6 Da	NT=dithiothreitol (DTT);AC=PRIDE:0000608	NT=methyl methanethiosulfonate (MMTS);AC=PRIDE:0000605	NT=Methylthio;AC=UNIMOD:39;TA=C;MT=Fixed	NT=Oxidation;AC=UNIMOD:35;TA=M;MT=Variable	NT=TMTpro;AC=UNIMOD:2016;TA=K;MT=Fixed	NT=TMTpro;AC=UNIMOD:2016;PP=Any N-term;MT=Fixed	control
A1	Homo sapiens	cell culture	not available	1	neuroblastoma	cell line	not available	not available	SK-N-AS	CVCL_1700	SK-N-AS	control	Lumos_200817_44-TMT126	proteomic profiling by mass spectrometry	1	Lumos_200817_44.raw	v1.1.0	NT=ms-proteomics;VV=v1.1.0	NT=human;VV=v1.1.0	NT=cell-lines;VV=v1.1.0	manual curation	NT=Data-dependent acquisition;AC=PRIDE:0000627	NT=Orbitrap Fusion Lumos;AC=MS:1002732	NT=Trypsin;AC=MS:1001251	TMT126	3	NT=higher energy beam-type collision-induced dissociation;AC=MS:1000422	5 ppm	0.6 Da	NT=dithiothreitol (DTT);AC=PRIDE:0000608	NT=methyl methanethiosulfonate (MMTS);AC=PRIDE:0000605	NT=Methylthio;AC=UNIMOD:39;TA=C;MT=Fixed	NT=Oxidation;AC=UNIMOD:35;TA=M;MT=Variable	NT=TMTpro;AC=UNIMOD:2016;TA=K;MT=Fixed	NT=TMTpro;AC=UNIMOD:2016;PP=Any N-term;MT=Fixed	control
A1	Homo sapiens	cell culture	not available	1	neuroblastoma	cell line	not available	not available	SK-N-AS	CVCL_1700	SK-N-AS	control	Lumos_200817_45-TMT126	proteomic profiling by mass spectrometry	1	Lumos_200817_45.raw	v1.1.0	NT=ms-proteomics;VV=v1.1.0	NT=human;VV=v1.1.0	NT=cell-lines;VV=v1.1.0	manual curation	NT=Data-dependent acquisition;AC=PRIDE:0000627	NT=Orbitrap Fusion Lumos;AC=MS:1002732	NT=Trypsin;AC=MS:1001251	TMT126	4	NT=higher energy beam-type collision-induced dissociation;AC=MS:1000422	5 ppm	0.6 Da	NT=dithiothreitol (DTT);AC=PRIDE:0000608	NT=methyl methanethiosulfonate (MMTS);AC=PRIDE:0000605	NT=Methylthio;AC=UNIMOD:39;TA=C;MT=Fixed	NT=Oxidation;AC=UNIMOD:35;TA=M;MT=Variable	NT=TMTpro;AC=UNIMOD:2016;TA=K;MT=Fixed	NT=TMTpro;AC=UNIMOD:2016;PP=Any N-term;MT=Fixed	control
A1	Homo sapiens	cell culture	not available	1	neuroblastoma	cell line	not available	not available	SK-N-AS	CVCL_1700	SK-N-AS	control	Lumos_200817_46-TMT126	proteomic profiling by mass spectrometry	1	Lumos_200817_46.raw	v1.1.0	NT=ms-proteomics;VV=v1.1.0	NT=human;VV=v1.1.0	NT=cell-lines;VV=v1.1.0	manual curation	NT=Data-dependent acquisition;AC=PRIDE:0000627	NT=Orbitrap Fusion Lumos;AC=MS:1002732	NT=Trypsin;AC=MS:1001251	TMT126	5	NT=higher energy beam-type collision-induced dissociation;AC=MS:1000422	5 ppm	0.6 Da	NT=dithiothreitol (DTT);AC=PRIDE:0000608	NT=methyl methanethiosulfonate (MMTS);AC=PRIDE:0000605	NT=Methylthio;AC=UNIMOD:39;TA=C;MT=Fixed	NT=Oxidation;AC=UNIMOD:35;TA=M;MT=Variable	NT=TMTpro;AC=UNIMOD:2016;TA=K;MT=Fixed	NT=TMTpro;AC=UNIMOD:2016;PP=Any N-term;MT=Fixed	control
A1	Homo sapiens	cell culture	not available	1	neuroblastoma	cell line	not available	not available	SK-N-AS	CVCL_1700	SK-N-AS	control	Lumos_200817_47-TMT126	proteomic profiling by mass spectrometry	1	Lumos_200817_47.raw	v1.1.0	NT=ms-proteomics;VV=v1.1.0	NT=human;VV=v1.1.0	NT=cell-lines;VV=v1.1.0	manual curation	NT=Data-dependent acquisition;AC=PRIDE:0000627	NT=Orbitrap Fusion Lumos;AC=MS:1002732	NT=Trypsin;AC=MS:1001251	TMT126	6	NT=higher energy beam-type collision-induced dissociation;AC=MS:1000422	5 ppm	0.6 Da	NT=dithiothreitol (DTT);AC=PRIDE:0000608	NT=methyl methanethiosulfonate (MMTS);AC=PRIDE:0000605	NT=Methylthio;AC=UNIMOD:39;TA=C;MT=Fixed	NT=Oxidation;AC=UNIMOD:35;TA=M;MT=Variable	NT=TMTpro;AC=UNIMOD:2016;TA=K;MT=Fixed	NT=TMTpro;AC=UNIMOD:2016;PP=Any N-term;MT=Fixed	control
A1	Homo sapiens	cell culture	not available	1	neuroblastoma	cell line	not available	not available	SK-N-AS	CVCL_1700	SK-N-AS	control	Lumos_200817_48-TMT126	proteomic profiling by mass spectrometry	1	Lumos_200817_48.raw	v1.1.0	NT=ms-proteomics;VV=v1.1.0	NT=human;VV=v1.1.0	NT=cell-lines;VV=v1.1.0	manual curation	NT=Data-dependent acquisition;AC=PRIDE:0000627	NT=Orbitrap Fusion Lumos;AC=MS:1002732	NT=Trypsin;AC=MS:1001251	TMT126	7	NT=higher energy beam-type collision-induced dissociation;AC=MS:1000422	5 ppm	0.6 Da	NT=dithiothreitol (DTT);AC=PRIDE:0000608	NT=methyl methanethiosulfonate (MMTS);AC=PRIDE:0000605	NT=Methylthio;AC=UNIMOD:39;TA=C;MT=Fixed	NT=Oxidation;AC=UNIMOD:35;TA=M;MT=Variable	NT=TMTpro;AC=UNIMOD:2016;TA=K;MT=Fixed	NT=TMTpro;AC=UNIMOD:2016;PP=Any N-term;MT=Fixed	control
A1	Homo sapiens	cell culture	not available	1	neuroblastoma	cell line	not available	not available	SK-N-AS	CVCL_1700	SK-N-AS	control	Lumos_200817_49-TMT126	proteomic profiling by mass spectrometry	1	Lumos_200817_49.raw	v1.1.0	NT=ms-proteomics;VV=v1.1.0	NT=human;VV=v1.1.0	NT=cell-lines;VV=v1.1.0	manual curation	NT=Data-dependent acquisition;AC=PRIDE:0000627	NT=Orbitrap Fusion Lumos;AC=MS:1002732	NT=Trypsin;AC=MS:1001251	TMT126	8	NT=higher energy beam-type collision-induced dissociation;AC=MS:1000422	5 ppm	0.6 Da	NT=dithiothreitol (DTT);AC=PRIDE:0000608	NT=methyl methanethiosulfonate (MMTS);AC=PRIDE:0000605	NT=Methylthio;AC=UNIMOD:39;TA=C;MT=Fixed	NT=Oxidation;AC=UNIMOD:35;TA=M;MT=Variable	NT=TMTpro;AC=UNIMOD:2016;TA=K;MT=Fixed	NT=TMTpro;AC=UNIMOD:2016;PP=Any N-term;MT=Fixed	control
A1	Homo sapiens	cell culture	not available	1	neuroblastoma	cell line	not available	not available	SK-N-AS	CVCL_1700	SK-N-AS	control	Lumos_200817_50-TMT126	proteomic profiling by mass spectrometry	1	Lumos_200817_50.raw	v1.1.0	NT=ms-proteomics;VV=v1.1.0	NT=human;VV=v1.1.0	NT=cell-lines;VV=v1.1.0	manual curation	NT=Data-dependent acquisition;AC=PRIDE:0000627	NT=Orbitrap Fusion Lumos;AC=MS:1002732	NT=Trypsin;AC=MS:1001251	TMT126	9	NT=higher energy beam-type collision-induced dissociation;AC=MS:1000422	5 ppm	0.6 Da	NT=dithiothreitol (DTT);AC=PRIDE:0000608	NT=methyl methanethiosulfonate (MMTS);AC=PRIDE:0000605	NT=Methylthio;AC=UNIMOD:39;TA=C;MT=Fixed	NT=Oxidation;AC=UNIMOD:35;TA=M;MT=Variable	NT=TMTpro;AC=UNIMOD:2016;TA=K;MT=Fixed	NT=TMTpro;AC=UNIMOD:2016;PP=Any N-term;MT=Fixed	control
A1	Homo sapiens	cell culture	not available	1	neuroblastoma	cell line	not available	not available	SK-N-AS	CVCL_1700	SK-N-AS	control	Lumos_200817_51-TMT126	proteomic profiling by mass spectrometry	1	Lumos_200817_51.raw	v1.1.0	NT=ms-proteomics;VV=v1.1.0	NT=human;VV=v1.1.0	NT=cell-lines;VV=v1.1.0	manual curation	NT=Data-dependent acquisition;AC=PRIDE:0000627	NT=Orbitrap Fusion Lumos;AC=MS:1002732	NT=Trypsin;AC=MS:1001251	TMT126	10	NT=higher energy beam-type collision-induced dissociation;AC=MS:1000422	5 ppm	0.6 Da	NT=dithiothreitol (DTT);AC=PRIDE:0000608	NT=methyl methanethiosulfonate (MMTS);AC=PRIDE:0000605	NT=Methylthio;AC=UNIMOD:39;TA=C;MT=Fixed	NT=Oxidation;AC=UNIMOD:35;TA=M;MT=Variable	NT=TMTpro;AC=UNIMOD:2016;TA=K;MT=Fixed	NT=TMTpro;AC=UNIMOD:2016;PP=Any N-term;MT=Fixed	control
A1	Homo sapiens	cell culture	not available	1	neuroblastoma	cell line	not available	not available	SK-N-AS	CVCL_1700	SK-N-AS	control	Lumos_200817_52-TMT126	proteomic profiling by mass spectrometry	1	Lumos_200817_52.raw	v1.1.0	NT=ms-proteomics;VV=v1.1.0	NT=human;VV=v1.1.0	NT=cell-lines;VV=v1.1.0	manual curation	NT=Data-dependent acquisition;AC=PRIDE:0000627	NT=Orbitrap Fusion Lumos;AC=MS:1002732	NT=Trypsin;AC=MS:1001251	TMT126	11	NT=higher energy beam-type collision-induced dissociation;AC=MS:1000422	5 ppm	0.6 Da	NT=dithiothreitol (DTT);AC=PRIDE:0000608	NT=methyl methanethiosulfonate (MMTS);AC=PRIDE:0000605	NT=Methylthio;AC=UNIMOD:39;TA=C;MT=Fixed	NT=Oxidation;AC=UNIMOD:35;TA=M;MT=Variable	NT=TMTpro;AC=UNIMOD:2016;TA=K;MT=Fixed	NT=TMTpro;AC=UNIMOD:2016;PP=Any N-term;MT=Fixed	control
A1	Homo sapiens	cell culture	not available	1	neuroblastoma	cell line	not available	not available	SK-N-AS	CVCL_1700	SK-N-AS	control	Lumos_200817_53-TMT126	proteomic profiling by mass spectrometry	1	Lumos_200817_53.raw	v1.1.0	NT=ms-proteomics;VV=v1.1.0	NT=human;VV=v1.1.0	NT=cell-lines;VV=v1.1.0	manual curation	NT=Data-dependent acquisition;AC=PRIDE:0000627	NT=Orbitrap Fusion Lumos;AC=MS:1002732	NT=Trypsin;AC=MS:1001251	TMT126	12	NT=higher energy beam-type collision-induced dissociation;AC=MS:1000422	5 ppm	0.6 Da	NT=dithiothreitol (DTT);AC=PRIDE:0000608	NT=methyl methanethiosulfonate (MMTS);AC=PRIDE:0000605	NT=Methylthio;AC=UNIMOD:39;TA=C;MT=Fixed	NT=Oxidation;AC=UNIMOD:35;TA=M;MT=Variable	NT=TMTpro;AC=UNIMOD:2016;TA=K;MT=Fixed	NT=TMTpro;AC=UNIMOD:2016;PP=Any N-term;MT=Fixed	control
A1	Homo sapiens	cell culture	not available	1	neuroblastoma	cell line	not available	not available	SK-N-AS	CVCL_1700	SK-N-AS	control	Lumos_200817_54-TMT126	proteomic profiling by mass spectrometry	1	Lumos_200817_54.raw	v1.1.0	NT=ms-proteomics;VV=v1.1.0	NT=human;VV=v1.1.0	NT=cell-lines;VV=v1.1.0	manual curation	NT=Data-dependent acquisition;AC=PRIDE:0000627	NT=Orbitrap Fusion Lumos;AC=MS:1002732	NT=Trypsin;AC=MS:1001251	TMT126	13	NT=higher energy beam-type collision-induced dissociation;AC=MS:1000422	5 ppm	0.6 Da	NT=dithiothreitol (DTT);AC=PRIDE:0000608	NT=methyl methanethiosulfonate (MMTS);AC=PRIDE:0000605	NT=Methylthio;AC=UNIMOD:39;TA=C;MT=Fixed	NT=Oxidation;AC=UNIMOD:35;TA=M;MT=Variable	NT=TMTpro;AC=UNIMOD:2016;TA=K;MT=Fixed	NT=TMTpro;AC=UNIMOD:2016;PP=Any N-term;MT=Fixed	control
A1	Homo sapiens	cell culture	not available	1	neuroblastoma	cell line	not available	not available	SK-N-AS	CVCL_1700	SK-N-AS	control	Lumos_200817_55-TMT126	proteomic profiling by mass spectrometry	1	Lumos_200817_55.raw	v1.1.0	NT=ms-proteomics;VV=v1.1.0	NT=human;VV=v1.1.0	NT=cell-lines;VV=v1.1.0	manual curation	NT=Data-dependent acquisition;AC=PRIDE:0000627	NT=Orbitrap Fusion Lumos;AC=MS:1002732	NT=Trypsin;AC=MS:1001251	TMT126	14	NT=higher energy beam-type collision-induced dissociation;AC=MS:1000422	5 ppm	0.6 Da	NT=dithiothreitol (DTT);AC=PRIDE:0000608	NT=methyl methanethiosulfonate (MMTS);AC=PRIDE:0000605	NT=Methylthio;AC=UNIMOD:39;TA=C;MT=Fixed	NT=Oxidation;AC=UNIMOD:35;TA=M;MT=Variable	NT=TMTpro;AC=UNIMOD:2016;TA=K;MT=Fixed	NT=TMTpro;AC=UNIMOD:2016;PP=Any N-term;MT=Fixed	control
A1	Homo sapiens	cell culture	not available	1	neuroblastoma	cell line	not available	not available	SK-N-AS	CVCL_1700	SK-N-AS	control	Lumos_200817_56-TMT126	proteomic profiling by mass spectrometry	1	Lumos_200817_56.raw	v1.1.0	NT=ms-proteomics;VV=v1.1.0	NT=human;VV=v1.1.0	NT=cell-lines;VV=v1.1.0	manual curation	NT=Data-dependent acquisition;AC=PRIDE:0000627	NT=Orbitrap Fusion Lumos;AC=MS:1002732	NT=Trypsin;AC=MS:1001251	TMT126	15	NT=higher energy beam-type collision-induced dissociation;AC=MS:1000422	5 ppm	0.6 Da	NT=dithiothreitol (DTT);AC=PRIDE:0000608	NT=methyl methanethiosulfonate (MMTS);AC=PRIDE:0000605	NT=Methylthio;AC=UNIMOD:39;TA=C;MT=Fixed	NT=Oxidation;AC=UNIMOD:35;TA=M;MT=Variable	NT=TMTpro;AC=UNIMOD:2016;TA=K;MT=Fixed	NT=TMTpro;AC=UNIMOD:2016;PP=Any N-term;MT=Fixed	control
A1	Homo sapiens	cell culture	not available	1	neuroblastoma	cell line	not available	not available	SK-N-AS	CVCL_1700	SK-N-AS	control	Lumos_200817_57-TMT126	proteomic profiling by mass spectrometry	1	Lumos_200817_57.raw	v1.1.0	NT=ms-proteomics;VV=v1.1.0	NT=human;VV=v1.1.0	NT=cell-lines;VV=v1.1.0	manual curation	NT=Data-dependent acquisition;AC=PRIDE:0000627	NT=Orbitrap Fusion Lumos;AC=MS:1002732	NT=Trypsin;AC=MS:1001251	TMT126	16	NT=higher energy beam-type collision-induced dissociation;AC=MS:1000422	5 ppm	0.6 Da	NT=dithiothreitol (DTT);AC=PRIDE:0000608	NT=methyl methanethiosulfonate (MMTS);AC=PRIDE:0000605	NT=Methylthio;AC=UNIMOD:39;TA=C;MT=Fixed	NT=Oxidation;AC=UNIMOD:35;TA=M;MT=Variable	NT=TMTpro;AC=UNIMOD:2016;TA=K;MT=Fixed	NT=TMTpro;AC=UNIMOD:2016;PP=Any N-term;MT=Fixed	control
A1	Homo sapiens	cell culture	not available	1	neuroblastoma	cell line	not available	not available	SK-N-AS	CVCL_1700	SK-N-AS	control	Lumos_200817_58-TMT126	proteomic profiling by mass spectrometry	1	Lumos_200817_58.raw	v1.1.0	NT=ms-proteomics;VV=v1.1.0	NT=human;VV=v1.1.0	NT=cell-lines;VV=v1.1.0	manual curation	NT=Data-dependent acquisition;AC=PRIDE:0000627	NT=Orbitrap Fusion Lumos;AC=MS:1002732	NT=Trypsin;AC=MS:1001251	TMT126	17	NT=higher energy beam-type collision-induced dissociation;AC=MS:1000422	5 ppm	0.6 Da	NT=dithiothreitol (DTT);AC=PRIDE:0000608	NT=methyl methanethiosulfonate (MMTS);AC=PRIDE:0000605	NT=Methylthio;AC=UNIMOD:39;TA=C;MT=Fixed	NT=Oxidation;AC=UNIMOD:35;TA=M;MT=Variable	NT=TMTpro;AC=UNIMOD:2016;TA=K;MT=Fixed	NT=TMTpro;AC=UNIMOD:2016;PP=Any N-term;MT=Fixed	control
A1	Homo sapiens	cell culture	not available	1	neuroblastoma	cell line	not available	not available	SK-N-AS	CVCL_1700	SK-N-AS	control	Lumos_200817_59-TMT126	proteomic profiling by mass spectrometry	1	Lumos_200817_59.raw	v1.1.0	NT=ms-proteomics;VV=v1.1.0	NT=human;VV=v1.1.0	NT=cell-lines;VV=v1.1.0	manual curation	NT=Data-dependent acquisition;AC=PRIDE:0000627	NT=Orbitrap Fusion Lumos;AC=MS:1002732	NT=Trypsin;AC=MS:1001251	TMT126	18	NT=higher energy beam-type collision-induced dissociation;AC=MS:1000422	5 ppm	0.6 Da	NT=dithiothreitol (DTT);AC=PRIDE:0000608	NT=methyl methanethiosulfonate (MMTS);AC=PRIDE:0000605	NT=Methylthio;AC=UNIMOD:39;TA=C;MT=Fixed	NT=Oxidation;AC=UNIMOD:35;TA=M;MT=Variable	NT=TMTpro;AC=UNIMOD:2016;TA=K;MT=Fixed	NT=TMTpro;AC=UNIMOD:2016;PP=Any N-term;MT=Fixed	control
A1	Homo sapiens	cell culture	not available	1	neuroblastoma	cell line	not available	not available	SK-N-AS	CVCL_1700	SK-N-AS	control	Lumos_200817_60-TMT126	proteomic profiling by mass spectrometry	1	Lumos_200817_60.raw	v1.1.0	NT=ms-proteomics;VV=v1.1.0	NT=human;VV=v1.1.0	NT=cell-lines;VV=v1.1.0	manual curation	NT=Data-dependent acquisition;AC=PRIDE:0000627	NT=Orbitrap Fusion Lumos;AC=MS:1002732	NT=Trypsin;AC=MS:1001251	TMT126	19	NT=higher energy beam-type collision-induced dissociation;AC=MS:1000422	5 ppm	0.6 Da	NT=dithiothreitol (DTT);AC=PRIDE:0000608	NT=methyl methanethiosulfonate (MMTS);AC=PRIDE:0000605	NT=Methylthio;AC=UNIMOD:39;TA=C;MT=Fixed	NT=Oxidation;AC=UNIMOD:35;TA=M;MT=Variable	NT=TMTpro;AC=UNIMOD:2016;TA=K;MT=Fixed	NT=TMTpro;AC=UNIMOD:2016;PP=Any N-term;MT=Fixed	control
A1	Homo sapiens	cell culture	not available	1	neuroblastoma	cell line	not available	not available	SK-N-AS	CVCL_1700	SK-N-AS	control	Lumos_200817_61-TMT126	proteomic profiling by mass spectrometry	1	Lumos_200817_61.raw	v1.1.0	NT=ms-proteomics;VV=v1.1.0	NT=human;VV=v1.1.0	NT=cell-lines;VV=v1.1.0	manual curation	NT=Data-dependent acquisition;AC=PRIDE:0000627	NT=Orbitrap Fusion Lumos;AC=MS:1002732	NT=Trypsin;AC=MS:1001251	TMT126	20	NT=higher energy beam-type collision-induced dissociation;AC=MS:1000422	5 ppm	0.6 Da	NT=dithiothreitol (DTT);AC=PRIDE:0000608	NT=methyl methanethiosulfonate (MMTS);AC=PRIDE:0000605	NT=Methylthio;AC=UNIMOD:39;TA=C;MT=Fixed	NT=Oxidation;AC=UNIMOD:35;TA=M;MT=Variable	NT=TMTpro;AC=UNIMOD:2016;TA=K;MT=Fixed	NT=TMTpro;AC=UNIMOD:2016;PP=Any N-term;MT=Fixed	control
A1	Homo sapiens	cell culture	not available	1	neuroblastoma	cell line	not available	not available	SK-N-AS	CVCL_1700	SK-N-AS	control	Lumos_200817_62-TMT126	proteomic profiling by mass spectrometry	1	Lumos_200817_62.raw	v1.1.0	NT=ms-proteomics;VV=v1.1.0	NT=human;VV=v1.1.0	NT=cell-lines;VV=v1.1.0	manual curation	NT=Data-dependent acquisition;AC=PRIDE:0000627	NT=Orbitrap Fusion Lumos;AC=MS:1002732	NT=Trypsin;AC=MS:1001251	TMT126	21	NT=higher energy beam-type collision-induced dissociation;AC=MS:1000422	5 ppm	0.6 Da	NT=dithiothreitol (DTT);AC=PRIDE:0000608	NT=methyl methanethiosulfonate (MMTS);AC=PRIDE:0000605	NT=Methylthio;AC=UNIMOD:39;TA=C;MT=Fixed	NT=Oxidation;AC=UNIMOD:35;TA=M;MT=Variable	NT=TMTpro;AC=UNIMOD:2016;TA=K;MT=Fixed	NT=TMTpro;AC=UNIMOD:2016;PP=Any N-term;MT=Fixed	control
A1	Homo sapiens	cell culture	not available	1	neuroblastoma	cell line	not available	not available	SK-N-AS	CVCL_1700	SK-N-AS	control	Lumos_200817_63-TMT126	proteomic profiling by mass spectrometry	1	Lumos_200817_63.raw	v1.1.0	NT=ms-proteomics;VV=v1.1.0	NT=human;VV=v1.1.0	NT=cell-lines;VV=v1.1.0	manual curation	NT=Data-dependent acquisition;AC=PRIDE:0000627	NT=Orbitrap Fusion Lumos;AC=MS:1002732	NT=Trypsin;AC=MS:1001251	TMT126	22	NT=higher energy beam-type collision-induced dissociation;AC=MS:1000422	5 ppm	0.6 Da	NT=dithiothreitol (DTT);AC=PRIDE:0000608	NT=methyl methanethiosulfonate (MMTS);AC=PRIDE:0000605	NT=Methylthio;AC=UNIMOD:39;TA=C;MT=Fixed	NT=Oxidation;AC=UNIMOD:35;TA=M;MT=Variable	NT=TMTpro;AC=UNIMOD:2016;TA=K;MT=Fixed	NT=TMTpro;AC=UNIMOD:2016;PP=Any N-term;MT=Fixed	control
A1	Homo sapiens	cell culture	not available	1	neuroblastoma	cell line	not available	not available	SK-N-AS	CVCL_1700	SK-N-AS	control	Lumos_200817_64-TMT126	proteomic profiling by mass spectrometry	1	Lumos_200817_64.raw	v1.1.0	NT=ms-proteomics;VV=v1.1.0	NT=human;VV=v1.1.0	NT=cell-lines;VV=v1.1.0	manual curation	NT=Data-dependent acquisition;AC=PRIDE:0000627	NT=Orbitrap Fusion Lumos;AC=MS:1002732	NT=Trypsin;AC=MS:1001251	TMT126	23	NT=higher energy beam-type collision-induced dissociation;AC=MS:1000422	5 ppm	0.6 Da	NT=dithiothreitol (DTT);AC=PRIDE:0000608	NT=methyl methanethiosulfonate (MMTS);AC=PRIDE:0000605	NT=Methylthio;AC=UNIMOD:39;TA=C;MT=Fixed	NT=Oxidation;AC=UNIMOD:35;TA=M;MT=Variable	NT=TMTpro;AC=UNIMOD:2016;TA=K;MT=Fixed	NT=TMTpro;AC=UNIMOD:2016;PP=Any N-term;MT=Fixed	control
A1	Homo sapiens	cell culture	not available	1	neuroblastoma	cell line	not available	not available	SK-N-AS	CVCL_1700	SK-N-AS	control	Lumos_200817_65-TMT126	proteomic profiling by mass spectrometry	1	Lumos_200817_65.raw	v1.1.0	NT=ms-proteomics;VV=v1.1.0	NT=human;VV=v1.1.0	NT=cell-lines;VV=v1.1.0	manual curation	NT=Data-dependent acquisition;AC=PRIDE:0000627	NT=Orbitrap Fusion Lumos;AC=MS:1002732	NT=Trypsin;AC=MS:1001251	TMT126	24	NT=higher energy beam-type collision-induced dissociation;AC=MS:1000422	5 ppm	0.6 Da	NT=dithiothreitol (DTT);AC=PRIDE:0000608	NT=methyl methanethiosulfonate (MMTS);AC=PRIDE:0000605	NT=Methylthio;AC=UNIMOD:39;TA=C;MT=Fixed	NT=Oxidation;AC=UNIMOD:35;TA=M;MT=Variable	NT=TMTpro;AC=UNIMOD:2016;TA=K;MT=Fixed	NT=TMTpro;AC=UNIMOD:2016;PP=Any N-term;MT=Fixed	control
A1	Homo sapiens	cell culture	not available	1	neuroblastoma	cell line	not available	not available	SK-N-AS	CVCL_1700	SK-N-AS	control	Lumos_200817_66-TMT126	proteomic profiling by mass spectrometry	1	Lumos_200817_66.raw	v1.1.0	NT=ms-proteomics;VV=v1.1.0	NT=human;VV=v1.1.0	NT=cell-lines;VV=v1.1.0	manual curation	NT=Data-dependent acquisition;AC=PRIDE:0000627	NT=Orbitrap Fusion Lumos;AC=MS:1002732	NT=Trypsin;AC=MS:1001251	TMT126	25	NT=higher energy beam-type collision-induced dissociation;AC=MS:1000422	5 ppm	0.6 Da	NT=dithiothreitol (DTT);AC=PRIDE:0000608	NT=methyl methanethiosulfonate (MMTS);AC=PRIDE:0000605	NT=Methylthio;AC=UNIMOD:39;TA=C;MT=Fixed	NT=Oxidation;AC=UNIMOD:35;TA=M;MT=Variable	NT=TMTpro;AC=UNIMOD:2016;TA=K;MT=Fixed	NT=TMTpro;AC=UNIMOD:2016;PP=Any N-term;MT=Fixed	control
A1	Homo sapiens	cell culture	not available	1	neuroblastoma	cell line	not available	not available	SK-N-AS	CVCL_1700	SK-N-AS	control	Lumos_200817_67-TMT126	proteomic profiling by mass spectrometry	1	Lumos_200817_67.raw	v1.1.0	NT=ms-proteomics;VV=v1.1.0	NT=human;VV=v1.1.0	NT=cell-lines;VV=v1.1.0	manual curation	NT=Data-dependent acquisition;AC=PRIDE:0000627	NT=Orbitrap Fusion Lumos;AC=MS:1002732	NT=Trypsin;AC=MS:1001251	TMT126	26	NT=higher energy beam-type collision-induced dissociation;AC=MS:1000422	5 ppm	0.6 Da	NT=dithiothreitol (DTT);AC=PRIDE:0000608	NT=methyl methanethiosulfonate (MMTS);AC=PRIDE:0000605	NT=Methylthio;AC=UNIMOD:39;TA=C;MT=Fixed	NT=Oxidation;AC=UNIMOD:35;TA=M;MT=Variable	NT=TMTpro;AC=UNIMOD:2016;TA=K;MT=Fixed	NT=TMTpro;AC=UNIMOD:2016;PP=Any N-term;MT=Fixed	control
A1	Homo sapiens	cell culture	not available	1	neuroblastoma	cell line	not available	not available	SK-N-AS	CVCL_1700	SK-N-AS	control	Lumos_200817_68-TMT126	proteomic profiling by mass spectrometry	1	Lumos_200817_68.raw	v1.1.0	NT=ms-proteomics;VV=v1.1.0	NT=human;VV=v1.1.0	NT=cell-lines;VV=v1.1.0	manual curation	NT=Data-dependent acquisition;AC=PRIDE:0000627	NT=Orbitrap Fusion Lumos;AC=MS:1002732	NT=Trypsin;AC=MS:1001251	TMT126	27	NT=higher energy beam-type collision-induced dissociation;AC=MS:1000422	5 ppm	0.6 Da	NT=dithiothreitol (DTT);AC=PRIDE:0000608	NT=methyl methanethiosulfonate (MMTS);AC=PRIDE:0000605	NT=Methylthio;AC=UNIMOD:39;TA=C;MT=Fixed	NT=Oxidation;AC=UNIMOD:35;TA=M;MT=Variable	NT=TMTpro;AC=UNIMOD:2016;TA=K;MT=Fixed	NT=TMTpro;AC=UNIMOD:2016;PP=Any N-term;MT=Fixed	control
A1	Homo sapiens	cell culture	not available	1	neuroblastoma	cell line	not available	not available	SK-N-AS	CVCL_1700	SK-N-AS	control	Lumos_200817_69-TMT126	proteomic profiling by mass spectrometry	1	Lumos_200817_69.raw	v1.1.0	NT=ms-proteomics;VV=v1.1.0	NT=human;VV=v1.1.0	NT=cell-lines;VV=v1.1.0	manual curation	NT=Data-dependent acquisition;AC=PRIDE:0000627	NT=Orbitrap Fusion Lumos;AC=MS:1002732	NT=Trypsin;AC=MS:1001251	TMT126	28	NT=higher energy beam-type collision-induced dissociation;AC=MS:1000422	5 ppm	0.6 Da	NT=dithiothreitol (DTT);AC=PRIDE:0000608	NT=methyl methanethiosulfonate (MMTS);AC=PRIDE:0000605	NT=Methylthio;AC=UNIMOD:39;TA=C;MT=Fixed	NT=Oxidation;AC=UNIMOD:35;TA=M;MT=Variable	NT=TMTpro;AC=UNIMOD:2016;TA=K;MT=Fixed	NT=TMTpro;AC=UNIMOD:2016;PP=Any N-term;MT=Fixed	control
A1	Homo sapiens	cell culture	not available	1	neuroblastoma	cell line	not available	not available	SK-N-AS	CVCL_1700	SK-N-AS	control	Lumos_200817_70-TMT126	proteomic profiling by mass spectrometry	1	Lumos_200817_70.raw	v1.1.0	NT=ms-proteomics;VV=v1.1.0	NT=human;VV=v1.1.0	NT=cell-lines;VV=v1.1.0	manual curation	NT=Data-dependent acquisition;AC=PRIDE:0000627	NT=Orbitrap Fusion Lumos;AC=MS:1002732	NT=Trypsin;AC=MS:1001251	TMT126	29	NT=higher energy beam-type collision-induced dissociation;AC=MS:1000422	5 ppm	0.6 Da	NT=dithiothreitol (DTT);AC=PRIDE:0000608	NT=methyl methanethiosulfonate (MMTS);AC=PRIDE:0000605	NT=Methylthio;AC=UNIMOD:39;TA=C;MT=Fixed	NT=Oxidation;AC=UNIMOD:35;TA=M;MT=Variable	NT=TMTpro;AC=UNIMOD:2016;TA=K;MT=Fixed	NT=TMTpro;AC=UNIMOD:2016;PP=Any N-term;MT=Fixed	control
A1	Homo sapiens	cell culture	not available	1	neuroblastoma	cell line	not available	not available	SK-N-AS	CVCL_1700	SK-N-AS	control	Lumos_200817_71-TMT126	proteomic profiling by mass spectrometry	1	Lumos_200817_71.raw	v1.1.0	NT=ms-proteomics;VV=v1.1.0	NT=human;VV=v1.1.0	NT=cell-lines;VV=v1.1.0	manual curation	NT=Data-dependent acquisition;AC=PRIDE:0000627	NT=Orbitrap Fusion Lumos;AC=MS:1002732	NT=Trypsin;AC=MS:1001251	TMT126	30	NT=higher energy beam-type collision-induced dissociation;AC=MS:1000422	5 ppm	0.6 Da	NT=dithiothreitol (DTT);AC=PRIDE:0000608	NT=methyl methanethiosulfonate (MMTS);AC=PRIDE:0000605	NT=Methylthio;AC=UNIMOD:39;TA=C;MT=Fixed	NT=Oxidation;AC=UNIMOD:35;TA=M;MT=Variable	NT=TMTpro;AC=UNIMOD:2016;TA=K;MT=Fixed	NT=TMTpro;AC=UNIMOD:2016;PP=Any N-term;MT=Fixed	control
A10	Homo sapiens	cell culture	not available	1	neuroblastoma	cell line	not available	not available	SK-N-AS	CVCL_1700	SK-N-AS	RET knockout clone C5	Lumos_200817_42-TMT127N	proteomic profiling by mass spectrometry	1	Lumos_200817_42.raw	v1.1.0	NT=ms-proteomics;VV=v1.1.0	NT=human;VV=v1.1.0	NT=cell-lines;VV=v1.1.0	manual curation	NT=Data-dependent acquisition;AC=PRIDE:0000627	NT=Orbitrap Fusion Lumos;AC=MS:1002732	NT=Trypsin;AC=MS:1001251	TMT127N	1	NT=higher energy beam-type collision-induced dissociation;AC=MS:1000422	5 ppm	0.6 Da	NT=dithiothreitol (DTT);AC=PRIDE:0000608	NT=methyl methanethiosulfonate (MMTS);AC=PRIDE:0000605	NT=Methylthio;AC=UNIMOD:39;TA=C;MT=Fixed	NT=Oxidation;AC=UNIMOD:35;TA=M;MT=Variable	NT=TMTpro;AC=UNIMOD:2016;TA=K;MT=Fixed	NT=TMTpro;AC=UNIMOD:2016;PP=Any N-term;MT=Fixed	RET knockout clone C5
A10	Homo sapiens	cell culture	not available	1	neuroblastoma	cell line	not available	not available	SK-N-AS	CVCL_1700	SK-N-AS	RET knockout clone C5	Lumos_200817_43-TMT127N	proteomic profiling by mass spectrometry	1	Lumos_200817_43.raw	v1.1.0	NT=ms-proteomics;VV=v1.1.0	NT=human;VV=v1.1.0	NT=cell-lines;VV=v1.1.0	manual curation	NT=Data-dependent acquisition;AC=PRIDE:0000627	NT=Orbitrap Fusion Lumos;AC=MS:1002732	NT=Trypsin;AC=MS:1001251	TMT127N	2	NT=higher energy beam-type collision-induced dissociation;AC=MS:1000422	5 ppm	0.6 Da	NT=dithiothreitol (DTT);AC=PRIDE:0000608	NT=methyl methanethiosulfonate (MMTS);AC=PRIDE:0000605	NT=Methylthio;AC=UNIMOD:39;TA=C;MT=Fixed	NT=Oxidation;AC=UNIMOD:35;TA=M;MT=Variable	NT=TMTpro;AC=UNIMOD:2016;TA=K;MT=Fixed	NT=TMTpro;AC=UNIMOD:2016;PP=Any N-term;MT=Fixed	RET knockout clone C5
A10	Homo sapiens	cell culture	not available	1	neuroblastoma	cell line	not available	not available	SK-N-AS	CVCL_1700	SK-N-AS	RET knockout clone C5	Lumos_200817_44-TMT127N	proteomic profiling by mass spectrometry	1	Lumos_200817_44.raw	v1.1.0	NT=ms-proteomics;VV=v1.1.0	NT=human;VV=v1.1.0	NT=cell-lines;VV=v1.1.0	manual curation	NT=Data-dependent acquisition;AC=PRIDE:0000627	NT=Orbitrap Fusion Lumos;AC=MS:1002732	NT=Trypsin;AC=MS:1001251	TMT127N	3	NT=higher energy beam-type collision-induced dissociation;AC=MS:1000422	5 ppm	0.6 Da	NT=dithiothreitol (DTT);AC=PRIDE:0000608	NT=methyl methanethiosulfonate (MMTS);AC=PRIDE:0000605	NT=Methylthio;AC=UNIMOD:39;TA=C;MT=Fixed	NT=Oxidation;AC=UNIMOD:35;TA=M;MT=Variable	NT=TMTpro;AC=UNIMOD:2016;TA=K;MT=Fixed	NT=TMTpro;AC=UNIMOD:2016;PP=Any N-term;MT=Fixed	RET knockout clone C5
A10	Homo sapiens	cell culture	not available	1	neuroblastoma	cell line	not available	not available	SK-N-AS	CVCL_1700	SK-N-AS	RET knockout clone C5	Lumos_200817_45-TMT127N	proteomic profiling by mass spectrometry	1	Lumos_200817_45.raw	v1.1.0	NT=ms-proteomics;VV=v1.1.0	NT=human;VV=v1.1.0	NT=cell-lines;VV=v1.1.0	manual curation	NT=Data-dependent acquisition;AC=PRIDE:0000627	NT=Orbitrap Fusion Lumos;AC=MS:1002732	NT=Trypsin;AC=MS:1001251	TMT127N	4	NT=higher energy beam-type collision-induced dissociation;AC=MS:1000422	5 ppm	0.6 Da	NT=dithiothreitol (DTT);AC=PRIDE:0000608	NT=methyl methanethiosulfonate (MMTS);AC=PRIDE:0000605	NT=Methylthio;AC=UNIMOD:39;TA=C;MT=Fixed	NT=Oxidation;AC=UNIMOD:35;TA=M;MT=Variable	NT=TMTpro;AC=UNIMOD:2016;TA=K;MT=Fixed	NT=TMTpro;AC=UNIMOD:2016;PP=Any N-term;MT=Fixed	RET knockout clone C5
A10	Homo sapiens	cell culture	not available	1	neuroblastoma	cell line	not available	not available	SK-N-AS	CVCL_1700	SK-N-AS	RET knockout clone C5	Lumos_200817_46-TMT127N	proteomic profiling by mass spectrometry	1	Lumos_200817_46.raw	v1.1.0	NT=ms-proteomics;VV=v1.1.0	NT=human;VV=v1.1.0	NT=cell-lines;VV=v1.1.0	manual curation	NT=Data-dependent acquisition;AC=PRIDE:0000627	NT=Orbitrap Fusion Lumos;AC=MS:1002732	NT=Trypsin;AC=MS:1001251	TMT127N	5	NT=higher energy beam-type collision-induced dissociation;AC=MS:1000422	5 ppm	0.6 Da	NT=dithiothreitol (DTT);AC=PRIDE:0000608	NT=methyl methanethiosulfonate (MMTS);AC=PRIDE:0000605	NT=Methylthio;AC=UNIMOD:39;TA=C;MT=Fixed	NT=Oxidation;AC=UNIMOD:35;TA=M;MT=Variable	NT=TMTpro;AC=UNIMOD:2016;TA=K;MT=Fixed	NT=TMTpro;AC=UNIMOD:2016;PP=Any N-term;MT=Fixed	RET knockout clone C5
A10	Homo sapiens	cell culture	not available	1	neuroblastoma	cell line	not available	not available	SK-N-AS	CVCL_1700	SK-N-AS	RET knockout clone C5	Lumos_200817_47-TMT127N	proteomic profiling by mass spectrometry	1	Lumos_200817_47.raw	v1.1.0	NT=ms-proteomics;VV=v1.1.0	NT=human;VV=v1.1.0	NT=cell-lines;VV=v1.1.0	manual curation	NT=Data-dependent acquisition;AC=PRIDE:0000627	NT=Orbitrap Fusion Lumos;AC=MS:1002732	NT=Trypsin;AC=MS:1001251	TMT127N	6	NT=higher energy beam-type collision-induced dissociation;AC=MS:1000422	5 ppm	0.6 Da	NT=dithiothreitol (DTT);AC=PRIDE:0000608	NT=methyl methanethiosulfonate (MMTS);AC=PRIDE:0000605	NT=Methylthio;AC=UNIMOD:39;TA=C;MT=Fixed	NT=Oxidation;AC=UNIMOD:35;TA=M;MT=Variable	NT=TMTpro;AC=UNIMOD:2016;TA=K;MT=Fixed	NT=TMTpro;AC=UNIMOD:2016;PP=Any N-term;MT=Fixed	RET knockout clone C5
A10	Homo sapiens	cell culture	not available	1	neuroblastoma	cell line	not available	not available	SK-N-AS	CVCL_1700	SK-N-AS	RET knockout clone C5	Lumos_200817_48-TMT127N	proteomic profiling by mass spectrometry	1	Lumos_200817_48.raw	v1.1.0	NT=ms-proteomics;VV=v1.1.0	NT=human;VV=v1.1.0	NT=cell-lines;VV=v1.1.0	manual curation	NT=Data-dependent acquisition;AC=PRIDE:0000627	NT=Orbitrap Fusion Lumos;AC=MS:1002732	NT=Trypsin;AC=MS:1001251	TMT127N	7	NT=higher energy beam-type collision-induced dissociation;AC=MS:1000422	5 ppm	0.6 Da	NT=dithiothreitol (DTT);AC=PRIDE:0000608	NT=methyl methanethiosulfonate (MMTS);AC=PRIDE:0000605	NT=Methylthio;AC=UNIMOD:39;TA=C;MT=Fixed	NT=Oxidation;AC=UNIMOD:35;TA=M;MT=Variable	NT=TMTpro;AC=UNIMOD:2016;TA=K;MT=Fixed	NT=TMTpro;AC=UNIMOD:2016;PP=Any N-term;MT=Fixed	RET knockout clone C5
A10	Homo sapiens	cell culture	not available	1	neuroblastoma	cell line	not available	not available	SK-N-AS	CVCL_1700	SK-N-AS	RET knockout clone C5	Lumos_200817_49-TMT127N	proteomic profiling by mass spectrometry	1	Lumos_200817_49.raw	v1.1.0	NT=ms-proteomics;VV=v1.1.0	NT=human;VV=v1.1.0	NT=cell-lines;VV=v1.1.0	manual curation	NT=Data-dependent acquisition;AC=PRIDE:0000627	NT=Orbitrap Fusion Lumos;AC=MS:1002732	NT=Trypsin;AC=MS:1001251	TMT127N	8	NT=higher energy beam-type collision-induced dissociation;AC=MS:1000422	5 ppm	0.6 Da	NT=dithiothreitol (DTT);AC=PRIDE:0000608	NT=methyl methanethiosulfonate (MMTS);AC=PRIDE:0000605	NT=Methylthio;AC=UNIMOD:39;TA=C;MT=Fixed	NT=Oxidation;AC=UNIMOD:35;TA=M;MT=Variable	NT=TMTpro;AC=UNIMOD:2016;TA=K;MT=Fixed	NT=TMTpro;AC=UNIMOD:2016;PP=Any N-term;MT=Fixed	RET knockout clone C5
A10	Homo sapiens	cell culture	not available	1	neuroblastoma	cell line	not available	not available	SK-N-AS	CVCL_1700	SK-N-AS	RET knockout clone C5	Lumos_200817_50-TMT127N	proteomic profiling by mass spectrometry	1	Lumos_200817_50.raw	v1.1.0	NT=ms-proteomics;VV=v1.1.0	NT=human;VV=v1.1.0	NT=cell-lines;VV=v1.1.0	manual curation	NT=Data-dependent acquisition;AC=PRIDE:0000627	NT=Orbitrap Fusion Lumos;AC=MS:1002732	NT=Trypsin;AC=MS:1001251	TMT127N	9	NT=higher energy beam-type collision-induced dissociation;AC=MS:1000422	5 ppm	0.6 Da	NT=dithiothreitol (DTT);AC=PRIDE:0000608	NT=methyl methanethiosulfonate (MMTS);AC=PRIDE:0000605	NT=Methylthio;AC=UNIMOD:39;TA=C;MT=Fixed	NT=Oxidation;AC=UNIMOD:35;TA=M;MT=Variable	NT=TMTpro;AC=UNIMOD:2016;TA=K;MT=Fixed	NT=TMTpro;AC=UNIMOD:2016;PP=Any N-term;MT=Fixed	RET knockout clone C5
A10	Homo sapiens	cell culture	not available	1	neuroblastoma	cell line	not available	not available	SK-N-AS	CVCL_1700	SK-N-AS	RET knockout clone C5	Lumos_200817_51-TMT127N	proteomic profiling by mass spectrometry	1	Lumos_200817_51.raw	v1.1.0	NT=ms-proteomics;VV=v1.1.0	NT=human;VV=v1.1.0	NT=cell-lines;VV=v1.1.0	manual curation	NT=Data-dependent acquisition;AC=PRIDE:0000627	NT=Orbitrap Fusion Lumos;AC=MS:1002732	NT=Trypsin;AC=MS:1001251	TMT127N	10	NT=higher energy beam-type collision-induced dissociation;AC=MS:1000422	5 ppm	0.6 Da	NT=dithiothreitol (DTT);AC=PRIDE:0000608	NT=methyl methanethiosulfonate (MMTS);AC=PRIDE:0000605	NT=Methylthio;AC=UNIMOD:39;TA=C;MT=Fixed	NT=Oxidation;AC=UNIMOD:35;TA=M;MT=Variable	NT=TMTpro;AC=UNIMOD:2016;TA=K;MT=Fixed	NT=TMTpro;AC=UNIMOD:2016;PP=Any N-term;MT=Fixed	RET knockout clone C5
A10	Homo sapiens	cell culture	not available	1	neuroblastoma	cell line	not available	not available	SK-N-AS	CVCL_1700	SK-N-AS	RET knockout clone C5	Lumos_200817_52-TMT127N	proteomic profiling by mass spectrometry	1	Lumos_200817_52.raw	v1.1.0	NT=ms-proteomics;VV=v1.1.0	NT=human;VV=v1.1.0	NT=cell-lines;VV=v1.1.0	manual curation	NT=Data-dependent acquisition;AC=PRIDE:0000627	NT=Orbitrap Fusion Lumos;AC=MS:1002732	NT=Trypsin;AC=MS:1001251	TMT127N	11	NT=higher energy beam-type collision-induced dissociation;AC=MS:1000422	5 ppm	0.6 Da	NT=dithiothreitol (DTT);AC=PRIDE:0000608	NT=methyl methanethiosulfonate (MMTS);AC=PRIDE:0000605	NT=Methylthio;AC=UNIMOD:39;TA=C;MT=Fixed	NT=Oxidation;AC=UNIMOD:35;TA=M;MT=Variable	NT=TMTpro;AC=UNIMOD:2016;TA=K;MT=Fixed	NT=TMTpro;AC=UNIMOD:2016;PP=Any N-term;MT=Fixed	RET knockout clone C5
A10	Homo sapiens	cell culture	not available	1	neuroblastoma	cell line	not available	not available	SK-N-AS	CVCL_1700	SK-N-AS	RET knockout clone C5	Lumos_200817_53-TMT127N	proteomic profiling by mass spectrometry	1	Lumos_200817_53.raw	v1.1.0	NT=ms-proteomics;VV=v1.1.0	NT=human;VV=v1.1.0	NT=cell-lines;VV=v1.1.0	manual curation	NT=Data-dependent acquisition;AC=PRIDE:0000627	NT=Orbitrap Fusion Lumos;AC=MS:1002732	NT=Trypsin;AC=MS:1001251	TMT127N	12	NT=higher energy beam-type collision-induced dissociation;AC=MS:1000422	5 ppm	0.6 Da	NT=dithiothreitol (DTT);AC=PRIDE:0000608	NT=methyl methanethiosulfonate (MMTS);AC=PRIDE:0000605	NT=Methylthio;AC=UNIMOD:39;TA=C;MT=Fixed	NT=Oxidation;AC=UNIMOD:35;TA=M;MT=Variable	NT=TMTpro;AC=UNIMOD:2016;TA=K;MT=Fixed	NT=TMTpro;AC=UNIMOD:2016;PP=Any N-term;MT=Fixed	RET knockout clone C5
A10	Homo sapiens	cell culture	not available	1	neuroblastoma	cell line	not available	not available	SK-N-AS	CVCL_1700	SK-N-AS	RET knockout clone C5	Lumos_200817_54-TMT127N	proteomic profiling by mass spectrometry	1	Lumos_200817_54.raw	v1.1.0	NT=ms-proteomics;VV=v1.1.0	NT=human;VV=v1.1.0	NT=cell-lines;VV=v1.1.0	manual curation	NT=Data-dependent acquisition;AC=PRIDE:0000627	NT=Orbitrap Fusion Lumos;AC=MS:1002732	NT=Trypsin;AC=MS:1001251	TMT127N	13	NT=higher energy beam-type collision-induced dissociation;AC=MS:1000422	5 ppm	0.6 Da	NT=dithiothreitol (DTT);AC=PRIDE:0000608	NT=methyl methanethiosulfonate (MMTS);AC=PRIDE:0000605	NT=Methylthio;AC=UNIMOD:39;TA=C;MT=Fixed	NT=Oxidation;AC=UNIMOD:35;TA=M;MT=Variable	NT=TMTpro;AC=UNIMOD:2016;TA=K;MT=Fixed	NT=TMTpro;AC=UNIMOD:2016;PP=Any N-term;MT=Fixed	RET knockout clone C5
A10	Homo sapiens	cell culture	not available	1	neuroblastoma	cell line	not available	not available	SK-N-AS	CVCL_1700	SK-N-AS	RET knockout clone C5	Lumos_200817_55-TMT127N	proteomic profiling by mass spectrometry	1	Lumos_200817_55.raw	v1.1.0	NT=ms-proteomics;VV=v1.1.0	NT=human;VV=v1.1.0	NT=cell-lines;VV=v1.1.0	manual curation	NT=Data-dependent acquisition;AC=PRIDE:0000627	NT=Orbitrap Fusion Lumos;AC=MS:1002732	NT=Trypsin;AC=MS:1001251	TMT127N	14	NT=higher energy beam-type collision-induced dissociation;AC=MS:1000422	5 ppm	0.6 Da	NT=dithiothreitol (DTT);AC=PRIDE:0000608	NT=methyl methanethiosulfonate (MMTS);AC=PRIDE:0000605	NT=Methylthio;AC=UNIMOD:39;TA=C;MT=Fixed	NT=Oxidation;AC=UNIMOD:35;TA=M;MT=Variable	NT=TMTpro;AC=UNIMOD:2016;TA=K;MT=Fixed	NT=TMTpro;AC=UNIMOD:2016;PP=Any N-term;MT=Fixed	RET knockout clone C5
A10	Homo sapiens	cell culture	not available	1	neuroblastoma	cell line	not available	not available	SK-N-AS	CVCL_1700	SK-N-AS	RET knockout clone C5	Lumos_200817_56-TMT127N	proteomic profiling by mass spectrometry	1	Lumos_200817_56.raw	v1.1.0	NT=ms-proteomics;VV=v1.1.0	NT=human;VV=v1.1.0	NT=cell-lines;VV=v1.1.0	manual curation	NT=Data-dependent acquisition;AC=PRIDE:0000627	NT=Orbitrap Fusion Lumos;AC=MS:1002732	NT=Trypsin;AC=MS:1001251	TMT127N	15	NT=higher energy beam-type collision-induced dissociation;AC=MS:1000422	5 ppm	0.6 Da	NT=dithiothreitol (DTT);AC=PRIDE:0000608	NT=methyl methanethiosulfonate (MMTS);AC=PRIDE:0000605	NT=Methylthio;AC=UNIMOD:39;TA=C;MT=Fixed	NT=Oxidation;AC=UNIMOD:35;TA=M;MT=Variable	NT=TMTpro;AC=UNIMOD:2016;TA=K;MT=Fixed	NT=TMTpro;AC=UNIMOD:2016;PP=Any N-term;MT=Fixed	RET knockout clone C5
A10	Homo sapiens	cell culture	not available	1	neuroblastoma	cell line	not available	not available	SK-N-AS	CVCL_1700	SK-N-AS	RET knockout clone C5	Lumos_200817_57-TMT127N	proteomic profiling by mass spectrometry	1	Lumos_200817_57.raw	v1.1.0	NT=ms-proteomics;VV=v1.1.0	NT=human;VV=v1.1.0	NT=cell-lines;VV=v1.1.0	manual curation	NT=Data-dependent acquisition;AC=PRIDE:0000627	NT=Orbitrap Fusion Lumos;AC=MS:1002732	NT=Trypsin;AC=MS:1001251	TMT127N	16	NT=higher energy beam-type collision-induced dissociation;AC=MS:1000422	5 ppm	0.6 Da	NT=dithiothreitol (DTT);AC=PRIDE:0000608	NT=methyl methanethiosulfonate (MMTS);AC=PRIDE:0000605	NT=Methylthio;AC=UNIMOD:39;TA=C;MT=Fixed	NT=Oxidation;AC=UNIMOD:35;TA=M;MT=Variable	NT=TMTpro;AC=UNIMOD:2016;TA=K;MT=Fixed	NT=TMTpro;AC=UNIMOD:2016;PP=Any N-term;MT=Fixed	RET knockout clone C5
A10	Homo sapiens	cell culture	not available	1	neuroblastoma	cell line	not available	not available	SK-N-AS	CVCL_1700	SK-N-AS	RET knockout clone C5	Lumos_200817_58-TMT127N	proteomic profiling by mass spectrometry	1	Lumos_200817_58.raw	v1.1.0	NT=ms-proteomics;VV=v1.1.0	NT=human;VV=v1.1.0	NT=cell-lines;VV=v1.1.0	manual curation	NT=Data-dependent acquisition;AC=PRIDE:0000627	NT=Orbitrap Fusion Lumos;AC=MS:1002732	NT=Trypsin;AC=MS:1001251	TMT127N	17	NT=higher energy beam-type collision-induced dissociation;AC=MS:1000422	5 ppm	0.6 Da	NT=dithiothreitol (DTT);AC=PRIDE:0000608	NT=methyl methanethiosulfonate (MMTS);AC=PRIDE:0000605	NT=Methylthio;AC=UNIMOD:39;TA=C;MT=Fixed	NT=Oxidation;AC=UNIMOD:35;TA=M;MT=Variable	NT=TMTpro;AC=UNIMOD:2016;TA=K;MT=Fixed	NT=TMTpro;AC=UNIMOD:2016;PP=Any N-term;MT=Fixed	RET knockout clone C5
A10	Homo sapiens	cell culture	not available	1	neuroblastoma	cell line	not available	not available	SK-N-AS	CVCL_1700	SK-N-AS	RET knockout clone C5	Lumos_200817_59-TMT127N	proteomic profiling by mass spectrometry	1	Lumos_200817_59.raw	v1.1.0	NT=ms-proteomics;VV=v1.1.0	NT=human;VV=v1.1.0	NT=cell-lines;VV=v1.1.0	manual curation	NT=Data-dependent acquisition;AC=PRIDE:0000627	NT=Orbitrap Fusion Lumos;AC=MS:1002732	NT=Trypsin;AC=MS:1001251	TMT127N	18	NT=higher energy beam-type collision-induced dissociation;AC=MS:1000422	5 ppm	0.6 Da	NT=dithiothreitol (DTT);AC=PRIDE:0000608	NT=methyl methanethiosulfonate (MMTS);AC=PRIDE:0000605	NT=Methylthio;AC=UNIMOD:39;TA=C;MT=Fixed	NT=Oxidation;AC=UNIMOD:35;TA=M;MT=Variable	NT=TMTpro;AC=UNIMOD:2016;TA=K;MT=Fixed	NT=TMTpro;AC=UNIMOD:2016;PP=Any N-term;MT=Fixed	RET knockout clone C5
A10	Homo sapiens	cell culture	not available	1	neuroblastoma	cell line	not available	not available	SK-N-AS	CVCL_1700	SK-N-AS	RET knockout clone C5	Lumos_200817_60-TMT127N	proteomic profiling by mass spectrometry	1	Lumos_200817_60.raw	v1.1.0	NT=ms-proteomics;VV=v1.1.0	NT=human;VV=v1.1.0	NT=cell-lines;VV=v1.1.0	manual curation	NT=Data-dependent acquisition;AC=PRIDE:0000627	NT=Orbitrap Fusion Lumos;AC=MS:1002732	NT=Trypsin;AC=MS:1001251	TMT127N	19	NT=higher energy beam-type collision-induced dissociation;AC=MS:1000422	5 ppm	0.6 Da	NT=dithiothreitol (DTT);AC=PRIDE:0000608	NT=methyl methanethiosulfonate (MMTS);AC=PRIDE:0000605	NT=Methylthio;AC=UNIMOD:39;TA=C;MT=Fixed	NT=Oxidation;AC=UNIMOD:35;TA=M;MT=Variable	NT=TMTpro;AC=UNIMOD:2016;TA=K;MT=Fixed	NT=TMTpro;AC=UNIMOD:2016;PP=Any N-term;MT=Fixed	RET knockout clone C5
A10	Homo sapiens	cell culture	not available	1	neuroblastoma	cell line	not available	not available	SK-N-AS	CVCL_1700	SK-N-AS	RET knockout clone C5	Lumos_200817_61-TMT127N	proteomic profiling by mass spectrometry	1	Lumos_200817_61.raw	v1.1.0	NT=ms-proteomics;VV=v1.1.0	NT=human;VV=v1.1.0	NT=cell-lines;VV=v1.1.0	manual curation	NT=Data-dependent acquisition;AC=PRIDE:0000627	NT=Orbitrap Fusion Lumos;AC=MS:1002732	NT=Trypsin;AC=MS:1001251	TMT127N	20	NT=higher energy beam-type collision-induced dissociation;AC=MS:1000422	5 ppm	0.6 Da	NT=dithiothreitol (DTT);AC=PRIDE:0000608	NT=methyl methanethiosulfonate (MMTS);AC=PRIDE:0000605	NT=Methylthio;AC=UNIMOD:39;TA=C;MT=Fixed	NT=Oxidation;AC=UNIMOD:35;TA=M;MT=Variable	NT=TMTpro;AC=UNIMOD:2016;TA=K;MT=Fixed	NT=TMTpro;AC=UNIMOD:2016;PP=Any N-term;MT=Fixed	RET knockout clone C5
A10	Homo sapiens	cell culture	not available	1	neuroblastoma	cell line	not available	not available	SK-N-AS	CVCL_1700	SK-N-AS	RET knockout clone C5	Lumos_200817_62-TMT127N	proteomic profiling by mass spectrometry	1	Lumos_200817_62.raw	v1.1.0	NT=ms-proteomics;VV=v1.1.0	NT=human;VV=v1.1.0	NT=cell-lines;VV=v1.1.0	manual curation	NT=Data-dependent acquisition;AC=PRIDE:0000627	NT=Orbitrap Fusion Lumos;AC=MS:1002732	NT=Trypsin;AC=MS:1001251	TMT127N	21	NT=higher energy beam-type collision-induced dissociation;AC=MS:1000422	5 ppm	0.6 Da	NT=dithiothreitol (DTT);AC=PRIDE:0000608	NT=methyl methanethiosulfonate (MMTS);AC=PRIDE:0000605	NT=Methylthio;AC=UNIMOD:39;TA=C;MT=Fixed	NT=Oxidation;AC=UNIMOD:35;TA=M;MT=Variable	NT=TMTpro;AC=UNIMOD:2016;TA=K;MT=Fixed	NT=TMTpro;AC=UNIMOD:2016;PP=Any N-term;MT=Fixed	RET knockout clone C5
A10	Homo sapiens	cell culture	not available	1	neuroblastoma	cell line	not available	not available	SK-N-AS	CVCL_1700	SK-N-AS	RET knockout clone C5	Lumos_200817_63-TMT127N	proteomic profiling by mass spectrometry	1	Lumos_200817_63.raw	v1.1.0	NT=ms-proteomics;VV=v1.1.0	NT=human;VV=v1.1.0	NT=cell-lines;VV=v1.1.0	manual curation	NT=Data-dependent acquisition;AC=PRIDE:0000627	NT=Orbitrap Fusion Lumos;AC=MS:1002732	NT=Trypsin;AC=MS:1001251	TMT127N	22	NT=higher energy beam-type collision-induced dissociation;AC=MS:1000422	5 ppm	0.6 Da	NT=dithiothreitol (DTT);AC=PRIDE:0000608	NT=methyl methanethiosulfonate (MMTS);AC=PRIDE:0000605	NT=Methylthio;AC=UNIMOD:39;TA=C;MT=Fixed	NT=Oxidation;AC=UNIMOD:35;TA=M;MT=Variable	NT=TMTpro;AC=UNIMOD:2016;TA=K;MT=Fixed	NT=TMTpro;AC=UNIMOD:2016;PP=Any N-term;MT=Fixed	RET knockout clone C5
A10	Homo sapiens	cell culture	not available	1	neuroblastoma	cell line	not available	not available	SK-N-AS	CVCL_1700	SK-N-AS	RET knockout clone C5	Lumos_200817_64-TMT127N	proteomic profiling by mass spectrometry	1	Lumos_200817_64.raw	v1.1.0	NT=ms-proteomics;VV=v1.1.0	NT=human;VV=v1.1.0	NT=cell-lines;VV=v1.1.0	manual curation	NT=Data-dependent acquisition;AC=PRIDE:0000627	NT=Orbitrap Fusion Lumos;AC=MS:1002732	NT=Trypsin;AC=MS:1001251	TMT127N	23	NT=higher energy beam-type collision-induced dissociation;AC=MS:1000422	5 ppm	0.6 Da	NT=dithiothreitol (DTT);AC=PRIDE:0000608	NT=methyl methanethiosulfonate (MMTS);AC=PRIDE:0000605	NT=Methylthio;AC=UNIMOD:39;TA=C;MT=Fixed	NT=Oxidation;AC=UNIMOD:35;TA=M;MT=Variable	NT=TMTpro;AC=UNIMOD:2016;TA=K;MT=Fixed	NT=TMTpro;AC=UNIMOD:2016;PP=Any N-term;MT=Fixed	RET knockout clone C5
A10	Homo sapiens	cell culture	not available	1	neuroblastoma	cell line	not available	not available	SK-N-AS	CVCL_1700	SK-N-AS	RET knockout clone C5	Lumos_200817_65-TMT127N	proteomic profiling by mass spectrometry	1	Lumos_200817_65.raw	v1.1.0	NT=ms-proteomics;VV=v1.1.0	NT=human;VV=v1.1.0	NT=cell-lines;VV=v1.1.0	manual curation	NT=Data-dependent acquisition;AC=PRIDE:0000627	NT=Orbitrap Fusion Lumos;AC=MS:1002732	NT=Trypsin;AC=MS:1001251	TMT127N	24	NT=higher energy beam-type collision-induced dissociation;AC=MS:1000422	5 ppm	0.6 Da	NT=dithiothreitol (DTT);AC=PRIDE:0000608	NT=methyl methanethiosulfonate (MMTS);AC=PRIDE:0000605	NT=Methylthio;AC=UNIMOD:39;TA=C;MT=Fixed	NT=Oxidation;AC=UNIMOD:35;TA=M;MT=Variable	NT=TMTpro;AC=UNIMOD:2016;TA=K;MT=Fixed	NT=TMTpro;AC=UNIMOD:2016;PP=Any N-term;MT=Fixed	RET knockout clone C5
A10	Homo sapiens	cell culture	not available	1	neuroblastoma	cell line	not available	not available	SK-N-AS	CVCL_1700	SK-N-AS	RET knockout clone C5	Lumos_200817_66-TMT127N	proteomic profiling by mass spectrometry	1	Lumos_200817_66.raw	v1.1.0	NT=ms-proteomics;VV=v1.1.0	NT=human;VV=v1.1.0	NT=cell-lines;VV=v1.1.0	manual curation	NT=Data-dependent acquisition;AC=PRIDE:0000627	NT=Orbitrap Fusion Lumos;AC=MS:1002732	NT=Trypsin;AC=MS:1001251	TMT127N	25	NT=higher energy beam-type collision-induced dissociation;AC=MS:1000422	5 ppm	0.6 Da	NT=dithiothreitol (DTT);AC=PRIDE:0000608	NT=methyl methanethiosulfonate (MMTS);AC=PRIDE:0000605	NT=Methylthio;AC=UNIMOD:39;TA=C;MT=Fixed	NT=Oxidation;AC=UNIMOD:35;TA=M;MT=Variable	NT=TMTpro;AC=UNIMOD:2016;TA=K;MT=Fixed	NT=TMTpro;AC=UNIMOD:2016;PP=Any N-term;MT=Fixed	RET knockout clone C5
A10	Homo sapiens	cell culture	not available	1	neuroblastoma	cell line	not available	not available	SK-N-AS	CVCL_1700	SK-N-AS	RET knockout clone C5	Lumos_200817_67-TMT127N	proteomic profiling by mass spectrometry	1	Lumos_200817_67.raw	v1.1.0	NT=ms-proteomics;VV=v1.1.0	NT=human;VV=v1.1.0	NT=cell-lines;VV=v1.1.0	manual curation	NT=Data-dependent acquisition;AC=PRIDE:0000627	NT=Orbitrap Fusion Lumos;AC=MS:1002732	NT=Trypsin;AC=MS:1001251	TMT127N	26	NT=higher energy beam-type collision-induced dissociation;AC=MS:1000422	5 ppm	0.6 Da	NT=dithiothreitol (DTT);AC=PRIDE:0000608	NT=methyl methanethiosulfonate (MMTS);AC=PRIDE:0000605	NT=Methylthio;AC=UNIMOD:39;TA=C;MT=Fixed	NT=Oxidation;AC=UNIMOD:35;TA=M;MT=Variable	NT=TMTpro;AC=UNIMOD:2016;TA=K;MT=Fixed	NT=TMTpro;AC=UNIMOD:2016;PP=Any N-term;MT=Fixed	RET knockout clone C5
A10	Homo sapiens	cell culture	not available	1	neuroblastoma	cell line	not available	not available	SK-N-AS	CVCL_1700	SK-N-AS	RET knockout clone C5	Lumos_200817_68-TMT127N	proteomic profiling by mass spectrometry	1	Lumos_200817_68.raw	v1.1.0	NT=ms-proteomics;VV=v1.1.0	NT=human;VV=v1.1.0	NT=cell-lines;VV=v1.1.0	manual curation	NT=Data-dependent acquisition;AC=PRIDE:0000627	NT=Orbitrap Fusion Lumos;AC=MS:1002732	NT=Trypsin;AC=MS:1001251	TMT127N	27	NT=higher energy beam-type collision-induced dissociation;AC=MS:1000422	5 ppm	0.6 Da	NT=dithiothreitol (DTT);AC=PRIDE:0000608	NT=methyl methanethiosulfonate (MMTS);AC=PRIDE:0000605	NT=Methylthio;AC=UNIMOD:39;TA=C;MT=Fixed	NT=Oxidation;AC=UNIMOD:35;TA=M;MT=Variable	NT=TMTpro;AC=UNIMOD:2016;TA=K;MT=Fixed	NT=TMTpro;AC=UNIMOD:2016;PP=Any N-term;MT=Fixed	RET knockout clone C5
A10	Homo sapiens	cell culture	not available	1	neuroblastoma	cell line	not available	not available	SK-N-AS	CVCL_1700	SK-N-AS	RET knockout clone C5	Lumos_200817_69-TMT127N	proteomic profiling by mass spectrometry	1	Lumos_200817_69.raw	v1.1.0	NT=ms-proteomics;VV=v1.1.0	NT=human;VV=v1.1.0	NT=cell-lines;VV=v1.1.0	manual curation	NT=Data-dependent acquisition;AC=PRIDE:0000627	NT=Orbitrap Fusion Lumos;AC=MS:1002732	NT=Trypsin;AC=MS:1001251	TMT127N	28	NT=higher energy beam-type collision-induced dissociation;AC=MS:1000422	5 ppm	0.6 Da	NT=dithiothreitol (DTT);AC=PRIDE:0000608	NT=methyl methanethiosulfonate (MMTS);AC=PRIDE:0000605	NT=Methylthio;AC=UNIMOD:39;TA=C;MT=Fixed	NT=Oxidation;AC=UNIMOD:35;TA=M;MT=Variable	NT=TMTpro;AC=UNIMOD:2016;TA=K;MT=Fixed	NT=TMTpro;AC=UNIMOD:2016;PP=Any N-term;MT=Fixed	RET knockout clone C5
A10	Homo sapiens	cell culture	not available	1	neuroblastoma	cell line	not available	not available	SK-N-AS	CVCL_1700	SK-N-AS	RET knockout clone C5	Lumos_200817_70-TMT127N	proteomic profiling by mass spectrometry	1	Lumos_200817_70.raw	v1.1.0	NT=ms-proteomics;VV=v1.1.0	NT=human;VV=v1.1.0	NT=cell-lines;VV=v1.1.0	manual curation	NT=Data-dependent acquisition;AC=PRIDE:0000627	NT=Orbitrap Fusion Lumos;AC=MS:1002732	NT=Trypsin;AC=MS:1001251	TMT127N	29	NT=higher energy beam-type collision-induced dissociation;AC=MS:1000422	5 ppm	0.6 Da	NT=dithiothreitol (DTT);AC=PRIDE:0000608	NT=methyl methanethiosulfonate (MMTS);AC=PRIDE:0000605	NT=Methylthio;AC=UNIMOD:39;TA=C;MT=Fixed	NT=Oxidation;AC=UNIMOD:35;TA=M;MT=Variable	NT=TMTpro;AC=UNIMOD:2016;TA=K;MT=Fixed	NT=TMTpro;AC=UNIMOD:2016;PP=Any N-term;MT=Fixed	RET knockout clone C5
A10	Homo sapiens	cell culture	not available	1	neuroblastoma	cell line	not available	not available	SK-N-AS	CVCL_1700	SK-N-AS	RET knockout clone C5	Lumos_200817_71-TMT127N	proteomic profiling by mass spectrometry	1	Lumos_200817_71.raw	v1.1.0	NT=ms-proteomics;VV=v1.1.0	NT=human;VV=v1.1.0	NT=cell-lines;VV=v1.1.0	manual curation	NT=Data-dependent acquisition;AC=PRIDE:0000627	NT=Orbitrap Fusion Lumos;AC=MS:1002732	NT=Trypsin;AC=MS:1001251	TMT127N	30	NT=higher energy beam-type collision-induced dissociation;AC=MS:1000422	5 ppm	0.6 Da	NT=dithiothreitol (DTT);AC=PRIDE:0000608	NT=methyl methanethiosulfonate (MMTS);AC=PRIDE:0000605	NT=Methylthio;AC=UNIMOD:39;TA=C;MT=Fixed	NT=Oxidation;AC=UNIMOD:35;TA=M;MT=Variable	NT=TMTpro;AC=UNIMOD:2016;TA=K;MT=Fixed	NT=TMTpro;AC=UNIMOD:2016;PP=Any N-term;MT=Fixed	RET knockout clone C5
A2	Homo sapiens	cell culture	not available	2	neuroblastoma	cell line	not available	not available	SK-N-AS	CVCL_1700	SK-N-AS	control	Lumos_200817_42-TMT127C	proteomic profiling by mass spectrometry	1	Lumos_200817_42.raw	v1.1.0	NT=ms-proteomics;VV=v1.1.0	NT=human;VV=v1.1.0	NT=cell-lines;VV=v1.1.0	manual curation	NT=Data-dependent acquisition;AC=PRIDE:0000627	NT=Orbitrap Fusion Lumos;AC=MS:1002732	NT=Trypsin;AC=MS:1001251	TMT127C	1	NT=higher energy beam-type collision-induced dissociation;AC=MS:1000422	5 ppm	0.6 Da	NT=dithiothreitol (DTT);AC=PRIDE:0000608	NT=methyl methanethiosulfonate (MMTS);AC=PRIDE:0000605	NT=Methylthio;AC=UNIMOD:39;TA=C;MT=Fixed	NT=Oxidation;AC=UNIMOD:35;TA=M;MT=Variable	NT=TMTpro;AC=UNIMOD:2016;TA=K;MT=Fixed	NT=TMTpro;AC=UNIMOD:2016;PP=Any N-term;MT=Fixed	control
A2	Homo sapiens	cell culture	not available	2	neuroblastoma	cell line	not available	not available	SK-N-AS	CVCL_1700	SK-N-AS	control	Lumos_200817_43-TMT127C	proteomic profiling by mass spectrometry	1	Lumos_200817_43.raw	v1.1.0	NT=ms-proteomics;VV=v1.1.0	NT=human;VV=v1.1.0	NT=cell-lines;VV=v1.1.0	manual curation	NT=Data-dependent acquisition;AC=PRIDE:0000627	NT=Orbitrap Fusion Lumos;AC=MS:1002732	NT=Trypsin;AC=MS:1001251	TMT127C	2	NT=higher energy beam-type collision-induced dissociation;AC=MS:1000422	5 ppm	0.6 Da	NT=dithiothreitol (DTT);AC=PRIDE:0000608	NT=methyl methanethiosulfonate (MMTS);AC=PRIDE:0000605	NT=Methylthio;AC=UNIMOD:39;TA=C;MT=Fixed	NT=Oxidation;AC=UNIMOD:35;TA=M;MT=Variable	NT=TMTpro;AC=UNIMOD:2016;TA=K;MT=Fixed	NT=TMTpro;AC=UNIMOD:2016;PP=Any N-term;MT=Fixed	control
A2	Homo sapiens	cell culture	not available	2	neuroblastoma	cell line	not available	not available	SK-N-AS	CVCL_1700	SK-N-AS	control	Lumos_200817_44-TMT127C	proteomic profiling by mass spectrometry	1	Lumos_200817_44.raw	v1.1.0	NT=ms-proteomics;VV=v1.1.0	NT=human;VV=v1.1.0	NT=cell-lines;VV=v1.1.0	manual curation	NT=Data-dependent acquisition;AC=PRIDE:0000627	NT=Orbitrap Fusion Lumos;AC=MS:1002732	NT=Trypsin;AC=MS:1001251	TMT127C	3	NT=higher energy beam-type collision-induced dissociation;AC=MS:1000422	5 ppm	0.6 Da	NT=dithiothreitol (DTT);AC=PRIDE:0000608	NT=methyl methanethiosulfonate (MMTS);AC=PRIDE:0000605	NT=Methylthio;AC=UNIMOD:39;TA=C;MT=Fixed	NT=Oxidation;AC=UNIMOD:35;TA=M;MT=Variable	NT=TMTpro;AC=UNIMOD:2016;TA=K;MT=Fixed	NT=TMTpro;AC=UNIMOD:2016;PP=Any N-term;MT=Fixed	control
A2	Homo sapiens	cell culture	not available	2	neuroblastoma	cell line	not available	not available	SK-N-AS	CVCL_1700	SK-N-AS	control	Lumos_200817_45-TMT127C	proteomic profiling by mass spectrometry	1	Lumos_200817_45.raw	v1.1.0	NT=ms-proteomics;VV=v1.1.0	NT=human;VV=v1.1.0	NT=cell-lines;VV=v1.1.0	manual curation	NT=Data-dependent acquisition;AC=PRIDE:0000627	NT=Orbitrap Fusion Lumos;AC=MS:1002732	NT=Trypsin;AC=MS:1001251	TMT127C	4	NT=higher energy beam-type collision-induced dissociation;AC=MS:1000422	5 ppm	0.6 Da	NT=dithiothreitol (DTT);AC=PRIDE:0000608	NT=methyl methanethiosulfonate (MMTS);AC=PRIDE:0000605	NT=Methylthio;AC=UNIMOD:39;TA=C;MT=Fixed	NT=Oxidation;AC=UNIMOD:35;TA=M;MT=Variable	NT=TMTpro;AC=UNIMOD:2016;TA=K;MT=Fixed	NT=TMTpro;AC=UNIMOD:2016;PP=Any N-term;MT=Fixed	control
A2	Homo sapiens	cell culture	not available	2	neuroblastoma	cell line	not available	not available	SK-N-AS	CVCL_1700	SK-N-AS	control	Lumos_200817_46-TMT127C	proteomic profiling by mass spectrometry	1	Lumos_200817_46.raw	v1.1.0	NT=ms-proteomics;VV=v1.1.0	NT=human;VV=v1.1.0	NT=cell-lines;VV=v1.1.0	manual curation	NT=Data-dependent acquisition;AC=PRIDE:0000627	NT=Orbitrap Fusion Lumos;AC=MS:1002732	NT=Trypsin;AC=MS:1001251	TMT127C	5	NT=higher energy beam-type collision-induced dissociation;AC=MS:1000422	5 ppm	0.6 Da	NT=dithiothreitol (DTT);AC=PRIDE:0000608	NT=methyl methanethiosulfonate (MMTS);AC=PRIDE:0000605	NT=Methylthio;AC=UNIMOD:39;TA=C;MT=Fixed	NT=Oxidation;AC=UNIMOD:35;TA=M;MT=Variable	NT=TMTpro;AC=UNIMOD:2016;TA=K;MT=Fixed	NT=TMTpro;AC=UNIMOD:2016;PP=Any N-term;MT=Fixed	control
A2	Homo sapiens	cell culture	not available	2	neuroblastoma	cell line	not available	not available	SK-N-AS	CVCL_1700	SK-N-AS	control	Lumos_200817_47-TMT127C	proteomic profiling by mass spectrometry	1	Lumos_200817_47.raw	v1.1.0	NT=ms-proteomics;VV=v1.1.0	NT=human;VV=v1.1.0	NT=cell-lines;VV=v1.1.0	manual curation	NT=Data-dependent acquisition;AC=PRIDE:0000627	NT=Orbitrap Fusion Lumos;AC=MS:1002732	NT=Trypsin;AC=MS:1001251	TMT127C	6	NT=higher energy beam-type collision-induced dissociation;AC=MS:1000422	5 ppm	0.6 Da	NT=dithiothreitol (DTT);AC=PRIDE:0000608	NT=methyl methanethiosulfonate (MMTS);AC=PRIDE:0000605	NT=Methylthio;AC=UNIMOD:39;TA=C;MT=Fixed	NT=Oxidation;AC=UNIMOD:35;TA=M;MT=Variable	NT=TMTpro;AC=UNIMOD:2016;TA=K;MT=Fixed	NT=TMTpro;AC=UNIMOD:2016;PP=Any N-term;MT=Fixed	control
A2	Homo sapiens	cell culture	not available	2	neuroblastoma	cell line	not available	not available	SK-N-AS	CVCL_1700	SK-N-AS	control	Lumos_200817_48-TMT127C	proteomic profiling by mass spectrometry	1	Lumos_200817_48.raw	v1.1.0	NT=ms-proteomics;VV=v1.1.0	NT=human;VV=v1.1.0	NT=cell-lines;VV=v1.1.0	manual curation	NT=Data-dependent acquisition;AC=PRIDE:0000627	NT=Orbitrap Fusion Lumos;AC=MS:1002732	NT=Trypsin;AC=MS:1001251	TMT127C	7	NT=higher energy beam-type collision-induced dissociation;AC=MS:1000422	5 ppm	0.6 Da	NT=dithiothreitol (DTT);AC=PRIDE:0000608	NT=methyl methanethiosulfonate (MMTS);AC=PRIDE:0000605	NT=Methylthio;AC=UNIMOD:39;TA=C;MT=Fixed	NT=Oxidation;AC=UNIMOD:35;TA=M;MT=Variable	NT=TMTpro;AC=UNIMOD:2016;TA=K;MT=Fixed	NT=TMTpro;AC=UNIMOD:2016;PP=Any N-term;MT=Fixed	control
A2	Homo sapiens	cell culture	not available	2	neuroblastoma	cell line	not available	not available	SK-N-AS	CVCL_1700	SK-N-AS	control	Lumos_200817_49-TMT127C	proteomic profiling by mass spectrometry	1	Lumos_200817_49.raw	v1.1.0	NT=ms-proteomics;VV=v1.1.0	NT=human;VV=v1.1.0	NT=cell-lines;VV=v1.1.0	manual curation	NT=Data-dependent acquisition;AC=PRIDE:0000627	NT=Orbitrap Fusion Lumos;AC=MS:1002732	NT=Trypsin;AC=MS:1001251	TMT127C	8	NT=higher energy beam-type collision-induced dissociation;AC=MS:1000422	5 ppm	0.6 Da	NT=dithiothreitol (DTT);AC=PRIDE:0000608	NT=methyl methanethiosulfonate (MMTS);AC=PRIDE:0000605	NT=Methylthio;AC=UNIMOD:39;TA=C;MT=Fixed	NT=Oxidation;AC=UNIMOD:35;TA=M;MT=Variable	NT=TMTpro;AC=UNIMOD:2016;TA=K;MT=Fixed	NT=TMTpro;AC=UNIMOD:2016;PP=Any N-term;MT=Fixed	control
A2	Homo sapiens	cell culture	not available	2	neuroblastoma	cell line	not available	not available	SK-N-AS	CVCL_1700	SK-N-AS	control	Lumos_200817_50-TMT127C	proteomic profiling by mass spectrometry	1	Lumos_200817_50.raw	v1.1.0	NT=ms-proteomics;VV=v1.1.0	NT=human;VV=v1.1.0	NT=cell-lines;VV=v1.1.0	manual curation	NT=Data-dependent acquisition;AC=PRIDE:0000627	NT=Orbitrap Fusion Lumos;AC=MS:1002732	NT=Trypsin;AC=MS:1001251	TMT127C	9	NT=higher energy beam-type collision-induced dissociation;AC=MS:1000422	5 ppm	0.6 Da	NT=dithiothreitol (DTT);AC=PRIDE:0000608	NT=methyl methanethiosulfonate (MMTS);AC=PRIDE:0000605	NT=Methylthio;AC=UNIMOD:39;TA=C;MT=Fixed	NT=Oxidation;AC=UNIMOD:35;TA=M;MT=Variable	NT=TMTpro;AC=UNIMOD:2016;TA=K;MT=Fixed	NT=TMTpro;AC=UNIMOD:2016;PP=Any N-term;MT=Fixed	control
A2	Homo sapiens	cell culture	not available	2	neuroblastoma	cell line	not available	not available	SK-N-AS	CVCL_1700	SK-N-AS	control	Lumos_200817_51-TMT127C	proteomic profiling by mass spectrometry	1	Lumos_200817_51.raw	v1.1.0	NT=ms-proteomics;VV=v1.1.0	NT=human;VV=v1.1.0	NT=cell-lines;VV=v1.1.0	manual curation	NT=Data-dependent acquisition;AC=PRIDE:0000627	NT=Orbitrap Fusion Lumos;AC=MS:1002732	NT=Trypsin;AC=MS:1001251	TMT127C	10	NT=higher energy beam-type collision-induced dissociation;AC=MS:1000422	5 ppm	0.6 Da	NT=dithiothreitol (DTT);AC=PRIDE:0000608	NT=methyl methanethiosulfonate (MMTS);AC=PRIDE:0000605	NT=Methylthio;AC=UNIMOD:39;TA=C;MT=Fixed	NT=Oxidation;AC=UNIMOD:35;TA=M;MT=Variable	NT=TMTpro;AC=UNIMOD:2016;TA=K;MT=Fixed	NT=TMTpro;AC=UNIMOD:2016;PP=Any N-term;MT=Fixed	control
A2	Homo sapiens	cell culture	not available	2	neuroblastoma	cell line	not available	not available	SK-N-AS	CVCL_1700	SK-N-AS	control	Lumos_200817_52-TMT127C	proteomic profiling by mass spectrometry	1	Lumos_200817_52.raw	v1.1.0	NT=ms-proteomics;VV=v1.1.0	NT=human;VV=v1.1.0	NT=cell-lines;VV=v1.1.0	manual curation	NT=Data-dependent acquisition;AC=PRIDE:0000627	NT=Orbitrap Fusion Lumos;AC=MS:1002732	NT=Trypsin;AC=MS:1001251	TMT127C	11	NT=higher energy beam-type collision-induced dissociation;AC=MS:1000422	5 ppm	0.6 Da	NT=dithiothreitol (DTT);AC=PRIDE:0000608	NT=methyl methanethiosulfonate (MMTS);AC=PRIDE:0000605	NT=Methylthio;AC=UNIMOD:39;TA=C;MT=Fixed	NT=Oxidation;AC=UNIMOD:35;TA=M;MT=Variable	NT=TMTpro;AC=UNIMOD:2016;TA=K;MT=Fixed	NT=TMTpro;AC=UNIMOD:2016;PP=Any N-term;MT=Fixed	control
A2	Homo sapiens	cell culture	not available	2	neuroblastoma	cell line	not available	not available	SK-N-AS	CVCL_1700	SK-N-AS	control	Lumos_200817_53-TMT127C	proteomic profiling by mass spectrometry	1	Lumos_200817_53.raw	v1.1.0	NT=ms-proteomics;VV=v1.1.0	NT=human;VV=v1.1.0	NT=cell-lines;VV=v1.1.0	manual curation	NT=Data-dependent acquisition;AC=PRIDE:0000627	NT=Orbitrap Fusion Lumos;AC=MS:1002732	NT=Trypsin;AC=MS:1001251	TMT127C	12	NT=higher energy beam-type collision-induced dissociation;AC=MS:1000422	5 ppm	0.6 Da	NT=dithiothreitol (DTT);AC=PRIDE:0000608	NT=methyl methanethiosulfonate (MMTS);AC=PRIDE:0000605	NT=Methylthio;AC=UNIMOD:39;TA=C;MT=Fixed	NT=Oxidation;AC=UNIMOD:35;TA=M;MT=Variable	NT=TMTpro;AC=UNIMOD:2016;TA=K;MT=Fixed	NT=TMTpro;AC=UNIMOD:2016;PP=Any N-term;MT=Fixed	control
A2	Homo sapiens	cell culture	not available	2	neuroblastoma	cell line	not available	not available	SK-N-AS	CVCL_1700	SK-N-AS	control	Lumos_200817_54-TMT127C	proteomic profiling by mass spectrometry	1	Lumos_200817_54.raw	v1.1.0	NT=ms-proteomics;VV=v1.1.0	NT=human;VV=v1.1.0	NT=cell-lines;VV=v1.1.0	manual curation	NT=Data-dependent acquisition;AC=PRIDE:0000627	NT=Orbitrap Fusion Lumos;AC=MS:1002732	NT=Trypsin;AC=MS:1001251	TMT127C	13	NT=higher energy beam-type collision-induced dissociation;AC=MS:1000422	5 ppm	0.6 Da	NT=dithiothreitol (DTT);AC=PRIDE:0000608	NT=methyl methanethiosulfonate (MMTS);AC=PRIDE:0000605	NT=Methylthio;AC=UNIMOD:39;TA=C;MT=Fixed	NT=Oxidation;AC=UNIMOD:35;TA=M;MT=Variable	NT=TMTpro;AC=UNIMOD:2016;TA=K;MT=Fixed	NT=TMTpro;AC=UNIMOD:2016;PP=Any N-term;MT=Fixed	control
A2	Homo sapiens	cell culture	not available	2	neuroblastoma	cell line	not available	not available	SK-N-AS	CVCL_1700	SK-N-AS	control	Lumos_200817_55-TMT127C	proteomic profiling by mass spectrometry	1	Lumos_200817_55.raw	v1.1.0	NT=ms-proteomics;VV=v1.1.0	NT=human;VV=v1.1.0	NT=cell-lines;VV=v1.1.0	manual curation	NT=Data-dependent acquisition;AC=PRIDE:0000627	NT=Orbitrap Fusion Lumos;AC=MS:1002732	NT=Trypsin;AC=MS:1001251	TMT127C	14	NT=higher energy beam-type collision-induced dissociation;AC=MS:1000422	5 ppm	0.6 Da	NT=dithiothreitol (DTT);AC=PRIDE:0000608	NT=methyl methanethiosulfonate (MMTS);AC=PRIDE:0000605	NT=Methylthio;AC=UNIMOD:39;TA=C;MT=Fixed	NT=Oxidation;AC=UNIMOD:35;TA=M;MT=Variable	NT=TMTpro;AC=UNIMOD:2016;TA=K;MT=Fixed	NT=TMTpro;AC=UNIMOD:2016;PP=Any N-term;MT=Fixed	control
A2	Homo sapiens	cell culture	not available	2	neuroblastoma	cell line	not available	not available	SK-N-AS	CVCL_1700	SK-N-AS	control	Lumos_200817_56-TMT127C	proteomic profiling by mass spectrometry	1	Lumos_200817_56.raw	v1.1.0	NT=ms-proteomics;VV=v1.1.0	NT=human;VV=v1.1.0	NT=cell-lines;VV=v1.1.0	manual curation	NT=Data-dependent acquisition;AC=PRIDE:0000627	NT=Orbitrap Fusion Lumos;AC=MS:1002732	NT=Trypsin;AC=MS:1001251	TMT127C	15	NT=higher energy beam-type collision-induced dissociation;AC=MS:1000422	5 ppm	0.6 Da	NT=dithiothreitol (DTT);AC=PRIDE:0000608	NT=methyl methanethiosulfonate (MMTS);AC=PRIDE:0000605	NT=Methylthio;AC=UNIMOD:39;TA=C;MT=Fixed	NT=Oxidation;AC=UNIMOD:35;TA=M;MT=Variable	NT=TMTpro;AC=UNIMOD:2016;TA=K;MT=Fixed	NT=TMTpro;AC=UNIMOD:2016;PP=Any N-term;MT=Fixed	control
A2	Homo sapiens	cell culture	not available	2	neuroblastoma	cell line	not available	not available	SK-N-AS	CVCL_1700	SK-N-AS	control	Lumos_200817_57-TMT127C	proteomic profiling by mass spectrometry	1	Lumos_200817_57.raw	v1.1.0	NT=ms-proteomics;VV=v1.1.0	NT=human;VV=v1.1.0	NT=cell-lines;VV=v1.1.0	manual curation	NT=Data-dependent acquisition;AC=PRIDE:0000627	NT=Orbitrap Fusion Lumos;AC=MS:1002732	NT=Trypsin;AC=MS:1001251	TMT127C	16	NT=higher energy beam-type collision-induced dissociation;AC=MS:1000422	5 ppm	0.6 Da	NT=dithiothreitol (DTT);AC=PRIDE:0000608	NT=methyl methanethiosulfonate (MMTS);AC=PRIDE:0000605	NT=Methylthio;AC=UNIMOD:39;TA=C;MT=Fixed	NT=Oxidation;AC=UNIMOD:35;TA=M;MT=Variable	NT=TMTpro;AC=UNIMOD:2016;TA=K;MT=Fixed	NT=TMTpro;AC=UNIMOD:2016;PP=Any N-term;MT=Fixed	control
A2	Homo sapiens	cell culture	not available	2	neuroblastoma	cell line	not available	not available	SK-N-AS	CVCL_1700	SK-N-AS	control	Lumos_200817_58-TMT127C	proteomic profiling by mass spectrometry	1	Lumos_200817_58.raw	v1.1.0	NT=ms-proteomics;VV=v1.1.0	NT=human;VV=v1.1.0	NT=cell-lines;VV=v1.1.0	manual curation	NT=Data-dependent acquisition;AC=PRIDE:0000627	NT=Orbitrap Fusion Lumos;AC=MS:1002732	NT=Trypsin;AC=MS:1001251	TMT127C	17	NT=higher energy beam-type collision-induced dissociation;AC=MS:1000422	5 ppm	0.6 Da	NT=dithiothreitol (DTT);AC=PRIDE:0000608	NT=methyl methanethiosulfonate (MMTS);AC=PRIDE:0000605	NT=Methylthio;AC=UNIMOD:39;TA=C;MT=Fixed	NT=Oxidation;AC=UNIMOD:35;TA=M;MT=Variable	NT=TMTpro;AC=UNIMOD:2016;TA=K;MT=Fixed	NT=TMTpro;AC=UNIMOD:2016;PP=Any N-term;MT=Fixed	control
A2	Homo sapiens	cell culture	not available	2	neuroblastoma	cell line	not available	not available	SK-N-AS	CVCL_1700	SK-N-AS	control	Lumos_200817_59-TMT127C	proteomic profiling by mass spectrometry	1	Lumos_200817_59.raw	v1.1.0	NT=ms-proteomics;VV=v1.1.0	NT=human;VV=v1.1.0	NT=cell-lines;VV=v1.1.0	manual curation	NT=Data-dependent acquisition;AC=PRIDE:0000627	NT=Orbitrap Fusion Lumos;AC=MS:1002732	NT=Trypsin;AC=MS:1001251	TMT127C	18	NT=higher energy beam-type collision-induced dissociation;AC=MS:1000422	5 ppm	0.6 Da	NT=dithiothreitol (DTT);AC=PRIDE:0000608	NT=methyl methanethiosulfonate (MMTS);AC=PRIDE:0000605	NT=Methylthio;AC=UNIMOD:39;TA=C;MT=Fixed	NT=Oxidation;AC=UNIMOD:35;TA=M;MT=Variable	NT=TMTpro;AC=UNIMOD:2016;TA=K;MT=Fixed	NT=TMTpro;AC=UNIMOD:2016;PP=Any N-term;MT=Fixed	control
A2	Homo sapiens	cell culture	not available	2	neuroblastoma	cell line	not available	not available	SK-N-AS	CVCL_1700	SK-N-AS	control	Lumos_200817_60-TMT127C	proteomic profiling by mass spectrometry	1	Lumos_200817_60.raw	v1.1.0	NT=ms-proteomics;VV=v1.1.0	NT=human;VV=v1.1.0	NT=cell-lines;VV=v1.1.0	manual curation	NT=Data-dependent acquisition;AC=PRIDE:0000627	NT=Orbitrap Fusion Lumos;AC=MS:1002732	NT=Trypsin;AC=MS:1001251	TMT127C	19	NT=higher energy beam-type collision-induced dissociation;AC=MS:1000422	5 ppm	0.6 Da	NT=dithiothreitol (DTT);AC=PRIDE:0000608	NT=methyl methanethiosulfonate (MMTS);AC=PRIDE:0000605	NT=Methylthio;AC=UNIMOD:39;TA=C;MT=Fixed	NT=Oxidation;AC=UNIMOD:35;TA=M;MT=Variable	NT=TMTpro;AC=UNIMOD:2016;TA=K;MT=Fixed	NT=TMTpro;AC=UNIMOD:2016;PP=Any N-term;MT=Fixed	control
A2	Homo sapiens	cell culture	not available	2	neuroblastoma	cell line	not available	not available	SK-N-AS	CVCL_1700	SK-N-AS	control	Lumos_200817_61-TMT127C	proteomic profiling by mass spectrometry	1	Lumos_200817_61.raw	v1.1.0	NT=ms-proteomics;VV=v1.1.0	NT=human;VV=v1.1.0	NT=cell-lines;VV=v1.1.0	manual curation	NT=Data-dependent acquisition;AC=PRIDE:0000627	NT=Orbitrap Fusion Lumos;AC=MS:1002732	NT=Trypsin;AC=MS:1001251	TMT127C	20	NT=higher energy beam-type collision-induced dissociation;AC=MS:1000422	5 ppm	0.6 Da	NT=dithiothreitol (DTT);AC=PRIDE:0000608	NT=methyl methanethiosulfonate (MMTS);AC=PRIDE:0000605	NT=Methylthio;AC=UNIMOD:39;TA=C;MT=Fixed	NT=Oxidation;AC=UNIMOD:35;TA=M;MT=Variable	NT=TMTpro;AC=UNIMOD:2016;TA=K;MT=Fixed	NT=TMTpro;AC=UNIMOD:2016;PP=Any N-term;MT=Fixed	control
A2	Homo sapiens	cell culture	not available	2	neuroblastoma	cell line	not available	not available	SK-N-AS	CVCL_1700	SK-N-AS	control	Lumos_200817_62-TMT127C	proteomic profiling by mass spectrometry	1	Lumos_200817_62.raw	v1.1.0	NT=ms-proteomics;VV=v1.1.0	NT=human;VV=v1.1.0	NT=cell-lines;VV=v1.1.0	manual curation	NT=Data-dependent acquisition;AC=PRIDE:0000627	NT=Orbitrap Fusion Lumos;AC=MS:1002732	NT=Trypsin;AC=MS:1001251	TMT127C	21	NT=higher energy beam-type collision-induced dissociation;AC=MS:1000422	5 ppm	0.6 Da	NT=dithiothreitol (DTT);AC=PRIDE:0000608	NT=methyl methanethiosulfonate (MMTS);AC=PRIDE:0000605	NT=Methylthio;AC=UNIMOD:39;TA=C;MT=Fixed	NT=Oxidation;AC=UNIMOD:35;TA=M;MT=Variable	NT=TMTpro;AC=UNIMOD:2016;TA=K;MT=Fixed	NT=TMTpro;AC=UNIMOD:2016;PP=Any N-term;MT=Fixed	control
A2	Homo sapiens	cell culture	not available	2	neuroblastoma	cell line	not available	not available	SK-N-AS	CVCL_1700	SK-N-AS	control	Lumos_200817_63-TMT127C	proteomic profiling by mass spectrometry	1	Lumos_200817_63.raw	v1.1.0	NT=ms-proteomics;VV=v1.1.0	NT=human;VV=v1.1.0	NT=cell-lines;VV=v1.1.0	manual curation	NT=Data-dependent acquisition;AC=PRIDE:0000627	NT=Orbitrap Fusion Lumos;AC=MS:1002732	NT=Trypsin;AC=MS:1001251	TMT127C	22	NT=higher energy beam-type collision-induced dissociation;AC=MS:1000422	5 ppm	0.6 Da	NT=dithiothreitol (DTT);AC=PRIDE:0000608	NT=methyl methanethiosulfonate (MMTS);AC=PRIDE:0000605	NT=Methylthio;AC=UNIMOD:39;TA=C;MT=Fixed	NT=Oxidation;AC=UNIMOD:35;TA=M;MT=Variable	NT=TMTpro;AC=UNIMOD:2016;TA=K;MT=Fixed	NT=TMTpro;AC=UNIMOD:2016;PP=Any N-term;MT=Fixed	control
A2	Homo sapiens	cell culture	not available	2	neuroblastoma	cell line	not available	not available	SK-N-AS	CVCL_1700	SK-N-AS	control	Lumos_200817_64-TMT127C	proteomic profiling by mass spectrometry	1	Lumos_200817_64.raw	v1.1.0	NT=ms-proteomics;VV=v1.1.0	NT=human;VV=v1.1.0	NT=cell-lines;VV=v1.1.0	manual curation	NT=Data-dependent acquisition;AC=PRIDE:0000627	NT=Orbitrap Fusion Lumos;AC=MS:1002732	NT=Trypsin;AC=MS:1001251	TMT127C	23	NT=higher energy beam-type collision-induced dissociation;AC=MS:1000422	5 ppm	0.6 Da	NT=dithiothreitol (DTT);AC=PRIDE:0000608	NT=methyl methanethiosulfonate (MMTS);AC=PRIDE:0000605	NT=Methylthio;AC=UNIMOD:39;TA=C;MT=Fixed	NT=Oxidation;AC=UNIMOD:35;TA=M;MT=Variable	NT=TMTpro;AC=UNIMOD:2016;TA=K;MT=Fixed	NT=TMTpro;AC=UNIMOD:2016;PP=Any N-term;MT=Fixed	control
A2	Homo sapiens	cell culture	not available	2	neuroblastoma	cell line	not available	not available	SK-N-AS	CVCL_1700	SK-N-AS	control	Lumos_200817_65-TMT127C	proteomic profiling by mass spectrometry	1	Lumos_200817_65.raw	v1.1.0	NT=ms-proteomics;VV=v1.1.0	NT=human;VV=v1.1.0	NT=cell-lines;VV=v1.1.0	manual curation	NT=Data-dependent acquisition;AC=PRIDE:0000627	NT=Orbitrap Fusion Lumos;AC=MS:1002732	NT=Trypsin;AC=MS:1001251	TMT127C	24	NT=higher energy beam-type collision-induced dissociation;AC=MS:1000422	5 ppm	0.6 Da	NT=dithiothreitol (DTT);AC=PRIDE:0000608	NT=methyl methanethiosulfonate (MMTS);AC=PRIDE:0000605	NT=Methylthio;AC=UNIMOD:39;TA=C;MT=Fixed	NT=Oxidation;AC=UNIMOD:35;TA=M;MT=Variable	NT=TMTpro;AC=UNIMOD:2016;TA=K;MT=Fixed	NT=TMTpro;AC=UNIMOD:2016;PP=Any N-term;MT=Fixed	control
A2	Homo sapiens	cell culture	not available	2	neuroblastoma	cell line	not available	not available	SK-N-AS	CVCL_1700	SK-N-AS	control	Lumos_200817_66-TMT127C	proteomic profiling by mass spectrometry	1	Lumos_200817_66.raw	v1.1.0	NT=ms-proteomics;VV=v1.1.0	NT=human;VV=v1.1.0	NT=cell-lines;VV=v1.1.0	manual curation	NT=Data-dependent acquisition;AC=PRIDE:0000627	NT=Orbitrap Fusion Lumos;AC=MS:1002732	NT=Trypsin;AC=MS:1001251	TMT127C	25	NT=higher energy beam-type collision-induced dissociation;AC=MS:1000422	5 ppm	0.6 Da	NT=dithiothreitol (DTT);AC=PRIDE:0000608	NT=methyl methanethiosulfonate (MMTS);AC=PRIDE:0000605	NT=Methylthio;AC=UNIMOD:39;TA=C;MT=Fixed	NT=Oxidation;AC=UNIMOD:35;TA=M;MT=Variable	NT=TMTpro;AC=UNIMOD:2016;TA=K;MT=Fixed	NT=TMTpro;AC=UNIMOD:2016;PP=Any N-term;MT=Fixed	control
A2	Homo sapiens	cell culture	not available	2	neuroblastoma	cell line	not available	not available	SK-N-AS	CVCL_1700	SK-N-AS	control	Lumos_200817_67-TMT127C	proteomic profiling by mass spectrometry	1	Lumos_200817_67.raw	v1.1.0	NT=ms-proteomics;VV=v1.1.0	NT=human;VV=v1.1.0	NT=cell-lines;VV=v1.1.0	manual curation	NT=Data-dependent acquisition;AC=PRIDE:0000627	NT=Orbitrap Fusion Lumos;AC=MS:1002732	NT=Trypsin;AC=MS:1001251	TMT127C	26	NT=higher energy beam-type collision-induced dissociation;AC=MS:1000422	5 ppm	0.6 Da	NT=dithiothreitol (DTT);AC=PRIDE:0000608	NT=methyl methanethiosulfonate (MMTS);AC=PRIDE:0000605	NT=Methylthio;AC=UNIMOD:39;TA=C;MT=Fixed	NT=Oxidation;AC=UNIMOD:35;TA=M;MT=Variable	NT=TMTpro;AC=UNIMOD:2016;TA=K;MT=Fixed	NT=TMTpro;AC=UNIMOD:2016;PP=Any N-term;MT=Fixed	control
A2	Homo sapiens	cell culture	not available	2	neuroblastoma	cell line	not available	not available	SK-N-AS	CVCL_1700	SK-N-AS	control	Lumos_200817_68-TMT127C	proteomic profiling by mass spectrometry	1	Lumos_200817_68.raw	v1.1.0	NT=ms-proteomics;VV=v1.1.0	NT=human;VV=v1.1.0	NT=cell-lines;VV=v1.1.0	manual curation	NT=Data-dependent acquisition;AC=PRIDE:0000627	NT=Orbitrap Fusion Lumos;AC=MS:1002732	NT=Trypsin;AC=MS:1001251	TMT127C	27	NT=higher energy beam-type collision-induced dissociation;AC=MS:1000422	5 ppm	0.6 Da	NT=dithiothreitol (DTT);AC=PRIDE:0000608	NT=methyl methanethiosulfonate (MMTS);AC=PRIDE:0000605	NT=Methylthio;AC=UNIMOD:39;TA=C;MT=Fixed	NT=Oxidation;AC=UNIMOD:35;TA=M;MT=Variable	NT=TMTpro;AC=UNIMOD:2016;TA=K;MT=Fixed	NT=TMTpro;AC=UNIMOD:2016;PP=Any N-term;MT=Fixed	control
A2	Homo sapiens	cell culture	not available	2	neuroblastoma	cell line	not available	not available	SK-N-AS	CVCL_1700	SK-N-AS	control	Lumos_200817_69-TMT127C	proteomic profiling by mass spectrometry	1	Lumos_200817_69.raw	v1.1.0	NT=ms-proteomics;VV=v1.1.0	NT=human;VV=v1.1.0	NT=cell-lines;VV=v1.1.0	manual curation	NT=Data-dependent acquisition;AC=PRIDE:0000627	NT=Orbitrap Fusion Lumos;AC=MS:1002732	NT=Trypsin;AC=MS:1001251	TMT127C	28	NT=higher energy beam-type collision-induced dissociation;AC=MS:1000422	5 ppm	0.6 Da	NT=dithiothreitol (DTT);AC=PRIDE:0000608	NT=methyl methanethiosulfonate (MMTS);AC=PRIDE:0000605	NT=Methylthio;AC=UNIMOD:39;TA=C;MT=Fixed	NT=Oxidation;AC=UNIMOD:35;TA=M;MT=Variable	NT=TMTpro;AC=UNIMOD:2016;TA=K;MT=Fixed	NT=TMTpro;AC=UNIMOD:2016;PP=Any N-term;MT=Fixed	control
A2	Homo sapiens	cell culture	not available	2	neuroblastoma	cell line	not available	not available	SK-N-AS	CVCL_1700	SK-N-AS	control	Lumos_200817_70-TMT127C	proteomic profiling by mass spectrometry	1	Lumos_200817_70.raw	v1.1.0	NT=ms-proteomics;VV=v1.1.0	NT=human;VV=v1.1.0	NT=cell-lines;VV=v1.1.0	manual curation	NT=Data-dependent acquisition;AC=PRIDE:0000627	NT=Orbitrap Fusion Lumos;AC=MS:1002732	NT=Trypsin;AC=MS:1001251	TMT127C	29	NT=higher energy beam-type collision-induced dissociation;AC=MS:1000422	5 ppm	0.6 Da	NT=dithiothreitol (DTT);AC=PRIDE:0000608	NT=methyl methanethiosulfonate (MMTS);AC=PRIDE:0000605	NT=Methylthio;AC=UNIMOD:39;TA=C;MT=Fixed	NT=Oxidation;AC=UNIMOD:35;TA=M;MT=Variable	NT=TMTpro;AC=UNIMOD:2016;TA=K;MT=Fixed	NT=TMTpro;AC=UNIMOD:2016;PP=Any N-term;MT=Fixed	control
A2	Homo sapiens	cell culture	not available	2	neuroblastoma	cell line	not available	not available	SK-N-AS	CVCL_1700	SK-N-AS	control	Lumos_200817_71-TMT127C	proteomic profiling by mass spectrometry	1	Lumos_200817_71.raw	v1.1.0	NT=ms-proteomics;VV=v1.1.0	NT=human;VV=v1.1.0	NT=cell-lines;VV=v1.1.0	manual curation	NT=Data-dependent acquisition;AC=PRIDE:0000627	NT=Orbitrap Fusion Lumos;AC=MS:1002732	NT=Trypsin;AC=MS:1001251	TMT127C	30	NT=higher energy beam-type collision-induced dissociation;AC=MS:1000422	5 ppm	0.6 Da	NT=dithiothreitol (DTT);AC=PRIDE:0000608	NT=methyl methanethiosulfonate (MMTS);AC=PRIDE:0000605	NT=Methylthio;AC=UNIMOD:39;TA=C;MT=Fixed	NT=Oxidation;AC=UNIMOD:35;TA=M;MT=Variable	NT=TMTpro;AC=UNIMOD:2016;TA=K;MT=Fixed	NT=TMTpro;AC=UNIMOD:2016;PP=Any N-term;MT=Fixed	control
A11	Homo sapiens	cell culture	not available	1	neuroblastoma	cell line	not available	not available	SK-N-AS	CVCL_1700	SK-N-AS	RET knockout clone C9	Lumos_200817_42-TMT128N	proteomic profiling by mass spectrometry	1	Lumos_200817_42.raw	v1.1.0	NT=ms-proteomics;VV=v1.1.0	NT=human;VV=v1.1.0	NT=cell-lines;VV=v1.1.0	manual curation	NT=Data-dependent acquisition;AC=PRIDE:0000627	NT=Orbitrap Fusion Lumos;AC=MS:1002732	NT=Trypsin;AC=MS:1001251	TMT128N	1	NT=higher energy beam-type collision-induced dissociation;AC=MS:1000422	5 ppm	0.6 Da	NT=dithiothreitol (DTT);AC=PRIDE:0000608	NT=methyl methanethiosulfonate (MMTS);AC=PRIDE:0000605	NT=Methylthio;AC=UNIMOD:39;TA=C;MT=Fixed	NT=Oxidation;AC=UNIMOD:35;TA=M;MT=Variable	NT=TMTpro;AC=UNIMOD:2016;TA=K;MT=Fixed	NT=TMTpro;AC=UNIMOD:2016;PP=Any N-term;MT=Fixed	RET knockout clone C9
A11	Homo sapiens	cell culture	not available	1	neuroblastoma	cell line	not available	not available	SK-N-AS	CVCL_1700	SK-N-AS	RET knockout clone C9	Lumos_200817_43-TMT128N	proteomic profiling by mass spectrometry	1	Lumos_200817_43.raw	v1.1.0	NT=ms-proteomics;VV=v1.1.0	NT=human;VV=v1.1.0	NT=cell-lines;VV=v1.1.0	manual curation	NT=Data-dependent acquisition;AC=PRIDE:0000627	NT=Orbitrap Fusion Lumos;AC=MS:1002732	NT=Trypsin;AC=MS:1001251	TMT128N	2	NT=higher energy beam-type collision-induced dissociation;AC=MS:1000422	5 ppm	0.6 Da	NT=dithiothreitol (DTT);AC=PRIDE:0000608	NT=methyl methanethiosulfonate (MMTS);AC=PRIDE:0000605	NT=Methylthio;AC=UNIMOD:39;TA=C;MT=Fixed	NT=Oxidation;AC=UNIMOD:35;TA=M;MT=Variable	NT=TMTpro;AC=UNIMOD:2016;TA=K;MT=Fixed	NT=TMTpro;AC=UNIMOD:2016;PP=Any N-term;MT=Fixed	RET knockout clone C9
A11	Homo sapiens	cell culture	not available	1	neuroblastoma	cell line	not available	not available	SK-N-AS	CVCL_1700	SK-N-AS	RET knockout clone C9	Lumos_200817_44-TMT128N	proteomic profiling by mass spectrometry	1	Lumos_200817_44.raw	v1.1.0	NT=ms-proteomics;VV=v1.1.0	NT=human;VV=v1.1.0	NT=cell-lines;VV=v1.1.0	manual curation	NT=Data-dependent acquisition;AC=PRIDE:0000627	NT=Orbitrap Fusion Lumos;AC=MS:1002732	NT=Trypsin;AC=MS:1001251	TMT128N	3	NT=higher energy beam-type collision-induced dissociation;AC=MS:1000422	5 ppm	0.6 Da	NT=dithiothreitol (DTT);AC=PRIDE:0000608	NT=methyl methanethiosulfonate (MMTS);AC=PRIDE:0000605	NT=Methylthio;AC=UNIMOD:39;TA=C;MT=Fixed	NT=Oxidation;AC=UNIMOD:35;TA=M;MT=Variable	NT=TMTpro;AC=UNIMOD:2016;TA=K;MT=Fixed	NT=TMTpro;AC=UNIMOD:2016;PP=Any N-term;MT=Fixed	RET knockout clone C9
A11	Homo sapiens	cell culture	not available	1	neuroblastoma	cell line	not available	not available	SK-N-AS	CVCL_1700	SK-N-AS	RET knockout clone C9	Lumos_200817_45-TMT128N	proteomic profiling by mass spectrometry	1	Lumos_200817_45.raw	v1.1.0	NT=ms-proteomics;VV=v1.1.0	NT=human;VV=v1.1.0	NT=cell-lines;VV=v1.1.0	manual curation	NT=Data-dependent acquisition;AC=PRIDE:0000627	NT=Orbitrap Fusion Lumos;AC=MS:1002732	NT=Trypsin;AC=MS:1001251	TMT128N	4	NT=higher energy beam-type collision-induced dissociation;AC=MS:1000422	5 ppm	0.6 Da	NT=dithiothreitol (DTT);AC=PRIDE:0000608	NT=methyl methanethiosulfonate (MMTS);AC=PRIDE:0000605	NT=Methylthio;AC=UNIMOD:39;TA=C;MT=Fixed	NT=Oxidation;AC=UNIMOD:35;TA=M;MT=Variable	NT=TMTpro;AC=UNIMOD:2016;TA=K;MT=Fixed	NT=TMTpro;AC=UNIMOD:2016;PP=Any N-term;MT=Fixed	RET knockout clone C9
A11	Homo sapiens	cell culture	not available	1	neuroblastoma	cell line	not available	not available	SK-N-AS	CVCL_1700	SK-N-AS	RET knockout clone C9	Lumos_200817_46-TMT128N	proteomic profiling by mass spectrometry	1	Lumos_200817_46.raw	v1.1.0	NT=ms-proteomics;VV=v1.1.0	NT=human;VV=v1.1.0	NT=cell-lines;VV=v1.1.0	manual curation	NT=Data-dependent acquisition;AC=PRIDE:0000627	NT=Orbitrap Fusion Lumos;AC=MS:1002732	NT=Trypsin;AC=MS:1001251	TMT128N	5	NT=higher energy beam-type collision-induced dissociation;AC=MS:1000422	5 ppm	0.6 Da	NT=dithiothreitol (DTT);AC=PRIDE:0000608	NT=methyl methanethiosulfonate (MMTS);AC=PRIDE:0000605	NT=Methylthio;AC=UNIMOD:39;TA=C;MT=Fixed	NT=Oxidation;AC=UNIMOD:35;TA=M;MT=Variable	NT=TMTpro;AC=UNIMOD:2016;TA=K;MT=Fixed	NT=TMTpro;AC=UNIMOD:2016;PP=Any N-term;MT=Fixed	RET knockout clone C9
A11	Homo sapiens	cell culture	not available	1	neuroblastoma	cell line	not available	not available	SK-N-AS	CVCL_1700	SK-N-AS	RET knockout clone C9	Lumos_200817_47-TMT128N	proteomic profiling by mass spectrometry	1	Lumos_200817_47.raw	v1.1.0	NT=ms-proteomics;VV=v1.1.0	NT=human;VV=v1.1.0	NT=cell-lines;VV=v1.1.0	manual curation	NT=Data-dependent acquisition;AC=PRIDE:0000627	NT=Orbitrap Fusion Lumos;AC=MS:1002732	NT=Trypsin;AC=MS:1001251	TMT128N	6	NT=higher energy beam-type collision-induced dissociation;AC=MS:1000422	5 ppm	0.6 Da	NT=dithiothreitol (DTT);AC=PRIDE:0000608	NT=methyl methanethiosulfonate (MMTS);AC=PRIDE:0000605	NT=Methylthio;AC=UNIMOD:39;TA=C;MT=Fixed	NT=Oxidation;AC=UNIMOD:35;TA=M;MT=Variable	NT=TMTpro;AC=UNIMOD:2016;TA=K;MT=Fixed	NT=TMTpro;AC=UNIMOD:2016;PP=Any N-term;MT=Fixed	RET knockout clone C9
A11	Homo sapiens	cell culture	not available	1	neuroblastoma	cell line	not available	not available	SK-N-AS	CVCL_1700	SK-N-AS	RET knockout clone C9	Lumos_200817_48-TMT128N	proteomic profiling by mass spectrometry	1	Lumos_200817_48.raw	v1.1.0	NT=ms-proteomics;VV=v1.1.0	NT=human;VV=v1.1.0	NT=cell-lines;VV=v1.1.0	manual curation	NT=Data-dependent acquisition;AC=PRIDE:0000627	NT=Orbitrap Fusion Lumos;AC=MS:1002732	NT=Trypsin;AC=MS:1001251	TMT128N	7	NT=higher energy beam-type collision-induced dissociation;AC=MS:1000422	5 ppm	0.6 Da	NT=dithiothreitol (DTT);AC=PRIDE:0000608	NT=methyl methanethiosulfonate (MMTS);AC=PRIDE:0000605	NT=Methylthio;AC=UNIMOD:39;TA=C;MT=Fixed	NT=Oxidation;AC=UNIMOD:35;TA=M;MT=Variable	NT=TMTpro;AC=UNIMOD:2016;TA=K;MT=Fixed	NT=TMTpro;AC=UNIMOD:2016;PP=Any N-term;MT=Fixed	RET knockout clone C9
A11	Homo sapiens	cell culture	not available	1	neuroblastoma	cell line	not available	not available	SK-N-AS	CVCL_1700	SK-N-AS	RET knockout clone C9	Lumos_200817_49-TMT128N	proteomic profiling by mass spectrometry	1	Lumos_200817_49.raw	v1.1.0	NT=ms-proteomics;VV=v1.1.0	NT=human;VV=v1.1.0	NT=cell-lines;VV=v1.1.0	manual curation	NT=Data-dependent acquisition;AC=PRIDE:0000627	NT=Orbitrap Fusion Lumos;AC=MS:1002732	NT=Trypsin;AC=MS:1001251	TMT128N	8	NT=higher energy beam-type collision-induced dissociation;AC=MS:1000422	5 ppm	0.6 Da	NT=dithiothreitol (DTT);AC=PRIDE:0000608	NT=methyl methanethiosulfonate (MMTS);AC=PRIDE:0000605	NT=Methylthio;AC=UNIMOD:39;TA=C;MT=Fixed	NT=Oxidation;AC=UNIMOD:35;TA=M;MT=Variable	NT=TMTpro;AC=UNIMOD:2016;TA=K;MT=Fixed	NT=TMTpro;AC=UNIMOD:2016;PP=Any N-term;MT=Fixed	RET knockout clone C9
A11	Homo sapiens	cell culture	not available	1	neuroblastoma	cell line	not available	not available	SK-N-AS	CVCL_1700	SK-N-AS	RET knockout clone C9	Lumos_200817_50-TMT128N	proteomic profiling by mass spectrometry	1	Lumos_200817_50.raw	v1.1.0	NT=ms-proteomics;VV=v1.1.0	NT=human;VV=v1.1.0	NT=cell-lines;VV=v1.1.0	manual curation	NT=Data-dependent acquisition;AC=PRIDE:0000627	NT=Orbitrap Fusion Lumos;AC=MS:1002732	NT=Trypsin;AC=MS:1001251	TMT128N	9	NT=higher energy beam-type collision-induced dissociation;AC=MS:1000422	5 ppm	0.6 Da	NT=dithiothreitol (DTT);AC=PRIDE:0000608	NT=methyl methanethiosulfonate (MMTS);AC=PRIDE:0000605	NT=Methylthio;AC=UNIMOD:39;TA=C;MT=Fixed	NT=Oxidation;AC=UNIMOD:35;TA=M;MT=Variable	NT=TMTpro;AC=UNIMOD:2016;TA=K;MT=Fixed	NT=TMTpro;AC=UNIMOD:2016;PP=Any N-term;MT=Fixed	RET knockout clone C9
A11	Homo sapiens	cell culture	not available	1	neuroblastoma	cell line	not available	not available	SK-N-AS	CVCL_1700	SK-N-AS	RET knockout clone C9	Lumos_200817_51-TMT128N	proteomic profiling by mass spectrometry	1	Lumos_200817_51.raw	v1.1.0	NT=ms-proteomics;VV=v1.1.0	NT=human;VV=v1.1.0	NT=cell-lines;VV=v1.1.0	manual curation	NT=Data-dependent acquisition;AC=PRIDE:0000627	NT=Orbitrap Fusion Lumos;AC=MS:1002732	NT=Trypsin;AC=MS:1001251	TMT128N	10	NT=higher energy beam-type collision-induced dissociation;AC=MS:1000422	5 ppm	0.6 Da	NT=dithiothreitol (DTT);AC=PRIDE:0000608	NT=methyl methanethiosulfonate (MMTS);AC=PRIDE:0000605	NT=Methylthio;AC=UNIMOD:39;TA=C;MT=Fixed	NT=Oxidation;AC=UNIMOD:35;TA=M;MT=Variable	NT=TMTpro;AC=UNIMOD:2016;TA=K;MT=Fixed	NT=TMTpro;AC=UNIMOD:2016;PP=Any N-term;MT=Fixed	RET knockout clone C9
A11	Homo sapiens	cell culture	not available	1	neuroblastoma	cell line	not available	not available	SK-N-AS	CVCL_1700	SK-N-AS	RET knockout clone C9	Lumos_200817_52-TMT128N	proteomic profiling by mass spectrometry	1	Lumos_200817_52.raw	v1.1.0	NT=ms-proteomics;VV=v1.1.0	NT=human;VV=v1.1.0	NT=cell-lines;VV=v1.1.0	manual curation	NT=Data-dependent acquisition;AC=PRIDE:0000627	NT=Orbitrap Fusion Lumos;AC=MS:1002732	NT=Trypsin;AC=MS:1001251	TMT128N	11	NT=higher energy beam-type collision-induced dissociation;AC=MS:1000422	5 ppm	0.6 Da	NT=dithiothreitol (DTT);AC=PRIDE:0000608	NT=methyl methanethiosulfonate (MMTS);AC=PRIDE:0000605	NT=Methylthio;AC=UNIMOD:39;TA=C;MT=Fixed	NT=Oxidation;AC=UNIMOD:35;TA=M;MT=Variable	NT=TMTpro;AC=UNIMOD:2016;TA=K;MT=Fixed	NT=TMTpro;AC=UNIMOD:2016;PP=Any N-term;MT=Fixed	RET knockout clone C9
A11	Homo sapiens	cell culture	not available	1	neuroblastoma	cell line	not available	not available	SK-N-AS	CVCL_1700	SK-N-AS	RET knockout clone C9	Lumos_200817_53-TMT128N	proteomic profiling by mass spectrometry	1	Lumos_200817_53.raw	v1.1.0	NT=ms-proteomics;VV=v1.1.0	NT=human;VV=v1.1.0	NT=cell-lines;VV=v1.1.0	manual curation	NT=Data-dependent acquisition;AC=PRIDE:0000627	NT=Orbitrap Fusion Lumos;AC=MS:1002732	NT=Trypsin;AC=MS:1001251	TMT128N	12	NT=higher energy beam-type collision-induced dissociation;AC=MS:1000422	5 ppm	0.6 Da	NT=dithiothreitol (DTT);AC=PRIDE:0000608	NT=methyl methanethiosulfonate (MMTS);AC=PRIDE:0000605	NT=Methylthio;AC=UNIMOD:39;TA=C;MT=Fixed	NT=Oxidation;AC=UNIMOD:35;TA=M;MT=Variable	NT=TMTpro;AC=UNIMOD:2016;TA=K;MT=Fixed	NT=TMTpro;AC=UNIMOD:2016;PP=Any N-term;MT=Fixed	RET knockout clone C9
A11	Homo sapiens	cell culture	not available	1	neuroblastoma	cell line	not available	not available	SK-N-AS	CVCL_1700	SK-N-AS	RET knockout clone C9	Lumos_200817_54-TMT128N	proteomic profiling by mass spectrometry	1	Lumos_200817_54.raw	v1.1.0	NT=ms-proteomics;VV=v1.1.0	NT=human;VV=v1.1.0	NT=cell-lines;VV=v1.1.0	manual curation	NT=Data-dependent acquisition;AC=PRIDE:0000627	NT=Orbitrap Fusion Lumos;AC=MS:1002732	NT=Trypsin;AC=MS:1001251	TMT128N	13	NT=higher energy beam-type collision-induced dissociation;AC=MS:1000422	5 ppm	0.6 Da	NT=dithiothreitol (DTT);AC=PRIDE:0000608	NT=methyl methanethiosulfonate (MMTS);AC=PRIDE:0000605	NT=Methylthio;AC=UNIMOD:39;TA=C;MT=Fixed	NT=Oxidation;AC=UNIMOD:35;TA=M;MT=Variable	NT=TMTpro;AC=UNIMOD:2016;TA=K;MT=Fixed	NT=TMTpro;AC=UNIMOD:2016;PP=Any N-term;MT=Fixed	RET knockout clone C9
A11	Homo sapiens	cell culture	not available	1	neuroblastoma	cell line	not available	not available	SK-N-AS	CVCL_1700	SK-N-AS	RET knockout clone C9	Lumos_200817_55-TMT128N	proteomic profiling by mass spectrometry	1	Lumos_200817_55.raw	v1.1.0	NT=ms-proteomics;VV=v1.1.0	NT=human;VV=v1.1.0	NT=cell-lines;VV=v1.1.0	manual curation	NT=Data-dependent acquisition;AC=PRIDE:0000627	NT=Orbitrap Fusion Lumos;AC=MS:1002732	NT=Trypsin;AC=MS:1001251	TMT128N	14	NT=higher energy beam-type collision-induced dissociation;AC=MS:1000422	5 ppm	0.6 Da	NT=dithiothreitol (DTT);AC=PRIDE:0000608	NT=methyl methanethiosulfonate (MMTS);AC=PRIDE:0000605	NT=Methylthio;AC=UNIMOD:39;TA=C;MT=Fixed	NT=Oxidation;AC=UNIMOD:35;TA=M;MT=Variable	NT=TMTpro;AC=UNIMOD:2016;TA=K;MT=Fixed	NT=TMTpro;AC=UNIMOD:2016;PP=Any N-term;MT=Fixed	RET knockout clone C9
A11	Homo sapiens	cell culture	not available	1	neuroblastoma	cell line	not available	not available	SK-N-AS	CVCL_1700	SK-N-AS	RET knockout clone C9	Lumos_200817_56-TMT128N	proteomic profiling by mass spectrometry	1	Lumos_200817_56.raw	v1.1.0	NT=ms-proteomics;VV=v1.1.0	NT=human;VV=v1.1.0	NT=cell-lines;VV=v1.1.0	manual curation	NT=Data-dependent acquisition;AC=PRIDE:0000627	NT=Orbitrap Fusion Lumos;AC=MS:1002732	NT=Trypsin;AC=MS:1001251	TMT128N	15	NT=higher energy beam-type collision-induced dissociation;AC=MS:1000422	5 ppm	0.6 Da	NT=dithiothreitol (DTT);AC=PRIDE:0000608	NT=methyl methanethiosulfonate (MMTS);AC=PRIDE:0000605	NT=Methylthio;AC=UNIMOD:39;TA=C;MT=Fixed	NT=Oxidation;AC=UNIMOD:35;TA=M;MT=Variable	NT=TMTpro;AC=UNIMOD:2016;TA=K;MT=Fixed	NT=TMTpro;AC=UNIMOD:2016;PP=Any N-term;MT=Fixed	RET knockout clone C9
A11	Homo sapiens	cell culture	not available	1	neuroblastoma	cell line	not available	not available	SK-N-AS	CVCL_1700	SK-N-AS	RET knockout clone C9	Lumos_200817_57-TMT128N	proteomic profiling by mass spectrometry	1	Lumos_200817_57.raw	v1.1.0	NT=ms-proteomics;VV=v1.1.0	NT=human;VV=v1.1.0	NT=cell-lines;VV=v1.1.0	manual curation	NT=Data-dependent acquisition;AC=PRIDE:0000627	NT=Orbitrap Fusion Lumos;AC=MS:1002732	NT=Trypsin;AC=MS:1001251	TMT128N	16	NT=higher energy beam-type collision-induced dissociation;AC=MS:1000422	5 ppm	0.6 Da	NT=dithiothreitol (DTT);AC=PRIDE:0000608	NT=methyl methanethiosulfonate (MMTS);AC=PRIDE:0000605	NT=Methylthio;AC=UNIMOD:39;TA=C;MT=Fixed	NT=Oxidation;AC=UNIMOD:35;TA=M;MT=Variable	NT=TMTpro;AC=UNIMOD:2016;TA=K;MT=Fixed	NT=TMTpro;AC=UNIMOD:2016;PP=Any N-term;MT=Fixed	RET knockout clone C9
A11	Homo sapiens	cell culture	not available	1	neuroblastoma	cell line	not available	not available	SK-N-AS	CVCL_1700	SK-N-AS	RET knockout clone C9	Lumos_200817_58-TMT128N	proteomic profiling by mass spectrometry	1	Lumos_200817_58.raw	v1.1.0	NT=ms-proteomics;VV=v1.1.0	NT=human;VV=v1.1.0	NT=cell-lines;VV=v1.1.0	manual curation	NT=Data-dependent acquisition;AC=PRIDE:0000627	NT=Orbitrap Fusion Lumos;AC=MS:1002732	NT=Trypsin;AC=MS:1001251	TMT128N	17	NT=higher energy beam-type collision-induced dissociation;AC=MS:1000422	5 ppm	0.6 Da	NT=dithiothreitol (DTT);AC=PRIDE:0000608	NT=methyl methanethiosulfonate (MMTS);AC=PRIDE:0000605	NT=Methylthio;AC=UNIMOD:39;TA=C;MT=Fixed	NT=Oxidation;AC=UNIMOD:35;TA=M;MT=Variable	NT=TMTpro;AC=UNIMOD:2016;TA=K;MT=Fixed	NT=TMTpro;AC=UNIMOD:2016;PP=Any N-term;MT=Fixed	RET knockout clone C9
A11	Homo sapiens	cell culture	not available	1	neuroblastoma	cell line	not available	not available	SK-N-AS	CVCL_1700	SK-N-AS	RET knockout clone C9	Lumos_200817_59-TMT128N	proteomic profiling by mass spectrometry	1	Lumos_200817_59.raw	v1.1.0	NT=ms-proteomics;VV=v1.1.0	NT=human;VV=v1.1.0	NT=cell-lines;VV=v1.1.0	manual curation	NT=Data-dependent acquisition;AC=PRIDE:0000627	NT=Orbitrap Fusion Lumos;AC=MS:1002732	NT=Trypsin;AC=MS:1001251	TMT128N	18	NT=higher energy beam-type collision-induced dissociation;AC=MS:1000422	5 ppm	0.6 Da	NT=dithiothreitol (DTT);AC=PRIDE:0000608	NT=methyl methanethiosulfonate (MMTS);AC=PRIDE:0000605	NT=Methylthio;AC=UNIMOD:39;TA=C;MT=Fixed	NT=Oxidation;AC=UNIMOD:35;TA=M;MT=Variable	NT=TMTpro;AC=UNIMOD:2016;TA=K;MT=Fixed	NT=TMTpro;AC=UNIMOD:2016;PP=Any N-term;MT=Fixed	RET knockout clone C9
A11	Homo sapiens	cell culture	not available	1	neuroblastoma	cell line	not available	not available	SK-N-AS	CVCL_1700	SK-N-AS	RET knockout clone C9	Lumos_200817_60-TMT128N	proteomic profiling by mass spectrometry	1	Lumos_200817_60.raw	v1.1.0	NT=ms-proteomics;VV=v1.1.0	NT=human;VV=v1.1.0	NT=cell-lines;VV=v1.1.0	manual curation	NT=Data-dependent acquisition;AC=PRIDE:0000627	NT=Orbitrap Fusion Lumos;AC=MS:1002732	NT=Trypsin;AC=MS:1001251	TMT128N	19	NT=higher energy beam-type collision-induced dissociation;AC=MS:1000422	5 ppm	0.6 Da	NT=dithiothreitol (DTT);AC=PRIDE:0000608	NT=methyl methanethiosulfonate (MMTS);AC=PRIDE:0000605	NT=Methylthio;AC=UNIMOD:39;TA=C;MT=Fixed	NT=Oxidation;AC=UNIMOD:35;TA=M;MT=Variable	NT=TMTpro;AC=UNIMOD:2016;TA=K;MT=Fixed	NT=TMTpro;AC=UNIMOD:2016;PP=Any N-term;MT=Fixed	RET knockout clone C9
A11	Homo sapiens	cell culture	not available	1	neuroblastoma	cell line	not available	not available	SK-N-AS	CVCL_1700	SK-N-AS	RET knockout clone C9	Lumos_200817_61-TMT128N	proteomic profiling by mass spectrometry	1	Lumos_200817_61.raw	v1.1.0	NT=ms-proteomics;VV=v1.1.0	NT=human;VV=v1.1.0	NT=cell-lines;VV=v1.1.0	manual curation	NT=Data-dependent acquisition;AC=PRIDE:0000627	NT=Orbitrap Fusion Lumos;AC=MS:1002732	NT=Trypsin;AC=MS:1001251	TMT128N	20	NT=higher energy beam-type collision-induced dissociation;AC=MS:1000422	5 ppm	0.6 Da	NT=dithiothreitol (DTT);AC=PRIDE:0000608	NT=methyl methanethiosulfonate (MMTS);AC=PRIDE:0000605	NT=Methylthio;AC=UNIMOD:39;TA=C;MT=Fixed	NT=Oxidation;AC=UNIMOD:35;TA=M;MT=Variable	NT=TMTpro;AC=UNIMOD:2016;TA=K;MT=Fixed	NT=TMTpro;AC=UNIMOD:2016;PP=Any N-term;MT=Fixed	RET knockout clone C9
A11	Homo sapiens	cell culture	not available	1	neuroblastoma	cell line	not available	not available	SK-N-AS	CVCL_1700	SK-N-AS	RET knockout clone C9	Lumos_200817_62-TMT128N	proteomic profiling by mass spectrometry	1	Lumos_200817_62.raw	v1.1.0	NT=ms-proteomics;VV=v1.1.0	NT=human;VV=v1.1.0	NT=cell-lines;VV=v1.1.0	manual curation	NT=Data-dependent acquisition;AC=PRIDE:0000627	NT=Orbitrap Fusion Lumos;AC=MS:1002732	NT=Trypsin;AC=MS:1001251	TMT128N	21	NT=higher energy beam-type collision-induced dissociation;AC=MS:1000422	5 ppm	0.6 Da	NT=dithiothreitol (DTT);AC=PRIDE:0000608	NT=methyl methanethiosulfonate (MMTS);AC=PRIDE:0000605	NT=Methylthio;AC=UNIMOD:39;TA=C;MT=Fixed	NT=Oxidation;AC=UNIMOD:35;TA=M;MT=Variable	NT=TMTpro;AC=UNIMOD:2016;TA=K;MT=Fixed	NT=TMTpro;AC=UNIMOD:2016;PP=Any N-term;MT=Fixed	RET knockout clone C9
A11	Homo sapiens	cell culture	not available	1	neuroblastoma	cell line	not available	not available	SK-N-AS	CVCL_1700	SK-N-AS	RET knockout clone C9	Lumos_200817_63-TMT128N	proteomic profiling by mass spectrometry	1	Lumos_200817_63.raw	v1.1.0	NT=ms-proteomics;VV=v1.1.0	NT=human;VV=v1.1.0	NT=cell-lines;VV=v1.1.0	manual curation	NT=Data-dependent acquisition;AC=PRIDE:0000627	NT=Orbitrap Fusion Lumos;AC=MS:1002732	NT=Trypsin;AC=MS:1001251	TMT128N	22	NT=higher energy beam-type collision-induced dissociation;AC=MS:1000422	5 ppm	0.6 Da	NT=dithiothreitol (DTT);AC=PRIDE:0000608	NT=methyl methanethiosulfonate (MMTS);AC=PRIDE:0000605	NT=Methylthio;AC=UNIMOD:39;TA=C;MT=Fixed	NT=Oxidation;AC=UNIMOD:35;TA=M;MT=Variable	NT=TMTpro;AC=UNIMOD:2016;TA=K;MT=Fixed	NT=TMTpro;AC=UNIMOD:2016;PP=Any N-term;MT=Fixed	RET knockout clone C9
A11	Homo sapiens	cell culture	not available	1	neuroblastoma	cell line	not available	not available	SK-N-AS	CVCL_1700	SK-N-AS	RET knockout clone C9	Lumos_200817_64-TMT128N	proteomic profiling by mass spectrometry	1	Lumos_200817_64.raw	v1.1.0	NT=ms-proteomics;VV=v1.1.0	NT=human;VV=v1.1.0	NT=cell-lines;VV=v1.1.0	manual curation	NT=Data-dependent acquisition;AC=PRIDE:0000627	NT=Orbitrap Fusion Lumos;AC=MS:1002732	NT=Trypsin;AC=MS:1001251	TMT128N	23	NT=higher energy beam-type collision-induced dissociation;AC=MS:1000422	5 ppm	0.6 Da	NT=dithiothreitol (DTT);AC=PRIDE:0000608	NT=methyl methanethiosulfonate (MMTS);AC=PRIDE:0000605	NT=Methylthio;AC=UNIMOD:39;TA=C;MT=Fixed	NT=Oxidation;AC=UNIMOD:35;TA=M;MT=Variable	NT=TMTpro;AC=UNIMOD:2016;TA=K;MT=Fixed	NT=TMTpro;AC=UNIMOD:2016;PP=Any N-term;MT=Fixed	RET knockout clone C9
A11	Homo sapiens	cell culture	not available	1	neuroblastoma	cell line	not available	not available	SK-N-AS	CVCL_1700	SK-N-AS	RET knockout clone C9	Lumos_200817_65-TMT128N	proteomic profiling by mass spectrometry	1	Lumos_200817_65.raw	v1.1.0	NT=ms-proteomics;VV=v1.1.0	NT=human;VV=v1.1.0	NT=cell-lines;VV=v1.1.0	manual curation	NT=Data-dependent acquisition;AC=PRIDE:0000627	NT=Orbitrap Fusion Lumos;AC=MS:1002732	NT=Trypsin;AC=MS:1001251	TMT128N	24	NT=higher energy beam-type collision-induced dissociation;AC=MS:1000422	5 ppm	0.6 Da	NT=dithiothreitol (DTT);AC=PRIDE:0000608	NT=methyl methanethiosulfonate (MMTS);AC=PRIDE:0000605	NT=Methylthio;AC=UNIMOD:39;TA=C;MT=Fixed	NT=Oxidation;AC=UNIMOD:35;TA=M;MT=Variable	NT=TMTpro;AC=UNIMOD:2016;TA=K;MT=Fixed	NT=TMTpro;AC=UNIMOD:2016;PP=Any N-term;MT=Fixed	RET knockout clone C9
A11	Homo sapiens	cell culture	not available	1	neuroblastoma	cell line	not available	not available	SK-N-AS	CVCL_1700	SK-N-AS	RET knockout clone C9	Lumos_200817_66-TMT128N	proteomic profiling by mass spectrometry	1	Lumos_200817_66.raw	v1.1.0	NT=ms-proteomics;VV=v1.1.0	NT=human;VV=v1.1.0	NT=cell-lines;VV=v1.1.0	manual curation	NT=Data-dependent acquisition;AC=PRIDE:0000627	NT=Orbitrap Fusion Lumos;AC=MS:1002732	NT=Trypsin;AC=MS:1001251	TMT128N	25	NT=higher energy beam-type collision-induced dissociation;AC=MS:1000422	5 ppm	0.6 Da	NT=dithiothreitol (DTT);AC=PRIDE:0000608	NT=methyl methanethiosulfonate (MMTS);AC=PRIDE:0000605	NT=Methylthio;AC=UNIMOD:39;TA=C;MT=Fixed	NT=Oxidation;AC=UNIMOD:35;TA=M;MT=Variable	NT=TMTpro;AC=UNIMOD:2016;TA=K;MT=Fixed	NT=TMTpro;AC=UNIMOD:2016;PP=Any N-term;MT=Fixed	RET knockout clone C9
A11	Homo sapiens	cell culture	not available	1	neuroblastoma	cell line	not available	not available	SK-N-AS	CVCL_1700	SK-N-AS	RET knockout clone C9	Lumos_200817_67-TMT128N	proteomic profiling by mass spectrometry	1	Lumos_200817_67.raw	v1.1.0	NT=ms-proteomics;VV=v1.1.0	NT=human;VV=v1.1.0	NT=cell-lines;VV=v1.1.0	manual curation	NT=Data-dependent acquisition;AC=PRIDE:0000627	NT=Orbitrap Fusion Lumos;AC=MS:1002732	NT=Trypsin;AC=MS:1001251	TMT128N	26	NT=higher energy beam-type collision-induced dissociation;AC=MS:1000422	5 ppm	0.6 Da	NT=dithiothreitol (DTT);AC=PRIDE:0000608	NT=methyl methanethiosulfonate (MMTS);AC=PRIDE:0000605	NT=Methylthio;AC=UNIMOD:39;TA=C;MT=Fixed	NT=Oxidation;AC=UNIMOD:35;TA=M;MT=Variable	NT=TMTpro;AC=UNIMOD:2016;TA=K;MT=Fixed	NT=TMTpro;AC=UNIMOD:2016;PP=Any N-term;MT=Fixed	RET knockout clone C9
A11	Homo sapiens	cell culture	not available	1	neuroblastoma	cell line	not available	not available	SK-N-AS	CVCL_1700	SK-N-AS	RET knockout clone C9	Lumos_200817_68-TMT128N	proteomic profiling by mass spectrometry	1	Lumos_200817_68.raw	v1.1.0	NT=ms-proteomics;VV=v1.1.0	NT=human;VV=v1.1.0	NT=cell-lines;VV=v1.1.0	manual curation	NT=Data-dependent acquisition;AC=PRIDE:0000627	NT=Orbitrap Fusion Lumos;AC=MS:1002732	NT=Trypsin;AC=MS:1001251	TMT128N	27	NT=higher energy beam-type collision-induced dissociation;AC=MS:1000422	5 ppm	0.6 Da	NT=dithiothreitol (DTT);AC=PRIDE:0000608	NT=methyl methanethiosulfonate (MMTS);AC=PRIDE:0000605	NT=Methylthio;AC=UNIMOD:39;TA=C;MT=Fixed	NT=Oxidation;AC=UNIMOD:35;TA=M;MT=Variable	NT=TMTpro;AC=UNIMOD:2016;TA=K;MT=Fixed	NT=TMTpro;AC=UNIMOD:2016;PP=Any N-term;MT=Fixed	RET knockout clone C9
A11	Homo sapiens	cell culture	not available	1	neuroblastoma	cell line	not available	not available	SK-N-AS	CVCL_1700	SK-N-AS	RET knockout clone C9	Lumos_200817_69-TMT128N	proteomic profiling by mass spectrometry	1	Lumos_200817_69.raw	v1.1.0	NT=ms-proteomics;VV=v1.1.0	NT=human;VV=v1.1.0	NT=cell-lines;VV=v1.1.0	manual curation	NT=Data-dependent acquisition;AC=PRIDE:0000627	NT=Orbitrap Fusion Lumos;AC=MS:1002732	NT=Trypsin;AC=MS:1001251	TMT128N	28	NT=higher energy beam-type collision-induced dissociation;AC=MS:1000422	5 ppm	0.6 Da	NT=dithiothreitol (DTT);AC=PRIDE:0000608	NT=methyl methanethiosulfonate (MMTS);AC=PRIDE:0000605	NT=Methylthio;AC=UNIMOD:39;TA=C;MT=Fixed	NT=Oxidation;AC=UNIMOD:35;TA=M;MT=Variable	NT=TMTpro;AC=UNIMOD:2016;TA=K;MT=Fixed	NT=TMTpro;AC=UNIMOD:2016;PP=Any N-term;MT=Fixed	RET knockout clone C9
A11	Homo sapiens	cell culture	not available	1	neuroblastoma	cell line	not available	not available	SK-N-AS	CVCL_1700	SK-N-AS	RET knockout clone C9	Lumos_200817_70-TMT128N	proteomic profiling by mass spectrometry	1	Lumos_200817_70.raw	v1.1.0	NT=ms-proteomics;VV=v1.1.0	NT=human;VV=v1.1.0	NT=cell-lines;VV=v1.1.0	manual curation	NT=Data-dependent acquisition;AC=PRIDE:0000627	NT=Orbitrap Fusion Lumos;AC=MS:1002732	NT=Trypsin;AC=MS:1001251	TMT128N	29	NT=higher energy beam-type collision-induced dissociation;AC=MS:1000422	5 ppm	0.6 Da	NT=dithiothreitol (DTT);AC=PRIDE:0000608	NT=methyl methanethiosulfonate (MMTS);AC=PRIDE:0000605	NT=Methylthio;AC=UNIMOD:39;TA=C;MT=Fixed	NT=Oxidation;AC=UNIMOD:35;TA=M;MT=Variable	NT=TMTpro;AC=UNIMOD:2016;TA=K;MT=Fixed	NT=TMTpro;AC=UNIMOD:2016;PP=Any N-term;MT=Fixed	RET knockout clone C9
A11	Homo sapiens	cell culture	not available	1	neuroblastoma	cell line	not available	not available	SK-N-AS	CVCL_1700	SK-N-AS	RET knockout clone C9	Lumos_200817_71-TMT128N	proteomic profiling by mass spectrometry	1	Lumos_200817_71.raw	v1.1.0	NT=ms-proteomics;VV=v1.1.0	NT=human;VV=v1.1.0	NT=cell-lines;VV=v1.1.0	manual curation	NT=Data-dependent acquisition;AC=PRIDE:0000627	NT=Orbitrap Fusion Lumos;AC=MS:1002732	NT=Trypsin;AC=MS:1001251	TMT128N	30	NT=higher energy beam-type collision-induced dissociation;AC=MS:1000422	5 ppm	0.6 Da	NT=dithiothreitol (DTT);AC=PRIDE:0000608	NT=methyl methanethiosulfonate (MMTS);AC=PRIDE:0000605	NT=Methylthio;AC=UNIMOD:39;TA=C;MT=Fixed	NT=Oxidation;AC=UNIMOD:35;TA=M;MT=Variable	NT=TMTpro;AC=UNIMOD:2016;TA=K;MT=Fixed	NT=TMTpro;AC=UNIMOD:2016;PP=Any N-term;MT=Fixed	RET knockout clone C9
A3	Homo sapiens	cell culture	not available	3	neuroblastoma	cell line	not available	not available	SK-N-AS	CVCL_1700	SK-N-AS	control	Lumos_200817_42-TMT128C	proteomic profiling by mass spectrometry	1	Lumos_200817_42.raw	v1.1.0	NT=ms-proteomics;VV=v1.1.0	NT=human;VV=v1.1.0	NT=cell-lines;VV=v1.1.0	manual curation	NT=Data-dependent acquisition;AC=PRIDE:0000627	NT=Orbitrap Fusion Lumos;AC=MS:1002732	NT=Trypsin;AC=MS:1001251	TMT128C	1	NT=higher energy beam-type collision-induced dissociation;AC=MS:1000422	5 ppm	0.6 Da	NT=dithiothreitol (DTT);AC=PRIDE:0000608	NT=methyl methanethiosulfonate (MMTS);AC=PRIDE:0000605	NT=Methylthio;AC=UNIMOD:39;TA=C;MT=Fixed	NT=Oxidation;AC=UNIMOD:35;TA=M;MT=Variable	NT=TMTpro;AC=UNIMOD:2016;TA=K;MT=Fixed	NT=TMTpro;AC=UNIMOD:2016;PP=Any N-term;MT=Fixed	control
A3	Homo sapiens	cell culture	not available	3	neuroblastoma	cell line	not available	not available	SK-N-AS	CVCL_1700	SK-N-AS	control	Lumos_200817_43-TMT128C	proteomic profiling by mass spectrometry	1	Lumos_200817_43.raw	v1.1.0	NT=ms-proteomics;VV=v1.1.0	NT=human;VV=v1.1.0	NT=cell-lines;VV=v1.1.0	manual curation	NT=Data-dependent acquisition;AC=PRIDE:0000627	NT=Orbitrap Fusion Lumos;AC=MS:1002732	NT=Trypsin;AC=MS:1001251	TMT128C	2	NT=higher energy beam-type collision-induced dissociation;AC=MS:1000422	5 ppm	0.6 Da	NT=dithiothreitol (DTT);AC=PRIDE:0000608	NT=methyl methanethiosulfonate (MMTS);AC=PRIDE:0000605	NT=Methylthio;AC=UNIMOD:39;TA=C;MT=Fixed	NT=Oxidation;AC=UNIMOD:35;TA=M;MT=Variable	NT=TMTpro;AC=UNIMOD:2016;TA=K;MT=Fixed	NT=TMTpro;AC=UNIMOD:2016;PP=Any N-term;MT=Fixed	control
A3	Homo sapiens	cell culture	not available	3	neuroblastoma	cell line	not available	not available	SK-N-AS	CVCL_1700	SK-N-AS	control	Lumos_200817_44-TMT128C	proteomic profiling by mass spectrometry	1	Lumos_200817_44.raw	v1.1.0	NT=ms-proteomics;VV=v1.1.0	NT=human;VV=v1.1.0	NT=cell-lines;VV=v1.1.0	manual curation	NT=Data-dependent acquisition;AC=PRIDE:0000627	NT=Orbitrap Fusion Lumos;AC=MS:1002732	NT=Trypsin;AC=MS:1001251	TMT128C	3	NT=higher energy beam-type collision-induced dissociation;AC=MS:1000422	5 ppm	0.6 Da	NT=dithiothreitol (DTT);AC=PRIDE:0000608	NT=methyl methanethiosulfonate (MMTS);AC=PRIDE:0000605	NT=Methylthio;AC=UNIMOD:39;TA=C;MT=Fixed	NT=Oxidation;AC=UNIMOD:35;TA=M;MT=Variable	NT=TMTpro;AC=UNIMOD:2016;TA=K;MT=Fixed	NT=TMTpro;AC=UNIMOD:2016;PP=Any N-term;MT=Fixed	control
A3	Homo sapiens	cell culture	not available	3	neuroblastoma	cell line	not available	not available	SK-N-AS	CVCL_1700	SK-N-AS	control	Lumos_200817_45-TMT128C	proteomic profiling by mass spectrometry	1	Lumos_200817_45.raw	v1.1.0	NT=ms-proteomics;VV=v1.1.0	NT=human;VV=v1.1.0	NT=cell-lines;VV=v1.1.0	manual curation	NT=Data-dependent acquisition;AC=PRIDE:0000627	NT=Orbitrap Fusion Lumos;AC=MS:1002732	NT=Trypsin;AC=MS:1001251	TMT128C	4	NT=higher energy beam-type collision-induced dissociation;AC=MS:1000422	5 ppm	0.6 Da	NT=dithiothreitol (DTT);AC=PRIDE:0000608	NT=methyl methanethiosulfonate (MMTS);AC=PRIDE:0000605	NT=Methylthio;AC=UNIMOD:39;TA=C;MT=Fixed	NT=Oxidation;AC=UNIMOD:35;TA=M;MT=Variable	NT=TMTpro;AC=UNIMOD:2016;TA=K;MT=Fixed	NT=TMTpro;AC=UNIMOD:2016;PP=Any N-term;MT=Fixed	control
A3	Homo sapiens	cell culture	not available	3	neuroblastoma	cell line	not available	not available	SK-N-AS	CVCL_1700	SK-N-AS	control	Lumos_200817_46-TMT128C	proteomic profiling by mass spectrometry	1	Lumos_200817_46.raw	v1.1.0	NT=ms-proteomics;VV=v1.1.0	NT=human;VV=v1.1.0	NT=cell-lines;VV=v1.1.0	manual curation	NT=Data-dependent acquisition;AC=PRIDE:0000627	NT=Orbitrap Fusion Lumos;AC=MS:1002732	NT=Trypsin;AC=MS:1001251	TMT128C	5	NT=higher energy beam-type collision-induced dissociation;AC=MS:1000422	5 ppm	0.6 Da	NT=dithiothreitol (DTT);AC=PRIDE:0000608	NT=methyl methanethiosulfonate (MMTS);AC=PRIDE:0000605	NT=Methylthio;AC=UNIMOD:39;TA=C;MT=Fixed	NT=Oxidation;AC=UNIMOD:35;TA=M;MT=Variable	NT=TMTpro;AC=UNIMOD:2016;TA=K;MT=Fixed	NT=TMTpro;AC=UNIMOD:2016;PP=Any N-term;MT=Fixed	control
A3	Homo sapiens	cell culture	not available	3	neuroblastoma	cell line	not available	not available	SK-N-AS	CVCL_1700	SK-N-AS	control	Lumos_200817_47-TMT128C	proteomic profiling by mass spectrometry	1	Lumos_200817_47.raw	v1.1.0	NT=ms-proteomics;VV=v1.1.0	NT=human;VV=v1.1.0	NT=cell-lines;VV=v1.1.0	manual curation	NT=Data-dependent acquisition;AC=PRIDE:0000627	NT=Orbitrap Fusion Lumos;AC=MS:1002732	NT=Trypsin;AC=MS:1001251	TMT128C	6	NT=higher energy beam-type collision-induced dissociation;AC=MS:1000422	5 ppm	0.6 Da	NT=dithiothreitol (DTT);AC=PRIDE:0000608	NT=methyl methanethiosulfonate (MMTS);AC=PRIDE:0000605	NT=Methylthio;AC=UNIMOD:39;TA=C;MT=Fixed	NT=Oxidation;AC=UNIMOD:35;TA=M;MT=Variable	NT=TMTpro;AC=UNIMOD:2016;TA=K;MT=Fixed	NT=TMTpro;AC=UNIMOD:2016;PP=Any N-term;MT=Fixed	control
A3	Homo sapiens	cell culture	not available	3	neuroblastoma	cell line	not available	not available	SK-N-AS	CVCL_1700	SK-N-AS	control	Lumos_200817_48-TMT128C	proteomic profiling by mass spectrometry	1	Lumos_200817_48.raw	v1.1.0	NT=ms-proteomics;VV=v1.1.0	NT=human;VV=v1.1.0	NT=cell-lines;VV=v1.1.0	manual curation	NT=Data-dependent acquisition;AC=PRIDE:0000627	NT=Orbitrap Fusion Lumos;AC=MS:1002732	NT=Trypsin;AC=MS:1001251	TMT128C	7	NT=higher energy beam-type collision-induced dissociation;AC=MS:1000422	5 ppm	0.6 Da	NT=dithiothreitol (DTT);AC=PRIDE:0000608	NT=methyl methanethiosulfonate (MMTS);AC=PRIDE:0000605	NT=Methylthio;AC=UNIMOD:39;TA=C;MT=Fixed	NT=Oxidation;AC=UNIMOD:35;TA=M;MT=Variable	NT=TMTpro;AC=UNIMOD:2016;TA=K;MT=Fixed	NT=TMTpro;AC=UNIMOD:2016;PP=Any N-term;MT=Fixed	control
A3	Homo sapiens	cell culture	not available	3	neuroblastoma	cell line	not available	not available	SK-N-AS	CVCL_1700	SK-N-AS	control	Lumos_200817_49-TMT128C	proteomic profiling by mass spectrometry	1	Lumos_200817_49.raw	v1.1.0	NT=ms-proteomics;VV=v1.1.0	NT=human;VV=v1.1.0	NT=cell-lines;VV=v1.1.0	manual curation	NT=Data-dependent acquisition;AC=PRIDE:0000627	NT=Orbitrap Fusion Lumos;AC=MS:1002732	NT=Trypsin;AC=MS:1001251	TMT128C	8	NT=higher energy beam-type collision-induced dissociation;AC=MS:1000422	5 ppm	0.6 Da	NT=dithiothreitol (DTT);AC=PRIDE:0000608	NT=methyl methanethiosulfonate (MMTS);AC=PRIDE:0000605	NT=Methylthio;AC=UNIMOD:39;TA=C;MT=Fixed	NT=Oxidation;AC=UNIMOD:35;TA=M;MT=Variable	NT=TMTpro;AC=UNIMOD:2016;TA=K;MT=Fixed	NT=TMTpro;AC=UNIMOD:2016;PP=Any N-term;MT=Fixed	control
A3	Homo sapiens	cell culture	not available	3	neuroblastoma	cell line	not available	not available	SK-N-AS	CVCL_1700	SK-N-AS	control	Lumos_200817_50-TMT128C	proteomic profiling by mass spectrometry	1	Lumos_200817_50.raw	v1.1.0	NT=ms-proteomics;VV=v1.1.0	NT=human;VV=v1.1.0	NT=cell-lines;VV=v1.1.0	manual curation	NT=Data-dependent acquisition;AC=PRIDE:0000627	NT=Orbitrap Fusion Lumos;AC=MS:1002732	NT=Trypsin;AC=MS:1001251	TMT128C	9	NT=higher energy beam-type collision-induced dissociation;AC=MS:1000422	5 ppm	0.6 Da	NT=dithiothreitol (DTT);AC=PRIDE:0000608	NT=methyl methanethiosulfonate (MMTS);AC=PRIDE:0000605	NT=Methylthio;AC=UNIMOD:39;TA=C;MT=Fixed	NT=Oxidation;AC=UNIMOD:35;TA=M;MT=Variable	NT=TMTpro;AC=UNIMOD:2016;TA=K;MT=Fixed	NT=TMTpro;AC=UNIMOD:2016;PP=Any N-term;MT=Fixed	control
A3	Homo sapiens	cell culture	not available	3	neuroblastoma	cell line	not available	not available	SK-N-AS	CVCL_1700	SK-N-AS	control	Lumos_200817_51-TMT128C	proteomic profiling by mass spectrometry	1	Lumos_200817_51.raw	v1.1.0	NT=ms-proteomics;VV=v1.1.0	NT=human;VV=v1.1.0	NT=cell-lines;VV=v1.1.0	manual curation	NT=Data-dependent acquisition;AC=PRIDE:0000627	NT=Orbitrap Fusion Lumos;AC=MS:1002732	NT=Trypsin;AC=MS:1001251	TMT128C	10	NT=higher energy beam-type collision-induced dissociation;AC=MS:1000422	5 ppm	0.6 Da	NT=dithiothreitol (DTT);AC=PRIDE:0000608	NT=methyl methanethiosulfonate (MMTS);AC=PRIDE:0000605	NT=Methylthio;AC=UNIMOD:39;TA=C;MT=Fixed	NT=Oxidation;AC=UNIMOD:35;TA=M;MT=Variable	NT=TMTpro;AC=UNIMOD:2016;TA=K;MT=Fixed	NT=TMTpro;AC=UNIMOD:2016;PP=Any N-term;MT=Fixed	control
A3	Homo sapiens	cell culture	not available	3	neuroblastoma	cell line	not available	not available	SK-N-AS	CVCL_1700	SK-N-AS	control	Lumos_200817_52-TMT128C	proteomic profiling by mass spectrometry	1	Lumos_200817_52.raw	v1.1.0	NT=ms-proteomics;VV=v1.1.0	NT=human;VV=v1.1.0	NT=cell-lines;VV=v1.1.0	manual curation	NT=Data-dependent acquisition;AC=PRIDE:0000627	NT=Orbitrap Fusion Lumos;AC=MS:1002732	NT=Trypsin;AC=MS:1001251	TMT128C	11	NT=higher energy beam-type collision-induced dissociation;AC=MS:1000422	5 ppm	0.6 Da	NT=dithiothreitol (DTT);AC=PRIDE:0000608	NT=methyl methanethiosulfonate (MMTS);AC=PRIDE:0000605	NT=Methylthio;AC=UNIMOD:39;TA=C;MT=Fixed	NT=Oxidation;AC=UNIMOD:35;TA=M;MT=Variable	NT=TMTpro;AC=UNIMOD:2016;TA=K;MT=Fixed	NT=TMTpro;AC=UNIMOD:2016;PP=Any N-term;MT=Fixed	control
A3	Homo sapiens	cell culture	not available	3	neuroblastoma	cell line	not available	not available	SK-N-AS	CVCL_1700	SK-N-AS	control	Lumos_200817_53-TMT128C	proteomic profiling by mass spectrometry	1	Lumos_200817_53.raw	v1.1.0	NT=ms-proteomics;VV=v1.1.0	NT=human;VV=v1.1.0	NT=cell-lines;VV=v1.1.0	manual curation	NT=Data-dependent acquisition;AC=PRIDE:0000627	NT=Orbitrap Fusion Lumos;AC=MS:1002732	NT=Trypsin;AC=MS:1001251	TMT128C	12	NT=higher energy beam-type collision-induced dissociation;AC=MS:1000422	5 ppm	0.6 Da	NT=dithiothreitol (DTT);AC=PRIDE:0000608	NT=methyl methanethiosulfonate (MMTS);AC=PRIDE:0000605	NT=Methylthio;AC=UNIMOD:39;TA=C;MT=Fixed	NT=Oxidation;AC=UNIMOD:35;TA=M;MT=Variable	NT=TMTpro;AC=UNIMOD:2016;TA=K;MT=Fixed	NT=TMTpro;AC=UNIMOD:2016;PP=Any N-term;MT=Fixed	control
A3	Homo sapiens	cell culture	not available	3	neuroblastoma	cell line	not available	not available	SK-N-AS	CVCL_1700	SK-N-AS	control	Lumos_200817_54-TMT128C	proteomic profiling by mass spectrometry	1	Lumos_200817_54.raw	v1.1.0	NT=ms-proteomics;VV=v1.1.0	NT=human;VV=v1.1.0	NT=cell-lines;VV=v1.1.0	manual curation	NT=Data-dependent acquisition;AC=PRIDE:0000627	NT=Orbitrap Fusion Lumos;AC=MS:1002732	NT=Trypsin;AC=MS:1001251	TMT128C	13	NT=higher energy beam-type collision-induced dissociation;AC=MS:1000422	5 ppm	0.6 Da	NT=dithiothreitol (DTT);AC=PRIDE:0000608	NT=methyl methanethiosulfonate (MMTS);AC=PRIDE:0000605	NT=Methylthio;AC=UNIMOD:39;TA=C;MT=Fixed	NT=Oxidation;AC=UNIMOD:35;TA=M;MT=Variable	NT=TMTpro;AC=UNIMOD:2016;TA=K;MT=Fixed	NT=TMTpro;AC=UNIMOD:2016;PP=Any N-term;MT=Fixed	control
A3	Homo sapiens	cell culture	not available	3	neuroblastoma	cell line	not available	not available	SK-N-AS	CVCL_1700	SK-N-AS	control	Lumos_200817_55-TMT128C	proteomic profiling by mass spectrometry	1	Lumos_200817_55.raw	v1.1.0	NT=ms-proteomics;VV=v1.1.0	NT=human;VV=v1.1.0	NT=cell-lines;VV=v1.1.0	manual curation	NT=Data-dependent acquisition;AC=PRIDE:0000627	NT=Orbitrap Fusion Lumos;AC=MS:1002732	NT=Trypsin;AC=MS:1001251	TMT128C	14	NT=higher energy beam-type collision-induced dissociation;AC=MS:1000422	5 ppm	0.6 Da	NT=dithiothreitol (DTT);AC=PRIDE:0000608	NT=methyl methanethiosulfonate (MMTS);AC=PRIDE:0000605	NT=Methylthio;AC=UNIMOD:39;TA=C;MT=Fixed	NT=Oxidation;AC=UNIMOD:35;TA=M;MT=Variable	NT=TMTpro;AC=UNIMOD:2016;TA=K;MT=Fixed	NT=TMTpro;AC=UNIMOD:2016;PP=Any N-term;MT=Fixed	control
A3	Homo sapiens	cell culture	not available	3	neuroblastoma	cell line	not available	not available	SK-N-AS	CVCL_1700	SK-N-AS	control	Lumos_200817_56-TMT128C	proteomic profiling by mass spectrometry	1	Lumos_200817_56.raw	v1.1.0	NT=ms-proteomics;VV=v1.1.0	NT=human;VV=v1.1.0	NT=cell-lines;VV=v1.1.0	manual curation	NT=Data-dependent acquisition;AC=PRIDE:0000627	NT=Orbitrap Fusion Lumos;AC=MS:1002732	NT=Trypsin;AC=MS:1001251	TMT128C	15	NT=higher energy beam-type collision-induced dissociation;AC=MS:1000422	5 ppm	0.6 Da	NT=dithiothreitol (DTT);AC=PRIDE:0000608	NT=methyl methanethiosulfonate (MMTS);AC=PRIDE:0000605	NT=Methylthio;AC=UNIMOD:39;TA=C;MT=Fixed	NT=Oxidation;AC=UNIMOD:35;TA=M;MT=Variable	NT=TMTpro;AC=UNIMOD:2016;TA=K;MT=Fixed	NT=TMTpro;AC=UNIMOD:2016;PP=Any N-term;MT=Fixed	control
A3	Homo sapiens	cell culture	not available	3	neuroblastoma	cell line	not available	not available	SK-N-AS	CVCL_1700	SK-N-AS	control	Lumos_200817_57-TMT128C	proteomic profiling by mass spectrometry	1	Lumos_200817_57.raw	v1.1.0	NT=ms-proteomics;VV=v1.1.0	NT=human;VV=v1.1.0	NT=cell-lines;VV=v1.1.0	manual curation	NT=Data-dependent acquisition;AC=PRIDE:0000627	NT=Orbitrap Fusion Lumos;AC=MS:1002732	NT=Trypsin;AC=MS:1001251	TMT128C	16	NT=higher energy beam-type collision-induced dissociation;AC=MS:1000422	5 ppm	0.6 Da	NT=dithiothreitol (DTT);AC=PRIDE:0000608	NT=methyl methanethiosulfonate (MMTS);AC=PRIDE:0000605	NT=Methylthio;AC=UNIMOD:39;TA=C;MT=Fixed	NT=Oxidation;AC=UNIMOD:35;TA=M;MT=Variable	NT=TMTpro;AC=UNIMOD:2016;TA=K;MT=Fixed	NT=TMTpro;AC=UNIMOD:2016;PP=Any N-term;MT=Fixed	control
A3	Homo sapiens	cell culture	not available	3	neuroblastoma	cell line	not available	not available	SK-N-AS	CVCL_1700	SK-N-AS	control	Lumos_200817_58-TMT128C	proteomic profiling by mass spectrometry	1	Lumos_200817_58.raw	v1.1.0	NT=ms-proteomics;VV=v1.1.0	NT=human;VV=v1.1.0	NT=cell-lines;VV=v1.1.0	manual curation	NT=Data-dependent acquisition;AC=PRIDE:0000627	NT=Orbitrap Fusion Lumos;AC=MS:1002732	NT=Trypsin;AC=MS:1001251	TMT128C	17	NT=higher energy beam-type collision-induced dissociation;AC=MS:1000422	5 ppm	0.6 Da	NT=dithiothreitol (DTT);AC=PRIDE:0000608	NT=methyl methanethiosulfonate (MMTS);AC=PRIDE:0000605	NT=Methylthio;AC=UNIMOD:39;TA=C;MT=Fixed	NT=Oxidation;AC=UNIMOD:35;TA=M;MT=Variable	NT=TMTpro;AC=UNIMOD:2016;TA=K;MT=Fixed	NT=TMTpro;AC=UNIMOD:2016;PP=Any N-term;MT=Fixed	control
A3	Homo sapiens	cell culture	not available	3	neuroblastoma	cell line	not available	not available	SK-N-AS	CVCL_1700	SK-N-AS	control	Lumos_200817_59-TMT128C	proteomic profiling by mass spectrometry	1	Lumos_200817_59.raw	v1.1.0	NT=ms-proteomics;VV=v1.1.0	NT=human;VV=v1.1.0	NT=cell-lines;VV=v1.1.0	manual curation	NT=Data-dependent acquisition;AC=PRIDE:0000627	NT=Orbitrap Fusion Lumos;AC=MS:1002732	NT=Trypsin;AC=MS:1001251	TMT128C	18	NT=higher energy beam-type collision-induced dissociation;AC=MS:1000422	5 ppm	0.6 Da	NT=dithiothreitol (DTT);AC=PRIDE:0000608	NT=methyl methanethiosulfonate (MMTS);AC=PRIDE:0000605	NT=Methylthio;AC=UNIMOD:39;TA=C;MT=Fixed	NT=Oxidation;AC=UNIMOD:35;TA=M;MT=Variable	NT=TMTpro;AC=UNIMOD:2016;TA=K;MT=Fixed	NT=TMTpro;AC=UNIMOD:2016;PP=Any N-term;MT=Fixed	control
A3	Homo sapiens	cell culture	not available	3	neuroblastoma	cell line	not available	not available	SK-N-AS	CVCL_1700	SK-N-AS	control	Lumos_200817_60-TMT128C	proteomic profiling by mass spectrometry	1	Lumos_200817_60.raw	v1.1.0	NT=ms-proteomics;VV=v1.1.0	NT=human;VV=v1.1.0	NT=cell-lines;VV=v1.1.0	manual curation	NT=Data-dependent acquisition;AC=PRIDE:0000627	NT=Orbitrap Fusion Lumos;AC=MS:1002732	NT=Trypsin;AC=MS:1001251	TMT128C	19	NT=higher energy beam-type collision-induced dissociation;AC=MS:1000422	5 ppm	0.6 Da	NT=dithiothreitol (DTT);AC=PRIDE:0000608	NT=methyl methanethiosulfonate (MMTS);AC=PRIDE:0000605	NT=Methylthio;AC=UNIMOD:39;TA=C;MT=Fixed	NT=Oxidation;AC=UNIMOD:35;TA=M;MT=Variable	NT=TMTpro;AC=UNIMOD:2016;TA=K;MT=Fixed	NT=TMTpro;AC=UNIMOD:2016;PP=Any N-term;MT=Fixed	control
A3	Homo sapiens	cell culture	not available	3	neuroblastoma	cell line	not available	not available	SK-N-AS	CVCL_1700	SK-N-AS	control	Lumos_200817_61-TMT128C	proteomic profiling by mass spectrometry	1	Lumos_200817_61.raw	v1.1.0	NT=ms-proteomics;VV=v1.1.0	NT=human;VV=v1.1.0	NT=cell-lines;VV=v1.1.0	manual curation	NT=Data-dependent acquisition;AC=PRIDE:0000627	NT=Orbitrap Fusion Lumos;AC=MS:1002732	NT=Trypsin;AC=MS:1001251	TMT128C	20	NT=higher energy beam-type collision-induced dissociation;AC=MS:1000422	5 ppm	0.6 Da	NT=dithiothreitol (DTT);AC=PRIDE:0000608	NT=methyl methanethiosulfonate (MMTS);AC=PRIDE:0000605	NT=Methylthio;AC=UNIMOD:39;TA=C;MT=Fixed	NT=Oxidation;AC=UNIMOD:35;TA=M;MT=Variable	NT=TMTpro;AC=UNIMOD:2016;TA=K;MT=Fixed	NT=TMTpro;AC=UNIMOD:2016;PP=Any N-term;MT=Fixed	control
A3	Homo sapiens	cell culture	not available	3	neuroblastoma	cell line	not available	not available	SK-N-AS	CVCL_1700	SK-N-AS	control	Lumos_200817_62-TMT128C	proteomic profiling by mass spectrometry	1	Lumos_200817_62.raw	v1.1.0	NT=ms-proteomics;VV=v1.1.0	NT=human;VV=v1.1.0	NT=cell-lines;VV=v1.1.0	manual curation	NT=Data-dependent acquisition;AC=PRIDE:0000627	NT=Orbitrap Fusion Lumos;AC=MS:1002732	NT=Trypsin;AC=MS:1001251	TMT128C	21	NT=higher energy beam-type collision-induced dissociation;AC=MS:1000422	5 ppm	0.6 Da	NT=dithiothreitol (DTT);AC=PRIDE:0000608	NT=methyl methanethiosulfonate (MMTS);AC=PRIDE:0000605	NT=Methylthio;AC=UNIMOD:39;TA=C;MT=Fixed	NT=Oxidation;AC=UNIMOD:35;TA=M;MT=Variable	NT=TMTpro;AC=UNIMOD:2016;TA=K;MT=Fixed	NT=TMTpro;AC=UNIMOD:2016;PP=Any N-term;MT=Fixed	control
A3	Homo sapiens	cell culture	not available	3	neuroblastoma	cell line	not available	not available	SK-N-AS	CVCL_1700	SK-N-AS	control	Lumos_200817_63-TMT128C	proteomic profiling by mass spectrometry	1	Lumos_200817_63.raw	v1.1.0	NT=ms-proteomics;VV=v1.1.0	NT=human;VV=v1.1.0	NT=cell-lines;VV=v1.1.0	manual curation	NT=Data-dependent acquisition;AC=PRIDE:0000627	NT=Orbitrap Fusion Lumos;AC=MS:1002732	NT=Trypsin;AC=MS:1001251	TMT128C	22	NT=higher energy beam-type collision-induced dissociation;AC=MS:1000422	5 ppm	0.6 Da	NT=dithiothreitol (DTT);AC=PRIDE:0000608	NT=methyl methanethiosulfonate (MMTS);AC=PRIDE:0000605	NT=Methylthio;AC=UNIMOD:39;TA=C;MT=Fixed	NT=Oxidation;AC=UNIMOD:35;TA=M;MT=Variable	NT=TMTpro;AC=UNIMOD:2016;TA=K;MT=Fixed	NT=TMTpro;AC=UNIMOD:2016;PP=Any N-term;MT=Fixed	control
A3	Homo sapiens	cell culture	not available	3	neuroblastoma	cell line	not available	not available	SK-N-AS	CVCL_1700	SK-N-AS	control	Lumos_200817_64-TMT128C	proteomic profiling by mass spectrometry	1	Lumos_200817_64.raw	v1.1.0	NT=ms-proteomics;VV=v1.1.0	NT=human;VV=v1.1.0	NT=cell-lines;VV=v1.1.0	manual curation	NT=Data-dependent acquisition;AC=PRIDE:0000627	NT=Orbitrap Fusion Lumos;AC=MS:1002732	NT=Trypsin;AC=MS:1001251	TMT128C	23	NT=higher energy beam-type collision-induced dissociation;AC=MS:1000422	5 ppm	0.6 Da	NT=dithiothreitol (DTT);AC=PRIDE:0000608	NT=methyl methanethiosulfonate (MMTS);AC=PRIDE:0000605	NT=Methylthio;AC=UNIMOD:39;TA=C;MT=Fixed	NT=Oxidation;AC=UNIMOD:35;TA=M;MT=Variable	NT=TMTpro;AC=UNIMOD:2016;TA=K;MT=Fixed	NT=TMTpro;AC=UNIMOD:2016;PP=Any N-term;MT=Fixed	control
A3	Homo sapiens	cell culture	not available	3	neuroblastoma	cell line	not available	not available	SK-N-AS	CVCL_1700	SK-N-AS	control	Lumos_200817_65-TMT128C	proteomic profiling by mass spectrometry	1	Lumos_200817_65.raw	v1.1.0	NT=ms-proteomics;VV=v1.1.0	NT=human;VV=v1.1.0	NT=cell-lines;VV=v1.1.0	manual curation	NT=Data-dependent acquisition;AC=PRIDE:0000627	NT=Orbitrap Fusion Lumos;AC=MS:1002732	NT=Trypsin;AC=MS:1001251	TMT128C	24	NT=higher energy beam-type collision-induced dissociation;AC=MS:1000422	5 ppm	0.6 Da	NT=dithiothreitol (DTT);AC=PRIDE:0000608	NT=methyl methanethiosulfonate (MMTS);AC=PRIDE:0000605	NT=Methylthio;AC=UNIMOD:39;TA=C;MT=Fixed	NT=Oxidation;AC=UNIMOD:35;TA=M;MT=Variable	NT=TMTpro;AC=UNIMOD:2016;TA=K;MT=Fixed	NT=TMTpro;AC=UNIMOD:2016;PP=Any N-term;MT=Fixed	control
A3	Homo sapiens	cell culture	not available	3	neuroblastoma	cell line	not available	not available	SK-N-AS	CVCL_1700	SK-N-AS	control	Lumos_200817_66-TMT128C	proteomic profiling by mass spectrometry	1	Lumos_200817_66.raw	v1.1.0	NT=ms-proteomics;VV=v1.1.0	NT=human;VV=v1.1.0	NT=cell-lines;VV=v1.1.0	manual curation	NT=Data-dependent acquisition;AC=PRIDE:0000627	NT=Orbitrap Fusion Lumos;AC=MS:1002732	NT=Trypsin;AC=MS:1001251	TMT128C	25	NT=higher energy beam-type collision-induced dissociation;AC=MS:1000422	5 ppm	0.6 Da	NT=dithiothreitol (DTT);AC=PRIDE:0000608	NT=methyl methanethiosulfonate (MMTS);AC=PRIDE:0000605	NT=Methylthio;AC=UNIMOD:39;TA=C;MT=Fixed	NT=Oxidation;AC=UNIMOD:35;TA=M;MT=Variable	NT=TMTpro;AC=UNIMOD:2016;TA=K;MT=Fixed	NT=TMTpro;AC=UNIMOD:2016;PP=Any N-term;MT=Fixed	control
A3	Homo sapiens	cell culture	not available	3	neuroblastoma	cell line	not available	not available	SK-N-AS	CVCL_1700	SK-N-AS	control	Lumos_200817_67-TMT128C	proteomic profiling by mass spectrometry	1	Lumos_200817_67.raw	v1.1.0	NT=ms-proteomics;VV=v1.1.0	NT=human;VV=v1.1.0	NT=cell-lines;VV=v1.1.0	manual curation	NT=Data-dependent acquisition;AC=PRIDE:0000627	NT=Orbitrap Fusion Lumos;AC=MS:1002732	NT=Trypsin;AC=MS:1001251	TMT128C	26	NT=higher energy beam-type collision-induced dissociation;AC=MS:1000422	5 ppm	0.6 Da	NT=dithiothreitol (DTT);AC=PRIDE:0000608	NT=methyl methanethiosulfonate (MMTS);AC=PRIDE:0000605	NT=Methylthio;AC=UNIMOD:39;TA=C;MT=Fixed	NT=Oxidation;AC=UNIMOD:35;TA=M;MT=Variable	NT=TMTpro;AC=UNIMOD:2016;TA=K;MT=Fixed	NT=TMTpro;AC=UNIMOD:2016;PP=Any N-term;MT=Fixed	control
A3	Homo sapiens	cell culture	not available	3	neuroblastoma	cell line	not available	not available	SK-N-AS	CVCL_1700	SK-N-AS	control	Lumos_200817_68-TMT128C	proteomic profiling by mass spectrometry	1	Lumos_200817_68.raw	v1.1.0	NT=ms-proteomics;VV=v1.1.0	NT=human;VV=v1.1.0	NT=cell-lines;VV=v1.1.0	manual curation	NT=Data-dependent acquisition;AC=PRIDE:0000627	NT=Orbitrap Fusion Lumos;AC=MS:1002732	NT=Trypsin;AC=MS:1001251	TMT128C	27	NT=higher energy beam-type collision-induced dissociation;AC=MS:1000422	5 ppm	0.6 Da	NT=dithiothreitol (DTT);AC=PRIDE:0000608	NT=methyl methanethiosulfonate (MMTS);AC=PRIDE:0000605	NT=Methylthio;AC=UNIMOD:39;TA=C;MT=Fixed	NT=Oxidation;AC=UNIMOD:35;TA=M;MT=Variable	NT=TMTpro;AC=UNIMOD:2016;TA=K;MT=Fixed	NT=TMTpro;AC=UNIMOD:2016;PP=Any N-term;MT=Fixed	control
A3	Homo sapiens	cell culture	not available	3	neuroblastoma	cell line	not available	not available	SK-N-AS	CVCL_1700	SK-N-AS	control	Lumos_200817_69-TMT128C	proteomic profiling by mass spectrometry	1	Lumos_200817_69.raw	v1.1.0	NT=ms-proteomics;VV=v1.1.0	NT=human;VV=v1.1.0	NT=cell-lines;VV=v1.1.0	manual curation	NT=Data-dependent acquisition;AC=PRIDE:0000627	NT=Orbitrap Fusion Lumos;AC=MS:1002732	NT=Trypsin;AC=MS:1001251	TMT128C	28	NT=higher energy beam-type collision-induced dissociation;AC=MS:1000422	5 ppm	0.6 Da	NT=dithiothreitol (DTT);AC=PRIDE:0000608	NT=methyl methanethiosulfonate (MMTS);AC=PRIDE:0000605	NT=Methylthio;AC=UNIMOD:39;TA=C;MT=Fixed	NT=Oxidation;AC=UNIMOD:35;TA=M;MT=Variable	NT=TMTpro;AC=UNIMOD:2016;TA=K;MT=Fixed	NT=TMTpro;AC=UNIMOD:2016;PP=Any N-term;MT=Fixed	control
A3	Homo sapiens	cell culture	not available	3	neuroblastoma	cell line	not available	not available	SK-N-AS	CVCL_1700	SK-N-AS	control	Lumos_200817_70-TMT128C	proteomic profiling by mass spectrometry	1	Lumos_200817_70.raw	v1.1.0	NT=ms-proteomics;VV=v1.1.0	NT=human;VV=v1.1.0	NT=cell-lines;VV=v1.1.0	manual curation	NT=Data-dependent acquisition;AC=PRIDE:0000627	NT=Orbitrap Fusion Lumos;AC=MS:1002732	NT=Trypsin;AC=MS:1001251	TMT128C	29	NT=higher energy beam-type collision-induced dissociation;AC=MS:1000422	5 ppm	0.6 Da	NT=dithiothreitol (DTT);AC=PRIDE:0000608	NT=methyl methanethiosulfonate (MMTS);AC=PRIDE:0000605	NT=Methylthio;AC=UNIMOD:39;TA=C;MT=Fixed	NT=Oxidation;AC=UNIMOD:35;TA=M;MT=Variable	NT=TMTpro;AC=UNIMOD:2016;TA=K;MT=Fixed	NT=TMTpro;AC=UNIMOD:2016;PP=Any N-term;MT=Fixed	control
A3	Homo sapiens	cell culture	not available	3	neuroblastoma	cell line	not available	not available	SK-N-AS	CVCL_1700	SK-N-AS	control	Lumos_200817_71-TMT128C	proteomic profiling by mass spectrometry	1	Lumos_200817_71.raw	v1.1.0	NT=ms-proteomics;VV=v1.1.0	NT=human;VV=v1.1.0	NT=cell-lines;VV=v1.1.0	manual curation	NT=Data-dependent acquisition;AC=PRIDE:0000627	NT=Orbitrap Fusion Lumos;AC=MS:1002732	NT=Trypsin;AC=MS:1001251	TMT128C	30	NT=higher energy beam-type collision-induced dissociation;AC=MS:1000422	5 ppm	0.6 Da	NT=dithiothreitol (DTT);AC=PRIDE:0000608	NT=methyl methanethiosulfonate (MMTS);AC=PRIDE:0000605	NT=Methylthio;AC=UNIMOD:39;TA=C;MT=Fixed	NT=Oxidation;AC=UNIMOD:35;TA=M;MT=Variable	NT=TMTpro;AC=UNIMOD:2016;TA=K;MT=Fixed	NT=TMTpro;AC=UNIMOD:2016;PP=Any N-term;MT=Fixed	control
A12	Homo sapiens	cell culture	not available	2	neuroblastoma	cell line	not available	not available	SK-N-AS	CVCL_1700	SK-N-AS	RET knockout clone C9	Lumos_200817_42-TMT129N	proteomic profiling by mass spectrometry	1	Lumos_200817_42.raw	v1.1.0	NT=ms-proteomics;VV=v1.1.0	NT=human;VV=v1.1.0	NT=cell-lines;VV=v1.1.0	manual curation	NT=Data-dependent acquisition;AC=PRIDE:0000627	NT=Orbitrap Fusion Lumos;AC=MS:1002732	NT=Trypsin;AC=MS:1001251	TMT129N	1	NT=higher energy beam-type collision-induced dissociation;AC=MS:1000422	5 ppm	0.6 Da	NT=dithiothreitol (DTT);AC=PRIDE:0000608	NT=methyl methanethiosulfonate (MMTS);AC=PRIDE:0000605	NT=Methylthio;AC=UNIMOD:39;TA=C;MT=Fixed	NT=Oxidation;AC=UNIMOD:35;TA=M;MT=Variable	NT=TMTpro;AC=UNIMOD:2016;TA=K;MT=Fixed	NT=TMTpro;AC=UNIMOD:2016;PP=Any N-term;MT=Fixed	RET knockout clone C9
A12	Homo sapiens	cell culture	not available	2	neuroblastoma	cell line	not available	not available	SK-N-AS	CVCL_1700	SK-N-AS	RET knockout clone C9	Lumos_200817_43-TMT129N	proteomic profiling by mass spectrometry	1	Lumos_200817_43.raw	v1.1.0	NT=ms-proteomics;VV=v1.1.0	NT=human;VV=v1.1.0	NT=cell-lines;VV=v1.1.0	manual curation	NT=Data-dependent acquisition;AC=PRIDE:0000627	NT=Orbitrap Fusion Lumos;AC=MS:1002732	NT=Trypsin;AC=MS:1001251	TMT129N	2	NT=higher energy beam-type collision-induced dissociation;AC=MS:1000422	5 ppm	0.6 Da	NT=dithiothreitol (DTT);AC=PRIDE:0000608	NT=methyl methanethiosulfonate (MMTS);AC=PRIDE:0000605	NT=Methylthio;AC=UNIMOD:39;TA=C;MT=Fixed	NT=Oxidation;AC=UNIMOD:35;TA=M;MT=Variable	NT=TMTpro;AC=UNIMOD:2016;TA=K;MT=Fixed	NT=TMTpro;AC=UNIMOD:2016;PP=Any N-term;MT=Fixed	RET knockout clone C9
A12	Homo sapiens	cell culture	not available	2	neuroblastoma	cell line	not available	not available	SK-N-AS	CVCL_1700	SK-N-AS	RET knockout clone C9	Lumos_200817_44-TMT129N	proteomic profiling by mass spectrometry	1	Lumos_200817_44.raw	v1.1.0	NT=ms-proteomics;VV=v1.1.0	NT=human;VV=v1.1.0	NT=cell-lines;VV=v1.1.0	manual curation	NT=Data-dependent acquisition;AC=PRIDE:0000627	NT=Orbitrap Fusion Lumos;AC=MS:1002732	NT=Trypsin;AC=MS:1001251	TMT129N	3	NT=higher energy beam-type collision-induced dissociation;AC=MS:1000422	5 ppm	0.6 Da	NT=dithiothreitol (DTT);AC=PRIDE:0000608	NT=methyl methanethiosulfonate (MMTS);AC=PRIDE:0000605	NT=Methylthio;AC=UNIMOD:39;TA=C;MT=Fixed	NT=Oxidation;AC=UNIMOD:35;TA=M;MT=Variable	NT=TMTpro;AC=UNIMOD:2016;TA=K;MT=Fixed	NT=TMTpro;AC=UNIMOD:2016;PP=Any N-term;MT=Fixed	RET knockout clone C9
A12	Homo sapiens	cell culture	not available	2	neuroblastoma	cell line	not available	not available	SK-N-AS	CVCL_1700	SK-N-AS	RET knockout clone C9	Lumos_200817_45-TMT129N	proteomic profiling by mass spectrometry	1	Lumos_200817_45.raw	v1.1.0	NT=ms-proteomics;VV=v1.1.0	NT=human;VV=v1.1.0	NT=cell-lines;VV=v1.1.0	manual curation	NT=Data-dependent acquisition;AC=PRIDE:0000627	NT=Orbitrap Fusion Lumos;AC=MS:1002732	NT=Trypsin;AC=MS:1001251	TMT129N	4	NT=higher energy beam-type collision-induced dissociation;AC=MS:1000422	5 ppm	0.6 Da	NT=dithiothreitol (DTT);AC=PRIDE:0000608	NT=methyl methanethiosulfonate (MMTS);AC=PRIDE:0000605	NT=Methylthio;AC=UNIMOD:39;TA=C;MT=Fixed	NT=Oxidation;AC=UNIMOD:35;TA=M;MT=Variable	NT=TMTpro;AC=UNIMOD:2016;TA=K;MT=Fixed	NT=TMTpro;AC=UNIMOD:2016;PP=Any N-term;MT=Fixed	RET knockout clone C9
A12	Homo sapiens	cell culture	not available	2	neuroblastoma	cell line	not available	not available	SK-N-AS	CVCL_1700	SK-N-AS	RET knockout clone C9	Lumos_200817_46-TMT129N	proteomic profiling by mass spectrometry	1	Lumos_200817_46.raw	v1.1.0	NT=ms-proteomics;VV=v1.1.0	NT=human;VV=v1.1.0	NT=cell-lines;VV=v1.1.0	manual curation	NT=Data-dependent acquisition;AC=PRIDE:0000627	NT=Orbitrap Fusion Lumos;AC=MS:1002732	NT=Trypsin;AC=MS:1001251	TMT129N	5	NT=higher energy beam-type collision-induced dissociation;AC=MS:1000422	5 ppm	0.6 Da	NT=dithiothreitol (DTT);AC=PRIDE:0000608	NT=methyl methanethiosulfonate (MMTS);AC=PRIDE:0000605	NT=Methylthio;AC=UNIMOD:39;TA=C;MT=Fixed	NT=Oxidation;AC=UNIMOD:35;TA=M;MT=Variable	NT=TMTpro;AC=UNIMOD:2016;TA=K;MT=Fixed	NT=TMTpro;AC=UNIMOD:2016;PP=Any N-term;MT=Fixed	RET knockout clone C9
A12	Homo sapiens	cell culture	not available	2	neuroblastoma	cell line	not available	not available	SK-N-AS	CVCL_1700	SK-N-AS	RET knockout clone C9	Lumos_200817_47-TMT129N	proteomic profiling by mass spectrometry	1	Lumos_200817_47.raw	v1.1.0	NT=ms-proteomics;VV=v1.1.0	NT=human;VV=v1.1.0	NT=cell-lines;VV=v1.1.0	manual curation	NT=Data-dependent acquisition;AC=PRIDE:0000627	NT=Orbitrap Fusion Lumos;AC=MS:1002732	NT=Trypsin;AC=MS:1001251	TMT129N	6	NT=higher energy beam-type collision-induced dissociation;AC=MS:1000422	5 ppm	0.6 Da	NT=dithiothreitol (DTT);AC=PRIDE:0000608	NT=methyl methanethiosulfonate (MMTS);AC=PRIDE:0000605	NT=Methylthio;AC=UNIMOD:39;TA=C;MT=Fixed	NT=Oxidation;AC=UNIMOD:35;TA=M;MT=Variable	NT=TMTpro;AC=UNIMOD:2016;TA=K;MT=Fixed	NT=TMTpro;AC=UNIMOD:2016;PP=Any N-term;MT=Fixed	RET knockout clone C9
A12	Homo sapiens	cell culture	not available	2	neuroblastoma	cell line	not available	not available	SK-N-AS	CVCL_1700	SK-N-AS	RET knockout clone C9	Lumos_200817_48-TMT129N	proteomic profiling by mass spectrometry	1	Lumos_200817_48.raw	v1.1.0	NT=ms-proteomics;VV=v1.1.0	NT=human;VV=v1.1.0	NT=cell-lines;VV=v1.1.0	manual curation	NT=Data-dependent acquisition;AC=PRIDE:0000627	NT=Orbitrap Fusion Lumos;AC=MS:1002732	NT=Trypsin;AC=MS:1001251	TMT129N	7	NT=higher energy beam-type collision-induced dissociation;AC=MS:1000422	5 ppm	0.6 Da	NT=dithiothreitol (DTT);AC=PRIDE:0000608	NT=methyl methanethiosulfonate (MMTS);AC=PRIDE:0000605	NT=Methylthio;AC=UNIMOD:39;TA=C;MT=Fixed	NT=Oxidation;AC=UNIMOD:35;TA=M;MT=Variable	NT=TMTpro;AC=UNIMOD:2016;TA=K;MT=Fixed	NT=TMTpro;AC=UNIMOD:2016;PP=Any N-term;MT=Fixed	RET knockout clone C9
A12	Homo sapiens	cell culture	not available	2	neuroblastoma	cell line	not available	not available	SK-N-AS	CVCL_1700	SK-N-AS	RET knockout clone C9	Lumos_200817_49-TMT129N	proteomic profiling by mass spectrometry	1	Lumos_200817_49.raw	v1.1.0	NT=ms-proteomics;VV=v1.1.0	NT=human;VV=v1.1.0	NT=cell-lines;VV=v1.1.0	manual curation	NT=Data-dependent acquisition;AC=PRIDE:0000627	NT=Orbitrap Fusion Lumos;AC=MS:1002732	NT=Trypsin;AC=MS:1001251	TMT129N	8	NT=higher energy beam-type collision-induced dissociation;AC=MS:1000422	5 ppm	0.6 Da	NT=dithiothreitol (DTT);AC=PRIDE:0000608	NT=methyl methanethiosulfonate (MMTS);AC=PRIDE:0000605	NT=Methylthio;AC=UNIMOD:39;TA=C;MT=Fixed	NT=Oxidation;AC=UNIMOD:35;TA=M;MT=Variable	NT=TMTpro;AC=UNIMOD:2016;TA=K;MT=Fixed	NT=TMTpro;AC=UNIMOD:2016;PP=Any N-term;MT=Fixed	RET knockout clone C9
A12	Homo sapiens	cell culture	not available	2	neuroblastoma	cell line	not available	not available	SK-N-AS	CVCL_1700	SK-N-AS	RET knockout clone C9	Lumos_200817_50-TMT129N	proteomic profiling by mass spectrometry	1	Lumos_200817_50.raw	v1.1.0	NT=ms-proteomics;VV=v1.1.0	NT=human;VV=v1.1.0	NT=cell-lines;VV=v1.1.0	manual curation	NT=Data-dependent acquisition;AC=PRIDE:0000627	NT=Orbitrap Fusion Lumos;AC=MS:1002732	NT=Trypsin;AC=MS:1001251	TMT129N	9	NT=higher energy beam-type collision-induced dissociation;AC=MS:1000422	5 ppm	0.6 Da	NT=dithiothreitol (DTT);AC=PRIDE:0000608	NT=methyl methanethiosulfonate (MMTS);AC=PRIDE:0000605	NT=Methylthio;AC=UNIMOD:39;TA=C;MT=Fixed	NT=Oxidation;AC=UNIMOD:35;TA=M;MT=Variable	NT=TMTpro;AC=UNIMOD:2016;TA=K;MT=Fixed	NT=TMTpro;AC=UNIMOD:2016;PP=Any N-term;MT=Fixed	RET knockout clone C9
A12	Homo sapiens	cell culture	not available	2	neuroblastoma	cell line	not available	not available	SK-N-AS	CVCL_1700	SK-N-AS	RET knockout clone C9	Lumos_200817_51-TMT129N	proteomic profiling by mass spectrometry	1	Lumos_200817_51.raw	v1.1.0	NT=ms-proteomics;VV=v1.1.0	NT=human;VV=v1.1.0	NT=cell-lines;VV=v1.1.0	manual curation	NT=Data-dependent acquisition;AC=PRIDE:0000627	NT=Orbitrap Fusion Lumos;AC=MS:1002732	NT=Trypsin;AC=MS:1001251	TMT129N	10	NT=higher energy beam-type collision-induced dissociation;AC=MS:1000422	5 ppm	0.6 Da	NT=dithiothreitol (DTT);AC=PRIDE:0000608	NT=methyl methanethiosulfonate (MMTS);AC=PRIDE:0000605	NT=Methylthio;AC=UNIMOD:39;TA=C;MT=Fixed	NT=Oxidation;AC=UNIMOD:35;TA=M;MT=Variable	NT=TMTpro;AC=UNIMOD:2016;TA=K;MT=Fixed	NT=TMTpro;AC=UNIMOD:2016;PP=Any N-term;MT=Fixed	RET knockout clone C9
A12	Homo sapiens	cell culture	not available	2	neuroblastoma	cell line	not available	not available	SK-N-AS	CVCL_1700	SK-N-AS	RET knockout clone C9	Lumos_200817_52-TMT129N	proteomic profiling by mass spectrometry	1	Lumos_200817_52.raw	v1.1.0	NT=ms-proteomics;VV=v1.1.0	NT=human;VV=v1.1.0	NT=cell-lines;VV=v1.1.0	manual curation	NT=Data-dependent acquisition;AC=PRIDE:0000627	NT=Orbitrap Fusion Lumos;AC=MS:1002732	NT=Trypsin;AC=MS:1001251	TMT129N	11	NT=higher energy beam-type collision-induced dissociation;AC=MS:1000422	5 ppm	0.6 Da	NT=dithiothreitol (DTT);AC=PRIDE:0000608	NT=methyl methanethiosulfonate (MMTS);AC=PRIDE:0000605	NT=Methylthio;AC=UNIMOD:39;TA=C;MT=Fixed	NT=Oxidation;AC=UNIMOD:35;TA=M;MT=Variable	NT=TMTpro;AC=UNIMOD:2016;TA=K;MT=Fixed	NT=TMTpro;AC=UNIMOD:2016;PP=Any N-term;MT=Fixed	RET knockout clone C9
A12	Homo sapiens	cell culture	not available	2	neuroblastoma	cell line	not available	not available	SK-N-AS	CVCL_1700	SK-N-AS	RET knockout clone C9	Lumos_200817_53-TMT129N	proteomic profiling by mass spectrometry	1	Lumos_200817_53.raw	v1.1.0	NT=ms-proteomics;VV=v1.1.0	NT=human;VV=v1.1.0	NT=cell-lines;VV=v1.1.0	manual curation	NT=Data-dependent acquisition;AC=PRIDE:0000627	NT=Orbitrap Fusion Lumos;AC=MS:1002732	NT=Trypsin;AC=MS:1001251	TMT129N	12	NT=higher energy beam-type collision-induced dissociation;AC=MS:1000422	5 ppm	0.6 Da	NT=dithiothreitol (DTT);AC=PRIDE:0000608	NT=methyl methanethiosulfonate (MMTS);AC=PRIDE:0000605	NT=Methylthio;AC=UNIMOD:39;TA=C;MT=Fixed	NT=Oxidation;AC=UNIMOD:35;TA=M;MT=Variable	NT=TMTpro;AC=UNIMOD:2016;TA=K;MT=Fixed	NT=TMTpro;AC=UNIMOD:2016;PP=Any N-term;MT=Fixed	RET knockout clone C9
A12	Homo sapiens	cell culture	not available	2	neuroblastoma	cell line	not available	not available	SK-N-AS	CVCL_1700	SK-N-AS	RET knockout clone C9	Lumos_200817_54-TMT129N	proteomic profiling by mass spectrometry	1	Lumos_200817_54.raw	v1.1.0	NT=ms-proteomics;VV=v1.1.0	NT=human;VV=v1.1.0	NT=cell-lines;VV=v1.1.0	manual curation	NT=Data-dependent acquisition;AC=PRIDE:0000627	NT=Orbitrap Fusion Lumos;AC=MS:1002732	NT=Trypsin;AC=MS:1001251	TMT129N	13	NT=higher energy beam-type collision-induced dissociation;AC=MS:1000422	5 ppm	0.6 Da	NT=dithiothreitol (DTT);AC=PRIDE:0000608	NT=methyl methanethiosulfonate (MMTS);AC=PRIDE:0000605	NT=Methylthio;AC=UNIMOD:39;TA=C;MT=Fixed	NT=Oxidation;AC=UNIMOD:35;TA=M;MT=Variable	NT=TMTpro;AC=UNIMOD:2016;TA=K;MT=Fixed	NT=TMTpro;AC=UNIMOD:2016;PP=Any N-term;MT=Fixed	RET knockout clone C9
A12	Homo sapiens	cell culture	not available	2	neuroblastoma	cell line	not available	not available	SK-N-AS	CVCL_1700	SK-N-AS	RET knockout clone C9	Lumos_200817_55-TMT129N	proteomic profiling by mass spectrometry	1	Lumos_200817_55.raw	v1.1.0	NT=ms-proteomics;VV=v1.1.0	NT=human;VV=v1.1.0	NT=cell-lines;VV=v1.1.0	manual curation	NT=Data-dependent acquisition;AC=PRIDE:0000627	NT=Orbitrap Fusion Lumos;AC=MS:1002732	NT=Trypsin;AC=MS:1001251	TMT129N	14	NT=higher energy beam-type collision-induced dissociation;AC=MS:1000422	5 ppm	0.6 Da	NT=dithiothreitol (DTT);AC=PRIDE:0000608	NT=methyl methanethiosulfonate (MMTS);AC=PRIDE:0000605	NT=Methylthio;AC=UNIMOD:39;TA=C;MT=Fixed	NT=Oxidation;AC=UNIMOD:35;TA=M;MT=Variable	NT=TMTpro;AC=UNIMOD:2016;TA=K;MT=Fixed	NT=TMTpro;AC=UNIMOD:2016;PP=Any N-term;MT=Fixed	RET knockout clone C9
A12	Homo sapiens	cell culture	not available	2	neuroblastoma	cell line	not available	not available	SK-N-AS	CVCL_1700	SK-N-AS	RET knockout clone C9	Lumos_200817_56-TMT129N	proteomic profiling by mass spectrometry	1	Lumos_200817_56.raw	v1.1.0	NT=ms-proteomics;VV=v1.1.0	NT=human;VV=v1.1.0	NT=cell-lines;VV=v1.1.0	manual curation	NT=Data-dependent acquisition;AC=PRIDE:0000627	NT=Orbitrap Fusion Lumos;AC=MS:1002732	NT=Trypsin;AC=MS:1001251	TMT129N	15	NT=higher energy beam-type collision-induced dissociation;AC=MS:1000422	5 ppm	0.6 Da	NT=dithiothreitol (DTT);AC=PRIDE:0000608	NT=methyl methanethiosulfonate (MMTS);AC=PRIDE:0000605	NT=Methylthio;AC=UNIMOD:39;TA=C;MT=Fixed	NT=Oxidation;AC=UNIMOD:35;TA=M;MT=Variable	NT=TMTpro;AC=UNIMOD:2016;TA=K;MT=Fixed	NT=TMTpro;AC=UNIMOD:2016;PP=Any N-term;MT=Fixed	RET knockout clone C9
A12	Homo sapiens	cell culture	not available	2	neuroblastoma	cell line	not available	not available	SK-N-AS	CVCL_1700	SK-N-AS	RET knockout clone C9	Lumos_200817_57-TMT129N	proteomic profiling by mass spectrometry	1	Lumos_200817_57.raw	v1.1.0	NT=ms-proteomics;VV=v1.1.0	NT=human;VV=v1.1.0	NT=cell-lines;VV=v1.1.0	manual curation	NT=Data-dependent acquisition;AC=PRIDE:0000627	NT=Orbitrap Fusion Lumos;AC=MS:1002732	NT=Trypsin;AC=MS:1001251	TMT129N	16	NT=higher energy beam-type collision-induced dissociation;AC=MS:1000422	5 ppm	0.6 Da	NT=dithiothreitol (DTT);AC=PRIDE:0000608	NT=methyl methanethiosulfonate (MMTS);AC=PRIDE:0000605	NT=Methylthio;AC=UNIMOD:39;TA=C;MT=Fixed	NT=Oxidation;AC=UNIMOD:35;TA=M;MT=Variable	NT=TMTpro;AC=UNIMOD:2016;TA=K;MT=Fixed	NT=TMTpro;AC=UNIMOD:2016;PP=Any N-term;MT=Fixed	RET knockout clone C9
A12	Homo sapiens	cell culture	not available	2	neuroblastoma	cell line	not available	not available	SK-N-AS	CVCL_1700	SK-N-AS	RET knockout clone C9	Lumos_200817_58-TMT129N	proteomic profiling by mass spectrometry	1	Lumos_200817_58.raw	v1.1.0	NT=ms-proteomics;VV=v1.1.0	NT=human;VV=v1.1.0	NT=cell-lines;VV=v1.1.0	manual curation	NT=Data-dependent acquisition;AC=PRIDE:0000627	NT=Orbitrap Fusion Lumos;AC=MS:1002732	NT=Trypsin;AC=MS:1001251	TMT129N	17	NT=higher energy beam-type collision-induced dissociation;AC=MS:1000422	5 ppm	0.6 Da	NT=dithiothreitol (DTT);AC=PRIDE:0000608	NT=methyl methanethiosulfonate (MMTS);AC=PRIDE:0000605	NT=Methylthio;AC=UNIMOD:39;TA=C;MT=Fixed	NT=Oxidation;AC=UNIMOD:35;TA=M;MT=Variable	NT=TMTpro;AC=UNIMOD:2016;TA=K;MT=Fixed	NT=TMTpro;AC=UNIMOD:2016;PP=Any N-term;MT=Fixed	RET knockout clone C9
A12	Homo sapiens	cell culture	not available	2	neuroblastoma	cell line	not available	not available	SK-N-AS	CVCL_1700	SK-N-AS	RET knockout clone C9	Lumos_200817_59-TMT129N	proteomic profiling by mass spectrometry	1	Lumos_200817_59.raw	v1.1.0	NT=ms-proteomics;VV=v1.1.0	NT=human;VV=v1.1.0	NT=cell-lines;VV=v1.1.0	manual curation	NT=Data-dependent acquisition;AC=PRIDE:0000627	NT=Orbitrap Fusion Lumos;AC=MS:1002732	NT=Trypsin;AC=MS:1001251	TMT129N	18	NT=higher energy beam-type collision-induced dissociation;AC=MS:1000422	5 ppm	0.6 Da	NT=dithiothreitol (DTT);AC=PRIDE:0000608	NT=methyl methanethiosulfonate (MMTS);AC=PRIDE:0000605	NT=Methylthio;AC=UNIMOD:39;TA=C;MT=Fixed	NT=Oxidation;AC=UNIMOD:35;TA=M;MT=Variable	NT=TMTpro;AC=UNIMOD:2016;TA=K;MT=Fixed	NT=TMTpro;AC=UNIMOD:2016;PP=Any N-term;MT=Fixed	RET knockout clone C9
A12	Homo sapiens	cell culture	not available	2	neuroblastoma	cell line	not available	not available	SK-N-AS	CVCL_1700	SK-N-AS	RET knockout clone C9	Lumos_200817_60-TMT129N	proteomic profiling by mass spectrometry	1	Lumos_200817_60.raw	v1.1.0	NT=ms-proteomics;VV=v1.1.0	NT=human;VV=v1.1.0	NT=cell-lines;VV=v1.1.0	manual curation	NT=Data-dependent acquisition;AC=PRIDE:0000627	NT=Orbitrap Fusion Lumos;AC=MS:1002732	NT=Trypsin;AC=MS:1001251	TMT129N	19	NT=higher energy beam-type collision-induced dissociation;AC=MS:1000422	5 ppm	0.6 Da	NT=dithiothreitol (DTT);AC=PRIDE:0000608	NT=methyl methanethiosulfonate (MMTS);AC=PRIDE:0000605	NT=Methylthio;AC=UNIMOD:39;TA=C;MT=Fixed	NT=Oxidation;AC=UNIMOD:35;TA=M;MT=Variable	NT=TMTpro;AC=UNIMOD:2016;TA=K;MT=Fixed	NT=TMTpro;AC=UNIMOD:2016;PP=Any N-term;MT=Fixed	RET knockout clone C9
A12	Homo sapiens	cell culture	not available	2	neuroblastoma	cell line	not available	not available	SK-N-AS	CVCL_1700	SK-N-AS	RET knockout clone C9	Lumos_200817_61-TMT129N	proteomic profiling by mass spectrometry	1	Lumos_200817_61.raw	v1.1.0	NT=ms-proteomics;VV=v1.1.0	NT=human;VV=v1.1.0	NT=cell-lines;VV=v1.1.0	manual curation	NT=Data-dependent acquisition;AC=PRIDE:0000627	NT=Orbitrap Fusion Lumos;AC=MS:1002732	NT=Trypsin;AC=MS:1001251	TMT129N	20	NT=higher energy beam-type collision-induced dissociation;AC=MS:1000422	5 ppm	0.6 Da	NT=dithiothreitol (DTT);AC=PRIDE:0000608	NT=methyl methanethiosulfonate (MMTS);AC=PRIDE:0000605	NT=Methylthio;AC=UNIMOD:39;TA=C;MT=Fixed	NT=Oxidation;AC=UNIMOD:35;TA=M;MT=Variable	NT=TMTpro;AC=UNIMOD:2016;TA=K;MT=Fixed	NT=TMTpro;AC=UNIMOD:2016;PP=Any N-term;MT=Fixed	RET knockout clone C9
A12	Homo sapiens	cell culture	not available	2	neuroblastoma	cell line	not available	not available	SK-N-AS	CVCL_1700	SK-N-AS	RET knockout clone C9	Lumos_200817_62-TMT129N	proteomic profiling by mass spectrometry	1	Lumos_200817_62.raw	v1.1.0	NT=ms-proteomics;VV=v1.1.0	NT=human;VV=v1.1.0	NT=cell-lines;VV=v1.1.0	manual curation	NT=Data-dependent acquisition;AC=PRIDE:0000627	NT=Orbitrap Fusion Lumos;AC=MS:1002732	NT=Trypsin;AC=MS:1001251	TMT129N	21	NT=higher energy beam-type collision-induced dissociation;AC=MS:1000422	5 ppm	0.6 Da	NT=dithiothreitol (DTT);AC=PRIDE:0000608	NT=methyl methanethiosulfonate (MMTS);AC=PRIDE:0000605	NT=Methylthio;AC=UNIMOD:39;TA=C;MT=Fixed	NT=Oxidation;AC=UNIMOD:35;TA=M;MT=Variable	NT=TMTpro;AC=UNIMOD:2016;TA=K;MT=Fixed	NT=TMTpro;AC=UNIMOD:2016;PP=Any N-term;MT=Fixed	RET knockout clone C9
A12	Homo sapiens	cell culture	not available	2	neuroblastoma	cell line	not available	not available	SK-N-AS	CVCL_1700	SK-N-AS	RET knockout clone C9	Lumos_200817_63-TMT129N	proteomic profiling by mass spectrometry	1	Lumos_200817_63.raw	v1.1.0	NT=ms-proteomics;VV=v1.1.0	NT=human;VV=v1.1.0	NT=cell-lines;VV=v1.1.0	manual curation	NT=Data-dependent acquisition;AC=PRIDE:0000627	NT=Orbitrap Fusion Lumos;AC=MS:1002732	NT=Trypsin;AC=MS:1001251	TMT129N	22	NT=higher energy beam-type collision-induced dissociation;AC=MS:1000422	5 ppm	0.6 Da	NT=dithiothreitol (DTT);AC=PRIDE:0000608	NT=methyl methanethiosulfonate (MMTS);AC=PRIDE:0000605	NT=Methylthio;AC=UNIMOD:39;TA=C;MT=Fixed	NT=Oxidation;AC=UNIMOD:35;TA=M;MT=Variable	NT=TMTpro;AC=UNIMOD:2016;TA=K;MT=Fixed	NT=TMTpro;AC=UNIMOD:2016;PP=Any N-term;MT=Fixed	RET knockout clone C9
A12	Homo sapiens	cell culture	not available	2	neuroblastoma	cell line	not available	not available	SK-N-AS	CVCL_1700	SK-N-AS	RET knockout clone C9	Lumos_200817_64-TMT129N	proteomic profiling by mass spectrometry	1	Lumos_200817_64.raw	v1.1.0	NT=ms-proteomics;VV=v1.1.0	NT=human;VV=v1.1.0	NT=cell-lines;VV=v1.1.0	manual curation	NT=Data-dependent acquisition;AC=PRIDE:0000627	NT=Orbitrap Fusion Lumos;AC=MS:1002732	NT=Trypsin;AC=MS:1001251	TMT129N	23	NT=higher energy beam-type collision-induced dissociation;AC=MS:1000422	5 ppm	0.6 Da	NT=dithiothreitol (DTT);AC=PRIDE:0000608	NT=methyl methanethiosulfonate (MMTS);AC=PRIDE:0000605	NT=Methylthio;AC=UNIMOD:39;TA=C;MT=Fixed	NT=Oxidation;AC=UNIMOD:35;TA=M;MT=Variable	NT=TMTpro;AC=UNIMOD:2016;TA=K;MT=Fixed	NT=TMTpro;AC=UNIMOD:2016;PP=Any N-term;MT=Fixed	RET knockout clone C9
A12	Homo sapiens	cell culture	not available	2	neuroblastoma	cell line	not available	not available	SK-N-AS	CVCL_1700	SK-N-AS	RET knockout clone C9	Lumos_200817_65-TMT129N	proteomic profiling by mass spectrometry	1	Lumos_200817_65.raw	v1.1.0	NT=ms-proteomics;VV=v1.1.0	NT=human;VV=v1.1.0	NT=cell-lines;VV=v1.1.0	manual curation	NT=Data-dependent acquisition;AC=PRIDE:0000627	NT=Orbitrap Fusion Lumos;AC=MS:1002732	NT=Trypsin;AC=MS:1001251	TMT129N	24	NT=higher energy beam-type collision-induced dissociation;AC=MS:1000422	5 ppm	0.6 Da	NT=dithiothreitol (DTT);AC=PRIDE:0000608	NT=methyl methanethiosulfonate (MMTS);AC=PRIDE:0000605	NT=Methylthio;AC=UNIMOD:39;TA=C;MT=Fixed	NT=Oxidation;AC=UNIMOD:35;TA=M;MT=Variable	NT=TMTpro;AC=UNIMOD:2016;TA=K;MT=Fixed	NT=TMTpro;AC=UNIMOD:2016;PP=Any N-term;MT=Fixed	RET knockout clone C9
A12	Homo sapiens	cell culture	not available	2	neuroblastoma	cell line	not available	not available	SK-N-AS	CVCL_1700	SK-N-AS	RET knockout clone C9	Lumos_200817_66-TMT129N	proteomic profiling by mass spectrometry	1	Lumos_200817_66.raw	v1.1.0	NT=ms-proteomics;VV=v1.1.0	NT=human;VV=v1.1.0	NT=cell-lines;VV=v1.1.0	manual curation	NT=Data-dependent acquisition;AC=PRIDE:0000627	NT=Orbitrap Fusion Lumos;AC=MS:1002732	NT=Trypsin;AC=MS:1001251	TMT129N	25	NT=higher energy beam-type collision-induced dissociation;AC=MS:1000422	5 ppm	0.6 Da	NT=dithiothreitol (DTT);AC=PRIDE:0000608	NT=methyl methanethiosulfonate (MMTS);AC=PRIDE:0000605	NT=Methylthio;AC=UNIMOD:39;TA=C;MT=Fixed	NT=Oxidation;AC=UNIMOD:35;TA=M;MT=Variable	NT=TMTpro;AC=UNIMOD:2016;TA=K;MT=Fixed	NT=TMTpro;AC=UNIMOD:2016;PP=Any N-term;MT=Fixed	RET knockout clone C9
A12	Homo sapiens	cell culture	not available	2	neuroblastoma	cell line	not available	not available	SK-N-AS	CVCL_1700	SK-N-AS	RET knockout clone C9	Lumos_200817_67-TMT129N	proteomic profiling by mass spectrometry	1	Lumos_200817_67.raw	v1.1.0	NT=ms-proteomics;VV=v1.1.0	NT=human;VV=v1.1.0	NT=cell-lines;VV=v1.1.0	manual curation	NT=Data-dependent acquisition;AC=PRIDE:0000627	NT=Orbitrap Fusion Lumos;AC=MS:1002732	NT=Trypsin;AC=MS:1001251	TMT129N	26	NT=higher energy beam-type collision-induced dissociation;AC=MS:1000422	5 ppm	0.6 Da	NT=dithiothreitol (DTT);AC=PRIDE:0000608	NT=methyl methanethiosulfonate (MMTS);AC=PRIDE:0000605	NT=Methylthio;AC=UNIMOD:39;TA=C;MT=Fixed	NT=Oxidation;AC=UNIMOD:35;TA=M;MT=Variable	NT=TMTpro;AC=UNIMOD:2016;TA=K;MT=Fixed	NT=TMTpro;AC=UNIMOD:2016;PP=Any N-term;MT=Fixed	RET knockout clone C9
A12	Homo sapiens	cell culture	not available	2	neuroblastoma	cell line	not available	not available	SK-N-AS	CVCL_1700	SK-N-AS	RET knockout clone C9	Lumos_200817_68-TMT129N	proteomic profiling by mass spectrometry	1	Lumos_200817_68.raw	v1.1.0	NT=ms-proteomics;VV=v1.1.0	NT=human;VV=v1.1.0	NT=cell-lines;VV=v1.1.0	manual curation	NT=Data-dependent acquisition;AC=PRIDE:0000627	NT=Orbitrap Fusion Lumos;AC=MS:1002732	NT=Trypsin;AC=MS:1001251	TMT129N	27	NT=higher energy beam-type collision-induced dissociation;AC=MS:1000422	5 ppm	0.6 Da	NT=dithiothreitol (DTT);AC=PRIDE:0000608	NT=methyl methanethiosulfonate (MMTS);AC=PRIDE:0000605	NT=Methylthio;AC=UNIMOD:39;TA=C;MT=Fixed	NT=Oxidation;AC=UNIMOD:35;TA=M;MT=Variable	NT=TMTpro;AC=UNIMOD:2016;TA=K;MT=Fixed	NT=TMTpro;AC=UNIMOD:2016;PP=Any N-term;MT=Fixed	RET knockout clone C9
A12	Homo sapiens	cell culture	not available	2	neuroblastoma	cell line	not available	not available	SK-N-AS	CVCL_1700	SK-N-AS	RET knockout clone C9	Lumos_200817_69-TMT129N	proteomic profiling by mass spectrometry	1	Lumos_200817_69.raw	v1.1.0	NT=ms-proteomics;VV=v1.1.0	NT=human;VV=v1.1.0	NT=cell-lines;VV=v1.1.0	manual curation	NT=Data-dependent acquisition;AC=PRIDE:0000627	NT=Orbitrap Fusion Lumos;AC=MS:1002732	NT=Trypsin;AC=MS:1001251	TMT129N	28	NT=higher energy beam-type collision-induced dissociation;AC=MS:1000422	5 ppm	0.6 Da	NT=dithiothreitol (DTT);AC=PRIDE:0000608	NT=methyl methanethiosulfonate (MMTS);AC=PRIDE:0000605	NT=Methylthio;AC=UNIMOD:39;TA=C;MT=Fixed	NT=Oxidation;AC=UNIMOD:35;TA=M;MT=Variable	NT=TMTpro;AC=UNIMOD:2016;TA=K;MT=Fixed	NT=TMTpro;AC=UNIMOD:2016;PP=Any N-term;MT=Fixed	RET knockout clone C9
A12	Homo sapiens	cell culture	not available	2	neuroblastoma	cell line	not available	not available	SK-N-AS	CVCL_1700	SK-N-AS	RET knockout clone C9	Lumos_200817_70-TMT129N	proteomic profiling by mass spectrometry	1	Lumos_200817_70.raw	v1.1.0	NT=ms-proteomics;VV=v1.1.0	NT=human;VV=v1.1.0	NT=cell-lines;VV=v1.1.0	manual curation	NT=Data-dependent acquisition;AC=PRIDE:0000627	NT=Orbitrap Fusion Lumos;AC=MS:1002732	NT=Trypsin;AC=MS:1001251	TMT129N	29	NT=higher energy beam-type collision-induced dissociation;AC=MS:1000422	5 ppm	0.6 Da	NT=dithiothreitol (DTT);AC=PRIDE:0000608	NT=methyl methanethiosulfonate (MMTS);AC=PRIDE:0000605	NT=Methylthio;AC=UNIMOD:39;TA=C;MT=Fixed	NT=Oxidation;AC=UNIMOD:35;TA=M;MT=Variable	NT=TMTpro;AC=UNIMOD:2016;TA=K;MT=Fixed	NT=TMTpro;AC=UNIMOD:2016;PP=Any N-term;MT=Fixed	RET knockout clone C9
A12	Homo sapiens	cell culture	not available	2	neuroblastoma	cell line	not available	not available	SK-N-AS	CVCL_1700	SK-N-AS	RET knockout clone C9	Lumos_200817_71-TMT129N	proteomic profiling by mass spectrometry	1	Lumos_200817_71.raw	v1.1.0	NT=ms-proteomics;VV=v1.1.0	NT=human;VV=v1.1.0	NT=cell-lines;VV=v1.1.0	manual curation	NT=Data-dependent acquisition;AC=PRIDE:0000627	NT=Orbitrap Fusion Lumos;AC=MS:1002732	NT=Trypsin;AC=MS:1001251	TMT129N	30	NT=higher energy beam-type collision-induced dissociation;AC=MS:1000422	5 ppm	0.6 Da	NT=dithiothreitol (DTT);AC=PRIDE:0000608	NT=methyl methanethiosulfonate (MMTS);AC=PRIDE:0000605	NT=Methylthio;AC=UNIMOD:39;TA=C;MT=Fixed	NT=Oxidation;AC=UNIMOD:35;TA=M;MT=Variable	NT=TMTpro;AC=UNIMOD:2016;TA=K;MT=Fixed	NT=TMTpro;AC=UNIMOD:2016;PP=Any N-term;MT=Fixed	RET knockout clone C9
A4	Homo sapiens	cell culture	not available	1	neuroblastoma	cell line	not available	not available	SK-N-AS	CVCL_1700	SK-N-AS	RET knockout clone C1	Lumos_200817_42-TMT129C	proteomic profiling by mass spectrometry	1	Lumos_200817_42.raw	v1.1.0	NT=ms-proteomics;VV=v1.1.0	NT=human;VV=v1.1.0	NT=cell-lines;VV=v1.1.0	manual curation	NT=Data-dependent acquisition;AC=PRIDE:0000627	NT=Orbitrap Fusion Lumos;AC=MS:1002732	NT=Trypsin;AC=MS:1001251	TMT129C	1	NT=higher energy beam-type collision-induced dissociation;AC=MS:1000422	5 ppm	0.6 Da	NT=dithiothreitol (DTT);AC=PRIDE:0000608	NT=methyl methanethiosulfonate (MMTS);AC=PRIDE:0000605	NT=Methylthio;AC=UNIMOD:39;TA=C;MT=Fixed	NT=Oxidation;AC=UNIMOD:35;TA=M;MT=Variable	NT=TMTpro;AC=UNIMOD:2016;TA=K;MT=Fixed	NT=TMTpro;AC=UNIMOD:2016;PP=Any N-term;MT=Fixed	RET knockout clone C1
A4	Homo sapiens	cell culture	not available	1	neuroblastoma	cell line	not available	not available	SK-N-AS	CVCL_1700	SK-N-AS	RET knockout clone C1	Lumos_200817_43-TMT129C	proteomic profiling by mass spectrometry	1	Lumos_200817_43.raw	v1.1.0	NT=ms-proteomics;VV=v1.1.0	NT=human;VV=v1.1.0	NT=cell-lines;VV=v1.1.0	manual curation	NT=Data-dependent acquisition;AC=PRIDE:0000627	NT=Orbitrap Fusion Lumos;AC=MS:1002732	NT=Trypsin;AC=MS:1001251	TMT129C	2	NT=higher energy beam-type collision-induced dissociation;AC=MS:1000422	5 ppm	0.6 Da	NT=dithiothreitol (DTT);AC=PRIDE:0000608	NT=methyl methanethiosulfonate (MMTS);AC=PRIDE:0000605	NT=Methylthio;AC=UNIMOD:39;TA=C;MT=Fixed	NT=Oxidation;AC=UNIMOD:35;TA=M;MT=Variable	NT=TMTpro;AC=UNIMOD:2016;TA=K;MT=Fixed	NT=TMTpro;AC=UNIMOD:2016;PP=Any N-term;MT=Fixed	RET knockout clone C1
A4	Homo sapiens	cell culture	not available	1	neuroblastoma	cell line	not available	not available	SK-N-AS	CVCL_1700	SK-N-AS	RET knockout clone C1	Lumos_200817_44-TMT129C	proteomic profiling by mass spectrometry	1	Lumos_200817_44.raw	v1.1.0	NT=ms-proteomics;VV=v1.1.0	NT=human;VV=v1.1.0	NT=cell-lines;VV=v1.1.0	manual curation	NT=Data-dependent acquisition;AC=PRIDE:0000627	NT=Orbitrap Fusion Lumos;AC=MS:1002732	NT=Trypsin;AC=MS:1001251	TMT129C	3	NT=higher energy beam-type collision-induced dissociation;AC=MS:1000422	5 ppm	0.6 Da	NT=dithiothreitol (DTT);AC=PRIDE:0000608	NT=methyl methanethiosulfonate (MMTS);AC=PRIDE:0000605	NT=Methylthio;AC=UNIMOD:39;TA=C;MT=Fixed	NT=Oxidation;AC=UNIMOD:35;TA=M;MT=Variable	NT=TMTpro;AC=UNIMOD:2016;TA=K;MT=Fixed	NT=TMTpro;AC=UNIMOD:2016;PP=Any N-term;MT=Fixed	RET knockout clone C1
A4	Homo sapiens	cell culture	not available	1	neuroblastoma	cell line	not available	not available	SK-N-AS	CVCL_1700	SK-N-AS	RET knockout clone C1	Lumos_200817_45-TMT129C	proteomic profiling by mass spectrometry	1	Lumos_200817_45.raw	v1.1.0	NT=ms-proteomics;VV=v1.1.0	NT=human;VV=v1.1.0	NT=cell-lines;VV=v1.1.0	manual curation	NT=Data-dependent acquisition;AC=PRIDE:0000627	NT=Orbitrap Fusion Lumos;AC=MS:1002732	NT=Trypsin;AC=MS:1001251	TMT129C	4	NT=higher energy beam-type collision-induced dissociation;AC=MS:1000422	5 ppm	0.6 Da	NT=dithiothreitol (DTT);AC=PRIDE:0000608	NT=methyl methanethiosulfonate (MMTS);AC=PRIDE:0000605	NT=Methylthio;AC=UNIMOD:39;TA=C;MT=Fixed	NT=Oxidation;AC=UNIMOD:35;TA=M;MT=Variable	NT=TMTpro;AC=UNIMOD:2016;TA=K;MT=Fixed	NT=TMTpro;AC=UNIMOD:2016;PP=Any N-term;MT=Fixed	RET knockout clone C1
A4	Homo sapiens	cell culture	not available	1	neuroblastoma	cell line	not available	not available	SK-N-AS	CVCL_1700	SK-N-AS	RET knockout clone C1	Lumos_200817_46-TMT129C	proteomic profiling by mass spectrometry	1	Lumos_200817_46.raw	v1.1.0	NT=ms-proteomics;VV=v1.1.0	NT=human;VV=v1.1.0	NT=cell-lines;VV=v1.1.0	manual curation	NT=Data-dependent acquisition;AC=PRIDE:0000627	NT=Orbitrap Fusion Lumos;AC=MS:1002732	NT=Trypsin;AC=MS:1001251	TMT129C	5	NT=higher energy beam-type collision-induced dissociation;AC=MS:1000422	5 ppm	0.6 Da	NT=dithiothreitol (DTT);AC=PRIDE:0000608	NT=methyl methanethiosulfonate (MMTS);AC=PRIDE:0000605	NT=Methylthio;AC=UNIMOD:39;TA=C;MT=Fixed	NT=Oxidation;AC=UNIMOD:35;TA=M;MT=Variable	NT=TMTpro;AC=UNIMOD:2016;TA=K;MT=Fixed	NT=TMTpro;AC=UNIMOD:2016;PP=Any N-term;MT=Fixed	RET knockout clone C1
A4	Homo sapiens	cell culture	not available	1	neuroblastoma	cell line	not available	not available	SK-N-AS	CVCL_1700	SK-N-AS	RET knockout clone C1	Lumos_200817_47-TMT129C	proteomic profiling by mass spectrometry	1	Lumos_200817_47.raw	v1.1.0	NT=ms-proteomics;VV=v1.1.0	NT=human;VV=v1.1.0	NT=cell-lines;VV=v1.1.0	manual curation	NT=Data-dependent acquisition;AC=PRIDE:0000627	NT=Orbitrap Fusion Lumos;AC=MS:1002732	NT=Trypsin;AC=MS:1001251	TMT129C	6	NT=higher energy beam-type collision-induced dissociation;AC=MS:1000422	5 ppm	0.6 Da	NT=dithiothreitol (DTT);AC=PRIDE:0000608	NT=methyl methanethiosulfonate (MMTS);AC=PRIDE:0000605	NT=Methylthio;AC=UNIMOD:39;TA=C;MT=Fixed	NT=Oxidation;AC=UNIMOD:35;TA=M;MT=Variable	NT=TMTpro;AC=UNIMOD:2016;TA=K;MT=Fixed	NT=TMTpro;AC=UNIMOD:2016;PP=Any N-term;MT=Fixed	RET knockout clone C1
A4	Homo sapiens	cell culture	not available	1	neuroblastoma	cell line	not available	not available	SK-N-AS	CVCL_1700	SK-N-AS	RET knockout clone C1	Lumos_200817_48-TMT129C	proteomic profiling by mass spectrometry	1	Lumos_200817_48.raw	v1.1.0	NT=ms-proteomics;VV=v1.1.0	NT=human;VV=v1.1.0	NT=cell-lines;VV=v1.1.0	manual curation	NT=Data-dependent acquisition;AC=PRIDE:0000627	NT=Orbitrap Fusion Lumos;AC=MS:1002732	NT=Trypsin;AC=MS:1001251	TMT129C	7	NT=higher energy beam-type collision-induced dissociation;AC=MS:1000422	5 ppm	0.6 Da	NT=dithiothreitol (DTT);AC=PRIDE:0000608	NT=methyl methanethiosulfonate (MMTS);AC=PRIDE:0000605	NT=Methylthio;AC=UNIMOD:39;TA=C;MT=Fixed	NT=Oxidation;AC=UNIMOD:35;TA=M;MT=Variable	NT=TMTpro;AC=UNIMOD:2016;TA=K;MT=Fixed	NT=TMTpro;AC=UNIMOD:2016;PP=Any N-term;MT=Fixed	RET knockout clone C1
A4	Homo sapiens	cell culture	not available	1	neuroblastoma	cell line	not available	not available	SK-N-AS	CVCL_1700	SK-N-AS	RET knockout clone C1	Lumos_200817_49-TMT129C	proteomic profiling by mass spectrometry	1	Lumos_200817_49.raw	v1.1.0	NT=ms-proteomics;VV=v1.1.0	NT=human;VV=v1.1.0	NT=cell-lines;VV=v1.1.0	manual curation	NT=Data-dependent acquisition;AC=PRIDE:0000627	NT=Orbitrap Fusion Lumos;AC=MS:1002732	NT=Trypsin;AC=MS:1001251	TMT129C	8	NT=higher energy beam-type collision-induced dissociation;AC=MS:1000422	5 ppm	0.6 Da	NT=dithiothreitol (DTT);AC=PRIDE:0000608	NT=methyl methanethiosulfonate (MMTS);AC=PRIDE:0000605	NT=Methylthio;AC=UNIMOD:39;TA=C;MT=Fixed	NT=Oxidation;AC=UNIMOD:35;TA=M;MT=Variable	NT=TMTpro;AC=UNIMOD:2016;TA=K;MT=Fixed	NT=TMTpro;AC=UNIMOD:2016;PP=Any N-term;MT=Fixed	RET knockout clone C1
A4	Homo sapiens	cell culture	not available	1	neuroblastoma	cell line	not available	not available	SK-N-AS	CVCL_1700	SK-N-AS	RET knockout clone C1	Lumos_200817_50-TMT129C	proteomic profiling by mass spectrometry	1	Lumos_200817_50.raw	v1.1.0	NT=ms-proteomics;VV=v1.1.0	NT=human;VV=v1.1.0	NT=cell-lines;VV=v1.1.0	manual curation	NT=Data-dependent acquisition;AC=PRIDE:0000627	NT=Orbitrap Fusion Lumos;AC=MS:1002732	NT=Trypsin;AC=MS:1001251	TMT129C	9	NT=higher energy beam-type collision-induced dissociation;AC=MS:1000422	5 ppm	0.6 Da	NT=dithiothreitol (DTT);AC=PRIDE:0000608	NT=methyl methanethiosulfonate (MMTS);AC=PRIDE:0000605	NT=Methylthio;AC=UNIMOD:39;TA=C;MT=Fixed	NT=Oxidation;AC=UNIMOD:35;TA=M;MT=Variable	NT=TMTpro;AC=UNIMOD:2016;TA=K;MT=Fixed	NT=TMTpro;AC=UNIMOD:2016;PP=Any N-term;MT=Fixed	RET knockout clone C1
A4	Homo sapiens	cell culture	not available	1	neuroblastoma	cell line	not available	not available	SK-N-AS	CVCL_1700	SK-N-AS	RET knockout clone C1	Lumos_200817_51-TMT129C	proteomic profiling by mass spectrometry	1	Lumos_200817_51.raw	v1.1.0	NT=ms-proteomics;VV=v1.1.0	NT=human;VV=v1.1.0	NT=cell-lines;VV=v1.1.0	manual curation	NT=Data-dependent acquisition;AC=PRIDE:0000627	NT=Orbitrap Fusion Lumos;AC=MS:1002732	NT=Trypsin;AC=MS:1001251	TMT129C	10	NT=higher energy beam-type collision-induced dissociation;AC=MS:1000422	5 ppm	0.6 Da	NT=dithiothreitol (DTT);AC=PRIDE:0000608	NT=methyl methanethiosulfonate (MMTS);AC=PRIDE:0000605	NT=Methylthio;AC=UNIMOD:39;TA=C;MT=Fixed	NT=Oxidation;AC=UNIMOD:35;TA=M;MT=Variable	NT=TMTpro;AC=UNIMOD:2016;TA=K;MT=Fixed	NT=TMTpro;AC=UNIMOD:2016;PP=Any N-term;MT=Fixed	RET knockout clone C1
A4	Homo sapiens	cell culture	not available	1	neuroblastoma	cell line	not available	not available	SK-N-AS	CVCL_1700	SK-N-AS	RET knockout clone C1	Lumos_200817_52-TMT129C	proteomic profiling by mass spectrometry	1	Lumos_200817_52.raw	v1.1.0	NT=ms-proteomics;VV=v1.1.0	NT=human;VV=v1.1.0	NT=cell-lines;VV=v1.1.0	manual curation	NT=Data-dependent acquisition;AC=PRIDE:0000627	NT=Orbitrap Fusion Lumos;AC=MS:1002732	NT=Trypsin;AC=MS:1001251	TMT129C	11	NT=higher energy beam-type collision-induced dissociation;AC=MS:1000422	5 ppm	0.6 Da	NT=dithiothreitol (DTT);AC=PRIDE:0000608	NT=methyl methanethiosulfonate (MMTS);AC=PRIDE:0000605	NT=Methylthio;AC=UNIMOD:39;TA=C;MT=Fixed	NT=Oxidation;AC=UNIMOD:35;TA=M;MT=Variable	NT=TMTpro;AC=UNIMOD:2016;TA=K;MT=Fixed	NT=TMTpro;AC=UNIMOD:2016;PP=Any N-term;MT=Fixed	RET knockout clone C1
A4	Homo sapiens	cell culture	not available	1	neuroblastoma	cell line	not available	not available	SK-N-AS	CVCL_1700	SK-N-AS	RET knockout clone C1	Lumos_200817_53-TMT129C	proteomic profiling by mass spectrometry	1	Lumos_200817_53.raw	v1.1.0	NT=ms-proteomics;VV=v1.1.0	NT=human;VV=v1.1.0	NT=cell-lines;VV=v1.1.0	manual curation	NT=Data-dependent acquisition;AC=PRIDE:0000627	NT=Orbitrap Fusion Lumos;AC=MS:1002732	NT=Trypsin;AC=MS:1001251	TMT129C	12	NT=higher energy beam-type collision-induced dissociation;AC=MS:1000422	5 ppm	0.6 Da	NT=dithiothreitol (DTT);AC=PRIDE:0000608	NT=methyl methanethiosulfonate (MMTS);AC=PRIDE:0000605	NT=Methylthio;AC=UNIMOD:39;TA=C;MT=Fixed	NT=Oxidation;AC=UNIMOD:35;TA=M;MT=Variable	NT=TMTpro;AC=UNIMOD:2016;TA=K;MT=Fixed	NT=TMTpro;AC=UNIMOD:2016;PP=Any N-term;MT=Fixed	RET knockout clone C1
A4	Homo sapiens	cell culture	not available	1	neuroblastoma	cell line	not available	not available	SK-N-AS	CVCL_1700	SK-N-AS	RET knockout clone C1	Lumos_200817_54-TMT129C	proteomic profiling by mass spectrometry	1	Lumos_200817_54.raw	v1.1.0	NT=ms-proteomics;VV=v1.1.0	NT=human;VV=v1.1.0	NT=cell-lines;VV=v1.1.0	manual curation	NT=Data-dependent acquisition;AC=PRIDE:0000627	NT=Orbitrap Fusion Lumos;AC=MS:1002732	NT=Trypsin;AC=MS:1001251	TMT129C	13	NT=higher energy beam-type collision-induced dissociation;AC=MS:1000422	5 ppm	0.6 Da	NT=dithiothreitol (DTT);AC=PRIDE:0000608	NT=methyl methanethiosulfonate (MMTS);AC=PRIDE:0000605	NT=Methylthio;AC=UNIMOD:39;TA=C;MT=Fixed	NT=Oxidation;AC=UNIMOD:35;TA=M;MT=Variable	NT=TMTpro;AC=UNIMOD:2016;TA=K;MT=Fixed	NT=TMTpro;AC=UNIMOD:2016;PP=Any N-term;MT=Fixed	RET knockout clone C1
A4	Homo sapiens	cell culture	not available	1	neuroblastoma	cell line	not available	not available	SK-N-AS	CVCL_1700	SK-N-AS	RET knockout clone C1	Lumos_200817_55-TMT129C	proteomic profiling by mass spectrometry	1	Lumos_200817_55.raw	v1.1.0	NT=ms-proteomics;VV=v1.1.0	NT=human;VV=v1.1.0	NT=cell-lines;VV=v1.1.0	manual curation	NT=Data-dependent acquisition;AC=PRIDE:0000627	NT=Orbitrap Fusion Lumos;AC=MS:1002732	NT=Trypsin;AC=MS:1001251	TMT129C	14	NT=higher energy beam-type collision-induced dissociation;AC=MS:1000422	5 ppm	0.6 Da	NT=dithiothreitol (DTT);AC=PRIDE:0000608	NT=methyl methanethiosulfonate (MMTS);AC=PRIDE:0000605	NT=Methylthio;AC=UNIMOD:39;TA=C;MT=Fixed	NT=Oxidation;AC=UNIMOD:35;TA=M;MT=Variable	NT=TMTpro;AC=UNIMOD:2016;TA=K;MT=Fixed	NT=TMTpro;AC=UNIMOD:2016;PP=Any N-term;MT=Fixed	RET knockout clone C1
A4	Homo sapiens	cell culture	not available	1	neuroblastoma	cell line	not available	not available	SK-N-AS	CVCL_1700	SK-N-AS	RET knockout clone C1	Lumos_200817_56-TMT129C	proteomic profiling by mass spectrometry	1	Lumos_200817_56.raw	v1.1.0	NT=ms-proteomics;VV=v1.1.0	NT=human;VV=v1.1.0	NT=cell-lines;VV=v1.1.0	manual curation	NT=Data-dependent acquisition;AC=PRIDE:0000627	NT=Orbitrap Fusion Lumos;AC=MS:1002732	NT=Trypsin;AC=MS:1001251	TMT129C	15	NT=higher energy beam-type collision-induced dissociation;AC=MS:1000422	5 ppm	0.6 Da	NT=dithiothreitol (DTT);AC=PRIDE:0000608	NT=methyl methanethiosulfonate (MMTS);AC=PRIDE:0000605	NT=Methylthio;AC=UNIMOD:39;TA=C;MT=Fixed	NT=Oxidation;AC=UNIMOD:35;TA=M;MT=Variable	NT=TMTpro;AC=UNIMOD:2016;TA=K;MT=Fixed	NT=TMTpro;AC=UNIMOD:2016;PP=Any N-term;MT=Fixed	RET knockout clone C1
A4	Homo sapiens	cell culture	not available	1	neuroblastoma	cell line	not available	not available	SK-N-AS	CVCL_1700	SK-N-AS	RET knockout clone C1	Lumos_200817_57-TMT129C	proteomic profiling by mass spectrometry	1	Lumos_200817_57.raw	v1.1.0	NT=ms-proteomics;VV=v1.1.0	NT=human;VV=v1.1.0	NT=cell-lines;VV=v1.1.0	manual curation	NT=Data-dependent acquisition;AC=PRIDE:0000627	NT=Orbitrap Fusion Lumos;AC=MS:1002732	NT=Trypsin;AC=MS:1001251	TMT129C	16	NT=higher energy beam-type collision-induced dissociation;AC=MS:1000422	5 ppm	0.6 Da	NT=dithiothreitol (DTT);AC=PRIDE:0000608	NT=methyl methanethiosulfonate (MMTS);AC=PRIDE:0000605	NT=Methylthio;AC=UNIMOD:39;TA=C;MT=Fixed	NT=Oxidation;AC=UNIMOD:35;TA=M;MT=Variable	NT=TMTpro;AC=UNIMOD:2016;TA=K;MT=Fixed	NT=TMTpro;AC=UNIMOD:2016;PP=Any N-term;MT=Fixed	RET knockout clone C1
A4	Homo sapiens	cell culture	not available	1	neuroblastoma	cell line	not available	not available	SK-N-AS	CVCL_1700	SK-N-AS	RET knockout clone C1	Lumos_200817_58-TMT129C	proteomic profiling by mass spectrometry	1	Lumos_200817_58.raw	v1.1.0	NT=ms-proteomics;VV=v1.1.0	NT=human;VV=v1.1.0	NT=cell-lines;VV=v1.1.0	manual curation	NT=Data-dependent acquisition;AC=PRIDE:0000627	NT=Orbitrap Fusion Lumos;AC=MS:1002732	NT=Trypsin;AC=MS:1001251	TMT129C	17	NT=higher energy beam-type collision-induced dissociation;AC=MS:1000422	5 ppm	0.6 Da	NT=dithiothreitol (DTT);AC=PRIDE:0000608	NT=methyl methanethiosulfonate (MMTS);AC=PRIDE:0000605	NT=Methylthio;AC=UNIMOD:39;TA=C;MT=Fixed	NT=Oxidation;AC=UNIMOD:35;TA=M;MT=Variable	NT=TMTpro;AC=UNIMOD:2016;TA=K;MT=Fixed	NT=TMTpro;AC=UNIMOD:2016;PP=Any N-term;MT=Fixed	RET knockout clone C1
A4	Homo sapiens	cell culture	not available	1	neuroblastoma	cell line	not available	not available	SK-N-AS	CVCL_1700	SK-N-AS	RET knockout clone C1	Lumos_200817_59-TMT129C	proteomic profiling by mass spectrometry	1	Lumos_200817_59.raw	v1.1.0	NT=ms-proteomics;VV=v1.1.0	NT=human;VV=v1.1.0	NT=cell-lines;VV=v1.1.0	manual curation	NT=Data-dependent acquisition;AC=PRIDE:0000627	NT=Orbitrap Fusion Lumos;AC=MS:1002732	NT=Trypsin;AC=MS:1001251	TMT129C	18	NT=higher energy beam-type collision-induced dissociation;AC=MS:1000422	5 ppm	0.6 Da	NT=dithiothreitol (DTT);AC=PRIDE:0000608	NT=methyl methanethiosulfonate (MMTS);AC=PRIDE:0000605	NT=Methylthio;AC=UNIMOD:39;TA=C;MT=Fixed	NT=Oxidation;AC=UNIMOD:35;TA=M;MT=Variable	NT=TMTpro;AC=UNIMOD:2016;TA=K;MT=Fixed	NT=TMTpro;AC=UNIMOD:2016;PP=Any N-term;MT=Fixed	RET knockout clone C1
A4	Homo sapiens	cell culture	not available	1	neuroblastoma	cell line	not available	not available	SK-N-AS	CVCL_1700	SK-N-AS	RET knockout clone C1	Lumos_200817_60-TMT129C	proteomic profiling by mass spectrometry	1	Lumos_200817_60.raw	v1.1.0	NT=ms-proteomics;VV=v1.1.0	NT=human;VV=v1.1.0	NT=cell-lines;VV=v1.1.0	manual curation	NT=Data-dependent acquisition;AC=PRIDE:0000627	NT=Orbitrap Fusion Lumos;AC=MS:1002732	NT=Trypsin;AC=MS:1001251	TMT129C	19	NT=higher energy beam-type collision-induced dissociation;AC=MS:1000422	5 ppm	0.6 Da	NT=dithiothreitol (DTT);AC=PRIDE:0000608	NT=methyl methanethiosulfonate (MMTS);AC=PRIDE:0000605	NT=Methylthio;AC=UNIMOD:39;TA=C;MT=Fixed	NT=Oxidation;AC=UNIMOD:35;TA=M;MT=Variable	NT=TMTpro;AC=UNIMOD:2016;TA=K;MT=Fixed	NT=TMTpro;AC=UNIMOD:2016;PP=Any N-term;MT=Fixed	RET knockout clone C1
A4	Homo sapiens	cell culture	not available	1	neuroblastoma	cell line	not available	not available	SK-N-AS	CVCL_1700	SK-N-AS	RET knockout clone C1	Lumos_200817_61-TMT129C	proteomic profiling by mass spectrometry	1	Lumos_200817_61.raw	v1.1.0	NT=ms-proteomics;VV=v1.1.0	NT=human;VV=v1.1.0	NT=cell-lines;VV=v1.1.0	manual curation	NT=Data-dependent acquisition;AC=PRIDE:0000627	NT=Orbitrap Fusion Lumos;AC=MS:1002732	NT=Trypsin;AC=MS:1001251	TMT129C	20	NT=higher energy beam-type collision-induced dissociation;AC=MS:1000422	5 ppm	0.6 Da	NT=dithiothreitol (DTT);AC=PRIDE:0000608	NT=methyl methanethiosulfonate (MMTS);AC=PRIDE:0000605	NT=Methylthio;AC=UNIMOD:39;TA=C;MT=Fixed	NT=Oxidation;AC=UNIMOD:35;TA=M;MT=Variable	NT=TMTpro;AC=UNIMOD:2016;TA=K;MT=Fixed	NT=TMTpro;AC=UNIMOD:2016;PP=Any N-term;MT=Fixed	RET knockout clone C1
A4	Homo sapiens	cell culture	not available	1	neuroblastoma	cell line	not available	not available	SK-N-AS	CVCL_1700	SK-N-AS	RET knockout clone C1	Lumos_200817_62-TMT129C	proteomic profiling by mass spectrometry	1	Lumos_200817_62.raw	v1.1.0	NT=ms-proteomics;VV=v1.1.0	NT=human;VV=v1.1.0	NT=cell-lines;VV=v1.1.0	manual curation	NT=Data-dependent acquisition;AC=PRIDE:0000627	NT=Orbitrap Fusion Lumos;AC=MS:1002732	NT=Trypsin;AC=MS:1001251	TMT129C	21	NT=higher energy beam-type collision-induced dissociation;AC=MS:1000422	5 ppm	0.6 Da	NT=dithiothreitol (DTT);AC=PRIDE:0000608	NT=methyl methanethiosulfonate (MMTS);AC=PRIDE:0000605	NT=Methylthio;AC=UNIMOD:39;TA=C;MT=Fixed	NT=Oxidation;AC=UNIMOD:35;TA=M;MT=Variable	NT=TMTpro;AC=UNIMOD:2016;TA=K;MT=Fixed	NT=TMTpro;AC=UNIMOD:2016;PP=Any N-term;MT=Fixed	RET knockout clone C1
A4	Homo sapiens	cell culture	not available	1	neuroblastoma	cell line	not available	not available	SK-N-AS	CVCL_1700	SK-N-AS	RET knockout clone C1	Lumos_200817_63-TMT129C	proteomic profiling by mass spectrometry	1	Lumos_200817_63.raw	v1.1.0	NT=ms-proteomics;VV=v1.1.0	NT=human;VV=v1.1.0	NT=cell-lines;VV=v1.1.0	manual curation	NT=Data-dependent acquisition;AC=PRIDE:0000627	NT=Orbitrap Fusion Lumos;AC=MS:1002732	NT=Trypsin;AC=MS:1001251	TMT129C	22	NT=higher energy beam-type collision-induced dissociation;AC=MS:1000422	5 ppm	0.6 Da	NT=dithiothreitol (DTT);AC=PRIDE:0000608	NT=methyl methanethiosulfonate (MMTS);AC=PRIDE:0000605	NT=Methylthio;AC=UNIMOD:39;TA=C;MT=Fixed	NT=Oxidation;AC=UNIMOD:35;TA=M;MT=Variable	NT=TMTpro;AC=UNIMOD:2016;TA=K;MT=Fixed	NT=TMTpro;AC=UNIMOD:2016;PP=Any N-term;MT=Fixed	RET knockout clone C1
A4	Homo sapiens	cell culture	not available	1	neuroblastoma	cell line	not available	not available	SK-N-AS	CVCL_1700	SK-N-AS	RET knockout clone C1	Lumos_200817_64-TMT129C	proteomic profiling by mass spectrometry	1	Lumos_200817_64.raw	v1.1.0	NT=ms-proteomics;VV=v1.1.0	NT=human;VV=v1.1.0	NT=cell-lines;VV=v1.1.0	manual curation	NT=Data-dependent acquisition;AC=PRIDE:0000627	NT=Orbitrap Fusion Lumos;AC=MS:1002732	NT=Trypsin;AC=MS:1001251	TMT129C	23	NT=higher energy beam-type collision-induced dissociation;AC=MS:1000422	5 ppm	0.6 Da	NT=dithiothreitol (DTT);AC=PRIDE:0000608	NT=methyl methanethiosulfonate (MMTS);AC=PRIDE:0000605	NT=Methylthio;AC=UNIMOD:39;TA=C;MT=Fixed	NT=Oxidation;AC=UNIMOD:35;TA=M;MT=Variable	NT=TMTpro;AC=UNIMOD:2016;TA=K;MT=Fixed	NT=TMTpro;AC=UNIMOD:2016;PP=Any N-term;MT=Fixed	RET knockout clone C1
A4	Homo sapiens	cell culture	not available	1	neuroblastoma	cell line	not available	not available	SK-N-AS	CVCL_1700	SK-N-AS	RET knockout clone C1	Lumos_200817_65-TMT129C	proteomic profiling by mass spectrometry	1	Lumos_200817_65.raw	v1.1.0	NT=ms-proteomics;VV=v1.1.0	NT=human;VV=v1.1.0	NT=cell-lines;VV=v1.1.0	manual curation	NT=Data-dependent acquisition;AC=PRIDE:0000627	NT=Orbitrap Fusion Lumos;AC=MS:1002732	NT=Trypsin;AC=MS:1001251	TMT129C	24	NT=higher energy beam-type collision-induced dissociation;AC=MS:1000422	5 ppm	0.6 Da	NT=dithiothreitol (DTT);AC=PRIDE:0000608	NT=methyl methanethiosulfonate (MMTS);AC=PRIDE:0000605	NT=Methylthio;AC=UNIMOD:39;TA=C;MT=Fixed	NT=Oxidation;AC=UNIMOD:35;TA=M;MT=Variable	NT=TMTpro;AC=UNIMOD:2016;TA=K;MT=Fixed	NT=TMTpro;AC=UNIMOD:2016;PP=Any N-term;MT=Fixed	RET knockout clone C1
A4	Homo sapiens	cell culture	not available	1	neuroblastoma	cell line	not available	not available	SK-N-AS	CVCL_1700	SK-N-AS	RET knockout clone C1	Lumos_200817_66-TMT129C	proteomic profiling by mass spectrometry	1	Lumos_200817_66.raw	v1.1.0	NT=ms-proteomics;VV=v1.1.0	NT=human;VV=v1.1.0	NT=cell-lines;VV=v1.1.0	manual curation	NT=Data-dependent acquisition;AC=PRIDE:0000627	NT=Orbitrap Fusion Lumos;AC=MS:1002732	NT=Trypsin;AC=MS:1001251	TMT129C	25	NT=higher energy beam-type collision-induced dissociation;AC=MS:1000422	5 ppm	0.6 Da	NT=dithiothreitol (DTT);AC=PRIDE:0000608	NT=methyl methanethiosulfonate (MMTS);AC=PRIDE:0000605	NT=Methylthio;AC=UNIMOD:39;TA=C;MT=Fixed	NT=Oxidation;AC=UNIMOD:35;TA=M;MT=Variable	NT=TMTpro;AC=UNIMOD:2016;TA=K;MT=Fixed	NT=TMTpro;AC=UNIMOD:2016;PP=Any N-term;MT=Fixed	RET knockout clone C1
A4	Homo sapiens	cell culture	not available	1	neuroblastoma	cell line	not available	not available	SK-N-AS	CVCL_1700	SK-N-AS	RET knockout clone C1	Lumos_200817_67-TMT129C	proteomic profiling by mass spectrometry	1	Lumos_200817_67.raw	v1.1.0	NT=ms-proteomics;VV=v1.1.0	NT=human;VV=v1.1.0	NT=cell-lines;VV=v1.1.0	manual curation	NT=Data-dependent acquisition;AC=PRIDE:0000627	NT=Orbitrap Fusion Lumos;AC=MS:1002732	NT=Trypsin;AC=MS:1001251	TMT129C	26	NT=higher energy beam-type collision-induced dissociation;AC=MS:1000422	5 ppm	0.6 Da	NT=dithiothreitol (DTT);AC=PRIDE:0000608	NT=methyl methanethiosulfonate (MMTS);AC=PRIDE:0000605	NT=Methylthio;AC=UNIMOD:39;TA=C;MT=Fixed	NT=Oxidation;AC=UNIMOD:35;TA=M;MT=Variable	NT=TMTpro;AC=UNIMOD:2016;TA=K;MT=Fixed	NT=TMTpro;AC=UNIMOD:2016;PP=Any N-term;MT=Fixed	RET knockout clone C1
A4	Homo sapiens	cell culture	not available	1	neuroblastoma	cell line	not available	not available	SK-N-AS	CVCL_1700	SK-N-AS	RET knockout clone C1	Lumos_200817_68-TMT129C	proteomic profiling by mass spectrometry	1	Lumos_200817_68.raw	v1.1.0	NT=ms-proteomics;VV=v1.1.0	NT=human;VV=v1.1.0	NT=cell-lines;VV=v1.1.0	manual curation	NT=Data-dependent acquisition;AC=PRIDE:0000627	NT=Orbitrap Fusion Lumos;AC=MS:1002732	NT=Trypsin;AC=MS:1001251	TMT129C	27	NT=higher energy beam-type collision-induced dissociation;AC=MS:1000422	5 ppm	0.6 Da	NT=dithiothreitol (DTT);AC=PRIDE:0000608	NT=methyl methanethiosulfonate (MMTS);AC=PRIDE:0000605	NT=Methylthio;AC=UNIMOD:39;TA=C;MT=Fixed	NT=Oxidation;AC=UNIMOD:35;TA=M;MT=Variable	NT=TMTpro;AC=UNIMOD:2016;TA=K;MT=Fixed	NT=TMTpro;AC=UNIMOD:2016;PP=Any N-term;MT=Fixed	RET knockout clone C1
A4	Homo sapiens	cell culture	not available	1	neuroblastoma	cell line	not available	not available	SK-N-AS	CVCL_1700	SK-N-AS	RET knockout clone C1	Lumos_200817_69-TMT129C	proteomic profiling by mass spectrometry	1	Lumos_200817_69.raw	v1.1.0	NT=ms-proteomics;VV=v1.1.0	NT=human;VV=v1.1.0	NT=cell-lines;VV=v1.1.0	manual curation	NT=Data-dependent acquisition;AC=PRIDE:0000627	NT=Orbitrap Fusion Lumos;AC=MS:1002732	NT=Trypsin;AC=MS:1001251	TMT129C	28	NT=higher energy beam-type collision-induced dissociation;AC=MS:1000422	5 ppm	0.6 Da	NT=dithiothreitol (DTT);AC=PRIDE:0000608	NT=methyl methanethiosulfonate (MMTS);AC=PRIDE:0000605	NT=Methylthio;AC=UNIMOD:39;TA=C;MT=Fixed	NT=Oxidation;AC=UNIMOD:35;TA=M;MT=Variable	NT=TMTpro;AC=UNIMOD:2016;TA=K;MT=Fixed	NT=TMTpro;AC=UNIMOD:2016;PP=Any N-term;MT=Fixed	RET knockout clone C1
A4	Homo sapiens	cell culture	not available	1	neuroblastoma	cell line	not available	not available	SK-N-AS	CVCL_1700	SK-N-AS	RET knockout clone C1	Lumos_200817_70-TMT129C	proteomic profiling by mass spectrometry	1	Lumos_200817_70.raw	v1.1.0	NT=ms-proteomics;VV=v1.1.0	NT=human;VV=v1.1.0	NT=cell-lines;VV=v1.1.0	manual curation	NT=Data-dependent acquisition;AC=PRIDE:0000627	NT=Orbitrap Fusion Lumos;AC=MS:1002732	NT=Trypsin;AC=MS:1001251	TMT129C	29	NT=higher energy beam-type collision-induced dissociation;AC=MS:1000422	5 ppm	0.6 Da	NT=dithiothreitol (DTT);AC=PRIDE:0000608	NT=methyl methanethiosulfonate (MMTS);AC=PRIDE:0000605	NT=Methylthio;AC=UNIMOD:39;TA=C;MT=Fixed	NT=Oxidation;AC=UNIMOD:35;TA=M;MT=Variable	NT=TMTpro;AC=UNIMOD:2016;TA=K;MT=Fixed	NT=TMTpro;AC=UNIMOD:2016;PP=Any N-term;MT=Fixed	RET knockout clone C1
A4	Homo sapiens	cell culture	not available	1	neuroblastoma	cell line	not available	not available	SK-N-AS	CVCL_1700	SK-N-AS	RET knockout clone C1	Lumos_200817_71-TMT129C	proteomic profiling by mass spectrometry	1	Lumos_200817_71.raw	v1.1.0	NT=ms-proteomics;VV=v1.1.0	NT=human;VV=v1.1.0	NT=cell-lines;VV=v1.1.0	manual curation	NT=Data-dependent acquisition;AC=PRIDE:0000627	NT=Orbitrap Fusion Lumos;AC=MS:1002732	NT=Trypsin;AC=MS:1001251	TMT129C	30	NT=higher energy beam-type collision-induced dissociation;AC=MS:1000422	5 ppm	0.6 Da	NT=dithiothreitol (DTT);AC=PRIDE:0000608	NT=methyl methanethiosulfonate (MMTS);AC=PRIDE:0000605	NT=Methylthio;AC=UNIMOD:39;TA=C;MT=Fixed	NT=Oxidation;AC=UNIMOD:35;TA=M;MT=Variable	NT=TMTpro;AC=UNIMOD:2016;TA=K;MT=Fixed	NT=TMTpro;AC=UNIMOD:2016;PP=Any N-term;MT=Fixed	RET knockout clone C1
A5	Homo sapiens	cell culture	not available	2	neuroblastoma	cell line	not available	not available	SK-N-AS	CVCL_1700	SK-N-AS	RET knockout clone C1	Lumos_200817_42-TMT130N	proteomic profiling by mass spectrometry	1	Lumos_200817_42.raw	v1.1.0	NT=ms-proteomics;VV=v1.1.0	NT=human;VV=v1.1.0	NT=cell-lines;VV=v1.1.0	manual curation	NT=Data-dependent acquisition;AC=PRIDE:0000627	NT=Orbitrap Fusion Lumos;AC=MS:1002732	NT=Trypsin;AC=MS:1001251	TMT130N	1	NT=higher energy beam-type collision-induced dissociation;AC=MS:1000422	5 ppm	0.6 Da	NT=dithiothreitol (DTT);AC=PRIDE:0000608	NT=methyl methanethiosulfonate (MMTS);AC=PRIDE:0000605	NT=Methylthio;AC=UNIMOD:39;TA=C;MT=Fixed	NT=Oxidation;AC=UNIMOD:35;TA=M;MT=Variable	NT=TMTpro;AC=UNIMOD:2016;TA=K;MT=Fixed	NT=TMTpro;AC=UNIMOD:2016;PP=Any N-term;MT=Fixed	RET knockout clone C1
A5	Homo sapiens	cell culture	not available	2	neuroblastoma	cell line	not available	not available	SK-N-AS	CVCL_1700	SK-N-AS	RET knockout clone C1	Lumos_200817_43-TMT130N	proteomic profiling by mass spectrometry	1	Lumos_200817_43.raw	v1.1.0	NT=ms-proteomics;VV=v1.1.0	NT=human;VV=v1.1.0	NT=cell-lines;VV=v1.1.0	manual curation	NT=Data-dependent acquisition;AC=PRIDE:0000627	NT=Orbitrap Fusion Lumos;AC=MS:1002732	NT=Trypsin;AC=MS:1001251	TMT130N	2	NT=higher energy beam-type collision-induced dissociation;AC=MS:1000422	5 ppm	0.6 Da	NT=dithiothreitol (DTT);AC=PRIDE:0000608	NT=methyl methanethiosulfonate (MMTS);AC=PRIDE:0000605	NT=Methylthio;AC=UNIMOD:39;TA=C;MT=Fixed	NT=Oxidation;AC=UNIMOD:35;TA=M;MT=Variable	NT=TMTpro;AC=UNIMOD:2016;TA=K;MT=Fixed	NT=TMTpro;AC=UNIMOD:2016;PP=Any N-term;MT=Fixed	RET knockout clone C1
A5	Homo sapiens	cell culture	not available	2	neuroblastoma	cell line	not available	not available	SK-N-AS	CVCL_1700	SK-N-AS	RET knockout clone C1	Lumos_200817_44-TMT130N	proteomic profiling by mass spectrometry	1	Lumos_200817_44.raw	v1.1.0	NT=ms-proteomics;VV=v1.1.0	NT=human;VV=v1.1.0	NT=cell-lines;VV=v1.1.0	manual curation	NT=Data-dependent acquisition;AC=PRIDE:0000627	NT=Orbitrap Fusion Lumos;AC=MS:1002732	NT=Trypsin;AC=MS:1001251	TMT130N	3	NT=higher energy beam-type collision-induced dissociation;AC=MS:1000422	5 ppm	0.6 Da	NT=dithiothreitol (DTT);AC=PRIDE:0000608	NT=methyl methanethiosulfonate (MMTS);AC=PRIDE:0000605	NT=Methylthio;AC=UNIMOD:39;TA=C;MT=Fixed	NT=Oxidation;AC=UNIMOD:35;TA=M;MT=Variable	NT=TMTpro;AC=UNIMOD:2016;TA=K;MT=Fixed	NT=TMTpro;AC=UNIMOD:2016;PP=Any N-term;MT=Fixed	RET knockout clone C1
A5	Homo sapiens	cell culture	not available	2	neuroblastoma	cell line	not available	not available	SK-N-AS	CVCL_1700	SK-N-AS	RET knockout clone C1	Lumos_200817_45-TMT130N	proteomic profiling by mass spectrometry	1	Lumos_200817_45.raw	v1.1.0	NT=ms-proteomics;VV=v1.1.0	NT=human;VV=v1.1.0	NT=cell-lines;VV=v1.1.0	manual curation	NT=Data-dependent acquisition;AC=PRIDE:0000627	NT=Orbitrap Fusion Lumos;AC=MS:1002732	NT=Trypsin;AC=MS:1001251	TMT130N	4	NT=higher energy beam-type collision-induced dissociation;AC=MS:1000422	5 ppm	0.6 Da	NT=dithiothreitol (DTT);AC=PRIDE:0000608	NT=methyl methanethiosulfonate (MMTS);AC=PRIDE:0000605	NT=Methylthio;AC=UNIMOD:39;TA=C;MT=Fixed	NT=Oxidation;AC=UNIMOD:35;TA=M;MT=Variable	NT=TMTpro;AC=UNIMOD:2016;TA=K;MT=Fixed	NT=TMTpro;AC=UNIMOD:2016;PP=Any N-term;MT=Fixed	RET knockout clone C1
A5	Homo sapiens	cell culture	not available	2	neuroblastoma	cell line	not available	not available	SK-N-AS	CVCL_1700	SK-N-AS	RET knockout clone C1	Lumos_200817_46-TMT130N	proteomic profiling by mass spectrometry	1	Lumos_200817_46.raw	v1.1.0	NT=ms-proteomics;VV=v1.1.0	NT=human;VV=v1.1.0	NT=cell-lines;VV=v1.1.0	manual curation	NT=Data-dependent acquisition;AC=PRIDE:0000627	NT=Orbitrap Fusion Lumos;AC=MS:1002732	NT=Trypsin;AC=MS:1001251	TMT130N	5	NT=higher energy beam-type collision-induced dissociation;AC=MS:1000422	5 ppm	0.6 Da	NT=dithiothreitol (DTT);AC=PRIDE:0000608	NT=methyl methanethiosulfonate (MMTS);AC=PRIDE:0000605	NT=Methylthio;AC=UNIMOD:39;TA=C;MT=Fixed	NT=Oxidation;AC=UNIMOD:35;TA=M;MT=Variable	NT=TMTpro;AC=UNIMOD:2016;TA=K;MT=Fixed	NT=TMTpro;AC=UNIMOD:2016;PP=Any N-term;MT=Fixed	RET knockout clone C1
A5	Homo sapiens	cell culture	not available	2	neuroblastoma	cell line	not available	not available	SK-N-AS	CVCL_1700	SK-N-AS	RET knockout clone C1	Lumos_200817_47-TMT130N	proteomic profiling by mass spectrometry	1	Lumos_200817_47.raw	v1.1.0	NT=ms-proteomics;VV=v1.1.0	NT=human;VV=v1.1.0	NT=cell-lines;VV=v1.1.0	manual curation	NT=Data-dependent acquisition;AC=PRIDE:0000627	NT=Orbitrap Fusion Lumos;AC=MS:1002732	NT=Trypsin;AC=MS:1001251	TMT130N	6	NT=higher energy beam-type collision-induced dissociation;AC=MS:1000422	5 ppm	0.6 Da	NT=dithiothreitol (DTT);AC=PRIDE:0000608	NT=methyl methanethiosulfonate (MMTS);AC=PRIDE:0000605	NT=Methylthio;AC=UNIMOD:39;TA=C;MT=Fixed	NT=Oxidation;AC=UNIMOD:35;TA=M;MT=Variable	NT=TMTpro;AC=UNIMOD:2016;TA=K;MT=Fixed	NT=TMTpro;AC=UNIMOD:2016;PP=Any N-term;MT=Fixed	RET knockout clone C1
A5	Homo sapiens	cell culture	not available	2	neuroblastoma	cell line	not available	not available	SK-N-AS	CVCL_1700	SK-N-AS	RET knockout clone C1	Lumos_200817_48-TMT130N	proteomic profiling by mass spectrometry	1	Lumos_200817_48.raw	v1.1.0	NT=ms-proteomics;VV=v1.1.0	NT=human;VV=v1.1.0	NT=cell-lines;VV=v1.1.0	manual curation	NT=Data-dependent acquisition;AC=PRIDE:0000627	NT=Orbitrap Fusion Lumos;AC=MS:1002732	NT=Trypsin;AC=MS:1001251	TMT130N	7	NT=higher energy beam-type collision-induced dissociation;AC=MS:1000422	5 ppm	0.6 Da	NT=dithiothreitol (DTT);AC=PRIDE:0000608	NT=methyl methanethiosulfonate (MMTS);AC=PRIDE:0000605	NT=Methylthio;AC=UNIMOD:39;TA=C;MT=Fixed	NT=Oxidation;AC=UNIMOD:35;TA=M;MT=Variable	NT=TMTpro;AC=UNIMOD:2016;TA=K;MT=Fixed	NT=TMTpro;AC=UNIMOD:2016;PP=Any N-term;MT=Fixed	RET knockout clone C1
A5	Homo sapiens	cell culture	not available	2	neuroblastoma	cell line	not available	not available	SK-N-AS	CVCL_1700	SK-N-AS	RET knockout clone C1	Lumos_200817_49-TMT130N	proteomic profiling by mass spectrometry	1	Lumos_200817_49.raw	v1.1.0	NT=ms-proteomics;VV=v1.1.0	NT=human;VV=v1.1.0	NT=cell-lines;VV=v1.1.0	manual curation	NT=Data-dependent acquisition;AC=PRIDE:0000627	NT=Orbitrap Fusion Lumos;AC=MS:1002732	NT=Trypsin;AC=MS:1001251	TMT130N	8	NT=higher energy beam-type collision-induced dissociation;AC=MS:1000422	5 ppm	0.6 Da	NT=dithiothreitol (DTT);AC=PRIDE:0000608	NT=methyl methanethiosulfonate (MMTS);AC=PRIDE:0000605	NT=Methylthio;AC=UNIMOD:39;TA=C;MT=Fixed	NT=Oxidation;AC=UNIMOD:35;TA=M;MT=Variable	NT=TMTpro;AC=UNIMOD:2016;TA=K;MT=Fixed	NT=TMTpro;AC=UNIMOD:2016;PP=Any N-term;MT=Fixed	RET knockout clone C1
A5	Homo sapiens	cell culture	not available	2	neuroblastoma	cell line	not available	not available	SK-N-AS	CVCL_1700	SK-N-AS	RET knockout clone C1	Lumos_200817_50-TMT130N	proteomic profiling by mass spectrometry	1	Lumos_200817_50.raw	v1.1.0	NT=ms-proteomics;VV=v1.1.0	NT=human;VV=v1.1.0	NT=cell-lines;VV=v1.1.0	manual curation	NT=Data-dependent acquisition;AC=PRIDE:0000627	NT=Orbitrap Fusion Lumos;AC=MS:1002732	NT=Trypsin;AC=MS:1001251	TMT130N	9	NT=higher energy beam-type collision-induced dissociation;AC=MS:1000422	5 ppm	0.6 Da	NT=dithiothreitol (DTT);AC=PRIDE:0000608	NT=methyl methanethiosulfonate (MMTS);AC=PRIDE:0000605	NT=Methylthio;AC=UNIMOD:39;TA=C;MT=Fixed	NT=Oxidation;AC=UNIMOD:35;TA=M;MT=Variable	NT=TMTpro;AC=UNIMOD:2016;TA=K;MT=Fixed	NT=TMTpro;AC=UNIMOD:2016;PP=Any N-term;MT=Fixed	RET knockout clone C1
A5	Homo sapiens	cell culture	not available	2	neuroblastoma	cell line	not available	not available	SK-N-AS	CVCL_1700	SK-N-AS	RET knockout clone C1	Lumos_200817_51-TMT130N	proteomic profiling by mass spectrometry	1	Lumos_200817_51.raw	v1.1.0	NT=ms-proteomics;VV=v1.1.0	NT=human;VV=v1.1.0	NT=cell-lines;VV=v1.1.0	manual curation	NT=Data-dependent acquisition;AC=PRIDE:0000627	NT=Orbitrap Fusion Lumos;AC=MS:1002732	NT=Trypsin;AC=MS:1001251	TMT130N	10	NT=higher energy beam-type collision-induced dissociation;AC=MS:1000422	5 ppm	0.6 Da	NT=dithiothreitol (DTT);AC=PRIDE:0000608	NT=methyl methanethiosulfonate (MMTS);AC=PRIDE:0000605	NT=Methylthio;AC=UNIMOD:39;TA=C;MT=Fixed	NT=Oxidation;AC=UNIMOD:35;TA=M;MT=Variable	NT=TMTpro;AC=UNIMOD:2016;TA=K;MT=Fixed	NT=TMTpro;AC=UNIMOD:2016;PP=Any N-term;MT=Fixed	RET knockout clone C1
A5	Homo sapiens	cell culture	not available	2	neuroblastoma	cell line	not available	not available	SK-N-AS	CVCL_1700	SK-N-AS	RET knockout clone C1	Lumos_200817_52-TMT130N	proteomic profiling by mass spectrometry	1	Lumos_200817_52.raw	v1.1.0	NT=ms-proteomics;VV=v1.1.0	NT=human;VV=v1.1.0	NT=cell-lines;VV=v1.1.0	manual curation	NT=Data-dependent acquisition;AC=PRIDE:0000627	NT=Orbitrap Fusion Lumos;AC=MS:1002732	NT=Trypsin;AC=MS:1001251	TMT130N	11	NT=higher energy beam-type collision-induced dissociation;AC=MS:1000422	5 ppm	0.6 Da	NT=dithiothreitol (DTT);AC=PRIDE:0000608	NT=methyl methanethiosulfonate (MMTS);AC=PRIDE:0000605	NT=Methylthio;AC=UNIMOD:39;TA=C;MT=Fixed	NT=Oxidation;AC=UNIMOD:35;TA=M;MT=Variable	NT=TMTpro;AC=UNIMOD:2016;TA=K;MT=Fixed	NT=TMTpro;AC=UNIMOD:2016;PP=Any N-term;MT=Fixed	RET knockout clone C1
A5	Homo sapiens	cell culture	not available	2	neuroblastoma	cell line	not available	not available	SK-N-AS	CVCL_1700	SK-N-AS	RET knockout clone C1	Lumos_200817_53-TMT130N	proteomic profiling by mass spectrometry	1	Lumos_200817_53.raw	v1.1.0	NT=ms-proteomics;VV=v1.1.0	NT=human;VV=v1.1.0	NT=cell-lines;VV=v1.1.0	manual curation	NT=Data-dependent acquisition;AC=PRIDE:0000627	NT=Orbitrap Fusion Lumos;AC=MS:1002732	NT=Trypsin;AC=MS:1001251	TMT130N	12	NT=higher energy beam-type collision-induced dissociation;AC=MS:1000422	5 ppm	0.6 Da	NT=dithiothreitol (DTT);AC=PRIDE:0000608	NT=methyl methanethiosulfonate (MMTS);AC=PRIDE:0000605	NT=Methylthio;AC=UNIMOD:39;TA=C;MT=Fixed	NT=Oxidation;AC=UNIMOD:35;TA=M;MT=Variable	NT=TMTpro;AC=UNIMOD:2016;TA=K;MT=Fixed	NT=TMTpro;AC=UNIMOD:2016;PP=Any N-term;MT=Fixed	RET knockout clone C1
A5	Homo sapiens	cell culture	not available	2	neuroblastoma	cell line	not available	not available	SK-N-AS	CVCL_1700	SK-N-AS	RET knockout clone C1	Lumos_200817_54-TMT130N	proteomic profiling by mass spectrometry	1	Lumos_200817_54.raw	v1.1.0	NT=ms-proteomics;VV=v1.1.0	NT=human;VV=v1.1.0	NT=cell-lines;VV=v1.1.0	manual curation	NT=Data-dependent acquisition;AC=PRIDE:0000627	NT=Orbitrap Fusion Lumos;AC=MS:1002732	NT=Trypsin;AC=MS:1001251	TMT130N	13	NT=higher energy beam-type collision-induced dissociation;AC=MS:1000422	5 ppm	0.6 Da	NT=dithiothreitol (DTT);AC=PRIDE:0000608	NT=methyl methanethiosulfonate (MMTS);AC=PRIDE:0000605	NT=Methylthio;AC=UNIMOD:39;TA=C;MT=Fixed	NT=Oxidation;AC=UNIMOD:35;TA=M;MT=Variable	NT=TMTpro;AC=UNIMOD:2016;TA=K;MT=Fixed	NT=TMTpro;AC=UNIMOD:2016;PP=Any N-term;MT=Fixed	RET knockout clone C1
A5	Homo sapiens	cell culture	not available	2	neuroblastoma	cell line	not available	not available	SK-N-AS	CVCL_1700	SK-N-AS	RET knockout clone C1	Lumos_200817_55-TMT130N	proteomic profiling by mass spectrometry	1	Lumos_200817_55.raw	v1.1.0	NT=ms-proteomics;VV=v1.1.0	NT=human;VV=v1.1.0	NT=cell-lines;VV=v1.1.0	manual curation	NT=Data-dependent acquisition;AC=PRIDE:0000627	NT=Orbitrap Fusion Lumos;AC=MS:1002732	NT=Trypsin;AC=MS:1001251	TMT130N	14	NT=higher energy beam-type collision-induced dissociation;AC=MS:1000422	5 ppm	0.6 Da	NT=dithiothreitol (DTT);AC=PRIDE:0000608	NT=methyl methanethiosulfonate (MMTS);AC=PRIDE:0000605	NT=Methylthio;AC=UNIMOD:39;TA=C;MT=Fixed	NT=Oxidation;AC=UNIMOD:35;TA=M;MT=Variable	NT=TMTpro;AC=UNIMOD:2016;TA=K;MT=Fixed	NT=TMTpro;AC=UNIMOD:2016;PP=Any N-term;MT=Fixed	RET knockout clone C1
A5	Homo sapiens	cell culture	not available	2	neuroblastoma	cell line	not available	not available	SK-N-AS	CVCL_1700	SK-N-AS	RET knockout clone C1	Lumos_200817_56-TMT130N	proteomic profiling by mass spectrometry	1	Lumos_200817_56.raw	v1.1.0	NT=ms-proteomics;VV=v1.1.0	NT=human;VV=v1.1.0	NT=cell-lines;VV=v1.1.0	manual curation	NT=Data-dependent acquisition;AC=PRIDE:0000627	NT=Orbitrap Fusion Lumos;AC=MS:1002732	NT=Trypsin;AC=MS:1001251	TMT130N	15	NT=higher energy beam-type collision-induced dissociation;AC=MS:1000422	5 ppm	0.6 Da	NT=dithiothreitol (DTT);AC=PRIDE:0000608	NT=methyl methanethiosulfonate (MMTS);AC=PRIDE:0000605	NT=Methylthio;AC=UNIMOD:39;TA=C;MT=Fixed	NT=Oxidation;AC=UNIMOD:35;TA=M;MT=Variable	NT=TMTpro;AC=UNIMOD:2016;TA=K;MT=Fixed	NT=TMTpro;AC=UNIMOD:2016;PP=Any N-term;MT=Fixed	RET knockout clone C1
A5	Homo sapiens	cell culture	not available	2	neuroblastoma	cell line	not available	not available	SK-N-AS	CVCL_1700	SK-N-AS	RET knockout clone C1	Lumos_200817_57-TMT130N	proteomic profiling by mass spectrometry	1	Lumos_200817_57.raw	v1.1.0	NT=ms-proteomics;VV=v1.1.0	NT=human;VV=v1.1.0	NT=cell-lines;VV=v1.1.0	manual curation	NT=Data-dependent acquisition;AC=PRIDE:0000627	NT=Orbitrap Fusion Lumos;AC=MS:1002732	NT=Trypsin;AC=MS:1001251	TMT130N	16	NT=higher energy beam-type collision-induced dissociation;AC=MS:1000422	5 ppm	0.6 Da	NT=dithiothreitol (DTT);AC=PRIDE:0000608	NT=methyl methanethiosulfonate (MMTS);AC=PRIDE:0000605	NT=Methylthio;AC=UNIMOD:39;TA=C;MT=Fixed	NT=Oxidation;AC=UNIMOD:35;TA=M;MT=Variable	NT=TMTpro;AC=UNIMOD:2016;TA=K;MT=Fixed	NT=TMTpro;AC=UNIMOD:2016;PP=Any N-term;MT=Fixed	RET knockout clone C1
A5	Homo sapiens	cell culture	not available	2	neuroblastoma	cell line	not available	not available	SK-N-AS	CVCL_1700	SK-N-AS	RET knockout clone C1	Lumos_200817_58-TMT130N	proteomic profiling by mass spectrometry	1	Lumos_200817_58.raw	v1.1.0	NT=ms-proteomics;VV=v1.1.0	NT=human;VV=v1.1.0	NT=cell-lines;VV=v1.1.0	manual curation	NT=Data-dependent acquisition;AC=PRIDE:0000627	NT=Orbitrap Fusion Lumos;AC=MS:1002732	NT=Trypsin;AC=MS:1001251	TMT130N	17	NT=higher energy beam-type collision-induced dissociation;AC=MS:1000422	5 ppm	0.6 Da	NT=dithiothreitol (DTT);AC=PRIDE:0000608	NT=methyl methanethiosulfonate (MMTS);AC=PRIDE:0000605	NT=Methylthio;AC=UNIMOD:39;TA=C;MT=Fixed	NT=Oxidation;AC=UNIMOD:35;TA=M;MT=Variable	NT=TMTpro;AC=UNIMOD:2016;TA=K;MT=Fixed	NT=TMTpro;AC=UNIMOD:2016;PP=Any N-term;MT=Fixed	RET knockout clone C1
A5	Homo sapiens	cell culture	not available	2	neuroblastoma	cell line	not available	not available	SK-N-AS	CVCL_1700	SK-N-AS	RET knockout clone C1	Lumos_200817_59-TMT130N	proteomic profiling by mass spectrometry	1	Lumos_200817_59.raw	v1.1.0	NT=ms-proteomics;VV=v1.1.0	NT=human;VV=v1.1.0	NT=cell-lines;VV=v1.1.0	manual curation	NT=Data-dependent acquisition;AC=PRIDE:0000627	NT=Orbitrap Fusion Lumos;AC=MS:1002732	NT=Trypsin;AC=MS:1001251	TMT130N	18	NT=higher energy beam-type collision-induced dissociation;AC=MS:1000422	5 ppm	0.6 Da	NT=dithiothreitol (DTT);AC=PRIDE:0000608	NT=methyl methanethiosulfonate (MMTS);AC=PRIDE:0000605	NT=Methylthio;AC=UNIMOD:39;TA=C;MT=Fixed	NT=Oxidation;AC=UNIMOD:35;TA=M;MT=Variable	NT=TMTpro;AC=UNIMOD:2016;TA=K;MT=Fixed	NT=TMTpro;AC=UNIMOD:2016;PP=Any N-term;MT=Fixed	RET knockout clone C1
A5	Homo sapiens	cell culture	not available	2	neuroblastoma	cell line	not available	not available	SK-N-AS	CVCL_1700	SK-N-AS	RET knockout clone C1	Lumos_200817_60-TMT130N	proteomic profiling by mass spectrometry	1	Lumos_200817_60.raw	v1.1.0	NT=ms-proteomics;VV=v1.1.0	NT=human;VV=v1.1.0	NT=cell-lines;VV=v1.1.0	manual curation	NT=Data-dependent acquisition;AC=PRIDE:0000627	NT=Orbitrap Fusion Lumos;AC=MS:1002732	NT=Trypsin;AC=MS:1001251	TMT130N	19	NT=higher energy beam-type collision-induced dissociation;AC=MS:1000422	5 ppm	0.6 Da	NT=dithiothreitol (DTT);AC=PRIDE:0000608	NT=methyl methanethiosulfonate (MMTS);AC=PRIDE:0000605	NT=Methylthio;AC=UNIMOD:39;TA=C;MT=Fixed	NT=Oxidation;AC=UNIMOD:35;TA=M;MT=Variable	NT=TMTpro;AC=UNIMOD:2016;TA=K;MT=Fixed	NT=TMTpro;AC=UNIMOD:2016;PP=Any N-term;MT=Fixed	RET knockout clone C1
A5	Homo sapiens	cell culture	not available	2	neuroblastoma	cell line	not available	not available	SK-N-AS	CVCL_1700	SK-N-AS	RET knockout clone C1	Lumos_200817_61-TMT130N	proteomic profiling by mass spectrometry	1	Lumos_200817_61.raw	v1.1.0	NT=ms-proteomics;VV=v1.1.0	NT=human;VV=v1.1.0	NT=cell-lines;VV=v1.1.0	manual curation	NT=Data-dependent acquisition;AC=PRIDE:0000627	NT=Orbitrap Fusion Lumos;AC=MS:1002732	NT=Trypsin;AC=MS:1001251	TMT130N	20	NT=higher energy beam-type collision-induced dissociation;AC=MS:1000422	5 ppm	0.6 Da	NT=dithiothreitol (DTT);AC=PRIDE:0000608	NT=methyl methanethiosulfonate (MMTS);AC=PRIDE:0000605	NT=Methylthio;AC=UNIMOD:39;TA=C;MT=Fixed	NT=Oxidation;AC=UNIMOD:35;TA=M;MT=Variable	NT=TMTpro;AC=UNIMOD:2016;TA=K;MT=Fixed	NT=TMTpro;AC=UNIMOD:2016;PP=Any N-term;MT=Fixed	RET knockout clone C1
A5	Homo sapiens	cell culture	not available	2	neuroblastoma	cell line	not available	not available	SK-N-AS	CVCL_1700	SK-N-AS	RET knockout clone C1	Lumos_200817_62-TMT130N	proteomic profiling by mass spectrometry	1	Lumos_200817_62.raw	v1.1.0	NT=ms-proteomics;VV=v1.1.0	NT=human;VV=v1.1.0	NT=cell-lines;VV=v1.1.0	manual curation	NT=Data-dependent acquisition;AC=PRIDE:0000627	NT=Orbitrap Fusion Lumos;AC=MS:1002732	NT=Trypsin;AC=MS:1001251	TMT130N	21	NT=higher energy beam-type collision-induced dissociation;AC=MS:1000422	5 ppm	0.6 Da	NT=dithiothreitol (DTT);AC=PRIDE:0000608	NT=methyl methanethiosulfonate (MMTS);AC=PRIDE:0000605	NT=Methylthio;AC=UNIMOD:39;TA=C;MT=Fixed	NT=Oxidation;AC=UNIMOD:35;TA=M;MT=Variable	NT=TMTpro;AC=UNIMOD:2016;TA=K;MT=Fixed	NT=TMTpro;AC=UNIMOD:2016;PP=Any N-term;MT=Fixed	RET knockout clone C1
A5	Homo sapiens	cell culture	not available	2	neuroblastoma	cell line	not available	not available	SK-N-AS	CVCL_1700	SK-N-AS	RET knockout clone C1	Lumos_200817_63-TMT130N	proteomic profiling by mass spectrometry	1	Lumos_200817_63.raw	v1.1.0	NT=ms-proteomics;VV=v1.1.0	NT=human;VV=v1.1.0	NT=cell-lines;VV=v1.1.0	manual curation	NT=Data-dependent acquisition;AC=PRIDE:0000627	NT=Orbitrap Fusion Lumos;AC=MS:1002732	NT=Trypsin;AC=MS:1001251	TMT130N	22	NT=higher energy beam-type collision-induced dissociation;AC=MS:1000422	5 ppm	0.6 Da	NT=dithiothreitol (DTT);AC=PRIDE:0000608	NT=methyl methanethiosulfonate (MMTS);AC=PRIDE:0000605	NT=Methylthio;AC=UNIMOD:39;TA=C;MT=Fixed	NT=Oxidation;AC=UNIMOD:35;TA=M;MT=Variable	NT=TMTpro;AC=UNIMOD:2016;TA=K;MT=Fixed	NT=TMTpro;AC=UNIMOD:2016;PP=Any N-term;MT=Fixed	RET knockout clone C1
A5	Homo sapiens	cell culture	not available	2	neuroblastoma	cell line	not available	not available	SK-N-AS	CVCL_1700	SK-N-AS	RET knockout clone C1	Lumos_200817_64-TMT130N	proteomic profiling by mass spectrometry	1	Lumos_200817_64.raw	v1.1.0	NT=ms-proteomics;VV=v1.1.0	NT=human;VV=v1.1.0	NT=cell-lines;VV=v1.1.0	manual curation	NT=Data-dependent acquisition;AC=PRIDE:0000627	NT=Orbitrap Fusion Lumos;AC=MS:1002732	NT=Trypsin;AC=MS:1001251	TMT130N	23	NT=higher energy beam-type collision-induced dissociation;AC=MS:1000422	5 ppm	0.6 Da	NT=dithiothreitol (DTT);AC=PRIDE:0000608	NT=methyl methanethiosulfonate (MMTS);AC=PRIDE:0000605	NT=Methylthio;AC=UNIMOD:39;TA=C;MT=Fixed	NT=Oxidation;AC=UNIMOD:35;TA=M;MT=Variable	NT=TMTpro;AC=UNIMOD:2016;TA=K;MT=Fixed	NT=TMTpro;AC=UNIMOD:2016;PP=Any N-term;MT=Fixed	RET knockout clone C1
A5	Homo sapiens	cell culture	not available	2	neuroblastoma	cell line	not available	not available	SK-N-AS	CVCL_1700	SK-N-AS	RET knockout clone C1	Lumos_200817_65-TMT130N	proteomic profiling by mass spectrometry	1	Lumos_200817_65.raw	v1.1.0	NT=ms-proteomics;VV=v1.1.0	NT=human;VV=v1.1.0	NT=cell-lines;VV=v1.1.0	manual curation	NT=Data-dependent acquisition;AC=PRIDE:0000627	NT=Orbitrap Fusion Lumos;AC=MS:1002732	NT=Trypsin;AC=MS:1001251	TMT130N	24	NT=higher energy beam-type collision-induced dissociation;AC=MS:1000422	5 ppm	0.6 Da	NT=dithiothreitol (DTT);AC=PRIDE:0000608	NT=methyl methanethiosulfonate (MMTS);AC=PRIDE:0000605	NT=Methylthio;AC=UNIMOD:39;TA=C;MT=Fixed	NT=Oxidation;AC=UNIMOD:35;TA=M;MT=Variable	NT=TMTpro;AC=UNIMOD:2016;TA=K;MT=Fixed	NT=TMTpro;AC=UNIMOD:2016;PP=Any N-term;MT=Fixed	RET knockout clone C1
A5	Homo sapiens	cell culture	not available	2	neuroblastoma	cell line	not available	not available	SK-N-AS	CVCL_1700	SK-N-AS	RET knockout clone C1	Lumos_200817_66-TMT130N	proteomic profiling by mass spectrometry	1	Lumos_200817_66.raw	v1.1.0	NT=ms-proteomics;VV=v1.1.0	NT=human;VV=v1.1.0	NT=cell-lines;VV=v1.1.0	manual curation	NT=Data-dependent acquisition;AC=PRIDE:0000627	NT=Orbitrap Fusion Lumos;AC=MS:1002732	NT=Trypsin;AC=MS:1001251	TMT130N	25	NT=higher energy beam-type collision-induced dissociation;AC=MS:1000422	5 ppm	0.6 Da	NT=dithiothreitol (DTT);AC=PRIDE:0000608	NT=methyl methanethiosulfonate (MMTS);AC=PRIDE:0000605	NT=Methylthio;AC=UNIMOD:39;TA=C;MT=Fixed	NT=Oxidation;AC=UNIMOD:35;TA=M;MT=Variable	NT=TMTpro;AC=UNIMOD:2016;TA=K;MT=Fixed	NT=TMTpro;AC=UNIMOD:2016;PP=Any N-term;MT=Fixed	RET knockout clone C1
A5	Homo sapiens	cell culture	not available	2	neuroblastoma	cell line	not available	not available	SK-N-AS	CVCL_1700	SK-N-AS	RET knockout clone C1	Lumos_200817_67-TMT130N	proteomic profiling by mass spectrometry	1	Lumos_200817_67.raw	v1.1.0	NT=ms-proteomics;VV=v1.1.0	NT=human;VV=v1.1.0	NT=cell-lines;VV=v1.1.0	manual curation	NT=Data-dependent acquisition;AC=PRIDE:0000627	NT=Orbitrap Fusion Lumos;AC=MS:1002732	NT=Trypsin;AC=MS:1001251	TMT130N	26	NT=higher energy beam-type collision-induced dissociation;AC=MS:1000422	5 ppm	0.6 Da	NT=dithiothreitol (DTT);AC=PRIDE:0000608	NT=methyl methanethiosulfonate (MMTS);AC=PRIDE:0000605	NT=Methylthio;AC=UNIMOD:39;TA=C;MT=Fixed	NT=Oxidation;AC=UNIMOD:35;TA=M;MT=Variable	NT=TMTpro;AC=UNIMOD:2016;TA=K;MT=Fixed	NT=TMTpro;AC=UNIMOD:2016;PP=Any N-term;MT=Fixed	RET knockout clone C1
A5	Homo sapiens	cell culture	not available	2	neuroblastoma	cell line	not available	not available	SK-N-AS	CVCL_1700	SK-N-AS	RET knockout clone C1	Lumos_200817_68-TMT130N	proteomic profiling by mass spectrometry	1	Lumos_200817_68.raw	v1.1.0	NT=ms-proteomics;VV=v1.1.0	NT=human;VV=v1.1.0	NT=cell-lines;VV=v1.1.0	manual curation	NT=Data-dependent acquisition;AC=PRIDE:0000627	NT=Orbitrap Fusion Lumos;AC=MS:1002732	NT=Trypsin;AC=MS:1001251	TMT130N	27	NT=higher energy beam-type collision-induced dissociation;AC=MS:1000422	5 ppm	0.6 Da	NT=dithiothreitol (DTT);AC=PRIDE:0000608	NT=methyl methanethiosulfonate (MMTS);AC=PRIDE:0000605	NT=Methylthio;AC=UNIMOD:39;TA=C;MT=Fixed	NT=Oxidation;AC=UNIMOD:35;TA=M;MT=Variable	NT=TMTpro;AC=UNIMOD:2016;TA=K;MT=Fixed	NT=TMTpro;AC=UNIMOD:2016;PP=Any N-term;MT=Fixed	RET knockout clone C1
A5	Homo sapiens	cell culture	not available	2	neuroblastoma	cell line	not available	not available	SK-N-AS	CVCL_1700	SK-N-AS	RET knockout clone C1	Lumos_200817_69-TMT130N	proteomic profiling by mass spectrometry	1	Lumos_200817_69.raw	v1.1.0	NT=ms-proteomics;VV=v1.1.0	NT=human;VV=v1.1.0	NT=cell-lines;VV=v1.1.0	manual curation	NT=Data-dependent acquisition;AC=PRIDE:0000627	NT=Orbitrap Fusion Lumos;AC=MS:1002732	NT=Trypsin;AC=MS:1001251	TMT130N	28	NT=higher energy beam-type collision-induced dissociation;AC=MS:1000422	5 ppm	0.6 Da	NT=dithiothreitol (DTT);AC=PRIDE:0000608	NT=methyl methanethiosulfonate (MMTS);AC=PRIDE:0000605	NT=Methylthio;AC=UNIMOD:39;TA=C;MT=Fixed	NT=Oxidation;AC=UNIMOD:35;TA=M;MT=Variable	NT=TMTpro;AC=UNIMOD:2016;TA=K;MT=Fixed	NT=TMTpro;AC=UNIMOD:2016;PP=Any N-term;MT=Fixed	RET knockout clone C1
A5	Homo sapiens	cell culture	not available	2	neuroblastoma	cell line	not available	not available	SK-N-AS	CVCL_1700	SK-N-AS	RET knockout clone C1	Lumos_200817_70-TMT130N	proteomic profiling by mass spectrometry	1	Lumos_200817_70.raw	v1.1.0	NT=ms-proteomics;VV=v1.1.0	NT=human;VV=v1.1.0	NT=cell-lines;VV=v1.1.0	manual curation	NT=Data-dependent acquisition;AC=PRIDE:0000627	NT=Orbitrap Fusion Lumos;AC=MS:1002732	NT=Trypsin;AC=MS:1001251	TMT130N	29	NT=higher energy beam-type collision-induced dissociation;AC=MS:1000422	5 ppm	0.6 Da	NT=dithiothreitol (DTT);AC=PRIDE:0000608	NT=methyl methanethiosulfonate (MMTS);AC=PRIDE:0000605	NT=Methylthio;AC=UNIMOD:39;TA=C;MT=Fixed	NT=Oxidation;AC=UNIMOD:35;TA=M;MT=Variable	NT=TMTpro;AC=UNIMOD:2016;TA=K;MT=Fixed	NT=TMTpro;AC=UNIMOD:2016;PP=Any N-term;MT=Fixed	RET knockout clone C1
A5	Homo sapiens	cell culture	not available	2	neuroblastoma	cell line	not available	not available	SK-N-AS	CVCL_1700	SK-N-AS	RET knockout clone C1	Lumos_200817_71-TMT130N	proteomic profiling by mass spectrometry	1	Lumos_200817_71.raw	v1.1.0	NT=ms-proteomics;VV=v1.1.0	NT=human;VV=v1.1.0	NT=cell-lines;VV=v1.1.0	manual curation	NT=Data-dependent acquisition;AC=PRIDE:0000627	NT=Orbitrap Fusion Lumos;AC=MS:1002732	NT=Trypsin;AC=MS:1001251	TMT130N	30	NT=higher energy beam-type collision-induced dissociation;AC=MS:1000422	5 ppm	0.6 Da	NT=dithiothreitol (DTT);AC=PRIDE:0000608	NT=methyl methanethiosulfonate (MMTS);AC=PRIDE:0000605	NT=Methylthio;AC=UNIMOD:39;TA=C;MT=Fixed	NT=Oxidation;AC=UNIMOD:35;TA=M;MT=Variable	NT=TMTpro;AC=UNIMOD:2016;TA=K;MT=Fixed	NT=TMTpro;AC=UNIMOD:2016;PP=Any N-term;MT=Fixed	RET knockout clone C1
A13	Homo sapiens	cell culture	not available	1	neuroblastoma	cell line	not available	not available	SK-N-AS	CVCL_1700	SK-N-AS	RET knockout clone C17	Lumos_200817_42-TMT130C	proteomic profiling by mass spectrometry	1	Lumos_200817_42.raw	v1.1.0	NT=ms-proteomics;VV=v1.1.0	NT=human;VV=v1.1.0	NT=cell-lines;VV=v1.1.0	manual curation	NT=Data-dependent acquisition;AC=PRIDE:0000627	NT=Orbitrap Fusion Lumos;AC=MS:1002732	NT=Trypsin;AC=MS:1001251	TMT130C	1	NT=higher energy beam-type collision-induced dissociation;AC=MS:1000422	5 ppm	0.6 Da	NT=dithiothreitol (DTT);AC=PRIDE:0000608	NT=methyl methanethiosulfonate (MMTS);AC=PRIDE:0000605	NT=Methylthio;AC=UNIMOD:39;TA=C;MT=Fixed	NT=Oxidation;AC=UNIMOD:35;TA=M;MT=Variable	NT=TMTpro;AC=UNIMOD:2016;TA=K;MT=Fixed	NT=TMTpro;AC=UNIMOD:2016;PP=Any N-term;MT=Fixed	RET knockout clone C17
A13	Homo sapiens	cell culture	not available	1	neuroblastoma	cell line	not available	not available	SK-N-AS	CVCL_1700	SK-N-AS	RET knockout clone C17	Lumos_200817_43-TMT130C	proteomic profiling by mass spectrometry	1	Lumos_200817_43.raw	v1.1.0	NT=ms-proteomics;VV=v1.1.0	NT=human;VV=v1.1.0	NT=cell-lines;VV=v1.1.0	manual curation	NT=Data-dependent acquisition;AC=PRIDE:0000627	NT=Orbitrap Fusion Lumos;AC=MS:1002732	NT=Trypsin;AC=MS:1001251	TMT130C	2	NT=higher energy beam-type collision-induced dissociation;AC=MS:1000422	5 ppm	0.6 Da	NT=dithiothreitol (DTT);AC=PRIDE:0000608	NT=methyl methanethiosulfonate (MMTS);AC=PRIDE:0000605	NT=Methylthio;AC=UNIMOD:39;TA=C;MT=Fixed	NT=Oxidation;AC=UNIMOD:35;TA=M;MT=Variable	NT=TMTpro;AC=UNIMOD:2016;TA=K;MT=Fixed	NT=TMTpro;AC=UNIMOD:2016;PP=Any N-term;MT=Fixed	RET knockout clone C17
A13	Homo sapiens	cell culture	not available	1	neuroblastoma	cell line	not available	not available	SK-N-AS	CVCL_1700	SK-N-AS	RET knockout clone C17	Lumos_200817_44-TMT130C	proteomic profiling by mass spectrometry	1	Lumos_200817_44.raw	v1.1.0	NT=ms-proteomics;VV=v1.1.0	NT=human;VV=v1.1.0	NT=cell-lines;VV=v1.1.0	manual curation	NT=Data-dependent acquisition;AC=PRIDE:0000627	NT=Orbitrap Fusion Lumos;AC=MS:1002732	NT=Trypsin;AC=MS:1001251	TMT130C	3	NT=higher energy beam-type collision-induced dissociation;AC=MS:1000422	5 ppm	0.6 Da	NT=dithiothreitol (DTT);AC=PRIDE:0000608	NT=methyl methanethiosulfonate (MMTS);AC=PRIDE:0000605	NT=Methylthio;AC=UNIMOD:39;TA=C;MT=Fixed	NT=Oxidation;AC=UNIMOD:35;TA=M;MT=Variable	NT=TMTpro;AC=UNIMOD:2016;TA=K;MT=Fixed	NT=TMTpro;AC=UNIMOD:2016;PP=Any N-term;MT=Fixed	RET knockout clone C17
A13	Homo sapiens	cell culture	not available	1	neuroblastoma	cell line	not available	not available	SK-N-AS	CVCL_1700	SK-N-AS	RET knockout clone C17	Lumos_200817_45-TMT130C	proteomic profiling by mass spectrometry	1	Lumos_200817_45.raw	v1.1.0	NT=ms-proteomics;VV=v1.1.0	NT=human;VV=v1.1.0	NT=cell-lines;VV=v1.1.0	manual curation	NT=Data-dependent acquisition;AC=PRIDE:0000627	NT=Orbitrap Fusion Lumos;AC=MS:1002732	NT=Trypsin;AC=MS:1001251	TMT130C	4	NT=higher energy beam-type collision-induced dissociation;AC=MS:1000422	5 ppm	0.6 Da	NT=dithiothreitol (DTT);AC=PRIDE:0000608	NT=methyl methanethiosulfonate (MMTS);AC=PRIDE:0000605	NT=Methylthio;AC=UNIMOD:39;TA=C;MT=Fixed	NT=Oxidation;AC=UNIMOD:35;TA=M;MT=Variable	NT=TMTpro;AC=UNIMOD:2016;TA=K;MT=Fixed	NT=TMTpro;AC=UNIMOD:2016;PP=Any N-term;MT=Fixed	RET knockout clone C17
A13	Homo sapiens	cell culture	not available	1	neuroblastoma	cell line	not available	not available	SK-N-AS	CVCL_1700	SK-N-AS	RET knockout clone C17	Lumos_200817_46-TMT130C	proteomic profiling by mass spectrometry	1	Lumos_200817_46.raw	v1.1.0	NT=ms-proteomics;VV=v1.1.0	NT=human;VV=v1.1.0	NT=cell-lines;VV=v1.1.0	manual curation	NT=Data-dependent acquisition;AC=PRIDE:0000627	NT=Orbitrap Fusion Lumos;AC=MS:1002732	NT=Trypsin;AC=MS:1001251	TMT130C	5	NT=higher energy beam-type collision-induced dissociation;AC=MS:1000422	5 ppm	0.6 Da	NT=dithiothreitol (DTT);AC=PRIDE:0000608	NT=methyl methanethiosulfonate (MMTS);AC=PRIDE:0000605	NT=Methylthio;AC=UNIMOD:39;TA=C;MT=Fixed	NT=Oxidation;AC=UNIMOD:35;TA=M;MT=Variable	NT=TMTpro;AC=UNIMOD:2016;TA=K;MT=Fixed	NT=TMTpro;AC=UNIMOD:2016;PP=Any N-term;MT=Fixed	RET knockout clone C17
A13	Homo sapiens	cell culture	not available	1	neuroblastoma	cell line	not available	not available	SK-N-AS	CVCL_1700	SK-N-AS	RET knockout clone C17	Lumos_200817_47-TMT130C	proteomic profiling by mass spectrometry	1	Lumos_200817_47.raw	v1.1.0	NT=ms-proteomics;VV=v1.1.0	NT=human;VV=v1.1.0	NT=cell-lines;VV=v1.1.0	manual curation	NT=Data-dependent acquisition;AC=PRIDE:0000627	NT=Orbitrap Fusion Lumos;AC=MS:1002732	NT=Trypsin;AC=MS:1001251	TMT130C	6	NT=higher energy beam-type collision-induced dissociation;AC=MS:1000422	5 ppm	0.6 Da	NT=dithiothreitol (DTT);AC=PRIDE:0000608	NT=methyl methanethiosulfonate (MMTS);AC=PRIDE:0000605	NT=Methylthio;AC=UNIMOD:39;TA=C;MT=Fixed	NT=Oxidation;AC=UNIMOD:35;TA=M;MT=Variable	NT=TMTpro;AC=UNIMOD:2016;TA=K;MT=Fixed	NT=TMTpro;AC=UNIMOD:2016;PP=Any N-term;MT=Fixed	RET knockout clone C17
A13	Homo sapiens	cell culture	not available	1	neuroblastoma	cell line	not available	not available	SK-N-AS	CVCL_1700	SK-N-AS	RET knockout clone C17	Lumos_200817_48-TMT130C	proteomic profiling by mass spectrometry	1	Lumos_200817_48.raw	v1.1.0	NT=ms-proteomics;VV=v1.1.0	NT=human;VV=v1.1.0	NT=cell-lines;VV=v1.1.0	manual curation	NT=Data-dependent acquisition;AC=PRIDE:0000627	NT=Orbitrap Fusion Lumos;AC=MS:1002732	NT=Trypsin;AC=MS:1001251	TMT130C	7	NT=higher energy beam-type collision-induced dissociation;AC=MS:1000422	5 ppm	0.6 Da	NT=dithiothreitol (DTT);AC=PRIDE:0000608	NT=methyl methanethiosulfonate (MMTS);AC=PRIDE:0000605	NT=Methylthio;AC=UNIMOD:39;TA=C;MT=Fixed	NT=Oxidation;AC=UNIMOD:35;TA=M;MT=Variable	NT=TMTpro;AC=UNIMOD:2016;TA=K;MT=Fixed	NT=TMTpro;AC=UNIMOD:2016;PP=Any N-term;MT=Fixed	RET knockout clone C17
A13	Homo sapiens	cell culture	not available	1	neuroblastoma	cell line	not available	not available	SK-N-AS	CVCL_1700	SK-N-AS	RET knockout clone C17	Lumos_200817_49-TMT130C	proteomic profiling by mass spectrometry	1	Lumos_200817_49.raw	v1.1.0	NT=ms-proteomics;VV=v1.1.0	NT=human;VV=v1.1.0	NT=cell-lines;VV=v1.1.0	manual curation	NT=Data-dependent acquisition;AC=PRIDE:0000627	NT=Orbitrap Fusion Lumos;AC=MS:1002732	NT=Trypsin;AC=MS:1001251	TMT130C	8	NT=higher energy beam-type collision-induced dissociation;AC=MS:1000422	5 ppm	0.6 Da	NT=dithiothreitol (DTT);AC=PRIDE:0000608	NT=methyl methanethiosulfonate (MMTS);AC=PRIDE:0000605	NT=Methylthio;AC=UNIMOD:39;TA=C;MT=Fixed	NT=Oxidation;AC=UNIMOD:35;TA=M;MT=Variable	NT=TMTpro;AC=UNIMOD:2016;TA=K;MT=Fixed	NT=TMTpro;AC=UNIMOD:2016;PP=Any N-term;MT=Fixed	RET knockout clone C17
A13	Homo sapiens	cell culture	not available	1	neuroblastoma	cell line	not available	not available	SK-N-AS	CVCL_1700	SK-N-AS	RET knockout clone C17	Lumos_200817_50-TMT130C	proteomic profiling by mass spectrometry	1	Lumos_200817_50.raw	v1.1.0	NT=ms-proteomics;VV=v1.1.0	NT=human;VV=v1.1.0	NT=cell-lines;VV=v1.1.0	manual curation	NT=Data-dependent acquisition;AC=PRIDE:0000627	NT=Orbitrap Fusion Lumos;AC=MS:1002732	NT=Trypsin;AC=MS:1001251	TMT130C	9	NT=higher energy beam-type collision-induced dissociation;AC=MS:1000422	5 ppm	0.6 Da	NT=dithiothreitol (DTT);AC=PRIDE:0000608	NT=methyl methanethiosulfonate (MMTS);AC=PRIDE:0000605	NT=Methylthio;AC=UNIMOD:39;TA=C;MT=Fixed	NT=Oxidation;AC=UNIMOD:35;TA=M;MT=Variable	NT=TMTpro;AC=UNIMOD:2016;TA=K;MT=Fixed	NT=TMTpro;AC=UNIMOD:2016;PP=Any N-term;MT=Fixed	RET knockout clone C17
A13	Homo sapiens	cell culture	not available	1	neuroblastoma	cell line	not available	not available	SK-N-AS	CVCL_1700	SK-N-AS	RET knockout clone C17	Lumos_200817_51-TMT130C	proteomic profiling by mass spectrometry	1	Lumos_200817_51.raw	v1.1.0	NT=ms-proteomics;VV=v1.1.0	NT=human;VV=v1.1.0	NT=cell-lines;VV=v1.1.0	manual curation	NT=Data-dependent acquisition;AC=PRIDE:0000627	NT=Orbitrap Fusion Lumos;AC=MS:1002732	NT=Trypsin;AC=MS:1001251	TMT130C	10	NT=higher energy beam-type collision-induced dissociation;AC=MS:1000422	5 ppm	0.6 Da	NT=dithiothreitol (DTT);AC=PRIDE:0000608	NT=methyl methanethiosulfonate (MMTS);AC=PRIDE:0000605	NT=Methylthio;AC=UNIMOD:39;TA=C;MT=Fixed	NT=Oxidation;AC=UNIMOD:35;TA=M;MT=Variable	NT=TMTpro;AC=UNIMOD:2016;TA=K;MT=Fixed	NT=TMTpro;AC=UNIMOD:2016;PP=Any N-term;MT=Fixed	RET knockout clone C17
A13	Homo sapiens	cell culture	not available	1	neuroblastoma	cell line	not available	not available	SK-N-AS	CVCL_1700	SK-N-AS	RET knockout clone C17	Lumos_200817_52-TMT130C	proteomic profiling by mass spectrometry	1	Lumos_200817_52.raw	v1.1.0	NT=ms-proteomics;VV=v1.1.0	NT=human;VV=v1.1.0	NT=cell-lines;VV=v1.1.0	manual curation	NT=Data-dependent acquisition;AC=PRIDE:0000627	NT=Orbitrap Fusion Lumos;AC=MS:1002732	NT=Trypsin;AC=MS:1001251	TMT130C	11	NT=higher energy beam-type collision-induced dissociation;AC=MS:1000422	5 ppm	0.6 Da	NT=dithiothreitol (DTT);AC=PRIDE:0000608	NT=methyl methanethiosulfonate (MMTS);AC=PRIDE:0000605	NT=Methylthio;AC=UNIMOD:39;TA=C;MT=Fixed	NT=Oxidation;AC=UNIMOD:35;TA=M;MT=Variable	NT=TMTpro;AC=UNIMOD:2016;TA=K;MT=Fixed	NT=TMTpro;AC=UNIMOD:2016;PP=Any N-term;MT=Fixed	RET knockout clone C17
A13	Homo sapiens	cell culture	not available	1	neuroblastoma	cell line	not available	not available	SK-N-AS	CVCL_1700	SK-N-AS	RET knockout clone C17	Lumos_200817_53-TMT130C	proteomic profiling by mass spectrometry	1	Lumos_200817_53.raw	v1.1.0	NT=ms-proteomics;VV=v1.1.0	NT=human;VV=v1.1.0	NT=cell-lines;VV=v1.1.0	manual curation	NT=Data-dependent acquisition;AC=PRIDE:0000627	NT=Orbitrap Fusion Lumos;AC=MS:1002732	NT=Trypsin;AC=MS:1001251	TMT130C	12	NT=higher energy beam-type collision-induced dissociation;AC=MS:1000422	5 ppm	0.6 Da	NT=dithiothreitol (DTT);AC=PRIDE:0000608	NT=methyl methanethiosulfonate (MMTS);AC=PRIDE:0000605	NT=Methylthio;AC=UNIMOD:39;TA=C;MT=Fixed	NT=Oxidation;AC=UNIMOD:35;TA=M;MT=Variable	NT=TMTpro;AC=UNIMOD:2016;TA=K;MT=Fixed	NT=TMTpro;AC=UNIMOD:2016;PP=Any N-term;MT=Fixed	RET knockout clone C17
A13	Homo sapiens	cell culture	not available	1	neuroblastoma	cell line	not available	not available	SK-N-AS	CVCL_1700	SK-N-AS	RET knockout clone C17	Lumos_200817_54-TMT130C	proteomic profiling by mass spectrometry	1	Lumos_200817_54.raw	v1.1.0	NT=ms-proteomics;VV=v1.1.0	NT=human;VV=v1.1.0	NT=cell-lines;VV=v1.1.0	manual curation	NT=Data-dependent acquisition;AC=PRIDE:0000627	NT=Orbitrap Fusion Lumos;AC=MS:1002732	NT=Trypsin;AC=MS:1001251	TMT130C	13	NT=higher energy beam-type collision-induced dissociation;AC=MS:1000422	5 ppm	0.6 Da	NT=dithiothreitol (DTT);AC=PRIDE:0000608	NT=methyl methanethiosulfonate (MMTS);AC=PRIDE:0000605	NT=Methylthio;AC=UNIMOD:39;TA=C;MT=Fixed	NT=Oxidation;AC=UNIMOD:35;TA=M;MT=Variable	NT=TMTpro;AC=UNIMOD:2016;TA=K;MT=Fixed	NT=TMTpro;AC=UNIMOD:2016;PP=Any N-term;MT=Fixed	RET knockout clone C17
A13	Homo sapiens	cell culture	not available	1	neuroblastoma	cell line	not available	not available	SK-N-AS	CVCL_1700	SK-N-AS	RET knockout clone C17	Lumos_200817_55-TMT130C	proteomic profiling by mass spectrometry	1	Lumos_200817_55.raw	v1.1.0	NT=ms-proteomics;VV=v1.1.0	NT=human;VV=v1.1.0	NT=cell-lines;VV=v1.1.0	manual curation	NT=Data-dependent acquisition;AC=PRIDE:0000627	NT=Orbitrap Fusion Lumos;AC=MS:1002732	NT=Trypsin;AC=MS:1001251	TMT130C	14	NT=higher energy beam-type collision-induced dissociation;AC=MS:1000422	5 ppm	0.6 Da	NT=dithiothreitol (DTT);AC=PRIDE:0000608	NT=methyl methanethiosulfonate (MMTS);AC=PRIDE:0000605	NT=Methylthio;AC=UNIMOD:39;TA=C;MT=Fixed	NT=Oxidation;AC=UNIMOD:35;TA=M;MT=Variable	NT=TMTpro;AC=UNIMOD:2016;TA=K;MT=Fixed	NT=TMTpro;AC=UNIMOD:2016;PP=Any N-term;MT=Fixed	RET knockout clone C17
A13	Homo sapiens	cell culture	not available	1	neuroblastoma	cell line	not available	not available	SK-N-AS	CVCL_1700	SK-N-AS	RET knockout clone C17	Lumos_200817_56-TMT130C	proteomic profiling by mass spectrometry	1	Lumos_200817_56.raw	v1.1.0	NT=ms-proteomics;VV=v1.1.0	NT=human;VV=v1.1.0	NT=cell-lines;VV=v1.1.0	manual curation	NT=Data-dependent acquisition;AC=PRIDE:0000627	NT=Orbitrap Fusion Lumos;AC=MS:1002732	NT=Trypsin;AC=MS:1001251	TMT130C	15	NT=higher energy beam-type collision-induced dissociation;AC=MS:1000422	5 ppm	0.6 Da	NT=dithiothreitol (DTT);AC=PRIDE:0000608	NT=methyl methanethiosulfonate (MMTS);AC=PRIDE:0000605	NT=Methylthio;AC=UNIMOD:39;TA=C;MT=Fixed	NT=Oxidation;AC=UNIMOD:35;TA=M;MT=Variable	NT=TMTpro;AC=UNIMOD:2016;TA=K;MT=Fixed	NT=TMTpro;AC=UNIMOD:2016;PP=Any N-term;MT=Fixed	RET knockout clone C17
A13	Homo sapiens	cell culture	not available	1	neuroblastoma	cell line	not available	not available	SK-N-AS	CVCL_1700	SK-N-AS	RET knockout clone C17	Lumos_200817_57-TMT130C	proteomic profiling by mass spectrometry	1	Lumos_200817_57.raw	v1.1.0	NT=ms-proteomics;VV=v1.1.0	NT=human;VV=v1.1.0	NT=cell-lines;VV=v1.1.0	manual curation	NT=Data-dependent acquisition;AC=PRIDE:0000627	NT=Orbitrap Fusion Lumos;AC=MS:1002732	NT=Trypsin;AC=MS:1001251	TMT130C	16	NT=higher energy beam-type collision-induced dissociation;AC=MS:1000422	5 ppm	0.6 Da	NT=dithiothreitol (DTT);AC=PRIDE:0000608	NT=methyl methanethiosulfonate (MMTS);AC=PRIDE:0000605	NT=Methylthio;AC=UNIMOD:39;TA=C;MT=Fixed	NT=Oxidation;AC=UNIMOD:35;TA=M;MT=Variable	NT=TMTpro;AC=UNIMOD:2016;TA=K;MT=Fixed	NT=TMTpro;AC=UNIMOD:2016;PP=Any N-term;MT=Fixed	RET knockout clone C17
A13	Homo sapiens	cell culture	not available	1	neuroblastoma	cell line	not available	not available	SK-N-AS	CVCL_1700	SK-N-AS	RET knockout clone C17	Lumos_200817_58-TMT130C	proteomic profiling by mass spectrometry	1	Lumos_200817_58.raw	v1.1.0	NT=ms-proteomics;VV=v1.1.0	NT=human;VV=v1.1.0	NT=cell-lines;VV=v1.1.0	manual curation	NT=Data-dependent acquisition;AC=PRIDE:0000627	NT=Orbitrap Fusion Lumos;AC=MS:1002732	NT=Trypsin;AC=MS:1001251	TMT130C	17	NT=higher energy beam-type collision-induced dissociation;AC=MS:1000422	5 ppm	0.6 Da	NT=dithiothreitol (DTT);AC=PRIDE:0000608	NT=methyl methanethiosulfonate (MMTS);AC=PRIDE:0000605	NT=Methylthio;AC=UNIMOD:39;TA=C;MT=Fixed	NT=Oxidation;AC=UNIMOD:35;TA=M;MT=Variable	NT=TMTpro;AC=UNIMOD:2016;TA=K;MT=Fixed	NT=TMTpro;AC=UNIMOD:2016;PP=Any N-term;MT=Fixed	RET knockout clone C17
A13	Homo sapiens	cell culture	not available	1	neuroblastoma	cell line	not available	not available	SK-N-AS	CVCL_1700	SK-N-AS	RET knockout clone C17	Lumos_200817_59-TMT130C	proteomic profiling by mass spectrometry	1	Lumos_200817_59.raw	v1.1.0	NT=ms-proteomics;VV=v1.1.0	NT=human;VV=v1.1.0	NT=cell-lines;VV=v1.1.0	manual curation	NT=Data-dependent acquisition;AC=PRIDE:0000627	NT=Orbitrap Fusion Lumos;AC=MS:1002732	NT=Trypsin;AC=MS:1001251	TMT130C	18	NT=higher energy beam-type collision-induced dissociation;AC=MS:1000422	5 ppm	0.6 Da	NT=dithiothreitol (DTT);AC=PRIDE:0000608	NT=methyl methanethiosulfonate (MMTS);AC=PRIDE:0000605	NT=Methylthio;AC=UNIMOD:39;TA=C;MT=Fixed	NT=Oxidation;AC=UNIMOD:35;TA=M;MT=Variable	NT=TMTpro;AC=UNIMOD:2016;TA=K;MT=Fixed	NT=TMTpro;AC=UNIMOD:2016;PP=Any N-term;MT=Fixed	RET knockout clone C17
A13	Homo sapiens	cell culture	not available	1	neuroblastoma	cell line	not available	not available	SK-N-AS	CVCL_1700	SK-N-AS	RET knockout clone C17	Lumos_200817_60-TMT130C	proteomic profiling by mass spectrometry	1	Lumos_200817_60.raw	v1.1.0	NT=ms-proteomics;VV=v1.1.0	NT=human;VV=v1.1.0	NT=cell-lines;VV=v1.1.0	manual curation	NT=Data-dependent acquisition;AC=PRIDE:0000627	NT=Orbitrap Fusion Lumos;AC=MS:1002732	NT=Trypsin;AC=MS:1001251	TMT130C	19	NT=higher energy beam-type collision-induced dissociation;AC=MS:1000422	5 ppm	0.6 Da	NT=dithiothreitol (DTT);AC=PRIDE:0000608	NT=methyl methanethiosulfonate (MMTS);AC=PRIDE:0000605	NT=Methylthio;AC=UNIMOD:39;TA=C;MT=Fixed	NT=Oxidation;AC=UNIMOD:35;TA=M;MT=Variable	NT=TMTpro;AC=UNIMOD:2016;TA=K;MT=Fixed	NT=TMTpro;AC=UNIMOD:2016;PP=Any N-term;MT=Fixed	RET knockout clone C17
A13	Homo sapiens	cell culture	not available	1	neuroblastoma	cell line	not available	not available	SK-N-AS	CVCL_1700	SK-N-AS	RET knockout clone C17	Lumos_200817_61-TMT130C	proteomic profiling by mass spectrometry	1	Lumos_200817_61.raw	v1.1.0	NT=ms-proteomics;VV=v1.1.0	NT=human;VV=v1.1.0	NT=cell-lines;VV=v1.1.0	manual curation	NT=Data-dependent acquisition;AC=PRIDE:0000627	NT=Orbitrap Fusion Lumos;AC=MS:1002732	NT=Trypsin;AC=MS:1001251	TMT130C	20	NT=higher energy beam-type collision-induced dissociation;AC=MS:1000422	5 ppm	0.6 Da	NT=dithiothreitol (DTT);AC=PRIDE:0000608	NT=methyl methanethiosulfonate (MMTS);AC=PRIDE:0000605	NT=Methylthio;AC=UNIMOD:39;TA=C;MT=Fixed	NT=Oxidation;AC=UNIMOD:35;TA=M;MT=Variable	NT=TMTpro;AC=UNIMOD:2016;TA=K;MT=Fixed	NT=TMTpro;AC=UNIMOD:2016;PP=Any N-term;MT=Fixed	RET knockout clone C17
A13	Homo sapiens	cell culture	not available	1	neuroblastoma	cell line	not available	not available	SK-N-AS	CVCL_1700	SK-N-AS	RET knockout clone C17	Lumos_200817_62-TMT130C	proteomic profiling by mass spectrometry	1	Lumos_200817_62.raw	v1.1.0	NT=ms-proteomics;VV=v1.1.0	NT=human;VV=v1.1.0	NT=cell-lines;VV=v1.1.0	manual curation	NT=Data-dependent acquisition;AC=PRIDE:0000627	NT=Orbitrap Fusion Lumos;AC=MS:1002732	NT=Trypsin;AC=MS:1001251	TMT130C	21	NT=higher energy beam-type collision-induced dissociation;AC=MS:1000422	5 ppm	0.6 Da	NT=dithiothreitol (DTT);AC=PRIDE:0000608	NT=methyl methanethiosulfonate (MMTS);AC=PRIDE:0000605	NT=Methylthio;AC=UNIMOD:39;TA=C;MT=Fixed	NT=Oxidation;AC=UNIMOD:35;TA=M;MT=Variable	NT=TMTpro;AC=UNIMOD:2016;TA=K;MT=Fixed	NT=TMTpro;AC=UNIMOD:2016;PP=Any N-term;MT=Fixed	RET knockout clone C17
A13	Homo sapiens	cell culture	not available	1	neuroblastoma	cell line	not available	not available	SK-N-AS	CVCL_1700	SK-N-AS	RET knockout clone C17	Lumos_200817_63-TMT130C	proteomic profiling by mass spectrometry	1	Lumos_200817_63.raw	v1.1.0	NT=ms-proteomics;VV=v1.1.0	NT=human;VV=v1.1.0	NT=cell-lines;VV=v1.1.0	manual curation	NT=Data-dependent acquisition;AC=PRIDE:0000627	NT=Orbitrap Fusion Lumos;AC=MS:1002732	NT=Trypsin;AC=MS:1001251	TMT130C	22	NT=higher energy beam-type collision-induced dissociation;AC=MS:1000422	5 ppm	0.6 Da	NT=dithiothreitol (DTT);AC=PRIDE:0000608	NT=methyl methanethiosulfonate (MMTS);AC=PRIDE:0000605	NT=Methylthio;AC=UNIMOD:39;TA=C;MT=Fixed	NT=Oxidation;AC=UNIMOD:35;TA=M;MT=Variable	NT=TMTpro;AC=UNIMOD:2016;TA=K;MT=Fixed	NT=TMTpro;AC=UNIMOD:2016;PP=Any N-term;MT=Fixed	RET knockout clone C17
A13	Homo sapiens	cell culture	not available	1	neuroblastoma	cell line	not available	not available	SK-N-AS	CVCL_1700	SK-N-AS	RET knockout clone C17	Lumos_200817_64-TMT130C	proteomic profiling by mass spectrometry	1	Lumos_200817_64.raw	v1.1.0	NT=ms-proteomics;VV=v1.1.0	NT=human;VV=v1.1.0	NT=cell-lines;VV=v1.1.0	manual curation	NT=Data-dependent acquisition;AC=PRIDE:0000627	NT=Orbitrap Fusion Lumos;AC=MS:1002732	NT=Trypsin;AC=MS:1001251	TMT130C	23	NT=higher energy beam-type collision-induced dissociation;AC=MS:1000422	5 ppm	0.6 Da	NT=dithiothreitol (DTT);AC=PRIDE:0000608	NT=methyl methanethiosulfonate (MMTS);AC=PRIDE:0000605	NT=Methylthio;AC=UNIMOD:39;TA=C;MT=Fixed	NT=Oxidation;AC=UNIMOD:35;TA=M;MT=Variable	NT=TMTpro;AC=UNIMOD:2016;TA=K;MT=Fixed	NT=TMTpro;AC=UNIMOD:2016;PP=Any N-term;MT=Fixed	RET knockout clone C17
A13	Homo sapiens	cell culture	not available	1	neuroblastoma	cell line	not available	not available	SK-N-AS	CVCL_1700	SK-N-AS	RET knockout clone C17	Lumos_200817_65-TMT130C	proteomic profiling by mass spectrometry	1	Lumos_200817_65.raw	v1.1.0	NT=ms-proteomics;VV=v1.1.0	NT=human;VV=v1.1.0	NT=cell-lines;VV=v1.1.0	manual curation	NT=Data-dependent acquisition;AC=PRIDE:0000627	NT=Orbitrap Fusion Lumos;AC=MS:1002732	NT=Trypsin;AC=MS:1001251	TMT130C	24	NT=higher energy beam-type collision-induced dissociation;AC=MS:1000422	5 ppm	0.6 Da	NT=dithiothreitol (DTT);AC=PRIDE:0000608	NT=methyl methanethiosulfonate (MMTS);AC=PRIDE:0000605	NT=Methylthio;AC=UNIMOD:39;TA=C;MT=Fixed	NT=Oxidation;AC=UNIMOD:35;TA=M;MT=Variable	NT=TMTpro;AC=UNIMOD:2016;TA=K;MT=Fixed	NT=TMTpro;AC=UNIMOD:2016;PP=Any N-term;MT=Fixed	RET knockout clone C17
A13	Homo sapiens	cell culture	not available	1	neuroblastoma	cell line	not available	not available	SK-N-AS	CVCL_1700	SK-N-AS	RET knockout clone C17	Lumos_200817_66-TMT130C	proteomic profiling by mass spectrometry	1	Lumos_200817_66.raw	v1.1.0	NT=ms-proteomics;VV=v1.1.0	NT=human;VV=v1.1.0	NT=cell-lines;VV=v1.1.0	manual curation	NT=Data-dependent acquisition;AC=PRIDE:0000627	NT=Orbitrap Fusion Lumos;AC=MS:1002732	NT=Trypsin;AC=MS:1001251	TMT130C	25	NT=higher energy beam-type collision-induced dissociation;AC=MS:1000422	5 ppm	0.6 Da	NT=dithiothreitol (DTT);AC=PRIDE:0000608	NT=methyl methanethiosulfonate (MMTS);AC=PRIDE:0000605	NT=Methylthio;AC=UNIMOD:39;TA=C;MT=Fixed	NT=Oxidation;AC=UNIMOD:35;TA=M;MT=Variable	NT=TMTpro;AC=UNIMOD:2016;TA=K;MT=Fixed	NT=TMTpro;AC=UNIMOD:2016;PP=Any N-term;MT=Fixed	RET knockout clone C17
A13	Homo sapiens	cell culture	not available	1	neuroblastoma	cell line	not available	not available	SK-N-AS	CVCL_1700	SK-N-AS	RET knockout clone C17	Lumos_200817_67-TMT130C	proteomic profiling by mass spectrometry	1	Lumos_200817_67.raw	v1.1.0	NT=ms-proteomics;VV=v1.1.0	NT=human;VV=v1.1.0	NT=cell-lines;VV=v1.1.0	manual curation	NT=Data-dependent acquisition;AC=PRIDE:0000627	NT=Orbitrap Fusion Lumos;AC=MS:1002732	NT=Trypsin;AC=MS:1001251	TMT130C	26	NT=higher energy beam-type collision-induced dissociation;AC=MS:1000422	5 ppm	0.6 Da	NT=dithiothreitol (DTT);AC=PRIDE:0000608	NT=methyl methanethiosulfonate (MMTS);AC=PRIDE:0000605	NT=Methylthio;AC=UNIMOD:39;TA=C;MT=Fixed	NT=Oxidation;AC=UNIMOD:35;TA=M;MT=Variable	NT=TMTpro;AC=UNIMOD:2016;TA=K;MT=Fixed	NT=TMTpro;AC=UNIMOD:2016;PP=Any N-term;MT=Fixed	RET knockout clone C17
A13	Homo sapiens	cell culture	not available	1	neuroblastoma	cell line	not available	not available	SK-N-AS	CVCL_1700	SK-N-AS	RET knockout clone C17	Lumos_200817_68-TMT130C	proteomic profiling by mass spectrometry	1	Lumos_200817_68.raw	v1.1.0	NT=ms-proteomics;VV=v1.1.0	NT=human;VV=v1.1.0	NT=cell-lines;VV=v1.1.0	manual curation	NT=Data-dependent acquisition;AC=PRIDE:0000627	NT=Orbitrap Fusion Lumos;AC=MS:1002732	NT=Trypsin;AC=MS:1001251	TMT130C	27	NT=higher energy beam-type collision-induced dissociation;AC=MS:1000422	5 ppm	0.6 Da	NT=dithiothreitol (DTT);AC=PRIDE:0000608	NT=methyl methanethiosulfonate (MMTS);AC=PRIDE:0000605	NT=Methylthio;AC=UNIMOD:39;TA=C;MT=Fixed	NT=Oxidation;AC=UNIMOD:35;TA=M;MT=Variable	NT=TMTpro;AC=UNIMOD:2016;TA=K;MT=Fixed	NT=TMTpro;AC=UNIMOD:2016;PP=Any N-term;MT=Fixed	RET knockout clone C17
A13	Homo sapiens	cell culture	not available	1	neuroblastoma	cell line	not available	not available	SK-N-AS	CVCL_1700	SK-N-AS	RET knockout clone C17	Lumos_200817_69-TMT130C	proteomic profiling by mass spectrometry	1	Lumos_200817_69.raw	v1.1.0	NT=ms-proteomics;VV=v1.1.0	NT=human;VV=v1.1.0	NT=cell-lines;VV=v1.1.0	manual curation	NT=Data-dependent acquisition;AC=PRIDE:0000627	NT=Orbitrap Fusion Lumos;AC=MS:1002732	NT=Trypsin;AC=MS:1001251	TMT130C	28	NT=higher energy beam-type collision-induced dissociation;AC=MS:1000422	5 ppm	0.6 Da	NT=dithiothreitol (DTT);AC=PRIDE:0000608	NT=methyl methanethiosulfonate (MMTS);AC=PRIDE:0000605	NT=Methylthio;AC=UNIMOD:39;TA=C;MT=Fixed	NT=Oxidation;AC=UNIMOD:35;TA=M;MT=Variable	NT=TMTpro;AC=UNIMOD:2016;TA=K;MT=Fixed	NT=TMTpro;AC=UNIMOD:2016;PP=Any N-term;MT=Fixed	RET knockout clone C17
A13	Homo sapiens	cell culture	not available	1	neuroblastoma	cell line	not available	not available	SK-N-AS	CVCL_1700	SK-N-AS	RET knockout clone C17	Lumos_200817_70-TMT130C	proteomic profiling by mass spectrometry	1	Lumos_200817_70.raw	v1.1.0	NT=ms-proteomics;VV=v1.1.0	NT=human;VV=v1.1.0	NT=cell-lines;VV=v1.1.0	manual curation	NT=Data-dependent acquisition;AC=PRIDE:0000627	NT=Orbitrap Fusion Lumos;AC=MS:1002732	NT=Trypsin;AC=MS:1001251	TMT130C	29	NT=higher energy beam-type collision-induced dissociation;AC=MS:1000422	5 ppm	0.6 Da	NT=dithiothreitol (DTT);AC=PRIDE:0000608	NT=methyl methanethiosulfonate (MMTS);AC=PRIDE:0000605	NT=Methylthio;AC=UNIMOD:39;TA=C;MT=Fixed	NT=Oxidation;AC=UNIMOD:35;TA=M;MT=Variable	NT=TMTpro;AC=UNIMOD:2016;TA=K;MT=Fixed	NT=TMTpro;AC=UNIMOD:2016;PP=Any N-term;MT=Fixed	RET knockout clone C17
A13	Homo sapiens	cell culture	not available	1	neuroblastoma	cell line	not available	not available	SK-N-AS	CVCL_1700	SK-N-AS	RET knockout clone C17	Lumos_200817_71-TMT130C	proteomic profiling by mass spectrometry	1	Lumos_200817_71.raw	v1.1.0	NT=ms-proteomics;VV=v1.1.0	NT=human;VV=v1.1.0	NT=cell-lines;VV=v1.1.0	manual curation	NT=Data-dependent acquisition;AC=PRIDE:0000627	NT=Orbitrap Fusion Lumos;AC=MS:1002732	NT=Trypsin;AC=MS:1001251	TMT130C	30	NT=higher energy beam-type collision-induced dissociation;AC=MS:1000422	5 ppm	0.6 Da	NT=dithiothreitol (DTT);AC=PRIDE:0000608	NT=methyl methanethiosulfonate (MMTS);AC=PRIDE:0000605	NT=Methylthio;AC=UNIMOD:39;TA=C;MT=Fixed	NT=Oxidation;AC=UNIMOD:35;TA=M;MT=Variable	NT=TMTpro;AC=UNIMOD:2016;TA=K;MT=Fixed	NT=TMTpro;AC=UNIMOD:2016;PP=Any N-term;MT=Fixed	RET knockout clone C17
A6	Homo sapiens	cell culture	not available	3	neuroblastoma	cell line	not available	not available	SK-N-AS	CVCL_1700	SK-N-AS	RET knockout clone C1	Lumos_200817_42-TMT131N	proteomic profiling by mass spectrometry	1	Lumos_200817_42.raw	v1.1.0	NT=ms-proteomics;VV=v1.1.0	NT=human;VV=v1.1.0	NT=cell-lines;VV=v1.1.0	manual curation	NT=Data-dependent acquisition;AC=PRIDE:0000627	NT=Orbitrap Fusion Lumos;AC=MS:1002732	NT=Trypsin;AC=MS:1001251	TMT131N	1	NT=higher energy beam-type collision-induced dissociation;AC=MS:1000422	5 ppm	0.6 Da	NT=dithiothreitol (DTT);AC=PRIDE:0000608	NT=methyl methanethiosulfonate (MMTS);AC=PRIDE:0000605	NT=Methylthio;AC=UNIMOD:39;TA=C;MT=Fixed	NT=Oxidation;AC=UNIMOD:35;TA=M;MT=Variable	NT=TMTpro;AC=UNIMOD:2016;TA=K;MT=Fixed	NT=TMTpro;AC=UNIMOD:2016;PP=Any N-term;MT=Fixed	RET knockout clone C1
A6	Homo sapiens	cell culture	not available	3	neuroblastoma	cell line	not available	not available	SK-N-AS	CVCL_1700	SK-N-AS	RET knockout clone C1	Lumos_200817_43-TMT131N	proteomic profiling by mass spectrometry	1	Lumos_200817_43.raw	v1.1.0	NT=ms-proteomics;VV=v1.1.0	NT=human;VV=v1.1.0	NT=cell-lines;VV=v1.1.0	manual curation	NT=Data-dependent acquisition;AC=PRIDE:0000627	NT=Orbitrap Fusion Lumos;AC=MS:1002732	NT=Trypsin;AC=MS:1001251	TMT131N	2	NT=higher energy beam-type collision-induced dissociation;AC=MS:1000422	5 ppm	0.6 Da	NT=dithiothreitol (DTT);AC=PRIDE:0000608	NT=methyl methanethiosulfonate (MMTS);AC=PRIDE:0000605	NT=Methylthio;AC=UNIMOD:39;TA=C;MT=Fixed	NT=Oxidation;AC=UNIMOD:35;TA=M;MT=Variable	NT=TMTpro;AC=UNIMOD:2016;TA=K;MT=Fixed	NT=TMTpro;AC=UNIMOD:2016;PP=Any N-term;MT=Fixed	RET knockout clone C1
A6	Homo sapiens	cell culture	not available	3	neuroblastoma	cell line	not available	not available	SK-N-AS	CVCL_1700	SK-N-AS	RET knockout clone C1	Lumos_200817_44-TMT131N	proteomic profiling by mass spectrometry	1	Lumos_200817_44.raw	v1.1.0	NT=ms-proteomics;VV=v1.1.0	NT=human;VV=v1.1.0	NT=cell-lines;VV=v1.1.0	manual curation	NT=Data-dependent acquisition;AC=PRIDE:0000627	NT=Orbitrap Fusion Lumos;AC=MS:1002732	NT=Trypsin;AC=MS:1001251	TMT131N	3	NT=higher energy beam-type collision-induced dissociation;AC=MS:1000422	5 ppm	0.6 Da	NT=dithiothreitol (DTT);AC=PRIDE:0000608	NT=methyl methanethiosulfonate (MMTS);AC=PRIDE:0000605	NT=Methylthio;AC=UNIMOD:39;TA=C;MT=Fixed	NT=Oxidation;AC=UNIMOD:35;TA=M;MT=Variable	NT=TMTpro;AC=UNIMOD:2016;TA=K;MT=Fixed	NT=TMTpro;AC=UNIMOD:2016;PP=Any N-term;MT=Fixed	RET knockout clone C1
A6	Homo sapiens	cell culture	not available	3	neuroblastoma	cell line	not available	not available	SK-N-AS	CVCL_1700	SK-N-AS	RET knockout clone C1	Lumos_200817_45-TMT131N	proteomic profiling by mass spectrometry	1	Lumos_200817_45.raw	v1.1.0	NT=ms-proteomics;VV=v1.1.0	NT=human;VV=v1.1.0	NT=cell-lines;VV=v1.1.0	manual curation	NT=Data-dependent acquisition;AC=PRIDE:0000627	NT=Orbitrap Fusion Lumos;AC=MS:1002732	NT=Trypsin;AC=MS:1001251	TMT131N	4	NT=higher energy beam-type collision-induced dissociation;AC=MS:1000422	5 ppm	0.6 Da	NT=dithiothreitol (DTT);AC=PRIDE:0000608	NT=methyl methanethiosulfonate (MMTS);AC=PRIDE:0000605	NT=Methylthio;AC=UNIMOD:39;TA=C;MT=Fixed	NT=Oxidation;AC=UNIMOD:35;TA=M;MT=Variable	NT=TMTpro;AC=UNIMOD:2016;TA=K;MT=Fixed	NT=TMTpro;AC=UNIMOD:2016;PP=Any N-term;MT=Fixed	RET knockout clone C1
A6	Homo sapiens	cell culture	not available	3	neuroblastoma	cell line	not available	not available	SK-N-AS	CVCL_1700	SK-N-AS	RET knockout clone C1	Lumos_200817_46-TMT131N	proteomic profiling by mass spectrometry	1	Lumos_200817_46.raw	v1.1.0	NT=ms-proteomics;VV=v1.1.0	NT=human;VV=v1.1.0	NT=cell-lines;VV=v1.1.0	manual curation	NT=Data-dependent acquisition;AC=PRIDE:0000627	NT=Orbitrap Fusion Lumos;AC=MS:1002732	NT=Trypsin;AC=MS:1001251	TMT131N	5	NT=higher energy beam-type collision-induced dissociation;AC=MS:1000422	5 ppm	0.6 Da	NT=dithiothreitol (DTT);AC=PRIDE:0000608	NT=methyl methanethiosulfonate (MMTS);AC=PRIDE:0000605	NT=Methylthio;AC=UNIMOD:39;TA=C;MT=Fixed	NT=Oxidation;AC=UNIMOD:35;TA=M;MT=Variable	NT=TMTpro;AC=UNIMOD:2016;TA=K;MT=Fixed	NT=TMTpro;AC=UNIMOD:2016;PP=Any N-term;MT=Fixed	RET knockout clone C1
A6	Homo sapiens	cell culture	not available	3	neuroblastoma	cell line	not available	not available	SK-N-AS	CVCL_1700	SK-N-AS	RET knockout clone C1	Lumos_200817_47-TMT131N	proteomic profiling by mass spectrometry	1	Lumos_200817_47.raw	v1.1.0	NT=ms-proteomics;VV=v1.1.0	NT=human;VV=v1.1.0	NT=cell-lines;VV=v1.1.0	manual curation	NT=Data-dependent acquisition;AC=PRIDE:0000627	NT=Orbitrap Fusion Lumos;AC=MS:1002732	NT=Trypsin;AC=MS:1001251	TMT131N	6	NT=higher energy beam-type collision-induced dissociation;AC=MS:1000422	5 ppm	0.6 Da	NT=dithiothreitol (DTT);AC=PRIDE:0000608	NT=methyl methanethiosulfonate (MMTS);AC=PRIDE:0000605	NT=Methylthio;AC=UNIMOD:39;TA=C;MT=Fixed	NT=Oxidation;AC=UNIMOD:35;TA=M;MT=Variable	NT=TMTpro;AC=UNIMOD:2016;TA=K;MT=Fixed	NT=TMTpro;AC=UNIMOD:2016;PP=Any N-term;MT=Fixed	RET knockout clone C1
A6	Homo sapiens	cell culture	not available	3	neuroblastoma	cell line	not available	not available	SK-N-AS	CVCL_1700	SK-N-AS	RET knockout clone C1	Lumos_200817_48-TMT131N	proteomic profiling by mass spectrometry	1	Lumos_200817_48.raw	v1.1.0	NT=ms-proteomics;VV=v1.1.0	NT=human;VV=v1.1.0	NT=cell-lines;VV=v1.1.0	manual curation	NT=Data-dependent acquisition;AC=PRIDE:0000627	NT=Orbitrap Fusion Lumos;AC=MS:1002732	NT=Trypsin;AC=MS:1001251	TMT131N	7	NT=higher energy beam-type collision-induced dissociation;AC=MS:1000422	5 ppm	0.6 Da	NT=dithiothreitol (DTT);AC=PRIDE:0000608	NT=methyl methanethiosulfonate (MMTS);AC=PRIDE:0000605	NT=Methylthio;AC=UNIMOD:39;TA=C;MT=Fixed	NT=Oxidation;AC=UNIMOD:35;TA=M;MT=Variable	NT=TMTpro;AC=UNIMOD:2016;TA=K;MT=Fixed	NT=TMTpro;AC=UNIMOD:2016;PP=Any N-term;MT=Fixed	RET knockout clone C1
A6	Homo sapiens	cell culture	not available	3	neuroblastoma	cell line	not available	not available	SK-N-AS	CVCL_1700	SK-N-AS	RET knockout clone C1	Lumos_200817_49-TMT131N	proteomic profiling by mass spectrometry	1	Lumos_200817_49.raw	v1.1.0	NT=ms-proteomics;VV=v1.1.0	NT=human;VV=v1.1.0	NT=cell-lines;VV=v1.1.0	manual curation	NT=Data-dependent acquisition;AC=PRIDE:0000627	NT=Orbitrap Fusion Lumos;AC=MS:1002732	NT=Trypsin;AC=MS:1001251	TMT131N	8	NT=higher energy beam-type collision-induced dissociation;AC=MS:1000422	5 ppm	0.6 Da	NT=dithiothreitol (DTT);AC=PRIDE:0000608	NT=methyl methanethiosulfonate (MMTS);AC=PRIDE:0000605	NT=Methylthio;AC=UNIMOD:39;TA=C;MT=Fixed	NT=Oxidation;AC=UNIMOD:35;TA=M;MT=Variable	NT=TMTpro;AC=UNIMOD:2016;TA=K;MT=Fixed	NT=TMTpro;AC=UNIMOD:2016;PP=Any N-term;MT=Fixed	RET knockout clone C1
A6	Homo sapiens	cell culture	not available	3	neuroblastoma	cell line	not available	not available	SK-N-AS	CVCL_1700	SK-N-AS	RET knockout clone C1	Lumos_200817_50-TMT131N	proteomic profiling by mass spectrometry	1	Lumos_200817_50.raw	v1.1.0	NT=ms-proteomics;VV=v1.1.0	NT=human;VV=v1.1.0	NT=cell-lines;VV=v1.1.0	manual curation	NT=Data-dependent acquisition;AC=PRIDE:0000627	NT=Orbitrap Fusion Lumos;AC=MS:1002732	NT=Trypsin;AC=MS:1001251	TMT131N	9	NT=higher energy beam-type collision-induced dissociation;AC=MS:1000422	5 ppm	0.6 Da	NT=dithiothreitol (DTT);AC=PRIDE:0000608	NT=methyl methanethiosulfonate (MMTS);AC=PRIDE:0000605	NT=Methylthio;AC=UNIMOD:39;TA=C;MT=Fixed	NT=Oxidation;AC=UNIMOD:35;TA=M;MT=Variable	NT=TMTpro;AC=UNIMOD:2016;TA=K;MT=Fixed	NT=TMTpro;AC=UNIMOD:2016;PP=Any N-term;MT=Fixed	RET knockout clone C1
A6	Homo sapiens	cell culture	not available	3	neuroblastoma	cell line	not available	not available	SK-N-AS	CVCL_1700	SK-N-AS	RET knockout clone C1	Lumos_200817_51-TMT131N	proteomic profiling by mass spectrometry	1	Lumos_200817_51.raw	v1.1.0	NT=ms-proteomics;VV=v1.1.0	NT=human;VV=v1.1.0	NT=cell-lines;VV=v1.1.0	manual curation	NT=Data-dependent acquisition;AC=PRIDE:0000627	NT=Orbitrap Fusion Lumos;AC=MS:1002732	NT=Trypsin;AC=MS:1001251	TMT131N	10	NT=higher energy beam-type collision-induced dissociation;AC=MS:1000422	5 ppm	0.6 Da	NT=dithiothreitol (DTT);AC=PRIDE:0000608	NT=methyl methanethiosulfonate (MMTS);AC=PRIDE:0000605	NT=Methylthio;AC=UNIMOD:39;TA=C;MT=Fixed	NT=Oxidation;AC=UNIMOD:35;TA=M;MT=Variable	NT=TMTpro;AC=UNIMOD:2016;TA=K;MT=Fixed	NT=TMTpro;AC=UNIMOD:2016;PP=Any N-term;MT=Fixed	RET knockout clone C1
A6	Homo sapiens	cell culture	not available	3	neuroblastoma	cell line	not available	not available	SK-N-AS	CVCL_1700	SK-N-AS	RET knockout clone C1	Lumos_200817_52-TMT131N	proteomic profiling by mass spectrometry	1	Lumos_200817_52.raw	v1.1.0	NT=ms-proteomics;VV=v1.1.0	NT=human;VV=v1.1.0	NT=cell-lines;VV=v1.1.0	manual curation	NT=Data-dependent acquisition;AC=PRIDE:0000627	NT=Orbitrap Fusion Lumos;AC=MS:1002732	NT=Trypsin;AC=MS:1001251	TMT131N	11	NT=higher energy beam-type collision-induced dissociation;AC=MS:1000422	5 ppm	0.6 Da	NT=dithiothreitol (DTT);AC=PRIDE:0000608	NT=methyl methanethiosulfonate (MMTS);AC=PRIDE:0000605	NT=Methylthio;AC=UNIMOD:39;TA=C;MT=Fixed	NT=Oxidation;AC=UNIMOD:35;TA=M;MT=Variable	NT=TMTpro;AC=UNIMOD:2016;TA=K;MT=Fixed	NT=TMTpro;AC=UNIMOD:2016;PP=Any N-term;MT=Fixed	RET knockout clone C1
A6	Homo sapiens	cell culture	not available	3	neuroblastoma	cell line	not available	not available	SK-N-AS	CVCL_1700	SK-N-AS	RET knockout clone C1	Lumos_200817_53-TMT131N	proteomic profiling by mass spectrometry	1	Lumos_200817_53.raw	v1.1.0	NT=ms-proteomics;VV=v1.1.0	NT=human;VV=v1.1.0	NT=cell-lines;VV=v1.1.0	manual curation	NT=Data-dependent acquisition;AC=PRIDE:0000627	NT=Orbitrap Fusion Lumos;AC=MS:1002732	NT=Trypsin;AC=MS:1001251	TMT131N	12	NT=higher energy beam-type collision-induced dissociation;AC=MS:1000422	5 ppm	0.6 Da	NT=dithiothreitol (DTT);AC=PRIDE:0000608	NT=methyl methanethiosulfonate (MMTS);AC=PRIDE:0000605	NT=Methylthio;AC=UNIMOD:39;TA=C;MT=Fixed	NT=Oxidation;AC=UNIMOD:35;TA=M;MT=Variable	NT=TMTpro;AC=UNIMOD:2016;TA=K;MT=Fixed	NT=TMTpro;AC=UNIMOD:2016;PP=Any N-term;MT=Fixed	RET knockout clone C1
A6	Homo sapiens	cell culture	not available	3	neuroblastoma	cell line	not available	not available	SK-N-AS	CVCL_1700	SK-N-AS	RET knockout clone C1	Lumos_200817_54-TMT131N	proteomic profiling by mass spectrometry	1	Lumos_200817_54.raw	v1.1.0	NT=ms-proteomics;VV=v1.1.0	NT=human;VV=v1.1.0	NT=cell-lines;VV=v1.1.0	manual curation	NT=Data-dependent acquisition;AC=PRIDE:0000627	NT=Orbitrap Fusion Lumos;AC=MS:1002732	NT=Trypsin;AC=MS:1001251	TMT131N	13	NT=higher energy beam-type collision-induced dissociation;AC=MS:1000422	5 ppm	0.6 Da	NT=dithiothreitol (DTT);AC=PRIDE:0000608	NT=methyl methanethiosulfonate (MMTS);AC=PRIDE:0000605	NT=Methylthio;AC=UNIMOD:39;TA=C;MT=Fixed	NT=Oxidation;AC=UNIMOD:35;TA=M;MT=Variable	NT=TMTpro;AC=UNIMOD:2016;TA=K;MT=Fixed	NT=TMTpro;AC=UNIMOD:2016;PP=Any N-term;MT=Fixed	RET knockout clone C1
A6	Homo sapiens	cell culture	not available	3	neuroblastoma	cell line	not available	not available	SK-N-AS	CVCL_1700	SK-N-AS	RET knockout clone C1	Lumos_200817_55-TMT131N	proteomic profiling by mass spectrometry	1	Lumos_200817_55.raw	v1.1.0	NT=ms-proteomics;VV=v1.1.0	NT=human;VV=v1.1.0	NT=cell-lines;VV=v1.1.0	manual curation	NT=Data-dependent acquisition;AC=PRIDE:0000627	NT=Orbitrap Fusion Lumos;AC=MS:1002732	NT=Trypsin;AC=MS:1001251	TMT131N	14	NT=higher energy beam-type collision-induced dissociation;AC=MS:1000422	5 ppm	0.6 Da	NT=dithiothreitol (DTT);AC=PRIDE:0000608	NT=methyl methanethiosulfonate (MMTS);AC=PRIDE:0000605	NT=Methylthio;AC=UNIMOD:39;TA=C;MT=Fixed	NT=Oxidation;AC=UNIMOD:35;TA=M;MT=Variable	NT=TMTpro;AC=UNIMOD:2016;TA=K;MT=Fixed	NT=TMTpro;AC=UNIMOD:2016;PP=Any N-term;MT=Fixed	RET knockout clone C1
A6	Homo sapiens	cell culture	not available	3	neuroblastoma	cell line	not available	not available	SK-N-AS	CVCL_1700	SK-N-AS	RET knockout clone C1	Lumos_200817_56-TMT131N	proteomic profiling by mass spectrometry	1	Lumos_200817_56.raw	v1.1.0	NT=ms-proteomics;VV=v1.1.0	NT=human;VV=v1.1.0	NT=cell-lines;VV=v1.1.0	manual curation	NT=Data-dependent acquisition;AC=PRIDE:0000627	NT=Orbitrap Fusion Lumos;AC=MS:1002732	NT=Trypsin;AC=MS:1001251	TMT131N	15	NT=higher energy beam-type collision-induced dissociation;AC=MS:1000422	5 ppm	0.6 Da	NT=dithiothreitol (DTT);AC=PRIDE:0000608	NT=methyl methanethiosulfonate (MMTS);AC=PRIDE:0000605	NT=Methylthio;AC=UNIMOD:39;TA=C;MT=Fixed	NT=Oxidation;AC=UNIMOD:35;TA=M;MT=Variable	NT=TMTpro;AC=UNIMOD:2016;TA=K;MT=Fixed	NT=TMTpro;AC=UNIMOD:2016;PP=Any N-term;MT=Fixed	RET knockout clone C1
A6	Homo sapiens	cell culture	not available	3	neuroblastoma	cell line	not available	not available	SK-N-AS	CVCL_1700	SK-N-AS	RET knockout clone C1	Lumos_200817_57-TMT131N	proteomic profiling by mass spectrometry	1	Lumos_200817_57.raw	v1.1.0	NT=ms-proteomics;VV=v1.1.0	NT=human;VV=v1.1.0	NT=cell-lines;VV=v1.1.0	manual curation	NT=Data-dependent acquisition;AC=PRIDE:0000627	NT=Orbitrap Fusion Lumos;AC=MS:1002732	NT=Trypsin;AC=MS:1001251	TMT131N	16	NT=higher energy beam-type collision-induced dissociation;AC=MS:1000422	5 ppm	0.6 Da	NT=dithiothreitol (DTT);AC=PRIDE:0000608	NT=methyl methanethiosulfonate (MMTS);AC=PRIDE:0000605	NT=Methylthio;AC=UNIMOD:39;TA=C;MT=Fixed	NT=Oxidation;AC=UNIMOD:35;TA=M;MT=Variable	NT=TMTpro;AC=UNIMOD:2016;TA=K;MT=Fixed	NT=TMTpro;AC=UNIMOD:2016;PP=Any N-term;MT=Fixed	RET knockout clone C1
A6	Homo sapiens	cell culture	not available	3	neuroblastoma	cell line	not available	not available	SK-N-AS	CVCL_1700	SK-N-AS	RET knockout clone C1	Lumos_200817_58-TMT131N	proteomic profiling by mass spectrometry	1	Lumos_200817_58.raw	v1.1.0	NT=ms-proteomics;VV=v1.1.0	NT=human;VV=v1.1.0	NT=cell-lines;VV=v1.1.0	manual curation	NT=Data-dependent acquisition;AC=PRIDE:0000627	NT=Orbitrap Fusion Lumos;AC=MS:1002732	NT=Trypsin;AC=MS:1001251	TMT131N	17	NT=higher energy beam-type collision-induced dissociation;AC=MS:1000422	5 ppm	0.6 Da	NT=dithiothreitol (DTT);AC=PRIDE:0000608	NT=methyl methanethiosulfonate (MMTS);AC=PRIDE:0000605	NT=Methylthio;AC=UNIMOD:39;TA=C;MT=Fixed	NT=Oxidation;AC=UNIMOD:35;TA=M;MT=Variable	NT=TMTpro;AC=UNIMOD:2016;TA=K;MT=Fixed	NT=TMTpro;AC=UNIMOD:2016;PP=Any N-term;MT=Fixed	RET knockout clone C1
A6	Homo sapiens	cell culture	not available	3	neuroblastoma	cell line	not available	not available	SK-N-AS	CVCL_1700	SK-N-AS	RET knockout clone C1	Lumos_200817_59-TMT131N	proteomic profiling by mass spectrometry	1	Lumos_200817_59.raw	v1.1.0	NT=ms-proteomics;VV=v1.1.0	NT=human;VV=v1.1.0	NT=cell-lines;VV=v1.1.0	manual curation	NT=Data-dependent acquisition;AC=PRIDE:0000627	NT=Orbitrap Fusion Lumos;AC=MS:1002732	NT=Trypsin;AC=MS:1001251	TMT131N	18	NT=higher energy beam-type collision-induced dissociation;AC=MS:1000422	5 ppm	0.6 Da	NT=dithiothreitol (DTT);AC=PRIDE:0000608	NT=methyl methanethiosulfonate (MMTS);AC=PRIDE:0000605	NT=Methylthio;AC=UNIMOD:39;TA=C;MT=Fixed	NT=Oxidation;AC=UNIMOD:35;TA=M;MT=Variable	NT=TMTpro;AC=UNIMOD:2016;TA=K;MT=Fixed	NT=TMTpro;AC=UNIMOD:2016;PP=Any N-term;MT=Fixed	RET knockout clone C1
A6	Homo sapiens	cell culture	not available	3	neuroblastoma	cell line	not available	not available	SK-N-AS	CVCL_1700	SK-N-AS	RET knockout clone C1	Lumos_200817_60-TMT131N	proteomic profiling by mass spectrometry	1	Lumos_200817_60.raw	v1.1.0	NT=ms-proteomics;VV=v1.1.0	NT=human;VV=v1.1.0	NT=cell-lines;VV=v1.1.0	manual curation	NT=Data-dependent acquisition;AC=PRIDE:0000627	NT=Orbitrap Fusion Lumos;AC=MS:1002732	NT=Trypsin;AC=MS:1001251	TMT131N	19	NT=higher energy beam-type collision-induced dissociation;AC=MS:1000422	5 ppm	0.6 Da	NT=dithiothreitol (DTT);AC=PRIDE:0000608	NT=methyl methanethiosulfonate (MMTS);AC=PRIDE:0000605	NT=Methylthio;AC=UNIMOD:39;TA=C;MT=Fixed	NT=Oxidation;AC=UNIMOD:35;TA=M;MT=Variable	NT=TMTpro;AC=UNIMOD:2016;TA=K;MT=Fixed	NT=TMTpro;AC=UNIMOD:2016;PP=Any N-term;MT=Fixed	RET knockout clone C1
A6	Homo sapiens	cell culture	not available	3	neuroblastoma	cell line	not available	not available	SK-N-AS	CVCL_1700	SK-N-AS	RET knockout clone C1	Lumos_200817_61-TMT131N	proteomic profiling by mass spectrometry	1	Lumos_200817_61.raw	v1.1.0	NT=ms-proteomics;VV=v1.1.0	NT=human;VV=v1.1.0	NT=cell-lines;VV=v1.1.0	manual curation	NT=Data-dependent acquisition;AC=PRIDE:0000627	NT=Orbitrap Fusion Lumos;AC=MS:1002732	NT=Trypsin;AC=MS:1001251	TMT131N	20	NT=higher energy beam-type collision-induced dissociation;AC=MS:1000422	5 ppm	0.6 Da	NT=dithiothreitol (DTT);AC=PRIDE:0000608	NT=methyl methanethiosulfonate (MMTS);AC=PRIDE:0000605	NT=Methylthio;AC=UNIMOD:39;TA=C;MT=Fixed	NT=Oxidation;AC=UNIMOD:35;TA=M;MT=Variable	NT=TMTpro;AC=UNIMOD:2016;TA=K;MT=Fixed	NT=TMTpro;AC=UNIMOD:2016;PP=Any N-term;MT=Fixed	RET knockout clone C1
A6	Homo sapiens	cell culture	not available	3	neuroblastoma	cell line	not available	not available	SK-N-AS	CVCL_1700	SK-N-AS	RET knockout clone C1	Lumos_200817_62-TMT131N	proteomic profiling by mass spectrometry	1	Lumos_200817_62.raw	v1.1.0	NT=ms-proteomics;VV=v1.1.0	NT=human;VV=v1.1.0	NT=cell-lines;VV=v1.1.0	manual curation	NT=Data-dependent acquisition;AC=PRIDE:0000627	NT=Orbitrap Fusion Lumos;AC=MS:1002732	NT=Trypsin;AC=MS:1001251	TMT131N	21	NT=higher energy beam-type collision-induced dissociation;AC=MS:1000422	5 ppm	0.6 Da	NT=dithiothreitol (DTT);AC=PRIDE:0000608	NT=methyl methanethiosulfonate (MMTS);AC=PRIDE:0000605	NT=Methylthio;AC=UNIMOD:39;TA=C;MT=Fixed	NT=Oxidation;AC=UNIMOD:35;TA=M;MT=Variable	NT=TMTpro;AC=UNIMOD:2016;TA=K;MT=Fixed	NT=TMTpro;AC=UNIMOD:2016;PP=Any N-term;MT=Fixed	RET knockout clone C1
A6	Homo sapiens	cell culture	not available	3	neuroblastoma	cell line	not available	not available	SK-N-AS	CVCL_1700	SK-N-AS	RET knockout clone C1	Lumos_200817_63-TMT131N	proteomic profiling by mass spectrometry	1	Lumos_200817_63.raw	v1.1.0	NT=ms-proteomics;VV=v1.1.0	NT=human;VV=v1.1.0	NT=cell-lines;VV=v1.1.0	manual curation	NT=Data-dependent acquisition;AC=PRIDE:0000627	NT=Orbitrap Fusion Lumos;AC=MS:1002732	NT=Trypsin;AC=MS:1001251	TMT131N	22	NT=higher energy beam-type collision-induced dissociation;AC=MS:1000422	5 ppm	0.6 Da	NT=dithiothreitol (DTT);AC=PRIDE:0000608	NT=methyl methanethiosulfonate (MMTS);AC=PRIDE:0000605	NT=Methylthio;AC=UNIMOD:39;TA=C;MT=Fixed	NT=Oxidation;AC=UNIMOD:35;TA=M;MT=Variable	NT=TMTpro;AC=UNIMOD:2016;TA=K;MT=Fixed	NT=TMTpro;AC=UNIMOD:2016;PP=Any N-term;MT=Fixed	RET knockout clone C1
A6	Homo sapiens	cell culture	not available	3	neuroblastoma	cell line	not available	not available	SK-N-AS	CVCL_1700	SK-N-AS	RET knockout clone C1	Lumos_200817_64-TMT131N	proteomic profiling by mass spectrometry	1	Lumos_200817_64.raw	v1.1.0	NT=ms-proteomics;VV=v1.1.0	NT=human;VV=v1.1.0	NT=cell-lines;VV=v1.1.0	manual curation	NT=Data-dependent acquisition;AC=PRIDE:0000627	NT=Orbitrap Fusion Lumos;AC=MS:1002732	NT=Trypsin;AC=MS:1001251	TMT131N	23	NT=higher energy beam-type collision-induced dissociation;AC=MS:1000422	5 ppm	0.6 Da	NT=dithiothreitol (DTT);AC=PRIDE:0000608	NT=methyl methanethiosulfonate (MMTS);AC=PRIDE:0000605	NT=Methylthio;AC=UNIMOD:39;TA=C;MT=Fixed	NT=Oxidation;AC=UNIMOD:35;TA=M;MT=Variable	NT=TMTpro;AC=UNIMOD:2016;TA=K;MT=Fixed	NT=TMTpro;AC=UNIMOD:2016;PP=Any N-term;MT=Fixed	RET knockout clone C1
A6	Homo sapiens	cell culture	not available	3	neuroblastoma	cell line	not available	not available	SK-N-AS	CVCL_1700	SK-N-AS	RET knockout clone C1	Lumos_200817_65-TMT131N	proteomic profiling by mass spectrometry	1	Lumos_200817_65.raw	v1.1.0	NT=ms-proteomics;VV=v1.1.0	NT=human;VV=v1.1.0	NT=cell-lines;VV=v1.1.0	manual curation	NT=Data-dependent acquisition;AC=PRIDE:0000627	NT=Orbitrap Fusion Lumos;AC=MS:1002732	NT=Trypsin;AC=MS:1001251	TMT131N	24	NT=higher energy beam-type collision-induced dissociation;AC=MS:1000422	5 ppm	0.6 Da	NT=dithiothreitol (DTT);AC=PRIDE:0000608	NT=methyl methanethiosulfonate (MMTS);AC=PRIDE:0000605	NT=Methylthio;AC=UNIMOD:39;TA=C;MT=Fixed	NT=Oxidation;AC=UNIMOD:35;TA=M;MT=Variable	NT=TMTpro;AC=UNIMOD:2016;TA=K;MT=Fixed	NT=TMTpro;AC=UNIMOD:2016;PP=Any N-term;MT=Fixed	RET knockout clone C1
A6	Homo sapiens	cell culture	not available	3	neuroblastoma	cell line	not available	not available	SK-N-AS	CVCL_1700	SK-N-AS	RET knockout clone C1	Lumos_200817_66-TMT131N	proteomic profiling by mass spectrometry	1	Lumos_200817_66.raw	v1.1.0	NT=ms-proteomics;VV=v1.1.0	NT=human;VV=v1.1.0	NT=cell-lines;VV=v1.1.0	manual curation	NT=Data-dependent acquisition;AC=PRIDE:0000627	NT=Orbitrap Fusion Lumos;AC=MS:1002732	NT=Trypsin;AC=MS:1001251	TMT131N	25	NT=higher energy beam-type collision-induced dissociation;AC=MS:1000422	5 ppm	0.6 Da	NT=dithiothreitol (DTT);AC=PRIDE:0000608	NT=methyl methanethiosulfonate (MMTS);AC=PRIDE:0000605	NT=Methylthio;AC=UNIMOD:39;TA=C;MT=Fixed	NT=Oxidation;AC=UNIMOD:35;TA=M;MT=Variable	NT=TMTpro;AC=UNIMOD:2016;TA=K;MT=Fixed	NT=TMTpro;AC=UNIMOD:2016;PP=Any N-term;MT=Fixed	RET knockout clone C1
A6	Homo sapiens	cell culture	not available	3	neuroblastoma	cell line	not available	not available	SK-N-AS	CVCL_1700	SK-N-AS	RET knockout clone C1	Lumos_200817_67-TMT131N	proteomic profiling by mass spectrometry	1	Lumos_200817_67.raw	v1.1.0	NT=ms-proteomics;VV=v1.1.0	NT=human;VV=v1.1.0	NT=cell-lines;VV=v1.1.0	manual curation	NT=Data-dependent acquisition;AC=PRIDE:0000627	NT=Orbitrap Fusion Lumos;AC=MS:1002732	NT=Trypsin;AC=MS:1001251	TMT131N	26	NT=higher energy beam-type collision-induced dissociation;AC=MS:1000422	5 ppm	0.6 Da	NT=dithiothreitol (DTT);AC=PRIDE:0000608	NT=methyl methanethiosulfonate (MMTS);AC=PRIDE:0000605	NT=Methylthio;AC=UNIMOD:39;TA=C;MT=Fixed	NT=Oxidation;AC=UNIMOD:35;TA=M;MT=Variable	NT=TMTpro;AC=UNIMOD:2016;TA=K;MT=Fixed	NT=TMTpro;AC=UNIMOD:2016;PP=Any N-term;MT=Fixed	RET knockout clone C1
A6	Homo sapiens	cell culture	not available	3	neuroblastoma	cell line	not available	not available	SK-N-AS	CVCL_1700	SK-N-AS	RET knockout clone C1	Lumos_200817_68-TMT131N	proteomic profiling by mass spectrometry	1	Lumos_200817_68.raw	v1.1.0	NT=ms-proteomics;VV=v1.1.0	NT=human;VV=v1.1.0	NT=cell-lines;VV=v1.1.0	manual curation	NT=Data-dependent acquisition;AC=PRIDE:0000627	NT=Orbitrap Fusion Lumos;AC=MS:1002732	NT=Trypsin;AC=MS:1001251	TMT131N	27	NT=higher energy beam-type collision-induced dissociation;AC=MS:1000422	5 ppm	0.6 Da	NT=dithiothreitol (DTT);AC=PRIDE:0000608	NT=methyl methanethiosulfonate (MMTS);AC=PRIDE:0000605	NT=Methylthio;AC=UNIMOD:39;TA=C;MT=Fixed	NT=Oxidation;AC=UNIMOD:35;TA=M;MT=Variable	NT=TMTpro;AC=UNIMOD:2016;TA=K;MT=Fixed	NT=TMTpro;AC=UNIMOD:2016;PP=Any N-term;MT=Fixed	RET knockout clone C1
A6	Homo sapiens	cell culture	not available	3	neuroblastoma	cell line	not available	not available	SK-N-AS	CVCL_1700	SK-N-AS	RET knockout clone C1	Lumos_200817_69-TMT131N	proteomic profiling by mass spectrometry	1	Lumos_200817_69.raw	v1.1.0	NT=ms-proteomics;VV=v1.1.0	NT=human;VV=v1.1.0	NT=cell-lines;VV=v1.1.0	manual curation	NT=Data-dependent acquisition;AC=PRIDE:0000627	NT=Orbitrap Fusion Lumos;AC=MS:1002732	NT=Trypsin;AC=MS:1001251	TMT131N	28	NT=higher energy beam-type collision-induced dissociation;AC=MS:1000422	5 ppm	0.6 Da	NT=dithiothreitol (DTT);AC=PRIDE:0000608	NT=methyl methanethiosulfonate (MMTS);AC=PRIDE:0000605	NT=Methylthio;AC=UNIMOD:39;TA=C;MT=Fixed	NT=Oxidation;AC=UNIMOD:35;TA=M;MT=Variable	NT=TMTpro;AC=UNIMOD:2016;TA=K;MT=Fixed	NT=TMTpro;AC=UNIMOD:2016;PP=Any N-term;MT=Fixed	RET knockout clone C1
A6	Homo sapiens	cell culture	not available	3	neuroblastoma	cell line	not available	not available	SK-N-AS	CVCL_1700	SK-N-AS	RET knockout clone C1	Lumos_200817_70-TMT131N	proteomic profiling by mass spectrometry	1	Lumos_200817_70.raw	v1.1.0	NT=ms-proteomics;VV=v1.1.0	NT=human;VV=v1.1.0	NT=cell-lines;VV=v1.1.0	manual curation	NT=Data-dependent acquisition;AC=PRIDE:0000627	NT=Orbitrap Fusion Lumos;AC=MS:1002732	NT=Trypsin;AC=MS:1001251	TMT131N	29	NT=higher energy beam-type collision-induced dissociation;AC=MS:1000422	5 ppm	0.6 Da	NT=dithiothreitol (DTT);AC=PRIDE:0000608	NT=methyl methanethiosulfonate (MMTS);AC=PRIDE:0000605	NT=Methylthio;AC=UNIMOD:39;TA=C;MT=Fixed	NT=Oxidation;AC=UNIMOD:35;TA=M;MT=Variable	NT=TMTpro;AC=UNIMOD:2016;TA=K;MT=Fixed	NT=TMTpro;AC=UNIMOD:2016;PP=Any N-term;MT=Fixed	RET knockout clone C1
A6	Homo sapiens	cell culture	not available	3	neuroblastoma	cell line	not available	not available	SK-N-AS	CVCL_1700	SK-N-AS	RET knockout clone C1	Lumos_200817_71-TMT131N	proteomic profiling by mass spectrometry	1	Lumos_200817_71.raw	v1.1.0	NT=ms-proteomics;VV=v1.1.0	NT=human;VV=v1.1.0	NT=cell-lines;VV=v1.1.0	manual curation	NT=Data-dependent acquisition;AC=PRIDE:0000627	NT=Orbitrap Fusion Lumos;AC=MS:1002732	NT=Trypsin;AC=MS:1001251	TMT131N	30	NT=higher energy beam-type collision-induced dissociation;AC=MS:1000422	5 ppm	0.6 Da	NT=dithiothreitol (DTT);AC=PRIDE:0000608	NT=methyl methanethiosulfonate (MMTS);AC=PRIDE:0000605	NT=Methylthio;AC=UNIMOD:39;TA=C;MT=Fixed	NT=Oxidation;AC=UNIMOD:35;TA=M;MT=Variable	NT=TMTpro;AC=UNIMOD:2016;TA=K;MT=Fixed	NT=TMTpro;AC=UNIMOD:2016;PP=Any N-term;MT=Fixed	RET knockout clone C1
A14	Homo sapiens	cell culture	not available	2	neuroblastoma	cell line	not available	not available	SK-N-AS	CVCL_1700	SK-N-AS	RET knockout clone C17	Lumos_200817_42-TMT131C	proteomic profiling by mass spectrometry	1	Lumos_200817_42.raw	v1.1.0	NT=ms-proteomics;VV=v1.1.0	NT=human;VV=v1.1.0	NT=cell-lines;VV=v1.1.0	manual curation	NT=Data-dependent acquisition;AC=PRIDE:0000627	NT=Orbitrap Fusion Lumos;AC=MS:1002732	NT=Trypsin;AC=MS:1001251	TMT131C	1	NT=higher energy beam-type collision-induced dissociation;AC=MS:1000422	5 ppm	0.6 Da	NT=dithiothreitol (DTT);AC=PRIDE:0000608	NT=methyl methanethiosulfonate (MMTS);AC=PRIDE:0000605	NT=Methylthio;AC=UNIMOD:39;TA=C;MT=Fixed	NT=Oxidation;AC=UNIMOD:35;TA=M;MT=Variable	NT=TMTpro;AC=UNIMOD:2016;TA=K;MT=Fixed	NT=TMTpro;AC=UNIMOD:2016;PP=Any N-term;MT=Fixed	RET knockout clone C17
A14	Homo sapiens	cell culture	not available	2	neuroblastoma	cell line	not available	not available	SK-N-AS	CVCL_1700	SK-N-AS	RET knockout clone C17	Lumos_200817_43-TMT131C	proteomic profiling by mass spectrometry	1	Lumos_200817_43.raw	v1.1.0	NT=ms-proteomics;VV=v1.1.0	NT=human;VV=v1.1.0	NT=cell-lines;VV=v1.1.0	manual curation	NT=Data-dependent acquisition;AC=PRIDE:0000627	NT=Orbitrap Fusion Lumos;AC=MS:1002732	NT=Trypsin;AC=MS:1001251	TMT131C	2	NT=higher energy beam-type collision-induced dissociation;AC=MS:1000422	5 ppm	0.6 Da	NT=dithiothreitol (DTT);AC=PRIDE:0000608	NT=methyl methanethiosulfonate (MMTS);AC=PRIDE:0000605	NT=Methylthio;AC=UNIMOD:39;TA=C;MT=Fixed	NT=Oxidation;AC=UNIMOD:35;TA=M;MT=Variable	NT=TMTpro;AC=UNIMOD:2016;TA=K;MT=Fixed	NT=TMTpro;AC=UNIMOD:2016;PP=Any N-term;MT=Fixed	RET knockout clone C17
A14	Homo sapiens	cell culture	not available	2	neuroblastoma	cell line	not available	not available	SK-N-AS	CVCL_1700	SK-N-AS	RET knockout clone C17	Lumos_200817_44-TMT131C	proteomic profiling by mass spectrometry	1	Lumos_200817_44.raw	v1.1.0	NT=ms-proteomics;VV=v1.1.0	NT=human;VV=v1.1.0	NT=cell-lines;VV=v1.1.0	manual curation	NT=Data-dependent acquisition;AC=PRIDE:0000627	NT=Orbitrap Fusion Lumos;AC=MS:1002732	NT=Trypsin;AC=MS:1001251	TMT131C	3	NT=higher energy beam-type collision-induced dissociation;AC=MS:1000422	5 ppm	0.6 Da	NT=dithiothreitol (DTT);AC=PRIDE:0000608	NT=methyl methanethiosulfonate (MMTS);AC=PRIDE:0000605	NT=Methylthio;AC=UNIMOD:39;TA=C;MT=Fixed	NT=Oxidation;AC=UNIMOD:35;TA=M;MT=Variable	NT=TMTpro;AC=UNIMOD:2016;TA=K;MT=Fixed	NT=TMTpro;AC=UNIMOD:2016;PP=Any N-term;MT=Fixed	RET knockout clone C17
A14	Homo sapiens	cell culture	not available	2	neuroblastoma	cell line	not available	not available	SK-N-AS	CVCL_1700	SK-N-AS	RET knockout clone C17	Lumos_200817_45-TMT131C	proteomic profiling by mass spectrometry	1	Lumos_200817_45.raw	v1.1.0	NT=ms-proteomics;VV=v1.1.0	NT=human;VV=v1.1.0	NT=cell-lines;VV=v1.1.0	manual curation	NT=Data-dependent acquisition;AC=PRIDE:0000627	NT=Orbitrap Fusion Lumos;AC=MS:1002732	NT=Trypsin;AC=MS:1001251	TMT131C	4	NT=higher energy beam-type collision-induced dissociation;AC=MS:1000422	5 ppm	0.6 Da	NT=dithiothreitol (DTT);AC=PRIDE:0000608	NT=methyl methanethiosulfonate (MMTS);AC=PRIDE:0000605	NT=Methylthio;AC=UNIMOD:39;TA=C;MT=Fixed	NT=Oxidation;AC=UNIMOD:35;TA=M;MT=Variable	NT=TMTpro;AC=UNIMOD:2016;TA=K;MT=Fixed	NT=TMTpro;AC=UNIMOD:2016;PP=Any N-term;MT=Fixed	RET knockout clone C17
A14	Homo sapiens	cell culture	not available	2	neuroblastoma	cell line	not available	not available	SK-N-AS	CVCL_1700	SK-N-AS	RET knockout clone C17	Lumos_200817_46-TMT131C	proteomic profiling by mass spectrometry	1	Lumos_200817_46.raw	v1.1.0	NT=ms-proteomics;VV=v1.1.0	NT=human;VV=v1.1.0	NT=cell-lines;VV=v1.1.0	manual curation	NT=Data-dependent acquisition;AC=PRIDE:0000627	NT=Orbitrap Fusion Lumos;AC=MS:1002732	NT=Trypsin;AC=MS:1001251	TMT131C	5	NT=higher energy beam-type collision-induced dissociation;AC=MS:1000422	5 ppm	0.6 Da	NT=dithiothreitol (DTT);AC=PRIDE:0000608	NT=methyl methanethiosulfonate (MMTS);AC=PRIDE:0000605	NT=Methylthio;AC=UNIMOD:39;TA=C;MT=Fixed	NT=Oxidation;AC=UNIMOD:35;TA=M;MT=Variable	NT=TMTpro;AC=UNIMOD:2016;TA=K;MT=Fixed	NT=TMTpro;AC=UNIMOD:2016;PP=Any N-term;MT=Fixed	RET knockout clone C17
A14	Homo sapiens	cell culture	not available	2	neuroblastoma	cell line	not available	not available	SK-N-AS	CVCL_1700	SK-N-AS	RET knockout clone C17	Lumos_200817_47-TMT131C	proteomic profiling by mass spectrometry	1	Lumos_200817_47.raw	v1.1.0	NT=ms-proteomics;VV=v1.1.0	NT=human;VV=v1.1.0	NT=cell-lines;VV=v1.1.0	manual curation	NT=Data-dependent acquisition;AC=PRIDE:0000627	NT=Orbitrap Fusion Lumos;AC=MS:1002732	NT=Trypsin;AC=MS:1001251	TMT131C	6	NT=higher energy beam-type collision-induced dissociation;AC=MS:1000422	5 ppm	0.6 Da	NT=dithiothreitol (DTT);AC=PRIDE:0000608	NT=methyl methanethiosulfonate (MMTS);AC=PRIDE:0000605	NT=Methylthio;AC=UNIMOD:39;TA=C;MT=Fixed	NT=Oxidation;AC=UNIMOD:35;TA=M;MT=Variable	NT=TMTpro;AC=UNIMOD:2016;TA=K;MT=Fixed	NT=TMTpro;AC=UNIMOD:2016;PP=Any N-term;MT=Fixed	RET knockout clone C17
A14	Homo sapiens	cell culture	not available	2	neuroblastoma	cell line	not available	not available	SK-N-AS	CVCL_1700	SK-N-AS	RET knockout clone C17	Lumos_200817_48-TMT131C	proteomic profiling by mass spectrometry	1	Lumos_200817_48.raw	v1.1.0	NT=ms-proteomics;VV=v1.1.0	NT=human;VV=v1.1.0	NT=cell-lines;VV=v1.1.0	manual curation	NT=Data-dependent acquisition;AC=PRIDE:0000627	NT=Orbitrap Fusion Lumos;AC=MS:1002732	NT=Trypsin;AC=MS:1001251	TMT131C	7	NT=higher energy beam-type collision-induced dissociation;AC=MS:1000422	5 ppm	0.6 Da	NT=dithiothreitol (DTT);AC=PRIDE:0000608	NT=methyl methanethiosulfonate (MMTS);AC=PRIDE:0000605	NT=Methylthio;AC=UNIMOD:39;TA=C;MT=Fixed	NT=Oxidation;AC=UNIMOD:35;TA=M;MT=Variable	NT=TMTpro;AC=UNIMOD:2016;TA=K;MT=Fixed	NT=TMTpro;AC=UNIMOD:2016;PP=Any N-term;MT=Fixed	RET knockout clone C17
A14	Homo sapiens	cell culture	not available	2	neuroblastoma	cell line	not available	not available	SK-N-AS	CVCL_1700	SK-N-AS	RET knockout clone C17	Lumos_200817_49-TMT131C	proteomic profiling by mass spectrometry	1	Lumos_200817_49.raw	v1.1.0	NT=ms-proteomics;VV=v1.1.0	NT=human;VV=v1.1.0	NT=cell-lines;VV=v1.1.0	manual curation	NT=Data-dependent acquisition;AC=PRIDE:0000627	NT=Orbitrap Fusion Lumos;AC=MS:1002732	NT=Trypsin;AC=MS:1001251	TMT131C	8	NT=higher energy beam-type collision-induced dissociation;AC=MS:1000422	5 ppm	0.6 Da	NT=dithiothreitol (DTT);AC=PRIDE:0000608	NT=methyl methanethiosulfonate (MMTS);AC=PRIDE:0000605	NT=Methylthio;AC=UNIMOD:39;TA=C;MT=Fixed	NT=Oxidation;AC=UNIMOD:35;TA=M;MT=Variable	NT=TMTpro;AC=UNIMOD:2016;TA=K;MT=Fixed	NT=TMTpro;AC=UNIMOD:2016;PP=Any N-term;MT=Fixed	RET knockout clone C17
A14	Homo sapiens	cell culture	not available	2	neuroblastoma	cell line	not available	not available	SK-N-AS	CVCL_1700	SK-N-AS	RET knockout clone C17	Lumos_200817_50-TMT131C	proteomic profiling by mass spectrometry	1	Lumos_200817_50.raw	v1.1.0	NT=ms-proteomics;VV=v1.1.0	NT=human;VV=v1.1.0	NT=cell-lines;VV=v1.1.0	manual curation	NT=Data-dependent acquisition;AC=PRIDE:0000627	NT=Orbitrap Fusion Lumos;AC=MS:1002732	NT=Trypsin;AC=MS:1001251	TMT131C	9	NT=higher energy beam-type collision-induced dissociation;AC=MS:1000422	5 ppm	0.6 Da	NT=dithiothreitol (DTT);AC=PRIDE:0000608	NT=methyl methanethiosulfonate (MMTS);AC=PRIDE:0000605	NT=Methylthio;AC=UNIMOD:39;TA=C;MT=Fixed	NT=Oxidation;AC=UNIMOD:35;TA=M;MT=Variable	NT=TMTpro;AC=UNIMOD:2016;TA=K;MT=Fixed	NT=TMTpro;AC=UNIMOD:2016;PP=Any N-term;MT=Fixed	RET knockout clone C17
A14	Homo sapiens	cell culture	not available	2	neuroblastoma	cell line	not available	not available	SK-N-AS	CVCL_1700	SK-N-AS	RET knockout clone C17	Lumos_200817_51-TMT131C	proteomic profiling by mass spectrometry	1	Lumos_200817_51.raw	v1.1.0	NT=ms-proteomics;VV=v1.1.0	NT=human;VV=v1.1.0	NT=cell-lines;VV=v1.1.0	manual curation	NT=Data-dependent acquisition;AC=PRIDE:0000627	NT=Orbitrap Fusion Lumos;AC=MS:1002732	NT=Trypsin;AC=MS:1001251	TMT131C	10	NT=higher energy beam-type collision-induced dissociation;AC=MS:1000422	5 ppm	0.6 Da	NT=dithiothreitol (DTT);AC=PRIDE:0000608	NT=methyl methanethiosulfonate (MMTS);AC=PRIDE:0000605	NT=Methylthio;AC=UNIMOD:39;TA=C;MT=Fixed	NT=Oxidation;AC=UNIMOD:35;TA=M;MT=Variable	NT=TMTpro;AC=UNIMOD:2016;TA=K;MT=Fixed	NT=TMTpro;AC=UNIMOD:2016;PP=Any N-term;MT=Fixed	RET knockout clone C17
A14	Homo sapiens	cell culture	not available	2	neuroblastoma	cell line	not available	not available	SK-N-AS	CVCL_1700	SK-N-AS	RET knockout clone C17	Lumos_200817_52-TMT131C	proteomic profiling by mass spectrometry	1	Lumos_200817_52.raw	v1.1.0	NT=ms-proteomics;VV=v1.1.0	NT=human;VV=v1.1.0	NT=cell-lines;VV=v1.1.0	manual curation	NT=Data-dependent acquisition;AC=PRIDE:0000627	NT=Orbitrap Fusion Lumos;AC=MS:1002732	NT=Trypsin;AC=MS:1001251	TMT131C	11	NT=higher energy beam-type collision-induced dissociation;AC=MS:1000422	5 ppm	0.6 Da	NT=dithiothreitol (DTT);AC=PRIDE:0000608	NT=methyl methanethiosulfonate (MMTS);AC=PRIDE:0000605	NT=Methylthio;AC=UNIMOD:39;TA=C;MT=Fixed	NT=Oxidation;AC=UNIMOD:35;TA=M;MT=Variable	NT=TMTpro;AC=UNIMOD:2016;TA=K;MT=Fixed	NT=TMTpro;AC=UNIMOD:2016;PP=Any N-term;MT=Fixed	RET knockout clone C17
A14	Homo sapiens	cell culture	not available	2	neuroblastoma	cell line	not available	not available	SK-N-AS	CVCL_1700	SK-N-AS	RET knockout clone C17	Lumos_200817_53-TMT131C	proteomic profiling by mass spectrometry	1	Lumos_200817_53.raw	v1.1.0	NT=ms-proteomics;VV=v1.1.0	NT=human;VV=v1.1.0	NT=cell-lines;VV=v1.1.0	manual curation	NT=Data-dependent acquisition;AC=PRIDE:0000627	NT=Orbitrap Fusion Lumos;AC=MS:1002732	NT=Trypsin;AC=MS:1001251	TMT131C	12	NT=higher energy beam-type collision-induced dissociation;AC=MS:1000422	5 ppm	0.6 Da	NT=dithiothreitol (DTT);AC=PRIDE:0000608	NT=methyl methanethiosulfonate (MMTS);AC=PRIDE:0000605	NT=Methylthio;AC=UNIMOD:39;TA=C;MT=Fixed	NT=Oxidation;AC=UNIMOD:35;TA=M;MT=Variable	NT=TMTpro;AC=UNIMOD:2016;TA=K;MT=Fixed	NT=TMTpro;AC=UNIMOD:2016;PP=Any N-term;MT=Fixed	RET knockout clone C17
A14	Homo sapiens	cell culture	not available	2	neuroblastoma	cell line	not available	not available	SK-N-AS	CVCL_1700	SK-N-AS	RET knockout clone C17	Lumos_200817_54-TMT131C	proteomic profiling by mass spectrometry	1	Lumos_200817_54.raw	v1.1.0	NT=ms-proteomics;VV=v1.1.0	NT=human;VV=v1.1.0	NT=cell-lines;VV=v1.1.0	manual curation	NT=Data-dependent acquisition;AC=PRIDE:0000627	NT=Orbitrap Fusion Lumos;AC=MS:1002732	NT=Trypsin;AC=MS:1001251	TMT131C	13	NT=higher energy beam-type collision-induced dissociation;AC=MS:1000422	5 ppm	0.6 Da	NT=dithiothreitol (DTT);AC=PRIDE:0000608	NT=methyl methanethiosulfonate (MMTS);AC=PRIDE:0000605	NT=Methylthio;AC=UNIMOD:39;TA=C;MT=Fixed	NT=Oxidation;AC=UNIMOD:35;TA=M;MT=Variable	NT=TMTpro;AC=UNIMOD:2016;TA=K;MT=Fixed	NT=TMTpro;AC=UNIMOD:2016;PP=Any N-term;MT=Fixed	RET knockout clone C17
A14	Homo sapiens	cell culture	not available	2	neuroblastoma	cell line	not available	not available	SK-N-AS	CVCL_1700	SK-N-AS	RET knockout clone C17	Lumos_200817_55-TMT131C	proteomic profiling by mass spectrometry	1	Lumos_200817_55.raw	v1.1.0	NT=ms-proteomics;VV=v1.1.0	NT=human;VV=v1.1.0	NT=cell-lines;VV=v1.1.0	manual curation	NT=Data-dependent acquisition;AC=PRIDE:0000627	NT=Orbitrap Fusion Lumos;AC=MS:1002732	NT=Trypsin;AC=MS:1001251	TMT131C	14	NT=higher energy beam-type collision-induced dissociation;AC=MS:1000422	5 ppm	0.6 Da	NT=dithiothreitol (DTT);AC=PRIDE:0000608	NT=methyl methanethiosulfonate (MMTS);AC=PRIDE:0000605	NT=Methylthio;AC=UNIMOD:39;TA=C;MT=Fixed	NT=Oxidation;AC=UNIMOD:35;TA=M;MT=Variable	NT=TMTpro;AC=UNIMOD:2016;TA=K;MT=Fixed	NT=TMTpro;AC=UNIMOD:2016;PP=Any N-term;MT=Fixed	RET knockout clone C17
A14	Homo sapiens	cell culture	not available	2	neuroblastoma	cell line	not available	not available	SK-N-AS	CVCL_1700	SK-N-AS	RET knockout clone C17	Lumos_200817_56-TMT131C	proteomic profiling by mass spectrometry	1	Lumos_200817_56.raw	v1.1.0	NT=ms-proteomics;VV=v1.1.0	NT=human;VV=v1.1.0	NT=cell-lines;VV=v1.1.0	manual curation	NT=Data-dependent acquisition;AC=PRIDE:0000627	NT=Orbitrap Fusion Lumos;AC=MS:1002732	NT=Trypsin;AC=MS:1001251	TMT131C	15	NT=higher energy beam-type collision-induced dissociation;AC=MS:1000422	5 ppm	0.6 Da	NT=dithiothreitol (DTT);AC=PRIDE:0000608	NT=methyl methanethiosulfonate (MMTS);AC=PRIDE:0000605	NT=Methylthio;AC=UNIMOD:39;TA=C;MT=Fixed	NT=Oxidation;AC=UNIMOD:35;TA=M;MT=Variable	NT=TMTpro;AC=UNIMOD:2016;TA=K;MT=Fixed	NT=TMTpro;AC=UNIMOD:2016;PP=Any N-term;MT=Fixed	RET knockout clone C17
A14	Homo sapiens	cell culture	not available	2	neuroblastoma	cell line	not available	not available	SK-N-AS	CVCL_1700	SK-N-AS	RET knockout clone C17	Lumos_200817_57-TMT131C	proteomic profiling by mass spectrometry	1	Lumos_200817_57.raw	v1.1.0	NT=ms-proteomics;VV=v1.1.0	NT=human;VV=v1.1.0	NT=cell-lines;VV=v1.1.0	manual curation	NT=Data-dependent acquisition;AC=PRIDE:0000627	NT=Orbitrap Fusion Lumos;AC=MS:1002732	NT=Trypsin;AC=MS:1001251	TMT131C	16	NT=higher energy beam-type collision-induced dissociation;AC=MS:1000422	5 ppm	0.6 Da	NT=dithiothreitol (DTT);AC=PRIDE:0000608	NT=methyl methanethiosulfonate (MMTS);AC=PRIDE:0000605	NT=Methylthio;AC=UNIMOD:39;TA=C;MT=Fixed	NT=Oxidation;AC=UNIMOD:35;TA=M;MT=Variable	NT=TMTpro;AC=UNIMOD:2016;TA=K;MT=Fixed	NT=TMTpro;AC=UNIMOD:2016;PP=Any N-term;MT=Fixed	RET knockout clone C17
A14	Homo sapiens	cell culture	not available	2	neuroblastoma	cell line	not available	not available	SK-N-AS	CVCL_1700	SK-N-AS	RET knockout clone C17	Lumos_200817_58-TMT131C	proteomic profiling by mass spectrometry	1	Lumos_200817_58.raw	v1.1.0	NT=ms-proteomics;VV=v1.1.0	NT=human;VV=v1.1.0	NT=cell-lines;VV=v1.1.0	manual curation	NT=Data-dependent acquisition;AC=PRIDE:0000627	NT=Orbitrap Fusion Lumos;AC=MS:1002732	NT=Trypsin;AC=MS:1001251	TMT131C	17	NT=higher energy beam-type collision-induced dissociation;AC=MS:1000422	5 ppm	0.6 Da	NT=dithiothreitol (DTT);AC=PRIDE:0000608	NT=methyl methanethiosulfonate (MMTS);AC=PRIDE:0000605	NT=Methylthio;AC=UNIMOD:39;TA=C;MT=Fixed	NT=Oxidation;AC=UNIMOD:35;TA=M;MT=Variable	NT=TMTpro;AC=UNIMOD:2016;TA=K;MT=Fixed	NT=TMTpro;AC=UNIMOD:2016;PP=Any N-term;MT=Fixed	RET knockout clone C17
A14	Homo sapiens	cell culture	not available	2	neuroblastoma	cell line	not available	not available	SK-N-AS	CVCL_1700	SK-N-AS	RET knockout clone C17	Lumos_200817_59-TMT131C	proteomic profiling by mass spectrometry	1	Lumos_200817_59.raw	v1.1.0	NT=ms-proteomics;VV=v1.1.0	NT=human;VV=v1.1.0	NT=cell-lines;VV=v1.1.0	manual curation	NT=Data-dependent acquisition;AC=PRIDE:0000627	NT=Orbitrap Fusion Lumos;AC=MS:1002732	NT=Trypsin;AC=MS:1001251	TMT131C	18	NT=higher energy beam-type collision-induced dissociation;AC=MS:1000422	5 ppm	0.6 Da	NT=dithiothreitol (DTT);AC=PRIDE:0000608	NT=methyl methanethiosulfonate (MMTS);AC=PRIDE:0000605	NT=Methylthio;AC=UNIMOD:39;TA=C;MT=Fixed	NT=Oxidation;AC=UNIMOD:35;TA=M;MT=Variable	NT=TMTpro;AC=UNIMOD:2016;TA=K;MT=Fixed	NT=TMTpro;AC=UNIMOD:2016;PP=Any N-term;MT=Fixed	RET knockout clone C17
A14	Homo sapiens	cell culture	not available	2	neuroblastoma	cell line	not available	not available	SK-N-AS	CVCL_1700	SK-N-AS	RET knockout clone C17	Lumos_200817_60-TMT131C	proteomic profiling by mass spectrometry	1	Lumos_200817_60.raw	v1.1.0	NT=ms-proteomics;VV=v1.1.0	NT=human;VV=v1.1.0	NT=cell-lines;VV=v1.1.0	manual curation	NT=Data-dependent acquisition;AC=PRIDE:0000627	NT=Orbitrap Fusion Lumos;AC=MS:1002732	NT=Trypsin;AC=MS:1001251	TMT131C	19	NT=higher energy beam-type collision-induced dissociation;AC=MS:1000422	5 ppm	0.6 Da	NT=dithiothreitol (DTT);AC=PRIDE:0000608	NT=methyl methanethiosulfonate (MMTS);AC=PRIDE:0000605	NT=Methylthio;AC=UNIMOD:39;TA=C;MT=Fixed	NT=Oxidation;AC=UNIMOD:35;TA=M;MT=Variable	NT=TMTpro;AC=UNIMOD:2016;TA=K;MT=Fixed	NT=TMTpro;AC=UNIMOD:2016;PP=Any N-term;MT=Fixed	RET knockout clone C17
A14	Homo sapiens	cell culture	not available	2	neuroblastoma	cell line	not available	not available	SK-N-AS	CVCL_1700	SK-N-AS	RET knockout clone C17	Lumos_200817_61-TMT131C	proteomic profiling by mass spectrometry	1	Lumos_200817_61.raw	v1.1.0	NT=ms-proteomics;VV=v1.1.0	NT=human;VV=v1.1.0	NT=cell-lines;VV=v1.1.0	manual curation	NT=Data-dependent acquisition;AC=PRIDE:0000627	NT=Orbitrap Fusion Lumos;AC=MS:1002732	NT=Trypsin;AC=MS:1001251	TMT131C	20	NT=higher energy beam-type collision-induced dissociation;AC=MS:1000422	5 ppm	0.6 Da	NT=dithiothreitol (DTT);AC=PRIDE:0000608	NT=methyl methanethiosulfonate (MMTS);AC=PRIDE:0000605	NT=Methylthio;AC=UNIMOD:39;TA=C;MT=Fixed	NT=Oxidation;AC=UNIMOD:35;TA=M;MT=Variable	NT=TMTpro;AC=UNIMOD:2016;TA=K;MT=Fixed	NT=TMTpro;AC=UNIMOD:2016;PP=Any N-term;MT=Fixed	RET knockout clone C17
A14	Homo sapiens	cell culture	not available	2	neuroblastoma	cell line	not available	not available	SK-N-AS	CVCL_1700	SK-N-AS	RET knockout clone C17	Lumos_200817_62-TMT131C	proteomic profiling by mass spectrometry	1	Lumos_200817_62.raw	v1.1.0	NT=ms-proteomics;VV=v1.1.0	NT=human;VV=v1.1.0	NT=cell-lines;VV=v1.1.0	manual curation	NT=Data-dependent acquisition;AC=PRIDE:0000627	NT=Orbitrap Fusion Lumos;AC=MS:1002732	NT=Trypsin;AC=MS:1001251	TMT131C	21	NT=higher energy beam-type collision-induced dissociation;AC=MS:1000422	5 ppm	0.6 Da	NT=dithiothreitol (DTT);AC=PRIDE:0000608	NT=methyl methanethiosulfonate (MMTS);AC=PRIDE:0000605	NT=Methylthio;AC=UNIMOD:39;TA=C;MT=Fixed	NT=Oxidation;AC=UNIMOD:35;TA=M;MT=Variable	NT=TMTpro;AC=UNIMOD:2016;TA=K;MT=Fixed	NT=TMTpro;AC=UNIMOD:2016;PP=Any N-term;MT=Fixed	RET knockout clone C17
A14	Homo sapiens	cell culture	not available	2	neuroblastoma	cell line	not available	not available	SK-N-AS	CVCL_1700	SK-N-AS	RET knockout clone C17	Lumos_200817_63-TMT131C	proteomic profiling by mass spectrometry	1	Lumos_200817_63.raw	v1.1.0	NT=ms-proteomics;VV=v1.1.0	NT=human;VV=v1.1.0	NT=cell-lines;VV=v1.1.0	manual curation	NT=Data-dependent acquisition;AC=PRIDE:0000627	NT=Orbitrap Fusion Lumos;AC=MS:1002732	NT=Trypsin;AC=MS:1001251	TMT131C	22	NT=higher energy beam-type collision-induced dissociation;AC=MS:1000422	5 ppm	0.6 Da	NT=dithiothreitol (DTT);AC=PRIDE:0000608	NT=methyl methanethiosulfonate (MMTS);AC=PRIDE:0000605	NT=Methylthio;AC=UNIMOD:39;TA=C;MT=Fixed	NT=Oxidation;AC=UNIMOD:35;TA=M;MT=Variable	NT=TMTpro;AC=UNIMOD:2016;TA=K;MT=Fixed	NT=TMTpro;AC=UNIMOD:2016;PP=Any N-term;MT=Fixed	RET knockout clone C17
A14	Homo sapiens	cell culture	not available	2	neuroblastoma	cell line	not available	not available	SK-N-AS	CVCL_1700	SK-N-AS	RET knockout clone C17	Lumos_200817_64-TMT131C	proteomic profiling by mass spectrometry	1	Lumos_200817_64.raw	v1.1.0	NT=ms-proteomics;VV=v1.1.0	NT=human;VV=v1.1.0	NT=cell-lines;VV=v1.1.0	manual curation	NT=Data-dependent acquisition;AC=PRIDE:0000627	NT=Orbitrap Fusion Lumos;AC=MS:1002732	NT=Trypsin;AC=MS:1001251	TMT131C	23	NT=higher energy beam-type collision-induced dissociation;AC=MS:1000422	5 ppm	0.6 Da	NT=dithiothreitol (DTT);AC=PRIDE:0000608	NT=methyl methanethiosulfonate (MMTS);AC=PRIDE:0000605	NT=Methylthio;AC=UNIMOD:39;TA=C;MT=Fixed	NT=Oxidation;AC=UNIMOD:35;TA=M;MT=Variable	NT=TMTpro;AC=UNIMOD:2016;TA=K;MT=Fixed	NT=TMTpro;AC=UNIMOD:2016;PP=Any N-term;MT=Fixed	RET knockout clone C17
A14	Homo sapiens	cell culture	not available	2	neuroblastoma	cell line	not available	not available	SK-N-AS	CVCL_1700	SK-N-AS	RET knockout clone C17	Lumos_200817_65-TMT131C	proteomic profiling by mass spectrometry	1	Lumos_200817_65.raw	v1.1.0	NT=ms-proteomics;VV=v1.1.0	NT=human;VV=v1.1.0	NT=cell-lines;VV=v1.1.0	manual curation	NT=Data-dependent acquisition;AC=PRIDE:0000627	NT=Orbitrap Fusion Lumos;AC=MS:1002732	NT=Trypsin;AC=MS:1001251	TMT131C	24	NT=higher energy beam-type collision-induced dissociation;AC=MS:1000422	5 ppm	0.6 Da	NT=dithiothreitol (DTT);AC=PRIDE:0000608	NT=methyl methanethiosulfonate (MMTS);AC=PRIDE:0000605	NT=Methylthio;AC=UNIMOD:39;TA=C;MT=Fixed	NT=Oxidation;AC=UNIMOD:35;TA=M;MT=Variable	NT=TMTpro;AC=UNIMOD:2016;TA=K;MT=Fixed	NT=TMTpro;AC=UNIMOD:2016;PP=Any N-term;MT=Fixed	RET knockout clone C17
A14	Homo sapiens	cell culture	not available	2	neuroblastoma	cell line	not available	not available	SK-N-AS	CVCL_1700	SK-N-AS	RET knockout clone C17	Lumos_200817_66-TMT131C	proteomic profiling by mass spectrometry	1	Lumos_200817_66.raw	v1.1.0	NT=ms-proteomics;VV=v1.1.0	NT=human;VV=v1.1.0	NT=cell-lines;VV=v1.1.0	manual curation	NT=Data-dependent acquisition;AC=PRIDE:0000627	NT=Orbitrap Fusion Lumos;AC=MS:1002732	NT=Trypsin;AC=MS:1001251	TMT131C	25	NT=higher energy beam-type collision-induced dissociation;AC=MS:1000422	5 ppm	0.6 Da	NT=dithiothreitol (DTT);AC=PRIDE:0000608	NT=methyl methanethiosulfonate (MMTS);AC=PRIDE:0000605	NT=Methylthio;AC=UNIMOD:39;TA=C;MT=Fixed	NT=Oxidation;AC=UNIMOD:35;TA=M;MT=Variable	NT=TMTpro;AC=UNIMOD:2016;TA=K;MT=Fixed	NT=TMTpro;AC=UNIMOD:2016;PP=Any N-term;MT=Fixed	RET knockout clone C17
A14	Homo sapiens	cell culture	not available	2	neuroblastoma	cell line	not available	not available	SK-N-AS	CVCL_1700	SK-N-AS	RET knockout clone C17	Lumos_200817_67-TMT131C	proteomic profiling by mass spectrometry	1	Lumos_200817_67.raw	v1.1.0	NT=ms-proteomics;VV=v1.1.0	NT=human;VV=v1.1.0	NT=cell-lines;VV=v1.1.0	manual curation	NT=Data-dependent acquisition;AC=PRIDE:0000627	NT=Orbitrap Fusion Lumos;AC=MS:1002732	NT=Trypsin;AC=MS:1001251	TMT131C	26	NT=higher energy beam-type collision-induced dissociation;AC=MS:1000422	5 ppm	0.6 Da	NT=dithiothreitol (DTT);AC=PRIDE:0000608	NT=methyl methanethiosulfonate (MMTS);AC=PRIDE:0000605	NT=Methylthio;AC=UNIMOD:39;TA=C;MT=Fixed	NT=Oxidation;AC=UNIMOD:35;TA=M;MT=Variable	NT=TMTpro;AC=UNIMOD:2016;TA=K;MT=Fixed	NT=TMTpro;AC=UNIMOD:2016;PP=Any N-term;MT=Fixed	RET knockout clone C17
A14	Homo sapiens	cell culture	not available	2	neuroblastoma	cell line	not available	not available	SK-N-AS	CVCL_1700	SK-N-AS	RET knockout clone C17	Lumos_200817_68-TMT131C	proteomic profiling by mass spectrometry	1	Lumos_200817_68.raw	v1.1.0	NT=ms-proteomics;VV=v1.1.0	NT=human;VV=v1.1.0	NT=cell-lines;VV=v1.1.0	manual curation	NT=Data-dependent acquisition;AC=PRIDE:0000627	NT=Orbitrap Fusion Lumos;AC=MS:1002732	NT=Trypsin;AC=MS:1001251	TMT131C	27	NT=higher energy beam-type collision-induced dissociation;AC=MS:1000422	5 ppm	0.6 Da	NT=dithiothreitol (DTT);AC=PRIDE:0000608	NT=methyl methanethiosulfonate (MMTS);AC=PRIDE:0000605	NT=Methylthio;AC=UNIMOD:39;TA=C;MT=Fixed	NT=Oxidation;AC=UNIMOD:35;TA=M;MT=Variable	NT=TMTpro;AC=UNIMOD:2016;TA=K;MT=Fixed	NT=TMTpro;AC=UNIMOD:2016;PP=Any N-term;MT=Fixed	RET knockout clone C17
A14	Homo sapiens	cell culture	not available	2	neuroblastoma	cell line	not available	not available	SK-N-AS	CVCL_1700	SK-N-AS	RET knockout clone C17	Lumos_200817_69-TMT131C	proteomic profiling by mass spectrometry	1	Lumos_200817_69.raw	v1.1.0	NT=ms-proteomics;VV=v1.1.0	NT=human;VV=v1.1.0	NT=cell-lines;VV=v1.1.0	manual curation	NT=Data-dependent acquisition;AC=PRIDE:0000627	NT=Orbitrap Fusion Lumos;AC=MS:1002732	NT=Trypsin;AC=MS:1001251	TMT131C	28	NT=higher energy beam-type collision-induced dissociation;AC=MS:1000422	5 ppm	0.6 Da	NT=dithiothreitol (DTT);AC=PRIDE:0000608	NT=methyl methanethiosulfonate (MMTS);AC=PRIDE:0000605	NT=Methylthio;AC=UNIMOD:39;TA=C;MT=Fixed	NT=Oxidation;AC=UNIMOD:35;TA=M;MT=Variable	NT=TMTpro;AC=UNIMOD:2016;TA=K;MT=Fixed	NT=TMTpro;AC=UNIMOD:2016;PP=Any N-term;MT=Fixed	RET knockout clone C17
A14	Homo sapiens	cell culture	not available	2	neuroblastoma	cell line	not available	not available	SK-N-AS	CVCL_1700	SK-N-AS	RET knockout clone C17	Lumos_200817_70-TMT131C	proteomic profiling by mass spectrometry	1	Lumos_200817_70.raw	v1.1.0	NT=ms-proteomics;VV=v1.1.0	NT=human;VV=v1.1.0	NT=cell-lines;VV=v1.1.0	manual curation	NT=Data-dependent acquisition;AC=PRIDE:0000627	NT=Orbitrap Fusion Lumos;AC=MS:1002732	NT=Trypsin;AC=MS:1001251	TMT131C	29	NT=higher energy beam-type collision-induced dissociation;AC=MS:1000422	5 ppm	0.6 Da	NT=dithiothreitol (DTT);AC=PRIDE:0000608	NT=methyl methanethiosulfonate (MMTS);AC=PRIDE:0000605	NT=Methylthio;AC=UNIMOD:39;TA=C;MT=Fixed	NT=Oxidation;AC=UNIMOD:35;TA=M;MT=Variable	NT=TMTpro;AC=UNIMOD:2016;TA=K;MT=Fixed	NT=TMTpro;AC=UNIMOD:2016;PP=Any N-term;MT=Fixed	RET knockout clone C17
A14	Homo sapiens	cell culture	not available	2	neuroblastoma	cell line	not available	not available	SK-N-AS	CVCL_1700	SK-N-AS	RET knockout clone C17	Lumos_200817_71-TMT131C	proteomic profiling by mass spectrometry	1	Lumos_200817_71.raw	v1.1.0	NT=ms-proteomics;VV=v1.1.0	NT=human;VV=v1.1.0	NT=cell-lines;VV=v1.1.0	manual curation	NT=Data-dependent acquisition;AC=PRIDE:0000627	NT=Orbitrap Fusion Lumos;AC=MS:1002732	NT=Trypsin;AC=MS:1001251	TMT131C	30	NT=higher energy beam-type collision-induced dissociation;AC=MS:1000422	5 ppm	0.6 Da	NT=dithiothreitol (DTT);AC=PRIDE:0000608	NT=methyl methanethiosulfonate (MMTS);AC=PRIDE:0000605	NT=Methylthio;AC=UNIMOD:39;TA=C;MT=Fixed	NT=Oxidation;AC=UNIMOD:35;TA=M;MT=Variable	NT=TMTpro;AC=UNIMOD:2016;TA=K;MT=Fixed	NT=TMTpro;AC=UNIMOD:2016;PP=Any N-term;MT=Fixed	RET knockout clone C17
A7	Homo sapiens	cell culture	not available	1	neuroblastoma	cell line	not available	not available	SK-N-AS	CVCL_1700	SK-N-AS	RET knockout clone C2	Lumos_200817_42-TMT132N	proteomic profiling by mass spectrometry	1	Lumos_200817_42.raw	v1.1.0	NT=ms-proteomics;VV=v1.1.0	NT=human;VV=v1.1.0	NT=cell-lines;VV=v1.1.0	manual curation	NT=Data-dependent acquisition;AC=PRIDE:0000627	NT=Orbitrap Fusion Lumos;AC=MS:1002732	NT=Trypsin;AC=MS:1001251	TMT132N	1	NT=higher energy beam-type collision-induced dissociation;AC=MS:1000422	5 ppm	0.6 Da	NT=dithiothreitol (DTT);AC=PRIDE:0000608	NT=methyl methanethiosulfonate (MMTS);AC=PRIDE:0000605	NT=Methylthio;AC=UNIMOD:39;TA=C;MT=Fixed	NT=Oxidation;AC=UNIMOD:35;TA=M;MT=Variable	NT=TMTpro;AC=UNIMOD:2016;TA=K;MT=Fixed	NT=TMTpro;AC=UNIMOD:2016;PP=Any N-term;MT=Fixed	RET knockout clone C2
A7	Homo sapiens	cell culture	not available	1	neuroblastoma	cell line	not available	not available	SK-N-AS	CVCL_1700	SK-N-AS	RET knockout clone C2	Lumos_200817_43-TMT132N	proteomic profiling by mass spectrometry	1	Lumos_200817_43.raw	v1.1.0	NT=ms-proteomics;VV=v1.1.0	NT=human;VV=v1.1.0	NT=cell-lines;VV=v1.1.0	manual curation	NT=Data-dependent acquisition;AC=PRIDE:0000627	NT=Orbitrap Fusion Lumos;AC=MS:1002732	NT=Trypsin;AC=MS:1001251	TMT132N	2	NT=higher energy beam-type collision-induced dissociation;AC=MS:1000422	5 ppm	0.6 Da	NT=dithiothreitol (DTT);AC=PRIDE:0000608	NT=methyl methanethiosulfonate (MMTS);AC=PRIDE:0000605	NT=Methylthio;AC=UNIMOD:39;TA=C;MT=Fixed	NT=Oxidation;AC=UNIMOD:35;TA=M;MT=Variable	NT=TMTpro;AC=UNIMOD:2016;TA=K;MT=Fixed	NT=TMTpro;AC=UNIMOD:2016;PP=Any N-term;MT=Fixed	RET knockout clone C2
A7	Homo sapiens	cell culture	not available	1	neuroblastoma	cell line	not available	not available	SK-N-AS	CVCL_1700	SK-N-AS	RET knockout clone C2	Lumos_200817_44-TMT132N	proteomic profiling by mass spectrometry	1	Lumos_200817_44.raw	v1.1.0	NT=ms-proteomics;VV=v1.1.0	NT=human;VV=v1.1.0	NT=cell-lines;VV=v1.1.0	manual curation	NT=Data-dependent acquisition;AC=PRIDE:0000627	NT=Orbitrap Fusion Lumos;AC=MS:1002732	NT=Trypsin;AC=MS:1001251	TMT132N	3	NT=higher energy beam-type collision-induced dissociation;AC=MS:1000422	5 ppm	0.6 Da	NT=dithiothreitol (DTT);AC=PRIDE:0000608	NT=methyl methanethiosulfonate (MMTS);AC=PRIDE:0000605	NT=Methylthio;AC=UNIMOD:39;TA=C;MT=Fixed	NT=Oxidation;AC=UNIMOD:35;TA=M;MT=Variable	NT=TMTpro;AC=UNIMOD:2016;TA=K;MT=Fixed	NT=TMTpro;AC=UNIMOD:2016;PP=Any N-term;MT=Fixed	RET knockout clone C2
A7	Homo sapiens	cell culture	not available	1	neuroblastoma	cell line	not available	not available	SK-N-AS	CVCL_1700	SK-N-AS	RET knockout clone C2	Lumos_200817_45-TMT132N	proteomic profiling by mass spectrometry	1	Lumos_200817_45.raw	v1.1.0	NT=ms-proteomics;VV=v1.1.0	NT=human;VV=v1.1.0	NT=cell-lines;VV=v1.1.0	manual curation	NT=Data-dependent acquisition;AC=PRIDE:0000627	NT=Orbitrap Fusion Lumos;AC=MS:1002732	NT=Trypsin;AC=MS:1001251	TMT132N	4	NT=higher energy beam-type collision-induced dissociation;AC=MS:1000422	5 ppm	0.6 Da	NT=dithiothreitol (DTT);AC=PRIDE:0000608	NT=methyl methanethiosulfonate (MMTS);AC=PRIDE:0000605	NT=Methylthio;AC=UNIMOD:39;TA=C;MT=Fixed	NT=Oxidation;AC=UNIMOD:35;TA=M;MT=Variable	NT=TMTpro;AC=UNIMOD:2016;TA=K;MT=Fixed	NT=TMTpro;AC=UNIMOD:2016;PP=Any N-term;MT=Fixed	RET knockout clone C2
A7	Homo sapiens	cell culture	not available	1	neuroblastoma	cell line	not available	not available	SK-N-AS	CVCL_1700	SK-N-AS	RET knockout clone C2	Lumos_200817_46-TMT132N	proteomic profiling by mass spectrometry	1	Lumos_200817_46.raw	v1.1.0	NT=ms-proteomics;VV=v1.1.0	NT=human;VV=v1.1.0	NT=cell-lines;VV=v1.1.0	manual curation	NT=Data-dependent acquisition;AC=PRIDE:0000627	NT=Orbitrap Fusion Lumos;AC=MS:1002732	NT=Trypsin;AC=MS:1001251	TMT132N	5	NT=higher energy beam-type collision-induced dissociation;AC=MS:1000422	5 ppm	0.6 Da	NT=dithiothreitol (DTT);AC=PRIDE:0000608	NT=methyl methanethiosulfonate (MMTS);AC=PRIDE:0000605	NT=Methylthio;AC=UNIMOD:39;TA=C;MT=Fixed	NT=Oxidation;AC=UNIMOD:35;TA=M;MT=Variable	NT=TMTpro;AC=UNIMOD:2016;TA=K;MT=Fixed	NT=TMTpro;AC=UNIMOD:2016;PP=Any N-term;MT=Fixed	RET knockout clone C2
A7	Homo sapiens	cell culture	not available	1	neuroblastoma	cell line	not available	not available	SK-N-AS	CVCL_1700	SK-N-AS	RET knockout clone C2	Lumos_200817_47-TMT132N	proteomic profiling by mass spectrometry	1	Lumos_200817_47.raw	v1.1.0	NT=ms-proteomics;VV=v1.1.0	NT=human;VV=v1.1.0	NT=cell-lines;VV=v1.1.0	manual curation	NT=Data-dependent acquisition;AC=PRIDE:0000627	NT=Orbitrap Fusion Lumos;AC=MS:1002732	NT=Trypsin;AC=MS:1001251	TMT132N	6	NT=higher energy beam-type collision-induced dissociation;AC=MS:1000422	5 ppm	0.6 Da	NT=dithiothreitol (DTT);AC=PRIDE:0000608	NT=methyl methanethiosulfonate (MMTS);AC=PRIDE:0000605	NT=Methylthio;AC=UNIMOD:39;TA=C;MT=Fixed	NT=Oxidation;AC=UNIMOD:35;TA=M;MT=Variable	NT=TMTpro;AC=UNIMOD:2016;TA=K;MT=Fixed	NT=TMTpro;AC=UNIMOD:2016;PP=Any N-term;MT=Fixed	RET knockout clone C2
A7	Homo sapiens	cell culture	not available	1	neuroblastoma	cell line	not available	not available	SK-N-AS	CVCL_1700	SK-N-AS	RET knockout clone C2	Lumos_200817_48-TMT132N	proteomic profiling by mass spectrometry	1	Lumos_200817_48.raw	v1.1.0	NT=ms-proteomics;VV=v1.1.0	NT=human;VV=v1.1.0	NT=cell-lines;VV=v1.1.0	manual curation	NT=Data-dependent acquisition;AC=PRIDE:0000627	NT=Orbitrap Fusion Lumos;AC=MS:1002732	NT=Trypsin;AC=MS:1001251	TMT132N	7	NT=higher energy beam-type collision-induced dissociation;AC=MS:1000422	5 ppm	0.6 Da	NT=dithiothreitol (DTT);AC=PRIDE:0000608	NT=methyl methanethiosulfonate (MMTS);AC=PRIDE:0000605	NT=Methylthio;AC=UNIMOD:39;TA=C;MT=Fixed	NT=Oxidation;AC=UNIMOD:35;TA=M;MT=Variable	NT=TMTpro;AC=UNIMOD:2016;TA=K;MT=Fixed	NT=TMTpro;AC=UNIMOD:2016;PP=Any N-term;MT=Fixed	RET knockout clone C2
A7	Homo sapiens	cell culture	not available	1	neuroblastoma	cell line	not available	not available	SK-N-AS	CVCL_1700	SK-N-AS	RET knockout clone C2	Lumos_200817_49-TMT132N	proteomic profiling by mass spectrometry	1	Lumos_200817_49.raw	v1.1.0	NT=ms-proteomics;VV=v1.1.0	NT=human;VV=v1.1.0	NT=cell-lines;VV=v1.1.0	manual curation	NT=Data-dependent acquisition;AC=PRIDE:0000627	NT=Orbitrap Fusion Lumos;AC=MS:1002732	NT=Trypsin;AC=MS:1001251	TMT132N	8	NT=higher energy beam-type collision-induced dissociation;AC=MS:1000422	5 ppm	0.6 Da	NT=dithiothreitol (DTT);AC=PRIDE:0000608	NT=methyl methanethiosulfonate (MMTS);AC=PRIDE:0000605	NT=Methylthio;AC=UNIMOD:39;TA=C;MT=Fixed	NT=Oxidation;AC=UNIMOD:35;TA=M;MT=Variable	NT=TMTpro;AC=UNIMOD:2016;TA=K;MT=Fixed	NT=TMTpro;AC=UNIMOD:2016;PP=Any N-term;MT=Fixed	RET knockout clone C2
A7	Homo sapiens	cell culture	not available	1	neuroblastoma	cell line	not available	not available	SK-N-AS	CVCL_1700	SK-N-AS	RET knockout clone C2	Lumos_200817_50-TMT132N	proteomic profiling by mass spectrometry	1	Lumos_200817_50.raw	v1.1.0	NT=ms-proteomics;VV=v1.1.0	NT=human;VV=v1.1.0	NT=cell-lines;VV=v1.1.0	manual curation	NT=Data-dependent acquisition;AC=PRIDE:0000627	NT=Orbitrap Fusion Lumos;AC=MS:1002732	NT=Trypsin;AC=MS:1001251	TMT132N	9	NT=higher energy beam-type collision-induced dissociation;AC=MS:1000422	5 ppm	0.6 Da	NT=dithiothreitol (DTT);AC=PRIDE:0000608	NT=methyl methanethiosulfonate (MMTS);AC=PRIDE:0000605	NT=Methylthio;AC=UNIMOD:39;TA=C;MT=Fixed	NT=Oxidation;AC=UNIMOD:35;TA=M;MT=Variable	NT=TMTpro;AC=UNIMOD:2016;TA=K;MT=Fixed	NT=TMTpro;AC=UNIMOD:2016;PP=Any N-term;MT=Fixed	RET knockout clone C2
A7	Homo sapiens	cell culture	not available	1	neuroblastoma	cell line	not available	not available	SK-N-AS	CVCL_1700	SK-N-AS	RET knockout clone C2	Lumos_200817_51-TMT132N	proteomic profiling by mass spectrometry	1	Lumos_200817_51.raw	v1.1.0	NT=ms-proteomics;VV=v1.1.0	NT=human;VV=v1.1.0	NT=cell-lines;VV=v1.1.0	manual curation	NT=Data-dependent acquisition;AC=PRIDE:0000627	NT=Orbitrap Fusion Lumos;AC=MS:1002732	NT=Trypsin;AC=MS:1001251	TMT132N	10	NT=higher energy beam-type collision-induced dissociation;AC=MS:1000422	5 ppm	0.6 Da	NT=dithiothreitol (DTT);AC=PRIDE:0000608	NT=methyl methanethiosulfonate (MMTS);AC=PRIDE:0000605	NT=Methylthio;AC=UNIMOD:39;TA=C;MT=Fixed	NT=Oxidation;AC=UNIMOD:35;TA=M;MT=Variable	NT=TMTpro;AC=UNIMOD:2016;TA=K;MT=Fixed	NT=TMTpro;AC=UNIMOD:2016;PP=Any N-term;MT=Fixed	RET knockout clone C2
A7	Homo sapiens	cell culture	not available	1	neuroblastoma	cell line	not available	not available	SK-N-AS	CVCL_1700	SK-N-AS	RET knockout clone C2	Lumos_200817_52-TMT132N	proteomic profiling by mass spectrometry	1	Lumos_200817_52.raw	v1.1.0	NT=ms-proteomics;VV=v1.1.0	NT=human;VV=v1.1.0	NT=cell-lines;VV=v1.1.0	manual curation	NT=Data-dependent acquisition;AC=PRIDE:0000627	NT=Orbitrap Fusion Lumos;AC=MS:1002732	NT=Trypsin;AC=MS:1001251	TMT132N	11	NT=higher energy beam-type collision-induced dissociation;AC=MS:1000422	5 ppm	0.6 Da	NT=dithiothreitol (DTT);AC=PRIDE:0000608	NT=methyl methanethiosulfonate (MMTS);AC=PRIDE:0000605	NT=Methylthio;AC=UNIMOD:39;TA=C;MT=Fixed	NT=Oxidation;AC=UNIMOD:35;TA=M;MT=Variable	NT=TMTpro;AC=UNIMOD:2016;TA=K;MT=Fixed	NT=TMTpro;AC=UNIMOD:2016;PP=Any N-term;MT=Fixed	RET knockout clone C2
A7	Homo sapiens	cell culture	not available	1	neuroblastoma	cell line	not available	not available	SK-N-AS	CVCL_1700	SK-N-AS	RET knockout clone C2	Lumos_200817_53-TMT132N	proteomic profiling by mass spectrometry	1	Lumos_200817_53.raw	v1.1.0	NT=ms-proteomics;VV=v1.1.0	NT=human;VV=v1.1.0	NT=cell-lines;VV=v1.1.0	manual curation	NT=Data-dependent acquisition;AC=PRIDE:0000627	NT=Orbitrap Fusion Lumos;AC=MS:1002732	NT=Trypsin;AC=MS:1001251	TMT132N	12	NT=higher energy beam-type collision-induced dissociation;AC=MS:1000422	5 ppm	0.6 Da	NT=dithiothreitol (DTT);AC=PRIDE:0000608	NT=methyl methanethiosulfonate (MMTS);AC=PRIDE:0000605	NT=Methylthio;AC=UNIMOD:39;TA=C;MT=Fixed	NT=Oxidation;AC=UNIMOD:35;TA=M;MT=Variable	NT=TMTpro;AC=UNIMOD:2016;TA=K;MT=Fixed	NT=TMTpro;AC=UNIMOD:2016;PP=Any N-term;MT=Fixed	RET knockout clone C2
A7	Homo sapiens	cell culture	not available	1	neuroblastoma	cell line	not available	not available	SK-N-AS	CVCL_1700	SK-N-AS	RET knockout clone C2	Lumos_200817_54-TMT132N	proteomic profiling by mass spectrometry	1	Lumos_200817_54.raw	v1.1.0	NT=ms-proteomics;VV=v1.1.0	NT=human;VV=v1.1.0	NT=cell-lines;VV=v1.1.0	manual curation	NT=Data-dependent acquisition;AC=PRIDE:0000627	NT=Orbitrap Fusion Lumos;AC=MS:1002732	NT=Trypsin;AC=MS:1001251	TMT132N	13	NT=higher energy beam-type collision-induced dissociation;AC=MS:1000422	5 ppm	0.6 Da	NT=dithiothreitol (DTT);AC=PRIDE:0000608	NT=methyl methanethiosulfonate (MMTS);AC=PRIDE:0000605	NT=Methylthio;AC=UNIMOD:39;TA=C;MT=Fixed	NT=Oxidation;AC=UNIMOD:35;TA=M;MT=Variable	NT=TMTpro;AC=UNIMOD:2016;TA=K;MT=Fixed	NT=TMTpro;AC=UNIMOD:2016;PP=Any N-term;MT=Fixed	RET knockout clone C2
A7	Homo sapiens	cell culture	not available	1	neuroblastoma	cell line	not available	not available	SK-N-AS	CVCL_1700	SK-N-AS	RET knockout clone C2	Lumos_200817_55-TMT132N	proteomic profiling by mass spectrometry	1	Lumos_200817_55.raw	v1.1.0	NT=ms-proteomics;VV=v1.1.0	NT=human;VV=v1.1.0	NT=cell-lines;VV=v1.1.0	manual curation	NT=Data-dependent acquisition;AC=PRIDE:0000627	NT=Orbitrap Fusion Lumos;AC=MS:1002732	NT=Trypsin;AC=MS:1001251	TMT132N	14	NT=higher energy beam-type collision-induced dissociation;AC=MS:1000422	5 ppm	0.6 Da	NT=dithiothreitol (DTT);AC=PRIDE:0000608	NT=methyl methanethiosulfonate (MMTS);AC=PRIDE:0000605	NT=Methylthio;AC=UNIMOD:39;TA=C;MT=Fixed	NT=Oxidation;AC=UNIMOD:35;TA=M;MT=Variable	NT=TMTpro;AC=UNIMOD:2016;TA=K;MT=Fixed	NT=TMTpro;AC=UNIMOD:2016;PP=Any N-term;MT=Fixed	RET knockout clone C2
A7	Homo sapiens	cell culture	not available	1	neuroblastoma	cell line	not available	not available	SK-N-AS	CVCL_1700	SK-N-AS	RET knockout clone C2	Lumos_200817_56-TMT132N	proteomic profiling by mass spectrometry	1	Lumos_200817_56.raw	v1.1.0	NT=ms-proteomics;VV=v1.1.0	NT=human;VV=v1.1.0	NT=cell-lines;VV=v1.1.0	manual curation	NT=Data-dependent acquisition;AC=PRIDE:0000627	NT=Orbitrap Fusion Lumos;AC=MS:1002732	NT=Trypsin;AC=MS:1001251	TMT132N	15	NT=higher energy beam-type collision-induced dissociation;AC=MS:1000422	5 ppm	0.6 Da	NT=dithiothreitol (DTT);AC=PRIDE:0000608	NT=methyl methanethiosulfonate (MMTS);AC=PRIDE:0000605	NT=Methylthio;AC=UNIMOD:39;TA=C;MT=Fixed	NT=Oxidation;AC=UNIMOD:35;TA=M;MT=Variable	NT=TMTpro;AC=UNIMOD:2016;TA=K;MT=Fixed	NT=TMTpro;AC=UNIMOD:2016;PP=Any N-term;MT=Fixed	RET knockout clone C2
A7	Homo sapiens	cell culture	not available	1	neuroblastoma	cell line	not available	not available	SK-N-AS	CVCL_1700	SK-N-AS	RET knockout clone C2	Lumos_200817_57-TMT132N	proteomic profiling by mass spectrometry	1	Lumos_200817_57.raw	v1.1.0	NT=ms-proteomics;VV=v1.1.0	NT=human;VV=v1.1.0	NT=cell-lines;VV=v1.1.0	manual curation	NT=Data-dependent acquisition;AC=PRIDE:0000627	NT=Orbitrap Fusion Lumos;AC=MS:1002732	NT=Trypsin;AC=MS:1001251	TMT132N	16	NT=higher energy beam-type collision-induced dissociation;AC=MS:1000422	5 ppm	0.6 Da	NT=dithiothreitol (DTT);AC=PRIDE:0000608	NT=methyl methanethiosulfonate (MMTS);AC=PRIDE:0000605	NT=Methylthio;AC=UNIMOD:39;TA=C;MT=Fixed	NT=Oxidation;AC=UNIMOD:35;TA=M;MT=Variable	NT=TMTpro;AC=UNIMOD:2016;TA=K;MT=Fixed	NT=TMTpro;AC=UNIMOD:2016;PP=Any N-term;MT=Fixed	RET knockout clone C2
A7	Homo sapiens	cell culture	not available	1	neuroblastoma	cell line	not available	not available	SK-N-AS	CVCL_1700	SK-N-AS	RET knockout clone C2	Lumos_200817_58-TMT132N	proteomic profiling by mass spectrometry	1	Lumos_200817_58.raw	v1.1.0	NT=ms-proteomics;VV=v1.1.0	NT=human;VV=v1.1.0	NT=cell-lines;VV=v1.1.0	manual curation	NT=Data-dependent acquisition;AC=PRIDE:0000627	NT=Orbitrap Fusion Lumos;AC=MS:1002732	NT=Trypsin;AC=MS:1001251	TMT132N	17	NT=higher energy beam-type collision-induced dissociation;AC=MS:1000422	5 ppm	0.6 Da	NT=dithiothreitol (DTT);AC=PRIDE:0000608	NT=methyl methanethiosulfonate (MMTS);AC=PRIDE:0000605	NT=Methylthio;AC=UNIMOD:39;TA=C;MT=Fixed	NT=Oxidation;AC=UNIMOD:35;TA=M;MT=Variable	NT=TMTpro;AC=UNIMOD:2016;TA=K;MT=Fixed	NT=TMTpro;AC=UNIMOD:2016;PP=Any N-term;MT=Fixed	RET knockout clone C2
A7	Homo sapiens	cell culture	not available	1	neuroblastoma	cell line	not available	not available	SK-N-AS	CVCL_1700	SK-N-AS	RET knockout clone C2	Lumos_200817_59-TMT132N	proteomic profiling by mass spectrometry	1	Lumos_200817_59.raw	v1.1.0	NT=ms-proteomics;VV=v1.1.0	NT=human;VV=v1.1.0	NT=cell-lines;VV=v1.1.0	manual curation	NT=Data-dependent acquisition;AC=PRIDE:0000627	NT=Orbitrap Fusion Lumos;AC=MS:1002732	NT=Trypsin;AC=MS:1001251	TMT132N	18	NT=higher energy beam-type collision-induced dissociation;AC=MS:1000422	5 ppm	0.6 Da	NT=dithiothreitol (DTT);AC=PRIDE:0000608	NT=methyl methanethiosulfonate (MMTS);AC=PRIDE:0000605	NT=Methylthio;AC=UNIMOD:39;TA=C;MT=Fixed	NT=Oxidation;AC=UNIMOD:35;TA=M;MT=Variable	NT=TMTpro;AC=UNIMOD:2016;TA=K;MT=Fixed	NT=TMTpro;AC=UNIMOD:2016;PP=Any N-term;MT=Fixed	RET knockout clone C2
A7	Homo sapiens	cell culture	not available	1	neuroblastoma	cell line	not available	not available	SK-N-AS	CVCL_1700	SK-N-AS	RET knockout clone C2	Lumos_200817_60-TMT132N	proteomic profiling by mass spectrometry	1	Lumos_200817_60.raw	v1.1.0	NT=ms-proteomics;VV=v1.1.0	NT=human;VV=v1.1.0	NT=cell-lines;VV=v1.1.0	manual curation	NT=Data-dependent acquisition;AC=PRIDE:0000627	NT=Orbitrap Fusion Lumos;AC=MS:1002732	NT=Trypsin;AC=MS:1001251	TMT132N	19	NT=higher energy beam-type collision-induced dissociation;AC=MS:1000422	5 ppm	0.6 Da	NT=dithiothreitol (DTT);AC=PRIDE:0000608	NT=methyl methanethiosulfonate (MMTS);AC=PRIDE:0000605	NT=Methylthio;AC=UNIMOD:39;TA=C;MT=Fixed	NT=Oxidation;AC=UNIMOD:35;TA=M;MT=Variable	NT=TMTpro;AC=UNIMOD:2016;TA=K;MT=Fixed	NT=TMTpro;AC=UNIMOD:2016;PP=Any N-term;MT=Fixed	RET knockout clone C2
A7	Homo sapiens	cell culture	not available	1	neuroblastoma	cell line	not available	not available	SK-N-AS	CVCL_1700	SK-N-AS	RET knockout clone C2	Lumos_200817_61-TMT132N	proteomic profiling by mass spectrometry	1	Lumos_200817_61.raw	v1.1.0	NT=ms-proteomics;VV=v1.1.0	NT=human;VV=v1.1.0	NT=cell-lines;VV=v1.1.0	manual curation	NT=Data-dependent acquisition;AC=PRIDE:0000627	NT=Orbitrap Fusion Lumos;AC=MS:1002732	NT=Trypsin;AC=MS:1001251	TMT132N	20	NT=higher energy beam-type collision-induced dissociation;AC=MS:1000422	5 ppm	0.6 Da	NT=dithiothreitol (DTT);AC=PRIDE:0000608	NT=methyl methanethiosulfonate (MMTS);AC=PRIDE:0000605	NT=Methylthio;AC=UNIMOD:39;TA=C;MT=Fixed	NT=Oxidation;AC=UNIMOD:35;TA=M;MT=Variable	NT=TMTpro;AC=UNIMOD:2016;TA=K;MT=Fixed	NT=TMTpro;AC=UNIMOD:2016;PP=Any N-term;MT=Fixed	RET knockout clone C2
A7	Homo sapiens	cell culture	not available	1	neuroblastoma	cell line	not available	not available	SK-N-AS	CVCL_1700	SK-N-AS	RET knockout clone C2	Lumos_200817_62-TMT132N	proteomic profiling by mass spectrometry	1	Lumos_200817_62.raw	v1.1.0	NT=ms-proteomics;VV=v1.1.0	NT=human;VV=v1.1.0	NT=cell-lines;VV=v1.1.0	manual curation	NT=Data-dependent acquisition;AC=PRIDE:0000627	NT=Orbitrap Fusion Lumos;AC=MS:1002732	NT=Trypsin;AC=MS:1001251	TMT132N	21	NT=higher energy beam-type collision-induced dissociation;AC=MS:1000422	5 ppm	0.6 Da	NT=dithiothreitol (DTT);AC=PRIDE:0000608	NT=methyl methanethiosulfonate (MMTS);AC=PRIDE:0000605	NT=Methylthio;AC=UNIMOD:39;TA=C;MT=Fixed	NT=Oxidation;AC=UNIMOD:35;TA=M;MT=Variable	NT=TMTpro;AC=UNIMOD:2016;TA=K;MT=Fixed	NT=TMTpro;AC=UNIMOD:2016;PP=Any N-term;MT=Fixed	RET knockout clone C2
A7	Homo sapiens	cell culture	not available	1	neuroblastoma	cell line	not available	not available	SK-N-AS	CVCL_1700	SK-N-AS	RET knockout clone C2	Lumos_200817_63-TMT132N	proteomic profiling by mass spectrometry	1	Lumos_200817_63.raw	v1.1.0	NT=ms-proteomics;VV=v1.1.0	NT=human;VV=v1.1.0	NT=cell-lines;VV=v1.1.0	manual curation	NT=Data-dependent acquisition;AC=PRIDE:0000627	NT=Orbitrap Fusion Lumos;AC=MS:1002732	NT=Trypsin;AC=MS:1001251	TMT132N	22	NT=higher energy beam-type collision-induced dissociation;AC=MS:1000422	5 ppm	0.6 Da	NT=dithiothreitol (DTT);AC=PRIDE:0000608	NT=methyl methanethiosulfonate (MMTS);AC=PRIDE:0000605	NT=Methylthio;AC=UNIMOD:39;TA=C;MT=Fixed	NT=Oxidation;AC=UNIMOD:35;TA=M;MT=Variable	NT=TMTpro;AC=UNIMOD:2016;TA=K;MT=Fixed	NT=TMTpro;AC=UNIMOD:2016;PP=Any N-term;MT=Fixed	RET knockout clone C2
A7	Homo sapiens	cell culture	not available	1	neuroblastoma	cell line	not available	not available	SK-N-AS	CVCL_1700	SK-N-AS	RET knockout clone C2	Lumos_200817_64-TMT132N	proteomic profiling by mass spectrometry	1	Lumos_200817_64.raw	v1.1.0	NT=ms-proteomics;VV=v1.1.0	NT=human;VV=v1.1.0	NT=cell-lines;VV=v1.1.0	manual curation	NT=Data-dependent acquisition;AC=PRIDE:0000627	NT=Orbitrap Fusion Lumos;AC=MS:1002732	NT=Trypsin;AC=MS:1001251	TMT132N	23	NT=higher energy beam-type collision-induced dissociation;AC=MS:1000422	5 ppm	0.6 Da	NT=dithiothreitol (DTT);AC=PRIDE:0000608	NT=methyl methanethiosulfonate (MMTS);AC=PRIDE:0000605	NT=Methylthio;AC=UNIMOD:39;TA=C;MT=Fixed	NT=Oxidation;AC=UNIMOD:35;TA=M;MT=Variable	NT=TMTpro;AC=UNIMOD:2016;TA=K;MT=Fixed	NT=TMTpro;AC=UNIMOD:2016;PP=Any N-term;MT=Fixed	RET knockout clone C2
A7	Homo sapiens	cell culture	not available	1	neuroblastoma	cell line	not available	not available	SK-N-AS	CVCL_1700	SK-N-AS	RET knockout clone C2	Lumos_200817_65-TMT132N	proteomic profiling by mass spectrometry	1	Lumos_200817_65.raw	v1.1.0	NT=ms-proteomics;VV=v1.1.0	NT=human;VV=v1.1.0	NT=cell-lines;VV=v1.1.0	manual curation	NT=Data-dependent acquisition;AC=PRIDE:0000627	NT=Orbitrap Fusion Lumos;AC=MS:1002732	NT=Trypsin;AC=MS:1001251	TMT132N	24	NT=higher energy beam-type collision-induced dissociation;AC=MS:1000422	5 ppm	0.6 Da	NT=dithiothreitol (DTT);AC=PRIDE:0000608	NT=methyl methanethiosulfonate (MMTS);AC=PRIDE:0000605	NT=Methylthio;AC=UNIMOD:39;TA=C;MT=Fixed	NT=Oxidation;AC=UNIMOD:35;TA=M;MT=Variable	NT=TMTpro;AC=UNIMOD:2016;TA=K;MT=Fixed	NT=TMTpro;AC=UNIMOD:2016;PP=Any N-term;MT=Fixed	RET knockout clone C2
A7	Homo sapiens	cell culture	not available	1	neuroblastoma	cell line	not available	not available	SK-N-AS	CVCL_1700	SK-N-AS	RET knockout clone C2	Lumos_200817_66-TMT132N	proteomic profiling by mass spectrometry	1	Lumos_200817_66.raw	v1.1.0	NT=ms-proteomics;VV=v1.1.0	NT=human;VV=v1.1.0	NT=cell-lines;VV=v1.1.0	manual curation	NT=Data-dependent acquisition;AC=PRIDE:0000627	NT=Orbitrap Fusion Lumos;AC=MS:1002732	NT=Trypsin;AC=MS:1001251	TMT132N	25	NT=higher energy beam-type collision-induced dissociation;AC=MS:1000422	5 ppm	0.6 Da	NT=dithiothreitol (DTT);AC=PRIDE:0000608	NT=methyl methanethiosulfonate (MMTS);AC=PRIDE:0000605	NT=Methylthio;AC=UNIMOD:39;TA=C;MT=Fixed	NT=Oxidation;AC=UNIMOD:35;TA=M;MT=Variable	NT=TMTpro;AC=UNIMOD:2016;TA=K;MT=Fixed	NT=TMTpro;AC=UNIMOD:2016;PP=Any N-term;MT=Fixed	RET knockout clone C2
A7	Homo sapiens	cell culture	not available	1	neuroblastoma	cell line	not available	not available	SK-N-AS	CVCL_1700	SK-N-AS	RET knockout clone C2	Lumos_200817_67-TMT132N	proteomic profiling by mass spectrometry	1	Lumos_200817_67.raw	v1.1.0	NT=ms-proteomics;VV=v1.1.0	NT=human;VV=v1.1.0	NT=cell-lines;VV=v1.1.0	manual curation	NT=Data-dependent acquisition;AC=PRIDE:0000627	NT=Orbitrap Fusion Lumos;AC=MS:1002732	NT=Trypsin;AC=MS:1001251	TMT132N	26	NT=higher energy beam-type collision-induced dissociation;AC=MS:1000422	5 ppm	0.6 Da	NT=dithiothreitol (DTT);AC=PRIDE:0000608	NT=methyl methanethiosulfonate (MMTS);AC=PRIDE:0000605	NT=Methylthio;AC=UNIMOD:39;TA=C;MT=Fixed	NT=Oxidation;AC=UNIMOD:35;TA=M;MT=Variable	NT=TMTpro;AC=UNIMOD:2016;TA=K;MT=Fixed	NT=TMTpro;AC=UNIMOD:2016;PP=Any N-term;MT=Fixed	RET knockout clone C2
A7	Homo sapiens	cell culture	not available	1	neuroblastoma	cell line	not available	not available	SK-N-AS	CVCL_1700	SK-N-AS	RET knockout clone C2	Lumos_200817_68-TMT132N	proteomic profiling by mass spectrometry	1	Lumos_200817_68.raw	v1.1.0	NT=ms-proteomics;VV=v1.1.0	NT=human;VV=v1.1.0	NT=cell-lines;VV=v1.1.0	manual curation	NT=Data-dependent acquisition;AC=PRIDE:0000627	NT=Orbitrap Fusion Lumos;AC=MS:1002732	NT=Trypsin;AC=MS:1001251	TMT132N	27	NT=higher energy beam-type collision-induced dissociation;AC=MS:1000422	5 ppm	0.6 Da	NT=dithiothreitol (DTT);AC=PRIDE:0000608	NT=methyl methanethiosulfonate (MMTS);AC=PRIDE:0000605	NT=Methylthio;AC=UNIMOD:39;TA=C;MT=Fixed	NT=Oxidation;AC=UNIMOD:35;TA=M;MT=Variable	NT=TMTpro;AC=UNIMOD:2016;TA=K;MT=Fixed	NT=TMTpro;AC=UNIMOD:2016;PP=Any N-term;MT=Fixed	RET knockout clone C2
A7	Homo sapiens	cell culture	not available	1	neuroblastoma	cell line	not available	not available	SK-N-AS	CVCL_1700	SK-N-AS	RET knockout clone C2	Lumos_200817_69-TMT132N	proteomic profiling by mass spectrometry	1	Lumos_200817_69.raw	v1.1.0	NT=ms-proteomics;VV=v1.1.0	NT=human;VV=v1.1.0	NT=cell-lines;VV=v1.1.0	manual curation	NT=Data-dependent acquisition;AC=PRIDE:0000627	NT=Orbitrap Fusion Lumos;AC=MS:1002732	NT=Trypsin;AC=MS:1001251	TMT132N	28	NT=higher energy beam-type collision-induced dissociation;AC=MS:1000422	5 ppm	0.6 Da	NT=dithiothreitol (DTT);AC=PRIDE:0000608	NT=methyl methanethiosulfonate (MMTS);AC=PRIDE:0000605	NT=Methylthio;AC=UNIMOD:39;TA=C;MT=Fixed	NT=Oxidation;AC=UNIMOD:35;TA=M;MT=Variable	NT=TMTpro;AC=UNIMOD:2016;TA=K;MT=Fixed	NT=TMTpro;AC=UNIMOD:2016;PP=Any N-term;MT=Fixed	RET knockout clone C2
A7	Homo sapiens	cell culture	not available	1	neuroblastoma	cell line	not available	not available	SK-N-AS	CVCL_1700	SK-N-AS	RET knockout clone C2	Lumos_200817_70-TMT132N	proteomic profiling by mass spectrometry	1	Lumos_200817_70.raw	v1.1.0	NT=ms-proteomics;VV=v1.1.0	NT=human;VV=v1.1.0	NT=cell-lines;VV=v1.1.0	manual curation	NT=Data-dependent acquisition;AC=PRIDE:0000627	NT=Orbitrap Fusion Lumos;AC=MS:1002732	NT=Trypsin;AC=MS:1001251	TMT132N	29	NT=higher energy beam-type collision-induced dissociation;AC=MS:1000422	5 ppm	0.6 Da	NT=dithiothreitol (DTT);AC=PRIDE:0000608	NT=methyl methanethiosulfonate (MMTS);AC=PRIDE:0000605	NT=Methylthio;AC=UNIMOD:39;TA=C;MT=Fixed	NT=Oxidation;AC=UNIMOD:35;TA=M;MT=Variable	NT=TMTpro;AC=UNIMOD:2016;TA=K;MT=Fixed	NT=TMTpro;AC=UNIMOD:2016;PP=Any N-term;MT=Fixed	RET knockout clone C2
A7	Homo sapiens	cell culture	not available	1	neuroblastoma	cell line	not available	not available	SK-N-AS	CVCL_1700	SK-N-AS	RET knockout clone C2	Lumos_200817_71-TMT132N	proteomic profiling by mass spectrometry	1	Lumos_200817_71.raw	v1.1.0	NT=ms-proteomics;VV=v1.1.0	NT=human;VV=v1.1.0	NT=cell-lines;VV=v1.1.0	manual curation	NT=Data-dependent acquisition;AC=PRIDE:0000627	NT=Orbitrap Fusion Lumos;AC=MS:1002732	NT=Trypsin;AC=MS:1001251	TMT132N	30	NT=higher energy beam-type collision-induced dissociation;AC=MS:1000422	5 ppm	0.6 Da	NT=dithiothreitol (DTT);AC=PRIDE:0000608	NT=methyl methanethiosulfonate (MMTS);AC=PRIDE:0000605	NT=Methylthio;AC=UNIMOD:39;TA=C;MT=Fixed	NT=Oxidation;AC=UNIMOD:35;TA=M;MT=Variable	NT=TMTpro;AC=UNIMOD:2016;TA=K;MT=Fixed	NT=TMTpro;AC=UNIMOD:2016;PP=Any N-term;MT=Fixed	RET knockout clone C2
A15	Homo sapiens	cell culture	not available	1	neuroblastoma	cell line	not available	not available	SK-N-AS	CVCL_1700	SK-N-AS	RET knockout clone C19	Lumos_200817_42-TMT132C	proteomic profiling by mass spectrometry	1	Lumos_200817_42.raw	v1.1.0	NT=ms-proteomics;VV=v1.1.0	NT=human;VV=v1.1.0	NT=cell-lines;VV=v1.1.0	manual curation	NT=Data-dependent acquisition;AC=PRIDE:0000627	NT=Orbitrap Fusion Lumos;AC=MS:1002732	NT=Trypsin;AC=MS:1001251	TMT132C	1	NT=higher energy beam-type collision-induced dissociation;AC=MS:1000422	5 ppm	0.6 Da	NT=dithiothreitol (DTT);AC=PRIDE:0000608	NT=methyl methanethiosulfonate (MMTS);AC=PRIDE:0000605	NT=Methylthio;AC=UNIMOD:39;TA=C;MT=Fixed	NT=Oxidation;AC=UNIMOD:35;TA=M;MT=Variable	NT=TMTpro;AC=UNIMOD:2016;TA=K;MT=Fixed	NT=TMTpro;AC=UNIMOD:2016;PP=Any N-term;MT=Fixed	RET knockout clone C19
A15	Homo sapiens	cell culture	not available	1	neuroblastoma	cell line	not available	not available	SK-N-AS	CVCL_1700	SK-N-AS	RET knockout clone C19	Lumos_200817_43-TMT132C	proteomic profiling by mass spectrometry	1	Lumos_200817_43.raw	v1.1.0	NT=ms-proteomics;VV=v1.1.0	NT=human;VV=v1.1.0	NT=cell-lines;VV=v1.1.0	manual curation	NT=Data-dependent acquisition;AC=PRIDE:0000627	NT=Orbitrap Fusion Lumos;AC=MS:1002732	NT=Trypsin;AC=MS:1001251	TMT132C	2	NT=higher energy beam-type collision-induced dissociation;AC=MS:1000422	5 ppm	0.6 Da	NT=dithiothreitol (DTT);AC=PRIDE:0000608	NT=methyl methanethiosulfonate (MMTS);AC=PRIDE:0000605	NT=Methylthio;AC=UNIMOD:39;TA=C;MT=Fixed	NT=Oxidation;AC=UNIMOD:35;TA=M;MT=Variable	NT=TMTpro;AC=UNIMOD:2016;TA=K;MT=Fixed	NT=TMTpro;AC=UNIMOD:2016;PP=Any N-term;MT=Fixed	RET knockout clone C19
A15	Homo sapiens	cell culture	not available	1	neuroblastoma	cell line	not available	not available	SK-N-AS	CVCL_1700	SK-N-AS	RET knockout clone C19	Lumos_200817_44-TMT132C	proteomic profiling by mass spectrometry	1	Lumos_200817_44.raw	v1.1.0	NT=ms-proteomics;VV=v1.1.0	NT=human;VV=v1.1.0	NT=cell-lines;VV=v1.1.0	manual curation	NT=Data-dependent acquisition;AC=PRIDE:0000627	NT=Orbitrap Fusion Lumos;AC=MS:1002732	NT=Trypsin;AC=MS:1001251	TMT132C	3	NT=higher energy beam-type collision-induced dissociation;AC=MS:1000422	5 ppm	0.6 Da	NT=dithiothreitol (DTT);AC=PRIDE:0000608	NT=methyl methanethiosulfonate (MMTS);AC=PRIDE:0000605	NT=Methylthio;AC=UNIMOD:39;TA=C;MT=Fixed	NT=Oxidation;AC=UNIMOD:35;TA=M;MT=Variable	NT=TMTpro;AC=UNIMOD:2016;TA=K;MT=Fixed	NT=TMTpro;AC=UNIMOD:2016;PP=Any N-term;MT=Fixed	RET knockout clone C19
A15	Homo sapiens	cell culture	not available	1	neuroblastoma	cell line	not available	not available	SK-N-AS	CVCL_1700	SK-N-AS	RET knockout clone C19	Lumos_200817_45-TMT132C	proteomic profiling by mass spectrometry	1	Lumos_200817_45.raw	v1.1.0	NT=ms-proteomics;VV=v1.1.0	NT=human;VV=v1.1.0	NT=cell-lines;VV=v1.1.0	manual curation	NT=Data-dependent acquisition;AC=PRIDE:0000627	NT=Orbitrap Fusion Lumos;AC=MS:1002732	NT=Trypsin;AC=MS:1001251	TMT132C	4	NT=higher energy beam-type collision-induced dissociation;AC=MS:1000422	5 ppm	0.6 Da	NT=dithiothreitol (DTT);AC=PRIDE:0000608	NT=methyl methanethiosulfonate (MMTS);AC=PRIDE:0000605	NT=Methylthio;AC=UNIMOD:39;TA=C;MT=Fixed	NT=Oxidation;AC=UNIMOD:35;TA=M;MT=Variable	NT=TMTpro;AC=UNIMOD:2016;TA=K;MT=Fixed	NT=TMTpro;AC=UNIMOD:2016;PP=Any N-term;MT=Fixed	RET knockout clone C19
A15	Homo sapiens	cell culture	not available	1	neuroblastoma	cell line	not available	not available	SK-N-AS	CVCL_1700	SK-N-AS	RET knockout clone C19	Lumos_200817_46-TMT132C	proteomic profiling by mass spectrometry	1	Lumos_200817_46.raw	v1.1.0	NT=ms-proteomics;VV=v1.1.0	NT=human;VV=v1.1.0	NT=cell-lines;VV=v1.1.0	manual curation	NT=Data-dependent acquisition;AC=PRIDE:0000627	NT=Orbitrap Fusion Lumos;AC=MS:1002732	NT=Trypsin;AC=MS:1001251	TMT132C	5	NT=higher energy beam-type collision-induced dissociation;AC=MS:1000422	5 ppm	0.6 Da	NT=dithiothreitol (DTT);AC=PRIDE:0000608	NT=methyl methanethiosulfonate (MMTS);AC=PRIDE:0000605	NT=Methylthio;AC=UNIMOD:39;TA=C;MT=Fixed	NT=Oxidation;AC=UNIMOD:35;TA=M;MT=Variable	NT=TMTpro;AC=UNIMOD:2016;TA=K;MT=Fixed	NT=TMTpro;AC=UNIMOD:2016;PP=Any N-term;MT=Fixed	RET knockout clone C19
A15	Homo sapiens	cell culture	not available	1	neuroblastoma	cell line	not available	not available	SK-N-AS	CVCL_1700	SK-N-AS	RET knockout clone C19	Lumos_200817_47-TMT132C	proteomic profiling by mass spectrometry	1	Lumos_200817_47.raw	v1.1.0	NT=ms-proteomics;VV=v1.1.0	NT=human;VV=v1.1.0	NT=cell-lines;VV=v1.1.0	manual curation	NT=Data-dependent acquisition;AC=PRIDE:0000627	NT=Orbitrap Fusion Lumos;AC=MS:1002732	NT=Trypsin;AC=MS:1001251	TMT132C	6	NT=higher energy beam-type collision-induced dissociation;AC=MS:1000422	5 ppm	0.6 Da	NT=dithiothreitol (DTT);AC=PRIDE:0000608	NT=methyl methanethiosulfonate (MMTS);AC=PRIDE:0000605	NT=Methylthio;AC=UNIMOD:39;TA=C;MT=Fixed	NT=Oxidation;AC=UNIMOD:35;TA=M;MT=Variable	NT=TMTpro;AC=UNIMOD:2016;TA=K;MT=Fixed	NT=TMTpro;AC=UNIMOD:2016;PP=Any N-term;MT=Fixed	RET knockout clone C19
A15	Homo sapiens	cell culture	not available	1	neuroblastoma	cell line	not available	not available	SK-N-AS	CVCL_1700	SK-N-AS	RET knockout clone C19	Lumos_200817_48-TMT132C	proteomic profiling by mass spectrometry	1	Lumos_200817_48.raw	v1.1.0	NT=ms-proteomics;VV=v1.1.0	NT=human;VV=v1.1.0	NT=cell-lines;VV=v1.1.0	manual curation	NT=Data-dependent acquisition;AC=PRIDE:0000627	NT=Orbitrap Fusion Lumos;AC=MS:1002732	NT=Trypsin;AC=MS:1001251	TMT132C	7	NT=higher energy beam-type collision-induced dissociation;AC=MS:1000422	5 ppm	0.6 Da	NT=dithiothreitol (DTT);AC=PRIDE:0000608	NT=methyl methanethiosulfonate (MMTS);AC=PRIDE:0000605	NT=Methylthio;AC=UNIMOD:39;TA=C;MT=Fixed	NT=Oxidation;AC=UNIMOD:35;TA=M;MT=Variable	NT=TMTpro;AC=UNIMOD:2016;TA=K;MT=Fixed	NT=TMTpro;AC=UNIMOD:2016;PP=Any N-term;MT=Fixed	RET knockout clone C19
A15	Homo sapiens	cell culture	not available	1	neuroblastoma	cell line	not available	not available	SK-N-AS	CVCL_1700	SK-N-AS	RET knockout clone C19	Lumos_200817_49-TMT132C	proteomic profiling by mass spectrometry	1	Lumos_200817_49.raw	v1.1.0	NT=ms-proteomics;VV=v1.1.0	NT=human;VV=v1.1.0	NT=cell-lines;VV=v1.1.0	manual curation	NT=Data-dependent acquisition;AC=PRIDE:0000627	NT=Orbitrap Fusion Lumos;AC=MS:1002732	NT=Trypsin;AC=MS:1001251	TMT132C	8	NT=higher energy beam-type collision-induced dissociation;AC=MS:1000422	5 ppm	0.6 Da	NT=dithiothreitol (DTT);AC=PRIDE:0000608	NT=methyl methanethiosulfonate (MMTS);AC=PRIDE:0000605	NT=Methylthio;AC=UNIMOD:39;TA=C;MT=Fixed	NT=Oxidation;AC=UNIMOD:35;TA=M;MT=Variable	NT=TMTpro;AC=UNIMOD:2016;TA=K;MT=Fixed	NT=TMTpro;AC=UNIMOD:2016;PP=Any N-term;MT=Fixed	RET knockout clone C19
A15	Homo sapiens	cell culture	not available	1	neuroblastoma	cell line	not available	not available	SK-N-AS	CVCL_1700	SK-N-AS	RET knockout clone C19	Lumos_200817_50-TMT132C	proteomic profiling by mass spectrometry	1	Lumos_200817_50.raw	v1.1.0	NT=ms-proteomics;VV=v1.1.0	NT=human;VV=v1.1.0	NT=cell-lines;VV=v1.1.0	manual curation	NT=Data-dependent acquisition;AC=PRIDE:0000627	NT=Orbitrap Fusion Lumos;AC=MS:1002732	NT=Trypsin;AC=MS:1001251	TMT132C	9	NT=higher energy beam-type collision-induced dissociation;AC=MS:1000422	5 ppm	0.6 Da	NT=dithiothreitol (DTT);AC=PRIDE:0000608	NT=methyl methanethiosulfonate (MMTS);AC=PRIDE:0000605	NT=Methylthio;AC=UNIMOD:39;TA=C;MT=Fixed	NT=Oxidation;AC=UNIMOD:35;TA=M;MT=Variable	NT=TMTpro;AC=UNIMOD:2016;TA=K;MT=Fixed	NT=TMTpro;AC=UNIMOD:2016;PP=Any N-term;MT=Fixed	RET knockout clone C19
A15	Homo sapiens	cell culture	not available	1	neuroblastoma	cell line	not available	not available	SK-N-AS	CVCL_1700	SK-N-AS	RET knockout clone C19	Lumos_200817_51-TMT132C	proteomic profiling by mass spectrometry	1	Lumos_200817_51.raw	v1.1.0	NT=ms-proteomics;VV=v1.1.0	NT=human;VV=v1.1.0	NT=cell-lines;VV=v1.1.0	manual curation	NT=Data-dependent acquisition;AC=PRIDE:0000627	NT=Orbitrap Fusion Lumos;AC=MS:1002732	NT=Trypsin;AC=MS:1001251	TMT132C	10	NT=higher energy beam-type collision-induced dissociation;AC=MS:1000422	5 ppm	0.6 Da	NT=dithiothreitol (DTT);AC=PRIDE:0000608	NT=methyl methanethiosulfonate (MMTS);AC=PRIDE:0000605	NT=Methylthio;AC=UNIMOD:39;TA=C;MT=Fixed	NT=Oxidation;AC=UNIMOD:35;TA=M;MT=Variable	NT=TMTpro;AC=UNIMOD:2016;TA=K;MT=Fixed	NT=TMTpro;AC=UNIMOD:2016;PP=Any N-term;MT=Fixed	RET knockout clone C19
A15	Homo sapiens	cell culture	not available	1	neuroblastoma	cell line	not available	not available	SK-N-AS	CVCL_1700	SK-N-AS	RET knockout clone C19	Lumos_200817_52-TMT132C	proteomic profiling by mass spectrometry	1	Lumos_200817_52.raw	v1.1.0	NT=ms-proteomics;VV=v1.1.0	NT=human;VV=v1.1.0	NT=cell-lines;VV=v1.1.0	manual curation	NT=Data-dependent acquisition;AC=PRIDE:0000627	NT=Orbitrap Fusion Lumos;AC=MS:1002732	NT=Trypsin;AC=MS:1001251	TMT132C	11	NT=higher energy beam-type collision-induced dissociation;AC=MS:1000422	5 ppm	0.6 Da	NT=dithiothreitol (DTT);AC=PRIDE:0000608	NT=methyl methanethiosulfonate (MMTS);AC=PRIDE:0000605	NT=Methylthio;AC=UNIMOD:39;TA=C;MT=Fixed	NT=Oxidation;AC=UNIMOD:35;TA=M;MT=Variable	NT=TMTpro;AC=UNIMOD:2016;TA=K;MT=Fixed	NT=TMTpro;AC=UNIMOD:2016;PP=Any N-term;MT=Fixed	RET knockout clone C19
A15	Homo sapiens	cell culture	not available	1	neuroblastoma	cell line	not available	not available	SK-N-AS	CVCL_1700	SK-N-AS	RET knockout clone C19	Lumos_200817_53-TMT132C	proteomic profiling by mass spectrometry	1	Lumos_200817_53.raw	v1.1.0	NT=ms-proteomics;VV=v1.1.0	NT=human;VV=v1.1.0	NT=cell-lines;VV=v1.1.0	manual curation	NT=Data-dependent acquisition;AC=PRIDE:0000627	NT=Orbitrap Fusion Lumos;AC=MS:1002732	NT=Trypsin;AC=MS:1001251	TMT132C	12	NT=higher energy beam-type collision-induced dissociation;AC=MS:1000422	5 ppm	0.6 Da	NT=dithiothreitol (DTT);AC=PRIDE:0000608	NT=methyl methanethiosulfonate (MMTS);AC=PRIDE:0000605	NT=Methylthio;AC=UNIMOD:39;TA=C;MT=Fixed	NT=Oxidation;AC=UNIMOD:35;TA=M;MT=Variable	NT=TMTpro;AC=UNIMOD:2016;TA=K;MT=Fixed	NT=TMTpro;AC=UNIMOD:2016;PP=Any N-term;MT=Fixed	RET knockout clone C19
A15	Homo sapiens	cell culture	not available	1	neuroblastoma	cell line	not available	not available	SK-N-AS	CVCL_1700	SK-N-AS	RET knockout clone C19	Lumos_200817_54-TMT132C	proteomic profiling by mass spectrometry	1	Lumos_200817_54.raw	v1.1.0	NT=ms-proteomics;VV=v1.1.0	NT=human;VV=v1.1.0	NT=cell-lines;VV=v1.1.0	manual curation	NT=Data-dependent acquisition;AC=PRIDE:0000627	NT=Orbitrap Fusion Lumos;AC=MS:1002732	NT=Trypsin;AC=MS:1001251	TMT132C	13	NT=higher energy beam-type collision-induced dissociation;AC=MS:1000422	5 ppm	0.6 Da	NT=dithiothreitol (DTT);AC=PRIDE:0000608	NT=methyl methanethiosulfonate (MMTS);AC=PRIDE:0000605	NT=Methylthio;AC=UNIMOD:39;TA=C;MT=Fixed	NT=Oxidation;AC=UNIMOD:35;TA=M;MT=Variable	NT=TMTpro;AC=UNIMOD:2016;TA=K;MT=Fixed	NT=TMTpro;AC=UNIMOD:2016;PP=Any N-term;MT=Fixed	RET knockout clone C19
A15	Homo sapiens	cell culture	not available	1	neuroblastoma	cell line	not available	not available	SK-N-AS	CVCL_1700	SK-N-AS	RET knockout clone C19	Lumos_200817_55-TMT132C	proteomic profiling by mass spectrometry	1	Lumos_200817_55.raw	v1.1.0	NT=ms-proteomics;VV=v1.1.0	NT=human;VV=v1.1.0	NT=cell-lines;VV=v1.1.0	manual curation	NT=Data-dependent acquisition;AC=PRIDE:0000627	NT=Orbitrap Fusion Lumos;AC=MS:1002732	NT=Trypsin;AC=MS:1001251	TMT132C	14	NT=higher energy beam-type collision-induced dissociation;AC=MS:1000422	5 ppm	0.6 Da	NT=dithiothreitol (DTT);AC=PRIDE:0000608	NT=methyl methanethiosulfonate (MMTS);AC=PRIDE:0000605	NT=Methylthio;AC=UNIMOD:39;TA=C;MT=Fixed	NT=Oxidation;AC=UNIMOD:35;TA=M;MT=Variable	NT=TMTpro;AC=UNIMOD:2016;TA=K;MT=Fixed	NT=TMTpro;AC=UNIMOD:2016;PP=Any N-term;MT=Fixed	RET knockout clone C19
A15	Homo sapiens	cell culture	not available	1	neuroblastoma	cell line	not available	not available	SK-N-AS	CVCL_1700	SK-N-AS	RET knockout clone C19	Lumos_200817_56-TMT132C	proteomic profiling by mass spectrometry	1	Lumos_200817_56.raw	v1.1.0	NT=ms-proteomics;VV=v1.1.0	NT=human;VV=v1.1.0	NT=cell-lines;VV=v1.1.0	manual curation	NT=Data-dependent acquisition;AC=PRIDE:0000627	NT=Orbitrap Fusion Lumos;AC=MS:1002732	NT=Trypsin;AC=MS:1001251	TMT132C	15	NT=higher energy beam-type collision-induced dissociation;AC=MS:1000422	5 ppm	0.6 Da	NT=dithiothreitol (DTT);AC=PRIDE:0000608	NT=methyl methanethiosulfonate (MMTS);AC=PRIDE:0000605	NT=Methylthio;AC=UNIMOD:39;TA=C;MT=Fixed	NT=Oxidation;AC=UNIMOD:35;TA=M;MT=Variable	NT=TMTpro;AC=UNIMOD:2016;TA=K;MT=Fixed	NT=TMTpro;AC=UNIMOD:2016;PP=Any N-term;MT=Fixed	RET knockout clone C19
A15	Homo sapiens	cell culture	not available	1	neuroblastoma	cell line	not available	not available	SK-N-AS	CVCL_1700	SK-N-AS	RET knockout clone C19	Lumos_200817_57-TMT132C	proteomic profiling by mass spectrometry	1	Lumos_200817_57.raw	v1.1.0	NT=ms-proteomics;VV=v1.1.0	NT=human;VV=v1.1.0	NT=cell-lines;VV=v1.1.0	manual curation	NT=Data-dependent acquisition;AC=PRIDE:0000627	NT=Orbitrap Fusion Lumos;AC=MS:1002732	NT=Trypsin;AC=MS:1001251	TMT132C	16	NT=higher energy beam-type collision-induced dissociation;AC=MS:1000422	5 ppm	0.6 Da	NT=dithiothreitol (DTT);AC=PRIDE:0000608	NT=methyl methanethiosulfonate (MMTS);AC=PRIDE:0000605	NT=Methylthio;AC=UNIMOD:39;TA=C;MT=Fixed	NT=Oxidation;AC=UNIMOD:35;TA=M;MT=Variable	NT=TMTpro;AC=UNIMOD:2016;TA=K;MT=Fixed	NT=TMTpro;AC=UNIMOD:2016;PP=Any N-term;MT=Fixed	RET knockout clone C19
A15	Homo sapiens	cell culture	not available	1	neuroblastoma	cell line	not available	not available	SK-N-AS	CVCL_1700	SK-N-AS	RET knockout clone C19	Lumos_200817_58-TMT132C	proteomic profiling by mass spectrometry	1	Lumos_200817_58.raw	v1.1.0	NT=ms-proteomics;VV=v1.1.0	NT=human;VV=v1.1.0	NT=cell-lines;VV=v1.1.0	manual curation	NT=Data-dependent acquisition;AC=PRIDE:0000627	NT=Orbitrap Fusion Lumos;AC=MS:1002732	NT=Trypsin;AC=MS:1001251	TMT132C	17	NT=higher energy beam-type collision-induced dissociation;AC=MS:1000422	5 ppm	0.6 Da	NT=dithiothreitol (DTT);AC=PRIDE:0000608	NT=methyl methanethiosulfonate (MMTS);AC=PRIDE:0000605	NT=Methylthio;AC=UNIMOD:39;TA=C;MT=Fixed	NT=Oxidation;AC=UNIMOD:35;TA=M;MT=Variable	NT=TMTpro;AC=UNIMOD:2016;TA=K;MT=Fixed	NT=TMTpro;AC=UNIMOD:2016;PP=Any N-term;MT=Fixed	RET knockout clone C19
A15	Homo sapiens	cell culture	not available	1	neuroblastoma	cell line	not available	not available	SK-N-AS	CVCL_1700	SK-N-AS	RET knockout clone C19	Lumos_200817_59-TMT132C	proteomic profiling by mass spectrometry	1	Lumos_200817_59.raw	v1.1.0	NT=ms-proteomics;VV=v1.1.0	NT=human;VV=v1.1.0	NT=cell-lines;VV=v1.1.0	manual curation	NT=Data-dependent acquisition;AC=PRIDE:0000627	NT=Orbitrap Fusion Lumos;AC=MS:1002732	NT=Trypsin;AC=MS:1001251	TMT132C	18	NT=higher energy beam-type collision-induced dissociation;AC=MS:1000422	5 ppm	0.6 Da	NT=dithiothreitol (DTT);AC=PRIDE:0000608	NT=methyl methanethiosulfonate (MMTS);AC=PRIDE:0000605	NT=Methylthio;AC=UNIMOD:39;TA=C;MT=Fixed	NT=Oxidation;AC=UNIMOD:35;TA=M;MT=Variable	NT=TMTpro;AC=UNIMOD:2016;TA=K;MT=Fixed	NT=TMTpro;AC=UNIMOD:2016;PP=Any N-term;MT=Fixed	RET knockout clone C19
A15	Homo sapiens	cell culture	not available	1	neuroblastoma	cell line	not available	not available	SK-N-AS	CVCL_1700	SK-N-AS	RET knockout clone C19	Lumos_200817_60-TMT132C	proteomic profiling by mass spectrometry	1	Lumos_200817_60.raw	v1.1.0	NT=ms-proteomics;VV=v1.1.0	NT=human;VV=v1.1.0	NT=cell-lines;VV=v1.1.0	manual curation	NT=Data-dependent acquisition;AC=PRIDE:0000627	NT=Orbitrap Fusion Lumos;AC=MS:1002732	NT=Trypsin;AC=MS:1001251	TMT132C	19	NT=higher energy beam-type collision-induced dissociation;AC=MS:1000422	5 ppm	0.6 Da	NT=dithiothreitol (DTT);AC=PRIDE:0000608	NT=methyl methanethiosulfonate (MMTS);AC=PRIDE:0000605	NT=Methylthio;AC=UNIMOD:39;TA=C;MT=Fixed	NT=Oxidation;AC=UNIMOD:35;TA=M;MT=Variable	NT=TMTpro;AC=UNIMOD:2016;TA=K;MT=Fixed	NT=TMTpro;AC=UNIMOD:2016;PP=Any N-term;MT=Fixed	RET knockout clone C19
A15	Homo sapiens	cell culture	not available	1	neuroblastoma	cell line	not available	not available	SK-N-AS	CVCL_1700	SK-N-AS	RET knockout clone C19	Lumos_200817_61-TMT132C	proteomic profiling by mass spectrometry	1	Lumos_200817_61.raw	v1.1.0	NT=ms-proteomics;VV=v1.1.0	NT=human;VV=v1.1.0	NT=cell-lines;VV=v1.1.0	manual curation	NT=Data-dependent acquisition;AC=PRIDE:0000627	NT=Orbitrap Fusion Lumos;AC=MS:1002732	NT=Trypsin;AC=MS:1001251	TMT132C	20	NT=higher energy beam-type collision-induced dissociation;AC=MS:1000422	5 ppm	0.6 Da	NT=dithiothreitol (DTT);AC=PRIDE:0000608	NT=methyl methanethiosulfonate (MMTS);AC=PRIDE:0000605	NT=Methylthio;AC=UNIMOD:39;TA=C;MT=Fixed	NT=Oxidation;AC=UNIMOD:35;TA=M;MT=Variable	NT=TMTpro;AC=UNIMOD:2016;TA=K;MT=Fixed	NT=TMTpro;AC=UNIMOD:2016;PP=Any N-term;MT=Fixed	RET knockout clone C19
A15	Homo sapiens	cell culture	not available	1	neuroblastoma	cell line	not available	not available	SK-N-AS	CVCL_1700	SK-N-AS	RET knockout clone C19	Lumos_200817_62-TMT132C	proteomic profiling by mass spectrometry	1	Lumos_200817_62.raw	v1.1.0	NT=ms-proteomics;VV=v1.1.0	NT=human;VV=v1.1.0	NT=cell-lines;VV=v1.1.0	manual curation	NT=Data-dependent acquisition;AC=PRIDE:0000627	NT=Orbitrap Fusion Lumos;AC=MS:1002732	NT=Trypsin;AC=MS:1001251	TMT132C	21	NT=higher energy beam-type collision-induced dissociation;AC=MS:1000422	5 ppm	0.6 Da	NT=dithiothreitol (DTT);AC=PRIDE:0000608	NT=methyl methanethiosulfonate (MMTS);AC=PRIDE:0000605	NT=Methylthio;AC=UNIMOD:39;TA=C;MT=Fixed	NT=Oxidation;AC=UNIMOD:35;TA=M;MT=Variable	NT=TMTpro;AC=UNIMOD:2016;TA=K;MT=Fixed	NT=TMTpro;AC=UNIMOD:2016;PP=Any N-term;MT=Fixed	RET knockout clone C19
A15	Homo sapiens	cell culture	not available	1	neuroblastoma	cell line	not available	not available	SK-N-AS	CVCL_1700	SK-N-AS	RET knockout clone C19	Lumos_200817_63-TMT132C	proteomic profiling by mass spectrometry	1	Lumos_200817_63.raw	v1.1.0	NT=ms-proteomics;VV=v1.1.0	NT=human;VV=v1.1.0	NT=cell-lines;VV=v1.1.0	manual curation	NT=Data-dependent acquisition;AC=PRIDE:0000627	NT=Orbitrap Fusion Lumos;AC=MS:1002732	NT=Trypsin;AC=MS:1001251	TMT132C	22	NT=higher energy beam-type collision-induced dissociation;AC=MS:1000422	5 ppm	0.6 Da	NT=dithiothreitol (DTT);AC=PRIDE:0000608	NT=methyl methanethiosulfonate (MMTS);AC=PRIDE:0000605	NT=Methylthio;AC=UNIMOD:39;TA=C;MT=Fixed	NT=Oxidation;AC=UNIMOD:35;TA=M;MT=Variable	NT=TMTpro;AC=UNIMOD:2016;TA=K;MT=Fixed	NT=TMTpro;AC=UNIMOD:2016;PP=Any N-term;MT=Fixed	RET knockout clone C19
A15	Homo sapiens	cell culture	not available	1	neuroblastoma	cell line	not available	not available	SK-N-AS	CVCL_1700	SK-N-AS	RET knockout clone C19	Lumos_200817_64-TMT132C	proteomic profiling by mass spectrometry	1	Lumos_200817_64.raw	v1.1.0	NT=ms-proteomics;VV=v1.1.0	NT=human;VV=v1.1.0	NT=cell-lines;VV=v1.1.0	manual curation	NT=Data-dependent acquisition;AC=PRIDE:0000627	NT=Orbitrap Fusion Lumos;AC=MS:1002732	NT=Trypsin;AC=MS:1001251	TMT132C	23	NT=higher energy beam-type collision-induced dissociation;AC=MS:1000422	5 ppm	0.6 Da	NT=dithiothreitol (DTT);AC=PRIDE:0000608	NT=methyl methanethiosulfonate (MMTS);AC=PRIDE:0000605	NT=Methylthio;AC=UNIMOD:39;TA=C;MT=Fixed	NT=Oxidation;AC=UNIMOD:35;TA=M;MT=Variable	NT=TMTpro;AC=UNIMOD:2016;TA=K;MT=Fixed	NT=TMTpro;AC=UNIMOD:2016;PP=Any N-term;MT=Fixed	RET knockout clone C19
A15	Homo sapiens	cell culture	not available	1	neuroblastoma	cell line	not available	not available	SK-N-AS	CVCL_1700	SK-N-AS	RET knockout clone C19	Lumos_200817_65-TMT132C	proteomic profiling by mass spectrometry	1	Lumos_200817_65.raw	v1.1.0	NT=ms-proteomics;VV=v1.1.0	NT=human;VV=v1.1.0	NT=cell-lines;VV=v1.1.0	manual curation	NT=Data-dependent acquisition;AC=PRIDE:0000627	NT=Orbitrap Fusion Lumos;AC=MS:1002732	NT=Trypsin;AC=MS:1001251	TMT132C	24	NT=higher energy beam-type collision-induced dissociation;AC=MS:1000422	5 ppm	0.6 Da	NT=dithiothreitol (DTT);AC=PRIDE:0000608	NT=methyl methanethiosulfonate (MMTS);AC=PRIDE:0000605	NT=Methylthio;AC=UNIMOD:39;TA=C;MT=Fixed	NT=Oxidation;AC=UNIMOD:35;TA=M;MT=Variable	NT=TMTpro;AC=UNIMOD:2016;TA=K;MT=Fixed	NT=TMTpro;AC=UNIMOD:2016;PP=Any N-term;MT=Fixed	RET knockout clone C19
A15	Homo sapiens	cell culture	not available	1	neuroblastoma	cell line	not available	not available	SK-N-AS	CVCL_1700	SK-N-AS	RET knockout clone C19	Lumos_200817_66-TMT132C	proteomic profiling by mass spectrometry	1	Lumos_200817_66.raw	v1.1.0	NT=ms-proteomics;VV=v1.1.0	NT=human;VV=v1.1.0	NT=cell-lines;VV=v1.1.0	manual curation	NT=Data-dependent acquisition;AC=PRIDE:0000627	NT=Orbitrap Fusion Lumos;AC=MS:1002732	NT=Trypsin;AC=MS:1001251	TMT132C	25	NT=higher energy beam-type collision-induced dissociation;AC=MS:1000422	5 ppm	0.6 Da	NT=dithiothreitol (DTT);AC=PRIDE:0000608	NT=methyl methanethiosulfonate (MMTS);AC=PRIDE:0000605	NT=Methylthio;AC=UNIMOD:39;TA=C;MT=Fixed	NT=Oxidation;AC=UNIMOD:35;TA=M;MT=Variable	NT=TMTpro;AC=UNIMOD:2016;TA=K;MT=Fixed	NT=TMTpro;AC=UNIMOD:2016;PP=Any N-term;MT=Fixed	RET knockout clone C19
A15	Homo sapiens	cell culture	not available	1	neuroblastoma	cell line	not available	not available	SK-N-AS	CVCL_1700	SK-N-AS	RET knockout clone C19	Lumos_200817_67-TMT132C	proteomic profiling by mass spectrometry	1	Lumos_200817_67.raw	v1.1.0	NT=ms-proteomics;VV=v1.1.0	NT=human;VV=v1.1.0	NT=cell-lines;VV=v1.1.0	manual curation	NT=Data-dependent acquisition;AC=PRIDE:0000627	NT=Orbitrap Fusion Lumos;AC=MS:1002732	NT=Trypsin;AC=MS:1001251	TMT132C	26	NT=higher energy beam-type collision-induced dissociation;AC=MS:1000422	5 ppm	0.6 Da	NT=dithiothreitol (DTT);AC=PRIDE:0000608	NT=methyl methanethiosulfonate (MMTS);AC=PRIDE:0000605	NT=Methylthio;AC=UNIMOD:39;TA=C;MT=Fixed	NT=Oxidation;AC=UNIMOD:35;TA=M;MT=Variable	NT=TMTpro;AC=UNIMOD:2016;TA=K;MT=Fixed	NT=TMTpro;AC=UNIMOD:2016;PP=Any N-term;MT=Fixed	RET knockout clone C19
A15	Homo sapiens	cell culture	not available	1	neuroblastoma	cell line	not available	not available	SK-N-AS	CVCL_1700	SK-N-AS	RET knockout clone C19	Lumos_200817_68-TMT132C	proteomic profiling by mass spectrometry	1	Lumos_200817_68.raw	v1.1.0	NT=ms-proteomics;VV=v1.1.0	NT=human;VV=v1.1.0	NT=cell-lines;VV=v1.1.0	manual curation	NT=Data-dependent acquisition;AC=PRIDE:0000627	NT=Orbitrap Fusion Lumos;AC=MS:1002732	NT=Trypsin;AC=MS:1001251	TMT132C	27	NT=higher energy beam-type collision-induced dissociation;AC=MS:1000422	5 ppm	0.6 Da	NT=dithiothreitol (DTT);AC=PRIDE:0000608	NT=methyl methanethiosulfonate (MMTS);AC=PRIDE:0000605	NT=Methylthio;AC=UNIMOD:39;TA=C;MT=Fixed	NT=Oxidation;AC=UNIMOD:35;TA=M;MT=Variable	NT=TMTpro;AC=UNIMOD:2016;TA=K;MT=Fixed	NT=TMTpro;AC=UNIMOD:2016;PP=Any N-term;MT=Fixed	RET knockout clone C19
A15	Homo sapiens	cell culture	not available	1	neuroblastoma	cell line	not available	not available	SK-N-AS	CVCL_1700	SK-N-AS	RET knockout clone C19	Lumos_200817_69-TMT132C	proteomic profiling by mass spectrometry	1	Lumos_200817_69.raw	v1.1.0	NT=ms-proteomics;VV=v1.1.0	NT=human;VV=v1.1.0	NT=cell-lines;VV=v1.1.0	manual curation	NT=Data-dependent acquisition;AC=PRIDE:0000627	NT=Orbitrap Fusion Lumos;AC=MS:1002732	NT=Trypsin;AC=MS:1001251	TMT132C	28	NT=higher energy beam-type collision-induced dissociation;AC=MS:1000422	5 ppm	0.6 Da	NT=dithiothreitol (DTT);AC=PRIDE:0000608	NT=methyl methanethiosulfonate (MMTS);AC=PRIDE:0000605	NT=Methylthio;AC=UNIMOD:39;TA=C;MT=Fixed	NT=Oxidation;AC=UNIMOD:35;TA=M;MT=Variable	NT=TMTpro;AC=UNIMOD:2016;TA=K;MT=Fixed	NT=TMTpro;AC=UNIMOD:2016;PP=Any N-term;MT=Fixed	RET knockout clone C19
A15	Homo sapiens	cell culture	not available	1	neuroblastoma	cell line	not available	not available	SK-N-AS	CVCL_1700	SK-N-AS	RET knockout clone C19	Lumos_200817_70-TMT132C	proteomic profiling by mass spectrometry	1	Lumos_200817_70.raw	v1.1.0	NT=ms-proteomics;VV=v1.1.0	NT=human;VV=v1.1.0	NT=cell-lines;VV=v1.1.0	manual curation	NT=Data-dependent acquisition;AC=PRIDE:0000627	NT=Orbitrap Fusion Lumos;AC=MS:1002732	NT=Trypsin;AC=MS:1001251	TMT132C	29	NT=higher energy beam-type collision-induced dissociation;AC=MS:1000422	5 ppm	0.6 Da	NT=dithiothreitol (DTT);AC=PRIDE:0000608	NT=methyl methanethiosulfonate (MMTS);AC=PRIDE:0000605	NT=Methylthio;AC=UNIMOD:39;TA=C;MT=Fixed	NT=Oxidation;AC=UNIMOD:35;TA=M;MT=Variable	NT=TMTpro;AC=UNIMOD:2016;TA=K;MT=Fixed	NT=TMTpro;AC=UNIMOD:2016;PP=Any N-term;MT=Fixed	RET knockout clone C19
A15	Homo sapiens	cell culture	not available	1	neuroblastoma	cell line	not available	not available	SK-N-AS	CVCL_1700	SK-N-AS	RET knockout clone C19	Lumos_200817_71-TMT132C	proteomic profiling by mass spectrometry	1	Lumos_200817_71.raw	v1.1.0	NT=ms-proteomics;VV=v1.1.0	NT=human;VV=v1.1.0	NT=cell-lines;VV=v1.1.0	manual curation	NT=Data-dependent acquisition;AC=PRIDE:0000627	NT=Orbitrap Fusion Lumos;AC=MS:1002732	NT=Trypsin;AC=MS:1001251	TMT132C	30	NT=higher energy beam-type collision-induced dissociation;AC=MS:1000422	5 ppm	0.6 Da	NT=dithiothreitol (DTT);AC=PRIDE:0000608	NT=methyl methanethiosulfonate (MMTS);AC=PRIDE:0000605	NT=Methylthio;AC=UNIMOD:39;TA=C;MT=Fixed	NT=Oxidation;AC=UNIMOD:35;TA=M;MT=Variable	NT=TMTpro;AC=UNIMOD:2016;TA=K;MT=Fixed	NT=TMTpro;AC=UNIMOD:2016;PP=Any N-term;MT=Fixed	RET knockout clone C19
A8	Homo sapiens	cell culture	not available	2	neuroblastoma	cell line	not available	not available	SK-N-AS	CVCL_1700	SK-N-AS	RET knockout clone C2	Lumos_200817_42-TMT133N	proteomic profiling by mass spectrometry	1	Lumos_200817_42.raw	v1.1.0	NT=ms-proteomics;VV=v1.1.0	NT=human;VV=v1.1.0	NT=cell-lines;VV=v1.1.0	manual curation	NT=Data-dependent acquisition;AC=PRIDE:0000627	NT=Orbitrap Fusion Lumos;AC=MS:1002732	NT=Trypsin;AC=MS:1001251	TMT133N	1	NT=higher energy beam-type collision-induced dissociation;AC=MS:1000422	5 ppm	0.6 Da	NT=dithiothreitol (DTT);AC=PRIDE:0000608	NT=methyl methanethiosulfonate (MMTS);AC=PRIDE:0000605	NT=Methylthio;AC=UNIMOD:39;TA=C;MT=Fixed	NT=Oxidation;AC=UNIMOD:35;TA=M;MT=Variable	NT=TMTpro;AC=UNIMOD:2016;TA=K;MT=Fixed	NT=TMTpro;AC=UNIMOD:2016;PP=Any N-term;MT=Fixed	RET knockout clone C2
A8	Homo sapiens	cell culture	not available	2	neuroblastoma	cell line	not available	not available	SK-N-AS	CVCL_1700	SK-N-AS	RET knockout clone C2	Lumos_200817_43-TMT133N	proteomic profiling by mass spectrometry	1	Lumos_200817_43.raw	v1.1.0	NT=ms-proteomics;VV=v1.1.0	NT=human;VV=v1.1.0	NT=cell-lines;VV=v1.1.0	manual curation	NT=Data-dependent acquisition;AC=PRIDE:0000627	NT=Orbitrap Fusion Lumos;AC=MS:1002732	NT=Trypsin;AC=MS:1001251	TMT133N	2	NT=higher energy beam-type collision-induced dissociation;AC=MS:1000422	5 ppm	0.6 Da	NT=dithiothreitol (DTT);AC=PRIDE:0000608	NT=methyl methanethiosulfonate (MMTS);AC=PRIDE:0000605	NT=Methylthio;AC=UNIMOD:39;TA=C;MT=Fixed	NT=Oxidation;AC=UNIMOD:35;TA=M;MT=Variable	NT=TMTpro;AC=UNIMOD:2016;TA=K;MT=Fixed	NT=TMTpro;AC=UNIMOD:2016;PP=Any N-term;MT=Fixed	RET knockout clone C2
A8	Homo sapiens	cell culture	not available	2	neuroblastoma	cell line	not available	not available	SK-N-AS	CVCL_1700	SK-N-AS	RET knockout clone C2	Lumos_200817_44-TMT133N	proteomic profiling by mass spectrometry	1	Lumos_200817_44.raw	v1.1.0	NT=ms-proteomics;VV=v1.1.0	NT=human;VV=v1.1.0	NT=cell-lines;VV=v1.1.0	manual curation	NT=Data-dependent acquisition;AC=PRIDE:0000627	NT=Orbitrap Fusion Lumos;AC=MS:1002732	NT=Trypsin;AC=MS:1001251	TMT133N	3	NT=higher energy beam-type collision-induced dissociation;AC=MS:1000422	5 ppm	0.6 Da	NT=dithiothreitol (DTT);AC=PRIDE:0000608	NT=methyl methanethiosulfonate (MMTS);AC=PRIDE:0000605	NT=Methylthio;AC=UNIMOD:39;TA=C;MT=Fixed	NT=Oxidation;AC=UNIMOD:35;TA=M;MT=Variable	NT=TMTpro;AC=UNIMOD:2016;TA=K;MT=Fixed	NT=TMTpro;AC=UNIMOD:2016;PP=Any N-term;MT=Fixed	RET knockout clone C2
A8	Homo sapiens	cell culture	not available	2	neuroblastoma	cell line	not available	not available	SK-N-AS	CVCL_1700	SK-N-AS	RET knockout clone C2	Lumos_200817_45-TMT133N	proteomic profiling by mass spectrometry	1	Lumos_200817_45.raw	v1.1.0	NT=ms-proteomics;VV=v1.1.0	NT=human;VV=v1.1.0	NT=cell-lines;VV=v1.1.0	manual curation	NT=Data-dependent acquisition;AC=PRIDE:0000627	NT=Orbitrap Fusion Lumos;AC=MS:1002732	NT=Trypsin;AC=MS:1001251	TMT133N	4	NT=higher energy beam-type collision-induced dissociation;AC=MS:1000422	5 ppm	0.6 Da	NT=dithiothreitol (DTT);AC=PRIDE:0000608	NT=methyl methanethiosulfonate (MMTS);AC=PRIDE:0000605	NT=Methylthio;AC=UNIMOD:39;TA=C;MT=Fixed	NT=Oxidation;AC=UNIMOD:35;TA=M;MT=Variable	NT=TMTpro;AC=UNIMOD:2016;TA=K;MT=Fixed	NT=TMTpro;AC=UNIMOD:2016;PP=Any N-term;MT=Fixed	RET knockout clone C2
A8	Homo sapiens	cell culture	not available	2	neuroblastoma	cell line	not available	not available	SK-N-AS	CVCL_1700	SK-N-AS	RET knockout clone C2	Lumos_200817_46-TMT133N	proteomic profiling by mass spectrometry	1	Lumos_200817_46.raw	v1.1.0	NT=ms-proteomics;VV=v1.1.0	NT=human;VV=v1.1.0	NT=cell-lines;VV=v1.1.0	manual curation	NT=Data-dependent acquisition;AC=PRIDE:0000627	NT=Orbitrap Fusion Lumos;AC=MS:1002732	NT=Trypsin;AC=MS:1001251	TMT133N	5	NT=higher energy beam-type collision-induced dissociation;AC=MS:1000422	5 ppm	0.6 Da	NT=dithiothreitol (DTT);AC=PRIDE:0000608	NT=methyl methanethiosulfonate (MMTS);AC=PRIDE:0000605	NT=Methylthio;AC=UNIMOD:39;TA=C;MT=Fixed	NT=Oxidation;AC=UNIMOD:35;TA=M;MT=Variable	NT=TMTpro;AC=UNIMOD:2016;TA=K;MT=Fixed	NT=TMTpro;AC=UNIMOD:2016;PP=Any N-term;MT=Fixed	RET knockout clone C2
A8	Homo sapiens	cell culture	not available	2	neuroblastoma	cell line	not available	not available	SK-N-AS	CVCL_1700	SK-N-AS	RET knockout clone C2	Lumos_200817_47-TMT133N	proteomic profiling by mass spectrometry	1	Lumos_200817_47.raw	v1.1.0	NT=ms-proteomics;VV=v1.1.0	NT=human;VV=v1.1.0	NT=cell-lines;VV=v1.1.0	manual curation	NT=Data-dependent acquisition;AC=PRIDE:0000627	NT=Orbitrap Fusion Lumos;AC=MS:1002732	NT=Trypsin;AC=MS:1001251	TMT133N	6	NT=higher energy beam-type collision-induced dissociation;AC=MS:1000422	5 ppm	0.6 Da	NT=dithiothreitol (DTT);AC=PRIDE:0000608	NT=methyl methanethiosulfonate (MMTS);AC=PRIDE:0000605	NT=Methylthio;AC=UNIMOD:39;TA=C;MT=Fixed	NT=Oxidation;AC=UNIMOD:35;TA=M;MT=Variable	NT=TMTpro;AC=UNIMOD:2016;TA=K;MT=Fixed	NT=TMTpro;AC=UNIMOD:2016;PP=Any N-term;MT=Fixed	RET knockout clone C2
A8	Homo sapiens	cell culture	not available	2	neuroblastoma	cell line	not available	not available	SK-N-AS	CVCL_1700	SK-N-AS	RET knockout clone C2	Lumos_200817_48-TMT133N	proteomic profiling by mass spectrometry	1	Lumos_200817_48.raw	v1.1.0	NT=ms-proteomics;VV=v1.1.0	NT=human;VV=v1.1.0	NT=cell-lines;VV=v1.1.0	manual curation	NT=Data-dependent acquisition;AC=PRIDE:0000627	NT=Orbitrap Fusion Lumos;AC=MS:1002732	NT=Trypsin;AC=MS:1001251	TMT133N	7	NT=higher energy beam-type collision-induced dissociation;AC=MS:1000422	5 ppm	0.6 Da	NT=dithiothreitol (DTT);AC=PRIDE:0000608	NT=methyl methanethiosulfonate (MMTS);AC=PRIDE:0000605	NT=Methylthio;AC=UNIMOD:39;TA=C;MT=Fixed	NT=Oxidation;AC=UNIMOD:35;TA=M;MT=Variable	NT=TMTpro;AC=UNIMOD:2016;TA=K;MT=Fixed	NT=TMTpro;AC=UNIMOD:2016;PP=Any N-term;MT=Fixed	RET knockout clone C2
A8	Homo sapiens	cell culture	not available	2	neuroblastoma	cell line	not available	not available	SK-N-AS	CVCL_1700	SK-N-AS	RET knockout clone C2	Lumos_200817_49-TMT133N	proteomic profiling by mass spectrometry	1	Lumos_200817_49.raw	v1.1.0	NT=ms-proteomics;VV=v1.1.0	NT=human;VV=v1.1.0	NT=cell-lines;VV=v1.1.0	manual curation	NT=Data-dependent acquisition;AC=PRIDE:0000627	NT=Orbitrap Fusion Lumos;AC=MS:1002732	NT=Trypsin;AC=MS:1001251	TMT133N	8	NT=higher energy beam-type collision-induced dissociation;AC=MS:1000422	5 ppm	0.6 Da	NT=dithiothreitol (DTT);AC=PRIDE:0000608	NT=methyl methanethiosulfonate (MMTS);AC=PRIDE:0000605	NT=Methylthio;AC=UNIMOD:39;TA=C;MT=Fixed	NT=Oxidation;AC=UNIMOD:35;TA=M;MT=Variable	NT=TMTpro;AC=UNIMOD:2016;TA=K;MT=Fixed	NT=TMTpro;AC=UNIMOD:2016;PP=Any N-term;MT=Fixed	RET knockout clone C2
A8	Homo sapiens	cell culture	not available	2	neuroblastoma	cell line	not available	not available	SK-N-AS	CVCL_1700	SK-N-AS	RET knockout clone C2	Lumos_200817_50-TMT133N	proteomic profiling by mass spectrometry	1	Lumos_200817_50.raw	v1.1.0	NT=ms-proteomics;VV=v1.1.0	NT=human;VV=v1.1.0	NT=cell-lines;VV=v1.1.0	manual curation	NT=Data-dependent acquisition;AC=PRIDE:0000627	NT=Orbitrap Fusion Lumos;AC=MS:1002732	NT=Trypsin;AC=MS:1001251	TMT133N	9	NT=higher energy beam-type collision-induced dissociation;AC=MS:1000422	5 ppm	0.6 Da	NT=dithiothreitol (DTT);AC=PRIDE:0000608	NT=methyl methanethiosulfonate (MMTS);AC=PRIDE:0000605	NT=Methylthio;AC=UNIMOD:39;TA=C;MT=Fixed	NT=Oxidation;AC=UNIMOD:35;TA=M;MT=Variable	NT=TMTpro;AC=UNIMOD:2016;TA=K;MT=Fixed	NT=TMTpro;AC=UNIMOD:2016;PP=Any N-term;MT=Fixed	RET knockout clone C2
A8	Homo sapiens	cell culture	not available	2	neuroblastoma	cell line	not available	not available	SK-N-AS	CVCL_1700	SK-N-AS	RET knockout clone C2	Lumos_200817_51-TMT133N	proteomic profiling by mass spectrometry	1	Lumos_200817_51.raw	v1.1.0	NT=ms-proteomics;VV=v1.1.0	NT=human;VV=v1.1.0	NT=cell-lines;VV=v1.1.0	manual curation	NT=Data-dependent acquisition;AC=PRIDE:0000627	NT=Orbitrap Fusion Lumos;AC=MS:1002732	NT=Trypsin;AC=MS:1001251	TMT133N	10	NT=higher energy beam-type collision-induced dissociation;AC=MS:1000422	5 ppm	0.6 Da	NT=dithiothreitol (DTT);AC=PRIDE:0000608	NT=methyl methanethiosulfonate (MMTS);AC=PRIDE:0000605	NT=Methylthio;AC=UNIMOD:39;TA=C;MT=Fixed	NT=Oxidation;AC=UNIMOD:35;TA=M;MT=Variable	NT=TMTpro;AC=UNIMOD:2016;TA=K;MT=Fixed	NT=TMTpro;AC=UNIMOD:2016;PP=Any N-term;MT=Fixed	RET knockout clone C2
A8	Homo sapiens	cell culture	not available	2	neuroblastoma	cell line	not available	not available	SK-N-AS	CVCL_1700	SK-N-AS	RET knockout clone C2	Lumos_200817_52-TMT133N	proteomic profiling by mass spectrometry	1	Lumos_200817_52.raw	v1.1.0	NT=ms-proteomics;VV=v1.1.0	NT=human;VV=v1.1.0	NT=cell-lines;VV=v1.1.0	manual curation	NT=Data-dependent acquisition;AC=PRIDE:0000627	NT=Orbitrap Fusion Lumos;AC=MS:1002732	NT=Trypsin;AC=MS:1001251	TMT133N	11	NT=higher energy beam-type collision-induced dissociation;AC=MS:1000422	5 ppm	0.6 Da	NT=dithiothreitol (DTT);AC=PRIDE:0000608	NT=methyl methanethiosulfonate (MMTS);AC=PRIDE:0000605	NT=Methylthio;AC=UNIMOD:39;TA=C;MT=Fixed	NT=Oxidation;AC=UNIMOD:35;TA=M;MT=Variable	NT=TMTpro;AC=UNIMOD:2016;TA=K;MT=Fixed	NT=TMTpro;AC=UNIMOD:2016;PP=Any N-term;MT=Fixed	RET knockout clone C2
A8	Homo sapiens	cell culture	not available	2	neuroblastoma	cell line	not available	not available	SK-N-AS	CVCL_1700	SK-N-AS	RET knockout clone C2	Lumos_200817_53-TMT133N	proteomic profiling by mass spectrometry	1	Lumos_200817_53.raw	v1.1.0	NT=ms-proteomics;VV=v1.1.0	NT=human;VV=v1.1.0	NT=cell-lines;VV=v1.1.0	manual curation	NT=Data-dependent acquisition;AC=PRIDE:0000627	NT=Orbitrap Fusion Lumos;AC=MS:1002732	NT=Trypsin;AC=MS:1001251	TMT133N	12	NT=higher energy beam-type collision-induced dissociation;AC=MS:1000422	5 ppm	0.6 Da	NT=dithiothreitol (DTT);AC=PRIDE:0000608	NT=methyl methanethiosulfonate (MMTS);AC=PRIDE:0000605	NT=Methylthio;AC=UNIMOD:39;TA=C;MT=Fixed	NT=Oxidation;AC=UNIMOD:35;TA=M;MT=Variable	NT=TMTpro;AC=UNIMOD:2016;TA=K;MT=Fixed	NT=TMTpro;AC=UNIMOD:2016;PP=Any N-term;MT=Fixed	RET knockout clone C2
A8	Homo sapiens	cell culture	not available	2	neuroblastoma	cell line	not available	not available	SK-N-AS	CVCL_1700	SK-N-AS	RET knockout clone C2	Lumos_200817_54-TMT133N	proteomic profiling by mass spectrometry	1	Lumos_200817_54.raw	v1.1.0	NT=ms-proteomics;VV=v1.1.0	NT=human;VV=v1.1.0	NT=cell-lines;VV=v1.1.0	manual curation	NT=Data-dependent acquisition;AC=PRIDE:0000627	NT=Orbitrap Fusion Lumos;AC=MS:1002732	NT=Trypsin;AC=MS:1001251	TMT133N	13	NT=higher energy beam-type collision-induced dissociation;AC=MS:1000422	5 ppm	0.6 Da	NT=dithiothreitol (DTT);AC=PRIDE:0000608	NT=methyl methanethiosulfonate (MMTS);AC=PRIDE:0000605	NT=Methylthio;AC=UNIMOD:39;TA=C;MT=Fixed	NT=Oxidation;AC=UNIMOD:35;TA=M;MT=Variable	NT=TMTpro;AC=UNIMOD:2016;TA=K;MT=Fixed	NT=TMTpro;AC=UNIMOD:2016;PP=Any N-term;MT=Fixed	RET knockout clone C2
A8	Homo sapiens	cell culture	not available	2	neuroblastoma	cell line	not available	not available	SK-N-AS	CVCL_1700	SK-N-AS	RET knockout clone C2	Lumos_200817_55-TMT133N	proteomic profiling by mass spectrometry	1	Lumos_200817_55.raw	v1.1.0	NT=ms-proteomics;VV=v1.1.0	NT=human;VV=v1.1.0	NT=cell-lines;VV=v1.1.0	manual curation	NT=Data-dependent acquisition;AC=PRIDE:0000627	NT=Orbitrap Fusion Lumos;AC=MS:1002732	NT=Trypsin;AC=MS:1001251	TMT133N	14	NT=higher energy beam-type collision-induced dissociation;AC=MS:1000422	5 ppm	0.6 Da	NT=dithiothreitol (DTT);AC=PRIDE:0000608	NT=methyl methanethiosulfonate (MMTS);AC=PRIDE:0000605	NT=Methylthio;AC=UNIMOD:39;TA=C;MT=Fixed	NT=Oxidation;AC=UNIMOD:35;TA=M;MT=Variable	NT=TMTpro;AC=UNIMOD:2016;TA=K;MT=Fixed	NT=TMTpro;AC=UNIMOD:2016;PP=Any N-term;MT=Fixed	RET knockout clone C2
A8	Homo sapiens	cell culture	not available	2	neuroblastoma	cell line	not available	not available	SK-N-AS	CVCL_1700	SK-N-AS	RET knockout clone C2	Lumos_200817_56-TMT133N	proteomic profiling by mass spectrometry	1	Lumos_200817_56.raw	v1.1.0	NT=ms-proteomics;VV=v1.1.0	NT=human;VV=v1.1.0	NT=cell-lines;VV=v1.1.0	manual curation	NT=Data-dependent acquisition;AC=PRIDE:0000627	NT=Orbitrap Fusion Lumos;AC=MS:1002732	NT=Trypsin;AC=MS:1001251	TMT133N	15	NT=higher energy beam-type collision-induced dissociation;AC=MS:1000422	5 ppm	0.6 Da	NT=dithiothreitol (DTT);AC=PRIDE:0000608	NT=methyl methanethiosulfonate (MMTS);AC=PRIDE:0000605	NT=Methylthio;AC=UNIMOD:39;TA=C;MT=Fixed	NT=Oxidation;AC=UNIMOD:35;TA=M;MT=Variable	NT=TMTpro;AC=UNIMOD:2016;TA=K;MT=Fixed	NT=TMTpro;AC=UNIMOD:2016;PP=Any N-term;MT=Fixed	RET knockout clone C2
A8	Homo sapiens	cell culture	not available	2	neuroblastoma	cell line	not available	not available	SK-N-AS	CVCL_1700	SK-N-AS	RET knockout clone C2	Lumos_200817_57-TMT133N	proteomic profiling by mass spectrometry	1	Lumos_200817_57.raw	v1.1.0	NT=ms-proteomics;VV=v1.1.0	NT=human;VV=v1.1.0	NT=cell-lines;VV=v1.1.0	manual curation	NT=Data-dependent acquisition;AC=PRIDE:0000627	NT=Orbitrap Fusion Lumos;AC=MS:1002732	NT=Trypsin;AC=MS:1001251	TMT133N	16	NT=higher energy beam-type collision-induced dissociation;AC=MS:1000422	5 ppm	0.6 Da	NT=dithiothreitol (DTT);AC=PRIDE:0000608	NT=methyl methanethiosulfonate (MMTS);AC=PRIDE:0000605	NT=Methylthio;AC=UNIMOD:39;TA=C;MT=Fixed	NT=Oxidation;AC=UNIMOD:35;TA=M;MT=Variable	NT=TMTpro;AC=UNIMOD:2016;TA=K;MT=Fixed	NT=TMTpro;AC=UNIMOD:2016;PP=Any N-term;MT=Fixed	RET knockout clone C2
A8	Homo sapiens	cell culture	not available	2	neuroblastoma	cell line	not available	not available	SK-N-AS	CVCL_1700	SK-N-AS	RET knockout clone C2	Lumos_200817_58-TMT133N	proteomic profiling by mass spectrometry	1	Lumos_200817_58.raw	v1.1.0	NT=ms-proteomics;VV=v1.1.0	NT=human;VV=v1.1.0	NT=cell-lines;VV=v1.1.0	manual curation	NT=Data-dependent acquisition;AC=PRIDE:0000627	NT=Orbitrap Fusion Lumos;AC=MS:1002732	NT=Trypsin;AC=MS:1001251	TMT133N	17	NT=higher energy beam-type collision-induced dissociation;AC=MS:1000422	5 ppm	0.6 Da	NT=dithiothreitol (DTT);AC=PRIDE:0000608	NT=methyl methanethiosulfonate (MMTS);AC=PRIDE:0000605	NT=Methylthio;AC=UNIMOD:39;TA=C;MT=Fixed	NT=Oxidation;AC=UNIMOD:35;TA=M;MT=Variable	NT=TMTpro;AC=UNIMOD:2016;TA=K;MT=Fixed	NT=TMTpro;AC=UNIMOD:2016;PP=Any N-term;MT=Fixed	RET knockout clone C2
A8	Homo sapiens	cell culture	not available	2	neuroblastoma	cell line	not available	not available	SK-N-AS	CVCL_1700	SK-N-AS	RET knockout clone C2	Lumos_200817_59-TMT133N	proteomic profiling by mass spectrometry	1	Lumos_200817_59.raw	v1.1.0	NT=ms-proteomics;VV=v1.1.0	NT=human;VV=v1.1.0	NT=cell-lines;VV=v1.1.0	manual curation	NT=Data-dependent acquisition;AC=PRIDE:0000627	NT=Orbitrap Fusion Lumos;AC=MS:1002732	NT=Trypsin;AC=MS:1001251	TMT133N	18	NT=higher energy beam-type collision-induced dissociation;AC=MS:1000422	5 ppm	0.6 Da	NT=dithiothreitol (DTT);AC=PRIDE:0000608	NT=methyl methanethiosulfonate (MMTS);AC=PRIDE:0000605	NT=Methylthio;AC=UNIMOD:39;TA=C;MT=Fixed	NT=Oxidation;AC=UNIMOD:35;TA=M;MT=Variable	NT=TMTpro;AC=UNIMOD:2016;TA=K;MT=Fixed	NT=TMTpro;AC=UNIMOD:2016;PP=Any N-term;MT=Fixed	RET knockout clone C2
A8	Homo sapiens	cell culture	not available	2	neuroblastoma	cell line	not available	not available	SK-N-AS	CVCL_1700	SK-N-AS	RET knockout clone C2	Lumos_200817_60-TMT133N	proteomic profiling by mass spectrometry	1	Lumos_200817_60.raw	v1.1.0	NT=ms-proteomics;VV=v1.1.0	NT=human;VV=v1.1.0	NT=cell-lines;VV=v1.1.0	manual curation	NT=Data-dependent acquisition;AC=PRIDE:0000627	NT=Orbitrap Fusion Lumos;AC=MS:1002732	NT=Trypsin;AC=MS:1001251	TMT133N	19	NT=higher energy beam-type collision-induced dissociation;AC=MS:1000422	5 ppm	0.6 Da	NT=dithiothreitol (DTT);AC=PRIDE:0000608	NT=methyl methanethiosulfonate (MMTS);AC=PRIDE:0000605	NT=Methylthio;AC=UNIMOD:39;TA=C;MT=Fixed	NT=Oxidation;AC=UNIMOD:35;TA=M;MT=Variable	NT=TMTpro;AC=UNIMOD:2016;TA=K;MT=Fixed	NT=TMTpro;AC=UNIMOD:2016;PP=Any N-term;MT=Fixed	RET knockout clone C2
A8	Homo sapiens	cell culture	not available	2	neuroblastoma	cell line	not available	not available	SK-N-AS	CVCL_1700	SK-N-AS	RET knockout clone C2	Lumos_200817_61-TMT133N	proteomic profiling by mass spectrometry	1	Lumos_200817_61.raw	v1.1.0	NT=ms-proteomics;VV=v1.1.0	NT=human;VV=v1.1.0	NT=cell-lines;VV=v1.1.0	manual curation	NT=Data-dependent acquisition;AC=PRIDE:0000627	NT=Orbitrap Fusion Lumos;AC=MS:1002732	NT=Trypsin;AC=MS:1001251	TMT133N	20	NT=higher energy beam-type collision-induced dissociation;AC=MS:1000422	5 ppm	0.6 Da	NT=dithiothreitol (DTT);AC=PRIDE:0000608	NT=methyl methanethiosulfonate (MMTS);AC=PRIDE:0000605	NT=Methylthio;AC=UNIMOD:39;TA=C;MT=Fixed	NT=Oxidation;AC=UNIMOD:35;TA=M;MT=Variable	NT=TMTpro;AC=UNIMOD:2016;TA=K;MT=Fixed	NT=TMTpro;AC=UNIMOD:2016;PP=Any N-term;MT=Fixed	RET knockout clone C2
A8	Homo sapiens	cell culture	not available	2	neuroblastoma	cell line	not available	not available	SK-N-AS	CVCL_1700	SK-N-AS	RET knockout clone C2	Lumos_200817_62-TMT133N	proteomic profiling by mass spectrometry	1	Lumos_200817_62.raw	v1.1.0	NT=ms-proteomics;VV=v1.1.0	NT=human;VV=v1.1.0	NT=cell-lines;VV=v1.1.0	manual curation	NT=Data-dependent acquisition;AC=PRIDE:0000627	NT=Orbitrap Fusion Lumos;AC=MS:1002732	NT=Trypsin;AC=MS:1001251	TMT133N	21	NT=higher energy beam-type collision-induced dissociation;AC=MS:1000422	5 ppm	0.6 Da	NT=dithiothreitol (DTT);AC=PRIDE:0000608	NT=methyl methanethiosulfonate (MMTS);AC=PRIDE:0000605	NT=Methylthio;AC=UNIMOD:39;TA=C;MT=Fixed	NT=Oxidation;AC=UNIMOD:35;TA=M;MT=Variable	NT=TMTpro;AC=UNIMOD:2016;TA=K;MT=Fixed	NT=TMTpro;AC=UNIMOD:2016;PP=Any N-term;MT=Fixed	RET knockout clone C2
A8	Homo sapiens	cell culture	not available	2	neuroblastoma	cell line	not available	not available	SK-N-AS	CVCL_1700	SK-N-AS	RET knockout clone C2	Lumos_200817_63-TMT133N	proteomic profiling by mass spectrometry	1	Lumos_200817_63.raw	v1.1.0	NT=ms-proteomics;VV=v1.1.0	NT=human;VV=v1.1.0	NT=cell-lines;VV=v1.1.0	manual curation	NT=Data-dependent acquisition;AC=PRIDE:0000627	NT=Orbitrap Fusion Lumos;AC=MS:1002732	NT=Trypsin;AC=MS:1001251	TMT133N	22	NT=higher energy beam-type collision-induced dissociation;AC=MS:1000422	5 ppm	0.6 Da	NT=dithiothreitol (DTT);AC=PRIDE:0000608	NT=methyl methanethiosulfonate (MMTS);AC=PRIDE:0000605	NT=Methylthio;AC=UNIMOD:39;TA=C;MT=Fixed	NT=Oxidation;AC=UNIMOD:35;TA=M;MT=Variable	NT=TMTpro;AC=UNIMOD:2016;TA=K;MT=Fixed	NT=TMTpro;AC=UNIMOD:2016;PP=Any N-term;MT=Fixed	RET knockout clone C2
A8	Homo sapiens	cell culture	not available	2	neuroblastoma	cell line	not available	not available	SK-N-AS	CVCL_1700	SK-N-AS	RET knockout clone C2	Lumos_200817_64-TMT133N	proteomic profiling by mass spectrometry	1	Lumos_200817_64.raw	v1.1.0	NT=ms-proteomics;VV=v1.1.0	NT=human;VV=v1.1.0	NT=cell-lines;VV=v1.1.0	manual curation	NT=Data-dependent acquisition;AC=PRIDE:0000627	NT=Orbitrap Fusion Lumos;AC=MS:1002732	NT=Trypsin;AC=MS:1001251	TMT133N	23	NT=higher energy beam-type collision-induced dissociation;AC=MS:1000422	5 ppm	0.6 Da	NT=dithiothreitol (DTT);AC=PRIDE:0000608	NT=methyl methanethiosulfonate (MMTS);AC=PRIDE:0000605	NT=Methylthio;AC=UNIMOD:39;TA=C;MT=Fixed	NT=Oxidation;AC=UNIMOD:35;TA=M;MT=Variable	NT=TMTpro;AC=UNIMOD:2016;TA=K;MT=Fixed	NT=TMTpro;AC=UNIMOD:2016;PP=Any N-term;MT=Fixed	RET knockout clone C2
A8	Homo sapiens	cell culture	not available	2	neuroblastoma	cell line	not available	not available	SK-N-AS	CVCL_1700	SK-N-AS	RET knockout clone C2	Lumos_200817_65-TMT133N	proteomic profiling by mass spectrometry	1	Lumos_200817_65.raw	v1.1.0	NT=ms-proteomics;VV=v1.1.0	NT=human;VV=v1.1.0	NT=cell-lines;VV=v1.1.0	manual curation	NT=Data-dependent acquisition;AC=PRIDE:0000627	NT=Orbitrap Fusion Lumos;AC=MS:1002732	NT=Trypsin;AC=MS:1001251	TMT133N	24	NT=higher energy beam-type collision-induced dissociation;AC=MS:1000422	5 ppm	0.6 Da	NT=dithiothreitol (DTT);AC=PRIDE:0000608	NT=methyl methanethiosulfonate (MMTS);AC=PRIDE:0000605	NT=Methylthio;AC=UNIMOD:39;TA=C;MT=Fixed	NT=Oxidation;AC=UNIMOD:35;TA=M;MT=Variable	NT=TMTpro;AC=UNIMOD:2016;TA=K;MT=Fixed	NT=TMTpro;AC=UNIMOD:2016;PP=Any N-term;MT=Fixed	RET knockout clone C2
A8	Homo sapiens	cell culture	not available	2	neuroblastoma	cell line	not available	not available	SK-N-AS	CVCL_1700	SK-N-AS	RET knockout clone C2	Lumos_200817_66-TMT133N	proteomic profiling by mass spectrometry	1	Lumos_200817_66.raw	v1.1.0	NT=ms-proteomics;VV=v1.1.0	NT=human;VV=v1.1.0	NT=cell-lines;VV=v1.1.0	manual curation	NT=Data-dependent acquisition;AC=PRIDE:0000627	NT=Orbitrap Fusion Lumos;AC=MS:1002732	NT=Trypsin;AC=MS:1001251	TMT133N	25	NT=higher energy beam-type collision-induced dissociation;AC=MS:1000422	5 ppm	0.6 Da	NT=dithiothreitol (DTT);AC=PRIDE:0000608	NT=methyl methanethiosulfonate (MMTS);AC=PRIDE:0000605	NT=Methylthio;AC=UNIMOD:39;TA=C;MT=Fixed	NT=Oxidation;AC=UNIMOD:35;TA=M;MT=Variable	NT=TMTpro;AC=UNIMOD:2016;TA=K;MT=Fixed	NT=TMTpro;AC=UNIMOD:2016;PP=Any N-term;MT=Fixed	RET knockout clone C2
A8	Homo sapiens	cell culture	not available	2	neuroblastoma	cell line	not available	not available	SK-N-AS	CVCL_1700	SK-N-AS	RET knockout clone C2	Lumos_200817_67-TMT133N	proteomic profiling by mass spectrometry	1	Lumos_200817_67.raw	v1.1.0	NT=ms-proteomics;VV=v1.1.0	NT=human;VV=v1.1.0	NT=cell-lines;VV=v1.1.0	manual curation	NT=Data-dependent acquisition;AC=PRIDE:0000627	NT=Orbitrap Fusion Lumos;AC=MS:1002732	NT=Trypsin;AC=MS:1001251	TMT133N	26	NT=higher energy beam-type collision-induced dissociation;AC=MS:1000422	5 ppm	0.6 Da	NT=dithiothreitol (DTT);AC=PRIDE:0000608	NT=methyl methanethiosulfonate (MMTS);AC=PRIDE:0000605	NT=Methylthio;AC=UNIMOD:39;TA=C;MT=Fixed	NT=Oxidation;AC=UNIMOD:35;TA=M;MT=Variable	NT=TMTpro;AC=UNIMOD:2016;TA=K;MT=Fixed	NT=TMTpro;AC=UNIMOD:2016;PP=Any N-term;MT=Fixed	RET knockout clone C2
A8	Homo sapiens	cell culture	not available	2	neuroblastoma	cell line	not available	not available	SK-N-AS	CVCL_1700	SK-N-AS	RET knockout clone C2	Lumos_200817_68-TMT133N	proteomic profiling by mass spectrometry	1	Lumos_200817_68.raw	v1.1.0	NT=ms-proteomics;VV=v1.1.0	NT=human;VV=v1.1.0	NT=cell-lines;VV=v1.1.0	manual curation	NT=Data-dependent acquisition;AC=PRIDE:0000627	NT=Orbitrap Fusion Lumos;AC=MS:1002732	NT=Trypsin;AC=MS:1001251	TMT133N	27	NT=higher energy beam-type collision-induced dissociation;AC=MS:1000422	5 ppm	0.6 Da	NT=dithiothreitol (DTT);AC=PRIDE:0000608	NT=methyl methanethiosulfonate (MMTS);AC=PRIDE:0000605	NT=Methylthio;AC=UNIMOD:39;TA=C;MT=Fixed	NT=Oxidation;AC=UNIMOD:35;TA=M;MT=Variable	NT=TMTpro;AC=UNIMOD:2016;TA=K;MT=Fixed	NT=TMTpro;AC=UNIMOD:2016;PP=Any N-term;MT=Fixed	RET knockout clone C2
A8	Homo sapiens	cell culture	not available	2	neuroblastoma	cell line	not available	not available	SK-N-AS	CVCL_1700	SK-N-AS	RET knockout clone C2	Lumos_200817_69-TMT133N	proteomic profiling by mass spectrometry	1	Lumos_200817_69.raw	v1.1.0	NT=ms-proteomics;VV=v1.1.0	NT=human;VV=v1.1.0	NT=cell-lines;VV=v1.1.0	manual curation	NT=Data-dependent acquisition;AC=PRIDE:0000627	NT=Orbitrap Fusion Lumos;AC=MS:1002732	NT=Trypsin;AC=MS:1001251	TMT133N	28	NT=higher energy beam-type collision-induced dissociation;AC=MS:1000422	5 ppm	0.6 Da	NT=dithiothreitol (DTT);AC=PRIDE:0000608	NT=methyl methanethiosulfonate (MMTS);AC=PRIDE:0000605	NT=Methylthio;AC=UNIMOD:39;TA=C;MT=Fixed	NT=Oxidation;AC=UNIMOD:35;TA=M;MT=Variable	NT=TMTpro;AC=UNIMOD:2016;TA=K;MT=Fixed	NT=TMTpro;AC=UNIMOD:2016;PP=Any N-term;MT=Fixed	RET knockout clone C2
A8	Homo sapiens	cell culture	not available	2	neuroblastoma	cell line	not available	not available	SK-N-AS	CVCL_1700	SK-N-AS	RET knockout clone C2	Lumos_200817_70-TMT133N	proteomic profiling by mass spectrometry	1	Lumos_200817_70.raw	v1.1.0	NT=ms-proteomics;VV=v1.1.0	NT=human;VV=v1.1.0	NT=cell-lines;VV=v1.1.0	manual curation	NT=Data-dependent acquisition;AC=PRIDE:0000627	NT=Orbitrap Fusion Lumos;AC=MS:1002732	NT=Trypsin;AC=MS:1001251	TMT133N	29	NT=higher energy beam-type collision-induced dissociation;AC=MS:1000422	5 ppm	0.6 Da	NT=dithiothreitol (DTT);AC=PRIDE:0000608	NT=methyl methanethiosulfonate (MMTS);AC=PRIDE:0000605	NT=Methylthio;AC=UNIMOD:39;TA=C;MT=Fixed	NT=Oxidation;AC=UNIMOD:35;TA=M;MT=Variable	NT=TMTpro;AC=UNIMOD:2016;TA=K;MT=Fixed	NT=TMTpro;AC=UNIMOD:2016;PP=Any N-term;MT=Fixed	RET knockout clone C2
A8	Homo sapiens	cell culture	not available	2	neuroblastoma	cell line	not available	not available	SK-N-AS	CVCL_1700	SK-N-AS	RET knockout clone C2	Lumos_200817_71-TMT133N	proteomic profiling by mass spectrometry	1	Lumos_200817_71.raw	v1.1.0	NT=ms-proteomics;VV=v1.1.0	NT=human;VV=v1.1.0	NT=cell-lines;VV=v1.1.0	manual curation	NT=Data-dependent acquisition;AC=PRIDE:0000627	NT=Orbitrap Fusion Lumos;AC=MS:1002732	NT=Trypsin;AC=MS:1001251	TMT133N	30	NT=higher energy beam-type collision-induced dissociation;AC=MS:1000422	5 ppm	0.6 Da	NT=dithiothreitol (DTT);AC=PRIDE:0000608	NT=methyl methanethiosulfonate (MMTS);AC=PRIDE:0000605	NT=Methylthio;AC=UNIMOD:39;TA=C;MT=Fixed	NT=Oxidation;AC=UNIMOD:35;TA=M;MT=Variable	NT=TMTpro;AC=UNIMOD:2016;TA=K;MT=Fixed	NT=TMTpro;AC=UNIMOD:2016;PP=Any N-term;MT=Fixed	RET knockout clone C2
A16	Homo sapiens	cell culture	not available	2	neuroblastoma	cell line	not available	not available	SK-N-AS	CVCL_1700	SK-N-AS	RET knockout clone C19	Lumos_200817_42-TMT133C	proteomic profiling by mass spectrometry	1	Lumos_200817_42.raw	v1.1.0	NT=ms-proteomics;VV=v1.1.0	NT=human;VV=v1.1.0	NT=cell-lines;VV=v1.1.0	manual curation	NT=Data-dependent acquisition;AC=PRIDE:0000627	NT=Orbitrap Fusion Lumos;AC=MS:1002732	NT=Trypsin;AC=MS:1001251	TMT133C	1	NT=higher energy beam-type collision-induced dissociation;AC=MS:1000422	5 ppm	0.6 Da	NT=dithiothreitol (DTT);AC=PRIDE:0000608	NT=methyl methanethiosulfonate (MMTS);AC=PRIDE:0000605	NT=Methylthio;AC=UNIMOD:39;TA=C;MT=Fixed	NT=Oxidation;AC=UNIMOD:35;TA=M;MT=Variable	NT=TMTpro;AC=UNIMOD:2016;TA=K;MT=Fixed	NT=TMTpro;AC=UNIMOD:2016;PP=Any N-term;MT=Fixed	RET knockout clone C19
A16	Homo sapiens	cell culture	not available	2	neuroblastoma	cell line	not available	not available	SK-N-AS	CVCL_1700	SK-N-AS	RET knockout clone C19	Lumos_200817_43-TMT133C	proteomic profiling by mass spectrometry	1	Lumos_200817_43.raw	v1.1.0	NT=ms-proteomics;VV=v1.1.0	NT=human;VV=v1.1.0	NT=cell-lines;VV=v1.1.0	manual curation	NT=Data-dependent acquisition;AC=PRIDE:0000627	NT=Orbitrap Fusion Lumos;AC=MS:1002732	NT=Trypsin;AC=MS:1001251	TMT133C	2	NT=higher energy beam-type collision-induced dissociation;AC=MS:1000422	5 ppm	0.6 Da	NT=dithiothreitol (DTT);AC=PRIDE:0000608	NT=methyl methanethiosulfonate (MMTS);AC=PRIDE:0000605	NT=Methylthio;AC=UNIMOD:39;TA=C;MT=Fixed	NT=Oxidation;AC=UNIMOD:35;TA=M;MT=Variable	NT=TMTpro;AC=UNIMOD:2016;TA=K;MT=Fixed	NT=TMTpro;AC=UNIMOD:2016;PP=Any N-term;MT=Fixed	RET knockout clone C19
A16	Homo sapiens	cell culture	not available	2	neuroblastoma	cell line	not available	not available	SK-N-AS	CVCL_1700	SK-N-AS	RET knockout clone C19	Lumos_200817_44-TMT133C	proteomic profiling by mass spectrometry	1	Lumos_200817_44.raw	v1.1.0	NT=ms-proteomics;VV=v1.1.0	NT=human;VV=v1.1.0	NT=cell-lines;VV=v1.1.0	manual curation	NT=Data-dependent acquisition;AC=PRIDE:0000627	NT=Orbitrap Fusion Lumos;AC=MS:1002732	NT=Trypsin;AC=MS:1001251	TMT133C	3	NT=higher energy beam-type collision-induced dissociation;AC=MS:1000422	5 ppm	0.6 Da	NT=dithiothreitol (DTT);AC=PRIDE:0000608	NT=methyl methanethiosulfonate (MMTS);AC=PRIDE:0000605	NT=Methylthio;AC=UNIMOD:39;TA=C;MT=Fixed	NT=Oxidation;AC=UNIMOD:35;TA=M;MT=Variable	NT=TMTpro;AC=UNIMOD:2016;TA=K;MT=Fixed	NT=TMTpro;AC=UNIMOD:2016;PP=Any N-term;MT=Fixed	RET knockout clone C19
A16	Homo sapiens	cell culture	not available	2	neuroblastoma	cell line	not available	not available	SK-N-AS	CVCL_1700	SK-N-AS	RET knockout clone C19	Lumos_200817_45-TMT133C	proteomic profiling by mass spectrometry	1	Lumos_200817_45.raw	v1.1.0	NT=ms-proteomics;VV=v1.1.0	NT=human;VV=v1.1.0	NT=cell-lines;VV=v1.1.0	manual curation	NT=Data-dependent acquisition;AC=PRIDE:0000627	NT=Orbitrap Fusion Lumos;AC=MS:1002732	NT=Trypsin;AC=MS:1001251	TMT133C	4	NT=higher energy beam-type collision-induced dissociation;AC=MS:1000422	5 ppm	0.6 Da	NT=dithiothreitol (DTT);AC=PRIDE:0000608	NT=methyl methanethiosulfonate (MMTS);AC=PRIDE:0000605	NT=Methylthio;AC=UNIMOD:39;TA=C;MT=Fixed	NT=Oxidation;AC=UNIMOD:35;TA=M;MT=Variable	NT=TMTpro;AC=UNIMOD:2016;TA=K;MT=Fixed	NT=TMTpro;AC=UNIMOD:2016;PP=Any N-term;MT=Fixed	RET knockout clone C19
A16	Homo sapiens	cell culture	not available	2	neuroblastoma	cell line	not available	not available	SK-N-AS	CVCL_1700	SK-N-AS	RET knockout clone C19	Lumos_200817_46-TMT133C	proteomic profiling by mass spectrometry	1	Lumos_200817_46.raw	v1.1.0	NT=ms-proteomics;VV=v1.1.0	NT=human;VV=v1.1.0	NT=cell-lines;VV=v1.1.0	manual curation	NT=Data-dependent acquisition;AC=PRIDE:0000627	NT=Orbitrap Fusion Lumos;AC=MS:1002732	NT=Trypsin;AC=MS:1001251	TMT133C	5	NT=higher energy beam-type collision-induced dissociation;AC=MS:1000422	5 ppm	0.6 Da	NT=dithiothreitol (DTT);AC=PRIDE:0000608	NT=methyl methanethiosulfonate (MMTS);AC=PRIDE:0000605	NT=Methylthio;AC=UNIMOD:39;TA=C;MT=Fixed	NT=Oxidation;AC=UNIMOD:35;TA=M;MT=Variable	NT=TMTpro;AC=UNIMOD:2016;TA=K;MT=Fixed	NT=TMTpro;AC=UNIMOD:2016;PP=Any N-term;MT=Fixed	RET knockout clone C19
A16	Homo sapiens	cell culture	not available	2	neuroblastoma	cell line	not available	not available	SK-N-AS	CVCL_1700	SK-N-AS	RET knockout clone C19	Lumos_200817_47-TMT133C	proteomic profiling by mass spectrometry	1	Lumos_200817_47.raw	v1.1.0	NT=ms-proteomics;VV=v1.1.0	NT=human;VV=v1.1.0	NT=cell-lines;VV=v1.1.0	manual curation	NT=Data-dependent acquisition;AC=PRIDE:0000627	NT=Orbitrap Fusion Lumos;AC=MS:1002732	NT=Trypsin;AC=MS:1001251	TMT133C	6	NT=higher energy beam-type collision-induced dissociation;AC=MS:1000422	5 ppm	0.6 Da	NT=dithiothreitol (DTT);AC=PRIDE:0000608	NT=methyl methanethiosulfonate (MMTS);AC=PRIDE:0000605	NT=Methylthio;AC=UNIMOD:39;TA=C;MT=Fixed	NT=Oxidation;AC=UNIMOD:35;TA=M;MT=Variable	NT=TMTpro;AC=UNIMOD:2016;TA=K;MT=Fixed	NT=TMTpro;AC=UNIMOD:2016;PP=Any N-term;MT=Fixed	RET knockout clone C19
A16	Homo sapiens	cell culture	not available	2	neuroblastoma	cell line	not available	not available	SK-N-AS	CVCL_1700	SK-N-AS	RET knockout clone C19	Lumos_200817_48-TMT133C	proteomic profiling by mass spectrometry	1	Lumos_200817_48.raw	v1.1.0	NT=ms-proteomics;VV=v1.1.0	NT=human;VV=v1.1.0	NT=cell-lines;VV=v1.1.0	manual curation	NT=Data-dependent acquisition;AC=PRIDE:0000627	NT=Orbitrap Fusion Lumos;AC=MS:1002732	NT=Trypsin;AC=MS:1001251	TMT133C	7	NT=higher energy beam-type collision-induced dissociation;AC=MS:1000422	5 ppm	0.6 Da	NT=dithiothreitol (DTT);AC=PRIDE:0000608	NT=methyl methanethiosulfonate (MMTS);AC=PRIDE:0000605	NT=Methylthio;AC=UNIMOD:39;TA=C;MT=Fixed	NT=Oxidation;AC=UNIMOD:35;TA=M;MT=Variable	NT=TMTpro;AC=UNIMOD:2016;TA=K;MT=Fixed	NT=TMTpro;AC=UNIMOD:2016;PP=Any N-term;MT=Fixed	RET knockout clone C19
A16	Homo sapiens	cell culture	not available	2	neuroblastoma	cell line	not available	not available	SK-N-AS	CVCL_1700	SK-N-AS	RET knockout clone C19	Lumos_200817_49-TMT133C	proteomic profiling by mass spectrometry	1	Lumos_200817_49.raw	v1.1.0	NT=ms-proteomics;VV=v1.1.0	NT=human;VV=v1.1.0	NT=cell-lines;VV=v1.1.0	manual curation	NT=Data-dependent acquisition;AC=PRIDE:0000627	NT=Orbitrap Fusion Lumos;AC=MS:1002732	NT=Trypsin;AC=MS:1001251	TMT133C	8	NT=higher energy beam-type collision-induced dissociation;AC=MS:1000422	5 ppm	0.6 Da	NT=dithiothreitol (DTT);AC=PRIDE:0000608	NT=methyl methanethiosulfonate (MMTS);AC=PRIDE:0000605	NT=Methylthio;AC=UNIMOD:39;TA=C;MT=Fixed	NT=Oxidation;AC=UNIMOD:35;TA=M;MT=Variable	NT=TMTpro;AC=UNIMOD:2016;TA=K;MT=Fixed	NT=TMTpro;AC=UNIMOD:2016;PP=Any N-term;MT=Fixed	RET knockout clone C19
A16	Homo sapiens	cell culture	not available	2	neuroblastoma	cell line	not available	not available	SK-N-AS	CVCL_1700	SK-N-AS	RET knockout clone C19	Lumos_200817_50-TMT133C	proteomic profiling by mass spectrometry	1	Lumos_200817_50.raw	v1.1.0	NT=ms-proteomics;VV=v1.1.0	NT=human;VV=v1.1.0	NT=cell-lines;VV=v1.1.0	manual curation	NT=Data-dependent acquisition;AC=PRIDE:0000627	NT=Orbitrap Fusion Lumos;AC=MS:1002732	NT=Trypsin;AC=MS:1001251	TMT133C	9	NT=higher energy beam-type collision-induced dissociation;AC=MS:1000422	5 ppm	0.6 Da	NT=dithiothreitol (DTT);AC=PRIDE:0000608	NT=methyl methanethiosulfonate (MMTS);AC=PRIDE:0000605	NT=Methylthio;AC=UNIMOD:39;TA=C;MT=Fixed	NT=Oxidation;AC=UNIMOD:35;TA=M;MT=Variable	NT=TMTpro;AC=UNIMOD:2016;TA=K;MT=Fixed	NT=TMTpro;AC=UNIMOD:2016;PP=Any N-term;MT=Fixed	RET knockout clone C19
A16	Homo sapiens	cell culture	not available	2	neuroblastoma	cell line	not available	not available	SK-N-AS	CVCL_1700	SK-N-AS	RET knockout clone C19	Lumos_200817_51-TMT133C	proteomic profiling by mass spectrometry	1	Lumos_200817_51.raw	v1.1.0	NT=ms-proteomics;VV=v1.1.0	NT=human;VV=v1.1.0	NT=cell-lines;VV=v1.1.0	manual curation	NT=Data-dependent acquisition;AC=PRIDE:0000627	NT=Orbitrap Fusion Lumos;AC=MS:1002732	NT=Trypsin;AC=MS:1001251	TMT133C	10	NT=higher energy beam-type collision-induced dissociation;AC=MS:1000422	5 ppm	0.6 Da	NT=dithiothreitol (DTT);AC=PRIDE:0000608	NT=methyl methanethiosulfonate (MMTS);AC=PRIDE:0000605	NT=Methylthio;AC=UNIMOD:39;TA=C;MT=Fixed	NT=Oxidation;AC=UNIMOD:35;TA=M;MT=Variable	NT=TMTpro;AC=UNIMOD:2016;TA=K;MT=Fixed	NT=TMTpro;AC=UNIMOD:2016;PP=Any N-term;MT=Fixed	RET knockout clone C19
A16	Homo sapiens	cell culture	not available	2	neuroblastoma	cell line	not available	not available	SK-N-AS	CVCL_1700	SK-N-AS	RET knockout clone C19	Lumos_200817_52-TMT133C	proteomic profiling by mass spectrometry	1	Lumos_200817_52.raw	v1.1.0	NT=ms-proteomics;VV=v1.1.0	NT=human;VV=v1.1.0	NT=cell-lines;VV=v1.1.0	manual curation	NT=Data-dependent acquisition;AC=PRIDE:0000627	NT=Orbitrap Fusion Lumos;AC=MS:1002732	NT=Trypsin;AC=MS:1001251	TMT133C	11	NT=higher energy beam-type collision-induced dissociation;AC=MS:1000422	5 ppm	0.6 Da	NT=dithiothreitol (DTT);AC=PRIDE:0000608	NT=methyl methanethiosulfonate (MMTS);AC=PRIDE:0000605	NT=Methylthio;AC=UNIMOD:39;TA=C;MT=Fixed	NT=Oxidation;AC=UNIMOD:35;TA=M;MT=Variable	NT=TMTpro;AC=UNIMOD:2016;TA=K;MT=Fixed	NT=TMTpro;AC=UNIMOD:2016;PP=Any N-term;MT=Fixed	RET knockout clone C19
A16	Homo sapiens	cell culture	not available	2	neuroblastoma	cell line	not available	not available	SK-N-AS	CVCL_1700	SK-N-AS	RET knockout clone C19	Lumos_200817_53-TMT133C	proteomic profiling by mass spectrometry	1	Lumos_200817_53.raw	v1.1.0	NT=ms-proteomics;VV=v1.1.0	NT=human;VV=v1.1.0	NT=cell-lines;VV=v1.1.0	manual curation	NT=Data-dependent acquisition;AC=PRIDE:0000627	NT=Orbitrap Fusion Lumos;AC=MS:1002732	NT=Trypsin;AC=MS:1001251	TMT133C	12	NT=higher energy beam-type collision-induced dissociation;AC=MS:1000422	5 ppm	0.6 Da	NT=dithiothreitol (DTT);AC=PRIDE:0000608	NT=methyl methanethiosulfonate (MMTS);AC=PRIDE:0000605	NT=Methylthio;AC=UNIMOD:39;TA=C;MT=Fixed	NT=Oxidation;AC=UNIMOD:35;TA=M;MT=Variable	NT=TMTpro;AC=UNIMOD:2016;TA=K;MT=Fixed	NT=TMTpro;AC=UNIMOD:2016;PP=Any N-term;MT=Fixed	RET knockout clone C19
A16	Homo sapiens	cell culture	not available	2	neuroblastoma	cell line	not available	not available	SK-N-AS	CVCL_1700	SK-N-AS	RET knockout clone C19	Lumos_200817_54-TMT133C	proteomic profiling by mass spectrometry	1	Lumos_200817_54.raw	v1.1.0	NT=ms-proteomics;VV=v1.1.0	NT=human;VV=v1.1.0	NT=cell-lines;VV=v1.1.0	manual curation	NT=Data-dependent acquisition;AC=PRIDE:0000627	NT=Orbitrap Fusion Lumos;AC=MS:1002732	NT=Trypsin;AC=MS:1001251	TMT133C	13	NT=higher energy beam-type collision-induced dissociation;AC=MS:1000422	5 ppm	0.6 Da	NT=dithiothreitol (DTT);AC=PRIDE:0000608	NT=methyl methanethiosulfonate (MMTS);AC=PRIDE:0000605	NT=Methylthio;AC=UNIMOD:39;TA=C;MT=Fixed	NT=Oxidation;AC=UNIMOD:35;TA=M;MT=Variable	NT=TMTpro;AC=UNIMOD:2016;TA=K;MT=Fixed	NT=TMTpro;AC=UNIMOD:2016;PP=Any N-term;MT=Fixed	RET knockout clone C19
A16	Homo sapiens	cell culture	not available	2	neuroblastoma	cell line	not available	not available	SK-N-AS	CVCL_1700	SK-N-AS	RET knockout clone C19	Lumos_200817_55-TMT133C	proteomic profiling by mass spectrometry	1	Lumos_200817_55.raw	v1.1.0	NT=ms-proteomics;VV=v1.1.0	NT=human;VV=v1.1.0	NT=cell-lines;VV=v1.1.0	manual curation	NT=Data-dependent acquisition;AC=PRIDE:0000627	NT=Orbitrap Fusion Lumos;AC=MS:1002732	NT=Trypsin;AC=MS:1001251	TMT133C	14	NT=higher energy beam-type collision-induced dissociation;AC=MS:1000422	5 ppm	0.6 Da	NT=dithiothreitol (DTT);AC=PRIDE:0000608	NT=methyl methanethiosulfonate (MMTS);AC=PRIDE:0000605	NT=Methylthio;AC=UNIMOD:39;TA=C;MT=Fixed	NT=Oxidation;AC=UNIMOD:35;TA=M;MT=Variable	NT=TMTpro;AC=UNIMOD:2016;TA=K;MT=Fixed	NT=TMTpro;AC=UNIMOD:2016;PP=Any N-term;MT=Fixed	RET knockout clone C19
A16	Homo sapiens	cell culture	not available	2	neuroblastoma	cell line	not available	not available	SK-N-AS	CVCL_1700	SK-N-AS	RET knockout clone C19	Lumos_200817_56-TMT133C	proteomic profiling by mass spectrometry	1	Lumos_200817_56.raw	v1.1.0	NT=ms-proteomics;VV=v1.1.0	NT=human;VV=v1.1.0	NT=cell-lines;VV=v1.1.0	manual curation	NT=Data-dependent acquisition;AC=PRIDE:0000627	NT=Orbitrap Fusion Lumos;AC=MS:1002732	NT=Trypsin;AC=MS:1001251	TMT133C	15	NT=higher energy beam-type collision-induced dissociation;AC=MS:1000422	5 ppm	0.6 Da	NT=dithiothreitol (DTT);AC=PRIDE:0000608	NT=methyl methanethiosulfonate (MMTS);AC=PRIDE:0000605	NT=Methylthio;AC=UNIMOD:39;TA=C;MT=Fixed	NT=Oxidation;AC=UNIMOD:35;TA=M;MT=Variable	NT=TMTpro;AC=UNIMOD:2016;TA=K;MT=Fixed	NT=TMTpro;AC=UNIMOD:2016;PP=Any N-term;MT=Fixed	RET knockout clone C19
A16	Homo sapiens	cell culture	not available	2	neuroblastoma	cell line	not available	not available	SK-N-AS	CVCL_1700	SK-N-AS	RET knockout clone C19	Lumos_200817_57-TMT133C	proteomic profiling by mass spectrometry	1	Lumos_200817_57.raw	v1.1.0	NT=ms-proteomics;VV=v1.1.0	NT=human;VV=v1.1.0	NT=cell-lines;VV=v1.1.0	manual curation	NT=Data-dependent acquisition;AC=PRIDE:0000627	NT=Orbitrap Fusion Lumos;AC=MS:1002732	NT=Trypsin;AC=MS:1001251	TMT133C	16	NT=higher energy beam-type collision-induced dissociation;AC=MS:1000422	5 ppm	0.6 Da	NT=dithiothreitol (DTT);AC=PRIDE:0000608	NT=methyl methanethiosulfonate (MMTS);AC=PRIDE:0000605	NT=Methylthio;AC=UNIMOD:39;TA=C;MT=Fixed	NT=Oxidation;AC=UNIMOD:35;TA=M;MT=Variable	NT=TMTpro;AC=UNIMOD:2016;TA=K;MT=Fixed	NT=TMTpro;AC=UNIMOD:2016;PP=Any N-term;MT=Fixed	RET knockout clone C19
A16	Homo sapiens	cell culture	not available	2	neuroblastoma	cell line	not available	not available	SK-N-AS	CVCL_1700	SK-N-AS	RET knockout clone C19	Lumos_200817_58-TMT133C	proteomic profiling by mass spectrometry	1	Lumos_200817_58.raw	v1.1.0	NT=ms-proteomics;VV=v1.1.0	NT=human;VV=v1.1.0	NT=cell-lines;VV=v1.1.0	manual curation	NT=Data-dependent acquisition;AC=PRIDE:0000627	NT=Orbitrap Fusion Lumos;AC=MS:1002732	NT=Trypsin;AC=MS:1001251	TMT133C	17	NT=higher energy beam-type collision-induced dissociation;AC=MS:1000422	5 ppm	0.6 Da	NT=dithiothreitol (DTT);AC=PRIDE:0000608	NT=methyl methanethiosulfonate (MMTS);AC=PRIDE:0000605	NT=Methylthio;AC=UNIMOD:39;TA=C;MT=Fixed	NT=Oxidation;AC=UNIMOD:35;TA=M;MT=Variable	NT=TMTpro;AC=UNIMOD:2016;TA=K;MT=Fixed	NT=TMTpro;AC=UNIMOD:2016;PP=Any N-term;MT=Fixed	RET knockout clone C19
A16	Homo sapiens	cell culture	not available	2	neuroblastoma	cell line	not available	not available	SK-N-AS	CVCL_1700	SK-N-AS	RET knockout clone C19	Lumos_200817_59-TMT133C	proteomic profiling by mass spectrometry	1	Lumos_200817_59.raw	v1.1.0	NT=ms-proteomics;VV=v1.1.0	NT=human;VV=v1.1.0	NT=cell-lines;VV=v1.1.0	manual curation	NT=Data-dependent acquisition;AC=PRIDE:0000627	NT=Orbitrap Fusion Lumos;AC=MS:1002732	NT=Trypsin;AC=MS:1001251	TMT133C	18	NT=higher energy beam-type collision-induced dissociation;AC=MS:1000422	5 ppm	0.6 Da	NT=dithiothreitol (DTT);AC=PRIDE:0000608	NT=methyl methanethiosulfonate (MMTS);AC=PRIDE:0000605	NT=Methylthio;AC=UNIMOD:39;TA=C;MT=Fixed	NT=Oxidation;AC=UNIMOD:35;TA=M;MT=Variable	NT=TMTpro;AC=UNIMOD:2016;TA=K;MT=Fixed	NT=TMTpro;AC=UNIMOD:2016;PP=Any N-term;MT=Fixed	RET knockout clone C19
A16	Homo sapiens	cell culture	not available	2	neuroblastoma	cell line	not available	not available	SK-N-AS	CVCL_1700	SK-N-AS	RET knockout clone C19	Lumos_200817_60-TMT133C	proteomic profiling by mass spectrometry	1	Lumos_200817_60.raw	v1.1.0	NT=ms-proteomics;VV=v1.1.0	NT=human;VV=v1.1.0	NT=cell-lines;VV=v1.1.0	manual curation	NT=Data-dependent acquisition;AC=PRIDE:0000627	NT=Orbitrap Fusion Lumos;AC=MS:1002732	NT=Trypsin;AC=MS:1001251	TMT133C	19	NT=higher energy beam-type collision-induced dissociation;AC=MS:1000422	5 ppm	0.6 Da	NT=dithiothreitol (DTT);AC=PRIDE:0000608	NT=methyl methanethiosulfonate (MMTS);AC=PRIDE:0000605	NT=Methylthio;AC=UNIMOD:39;TA=C;MT=Fixed	NT=Oxidation;AC=UNIMOD:35;TA=M;MT=Variable	NT=TMTpro;AC=UNIMOD:2016;TA=K;MT=Fixed	NT=TMTpro;AC=UNIMOD:2016;PP=Any N-term;MT=Fixed	RET knockout clone C19
A16	Homo sapiens	cell culture	not available	2	neuroblastoma	cell line	not available	not available	SK-N-AS	CVCL_1700	SK-N-AS	RET knockout clone C19	Lumos_200817_61-TMT133C	proteomic profiling by mass spectrometry	1	Lumos_200817_61.raw	v1.1.0	NT=ms-proteomics;VV=v1.1.0	NT=human;VV=v1.1.0	NT=cell-lines;VV=v1.1.0	manual curation	NT=Data-dependent acquisition;AC=PRIDE:0000627	NT=Orbitrap Fusion Lumos;AC=MS:1002732	NT=Trypsin;AC=MS:1001251	TMT133C	20	NT=higher energy beam-type collision-induced dissociation;AC=MS:1000422	5 ppm	0.6 Da	NT=dithiothreitol (DTT);AC=PRIDE:0000608	NT=methyl methanethiosulfonate (MMTS);AC=PRIDE:0000605	NT=Methylthio;AC=UNIMOD:39;TA=C;MT=Fixed	NT=Oxidation;AC=UNIMOD:35;TA=M;MT=Variable	NT=TMTpro;AC=UNIMOD:2016;TA=K;MT=Fixed	NT=TMTpro;AC=UNIMOD:2016;PP=Any N-term;MT=Fixed	RET knockout clone C19
A16	Homo sapiens	cell culture	not available	2	neuroblastoma	cell line	not available	not available	SK-N-AS	CVCL_1700	SK-N-AS	RET knockout clone C19	Lumos_200817_62-TMT133C	proteomic profiling by mass spectrometry	1	Lumos_200817_62.raw	v1.1.0	NT=ms-proteomics;VV=v1.1.0	NT=human;VV=v1.1.0	NT=cell-lines;VV=v1.1.0	manual curation	NT=Data-dependent acquisition;AC=PRIDE:0000627	NT=Orbitrap Fusion Lumos;AC=MS:1002732	NT=Trypsin;AC=MS:1001251	TMT133C	21	NT=higher energy beam-type collision-induced dissociation;AC=MS:1000422	5 ppm	0.6 Da	NT=dithiothreitol (DTT);AC=PRIDE:0000608	NT=methyl methanethiosulfonate (MMTS);AC=PRIDE:0000605	NT=Methylthio;AC=UNIMOD:39;TA=C;MT=Fixed	NT=Oxidation;AC=UNIMOD:35;TA=M;MT=Variable	NT=TMTpro;AC=UNIMOD:2016;TA=K;MT=Fixed	NT=TMTpro;AC=UNIMOD:2016;PP=Any N-term;MT=Fixed	RET knockout clone C19
A16	Homo sapiens	cell culture	not available	2	neuroblastoma	cell line	not available	not available	SK-N-AS	CVCL_1700	SK-N-AS	RET knockout clone C19	Lumos_200817_63-TMT133C	proteomic profiling by mass spectrometry	1	Lumos_200817_63.raw	v1.1.0	NT=ms-proteomics;VV=v1.1.0	NT=human;VV=v1.1.0	NT=cell-lines;VV=v1.1.0	manual curation	NT=Data-dependent acquisition;AC=PRIDE:0000627	NT=Orbitrap Fusion Lumos;AC=MS:1002732	NT=Trypsin;AC=MS:1001251	TMT133C	22	NT=higher energy beam-type collision-induced dissociation;AC=MS:1000422	5 ppm	0.6 Da	NT=dithiothreitol (DTT);AC=PRIDE:0000608	NT=methyl methanethiosulfonate (MMTS);AC=PRIDE:0000605	NT=Methylthio;AC=UNIMOD:39;TA=C;MT=Fixed	NT=Oxidation;AC=UNIMOD:35;TA=M;MT=Variable	NT=TMTpro;AC=UNIMOD:2016;TA=K;MT=Fixed	NT=TMTpro;AC=UNIMOD:2016;PP=Any N-term;MT=Fixed	RET knockout clone C19
A16	Homo sapiens	cell culture	not available	2	neuroblastoma	cell line	not available	not available	SK-N-AS	CVCL_1700	SK-N-AS	RET knockout clone C19	Lumos_200817_64-TMT133C	proteomic profiling by mass spectrometry	1	Lumos_200817_64.raw	v1.1.0	NT=ms-proteomics;VV=v1.1.0	NT=human;VV=v1.1.0	NT=cell-lines;VV=v1.1.0	manual curation	NT=Data-dependent acquisition;AC=PRIDE:0000627	NT=Orbitrap Fusion Lumos;AC=MS:1002732	NT=Trypsin;AC=MS:1001251	TMT133C	23	NT=higher energy beam-type collision-induced dissociation;AC=MS:1000422	5 ppm	0.6 Da	NT=dithiothreitol (DTT);AC=PRIDE:0000608	NT=methyl methanethiosulfonate (MMTS);AC=PRIDE:0000605	NT=Methylthio;AC=UNIMOD:39;TA=C;MT=Fixed	NT=Oxidation;AC=UNIMOD:35;TA=M;MT=Variable	NT=TMTpro;AC=UNIMOD:2016;TA=K;MT=Fixed	NT=TMTpro;AC=UNIMOD:2016;PP=Any N-term;MT=Fixed	RET knockout clone C19
A16	Homo sapiens	cell culture	not available	2	neuroblastoma	cell line	not available	not available	SK-N-AS	CVCL_1700	SK-N-AS	RET knockout clone C19	Lumos_200817_65-TMT133C	proteomic profiling by mass spectrometry	1	Lumos_200817_65.raw	v1.1.0	NT=ms-proteomics;VV=v1.1.0	NT=human;VV=v1.1.0	NT=cell-lines;VV=v1.1.0	manual curation	NT=Data-dependent acquisition;AC=PRIDE:0000627	NT=Orbitrap Fusion Lumos;AC=MS:1002732	NT=Trypsin;AC=MS:1001251	TMT133C	24	NT=higher energy beam-type collision-induced dissociation;AC=MS:1000422	5 ppm	0.6 Da	NT=dithiothreitol (DTT);AC=PRIDE:0000608	NT=methyl methanethiosulfonate (MMTS);AC=PRIDE:0000605	NT=Methylthio;AC=UNIMOD:39;TA=C;MT=Fixed	NT=Oxidation;AC=UNIMOD:35;TA=M;MT=Variable	NT=TMTpro;AC=UNIMOD:2016;TA=K;MT=Fixed	NT=TMTpro;AC=UNIMOD:2016;PP=Any N-term;MT=Fixed	RET knockout clone C19
A16	Homo sapiens	cell culture	not available	2	neuroblastoma	cell line	not available	not available	SK-N-AS	CVCL_1700	SK-N-AS	RET knockout clone C19	Lumos_200817_66-TMT133C	proteomic profiling by mass spectrometry	1	Lumos_200817_66.raw	v1.1.0	NT=ms-proteomics;VV=v1.1.0	NT=human;VV=v1.1.0	NT=cell-lines;VV=v1.1.0	manual curation	NT=Data-dependent acquisition;AC=PRIDE:0000627	NT=Orbitrap Fusion Lumos;AC=MS:1002732	NT=Trypsin;AC=MS:1001251	TMT133C	25	NT=higher energy beam-type collision-induced dissociation;AC=MS:1000422	5 ppm	0.6 Da	NT=dithiothreitol (DTT);AC=PRIDE:0000608	NT=methyl methanethiosulfonate (MMTS);AC=PRIDE:0000605	NT=Methylthio;AC=UNIMOD:39;TA=C;MT=Fixed	NT=Oxidation;AC=UNIMOD:35;TA=M;MT=Variable	NT=TMTpro;AC=UNIMOD:2016;TA=K;MT=Fixed	NT=TMTpro;AC=UNIMOD:2016;PP=Any N-term;MT=Fixed	RET knockout clone C19
A16	Homo sapiens	cell culture	not available	2	neuroblastoma	cell line	not available	not available	SK-N-AS	CVCL_1700	SK-N-AS	RET knockout clone C19	Lumos_200817_67-TMT133C	proteomic profiling by mass spectrometry	1	Lumos_200817_67.raw	v1.1.0	NT=ms-proteomics;VV=v1.1.0	NT=human;VV=v1.1.0	NT=cell-lines;VV=v1.1.0	manual curation	NT=Data-dependent acquisition;AC=PRIDE:0000627	NT=Orbitrap Fusion Lumos;AC=MS:1002732	NT=Trypsin;AC=MS:1001251	TMT133C	26	NT=higher energy beam-type collision-induced dissociation;AC=MS:1000422	5 ppm	0.6 Da	NT=dithiothreitol (DTT);AC=PRIDE:0000608	NT=methyl methanethiosulfonate (MMTS);AC=PRIDE:0000605	NT=Methylthio;AC=UNIMOD:39;TA=C;MT=Fixed	NT=Oxidation;AC=UNIMOD:35;TA=M;MT=Variable	NT=TMTpro;AC=UNIMOD:2016;TA=K;MT=Fixed	NT=TMTpro;AC=UNIMOD:2016;PP=Any N-term;MT=Fixed	RET knockout clone C19
A16	Homo sapiens	cell culture	not available	2	neuroblastoma	cell line	not available	not available	SK-N-AS	CVCL_1700	SK-N-AS	RET knockout clone C19	Lumos_200817_68-TMT133C	proteomic profiling by mass spectrometry	1	Lumos_200817_68.raw	v1.1.0	NT=ms-proteomics;VV=v1.1.0	NT=human;VV=v1.1.0	NT=cell-lines;VV=v1.1.0	manual curation	NT=Data-dependent acquisition;AC=PRIDE:0000627	NT=Orbitrap Fusion Lumos;AC=MS:1002732	NT=Trypsin;AC=MS:1001251	TMT133C	27	NT=higher energy beam-type collision-induced dissociation;AC=MS:1000422	5 ppm	0.6 Da	NT=dithiothreitol (DTT);AC=PRIDE:0000608	NT=methyl methanethiosulfonate (MMTS);AC=PRIDE:0000605	NT=Methylthio;AC=UNIMOD:39;TA=C;MT=Fixed	NT=Oxidation;AC=UNIMOD:35;TA=M;MT=Variable	NT=TMTpro;AC=UNIMOD:2016;TA=K;MT=Fixed	NT=TMTpro;AC=UNIMOD:2016;PP=Any N-term;MT=Fixed	RET knockout clone C19
A16	Homo sapiens	cell culture	not available	2	neuroblastoma	cell line	not available	not available	SK-N-AS	CVCL_1700	SK-N-AS	RET knockout clone C19	Lumos_200817_69-TMT133C	proteomic profiling by mass spectrometry	1	Lumos_200817_69.raw	v1.1.0	NT=ms-proteomics;VV=v1.1.0	NT=human;VV=v1.1.0	NT=cell-lines;VV=v1.1.0	manual curation	NT=Data-dependent acquisition;AC=PRIDE:0000627	NT=Orbitrap Fusion Lumos;AC=MS:1002732	NT=Trypsin;AC=MS:1001251	TMT133C	28	NT=higher energy beam-type collision-induced dissociation;AC=MS:1000422	5 ppm	0.6 Da	NT=dithiothreitol (DTT);AC=PRIDE:0000608	NT=methyl methanethiosulfonate (MMTS);AC=PRIDE:0000605	NT=Methylthio;AC=UNIMOD:39;TA=C;MT=Fixed	NT=Oxidation;AC=UNIMOD:35;TA=M;MT=Variable	NT=TMTpro;AC=UNIMOD:2016;TA=K;MT=Fixed	NT=TMTpro;AC=UNIMOD:2016;PP=Any N-term;MT=Fixed	RET knockout clone C19
A16	Homo sapiens	cell culture	not available	2	neuroblastoma	cell line	not available	not available	SK-N-AS	CVCL_1700	SK-N-AS	RET knockout clone C19	Lumos_200817_70-TMT133C	proteomic profiling by mass spectrometry	1	Lumos_200817_70.raw	v1.1.0	NT=ms-proteomics;VV=v1.1.0	NT=human;VV=v1.1.0	NT=cell-lines;VV=v1.1.0	manual curation	NT=Data-dependent acquisition;AC=PRIDE:0000627	NT=Orbitrap Fusion Lumos;AC=MS:1002732	NT=Trypsin;AC=MS:1001251	TMT133C	29	NT=higher energy beam-type collision-induced dissociation;AC=MS:1000422	5 ppm	0.6 Da	NT=dithiothreitol (DTT);AC=PRIDE:0000608	NT=methyl methanethiosulfonate (MMTS);AC=PRIDE:0000605	NT=Methylthio;AC=UNIMOD:39;TA=C;MT=Fixed	NT=Oxidation;AC=UNIMOD:35;TA=M;MT=Variable	NT=TMTpro;AC=UNIMOD:2016;TA=K;MT=Fixed	NT=TMTpro;AC=UNIMOD:2016;PP=Any N-term;MT=Fixed	RET knockout clone C19
A16	Homo sapiens	cell culture	not available	2	neuroblastoma	cell line	not available	not available	SK-N-AS	CVCL_1700	SK-N-AS	RET knockout clone C19	Lumos_200817_71-TMT133C	proteomic profiling by mass spectrometry	1	Lumos_200817_71.raw	v1.1.0	NT=ms-proteomics;VV=v1.1.0	NT=human;VV=v1.1.0	NT=cell-lines;VV=v1.1.0	manual curation	NT=Data-dependent acquisition;AC=PRIDE:0000627	NT=Orbitrap Fusion Lumos;AC=MS:1002732	NT=Trypsin;AC=MS:1001251	TMT133C	30	NT=higher energy beam-type collision-induced dissociation;AC=MS:1000422	5 ppm	0.6 Da	NT=dithiothreitol (DTT);AC=PRIDE:0000608	NT=methyl methanethiosulfonate (MMTS);AC=PRIDE:0000605	NT=Methylthio;AC=UNIMOD:39;TA=C;MT=Fixed	NT=Oxidation;AC=UNIMOD:35;TA=M;MT=Variable	NT=TMTpro;AC=UNIMOD:2016;TA=K;MT=Fixed	NT=TMTpro;AC=UNIMOD:2016;PP=Any N-term;MT=Fixed	RET knockout clone C19
A9	Homo sapiens	cell culture	not available	2	neuroblastoma	cell line	not available	not available	SK-N-AS	CVCL_1700	SK-N-AS	RET knockout clone C5	Lumos_200817_42-TMT134N	proteomic profiling by mass spectrometry	1	Lumos_200817_42.raw	v1.1.0	NT=ms-proteomics;VV=v1.1.0	NT=human;VV=v1.1.0	NT=cell-lines;VV=v1.1.0	manual curation	NT=Data-dependent acquisition;AC=PRIDE:0000627	NT=Orbitrap Fusion Lumos;AC=MS:1002732	NT=Trypsin;AC=MS:1001251	TMT134N	1	NT=higher energy beam-type collision-induced dissociation;AC=MS:1000422	5 ppm	0.6 Da	NT=dithiothreitol (DTT);AC=PRIDE:0000608	NT=methyl methanethiosulfonate (MMTS);AC=PRIDE:0000605	NT=Methylthio;AC=UNIMOD:39;TA=C;MT=Fixed	NT=Oxidation;AC=UNIMOD:35;TA=M;MT=Variable	NT=TMTpro;AC=UNIMOD:2016;TA=K;MT=Fixed	NT=TMTpro;AC=UNIMOD:2016;PP=Any N-term;MT=Fixed	RET knockout clone C5
A9	Homo sapiens	cell culture	not available	2	neuroblastoma	cell line	not available	not available	SK-N-AS	CVCL_1700	SK-N-AS	RET knockout clone C5	Lumos_200817_43-TMT134N	proteomic profiling by mass spectrometry	1	Lumos_200817_43.raw	v1.1.0	NT=ms-proteomics;VV=v1.1.0	NT=human;VV=v1.1.0	NT=cell-lines;VV=v1.1.0	manual curation	NT=Data-dependent acquisition;AC=PRIDE:0000627	NT=Orbitrap Fusion Lumos;AC=MS:1002732	NT=Trypsin;AC=MS:1001251	TMT134N	2	NT=higher energy beam-type collision-induced dissociation;AC=MS:1000422	5 ppm	0.6 Da	NT=dithiothreitol (DTT);AC=PRIDE:0000608	NT=methyl methanethiosulfonate (MMTS);AC=PRIDE:0000605	NT=Methylthio;AC=UNIMOD:39;TA=C;MT=Fixed	NT=Oxidation;AC=UNIMOD:35;TA=M;MT=Variable	NT=TMTpro;AC=UNIMOD:2016;TA=K;MT=Fixed	NT=TMTpro;AC=UNIMOD:2016;PP=Any N-term;MT=Fixed	RET knockout clone C5
A9	Homo sapiens	cell culture	not available	2	neuroblastoma	cell line	not available	not available	SK-N-AS	CVCL_1700	SK-N-AS	RET knockout clone C5	Lumos_200817_44-TMT134N	proteomic profiling by mass spectrometry	1	Lumos_200817_44.raw	v1.1.0	NT=ms-proteomics;VV=v1.1.0	NT=human;VV=v1.1.0	NT=cell-lines;VV=v1.1.0	manual curation	NT=Data-dependent acquisition;AC=PRIDE:0000627	NT=Orbitrap Fusion Lumos;AC=MS:1002732	NT=Trypsin;AC=MS:1001251	TMT134N	3	NT=higher energy beam-type collision-induced dissociation;AC=MS:1000422	5 ppm	0.6 Da	NT=dithiothreitol (DTT);AC=PRIDE:0000608	NT=methyl methanethiosulfonate (MMTS);AC=PRIDE:0000605	NT=Methylthio;AC=UNIMOD:39;TA=C;MT=Fixed	NT=Oxidation;AC=UNIMOD:35;TA=M;MT=Variable	NT=TMTpro;AC=UNIMOD:2016;TA=K;MT=Fixed	NT=TMTpro;AC=UNIMOD:2016;PP=Any N-term;MT=Fixed	RET knockout clone C5
A9	Homo sapiens	cell culture	not available	2	neuroblastoma	cell line	not available	not available	SK-N-AS	CVCL_1700	SK-N-AS	RET knockout clone C5	Lumos_200817_45-TMT134N	proteomic profiling by mass spectrometry	1	Lumos_200817_45.raw	v1.1.0	NT=ms-proteomics;VV=v1.1.0	NT=human;VV=v1.1.0	NT=cell-lines;VV=v1.1.0	manual curation	NT=Data-dependent acquisition;AC=PRIDE:0000627	NT=Orbitrap Fusion Lumos;AC=MS:1002732	NT=Trypsin;AC=MS:1001251	TMT134N	4	NT=higher energy beam-type collision-induced dissociation;AC=MS:1000422	5 ppm	0.6 Da	NT=dithiothreitol (DTT);AC=PRIDE:0000608	NT=methyl methanethiosulfonate (MMTS);AC=PRIDE:0000605	NT=Methylthio;AC=UNIMOD:39;TA=C;MT=Fixed	NT=Oxidation;AC=UNIMOD:35;TA=M;MT=Variable	NT=TMTpro;AC=UNIMOD:2016;TA=K;MT=Fixed	NT=TMTpro;AC=UNIMOD:2016;PP=Any N-term;MT=Fixed	RET knockout clone C5
A9	Homo sapiens	cell culture	not available	2	neuroblastoma	cell line	not available	not available	SK-N-AS	CVCL_1700	SK-N-AS	RET knockout clone C5	Lumos_200817_46-TMT134N	proteomic profiling by mass spectrometry	1	Lumos_200817_46.raw	v1.1.0	NT=ms-proteomics;VV=v1.1.0	NT=human;VV=v1.1.0	NT=cell-lines;VV=v1.1.0	manual curation	NT=Data-dependent acquisition;AC=PRIDE:0000627	NT=Orbitrap Fusion Lumos;AC=MS:1002732	NT=Trypsin;AC=MS:1001251	TMT134N	5	NT=higher energy beam-type collision-induced dissociation;AC=MS:1000422	5 ppm	0.6 Da	NT=dithiothreitol (DTT);AC=PRIDE:0000608	NT=methyl methanethiosulfonate (MMTS);AC=PRIDE:0000605	NT=Methylthio;AC=UNIMOD:39;TA=C;MT=Fixed	NT=Oxidation;AC=UNIMOD:35;TA=M;MT=Variable	NT=TMTpro;AC=UNIMOD:2016;TA=K;MT=Fixed	NT=TMTpro;AC=UNIMOD:2016;PP=Any N-term;MT=Fixed	RET knockout clone C5
A9	Homo sapiens	cell culture	not available	2	neuroblastoma	cell line	not available	not available	SK-N-AS	CVCL_1700	SK-N-AS	RET knockout clone C5	Lumos_200817_47-TMT134N	proteomic profiling by mass spectrometry	1	Lumos_200817_47.raw	v1.1.0	NT=ms-proteomics;VV=v1.1.0	NT=human;VV=v1.1.0	NT=cell-lines;VV=v1.1.0	manual curation	NT=Data-dependent acquisition;AC=PRIDE:0000627	NT=Orbitrap Fusion Lumos;AC=MS:1002732	NT=Trypsin;AC=MS:1001251	TMT134N	6	NT=higher energy beam-type collision-induced dissociation;AC=MS:1000422	5 ppm	0.6 Da	NT=dithiothreitol (DTT);AC=PRIDE:0000608	NT=methyl methanethiosulfonate (MMTS);AC=PRIDE:0000605	NT=Methylthio;AC=UNIMOD:39;TA=C;MT=Fixed	NT=Oxidation;AC=UNIMOD:35;TA=M;MT=Variable	NT=TMTpro;AC=UNIMOD:2016;TA=K;MT=Fixed	NT=TMTpro;AC=UNIMOD:2016;PP=Any N-term;MT=Fixed	RET knockout clone C5
A9	Homo sapiens	cell culture	not available	2	neuroblastoma	cell line	not available	not available	SK-N-AS	CVCL_1700	SK-N-AS	RET knockout clone C5	Lumos_200817_48-TMT134N	proteomic profiling by mass spectrometry	1	Lumos_200817_48.raw	v1.1.0	NT=ms-proteomics;VV=v1.1.0	NT=human;VV=v1.1.0	NT=cell-lines;VV=v1.1.0	manual curation	NT=Data-dependent acquisition;AC=PRIDE:0000627	NT=Orbitrap Fusion Lumos;AC=MS:1002732	NT=Trypsin;AC=MS:1001251	TMT134N	7	NT=higher energy beam-type collision-induced dissociation;AC=MS:1000422	5 ppm	0.6 Da	NT=dithiothreitol (DTT);AC=PRIDE:0000608	NT=methyl methanethiosulfonate (MMTS);AC=PRIDE:0000605	NT=Methylthio;AC=UNIMOD:39;TA=C;MT=Fixed	NT=Oxidation;AC=UNIMOD:35;TA=M;MT=Variable	NT=TMTpro;AC=UNIMOD:2016;TA=K;MT=Fixed	NT=TMTpro;AC=UNIMOD:2016;PP=Any N-term;MT=Fixed	RET knockout clone C5
A9	Homo sapiens	cell culture	not available	2	neuroblastoma	cell line	not available	not available	SK-N-AS	CVCL_1700	SK-N-AS	RET knockout clone C5	Lumos_200817_49-TMT134N	proteomic profiling by mass spectrometry	1	Lumos_200817_49.raw	v1.1.0	NT=ms-proteomics;VV=v1.1.0	NT=human;VV=v1.1.0	NT=cell-lines;VV=v1.1.0	manual curation	NT=Data-dependent acquisition;AC=PRIDE:0000627	NT=Orbitrap Fusion Lumos;AC=MS:1002732	NT=Trypsin;AC=MS:1001251	TMT134N	8	NT=higher energy beam-type collision-induced dissociation;AC=MS:1000422	5 ppm	0.6 Da	NT=dithiothreitol (DTT);AC=PRIDE:0000608	NT=methyl methanethiosulfonate (MMTS);AC=PRIDE:0000605	NT=Methylthio;AC=UNIMOD:39;TA=C;MT=Fixed	NT=Oxidation;AC=UNIMOD:35;TA=M;MT=Variable	NT=TMTpro;AC=UNIMOD:2016;TA=K;MT=Fixed	NT=TMTpro;AC=UNIMOD:2016;PP=Any N-term;MT=Fixed	RET knockout clone C5
A9	Homo sapiens	cell culture	not available	2	neuroblastoma	cell line	not available	not available	SK-N-AS	CVCL_1700	SK-N-AS	RET knockout clone C5	Lumos_200817_50-TMT134N	proteomic profiling by mass spectrometry	1	Lumos_200817_50.raw	v1.1.0	NT=ms-proteomics;VV=v1.1.0	NT=human;VV=v1.1.0	NT=cell-lines;VV=v1.1.0	manual curation	NT=Data-dependent acquisition;AC=PRIDE:0000627	NT=Orbitrap Fusion Lumos;AC=MS:1002732	NT=Trypsin;AC=MS:1001251	TMT134N	9	NT=higher energy beam-type collision-induced dissociation;AC=MS:1000422	5 ppm	0.6 Da	NT=dithiothreitol (DTT);AC=PRIDE:0000608	NT=methyl methanethiosulfonate (MMTS);AC=PRIDE:0000605	NT=Methylthio;AC=UNIMOD:39;TA=C;MT=Fixed	NT=Oxidation;AC=UNIMOD:35;TA=M;MT=Variable	NT=TMTpro;AC=UNIMOD:2016;TA=K;MT=Fixed	NT=TMTpro;AC=UNIMOD:2016;PP=Any N-term;MT=Fixed	RET knockout clone C5
A9	Homo sapiens	cell culture	not available	2	neuroblastoma	cell line	not available	not available	SK-N-AS	CVCL_1700	SK-N-AS	RET knockout clone C5	Lumos_200817_51-TMT134N	proteomic profiling by mass spectrometry	1	Lumos_200817_51.raw	v1.1.0	NT=ms-proteomics;VV=v1.1.0	NT=human;VV=v1.1.0	NT=cell-lines;VV=v1.1.0	manual curation	NT=Data-dependent acquisition;AC=PRIDE:0000627	NT=Orbitrap Fusion Lumos;AC=MS:1002732	NT=Trypsin;AC=MS:1001251	TMT134N	10	NT=higher energy beam-type collision-induced dissociation;AC=MS:1000422	5 ppm	0.6 Da	NT=dithiothreitol (DTT);AC=PRIDE:0000608	NT=methyl methanethiosulfonate (MMTS);AC=PRIDE:0000605	NT=Methylthio;AC=UNIMOD:39;TA=C;MT=Fixed	NT=Oxidation;AC=UNIMOD:35;TA=M;MT=Variable	NT=TMTpro;AC=UNIMOD:2016;TA=K;MT=Fixed	NT=TMTpro;AC=UNIMOD:2016;PP=Any N-term;MT=Fixed	RET knockout clone C5
A9	Homo sapiens	cell culture	not available	2	neuroblastoma	cell line	not available	not available	SK-N-AS	CVCL_1700	SK-N-AS	RET knockout clone C5	Lumos_200817_52-TMT134N	proteomic profiling by mass spectrometry	1	Lumos_200817_52.raw	v1.1.0	NT=ms-proteomics;VV=v1.1.0	NT=human;VV=v1.1.0	NT=cell-lines;VV=v1.1.0	manual curation	NT=Data-dependent acquisition;AC=PRIDE:0000627	NT=Orbitrap Fusion Lumos;AC=MS:1002732	NT=Trypsin;AC=MS:1001251	TMT134N	11	NT=higher energy beam-type collision-induced dissociation;AC=MS:1000422	5 ppm	0.6 Da	NT=dithiothreitol (DTT);AC=PRIDE:0000608	NT=methyl methanethiosulfonate (MMTS);AC=PRIDE:0000605	NT=Methylthio;AC=UNIMOD:39;TA=C;MT=Fixed	NT=Oxidation;AC=UNIMOD:35;TA=M;MT=Variable	NT=TMTpro;AC=UNIMOD:2016;TA=K;MT=Fixed	NT=TMTpro;AC=UNIMOD:2016;PP=Any N-term;MT=Fixed	RET knockout clone C5
A9	Homo sapiens	cell culture	not available	2	neuroblastoma	cell line	not available	not available	SK-N-AS	CVCL_1700	SK-N-AS	RET knockout clone C5	Lumos_200817_53-TMT134N	proteomic profiling by mass spectrometry	1	Lumos_200817_53.raw	v1.1.0	NT=ms-proteomics;VV=v1.1.0	NT=human;VV=v1.1.0	NT=cell-lines;VV=v1.1.0	manual curation	NT=Data-dependent acquisition;AC=PRIDE:0000627	NT=Orbitrap Fusion Lumos;AC=MS:1002732	NT=Trypsin;AC=MS:1001251	TMT134N	12	NT=higher energy beam-type collision-induced dissociation;AC=MS:1000422	5 ppm	0.6 Da	NT=dithiothreitol (DTT);AC=PRIDE:0000608	NT=methyl methanethiosulfonate (MMTS);AC=PRIDE:0000605	NT=Methylthio;AC=UNIMOD:39;TA=C;MT=Fixed	NT=Oxidation;AC=UNIMOD:35;TA=M;MT=Variable	NT=TMTpro;AC=UNIMOD:2016;TA=K;MT=Fixed	NT=TMTpro;AC=UNIMOD:2016;PP=Any N-term;MT=Fixed	RET knockout clone C5
A9	Homo sapiens	cell culture	not available	2	neuroblastoma	cell line	not available	not available	SK-N-AS	CVCL_1700	SK-N-AS	RET knockout clone C5	Lumos_200817_54-TMT134N	proteomic profiling by mass spectrometry	1	Lumos_200817_54.raw	v1.1.0	NT=ms-proteomics;VV=v1.1.0	NT=human;VV=v1.1.0	NT=cell-lines;VV=v1.1.0	manual curation	NT=Data-dependent acquisition;AC=PRIDE:0000627	NT=Orbitrap Fusion Lumos;AC=MS:1002732	NT=Trypsin;AC=MS:1001251	TMT134N	13	NT=higher energy beam-type collision-induced dissociation;AC=MS:1000422	5 ppm	0.6 Da	NT=dithiothreitol (DTT);AC=PRIDE:0000608	NT=methyl methanethiosulfonate (MMTS);AC=PRIDE:0000605	NT=Methylthio;AC=UNIMOD:39;TA=C;MT=Fixed	NT=Oxidation;AC=UNIMOD:35;TA=M;MT=Variable	NT=TMTpro;AC=UNIMOD:2016;TA=K;MT=Fixed	NT=TMTpro;AC=UNIMOD:2016;PP=Any N-term;MT=Fixed	RET knockout clone C5
A9	Homo sapiens	cell culture	not available	2	neuroblastoma	cell line	not available	not available	SK-N-AS	CVCL_1700	SK-N-AS	RET knockout clone C5	Lumos_200817_55-TMT134N	proteomic profiling by mass spectrometry	1	Lumos_200817_55.raw	v1.1.0	NT=ms-proteomics;VV=v1.1.0	NT=human;VV=v1.1.0	NT=cell-lines;VV=v1.1.0	manual curation	NT=Data-dependent acquisition;AC=PRIDE:0000627	NT=Orbitrap Fusion Lumos;AC=MS:1002732	NT=Trypsin;AC=MS:1001251	TMT134N	14	NT=higher energy beam-type collision-induced dissociation;AC=MS:1000422	5 ppm	0.6 Da	NT=dithiothreitol (DTT);AC=PRIDE:0000608	NT=methyl methanethiosulfonate (MMTS);AC=PRIDE:0000605	NT=Methylthio;AC=UNIMOD:39;TA=C;MT=Fixed	NT=Oxidation;AC=UNIMOD:35;TA=M;MT=Variable	NT=TMTpro;AC=UNIMOD:2016;TA=K;MT=Fixed	NT=TMTpro;AC=UNIMOD:2016;PP=Any N-term;MT=Fixed	RET knockout clone C5
A9	Homo sapiens	cell culture	not available	2	neuroblastoma	cell line	not available	not available	SK-N-AS	CVCL_1700	SK-N-AS	RET knockout clone C5	Lumos_200817_56-TMT134N	proteomic profiling by mass spectrometry	1	Lumos_200817_56.raw	v1.1.0	NT=ms-proteomics;VV=v1.1.0	NT=human;VV=v1.1.0	NT=cell-lines;VV=v1.1.0	manual curation	NT=Data-dependent acquisition;AC=PRIDE:0000627	NT=Orbitrap Fusion Lumos;AC=MS:1002732	NT=Trypsin;AC=MS:1001251	TMT134N	15	NT=higher energy beam-type collision-induced dissociation;AC=MS:1000422	5 ppm	0.6 Da	NT=dithiothreitol (DTT);AC=PRIDE:0000608	NT=methyl methanethiosulfonate (MMTS);AC=PRIDE:0000605	NT=Methylthio;AC=UNIMOD:39;TA=C;MT=Fixed	NT=Oxidation;AC=UNIMOD:35;TA=M;MT=Variable	NT=TMTpro;AC=UNIMOD:2016;TA=K;MT=Fixed	NT=TMTpro;AC=UNIMOD:2016;PP=Any N-term;MT=Fixed	RET knockout clone C5
A9	Homo sapiens	cell culture	not available	2	neuroblastoma	cell line	not available	not available	SK-N-AS	CVCL_1700	SK-N-AS	RET knockout clone C5	Lumos_200817_57-TMT134N	proteomic profiling by mass spectrometry	1	Lumos_200817_57.raw	v1.1.0	NT=ms-proteomics;VV=v1.1.0	NT=human;VV=v1.1.0	NT=cell-lines;VV=v1.1.0	manual curation	NT=Data-dependent acquisition;AC=PRIDE:0000627	NT=Orbitrap Fusion Lumos;AC=MS:1002732	NT=Trypsin;AC=MS:1001251	TMT134N	16	NT=higher energy beam-type collision-induced dissociation;AC=MS:1000422	5 ppm	0.6 Da	NT=dithiothreitol (DTT);AC=PRIDE:0000608	NT=methyl methanethiosulfonate (MMTS);AC=PRIDE:0000605	NT=Methylthio;AC=UNIMOD:39;TA=C;MT=Fixed	NT=Oxidation;AC=UNIMOD:35;TA=M;MT=Variable	NT=TMTpro;AC=UNIMOD:2016;TA=K;MT=Fixed	NT=TMTpro;AC=UNIMOD:2016;PP=Any N-term;MT=Fixed	RET knockout clone C5
A9	Homo sapiens	cell culture	not available	2	neuroblastoma	cell line	not available	not available	SK-N-AS	CVCL_1700	SK-N-AS	RET knockout clone C5	Lumos_200817_58-TMT134N	proteomic profiling by mass spectrometry	1	Lumos_200817_58.raw	v1.1.0	NT=ms-proteomics;VV=v1.1.0	NT=human;VV=v1.1.0	NT=cell-lines;VV=v1.1.0	manual curation	NT=Data-dependent acquisition;AC=PRIDE:0000627	NT=Orbitrap Fusion Lumos;AC=MS:1002732	NT=Trypsin;AC=MS:1001251	TMT134N	17	NT=higher energy beam-type collision-induced dissociation;AC=MS:1000422	5 ppm	0.6 Da	NT=dithiothreitol (DTT);AC=PRIDE:0000608	NT=methyl methanethiosulfonate (MMTS);AC=PRIDE:0000605	NT=Methylthio;AC=UNIMOD:39;TA=C;MT=Fixed	NT=Oxidation;AC=UNIMOD:35;TA=M;MT=Variable	NT=TMTpro;AC=UNIMOD:2016;TA=K;MT=Fixed	NT=TMTpro;AC=UNIMOD:2016;PP=Any N-term;MT=Fixed	RET knockout clone C5
A9	Homo sapiens	cell culture	not available	2	neuroblastoma	cell line	not available	not available	SK-N-AS	CVCL_1700	SK-N-AS	RET knockout clone C5	Lumos_200817_59-TMT134N	proteomic profiling by mass spectrometry	1	Lumos_200817_59.raw	v1.1.0	NT=ms-proteomics;VV=v1.1.0	NT=human;VV=v1.1.0	NT=cell-lines;VV=v1.1.0	manual curation	NT=Data-dependent acquisition;AC=PRIDE:0000627	NT=Orbitrap Fusion Lumos;AC=MS:1002732	NT=Trypsin;AC=MS:1001251	TMT134N	18	NT=higher energy beam-type collision-induced dissociation;AC=MS:1000422	5 ppm	0.6 Da	NT=dithiothreitol (DTT);AC=PRIDE:0000608	NT=methyl methanethiosulfonate (MMTS);AC=PRIDE:0000605	NT=Methylthio;AC=UNIMOD:39;TA=C;MT=Fixed	NT=Oxidation;AC=UNIMOD:35;TA=M;MT=Variable	NT=TMTpro;AC=UNIMOD:2016;TA=K;MT=Fixed	NT=TMTpro;AC=UNIMOD:2016;PP=Any N-term;MT=Fixed	RET knockout clone C5
A9	Homo sapiens	cell culture	not available	2	neuroblastoma	cell line	not available	not available	SK-N-AS	CVCL_1700	SK-N-AS	RET knockout clone C5	Lumos_200817_60-TMT134N	proteomic profiling by mass spectrometry	1	Lumos_200817_60.raw	v1.1.0	NT=ms-proteomics;VV=v1.1.0	NT=human;VV=v1.1.0	NT=cell-lines;VV=v1.1.0	manual curation	NT=Data-dependent acquisition;AC=PRIDE:0000627	NT=Orbitrap Fusion Lumos;AC=MS:1002732	NT=Trypsin;AC=MS:1001251	TMT134N	19	NT=higher energy beam-type collision-induced dissociation;AC=MS:1000422	5 ppm	0.6 Da	NT=dithiothreitol (DTT);AC=PRIDE:0000608	NT=methyl methanethiosulfonate (MMTS);AC=PRIDE:0000605	NT=Methylthio;AC=UNIMOD:39;TA=C;MT=Fixed	NT=Oxidation;AC=UNIMOD:35;TA=M;MT=Variable	NT=TMTpro;AC=UNIMOD:2016;TA=K;MT=Fixed	NT=TMTpro;AC=UNIMOD:2016;PP=Any N-term;MT=Fixed	RET knockout clone C5
A9	Homo sapiens	cell culture	not available	2	neuroblastoma	cell line	not available	not available	SK-N-AS	CVCL_1700	SK-N-AS	RET knockout clone C5	Lumos_200817_61-TMT134N	proteomic profiling by mass spectrometry	1	Lumos_200817_61.raw	v1.1.0	NT=ms-proteomics;VV=v1.1.0	NT=human;VV=v1.1.0	NT=cell-lines;VV=v1.1.0	manual curation	NT=Data-dependent acquisition;AC=PRIDE:0000627	NT=Orbitrap Fusion Lumos;AC=MS:1002732	NT=Trypsin;AC=MS:1001251	TMT134N	20	NT=higher energy beam-type collision-induced dissociation;AC=MS:1000422	5 ppm	0.6 Da	NT=dithiothreitol (DTT);AC=PRIDE:0000608	NT=methyl methanethiosulfonate (MMTS);AC=PRIDE:0000605	NT=Methylthio;AC=UNIMOD:39;TA=C;MT=Fixed	NT=Oxidation;AC=UNIMOD:35;TA=M;MT=Variable	NT=TMTpro;AC=UNIMOD:2016;TA=K;MT=Fixed	NT=TMTpro;AC=UNIMOD:2016;PP=Any N-term;MT=Fixed	RET knockout clone C5
A9	Homo sapiens	cell culture	not available	2	neuroblastoma	cell line	not available	not available	SK-N-AS	CVCL_1700	SK-N-AS	RET knockout clone C5	Lumos_200817_62-TMT134N	proteomic profiling by mass spectrometry	1	Lumos_200817_62.raw	v1.1.0	NT=ms-proteomics;VV=v1.1.0	NT=human;VV=v1.1.0	NT=cell-lines;VV=v1.1.0	manual curation	NT=Data-dependent acquisition;AC=PRIDE:0000627	NT=Orbitrap Fusion Lumos;AC=MS:1002732	NT=Trypsin;AC=MS:1001251	TMT134N	21	NT=higher energy beam-type collision-induced dissociation;AC=MS:1000422	5 ppm	0.6 Da	NT=dithiothreitol (DTT);AC=PRIDE:0000608	NT=methyl methanethiosulfonate (MMTS);AC=PRIDE:0000605	NT=Methylthio;AC=UNIMOD:39;TA=C;MT=Fixed	NT=Oxidation;AC=UNIMOD:35;TA=M;MT=Variable	NT=TMTpro;AC=UNIMOD:2016;TA=K;MT=Fixed	NT=TMTpro;AC=UNIMOD:2016;PP=Any N-term;MT=Fixed	RET knockout clone C5
A9	Homo sapiens	cell culture	not available	2	neuroblastoma	cell line	not available	not available	SK-N-AS	CVCL_1700	SK-N-AS	RET knockout clone C5	Lumos_200817_63-TMT134N	proteomic profiling by mass spectrometry	1	Lumos_200817_63.raw	v1.1.0	NT=ms-proteomics;VV=v1.1.0	NT=human;VV=v1.1.0	NT=cell-lines;VV=v1.1.0	manual curation	NT=Data-dependent acquisition;AC=PRIDE:0000627	NT=Orbitrap Fusion Lumos;AC=MS:1002732	NT=Trypsin;AC=MS:1001251	TMT134N	22	NT=higher energy beam-type collision-induced dissociation;AC=MS:1000422	5 ppm	0.6 Da	NT=dithiothreitol (DTT);AC=PRIDE:0000608	NT=methyl methanethiosulfonate (MMTS);AC=PRIDE:0000605	NT=Methylthio;AC=UNIMOD:39;TA=C;MT=Fixed	NT=Oxidation;AC=UNIMOD:35;TA=M;MT=Variable	NT=TMTpro;AC=UNIMOD:2016;TA=K;MT=Fixed	NT=TMTpro;AC=UNIMOD:2016;PP=Any N-term;MT=Fixed	RET knockout clone C5
A9	Homo sapiens	cell culture	not available	2	neuroblastoma	cell line	not available	not available	SK-N-AS	CVCL_1700	SK-N-AS	RET knockout clone C5	Lumos_200817_64-TMT134N	proteomic profiling by mass spectrometry	1	Lumos_200817_64.raw	v1.1.0	NT=ms-proteomics;VV=v1.1.0	NT=human;VV=v1.1.0	NT=cell-lines;VV=v1.1.0	manual curation	NT=Data-dependent acquisition;AC=PRIDE:0000627	NT=Orbitrap Fusion Lumos;AC=MS:1002732	NT=Trypsin;AC=MS:1001251	TMT134N	23	NT=higher energy beam-type collision-induced dissociation;AC=MS:1000422	5 ppm	0.6 Da	NT=dithiothreitol (DTT);AC=PRIDE:0000608	NT=methyl methanethiosulfonate (MMTS);AC=PRIDE:0000605	NT=Methylthio;AC=UNIMOD:39;TA=C;MT=Fixed	NT=Oxidation;AC=UNIMOD:35;TA=M;MT=Variable	NT=TMTpro;AC=UNIMOD:2016;TA=K;MT=Fixed	NT=TMTpro;AC=UNIMOD:2016;PP=Any N-term;MT=Fixed	RET knockout clone C5
A9	Homo sapiens	cell culture	not available	2	neuroblastoma	cell line	not available	not available	SK-N-AS	CVCL_1700	SK-N-AS	RET knockout clone C5	Lumos_200817_65-TMT134N	proteomic profiling by mass spectrometry	1	Lumos_200817_65.raw	v1.1.0	NT=ms-proteomics;VV=v1.1.0	NT=human;VV=v1.1.0	NT=cell-lines;VV=v1.1.0	manual curation	NT=Data-dependent acquisition;AC=PRIDE:0000627	NT=Orbitrap Fusion Lumos;AC=MS:1002732	NT=Trypsin;AC=MS:1001251	TMT134N	24	NT=higher energy beam-type collision-induced dissociation;AC=MS:1000422	5 ppm	0.6 Da	NT=dithiothreitol (DTT);AC=PRIDE:0000608	NT=methyl methanethiosulfonate (MMTS);AC=PRIDE:0000605	NT=Methylthio;AC=UNIMOD:39;TA=C;MT=Fixed	NT=Oxidation;AC=UNIMOD:35;TA=M;MT=Variable	NT=TMTpro;AC=UNIMOD:2016;TA=K;MT=Fixed	NT=TMTpro;AC=UNIMOD:2016;PP=Any N-term;MT=Fixed	RET knockout clone C5
A9	Homo sapiens	cell culture	not available	2	neuroblastoma	cell line	not available	not available	SK-N-AS	CVCL_1700	SK-N-AS	RET knockout clone C5	Lumos_200817_66-TMT134N	proteomic profiling by mass spectrometry	1	Lumos_200817_66.raw	v1.1.0	NT=ms-proteomics;VV=v1.1.0	NT=human;VV=v1.1.0	NT=cell-lines;VV=v1.1.0	manual curation	NT=Data-dependent acquisition;AC=PRIDE:0000627	NT=Orbitrap Fusion Lumos;AC=MS:1002732	NT=Trypsin;AC=MS:1001251	TMT134N	25	NT=higher energy beam-type collision-induced dissociation;AC=MS:1000422	5 ppm	0.6 Da	NT=dithiothreitol (DTT);AC=PRIDE:0000608	NT=methyl methanethiosulfonate (MMTS);AC=PRIDE:0000605	NT=Methylthio;AC=UNIMOD:39;TA=C;MT=Fixed	NT=Oxidation;AC=UNIMOD:35;TA=M;MT=Variable	NT=TMTpro;AC=UNIMOD:2016;TA=K;MT=Fixed	NT=TMTpro;AC=UNIMOD:2016;PP=Any N-term;MT=Fixed	RET knockout clone C5
A9	Homo sapiens	cell culture	not available	2	neuroblastoma	cell line	not available	not available	SK-N-AS	CVCL_1700	SK-N-AS	RET knockout clone C5	Lumos_200817_67-TMT134N	proteomic profiling by mass spectrometry	1	Lumos_200817_67.raw	v1.1.0	NT=ms-proteomics;VV=v1.1.0	NT=human;VV=v1.1.0	NT=cell-lines;VV=v1.1.0	manual curation	NT=Data-dependent acquisition;AC=PRIDE:0000627	NT=Orbitrap Fusion Lumos;AC=MS:1002732	NT=Trypsin;AC=MS:1001251	TMT134N	26	NT=higher energy beam-type collision-induced dissociation;AC=MS:1000422	5 ppm	0.6 Da	NT=dithiothreitol (DTT);AC=PRIDE:0000608	NT=methyl methanethiosulfonate (MMTS);AC=PRIDE:0000605	NT=Methylthio;AC=UNIMOD:39;TA=C;MT=Fixed	NT=Oxidation;AC=UNIMOD:35;TA=M;MT=Variable	NT=TMTpro;AC=UNIMOD:2016;TA=K;MT=Fixed	NT=TMTpro;AC=UNIMOD:2016;PP=Any N-term;MT=Fixed	RET knockout clone C5
A9	Homo sapiens	cell culture	not available	2	neuroblastoma	cell line	not available	not available	SK-N-AS	CVCL_1700	SK-N-AS	RET knockout clone C5	Lumos_200817_68-TMT134N	proteomic profiling by mass spectrometry	1	Lumos_200817_68.raw	v1.1.0	NT=ms-proteomics;VV=v1.1.0	NT=human;VV=v1.1.0	NT=cell-lines;VV=v1.1.0	manual curation	NT=Data-dependent acquisition;AC=PRIDE:0000627	NT=Orbitrap Fusion Lumos;AC=MS:1002732	NT=Trypsin;AC=MS:1001251	TMT134N	27	NT=higher energy beam-type collision-induced dissociation;AC=MS:1000422	5 ppm	0.6 Da	NT=dithiothreitol (DTT);AC=PRIDE:0000608	NT=methyl methanethiosulfonate (MMTS);AC=PRIDE:0000605	NT=Methylthio;AC=UNIMOD:39;TA=C;MT=Fixed	NT=Oxidation;AC=UNIMOD:35;TA=M;MT=Variable	NT=TMTpro;AC=UNIMOD:2016;TA=K;MT=Fixed	NT=TMTpro;AC=UNIMOD:2016;PP=Any N-term;MT=Fixed	RET knockout clone C5
A9	Homo sapiens	cell culture	not available	2	neuroblastoma	cell line	not available	not available	SK-N-AS	CVCL_1700	SK-N-AS	RET knockout clone C5	Lumos_200817_69-TMT134N	proteomic profiling by mass spectrometry	1	Lumos_200817_69.raw	v1.1.0	NT=ms-proteomics;VV=v1.1.0	NT=human;VV=v1.1.0	NT=cell-lines;VV=v1.1.0	manual curation	NT=Data-dependent acquisition;AC=PRIDE:0000627	NT=Orbitrap Fusion Lumos;AC=MS:1002732	NT=Trypsin;AC=MS:1001251	TMT134N	28	NT=higher energy beam-type collision-induced dissociation;AC=MS:1000422	5 ppm	0.6 Da	NT=dithiothreitol (DTT);AC=PRIDE:0000608	NT=methyl methanethiosulfonate (MMTS);AC=PRIDE:0000605	NT=Methylthio;AC=UNIMOD:39;TA=C;MT=Fixed	NT=Oxidation;AC=UNIMOD:35;TA=M;MT=Variable	NT=TMTpro;AC=UNIMOD:2016;TA=K;MT=Fixed	NT=TMTpro;AC=UNIMOD:2016;PP=Any N-term;MT=Fixed	RET knockout clone C5
A9	Homo sapiens	cell culture	not available	2	neuroblastoma	cell line	not available	not available	SK-N-AS	CVCL_1700	SK-N-AS	RET knockout clone C5	Lumos_200817_70-TMT134N	proteomic profiling by mass spectrometry	1	Lumos_200817_70.raw	v1.1.0	NT=ms-proteomics;VV=v1.1.0	NT=human;VV=v1.1.0	NT=cell-lines;VV=v1.1.0	manual curation	NT=Data-dependent acquisition;AC=PRIDE:0000627	NT=Orbitrap Fusion Lumos;AC=MS:1002732	NT=Trypsin;AC=MS:1001251	TMT134N	29	NT=higher energy beam-type collision-induced dissociation;AC=MS:1000422	5 ppm	0.6 Da	NT=dithiothreitol (DTT);AC=PRIDE:0000608	NT=methyl methanethiosulfonate (MMTS);AC=PRIDE:0000605	NT=Methylthio;AC=UNIMOD:39;TA=C;MT=Fixed	NT=Oxidation;AC=UNIMOD:35;TA=M;MT=Variable	NT=TMTpro;AC=UNIMOD:2016;TA=K;MT=Fixed	NT=TMTpro;AC=UNIMOD:2016;PP=Any N-term;MT=Fixed	RET knockout clone C5
A9	Homo sapiens	cell culture	not available	2	neuroblastoma	cell line	not available	not available	SK-N-AS	CVCL_1700	SK-N-AS	RET knockout clone C5	Lumos_200817_71-TMT134N	proteomic profiling by mass spectrometry	1	Lumos_200817_71.raw	v1.1.0	NT=ms-proteomics;VV=v1.1.0	NT=human;VV=v1.1.0	NT=cell-lines;VV=v1.1.0	manual curation	NT=Data-dependent acquisition;AC=PRIDE:0000627	NT=Orbitrap Fusion Lumos;AC=MS:1002732	NT=Trypsin;AC=MS:1001251	TMT134N	30	NT=higher energy beam-type collision-induced dissociation;AC=MS:1000422	5 ppm	0.6 Da	NT=dithiothreitol (DTT);AC=PRIDE:0000608	NT=methyl methanethiosulfonate (MMTS);AC=PRIDE:0000605	NT=Methylthio;AC=UNIMOD:39;TA=C;MT=Fixed	NT=Oxidation;AC=UNIMOD:35;TA=M;MT=Variable	NT=TMTpro;AC=UNIMOD:2016;TA=K;MT=Fixed	NT=TMTpro;AC=UNIMOD:2016;PP=Any N-term;MT=Fixed	RET knockout clone C5
