source name	characteristics[organism]	characteristics[organism part]	characteristics[biological replicate]	characteristics[disease]	characteristics[material type]	characteristics[sampling time]	characteristics[treatment]	characteristics[developmental stage]	characteristics[strain or breed]	characteristics[sex]	characteristics[preconditioned]	assay name	technology type	comment[technical replicate]	comment[data file]	comment[sdrf version]	comment[sdrf template]	comment[sdrf template]	comment[sdrf annotation tool]	comment[proteomics data acquisition method]	comment[instrument]	comment[cleavage agent details]	comment[label]	comment[fraction identifier]	comment[dissociation method]	comment[precursor mass tolerance]	comment[fragment mass tolerance]	comment[reduction reagent]	comment[alkylation reagent]	comment[modification parameters]	comment[modification parameters]	comment[modification parameters]	comment[modification parameters]	factor value[sampling time]	factor value[treatment]
set1-R37	Rattus norvegicus	heart	1	not applicable	tissue	0 hour	NIPC T1	adult	not available	not available	no	Lumos_220614_61-TMT126	proteomic profiling by mass spectrometry	1	Lumos_220614_61.raw	v1.1.0	NT=ms-proteomics;VV=v1.1.0	NT=vertebrates;VV=v1.1.0	manual curation	NT=Data-dependent acquisition;AC=PRIDE:0000627	NT=Orbitrap Fusion Lumos;AC=MS:1002732	NT=Trypsin;AC=MS:1001251	TMT126	1	NT=higher energy beam-type collision-induced dissociation;AC=MS:1000422	5 ppm	0.6 Da	NT=dithiothreitol (DTT);AC=PRIDE:0000608	NT=methyl methanethiosulfonate (MMTS);AC=PRIDE:0000605	NT=Methylthio;AC=UNIMOD:39;TA=C;MT=Fixed	NT=Oxidation;AC=UNIMOD:35;TA=M;MT=Variable	NT=TMTpro;AC=UNIMOD:2016;TA=K;MT=Fixed	NT=TMTpro;AC=UNIMOD:2016;PP=Any N-term;MT=Fixed	0 hour	NIPC T1
set1-R37	Rattus norvegicus	heart	1	not applicable	tissue	0 hour	NIPC T1	adult	not available	not available	no	Lumos_220614_62-TMT126	proteomic profiling by mass spectrometry	1	Lumos_220614_62.raw	v1.1.0	NT=ms-proteomics;VV=v1.1.0	NT=vertebrates;VV=v1.1.0	manual curation	NT=Data-dependent acquisition;AC=PRIDE:0000627	NT=Orbitrap Fusion Lumos;AC=MS:1002732	NT=Trypsin;AC=MS:1001251	TMT126	2	NT=higher energy beam-type collision-induced dissociation;AC=MS:1000422	5 ppm	0.6 Da	NT=dithiothreitol (DTT);AC=PRIDE:0000608	NT=methyl methanethiosulfonate (MMTS);AC=PRIDE:0000605	NT=Methylthio;AC=UNIMOD:39;TA=C;MT=Fixed	NT=Oxidation;AC=UNIMOD:35;TA=M;MT=Variable	NT=TMTpro;AC=UNIMOD:2016;TA=K;MT=Fixed	NT=TMTpro;AC=UNIMOD:2016;PP=Any N-term;MT=Fixed	0 hour	NIPC T1
set1-R37	Rattus norvegicus	heart	1	not applicable	tissue	0 hour	NIPC T1	adult	not available	not available	no	Lumos_220614_63-TMT126	proteomic profiling by mass spectrometry	1	Lumos_220614_63.raw	v1.1.0	NT=ms-proteomics;VV=v1.1.0	NT=vertebrates;VV=v1.1.0	manual curation	NT=Data-dependent acquisition;AC=PRIDE:0000627	NT=Orbitrap Fusion Lumos;AC=MS:1002732	NT=Trypsin;AC=MS:1001251	TMT126	3	NT=higher energy beam-type collision-induced dissociation;AC=MS:1000422	5 ppm	0.6 Da	NT=dithiothreitol (DTT);AC=PRIDE:0000608	NT=methyl methanethiosulfonate (MMTS);AC=PRIDE:0000605	NT=Methylthio;AC=UNIMOD:39;TA=C;MT=Fixed	NT=Oxidation;AC=UNIMOD:35;TA=M;MT=Variable	NT=TMTpro;AC=UNIMOD:2016;TA=K;MT=Fixed	NT=TMTpro;AC=UNIMOD:2016;PP=Any N-term;MT=Fixed	0 hour	NIPC T1
set1-R37	Rattus norvegicus	heart	1	not applicable	tissue	0 hour	NIPC T1	adult	not available	not available	no	Lumos_220614_64-TMT126	proteomic profiling by mass spectrometry	1	Lumos_220614_64.raw	v1.1.0	NT=ms-proteomics;VV=v1.1.0	NT=vertebrates;VV=v1.1.0	manual curation	NT=Data-dependent acquisition;AC=PRIDE:0000627	NT=Orbitrap Fusion Lumos;AC=MS:1002732	NT=Trypsin;AC=MS:1001251	TMT126	4	NT=higher energy beam-type collision-induced dissociation;AC=MS:1000422	5 ppm	0.6 Da	NT=dithiothreitol (DTT);AC=PRIDE:0000608	NT=methyl methanethiosulfonate (MMTS);AC=PRIDE:0000605	NT=Methylthio;AC=UNIMOD:39;TA=C;MT=Fixed	NT=Oxidation;AC=UNIMOD:35;TA=M;MT=Variable	NT=TMTpro;AC=UNIMOD:2016;TA=K;MT=Fixed	NT=TMTpro;AC=UNIMOD:2016;PP=Any N-term;MT=Fixed	0 hour	NIPC T1
set1-R37	Rattus norvegicus	heart	1	not applicable	tissue	0 hour	NIPC T1	adult	not available	not available	no	Lumos_220614_65-TMT126	proteomic profiling by mass spectrometry	1	Lumos_220614_65.raw	v1.1.0	NT=ms-proteomics;VV=v1.1.0	NT=vertebrates;VV=v1.1.0	manual curation	NT=Data-dependent acquisition;AC=PRIDE:0000627	NT=Orbitrap Fusion Lumos;AC=MS:1002732	NT=Trypsin;AC=MS:1001251	TMT126	5	NT=higher energy beam-type collision-induced dissociation;AC=MS:1000422	5 ppm	0.6 Da	NT=dithiothreitol (DTT);AC=PRIDE:0000608	NT=methyl methanethiosulfonate (MMTS);AC=PRIDE:0000605	NT=Methylthio;AC=UNIMOD:39;TA=C;MT=Fixed	NT=Oxidation;AC=UNIMOD:35;TA=M;MT=Variable	NT=TMTpro;AC=UNIMOD:2016;TA=K;MT=Fixed	NT=TMTpro;AC=UNIMOD:2016;PP=Any N-term;MT=Fixed	0 hour	NIPC T1
set1-R37	Rattus norvegicus	heart	1	not applicable	tissue	0 hour	NIPC T1	adult	not available	not available	no	Lumos_220614_66-TMT126	proteomic profiling by mass spectrometry	1	Lumos_220614_66.raw	v1.1.0	NT=ms-proteomics;VV=v1.1.0	NT=vertebrates;VV=v1.1.0	manual curation	NT=Data-dependent acquisition;AC=PRIDE:0000627	NT=Orbitrap Fusion Lumos;AC=MS:1002732	NT=Trypsin;AC=MS:1001251	TMT126	6	NT=higher energy beam-type collision-induced dissociation;AC=MS:1000422	5 ppm	0.6 Da	NT=dithiothreitol (DTT);AC=PRIDE:0000608	NT=methyl methanethiosulfonate (MMTS);AC=PRIDE:0000605	NT=Methylthio;AC=UNIMOD:39;TA=C;MT=Fixed	NT=Oxidation;AC=UNIMOD:35;TA=M;MT=Variable	NT=TMTpro;AC=UNIMOD:2016;TA=K;MT=Fixed	NT=TMTpro;AC=UNIMOD:2016;PP=Any N-term;MT=Fixed	0 hour	NIPC T1
set1-R37	Rattus norvegicus	heart	1	not applicable	tissue	0 hour	NIPC T1	adult	not available	not available	no	Lumos_220614_67-TMT126	proteomic profiling by mass spectrometry	1	Lumos_220614_67.raw	v1.1.0	NT=ms-proteomics;VV=v1.1.0	NT=vertebrates;VV=v1.1.0	manual curation	NT=Data-dependent acquisition;AC=PRIDE:0000627	NT=Orbitrap Fusion Lumos;AC=MS:1002732	NT=Trypsin;AC=MS:1001251	TMT126	7	NT=higher energy beam-type collision-induced dissociation;AC=MS:1000422	5 ppm	0.6 Da	NT=dithiothreitol (DTT);AC=PRIDE:0000608	NT=methyl methanethiosulfonate (MMTS);AC=PRIDE:0000605	NT=Methylthio;AC=UNIMOD:39;TA=C;MT=Fixed	NT=Oxidation;AC=UNIMOD:35;TA=M;MT=Variable	NT=TMTpro;AC=UNIMOD:2016;TA=K;MT=Fixed	NT=TMTpro;AC=UNIMOD:2016;PP=Any N-term;MT=Fixed	0 hour	NIPC T1
set1-R37	Rattus norvegicus	heart	1	not applicable	tissue	0 hour	NIPC T1	adult	not available	not available	no	Lumos_220614_68-TMT126	proteomic profiling by mass spectrometry	1	Lumos_220614_68.raw	v1.1.0	NT=ms-proteomics;VV=v1.1.0	NT=vertebrates;VV=v1.1.0	manual curation	NT=Data-dependent acquisition;AC=PRIDE:0000627	NT=Orbitrap Fusion Lumos;AC=MS:1002732	NT=Trypsin;AC=MS:1001251	TMT126	8	NT=higher energy beam-type collision-induced dissociation;AC=MS:1000422	5 ppm	0.6 Da	NT=dithiothreitol (DTT);AC=PRIDE:0000608	NT=methyl methanethiosulfonate (MMTS);AC=PRIDE:0000605	NT=Methylthio;AC=UNIMOD:39;TA=C;MT=Fixed	NT=Oxidation;AC=UNIMOD:35;TA=M;MT=Variable	NT=TMTpro;AC=UNIMOD:2016;TA=K;MT=Fixed	NT=TMTpro;AC=UNIMOD:2016;PP=Any N-term;MT=Fixed	0 hour	NIPC T1
set1-R37	Rattus norvegicus	heart	1	not applicable	tissue	0 hour	NIPC T1	adult	not available	not available	no	Lumos_220614_69-TMT126	proteomic profiling by mass spectrometry	1	Lumos_220614_69.raw	v1.1.0	NT=ms-proteomics;VV=v1.1.0	NT=vertebrates;VV=v1.1.0	manual curation	NT=Data-dependent acquisition;AC=PRIDE:0000627	NT=Orbitrap Fusion Lumos;AC=MS:1002732	NT=Trypsin;AC=MS:1001251	TMT126	9	NT=higher energy beam-type collision-induced dissociation;AC=MS:1000422	5 ppm	0.6 Da	NT=dithiothreitol (DTT);AC=PRIDE:0000608	NT=methyl methanethiosulfonate (MMTS);AC=PRIDE:0000605	NT=Methylthio;AC=UNIMOD:39;TA=C;MT=Fixed	NT=Oxidation;AC=UNIMOD:35;TA=M;MT=Variable	NT=TMTpro;AC=UNIMOD:2016;TA=K;MT=Fixed	NT=TMTpro;AC=UNIMOD:2016;PP=Any N-term;MT=Fixed	0 hour	NIPC T1
set1-R37	Rattus norvegicus	heart	1	not applicable	tissue	0 hour	NIPC T1	adult	not available	not available	no	Lumos_220614_70-TMT126	proteomic profiling by mass spectrometry	1	Lumos_220614_70.raw	v1.1.0	NT=ms-proteomics;VV=v1.1.0	NT=vertebrates;VV=v1.1.0	manual curation	NT=Data-dependent acquisition;AC=PRIDE:0000627	NT=Orbitrap Fusion Lumos;AC=MS:1002732	NT=Trypsin;AC=MS:1001251	TMT126	10	NT=higher energy beam-type collision-induced dissociation;AC=MS:1000422	5 ppm	0.6 Da	NT=dithiothreitol (DTT);AC=PRIDE:0000608	NT=methyl methanethiosulfonate (MMTS);AC=PRIDE:0000605	NT=Methylthio;AC=UNIMOD:39;TA=C;MT=Fixed	NT=Oxidation;AC=UNIMOD:35;TA=M;MT=Variable	NT=TMTpro;AC=UNIMOD:2016;TA=K;MT=Fixed	NT=TMTpro;AC=UNIMOD:2016;PP=Any N-term;MT=Fixed	0 hour	NIPC T1
set1-R37	Rattus norvegicus	heart	1	not applicable	tissue	0 hour	NIPC T1	adult	not available	not available	no	Lumos_220614_71-TMT126	proteomic profiling by mass spectrometry	1	Lumos_220614_71.raw	v1.1.0	NT=ms-proteomics;VV=v1.1.0	NT=vertebrates;VV=v1.1.0	manual curation	NT=Data-dependent acquisition;AC=PRIDE:0000627	NT=Orbitrap Fusion Lumos;AC=MS:1002732	NT=Trypsin;AC=MS:1001251	TMT126	11	NT=higher energy beam-type collision-induced dissociation;AC=MS:1000422	5 ppm	0.6 Da	NT=dithiothreitol (DTT);AC=PRIDE:0000608	NT=methyl methanethiosulfonate (MMTS);AC=PRIDE:0000605	NT=Methylthio;AC=UNIMOD:39;TA=C;MT=Fixed	NT=Oxidation;AC=UNIMOD:35;TA=M;MT=Variable	NT=TMTpro;AC=UNIMOD:2016;TA=K;MT=Fixed	NT=TMTpro;AC=UNIMOD:2016;PP=Any N-term;MT=Fixed	0 hour	NIPC T1
set1-R37	Rattus norvegicus	heart	1	not applicable	tissue	0 hour	NIPC T1	adult	not available	not available	no	Lumos_220614_72-TMT126	proteomic profiling by mass spectrometry	1	Lumos_220614_72.raw	v1.1.0	NT=ms-proteomics;VV=v1.1.0	NT=vertebrates;VV=v1.1.0	manual curation	NT=Data-dependent acquisition;AC=PRIDE:0000627	NT=Orbitrap Fusion Lumos;AC=MS:1002732	NT=Trypsin;AC=MS:1001251	TMT126	12	NT=higher energy beam-type collision-induced dissociation;AC=MS:1000422	5 ppm	0.6 Da	NT=dithiothreitol (DTT);AC=PRIDE:0000608	NT=methyl methanethiosulfonate (MMTS);AC=PRIDE:0000605	NT=Methylthio;AC=UNIMOD:39;TA=C;MT=Fixed	NT=Oxidation;AC=UNIMOD:35;TA=M;MT=Variable	NT=TMTpro;AC=UNIMOD:2016;TA=K;MT=Fixed	NT=TMTpro;AC=UNIMOD:2016;PP=Any N-term;MT=Fixed	0 hour	NIPC T1
set1-R37	Rattus norvegicus	heart	1	not applicable	tissue	0 hour	NIPC T1	adult	not available	not available	no	Lumos_220614_73-TMT126	proteomic profiling by mass spectrometry	1	Lumos_220614_73.raw	v1.1.0	NT=ms-proteomics;VV=v1.1.0	NT=vertebrates;VV=v1.1.0	manual curation	NT=Data-dependent acquisition;AC=PRIDE:0000627	NT=Orbitrap Fusion Lumos;AC=MS:1002732	NT=Trypsin;AC=MS:1001251	TMT126	13	NT=higher energy beam-type collision-induced dissociation;AC=MS:1000422	5 ppm	0.6 Da	NT=dithiothreitol (DTT);AC=PRIDE:0000608	NT=methyl methanethiosulfonate (MMTS);AC=PRIDE:0000605	NT=Methylthio;AC=UNIMOD:39;TA=C;MT=Fixed	NT=Oxidation;AC=UNIMOD:35;TA=M;MT=Variable	NT=TMTpro;AC=UNIMOD:2016;TA=K;MT=Fixed	NT=TMTpro;AC=UNIMOD:2016;PP=Any N-term;MT=Fixed	0 hour	NIPC T1
set1-R37	Rattus norvegicus	heart	1	not applicable	tissue	0 hour	NIPC T1	adult	not available	not available	no	Lumos_220614_74-TMT126	proteomic profiling by mass spectrometry	1	Lumos_220614_74.raw	v1.1.0	NT=ms-proteomics;VV=v1.1.0	NT=vertebrates;VV=v1.1.0	manual curation	NT=Data-dependent acquisition;AC=PRIDE:0000627	NT=Orbitrap Fusion Lumos;AC=MS:1002732	NT=Trypsin;AC=MS:1001251	TMT126	14	NT=higher energy beam-type collision-induced dissociation;AC=MS:1000422	5 ppm	0.6 Da	NT=dithiothreitol (DTT);AC=PRIDE:0000608	NT=methyl methanethiosulfonate (MMTS);AC=PRIDE:0000605	NT=Methylthio;AC=UNIMOD:39;TA=C;MT=Fixed	NT=Oxidation;AC=UNIMOD:35;TA=M;MT=Variable	NT=TMTpro;AC=UNIMOD:2016;TA=K;MT=Fixed	NT=TMTpro;AC=UNIMOD:2016;PP=Any N-term;MT=Fixed	0 hour	NIPC T1
set1-R37	Rattus norvegicus	heart	1	not applicable	tissue	0 hour	NIPC T1	adult	not available	not available	no	Lumos_220614_75-TMT126	proteomic profiling by mass spectrometry	1	Lumos_220614_75.raw	v1.1.0	NT=ms-proteomics;VV=v1.1.0	NT=vertebrates;VV=v1.1.0	manual curation	NT=Data-dependent acquisition;AC=PRIDE:0000627	NT=Orbitrap Fusion Lumos;AC=MS:1002732	NT=Trypsin;AC=MS:1001251	TMT126	15	NT=higher energy beam-type collision-induced dissociation;AC=MS:1000422	5 ppm	0.6 Da	NT=dithiothreitol (DTT);AC=PRIDE:0000608	NT=methyl methanethiosulfonate (MMTS);AC=PRIDE:0000605	NT=Methylthio;AC=UNIMOD:39;TA=C;MT=Fixed	NT=Oxidation;AC=UNIMOD:35;TA=M;MT=Variable	NT=TMTpro;AC=UNIMOD:2016;TA=K;MT=Fixed	NT=TMTpro;AC=UNIMOD:2016;PP=Any N-term;MT=Fixed	0 hour	NIPC T1
set1-R37	Rattus norvegicus	heart	1	not applicable	tissue	0 hour	NIPC T1	adult	not available	not available	no	Lumos_220614_76-TMT126	proteomic profiling by mass spectrometry	1	Lumos_220614_76.raw	v1.1.0	NT=ms-proteomics;VV=v1.1.0	NT=vertebrates;VV=v1.1.0	manual curation	NT=Data-dependent acquisition;AC=PRIDE:0000627	NT=Orbitrap Fusion Lumos;AC=MS:1002732	NT=Trypsin;AC=MS:1001251	TMT126	16	NT=higher energy beam-type collision-induced dissociation;AC=MS:1000422	5 ppm	0.6 Da	NT=dithiothreitol (DTT);AC=PRIDE:0000608	NT=methyl methanethiosulfonate (MMTS);AC=PRIDE:0000605	NT=Methylthio;AC=UNIMOD:39;TA=C;MT=Fixed	NT=Oxidation;AC=UNIMOD:35;TA=M;MT=Variable	NT=TMTpro;AC=UNIMOD:2016;TA=K;MT=Fixed	NT=TMTpro;AC=UNIMOD:2016;PP=Any N-term;MT=Fixed	0 hour	NIPC T1
set1-R37	Rattus norvegicus	heart	1	not applicable	tissue	0 hour	NIPC T1	adult	not available	not available	no	Lumos_220614_77-TMT126	proteomic profiling by mass spectrometry	1	Lumos_220614_77.raw	v1.1.0	NT=ms-proteomics;VV=v1.1.0	NT=vertebrates;VV=v1.1.0	manual curation	NT=Data-dependent acquisition;AC=PRIDE:0000627	NT=Orbitrap Fusion Lumos;AC=MS:1002732	NT=Trypsin;AC=MS:1001251	TMT126	17	NT=higher energy beam-type collision-induced dissociation;AC=MS:1000422	5 ppm	0.6 Da	NT=dithiothreitol (DTT);AC=PRIDE:0000608	NT=methyl methanethiosulfonate (MMTS);AC=PRIDE:0000605	NT=Methylthio;AC=UNIMOD:39;TA=C;MT=Fixed	NT=Oxidation;AC=UNIMOD:35;TA=M;MT=Variable	NT=TMTpro;AC=UNIMOD:2016;TA=K;MT=Fixed	NT=TMTpro;AC=UNIMOD:2016;PP=Any N-term;MT=Fixed	0 hour	NIPC T1
set1-R37	Rattus norvegicus	heart	1	not applicable	tissue	0 hour	NIPC T1	adult	not available	not available	no	Lumos_220614_78-TMT126	proteomic profiling by mass spectrometry	1	Lumos_220614_78.raw	v1.1.0	NT=ms-proteomics;VV=v1.1.0	NT=vertebrates;VV=v1.1.0	manual curation	NT=Data-dependent acquisition;AC=PRIDE:0000627	NT=Orbitrap Fusion Lumos;AC=MS:1002732	NT=Trypsin;AC=MS:1001251	TMT126	18	NT=higher energy beam-type collision-induced dissociation;AC=MS:1000422	5 ppm	0.6 Da	NT=dithiothreitol (DTT);AC=PRIDE:0000608	NT=methyl methanethiosulfonate (MMTS);AC=PRIDE:0000605	NT=Methylthio;AC=UNIMOD:39;TA=C;MT=Fixed	NT=Oxidation;AC=UNIMOD:35;TA=M;MT=Variable	NT=TMTpro;AC=UNIMOD:2016;TA=K;MT=Fixed	NT=TMTpro;AC=UNIMOD:2016;PP=Any N-term;MT=Fixed	0 hour	NIPC T1
set1-R37	Rattus norvegicus	heart	1	not applicable	tissue	0 hour	NIPC T1	adult	not available	not available	no	Lumos_220614_79-TMT126	proteomic profiling by mass spectrometry	1	Lumos_220614_79.raw	v1.1.0	NT=ms-proteomics;VV=v1.1.0	NT=vertebrates;VV=v1.1.0	manual curation	NT=Data-dependent acquisition;AC=PRIDE:0000627	NT=Orbitrap Fusion Lumos;AC=MS:1002732	NT=Trypsin;AC=MS:1001251	TMT126	19	NT=higher energy beam-type collision-induced dissociation;AC=MS:1000422	5 ppm	0.6 Da	NT=dithiothreitol (DTT);AC=PRIDE:0000608	NT=methyl methanethiosulfonate (MMTS);AC=PRIDE:0000605	NT=Methylthio;AC=UNIMOD:39;TA=C;MT=Fixed	NT=Oxidation;AC=UNIMOD:35;TA=M;MT=Variable	NT=TMTpro;AC=UNIMOD:2016;TA=K;MT=Fixed	NT=TMTpro;AC=UNIMOD:2016;PP=Any N-term;MT=Fixed	0 hour	NIPC T1
set1-R37	Rattus norvegicus	heart	1	not applicable	tissue	0 hour	NIPC T1	adult	not available	not available	no	Lumos_220614_80-TMT126	proteomic profiling by mass spectrometry	1	Lumos_220614_80.raw	v1.1.0	NT=ms-proteomics;VV=v1.1.0	NT=vertebrates;VV=v1.1.0	manual curation	NT=Data-dependent acquisition;AC=PRIDE:0000627	NT=Orbitrap Fusion Lumos;AC=MS:1002732	NT=Trypsin;AC=MS:1001251	TMT126	20	NT=higher energy beam-type collision-induced dissociation;AC=MS:1000422	5 ppm	0.6 Da	NT=dithiothreitol (DTT);AC=PRIDE:0000608	NT=methyl methanethiosulfonate (MMTS);AC=PRIDE:0000605	NT=Methylthio;AC=UNIMOD:39;TA=C;MT=Fixed	NT=Oxidation;AC=UNIMOD:35;TA=M;MT=Variable	NT=TMTpro;AC=UNIMOD:2016;TA=K;MT=Fixed	NT=TMTpro;AC=UNIMOD:2016;PP=Any N-term;MT=Fixed	0 hour	NIPC T1
set1-R37	Rattus norvegicus	heart	1	not applicable	tissue	0 hour	NIPC T1	adult	not available	not available	no	Lumos_220614_81-TMT126	proteomic profiling by mass spectrometry	1	Lumos_220614_81.raw	v1.1.0	NT=ms-proteomics;VV=v1.1.0	NT=vertebrates;VV=v1.1.0	manual curation	NT=Data-dependent acquisition;AC=PRIDE:0000627	NT=Orbitrap Fusion Lumos;AC=MS:1002732	NT=Trypsin;AC=MS:1001251	TMT126	21	NT=higher energy beam-type collision-induced dissociation;AC=MS:1000422	5 ppm	0.6 Da	NT=dithiothreitol (DTT);AC=PRIDE:0000608	NT=methyl methanethiosulfonate (MMTS);AC=PRIDE:0000605	NT=Methylthio;AC=UNIMOD:39;TA=C;MT=Fixed	NT=Oxidation;AC=UNIMOD:35;TA=M;MT=Variable	NT=TMTpro;AC=UNIMOD:2016;TA=K;MT=Fixed	NT=TMTpro;AC=UNIMOD:2016;PP=Any N-term;MT=Fixed	0 hour	NIPC T1
set1-R37	Rattus norvegicus	heart	1	not applicable	tissue	0 hour	NIPC T1	adult	not available	not available	no	Lumos_220614_82-TMT126	proteomic profiling by mass spectrometry	1	Lumos_220614_82.raw	v1.1.0	NT=ms-proteomics;VV=v1.1.0	NT=vertebrates;VV=v1.1.0	manual curation	NT=Data-dependent acquisition;AC=PRIDE:0000627	NT=Orbitrap Fusion Lumos;AC=MS:1002732	NT=Trypsin;AC=MS:1001251	TMT126	22	NT=higher energy beam-type collision-induced dissociation;AC=MS:1000422	5 ppm	0.6 Da	NT=dithiothreitol (DTT);AC=PRIDE:0000608	NT=methyl methanethiosulfonate (MMTS);AC=PRIDE:0000605	NT=Methylthio;AC=UNIMOD:39;TA=C;MT=Fixed	NT=Oxidation;AC=UNIMOD:35;TA=M;MT=Variable	NT=TMTpro;AC=UNIMOD:2016;TA=K;MT=Fixed	NT=TMTpro;AC=UNIMOD:2016;PP=Any N-term;MT=Fixed	0 hour	NIPC T1
set1-R37	Rattus norvegicus	heart	1	not applicable	tissue	0 hour	NIPC T1	adult	not available	not available	no	Lumos_220614_83-TMT126	proteomic profiling by mass spectrometry	1	Lumos_220614_83.raw	v1.1.0	NT=ms-proteomics;VV=v1.1.0	NT=vertebrates;VV=v1.1.0	manual curation	NT=Data-dependent acquisition;AC=PRIDE:0000627	NT=Orbitrap Fusion Lumos;AC=MS:1002732	NT=Trypsin;AC=MS:1001251	TMT126	23	NT=higher energy beam-type collision-induced dissociation;AC=MS:1000422	5 ppm	0.6 Da	NT=dithiothreitol (DTT);AC=PRIDE:0000608	NT=methyl methanethiosulfonate (MMTS);AC=PRIDE:0000605	NT=Methylthio;AC=UNIMOD:39;TA=C;MT=Fixed	NT=Oxidation;AC=UNIMOD:35;TA=M;MT=Variable	NT=TMTpro;AC=UNIMOD:2016;TA=K;MT=Fixed	NT=TMTpro;AC=UNIMOD:2016;PP=Any N-term;MT=Fixed	0 hour	NIPC T1
set1-R38	Rattus norvegicus	heart	2	not applicable	tissue	0 hour	NIPC T1	adult	not available	not available	no	Lumos_220614_61-TMT127N	proteomic profiling by mass spectrometry	1	Lumos_220614_61.raw	v1.1.0	NT=ms-proteomics;VV=v1.1.0	NT=vertebrates;VV=v1.1.0	manual curation	NT=Data-dependent acquisition;AC=PRIDE:0000627	NT=Orbitrap Fusion Lumos;AC=MS:1002732	NT=Trypsin;AC=MS:1001251	TMT127N	1	NT=higher energy beam-type collision-induced dissociation;AC=MS:1000422	5 ppm	0.6 Da	NT=dithiothreitol (DTT);AC=PRIDE:0000608	NT=methyl methanethiosulfonate (MMTS);AC=PRIDE:0000605	NT=Methylthio;AC=UNIMOD:39;TA=C;MT=Fixed	NT=Oxidation;AC=UNIMOD:35;TA=M;MT=Variable	NT=TMTpro;AC=UNIMOD:2016;TA=K;MT=Fixed	NT=TMTpro;AC=UNIMOD:2016;PP=Any N-term;MT=Fixed	0 hour	NIPC T1
set1-R38	Rattus norvegicus	heart	2	not applicable	tissue	0 hour	NIPC T1	adult	not available	not available	no	Lumos_220614_62-TMT127N	proteomic profiling by mass spectrometry	1	Lumos_220614_62.raw	v1.1.0	NT=ms-proteomics;VV=v1.1.0	NT=vertebrates;VV=v1.1.0	manual curation	NT=Data-dependent acquisition;AC=PRIDE:0000627	NT=Orbitrap Fusion Lumos;AC=MS:1002732	NT=Trypsin;AC=MS:1001251	TMT127N	2	NT=higher energy beam-type collision-induced dissociation;AC=MS:1000422	5 ppm	0.6 Da	NT=dithiothreitol (DTT);AC=PRIDE:0000608	NT=methyl methanethiosulfonate (MMTS);AC=PRIDE:0000605	NT=Methylthio;AC=UNIMOD:39;TA=C;MT=Fixed	NT=Oxidation;AC=UNIMOD:35;TA=M;MT=Variable	NT=TMTpro;AC=UNIMOD:2016;TA=K;MT=Fixed	NT=TMTpro;AC=UNIMOD:2016;PP=Any N-term;MT=Fixed	0 hour	NIPC T1
set1-R38	Rattus norvegicus	heart	2	not applicable	tissue	0 hour	NIPC T1	adult	not available	not available	no	Lumos_220614_63-TMT127N	proteomic profiling by mass spectrometry	1	Lumos_220614_63.raw	v1.1.0	NT=ms-proteomics;VV=v1.1.0	NT=vertebrates;VV=v1.1.0	manual curation	NT=Data-dependent acquisition;AC=PRIDE:0000627	NT=Orbitrap Fusion Lumos;AC=MS:1002732	NT=Trypsin;AC=MS:1001251	TMT127N	3	NT=higher energy beam-type collision-induced dissociation;AC=MS:1000422	5 ppm	0.6 Da	NT=dithiothreitol (DTT);AC=PRIDE:0000608	NT=methyl methanethiosulfonate (MMTS);AC=PRIDE:0000605	NT=Methylthio;AC=UNIMOD:39;TA=C;MT=Fixed	NT=Oxidation;AC=UNIMOD:35;TA=M;MT=Variable	NT=TMTpro;AC=UNIMOD:2016;TA=K;MT=Fixed	NT=TMTpro;AC=UNIMOD:2016;PP=Any N-term;MT=Fixed	0 hour	NIPC T1
set1-R38	Rattus norvegicus	heart	2	not applicable	tissue	0 hour	NIPC T1	adult	not available	not available	no	Lumos_220614_64-TMT127N	proteomic profiling by mass spectrometry	1	Lumos_220614_64.raw	v1.1.0	NT=ms-proteomics;VV=v1.1.0	NT=vertebrates;VV=v1.1.0	manual curation	NT=Data-dependent acquisition;AC=PRIDE:0000627	NT=Orbitrap Fusion Lumos;AC=MS:1002732	NT=Trypsin;AC=MS:1001251	TMT127N	4	NT=higher energy beam-type collision-induced dissociation;AC=MS:1000422	5 ppm	0.6 Da	NT=dithiothreitol (DTT);AC=PRIDE:0000608	NT=methyl methanethiosulfonate (MMTS);AC=PRIDE:0000605	NT=Methylthio;AC=UNIMOD:39;TA=C;MT=Fixed	NT=Oxidation;AC=UNIMOD:35;TA=M;MT=Variable	NT=TMTpro;AC=UNIMOD:2016;TA=K;MT=Fixed	NT=TMTpro;AC=UNIMOD:2016;PP=Any N-term;MT=Fixed	0 hour	NIPC T1
set1-R38	Rattus norvegicus	heart	2	not applicable	tissue	0 hour	NIPC T1	adult	not available	not available	no	Lumos_220614_65-TMT127N	proteomic profiling by mass spectrometry	1	Lumos_220614_65.raw	v1.1.0	NT=ms-proteomics;VV=v1.1.0	NT=vertebrates;VV=v1.1.0	manual curation	NT=Data-dependent acquisition;AC=PRIDE:0000627	NT=Orbitrap Fusion Lumos;AC=MS:1002732	NT=Trypsin;AC=MS:1001251	TMT127N	5	NT=higher energy beam-type collision-induced dissociation;AC=MS:1000422	5 ppm	0.6 Da	NT=dithiothreitol (DTT);AC=PRIDE:0000608	NT=methyl methanethiosulfonate (MMTS);AC=PRIDE:0000605	NT=Methylthio;AC=UNIMOD:39;TA=C;MT=Fixed	NT=Oxidation;AC=UNIMOD:35;TA=M;MT=Variable	NT=TMTpro;AC=UNIMOD:2016;TA=K;MT=Fixed	NT=TMTpro;AC=UNIMOD:2016;PP=Any N-term;MT=Fixed	0 hour	NIPC T1
set1-R38	Rattus norvegicus	heart	2	not applicable	tissue	0 hour	NIPC T1	adult	not available	not available	no	Lumos_220614_66-TMT127N	proteomic profiling by mass spectrometry	1	Lumos_220614_66.raw	v1.1.0	NT=ms-proteomics;VV=v1.1.0	NT=vertebrates;VV=v1.1.0	manual curation	NT=Data-dependent acquisition;AC=PRIDE:0000627	NT=Orbitrap Fusion Lumos;AC=MS:1002732	NT=Trypsin;AC=MS:1001251	TMT127N	6	NT=higher energy beam-type collision-induced dissociation;AC=MS:1000422	5 ppm	0.6 Da	NT=dithiothreitol (DTT);AC=PRIDE:0000608	NT=methyl methanethiosulfonate (MMTS);AC=PRIDE:0000605	NT=Methylthio;AC=UNIMOD:39;TA=C;MT=Fixed	NT=Oxidation;AC=UNIMOD:35;TA=M;MT=Variable	NT=TMTpro;AC=UNIMOD:2016;TA=K;MT=Fixed	NT=TMTpro;AC=UNIMOD:2016;PP=Any N-term;MT=Fixed	0 hour	NIPC T1
set1-R38	Rattus norvegicus	heart	2	not applicable	tissue	0 hour	NIPC T1	adult	not available	not available	no	Lumos_220614_67-TMT127N	proteomic profiling by mass spectrometry	1	Lumos_220614_67.raw	v1.1.0	NT=ms-proteomics;VV=v1.1.0	NT=vertebrates;VV=v1.1.0	manual curation	NT=Data-dependent acquisition;AC=PRIDE:0000627	NT=Orbitrap Fusion Lumos;AC=MS:1002732	NT=Trypsin;AC=MS:1001251	TMT127N	7	NT=higher energy beam-type collision-induced dissociation;AC=MS:1000422	5 ppm	0.6 Da	NT=dithiothreitol (DTT);AC=PRIDE:0000608	NT=methyl methanethiosulfonate (MMTS);AC=PRIDE:0000605	NT=Methylthio;AC=UNIMOD:39;TA=C;MT=Fixed	NT=Oxidation;AC=UNIMOD:35;TA=M;MT=Variable	NT=TMTpro;AC=UNIMOD:2016;TA=K;MT=Fixed	NT=TMTpro;AC=UNIMOD:2016;PP=Any N-term;MT=Fixed	0 hour	NIPC T1
set1-R38	Rattus norvegicus	heart	2	not applicable	tissue	0 hour	NIPC T1	adult	not available	not available	no	Lumos_220614_68-TMT127N	proteomic profiling by mass spectrometry	1	Lumos_220614_68.raw	v1.1.0	NT=ms-proteomics;VV=v1.1.0	NT=vertebrates;VV=v1.1.0	manual curation	NT=Data-dependent acquisition;AC=PRIDE:0000627	NT=Orbitrap Fusion Lumos;AC=MS:1002732	NT=Trypsin;AC=MS:1001251	TMT127N	8	NT=higher energy beam-type collision-induced dissociation;AC=MS:1000422	5 ppm	0.6 Da	NT=dithiothreitol (DTT);AC=PRIDE:0000608	NT=methyl methanethiosulfonate (MMTS);AC=PRIDE:0000605	NT=Methylthio;AC=UNIMOD:39;TA=C;MT=Fixed	NT=Oxidation;AC=UNIMOD:35;TA=M;MT=Variable	NT=TMTpro;AC=UNIMOD:2016;TA=K;MT=Fixed	NT=TMTpro;AC=UNIMOD:2016;PP=Any N-term;MT=Fixed	0 hour	NIPC T1
set1-R38	Rattus norvegicus	heart	2	not applicable	tissue	0 hour	NIPC T1	adult	not available	not available	no	Lumos_220614_69-TMT127N	proteomic profiling by mass spectrometry	1	Lumos_220614_69.raw	v1.1.0	NT=ms-proteomics;VV=v1.1.0	NT=vertebrates;VV=v1.1.0	manual curation	NT=Data-dependent acquisition;AC=PRIDE:0000627	NT=Orbitrap Fusion Lumos;AC=MS:1002732	NT=Trypsin;AC=MS:1001251	TMT127N	9	NT=higher energy beam-type collision-induced dissociation;AC=MS:1000422	5 ppm	0.6 Da	NT=dithiothreitol (DTT);AC=PRIDE:0000608	NT=methyl methanethiosulfonate (MMTS);AC=PRIDE:0000605	NT=Methylthio;AC=UNIMOD:39;TA=C;MT=Fixed	NT=Oxidation;AC=UNIMOD:35;TA=M;MT=Variable	NT=TMTpro;AC=UNIMOD:2016;TA=K;MT=Fixed	NT=TMTpro;AC=UNIMOD:2016;PP=Any N-term;MT=Fixed	0 hour	NIPC T1
set1-R38	Rattus norvegicus	heart	2	not applicable	tissue	0 hour	NIPC T1	adult	not available	not available	no	Lumos_220614_70-TMT127N	proteomic profiling by mass spectrometry	1	Lumos_220614_70.raw	v1.1.0	NT=ms-proteomics;VV=v1.1.0	NT=vertebrates;VV=v1.1.0	manual curation	NT=Data-dependent acquisition;AC=PRIDE:0000627	NT=Orbitrap Fusion Lumos;AC=MS:1002732	NT=Trypsin;AC=MS:1001251	TMT127N	10	NT=higher energy beam-type collision-induced dissociation;AC=MS:1000422	5 ppm	0.6 Da	NT=dithiothreitol (DTT);AC=PRIDE:0000608	NT=methyl methanethiosulfonate (MMTS);AC=PRIDE:0000605	NT=Methylthio;AC=UNIMOD:39;TA=C;MT=Fixed	NT=Oxidation;AC=UNIMOD:35;TA=M;MT=Variable	NT=TMTpro;AC=UNIMOD:2016;TA=K;MT=Fixed	NT=TMTpro;AC=UNIMOD:2016;PP=Any N-term;MT=Fixed	0 hour	NIPC T1
set1-R38	Rattus norvegicus	heart	2	not applicable	tissue	0 hour	NIPC T1	adult	not available	not available	no	Lumos_220614_71-TMT127N	proteomic profiling by mass spectrometry	1	Lumos_220614_71.raw	v1.1.0	NT=ms-proteomics;VV=v1.1.0	NT=vertebrates;VV=v1.1.0	manual curation	NT=Data-dependent acquisition;AC=PRIDE:0000627	NT=Orbitrap Fusion Lumos;AC=MS:1002732	NT=Trypsin;AC=MS:1001251	TMT127N	11	NT=higher energy beam-type collision-induced dissociation;AC=MS:1000422	5 ppm	0.6 Da	NT=dithiothreitol (DTT);AC=PRIDE:0000608	NT=methyl methanethiosulfonate (MMTS);AC=PRIDE:0000605	NT=Methylthio;AC=UNIMOD:39;TA=C;MT=Fixed	NT=Oxidation;AC=UNIMOD:35;TA=M;MT=Variable	NT=TMTpro;AC=UNIMOD:2016;TA=K;MT=Fixed	NT=TMTpro;AC=UNIMOD:2016;PP=Any N-term;MT=Fixed	0 hour	NIPC T1
set1-R38	Rattus norvegicus	heart	2	not applicable	tissue	0 hour	NIPC T1	adult	not available	not available	no	Lumos_220614_72-TMT127N	proteomic profiling by mass spectrometry	1	Lumos_220614_72.raw	v1.1.0	NT=ms-proteomics;VV=v1.1.0	NT=vertebrates;VV=v1.1.0	manual curation	NT=Data-dependent acquisition;AC=PRIDE:0000627	NT=Orbitrap Fusion Lumos;AC=MS:1002732	NT=Trypsin;AC=MS:1001251	TMT127N	12	NT=higher energy beam-type collision-induced dissociation;AC=MS:1000422	5 ppm	0.6 Da	NT=dithiothreitol (DTT);AC=PRIDE:0000608	NT=methyl methanethiosulfonate (MMTS);AC=PRIDE:0000605	NT=Methylthio;AC=UNIMOD:39;TA=C;MT=Fixed	NT=Oxidation;AC=UNIMOD:35;TA=M;MT=Variable	NT=TMTpro;AC=UNIMOD:2016;TA=K;MT=Fixed	NT=TMTpro;AC=UNIMOD:2016;PP=Any N-term;MT=Fixed	0 hour	NIPC T1
set1-R38	Rattus norvegicus	heart	2	not applicable	tissue	0 hour	NIPC T1	adult	not available	not available	no	Lumos_220614_73-TMT127N	proteomic profiling by mass spectrometry	1	Lumos_220614_73.raw	v1.1.0	NT=ms-proteomics;VV=v1.1.0	NT=vertebrates;VV=v1.1.0	manual curation	NT=Data-dependent acquisition;AC=PRIDE:0000627	NT=Orbitrap Fusion Lumos;AC=MS:1002732	NT=Trypsin;AC=MS:1001251	TMT127N	13	NT=higher energy beam-type collision-induced dissociation;AC=MS:1000422	5 ppm	0.6 Da	NT=dithiothreitol (DTT);AC=PRIDE:0000608	NT=methyl methanethiosulfonate (MMTS);AC=PRIDE:0000605	NT=Methylthio;AC=UNIMOD:39;TA=C;MT=Fixed	NT=Oxidation;AC=UNIMOD:35;TA=M;MT=Variable	NT=TMTpro;AC=UNIMOD:2016;TA=K;MT=Fixed	NT=TMTpro;AC=UNIMOD:2016;PP=Any N-term;MT=Fixed	0 hour	NIPC T1
set1-R38	Rattus norvegicus	heart	2	not applicable	tissue	0 hour	NIPC T1	adult	not available	not available	no	Lumos_220614_74-TMT127N	proteomic profiling by mass spectrometry	1	Lumos_220614_74.raw	v1.1.0	NT=ms-proteomics;VV=v1.1.0	NT=vertebrates;VV=v1.1.0	manual curation	NT=Data-dependent acquisition;AC=PRIDE:0000627	NT=Orbitrap Fusion Lumos;AC=MS:1002732	NT=Trypsin;AC=MS:1001251	TMT127N	14	NT=higher energy beam-type collision-induced dissociation;AC=MS:1000422	5 ppm	0.6 Da	NT=dithiothreitol (DTT);AC=PRIDE:0000608	NT=methyl methanethiosulfonate (MMTS);AC=PRIDE:0000605	NT=Methylthio;AC=UNIMOD:39;TA=C;MT=Fixed	NT=Oxidation;AC=UNIMOD:35;TA=M;MT=Variable	NT=TMTpro;AC=UNIMOD:2016;TA=K;MT=Fixed	NT=TMTpro;AC=UNIMOD:2016;PP=Any N-term;MT=Fixed	0 hour	NIPC T1
set1-R38	Rattus norvegicus	heart	2	not applicable	tissue	0 hour	NIPC T1	adult	not available	not available	no	Lumos_220614_75-TMT127N	proteomic profiling by mass spectrometry	1	Lumos_220614_75.raw	v1.1.0	NT=ms-proteomics;VV=v1.1.0	NT=vertebrates;VV=v1.1.0	manual curation	NT=Data-dependent acquisition;AC=PRIDE:0000627	NT=Orbitrap Fusion Lumos;AC=MS:1002732	NT=Trypsin;AC=MS:1001251	TMT127N	15	NT=higher energy beam-type collision-induced dissociation;AC=MS:1000422	5 ppm	0.6 Da	NT=dithiothreitol (DTT);AC=PRIDE:0000608	NT=methyl methanethiosulfonate (MMTS);AC=PRIDE:0000605	NT=Methylthio;AC=UNIMOD:39;TA=C;MT=Fixed	NT=Oxidation;AC=UNIMOD:35;TA=M;MT=Variable	NT=TMTpro;AC=UNIMOD:2016;TA=K;MT=Fixed	NT=TMTpro;AC=UNIMOD:2016;PP=Any N-term;MT=Fixed	0 hour	NIPC T1
set1-R38	Rattus norvegicus	heart	2	not applicable	tissue	0 hour	NIPC T1	adult	not available	not available	no	Lumos_220614_76-TMT127N	proteomic profiling by mass spectrometry	1	Lumos_220614_76.raw	v1.1.0	NT=ms-proteomics;VV=v1.1.0	NT=vertebrates;VV=v1.1.0	manual curation	NT=Data-dependent acquisition;AC=PRIDE:0000627	NT=Orbitrap Fusion Lumos;AC=MS:1002732	NT=Trypsin;AC=MS:1001251	TMT127N	16	NT=higher energy beam-type collision-induced dissociation;AC=MS:1000422	5 ppm	0.6 Da	NT=dithiothreitol (DTT);AC=PRIDE:0000608	NT=methyl methanethiosulfonate (MMTS);AC=PRIDE:0000605	NT=Methylthio;AC=UNIMOD:39;TA=C;MT=Fixed	NT=Oxidation;AC=UNIMOD:35;TA=M;MT=Variable	NT=TMTpro;AC=UNIMOD:2016;TA=K;MT=Fixed	NT=TMTpro;AC=UNIMOD:2016;PP=Any N-term;MT=Fixed	0 hour	NIPC T1
set1-R38	Rattus norvegicus	heart	2	not applicable	tissue	0 hour	NIPC T1	adult	not available	not available	no	Lumos_220614_77-TMT127N	proteomic profiling by mass spectrometry	1	Lumos_220614_77.raw	v1.1.0	NT=ms-proteomics;VV=v1.1.0	NT=vertebrates;VV=v1.1.0	manual curation	NT=Data-dependent acquisition;AC=PRIDE:0000627	NT=Orbitrap Fusion Lumos;AC=MS:1002732	NT=Trypsin;AC=MS:1001251	TMT127N	17	NT=higher energy beam-type collision-induced dissociation;AC=MS:1000422	5 ppm	0.6 Da	NT=dithiothreitol (DTT);AC=PRIDE:0000608	NT=methyl methanethiosulfonate (MMTS);AC=PRIDE:0000605	NT=Methylthio;AC=UNIMOD:39;TA=C;MT=Fixed	NT=Oxidation;AC=UNIMOD:35;TA=M;MT=Variable	NT=TMTpro;AC=UNIMOD:2016;TA=K;MT=Fixed	NT=TMTpro;AC=UNIMOD:2016;PP=Any N-term;MT=Fixed	0 hour	NIPC T1
set1-R38	Rattus norvegicus	heart	2	not applicable	tissue	0 hour	NIPC T1	adult	not available	not available	no	Lumos_220614_78-TMT127N	proteomic profiling by mass spectrometry	1	Lumos_220614_78.raw	v1.1.0	NT=ms-proteomics;VV=v1.1.0	NT=vertebrates;VV=v1.1.0	manual curation	NT=Data-dependent acquisition;AC=PRIDE:0000627	NT=Orbitrap Fusion Lumos;AC=MS:1002732	NT=Trypsin;AC=MS:1001251	TMT127N	18	NT=higher energy beam-type collision-induced dissociation;AC=MS:1000422	5 ppm	0.6 Da	NT=dithiothreitol (DTT);AC=PRIDE:0000608	NT=methyl methanethiosulfonate (MMTS);AC=PRIDE:0000605	NT=Methylthio;AC=UNIMOD:39;TA=C;MT=Fixed	NT=Oxidation;AC=UNIMOD:35;TA=M;MT=Variable	NT=TMTpro;AC=UNIMOD:2016;TA=K;MT=Fixed	NT=TMTpro;AC=UNIMOD:2016;PP=Any N-term;MT=Fixed	0 hour	NIPC T1
set1-R38	Rattus norvegicus	heart	2	not applicable	tissue	0 hour	NIPC T1	adult	not available	not available	no	Lumos_220614_79-TMT127N	proteomic profiling by mass spectrometry	1	Lumos_220614_79.raw	v1.1.0	NT=ms-proteomics;VV=v1.1.0	NT=vertebrates;VV=v1.1.0	manual curation	NT=Data-dependent acquisition;AC=PRIDE:0000627	NT=Orbitrap Fusion Lumos;AC=MS:1002732	NT=Trypsin;AC=MS:1001251	TMT127N	19	NT=higher energy beam-type collision-induced dissociation;AC=MS:1000422	5 ppm	0.6 Da	NT=dithiothreitol (DTT);AC=PRIDE:0000608	NT=methyl methanethiosulfonate (MMTS);AC=PRIDE:0000605	NT=Methylthio;AC=UNIMOD:39;TA=C;MT=Fixed	NT=Oxidation;AC=UNIMOD:35;TA=M;MT=Variable	NT=TMTpro;AC=UNIMOD:2016;TA=K;MT=Fixed	NT=TMTpro;AC=UNIMOD:2016;PP=Any N-term;MT=Fixed	0 hour	NIPC T1
set1-R38	Rattus norvegicus	heart	2	not applicable	tissue	0 hour	NIPC T1	adult	not available	not available	no	Lumos_220614_80-TMT127N	proteomic profiling by mass spectrometry	1	Lumos_220614_80.raw	v1.1.0	NT=ms-proteomics;VV=v1.1.0	NT=vertebrates;VV=v1.1.0	manual curation	NT=Data-dependent acquisition;AC=PRIDE:0000627	NT=Orbitrap Fusion Lumos;AC=MS:1002732	NT=Trypsin;AC=MS:1001251	TMT127N	20	NT=higher energy beam-type collision-induced dissociation;AC=MS:1000422	5 ppm	0.6 Da	NT=dithiothreitol (DTT);AC=PRIDE:0000608	NT=methyl methanethiosulfonate (MMTS);AC=PRIDE:0000605	NT=Methylthio;AC=UNIMOD:39;TA=C;MT=Fixed	NT=Oxidation;AC=UNIMOD:35;TA=M;MT=Variable	NT=TMTpro;AC=UNIMOD:2016;TA=K;MT=Fixed	NT=TMTpro;AC=UNIMOD:2016;PP=Any N-term;MT=Fixed	0 hour	NIPC T1
set1-R38	Rattus norvegicus	heart	2	not applicable	tissue	0 hour	NIPC T1	adult	not available	not available	no	Lumos_220614_81-TMT127N	proteomic profiling by mass spectrometry	1	Lumos_220614_81.raw	v1.1.0	NT=ms-proteomics;VV=v1.1.0	NT=vertebrates;VV=v1.1.0	manual curation	NT=Data-dependent acquisition;AC=PRIDE:0000627	NT=Orbitrap Fusion Lumos;AC=MS:1002732	NT=Trypsin;AC=MS:1001251	TMT127N	21	NT=higher energy beam-type collision-induced dissociation;AC=MS:1000422	5 ppm	0.6 Da	NT=dithiothreitol (DTT);AC=PRIDE:0000608	NT=methyl methanethiosulfonate (MMTS);AC=PRIDE:0000605	NT=Methylthio;AC=UNIMOD:39;TA=C;MT=Fixed	NT=Oxidation;AC=UNIMOD:35;TA=M;MT=Variable	NT=TMTpro;AC=UNIMOD:2016;TA=K;MT=Fixed	NT=TMTpro;AC=UNIMOD:2016;PP=Any N-term;MT=Fixed	0 hour	NIPC T1
set1-R38	Rattus norvegicus	heart	2	not applicable	tissue	0 hour	NIPC T1	adult	not available	not available	no	Lumos_220614_82-TMT127N	proteomic profiling by mass spectrometry	1	Lumos_220614_82.raw	v1.1.0	NT=ms-proteomics;VV=v1.1.0	NT=vertebrates;VV=v1.1.0	manual curation	NT=Data-dependent acquisition;AC=PRIDE:0000627	NT=Orbitrap Fusion Lumos;AC=MS:1002732	NT=Trypsin;AC=MS:1001251	TMT127N	22	NT=higher energy beam-type collision-induced dissociation;AC=MS:1000422	5 ppm	0.6 Da	NT=dithiothreitol (DTT);AC=PRIDE:0000608	NT=methyl methanethiosulfonate (MMTS);AC=PRIDE:0000605	NT=Methylthio;AC=UNIMOD:39;TA=C;MT=Fixed	NT=Oxidation;AC=UNIMOD:35;TA=M;MT=Variable	NT=TMTpro;AC=UNIMOD:2016;TA=K;MT=Fixed	NT=TMTpro;AC=UNIMOD:2016;PP=Any N-term;MT=Fixed	0 hour	NIPC T1
set1-R38	Rattus norvegicus	heart	2	not applicable	tissue	0 hour	NIPC T1	adult	not available	not available	no	Lumos_220614_83-TMT127N	proteomic profiling by mass spectrometry	1	Lumos_220614_83.raw	v1.1.0	NT=ms-proteomics;VV=v1.1.0	NT=vertebrates;VV=v1.1.0	manual curation	NT=Data-dependent acquisition;AC=PRIDE:0000627	NT=Orbitrap Fusion Lumos;AC=MS:1002732	NT=Trypsin;AC=MS:1001251	TMT127N	23	NT=higher energy beam-type collision-induced dissociation;AC=MS:1000422	5 ppm	0.6 Da	NT=dithiothreitol (DTT);AC=PRIDE:0000608	NT=methyl methanethiosulfonate (MMTS);AC=PRIDE:0000605	NT=Methylthio;AC=UNIMOD:39;TA=C;MT=Fixed	NT=Oxidation;AC=UNIMOD:35;TA=M;MT=Variable	NT=TMTpro;AC=UNIMOD:2016;TA=K;MT=Fixed	NT=TMTpro;AC=UNIMOD:2016;PP=Any N-term;MT=Fixed	0 hour	NIPC T1
set1-R14	Rattus norvegicus	heart	3	not applicable	tissue	0 hour	NIPC T1	adult	not available	not available	no	Lumos_220614_61-TMT127C	proteomic profiling by mass spectrometry	1	Lumos_220614_61.raw	v1.1.0	NT=ms-proteomics;VV=v1.1.0	NT=vertebrates;VV=v1.1.0	manual curation	NT=Data-dependent acquisition;AC=PRIDE:0000627	NT=Orbitrap Fusion Lumos;AC=MS:1002732	NT=Trypsin;AC=MS:1001251	TMT127C	1	NT=higher energy beam-type collision-induced dissociation;AC=MS:1000422	5 ppm	0.6 Da	NT=dithiothreitol (DTT);AC=PRIDE:0000608	NT=methyl methanethiosulfonate (MMTS);AC=PRIDE:0000605	NT=Methylthio;AC=UNIMOD:39;TA=C;MT=Fixed	NT=Oxidation;AC=UNIMOD:35;TA=M;MT=Variable	NT=TMTpro;AC=UNIMOD:2016;TA=K;MT=Fixed	NT=TMTpro;AC=UNIMOD:2016;PP=Any N-term;MT=Fixed	0 hour	NIPC T1
set1-R14	Rattus norvegicus	heart	3	not applicable	tissue	0 hour	NIPC T1	adult	not available	not available	no	Lumos_220614_62-TMT127C	proteomic profiling by mass spectrometry	1	Lumos_220614_62.raw	v1.1.0	NT=ms-proteomics;VV=v1.1.0	NT=vertebrates;VV=v1.1.0	manual curation	NT=Data-dependent acquisition;AC=PRIDE:0000627	NT=Orbitrap Fusion Lumos;AC=MS:1002732	NT=Trypsin;AC=MS:1001251	TMT127C	2	NT=higher energy beam-type collision-induced dissociation;AC=MS:1000422	5 ppm	0.6 Da	NT=dithiothreitol (DTT);AC=PRIDE:0000608	NT=methyl methanethiosulfonate (MMTS);AC=PRIDE:0000605	NT=Methylthio;AC=UNIMOD:39;TA=C;MT=Fixed	NT=Oxidation;AC=UNIMOD:35;TA=M;MT=Variable	NT=TMTpro;AC=UNIMOD:2016;TA=K;MT=Fixed	NT=TMTpro;AC=UNIMOD:2016;PP=Any N-term;MT=Fixed	0 hour	NIPC T1
set1-R14	Rattus norvegicus	heart	3	not applicable	tissue	0 hour	NIPC T1	adult	not available	not available	no	Lumos_220614_63-TMT127C	proteomic profiling by mass spectrometry	1	Lumos_220614_63.raw	v1.1.0	NT=ms-proteomics;VV=v1.1.0	NT=vertebrates;VV=v1.1.0	manual curation	NT=Data-dependent acquisition;AC=PRIDE:0000627	NT=Orbitrap Fusion Lumos;AC=MS:1002732	NT=Trypsin;AC=MS:1001251	TMT127C	3	NT=higher energy beam-type collision-induced dissociation;AC=MS:1000422	5 ppm	0.6 Da	NT=dithiothreitol (DTT);AC=PRIDE:0000608	NT=methyl methanethiosulfonate (MMTS);AC=PRIDE:0000605	NT=Methylthio;AC=UNIMOD:39;TA=C;MT=Fixed	NT=Oxidation;AC=UNIMOD:35;TA=M;MT=Variable	NT=TMTpro;AC=UNIMOD:2016;TA=K;MT=Fixed	NT=TMTpro;AC=UNIMOD:2016;PP=Any N-term;MT=Fixed	0 hour	NIPC T1
set1-R14	Rattus norvegicus	heart	3	not applicable	tissue	0 hour	NIPC T1	adult	not available	not available	no	Lumos_220614_64-TMT127C	proteomic profiling by mass spectrometry	1	Lumos_220614_64.raw	v1.1.0	NT=ms-proteomics;VV=v1.1.0	NT=vertebrates;VV=v1.1.0	manual curation	NT=Data-dependent acquisition;AC=PRIDE:0000627	NT=Orbitrap Fusion Lumos;AC=MS:1002732	NT=Trypsin;AC=MS:1001251	TMT127C	4	NT=higher energy beam-type collision-induced dissociation;AC=MS:1000422	5 ppm	0.6 Da	NT=dithiothreitol (DTT);AC=PRIDE:0000608	NT=methyl methanethiosulfonate (MMTS);AC=PRIDE:0000605	NT=Methylthio;AC=UNIMOD:39;TA=C;MT=Fixed	NT=Oxidation;AC=UNIMOD:35;TA=M;MT=Variable	NT=TMTpro;AC=UNIMOD:2016;TA=K;MT=Fixed	NT=TMTpro;AC=UNIMOD:2016;PP=Any N-term;MT=Fixed	0 hour	NIPC T1
set1-R14	Rattus norvegicus	heart	3	not applicable	tissue	0 hour	NIPC T1	adult	not available	not available	no	Lumos_220614_65-TMT127C	proteomic profiling by mass spectrometry	1	Lumos_220614_65.raw	v1.1.0	NT=ms-proteomics;VV=v1.1.0	NT=vertebrates;VV=v1.1.0	manual curation	NT=Data-dependent acquisition;AC=PRIDE:0000627	NT=Orbitrap Fusion Lumos;AC=MS:1002732	NT=Trypsin;AC=MS:1001251	TMT127C	5	NT=higher energy beam-type collision-induced dissociation;AC=MS:1000422	5 ppm	0.6 Da	NT=dithiothreitol (DTT);AC=PRIDE:0000608	NT=methyl methanethiosulfonate (MMTS);AC=PRIDE:0000605	NT=Methylthio;AC=UNIMOD:39;TA=C;MT=Fixed	NT=Oxidation;AC=UNIMOD:35;TA=M;MT=Variable	NT=TMTpro;AC=UNIMOD:2016;TA=K;MT=Fixed	NT=TMTpro;AC=UNIMOD:2016;PP=Any N-term;MT=Fixed	0 hour	NIPC T1
set1-R14	Rattus norvegicus	heart	3	not applicable	tissue	0 hour	NIPC T1	adult	not available	not available	no	Lumos_220614_66-TMT127C	proteomic profiling by mass spectrometry	1	Lumos_220614_66.raw	v1.1.0	NT=ms-proteomics;VV=v1.1.0	NT=vertebrates;VV=v1.1.0	manual curation	NT=Data-dependent acquisition;AC=PRIDE:0000627	NT=Orbitrap Fusion Lumos;AC=MS:1002732	NT=Trypsin;AC=MS:1001251	TMT127C	6	NT=higher energy beam-type collision-induced dissociation;AC=MS:1000422	5 ppm	0.6 Da	NT=dithiothreitol (DTT);AC=PRIDE:0000608	NT=methyl methanethiosulfonate (MMTS);AC=PRIDE:0000605	NT=Methylthio;AC=UNIMOD:39;TA=C;MT=Fixed	NT=Oxidation;AC=UNIMOD:35;TA=M;MT=Variable	NT=TMTpro;AC=UNIMOD:2016;TA=K;MT=Fixed	NT=TMTpro;AC=UNIMOD:2016;PP=Any N-term;MT=Fixed	0 hour	NIPC T1
set1-R14	Rattus norvegicus	heart	3	not applicable	tissue	0 hour	NIPC T1	adult	not available	not available	no	Lumos_220614_67-TMT127C	proteomic profiling by mass spectrometry	1	Lumos_220614_67.raw	v1.1.0	NT=ms-proteomics;VV=v1.1.0	NT=vertebrates;VV=v1.1.0	manual curation	NT=Data-dependent acquisition;AC=PRIDE:0000627	NT=Orbitrap Fusion Lumos;AC=MS:1002732	NT=Trypsin;AC=MS:1001251	TMT127C	7	NT=higher energy beam-type collision-induced dissociation;AC=MS:1000422	5 ppm	0.6 Da	NT=dithiothreitol (DTT);AC=PRIDE:0000608	NT=methyl methanethiosulfonate (MMTS);AC=PRIDE:0000605	NT=Methylthio;AC=UNIMOD:39;TA=C;MT=Fixed	NT=Oxidation;AC=UNIMOD:35;TA=M;MT=Variable	NT=TMTpro;AC=UNIMOD:2016;TA=K;MT=Fixed	NT=TMTpro;AC=UNIMOD:2016;PP=Any N-term;MT=Fixed	0 hour	NIPC T1
set1-R14	Rattus norvegicus	heart	3	not applicable	tissue	0 hour	NIPC T1	adult	not available	not available	no	Lumos_220614_68-TMT127C	proteomic profiling by mass spectrometry	1	Lumos_220614_68.raw	v1.1.0	NT=ms-proteomics;VV=v1.1.0	NT=vertebrates;VV=v1.1.0	manual curation	NT=Data-dependent acquisition;AC=PRIDE:0000627	NT=Orbitrap Fusion Lumos;AC=MS:1002732	NT=Trypsin;AC=MS:1001251	TMT127C	8	NT=higher energy beam-type collision-induced dissociation;AC=MS:1000422	5 ppm	0.6 Da	NT=dithiothreitol (DTT);AC=PRIDE:0000608	NT=methyl methanethiosulfonate (MMTS);AC=PRIDE:0000605	NT=Methylthio;AC=UNIMOD:39;TA=C;MT=Fixed	NT=Oxidation;AC=UNIMOD:35;TA=M;MT=Variable	NT=TMTpro;AC=UNIMOD:2016;TA=K;MT=Fixed	NT=TMTpro;AC=UNIMOD:2016;PP=Any N-term;MT=Fixed	0 hour	NIPC T1
set1-R14	Rattus norvegicus	heart	3	not applicable	tissue	0 hour	NIPC T1	adult	not available	not available	no	Lumos_220614_69-TMT127C	proteomic profiling by mass spectrometry	1	Lumos_220614_69.raw	v1.1.0	NT=ms-proteomics;VV=v1.1.0	NT=vertebrates;VV=v1.1.0	manual curation	NT=Data-dependent acquisition;AC=PRIDE:0000627	NT=Orbitrap Fusion Lumos;AC=MS:1002732	NT=Trypsin;AC=MS:1001251	TMT127C	9	NT=higher energy beam-type collision-induced dissociation;AC=MS:1000422	5 ppm	0.6 Da	NT=dithiothreitol (DTT);AC=PRIDE:0000608	NT=methyl methanethiosulfonate (MMTS);AC=PRIDE:0000605	NT=Methylthio;AC=UNIMOD:39;TA=C;MT=Fixed	NT=Oxidation;AC=UNIMOD:35;TA=M;MT=Variable	NT=TMTpro;AC=UNIMOD:2016;TA=K;MT=Fixed	NT=TMTpro;AC=UNIMOD:2016;PP=Any N-term;MT=Fixed	0 hour	NIPC T1
set1-R14	Rattus norvegicus	heart	3	not applicable	tissue	0 hour	NIPC T1	adult	not available	not available	no	Lumos_220614_70-TMT127C	proteomic profiling by mass spectrometry	1	Lumos_220614_70.raw	v1.1.0	NT=ms-proteomics;VV=v1.1.0	NT=vertebrates;VV=v1.1.0	manual curation	NT=Data-dependent acquisition;AC=PRIDE:0000627	NT=Orbitrap Fusion Lumos;AC=MS:1002732	NT=Trypsin;AC=MS:1001251	TMT127C	10	NT=higher energy beam-type collision-induced dissociation;AC=MS:1000422	5 ppm	0.6 Da	NT=dithiothreitol (DTT);AC=PRIDE:0000608	NT=methyl methanethiosulfonate (MMTS);AC=PRIDE:0000605	NT=Methylthio;AC=UNIMOD:39;TA=C;MT=Fixed	NT=Oxidation;AC=UNIMOD:35;TA=M;MT=Variable	NT=TMTpro;AC=UNIMOD:2016;TA=K;MT=Fixed	NT=TMTpro;AC=UNIMOD:2016;PP=Any N-term;MT=Fixed	0 hour	NIPC T1
set1-R14	Rattus norvegicus	heart	3	not applicable	tissue	0 hour	NIPC T1	adult	not available	not available	no	Lumos_220614_71-TMT127C	proteomic profiling by mass spectrometry	1	Lumos_220614_71.raw	v1.1.0	NT=ms-proteomics;VV=v1.1.0	NT=vertebrates;VV=v1.1.0	manual curation	NT=Data-dependent acquisition;AC=PRIDE:0000627	NT=Orbitrap Fusion Lumos;AC=MS:1002732	NT=Trypsin;AC=MS:1001251	TMT127C	11	NT=higher energy beam-type collision-induced dissociation;AC=MS:1000422	5 ppm	0.6 Da	NT=dithiothreitol (DTT);AC=PRIDE:0000608	NT=methyl methanethiosulfonate (MMTS);AC=PRIDE:0000605	NT=Methylthio;AC=UNIMOD:39;TA=C;MT=Fixed	NT=Oxidation;AC=UNIMOD:35;TA=M;MT=Variable	NT=TMTpro;AC=UNIMOD:2016;TA=K;MT=Fixed	NT=TMTpro;AC=UNIMOD:2016;PP=Any N-term;MT=Fixed	0 hour	NIPC T1
set1-R14	Rattus norvegicus	heart	3	not applicable	tissue	0 hour	NIPC T1	adult	not available	not available	no	Lumos_220614_72-TMT127C	proteomic profiling by mass spectrometry	1	Lumos_220614_72.raw	v1.1.0	NT=ms-proteomics;VV=v1.1.0	NT=vertebrates;VV=v1.1.0	manual curation	NT=Data-dependent acquisition;AC=PRIDE:0000627	NT=Orbitrap Fusion Lumos;AC=MS:1002732	NT=Trypsin;AC=MS:1001251	TMT127C	12	NT=higher energy beam-type collision-induced dissociation;AC=MS:1000422	5 ppm	0.6 Da	NT=dithiothreitol (DTT);AC=PRIDE:0000608	NT=methyl methanethiosulfonate (MMTS);AC=PRIDE:0000605	NT=Methylthio;AC=UNIMOD:39;TA=C;MT=Fixed	NT=Oxidation;AC=UNIMOD:35;TA=M;MT=Variable	NT=TMTpro;AC=UNIMOD:2016;TA=K;MT=Fixed	NT=TMTpro;AC=UNIMOD:2016;PP=Any N-term;MT=Fixed	0 hour	NIPC T1
set1-R14	Rattus norvegicus	heart	3	not applicable	tissue	0 hour	NIPC T1	adult	not available	not available	no	Lumos_220614_73-TMT127C	proteomic profiling by mass spectrometry	1	Lumos_220614_73.raw	v1.1.0	NT=ms-proteomics;VV=v1.1.0	NT=vertebrates;VV=v1.1.0	manual curation	NT=Data-dependent acquisition;AC=PRIDE:0000627	NT=Orbitrap Fusion Lumos;AC=MS:1002732	NT=Trypsin;AC=MS:1001251	TMT127C	13	NT=higher energy beam-type collision-induced dissociation;AC=MS:1000422	5 ppm	0.6 Da	NT=dithiothreitol (DTT);AC=PRIDE:0000608	NT=methyl methanethiosulfonate (MMTS);AC=PRIDE:0000605	NT=Methylthio;AC=UNIMOD:39;TA=C;MT=Fixed	NT=Oxidation;AC=UNIMOD:35;TA=M;MT=Variable	NT=TMTpro;AC=UNIMOD:2016;TA=K;MT=Fixed	NT=TMTpro;AC=UNIMOD:2016;PP=Any N-term;MT=Fixed	0 hour	NIPC T1
set1-R14	Rattus norvegicus	heart	3	not applicable	tissue	0 hour	NIPC T1	adult	not available	not available	no	Lumos_220614_74-TMT127C	proteomic profiling by mass spectrometry	1	Lumos_220614_74.raw	v1.1.0	NT=ms-proteomics;VV=v1.1.0	NT=vertebrates;VV=v1.1.0	manual curation	NT=Data-dependent acquisition;AC=PRIDE:0000627	NT=Orbitrap Fusion Lumos;AC=MS:1002732	NT=Trypsin;AC=MS:1001251	TMT127C	14	NT=higher energy beam-type collision-induced dissociation;AC=MS:1000422	5 ppm	0.6 Da	NT=dithiothreitol (DTT);AC=PRIDE:0000608	NT=methyl methanethiosulfonate (MMTS);AC=PRIDE:0000605	NT=Methylthio;AC=UNIMOD:39;TA=C;MT=Fixed	NT=Oxidation;AC=UNIMOD:35;TA=M;MT=Variable	NT=TMTpro;AC=UNIMOD:2016;TA=K;MT=Fixed	NT=TMTpro;AC=UNIMOD:2016;PP=Any N-term;MT=Fixed	0 hour	NIPC T1
set1-R14	Rattus norvegicus	heart	3	not applicable	tissue	0 hour	NIPC T1	adult	not available	not available	no	Lumos_220614_75-TMT127C	proteomic profiling by mass spectrometry	1	Lumos_220614_75.raw	v1.1.0	NT=ms-proteomics;VV=v1.1.0	NT=vertebrates;VV=v1.1.0	manual curation	NT=Data-dependent acquisition;AC=PRIDE:0000627	NT=Orbitrap Fusion Lumos;AC=MS:1002732	NT=Trypsin;AC=MS:1001251	TMT127C	15	NT=higher energy beam-type collision-induced dissociation;AC=MS:1000422	5 ppm	0.6 Da	NT=dithiothreitol (DTT);AC=PRIDE:0000608	NT=methyl methanethiosulfonate (MMTS);AC=PRIDE:0000605	NT=Methylthio;AC=UNIMOD:39;TA=C;MT=Fixed	NT=Oxidation;AC=UNIMOD:35;TA=M;MT=Variable	NT=TMTpro;AC=UNIMOD:2016;TA=K;MT=Fixed	NT=TMTpro;AC=UNIMOD:2016;PP=Any N-term;MT=Fixed	0 hour	NIPC T1
set1-R14	Rattus norvegicus	heart	3	not applicable	tissue	0 hour	NIPC T1	adult	not available	not available	no	Lumos_220614_76-TMT127C	proteomic profiling by mass spectrometry	1	Lumos_220614_76.raw	v1.1.0	NT=ms-proteomics;VV=v1.1.0	NT=vertebrates;VV=v1.1.0	manual curation	NT=Data-dependent acquisition;AC=PRIDE:0000627	NT=Orbitrap Fusion Lumos;AC=MS:1002732	NT=Trypsin;AC=MS:1001251	TMT127C	16	NT=higher energy beam-type collision-induced dissociation;AC=MS:1000422	5 ppm	0.6 Da	NT=dithiothreitol (DTT);AC=PRIDE:0000608	NT=methyl methanethiosulfonate (MMTS);AC=PRIDE:0000605	NT=Methylthio;AC=UNIMOD:39;TA=C;MT=Fixed	NT=Oxidation;AC=UNIMOD:35;TA=M;MT=Variable	NT=TMTpro;AC=UNIMOD:2016;TA=K;MT=Fixed	NT=TMTpro;AC=UNIMOD:2016;PP=Any N-term;MT=Fixed	0 hour	NIPC T1
set1-R14	Rattus norvegicus	heart	3	not applicable	tissue	0 hour	NIPC T1	adult	not available	not available	no	Lumos_220614_77-TMT127C	proteomic profiling by mass spectrometry	1	Lumos_220614_77.raw	v1.1.0	NT=ms-proteomics;VV=v1.1.0	NT=vertebrates;VV=v1.1.0	manual curation	NT=Data-dependent acquisition;AC=PRIDE:0000627	NT=Orbitrap Fusion Lumos;AC=MS:1002732	NT=Trypsin;AC=MS:1001251	TMT127C	17	NT=higher energy beam-type collision-induced dissociation;AC=MS:1000422	5 ppm	0.6 Da	NT=dithiothreitol (DTT);AC=PRIDE:0000608	NT=methyl methanethiosulfonate (MMTS);AC=PRIDE:0000605	NT=Methylthio;AC=UNIMOD:39;TA=C;MT=Fixed	NT=Oxidation;AC=UNIMOD:35;TA=M;MT=Variable	NT=TMTpro;AC=UNIMOD:2016;TA=K;MT=Fixed	NT=TMTpro;AC=UNIMOD:2016;PP=Any N-term;MT=Fixed	0 hour	NIPC T1
set1-R14	Rattus norvegicus	heart	3	not applicable	tissue	0 hour	NIPC T1	adult	not available	not available	no	Lumos_220614_78-TMT127C	proteomic profiling by mass spectrometry	1	Lumos_220614_78.raw	v1.1.0	NT=ms-proteomics;VV=v1.1.0	NT=vertebrates;VV=v1.1.0	manual curation	NT=Data-dependent acquisition;AC=PRIDE:0000627	NT=Orbitrap Fusion Lumos;AC=MS:1002732	NT=Trypsin;AC=MS:1001251	TMT127C	18	NT=higher energy beam-type collision-induced dissociation;AC=MS:1000422	5 ppm	0.6 Da	NT=dithiothreitol (DTT);AC=PRIDE:0000608	NT=methyl methanethiosulfonate (MMTS);AC=PRIDE:0000605	NT=Methylthio;AC=UNIMOD:39;TA=C;MT=Fixed	NT=Oxidation;AC=UNIMOD:35;TA=M;MT=Variable	NT=TMTpro;AC=UNIMOD:2016;TA=K;MT=Fixed	NT=TMTpro;AC=UNIMOD:2016;PP=Any N-term;MT=Fixed	0 hour	NIPC T1
set1-R14	Rattus norvegicus	heart	3	not applicable	tissue	0 hour	NIPC T1	adult	not available	not available	no	Lumos_220614_79-TMT127C	proteomic profiling by mass spectrometry	1	Lumos_220614_79.raw	v1.1.0	NT=ms-proteomics;VV=v1.1.0	NT=vertebrates;VV=v1.1.0	manual curation	NT=Data-dependent acquisition;AC=PRIDE:0000627	NT=Orbitrap Fusion Lumos;AC=MS:1002732	NT=Trypsin;AC=MS:1001251	TMT127C	19	NT=higher energy beam-type collision-induced dissociation;AC=MS:1000422	5 ppm	0.6 Da	NT=dithiothreitol (DTT);AC=PRIDE:0000608	NT=methyl methanethiosulfonate (MMTS);AC=PRIDE:0000605	NT=Methylthio;AC=UNIMOD:39;TA=C;MT=Fixed	NT=Oxidation;AC=UNIMOD:35;TA=M;MT=Variable	NT=TMTpro;AC=UNIMOD:2016;TA=K;MT=Fixed	NT=TMTpro;AC=UNIMOD:2016;PP=Any N-term;MT=Fixed	0 hour	NIPC T1
set1-R14	Rattus norvegicus	heart	3	not applicable	tissue	0 hour	NIPC T1	adult	not available	not available	no	Lumos_220614_80-TMT127C	proteomic profiling by mass spectrometry	1	Lumos_220614_80.raw	v1.1.0	NT=ms-proteomics;VV=v1.1.0	NT=vertebrates;VV=v1.1.0	manual curation	NT=Data-dependent acquisition;AC=PRIDE:0000627	NT=Orbitrap Fusion Lumos;AC=MS:1002732	NT=Trypsin;AC=MS:1001251	TMT127C	20	NT=higher energy beam-type collision-induced dissociation;AC=MS:1000422	5 ppm	0.6 Da	NT=dithiothreitol (DTT);AC=PRIDE:0000608	NT=methyl methanethiosulfonate (MMTS);AC=PRIDE:0000605	NT=Methylthio;AC=UNIMOD:39;TA=C;MT=Fixed	NT=Oxidation;AC=UNIMOD:35;TA=M;MT=Variable	NT=TMTpro;AC=UNIMOD:2016;TA=K;MT=Fixed	NT=TMTpro;AC=UNIMOD:2016;PP=Any N-term;MT=Fixed	0 hour	NIPC T1
set1-R14	Rattus norvegicus	heart	3	not applicable	tissue	0 hour	NIPC T1	adult	not available	not available	no	Lumos_220614_81-TMT127C	proteomic profiling by mass spectrometry	1	Lumos_220614_81.raw	v1.1.0	NT=ms-proteomics;VV=v1.1.0	NT=vertebrates;VV=v1.1.0	manual curation	NT=Data-dependent acquisition;AC=PRIDE:0000627	NT=Orbitrap Fusion Lumos;AC=MS:1002732	NT=Trypsin;AC=MS:1001251	TMT127C	21	NT=higher energy beam-type collision-induced dissociation;AC=MS:1000422	5 ppm	0.6 Da	NT=dithiothreitol (DTT);AC=PRIDE:0000608	NT=methyl methanethiosulfonate (MMTS);AC=PRIDE:0000605	NT=Methylthio;AC=UNIMOD:39;TA=C;MT=Fixed	NT=Oxidation;AC=UNIMOD:35;TA=M;MT=Variable	NT=TMTpro;AC=UNIMOD:2016;TA=K;MT=Fixed	NT=TMTpro;AC=UNIMOD:2016;PP=Any N-term;MT=Fixed	0 hour	NIPC T1
set1-R14	Rattus norvegicus	heart	3	not applicable	tissue	0 hour	NIPC T1	adult	not available	not available	no	Lumos_220614_82-TMT127C	proteomic profiling by mass spectrometry	1	Lumos_220614_82.raw	v1.1.0	NT=ms-proteomics;VV=v1.1.0	NT=vertebrates;VV=v1.1.0	manual curation	NT=Data-dependent acquisition;AC=PRIDE:0000627	NT=Orbitrap Fusion Lumos;AC=MS:1002732	NT=Trypsin;AC=MS:1001251	TMT127C	22	NT=higher energy beam-type collision-induced dissociation;AC=MS:1000422	5 ppm	0.6 Da	NT=dithiothreitol (DTT);AC=PRIDE:0000608	NT=methyl methanethiosulfonate (MMTS);AC=PRIDE:0000605	NT=Methylthio;AC=UNIMOD:39;TA=C;MT=Fixed	NT=Oxidation;AC=UNIMOD:35;TA=M;MT=Variable	NT=TMTpro;AC=UNIMOD:2016;TA=K;MT=Fixed	NT=TMTpro;AC=UNIMOD:2016;PP=Any N-term;MT=Fixed	0 hour	NIPC T1
set1-R14	Rattus norvegicus	heart	3	not applicable	tissue	0 hour	NIPC T1	adult	not available	not available	no	Lumos_220614_83-TMT127C	proteomic profiling by mass spectrometry	1	Lumos_220614_83.raw	v1.1.0	NT=ms-proteomics;VV=v1.1.0	NT=vertebrates;VV=v1.1.0	manual curation	NT=Data-dependent acquisition;AC=PRIDE:0000627	NT=Orbitrap Fusion Lumos;AC=MS:1002732	NT=Trypsin;AC=MS:1001251	TMT127C	23	NT=higher energy beam-type collision-induced dissociation;AC=MS:1000422	5 ppm	0.6 Da	NT=dithiothreitol (DTT);AC=PRIDE:0000608	NT=methyl methanethiosulfonate (MMTS);AC=PRIDE:0000605	NT=Methylthio;AC=UNIMOD:39;TA=C;MT=Fixed	NT=Oxidation;AC=UNIMOD:35;TA=M;MT=Variable	NT=TMTpro;AC=UNIMOD:2016;TA=K;MT=Fixed	NT=TMTpro;AC=UNIMOD:2016;PP=Any N-term;MT=Fixed	0 hour	NIPC T1
set1-R35	Rattus norvegicus	heart	4	not applicable	tissue	0 hour	NIPC T1	adult	not available	not available	no	Lumos_220614_61-TMT128N	proteomic profiling by mass spectrometry	1	Lumos_220614_61.raw	v1.1.0	NT=ms-proteomics;VV=v1.1.0	NT=vertebrates;VV=v1.1.0	manual curation	NT=Data-dependent acquisition;AC=PRIDE:0000627	NT=Orbitrap Fusion Lumos;AC=MS:1002732	NT=Trypsin;AC=MS:1001251	TMT128N	1	NT=higher energy beam-type collision-induced dissociation;AC=MS:1000422	5 ppm	0.6 Da	NT=dithiothreitol (DTT);AC=PRIDE:0000608	NT=methyl methanethiosulfonate (MMTS);AC=PRIDE:0000605	NT=Methylthio;AC=UNIMOD:39;TA=C;MT=Fixed	NT=Oxidation;AC=UNIMOD:35;TA=M;MT=Variable	NT=TMTpro;AC=UNIMOD:2016;TA=K;MT=Fixed	NT=TMTpro;AC=UNIMOD:2016;PP=Any N-term;MT=Fixed	0 hour	NIPC T1
set1-R35	Rattus norvegicus	heart	4	not applicable	tissue	0 hour	NIPC T1	adult	not available	not available	no	Lumos_220614_62-TMT128N	proteomic profiling by mass spectrometry	1	Lumos_220614_62.raw	v1.1.0	NT=ms-proteomics;VV=v1.1.0	NT=vertebrates;VV=v1.1.0	manual curation	NT=Data-dependent acquisition;AC=PRIDE:0000627	NT=Orbitrap Fusion Lumos;AC=MS:1002732	NT=Trypsin;AC=MS:1001251	TMT128N	2	NT=higher energy beam-type collision-induced dissociation;AC=MS:1000422	5 ppm	0.6 Da	NT=dithiothreitol (DTT);AC=PRIDE:0000608	NT=methyl methanethiosulfonate (MMTS);AC=PRIDE:0000605	NT=Methylthio;AC=UNIMOD:39;TA=C;MT=Fixed	NT=Oxidation;AC=UNIMOD:35;TA=M;MT=Variable	NT=TMTpro;AC=UNIMOD:2016;TA=K;MT=Fixed	NT=TMTpro;AC=UNIMOD:2016;PP=Any N-term;MT=Fixed	0 hour	NIPC T1
set1-R35	Rattus norvegicus	heart	4	not applicable	tissue	0 hour	NIPC T1	adult	not available	not available	no	Lumos_220614_63-TMT128N	proteomic profiling by mass spectrometry	1	Lumos_220614_63.raw	v1.1.0	NT=ms-proteomics;VV=v1.1.0	NT=vertebrates;VV=v1.1.0	manual curation	NT=Data-dependent acquisition;AC=PRIDE:0000627	NT=Orbitrap Fusion Lumos;AC=MS:1002732	NT=Trypsin;AC=MS:1001251	TMT128N	3	NT=higher energy beam-type collision-induced dissociation;AC=MS:1000422	5 ppm	0.6 Da	NT=dithiothreitol (DTT);AC=PRIDE:0000608	NT=methyl methanethiosulfonate (MMTS);AC=PRIDE:0000605	NT=Methylthio;AC=UNIMOD:39;TA=C;MT=Fixed	NT=Oxidation;AC=UNIMOD:35;TA=M;MT=Variable	NT=TMTpro;AC=UNIMOD:2016;TA=K;MT=Fixed	NT=TMTpro;AC=UNIMOD:2016;PP=Any N-term;MT=Fixed	0 hour	NIPC T1
set1-R35	Rattus norvegicus	heart	4	not applicable	tissue	0 hour	NIPC T1	adult	not available	not available	no	Lumos_220614_64-TMT128N	proteomic profiling by mass spectrometry	1	Lumos_220614_64.raw	v1.1.0	NT=ms-proteomics;VV=v1.1.0	NT=vertebrates;VV=v1.1.0	manual curation	NT=Data-dependent acquisition;AC=PRIDE:0000627	NT=Orbitrap Fusion Lumos;AC=MS:1002732	NT=Trypsin;AC=MS:1001251	TMT128N	4	NT=higher energy beam-type collision-induced dissociation;AC=MS:1000422	5 ppm	0.6 Da	NT=dithiothreitol (DTT);AC=PRIDE:0000608	NT=methyl methanethiosulfonate (MMTS);AC=PRIDE:0000605	NT=Methylthio;AC=UNIMOD:39;TA=C;MT=Fixed	NT=Oxidation;AC=UNIMOD:35;TA=M;MT=Variable	NT=TMTpro;AC=UNIMOD:2016;TA=K;MT=Fixed	NT=TMTpro;AC=UNIMOD:2016;PP=Any N-term;MT=Fixed	0 hour	NIPC T1
set1-R35	Rattus norvegicus	heart	4	not applicable	tissue	0 hour	NIPC T1	adult	not available	not available	no	Lumos_220614_65-TMT128N	proteomic profiling by mass spectrometry	1	Lumos_220614_65.raw	v1.1.0	NT=ms-proteomics;VV=v1.1.0	NT=vertebrates;VV=v1.1.0	manual curation	NT=Data-dependent acquisition;AC=PRIDE:0000627	NT=Orbitrap Fusion Lumos;AC=MS:1002732	NT=Trypsin;AC=MS:1001251	TMT128N	5	NT=higher energy beam-type collision-induced dissociation;AC=MS:1000422	5 ppm	0.6 Da	NT=dithiothreitol (DTT);AC=PRIDE:0000608	NT=methyl methanethiosulfonate (MMTS);AC=PRIDE:0000605	NT=Methylthio;AC=UNIMOD:39;TA=C;MT=Fixed	NT=Oxidation;AC=UNIMOD:35;TA=M;MT=Variable	NT=TMTpro;AC=UNIMOD:2016;TA=K;MT=Fixed	NT=TMTpro;AC=UNIMOD:2016;PP=Any N-term;MT=Fixed	0 hour	NIPC T1
set1-R35	Rattus norvegicus	heart	4	not applicable	tissue	0 hour	NIPC T1	adult	not available	not available	no	Lumos_220614_66-TMT128N	proteomic profiling by mass spectrometry	1	Lumos_220614_66.raw	v1.1.0	NT=ms-proteomics;VV=v1.1.0	NT=vertebrates;VV=v1.1.0	manual curation	NT=Data-dependent acquisition;AC=PRIDE:0000627	NT=Orbitrap Fusion Lumos;AC=MS:1002732	NT=Trypsin;AC=MS:1001251	TMT128N	6	NT=higher energy beam-type collision-induced dissociation;AC=MS:1000422	5 ppm	0.6 Da	NT=dithiothreitol (DTT);AC=PRIDE:0000608	NT=methyl methanethiosulfonate (MMTS);AC=PRIDE:0000605	NT=Methylthio;AC=UNIMOD:39;TA=C;MT=Fixed	NT=Oxidation;AC=UNIMOD:35;TA=M;MT=Variable	NT=TMTpro;AC=UNIMOD:2016;TA=K;MT=Fixed	NT=TMTpro;AC=UNIMOD:2016;PP=Any N-term;MT=Fixed	0 hour	NIPC T1
set1-R35	Rattus norvegicus	heart	4	not applicable	tissue	0 hour	NIPC T1	adult	not available	not available	no	Lumos_220614_67-TMT128N	proteomic profiling by mass spectrometry	1	Lumos_220614_67.raw	v1.1.0	NT=ms-proteomics;VV=v1.1.0	NT=vertebrates;VV=v1.1.0	manual curation	NT=Data-dependent acquisition;AC=PRIDE:0000627	NT=Orbitrap Fusion Lumos;AC=MS:1002732	NT=Trypsin;AC=MS:1001251	TMT128N	7	NT=higher energy beam-type collision-induced dissociation;AC=MS:1000422	5 ppm	0.6 Da	NT=dithiothreitol (DTT);AC=PRIDE:0000608	NT=methyl methanethiosulfonate (MMTS);AC=PRIDE:0000605	NT=Methylthio;AC=UNIMOD:39;TA=C;MT=Fixed	NT=Oxidation;AC=UNIMOD:35;TA=M;MT=Variable	NT=TMTpro;AC=UNIMOD:2016;TA=K;MT=Fixed	NT=TMTpro;AC=UNIMOD:2016;PP=Any N-term;MT=Fixed	0 hour	NIPC T1
set1-R35	Rattus norvegicus	heart	4	not applicable	tissue	0 hour	NIPC T1	adult	not available	not available	no	Lumos_220614_68-TMT128N	proteomic profiling by mass spectrometry	1	Lumos_220614_68.raw	v1.1.0	NT=ms-proteomics;VV=v1.1.0	NT=vertebrates;VV=v1.1.0	manual curation	NT=Data-dependent acquisition;AC=PRIDE:0000627	NT=Orbitrap Fusion Lumos;AC=MS:1002732	NT=Trypsin;AC=MS:1001251	TMT128N	8	NT=higher energy beam-type collision-induced dissociation;AC=MS:1000422	5 ppm	0.6 Da	NT=dithiothreitol (DTT);AC=PRIDE:0000608	NT=methyl methanethiosulfonate (MMTS);AC=PRIDE:0000605	NT=Methylthio;AC=UNIMOD:39;TA=C;MT=Fixed	NT=Oxidation;AC=UNIMOD:35;TA=M;MT=Variable	NT=TMTpro;AC=UNIMOD:2016;TA=K;MT=Fixed	NT=TMTpro;AC=UNIMOD:2016;PP=Any N-term;MT=Fixed	0 hour	NIPC T1
set1-R35	Rattus norvegicus	heart	4	not applicable	tissue	0 hour	NIPC T1	adult	not available	not available	no	Lumos_220614_69-TMT128N	proteomic profiling by mass spectrometry	1	Lumos_220614_69.raw	v1.1.0	NT=ms-proteomics;VV=v1.1.0	NT=vertebrates;VV=v1.1.0	manual curation	NT=Data-dependent acquisition;AC=PRIDE:0000627	NT=Orbitrap Fusion Lumos;AC=MS:1002732	NT=Trypsin;AC=MS:1001251	TMT128N	9	NT=higher energy beam-type collision-induced dissociation;AC=MS:1000422	5 ppm	0.6 Da	NT=dithiothreitol (DTT);AC=PRIDE:0000608	NT=methyl methanethiosulfonate (MMTS);AC=PRIDE:0000605	NT=Methylthio;AC=UNIMOD:39;TA=C;MT=Fixed	NT=Oxidation;AC=UNIMOD:35;TA=M;MT=Variable	NT=TMTpro;AC=UNIMOD:2016;TA=K;MT=Fixed	NT=TMTpro;AC=UNIMOD:2016;PP=Any N-term;MT=Fixed	0 hour	NIPC T1
set1-R35	Rattus norvegicus	heart	4	not applicable	tissue	0 hour	NIPC T1	adult	not available	not available	no	Lumos_220614_70-TMT128N	proteomic profiling by mass spectrometry	1	Lumos_220614_70.raw	v1.1.0	NT=ms-proteomics;VV=v1.1.0	NT=vertebrates;VV=v1.1.0	manual curation	NT=Data-dependent acquisition;AC=PRIDE:0000627	NT=Orbitrap Fusion Lumos;AC=MS:1002732	NT=Trypsin;AC=MS:1001251	TMT128N	10	NT=higher energy beam-type collision-induced dissociation;AC=MS:1000422	5 ppm	0.6 Da	NT=dithiothreitol (DTT);AC=PRIDE:0000608	NT=methyl methanethiosulfonate (MMTS);AC=PRIDE:0000605	NT=Methylthio;AC=UNIMOD:39;TA=C;MT=Fixed	NT=Oxidation;AC=UNIMOD:35;TA=M;MT=Variable	NT=TMTpro;AC=UNIMOD:2016;TA=K;MT=Fixed	NT=TMTpro;AC=UNIMOD:2016;PP=Any N-term;MT=Fixed	0 hour	NIPC T1
set1-R35	Rattus norvegicus	heart	4	not applicable	tissue	0 hour	NIPC T1	adult	not available	not available	no	Lumos_220614_71-TMT128N	proteomic profiling by mass spectrometry	1	Lumos_220614_71.raw	v1.1.0	NT=ms-proteomics;VV=v1.1.0	NT=vertebrates;VV=v1.1.0	manual curation	NT=Data-dependent acquisition;AC=PRIDE:0000627	NT=Orbitrap Fusion Lumos;AC=MS:1002732	NT=Trypsin;AC=MS:1001251	TMT128N	11	NT=higher energy beam-type collision-induced dissociation;AC=MS:1000422	5 ppm	0.6 Da	NT=dithiothreitol (DTT);AC=PRIDE:0000608	NT=methyl methanethiosulfonate (MMTS);AC=PRIDE:0000605	NT=Methylthio;AC=UNIMOD:39;TA=C;MT=Fixed	NT=Oxidation;AC=UNIMOD:35;TA=M;MT=Variable	NT=TMTpro;AC=UNIMOD:2016;TA=K;MT=Fixed	NT=TMTpro;AC=UNIMOD:2016;PP=Any N-term;MT=Fixed	0 hour	NIPC T1
set1-R35	Rattus norvegicus	heart	4	not applicable	tissue	0 hour	NIPC T1	adult	not available	not available	no	Lumos_220614_72-TMT128N	proteomic profiling by mass spectrometry	1	Lumos_220614_72.raw	v1.1.0	NT=ms-proteomics;VV=v1.1.0	NT=vertebrates;VV=v1.1.0	manual curation	NT=Data-dependent acquisition;AC=PRIDE:0000627	NT=Orbitrap Fusion Lumos;AC=MS:1002732	NT=Trypsin;AC=MS:1001251	TMT128N	12	NT=higher energy beam-type collision-induced dissociation;AC=MS:1000422	5 ppm	0.6 Da	NT=dithiothreitol (DTT);AC=PRIDE:0000608	NT=methyl methanethiosulfonate (MMTS);AC=PRIDE:0000605	NT=Methylthio;AC=UNIMOD:39;TA=C;MT=Fixed	NT=Oxidation;AC=UNIMOD:35;TA=M;MT=Variable	NT=TMTpro;AC=UNIMOD:2016;TA=K;MT=Fixed	NT=TMTpro;AC=UNIMOD:2016;PP=Any N-term;MT=Fixed	0 hour	NIPC T1
set1-R35	Rattus norvegicus	heart	4	not applicable	tissue	0 hour	NIPC T1	adult	not available	not available	no	Lumos_220614_73-TMT128N	proteomic profiling by mass spectrometry	1	Lumos_220614_73.raw	v1.1.0	NT=ms-proteomics;VV=v1.1.0	NT=vertebrates;VV=v1.1.0	manual curation	NT=Data-dependent acquisition;AC=PRIDE:0000627	NT=Orbitrap Fusion Lumos;AC=MS:1002732	NT=Trypsin;AC=MS:1001251	TMT128N	13	NT=higher energy beam-type collision-induced dissociation;AC=MS:1000422	5 ppm	0.6 Da	NT=dithiothreitol (DTT);AC=PRIDE:0000608	NT=methyl methanethiosulfonate (MMTS);AC=PRIDE:0000605	NT=Methylthio;AC=UNIMOD:39;TA=C;MT=Fixed	NT=Oxidation;AC=UNIMOD:35;TA=M;MT=Variable	NT=TMTpro;AC=UNIMOD:2016;TA=K;MT=Fixed	NT=TMTpro;AC=UNIMOD:2016;PP=Any N-term;MT=Fixed	0 hour	NIPC T1
set1-R35	Rattus norvegicus	heart	4	not applicable	tissue	0 hour	NIPC T1	adult	not available	not available	no	Lumos_220614_74-TMT128N	proteomic profiling by mass spectrometry	1	Lumos_220614_74.raw	v1.1.0	NT=ms-proteomics;VV=v1.1.0	NT=vertebrates;VV=v1.1.0	manual curation	NT=Data-dependent acquisition;AC=PRIDE:0000627	NT=Orbitrap Fusion Lumos;AC=MS:1002732	NT=Trypsin;AC=MS:1001251	TMT128N	14	NT=higher energy beam-type collision-induced dissociation;AC=MS:1000422	5 ppm	0.6 Da	NT=dithiothreitol (DTT);AC=PRIDE:0000608	NT=methyl methanethiosulfonate (MMTS);AC=PRIDE:0000605	NT=Methylthio;AC=UNIMOD:39;TA=C;MT=Fixed	NT=Oxidation;AC=UNIMOD:35;TA=M;MT=Variable	NT=TMTpro;AC=UNIMOD:2016;TA=K;MT=Fixed	NT=TMTpro;AC=UNIMOD:2016;PP=Any N-term;MT=Fixed	0 hour	NIPC T1
set1-R35	Rattus norvegicus	heart	4	not applicable	tissue	0 hour	NIPC T1	adult	not available	not available	no	Lumos_220614_75-TMT128N	proteomic profiling by mass spectrometry	1	Lumos_220614_75.raw	v1.1.0	NT=ms-proteomics;VV=v1.1.0	NT=vertebrates;VV=v1.1.0	manual curation	NT=Data-dependent acquisition;AC=PRIDE:0000627	NT=Orbitrap Fusion Lumos;AC=MS:1002732	NT=Trypsin;AC=MS:1001251	TMT128N	15	NT=higher energy beam-type collision-induced dissociation;AC=MS:1000422	5 ppm	0.6 Da	NT=dithiothreitol (DTT);AC=PRIDE:0000608	NT=methyl methanethiosulfonate (MMTS);AC=PRIDE:0000605	NT=Methylthio;AC=UNIMOD:39;TA=C;MT=Fixed	NT=Oxidation;AC=UNIMOD:35;TA=M;MT=Variable	NT=TMTpro;AC=UNIMOD:2016;TA=K;MT=Fixed	NT=TMTpro;AC=UNIMOD:2016;PP=Any N-term;MT=Fixed	0 hour	NIPC T1
set1-R35	Rattus norvegicus	heart	4	not applicable	tissue	0 hour	NIPC T1	adult	not available	not available	no	Lumos_220614_76-TMT128N	proteomic profiling by mass spectrometry	1	Lumos_220614_76.raw	v1.1.0	NT=ms-proteomics;VV=v1.1.0	NT=vertebrates;VV=v1.1.0	manual curation	NT=Data-dependent acquisition;AC=PRIDE:0000627	NT=Orbitrap Fusion Lumos;AC=MS:1002732	NT=Trypsin;AC=MS:1001251	TMT128N	16	NT=higher energy beam-type collision-induced dissociation;AC=MS:1000422	5 ppm	0.6 Da	NT=dithiothreitol (DTT);AC=PRIDE:0000608	NT=methyl methanethiosulfonate (MMTS);AC=PRIDE:0000605	NT=Methylthio;AC=UNIMOD:39;TA=C;MT=Fixed	NT=Oxidation;AC=UNIMOD:35;TA=M;MT=Variable	NT=TMTpro;AC=UNIMOD:2016;TA=K;MT=Fixed	NT=TMTpro;AC=UNIMOD:2016;PP=Any N-term;MT=Fixed	0 hour	NIPC T1
set1-R35	Rattus norvegicus	heart	4	not applicable	tissue	0 hour	NIPC T1	adult	not available	not available	no	Lumos_220614_77-TMT128N	proteomic profiling by mass spectrometry	1	Lumos_220614_77.raw	v1.1.0	NT=ms-proteomics;VV=v1.1.0	NT=vertebrates;VV=v1.1.0	manual curation	NT=Data-dependent acquisition;AC=PRIDE:0000627	NT=Orbitrap Fusion Lumos;AC=MS:1002732	NT=Trypsin;AC=MS:1001251	TMT128N	17	NT=higher energy beam-type collision-induced dissociation;AC=MS:1000422	5 ppm	0.6 Da	NT=dithiothreitol (DTT);AC=PRIDE:0000608	NT=methyl methanethiosulfonate (MMTS);AC=PRIDE:0000605	NT=Methylthio;AC=UNIMOD:39;TA=C;MT=Fixed	NT=Oxidation;AC=UNIMOD:35;TA=M;MT=Variable	NT=TMTpro;AC=UNIMOD:2016;TA=K;MT=Fixed	NT=TMTpro;AC=UNIMOD:2016;PP=Any N-term;MT=Fixed	0 hour	NIPC T1
set1-R35	Rattus norvegicus	heart	4	not applicable	tissue	0 hour	NIPC T1	adult	not available	not available	no	Lumos_220614_78-TMT128N	proteomic profiling by mass spectrometry	1	Lumos_220614_78.raw	v1.1.0	NT=ms-proteomics;VV=v1.1.0	NT=vertebrates;VV=v1.1.0	manual curation	NT=Data-dependent acquisition;AC=PRIDE:0000627	NT=Orbitrap Fusion Lumos;AC=MS:1002732	NT=Trypsin;AC=MS:1001251	TMT128N	18	NT=higher energy beam-type collision-induced dissociation;AC=MS:1000422	5 ppm	0.6 Da	NT=dithiothreitol (DTT);AC=PRIDE:0000608	NT=methyl methanethiosulfonate (MMTS);AC=PRIDE:0000605	NT=Methylthio;AC=UNIMOD:39;TA=C;MT=Fixed	NT=Oxidation;AC=UNIMOD:35;TA=M;MT=Variable	NT=TMTpro;AC=UNIMOD:2016;TA=K;MT=Fixed	NT=TMTpro;AC=UNIMOD:2016;PP=Any N-term;MT=Fixed	0 hour	NIPC T1
set1-R35	Rattus norvegicus	heart	4	not applicable	tissue	0 hour	NIPC T1	adult	not available	not available	no	Lumos_220614_79-TMT128N	proteomic profiling by mass spectrometry	1	Lumos_220614_79.raw	v1.1.0	NT=ms-proteomics;VV=v1.1.0	NT=vertebrates;VV=v1.1.0	manual curation	NT=Data-dependent acquisition;AC=PRIDE:0000627	NT=Orbitrap Fusion Lumos;AC=MS:1002732	NT=Trypsin;AC=MS:1001251	TMT128N	19	NT=higher energy beam-type collision-induced dissociation;AC=MS:1000422	5 ppm	0.6 Da	NT=dithiothreitol (DTT);AC=PRIDE:0000608	NT=methyl methanethiosulfonate (MMTS);AC=PRIDE:0000605	NT=Methylthio;AC=UNIMOD:39;TA=C;MT=Fixed	NT=Oxidation;AC=UNIMOD:35;TA=M;MT=Variable	NT=TMTpro;AC=UNIMOD:2016;TA=K;MT=Fixed	NT=TMTpro;AC=UNIMOD:2016;PP=Any N-term;MT=Fixed	0 hour	NIPC T1
set1-R35	Rattus norvegicus	heart	4	not applicable	tissue	0 hour	NIPC T1	adult	not available	not available	no	Lumos_220614_80-TMT128N	proteomic profiling by mass spectrometry	1	Lumos_220614_80.raw	v1.1.0	NT=ms-proteomics;VV=v1.1.0	NT=vertebrates;VV=v1.1.0	manual curation	NT=Data-dependent acquisition;AC=PRIDE:0000627	NT=Orbitrap Fusion Lumos;AC=MS:1002732	NT=Trypsin;AC=MS:1001251	TMT128N	20	NT=higher energy beam-type collision-induced dissociation;AC=MS:1000422	5 ppm	0.6 Da	NT=dithiothreitol (DTT);AC=PRIDE:0000608	NT=methyl methanethiosulfonate (MMTS);AC=PRIDE:0000605	NT=Methylthio;AC=UNIMOD:39;TA=C;MT=Fixed	NT=Oxidation;AC=UNIMOD:35;TA=M;MT=Variable	NT=TMTpro;AC=UNIMOD:2016;TA=K;MT=Fixed	NT=TMTpro;AC=UNIMOD:2016;PP=Any N-term;MT=Fixed	0 hour	NIPC T1
set1-R35	Rattus norvegicus	heart	4	not applicable	tissue	0 hour	NIPC T1	adult	not available	not available	no	Lumos_220614_81-TMT128N	proteomic profiling by mass spectrometry	1	Lumos_220614_81.raw	v1.1.0	NT=ms-proteomics;VV=v1.1.0	NT=vertebrates;VV=v1.1.0	manual curation	NT=Data-dependent acquisition;AC=PRIDE:0000627	NT=Orbitrap Fusion Lumos;AC=MS:1002732	NT=Trypsin;AC=MS:1001251	TMT128N	21	NT=higher energy beam-type collision-induced dissociation;AC=MS:1000422	5 ppm	0.6 Da	NT=dithiothreitol (DTT);AC=PRIDE:0000608	NT=methyl methanethiosulfonate (MMTS);AC=PRIDE:0000605	NT=Methylthio;AC=UNIMOD:39;TA=C;MT=Fixed	NT=Oxidation;AC=UNIMOD:35;TA=M;MT=Variable	NT=TMTpro;AC=UNIMOD:2016;TA=K;MT=Fixed	NT=TMTpro;AC=UNIMOD:2016;PP=Any N-term;MT=Fixed	0 hour	NIPC T1
set1-R35	Rattus norvegicus	heart	4	not applicable	tissue	0 hour	NIPC T1	adult	not available	not available	no	Lumos_220614_82-TMT128N	proteomic profiling by mass spectrometry	1	Lumos_220614_82.raw	v1.1.0	NT=ms-proteomics;VV=v1.1.0	NT=vertebrates;VV=v1.1.0	manual curation	NT=Data-dependent acquisition;AC=PRIDE:0000627	NT=Orbitrap Fusion Lumos;AC=MS:1002732	NT=Trypsin;AC=MS:1001251	TMT128N	22	NT=higher energy beam-type collision-induced dissociation;AC=MS:1000422	5 ppm	0.6 Da	NT=dithiothreitol (DTT);AC=PRIDE:0000608	NT=methyl methanethiosulfonate (MMTS);AC=PRIDE:0000605	NT=Methylthio;AC=UNIMOD:39;TA=C;MT=Fixed	NT=Oxidation;AC=UNIMOD:35;TA=M;MT=Variable	NT=TMTpro;AC=UNIMOD:2016;TA=K;MT=Fixed	NT=TMTpro;AC=UNIMOD:2016;PP=Any N-term;MT=Fixed	0 hour	NIPC T1
set1-R35	Rattus norvegicus	heart	4	not applicable	tissue	0 hour	NIPC T1	adult	not available	not available	no	Lumos_220614_83-TMT128N	proteomic profiling by mass spectrometry	1	Lumos_220614_83.raw	v1.1.0	NT=ms-proteomics;VV=v1.1.0	NT=vertebrates;VV=v1.1.0	manual curation	NT=Data-dependent acquisition;AC=PRIDE:0000627	NT=Orbitrap Fusion Lumos;AC=MS:1002732	NT=Trypsin;AC=MS:1001251	TMT128N	23	NT=higher energy beam-type collision-induced dissociation;AC=MS:1000422	5 ppm	0.6 Da	NT=dithiothreitol (DTT);AC=PRIDE:0000608	NT=methyl methanethiosulfonate (MMTS);AC=PRIDE:0000605	NT=Methylthio;AC=UNIMOD:39;TA=C;MT=Fixed	NT=Oxidation;AC=UNIMOD:35;TA=M;MT=Variable	NT=TMTpro;AC=UNIMOD:2016;TA=K;MT=Fixed	NT=TMTpro;AC=UNIMOD:2016;PP=Any N-term;MT=Fixed	0 hour	NIPC T1
set1-R30	Rattus norvegicus	heart	1	not applicable	tissue	4 hour	IPC T2	adult	not available	not available	yes	Lumos_220614_61-TMT128C	proteomic profiling by mass spectrometry	1	Lumos_220614_61.raw	v1.1.0	NT=ms-proteomics;VV=v1.1.0	NT=vertebrates;VV=v1.1.0	manual curation	NT=Data-dependent acquisition;AC=PRIDE:0000627	NT=Orbitrap Fusion Lumos;AC=MS:1002732	NT=Trypsin;AC=MS:1001251	TMT128C	1	NT=higher energy beam-type collision-induced dissociation;AC=MS:1000422	5 ppm	0.6 Da	NT=dithiothreitol (DTT);AC=PRIDE:0000608	NT=methyl methanethiosulfonate (MMTS);AC=PRIDE:0000605	NT=Methylthio;AC=UNIMOD:39;TA=C;MT=Fixed	NT=Oxidation;AC=UNIMOD:35;TA=M;MT=Variable	NT=TMTpro;AC=UNIMOD:2016;TA=K;MT=Fixed	NT=TMTpro;AC=UNIMOD:2016;PP=Any N-term;MT=Fixed	4 hour	IPC T2
set1-R30	Rattus norvegicus	heart	1	not applicable	tissue	4 hour	IPC T2	adult	not available	not available	yes	Lumos_220614_62-TMT128C	proteomic profiling by mass spectrometry	1	Lumos_220614_62.raw	v1.1.0	NT=ms-proteomics;VV=v1.1.0	NT=vertebrates;VV=v1.1.0	manual curation	NT=Data-dependent acquisition;AC=PRIDE:0000627	NT=Orbitrap Fusion Lumos;AC=MS:1002732	NT=Trypsin;AC=MS:1001251	TMT128C	2	NT=higher energy beam-type collision-induced dissociation;AC=MS:1000422	5 ppm	0.6 Da	NT=dithiothreitol (DTT);AC=PRIDE:0000608	NT=methyl methanethiosulfonate (MMTS);AC=PRIDE:0000605	NT=Methylthio;AC=UNIMOD:39;TA=C;MT=Fixed	NT=Oxidation;AC=UNIMOD:35;TA=M;MT=Variable	NT=TMTpro;AC=UNIMOD:2016;TA=K;MT=Fixed	NT=TMTpro;AC=UNIMOD:2016;PP=Any N-term;MT=Fixed	4 hour	IPC T2
set1-R30	Rattus norvegicus	heart	1	not applicable	tissue	4 hour	IPC T2	adult	not available	not available	yes	Lumos_220614_63-TMT128C	proteomic profiling by mass spectrometry	1	Lumos_220614_63.raw	v1.1.0	NT=ms-proteomics;VV=v1.1.0	NT=vertebrates;VV=v1.1.0	manual curation	NT=Data-dependent acquisition;AC=PRIDE:0000627	NT=Orbitrap Fusion Lumos;AC=MS:1002732	NT=Trypsin;AC=MS:1001251	TMT128C	3	NT=higher energy beam-type collision-induced dissociation;AC=MS:1000422	5 ppm	0.6 Da	NT=dithiothreitol (DTT);AC=PRIDE:0000608	NT=methyl methanethiosulfonate (MMTS);AC=PRIDE:0000605	NT=Methylthio;AC=UNIMOD:39;TA=C;MT=Fixed	NT=Oxidation;AC=UNIMOD:35;TA=M;MT=Variable	NT=TMTpro;AC=UNIMOD:2016;TA=K;MT=Fixed	NT=TMTpro;AC=UNIMOD:2016;PP=Any N-term;MT=Fixed	4 hour	IPC T2
set1-R30	Rattus norvegicus	heart	1	not applicable	tissue	4 hour	IPC T2	adult	not available	not available	yes	Lumos_220614_64-TMT128C	proteomic profiling by mass spectrometry	1	Lumos_220614_64.raw	v1.1.0	NT=ms-proteomics;VV=v1.1.0	NT=vertebrates;VV=v1.1.0	manual curation	NT=Data-dependent acquisition;AC=PRIDE:0000627	NT=Orbitrap Fusion Lumos;AC=MS:1002732	NT=Trypsin;AC=MS:1001251	TMT128C	4	NT=higher energy beam-type collision-induced dissociation;AC=MS:1000422	5 ppm	0.6 Da	NT=dithiothreitol (DTT);AC=PRIDE:0000608	NT=methyl methanethiosulfonate (MMTS);AC=PRIDE:0000605	NT=Methylthio;AC=UNIMOD:39;TA=C;MT=Fixed	NT=Oxidation;AC=UNIMOD:35;TA=M;MT=Variable	NT=TMTpro;AC=UNIMOD:2016;TA=K;MT=Fixed	NT=TMTpro;AC=UNIMOD:2016;PP=Any N-term;MT=Fixed	4 hour	IPC T2
set1-R30	Rattus norvegicus	heart	1	not applicable	tissue	4 hour	IPC T2	adult	not available	not available	yes	Lumos_220614_65-TMT128C	proteomic profiling by mass spectrometry	1	Lumos_220614_65.raw	v1.1.0	NT=ms-proteomics;VV=v1.1.0	NT=vertebrates;VV=v1.1.0	manual curation	NT=Data-dependent acquisition;AC=PRIDE:0000627	NT=Orbitrap Fusion Lumos;AC=MS:1002732	NT=Trypsin;AC=MS:1001251	TMT128C	5	NT=higher energy beam-type collision-induced dissociation;AC=MS:1000422	5 ppm	0.6 Da	NT=dithiothreitol (DTT);AC=PRIDE:0000608	NT=methyl methanethiosulfonate (MMTS);AC=PRIDE:0000605	NT=Methylthio;AC=UNIMOD:39;TA=C;MT=Fixed	NT=Oxidation;AC=UNIMOD:35;TA=M;MT=Variable	NT=TMTpro;AC=UNIMOD:2016;TA=K;MT=Fixed	NT=TMTpro;AC=UNIMOD:2016;PP=Any N-term;MT=Fixed	4 hour	IPC T2
set1-R30	Rattus norvegicus	heart	1	not applicable	tissue	4 hour	IPC T2	adult	not available	not available	yes	Lumos_220614_66-TMT128C	proteomic profiling by mass spectrometry	1	Lumos_220614_66.raw	v1.1.0	NT=ms-proteomics;VV=v1.1.0	NT=vertebrates;VV=v1.1.0	manual curation	NT=Data-dependent acquisition;AC=PRIDE:0000627	NT=Orbitrap Fusion Lumos;AC=MS:1002732	NT=Trypsin;AC=MS:1001251	TMT128C	6	NT=higher energy beam-type collision-induced dissociation;AC=MS:1000422	5 ppm	0.6 Da	NT=dithiothreitol (DTT);AC=PRIDE:0000608	NT=methyl methanethiosulfonate (MMTS);AC=PRIDE:0000605	NT=Methylthio;AC=UNIMOD:39;TA=C;MT=Fixed	NT=Oxidation;AC=UNIMOD:35;TA=M;MT=Variable	NT=TMTpro;AC=UNIMOD:2016;TA=K;MT=Fixed	NT=TMTpro;AC=UNIMOD:2016;PP=Any N-term;MT=Fixed	4 hour	IPC T2
set1-R30	Rattus norvegicus	heart	1	not applicable	tissue	4 hour	IPC T2	adult	not available	not available	yes	Lumos_220614_67-TMT128C	proteomic profiling by mass spectrometry	1	Lumos_220614_67.raw	v1.1.0	NT=ms-proteomics;VV=v1.1.0	NT=vertebrates;VV=v1.1.0	manual curation	NT=Data-dependent acquisition;AC=PRIDE:0000627	NT=Orbitrap Fusion Lumos;AC=MS:1002732	NT=Trypsin;AC=MS:1001251	TMT128C	7	NT=higher energy beam-type collision-induced dissociation;AC=MS:1000422	5 ppm	0.6 Da	NT=dithiothreitol (DTT);AC=PRIDE:0000608	NT=methyl methanethiosulfonate (MMTS);AC=PRIDE:0000605	NT=Methylthio;AC=UNIMOD:39;TA=C;MT=Fixed	NT=Oxidation;AC=UNIMOD:35;TA=M;MT=Variable	NT=TMTpro;AC=UNIMOD:2016;TA=K;MT=Fixed	NT=TMTpro;AC=UNIMOD:2016;PP=Any N-term;MT=Fixed	4 hour	IPC T2
set1-R30	Rattus norvegicus	heart	1	not applicable	tissue	4 hour	IPC T2	adult	not available	not available	yes	Lumos_220614_68-TMT128C	proteomic profiling by mass spectrometry	1	Lumos_220614_68.raw	v1.1.0	NT=ms-proteomics;VV=v1.1.0	NT=vertebrates;VV=v1.1.0	manual curation	NT=Data-dependent acquisition;AC=PRIDE:0000627	NT=Orbitrap Fusion Lumos;AC=MS:1002732	NT=Trypsin;AC=MS:1001251	TMT128C	8	NT=higher energy beam-type collision-induced dissociation;AC=MS:1000422	5 ppm	0.6 Da	NT=dithiothreitol (DTT);AC=PRIDE:0000608	NT=methyl methanethiosulfonate (MMTS);AC=PRIDE:0000605	NT=Methylthio;AC=UNIMOD:39;TA=C;MT=Fixed	NT=Oxidation;AC=UNIMOD:35;TA=M;MT=Variable	NT=TMTpro;AC=UNIMOD:2016;TA=K;MT=Fixed	NT=TMTpro;AC=UNIMOD:2016;PP=Any N-term;MT=Fixed	4 hour	IPC T2
set1-R30	Rattus norvegicus	heart	1	not applicable	tissue	4 hour	IPC T2	adult	not available	not available	yes	Lumos_220614_69-TMT128C	proteomic profiling by mass spectrometry	1	Lumos_220614_69.raw	v1.1.0	NT=ms-proteomics;VV=v1.1.0	NT=vertebrates;VV=v1.1.0	manual curation	NT=Data-dependent acquisition;AC=PRIDE:0000627	NT=Orbitrap Fusion Lumos;AC=MS:1002732	NT=Trypsin;AC=MS:1001251	TMT128C	9	NT=higher energy beam-type collision-induced dissociation;AC=MS:1000422	5 ppm	0.6 Da	NT=dithiothreitol (DTT);AC=PRIDE:0000608	NT=methyl methanethiosulfonate (MMTS);AC=PRIDE:0000605	NT=Methylthio;AC=UNIMOD:39;TA=C;MT=Fixed	NT=Oxidation;AC=UNIMOD:35;TA=M;MT=Variable	NT=TMTpro;AC=UNIMOD:2016;TA=K;MT=Fixed	NT=TMTpro;AC=UNIMOD:2016;PP=Any N-term;MT=Fixed	4 hour	IPC T2
set1-R30	Rattus norvegicus	heart	1	not applicable	tissue	4 hour	IPC T2	adult	not available	not available	yes	Lumos_220614_70-TMT128C	proteomic profiling by mass spectrometry	1	Lumos_220614_70.raw	v1.1.0	NT=ms-proteomics;VV=v1.1.0	NT=vertebrates;VV=v1.1.0	manual curation	NT=Data-dependent acquisition;AC=PRIDE:0000627	NT=Orbitrap Fusion Lumos;AC=MS:1002732	NT=Trypsin;AC=MS:1001251	TMT128C	10	NT=higher energy beam-type collision-induced dissociation;AC=MS:1000422	5 ppm	0.6 Da	NT=dithiothreitol (DTT);AC=PRIDE:0000608	NT=methyl methanethiosulfonate (MMTS);AC=PRIDE:0000605	NT=Methylthio;AC=UNIMOD:39;TA=C;MT=Fixed	NT=Oxidation;AC=UNIMOD:35;TA=M;MT=Variable	NT=TMTpro;AC=UNIMOD:2016;TA=K;MT=Fixed	NT=TMTpro;AC=UNIMOD:2016;PP=Any N-term;MT=Fixed	4 hour	IPC T2
set1-R30	Rattus norvegicus	heart	1	not applicable	tissue	4 hour	IPC T2	adult	not available	not available	yes	Lumos_220614_71-TMT128C	proteomic profiling by mass spectrometry	1	Lumos_220614_71.raw	v1.1.0	NT=ms-proteomics;VV=v1.1.0	NT=vertebrates;VV=v1.1.0	manual curation	NT=Data-dependent acquisition;AC=PRIDE:0000627	NT=Orbitrap Fusion Lumos;AC=MS:1002732	NT=Trypsin;AC=MS:1001251	TMT128C	11	NT=higher energy beam-type collision-induced dissociation;AC=MS:1000422	5 ppm	0.6 Da	NT=dithiothreitol (DTT);AC=PRIDE:0000608	NT=methyl methanethiosulfonate (MMTS);AC=PRIDE:0000605	NT=Methylthio;AC=UNIMOD:39;TA=C;MT=Fixed	NT=Oxidation;AC=UNIMOD:35;TA=M;MT=Variable	NT=TMTpro;AC=UNIMOD:2016;TA=K;MT=Fixed	NT=TMTpro;AC=UNIMOD:2016;PP=Any N-term;MT=Fixed	4 hour	IPC T2
set1-R30	Rattus norvegicus	heart	1	not applicable	tissue	4 hour	IPC T2	adult	not available	not available	yes	Lumos_220614_72-TMT128C	proteomic profiling by mass spectrometry	1	Lumos_220614_72.raw	v1.1.0	NT=ms-proteomics;VV=v1.1.0	NT=vertebrates;VV=v1.1.0	manual curation	NT=Data-dependent acquisition;AC=PRIDE:0000627	NT=Orbitrap Fusion Lumos;AC=MS:1002732	NT=Trypsin;AC=MS:1001251	TMT128C	12	NT=higher energy beam-type collision-induced dissociation;AC=MS:1000422	5 ppm	0.6 Da	NT=dithiothreitol (DTT);AC=PRIDE:0000608	NT=methyl methanethiosulfonate (MMTS);AC=PRIDE:0000605	NT=Methylthio;AC=UNIMOD:39;TA=C;MT=Fixed	NT=Oxidation;AC=UNIMOD:35;TA=M;MT=Variable	NT=TMTpro;AC=UNIMOD:2016;TA=K;MT=Fixed	NT=TMTpro;AC=UNIMOD:2016;PP=Any N-term;MT=Fixed	4 hour	IPC T2
set1-R30	Rattus norvegicus	heart	1	not applicable	tissue	4 hour	IPC T2	adult	not available	not available	yes	Lumos_220614_73-TMT128C	proteomic profiling by mass spectrometry	1	Lumos_220614_73.raw	v1.1.0	NT=ms-proteomics;VV=v1.1.0	NT=vertebrates;VV=v1.1.0	manual curation	NT=Data-dependent acquisition;AC=PRIDE:0000627	NT=Orbitrap Fusion Lumos;AC=MS:1002732	NT=Trypsin;AC=MS:1001251	TMT128C	13	NT=higher energy beam-type collision-induced dissociation;AC=MS:1000422	5 ppm	0.6 Da	NT=dithiothreitol (DTT);AC=PRIDE:0000608	NT=methyl methanethiosulfonate (MMTS);AC=PRIDE:0000605	NT=Methylthio;AC=UNIMOD:39;TA=C;MT=Fixed	NT=Oxidation;AC=UNIMOD:35;TA=M;MT=Variable	NT=TMTpro;AC=UNIMOD:2016;TA=K;MT=Fixed	NT=TMTpro;AC=UNIMOD:2016;PP=Any N-term;MT=Fixed	4 hour	IPC T2
set1-R30	Rattus norvegicus	heart	1	not applicable	tissue	4 hour	IPC T2	adult	not available	not available	yes	Lumos_220614_74-TMT128C	proteomic profiling by mass spectrometry	1	Lumos_220614_74.raw	v1.1.0	NT=ms-proteomics;VV=v1.1.0	NT=vertebrates;VV=v1.1.0	manual curation	NT=Data-dependent acquisition;AC=PRIDE:0000627	NT=Orbitrap Fusion Lumos;AC=MS:1002732	NT=Trypsin;AC=MS:1001251	TMT128C	14	NT=higher energy beam-type collision-induced dissociation;AC=MS:1000422	5 ppm	0.6 Da	NT=dithiothreitol (DTT);AC=PRIDE:0000608	NT=methyl methanethiosulfonate (MMTS);AC=PRIDE:0000605	NT=Methylthio;AC=UNIMOD:39;TA=C;MT=Fixed	NT=Oxidation;AC=UNIMOD:35;TA=M;MT=Variable	NT=TMTpro;AC=UNIMOD:2016;TA=K;MT=Fixed	NT=TMTpro;AC=UNIMOD:2016;PP=Any N-term;MT=Fixed	4 hour	IPC T2
set1-R30	Rattus norvegicus	heart	1	not applicable	tissue	4 hour	IPC T2	adult	not available	not available	yes	Lumos_220614_75-TMT128C	proteomic profiling by mass spectrometry	1	Lumos_220614_75.raw	v1.1.0	NT=ms-proteomics;VV=v1.1.0	NT=vertebrates;VV=v1.1.0	manual curation	NT=Data-dependent acquisition;AC=PRIDE:0000627	NT=Orbitrap Fusion Lumos;AC=MS:1002732	NT=Trypsin;AC=MS:1001251	TMT128C	15	NT=higher energy beam-type collision-induced dissociation;AC=MS:1000422	5 ppm	0.6 Da	NT=dithiothreitol (DTT);AC=PRIDE:0000608	NT=methyl methanethiosulfonate (MMTS);AC=PRIDE:0000605	NT=Methylthio;AC=UNIMOD:39;TA=C;MT=Fixed	NT=Oxidation;AC=UNIMOD:35;TA=M;MT=Variable	NT=TMTpro;AC=UNIMOD:2016;TA=K;MT=Fixed	NT=TMTpro;AC=UNIMOD:2016;PP=Any N-term;MT=Fixed	4 hour	IPC T2
set1-R30	Rattus norvegicus	heart	1	not applicable	tissue	4 hour	IPC T2	adult	not available	not available	yes	Lumos_220614_76-TMT128C	proteomic profiling by mass spectrometry	1	Lumos_220614_76.raw	v1.1.0	NT=ms-proteomics;VV=v1.1.0	NT=vertebrates;VV=v1.1.0	manual curation	NT=Data-dependent acquisition;AC=PRIDE:0000627	NT=Orbitrap Fusion Lumos;AC=MS:1002732	NT=Trypsin;AC=MS:1001251	TMT128C	16	NT=higher energy beam-type collision-induced dissociation;AC=MS:1000422	5 ppm	0.6 Da	NT=dithiothreitol (DTT);AC=PRIDE:0000608	NT=methyl methanethiosulfonate (MMTS);AC=PRIDE:0000605	NT=Methylthio;AC=UNIMOD:39;TA=C;MT=Fixed	NT=Oxidation;AC=UNIMOD:35;TA=M;MT=Variable	NT=TMTpro;AC=UNIMOD:2016;TA=K;MT=Fixed	NT=TMTpro;AC=UNIMOD:2016;PP=Any N-term;MT=Fixed	4 hour	IPC T2
set1-R30	Rattus norvegicus	heart	1	not applicable	tissue	4 hour	IPC T2	adult	not available	not available	yes	Lumos_220614_77-TMT128C	proteomic profiling by mass spectrometry	1	Lumos_220614_77.raw	v1.1.0	NT=ms-proteomics;VV=v1.1.0	NT=vertebrates;VV=v1.1.0	manual curation	NT=Data-dependent acquisition;AC=PRIDE:0000627	NT=Orbitrap Fusion Lumos;AC=MS:1002732	NT=Trypsin;AC=MS:1001251	TMT128C	17	NT=higher energy beam-type collision-induced dissociation;AC=MS:1000422	5 ppm	0.6 Da	NT=dithiothreitol (DTT);AC=PRIDE:0000608	NT=methyl methanethiosulfonate (MMTS);AC=PRIDE:0000605	NT=Methylthio;AC=UNIMOD:39;TA=C;MT=Fixed	NT=Oxidation;AC=UNIMOD:35;TA=M;MT=Variable	NT=TMTpro;AC=UNIMOD:2016;TA=K;MT=Fixed	NT=TMTpro;AC=UNIMOD:2016;PP=Any N-term;MT=Fixed	4 hour	IPC T2
set1-R30	Rattus norvegicus	heart	1	not applicable	tissue	4 hour	IPC T2	adult	not available	not available	yes	Lumos_220614_78-TMT128C	proteomic profiling by mass spectrometry	1	Lumos_220614_78.raw	v1.1.0	NT=ms-proteomics;VV=v1.1.0	NT=vertebrates;VV=v1.1.0	manual curation	NT=Data-dependent acquisition;AC=PRIDE:0000627	NT=Orbitrap Fusion Lumos;AC=MS:1002732	NT=Trypsin;AC=MS:1001251	TMT128C	18	NT=higher energy beam-type collision-induced dissociation;AC=MS:1000422	5 ppm	0.6 Da	NT=dithiothreitol (DTT);AC=PRIDE:0000608	NT=methyl methanethiosulfonate (MMTS);AC=PRIDE:0000605	NT=Methylthio;AC=UNIMOD:39;TA=C;MT=Fixed	NT=Oxidation;AC=UNIMOD:35;TA=M;MT=Variable	NT=TMTpro;AC=UNIMOD:2016;TA=K;MT=Fixed	NT=TMTpro;AC=UNIMOD:2016;PP=Any N-term;MT=Fixed	4 hour	IPC T2
set1-R30	Rattus norvegicus	heart	1	not applicable	tissue	4 hour	IPC T2	adult	not available	not available	yes	Lumos_220614_79-TMT128C	proteomic profiling by mass spectrometry	1	Lumos_220614_79.raw	v1.1.0	NT=ms-proteomics;VV=v1.1.0	NT=vertebrates;VV=v1.1.0	manual curation	NT=Data-dependent acquisition;AC=PRIDE:0000627	NT=Orbitrap Fusion Lumos;AC=MS:1002732	NT=Trypsin;AC=MS:1001251	TMT128C	19	NT=higher energy beam-type collision-induced dissociation;AC=MS:1000422	5 ppm	0.6 Da	NT=dithiothreitol (DTT);AC=PRIDE:0000608	NT=methyl methanethiosulfonate (MMTS);AC=PRIDE:0000605	NT=Methylthio;AC=UNIMOD:39;TA=C;MT=Fixed	NT=Oxidation;AC=UNIMOD:35;TA=M;MT=Variable	NT=TMTpro;AC=UNIMOD:2016;TA=K;MT=Fixed	NT=TMTpro;AC=UNIMOD:2016;PP=Any N-term;MT=Fixed	4 hour	IPC T2
set1-R30	Rattus norvegicus	heart	1	not applicable	tissue	4 hour	IPC T2	adult	not available	not available	yes	Lumos_220614_80-TMT128C	proteomic profiling by mass spectrometry	1	Lumos_220614_80.raw	v1.1.0	NT=ms-proteomics;VV=v1.1.0	NT=vertebrates;VV=v1.1.0	manual curation	NT=Data-dependent acquisition;AC=PRIDE:0000627	NT=Orbitrap Fusion Lumos;AC=MS:1002732	NT=Trypsin;AC=MS:1001251	TMT128C	20	NT=higher energy beam-type collision-induced dissociation;AC=MS:1000422	5 ppm	0.6 Da	NT=dithiothreitol (DTT);AC=PRIDE:0000608	NT=methyl methanethiosulfonate (MMTS);AC=PRIDE:0000605	NT=Methylthio;AC=UNIMOD:39;TA=C;MT=Fixed	NT=Oxidation;AC=UNIMOD:35;TA=M;MT=Variable	NT=TMTpro;AC=UNIMOD:2016;TA=K;MT=Fixed	NT=TMTpro;AC=UNIMOD:2016;PP=Any N-term;MT=Fixed	4 hour	IPC T2
set1-R30	Rattus norvegicus	heart	1	not applicable	tissue	4 hour	IPC T2	adult	not available	not available	yes	Lumos_220614_81-TMT128C	proteomic profiling by mass spectrometry	1	Lumos_220614_81.raw	v1.1.0	NT=ms-proteomics;VV=v1.1.0	NT=vertebrates;VV=v1.1.0	manual curation	NT=Data-dependent acquisition;AC=PRIDE:0000627	NT=Orbitrap Fusion Lumos;AC=MS:1002732	NT=Trypsin;AC=MS:1001251	TMT128C	21	NT=higher energy beam-type collision-induced dissociation;AC=MS:1000422	5 ppm	0.6 Da	NT=dithiothreitol (DTT);AC=PRIDE:0000608	NT=methyl methanethiosulfonate (MMTS);AC=PRIDE:0000605	NT=Methylthio;AC=UNIMOD:39;TA=C;MT=Fixed	NT=Oxidation;AC=UNIMOD:35;TA=M;MT=Variable	NT=TMTpro;AC=UNIMOD:2016;TA=K;MT=Fixed	NT=TMTpro;AC=UNIMOD:2016;PP=Any N-term;MT=Fixed	4 hour	IPC T2
set1-R30	Rattus norvegicus	heart	1	not applicable	tissue	4 hour	IPC T2	adult	not available	not available	yes	Lumos_220614_82-TMT128C	proteomic profiling by mass spectrometry	1	Lumos_220614_82.raw	v1.1.0	NT=ms-proteomics;VV=v1.1.0	NT=vertebrates;VV=v1.1.0	manual curation	NT=Data-dependent acquisition;AC=PRIDE:0000627	NT=Orbitrap Fusion Lumos;AC=MS:1002732	NT=Trypsin;AC=MS:1001251	TMT128C	22	NT=higher energy beam-type collision-induced dissociation;AC=MS:1000422	5 ppm	0.6 Da	NT=dithiothreitol (DTT);AC=PRIDE:0000608	NT=methyl methanethiosulfonate (MMTS);AC=PRIDE:0000605	NT=Methylthio;AC=UNIMOD:39;TA=C;MT=Fixed	NT=Oxidation;AC=UNIMOD:35;TA=M;MT=Variable	NT=TMTpro;AC=UNIMOD:2016;TA=K;MT=Fixed	NT=TMTpro;AC=UNIMOD:2016;PP=Any N-term;MT=Fixed	4 hour	IPC T2
set1-R30	Rattus norvegicus	heart	1	not applicable	tissue	4 hour	IPC T2	adult	not available	not available	yes	Lumos_220614_83-TMT128C	proteomic profiling by mass spectrometry	1	Lumos_220614_83.raw	v1.1.0	NT=ms-proteomics;VV=v1.1.0	NT=vertebrates;VV=v1.1.0	manual curation	NT=Data-dependent acquisition;AC=PRIDE:0000627	NT=Orbitrap Fusion Lumos;AC=MS:1002732	NT=Trypsin;AC=MS:1001251	TMT128C	23	NT=higher energy beam-type collision-induced dissociation;AC=MS:1000422	5 ppm	0.6 Da	NT=dithiothreitol (DTT);AC=PRIDE:0000608	NT=methyl methanethiosulfonate (MMTS);AC=PRIDE:0000605	NT=Methylthio;AC=UNIMOD:39;TA=C;MT=Fixed	NT=Oxidation;AC=UNIMOD:35;TA=M;MT=Variable	NT=TMTpro;AC=UNIMOD:2016;TA=K;MT=Fixed	NT=TMTpro;AC=UNIMOD:2016;PP=Any N-term;MT=Fixed	4 hour	IPC T2
set1-R26	Rattus norvegicus	heart	2	not applicable	tissue	4 hour	IPC T2	adult	not available	not available	yes	Lumos_220614_61-TMT129N	proteomic profiling by mass spectrometry	1	Lumos_220614_61.raw	v1.1.0	NT=ms-proteomics;VV=v1.1.0	NT=vertebrates;VV=v1.1.0	manual curation	NT=Data-dependent acquisition;AC=PRIDE:0000627	NT=Orbitrap Fusion Lumos;AC=MS:1002732	NT=Trypsin;AC=MS:1001251	TMT129N	1	NT=higher energy beam-type collision-induced dissociation;AC=MS:1000422	5 ppm	0.6 Da	NT=dithiothreitol (DTT);AC=PRIDE:0000608	NT=methyl methanethiosulfonate (MMTS);AC=PRIDE:0000605	NT=Methylthio;AC=UNIMOD:39;TA=C;MT=Fixed	NT=Oxidation;AC=UNIMOD:35;TA=M;MT=Variable	NT=TMTpro;AC=UNIMOD:2016;TA=K;MT=Fixed	NT=TMTpro;AC=UNIMOD:2016;PP=Any N-term;MT=Fixed	4 hour	IPC T2
set1-R26	Rattus norvegicus	heart	2	not applicable	tissue	4 hour	IPC T2	adult	not available	not available	yes	Lumos_220614_62-TMT129N	proteomic profiling by mass spectrometry	1	Lumos_220614_62.raw	v1.1.0	NT=ms-proteomics;VV=v1.1.0	NT=vertebrates;VV=v1.1.0	manual curation	NT=Data-dependent acquisition;AC=PRIDE:0000627	NT=Orbitrap Fusion Lumos;AC=MS:1002732	NT=Trypsin;AC=MS:1001251	TMT129N	2	NT=higher energy beam-type collision-induced dissociation;AC=MS:1000422	5 ppm	0.6 Da	NT=dithiothreitol (DTT);AC=PRIDE:0000608	NT=methyl methanethiosulfonate (MMTS);AC=PRIDE:0000605	NT=Methylthio;AC=UNIMOD:39;TA=C;MT=Fixed	NT=Oxidation;AC=UNIMOD:35;TA=M;MT=Variable	NT=TMTpro;AC=UNIMOD:2016;TA=K;MT=Fixed	NT=TMTpro;AC=UNIMOD:2016;PP=Any N-term;MT=Fixed	4 hour	IPC T2
set1-R26	Rattus norvegicus	heart	2	not applicable	tissue	4 hour	IPC T2	adult	not available	not available	yes	Lumos_220614_63-TMT129N	proteomic profiling by mass spectrometry	1	Lumos_220614_63.raw	v1.1.0	NT=ms-proteomics;VV=v1.1.0	NT=vertebrates;VV=v1.1.0	manual curation	NT=Data-dependent acquisition;AC=PRIDE:0000627	NT=Orbitrap Fusion Lumos;AC=MS:1002732	NT=Trypsin;AC=MS:1001251	TMT129N	3	NT=higher energy beam-type collision-induced dissociation;AC=MS:1000422	5 ppm	0.6 Da	NT=dithiothreitol (DTT);AC=PRIDE:0000608	NT=methyl methanethiosulfonate (MMTS);AC=PRIDE:0000605	NT=Methylthio;AC=UNIMOD:39;TA=C;MT=Fixed	NT=Oxidation;AC=UNIMOD:35;TA=M;MT=Variable	NT=TMTpro;AC=UNIMOD:2016;TA=K;MT=Fixed	NT=TMTpro;AC=UNIMOD:2016;PP=Any N-term;MT=Fixed	4 hour	IPC T2
set1-R26	Rattus norvegicus	heart	2	not applicable	tissue	4 hour	IPC T2	adult	not available	not available	yes	Lumos_220614_64-TMT129N	proteomic profiling by mass spectrometry	1	Lumos_220614_64.raw	v1.1.0	NT=ms-proteomics;VV=v1.1.0	NT=vertebrates;VV=v1.1.0	manual curation	NT=Data-dependent acquisition;AC=PRIDE:0000627	NT=Orbitrap Fusion Lumos;AC=MS:1002732	NT=Trypsin;AC=MS:1001251	TMT129N	4	NT=higher energy beam-type collision-induced dissociation;AC=MS:1000422	5 ppm	0.6 Da	NT=dithiothreitol (DTT);AC=PRIDE:0000608	NT=methyl methanethiosulfonate (MMTS);AC=PRIDE:0000605	NT=Methylthio;AC=UNIMOD:39;TA=C;MT=Fixed	NT=Oxidation;AC=UNIMOD:35;TA=M;MT=Variable	NT=TMTpro;AC=UNIMOD:2016;TA=K;MT=Fixed	NT=TMTpro;AC=UNIMOD:2016;PP=Any N-term;MT=Fixed	4 hour	IPC T2
set1-R26	Rattus norvegicus	heart	2	not applicable	tissue	4 hour	IPC T2	adult	not available	not available	yes	Lumos_220614_65-TMT129N	proteomic profiling by mass spectrometry	1	Lumos_220614_65.raw	v1.1.0	NT=ms-proteomics;VV=v1.1.0	NT=vertebrates;VV=v1.1.0	manual curation	NT=Data-dependent acquisition;AC=PRIDE:0000627	NT=Orbitrap Fusion Lumos;AC=MS:1002732	NT=Trypsin;AC=MS:1001251	TMT129N	5	NT=higher energy beam-type collision-induced dissociation;AC=MS:1000422	5 ppm	0.6 Da	NT=dithiothreitol (DTT);AC=PRIDE:0000608	NT=methyl methanethiosulfonate (MMTS);AC=PRIDE:0000605	NT=Methylthio;AC=UNIMOD:39;TA=C;MT=Fixed	NT=Oxidation;AC=UNIMOD:35;TA=M;MT=Variable	NT=TMTpro;AC=UNIMOD:2016;TA=K;MT=Fixed	NT=TMTpro;AC=UNIMOD:2016;PP=Any N-term;MT=Fixed	4 hour	IPC T2
set1-R26	Rattus norvegicus	heart	2	not applicable	tissue	4 hour	IPC T2	adult	not available	not available	yes	Lumos_220614_66-TMT129N	proteomic profiling by mass spectrometry	1	Lumos_220614_66.raw	v1.1.0	NT=ms-proteomics;VV=v1.1.0	NT=vertebrates;VV=v1.1.0	manual curation	NT=Data-dependent acquisition;AC=PRIDE:0000627	NT=Orbitrap Fusion Lumos;AC=MS:1002732	NT=Trypsin;AC=MS:1001251	TMT129N	6	NT=higher energy beam-type collision-induced dissociation;AC=MS:1000422	5 ppm	0.6 Da	NT=dithiothreitol (DTT);AC=PRIDE:0000608	NT=methyl methanethiosulfonate (MMTS);AC=PRIDE:0000605	NT=Methylthio;AC=UNIMOD:39;TA=C;MT=Fixed	NT=Oxidation;AC=UNIMOD:35;TA=M;MT=Variable	NT=TMTpro;AC=UNIMOD:2016;TA=K;MT=Fixed	NT=TMTpro;AC=UNIMOD:2016;PP=Any N-term;MT=Fixed	4 hour	IPC T2
set1-R26	Rattus norvegicus	heart	2	not applicable	tissue	4 hour	IPC T2	adult	not available	not available	yes	Lumos_220614_67-TMT129N	proteomic profiling by mass spectrometry	1	Lumos_220614_67.raw	v1.1.0	NT=ms-proteomics;VV=v1.1.0	NT=vertebrates;VV=v1.1.0	manual curation	NT=Data-dependent acquisition;AC=PRIDE:0000627	NT=Orbitrap Fusion Lumos;AC=MS:1002732	NT=Trypsin;AC=MS:1001251	TMT129N	7	NT=higher energy beam-type collision-induced dissociation;AC=MS:1000422	5 ppm	0.6 Da	NT=dithiothreitol (DTT);AC=PRIDE:0000608	NT=methyl methanethiosulfonate (MMTS);AC=PRIDE:0000605	NT=Methylthio;AC=UNIMOD:39;TA=C;MT=Fixed	NT=Oxidation;AC=UNIMOD:35;TA=M;MT=Variable	NT=TMTpro;AC=UNIMOD:2016;TA=K;MT=Fixed	NT=TMTpro;AC=UNIMOD:2016;PP=Any N-term;MT=Fixed	4 hour	IPC T2
set1-R26	Rattus norvegicus	heart	2	not applicable	tissue	4 hour	IPC T2	adult	not available	not available	yes	Lumos_220614_68-TMT129N	proteomic profiling by mass spectrometry	1	Lumos_220614_68.raw	v1.1.0	NT=ms-proteomics;VV=v1.1.0	NT=vertebrates;VV=v1.1.0	manual curation	NT=Data-dependent acquisition;AC=PRIDE:0000627	NT=Orbitrap Fusion Lumos;AC=MS:1002732	NT=Trypsin;AC=MS:1001251	TMT129N	8	NT=higher energy beam-type collision-induced dissociation;AC=MS:1000422	5 ppm	0.6 Da	NT=dithiothreitol (DTT);AC=PRIDE:0000608	NT=methyl methanethiosulfonate (MMTS);AC=PRIDE:0000605	NT=Methylthio;AC=UNIMOD:39;TA=C;MT=Fixed	NT=Oxidation;AC=UNIMOD:35;TA=M;MT=Variable	NT=TMTpro;AC=UNIMOD:2016;TA=K;MT=Fixed	NT=TMTpro;AC=UNIMOD:2016;PP=Any N-term;MT=Fixed	4 hour	IPC T2
set1-R26	Rattus norvegicus	heart	2	not applicable	tissue	4 hour	IPC T2	adult	not available	not available	yes	Lumos_220614_69-TMT129N	proteomic profiling by mass spectrometry	1	Lumos_220614_69.raw	v1.1.0	NT=ms-proteomics;VV=v1.1.0	NT=vertebrates;VV=v1.1.0	manual curation	NT=Data-dependent acquisition;AC=PRIDE:0000627	NT=Orbitrap Fusion Lumos;AC=MS:1002732	NT=Trypsin;AC=MS:1001251	TMT129N	9	NT=higher energy beam-type collision-induced dissociation;AC=MS:1000422	5 ppm	0.6 Da	NT=dithiothreitol (DTT);AC=PRIDE:0000608	NT=methyl methanethiosulfonate (MMTS);AC=PRIDE:0000605	NT=Methylthio;AC=UNIMOD:39;TA=C;MT=Fixed	NT=Oxidation;AC=UNIMOD:35;TA=M;MT=Variable	NT=TMTpro;AC=UNIMOD:2016;TA=K;MT=Fixed	NT=TMTpro;AC=UNIMOD:2016;PP=Any N-term;MT=Fixed	4 hour	IPC T2
set1-R26	Rattus norvegicus	heart	2	not applicable	tissue	4 hour	IPC T2	adult	not available	not available	yes	Lumos_220614_70-TMT129N	proteomic profiling by mass spectrometry	1	Lumos_220614_70.raw	v1.1.0	NT=ms-proteomics;VV=v1.1.0	NT=vertebrates;VV=v1.1.0	manual curation	NT=Data-dependent acquisition;AC=PRIDE:0000627	NT=Orbitrap Fusion Lumos;AC=MS:1002732	NT=Trypsin;AC=MS:1001251	TMT129N	10	NT=higher energy beam-type collision-induced dissociation;AC=MS:1000422	5 ppm	0.6 Da	NT=dithiothreitol (DTT);AC=PRIDE:0000608	NT=methyl methanethiosulfonate (MMTS);AC=PRIDE:0000605	NT=Methylthio;AC=UNIMOD:39;TA=C;MT=Fixed	NT=Oxidation;AC=UNIMOD:35;TA=M;MT=Variable	NT=TMTpro;AC=UNIMOD:2016;TA=K;MT=Fixed	NT=TMTpro;AC=UNIMOD:2016;PP=Any N-term;MT=Fixed	4 hour	IPC T2
set1-R26	Rattus norvegicus	heart	2	not applicable	tissue	4 hour	IPC T2	adult	not available	not available	yes	Lumos_220614_71-TMT129N	proteomic profiling by mass spectrometry	1	Lumos_220614_71.raw	v1.1.0	NT=ms-proteomics;VV=v1.1.0	NT=vertebrates;VV=v1.1.0	manual curation	NT=Data-dependent acquisition;AC=PRIDE:0000627	NT=Orbitrap Fusion Lumos;AC=MS:1002732	NT=Trypsin;AC=MS:1001251	TMT129N	11	NT=higher energy beam-type collision-induced dissociation;AC=MS:1000422	5 ppm	0.6 Da	NT=dithiothreitol (DTT);AC=PRIDE:0000608	NT=methyl methanethiosulfonate (MMTS);AC=PRIDE:0000605	NT=Methylthio;AC=UNIMOD:39;TA=C;MT=Fixed	NT=Oxidation;AC=UNIMOD:35;TA=M;MT=Variable	NT=TMTpro;AC=UNIMOD:2016;TA=K;MT=Fixed	NT=TMTpro;AC=UNIMOD:2016;PP=Any N-term;MT=Fixed	4 hour	IPC T2
set1-R26	Rattus norvegicus	heart	2	not applicable	tissue	4 hour	IPC T2	adult	not available	not available	yes	Lumos_220614_72-TMT129N	proteomic profiling by mass spectrometry	1	Lumos_220614_72.raw	v1.1.0	NT=ms-proteomics;VV=v1.1.0	NT=vertebrates;VV=v1.1.0	manual curation	NT=Data-dependent acquisition;AC=PRIDE:0000627	NT=Orbitrap Fusion Lumos;AC=MS:1002732	NT=Trypsin;AC=MS:1001251	TMT129N	12	NT=higher energy beam-type collision-induced dissociation;AC=MS:1000422	5 ppm	0.6 Da	NT=dithiothreitol (DTT);AC=PRIDE:0000608	NT=methyl methanethiosulfonate (MMTS);AC=PRIDE:0000605	NT=Methylthio;AC=UNIMOD:39;TA=C;MT=Fixed	NT=Oxidation;AC=UNIMOD:35;TA=M;MT=Variable	NT=TMTpro;AC=UNIMOD:2016;TA=K;MT=Fixed	NT=TMTpro;AC=UNIMOD:2016;PP=Any N-term;MT=Fixed	4 hour	IPC T2
set1-R26	Rattus norvegicus	heart	2	not applicable	tissue	4 hour	IPC T2	adult	not available	not available	yes	Lumos_220614_73-TMT129N	proteomic profiling by mass spectrometry	1	Lumos_220614_73.raw	v1.1.0	NT=ms-proteomics;VV=v1.1.0	NT=vertebrates;VV=v1.1.0	manual curation	NT=Data-dependent acquisition;AC=PRIDE:0000627	NT=Orbitrap Fusion Lumos;AC=MS:1002732	NT=Trypsin;AC=MS:1001251	TMT129N	13	NT=higher energy beam-type collision-induced dissociation;AC=MS:1000422	5 ppm	0.6 Da	NT=dithiothreitol (DTT);AC=PRIDE:0000608	NT=methyl methanethiosulfonate (MMTS);AC=PRIDE:0000605	NT=Methylthio;AC=UNIMOD:39;TA=C;MT=Fixed	NT=Oxidation;AC=UNIMOD:35;TA=M;MT=Variable	NT=TMTpro;AC=UNIMOD:2016;TA=K;MT=Fixed	NT=TMTpro;AC=UNIMOD:2016;PP=Any N-term;MT=Fixed	4 hour	IPC T2
set1-R26	Rattus norvegicus	heart	2	not applicable	tissue	4 hour	IPC T2	adult	not available	not available	yes	Lumos_220614_74-TMT129N	proteomic profiling by mass spectrometry	1	Lumos_220614_74.raw	v1.1.0	NT=ms-proteomics;VV=v1.1.0	NT=vertebrates;VV=v1.1.0	manual curation	NT=Data-dependent acquisition;AC=PRIDE:0000627	NT=Orbitrap Fusion Lumos;AC=MS:1002732	NT=Trypsin;AC=MS:1001251	TMT129N	14	NT=higher energy beam-type collision-induced dissociation;AC=MS:1000422	5 ppm	0.6 Da	NT=dithiothreitol (DTT);AC=PRIDE:0000608	NT=methyl methanethiosulfonate (MMTS);AC=PRIDE:0000605	NT=Methylthio;AC=UNIMOD:39;TA=C;MT=Fixed	NT=Oxidation;AC=UNIMOD:35;TA=M;MT=Variable	NT=TMTpro;AC=UNIMOD:2016;TA=K;MT=Fixed	NT=TMTpro;AC=UNIMOD:2016;PP=Any N-term;MT=Fixed	4 hour	IPC T2
set1-R26	Rattus norvegicus	heart	2	not applicable	tissue	4 hour	IPC T2	adult	not available	not available	yes	Lumos_220614_75-TMT129N	proteomic profiling by mass spectrometry	1	Lumos_220614_75.raw	v1.1.0	NT=ms-proteomics;VV=v1.1.0	NT=vertebrates;VV=v1.1.0	manual curation	NT=Data-dependent acquisition;AC=PRIDE:0000627	NT=Orbitrap Fusion Lumos;AC=MS:1002732	NT=Trypsin;AC=MS:1001251	TMT129N	15	NT=higher energy beam-type collision-induced dissociation;AC=MS:1000422	5 ppm	0.6 Da	NT=dithiothreitol (DTT);AC=PRIDE:0000608	NT=methyl methanethiosulfonate (MMTS);AC=PRIDE:0000605	NT=Methylthio;AC=UNIMOD:39;TA=C;MT=Fixed	NT=Oxidation;AC=UNIMOD:35;TA=M;MT=Variable	NT=TMTpro;AC=UNIMOD:2016;TA=K;MT=Fixed	NT=TMTpro;AC=UNIMOD:2016;PP=Any N-term;MT=Fixed	4 hour	IPC T2
set1-R26	Rattus norvegicus	heart	2	not applicable	tissue	4 hour	IPC T2	adult	not available	not available	yes	Lumos_220614_76-TMT129N	proteomic profiling by mass spectrometry	1	Lumos_220614_76.raw	v1.1.0	NT=ms-proteomics;VV=v1.1.0	NT=vertebrates;VV=v1.1.0	manual curation	NT=Data-dependent acquisition;AC=PRIDE:0000627	NT=Orbitrap Fusion Lumos;AC=MS:1002732	NT=Trypsin;AC=MS:1001251	TMT129N	16	NT=higher energy beam-type collision-induced dissociation;AC=MS:1000422	5 ppm	0.6 Da	NT=dithiothreitol (DTT);AC=PRIDE:0000608	NT=methyl methanethiosulfonate (MMTS);AC=PRIDE:0000605	NT=Methylthio;AC=UNIMOD:39;TA=C;MT=Fixed	NT=Oxidation;AC=UNIMOD:35;TA=M;MT=Variable	NT=TMTpro;AC=UNIMOD:2016;TA=K;MT=Fixed	NT=TMTpro;AC=UNIMOD:2016;PP=Any N-term;MT=Fixed	4 hour	IPC T2
set1-R26	Rattus norvegicus	heart	2	not applicable	tissue	4 hour	IPC T2	adult	not available	not available	yes	Lumos_220614_77-TMT129N	proteomic profiling by mass spectrometry	1	Lumos_220614_77.raw	v1.1.0	NT=ms-proteomics;VV=v1.1.0	NT=vertebrates;VV=v1.1.0	manual curation	NT=Data-dependent acquisition;AC=PRIDE:0000627	NT=Orbitrap Fusion Lumos;AC=MS:1002732	NT=Trypsin;AC=MS:1001251	TMT129N	17	NT=higher energy beam-type collision-induced dissociation;AC=MS:1000422	5 ppm	0.6 Da	NT=dithiothreitol (DTT);AC=PRIDE:0000608	NT=methyl methanethiosulfonate (MMTS);AC=PRIDE:0000605	NT=Methylthio;AC=UNIMOD:39;TA=C;MT=Fixed	NT=Oxidation;AC=UNIMOD:35;TA=M;MT=Variable	NT=TMTpro;AC=UNIMOD:2016;TA=K;MT=Fixed	NT=TMTpro;AC=UNIMOD:2016;PP=Any N-term;MT=Fixed	4 hour	IPC T2
set1-R26	Rattus norvegicus	heart	2	not applicable	tissue	4 hour	IPC T2	adult	not available	not available	yes	Lumos_220614_78-TMT129N	proteomic profiling by mass spectrometry	1	Lumos_220614_78.raw	v1.1.0	NT=ms-proteomics;VV=v1.1.0	NT=vertebrates;VV=v1.1.0	manual curation	NT=Data-dependent acquisition;AC=PRIDE:0000627	NT=Orbitrap Fusion Lumos;AC=MS:1002732	NT=Trypsin;AC=MS:1001251	TMT129N	18	NT=higher energy beam-type collision-induced dissociation;AC=MS:1000422	5 ppm	0.6 Da	NT=dithiothreitol (DTT);AC=PRIDE:0000608	NT=methyl methanethiosulfonate (MMTS);AC=PRIDE:0000605	NT=Methylthio;AC=UNIMOD:39;TA=C;MT=Fixed	NT=Oxidation;AC=UNIMOD:35;TA=M;MT=Variable	NT=TMTpro;AC=UNIMOD:2016;TA=K;MT=Fixed	NT=TMTpro;AC=UNIMOD:2016;PP=Any N-term;MT=Fixed	4 hour	IPC T2
set1-R26	Rattus norvegicus	heart	2	not applicable	tissue	4 hour	IPC T2	adult	not available	not available	yes	Lumos_220614_79-TMT129N	proteomic profiling by mass spectrometry	1	Lumos_220614_79.raw	v1.1.0	NT=ms-proteomics;VV=v1.1.0	NT=vertebrates;VV=v1.1.0	manual curation	NT=Data-dependent acquisition;AC=PRIDE:0000627	NT=Orbitrap Fusion Lumos;AC=MS:1002732	NT=Trypsin;AC=MS:1001251	TMT129N	19	NT=higher energy beam-type collision-induced dissociation;AC=MS:1000422	5 ppm	0.6 Da	NT=dithiothreitol (DTT);AC=PRIDE:0000608	NT=methyl methanethiosulfonate (MMTS);AC=PRIDE:0000605	NT=Methylthio;AC=UNIMOD:39;TA=C;MT=Fixed	NT=Oxidation;AC=UNIMOD:35;TA=M;MT=Variable	NT=TMTpro;AC=UNIMOD:2016;TA=K;MT=Fixed	NT=TMTpro;AC=UNIMOD:2016;PP=Any N-term;MT=Fixed	4 hour	IPC T2
set1-R26	Rattus norvegicus	heart	2	not applicable	tissue	4 hour	IPC T2	adult	not available	not available	yes	Lumos_220614_80-TMT129N	proteomic profiling by mass spectrometry	1	Lumos_220614_80.raw	v1.1.0	NT=ms-proteomics;VV=v1.1.0	NT=vertebrates;VV=v1.1.0	manual curation	NT=Data-dependent acquisition;AC=PRIDE:0000627	NT=Orbitrap Fusion Lumos;AC=MS:1002732	NT=Trypsin;AC=MS:1001251	TMT129N	20	NT=higher energy beam-type collision-induced dissociation;AC=MS:1000422	5 ppm	0.6 Da	NT=dithiothreitol (DTT);AC=PRIDE:0000608	NT=methyl methanethiosulfonate (MMTS);AC=PRIDE:0000605	NT=Methylthio;AC=UNIMOD:39;TA=C;MT=Fixed	NT=Oxidation;AC=UNIMOD:35;TA=M;MT=Variable	NT=TMTpro;AC=UNIMOD:2016;TA=K;MT=Fixed	NT=TMTpro;AC=UNIMOD:2016;PP=Any N-term;MT=Fixed	4 hour	IPC T2
set1-R26	Rattus norvegicus	heart	2	not applicable	tissue	4 hour	IPC T2	adult	not available	not available	yes	Lumos_220614_81-TMT129N	proteomic profiling by mass spectrometry	1	Lumos_220614_81.raw	v1.1.0	NT=ms-proteomics;VV=v1.1.0	NT=vertebrates;VV=v1.1.0	manual curation	NT=Data-dependent acquisition;AC=PRIDE:0000627	NT=Orbitrap Fusion Lumos;AC=MS:1002732	NT=Trypsin;AC=MS:1001251	TMT129N	21	NT=higher energy beam-type collision-induced dissociation;AC=MS:1000422	5 ppm	0.6 Da	NT=dithiothreitol (DTT);AC=PRIDE:0000608	NT=methyl methanethiosulfonate (MMTS);AC=PRIDE:0000605	NT=Methylthio;AC=UNIMOD:39;TA=C;MT=Fixed	NT=Oxidation;AC=UNIMOD:35;TA=M;MT=Variable	NT=TMTpro;AC=UNIMOD:2016;TA=K;MT=Fixed	NT=TMTpro;AC=UNIMOD:2016;PP=Any N-term;MT=Fixed	4 hour	IPC T2
set1-R26	Rattus norvegicus	heart	2	not applicable	tissue	4 hour	IPC T2	adult	not available	not available	yes	Lumos_220614_82-TMT129N	proteomic profiling by mass spectrometry	1	Lumos_220614_82.raw	v1.1.0	NT=ms-proteomics;VV=v1.1.0	NT=vertebrates;VV=v1.1.0	manual curation	NT=Data-dependent acquisition;AC=PRIDE:0000627	NT=Orbitrap Fusion Lumos;AC=MS:1002732	NT=Trypsin;AC=MS:1001251	TMT129N	22	NT=higher energy beam-type collision-induced dissociation;AC=MS:1000422	5 ppm	0.6 Da	NT=dithiothreitol (DTT);AC=PRIDE:0000608	NT=methyl methanethiosulfonate (MMTS);AC=PRIDE:0000605	NT=Methylthio;AC=UNIMOD:39;TA=C;MT=Fixed	NT=Oxidation;AC=UNIMOD:35;TA=M;MT=Variable	NT=TMTpro;AC=UNIMOD:2016;TA=K;MT=Fixed	NT=TMTpro;AC=UNIMOD:2016;PP=Any N-term;MT=Fixed	4 hour	IPC T2
set1-R26	Rattus norvegicus	heart	2	not applicable	tissue	4 hour	IPC T2	adult	not available	not available	yes	Lumos_220614_83-TMT129N	proteomic profiling by mass spectrometry	1	Lumos_220614_83.raw	v1.1.0	NT=ms-proteomics;VV=v1.1.0	NT=vertebrates;VV=v1.1.0	manual curation	NT=Data-dependent acquisition;AC=PRIDE:0000627	NT=Orbitrap Fusion Lumos;AC=MS:1002732	NT=Trypsin;AC=MS:1001251	TMT129N	23	NT=higher energy beam-type collision-induced dissociation;AC=MS:1000422	5 ppm	0.6 Da	NT=dithiothreitol (DTT);AC=PRIDE:0000608	NT=methyl methanethiosulfonate (MMTS);AC=PRIDE:0000605	NT=Methylthio;AC=UNIMOD:39;TA=C;MT=Fixed	NT=Oxidation;AC=UNIMOD:35;TA=M;MT=Variable	NT=TMTpro;AC=UNIMOD:2016;TA=K;MT=Fixed	NT=TMTpro;AC=UNIMOD:2016;PP=Any N-term;MT=Fixed	4 hour	IPC T2
set1-R33	Rattus norvegicus	heart	3	not applicable	tissue	4 hour	IPC T2	adult	not available	not available	yes	Lumos_220614_61-TMT129C	proteomic profiling by mass spectrometry	1	Lumos_220614_61.raw	v1.1.0	NT=ms-proteomics;VV=v1.1.0	NT=vertebrates;VV=v1.1.0	manual curation	NT=Data-dependent acquisition;AC=PRIDE:0000627	NT=Orbitrap Fusion Lumos;AC=MS:1002732	NT=Trypsin;AC=MS:1001251	TMT129C	1	NT=higher energy beam-type collision-induced dissociation;AC=MS:1000422	5 ppm	0.6 Da	NT=dithiothreitol (DTT);AC=PRIDE:0000608	NT=methyl methanethiosulfonate (MMTS);AC=PRIDE:0000605	NT=Methylthio;AC=UNIMOD:39;TA=C;MT=Fixed	NT=Oxidation;AC=UNIMOD:35;TA=M;MT=Variable	NT=TMTpro;AC=UNIMOD:2016;TA=K;MT=Fixed	NT=TMTpro;AC=UNIMOD:2016;PP=Any N-term;MT=Fixed	4 hour	IPC T2
set1-R33	Rattus norvegicus	heart	3	not applicable	tissue	4 hour	IPC T2	adult	not available	not available	yes	Lumos_220614_62-TMT129C	proteomic profiling by mass spectrometry	1	Lumos_220614_62.raw	v1.1.0	NT=ms-proteomics;VV=v1.1.0	NT=vertebrates;VV=v1.1.0	manual curation	NT=Data-dependent acquisition;AC=PRIDE:0000627	NT=Orbitrap Fusion Lumos;AC=MS:1002732	NT=Trypsin;AC=MS:1001251	TMT129C	2	NT=higher energy beam-type collision-induced dissociation;AC=MS:1000422	5 ppm	0.6 Da	NT=dithiothreitol (DTT);AC=PRIDE:0000608	NT=methyl methanethiosulfonate (MMTS);AC=PRIDE:0000605	NT=Methylthio;AC=UNIMOD:39;TA=C;MT=Fixed	NT=Oxidation;AC=UNIMOD:35;TA=M;MT=Variable	NT=TMTpro;AC=UNIMOD:2016;TA=K;MT=Fixed	NT=TMTpro;AC=UNIMOD:2016;PP=Any N-term;MT=Fixed	4 hour	IPC T2
set1-R33	Rattus norvegicus	heart	3	not applicable	tissue	4 hour	IPC T2	adult	not available	not available	yes	Lumos_220614_63-TMT129C	proteomic profiling by mass spectrometry	1	Lumos_220614_63.raw	v1.1.0	NT=ms-proteomics;VV=v1.1.0	NT=vertebrates;VV=v1.1.0	manual curation	NT=Data-dependent acquisition;AC=PRIDE:0000627	NT=Orbitrap Fusion Lumos;AC=MS:1002732	NT=Trypsin;AC=MS:1001251	TMT129C	3	NT=higher energy beam-type collision-induced dissociation;AC=MS:1000422	5 ppm	0.6 Da	NT=dithiothreitol (DTT);AC=PRIDE:0000608	NT=methyl methanethiosulfonate (MMTS);AC=PRIDE:0000605	NT=Methylthio;AC=UNIMOD:39;TA=C;MT=Fixed	NT=Oxidation;AC=UNIMOD:35;TA=M;MT=Variable	NT=TMTpro;AC=UNIMOD:2016;TA=K;MT=Fixed	NT=TMTpro;AC=UNIMOD:2016;PP=Any N-term;MT=Fixed	4 hour	IPC T2
set1-R33	Rattus norvegicus	heart	3	not applicable	tissue	4 hour	IPC T2	adult	not available	not available	yes	Lumos_220614_64-TMT129C	proteomic profiling by mass spectrometry	1	Lumos_220614_64.raw	v1.1.0	NT=ms-proteomics;VV=v1.1.0	NT=vertebrates;VV=v1.1.0	manual curation	NT=Data-dependent acquisition;AC=PRIDE:0000627	NT=Orbitrap Fusion Lumos;AC=MS:1002732	NT=Trypsin;AC=MS:1001251	TMT129C	4	NT=higher energy beam-type collision-induced dissociation;AC=MS:1000422	5 ppm	0.6 Da	NT=dithiothreitol (DTT);AC=PRIDE:0000608	NT=methyl methanethiosulfonate (MMTS);AC=PRIDE:0000605	NT=Methylthio;AC=UNIMOD:39;TA=C;MT=Fixed	NT=Oxidation;AC=UNIMOD:35;TA=M;MT=Variable	NT=TMTpro;AC=UNIMOD:2016;TA=K;MT=Fixed	NT=TMTpro;AC=UNIMOD:2016;PP=Any N-term;MT=Fixed	4 hour	IPC T2
set1-R33	Rattus norvegicus	heart	3	not applicable	tissue	4 hour	IPC T2	adult	not available	not available	yes	Lumos_220614_65-TMT129C	proteomic profiling by mass spectrometry	1	Lumos_220614_65.raw	v1.1.0	NT=ms-proteomics;VV=v1.1.0	NT=vertebrates;VV=v1.1.0	manual curation	NT=Data-dependent acquisition;AC=PRIDE:0000627	NT=Orbitrap Fusion Lumos;AC=MS:1002732	NT=Trypsin;AC=MS:1001251	TMT129C	5	NT=higher energy beam-type collision-induced dissociation;AC=MS:1000422	5 ppm	0.6 Da	NT=dithiothreitol (DTT);AC=PRIDE:0000608	NT=methyl methanethiosulfonate (MMTS);AC=PRIDE:0000605	NT=Methylthio;AC=UNIMOD:39;TA=C;MT=Fixed	NT=Oxidation;AC=UNIMOD:35;TA=M;MT=Variable	NT=TMTpro;AC=UNIMOD:2016;TA=K;MT=Fixed	NT=TMTpro;AC=UNIMOD:2016;PP=Any N-term;MT=Fixed	4 hour	IPC T2
set1-R33	Rattus norvegicus	heart	3	not applicable	tissue	4 hour	IPC T2	adult	not available	not available	yes	Lumos_220614_66-TMT129C	proteomic profiling by mass spectrometry	1	Lumos_220614_66.raw	v1.1.0	NT=ms-proteomics;VV=v1.1.0	NT=vertebrates;VV=v1.1.0	manual curation	NT=Data-dependent acquisition;AC=PRIDE:0000627	NT=Orbitrap Fusion Lumos;AC=MS:1002732	NT=Trypsin;AC=MS:1001251	TMT129C	6	NT=higher energy beam-type collision-induced dissociation;AC=MS:1000422	5 ppm	0.6 Da	NT=dithiothreitol (DTT);AC=PRIDE:0000608	NT=methyl methanethiosulfonate (MMTS);AC=PRIDE:0000605	NT=Methylthio;AC=UNIMOD:39;TA=C;MT=Fixed	NT=Oxidation;AC=UNIMOD:35;TA=M;MT=Variable	NT=TMTpro;AC=UNIMOD:2016;TA=K;MT=Fixed	NT=TMTpro;AC=UNIMOD:2016;PP=Any N-term;MT=Fixed	4 hour	IPC T2
set1-R33	Rattus norvegicus	heart	3	not applicable	tissue	4 hour	IPC T2	adult	not available	not available	yes	Lumos_220614_67-TMT129C	proteomic profiling by mass spectrometry	1	Lumos_220614_67.raw	v1.1.0	NT=ms-proteomics;VV=v1.1.0	NT=vertebrates;VV=v1.1.0	manual curation	NT=Data-dependent acquisition;AC=PRIDE:0000627	NT=Orbitrap Fusion Lumos;AC=MS:1002732	NT=Trypsin;AC=MS:1001251	TMT129C	7	NT=higher energy beam-type collision-induced dissociation;AC=MS:1000422	5 ppm	0.6 Da	NT=dithiothreitol (DTT);AC=PRIDE:0000608	NT=methyl methanethiosulfonate (MMTS);AC=PRIDE:0000605	NT=Methylthio;AC=UNIMOD:39;TA=C;MT=Fixed	NT=Oxidation;AC=UNIMOD:35;TA=M;MT=Variable	NT=TMTpro;AC=UNIMOD:2016;TA=K;MT=Fixed	NT=TMTpro;AC=UNIMOD:2016;PP=Any N-term;MT=Fixed	4 hour	IPC T2
set1-R33	Rattus norvegicus	heart	3	not applicable	tissue	4 hour	IPC T2	adult	not available	not available	yes	Lumos_220614_68-TMT129C	proteomic profiling by mass spectrometry	1	Lumos_220614_68.raw	v1.1.0	NT=ms-proteomics;VV=v1.1.0	NT=vertebrates;VV=v1.1.0	manual curation	NT=Data-dependent acquisition;AC=PRIDE:0000627	NT=Orbitrap Fusion Lumos;AC=MS:1002732	NT=Trypsin;AC=MS:1001251	TMT129C	8	NT=higher energy beam-type collision-induced dissociation;AC=MS:1000422	5 ppm	0.6 Da	NT=dithiothreitol (DTT);AC=PRIDE:0000608	NT=methyl methanethiosulfonate (MMTS);AC=PRIDE:0000605	NT=Methylthio;AC=UNIMOD:39;TA=C;MT=Fixed	NT=Oxidation;AC=UNIMOD:35;TA=M;MT=Variable	NT=TMTpro;AC=UNIMOD:2016;TA=K;MT=Fixed	NT=TMTpro;AC=UNIMOD:2016;PP=Any N-term;MT=Fixed	4 hour	IPC T2
set1-R33	Rattus norvegicus	heart	3	not applicable	tissue	4 hour	IPC T2	adult	not available	not available	yes	Lumos_220614_69-TMT129C	proteomic profiling by mass spectrometry	1	Lumos_220614_69.raw	v1.1.0	NT=ms-proteomics;VV=v1.1.0	NT=vertebrates;VV=v1.1.0	manual curation	NT=Data-dependent acquisition;AC=PRIDE:0000627	NT=Orbitrap Fusion Lumos;AC=MS:1002732	NT=Trypsin;AC=MS:1001251	TMT129C	9	NT=higher energy beam-type collision-induced dissociation;AC=MS:1000422	5 ppm	0.6 Da	NT=dithiothreitol (DTT);AC=PRIDE:0000608	NT=methyl methanethiosulfonate (MMTS);AC=PRIDE:0000605	NT=Methylthio;AC=UNIMOD:39;TA=C;MT=Fixed	NT=Oxidation;AC=UNIMOD:35;TA=M;MT=Variable	NT=TMTpro;AC=UNIMOD:2016;TA=K;MT=Fixed	NT=TMTpro;AC=UNIMOD:2016;PP=Any N-term;MT=Fixed	4 hour	IPC T2
set1-R33	Rattus norvegicus	heart	3	not applicable	tissue	4 hour	IPC T2	adult	not available	not available	yes	Lumos_220614_70-TMT129C	proteomic profiling by mass spectrometry	1	Lumos_220614_70.raw	v1.1.0	NT=ms-proteomics;VV=v1.1.0	NT=vertebrates;VV=v1.1.0	manual curation	NT=Data-dependent acquisition;AC=PRIDE:0000627	NT=Orbitrap Fusion Lumos;AC=MS:1002732	NT=Trypsin;AC=MS:1001251	TMT129C	10	NT=higher energy beam-type collision-induced dissociation;AC=MS:1000422	5 ppm	0.6 Da	NT=dithiothreitol (DTT);AC=PRIDE:0000608	NT=methyl methanethiosulfonate (MMTS);AC=PRIDE:0000605	NT=Methylthio;AC=UNIMOD:39;TA=C;MT=Fixed	NT=Oxidation;AC=UNIMOD:35;TA=M;MT=Variable	NT=TMTpro;AC=UNIMOD:2016;TA=K;MT=Fixed	NT=TMTpro;AC=UNIMOD:2016;PP=Any N-term;MT=Fixed	4 hour	IPC T2
set1-R33	Rattus norvegicus	heart	3	not applicable	tissue	4 hour	IPC T2	adult	not available	not available	yes	Lumos_220614_71-TMT129C	proteomic profiling by mass spectrometry	1	Lumos_220614_71.raw	v1.1.0	NT=ms-proteomics;VV=v1.1.0	NT=vertebrates;VV=v1.1.0	manual curation	NT=Data-dependent acquisition;AC=PRIDE:0000627	NT=Orbitrap Fusion Lumos;AC=MS:1002732	NT=Trypsin;AC=MS:1001251	TMT129C	11	NT=higher energy beam-type collision-induced dissociation;AC=MS:1000422	5 ppm	0.6 Da	NT=dithiothreitol (DTT);AC=PRIDE:0000608	NT=methyl methanethiosulfonate (MMTS);AC=PRIDE:0000605	NT=Methylthio;AC=UNIMOD:39;TA=C;MT=Fixed	NT=Oxidation;AC=UNIMOD:35;TA=M;MT=Variable	NT=TMTpro;AC=UNIMOD:2016;TA=K;MT=Fixed	NT=TMTpro;AC=UNIMOD:2016;PP=Any N-term;MT=Fixed	4 hour	IPC T2
set1-R33	Rattus norvegicus	heart	3	not applicable	tissue	4 hour	IPC T2	adult	not available	not available	yes	Lumos_220614_72-TMT129C	proteomic profiling by mass spectrometry	1	Lumos_220614_72.raw	v1.1.0	NT=ms-proteomics;VV=v1.1.0	NT=vertebrates;VV=v1.1.0	manual curation	NT=Data-dependent acquisition;AC=PRIDE:0000627	NT=Orbitrap Fusion Lumos;AC=MS:1002732	NT=Trypsin;AC=MS:1001251	TMT129C	12	NT=higher energy beam-type collision-induced dissociation;AC=MS:1000422	5 ppm	0.6 Da	NT=dithiothreitol (DTT);AC=PRIDE:0000608	NT=methyl methanethiosulfonate (MMTS);AC=PRIDE:0000605	NT=Methylthio;AC=UNIMOD:39;TA=C;MT=Fixed	NT=Oxidation;AC=UNIMOD:35;TA=M;MT=Variable	NT=TMTpro;AC=UNIMOD:2016;TA=K;MT=Fixed	NT=TMTpro;AC=UNIMOD:2016;PP=Any N-term;MT=Fixed	4 hour	IPC T2
set1-R33	Rattus norvegicus	heart	3	not applicable	tissue	4 hour	IPC T2	adult	not available	not available	yes	Lumos_220614_73-TMT129C	proteomic profiling by mass spectrometry	1	Lumos_220614_73.raw	v1.1.0	NT=ms-proteomics;VV=v1.1.0	NT=vertebrates;VV=v1.1.0	manual curation	NT=Data-dependent acquisition;AC=PRIDE:0000627	NT=Orbitrap Fusion Lumos;AC=MS:1002732	NT=Trypsin;AC=MS:1001251	TMT129C	13	NT=higher energy beam-type collision-induced dissociation;AC=MS:1000422	5 ppm	0.6 Da	NT=dithiothreitol (DTT);AC=PRIDE:0000608	NT=methyl methanethiosulfonate (MMTS);AC=PRIDE:0000605	NT=Methylthio;AC=UNIMOD:39;TA=C;MT=Fixed	NT=Oxidation;AC=UNIMOD:35;TA=M;MT=Variable	NT=TMTpro;AC=UNIMOD:2016;TA=K;MT=Fixed	NT=TMTpro;AC=UNIMOD:2016;PP=Any N-term;MT=Fixed	4 hour	IPC T2
set1-R33	Rattus norvegicus	heart	3	not applicable	tissue	4 hour	IPC T2	adult	not available	not available	yes	Lumos_220614_74-TMT129C	proteomic profiling by mass spectrometry	1	Lumos_220614_74.raw	v1.1.0	NT=ms-proteomics;VV=v1.1.0	NT=vertebrates;VV=v1.1.0	manual curation	NT=Data-dependent acquisition;AC=PRIDE:0000627	NT=Orbitrap Fusion Lumos;AC=MS:1002732	NT=Trypsin;AC=MS:1001251	TMT129C	14	NT=higher energy beam-type collision-induced dissociation;AC=MS:1000422	5 ppm	0.6 Da	NT=dithiothreitol (DTT);AC=PRIDE:0000608	NT=methyl methanethiosulfonate (MMTS);AC=PRIDE:0000605	NT=Methylthio;AC=UNIMOD:39;TA=C;MT=Fixed	NT=Oxidation;AC=UNIMOD:35;TA=M;MT=Variable	NT=TMTpro;AC=UNIMOD:2016;TA=K;MT=Fixed	NT=TMTpro;AC=UNIMOD:2016;PP=Any N-term;MT=Fixed	4 hour	IPC T2
set1-R33	Rattus norvegicus	heart	3	not applicable	tissue	4 hour	IPC T2	adult	not available	not available	yes	Lumos_220614_75-TMT129C	proteomic profiling by mass spectrometry	1	Lumos_220614_75.raw	v1.1.0	NT=ms-proteomics;VV=v1.1.0	NT=vertebrates;VV=v1.1.0	manual curation	NT=Data-dependent acquisition;AC=PRIDE:0000627	NT=Orbitrap Fusion Lumos;AC=MS:1002732	NT=Trypsin;AC=MS:1001251	TMT129C	15	NT=higher energy beam-type collision-induced dissociation;AC=MS:1000422	5 ppm	0.6 Da	NT=dithiothreitol (DTT);AC=PRIDE:0000608	NT=methyl methanethiosulfonate (MMTS);AC=PRIDE:0000605	NT=Methylthio;AC=UNIMOD:39;TA=C;MT=Fixed	NT=Oxidation;AC=UNIMOD:35;TA=M;MT=Variable	NT=TMTpro;AC=UNIMOD:2016;TA=K;MT=Fixed	NT=TMTpro;AC=UNIMOD:2016;PP=Any N-term;MT=Fixed	4 hour	IPC T2
set1-R33	Rattus norvegicus	heart	3	not applicable	tissue	4 hour	IPC T2	adult	not available	not available	yes	Lumos_220614_76-TMT129C	proteomic profiling by mass spectrometry	1	Lumos_220614_76.raw	v1.1.0	NT=ms-proteomics;VV=v1.1.0	NT=vertebrates;VV=v1.1.0	manual curation	NT=Data-dependent acquisition;AC=PRIDE:0000627	NT=Orbitrap Fusion Lumos;AC=MS:1002732	NT=Trypsin;AC=MS:1001251	TMT129C	16	NT=higher energy beam-type collision-induced dissociation;AC=MS:1000422	5 ppm	0.6 Da	NT=dithiothreitol (DTT);AC=PRIDE:0000608	NT=methyl methanethiosulfonate (MMTS);AC=PRIDE:0000605	NT=Methylthio;AC=UNIMOD:39;TA=C;MT=Fixed	NT=Oxidation;AC=UNIMOD:35;TA=M;MT=Variable	NT=TMTpro;AC=UNIMOD:2016;TA=K;MT=Fixed	NT=TMTpro;AC=UNIMOD:2016;PP=Any N-term;MT=Fixed	4 hour	IPC T2
set1-R33	Rattus norvegicus	heart	3	not applicable	tissue	4 hour	IPC T2	adult	not available	not available	yes	Lumos_220614_77-TMT129C	proteomic profiling by mass spectrometry	1	Lumos_220614_77.raw	v1.1.0	NT=ms-proteomics;VV=v1.1.0	NT=vertebrates;VV=v1.1.0	manual curation	NT=Data-dependent acquisition;AC=PRIDE:0000627	NT=Orbitrap Fusion Lumos;AC=MS:1002732	NT=Trypsin;AC=MS:1001251	TMT129C	17	NT=higher energy beam-type collision-induced dissociation;AC=MS:1000422	5 ppm	0.6 Da	NT=dithiothreitol (DTT);AC=PRIDE:0000608	NT=methyl methanethiosulfonate (MMTS);AC=PRIDE:0000605	NT=Methylthio;AC=UNIMOD:39;TA=C;MT=Fixed	NT=Oxidation;AC=UNIMOD:35;TA=M;MT=Variable	NT=TMTpro;AC=UNIMOD:2016;TA=K;MT=Fixed	NT=TMTpro;AC=UNIMOD:2016;PP=Any N-term;MT=Fixed	4 hour	IPC T2
set1-R33	Rattus norvegicus	heart	3	not applicable	tissue	4 hour	IPC T2	adult	not available	not available	yes	Lumos_220614_78-TMT129C	proteomic profiling by mass spectrometry	1	Lumos_220614_78.raw	v1.1.0	NT=ms-proteomics;VV=v1.1.0	NT=vertebrates;VV=v1.1.0	manual curation	NT=Data-dependent acquisition;AC=PRIDE:0000627	NT=Orbitrap Fusion Lumos;AC=MS:1002732	NT=Trypsin;AC=MS:1001251	TMT129C	18	NT=higher energy beam-type collision-induced dissociation;AC=MS:1000422	5 ppm	0.6 Da	NT=dithiothreitol (DTT);AC=PRIDE:0000608	NT=methyl methanethiosulfonate (MMTS);AC=PRIDE:0000605	NT=Methylthio;AC=UNIMOD:39;TA=C;MT=Fixed	NT=Oxidation;AC=UNIMOD:35;TA=M;MT=Variable	NT=TMTpro;AC=UNIMOD:2016;TA=K;MT=Fixed	NT=TMTpro;AC=UNIMOD:2016;PP=Any N-term;MT=Fixed	4 hour	IPC T2
set1-R33	Rattus norvegicus	heart	3	not applicable	tissue	4 hour	IPC T2	adult	not available	not available	yes	Lumos_220614_79-TMT129C	proteomic profiling by mass spectrometry	1	Lumos_220614_79.raw	v1.1.0	NT=ms-proteomics;VV=v1.1.0	NT=vertebrates;VV=v1.1.0	manual curation	NT=Data-dependent acquisition;AC=PRIDE:0000627	NT=Orbitrap Fusion Lumos;AC=MS:1002732	NT=Trypsin;AC=MS:1001251	TMT129C	19	NT=higher energy beam-type collision-induced dissociation;AC=MS:1000422	5 ppm	0.6 Da	NT=dithiothreitol (DTT);AC=PRIDE:0000608	NT=methyl methanethiosulfonate (MMTS);AC=PRIDE:0000605	NT=Methylthio;AC=UNIMOD:39;TA=C;MT=Fixed	NT=Oxidation;AC=UNIMOD:35;TA=M;MT=Variable	NT=TMTpro;AC=UNIMOD:2016;TA=K;MT=Fixed	NT=TMTpro;AC=UNIMOD:2016;PP=Any N-term;MT=Fixed	4 hour	IPC T2
set1-R33	Rattus norvegicus	heart	3	not applicable	tissue	4 hour	IPC T2	adult	not available	not available	yes	Lumos_220614_80-TMT129C	proteomic profiling by mass spectrometry	1	Lumos_220614_80.raw	v1.1.0	NT=ms-proteomics;VV=v1.1.0	NT=vertebrates;VV=v1.1.0	manual curation	NT=Data-dependent acquisition;AC=PRIDE:0000627	NT=Orbitrap Fusion Lumos;AC=MS:1002732	NT=Trypsin;AC=MS:1001251	TMT129C	20	NT=higher energy beam-type collision-induced dissociation;AC=MS:1000422	5 ppm	0.6 Da	NT=dithiothreitol (DTT);AC=PRIDE:0000608	NT=methyl methanethiosulfonate (MMTS);AC=PRIDE:0000605	NT=Methylthio;AC=UNIMOD:39;TA=C;MT=Fixed	NT=Oxidation;AC=UNIMOD:35;TA=M;MT=Variable	NT=TMTpro;AC=UNIMOD:2016;TA=K;MT=Fixed	NT=TMTpro;AC=UNIMOD:2016;PP=Any N-term;MT=Fixed	4 hour	IPC T2
set1-R33	Rattus norvegicus	heart	3	not applicable	tissue	4 hour	IPC T2	adult	not available	not available	yes	Lumos_220614_81-TMT129C	proteomic profiling by mass spectrometry	1	Lumos_220614_81.raw	v1.1.0	NT=ms-proteomics;VV=v1.1.0	NT=vertebrates;VV=v1.1.0	manual curation	NT=Data-dependent acquisition;AC=PRIDE:0000627	NT=Orbitrap Fusion Lumos;AC=MS:1002732	NT=Trypsin;AC=MS:1001251	TMT129C	21	NT=higher energy beam-type collision-induced dissociation;AC=MS:1000422	5 ppm	0.6 Da	NT=dithiothreitol (DTT);AC=PRIDE:0000608	NT=methyl methanethiosulfonate (MMTS);AC=PRIDE:0000605	NT=Methylthio;AC=UNIMOD:39;TA=C;MT=Fixed	NT=Oxidation;AC=UNIMOD:35;TA=M;MT=Variable	NT=TMTpro;AC=UNIMOD:2016;TA=K;MT=Fixed	NT=TMTpro;AC=UNIMOD:2016;PP=Any N-term;MT=Fixed	4 hour	IPC T2
set1-R33	Rattus norvegicus	heart	3	not applicable	tissue	4 hour	IPC T2	adult	not available	not available	yes	Lumos_220614_82-TMT129C	proteomic profiling by mass spectrometry	1	Lumos_220614_82.raw	v1.1.0	NT=ms-proteomics;VV=v1.1.0	NT=vertebrates;VV=v1.1.0	manual curation	NT=Data-dependent acquisition;AC=PRIDE:0000627	NT=Orbitrap Fusion Lumos;AC=MS:1002732	NT=Trypsin;AC=MS:1001251	TMT129C	22	NT=higher energy beam-type collision-induced dissociation;AC=MS:1000422	5 ppm	0.6 Da	NT=dithiothreitol (DTT);AC=PRIDE:0000608	NT=methyl methanethiosulfonate (MMTS);AC=PRIDE:0000605	NT=Methylthio;AC=UNIMOD:39;TA=C;MT=Fixed	NT=Oxidation;AC=UNIMOD:35;TA=M;MT=Variable	NT=TMTpro;AC=UNIMOD:2016;TA=K;MT=Fixed	NT=TMTpro;AC=UNIMOD:2016;PP=Any N-term;MT=Fixed	4 hour	IPC T2
set1-R33	Rattus norvegicus	heart	3	not applicable	tissue	4 hour	IPC T2	adult	not available	not available	yes	Lumos_220614_83-TMT129C	proteomic profiling by mass spectrometry	1	Lumos_220614_83.raw	v1.1.0	NT=ms-proteomics;VV=v1.1.0	NT=vertebrates;VV=v1.1.0	manual curation	NT=Data-dependent acquisition;AC=PRIDE:0000627	NT=Orbitrap Fusion Lumos;AC=MS:1002732	NT=Trypsin;AC=MS:1001251	TMT129C	23	NT=higher energy beam-type collision-induced dissociation;AC=MS:1000422	5 ppm	0.6 Da	NT=dithiothreitol (DTT);AC=PRIDE:0000608	NT=methyl methanethiosulfonate (MMTS);AC=PRIDE:0000605	NT=Methylthio;AC=UNIMOD:39;TA=C;MT=Fixed	NT=Oxidation;AC=UNIMOD:35;TA=M;MT=Variable	NT=TMTpro;AC=UNIMOD:2016;TA=K;MT=Fixed	NT=TMTpro;AC=UNIMOD:2016;PP=Any N-term;MT=Fixed	4 hour	IPC T2
set1-R3	Rattus norvegicus	heart	4	not applicable	tissue	4 hour	IPC T2	adult	not available	not available	yes	Lumos_220614_61-TMT130N	proteomic profiling by mass spectrometry	1	Lumos_220614_61.raw	v1.1.0	NT=ms-proteomics;VV=v1.1.0	NT=vertebrates;VV=v1.1.0	manual curation	NT=Data-dependent acquisition;AC=PRIDE:0000627	NT=Orbitrap Fusion Lumos;AC=MS:1002732	NT=Trypsin;AC=MS:1001251	TMT130N	1	NT=higher energy beam-type collision-induced dissociation;AC=MS:1000422	5 ppm	0.6 Da	NT=dithiothreitol (DTT);AC=PRIDE:0000608	NT=methyl methanethiosulfonate (MMTS);AC=PRIDE:0000605	NT=Methylthio;AC=UNIMOD:39;TA=C;MT=Fixed	NT=Oxidation;AC=UNIMOD:35;TA=M;MT=Variable	NT=TMTpro;AC=UNIMOD:2016;TA=K;MT=Fixed	NT=TMTpro;AC=UNIMOD:2016;PP=Any N-term;MT=Fixed	4 hour	IPC T2
set1-R3	Rattus norvegicus	heart	4	not applicable	tissue	4 hour	IPC T2	adult	not available	not available	yes	Lumos_220614_62-TMT130N	proteomic profiling by mass spectrometry	1	Lumos_220614_62.raw	v1.1.0	NT=ms-proteomics;VV=v1.1.0	NT=vertebrates;VV=v1.1.0	manual curation	NT=Data-dependent acquisition;AC=PRIDE:0000627	NT=Orbitrap Fusion Lumos;AC=MS:1002732	NT=Trypsin;AC=MS:1001251	TMT130N	2	NT=higher energy beam-type collision-induced dissociation;AC=MS:1000422	5 ppm	0.6 Da	NT=dithiothreitol (DTT);AC=PRIDE:0000608	NT=methyl methanethiosulfonate (MMTS);AC=PRIDE:0000605	NT=Methylthio;AC=UNIMOD:39;TA=C;MT=Fixed	NT=Oxidation;AC=UNIMOD:35;TA=M;MT=Variable	NT=TMTpro;AC=UNIMOD:2016;TA=K;MT=Fixed	NT=TMTpro;AC=UNIMOD:2016;PP=Any N-term;MT=Fixed	4 hour	IPC T2
set1-R3	Rattus norvegicus	heart	4	not applicable	tissue	4 hour	IPC T2	adult	not available	not available	yes	Lumos_220614_63-TMT130N	proteomic profiling by mass spectrometry	1	Lumos_220614_63.raw	v1.1.0	NT=ms-proteomics;VV=v1.1.0	NT=vertebrates;VV=v1.1.0	manual curation	NT=Data-dependent acquisition;AC=PRIDE:0000627	NT=Orbitrap Fusion Lumos;AC=MS:1002732	NT=Trypsin;AC=MS:1001251	TMT130N	3	NT=higher energy beam-type collision-induced dissociation;AC=MS:1000422	5 ppm	0.6 Da	NT=dithiothreitol (DTT);AC=PRIDE:0000608	NT=methyl methanethiosulfonate (MMTS);AC=PRIDE:0000605	NT=Methylthio;AC=UNIMOD:39;TA=C;MT=Fixed	NT=Oxidation;AC=UNIMOD:35;TA=M;MT=Variable	NT=TMTpro;AC=UNIMOD:2016;TA=K;MT=Fixed	NT=TMTpro;AC=UNIMOD:2016;PP=Any N-term;MT=Fixed	4 hour	IPC T2
set1-R3	Rattus norvegicus	heart	4	not applicable	tissue	4 hour	IPC T2	adult	not available	not available	yes	Lumos_220614_64-TMT130N	proteomic profiling by mass spectrometry	1	Lumos_220614_64.raw	v1.1.0	NT=ms-proteomics;VV=v1.1.0	NT=vertebrates;VV=v1.1.0	manual curation	NT=Data-dependent acquisition;AC=PRIDE:0000627	NT=Orbitrap Fusion Lumos;AC=MS:1002732	NT=Trypsin;AC=MS:1001251	TMT130N	4	NT=higher energy beam-type collision-induced dissociation;AC=MS:1000422	5 ppm	0.6 Da	NT=dithiothreitol (DTT);AC=PRIDE:0000608	NT=methyl methanethiosulfonate (MMTS);AC=PRIDE:0000605	NT=Methylthio;AC=UNIMOD:39;TA=C;MT=Fixed	NT=Oxidation;AC=UNIMOD:35;TA=M;MT=Variable	NT=TMTpro;AC=UNIMOD:2016;TA=K;MT=Fixed	NT=TMTpro;AC=UNIMOD:2016;PP=Any N-term;MT=Fixed	4 hour	IPC T2
set1-R3	Rattus norvegicus	heart	4	not applicable	tissue	4 hour	IPC T2	adult	not available	not available	yes	Lumos_220614_65-TMT130N	proteomic profiling by mass spectrometry	1	Lumos_220614_65.raw	v1.1.0	NT=ms-proteomics;VV=v1.1.0	NT=vertebrates;VV=v1.1.0	manual curation	NT=Data-dependent acquisition;AC=PRIDE:0000627	NT=Orbitrap Fusion Lumos;AC=MS:1002732	NT=Trypsin;AC=MS:1001251	TMT130N	5	NT=higher energy beam-type collision-induced dissociation;AC=MS:1000422	5 ppm	0.6 Da	NT=dithiothreitol (DTT);AC=PRIDE:0000608	NT=methyl methanethiosulfonate (MMTS);AC=PRIDE:0000605	NT=Methylthio;AC=UNIMOD:39;TA=C;MT=Fixed	NT=Oxidation;AC=UNIMOD:35;TA=M;MT=Variable	NT=TMTpro;AC=UNIMOD:2016;TA=K;MT=Fixed	NT=TMTpro;AC=UNIMOD:2016;PP=Any N-term;MT=Fixed	4 hour	IPC T2
set1-R3	Rattus norvegicus	heart	4	not applicable	tissue	4 hour	IPC T2	adult	not available	not available	yes	Lumos_220614_66-TMT130N	proteomic profiling by mass spectrometry	1	Lumos_220614_66.raw	v1.1.0	NT=ms-proteomics;VV=v1.1.0	NT=vertebrates;VV=v1.1.0	manual curation	NT=Data-dependent acquisition;AC=PRIDE:0000627	NT=Orbitrap Fusion Lumos;AC=MS:1002732	NT=Trypsin;AC=MS:1001251	TMT130N	6	NT=higher energy beam-type collision-induced dissociation;AC=MS:1000422	5 ppm	0.6 Da	NT=dithiothreitol (DTT);AC=PRIDE:0000608	NT=methyl methanethiosulfonate (MMTS);AC=PRIDE:0000605	NT=Methylthio;AC=UNIMOD:39;TA=C;MT=Fixed	NT=Oxidation;AC=UNIMOD:35;TA=M;MT=Variable	NT=TMTpro;AC=UNIMOD:2016;TA=K;MT=Fixed	NT=TMTpro;AC=UNIMOD:2016;PP=Any N-term;MT=Fixed	4 hour	IPC T2
set1-R3	Rattus norvegicus	heart	4	not applicable	tissue	4 hour	IPC T2	adult	not available	not available	yes	Lumos_220614_67-TMT130N	proteomic profiling by mass spectrometry	1	Lumos_220614_67.raw	v1.1.0	NT=ms-proteomics;VV=v1.1.0	NT=vertebrates;VV=v1.1.0	manual curation	NT=Data-dependent acquisition;AC=PRIDE:0000627	NT=Orbitrap Fusion Lumos;AC=MS:1002732	NT=Trypsin;AC=MS:1001251	TMT130N	7	NT=higher energy beam-type collision-induced dissociation;AC=MS:1000422	5 ppm	0.6 Da	NT=dithiothreitol (DTT);AC=PRIDE:0000608	NT=methyl methanethiosulfonate (MMTS);AC=PRIDE:0000605	NT=Methylthio;AC=UNIMOD:39;TA=C;MT=Fixed	NT=Oxidation;AC=UNIMOD:35;TA=M;MT=Variable	NT=TMTpro;AC=UNIMOD:2016;TA=K;MT=Fixed	NT=TMTpro;AC=UNIMOD:2016;PP=Any N-term;MT=Fixed	4 hour	IPC T2
set1-R3	Rattus norvegicus	heart	4	not applicable	tissue	4 hour	IPC T2	adult	not available	not available	yes	Lumos_220614_68-TMT130N	proteomic profiling by mass spectrometry	1	Lumos_220614_68.raw	v1.1.0	NT=ms-proteomics;VV=v1.1.0	NT=vertebrates;VV=v1.1.0	manual curation	NT=Data-dependent acquisition;AC=PRIDE:0000627	NT=Orbitrap Fusion Lumos;AC=MS:1002732	NT=Trypsin;AC=MS:1001251	TMT130N	8	NT=higher energy beam-type collision-induced dissociation;AC=MS:1000422	5 ppm	0.6 Da	NT=dithiothreitol (DTT);AC=PRIDE:0000608	NT=methyl methanethiosulfonate (MMTS);AC=PRIDE:0000605	NT=Methylthio;AC=UNIMOD:39;TA=C;MT=Fixed	NT=Oxidation;AC=UNIMOD:35;TA=M;MT=Variable	NT=TMTpro;AC=UNIMOD:2016;TA=K;MT=Fixed	NT=TMTpro;AC=UNIMOD:2016;PP=Any N-term;MT=Fixed	4 hour	IPC T2
set1-R3	Rattus norvegicus	heart	4	not applicable	tissue	4 hour	IPC T2	adult	not available	not available	yes	Lumos_220614_69-TMT130N	proteomic profiling by mass spectrometry	1	Lumos_220614_69.raw	v1.1.0	NT=ms-proteomics;VV=v1.1.0	NT=vertebrates;VV=v1.1.0	manual curation	NT=Data-dependent acquisition;AC=PRIDE:0000627	NT=Orbitrap Fusion Lumos;AC=MS:1002732	NT=Trypsin;AC=MS:1001251	TMT130N	9	NT=higher energy beam-type collision-induced dissociation;AC=MS:1000422	5 ppm	0.6 Da	NT=dithiothreitol (DTT);AC=PRIDE:0000608	NT=methyl methanethiosulfonate (MMTS);AC=PRIDE:0000605	NT=Methylthio;AC=UNIMOD:39;TA=C;MT=Fixed	NT=Oxidation;AC=UNIMOD:35;TA=M;MT=Variable	NT=TMTpro;AC=UNIMOD:2016;TA=K;MT=Fixed	NT=TMTpro;AC=UNIMOD:2016;PP=Any N-term;MT=Fixed	4 hour	IPC T2
set1-R3	Rattus norvegicus	heart	4	not applicable	tissue	4 hour	IPC T2	adult	not available	not available	yes	Lumos_220614_70-TMT130N	proteomic profiling by mass spectrometry	1	Lumos_220614_70.raw	v1.1.0	NT=ms-proteomics;VV=v1.1.0	NT=vertebrates;VV=v1.1.0	manual curation	NT=Data-dependent acquisition;AC=PRIDE:0000627	NT=Orbitrap Fusion Lumos;AC=MS:1002732	NT=Trypsin;AC=MS:1001251	TMT130N	10	NT=higher energy beam-type collision-induced dissociation;AC=MS:1000422	5 ppm	0.6 Da	NT=dithiothreitol (DTT);AC=PRIDE:0000608	NT=methyl methanethiosulfonate (MMTS);AC=PRIDE:0000605	NT=Methylthio;AC=UNIMOD:39;TA=C;MT=Fixed	NT=Oxidation;AC=UNIMOD:35;TA=M;MT=Variable	NT=TMTpro;AC=UNIMOD:2016;TA=K;MT=Fixed	NT=TMTpro;AC=UNIMOD:2016;PP=Any N-term;MT=Fixed	4 hour	IPC T2
set1-R3	Rattus norvegicus	heart	4	not applicable	tissue	4 hour	IPC T2	adult	not available	not available	yes	Lumos_220614_71-TMT130N	proteomic profiling by mass spectrometry	1	Lumos_220614_71.raw	v1.1.0	NT=ms-proteomics;VV=v1.1.0	NT=vertebrates;VV=v1.1.0	manual curation	NT=Data-dependent acquisition;AC=PRIDE:0000627	NT=Orbitrap Fusion Lumos;AC=MS:1002732	NT=Trypsin;AC=MS:1001251	TMT130N	11	NT=higher energy beam-type collision-induced dissociation;AC=MS:1000422	5 ppm	0.6 Da	NT=dithiothreitol (DTT);AC=PRIDE:0000608	NT=methyl methanethiosulfonate (MMTS);AC=PRIDE:0000605	NT=Methylthio;AC=UNIMOD:39;TA=C;MT=Fixed	NT=Oxidation;AC=UNIMOD:35;TA=M;MT=Variable	NT=TMTpro;AC=UNIMOD:2016;TA=K;MT=Fixed	NT=TMTpro;AC=UNIMOD:2016;PP=Any N-term;MT=Fixed	4 hour	IPC T2
set1-R3	Rattus norvegicus	heart	4	not applicable	tissue	4 hour	IPC T2	adult	not available	not available	yes	Lumos_220614_72-TMT130N	proteomic profiling by mass spectrometry	1	Lumos_220614_72.raw	v1.1.0	NT=ms-proteomics;VV=v1.1.0	NT=vertebrates;VV=v1.1.0	manual curation	NT=Data-dependent acquisition;AC=PRIDE:0000627	NT=Orbitrap Fusion Lumos;AC=MS:1002732	NT=Trypsin;AC=MS:1001251	TMT130N	12	NT=higher energy beam-type collision-induced dissociation;AC=MS:1000422	5 ppm	0.6 Da	NT=dithiothreitol (DTT);AC=PRIDE:0000608	NT=methyl methanethiosulfonate (MMTS);AC=PRIDE:0000605	NT=Methylthio;AC=UNIMOD:39;TA=C;MT=Fixed	NT=Oxidation;AC=UNIMOD:35;TA=M;MT=Variable	NT=TMTpro;AC=UNIMOD:2016;TA=K;MT=Fixed	NT=TMTpro;AC=UNIMOD:2016;PP=Any N-term;MT=Fixed	4 hour	IPC T2
set1-R3	Rattus norvegicus	heart	4	not applicable	tissue	4 hour	IPC T2	adult	not available	not available	yes	Lumos_220614_73-TMT130N	proteomic profiling by mass spectrometry	1	Lumos_220614_73.raw	v1.1.0	NT=ms-proteomics;VV=v1.1.0	NT=vertebrates;VV=v1.1.0	manual curation	NT=Data-dependent acquisition;AC=PRIDE:0000627	NT=Orbitrap Fusion Lumos;AC=MS:1002732	NT=Trypsin;AC=MS:1001251	TMT130N	13	NT=higher energy beam-type collision-induced dissociation;AC=MS:1000422	5 ppm	0.6 Da	NT=dithiothreitol (DTT);AC=PRIDE:0000608	NT=methyl methanethiosulfonate (MMTS);AC=PRIDE:0000605	NT=Methylthio;AC=UNIMOD:39;TA=C;MT=Fixed	NT=Oxidation;AC=UNIMOD:35;TA=M;MT=Variable	NT=TMTpro;AC=UNIMOD:2016;TA=K;MT=Fixed	NT=TMTpro;AC=UNIMOD:2016;PP=Any N-term;MT=Fixed	4 hour	IPC T2
set1-R3	Rattus norvegicus	heart	4	not applicable	tissue	4 hour	IPC T2	adult	not available	not available	yes	Lumos_220614_74-TMT130N	proteomic profiling by mass spectrometry	1	Lumos_220614_74.raw	v1.1.0	NT=ms-proteomics;VV=v1.1.0	NT=vertebrates;VV=v1.1.0	manual curation	NT=Data-dependent acquisition;AC=PRIDE:0000627	NT=Orbitrap Fusion Lumos;AC=MS:1002732	NT=Trypsin;AC=MS:1001251	TMT130N	14	NT=higher energy beam-type collision-induced dissociation;AC=MS:1000422	5 ppm	0.6 Da	NT=dithiothreitol (DTT);AC=PRIDE:0000608	NT=methyl methanethiosulfonate (MMTS);AC=PRIDE:0000605	NT=Methylthio;AC=UNIMOD:39;TA=C;MT=Fixed	NT=Oxidation;AC=UNIMOD:35;TA=M;MT=Variable	NT=TMTpro;AC=UNIMOD:2016;TA=K;MT=Fixed	NT=TMTpro;AC=UNIMOD:2016;PP=Any N-term;MT=Fixed	4 hour	IPC T2
set1-R3	Rattus norvegicus	heart	4	not applicable	tissue	4 hour	IPC T2	adult	not available	not available	yes	Lumos_220614_75-TMT130N	proteomic profiling by mass spectrometry	1	Lumos_220614_75.raw	v1.1.0	NT=ms-proteomics;VV=v1.1.0	NT=vertebrates;VV=v1.1.0	manual curation	NT=Data-dependent acquisition;AC=PRIDE:0000627	NT=Orbitrap Fusion Lumos;AC=MS:1002732	NT=Trypsin;AC=MS:1001251	TMT130N	15	NT=higher energy beam-type collision-induced dissociation;AC=MS:1000422	5 ppm	0.6 Da	NT=dithiothreitol (DTT);AC=PRIDE:0000608	NT=methyl methanethiosulfonate (MMTS);AC=PRIDE:0000605	NT=Methylthio;AC=UNIMOD:39;TA=C;MT=Fixed	NT=Oxidation;AC=UNIMOD:35;TA=M;MT=Variable	NT=TMTpro;AC=UNIMOD:2016;TA=K;MT=Fixed	NT=TMTpro;AC=UNIMOD:2016;PP=Any N-term;MT=Fixed	4 hour	IPC T2
set1-R3	Rattus norvegicus	heart	4	not applicable	tissue	4 hour	IPC T2	adult	not available	not available	yes	Lumos_220614_76-TMT130N	proteomic profiling by mass spectrometry	1	Lumos_220614_76.raw	v1.1.0	NT=ms-proteomics;VV=v1.1.0	NT=vertebrates;VV=v1.1.0	manual curation	NT=Data-dependent acquisition;AC=PRIDE:0000627	NT=Orbitrap Fusion Lumos;AC=MS:1002732	NT=Trypsin;AC=MS:1001251	TMT130N	16	NT=higher energy beam-type collision-induced dissociation;AC=MS:1000422	5 ppm	0.6 Da	NT=dithiothreitol (DTT);AC=PRIDE:0000608	NT=methyl methanethiosulfonate (MMTS);AC=PRIDE:0000605	NT=Methylthio;AC=UNIMOD:39;TA=C;MT=Fixed	NT=Oxidation;AC=UNIMOD:35;TA=M;MT=Variable	NT=TMTpro;AC=UNIMOD:2016;TA=K;MT=Fixed	NT=TMTpro;AC=UNIMOD:2016;PP=Any N-term;MT=Fixed	4 hour	IPC T2
set1-R3	Rattus norvegicus	heart	4	not applicable	tissue	4 hour	IPC T2	adult	not available	not available	yes	Lumos_220614_77-TMT130N	proteomic profiling by mass spectrometry	1	Lumos_220614_77.raw	v1.1.0	NT=ms-proteomics;VV=v1.1.0	NT=vertebrates;VV=v1.1.0	manual curation	NT=Data-dependent acquisition;AC=PRIDE:0000627	NT=Orbitrap Fusion Lumos;AC=MS:1002732	NT=Trypsin;AC=MS:1001251	TMT130N	17	NT=higher energy beam-type collision-induced dissociation;AC=MS:1000422	5 ppm	0.6 Da	NT=dithiothreitol (DTT);AC=PRIDE:0000608	NT=methyl methanethiosulfonate (MMTS);AC=PRIDE:0000605	NT=Methylthio;AC=UNIMOD:39;TA=C;MT=Fixed	NT=Oxidation;AC=UNIMOD:35;TA=M;MT=Variable	NT=TMTpro;AC=UNIMOD:2016;TA=K;MT=Fixed	NT=TMTpro;AC=UNIMOD:2016;PP=Any N-term;MT=Fixed	4 hour	IPC T2
set1-R3	Rattus norvegicus	heart	4	not applicable	tissue	4 hour	IPC T2	adult	not available	not available	yes	Lumos_220614_78-TMT130N	proteomic profiling by mass spectrometry	1	Lumos_220614_78.raw	v1.1.0	NT=ms-proteomics;VV=v1.1.0	NT=vertebrates;VV=v1.1.0	manual curation	NT=Data-dependent acquisition;AC=PRIDE:0000627	NT=Orbitrap Fusion Lumos;AC=MS:1002732	NT=Trypsin;AC=MS:1001251	TMT130N	18	NT=higher energy beam-type collision-induced dissociation;AC=MS:1000422	5 ppm	0.6 Da	NT=dithiothreitol (DTT);AC=PRIDE:0000608	NT=methyl methanethiosulfonate (MMTS);AC=PRIDE:0000605	NT=Methylthio;AC=UNIMOD:39;TA=C;MT=Fixed	NT=Oxidation;AC=UNIMOD:35;TA=M;MT=Variable	NT=TMTpro;AC=UNIMOD:2016;TA=K;MT=Fixed	NT=TMTpro;AC=UNIMOD:2016;PP=Any N-term;MT=Fixed	4 hour	IPC T2
set1-R3	Rattus norvegicus	heart	4	not applicable	tissue	4 hour	IPC T2	adult	not available	not available	yes	Lumos_220614_79-TMT130N	proteomic profiling by mass spectrometry	1	Lumos_220614_79.raw	v1.1.0	NT=ms-proteomics;VV=v1.1.0	NT=vertebrates;VV=v1.1.0	manual curation	NT=Data-dependent acquisition;AC=PRIDE:0000627	NT=Orbitrap Fusion Lumos;AC=MS:1002732	NT=Trypsin;AC=MS:1001251	TMT130N	19	NT=higher energy beam-type collision-induced dissociation;AC=MS:1000422	5 ppm	0.6 Da	NT=dithiothreitol (DTT);AC=PRIDE:0000608	NT=methyl methanethiosulfonate (MMTS);AC=PRIDE:0000605	NT=Methylthio;AC=UNIMOD:39;TA=C;MT=Fixed	NT=Oxidation;AC=UNIMOD:35;TA=M;MT=Variable	NT=TMTpro;AC=UNIMOD:2016;TA=K;MT=Fixed	NT=TMTpro;AC=UNIMOD:2016;PP=Any N-term;MT=Fixed	4 hour	IPC T2
set1-R3	Rattus norvegicus	heart	4	not applicable	tissue	4 hour	IPC T2	adult	not available	not available	yes	Lumos_220614_80-TMT130N	proteomic profiling by mass spectrometry	1	Lumos_220614_80.raw	v1.1.0	NT=ms-proteomics;VV=v1.1.0	NT=vertebrates;VV=v1.1.0	manual curation	NT=Data-dependent acquisition;AC=PRIDE:0000627	NT=Orbitrap Fusion Lumos;AC=MS:1002732	NT=Trypsin;AC=MS:1001251	TMT130N	20	NT=higher energy beam-type collision-induced dissociation;AC=MS:1000422	5 ppm	0.6 Da	NT=dithiothreitol (DTT);AC=PRIDE:0000608	NT=methyl methanethiosulfonate (MMTS);AC=PRIDE:0000605	NT=Methylthio;AC=UNIMOD:39;TA=C;MT=Fixed	NT=Oxidation;AC=UNIMOD:35;TA=M;MT=Variable	NT=TMTpro;AC=UNIMOD:2016;TA=K;MT=Fixed	NT=TMTpro;AC=UNIMOD:2016;PP=Any N-term;MT=Fixed	4 hour	IPC T2
set1-R3	Rattus norvegicus	heart	4	not applicable	tissue	4 hour	IPC T2	adult	not available	not available	yes	Lumos_220614_81-TMT130N	proteomic profiling by mass spectrometry	1	Lumos_220614_81.raw	v1.1.0	NT=ms-proteomics;VV=v1.1.0	NT=vertebrates;VV=v1.1.0	manual curation	NT=Data-dependent acquisition;AC=PRIDE:0000627	NT=Orbitrap Fusion Lumos;AC=MS:1002732	NT=Trypsin;AC=MS:1001251	TMT130N	21	NT=higher energy beam-type collision-induced dissociation;AC=MS:1000422	5 ppm	0.6 Da	NT=dithiothreitol (DTT);AC=PRIDE:0000608	NT=methyl methanethiosulfonate (MMTS);AC=PRIDE:0000605	NT=Methylthio;AC=UNIMOD:39;TA=C;MT=Fixed	NT=Oxidation;AC=UNIMOD:35;TA=M;MT=Variable	NT=TMTpro;AC=UNIMOD:2016;TA=K;MT=Fixed	NT=TMTpro;AC=UNIMOD:2016;PP=Any N-term;MT=Fixed	4 hour	IPC T2
set1-R3	Rattus norvegicus	heart	4	not applicable	tissue	4 hour	IPC T2	adult	not available	not available	yes	Lumos_220614_82-TMT130N	proteomic profiling by mass spectrometry	1	Lumos_220614_82.raw	v1.1.0	NT=ms-proteomics;VV=v1.1.0	NT=vertebrates;VV=v1.1.0	manual curation	NT=Data-dependent acquisition;AC=PRIDE:0000627	NT=Orbitrap Fusion Lumos;AC=MS:1002732	NT=Trypsin;AC=MS:1001251	TMT130N	22	NT=higher energy beam-type collision-induced dissociation;AC=MS:1000422	5 ppm	0.6 Da	NT=dithiothreitol (DTT);AC=PRIDE:0000608	NT=methyl methanethiosulfonate (MMTS);AC=PRIDE:0000605	NT=Methylthio;AC=UNIMOD:39;TA=C;MT=Fixed	NT=Oxidation;AC=UNIMOD:35;TA=M;MT=Variable	NT=TMTpro;AC=UNIMOD:2016;TA=K;MT=Fixed	NT=TMTpro;AC=UNIMOD:2016;PP=Any N-term;MT=Fixed	4 hour	IPC T2
set1-R3	Rattus norvegicus	heart	4	not applicable	tissue	4 hour	IPC T2	adult	not available	not available	yes	Lumos_220614_83-TMT130N	proteomic profiling by mass spectrometry	1	Lumos_220614_83.raw	v1.1.0	NT=ms-proteomics;VV=v1.1.0	NT=vertebrates;VV=v1.1.0	manual curation	NT=Data-dependent acquisition;AC=PRIDE:0000627	NT=Orbitrap Fusion Lumos;AC=MS:1002732	NT=Trypsin;AC=MS:1001251	TMT130N	23	NT=higher energy beam-type collision-induced dissociation;AC=MS:1000422	5 ppm	0.6 Da	NT=dithiothreitol (DTT);AC=PRIDE:0000608	NT=methyl methanethiosulfonate (MMTS);AC=PRIDE:0000605	NT=Methylthio;AC=UNIMOD:39;TA=C;MT=Fixed	NT=Oxidation;AC=UNIMOD:35;TA=M;MT=Variable	NT=TMTpro;AC=UNIMOD:2016;TA=K;MT=Fixed	NT=TMTpro;AC=UNIMOD:2016;PP=Any N-term;MT=Fixed	4 hour	IPC T2
set1-R18	Rattus norvegicus	heart	1	not applicable	tissue	4 hour	NIPC T2	adult	not available	not available	no	Lumos_220614_61-TMT130C	proteomic profiling by mass spectrometry	1	Lumos_220614_61.raw	v1.1.0	NT=ms-proteomics;VV=v1.1.0	NT=vertebrates;VV=v1.1.0	manual curation	NT=Data-dependent acquisition;AC=PRIDE:0000627	NT=Orbitrap Fusion Lumos;AC=MS:1002732	NT=Trypsin;AC=MS:1001251	TMT130C	1	NT=higher energy beam-type collision-induced dissociation;AC=MS:1000422	5 ppm	0.6 Da	NT=dithiothreitol (DTT);AC=PRIDE:0000608	NT=methyl methanethiosulfonate (MMTS);AC=PRIDE:0000605	NT=Methylthio;AC=UNIMOD:39;TA=C;MT=Fixed	NT=Oxidation;AC=UNIMOD:35;TA=M;MT=Variable	NT=TMTpro;AC=UNIMOD:2016;TA=K;MT=Fixed	NT=TMTpro;AC=UNIMOD:2016;PP=Any N-term;MT=Fixed	4 hour	NIPC T2
set1-R18	Rattus norvegicus	heart	1	not applicable	tissue	4 hour	NIPC T2	adult	not available	not available	no	Lumos_220614_62-TMT130C	proteomic profiling by mass spectrometry	1	Lumos_220614_62.raw	v1.1.0	NT=ms-proteomics;VV=v1.1.0	NT=vertebrates;VV=v1.1.0	manual curation	NT=Data-dependent acquisition;AC=PRIDE:0000627	NT=Orbitrap Fusion Lumos;AC=MS:1002732	NT=Trypsin;AC=MS:1001251	TMT130C	2	NT=higher energy beam-type collision-induced dissociation;AC=MS:1000422	5 ppm	0.6 Da	NT=dithiothreitol (DTT);AC=PRIDE:0000608	NT=methyl methanethiosulfonate (MMTS);AC=PRIDE:0000605	NT=Methylthio;AC=UNIMOD:39;TA=C;MT=Fixed	NT=Oxidation;AC=UNIMOD:35;TA=M;MT=Variable	NT=TMTpro;AC=UNIMOD:2016;TA=K;MT=Fixed	NT=TMTpro;AC=UNIMOD:2016;PP=Any N-term;MT=Fixed	4 hour	NIPC T2
set1-R18	Rattus norvegicus	heart	1	not applicable	tissue	4 hour	NIPC T2	adult	not available	not available	no	Lumos_220614_63-TMT130C	proteomic profiling by mass spectrometry	1	Lumos_220614_63.raw	v1.1.0	NT=ms-proteomics;VV=v1.1.0	NT=vertebrates;VV=v1.1.0	manual curation	NT=Data-dependent acquisition;AC=PRIDE:0000627	NT=Orbitrap Fusion Lumos;AC=MS:1002732	NT=Trypsin;AC=MS:1001251	TMT130C	3	NT=higher energy beam-type collision-induced dissociation;AC=MS:1000422	5 ppm	0.6 Da	NT=dithiothreitol (DTT);AC=PRIDE:0000608	NT=methyl methanethiosulfonate (MMTS);AC=PRIDE:0000605	NT=Methylthio;AC=UNIMOD:39;TA=C;MT=Fixed	NT=Oxidation;AC=UNIMOD:35;TA=M;MT=Variable	NT=TMTpro;AC=UNIMOD:2016;TA=K;MT=Fixed	NT=TMTpro;AC=UNIMOD:2016;PP=Any N-term;MT=Fixed	4 hour	NIPC T2
set1-R18	Rattus norvegicus	heart	1	not applicable	tissue	4 hour	NIPC T2	adult	not available	not available	no	Lumos_220614_64-TMT130C	proteomic profiling by mass spectrometry	1	Lumos_220614_64.raw	v1.1.0	NT=ms-proteomics;VV=v1.1.0	NT=vertebrates;VV=v1.1.0	manual curation	NT=Data-dependent acquisition;AC=PRIDE:0000627	NT=Orbitrap Fusion Lumos;AC=MS:1002732	NT=Trypsin;AC=MS:1001251	TMT130C	4	NT=higher energy beam-type collision-induced dissociation;AC=MS:1000422	5 ppm	0.6 Da	NT=dithiothreitol (DTT);AC=PRIDE:0000608	NT=methyl methanethiosulfonate (MMTS);AC=PRIDE:0000605	NT=Methylthio;AC=UNIMOD:39;TA=C;MT=Fixed	NT=Oxidation;AC=UNIMOD:35;TA=M;MT=Variable	NT=TMTpro;AC=UNIMOD:2016;TA=K;MT=Fixed	NT=TMTpro;AC=UNIMOD:2016;PP=Any N-term;MT=Fixed	4 hour	NIPC T2
set1-R18	Rattus norvegicus	heart	1	not applicable	tissue	4 hour	NIPC T2	adult	not available	not available	no	Lumos_220614_65-TMT130C	proteomic profiling by mass spectrometry	1	Lumos_220614_65.raw	v1.1.0	NT=ms-proteomics;VV=v1.1.0	NT=vertebrates;VV=v1.1.0	manual curation	NT=Data-dependent acquisition;AC=PRIDE:0000627	NT=Orbitrap Fusion Lumos;AC=MS:1002732	NT=Trypsin;AC=MS:1001251	TMT130C	5	NT=higher energy beam-type collision-induced dissociation;AC=MS:1000422	5 ppm	0.6 Da	NT=dithiothreitol (DTT);AC=PRIDE:0000608	NT=methyl methanethiosulfonate (MMTS);AC=PRIDE:0000605	NT=Methylthio;AC=UNIMOD:39;TA=C;MT=Fixed	NT=Oxidation;AC=UNIMOD:35;TA=M;MT=Variable	NT=TMTpro;AC=UNIMOD:2016;TA=K;MT=Fixed	NT=TMTpro;AC=UNIMOD:2016;PP=Any N-term;MT=Fixed	4 hour	NIPC T2
set1-R18	Rattus norvegicus	heart	1	not applicable	tissue	4 hour	NIPC T2	adult	not available	not available	no	Lumos_220614_66-TMT130C	proteomic profiling by mass spectrometry	1	Lumos_220614_66.raw	v1.1.0	NT=ms-proteomics;VV=v1.1.0	NT=vertebrates;VV=v1.1.0	manual curation	NT=Data-dependent acquisition;AC=PRIDE:0000627	NT=Orbitrap Fusion Lumos;AC=MS:1002732	NT=Trypsin;AC=MS:1001251	TMT130C	6	NT=higher energy beam-type collision-induced dissociation;AC=MS:1000422	5 ppm	0.6 Da	NT=dithiothreitol (DTT);AC=PRIDE:0000608	NT=methyl methanethiosulfonate (MMTS);AC=PRIDE:0000605	NT=Methylthio;AC=UNIMOD:39;TA=C;MT=Fixed	NT=Oxidation;AC=UNIMOD:35;TA=M;MT=Variable	NT=TMTpro;AC=UNIMOD:2016;TA=K;MT=Fixed	NT=TMTpro;AC=UNIMOD:2016;PP=Any N-term;MT=Fixed	4 hour	NIPC T2
set1-R18	Rattus norvegicus	heart	1	not applicable	tissue	4 hour	NIPC T2	adult	not available	not available	no	Lumos_220614_67-TMT130C	proteomic profiling by mass spectrometry	1	Lumos_220614_67.raw	v1.1.0	NT=ms-proteomics;VV=v1.1.0	NT=vertebrates;VV=v1.1.0	manual curation	NT=Data-dependent acquisition;AC=PRIDE:0000627	NT=Orbitrap Fusion Lumos;AC=MS:1002732	NT=Trypsin;AC=MS:1001251	TMT130C	7	NT=higher energy beam-type collision-induced dissociation;AC=MS:1000422	5 ppm	0.6 Da	NT=dithiothreitol (DTT);AC=PRIDE:0000608	NT=methyl methanethiosulfonate (MMTS);AC=PRIDE:0000605	NT=Methylthio;AC=UNIMOD:39;TA=C;MT=Fixed	NT=Oxidation;AC=UNIMOD:35;TA=M;MT=Variable	NT=TMTpro;AC=UNIMOD:2016;TA=K;MT=Fixed	NT=TMTpro;AC=UNIMOD:2016;PP=Any N-term;MT=Fixed	4 hour	NIPC T2
set1-R18	Rattus norvegicus	heart	1	not applicable	tissue	4 hour	NIPC T2	adult	not available	not available	no	Lumos_220614_68-TMT130C	proteomic profiling by mass spectrometry	1	Lumos_220614_68.raw	v1.1.0	NT=ms-proteomics;VV=v1.1.0	NT=vertebrates;VV=v1.1.0	manual curation	NT=Data-dependent acquisition;AC=PRIDE:0000627	NT=Orbitrap Fusion Lumos;AC=MS:1002732	NT=Trypsin;AC=MS:1001251	TMT130C	8	NT=higher energy beam-type collision-induced dissociation;AC=MS:1000422	5 ppm	0.6 Da	NT=dithiothreitol (DTT);AC=PRIDE:0000608	NT=methyl methanethiosulfonate (MMTS);AC=PRIDE:0000605	NT=Methylthio;AC=UNIMOD:39;TA=C;MT=Fixed	NT=Oxidation;AC=UNIMOD:35;TA=M;MT=Variable	NT=TMTpro;AC=UNIMOD:2016;TA=K;MT=Fixed	NT=TMTpro;AC=UNIMOD:2016;PP=Any N-term;MT=Fixed	4 hour	NIPC T2
set1-R18	Rattus norvegicus	heart	1	not applicable	tissue	4 hour	NIPC T2	adult	not available	not available	no	Lumos_220614_69-TMT130C	proteomic profiling by mass spectrometry	1	Lumos_220614_69.raw	v1.1.0	NT=ms-proteomics;VV=v1.1.0	NT=vertebrates;VV=v1.1.0	manual curation	NT=Data-dependent acquisition;AC=PRIDE:0000627	NT=Orbitrap Fusion Lumos;AC=MS:1002732	NT=Trypsin;AC=MS:1001251	TMT130C	9	NT=higher energy beam-type collision-induced dissociation;AC=MS:1000422	5 ppm	0.6 Da	NT=dithiothreitol (DTT);AC=PRIDE:0000608	NT=methyl methanethiosulfonate (MMTS);AC=PRIDE:0000605	NT=Methylthio;AC=UNIMOD:39;TA=C;MT=Fixed	NT=Oxidation;AC=UNIMOD:35;TA=M;MT=Variable	NT=TMTpro;AC=UNIMOD:2016;TA=K;MT=Fixed	NT=TMTpro;AC=UNIMOD:2016;PP=Any N-term;MT=Fixed	4 hour	NIPC T2
set1-R18	Rattus norvegicus	heart	1	not applicable	tissue	4 hour	NIPC T2	adult	not available	not available	no	Lumos_220614_70-TMT130C	proteomic profiling by mass spectrometry	1	Lumos_220614_70.raw	v1.1.0	NT=ms-proteomics;VV=v1.1.0	NT=vertebrates;VV=v1.1.0	manual curation	NT=Data-dependent acquisition;AC=PRIDE:0000627	NT=Orbitrap Fusion Lumos;AC=MS:1002732	NT=Trypsin;AC=MS:1001251	TMT130C	10	NT=higher energy beam-type collision-induced dissociation;AC=MS:1000422	5 ppm	0.6 Da	NT=dithiothreitol (DTT);AC=PRIDE:0000608	NT=methyl methanethiosulfonate (MMTS);AC=PRIDE:0000605	NT=Methylthio;AC=UNIMOD:39;TA=C;MT=Fixed	NT=Oxidation;AC=UNIMOD:35;TA=M;MT=Variable	NT=TMTpro;AC=UNIMOD:2016;TA=K;MT=Fixed	NT=TMTpro;AC=UNIMOD:2016;PP=Any N-term;MT=Fixed	4 hour	NIPC T2
set1-R18	Rattus norvegicus	heart	1	not applicable	tissue	4 hour	NIPC T2	adult	not available	not available	no	Lumos_220614_71-TMT130C	proteomic profiling by mass spectrometry	1	Lumos_220614_71.raw	v1.1.0	NT=ms-proteomics;VV=v1.1.0	NT=vertebrates;VV=v1.1.0	manual curation	NT=Data-dependent acquisition;AC=PRIDE:0000627	NT=Orbitrap Fusion Lumos;AC=MS:1002732	NT=Trypsin;AC=MS:1001251	TMT130C	11	NT=higher energy beam-type collision-induced dissociation;AC=MS:1000422	5 ppm	0.6 Da	NT=dithiothreitol (DTT);AC=PRIDE:0000608	NT=methyl methanethiosulfonate (MMTS);AC=PRIDE:0000605	NT=Methylthio;AC=UNIMOD:39;TA=C;MT=Fixed	NT=Oxidation;AC=UNIMOD:35;TA=M;MT=Variable	NT=TMTpro;AC=UNIMOD:2016;TA=K;MT=Fixed	NT=TMTpro;AC=UNIMOD:2016;PP=Any N-term;MT=Fixed	4 hour	NIPC T2
set1-R18	Rattus norvegicus	heart	1	not applicable	tissue	4 hour	NIPC T2	adult	not available	not available	no	Lumos_220614_72-TMT130C	proteomic profiling by mass spectrometry	1	Lumos_220614_72.raw	v1.1.0	NT=ms-proteomics;VV=v1.1.0	NT=vertebrates;VV=v1.1.0	manual curation	NT=Data-dependent acquisition;AC=PRIDE:0000627	NT=Orbitrap Fusion Lumos;AC=MS:1002732	NT=Trypsin;AC=MS:1001251	TMT130C	12	NT=higher energy beam-type collision-induced dissociation;AC=MS:1000422	5 ppm	0.6 Da	NT=dithiothreitol (DTT);AC=PRIDE:0000608	NT=methyl methanethiosulfonate (MMTS);AC=PRIDE:0000605	NT=Methylthio;AC=UNIMOD:39;TA=C;MT=Fixed	NT=Oxidation;AC=UNIMOD:35;TA=M;MT=Variable	NT=TMTpro;AC=UNIMOD:2016;TA=K;MT=Fixed	NT=TMTpro;AC=UNIMOD:2016;PP=Any N-term;MT=Fixed	4 hour	NIPC T2
set1-R18	Rattus norvegicus	heart	1	not applicable	tissue	4 hour	NIPC T2	adult	not available	not available	no	Lumos_220614_73-TMT130C	proteomic profiling by mass spectrometry	1	Lumos_220614_73.raw	v1.1.0	NT=ms-proteomics;VV=v1.1.0	NT=vertebrates;VV=v1.1.0	manual curation	NT=Data-dependent acquisition;AC=PRIDE:0000627	NT=Orbitrap Fusion Lumos;AC=MS:1002732	NT=Trypsin;AC=MS:1001251	TMT130C	13	NT=higher energy beam-type collision-induced dissociation;AC=MS:1000422	5 ppm	0.6 Da	NT=dithiothreitol (DTT);AC=PRIDE:0000608	NT=methyl methanethiosulfonate (MMTS);AC=PRIDE:0000605	NT=Methylthio;AC=UNIMOD:39;TA=C;MT=Fixed	NT=Oxidation;AC=UNIMOD:35;TA=M;MT=Variable	NT=TMTpro;AC=UNIMOD:2016;TA=K;MT=Fixed	NT=TMTpro;AC=UNIMOD:2016;PP=Any N-term;MT=Fixed	4 hour	NIPC T2
set1-R18	Rattus norvegicus	heart	1	not applicable	tissue	4 hour	NIPC T2	adult	not available	not available	no	Lumos_220614_74-TMT130C	proteomic profiling by mass spectrometry	1	Lumos_220614_74.raw	v1.1.0	NT=ms-proteomics;VV=v1.1.0	NT=vertebrates;VV=v1.1.0	manual curation	NT=Data-dependent acquisition;AC=PRIDE:0000627	NT=Orbitrap Fusion Lumos;AC=MS:1002732	NT=Trypsin;AC=MS:1001251	TMT130C	14	NT=higher energy beam-type collision-induced dissociation;AC=MS:1000422	5 ppm	0.6 Da	NT=dithiothreitol (DTT);AC=PRIDE:0000608	NT=methyl methanethiosulfonate (MMTS);AC=PRIDE:0000605	NT=Methylthio;AC=UNIMOD:39;TA=C;MT=Fixed	NT=Oxidation;AC=UNIMOD:35;TA=M;MT=Variable	NT=TMTpro;AC=UNIMOD:2016;TA=K;MT=Fixed	NT=TMTpro;AC=UNIMOD:2016;PP=Any N-term;MT=Fixed	4 hour	NIPC T2
set1-R18	Rattus norvegicus	heart	1	not applicable	tissue	4 hour	NIPC T2	adult	not available	not available	no	Lumos_220614_75-TMT130C	proteomic profiling by mass spectrometry	1	Lumos_220614_75.raw	v1.1.0	NT=ms-proteomics;VV=v1.1.0	NT=vertebrates;VV=v1.1.0	manual curation	NT=Data-dependent acquisition;AC=PRIDE:0000627	NT=Orbitrap Fusion Lumos;AC=MS:1002732	NT=Trypsin;AC=MS:1001251	TMT130C	15	NT=higher energy beam-type collision-induced dissociation;AC=MS:1000422	5 ppm	0.6 Da	NT=dithiothreitol (DTT);AC=PRIDE:0000608	NT=methyl methanethiosulfonate (MMTS);AC=PRIDE:0000605	NT=Methylthio;AC=UNIMOD:39;TA=C;MT=Fixed	NT=Oxidation;AC=UNIMOD:35;TA=M;MT=Variable	NT=TMTpro;AC=UNIMOD:2016;TA=K;MT=Fixed	NT=TMTpro;AC=UNIMOD:2016;PP=Any N-term;MT=Fixed	4 hour	NIPC T2
set1-R18	Rattus norvegicus	heart	1	not applicable	tissue	4 hour	NIPC T2	adult	not available	not available	no	Lumos_220614_76-TMT130C	proteomic profiling by mass spectrometry	1	Lumos_220614_76.raw	v1.1.0	NT=ms-proteomics;VV=v1.1.0	NT=vertebrates;VV=v1.1.0	manual curation	NT=Data-dependent acquisition;AC=PRIDE:0000627	NT=Orbitrap Fusion Lumos;AC=MS:1002732	NT=Trypsin;AC=MS:1001251	TMT130C	16	NT=higher energy beam-type collision-induced dissociation;AC=MS:1000422	5 ppm	0.6 Da	NT=dithiothreitol (DTT);AC=PRIDE:0000608	NT=methyl methanethiosulfonate (MMTS);AC=PRIDE:0000605	NT=Methylthio;AC=UNIMOD:39;TA=C;MT=Fixed	NT=Oxidation;AC=UNIMOD:35;TA=M;MT=Variable	NT=TMTpro;AC=UNIMOD:2016;TA=K;MT=Fixed	NT=TMTpro;AC=UNIMOD:2016;PP=Any N-term;MT=Fixed	4 hour	NIPC T2
set1-R18	Rattus norvegicus	heart	1	not applicable	tissue	4 hour	NIPC T2	adult	not available	not available	no	Lumos_220614_77-TMT130C	proteomic profiling by mass spectrometry	1	Lumos_220614_77.raw	v1.1.0	NT=ms-proteomics;VV=v1.1.0	NT=vertebrates;VV=v1.1.0	manual curation	NT=Data-dependent acquisition;AC=PRIDE:0000627	NT=Orbitrap Fusion Lumos;AC=MS:1002732	NT=Trypsin;AC=MS:1001251	TMT130C	17	NT=higher energy beam-type collision-induced dissociation;AC=MS:1000422	5 ppm	0.6 Da	NT=dithiothreitol (DTT);AC=PRIDE:0000608	NT=methyl methanethiosulfonate (MMTS);AC=PRIDE:0000605	NT=Methylthio;AC=UNIMOD:39;TA=C;MT=Fixed	NT=Oxidation;AC=UNIMOD:35;TA=M;MT=Variable	NT=TMTpro;AC=UNIMOD:2016;TA=K;MT=Fixed	NT=TMTpro;AC=UNIMOD:2016;PP=Any N-term;MT=Fixed	4 hour	NIPC T2
set1-R18	Rattus norvegicus	heart	1	not applicable	tissue	4 hour	NIPC T2	adult	not available	not available	no	Lumos_220614_78-TMT130C	proteomic profiling by mass spectrometry	1	Lumos_220614_78.raw	v1.1.0	NT=ms-proteomics;VV=v1.1.0	NT=vertebrates;VV=v1.1.0	manual curation	NT=Data-dependent acquisition;AC=PRIDE:0000627	NT=Orbitrap Fusion Lumos;AC=MS:1002732	NT=Trypsin;AC=MS:1001251	TMT130C	18	NT=higher energy beam-type collision-induced dissociation;AC=MS:1000422	5 ppm	0.6 Da	NT=dithiothreitol (DTT);AC=PRIDE:0000608	NT=methyl methanethiosulfonate (MMTS);AC=PRIDE:0000605	NT=Methylthio;AC=UNIMOD:39;TA=C;MT=Fixed	NT=Oxidation;AC=UNIMOD:35;TA=M;MT=Variable	NT=TMTpro;AC=UNIMOD:2016;TA=K;MT=Fixed	NT=TMTpro;AC=UNIMOD:2016;PP=Any N-term;MT=Fixed	4 hour	NIPC T2
set1-R18	Rattus norvegicus	heart	1	not applicable	tissue	4 hour	NIPC T2	adult	not available	not available	no	Lumos_220614_79-TMT130C	proteomic profiling by mass spectrometry	1	Lumos_220614_79.raw	v1.1.0	NT=ms-proteomics;VV=v1.1.0	NT=vertebrates;VV=v1.1.0	manual curation	NT=Data-dependent acquisition;AC=PRIDE:0000627	NT=Orbitrap Fusion Lumos;AC=MS:1002732	NT=Trypsin;AC=MS:1001251	TMT130C	19	NT=higher energy beam-type collision-induced dissociation;AC=MS:1000422	5 ppm	0.6 Da	NT=dithiothreitol (DTT);AC=PRIDE:0000608	NT=methyl methanethiosulfonate (MMTS);AC=PRIDE:0000605	NT=Methylthio;AC=UNIMOD:39;TA=C;MT=Fixed	NT=Oxidation;AC=UNIMOD:35;TA=M;MT=Variable	NT=TMTpro;AC=UNIMOD:2016;TA=K;MT=Fixed	NT=TMTpro;AC=UNIMOD:2016;PP=Any N-term;MT=Fixed	4 hour	NIPC T2
set1-R18	Rattus norvegicus	heart	1	not applicable	tissue	4 hour	NIPC T2	adult	not available	not available	no	Lumos_220614_80-TMT130C	proteomic profiling by mass spectrometry	1	Lumos_220614_80.raw	v1.1.0	NT=ms-proteomics;VV=v1.1.0	NT=vertebrates;VV=v1.1.0	manual curation	NT=Data-dependent acquisition;AC=PRIDE:0000627	NT=Orbitrap Fusion Lumos;AC=MS:1002732	NT=Trypsin;AC=MS:1001251	TMT130C	20	NT=higher energy beam-type collision-induced dissociation;AC=MS:1000422	5 ppm	0.6 Da	NT=dithiothreitol (DTT);AC=PRIDE:0000608	NT=methyl methanethiosulfonate (MMTS);AC=PRIDE:0000605	NT=Methylthio;AC=UNIMOD:39;TA=C;MT=Fixed	NT=Oxidation;AC=UNIMOD:35;TA=M;MT=Variable	NT=TMTpro;AC=UNIMOD:2016;TA=K;MT=Fixed	NT=TMTpro;AC=UNIMOD:2016;PP=Any N-term;MT=Fixed	4 hour	NIPC T2
set1-R18	Rattus norvegicus	heart	1	not applicable	tissue	4 hour	NIPC T2	adult	not available	not available	no	Lumos_220614_81-TMT130C	proteomic profiling by mass spectrometry	1	Lumos_220614_81.raw	v1.1.0	NT=ms-proteomics;VV=v1.1.0	NT=vertebrates;VV=v1.1.0	manual curation	NT=Data-dependent acquisition;AC=PRIDE:0000627	NT=Orbitrap Fusion Lumos;AC=MS:1002732	NT=Trypsin;AC=MS:1001251	TMT130C	21	NT=higher energy beam-type collision-induced dissociation;AC=MS:1000422	5 ppm	0.6 Da	NT=dithiothreitol (DTT);AC=PRIDE:0000608	NT=methyl methanethiosulfonate (MMTS);AC=PRIDE:0000605	NT=Methylthio;AC=UNIMOD:39;TA=C;MT=Fixed	NT=Oxidation;AC=UNIMOD:35;TA=M;MT=Variable	NT=TMTpro;AC=UNIMOD:2016;TA=K;MT=Fixed	NT=TMTpro;AC=UNIMOD:2016;PP=Any N-term;MT=Fixed	4 hour	NIPC T2
set1-R18	Rattus norvegicus	heart	1	not applicable	tissue	4 hour	NIPC T2	adult	not available	not available	no	Lumos_220614_82-TMT130C	proteomic profiling by mass spectrometry	1	Lumos_220614_82.raw	v1.1.0	NT=ms-proteomics;VV=v1.1.0	NT=vertebrates;VV=v1.1.0	manual curation	NT=Data-dependent acquisition;AC=PRIDE:0000627	NT=Orbitrap Fusion Lumos;AC=MS:1002732	NT=Trypsin;AC=MS:1001251	TMT130C	22	NT=higher energy beam-type collision-induced dissociation;AC=MS:1000422	5 ppm	0.6 Da	NT=dithiothreitol (DTT);AC=PRIDE:0000608	NT=methyl methanethiosulfonate (MMTS);AC=PRIDE:0000605	NT=Methylthio;AC=UNIMOD:39;TA=C;MT=Fixed	NT=Oxidation;AC=UNIMOD:35;TA=M;MT=Variable	NT=TMTpro;AC=UNIMOD:2016;TA=K;MT=Fixed	NT=TMTpro;AC=UNIMOD:2016;PP=Any N-term;MT=Fixed	4 hour	NIPC T2
set1-R18	Rattus norvegicus	heart	1	not applicable	tissue	4 hour	NIPC T2	adult	not available	not available	no	Lumos_220614_83-TMT130C	proteomic profiling by mass spectrometry	1	Lumos_220614_83.raw	v1.1.0	NT=ms-proteomics;VV=v1.1.0	NT=vertebrates;VV=v1.1.0	manual curation	NT=Data-dependent acquisition;AC=PRIDE:0000627	NT=Orbitrap Fusion Lumos;AC=MS:1002732	NT=Trypsin;AC=MS:1001251	TMT130C	23	NT=higher energy beam-type collision-induced dissociation;AC=MS:1000422	5 ppm	0.6 Da	NT=dithiothreitol (DTT);AC=PRIDE:0000608	NT=methyl methanethiosulfonate (MMTS);AC=PRIDE:0000605	NT=Methylthio;AC=UNIMOD:39;TA=C;MT=Fixed	NT=Oxidation;AC=UNIMOD:35;TA=M;MT=Variable	NT=TMTpro;AC=UNIMOD:2016;TA=K;MT=Fixed	NT=TMTpro;AC=UNIMOD:2016;PP=Any N-term;MT=Fixed	4 hour	NIPC T2
set1-R36	Rattus norvegicus	heart	2	not applicable	tissue	4 hour	NIPC T2	adult	not available	not available	no	Lumos_220614_61-TMT131N	proteomic profiling by mass spectrometry	1	Lumos_220614_61.raw	v1.1.0	NT=ms-proteomics;VV=v1.1.0	NT=vertebrates;VV=v1.1.0	manual curation	NT=Data-dependent acquisition;AC=PRIDE:0000627	NT=Orbitrap Fusion Lumos;AC=MS:1002732	NT=Trypsin;AC=MS:1001251	TMT131N	1	NT=higher energy beam-type collision-induced dissociation;AC=MS:1000422	5 ppm	0.6 Da	NT=dithiothreitol (DTT);AC=PRIDE:0000608	NT=methyl methanethiosulfonate (MMTS);AC=PRIDE:0000605	NT=Methylthio;AC=UNIMOD:39;TA=C;MT=Fixed	NT=Oxidation;AC=UNIMOD:35;TA=M;MT=Variable	NT=TMTpro;AC=UNIMOD:2016;TA=K;MT=Fixed	NT=TMTpro;AC=UNIMOD:2016;PP=Any N-term;MT=Fixed	4 hour	NIPC T2
set1-R36	Rattus norvegicus	heart	2	not applicable	tissue	4 hour	NIPC T2	adult	not available	not available	no	Lumos_220614_62-TMT131N	proteomic profiling by mass spectrometry	1	Lumos_220614_62.raw	v1.1.0	NT=ms-proteomics;VV=v1.1.0	NT=vertebrates;VV=v1.1.0	manual curation	NT=Data-dependent acquisition;AC=PRIDE:0000627	NT=Orbitrap Fusion Lumos;AC=MS:1002732	NT=Trypsin;AC=MS:1001251	TMT131N	2	NT=higher energy beam-type collision-induced dissociation;AC=MS:1000422	5 ppm	0.6 Da	NT=dithiothreitol (DTT);AC=PRIDE:0000608	NT=methyl methanethiosulfonate (MMTS);AC=PRIDE:0000605	NT=Methylthio;AC=UNIMOD:39;TA=C;MT=Fixed	NT=Oxidation;AC=UNIMOD:35;TA=M;MT=Variable	NT=TMTpro;AC=UNIMOD:2016;TA=K;MT=Fixed	NT=TMTpro;AC=UNIMOD:2016;PP=Any N-term;MT=Fixed	4 hour	NIPC T2
set1-R36	Rattus norvegicus	heart	2	not applicable	tissue	4 hour	NIPC T2	adult	not available	not available	no	Lumos_220614_63-TMT131N	proteomic profiling by mass spectrometry	1	Lumos_220614_63.raw	v1.1.0	NT=ms-proteomics;VV=v1.1.0	NT=vertebrates;VV=v1.1.0	manual curation	NT=Data-dependent acquisition;AC=PRIDE:0000627	NT=Orbitrap Fusion Lumos;AC=MS:1002732	NT=Trypsin;AC=MS:1001251	TMT131N	3	NT=higher energy beam-type collision-induced dissociation;AC=MS:1000422	5 ppm	0.6 Da	NT=dithiothreitol (DTT);AC=PRIDE:0000608	NT=methyl methanethiosulfonate (MMTS);AC=PRIDE:0000605	NT=Methylthio;AC=UNIMOD:39;TA=C;MT=Fixed	NT=Oxidation;AC=UNIMOD:35;TA=M;MT=Variable	NT=TMTpro;AC=UNIMOD:2016;TA=K;MT=Fixed	NT=TMTpro;AC=UNIMOD:2016;PP=Any N-term;MT=Fixed	4 hour	NIPC T2
set1-R36	Rattus norvegicus	heart	2	not applicable	tissue	4 hour	NIPC T2	adult	not available	not available	no	Lumos_220614_64-TMT131N	proteomic profiling by mass spectrometry	1	Lumos_220614_64.raw	v1.1.0	NT=ms-proteomics;VV=v1.1.0	NT=vertebrates;VV=v1.1.0	manual curation	NT=Data-dependent acquisition;AC=PRIDE:0000627	NT=Orbitrap Fusion Lumos;AC=MS:1002732	NT=Trypsin;AC=MS:1001251	TMT131N	4	NT=higher energy beam-type collision-induced dissociation;AC=MS:1000422	5 ppm	0.6 Da	NT=dithiothreitol (DTT);AC=PRIDE:0000608	NT=methyl methanethiosulfonate (MMTS);AC=PRIDE:0000605	NT=Methylthio;AC=UNIMOD:39;TA=C;MT=Fixed	NT=Oxidation;AC=UNIMOD:35;TA=M;MT=Variable	NT=TMTpro;AC=UNIMOD:2016;TA=K;MT=Fixed	NT=TMTpro;AC=UNIMOD:2016;PP=Any N-term;MT=Fixed	4 hour	NIPC T2
set1-R36	Rattus norvegicus	heart	2	not applicable	tissue	4 hour	NIPC T2	adult	not available	not available	no	Lumos_220614_65-TMT131N	proteomic profiling by mass spectrometry	1	Lumos_220614_65.raw	v1.1.0	NT=ms-proteomics;VV=v1.1.0	NT=vertebrates;VV=v1.1.0	manual curation	NT=Data-dependent acquisition;AC=PRIDE:0000627	NT=Orbitrap Fusion Lumos;AC=MS:1002732	NT=Trypsin;AC=MS:1001251	TMT131N	5	NT=higher energy beam-type collision-induced dissociation;AC=MS:1000422	5 ppm	0.6 Da	NT=dithiothreitol (DTT);AC=PRIDE:0000608	NT=methyl methanethiosulfonate (MMTS);AC=PRIDE:0000605	NT=Methylthio;AC=UNIMOD:39;TA=C;MT=Fixed	NT=Oxidation;AC=UNIMOD:35;TA=M;MT=Variable	NT=TMTpro;AC=UNIMOD:2016;TA=K;MT=Fixed	NT=TMTpro;AC=UNIMOD:2016;PP=Any N-term;MT=Fixed	4 hour	NIPC T2
set1-R36	Rattus norvegicus	heart	2	not applicable	tissue	4 hour	NIPC T2	adult	not available	not available	no	Lumos_220614_66-TMT131N	proteomic profiling by mass spectrometry	1	Lumos_220614_66.raw	v1.1.0	NT=ms-proteomics;VV=v1.1.0	NT=vertebrates;VV=v1.1.0	manual curation	NT=Data-dependent acquisition;AC=PRIDE:0000627	NT=Orbitrap Fusion Lumos;AC=MS:1002732	NT=Trypsin;AC=MS:1001251	TMT131N	6	NT=higher energy beam-type collision-induced dissociation;AC=MS:1000422	5 ppm	0.6 Da	NT=dithiothreitol (DTT);AC=PRIDE:0000608	NT=methyl methanethiosulfonate (MMTS);AC=PRIDE:0000605	NT=Methylthio;AC=UNIMOD:39;TA=C;MT=Fixed	NT=Oxidation;AC=UNIMOD:35;TA=M;MT=Variable	NT=TMTpro;AC=UNIMOD:2016;TA=K;MT=Fixed	NT=TMTpro;AC=UNIMOD:2016;PP=Any N-term;MT=Fixed	4 hour	NIPC T2
set1-R36	Rattus norvegicus	heart	2	not applicable	tissue	4 hour	NIPC T2	adult	not available	not available	no	Lumos_220614_67-TMT131N	proteomic profiling by mass spectrometry	1	Lumos_220614_67.raw	v1.1.0	NT=ms-proteomics;VV=v1.1.0	NT=vertebrates;VV=v1.1.0	manual curation	NT=Data-dependent acquisition;AC=PRIDE:0000627	NT=Orbitrap Fusion Lumos;AC=MS:1002732	NT=Trypsin;AC=MS:1001251	TMT131N	7	NT=higher energy beam-type collision-induced dissociation;AC=MS:1000422	5 ppm	0.6 Da	NT=dithiothreitol (DTT);AC=PRIDE:0000608	NT=methyl methanethiosulfonate (MMTS);AC=PRIDE:0000605	NT=Methylthio;AC=UNIMOD:39;TA=C;MT=Fixed	NT=Oxidation;AC=UNIMOD:35;TA=M;MT=Variable	NT=TMTpro;AC=UNIMOD:2016;TA=K;MT=Fixed	NT=TMTpro;AC=UNIMOD:2016;PP=Any N-term;MT=Fixed	4 hour	NIPC T2
set1-R36	Rattus norvegicus	heart	2	not applicable	tissue	4 hour	NIPC T2	adult	not available	not available	no	Lumos_220614_68-TMT131N	proteomic profiling by mass spectrometry	1	Lumos_220614_68.raw	v1.1.0	NT=ms-proteomics;VV=v1.1.0	NT=vertebrates;VV=v1.1.0	manual curation	NT=Data-dependent acquisition;AC=PRIDE:0000627	NT=Orbitrap Fusion Lumos;AC=MS:1002732	NT=Trypsin;AC=MS:1001251	TMT131N	8	NT=higher energy beam-type collision-induced dissociation;AC=MS:1000422	5 ppm	0.6 Da	NT=dithiothreitol (DTT);AC=PRIDE:0000608	NT=methyl methanethiosulfonate (MMTS);AC=PRIDE:0000605	NT=Methylthio;AC=UNIMOD:39;TA=C;MT=Fixed	NT=Oxidation;AC=UNIMOD:35;TA=M;MT=Variable	NT=TMTpro;AC=UNIMOD:2016;TA=K;MT=Fixed	NT=TMTpro;AC=UNIMOD:2016;PP=Any N-term;MT=Fixed	4 hour	NIPC T2
set1-R36	Rattus norvegicus	heart	2	not applicable	tissue	4 hour	NIPC T2	adult	not available	not available	no	Lumos_220614_69-TMT131N	proteomic profiling by mass spectrometry	1	Lumos_220614_69.raw	v1.1.0	NT=ms-proteomics;VV=v1.1.0	NT=vertebrates;VV=v1.1.0	manual curation	NT=Data-dependent acquisition;AC=PRIDE:0000627	NT=Orbitrap Fusion Lumos;AC=MS:1002732	NT=Trypsin;AC=MS:1001251	TMT131N	9	NT=higher energy beam-type collision-induced dissociation;AC=MS:1000422	5 ppm	0.6 Da	NT=dithiothreitol (DTT);AC=PRIDE:0000608	NT=methyl methanethiosulfonate (MMTS);AC=PRIDE:0000605	NT=Methylthio;AC=UNIMOD:39;TA=C;MT=Fixed	NT=Oxidation;AC=UNIMOD:35;TA=M;MT=Variable	NT=TMTpro;AC=UNIMOD:2016;TA=K;MT=Fixed	NT=TMTpro;AC=UNIMOD:2016;PP=Any N-term;MT=Fixed	4 hour	NIPC T2
set1-R36	Rattus norvegicus	heart	2	not applicable	tissue	4 hour	NIPC T2	adult	not available	not available	no	Lumos_220614_70-TMT131N	proteomic profiling by mass spectrometry	1	Lumos_220614_70.raw	v1.1.0	NT=ms-proteomics;VV=v1.1.0	NT=vertebrates;VV=v1.1.0	manual curation	NT=Data-dependent acquisition;AC=PRIDE:0000627	NT=Orbitrap Fusion Lumos;AC=MS:1002732	NT=Trypsin;AC=MS:1001251	TMT131N	10	NT=higher energy beam-type collision-induced dissociation;AC=MS:1000422	5 ppm	0.6 Da	NT=dithiothreitol (DTT);AC=PRIDE:0000608	NT=methyl methanethiosulfonate (MMTS);AC=PRIDE:0000605	NT=Methylthio;AC=UNIMOD:39;TA=C;MT=Fixed	NT=Oxidation;AC=UNIMOD:35;TA=M;MT=Variable	NT=TMTpro;AC=UNIMOD:2016;TA=K;MT=Fixed	NT=TMTpro;AC=UNIMOD:2016;PP=Any N-term;MT=Fixed	4 hour	NIPC T2
set1-R36	Rattus norvegicus	heart	2	not applicable	tissue	4 hour	NIPC T2	adult	not available	not available	no	Lumos_220614_71-TMT131N	proteomic profiling by mass spectrometry	1	Lumos_220614_71.raw	v1.1.0	NT=ms-proteomics;VV=v1.1.0	NT=vertebrates;VV=v1.1.0	manual curation	NT=Data-dependent acquisition;AC=PRIDE:0000627	NT=Orbitrap Fusion Lumos;AC=MS:1002732	NT=Trypsin;AC=MS:1001251	TMT131N	11	NT=higher energy beam-type collision-induced dissociation;AC=MS:1000422	5 ppm	0.6 Da	NT=dithiothreitol (DTT);AC=PRIDE:0000608	NT=methyl methanethiosulfonate (MMTS);AC=PRIDE:0000605	NT=Methylthio;AC=UNIMOD:39;TA=C;MT=Fixed	NT=Oxidation;AC=UNIMOD:35;TA=M;MT=Variable	NT=TMTpro;AC=UNIMOD:2016;TA=K;MT=Fixed	NT=TMTpro;AC=UNIMOD:2016;PP=Any N-term;MT=Fixed	4 hour	NIPC T2
set1-R36	Rattus norvegicus	heart	2	not applicable	tissue	4 hour	NIPC T2	adult	not available	not available	no	Lumos_220614_72-TMT131N	proteomic profiling by mass spectrometry	1	Lumos_220614_72.raw	v1.1.0	NT=ms-proteomics;VV=v1.1.0	NT=vertebrates;VV=v1.1.0	manual curation	NT=Data-dependent acquisition;AC=PRIDE:0000627	NT=Orbitrap Fusion Lumos;AC=MS:1002732	NT=Trypsin;AC=MS:1001251	TMT131N	12	NT=higher energy beam-type collision-induced dissociation;AC=MS:1000422	5 ppm	0.6 Da	NT=dithiothreitol (DTT);AC=PRIDE:0000608	NT=methyl methanethiosulfonate (MMTS);AC=PRIDE:0000605	NT=Methylthio;AC=UNIMOD:39;TA=C;MT=Fixed	NT=Oxidation;AC=UNIMOD:35;TA=M;MT=Variable	NT=TMTpro;AC=UNIMOD:2016;TA=K;MT=Fixed	NT=TMTpro;AC=UNIMOD:2016;PP=Any N-term;MT=Fixed	4 hour	NIPC T2
set1-R36	Rattus norvegicus	heart	2	not applicable	tissue	4 hour	NIPC T2	adult	not available	not available	no	Lumos_220614_73-TMT131N	proteomic profiling by mass spectrometry	1	Lumos_220614_73.raw	v1.1.0	NT=ms-proteomics;VV=v1.1.0	NT=vertebrates;VV=v1.1.0	manual curation	NT=Data-dependent acquisition;AC=PRIDE:0000627	NT=Orbitrap Fusion Lumos;AC=MS:1002732	NT=Trypsin;AC=MS:1001251	TMT131N	13	NT=higher energy beam-type collision-induced dissociation;AC=MS:1000422	5 ppm	0.6 Da	NT=dithiothreitol (DTT);AC=PRIDE:0000608	NT=methyl methanethiosulfonate (MMTS);AC=PRIDE:0000605	NT=Methylthio;AC=UNIMOD:39;TA=C;MT=Fixed	NT=Oxidation;AC=UNIMOD:35;TA=M;MT=Variable	NT=TMTpro;AC=UNIMOD:2016;TA=K;MT=Fixed	NT=TMTpro;AC=UNIMOD:2016;PP=Any N-term;MT=Fixed	4 hour	NIPC T2
set1-R36	Rattus norvegicus	heart	2	not applicable	tissue	4 hour	NIPC T2	adult	not available	not available	no	Lumos_220614_74-TMT131N	proteomic profiling by mass spectrometry	1	Lumos_220614_74.raw	v1.1.0	NT=ms-proteomics;VV=v1.1.0	NT=vertebrates;VV=v1.1.0	manual curation	NT=Data-dependent acquisition;AC=PRIDE:0000627	NT=Orbitrap Fusion Lumos;AC=MS:1002732	NT=Trypsin;AC=MS:1001251	TMT131N	14	NT=higher energy beam-type collision-induced dissociation;AC=MS:1000422	5 ppm	0.6 Da	NT=dithiothreitol (DTT);AC=PRIDE:0000608	NT=methyl methanethiosulfonate (MMTS);AC=PRIDE:0000605	NT=Methylthio;AC=UNIMOD:39;TA=C;MT=Fixed	NT=Oxidation;AC=UNIMOD:35;TA=M;MT=Variable	NT=TMTpro;AC=UNIMOD:2016;TA=K;MT=Fixed	NT=TMTpro;AC=UNIMOD:2016;PP=Any N-term;MT=Fixed	4 hour	NIPC T2
set1-R36	Rattus norvegicus	heart	2	not applicable	tissue	4 hour	NIPC T2	adult	not available	not available	no	Lumos_220614_75-TMT131N	proteomic profiling by mass spectrometry	1	Lumos_220614_75.raw	v1.1.0	NT=ms-proteomics;VV=v1.1.0	NT=vertebrates;VV=v1.1.0	manual curation	NT=Data-dependent acquisition;AC=PRIDE:0000627	NT=Orbitrap Fusion Lumos;AC=MS:1002732	NT=Trypsin;AC=MS:1001251	TMT131N	15	NT=higher energy beam-type collision-induced dissociation;AC=MS:1000422	5 ppm	0.6 Da	NT=dithiothreitol (DTT);AC=PRIDE:0000608	NT=methyl methanethiosulfonate (MMTS);AC=PRIDE:0000605	NT=Methylthio;AC=UNIMOD:39;TA=C;MT=Fixed	NT=Oxidation;AC=UNIMOD:35;TA=M;MT=Variable	NT=TMTpro;AC=UNIMOD:2016;TA=K;MT=Fixed	NT=TMTpro;AC=UNIMOD:2016;PP=Any N-term;MT=Fixed	4 hour	NIPC T2
set1-R36	Rattus norvegicus	heart	2	not applicable	tissue	4 hour	NIPC T2	adult	not available	not available	no	Lumos_220614_76-TMT131N	proteomic profiling by mass spectrometry	1	Lumos_220614_76.raw	v1.1.0	NT=ms-proteomics;VV=v1.1.0	NT=vertebrates;VV=v1.1.0	manual curation	NT=Data-dependent acquisition;AC=PRIDE:0000627	NT=Orbitrap Fusion Lumos;AC=MS:1002732	NT=Trypsin;AC=MS:1001251	TMT131N	16	NT=higher energy beam-type collision-induced dissociation;AC=MS:1000422	5 ppm	0.6 Da	NT=dithiothreitol (DTT);AC=PRIDE:0000608	NT=methyl methanethiosulfonate (MMTS);AC=PRIDE:0000605	NT=Methylthio;AC=UNIMOD:39;TA=C;MT=Fixed	NT=Oxidation;AC=UNIMOD:35;TA=M;MT=Variable	NT=TMTpro;AC=UNIMOD:2016;TA=K;MT=Fixed	NT=TMTpro;AC=UNIMOD:2016;PP=Any N-term;MT=Fixed	4 hour	NIPC T2
set1-R36	Rattus norvegicus	heart	2	not applicable	tissue	4 hour	NIPC T2	adult	not available	not available	no	Lumos_220614_77-TMT131N	proteomic profiling by mass spectrometry	1	Lumos_220614_77.raw	v1.1.0	NT=ms-proteomics;VV=v1.1.0	NT=vertebrates;VV=v1.1.0	manual curation	NT=Data-dependent acquisition;AC=PRIDE:0000627	NT=Orbitrap Fusion Lumos;AC=MS:1002732	NT=Trypsin;AC=MS:1001251	TMT131N	17	NT=higher energy beam-type collision-induced dissociation;AC=MS:1000422	5 ppm	0.6 Da	NT=dithiothreitol (DTT);AC=PRIDE:0000608	NT=methyl methanethiosulfonate (MMTS);AC=PRIDE:0000605	NT=Methylthio;AC=UNIMOD:39;TA=C;MT=Fixed	NT=Oxidation;AC=UNIMOD:35;TA=M;MT=Variable	NT=TMTpro;AC=UNIMOD:2016;TA=K;MT=Fixed	NT=TMTpro;AC=UNIMOD:2016;PP=Any N-term;MT=Fixed	4 hour	NIPC T2
set1-R36	Rattus norvegicus	heart	2	not applicable	tissue	4 hour	NIPC T2	adult	not available	not available	no	Lumos_220614_78-TMT131N	proteomic profiling by mass spectrometry	1	Lumos_220614_78.raw	v1.1.0	NT=ms-proteomics;VV=v1.1.0	NT=vertebrates;VV=v1.1.0	manual curation	NT=Data-dependent acquisition;AC=PRIDE:0000627	NT=Orbitrap Fusion Lumos;AC=MS:1002732	NT=Trypsin;AC=MS:1001251	TMT131N	18	NT=higher energy beam-type collision-induced dissociation;AC=MS:1000422	5 ppm	0.6 Da	NT=dithiothreitol (DTT);AC=PRIDE:0000608	NT=methyl methanethiosulfonate (MMTS);AC=PRIDE:0000605	NT=Methylthio;AC=UNIMOD:39;TA=C;MT=Fixed	NT=Oxidation;AC=UNIMOD:35;TA=M;MT=Variable	NT=TMTpro;AC=UNIMOD:2016;TA=K;MT=Fixed	NT=TMTpro;AC=UNIMOD:2016;PP=Any N-term;MT=Fixed	4 hour	NIPC T2
set1-R36	Rattus norvegicus	heart	2	not applicable	tissue	4 hour	NIPC T2	adult	not available	not available	no	Lumos_220614_79-TMT131N	proteomic profiling by mass spectrometry	1	Lumos_220614_79.raw	v1.1.0	NT=ms-proteomics;VV=v1.1.0	NT=vertebrates;VV=v1.1.0	manual curation	NT=Data-dependent acquisition;AC=PRIDE:0000627	NT=Orbitrap Fusion Lumos;AC=MS:1002732	NT=Trypsin;AC=MS:1001251	TMT131N	19	NT=higher energy beam-type collision-induced dissociation;AC=MS:1000422	5 ppm	0.6 Da	NT=dithiothreitol (DTT);AC=PRIDE:0000608	NT=methyl methanethiosulfonate (MMTS);AC=PRIDE:0000605	NT=Methylthio;AC=UNIMOD:39;TA=C;MT=Fixed	NT=Oxidation;AC=UNIMOD:35;TA=M;MT=Variable	NT=TMTpro;AC=UNIMOD:2016;TA=K;MT=Fixed	NT=TMTpro;AC=UNIMOD:2016;PP=Any N-term;MT=Fixed	4 hour	NIPC T2
set1-R36	Rattus norvegicus	heart	2	not applicable	tissue	4 hour	NIPC T2	adult	not available	not available	no	Lumos_220614_80-TMT131N	proteomic profiling by mass spectrometry	1	Lumos_220614_80.raw	v1.1.0	NT=ms-proteomics;VV=v1.1.0	NT=vertebrates;VV=v1.1.0	manual curation	NT=Data-dependent acquisition;AC=PRIDE:0000627	NT=Orbitrap Fusion Lumos;AC=MS:1002732	NT=Trypsin;AC=MS:1001251	TMT131N	20	NT=higher energy beam-type collision-induced dissociation;AC=MS:1000422	5 ppm	0.6 Da	NT=dithiothreitol (DTT);AC=PRIDE:0000608	NT=methyl methanethiosulfonate (MMTS);AC=PRIDE:0000605	NT=Methylthio;AC=UNIMOD:39;TA=C;MT=Fixed	NT=Oxidation;AC=UNIMOD:35;TA=M;MT=Variable	NT=TMTpro;AC=UNIMOD:2016;TA=K;MT=Fixed	NT=TMTpro;AC=UNIMOD:2016;PP=Any N-term;MT=Fixed	4 hour	NIPC T2
set1-R36	Rattus norvegicus	heart	2	not applicable	tissue	4 hour	NIPC T2	adult	not available	not available	no	Lumos_220614_81-TMT131N	proteomic profiling by mass spectrometry	1	Lumos_220614_81.raw	v1.1.0	NT=ms-proteomics;VV=v1.1.0	NT=vertebrates;VV=v1.1.0	manual curation	NT=Data-dependent acquisition;AC=PRIDE:0000627	NT=Orbitrap Fusion Lumos;AC=MS:1002732	NT=Trypsin;AC=MS:1001251	TMT131N	21	NT=higher energy beam-type collision-induced dissociation;AC=MS:1000422	5 ppm	0.6 Da	NT=dithiothreitol (DTT);AC=PRIDE:0000608	NT=methyl methanethiosulfonate (MMTS);AC=PRIDE:0000605	NT=Methylthio;AC=UNIMOD:39;TA=C;MT=Fixed	NT=Oxidation;AC=UNIMOD:35;TA=M;MT=Variable	NT=TMTpro;AC=UNIMOD:2016;TA=K;MT=Fixed	NT=TMTpro;AC=UNIMOD:2016;PP=Any N-term;MT=Fixed	4 hour	NIPC T2
set1-R36	Rattus norvegicus	heart	2	not applicable	tissue	4 hour	NIPC T2	adult	not available	not available	no	Lumos_220614_82-TMT131N	proteomic profiling by mass spectrometry	1	Lumos_220614_82.raw	v1.1.0	NT=ms-proteomics;VV=v1.1.0	NT=vertebrates;VV=v1.1.0	manual curation	NT=Data-dependent acquisition;AC=PRIDE:0000627	NT=Orbitrap Fusion Lumos;AC=MS:1002732	NT=Trypsin;AC=MS:1001251	TMT131N	22	NT=higher energy beam-type collision-induced dissociation;AC=MS:1000422	5 ppm	0.6 Da	NT=dithiothreitol (DTT);AC=PRIDE:0000608	NT=methyl methanethiosulfonate (MMTS);AC=PRIDE:0000605	NT=Methylthio;AC=UNIMOD:39;TA=C;MT=Fixed	NT=Oxidation;AC=UNIMOD:35;TA=M;MT=Variable	NT=TMTpro;AC=UNIMOD:2016;TA=K;MT=Fixed	NT=TMTpro;AC=UNIMOD:2016;PP=Any N-term;MT=Fixed	4 hour	NIPC T2
set1-R36	Rattus norvegicus	heart	2	not applicable	tissue	4 hour	NIPC T2	adult	not available	not available	no	Lumos_220614_83-TMT131N	proteomic profiling by mass spectrometry	1	Lumos_220614_83.raw	v1.1.0	NT=ms-proteomics;VV=v1.1.0	NT=vertebrates;VV=v1.1.0	manual curation	NT=Data-dependent acquisition;AC=PRIDE:0000627	NT=Orbitrap Fusion Lumos;AC=MS:1002732	NT=Trypsin;AC=MS:1001251	TMT131N	23	NT=higher energy beam-type collision-induced dissociation;AC=MS:1000422	5 ppm	0.6 Da	NT=dithiothreitol (DTT);AC=PRIDE:0000608	NT=methyl methanethiosulfonate (MMTS);AC=PRIDE:0000605	NT=Methylthio;AC=UNIMOD:39;TA=C;MT=Fixed	NT=Oxidation;AC=UNIMOD:35;TA=M;MT=Variable	NT=TMTpro;AC=UNIMOD:2016;TA=K;MT=Fixed	NT=TMTpro;AC=UNIMOD:2016;PP=Any N-term;MT=Fixed	4 hour	NIPC T2
set1-R8	Rattus norvegicus	heart	3	not applicable	tissue	4 hour	NIPC T2	adult	not available	not available	no	Lumos_220614_61-TMT131C	proteomic profiling by mass spectrometry	1	Lumos_220614_61.raw	v1.1.0	NT=ms-proteomics;VV=v1.1.0	NT=vertebrates;VV=v1.1.0	manual curation	NT=Data-dependent acquisition;AC=PRIDE:0000627	NT=Orbitrap Fusion Lumos;AC=MS:1002732	NT=Trypsin;AC=MS:1001251	TMT131C	1	NT=higher energy beam-type collision-induced dissociation;AC=MS:1000422	5 ppm	0.6 Da	NT=dithiothreitol (DTT);AC=PRIDE:0000608	NT=methyl methanethiosulfonate (MMTS);AC=PRIDE:0000605	NT=Methylthio;AC=UNIMOD:39;TA=C;MT=Fixed	NT=Oxidation;AC=UNIMOD:35;TA=M;MT=Variable	NT=TMTpro;AC=UNIMOD:2016;TA=K;MT=Fixed	NT=TMTpro;AC=UNIMOD:2016;PP=Any N-term;MT=Fixed	4 hour	NIPC T2
set1-R8	Rattus norvegicus	heart	3	not applicable	tissue	4 hour	NIPC T2	adult	not available	not available	no	Lumos_220614_62-TMT131C	proteomic profiling by mass spectrometry	1	Lumos_220614_62.raw	v1.1.0	NT=ms-proteomics;VV=v1.1.0	NT=vertebrates;VV=v1.1.0	manual curation	NT=Data-dependent acquisition;AC=PRIDE:0000627	NT=Orbitrap Fusion Lumos;AC=MS:1002732	NT=Trypsin;AC=MS:1001251	TMT131C	2	NT=higher energy beam-type collision-induced dissociation;AC=MS:1000422	5 ppm	0.6 Da	NT=dithiothreitol (DTT);AC=PRIDE:0000608	NT=methyl methanethiosulfonate (MMTS);AC=PRIDE:0000605	NT=Methylthio;AC=UNIMOD:39;TA=C;MT=Fixed	NT=Oxidation;AC=UNIMOD:35;TA=M;MT=Variable	NT=TMTpro;AC=UNIMOD:2016;TA=K;MT=Fixed	NT=TMTpro;AC=UNIMOD:2016;PP=Any N-term;MT=Fixed	4 hour	NIPC T2
set1-R8	Rattus norvegicus	heart	3	not applicable	tissue	4 hour	NIPC T2	adult	not available	not available	no	Lumos_220614_63-TMT131C	proteomic profiling by mass spectrometry	1	Lumos_220614_63.raw	v1.1.0	NT=ms-proteomics;VV=v1.1.0	NT=vertebrates;VV=v1.1.0	manual curation	NT=Data-dependent acquisition;AC=PRIDE:0000627	NT=Orbitrap Fusion Lumos;AC=MS:1002732	NT=Trypsin;AC=MS:1001251	TMT131C	3	NT=higher energy beam-type collision-induced dissociation;AC=MS:1000422	5 ppm	0.6 Da	NT=dithiothreitol (DTT);AC=PRIDE:0000608	NT=methyl methanethiosulfonate (MMTS);AC=PRIDE:0000605	NT=Methylthio;AC=UNIMOD:39;TA=C;MT=Fixed	NT=Oxidation;AC=UNIMOD:35;TA=M;MT=Variable	NT=TMTpro;AC=UNIMOD:2016;TA=K;MT=Fixed	NT=TMTpro;AC=UNIMOD:2016;PP=Any N-term;MT=Fixed	4 hour	NIPC T2
set1-R8	Rattus norvegicus	heart	3	not applicable	tissue	4 hour	NIPC T2	adult	not available	not available	no	Lumos_220614_64-TMT131C	proteomic profiling by mass spectrometry	1	Lumos_220614_64.raw	v1.1.0	NT=ms-proteomics;VV=v1.1.0	NT=vertebrates;VV=v1.1.0	manual curation	NT=Data-dependent acquisition;AC=PRIDE:0000627	NT=Orbitrap Fusion Lumos;AC=MS:1002732	NT=Trypsin;AC=MS:1001251	TMT131C	4	NT=higher energy beam-type collision-induced dissociation;AC=MS:1000422	5 ppm	0.6 Da	NT=dithiothreitol (DTT);AC=PRIDE:0000608	NT=methyl methanethiosulfonate (MMTS);AC=PRIDE:0000605	NT=Methylthio;AC=UNIMOD:39;TA=C;MT=Fixed	NT=Oxidation;AC=UNIMOD:35;TA=M;MT=Variable	NT=TMTpro;AC=UNIMOD:2016;TA=K;MT=Fixed	NT=TMTpro;AC=UNIMOD:2016;PP=Any N-term;MT=Fixed	4 hour	NIPC T2
set1-R8	Rattus norvegicus	heart	3	not applicable	tissue	4 hour	NIPC T2	adult	not available	not available	no	Lumos_220614_65-TMT131C	proteomic profiling by mass spectrometry	1	Lumos_220614_65.raw	v1.1.0	NT=ms-proteomics;VV=v1.1.0	NT=vertebrates;VV=v1.1.0	manual curation	NT=Data-dependent acquisition;AC=PRIDE:0000627	NT=Orbitrap Fusion Lumos;AC=MS:1002732	NT=Trypsin;AC=MS:1001251	TMT131C	5	NT=higher energy beam-type collision-induced dissociation;AC=MS:1000422	5 ppm	0.6 Da	NT=dithiothreitol (DTT);AC=PRIDE:0000608	NT=methyl methanethiosulfonate (MMTS);AC=PRIDE:0000605	NT=Methylthio;AC=UNIMOD:39;TA=C;MT=Fixed	NT=Oxidation;AC=UNIMOD:35;TA=M;MT=Variable	NT=TMTpro;AC=UNIMOD:2016;TA=K;MT=Fixed	NT=TMTpro;AC=UNIMOD:2016;PP=Any N-term;MT=Fixed	4 hour	NIPC T2
set1-R8	Rattus norvegicus	heart	3	not applicable	tissue	4 hour	NIPC T2	adult	not available	not available	no	Lumos_220614_66-TMT131C	proteomic profiling by mass spectrometry	1	Lumos_220614_66.raw	v1.1.0	NT=ms-proteomics;VV=v1.1.0	NT=vertebrates;VV=v1.1.0	manual curation	NT=Data-dependent acquisition;AC=PRIDE:0000627	NT=Orbitrap Fusion Lumos;AC=MS:1002732	NT=Trypsin;AC=MS:1001251	TMT131C	6	NT=higher energy beam-type collision-induced dissociation;AC=MS:1000422	5 ppm	0.6 Da	NT=dithiothreitol (DTT);AC=PRIDE:0000608	NT=methyl methanethiosulfonate (MMTS);AC=PRIDE:0000605	NT=Methylthio;AC=UNIMOD:39;TA=C;MT=Fixed	NT=Oxidation;AC=UNIMOD:35;TA=M;MT=Variable	NT=TMTpro;AC=UNIMOD:2016;TA=K;MT=Fixed	NT=TMTpro;AC=UNIMOD:2016;PP=Any N-term;MT=Fixed	4 hour	NIPC T2
set1-R8	Rattus norvegicus	heart	3	not applicable	tissue	4 hour	NIPC T2	adult	not available	not available	no	Lumos_220614_67-TMT131C	proteomic profiling by mass spectrometry	1	Lumos_220614_67.raw	v1.1.0	NT=ms-proteomics;VV=v1.1.0	NT=vertebrates;VV=v1.1.0	manual curation	NT=Data-dependent acquisition;AC=PRIDE:0000627	NT=Orbitrap Fusion Lumos;AC=MS:1002732	NT=Trypsin;AC=MS:1001251	TMT131C	7	NT=higher energy beam-type collision-induced dissociation;AC=MS:1000422	5 ppm	0.6 Da	NT=dithiothreitol (DTT);AC=PRIDE:0000608	NT=methyl methanethiosulfonate (MMTS);AC=PRIDE:0000605	NT=Methylthio;AC=UNIMOD:39;TA=C;MT=Fixed	NT=Oxidation;AC=UNIMOD:35;TA=M;MT=Variable	NT=TMTpro;AC=UNIMOD:2016;TA=K;MT=Fixed	NT=TMTpro;AC=UNIMOD:2016;PP=Any N-term;MT=Fixed	4 hour	NIPC T2
set1-R8	Rattus norvegicus	heart	3	not applicable	tissue	4 hour	NIPC T2	adult	not available	not available	no	Lumos_220614_68-TMT131C	proteomic profiling by mass spectrometry	1	Lumos_220614_68.raw	v1.1.0	NT=ms-proteomics;VV=v1.1.0	NT=vertebrates;VV=v1.1.0	manual curation	NT=Data-dependent acquisition;AC=PRIDE:0000627	NT=Orbitrap Fusion Lumos;AC=MS:1002732	NT=Trypsin;AC=MS:1001251	TMT131C	8	NT=higher energy beam-type collision-induced dissociation;AC=MS:1000422	5 ppm	0.6 Da	NT=dithiothreitol (DTT);AC=PRIDE:0000608	NT=methyl methanethiosulfonate (MMTS);AC=PRIDE:0000605	NT=Methylthio;AC=UNIMOD:39;TA=C;MT=Fixed	NT=Oxidation;AC=UNIMOD:35;TA=M;MT=Variable	NT=TMTpro;AC=UNIMOD:2016;TA=K;MT=Fixed	NT=TMTpro;AC=UNIMOD:2016;PP=Any N-term;MT=Fixed	4 hour	NIPC T2
set1-R8	Rattus norvegicus	heart	3	not applicable	tissue	4 hour	NIPC T2	adult	not available	not available	no	Lumos_220614_69-TMT131C	proteomic profiling by mass spectrometry	1	Lumos_220614_69.raw	v1.1.0	NT=ms-proteomics;VV=v1.1.0	NT=vertebrates;VV=v1.1.0	manual curation	NT=Data-dependent acquisition;AC=PRIDE:0000627	NT=Orbitrap Fusion Lumos;AC=MS:1002732	NT=Trypsin;AC=MS:1001251	TMT131C	9	NT=higher energy beam-type collision-induced dissociation;AC=MS:1000422	5 ppm	0.6 Da	NT=dithiothreitol (DTT);AC=PRIDE:0000608	NT=methyl methanethiosulfonate (MMTS);AC=PRIDE:0000605	NT=Methylthio;AC=UNIMOD:39;TA=C;MT=Fixed	NT=Oxidation;AC=UNIMOD:35;TA=M;MT=Variable	NT=TMTpro;AC=UNIMOD:2016;TA=K;MT=Fixed	NT=TMTpro;AC=UNIMOD:2016;PP=Any N-term;MT=Fixed	4 hour	NIPC T2
set1-R8	Rattus norvegicus	heart	3	not applicable	tissue	4 hour	NIPC T2	adult	not available	not available	no	Lumos_220614_70-TMT131C	proteomic profiling by mass spectrometry	1	Lumos_220614_70.raw	v1.1.0	NT=ms-proteomics;VV=v1.1.0	NT=vertebrates;VV=v1.1.0	manual curation	NT=Data-dependent acquisition;AC=PRIDE:0000627	NT=Orbitrap Fusion Lumos;AC=MS:1002732	NT=Trypsin;AC=MS:1001251	TMT131C	10	NT=higher energy beam-type collision-induced dissociation;AC=MS:1000422	5 ppm	0.6 Da	NT=dithiothreitol (DTT);AC=PRIDE:0000608	NT=methyl methanethiosulfonate (MMTS);AC=PRIDE:0000605	NT=Methylthio;AC=UNIMOD:39;TA=C;MT=Fixed	NT=Oxidation;AC=UNIMOD:35;TA=M;MT=Variable	NT=TMTpro;AC=UNIMOD:2016;TA=K;MT=Fixed	NT=TMTpro;AC=UNIMOD:2016;PP=Any N-term;MT=Fixed	4 hour	NIPC T2
set1-R8	Rattus norvegicus	heart	3	not applicable	tissue	4 hour	NIPC T2	adult	not available	not available	no	Lumos_220614_71-TMT131C	proteomic profiling by mass spectrometry	1	Lumos_220614_71.raw	v1.1.0	NT=ms-proteomics;VV=v1.1.0	NT=vertebrates;VV=v1.1.0	manual curation	NT=Data-dependent acquisition;AC=PRIDE:0000627	NT=Orbitrap Fusion Lumos;AC=MS:1002732	NT=Trypsin;AC=MS:1001251	TMT131C	11	NT=higher energy beam-type collision-induced dissociation;AC=MS:1000422	5 ppm	0.6 Da	NT=dithiothreitol (DTT);AC=PRIDE:0000608	NT=methyl methanethiosulfonate (MMTS);AC=PRIDE:0000605	NT=Methylthio;AC=UNIMOD:39;TA=C;MT=Fixed	NT=Oxidation;AC=UNIMOD:35;TA=M;MT=Variable	NT=TMTpro;AC=UNIMOD:2016;TA=K;MT=Fixed	NT=TMTpro;AC=UNIMOD:2016;PP=Any N-term;MT=Fixed	4 hour	NIPC T2
set1-R8	Rattus norvegicus	heart	3	not applicable	tissue	4 hour	NIPC T2	adult	not available	not available	no	Lumos_220614_72-TMT131C	proteomic profiling by mass spectrometry	1	Lumos_220614_72.raw	v1.1.0	NT=ms-proteomics;VV=v1.1.0	NT=vertebrates;VV=v1.1.0	manual curation	NT=Data-dependent acquisition;AC=PRIDE:0000627	NT=Orbitrap Fusion Lumos;AC=MS:1002732	NT=Trypsin;AC=MS:1001251	TMT131C	12	NT=higher energy beam-type collision-induced dissociation;AC=MS:1000422	5 ppm	0.6 Da	NT=dithiothreitol (DTT);AC=PRIDE:0000608	NT=methyl methanethiosulfonate (MMTS);AC=PRIDE:0000605	NT=Methylthio;AC=UNIMOD:39;TA=C;MT=Fixed	NT=Oxidation;AC=UNIMOD:35;TA=M;MT=Variable	NT=TMTpro;AC=UNIMOD:2016;TA=K;MT=Fixed	NT=TMTpro;AC=UNIMOD:2016;PP=Any N-term;MT=Fixed	4 hour	NIPC T2
set1-R8	Rattus norvegicus	heart	3	not applicable	tissue	4 hour	NIPC T2	adult	not available	not available	no	Lumos_220614_73-TMT131C	proteomic profiling by mass spectrometry	1	Lumos_220614_73.raw	v1.1.0	NT=ms-proteomics;VV=v1.1.0	NT=vertebrates;VV=v1.1.0	manual curation	NT=Data-dependent acquisition;AC=PRIDE:0000627	NT=Orbitrap Fusion Lumos;AC=MS:1002732	NT=Trypsin;AC=MS:1001251	TMT131C	13	NT=higher energy beam-type collision-induced dissociation;AC=MS:1000422	5 ppm	0.6 Da	NT=dithiothreitol (DTT);AC=PRIDE:0000608	NT=methyl methanethiosulfonate (MMTS);AC=PRIDE:0000605	NT=Methylthio;AC=UNIMOD:39;TA=C;MT=Fixed	NT=Oxidation;AC=UNIMOD:35;TA=M;MT=Variable	NT=TMTpro;AC=UNIMOD:2016;TA=K;MT=Fixed	NT=TMTpro;AC=UNIMOD:2016;PP=Any N-term;MT=Fixed	4 hour	NIPC T2
set1-R8	Rattus norvegicus	heart	3	not applicable	tissue	4 hour	NIPC T2	adult	not available	not available	no	Lumos_220614_74-TMT131C	proteomic profiling by mass spectrometry	1	Lumos_220614_74.raw	v1.1.0	NT=ms-proteomics;VV=v1.1.0	NT=vertebrates;VV=v1.1.0	manual curation	NT=Data-dependent acquisition;AC=PRIDE:0000627	NT=Orbitrap Fusion Lumos;AC=MS:1002732	NT=Trypsin;AC=MS:1001251	TMT131C	14	NT=higher energy beam-type collision-induced dissociation;AC=MS:1000422	5 ppm	0.6 Da	NT=dithiothreitol (DTT);AC=PRIDE:0000608	NT=methyl methanethiosulfonate (MMTS);AC=PRIDE:0000605	NT=Methylthio;AC=UNIMOD:39;TA=C;MT=Fixed	NT=Oxidation;AC=UNIMOD:35;TA=M;MT=Variable	NT=TMTpro;AC=UNIMOD:2016;TA=K;MT=Fixed	NT=TMTpro;AC=UNIMOD:2016;PP=Any N-term;MT=Fixed	4 hour	NIPC T2
set1-R8	Rattus norvegicus	heart	3	not applicable	tissue	4 hour	NIPC T2	adult	not available	not available	no	Lumos_220614_75-TMT131C	proteomic profiling by mass spectrometry	1	Lumos_220614_75.raw	v1.1.0	NT=ms-proteomics;VV=v1.1.0	NT=vertebrates;VV=v1.1.0	manual curation	NT=Data-dependent acquisition;AC=PRIDE:0000627	NT=Orbitrap Fusion Lumos;AC=MS:1002732	NT=Trypsin;AC=MS:1001251	TMT131C	15	NT=higher energy beam-type collision-induced dissociation;AC=MS:1000422	5 ppm	0.6 Da	NT=dithiothreitol (DTT);AC=PRIDE:0000608	NT=methyl methanethiosulfonate (MMTS);AC=PRIDE:0000605	NT=Methylthio;AC=UNIMOD:39;TA=C;MT=Fixed	NT=Oxidation;AC=UNIMOD:35;TA=M;MT=Variable	NT=TMTpro;AC=UNIMOD:2016;TA=K;MT=Fixed	NT=TMTpro;AC=UNIMOD:2016;PP=Any N-term;MT=Fixed	4 hour	NIPC T2
set1-R8	Rattus norvegicus	heart	3	not applicable	tissue	4 hour	NIPC T2	adult	not available	not available	no	Lumos_220614_76-TMT131C	proteomic profiling by mass spectrometry	1	Lumos_220614_76.raw	v1.1.0	NT=ms-proteomics;VV=v1.1.0	NT=vertebrates;VV=v1.1.0	manual curation	NT=Data-dependent acquisition;AC=PRIDE:0000627	NT=Orbitrap Fusion Lumos;AC=MS:1002732	NT=Trypsin;AC=MS:1001251	TMT131C	16	NT=higher energy beam-type collision-induced dissociation;AC=MS:1000422	5 ppm	0.6 Da	NT=dithiothreitol (DTT);AC=PRIDE:0000608	NT=methyl methanethiosulfonate (MMTS);AC=PRIDE:0000605	NT=Methylthio;AC=UNIMOD:39;TA=C;MT=Fixed	NT=Oxidation;AC=UNIMOD:35;TA=M;MT=Variable	NT=TMTpro;AC=UNIMOD:2016;TA=K;MT=Fixed	NT=TMTpro;AC=UNIMOD:2016;PP=Any N-term;MT=Fixed	4 hour	NIPC T2
set1-R8	Rattus norvegicus	heart	3	not applicable	tissue	4 hour	NIPC T2	adult	not available	not available	no	Lumos_220614_77-TMT131C	proteomic profiling by mass spectrometry	1	Lumos_220614_77.raw	v1.1.0	NT=ms-proteomics;VV=v1.1.0	NT=vertebrates;VV=v1.1.0	manual curation	NT=Data-dependent acquisition;AC=PRIDE:0000627	NT=Orbitrap Fusion Lumos;AC=MS:1002732	NT=Trypsin;AC=MS:1001251	TMT131C	17	NT=higher energy beam-type collision-induced dissociation;AC=MS:1000422	5 ppm	0.6 Da	NT=dithiothreitol (DTT);AC=PRIDE:0000608	NT=methyl methanethiosulfonate (MMTS);AC=PRIDE:0000605	NT=Methylthio;AC=UNIMOD:39;TA=C;MT=Fixed	NT=Oxidation;AC=UNIMOD:35;TA=M;MT=Variable	NT=TMTpro;AC=UNIMOD:2016;TA=K;MT=Fixed	NT=TMTpro;AC=UNIMOD:2016;PP=Any N-term;MT=Fixed	4 hour	NIPC T2
set1-R8	Rattus norvegicus	heart	3	not applicable	tissue	4 hour	NIPC T2	adult	not available	not available	no	Lumos_220614_78-TMT131C	proteomic profiling by mass spectrometry	1	Lumos_220614_78.raw	v1.1.0	NT=ms-proteomics;VV=v1.1.0	NT=vertebrates;VV=v1.1.0	manual curation	NT=Data-dependent acquisition;AC=PRIDE:0000627	NT=Orbitrap Fusion Lumos;AC=MS:1002732	NT=Trypsin;AC=MS:1001251	TMT131C	18	NT=higher energy beam-type collision-induced dissociation;AC=MS:1000422	5 ppm	0.6 Da	NT=dithiothreitol (DTT);AC=PRIDE:0000608	NT=methyl methanethiosulfonate (MMTS);AC=PRIDE:0000605	NT=Methylthio;AC=UNIMOD:39;TA=C;MT=Fixed	NT=Oxidation;AC=UNIMOD:35;TA=M;MT=Variable	NT=TMTpro;AC=UNIMOD:2016;TA=K;MT=Fixed	NT=TMTpro;AC=UNIMOD:2016;PP=Any N-term;MT=Fixed	4 hour	NIPC T2
set1-R8	Rattus norvegicus	heart	3	not applicable	tissue	4 hour	NIPC T2	adult	not available	not available	no	Lumos_220614_79-TMT131C	proteomic profiling by mass spectrometry	1	Lumos_220614_79.raw	v1.1.0	NT=ms-proteomics;VV=v1.1.0	NT=vertebrates;VV=v1.1.0	manual curation	NT=Data-dependent acquisition;AC=PRIDE:0000627	NT=Orbitrap Fusion Lumos;AC=MS:1002732	NT=Trypsin;AC=MS:1001251	TMT131C	19	NT=higher energy beam-type collision-induced dissociation;AC=MS:1000422	5 ppm	0.6 Da	NT=dithiothreitol (DTT);AC=PRIDE:0000608	NT=methyl methanethiosulfonate (MMTS);AC=PRIDE:0000605	NT=Methylthio;AC=UNIMOD:39;TA=C;MT=Fixed	NT=Oxidation;AC=UNIMOD:35;TA=M;MT=Variable	NT=TMTpro;AC=UNIMOD:2016;TA=K;MT=Fixed	NT=TMTpro;AC=UNIMOD:2016;PP=Any N-term;MT=Fixed	4 hour	NIPC T2
set1-R8	Rattus norvegicus	heart	3	not applicable	tissue	4 hour	NIPC T2	adult	not available	not available	no	Lumos_220614_80-TMT131C	proteomic profiling by mass spectrometry	1	Lumos_220614_80.raw	v1.1.0	NT=ms-proteomics;VV=v1.1.0	NT=vertebrates;VV=v1.1.0	manual curation	NT=Data-dependent acquisition;AC=PRIDE:0000627	NT=Orbitrap Fusion Lumos;AC=MS:1002732	NT=Trypsin;AC=MS:1001251	TMT131C	20	NT=higher energy beam-type collision-induced dissociation;AC=MS:1000422	5 ppm	0.6 Da	NT=dithiothreitol (DTT);AC=PRIDE:0000608	NT=methyl methanethiosulfonate (MMTS);AC=PRIDE:0000605	NT=Methylthio;AC=UNIMOD:39;TA=C;MT=Fixed	NT=Oxidation;AC=UNIMOD:35;TA=M;MT=Variable	NT=TMTpro;AC=UNIMOD:2016;TA=K;MT=Fixed	NT=TMTpro;AC=UNIMOD:2016;PP=Any N-term;MT=Fixed	4 hour	NIPC T2
set1-R8	Rattus norvegicus	heart	3	not applicable	tissue	4 hour	NIPC T2	adult	not available	not available	no	Lumos_220614_81-TMT131C	proteomic profiling by mass spectrometry	1	Lumos_220614_81.raw	v1.1.0	NT=ms-proteomics;VV=v1.1.0	NT=vertebrates;VV=v1.1.0	manual curation	NT=Data-dependent acquisition;AC=PRIDE:0000627	NT=Orbitrap Fusion Lumos;AC=MS:1002732	NT=Trypsin;AC=MS:1001251	TMT131C	21	NT=higher energy beam-type collision-induced dissociation;AC=MS:1000422	5 ppm	0.6 Da	NT=dithiothreitol (DTT);AC=PRIDE:0000608	NT=methyl methanethiosulfonate (MMTS);AC=PRIDE:0000605	NT=Methylthio;AC=UNIMOD:39;TA=C;MT=Fixed	NT=Oxidation;AC=UNIMOD:35;TA=M;MT=Variable	NT=TMTpro;AC=UNIMOD:2016;TA=K;MT=Fixed	NT=TMTpro;AC=UNIMOD:2016;PP=Any N-term;MT=Fixed	4 hour	NIPC T2
set1-R8	Rattus norvegicus	heart	3	not applicable	tissue	4 hour	NIPC T2	adult	not available	not available	no	Lumos_220614_82-TMT131C	proteomic profiling by mass spectrometry	1	Lumos_220614_82.raw	v1.1.0	NT=ms-proteomics;VV=v1.1.0	NT=vertebrates;VV=v1.1.0	manual curation	NT=Data-dependent acquisition;AC=PRIDE:0000627	NT=Orbitrap Fusion Lumos;AC=MS:1002732	NT=Trypsin;AC=MS:1001251	TMT131C	22	NT=higher energy beam-type collision-induced dissociation;AC=MS:1000422	5 ppm	0.6 Da	NT=dithiothreitol (DTT);AC=PRIDE:0000608	NT=methyl methanethiosulfonate (MMTS);AC=PRIDE:0000605	NT=Methylthio;AC=UNIMOD:39;TA=C;MT=Fixed	NT=Oxidation;AC=UNIMOD:35;TA=M;MT=Variable	NT=TMTpro;AC=UNIMOD:2016;TA=K;MT=Fixed	NT=TMTpro;AC=UNIMOD:2016;PP=Any N-term;MT=Fixed	4 hour	NIPC T2
set1-R8	Rattus norvegicus	heart	3	not applicable	tissue	4 hour	NIPC T2	adult	not available	not available	no	Lumos_220614_83-TMT131C	proteomic profiling by mass spectrometry	1	Lumos_220614_83.raw	v1.1.0	NT=ms-proteomics;VV=v1.1.0	NT=vertebrates;VV=v1.1.0	manual curation	NT=Data-dependent acquisition;AC=PRIDE:0000627	NT=Orbitrap Fusion Lumos;AC=MS:1002732	NT=Trypsin;AC=MS:1001251	TMT131C	23	NT=higher energy beam-type collision-induced dissociation;AC=MS:1000422	5 ppm	0.6 Da	NT=dithiothreitol (DTT);AC=PRIDE:0000608	NT=methyl methanethiosulfonate (MMTS);AC=PRIDE:0000605	NT=Methylthio;AC=UNIMOD:39;TA=C;MT=Fixed	NT=Oxidation;AC=UNIMOD:35;TA=M;MT=Variable	NT=TMTpro;AC=UNIMOD:2016;TA=K;MT=Fixed	NT=TMTpro;AC=UNIMOD:2016;PP=Any N-term;MT=Fixed	4 hour	NIPC T2
set1-R32	Rattus norvegicus	heart	4	not applicable	tissue	4 hour	NIPC T2	adult	not available	not available	no	Lumos_220614_61-TMT132N	proteomic profiling by mass spectrometry	1	Lumos_220614_61.raw	v1.1.0	NT=ms-proteomics;VV=v1.1.0	NT=vertebrates;VV=v1.1.0	manual curation	NT=Data-dependent acquisition;AC=PRIDE:0000627	NT=Orbitrap Fusion Lumos;AC=MS:1002732	NT=Trypsin;AC=MS:1001251	TMT132N	1	NT=higher energy beam-type collision-induced dissociation;AC=MS:1000422	5 ppm	0.6 Da	NT=dithiothreitol (DTT);AC=PRIDE:0000608	NT=methyl methanethiosulfonate (MMTS);AC=PRIDE:0000605	NT=Methylthio;AC=UNIMOD:39;TA=C;MT=Fixed	NT=Oxidation;AC=UNIMOD:35;TA=M;MT=Variable	NT=TMTpro;AC=UNIMOD:2016;TA=K;MT=Fixed	NT=TMTpro;AC=UNIMOD:2016;PP=Any N-term;MT=Fixed	4 hour	NIPC T2
set1-R32	Rattus norvegicus	heart	4	not applicable	tissue	4 hour	NIPC T2	adult	not available	not available	no	Lumos_220614_62-TMT132N	proteomic profiling by mass spectrometry	1	Lumos_220614_62.raw	v1.1.0	NT=ms-proteomics;VV=v1.1.0	NT=vertebrates;VV=v1.1.0	manual curation	NT=Data-dependent acquisition;AC=PRIDE:0000627	NT=Orbitrap Fusion Lumos;AC=MS:1002732	NT=Trypsin;AC=MS:1001251	TMT132N	2	NT=higher energy beam-type collision-induced dissociation;AC=MS:1000422	5 ppm	0.6 Da	NT=dithiothreitol (DTT);AC=PRIDE:0000608	NT=methyl methanethiosulfonate (MMTS);AC=PRIDE:0000605	NT=Methylthio;AC=UNIMOD:39;TA=C;MT=Fixed	NT=Oxidation;AC=UNIMOD:35;TA=M;MT=Variable	NT=TMTpro;AC=UNIMOD:2016;TA=K;MT=Fixed	NT=TMTpro;AC=UNIMOD:2016;PP=Any N-term;MT=Fixed	4 hour	NIPC T2
set1-R32	Rattus norvegicus	heart	4	not applicable	tissue	4 hour	NIPC T2	adult	not available	not available	no	Lumos_220614_63-TMT132N	proteomic profiling by mass spectrometry	1	Lumos_220614_63.raw	v1.1.0	NT=ms-proteomics;VV=v1.1.0	NT=vertebrates;VV=v1.1.0	manual curation	NT=Data-dependent acquisition;AC=PRIDE:0000627	NT=Orbitrap Fusion Lumos;AC=MS:1002732	NT=Trypsin;AC=MS:1001251	TMT132N	3	NT=higher energy beam-type collision-induced dissociation;AC=MS:1000422	5 ppm	0.6 Da	NT=dithiothreitol (DTT);AC=PRIDE:0000608	NT=methyl methanethiosulfonate (MMTS);AC=PRIDE:0000605	NT=Methylthio;AC=UNIMOD:39;TA=C;MT=Fixed	NT=Oxidation;AC=UNIMOD:35;TA=M;MT=Variable	NT=TMTpro;AC=UNIMOD:2016;TA=K;MT=Fixed	NT=TMTpro;AC=UNIMOD:2016;PP=Any N-term;MT=Fixed	4 hour	NIPC T2
set1-R32	Rattus norvegicus	heart	4	not applicable	tissue	4 hour	NIPC T2	adult	not available	not available	no	Lumos_220614_64-TMT132N	proteomic profiling by mass spectrometry	1	Lumos_220614_64.raw	v1.1.0	NT=ms-proteomics;VV=v1.1.0	NT=vertebrates;VV=v1.1.0	manual curation	NT=Data-dependent acquisition;AC=PRIDE:0000627	NT=Orbitrap Fusion Lumos;AC=MS:1002732	NT=Trypsin;AC=MS:1001251	TMT132N	4	NT=higher energy beam-type collision-induced dissociation;AC=MS:1000422	5 ppm	0.6 Da	NT=dithiothreitol (DTT);AC=PRIDE:0000608	NT=methyl methanethiosulfonate (MMTS);AC=PRIDE:0000605	NT=Methylthio;AC=UNIMOD:39;TA=C;MT=Fixed	NT=Oxidation;AC=UNIMOD:35;TA=M;MT=Variable	NT=TMTpro;AC=UNIMOD:2016;TA=K;MT=Fixed	NT=TMTpro;AC=UNIMOD:2016;PP=Any N-term;MT=Fixed	4 hour	NIPC T2
set1-R32	Rattus norvegicus	heart	4	not applicable	tissue	4 hour	NIPC T2	adult	not available	not available	no	Lumos_220614_65-TMT132N	proteomic profiling by mass spectrometry	1	Lumos_220614_65.raw	v1.1.0	NT=ms-proteomics;VV=v1.1.0	NT=vertebrates;VV=v1.1.0	manual curation	NT=Data-dependent acquisition;AC=PRIDE:0000627	NT=Orbitrap Fusion Lumos;AC=MS:1002732	NT=Trypsin;AC=MS:1001251	TMT132N	5	NT=higher energy beam-type collision-induced dissociation;AC=MS:1000422	5 ppm	0.6 Da	NT=dithiothreitol (DTT);AC=PRIDE:0000608	NT=methyl methanethiosulfonate (MMTS);AC=PRIDE:0000605	NT=Methylthio;AC=UNIMOD:39;TA=C;MT=Fixed	NT=Oxidation;AC=UNIMOD:35;TA=M;MT=Variable	NT=TMTpro;AC=UNIMOD:2016;TA=K;MT=Fixed	NT=TMTpro;AC=UNIMOD:2016;PP=Any N-term;MT=Fixed	4 hour	NIPC T2
set1-R32	Rattus norvegicus	heart	4	not applicable	tissue	4 hour	NIPC T2	adult	not available	not available	no	Lumos_220614_66-TMT132N	proteomic profiling by mass spectrometry	1	Lumos_220614_66.raw	v1.1.0	NT=ms-proteomics;VV=v1.1.0	NT=vertebrates;VV=v1.1.0	manual curation	NT=Data-dependent acquisition;AC=PRIDE:0000627	NT=Orbitrap Fusion Lumos;AC=MS:1002732	NT=Trypsin;AC=MS:1001251	TMT132N	6	NT=higher energy beam-type collision-induced dissociation;AC=MS:1000422	5 ppm	0.6 Da	NT=dithiothreitol (DTT);AC=PRIDE:0000608	NT=methyl methanethiosulfonate (MMTS);AC=PRIDE:0000605	NT=Methylthio;AC=UNIMOD:39;TA=C;MT=Fixed	NT=Oxidation;AC=UNIMOD:35;TA=M;MT=Variable	NT=TMTpro;AC=UNIMOD:2016;TA=K;MT=Fixed	NT=TMTpro;AC=UNIMOD:2016;PP=Any N-term;MT=Fixed	4 hour	NIPC T2
set1-R32	Rattus norvegicus	heart	4	not applicable	tissue	4 hour	NIPC T2	adult	not available	not available	no	Lumos_220614_67-TMT132N	proteomic profiling by mass spectrometry	1	Lumos_220614_67.raw	v1.1.0	NT=ms-proteomics;VV=v1.1.0	NT=vertebrates;VV=v1.1.0	manual curation	NT=Data-dependent acquisition;AC=PRIDE:0000627	NT=Orbitrap Fusion Lumos;AC=MS:1002732	NT=Trypsin;AC=MS:1001251	TMT132N	7	NT=higher energy beam-type collision-induced dissociation;AC=MS:1000422	5 ppm	0.6 Da	NT=dithiothreitol (DTT);AC=PRIDE:0000608	NT=methyl methanethiosulfonate (MMTS);AC=PRIDE:0000605	NT=Methylthio;AC=UNIMOD:39;TA=C;MT=Fixed	NT=Oxidation;AC=UNIMOD:35;TA=M;MT=Variable	NT=TMTpro;AC=UNIMOD:2016;TA=K;MT=Fixed	NT=TMTpro;AC=UNIMOD:2016;PP=Any N-term;MT=Fixed	4 hour	NIPC T2
set1-R32	Rattus norvegicus	heart	4	not applicable	tissue	4 hour	NIPC T2	adult	not available	not available	no	Lumos_220614_68-TMT132N	proteomic profiling by mass spectrometry	1	Lumos_220614_68.raw	v1.1.0	NT=ms-proteomics;VV=v1.1.0	NT=vertebrates;VV=v1.1.0	manual curation	NT=Data-dependent acquisition;AC=PRIDE:0000627	NT=Orbitrap Fusion Lumos;AC=MS:1002732	NT=Trypsin;AC=MS:1001251	TMT132N	8	NT=higher energy beam-type collision-induced dissociation;AC=MS:1000422	5 ppm	0.6 Da	NT=dithiothreitol (DTT);AC=PRIDE:0000608	NT=methyl methanethiosulfonate (MMTS);AC=PRIDE:0000605	NT=Methylthio;AC=UNIMOD:39;TA=C;MT=Fixed	NT=Oxidation;AC=UNIMOD:35;TA=M;MT=Variable	NT=TMTpro;AC=UNIMOD:2016;TA=K;MT=Fixed	NT=TMTpro;AC=UNIMOD:2016;PP=Any N-term;MT=Fixed	4 hour	NIPC T2
set1-R32	Rattus norvegicus	heart	4	not applicable	tissue	4 hour	NIPC T2	adult	not available	not available	no	Lumos_220614_69-TMT132N	proteomic profiling by mass spectrometry	1	Lumos_220614_69.raw	v1.1.0	NT=ms-proteomics;VV=v1.1.0	NT=vertebrates;VV=v1.1.0	manual curation	NT=Data-dependent acquisition;AC=PRIDE:0000627	NT=Orbitrap Fusion Lumos;AC=MS:1002732	NT=Trypsin;AC=MS:1001251	TMT132N	9	NT=higher energy beam-type collision-induced dissociation;AC=MS:1000422	5 ppm	0.6 Da	NT=dithiothreitol (DTT);AC=PRIDE:0000608	NT=methyl methanethiosulfonate (MMTS);AC=PRIDE:0000605	NT=Methylthio;AC=UNIMOD:39;TA=C;MT=Fixed	NT=Oxidation;AC=UNIMOD:35;TA=M;MT=Variable	NT=TMTpro;AC=UNIMOD:2016;TA=K;MT=Fixed	NT=TMTpro;AC=UNIMOD:2016;PP=Any N-term;MT=Fixed	4 hour	NIPC T2
set1-R32	Rattus norvegicus	heart	4	not applicable	tissue	4 hour	NIPC T2	adult	not available	not available	no	Lumos_220614_70-TMT132N	proteomic profiling by mass spectrometry	1	Lumos_220614_70.raw	v1.1.0	NT=ms-proteomics;VV=v1.1.0	NT=vertebrates;VV=v1.1.0	manual curation	NT=Data-dependent acquisition;AC=PRIDE:0000627	NT=Orbitrap Fusion Lumos;AC=MS:1002732	NT=Trypsin;AC=MS:1001251	TMT132N	10	NT=higher energy beam-type collision-induced dissociation;AC=MS:1000422	5 ppm	0.6 Da	NT=dithiothreitol (DTT);AC=PRIDE:0000608	NT=methyl methanethiosulfonate (MMTS);AC=PRIDE:0000605	NT=Methylthio;AC=UNIMOD:39;TA=C;MT=Fixed	NT=Oxidation;AC=UNIMOD:35;TA=M;MT=Variable	NT=TMTpro;AC=UNIMOD:2016;TA=K;MT=Fixed	NT=TMTpro;AC=UNIMOD:2016;PP=Any N-term;MT=Fixed	4 hour	NIPC T2
set1-R32	Rattus norvegicus	heart	4	not applicable	tissue	4 hour	NIPC T2	adult	not available	not available	no	Lumos_220614_71-TMT132N	proteomic profiling by mass spectrometry	1	Lumos_220614_71.raw	v1.1.0	NT=ms-proteomics;VV=v1.1.0	NT=vertebrates;VV=v1.1.0	manual curation	NT=Data-dependent acquisition;AC=PRIDE:0000627	NT=Orbitrap Fusion Lumos;AC=MS:1002732	NT=Trypsin;AC=MS:1001251	TMT132N	11	NT=higher energy beam-type collision-induced dissociation;AC=MS:1000422	5 ppm	0.6 Da	NT=dithiothreitol (DTT);AC=PRIDE:0000608	NT=methyl methanethiosulfonate (MMTS);AC=PRIDE:0000605	NT=Methylthio;AC=UNIMOD:39;TA=C;MT=Fixed	NT=Oxidation;AC=UNIMOD:35;TA=M;MT=Variable	NT=TMTpro;AC=UNIMOD:2016;TA=K;MT=Fixed	NT=TMTpro;AC=UNIMOD:2016;PP=Any N-term;MT=Fixed	4 hour	NIPC T2
set1-R32	Rattus norvegicus	heart	4	not applicable	tissue	4 hour	NIPC T2	adult	not available	not available	no	Lumos_220614_72-TMT132N	proteomic profiling by mass spectrometry	1	Lumos_220614_72.raw	v1.1.0	NT=ms-proteomics;VV=v1.1.0	NT=vertebrates;VV=v1.1.0	manual curation	NT=Data-dependent acquisition;AC=PRIDE:0000627	NT=Orbitrap Fusion Lumos;AC=MS:1002732	NT=Trypsin;AC=MS:1001251	TMT132N	12	NT=higher energy beam-type collision-induced dissociation;AC=MS:1000422	5 ppm	0.6 Da	NT=dithiothreitol (DTT);AC=PRIDE:0000608	NT=methyl methanethiosulfonate (MMTS);AC=PRIDE:0000605	NT=Methylthio;AC=UNIMOD:39;TA=C;MT=Fixed	NT=Oxidation;AC=UNIMOD:35;TA=M;MT=Variable	NT=TMTpro;AC=UNIMOD:2016;TA=K;MT=Fixed	NT=TMTpro;AC=UNIMOD:2016;PP=Any N-term;MT=Fixed	4 hour	NIPC T2
set1-R32	Rattus norvegicus	heart	4	not applicable	tissue	4 hour	NIPC T2	adult	not available	not available	no	Lumos_220614_73-TMT132N	proteomic profiling by mass spectrometry	1	Lumos_220614_73.raw	v1.1.0	NT=ms-proteomics;VV=v1.1.0	NT=vertebrates;VV=v1.1.0	manual curation	NT=Data-dependent acquisition;AC=PRIDE:0000627	NT=Orbitrap Fusion Lumos;AC=MS:1002732	NT=Trypsin;AC=MS:1001251	TMT132N	13	NT=higher energy beam-type collision-induced dissociation;AC=MS:1000422	5 ppm	0.6 Da	NT=dithiothreitol (DTT);AC=PRIDE:0000608	NT=methyl methanethiosulfonate (MMTS);AC=PRIDE:0000605	NT=Methylthio;AC=UNIMOD:39;TA=C;MT=Fixed	NT=Oxidation;AC=UNIMOD:35;TA=M;MT=Variable	NT=TMTpro;AC=UNIMOD:2016;TA=K;MT=Fixed	NT=TMTpro;AC=UNIMOD:2016;PP=Any N-term;MT=Fixed	4 hour	NIPC T2
set1-R32	Rattus norvegicus	heart	4	not applicable	tissue	4 hour	NIPC T2	adult	not available	not available	no	Lumos_220614_74-TMT132N	proteomic profiling by mass spectrometry	1	Lumos_220614_74.raw	v1.1.0	NT=ms-proteomics;VV=v1.1.0	NT=vertebrates;VV=v1.1.0	manual curation	NT=Data-dependent acquisition;AC=PRIDE:0000627	NT=Orbitrap Fusion Lumos;AC=MS:1002732	NT=Trypsin;AC=MS:1001251	TMT132N	14	NT=higher energy beam-type collision-induced dissociation;AC=MS:1000422	5 ppm	0.6 Da	NT=dithiothreitol (DTT);AC=PRIDE:0000608	NT=methyl methanethiosulfonate (MMTS);AC=PRIDE:0000605	NT=Methylthio;AC=UNIMOD:39;TA=C;MT=Fixed	NT=Oxidation;AC=UNIMOD:35;TA=M;MT=Variable	NT=TMTpro;AC=UNIMOD:2016;TA=K;MT=Fixed	NT=TMTpro;AC=UNIMOD:2016;PP=Any N-term;MT=Fixed	4 hour	NIPC T2
set1-R32	Rattus norvegicus	heart	4	not applicable	tissue	4 hour	NIPC T2	adult	not available	not available	no	Lumos_220614_75-TMT132N	proteomic profiling by mass spectrometry	1	Lumos_220614_75.raw	v1.1.0	NT=ms-proteomics;VV=v1.1.0	NT=vertebrates;VV=v1.1.0	manual curation	NT=Data-dependent acquisition;AC=PRIDE:0000627	NT=Orbitrap Fusion Lumos;AC=MS:1002732	NT=Trypsin;AC=MS:1001251	TMT132N	15	NT=higher energy beam-type collision-induced dissociation;AC=MS:1000422	5 ppm	0.6 Da	NT=dithiothreitol (DTT);AC=PRIDE:0000608	NT=methyl methanethiosulfonate (MMTS);AC=PRIDE:0000605	NT=Methylthio;AC=UNIMOD:39;TA=C;MT=Fixed	NT=Oxidation;AC=UNIMOD:35;TA=M;MT=Variable	NT=TMTpro;AC=UNIMOD:2016;TA=K;MT=Fixed	NT=TMTpro;AC=UNIMOD:2016;PP=Any N-term;MT=Fixed	4 hour	NIPC T2
set1-R32	Rattus norvegicus	heart	4	not applicable	tissue	4 hour	NIPC T2	adult	not available	not available	no	Lumos_220614_76-TMT132N	proteomic profiling by mass spectrometry	1	Lumos_220614_76.raw	v1.1.0	NT=ms-proteomics;VV=v1.1.0	NT=vertebrates;VV=v1.1.0	manual curation	NT=Data-dependent acquisition;AC=PRIDE:0000627	NT=Orbitrap Fusion Lumos;AC=MS:1002732	NT=Trypsin;AC=MS:1001251	TMT132N	16	NT=higher energy beam-type collision-induced dissociation;AC=MS:1000422	5 ppm	0.6 Da	NT=dithiothreitol (DTT);AC=PRIDE:0000608	NT=methyl methanethiosulfonate (MMTS);AC=PRIDE:0000605	NT=Methylthio;AC=UNIMOD:39;TA=C;MT=Fixed	NT=Oxidation;AC=UNIMOD:35;TA=M;MT=Variable	NT=TMTpro;AC=UNIMOD:2016;TA=K;MT=Fixed	NT=TMTpro;AC=UNIMOD:2016;PP=Any N-term;MT=Fixed	4 hour	NIPC T2
set1-R32	Rattus norvegicus	heart	4	not applicable	tissue	4 hour	NIPC T2	adult	not available	not available	no	Lumos_220614_77-TMT132N	proteomic profiling by mass spectrometry	1	Lumos_220614_77.raw	v1.1.0	NT=ms-proteomics;VV=v1.1.0	NT=vertebrates;VV=v1.1.0	manual curation	NT=Data-dependent acquisition;AC=PRIDE:0000627	NT=Orbitrap Fusion Lumos;AC=MS:1002732	NT=Trypsin;AC=MS:1001251	TMT132N	17	NT=higher energy beam-type collision-induced dissociation;AC=MS:1000422	5 ppm	0.6 Da	NT=dithiothreitol (DTT);AC=PRIDE:0000608	NT=methyl methanethiosulfonate (MMTS);AC=PRIDE:0000605	NT=Methylthio;AC=UNIMOD:39;TA=C;MT=Fixed	NT=Oxidation;AC=UNIMOD:35;TA=M;MT=Variable	NT=TMTpro;AC=UNIMOD:2016;TA=K;MT=Fixed	NT=TMTpro;AC=UNIMOD:2016;PP=Any N-term;MT=Fixed	4 hour	NIPC T2
set1-R32	Rattus norvegicus	heart	4	not applicable	tissue	4 hour	NIPC T2	adult	not available	not available	no	Lumos_220614_78-TMT132N	proteomic profiling by mass spectrometry	1	Lumos_220614_78.raw	v1.1.0	NT=ms-proteomics;VV=v1.1.0	NT=vertebrates;VV=v1.1.0	manual curation	NT=Data-dependent acquisition;AC=PRIDE:0000627	NT=Orbitrap Fusion Lumos;AC=MS:1002732	NT=Trypsin;AC=MS:1001251	TMT132N	18	NT=higher energy beam-type collision-induced dissociation;AC=MS:1000422	5 ppm	0.6 Da	NT=dithiothreitol (DTT);AC=PRIDE:0000608	NT=methyl methanethiosulfonate (MMTS);AC=PRIDE:0000605	NT=Methylthio;AC=UNIMOD:39;TA=C;MT=Fixed	NT=Oxidation;AC=UNIMOD:35;TA=M;MT=Variable	NT=TMTpro;AC=UNIMOD:2016;TA=K;MT=Fixed	NT=TMTpro;AC=UNIMOD:2016;PP=Any N-term;MT=Fixed	4 hour	NIPC T2
set1-R32	Rattus norvegicus	heart	4	not applicable	tissue	4 hour	NIPC T2	adult	not available	not available	no	Lumos_220614_79-TMT132N	proteomic profiling by mass spectrometry	1	Lumos_220614_79.raw	v1.1.0	NT=ms-proteomics;VV=v1.1.0	NT=vertebrates;VV=v1.1.0	manual curation	NT=Data-dependent acquisition;AC=PRIDE:0000627	NT=Orbitrap Fusion Lumos;AC=MS:1002732	NT=Trypsin;AC=MS:1001251	TMT132N	19	NT=higher energy beam-type collision-induced dissociation;AC=MS:1000422	5 ppm	0.6 Da	NT=dithiothreitol (DTT);AC=PRIDE:0000608	NT=methyl methanethiosulfonate (MMTS);AC=PRIDE:0000605	NT=Methylthio;AC=UNIMOD:39;TA=C;MT=Fixed	NT=Oxidation;AC=UNIMOD:35;TA=M;MT=Variable	NT=TMTpro;AC=UNIMOD:2016;TA=K;MT=Fixed	NT=TMTpro;AC=UNIMOD:2016;PP=Any N-term;MT=Fixed	4 hour	NIPC T2
set1-R32	Rattus norvegicus	heart	4	not applicable	tissue	4 hour	NIPC T2	adult	not available	not available	no	Lumos_220614_80-TMT132N	proteomic profiling by mass spectrometry	1	Lumos_220614_80.raw	v1.1.0	NT=ms-proteomics;VV=v1.1.0	NT=vertebrates;VV=v1.1.0	manual curation	NT=Data-dependent acquisition;AC=PRIDE:0000627	NT=Orbitrap Fusion Lumos;AC=MS:1002732	NT=Trypsin;AC=MS:1001251	TMT132N	20	NT=higher energy beam-type collision-induced dissociation;AC=MS:1000422	5 ppm	0.6 Da	NT=dithiothreitol (DTT);AC=PRIDE:0000608	NT=methyl methanethiosulfonate (MMTS);AC=PRIDE:0000605	NT=Methylthio;AC=UNIMOD:39;TA=C;MT=Fixed	NT=Oxidation;AC=UNIMOD:35;TA=M;MT=Variable	NT=TMTpro;AC=UNIMOD:2016;TA=K;MT=Fixed	NT=TMTpro;AC=UNIMOD:2016;PP=Any N-term;MT=Fixed	4 hour	NIPC T2
set1-R32	Rattus norvegicus	heart	4	not applicable	tissue	4 hour	NIPC T2	adult	not available	not available	no	Lumos_220614_81-TMT132N	proteomic profiling by mass spectrometry	1	Lumos_220614_81.raw	v1.1.0	NT=ms-proteomics;VV=v1.1.0	NT=vertebrates;VV=v1.1.0	manual curation	NT=Data-dependent acquisition;AC=PRIDE:0000627	NT=Orbitrap Fusion Lumos;AC=MS:1002732	NT=Trypsin;AC=MS:1001251	TMT132N	21	NT=higher energy beam-type collision-induced dissociation;AC=MS:1000422	5 ppm	0.6 Da	NT=dithiothreitol (DTT);AC=PRIDE:0000608	NT=methyl methanethiosulfonate (MMTS);AC=PRIDE:0000605	NT=Methylthio;AC=UNIMOD:39;TA=C;MT=Fixed	NT=Oxidation;AC=UNIMOD:35;TA=M;MT=Variable	NT=TMTpro;AC=UNIMOD:2016;TA=K;MT=Fixed	NT=TMTpro;AC=UNIMOD:2016;PP=Any N-term;MT=Fixed	4 hour	NIPC T2
set1-R32	Rattus norvegicus	heart	4	not applicable	tissue	4 hour	NIPC T2	adult	not available	not available	no	Lumos_220614_82-TMT132N	proteomic profiling by mass spectrometry	1	Lumos_220614_82.raw	v1.1.0	NT=ms-proteomics;VV=v1.1.0	NT=vertebrates;VV=v1.1.0	manual curation	NT=Data-dependent acquisition;AC=PRIDE:0000627	NT=Orbitrap Fusion Lumos;AC=MS:1002732	NT=Trypsin;AC=MS:1001251	TMT132N	22	NT=higher energy beam-type collision-induced dissociation;AC=MS:1000422	5 ppm	0.6 Da	NT=dithiothreitol (DTT);AC=PRIDE:0000608	NT=methyl methanethiosulfonate (MMTS);AC=PRIDE:0000605	NT=Methylthio;AC=UNIMOD:39;TA=C;MT=Fixed	NT=Oxidation;AC=UNIMOD:35;TA=M;MT=Variable	NT=TMTpro;AC=UNIMOD:2016;TA=K;MT=Fixed	NT=TMTpro;AC=UNIMOD:2016;PP=Any N-term;MT=Fixed	4 hour	NIPC T2
set1-R32	Rattus norvegicus	heart	4	not applicable	tissue	4 hour	NIPC T2	adult	not available	not available	no	Lumos_220614_83-TMT132N	proteomic profiling by mass spectrometry	1	Lumos_220614_83.raw	v1.1.0	NT=ms-proteomics;VV=v1.1.0	NT=vertebrates;VV=v1.1.0	manual curation	NT=Data-dependent acquisition;AC=PRIDE:0000627	NT=Orbitrap Fusion Lumos;AC=MS:1002732	NT=Trypsin;AC=MS:1001251	TMT132N	23	NT=higher energy beam-type collision-induced dissociation;AC=MS:1000422	5 ppm	0.6 Da	NT=dithiothreitol (DTT);AC=PRIDE:0000608	NT=methyl methanethiosulfonate (MMTS);AC=PRIDE:0000605	NT=Methylthio;AC=UNIMOD:39;TA=C;MT=Fixed	NT=Oxidation;AC=UNIMOD:35;TA=M;MT=Variable	NT=TMTpro;AC=UNIMOD:2016;TA=K;MT=Fixed	NT=TMTpro;AC=UNIMOD:2016;PP=Any N-term;MT=Fixed	4 hour	NIPC T2
set1-R20	Rattus norvegicus	heart	1	not applicable	tissue	0 hour	IPC T1	adult	not available	not available	yes	Lumos_220614_61-TMT132C	proteomic profiling by mass spectrometry	1	Lumos_220614_61.raw	v1.1.0	NT=ms-proteomics;VV=v1.1.0	NT=vertebrates;VV=v1.1.0	manual curation	NT=Data-dependent acquisition;AC=PRIDE:0000627	NT=Orbitrap Fusion Lumos;AC=MS:1002732	NT=Trypsin;AC=MS:1001251	TMT132C	1	NT=higher energy beam-type collision-induced dissociation;AC=MS:1000422	5 ppm	0.6 Da	NT=dithiothreitol (DTT);AC=PRIDE:0000608	NT=methyl methanethiosulfonate (MMTS);AC=PRIDE:0000605	NT=Methylthio;AC=UNIMOD:39;TA=C;MT=Fixed	NT=Oxidation;AC=UNIMOD:35;TA=M;MT=Variable	NT=TMTpro;AC=UNIMOD:2016;TA=K;MT=Fixed	NT=TMTpro;AC=UNIMOD:2016;PP=Any N-term;MT=Fixed	0 hour	IPC T1
set1-R20	Rattus norvegicus	heart	1	not applicable	tissue	0 hour	IPC T1	adult	not available	not available	yes	Lumos_220614_62-TMT132C	proteomic profiling by mass spectrometry	1	Lumos_220614_62.raw	v1.1.0	NT=ms-proteomics;VV=v1.1.0	NT=vertebrates;VV=v1.1.0	manual curation	NT=Data-dependent acquisition;AC=PRIDE:0000627	NT=Orbitrap Fusion Lumos;AC=MS:1002732	NT=Trypsin;AC=MS:1001251	TMT132C	2	NT=higher energy beam-type collision-induced dissociation;AC=MS:1000422	5 ppm	0.6 Da	NT=dithiothreitol (DTT);AC=PRIDE:0000608	NT=methyl methanethiosulfonate (MMTS);AC=PRIDE:0000605	NT=Methylthio;AC=UNIMOD:39;TA=C;MT=Fixed	NT=Oxidation;AC=UNIMOD:35;TA=M;MT=Variable	NT=TMTpro;AC=UNIMOD:2016;TA=K;MT=Fixed	NT=TMTpro;AC=UNIMOD:2016;PP=Any N-term;MT=Fixed	0 hour	IPC T1
set1-R20	Rattus norvegicus	heart	1	not applicable	tissue	0 hour	IPC T1	adult	not available	not available	yes	Lumos_220614_63-TMT132C	proteomic profiling by mass spectrometry	1	Lumos_220614_63.raw	v1.1.0	NT=ms-proteomics;VV=v1.1.0	NT=vertebrates;VV=v1.1.0	manual curation	NT=Data-dependent acquisition;AC=PRIDE:0000627	NT=Orbitrap Fusion Lumos;AC=MS:1002732	NT=Trypsin;AC=MS:1001251	TMT132C	3	NT=higher energy beam-type collision-induced dissociation;AC=MS:1000422	5 ppm	0.6 Da	NT=dithiothreitol (DTT);AC=PRIDE:0000608	NT=methyl methanethiosulfonate (MMTS);AC=PRIDE:0000605	NT=Methylthio;AC=UNIMOD:39;TA=C;MT=Fixed	NT=Oxidation;AC=UNIMOD:35;TA=M;MT=Variable	NT=TMTpro;AC=UNIMOD:2016;TA=K;MT=Fixed	NT=TMTpro;AC=UNIMOD:2016;PP=Any N-term;MT=Fixed	0 hour	IPC T1
set1-R20	Rattus norvegicus	heart	1	not applicable	tissue	0 hour	IPC T1	adult	not available	not available	yes	Lumos_220614_64-TMT132C	proteomic profiling by mass spectrometry	1	Lumos_220614_64.raw	v1.1.0	NT=ms-proteomics;VV=v1.1.0	NT=vertebrates;VV=v1.1.0	manual curation	NT=Data-dependent acquisition;AC=PRIDE:0000627	NT=Orbitrap Fusion Lumos;AC=MS:1002732	NT=Trypsin;AC=MS:1001251	TMT132C	4	NT=higher energy beam-type collision-induced dissociation;AC=MS:1000422	5 ppm	0.6 Da	NT=dithiothreitol (DTT);AC=PRIDE:0000608	NT=methyl methanethiosulfonate (MMTS);AC=PRIDE:0000605	NT=Methylthio;AC=UNIMOD:39;TA=C;MT=Fixed	NT=Oxidation;AC=UNIMOD:35;TA=M;MT=Variable	NT=TMTpro;AC=UNIMOD:2016;TA=K;MT=Fixed	NT=TMTpro;AC=UNIMOD:2016;PP=Any N-term;MT=Fixed	0 hour	IPC T1
set1-R20	Rattus norvegicus	heart	1	not applicable	tissue	0 hour	IPC T1	adult	not available	not available	yes	Lumos_220614_65-TMT132C	proteomic profiling by mass spectrometry	1	Lumos_220614_65.raw	v1.1.0	NT=ms-proteomics;VV=v1.1.0	NT=vertebrates;VV=v1.1.0	manual curation	NT=Data-dependent acquisition;AC=PRIDE:0000627	NT=Orbitrap Fusion Lumos;AC=MS:1002732	NT=Trypsin;AC=MS:1001251	TMT132C	5	NT=higher energy beam-type collision-induced dissociation;AC=MS:1000422	5 ppm	0.6 Da	NT=dithiothreitol (DTT);AC=PRIDE:0000608	NT=methyl methanethiosulfonate (MMTS);AC=PRIDE:0000605	NT=Methylthio;AC=UNIMOD:39;TA=C;MT=Fixed	NT=Oxidation;AC=UNIMOD:35;TA=M;MT=Variable	NT=TMTpro;AC=UNIMOD:2016;TA=K;MT=Fixed	NT=TMTpro;AC=UNIMOD:2016;PP=Any N-term;MT=Fixed	0 hour	IPC T1
set1-R20	Rattus norvegicus	heart	1	not applicable	tissue	0 hour	IPC T1	adult	not available	not available	yes	Lumos_220614_66-TMT132C	proteomic profiling by mass spectrometry	1	Lumos_220614_66.raw	v1.1.0	NT=ms-proteomics;VV=v1.1.0	NT=vertebrates;VV=v1.1.0	manual curation	NT=Data-dependent acquisition;AC=PRIDE:0000627	NT=Orbitrap Fusion Lumos;AC=MS:1002732	NT=Trypsin;AC=MS:1001251	TMT132C	6	NT=higher energy beam-type collision-induced dissociation;AC=MS:1000422	5 ppm	0.6 Da	NT=dithiothreitol (DTT);AC=PRIDE:0000608	NT=methyl methanethiosulfonate (MMTS);AC=PRIDE:0000605	NT=Methylthio;AC=UNIMOD:39;TA=C;MT=Fixed	NT=Oxidation;AC=UNIMOD:35;TA=M;MT=Variable	NT=TMTpro;AC=UNIMOD:2016;TA=K;MT=Fixed	NT=TMTpro;AC=UNIMOD:2016;PP=Any N-term;MT=Fixed	0 hour	IPC T1
set1-R20	Rattus norvegicus	heart	1	not applicable	tissue	0 hour	IPC T1	adult	not available	not available	yes	Lumos_220614_67-TMT132C	proteomic profiling by mass spectrometry	1	Lumos_220614_67.raw	v1.1.0	NT=ms-proteomics;VV=v1.1.0	NT=vertebrates;VV=v1.1.0	manual curation	NT=Data-dependent acquisition;AC=PRIDE:0000627	NT=Orbitrap Fusion Lumos;AC=MS:1002732	NT=Trypsin;AC=MS:1001251	TMT132C	7	NT=higher energy beam-type collision-induced dissociation;AC=MS:1000422	5 ppm	0.6 Da	NT=dithiothreitol (DTT);AC=PRIDE:0000608	NT=methyl methanethiosulfonate (MMTS);AC=PRIDE:0000605	NT=Methylthio;AC=UNIMOD:39;TA=C;MT=Fixed	NT=Oxidation;AC=UNIMOD:35;TA=M;MT=Variable	NT=TMTpro;AC=UNIMOD:2016;TA=K;MT=Fixed	NT=TMTpro;AC=UNIMOD:2016;PP=Any N-term;MT=Fixed	0 hour	IPC T1
set1-R20	Rattus norvegicus	heart	1	not applicable	tissue	0 hour	IPC T1	adult	not available	not available	yes	Lumos_220614_68-TMT132C	proteomic profiling by mass spectrometry	1	Lumos_220614_68.raw	v1.1.0	NT=ms-proteomics;VV=v1.1.0	NT=vertebrates;VV=v1.1.0	manual curation	NT=Data-dependent acquisition;AC=PRIDE:0000627	NT=Orbitrap Fusion Lumos;AC=MS:1002732	NT=Trypsin;AC=MS:1001251	TMT132C	8	NT=higher energy beam-type collision-induced dissociation;AC=MS:1000422	5 ppm	0.6 Da	NT=dithiothreitol (DTT);AC=PRIDE:0000608	NT=methyl methanethiosulfonate (MMTS);AC=PRIDE:0000605	NT=Methylthio;AC=UNIMOD:39;TA=C;MT=Fixed	NT=Oxidation;AC=UNIMOD:35;TA=M;MT=Variable	NT=TMTpro;AC=UNIMOD:2016;TA=K;MT=Fixed	NT=TMTpro;AC=UNIMOD:2016;PP=Any N-term;MT=Fixed	0 hour	IPC T1
set1-R20	Rattus norvegicus	heart	1	not applicable	tissue	0 hour	IPC T1	adult	not available	not available	yes	Lumos_220614_69-TMT132C	proteomic profiling by mass spectrometry	1	Lumos_220614_69.raw	v1.1.0	NT=ms-proteomics;VV=v1.1.0	NT=vertebrates;VV=v1.1.0	manual curation	NT=Data-dependent acquisition;AC=PRIDE:0000627	NT=Orbitrap Fusion Lumos;AC=MS:1002732	NT=Trypsin;AC=MS:1001251	TMT132C	9	NT=higher energy beam-type collision-induced dissociation;AC=MS:1000422	5 ppm	0.6 Da	NT=dithiothreitol (DTT);AC=PRIDE:0000608	NT=methyl methanethiosulfonate (MMTS);AC=PRIDE:0000605	NT=Methylthio;AC=UNIMOD:39;TA=C;MT=Fixed	NT=Oxidation;AC=UNIMOD:35;TA=M;MT=Variable	NT=TMTpro;AC=UNIMOD:2016;TA=K;MT=Fixed	NT=TMTpro;AC=UNIMOD:2016;PP=Any N-term;MT=Fixed	0 hour	IPC T1
set1-R20	Rattus norvegicus	heart	1	not applicable	tissue	0 hour	IPC T1	adult	not available	not available	yes	Lumos_220614_70-TMT132C	proteomic profiling by mass spectrometry	1	Lumos_220614_70.raw	v1.1.0	NT=ms-proteomics;VV=v1.1.0	NT=vertebrates;VV=v1.1.0	manual curation	NT=Data-dependent acquisition;AC=PRIDE:0000627	NT=Orbitrap Fusion Lumos;AC=MS:1002732	NT=Trypsin;AC=MS:1001251	TMT132C	10	NT=higher energy beam-type collision-induced dissociation;AC=MS:1000422	5 ppm	0.6 Da	NT=dithiothreitol (DTT);AC=PRIDE:0000608	NT=methyl methanethiosulfonate (MMTS);AC=PRIDE:0000605	NT=Methylthio;AC=UNIMOD:39;TA=C;MT=Fixed	NT=Oxidation;AC=UNIMOD:35;TA=M;MT=Variable	NT=TMTpro;AC=UNIMOD:2016;TA=K;MT=Fixed	NT=TMTpro;AC=UNIMOD:2016;PP=Any N-term;MT=Fixed	0 hour	IPC T1
set1-R20	Rattus norvegicus	heart	1	not applicable	tissue	0 hour	IPC T1	adult	not available	not available	yes	Lumos_220614_71-TMT132C	proteomic profiling by mass spectrometry	1	Lumos_220614_71.raw	v1.1.0	NT=ms-proteomics;VV=v1.1.0	NT=vertebrates;VV=v1.1.0	manual curation	NT=Data-dependent acquisition;AC=PRIDE:0000627	NT=Orbitrap Fusion Lumos;AC=MS:1002732	NT=Trypsin;AC=MS:1001251	TMT132C	11	NT=higher energy beam-type collision-induced dissociation;AC=MS:1000422	5 ppm	0.6 Da	NT=dithiothreitol (DTT);AC=PRIDE:0000608	NT=methyl methanethiosulfonate (MMTS);AC=PRIDE:0000605	NT=Methylthio;AC=UNIMOD:39;TA=C;MT=Fixed	NT=Oxidation;AC=UNIMOD:35;TA=M;MT=Variable	NT=TMTpro;AC=UNIMOD:2016;TA=K;MT=Fixed	NT=TMTpro;AC=UNIMOD:2016;PP=Any N-term;MT=Fixed	0 hour	IPC T1
set1-R20	Rattus norvegicus	heart	1	not applicable	tissue	0 hour	IPC T1	adult	not available	not available	yes	Lumos_220614_72-TMT132C	proteomic profiling by mass spectrometry	1	Lumos_220614_72.raw	v1.1.0	NT=ms-proteomics;VV=v1.1.0	NT=vertebrates;VV=v1.1.0	manual curation	NT=Data-dependent acquisition;AC=PRIDE:0000627	NT=Orbitrap Fusion Lumos;AC=MS:1002732	NT=Trypsin;AC=MS:1001251	TMT132C	12	NT=higher energy beam-type collision-induced dissociation;AC=MS:1000422	5 ppm	0.6 Da	NT=dithiothreitol (DTT);AC=PRIDE:0000608	NT=methyl methanethiosulfonate (MMTS);AC=PRIDE:0000605	NT=Methylthio;AC=UNIMOD:39;TA=C;MT=Fixed	NT=Oxidation;AC=UNIMOD:35;TA=M;MT=Variable	NT=TMTpro;AC=UNIMOD:2016;TA=K;MT=Fixed	NT=TMTpro;AC=UNIMOD:2016;PP=Any N-term;MT=Fixed	0 hour	IPC T1
set1-R20	Rattus norvegicus	heart	1	not applicable	tissue	0 hour	IPC T1	adult	not available	not available	yes	Lumos_220614_73-TMT132C	proteomic profiling by mass spectrometry	1	Lumos_220614_73.raw	v1.1.0	NT=ms-proteomics;VV=v1.1.0	NT=vertebrates;VV=v1.1.0	manual curation	NT=Data-dependent acquisition;AC=PRIDE:0000627	NT=Orbitrap Fusion Lumos;AC=MS:1002732	NT=Trypsin;AC=MS:1001251	TMT132C	13	NT=higher energy beam-type collision-induced dissociation;AC=MS:1000422	5 ppm	0.6 Da	NT=dithiothreitol (DTT);AC=PRIDE:0000608	NT=methyl methanethiosulfonate (MMTS);AC=PRIDE:0000605	NT=Methylthio;AC=UNIMOD:39;TA=C;MT=Fixed	NT=Oxidation;AC=UNIMOD:35;TA=M;MT=Variable	NT=TMTpro;AC=UNIMOD:2016;TA=K;MT=Fixed	NT=TMTpro;AC=UNIMOD:2016;PP=Any N-term;MT=Fixed	0 hour	IPC T1
set1-R20	Rattus norvegicus	heart	1	not applicable	tissue	0 hour	IPC T1	adult	not available	not available	yes	Lumos_220614_74-TMT132C	proteomic profiling by mass spectrometry	1	Lumos_220614_74.raw	v1.1.0	NT=ms-proteomics;VV=v1.1.0	NT=vertebrates;VV=v1.1.0	manual curation	NT=Data-dependent acquisition;AC=PRIDE:0000627	NT=Orbitrap Fusion Lumos;AC=MS:1002732	NT=Trypsin;AC=MS:1001251	TMT132C	14	NT=higher energy beam-type collision-induced dissociation;AC=MS:1000422	5 ppm	0.6 Da	NT=dithiothreitol (DTT);AC=PRIDE:0000608	NT=methyl methanethiosulfonate (MMTS);AC=PRIDE:0000605	NT=Methylthio;AC=UNIMOD:39;TA=C;MT=Fixed	NT=Oxidation;AC=UNIMOD:35;TA=M;MT=Variable	NT=TMTpro;AC=UNIMOD:2016;TA=K;MT=Fixed	NT=TMTpro;AC=UNIMOD:2016;PP=Any N-term;MT=Fixed	0 hour	IPC T1
set1-R20	Rattus norvegicus	heart	1	not applicable	tissue	0 hour	IPC T1	adult	not available	not available	yes	Lumos_220614_75-TMT132C	proteomic profiling by mass spectrometry	1	Lumos_220614_75.raw	v1.1.0	NT=ms-proteomics;VV=v1.1.0	NT=vertebrates;VV=v1.1.0	manual curation	NT=Data-dependent acquisition;AC=PRIDE:0000627	NT=Orbitrap Fusion Lumos;AC=MS:1002732	NT=Trypsin;AC=MS:1001251	TMT132C	15	NT=higher energy beam-type collision-induced dissociation;AC=MS:1000422	5 ppm	0.6 Da	NT=dithiothreitol (DTT);AC=PRIDE:0000608	NT=methyl methanethiosulfonate (MMTS);AC=PRIDE:0000605	NT=Methylthio;AC=UNIMOD:39;TA=C;MT=Fixed	NT=Oxidation;AC=UNIMOD:35;TA=M;MT=Variable	NT=TMTpro;AC=UNIMOD:2016;TA=K;MT=Fixed	NT=TMTpro;AC=UNIMOD:2016;PP=Any N-term;MT=Fixed	0 hour	IPC T1
set1-R20	Rattus norvegicus	heart	1	not applicable	tissue	0 hour	IPC T1	adult	not available	not available	yes	Lumos_220614_76-TMT132C	proteomic profiling by mass spectrometry	1	Lumos_220614_76.raw	v1.1.0	NT=ms-proteomics;VV=v1.1.0	NT=vertebrates;VV=v1.1.0	manual curation	NT=Data-dependent acquisition;AC=PRIDE:0000627	NT=Orbitrap Fusion Lumos;AC=MS:1002732	NT=Trypsin;AC=MS:1001251	TMT132C	16	NT=higher energy beam-type collision-induced dissociation;AC=MS:1000422	5 ppm	0.6 Da	NT=dithiothreitol (DTT);AC=PRIDE:0000608	NT=methyl methanethiosulfonate (MMTS);AC=PRIDE:0000605	NT=Methylthio;AC=UNIMOD:39;TA=C;MT=Fixed	NT=Oxidation;AC=UNIMOD:35;TA=M;MT=Variable	NT=TMTpro;AC=UNIMOD:2016;TA=K;MT=Fixed	NT=TMTpro;AC=UNIMOD:2016;PP=Any N-term;MT=Fixed	0 hour	IPC T1
set1-R20	Rattus norvegicus	heart	1	not applicable	tissue	0 hour	IPC T1	adult	not available	not available	yes	Lumos_220614_77-TMT132C	proteomic profiling by mass spectrometry	1	Lumos_220614_77.raw	v1.1.0	NT=ms-proteomics;VV=v1.1.0	NT=vertebrates;VV=v1.1.0	manual curation	NT=Data-dependent acquisition;AC=PRIDE:0000627	NT=Orbitrap Fusion Lumos;AC=MS:1002732	NT=Trypsin;AC=MS:1001251	TMT132C	17	NT=higher energy beam-type collision-induced dissociation;AC=MS:1000422	5 ppm	0.6 Da	NT=dithiothreitol (DTT);AC=PRIDE:0000608	NT=methyl methanethiosulfonate (MMTS);AC=PRIDE:0000605	NT=Methylthio;AC=UNIMOD:39;TA=C;MT=Fixed	NT=Oxidation;AC=UNIMOD:35;TA=M;MT=Variable	NT=TMTpro;AC=UNIMOD:2016;TA=K;MT=Fixed	NT=TMTpro;AC=UNIMOD:2016;PP=Any N-term;MT=Fixed	0 hour	IPC T1
set1-R20	Rattus norvegicus	heart	1	not applicable	tissue	0 hour	IPC T1	adult	not available	not available	yes	Lumos_220614_78-TMT132C	proteomic profiling by mass spectrometry	1	Lumos_220614_78.raw	v1.1.0	NT=ms-proteomics;VV=v1.1.0	NT=vertebrates;VV=v1.1.0	manual curation	NT=Data-dependent acquisition;AC=PRIDE:0000627	NT=Orbitrap Fusion Lumos;AC=MS:1002732	NT=Trypsin;AC=MS:1001251	TMT132C	18	NT=higher energy beam-type collision-induced dissociation;AC=MS:1000422	5 ppm	0.6 Da	NT=dithiothreitol (DTT);AC=PRIDE:0000608	NT=methyl methanethiosulfonate (MMTS);AC=PRIDE:0000605	NT=Methylthio;AC=UNIMOD:39;TA=C;MT=Fixed	NT=Oxidation;AC=UNIMOD:35;TA=M;MT=Variable	NT=TMTpro;AC=UNIMOD:2016;TA=K;MT=Fixed	NT=TMTpro;AC=UNIMOD:2016;PP=Any N-term;MT=Fixed	0 hour	IPC T1
set1-R20	Rattus norvegicus	heart	1	not applicable	tissue	0 hour	IPC T1	adult	not available	not available	yes	Lumos_220614_79-TMT132C	proteomic profiling by mass spectrometry	1	Lumos_220614_79.raw	v1.1.0	NT=ms-proteomics;VV=v1.1.0	NT=vertebrates;VV=v1.1.0	manual curation	NT=Data-dependent acquisition;AC=PRIDE:0000627	NT=Orbitrap Fusion Lumos;AC=MS:1002732	NT=Trypsin;AC=MS:1001251	TMT132C	19	NT=higher energy beam-type collision-induced dissociation;AC=MS:1000422	5 ppm	0.6 Da	NT=dithiothreitol (DTT);AC=PRIDE:0000608	NT=methyl methanethiosulfonate (MMTS);AC=PRIDE:0000605	NT=Methylthio;AC=UNIMOD:39;TA=C;MT=Fixed	NT=Oxidation;AC=UNIMOD:35;TA=M;MT=Variable	NT=TMTpro;AC=UNIMOD:2016;TA=K;MT=Fixed	NT=TMTpro;AC=UNIMOD:2016;PP=Any N-term;MT=Fixed	0 hour	IPC T1
set1-R20	Rattus norvegicus	heart	1	not applicable	tissue	0 hour	IPC T1	adult	not available	not available	yes	Lumos_220614_80-TMT132C	proteomic profiling by mass spectrometry	1	Lumos_220614_80.raw	v1.1.0	NT=ms-proteomics;VV=v1.1.0	NT=vertebrates;VV=v1.1.0	manual curation	NT=Data-dependent acquisition;AC=PRIDE:0000627	NT=Orbitrap Fusion Lumos;AC=MS:1002732	NT=Trypsin;AC=MS:1001251	TMT132C	20	NT=higher energy beam-type collision-induced dissociation;AC=MS:1000422	5 ppm	0.6 Da	NT=dithiothreitol (DTT);AC=PRIDE:0000608	NT=methyl methanethiosulfonate (MMTS);AC=PRIDE:0000605	NT=Methylthio;AC=UNIMOD:39;TA=C;MT=Fixed	NT=Oxidation;AC=UNIMOD:35;TA=M;MT=Variable	NT=TMTpro;AC=UNIMOD:2016;TA=K;MT=Fixed	NT=TMTpro;AC=UNIMOD:2016;PP=Any N-term;MT=Fixed	0 hour	IPC T1
set1-R20	Rattus norvegicus	heart	1	not applicable	tissue	0 hour	IPC T1	adult	not available	not available	yes	Lumos_220614_81-TMT132C	proteomic profiling by mass spectrometry	1	Lumos_220614_81.raw	v1.1.0	NT=ms-proteomics;VV=v1.1.0	NT=vertebrates;VV=v1.1.0	manual curation	NT=Data-dependent acquisition;AC=PRIDE:0000627	NT=Orbitrap Fusion Lumos;AC=MS:1002732	NT=Trypsin;AC=MS:1001251	TMT132C	21	NT=higher energy beam-type collision-induced dissociation;AC=MS:1000422	5 ppm	0.6 Da	NT=dithiothreitol (DTT);AC=PRIDE:0000608	NT=methyl methanethiosulfonate (MMTS);AC=PRIDE:0000605	NT=Methylthio;AC=UNIMOD:39;TA=C;MT=Fixed	NT=Oxidation;AC=UNIMOD:35;TA=M;MT=Variable	NT=TMTpro;AC=UNIMOD:2016;TA=K;MT=Fixed	NT=TMTpro;AC=UNIMOD:2016;PP=Any N-term;MT=Fixed	0 hour	IPC T1
set1-R20	Rattus norvegicus	heart	1	not applicable	tissue	0 hour	IPC T1	adult	not available	not available	yes	Lumos_220614_82-TMT132C	proteomic profiling by mass spectrometry	1	Lumos_220614_82.raw	v1.1.0	NT=ms-proteomics;VV=v1.1.0	NT=vertebrates;VV=v1.1.0	manual curation	NT=Data-dependent acquisition;AC=PRIDE:0000627	NT=Orbitrap Fusion Lumos;AC=MS:1002732	NT=Trypsin;AC=MS:1001251	TMT132C	22	NT=higher energy beam-type collision-induced dissociation;AC=MS:1000422	5 ppm	0.6 Da	NT=dithiothreitol (DTT);AC=PRIDE:0000608	NT=methyl methanethiosulfonate (MMTS);AC=PRIDE:0000605	NT=Methylthio;AC=UNIMOD:39;TA=C;MT=Fixed	NT=Oxidation;AC=UNIMOD:35;TA=M;MT=Variable	NT=TMTpro;AC=UNIMOD:2016;TA=K;MT=Fixed	NT=TMTpro;AC=UNIMOD:2016;PP=Any N-term;MT=Fixed	0 hour	IPC T1
set1-R20	Rattus norvegicus	heart	1	not applicable	tissue	0 hour	IPC T1	adult	not available	not available	yes	Lumos_220614_83-TMT132C	proteomic profiling by mass spectrometry	1	Lumos_220614_83.raw	v1.1.0	NT=ms-proteomics;VV=v1.1.0	NT=vertebrates;VV=v1.1.0	manual curation	NT=Data-dependent acquisition;AC=PRIDE:0000627	NT=Orbitrap Fusion Lumos;AC=MS:1002732	NT=Trypsin;AC=MS:1001251	TMT132C	23	NT=higher energy beam-type collision-induced dissociation;AC=MS:1000422	5 ppm	0.6 Da	NT=dithiothreitol (DTT);AC=PRIDE:0000608	NT=methyl methanethiosulfonate (MMTS);AC=PRIDE:0000605	NT=Methylthio;AC=UNIMOD:39;TA=C;MT=Fixed	NT=Oxidation;AC=UNIMOD:35;TA=M;MT=Variable	NT=TMTpro;AC=UNIMOD:2016;TA=K;MT=Fixed	NT=TMTpro;AC=UNIMOD:2016;PP=Any N-term;MT=Fixed	0 hour	IPC T1
set1-R9	Rattus norvegicus	heart	2	not applicable	tissue	0 hour	IPC T1	adult	not available	not available	yes	Lumos_220614_61-TMT133N	proteomic profiling by mass spectrometry	1	Lumos_220614_61.raw	v1.1.0	NT=ms-proteomics;VV=v1.1.0	NT=vertebrates;VV=v1.1.0	manual curation	NT=Data-dependent acquisition;AC=PRIDE:0000627	NT=Orbitrap Fusion Lumos;AC=MS:1002732	NT=Trypsin;AC=MS:1001251	TMT133N	1	NT=higher energy beam-type collision-induced dissociation;AC=MS:1000422	5 ppm	0.6 Da	NT=dithiothreitol (DTT);AC=PRIDE:0000608	NT=methyl methanethiosulfonate (MMTS);AC=PRIDE:0000605	NT=Methylthio;AC=UNIMOD:39;TA=C;MT=Fixed	NT=Oxidation;AC=UNIMOD:35;TA=M;MT=Variable	NT=TMTpro;AC=UNIMOD:2016;TA=K;MT=Fixed	NT=TMTpro;AC=UNIMOD:2016;PP=Any N-term;MT=Fixed	0 hour	IPC T1
set1-R9	Rattus norvegicus	heart	2	not applicable	tissue	0 hour	IPC T1	adult	not available	not available	yes	Lumos_220614_62-TMT133N	proteomic profiling by mass spectrometry	1	Lumos_220614_62.raw	v1.1.0	NT=ms-proteomics;VV=v1.1.0	NT=vertebrates;VV=v1.1.0	manual curation	NT=Data-dependent acquisition;AC=PRIDE:0000627	NT=Orbitrap Fusion Lumos;AC=MS:1002732	NT=Trypsin;AC=MS:1001251	TMT133N	2	NT=higher energy beam-type collision-induced dissociation;AC=MS:1000422	5 ppm	0.6 Da	NT=dithiothreitol (DTT);AC=PRIDE:0000608	NT=methyl methanethiosulfonate (MMTS);AC=PRIDE:0000605	NT=Methylthio;AC=UNIMOD:39;TA=C;MT=Fixed	NT=Oxidation;AC=UNIMOD:35;TA=M;MT=Variable	NT=TMTpro;AC=UNIMOD:2016;TA=K;MT=Fixed	NT=TMTpro;AC=UNIMOD:2016;PP=Any N-term;MT=Fixed	0 hour	IPC T1
set1-R9	Rattus norvegicus	heart	2	not applicable	tissue	0 hour	IPC T1	adult	not available	not available	yes	Lumos_220614_63-TMT133N	proteomic profiling by mass spectrometry	1	Lumos_220614_63.raw	v1.1.0	NT=ms-proteomics;VV=v1.1.0	NT=vertebrates;VV=v1.1.0	manual curation	NT=Data-dependent acquisition;AC=PRIDE:0000627	NT=Orbitrap Fusion Lumos;AC=MS:1002732	NT=Trypsin;AC=MS:1001251	TMT133N	3	NT=higher energy beam-type collision-induced dissociation;AC=MS:1000422	5 ppm	0.6 Da	NT=dithiothreitol (DTT);AC=PRIDE:0000608	NT=methyl methanethiosulfonate (MMTS);AC=PRIDE:0000605	NT=Methylthio;AC=UNIMOD:39;TA=C;MT=Fixed	NT=Oxidation;AC=UNIMOD:35;TA=M;MT=Variable	NT=TMTpro;AC=UNIMOD:2016;TA=K;MT=Fixed	NT=TMTpro;AC=UNIMOD:2016;PP=Any N-term;MT=Fixed	0 hour	IPC T1
set1-R9	Rattus norvegicus	heart	2	not applicable	tissue	0 hour	IPC T1	adult	not available	not available	yes	Lumos_220614_64-TMT133N	proteomic profiling by mass spectrometry	1	Lumos_220614_64.raw	v1.1.0	NT=ms-proteomics;VV=v1.1.0	NT=vertebrates;VV=v1.1.0	manual curation	NT=Data-dependent acquisition;AC=PRIDE:0000627	NT=Orbitrap Fusion Lumos;AC=MS:1002732	NT=Trypsin;AC=MS:1001251	TMT133N	4	NT=higher energy beam-type collision-induced dissociation;AC=MS:1000422	5 ppm	0.6 Da	NT=dithiothreitol (DTT);AC=PRIDE:0000608	NT=methyl methanethiosulfonate (MMTS);AC=PRIDE:0000605	NT=Methylthio;AC=UNIMOD:39;TA=C;MT=Fixed	NT=Oxidation;AC=UNIMOD:35;TA=M;MT=Variable	NT=TMTpro;AC=UNIMOD:2016;TA=K;MT=Fixed	NT=TMTpro;AC=UNIMOD:2016;PP=Any N-term;MT=Fixed	0 hour	IPC T1
set1-R9	Rattus norvegicus	heart	2	not applicable	tissue	0 hour	IPC T1	adult	not available	not available	yes	Lumos_220614_65-TMT133N	proteomic profiling by mass spectrometry	1	Lumos_220614_65.raw	v1.1.0	NT=ms-proteomics;VV=v1.1.0	NT=vertebrates;VV=v1.1.0	manual curation	NT=Data-dependent acquisition;AC=PRIDE:0000627	NT=Orbitrap Fusion Lumos;AC=MS:1002732	NT=Trypsin;AC=MS:1001251	TMT133N	5	NT=higher energy beam-type collision-induced dissociation;AC=MS:1000422	5 ppm	0.6 Da	NT=dithiothreitol (DTT);AC=PRIDE:0000608	NT=methyl methanethiosulfonate (MMTS);AC=PRIDE:0000605	NT=Methylthio;AC=UNIMOD:39;TA=C;MT=Fixed	NT=Oxidation;AC=UNIMOD:35;TA=M;MT=Variable	NT=TMTpro;AC=UNIMOD:2016;TA=K;MT=Fixed	NT=TMTpro;AC=UNIMOD:2016;PP=Any N-term;MT=Fixed	0 hour	IPC T1
set1-R9	Rattus norvegicus	heart	2	not applicable	tissue	0 hour	IPC T1	adult	not available	not available	yes	Lumos_220614_66-TMT133N	proteomic profiling by mass spectrometry	1	Lumos_220614_66.raw	v1.1.0	NT=ms-proteomics;VV=v1.1.0	NT=vertebrates;VV=v1.1.0	manual curation	NT=Data-dependent acquisition;AC=PRIDE:0000627	NT=Orbitrap Fusion Lumos;AC=MS:1002732	NT=Trypsin;AC=MS:1001251	TMT133N	6	NT=higher energy beam-type collision-induced dissociation;AC=MS:1000422	5 ppm	0.6 Da	NT=dithiothreitol (DTT);AC=PRIDE:0000608	NT=methyl methanethiosulfonate (MMTS);AC=PRIDE:0000605	NT=Methylthio;AC=UNIMOD:39;TA=C;MT=Fixed	NT=Oxidation;AC=UNIMOD:35;TA=M;MT=Variable	NT=TMTpro;AC=UNIMOD:2016;TA=K;MT=Fixed	NT=TMTpro;AC=UNIMOD:2016;PP=Any N-term;MT=Fixed	0 hour	IPC T1
set1-R9	Rattus norvegicus	heart	2	not applicable	tissue	0 hour	IPC T1	adult	not available	not available	yes	Lumos_220614_67-TMT133N	proteomic profiling by mass spectrometry	1	Lumos_220614_67.raw	v1.1.0	NT=ms-proteomics;VV=v1.1.0	NT=vertebrates;VV=v1.1.0	manual curation	NT=Data-dependent acquisition;AC=PRIDE:0000627	NT=Orbitrap Fusion Lumos;AC=MS:1002732	NT=Trypsin;AC=MS:1001251	TMT133N	7	NT=higher energy beam-type collision-induced dissociation;AC=MS:1000422	5 ppm	0.6 Da	NT=dithiothreitol (DTT);AC=PRIDE:0000608	NT=methyl methanethiosulfonate (MMTS);AC=PRIDE:0000605	NT=Methylthio;AC=UNIMOD:39;TA=C;MT=Fixed	NT=Oxidation;AC=UNIMOD:35;TA=M;MT=Variable	NT=TMTpro;AC=UNIMOD:2016;TA=K;MT=Fixed	NT=TMTpro;AC=UNIMOD:2016;PP=Any N-term;MT=Fixed	0 hour	IPC T1
set1-R9	Rattus norvegicus	heart	2	not applicable	tissue	0 hour	IPC T1	adult	not available	not available	yes	Lumos_220614_68-TMT133N	proteomic profiling by mass spectrometry	1	Lumos_220614_68.raw	v1.1.0	NT=ms-proteomics;VV=v1.1.0	NT=vertebrates;VV=v1.1.0	manual curation	NT=Data-dependent acquisition;AC=PRIDE:0000627	NT=Orbitrap Fusion Lumos;AC=MS:1002732	NT=Trypsin;AC=MS:1001251	TMT133N	8	NT=higher energy beam-type collision-induced dissociation;AC=MS:1000422	5 ppm	0.6 Da	NT=dithiothreitol (DTT);AC=PRIDE:0000608	NT=methyl methanethiosulfonate (MMTS);AC=PRIDE:0000605	NT=Methylthio;AC=UNIMOD:39;TA=C;MT=Fixed	NT=Oxidation;AC=UNIMOD:35;TA=M;MT=Variable	NT=TMTpro;AC=UNIMOD:2016;TA=K;MT=Fixed	NT=TMTpro;AC=UNIMOD:2016;PP=Any N-term;MT=Fixed	0 hour	IPC T1
set1-R9	Rattus norvegicus	heart	2	not applicable	tissue	0 hour	IPC T1	adult	not available	not available	yes	Lumos_220614_69-TMT133N	proteomic profiling by mass spectrometry	1	Lumos_220614_69.raw	v1.1.0	NT=ms-proteomics;VV=v1.1.0	NT=vertebrates;VV=v1.1.0	manual curation	NT=Data-dependent acquisition;AC=PRIDE:0000627	NT=Orbitrap Fusion Lumos;AC=MS:1002732	NT=Trypsin;AC=MS:1001251	TMT133N	9	NT=higher energy beam-type collision-induced dissociation;AC=MS:1000422	5 ppm	0.6 Da	NT=dithiothreitol (DTT);AC=PRIDE:0000608	NT=methyl methanethiosulfonate (MMTS);AC=PRIDE:0000605	NT=Methylthio;AC=UNIMOD:39;TA=C;MT=Fixed	NT=Oxidation;AC=UNIMOD:35;TA=M;MT=Variable	NT=TMTpro;AC=UNIMOD:2016;TA=K;MT=Fixed	NT=TMTpro;AC=UNIMOD:2016;PP=Any N-term;MT=Fixed	0 hour	IPC T1
set1-R9	Rattus norvegicus	heart	2	not applicable	tissue	0 hour	IPC T1	adult	not available	not available	yes	Lumos_220614_70-TMT133N	proteomic profiling by mass spectrometry	1	Lumos_220614_70.raw	v1.1.0	NT=ms-proteomics;VV=v1.1.0	NT=vertebrates;VV=v1.1.0	manual curation	NT=Data-dependent acquisition;AC=PRIDE:0000627	NT=Orbitrap Fusion Lumos;AC=MS:1002732	NT=Trypsin;AC=MS:1001251	TMT133N	10	NT=higher energy beam-type collision-induced dissociation;AC=MS:1000422	5 ppm	0.6 Da	NT=dithiothreitol (DTT);AC=PRIDE:0000608	NT=methyl methanethiosulfonate (MMTS);AC=PRIDE:0000605	NT=Methylthio;AC=UNIMOD:39;TA=C;MT=Fixed	NT=Oxidation;AC=UNIMOD:35;TA=M;MT=Variable	NT=TMTpro;AC=UNIMOD:2016;TA=K;MT=Fixed	NT=TMTpro;AC=UNIMOD:2016;PP=Any N-term;MT=Fixed	0 hour	IPC T1
set1-R9	Rattus norvegicus	heart	2	not applicable	tissue	0 hour	IPC T1	adult	not available	not available	yes	Lumos_220614_71-TMT133N	proteomic profiling by mass spectrometry	1	Lumos_220614_71.raw	v1.1.0	NT=ms-proteomics;VV=v1.1.0	NT=vertebrates;VV=v1.1.0	manual curation	NT=Data-dependent acquisition;AC=PRIDE:0000627	NT=Orbitrap Fusion Lumos;AC=MS:1002732	NT=Trypsin;AC=MS:1001251	TMT133N	11	NT=higher energy beam-type collision-induced dissociation;AC=MS:1000422	5 ppm	0.6 Da	NT=dithiothreitol (DTT);AC=PRIDE:0000608	NT=methyl methanethiosulfonate (MMTS);AC=PRIDE:0000605	NT=Methylthio;AC=UNIMOD:39;TA=C;MT=Fixed	NT=Oxidation;AC=UNIMOD:35;TA=M;MT=Variable	NT=TMTpro;AC=UNIMOD:2016;TA=K;MT=Fixed	NT=TMTpro;AC=UNIMOD:2016;PP=Any N-term;MT=Fixed	0 hour	IPC T1
set1-R9	Rattus norvegicus	heart	2	not applicable	tissue	0 hour	IPC T1	adult	not available	not available	yes	Lumos_220614_72-TMT133N	proteomic profiling by mass spectrometry	1	Lumos_220614_72.raw	v1.1.0	NT=ms-proteomics;VV=v1.1.0	NT=vertebrates;VV=v1.1.0	manual curation	NT=Data-dependent acquisition;AC=PRIDE:0000627	NT=Orbitrap Fusion Lumos;AC=MS:1002732	NT=Trypsin;AC=MS:1001251	TMT133N	12	NT=higher energy beam-type collision-induced dissociation;AC=MS:1000422	5 ppm	0.6 Da	NT=dithiothreitol (DTT);AC=PRIDE:0000608	NT=methyl methanethiosulfonate (MMTS);AC=PRIDE:0000605	NT=Methylthio;AC=UNIMOD:39;TA=C;MT=Fixed	NT=Oxidation;AC=UNIMOD:35;TA=M;MT=Variable	NT=TMTpro;AC=UNIMOD:2016;TA=K;MT=Fixed	NT=TMTpro;AC=UNIMOD:2016;PP=Any N-term;MT=Fixed	0 hour	IPC T1
set1-R9	Rattus norvegicus	heart	2	not applicable	tissue	0 hour	IPC T1	adult	not available	not available	yes	Lumos_220614_73-TMT133N	proteomic profiling by mass spectrometry	1	Lumos_220614_73.raw	v1.1.0	NT=ms-proteomics;VV=v1.1.0	NT=vertebrates;VV=v1.1.0	manual curation	NT=Data-dependent acquisition;AC=PRIDE:0000627	NT=Orbitrap Fusion Lumos;AC=MS:1002732	NT=Trypsin;AC=MS:1001251	TMT133N	13	NT=higher energy beam-type collision-induced dissociation;AC=MS:1000422	5 ppm	0.6 Da	NT=dithiothreitol (DTT);AC=PRIDE:0000608	NT=methyl methanethiosulfonate (MMTS);AC=PRIDE:0000605	NT=Methylthio;AC=UNIMOD:39;TA=C;MT=Fixed	NT=Oxidation;AC=UNIMOD:35;TA=M;MT=Variable	NT=TMTpro;AC=UNIMOD:2016;TA=K;MT=Fixed	NT=TMTpro;AC=UNIMOD:2016;PP=Any N-term;MT=Fixed	0 hour	IPC T1
set1-R9	Rattus norvegicus	heart	2	not applicable	tissue	0 hour	IPC T1	adult	not available	not available	yes	Lumos_220614_74-TMT133N	proteomic profiling by mass spectrometry	1	Lumos_220614_74.raw	v1.1.0	NT=ms-proteomics;VV=v1.1.0	NT=vertebrates;VV=v1.1.0	manual curation	NT=Data-dependent acquisition;AC=PRIDE:0000627	NT=Orbitrap Fusion Lumos;AC=MS:1002732	NT=Trypsin;AC=MS:1001251	TMT133N	14	NT=higher energy beam-type collision-induced dissociation;AC=MS:1000422	5 ppm	0.6 Da	NT=dithiothreitol (DTT);AC=PRIDE:0000608	NT=methyl methanethiosulfonate (MMTS);AC=PRIDE:0000605	NT=Methylthio;AC=UNIMOD:39;TA=C;MT=Fixed	NT=Oxidation;AC=UNIMOD:35;TA=M;MT=Variable	NT=TMTpro;AC=UNIMOD:2016;TA=K;MT=Fixed	NT=TMTpro;AC=UNIMOD:2016;PP=Any N-term;MT=Fixed	0 hour	IPC T1
set1-R9	Rattus norvegicus	heart	2	not applicable	tissue	0 hour	IPC T1	adult	not available	not available	yes	Lumos_220614_75-TMT133N	proteomic profiling by mass spectrometry	1	Lumos_220614_75.raw	v1.1.0	NT=ms-proteomics;VV=v1.1.0	NT=vertebrates;VV=v1.1.0	manual curation	NT=Data-dependent acquisition;AC=PRIDE:0000627	NT=Orbitrap Fusion Lumos;AC=MS:1002732	NT=Trypsin;AC=MS:1001251	TMT133N	15	NT=higher energy beam-type collision-induced dissociation;AC=MS:1000422	5 ppm	0.6 Da	NT=dithiothreitol (DTT);AC=PRIDE:0000608	NT=methyl methanethiosulfonate (MMTS);AC=PRIDE:0000605	NT=Methylthio;AC=UNIMOD:39;TA=C;MT=Fixed	NT=Oxidation;AC=UNIMOD:35;TA=M;MT=Variable	NT=TMTpro;AC=UNIMOD:2016;TA=K;MT=Fixed	NT=TMTpro;AC=UNIMOD:2016;PP=Any N-term;MT=Fixed	0 hour	IPC T1
set1-R9	Rattus norvegicus	heart	2	not applicable	tissue	0 hour	IPC T1	adult	not available	not available	yes	Lumos_220614_76-TMT133N	proteomic profiling by mass spectrometry	1	Lumos_220614_76.raw	v1.1.0	NT=ms-proteomics;VV=v1.1.0	NT=vertebrates;VV=v1.1.0	manual curation	NT=Data-dependent acquisition;AC=PRIDE:0000627	NT=Orbitrap Fusion Lumos;AC=MS:1002732	NT=Trypsin;AC=MS:1001251	TMT133N	16	NT=higher energy beam-type collision-induced dissociation;AC=MS:1000422	5 ppm	0.6 Da	NT=dithiothreitol (DTT);AC=PRIDE:0000608	NT=methyl methanethiosulfonate (MMTS);AC=PRIDE:0000605	NT=Methylthio;AC=UNIMOD:39;TA=C;MT=Fixed	NT=Oxidation;AC=UNIMOD:35;TA=M;MT=Variable	NT=TMTpro;AC=UNIMOD:2016;TA=K;MT=Fixed	NT=TMTpro;AC=UNIMOD:2016;PP=Any N-term;MT=Fixed	0 hour	IPC T1
set1-R9	Rattus norvegicus	heart	2	not applicable	tissue	0 hour	IPC T1	adult	not available	not available	yes	Lumos_220614_77-TMT133N	proteomic profiling by mass spectrometry	1	Lumos_220614_77.raw	v1.1.0	NT=ms-proteomics;VV=v1.1.0	NT=vertebrates;VV=v1.1.0	manual curation	NT=Data-dependent acquisition;AC=PRIDE:0000627	NT=Orbitrap Fusion Lumos;AC=MS:1002732	NT=Trypsin;AC=MS:1001251	TMT133N	17	NT=higher energy beam-type collision-induced dissociation;AC=MS:1000422	5 ppm	0.6 Da	NT=dithiothreitol (DTT);AC=PRIDE:0000608	NT=methyl methanethiosulfonate (MMTS);AC=PRIDE:0000605	NT=Methylthio;AC=UNIMOD:39;TA=C;MT=Fixed	NT=Oxidation;AC=UNIMOD:35;TA=M;MT=Variable	NT=TMTpro;AC=UNIMOD:2016;TA=K;MT=Fixed	NT=TMTpro;AC=UNIMOD:2016;PP=Any N-term;MT=Fixed	0 hour	IPC T1
set1-R9	Rattus norvegicus	heart	2	not applicable	tissue	0 hour	IPC T1	adult	not available	not available	yes	Lumos_220614_78-TMT133N	proteomic profiling by mass spectrometry	1	Lumos_220614_78.raw	v1.1.0	NT=ms-proteomics;VV=v1.1.0	NT=vertebrates;VV=v1.1.0	manual curation	NT=Data-dependent acquisition;AC=PRIDE:0000627	NT=Orbitrap Fusion Lumos;AC=MS:1002732	NT=Trypsin;AC=MS:1001251	TMT133N	18	NT=higher energy beam-type collision-induced dissociation;AC=MS:1000422	5 ppm	0.6 Da	NT=dithiothreitol (DTT);AC=PRIDE:0000608	NT=methyl methanethiosulfonate (MMTS);AC=PRIDE:0000605	NT=Methylthio;AC=UNIMOD:39;TA=C;MT=Fixed	NT=Oxidation;AC=UNIMOD:35;TA=M;MT=Variable	NT=TMTpro;AC=UNIMOD:2016;TA=K;MT=Fixed	NT=TMTpro;AC=UNIMOD:2016;PP=Any N-term;MT=Fixed	0 hour	IPC T1
set1-R9	Rattus norvegicus	heart	2	not applicable	tissue	0 hour	IPC T1	adult	not available	not available	yes	Lumos_220614_79-TMT133N	proteomic profiling by mass spectrometry	1	Lumos_220614_79.raw	v1.1.0	NT=ms-proteomics;VV=v1.1.0	NT=vertebrates;VV=v1.1.0	manual curation	NT=Data-dependent acquisition;AC=PRIDE:0000627	NT=Orbitrap Fusion Lumos;AC=MS:1002732	NT=Trypsin;AC=MS:1001251	TMT133N	19	NT=higher energy beam-type collision-induced dissociation;AC=MS:1000422	5 ppm	0.6 Da	NT=dithiothreitol (DTT);AC=PRIDE:0000608	NT=methyl methanethiosulfonate (MMTS);AC=PRIDE:0000605	NT=Methylthio;AC=UNIMOD:39;TA=C;MT=Fixed	NT=Oxidation;AC=UNIMOD:35;TA=M;MT=Variable	NT=TMTpro;AC=UNIMOD:2016;TA=K;MT=Fixed	NT=TMTpro;AC=UNIMOD:2016;PP=Any N-term;MT=Fixed	0 hour	IPC T1
set1-R9	Rattus norvegicus	heart	2	not applicable	tissue	0 hour	IPC T1	adult	not available	not available	yes	Lumos_220614_80-TMT133N	proteomic profiling by mass spectrometry	1	Lumos_220614_80.raw	v1.1.0	NT=ms-proteomics;VV=v1.1.0	NT=vertebrates;VV=v1.1.0	manual curation	NT=Data-dependent acquisition;AC=PRIDE:0000627	NT=Orbitrap Fusion Lumos;AC=MS:1002732	NT=Trypsin;AC=MS:1001251	TMT133N	20	NT=higher energy beam-type collision-induced dissociation;AC=MS:1000422	5 ppm	0.6 Da	NT=dithiothreitol (DTT);AC=PRIDE:0000608	NT=methyl methanethiosulfonate (MMTS);AC=PRIDE:0000605	NT=Methylthio;AC=UNIMOD:39;TA=C;MT=Fixed	NT=Oxidation;AC=UNIMOD:35;TA=M;MT=Variable	NT=TMTpro;AC=UNIMOD:2016;TA=K;MT=Fixed	NT=TMTpro;AC=UNIMOD:2016;PP=Any N-term;MT=Fixed	0 hour	IPC T1
set1-R9	Rattus norvegicus	heart	2	not applicable	tissue	0 hour	IPC T1	adult	not available	not available	yes	Lumos_220614_81-TMT133N	proteomic profiling by mass spectrometry	1	Lumos_220614_81.raw	v1.1.0	NT=ms-proteomics;VV=v1.1.0	NT=vertebrates;VV=v1.1.0	manual curation	NT=Data-dependent acquisition;AC=PRIDE:0000627	NT=Orbitrap Fusion Lumos;AC=MS:1002732	NT=Trypsin;AC=MS:1001251	TMT133N	21	NT=higher energy beam-type collision-induced dissociation;AC=MS:1000422	5 ppm	0.6 Da	NT=dithiothreitol (DTT);AC=PRIDE:0000608	NT=methyl methanethiosulfonate (MMTS);AC=PRIDE:0000605	NT=Methylthio;AC=UNIMOD:39;TA=C;MT=Fixed	NT=Oxidation;AC=UNIMOD:35;TA=M;MT=Variable	NT=TMTpro;AC=UNIMOD:2016;TA=K;MT=Fixed	NT=TMTpro;AC=UNIMOD:2016;PP=Any N-term;MT=Fixed	0 hour	IPC T1
set1-R9	Rattus norvegicus	heart	2	not applicable	tissue	0 hour	IPC T1	adult	not available	not available	yes	Lumos_220614_82-TMT133N	proteomic profiling by mass spectrometry	1	Lumos_220614_82.raw	v1.1.0	NT=ms-proteomics;VV=v1.1.0	NT=vertebrates;VV=v1.1.0	manual curation	NT=Data-dependent acquisition;AC=PRIDE:0000627	NT=Orbitrap Fusion Lumos;AC=MS:1002732	NT=Trypsin;AC=MS:1001251	TMT133N	22	NT=higher energy beam-type collision-induced dissociation;AC=MS:1000422	5 ppm	0.6 Da	NT=dithiothreitol (DTT);AC=PRIDE:0000608	NT=methyl methanethiosulfonate (MMTS);AC=PRIDE:0000605	NT=Methylthio;AC=UNIMOD:39;TA=C;MT=Fixed	NT=Oxidation;AC=UNIMOD:35;TA=M;MT=Variable	NT=TMTpro;AC=UNIMOD:2016;TA=K;MT=Fixed	NT=TMTpro;AC=UNIMOD:2016;PP=Any N-term;MT=Fixed	0 hour	IPC T1
set1-R9	Rattus norvegicus	heart	2	not applicable	tissue	0 hour	IPC T1	adult	not available	not available	yes	Lumos_220614_83-TMT133N	proteomic profiling by mass spectrometry	1	Lumos_220614_83.raw	v1.1.0	NT=ms-proteomics;VV=v1.1.0	NT=vertebrates;VV=v1.1.0	manual curation	NT=Data-dependent acquisition;AC=PRIDE:0000627	NT=Orbitrap Fusion Lumos;AC=MS:1002732	NT=Trypsin;AC=MS:1001251	TMT133N	23	NT=higher energy beam-type collision-induced dissociation;AC=MS:1000422	5 ppm	0.6 Da	NT=dithiothreitol (DTT);AC=PRIDE:0000608	NT=methyl methanethiosulfonate (MMTS);AC=PRIDE:0000605	NT=Methylthio;AC=UNIMOD:39;TA=C;MT=Fixed	NT=Oxidation;AC=UNIMOD:35;TA=M;MT=Variable	NT=TMTpro;AC=UNIMOD:2016;TA=K;MT=Fixed	NT=TMTpro;AC=UNIMOD:2016;PP=Any N-term;MT=Fixed	0 hour	IPC T1
set1-R6	Rattus norvegicus	heart	3	not applicable	tissue	0 hour	IPC T1	adult	not available	not available	yes	Lumos_220614_61-TMT133C	proteomic profiling by mass spectrometry	1	Lumos_220614_61.raw	v1.1.0	NT=ms-proteomics;VV=v1.1.0	NT=vertebrates;VV=v1.1.0	manual curation	NT=Data-dependent acquisition;AC=PRIDE:0000627	NT=Orbitrap Fusion Lumos;AC=MS:1002732	NT=Trypsin;AC=MS:1001251	TMT133C	1	NT=higher energy beam-type collision-induced dissociation;AC=MS:1000422	5 ppm	0.6 Da	NT=dithiothreitol (DTT);AC=PRIDE:0000608	NT=methyl methanethiosulfonate (MMTS);AC=PRIDE:0000605	NT=Methylthio;AC=UNIMOD:39;TA=C;MT=Fixed	NT=Oxidation;AC=UNIMOD:35;TA=M;MT=Variable	NT=TMTpro;AC=UNIMOD:2016;TA=K;MT=Fixed	NT=TMTpro;AC=UNIMOD:2016;PP=Any N-term;MT=Fixed	0 hour	IPC T1
set1-R6	Rattus norvegicus	heart	3	not applicable	tissue	0 hour	IPC T1	adult	not available	not available	yes	Lumos_220614_62-TMT133C	proteomic profiling by mass spectrometry	1	Lumos_220614_62.raw	v1.1.0	NT=ms-proteomics;VV=v1.1.0	NT=vertebrates;VV=v1.1.0	manual curation	NT=Data-dependent acquisition;AC=PRIDE:0000627	NT=Orbitrap Fusion Lumos;AC=MS:1002732	NT=Trypsin;AC=MS:1001251	TMT133C	2	NT=higher energy beam-type collision-induced dissociation;AC=MS:1000422	5 ppm	0.6 Da	NT=dithiothreitol (DTT);AC=PRIDE:0000608	NT=methyl methanethiosulfonate (MMTS);AC=PRIDE:0000605	NT=Methylthio;AC=UNIMOD:39;TA=C;MT=Fixed	NT=Oxidation;AC=UNIMOD:35;TA=M;MT=Variable	NT=TMTpro;AC=UNIMOD:2016;TA=K;MT=Fixed	NT=TMTpro;AC=UNIMOD:2016;PP=Any N-term;MT=Fixed	0 hour	IPC T1
set1-R6	Rattus norvegicus	heart	3	not applicable	tissue	0 hour	IPC T1	adult	not available	not available	yes	Lumos_220614_63-TMT133C	proteomic profiling by mass spectrometry	1	Lumos_220614_63.raw	v1.1.0	NT=ms-proteomics;VV=v1.1.0	NT=vertebrates;VV=v1.1.0	manual curation	NT=Data-dependent acquisition;AC=PRIDE:0000627	NT=Orbitrap Fusion Lumos;AC=MS:1002732	NT=Trypsin;AC=MS:1001251	TMT133C	3	NT=higher energy beam-type collision-induced dissociation;AC=MS:1000422	5 ppm	0.6 Da	NT=dithiothreitol (DTT);AC=PRIDE:0000608	NT=methyl methanethiosulfonate (MMTS);AC=PRIDE:0000605	NT=Methylthio;AC=UNIMOD:39;TA=C;MT=Fixed	NT=Oxidation;AC=UNIMOD:35;TA=M;MT=Variable	NT=TMTpro;AC=UNIMOD:2016;TA=K;MT=Fixed	NT=TMTpro;AC=UNIMOD:2016;PP=Any N-term;MT=Fixed	0 hour	IPC T1
set1-R6	Rattus norvegicus	heart	3	not applicable	tissue	0 hour	IPC T1	adult	not available	not available	yes	Lumos_220614_64-TMT133C	proteomic profiling by mass spectrometry	1	Lumos_220614_64.raw	v1.1.0	NT=ms-proteomics;VV=v1.1.0	NT=vertebrates;VV=v1.1.0	manual curation	NT=Data-dependent acquisition;AC=PRIDE:0000627	NT=Orbitrap Fusion Lumos;AC=MS:1002732	NT=Trypsin;AC=MS:1001251	TMT133C	4	NT=higher energy beam-type collision-induced dissociation;AC=MS:1000422	5 ppm	0.6 Da	NT=dithiothreitol (DTT);AC=PRIDE:0000608	NT=methyl methanethiosulfonate (MMTS);AC=PRIDE:0000605	NT=Methylthio;AC=UNIMOD:39;TA=C;MT=Fixed	NT=Oxidation;AC=UNIMOD:35;TA=M;MT=Variable	NT=TMTpro;AC=UNIMOD:2016;TA=K;MT=Fixed	NT=TMTpro;AC=UNIMOD:2016;PP=Any N-term;MT=Fixed	0 hour	IPC T1
set1-R6	Rattus norvegicus	heart	3	not applicable	tissue	0 hour	IPC T1	adult	not available	not available	yes	Lumos_220614_65-TMT133C	proteomic profiling by mass spectrometry	1	Lumos_220614_65.raw	v1.1.0	NT=ms-proteomics;VV=v1.1.0	NT=vertebrates;VV=v1.1.0	manual curation	NT=Data-dependent acquisition;AC=PRIDE:0000627	NT=Orbitrap Fusion Lumos;AC=MS:1002732	NT=Trypsin;AC=MS:1001251	TMT133C	5	NT=higher energy beam-type collision-induced dissociation;AC=MS:1000422	5 ppm	0.6 Da	NT=dithiothreitol (DTT);AC=PRIDE:0000608	NT=methyl methanethiosulfonate (MMTS);AC=PRIDE:0000605	NT=Methylthio;AC=UNIMOD:39;TA=C;MT=Fixed	NT=Oxidation;AC=UNIMOD:35;TA=M;MT=Variable	NT=TMTpro;AC=UNIMOD:2016;TA=K;MT=Fixed	NT=TMTpro;AC=UNIMOD:2016;PP=Any N-term;MT=Fixed	0 hour	IPC T1
set1-R6	Rattus norvegicus	heart	3	not applicable	tissue	0 hour	IPC T1	adult	not available	not available	yes	Lumos_220614_66-TMT133C	proteomic profiling by mass spectrometry	1	Lumos_220614_66.raw	v1.1.0	NT=ms-proteomics;VV=v1.1.0	NT=vertebrates;VV=v1.1.0	manual curation	NT=Data-dependent acquisition;AC=PRIDE:0000627	NT=Orbitrap Fusion Lumos;AC=MS:1002732	NT=Trypsin;AC=MS:1001251	TMT133C	6	NT=higher energy beam-type collision-induced dissociation;AC=MS:1000422	5 ppm	0.6 Da	NT=dithiothreitol (DTT);AC=PRIDE:0000608	NT=methyl methanethiosulfonate (MMTS);AC=PRIDE:0000605	NT=Methylthio;AC=UNIMOD:39;TA=C;MT=Fixed	NT=Oxidation;AC=UNIMOD:35;TA=M;MT=Variable	NT=TMTpro;AC=UNIMOD:2016;TA=K;MT=Fixed	NT=TMTpro;AC=UNIMOD:2016;PP=Any N-term;MT=Fixed	0 hour	IPC T1
set1-R6	Rattus norvegicus	heart	3	not applicable	tissue	0 hour	IPC T1	adult	not available	not available	yes	Lumos_220614_67-TMT133C	proteomic profiling by mass spectrometry	1	Lumos_220614_67.raw	v1.1.0	NT=ms-proteomics;VV=v1.1.0	NT=vertebrates;VV=v1.1.0	manual curation	NT=Data-dependent acquisition;AC=PRIDE:0000627	NT=Orbitrap Fusion Lumos;AC=MS:1002732	NT=Trypsin;AC=MS:1001251	TMT133C	7	NT=higher energy beam-type collision-induced dissociation;AC=MS:1000422	5 ppm	0.6 Da	NT=dithiothreitol (DTT);AC=PRIDE:0000608	NT=methyl methanethiosulfonate (MMTS);AC=PRIDE:0000605	NT=Methylthio;AC=UNIMOD:39;TA=C;MT=Fixed	NT=Oxidation;AC=UNIMOD:35;TA=M;MT=Variable	NT=TMTpro;AC=UNIMOD:2016;TA=K;MT=Fixed	NT=TMTpro;AC=UNIMOD:2016;PP=Any N-term;MT=Fixed	0 hour	IPC T1
set1-R6	Rattus norvegicus	heart	3	not applicable	tissue	0 hour	IPC T1	adult	not available	not available	yes	Lumos_220614_68-TMT133C	proteomic profiling by mass spectrometry	1	Lumos_220614_68.raw	v1.1.0	NT=ms-proteomics;VV=v1.1.0	NT=vertebrates;VV=v1.1.0	manual curation	NT=Data-dependent acquisition;AC=PRIDE:0000627	NT=Orbitrap Fusion Lumos;AC=MS:1002732	NT=Trypsin;AC=MS:1001251	TMT133C	8	NT=higher energy beam-type collision-induced dissociation;AC=MS:1000422	5 ppm	0.6 Da	NT=dithiothreitol (DTT);AC=PRIDE:0000608	NT=methyl methanethiosulfonate (MMTS);AC=PRIDE:0000605	NT=Methylthio;AC=UNIMOD:39;TA=C;MT=Fixed	NT=Oxidation;AC=UNIMOD:35;TA=M;MT=Variable	NT=TMTpro;AC=UNIMOD:2016;TA=K;MT=Fixed	NT=TMTpro;AC=UNIMOD:2016;PP=Any N-term;MT=Fixed	0 hour	IPC T1
set1-R6	Rattus norvegicus	heart	3	not applicable	tissue	0 hour	IPC T1	adult	not available	not available	yes	Lumos_220614_69-TMT133C	proteomic profiling by mass spectrometry	1	Lumos_220614_69.raw	v1.1.0	NT=ms-proteomics;VV=v1.1.0	NT=vertebrates;VV=v1.1.0	manual curation	NT=Data-dependent acquisition;AC=PRIDE:0000627	NT=Orbitrap Fusion Lumos;AC=MS:1002732	NT=Trypsin;AC=MS:1001251	TMT133C	9	NT=higher energy beam-type collision-induced dissociation;AC=MS:1000422	5 ppm	0.6 Da	NT=dithiothreitol (DTT);AC=PRIDE:0000608	NT=methyl methanethiosulfonate (MMTS);AC=PRIDE:0000605	NT=Methylthio;AC=UNIMOD:39;TA=C;MT=Fixed	NT=Oxidation;AC=UNIMOD:35;TA=M;MT=Variable	NT=TMTpro;AC=UNIMOD:2016;TA=K;MT=Fixed	NT=TMTpro;AC=UNIMOD:2016;PP=Any N-term;MT=Fixed	0 hour	IPC T1
set1-R6	Rattus norvegicus	heart	3	not applicable	tissue	0 hour	IPC T1	adult	not available	not available	yes	Lumos_220614_70-TMT133C	proteomic profiling by mass spectrometry	1	Lumos_220614_70.raw	v1.1.0	NT=ms-proteomics;VV=v1.1.0	NT=vertebrates;VV=v1.1.0	manual curation	NT=Data-dependent acquisition;AC=PRIDE:0000627	NT=Orbitrap Fusion Lumos;AC=MS:1002732	NT=Trypsin;AC=MS:1001251	TMT133C	10	NT=higher energy beam-type collision-induced dissociation;AC=MS:1000422	5 ppm	0.6 Da	NT=dithiothreitol (DTT);AC=PRIDE:0000608	NT=methyl methanethiosulfonate (MMTS);AC=PRIDE:0000605	NT=Methylthio;AC=UNIMOD:39;TA=C;MT=Fixed	NT=Oxidation;AC=UNIMOD:35;TA=M;MT=Variable	NT=TMTpro;AC=UNIMOD:2016;TA=K;MT=Fixed	NT=TMTpro;AC=UNIMOD:2016;PP=Any N-term;MT=Fixed	0 hour	IPC T1
set1-R6	Rattus norvegicus	heart	3	not applicable	tissue	0 hour	IPC T1	adult	not available	not available	yes	Lumos_220614_71-TMT133C	proteomic profiling by mass spectrometry	1	Lumos_220614_71.raw	v1.1.0	NT=ms-proteomics;VV=v1.1.0	NT=vertebrates;VV=v1.1.0	manual curation	NT=Data-dependent acquisition;AC=PRIDE:0000627	NT=Orbitrap Fusion Lumos;AC=MS:1002732	NT=Trypsin;AC=MS:1001251	TMT133C	11	NT=higher energy beam-type collision-induced dissociation;AC=MS:1000422	5 ppm	0.6 Da	NT=dithiothreitol (DTT);AC=PRIDE:0000608	NT=methyl methanethiosulfonate (MMTS);AC=PRIDE:0000605	NT=Methylthio;AC=UNIMOD:39;TA=C;MT=Fixed	NT=Oxidation;AC=UNIMOD:35;TA=M;MT=Variable	NT=TMTpro;AC=UNIMOD:2016;TA=K;MT=Fixed	NT=TMTpro;AC=UNIMOD:2016;PP=Any N-term;MT=Fixed	0 hour	IPC T1
set1-R6	Rattus norvegicus	heart	3	not applicable	tissue	0 hour	IPC T1	adult	not available	not available	yes	Lumos_220614_72-TMT133C	proteomic profiling by mass spectrometry	1	Lumos_220614_72.raw	v1.1.0	NT=ms-proteomics;VV=v1.1.0	NT=vertebrates;VV=v1.1.0	manual curation	NT=Data-dependent acquisition;AC=PRIDE:0000627	NT=Orbitrap Fusion Lumos;AC=MS:1002732	NT=Trypsin;AC=MS:1001251	TMT133C	12	NT=higher energy beam-type collision-induced dissociation;AC=MS:1000422	5 ppm	0.6 Da	NT=dithiothreitol (DTT);AC=PRIDE:0000608	NT=methyl methanethiosulfonate (MMTS);AC=PRIDE:0000605	NT=Methylthio;AC=UNIMOD:39;TA=C;MT=Fixed	NT=Oxidation;AC=UNIMOD:35;TA=M;MT=Variable	NT=TMTpro;AC=UNIMOD:2016;TA=K;MT=Fixed	NT=TMTpro;AC=UNIMOD:2016;PP=Any N-term;MT=Fixed	0 hour	IPC T1
set1-R6	Rattus norvegicus	heart	3	not applicable	tissue	0 hour	IPC T1	adult	not available	not available	yes	Lumos_220614_73-TMT133C	proteomic profiling by mass spectrometry	1	Lumos_220614_73.raw	v1.1.0	NT=ms-proteomics;VV=v1.1.0	NT=vertebrates;VV=v1.1.0	manual curation	NT=Data-dependent acquisition;AC=PRIDE:0000627	NT=Orbitrap Fusion Lumos;AC=MS:1002732	NT=Trypsin;AC=MS:1001251	TMT133C	13	NT=higher energy beam-type collision-induced dissociation;AC=MS:1000422	5 ppm	0.6 Da	NT=dithiothreitol (DTT);AC=PRIDE:0000608	NT=methyl methanethiosulfonate (MMTS);AC=PRIDE:0000605	NT=Methylthio;AC=UNIMOD:39;TA=C;MT=Fixed	NT=Oxidation;AC=UNIMOD:35;TA=M;MT=Variable	NT=TMTpro;AC=UNIMOD:2016;TA=K;MT=Fixed	NT=TMTpro;AC=UNIMOD:2016;PP=Any N-term;MT=Fixed	0 hour	IPC T1
set1-R6	Rattus norvegicus	heart	3	not applicable	tissue	0 hour	IPC T1	adult	not available	not available	yes	Lumos_220614_74-TMT133C	proteomic profiling by mass spectrometry	1	Lumos_220614_74.raw	v1.1.0	NT=ms-proteomics;VV=v1.1.0	NT=vertebrates;VV=v1.1.0	manual curation	NT=Data-dependent acquisition;AC=PRIDE:0000627	NT=Orbitrap Fusion Lumos;AC=MS:1002732	NT=Trypsin;AC=MS:1001251	TMT133C	14	NT=higher energy beam-type collision-induced dissociation;AC=MS:1000422	5 ppm	0.6 Da	NT=dithiothreitol (DTT);AC=PRIDE:0000608	NT=methyl methanethiosulfonate (MMTS);AC=PRIDE:0000605	NT=Methylthio;AC=UNIMOD:39;TA=C;MT=Fixed	NT=Oxidation;AC=UNIMOD:35;TA=M;MT=Variable	NT=TMTpro;AC=UNIMOD:2016;TA=K;MT=Fixed	NT=TMTpro;AC=UNIMOD:2016;PP=Any N-term;MT=Fixed	0 hour	IPC T1
set1-R6	Rattus norvegicus	heart	3	not applicable	tissue	0 hour	IPC T1	adult	not available	not available	yes	Lumos_220614_75-TMT133C	proteomic profiling by mass spectrometry	1	Lumos_220614_75.raw	v1.1.0	NT=ms-proteomics;VV=v1.1.0	NT=vertebrates;VV=v1.1.0	manual curation	NT=Data-dependent acquisition;AC=PRIDE:0000627	NT=Orbitrap Fusion Lumos;AC=MS:1002732	NT=Trypsin;AC=MS:1001251	TMT133C	15	NT=higher energy beam-type collision-induced dissociation;AC=MS:1000422	5 ppm	0.6 Da	NT=dithiothreitol (DTT);AC=PRIDE:0000608	NT=methyl methanethiosulfonate (MMTS);AC=PRIDE:0000605	NT=Methylthio;AC=UNIMOD:39;TA=C;MT=Fixed	NT=Oxidation;AC=UNIMOD:35;TA=M;MT=Variable	NT=TMTpro;AC=UNIMOD:2016;TA=K;MT=Fixed	NT=TMTpro;AC=UNIMOD:2016;PP=Any N-term;MT=Fixed	0 hour	IPC T1
set1-R6	Rattus norvegicus	heart	3	not applicable	tissue	0 hour	IPC T1	adult	not available	not available	yes	Lumos_220614_76-TMT133C	proteomic profiling by mass spectrometry	1	Lumos_220614_76.raw	v1.1.0	NT=ms-proteomics;VV=v1.1.0	NT=vertebrates;VV=v1.1.0	manual curation	NT=Data-dependent acquisition;AC=PRIDE:0000627	NT=Orbitrap Fusion Lumos;AC=MS:1002732	NT=Trypsin;AC=MS:1001251	TMT133C	16	NT=higher energy beam-type collision-induced dissociation;AC=MS:1000422	5 ppm	0.6 Da	NT=dithiothreitol (DTT);AC=PRIDE:0000608	NT=methyl methanethiosulfonate (MMTS);AC=PRIDE:0000605	NT=Methylthio;AC=UNIMOD:39;TA=C;MT=Fixed	NT=Oxidation;AC=UNIMOD:35;TA=M;MT=Variable	NT=TMTpro;AC=UNIMOD:2016;TA=K;MT=Fixed	NT=TMTpro;AC=UNIMOD:2016;PP=Any N-term;MT=Fixed	0 hour	IPC T1
set1-R6	Rattus norvegicus	heart	3	not applicable	tissue	0 hour	IPC T1	adult	not available	not available	yes	Lumos_220614_77-TMT133C	proteomic profiling by mass spectrometry	1	Lumos_220614_77.raw	v1.1.0	NT=ms-proteomics;VV=v1.1.0	NT=vertebrates;VV=v1.1.0	manual curation	NT=Data-dependent acquisition;AC=PRIDE:0000627	NT=Orbitrap Fusion Lumos;AC=MS:1002732	NT=Trypsin;AC=MS:1001251	TMT133C	17	NT=higher energy beam-type collision-induced dissociation;AC=MS:1000422	5 ppm	0.6 Da	NT=dithiothreitol (DTT);AC=PRIDE:0000608	NT=methyl methanethiosulfonate (MMTS);AC=PRIDE:0000605	NT=Methylthio;AC=UNIMOD:39;TA=C;MT=Fixed	NT=Oxidation;AC=UNIMOD:35;TA=M;MT=Variable	NT=TMTpro;AC=UNIMOD:2016;TA=K;MT=Fixed	NT=TMTpro;AC=UNIMOD:2016;PP=Any N-term;MT=Fixed	0 hour	IPC T1
set1-R6	Rattus norvegicus	heart	3	not applicable	tissue	0 hour	IPC T1	adult	not available	not available	yes	Lumos_220614_78-TMT133C	proteomic profiling by mass spectrometry	1	Lumos_220614_78.raw	v1.1.0	NT=ms-proteomics;VV=v1.1.0	NT=vertebrates;VV=v1.1.0	manual curation	NT=Data-dependent acquisition;AC=PRIDE:0000627	NT=Orbitrap Fusion Lumos;AC=MS:1002732	NT=Trypsin;AC=MS:1001251	TMT133C	18	NT=higher energy beam-type collision-induced dissociation;AC=MS:1000422	5 ppm	0.6 Da	NT=dithiothreitol (DTT);AC=PRIDE:0000608	NT=methyl methanethiosulfonate (MMTS);AC=PRIDE:0000605	NT=Methylthio;AC=UNIMOD:39;TA=C;MT=Fixed	NT=Oxidation;AC=UNIMOD:35;TA=M;MT=Variable	NT=TMTpro;AC=UNIMOD:2016;TA=K;MT=Fixed	NT=TMTpro;AC=UNIMOD:2016;PP=Any N-term;MT=Fixed	0 hour	IPC T1
set1-R6	Rattus norvegicus	heart	3	not applicable	tissue	0 hour	IPC T1	adult	not available	not available	yes	Lumos_220614_79-TMT133C	proteomic profiling by mass spectrometry	1	Lumos_220614_79.raw	v1.1.0	NT=ms-proteomics;VV=v1.1.0	NT=vertebrates;VV=v1.1.0	manual curation	NT=Data-dependent acquisition;AC=PRIDE:0000627	NT=Orbitrap Fusion Lumos;AC=MS:1002732	NT=Trypsin;AC=MS:1001251	TMT133C	19	NT=higher energy beam-type collision-induced dissociation;AC=MS:1000422	5 ppm	0.6 Da	NT=dithiothreitol (DTT);AC=PRIDE:0000608	NT=methyl methanethiosulfonate (MMTS);AC=PRIDE:0000605	NT=Methylthio;AC=UNIMOD:39;TA=C;MT=Fixed	NT=Oxidation;AC=UNIMOD:35;TA=M;MT=Variable	NT=TMTpro;AC=UNIMOD:2016;TA=K;MT=Fixed	NT=TMTpro;AC=UNIMOD:2016;PP=Any N-term;MT=Fixed	0 hour	IPC T1
set1-R6	Rattus norvegicus	heart	3	not applicable	tissue	0 hour	IPC T1	adult	not available	not available	yes	Lumos_220614_80-TMT133C	proteomic profiling by mass spectrometry	1	Lumos_220614_80.raw	v1.1.0	NT=ms-proteomics;VV=v1.1.0	NT=vertebrates;VV=v1.1.0	manual curation	NT=Data-dependent acquisition;AC=PRIDE:0000627	NT=Orbitrap Fusion Lumos;AC=MS:1002732	NT=Trypsin;AC=MS:1001251	TMT133C	20	NT=higher energy beam-type collision-induced dissociation;AC=MS:1000422	5 ppm	0.6 Da	NT=dithiothreitol (DTT);AC=PRIDE:0000608	NT=methyl methanethiosulfonate (MMTS);AC=PRIDE:0000605	NT=Methylthio;AC=UNIMOD:39;TA=C;MT=Fixed	NT=Oxidation;AC=UNIMOD:35;TA=M;MT=Variable	NT=TMTpro;AC=UNIMOD:2016;TA=K;MT=Fixed	NT=TMTpro;AC=UNIMOD:2016;PP=Any N-term;MT=Fixed	0 hour	IPC T1
set1-R6	Rattus norvegicus	heart	3	not applicable	tissue	0 hour	IPC T1	adult	not available	not available	yes	Lumos_220614_81-TMT133C	proteomic profiling by mass spectrometry	1	Lumos_220614_81.raw	v1.1.0	NT=ms-proteomics;VV=v1.1.0	NT=vertebrates;VV=v1.1.0	manual curation	NT=Data-dependent acquisition;AC=PRIDE:0000627	NT=Orbitrap Fusion Lumos;AC=MS:1002732	NT=Trypsin;AC=MS:1001251	TMT133C	21	NT=higher energy beam-type collision-induced dissociation;AC=MS:1000422	5 ppm	0.6 Da	NT=dithiothreitol (DTT);AC=PRIDE:0000608	NT=methyl methanethiosulfonate (MMTS);AC=PRIDE:0000605	NT=Methylthio;AC=UNIMOD:39;TA=C;MT=Fixed	NT=Oxidation;AC=UNIMOD:35;TA=M;MT=Variable	NT=TMTpro;AC=UNIMOD:2016;TA=K;MT=Fixed	NT=TMTpro;AC=UNIMOD:2016;PP=Any N-term;MT=Fixed	0 hour	IPC T1
set1-R6	Rattus norvegicus	heart	3	not applicable	tissue	0 hour	IPC T1	adult	not available	not available	yes	Lumos_220614_82-TMT133C	proteomic profiling by mass spectrometry	1	Lumos_220614_82.raw	v1.1.0	NT=ms-proteomics;VV=v1.1.0	NT=vertebrates;VV=v1.1.0	manual curation	NT=Data-dependent acquisition;AC=PRIDE:0000627	NT=Orbitrap Fusion Lumos;AC=MS:1002732	NT=Trypsin;AC=MS:1001251	TMT133C	22	NT=higher energy beam-type collision-induced dissociation;AC=MS:1000422	5 ppm	0.6 Da	NT=dithiothreitol (DTT);AC=PRIDE:0000608	NT=methyl methanethiosulfonate (MMTS);AC=PRIDE:0000605	NT=Methylthio;AC=UNIMOD:39;TA=C;MT=Fixed	NT=Oxidation;AC=UNIMOD:35;TA=M;MT=Variable	NT=TMTpro;AC=UNIMOD:2016;TA=K;MT=Fixed	NT=TMTpro;AC=UNIMOD:2016;PP=Any N-term;MT=Fixed	0 hour	IPC T1
set1-R6	Rattus norvegicus	heart	3	not applicable	tissue	0 hour	IPC T1	adult	not available	not available	yes	Lumos_220614_83-TMT133C	proteomic profiling by mass spectrometry	1	Lumos_220614_83.raw	v1.1.0	NT=ms-proteomics;VV=v1.1.0	NT=vertebrates;VV=v1.1.0	manual curation	NT=Data-dependent acquisition;AC=PRIDE:0000627	NT=Orbitrap Fusion Lumos;AC=MS:1002732	NT=Trypsin;AC=MS:1001251	TMT133C	23	NT=higher energy beam-type collision-induced dissociation;AC=MS:1000422	5 ppm	0.6 Da	NT=dithiothreitol (DTT);AC=PRIDE:0000608	NT=methyl methanethiosulfonate (MMTS);AC=PRIDE:0000605	NT=Methylthio;AC=UNIMOD:39;TA=C;MT=Fixed	NT=Oxidation;AC=UNIMOD:35;TA=M;MT=Variable	NT=TMTpro;AC=UNIMOD:2016;TA=K;MT=Fixed	NT=TMTpro;AC=UNIMOD:2016;PP=Any N-term;MT=Fixed	0 hour	IPC T1
set1-R4	Rattus norvegicus	heart	4	not applicable	tissue	0 hour	IPC T1	adult	not available	not available	yes	Lumos_220614_61-TMT134N	proteomic profiling by mass spectrometry	1	Lumos_220614_61.raw	v1.1.0	NT=ms-proteomics;VV=v1.1.0	NT=vertebrates;VV=v1.1.0	manual curation	NT=Data-dependent acquisition;AC=PRIDE:0000627	NT=Orbitrap Fusion Lumos;AC=MS:1002732	NT=Trypsin;AC=MS:1001251	TMT134N	1	NT=higher energy beam-type collision-induced dissociation;AC=MS:1000422	5 ppm	0.6 Da	NT=dithiothreitol (DTT);AC=PRIDE:0000608	NT=methyl methanethiosulfonate (MMTS);AC=PRIDE:0000605	NT=Methylthio;AC=UNIMOD:39;TA=C;MT=Fixed	NT=Oxidation;AC=UNIMOD:35;TA=M;MT=Variable	NT=TMTpro;AC=UNIMOD:2016;TA=K;MT=Fixed	NT=TMTpro;AC=UNIMOD:2016;PP=Any N-term;MT=Fixed	0 hour	IPC T1
set1-R4	Rattus norvegicus	heart	4	not applicable	tissue	0 hour	IPC T1	adult	not available	not available	yes	Lumos_220614_62-TMT134N	proteomic profiling by mass spectrometry	1	Lumos_220614_62.raw	v1.1.0	NT=ms-proteomics;VV=v1.1.0	NT=vertebrates;VV=v1.1.0	manual curation	NT=Data-dependent acquisition;AC=PRIDE:0000627	NT=Orbitrap Fusion Lumos;AC=MS:1002732	NT=Trypsin;AC=MS:1001251	TMT134N	2	NT=higher energy beam-type collision-induced dissociation;AC=MS:1000422	5 ppm	0.6 Da	NT=dithiothreitol (DTT);AC=PRIDE:0000608	NT=methyl methanethiosulfonate (MMTS);AC=PRIDE:0000605	NT=Methylthio;AC=UNIMOD:39;TA=C;MT=Fixed	NT=Oxidation;AC=UNIMOD:35;TA=M;MT=Variable	NT=TMTpro;AC=UNIMOD:2016;TA=K;MT=Fixed	NT=TMTpro;AC=UNIMOD:2016;PP=Any N-term;MT=Fixed	0 hour	IPC T1
set1-R4	Rattus norvegicus	heart	4	not applicable	tissue	0 hour	IPC T1	adult	not available	not available	yes	Lumos_220614_63-TMT134N	proteomic profiling by mass spectrometry	1	Lumos_220614_63.raw	v1.1.0	NT=ms-proteomics;VV=v1.1.0	NT=vertebrates;VV=v1.1.0	manual curation	NT=Data-dependent acquisition;AC=PRIDE:0000627	NT=Orbitrap Fusion Lumos;AC=MS:1002732	NT=Trypsin;AC=MS:1001251	TMT134N	3	NT=higher energy beam-type collision-induced dissociation;AC=MS:1000422	5 ppm	0.6 Da	NT=dithiothreitol (DTT);AC=PRIDE:0000608	NT=methyl methanethiosulfonate (MMTS);AC=PRIDE:0000605	NT=Methylthio;AC=UNIMOD:39;TA=C;MT=Fixed	NT=Oxidation;AC=UNIMOD:35;TA=M;MT=Variable	NT=TMTpro;AC=UNIMOD:2016;TA=K;MT=Fixed	NT=TMTpro;AC=UNIMOD:2016;PP=Any N-term;MT=Fixed	0 hour	IPC T1
set1-R4	Rattus norvegicus	heart	4	not applicable	tissue	0 hour	IPC T1	adult	not available	not available	yes	Lumos_220614_64-TMT134N	proteomic profiling by mass spectrometry	1	Lumos_220614_64.raw	v1.1.0	NT=ms-proteomics;VV=v1.1.0	NT=vertebrates;VV=v1.1.0	manual curation	NT=Data-dependent acquisition;AC=PRIDE:0000627	NT=Orbitrap Fusion Lumos;AC=MS:1002732	NT=Trypsin;AC=MS:1001251	TMT134N	4	NT=higher energy beam-type collision-induced dissociation;AC=MS:1000422	5 ppm	0.6 Da	NT=dithiothreitol (DTT);AC=PRIDE:0000608	NT=methyl methanethiosulfonate (MMTS);AC=PRIDE:0000605	NT=Methylthio;AC=UNIMOD:39;TA=C;MT=Fixed	NT=Oxidation;AC=UNIMOD:35;TA=M;MT=Variable	NT=TMTpro;AC=UNIMOD:2016;TA=K;MT=Fixed	NT=TMTpro;AC=UNIMOD:2016;PP=Any N-term;MT=Fixed	0 hour	IPC T1
set1-R4	Rattus norvegicus	heart	4	not applicable	tissue	0 hour	IPC T1	adult	not available	not available	yes	Lumos_220614_65-TMT134N	proteomic profiling by mass spectrometry	1	Lumos_220614_65.raw	v1.1.0	NT=ms-proteomics;VV=v1.1.0	NT=vertebrates;VV=v1.1.0	manual curation	NT=Data-dependent acquisition;AC=PRIDE:0000627	NT=Orbitrap Fusion Lumos;AC=MS:1002732	NT=Trypsin;AC=MS:1001251	TMT134N	5	NT=higher energy beam-type collision-induced dissociation;AC=MS:1000422	5 ppm	0.6 Da	NT=dithiothreitol (DTT);AC=PRIDE:0000608	NT=methyl methanethiosulfonate (MMTS);AC=PRIDE:0000605	NT=Methylthio;AC=UNIMOD:39;TA=C;MT=Fixed	NT=Oxidation;AC=UNIMOD:35;TA=M;MT=Variable	NT=TMTpro;AC=UNIMOD:2016;TA=K;MT=Fixed	NT=TMTpro;AC=UNIMOD:2016;PP=Any N-term;MT=Fixed	0 hour	IPC T1
set1-R4	Rattus norvegicus	heart	4	not applicable	tissue	0 hour	IPC T1	adult	not available	not available	yes	Lumos_220614_66-TMT134N	proteomic profiling by mass spectrometry	1	Lumos_220614_66.raw	v1.1.0	NT=ms-proteomics;VV=v1.1.0	NT=vertebrates;VV=v1.1.0	manual curation	NT=Data-dependent acquisition;AC=PRIDE:0000627	NT=Orbitrap Fusion Lumos;AC=MS:1002732	NT=Trypsin;AC=MS:1001251	TMT134N	6	NT=higher energy beam-type collision-induced dissociation;AC=MS:1000422	5 ppm	0.6 Da	NT=dithiothreitol (DTT);AC=PRIDE:0000608	NT=methyl methanethiosulfonate (MMTS);AC=PRIDE:0000605	NT=Methylthio;AC=UNIMOD:39;TA=C;MT=Fixed	NT=Oxidation;AC=UNIMOD:35;TA=M;MT=Variable	NT=TMTpro;AC=UNIMOD:2016;TA=K;MT=Fixed	NT=TMTpro;AC=UNIMOD:2016;PP=Any N-term;MT=Fixed	0 hour	IPC T1
set1-R4	Rattus norvegicus	heart	4	not applicable	tissue	0 hour	IPC T1	adult	not available	not available	yes	Lumos_220614_67-TMT134N	proteomic profiling by mass spectrometry	1	Lumos_220614_67.raw	v1.1.0	NT=ms-proteomics;VV=v1.1.0	NT=vertebrates;VV=v1.1.0	manual curation	NT=Data-dependent acquisition;AC=PRIDE:0000627	NT=Orbitrap Fusion Lumos;AC=MS:1002732	NT=Trypsin;AC=MS:1001251	TMT134N	7	NT=higher energy beam-type collision-induced dissociation;AC=MS:1000422	5 ppm	0.6 Da	NT=dithiothreitol (DTT);AC=PRIDE:0000608	NT=methyl methanethiosulfonate (MMTS);AC=PRIDE:0000605	NT=Methylthio;AC=UNIMOD:39;TA=C;MT=Fixed	NT=Oxidation;AC=UNIMOD:35;TA=M;MT=Variable	NT=TMTpro;AC=UNIMOD:2016;TA=K;MT=Fixed	NT=TMTpro;AC=UNIMOD:2016;PP=Any N-term;MT=Fixed	0 hour	IPC T1
set1-R4	Rattus norvegicus	heart	4	not applicable	tissue	0 hour	IPC T1	adult	not available	not available	yes	Lumos_220614_68-TMT134N	proteomic profiling by mass spectrometry	1	Lumos_220614_68.raw	v1.1.0	NT=ms-proteomics;VV=v1.1.0	NT=vertebrates;VV=v1.1.0	manual curation	NT=Data-dependent acquisition;AC=PRIDE:0000627	NT=Orbitrap Fusion Lumos;AC=MS:1002732	NT=Trypsin;AC=MS:1001251	TMT134N	8	NT=higher energy beam-type collision-induced dissociation;AC=MS:1000422	5 ppm	0.6 Da	NT=dithiothreitol (DTT);AC=PRIDE:0000608	NT=methyl methanethiosulfonate (MMTS);AC=PRIDE:0000605	NT=Methylthio;AC=UNIMOD:39;TA=C;MT=Fixed	NT=Oxidation;AC=UNIMOD:35;TA=M;MT=Variable	NT=TMTpro;AC=UNIMOD:2016;TA=K;MT=Fixed	NT=TMTpro;AC=UNIMOD:2016;PP=Any N-term;MT=Fixed	0 hour	IPC T1
set1-R4	Rattus norvegicus	heart	4	not applicable	tissue	0 hour	IPC T1	adult	not available	not available	yes	Lumos_220614_69-TMT134N	proteomic profiling by mass spectrometry	1	Lumos_220614_69.raw	v1.1.0	NT=ms-proteomics;VV=v1.1.0	NT=vertebrates;VV=v1.1.0	manual curation	NT=Data-dependent acquisition;AC=PRIDE:0000627	NT=Orbitrap Fusion Lumos;AC=MS:1002732	NT=Trypsin;AC=MS:1001251	TMT134N	9	NT=higher energy beam-type collision-induced dissociation;AC=MS:1000422	5 ppm	0.6 Da	NT=dithiothreitol (DTT);AC=PRIDE:0000608	NT=methyl methanethiosulfonate (MMTS);AC=PRIDE:0000605	NT=Methylthio;AC=UNIMOD:39;TA=C;MT=Fixed	NT=Oxidation;AC=UNIMOD:35;TA=M;MT=Variable	NT=TMTpro;AC=UNIMOD:2016;TA=K;MT=Fixed	NT=TMTpro;AC=UNIMOD:2016;PP=Any N-term;MT=Fixed	0 hour	IPC T1
set1-R4	Rattus norvegicus	heart	4	not applicable	tissue	0 hour	IPC T1	adult	not available	not available	yes	Lumos_220614_70-TMT134N	proteomic profiling by mass spectrometry	1	Lumos_220614_70.raw	v1.1.0	NT=ms-proteomics;VV=v1.1.0	NT=vertebrates;VV=v1.1.0	manual curation	NT=Data-dependent acquisition;AC=PRIDE:0000627	NT=Orbitrap Fusion Lumos;AC=MS:1002732	NT=Trypsin;AC=MS:1001251	TMT134N	10	NT=higher energy beam-type collision-induced dissociation;AC=MS:1000422	5 ppm	0.6 Da	NT=dithiothreitol (DTT);AC=PRIDE:0000608	NT=methyl methanethiosulfonate (MMTS);AC=PRIDE:0000605	NT=Methylthio;AC=UNIMOD:39;TA=C;MT=Fixed	NT=Oxidation;AC=UNIMOD:35;TA=M;MT=Variable	NT=TMTpro;AC=UNIMOD:2016;TA=K;MT=Fixed	NT=TMTpro;AC=UNIMOD:2016;PP=Any N-term;MT=Fixed	0 hour	IPC T1
set1-R4	Rattus norvegicus	heart	4	not applicable	tissue	0 hour	IPC T1	adult	not available	not available	yes	Lumos_220614_71-TMT134N	proteomic profiling by mass spectrometry	1	Lumos_220614_71.raw	v1.1.0	NT=ms-proteomics;VV=v1.1.0	NT=vertebrates;VV=v1.1.0	manual curation	NT=Data-dependent acquisition;AC=PRIDE:0000627	NT=Orbitrap Fusion Lumos;AC=MS:1002732	NT=Trypsin;AC=MS:1001251	TMT134N	11	NT=higher energy beam-type collision-induced dissociation;AC=MS:1000422	5 ppm	0.6 Da	NT=dithiothreitol (DTT);AC=PRIDE:0000608	NT=methyl methanethiosulfonate (MMTS);AC=PRIDE:0000605	NT=Methylthio;AC=UNIMOD:39;TA=C;MT=Fixed	NT=Oxidation;AC=UNIMOD:35;TA=M;MT=Variable	NT=TMTpro;AC=UNIMOD:2016;TA=K;MT=Fixed	NT=TMTpro;AC=UNIMOD:2016;PP=Any N-term;MT=Fixed	0 hour	IPC T1
set1-R4	Rattus norvegicus	heart	4	not applicable	tissue	0 hour	IPC T1	adult	not available	not available	yes	Lumos_220614_72-TMT134N	proteomic profiling by mass spectrometry	1	Lumos_220614_72.raw	v1.1.0	NT=ms-proteomics;VV=v1.1.0	NT=vertebrates;VV=v1.1.0	manual curation	NT=Data-dependent acquisition;AC=PRIDE:0000627	NT=Orbitrap Fusion Lumos;AC=MS:1002732	NT=Trypsin;AC=MS:1001251	TMT134N	12	NT=higher energy beam-type collision-induced dissociation;AC=MS:1000422	5 ppm	0.6 Da	NT=dithiothreitol (DTT);AC=PRIDE:0000608	NT=methyl methanethiosulfonate (MMTS);AC=PRIDE:0000605	NT=Methylthio;AC=UNIMOD:39;TA=C;MT=Fixed	NT=Oxidation;AC=UNIMOD:35;TA=M;MT=Variable	NT=TMTpro;AC=UNIMOD:2016;TA=K;MT=Fixed	NT=TMTpro;AC=UNIMOD:2016;PP=Any N-term;MT=Fixed	0 hour	IPC T1
set1-R4	Rattus norvegicus	heart	4	not applicable	tissue	0 hour	IPC T1	adult	not available	not available	yes	Lumos_220614_73-TMT134N	proteomic profiling by mass spectrometry	1	Lumos_220614_73.raw	v1.1.0	NT=ms-proteomics;VV=v1.1.0	NT=vertebrates;VV=v1.1.0	manual curation	NT=Data-dependent acquisition;AC=PRIDE:0000627	NT=Orbitrap Fusion Lumos;AC=MS:1002732	NT=Trypsin;AC=MS:1001251	TMT134N	13	NT=higher energy beam-type collision-induced dissociation;AC=MS:1000422	5 ppm	0.6 Da	NT=dithiothreitol (DTT);AC=PRIDE:0000608	NT=methyl methanethiosulfonate (MMTS);AC=PRIDE:0000605	NT=Methylthio;AC=UNIMOD:39;TA=C;MT=Fixed	NT=Oxidation;AC=UNIMOD:35;TA=M;MT=Variable	NT=TMTpro;AC=UNIMOD:2016;TA=K;MT=Fixed	NT=TMTpro;AC=UNIMOD:2016;PP=Any N-term;MT=Fixed	0 hour	IPC T1
set1-R4	Rattus norvegicus	heart	4	not applicable	tissue	0 hour	IPC T1	adult	not available	not available	yes	Lumos_220614_74-TMT134N	proteomic profiling by mass spectrometry	1	Lumos_220614_74.raw	v1.1.0	NT=ms-proteomics;VV=v1.1.0	NT=vertebrates;VV=v1.1.0	manual curation	NT=Data-dependent acquisition;AC=PRIDE:0000627	NT=Orbitrap Fusion Lumos;AC=MS:1002732	NT=Trypsin;AC=MS:1001251	TMT134N	14	NT=higher energy beam-type collision-induced dissociation;AC=MS:1000422	5 ppm	0.6 Da	NT=dithiothreitol (DTT);AC=PRIDE:0000608	NT=methyl methanethiosulfonate (MMTS);AC=PRIDE:0000605	NT=Methylthio;AC=UNIMOD:39;TA=C;MT=Fixed	NT=Oxidation;AC=UNIMOD:35;TA=M;MT=Variable	NT=TMTpro;AC=UNIMOD:2016;TA=K;MT=Fixed	NT=TMTpro;AC=UNIMOD:2016;PP=Any N-term;MT=Fixed	0 hour	IPC T1
set1-R4	Rattus norvegicus	heart	4	not applicable	tissue	0 hour	IPC T1	adult	not available	not available	yes	Lumos_220614_75-TMT134N	proteomic profiling by mass spectrometry	1	Lumos_220614_75.raw	v1.1.0	NT=ms-proteomics;VV=v1.1.0	NT=vertebrates;VV=v1.1.0	manual curation	NT=Data-dependent acquisition;AC=PRIDE:0000627	NT=Orbitrap Fusion Lumos;AC=MS:1002732	NT=Trypsin;AC=MS:1001251	TMT134N	15	NT=higher energy beam-type collision-induced dissociation;AC=MS:1000422	5 ppm	0.6 Da	NT=dithiothreitol (DTT);AC=PRIDE:0000608	NT=methyl methanethiosulfonate (MMTS);AC=PRIDE:0000605	NT=Methylthio;AC=UNIMOD:39;TA=C;MT=Fixed	NT=Oxidation;AC=UNIMOD:35;TA=M;MT=Variable	NT=TMTpro;AC=UNIMOD:2016;TA=K;MT=Fixed	NT=TMTpro;AC=UNIMOD:2016;PP=Any N-term;MT=Fixed	0 hour	IPC T1
set1-R4	Rattus norvegicus	heart	4	not applicable	tissue	0 hour	IPC T1	adult	not available	not available	yes	Lumos_220614_76-TMT134N	proteomic profiling by mass spectrometry	1	Lumos_220614_76.raw	v1.1.0	NT=ms-proteomics;VV=v1.1.0	NT=vertebrates;VV=v1.1.0	manual curation	NT=Data-dependent acquisition;AC=PRIDE:0000627	NT=Orbitrap Fusion Lumos;AC=MS:1002732	NT=Trypsin;AC=MS:1001251	TMT134N	16	NT=higher energy beam-type collision-induced dissociation;AC=MS:1000422	5 ppm	0.6 Da	NT=dithiothreitol (DTT);AC=PRIDE:0000608	NT=methyl methanethiosulfonate (MMTS);AC=PRIDE:0000605	NT=Methylthio;AC=UNIMOD:39;TA=C;MT=Fixed	NT=Oxidation;AC=UNIMOD:35;TA=M;MT=Variable	NT=TMTpro;AC=UNIMOD:2016;TA=K;MT=Fixed	NT=TMTpro;AC=UNIMOD:2016;PP=Any N-term;MT=Fixed	0 hour	IPC T1
set1-R4	Rattus norvegicus	heart	4	not applicable	tissue	0 hour	IPC T1	adult	not available	not available	yes	Lumos_220614_77-TMT134N	proteomic profiling by mass spectrometry	1	Lumos_220614_77.raw	v1.1.0	NT=ms-proteomics;VV=v1.1.0	NT=vertebrates;VV=v1.1.0	manual curation	NT=Data-dependent acquisition;AC=PRIDE:0000627	NT=Orbitrap Fusion Lumos;AC=MS:1002732	NT=Trypsin;AC=MS:1001251	TMT134N	17	NT=higher energy beam-type collision-induced dissociation;AC=MS:1000422	5 ppm	0.6 Da	NT=dithiothreitol (DTT);AC=PRIDE:0000608	NT=methyl methanethiosulfonate (MMTS);AC=PRIDE:0000605	NT=Methylthio;AC=UNIMOD:39;TA=C;MT=Fixed	NT=Oxidation;AC=UNIMOD:35;TA=M;MT=Variable	NT=TMTpro;AC=UNIMOD:2016;TA=K;MT=Fixed	NT=TMTpro;AC=UNIMOD:2016;PP=Any N-term;MT=Fixed	0 hour	IPC T1
set1-R4	Rattus norvegicus	heart	4	not applicable	tissue	0 hour	IPC T1	adult	not available	not available	yes	Lumos_220614_78-TMT134N	proteomic profiling by mass spectrometry	1	Lumos_220614_78.raw	v1.1.0	NT=ms-proteomics;VV=v1.1.0	NT=vertebrates;VV=v1.1.0	manual curation	NT=Data-dependent acquisition;AC=PRIDE:0000627	NT=Orbitrap Fusion Lumos;AC=MS:1002732	NT=Trypsin;AC=MS:1001251	TMT134N	18	NT=higher energy beam-type collision-induced dissociation;AC=MS:1000422	5 ppm	0.6 Da	NT=dithiothreitol (DTT);AC=PRIDE:0000608	NT=methyl methanethiosulfonate (MMTS);AC=PRIDE:0000605	NT=Methylthio;AC=UNIMOD:39;TA=C;MT=Fixed	NT=Oxidation;AC=UNIMOD:35;TA=M;MT=Variable	NT=TMTpro;AC=UNIMOD:2016;TA=K;MT=Fixed	NT=TMTpro;AC=UNIMOD:2016;PP=Any N-term;MT=Fixed	0 hour	IPC T1
set1-R4	Rattus norvegicus	heart	4	not applicable	tissue	0 hour	IPC T1	adult	not available	not available	yes	Lumos_220614_79-TMT134N	proteomic profiling by mass spectrometry	1	Lumos_220614_79.raw	v1.1.0	NT=ms-proteomics;VV=v1.1.0	NT=vertebrates;VV=v1.1.0	manual curation	NT=Data-dependent acquisition;AC=PRIDE:0000627	NT=Orbitrap Fusion Lumos;AC=MS:1002732	NT=Trypsin;AC=MS:1001251	TMT134N	19	NT=higher energy beam-type collision-induced dissociation;AC=MS:1000422	5 ppm	0.6 Da	NT=dithiothreitol (DTT);AC=PRIDE:0000608	NT=methyl methanethiosulfonate (MMTS);AC=PRIDE:0000605	NT=Methylthio;AC=UNIMOD:39;TA=C;MT=Fixed	NT=Oxidation;AC=UNIMOD:35;TA=M;MT=Variable	NT=TMTpro;AC=UNIMOD:2016;TA=K;MT=Fixed	NT=TMTpro;AC=UNIMOD:2016;PP=Any N-term;MT=Fixed	0 hour	IPC T1
set1-R4	Rattus norvegicus	heart	4	not applicable	tissue	0 hour	IPC T1	adult	not available	not available	yes	Lumos_220614_80-TMT134N	proteomic profiling by mass spectrometry	1	Lumos_220614_80.raw	v1.1.0	NT=ms-proteomics;VV=v1.1.0	NT=vertebrates;VV=v1.1.0	manual curation	NT=Data-dependent acquisition;AC=PRIDE:0000627	NT=Orbitrap Fusion Lumos;AC=MS:1002732	NT=Trypsin;AC=MS:1001251	TMT134N	20	NT=higher energy beam-type collision-induced dissociation;AC=MS:1000422	5 ppm	0.6 Da	NT=dithiothreitol (DTT);AC=PRIDE:0000608	NT=methyl methanethiosulfonate (MMTS);AC=PRIDE:0000605	NT=Methylthio;AC=UNIMOD:39;TA=C;MT=Fixed	NT=Oxidation;AC=UNIMOD:35;TA=M;MT=Variable	NT=TMTpro;AC=UNIMOD:2016;TA=K;MT=Fixed	NT=TMTpro;AC=UNIMOD:2016;PP=Any N-term;MT=Fixed	0 hour	IPC T1
set1-R4	Rattus norvegicus	heart	4	not applicable	tissue	0 hour	IPC T1	adult	not available	not available	yes	Lumos_220614_81-TMT134N	proteomic profiling by mass spectrometry	1	Lumos_220614_81.raw	v1.1.0	NT=ms-proteomics;VV=v1.1.0	NT=vertebrates;VV=v1.1.0	manual curation	NT=Data-dependent acquisition;AC=PRIDE:0000627	NT=Orbitrap Fusion Lumos;AC=MS:1002732	NT=Trypsin;AC=MS:1001251	TMT134N	21	NT=higher energy beam-type collision-induced dissociation;AC=MS:1000422	5 ppm	0.6 Da	NT=dithiothreitol (DTT);AC=PRIDE:0000608	NT=methyl methanethiosulfonate (MMTS);AC=PRIDE:0000605	NT=Methylthio;AC=UNIMOD:39;TA=C;MT=Fixed	NT=Oxidation;AC=UNIMOD:35;TA=M;MT=Variable	NT=TMTpro;AC=UNIMOD:2016;TA=K;MT=Fixed	NT=TMTpro;AC=UNIMOD:2016;PP=Any N-term;MT=Fixed	0 hour	IPC T1
set1-R4	Rattus norvegicus	heart	4	not applicable	tissue	0 hour	IPC T1	adult	not available	not available	yes	Lumos_220614_82-TMT134N	proteomic profiling by mass spectrometry	1	Lumos_220614_82.raw	v1.1.0	NT=ms-proteomics;VV=v1.1.0	NT=vertebrates;VV=v1.1.0	manual curation	NT=Data-dependent acquisition;AC=PRIDE:0000627	NT=Orbitrap Fusion Lumos;AC=MS:1002732	NT=Trypsin;AC=MS:1001251	TMT134N	22	NT=higher energy beam-type collision-induced dissociation;AC=MS:1000422	5 ppm	0.6 Da	NT=dithiothreitol (DTT);AC=PRIDE:0000608	NT=methyl methanethiosulfonate (MMTS);AC=PRIDE:0000605	NT=Methylthio;AC=UNIMOD:39;TA=C;MT=Fixed	NT=Oxidation;AC=UNIMOD:35;TA=M;MT=Variable	NT=TMTpro;AC=UNIMOD:2016;TA=K;MT=Fixed	NT=TMTpro;AC=UNIMOD:2016;PP=Any N-term;MT=Fixed	0 hour	IPC T1
set1-R4	Rattus norvegicus	heart	4	not applicable	tissue	0 hour	IPC T1	adult	not available	not available	yes	Lumos_220614_83-TMT134N	proteomic profiling by mass spectrometry	1	Lumos_220614_83.raw	v1.1.0	NT=ms-proteomics;VV=v1.1.0	NT=vertebrates;VV=v1.1.0	manual curation	NT=Data-dependent acquisition;AC=PRIDE:0000627	NT=Orbitrap Fusion Lumos;AC=MS:1002732	NT=Trypsin;AC=MS:1001251	TMT134N	23	NT=higher energy beam-type collision-induced dissociation;AC=MS:1000422	5 ppm	0.6 Da	NT=dithiothreitol (DTT);AC=PRIDE:0000608	NT=methyl methanethiosulfonate (MMTS);AC=PRIDE:0000605	NT=Methylthio;AC=UNIMOD:39;TA=C;MT=Fixed	NT=Oxidation;AC=UNIMOD:35;TA=M;MT=Variable	NT=TMTpro;AC=UNIMOD:2016;TA=K;MT=Fixed	NT=TMTpro;AC=UNIMOD:2016;PP=Any N-term;MT=Fixed	0 hour	IPC T1
set2-R34	Rattus norvegicus	heart	1	not applicable	tissue	0 hour	NIPC T1	adult	not available	not available	no	Lumos_221109_10-TMT127C	proteomic profiling by mass spectrometry	1	Lumos_221109_10.raw	v1.1.0	NT=ms-proteomics;VV=v1.1.0	NT=vertebrates;VV=v1.1.0	manual curation	NT=Data-dependent acquisition;AC=PRIDE:0000627	NT=Orbitrap Fusion Lumos;AC=MS:1002732	NT=Trypsin;AC=MS:1001251	TMT127C	1	NT=higher energy beam-type collision-induced dissociation;AC=MS:1000422	5 ppm	0.6 Da	NT=dithiothreitol (DTT);AC=PRIDE:0000608	NT=methyl methanethiosulfonate (MMTS);AC=PRIDE:0000605	NT=Methylthio;AC=UNIMOD:39;TA=C;MT=Fixed	NT=Oxidation;AC=UNIMOD:35;TA=M;MT=Variable	NT=TMTpro;AC=UNIMOD:2016;TA=K;MT=Fixed	NT=TMTpro;AC=UNIMOD:2016;PP=Any N-term;MT=Fixed	0 hour	NIPC T1
set2-R34	Rattus norvegicus	heart	1	not applicable	tissue	0 hour	NIPC T1	adult	not available	not available	no	Lumos_221109_11-TMT127C	proteomic profiling by mass spectrometry	1	Lumos_221109_11.raw	v1.1.0	NT=ms-proteomics;VV=v1.1.0	NT=vertebrates;VV=v1.1.0	manual curation	NT=Data-dependent acquisition;AC=PRIDE:0000627	NT=Orbitrap Fusion Lumos;AC=MS:1002732	NT=Trypsin;AC=MS:1001251	TMT127C	2	NT=higher energy beam-type collision-induced dissociation;AC=MS:1000422	5 ppm	0.6 Da	NT=dithiothreitol (DTT);AC=PRIDE:0000608	NT=methyl methanethiosulfonate (MMTS);AC=PRIDE:0000605	NT=Methylthio;AC=UNIMOD:39;TA=C;MT=Fixed	NT=Oxidation;AC=UNIMOD:35;TA=M;MT=Variable	NT=TMTpro;AC=UNIMOD:2016;TA=K;MT=Fixed	NT=TMTpro;AC=UNIMOD:2016;PP=Any N-term;MT=Fixed	0 hour	NIPC T1
set2-R34	Rattus norvegicus	heart	1	not applicable	tissue	0 hour	NIPC T1	adult	not available	not available	no	Lumos_221109_12-TMT127C	proteomic profiling by mass spectrometry	1	Lumos_221109_12.raw	v1.1.0	NT=ms-proteomics;VV=v1.1.0	NT=vertebrates;VV=v1.1.0	manual curation	NT=Data-dependent acquisition;AC=PRIDE:0000627	NT=Orbitrap Fusion Lumos;AC=MS:1002732	NT=Trypsin;AC=MS:1001251	TMT127C	3	NT=higher energy beam-type collision-induced dissociation;AC=MS:1000422	5 ppm	0.6 Da	NT=dithiothreitol (DTT);AC=PRIDE:0000608	NT=methyl methanethiosulfonate (MMTS);AC=PRIDE:0000605	NT=Methylthio;AC=UNIMOD:39;TA=C;MT=Fixed	NT=Oxidation;AC=UNIMOD:35;TA=M;MT=Variable	NT=TMTpro;AC=UNIMOD:2016;TA=K;MT=Fixed	NT=TMTpro;AC=UNIMOD:2016;PP=Any N-term;MT=Fixed	0 hour	NIPC T1
set2-R34	Rattus norvegicus	heart	1	not applicable	tissue	0 hour	NIPC T1	adult	not available	not available	no	Lumos_221109_13-TMT127C	proteomic profiling by mass spectrometry	1	Lumos_221109_13.raw	v1.1.0	NT=ms-proteomics;VV=v1.1.0	NT=vertebrates;VV=v1.1.0	manual curation	NT=Data-dependent acquisition;AC=PRIDE:0000627	NT=Orbitrap Fusion Lumos;AC=MS:1002732	NT=Trypsin;AC=MS:1001251	TMT127C	4	NT=higher energy beam-type collision-induced dissociation;AC=MS:1000422	5 ppm	0.6 Da	NT=dithiothreitol (DTT);AC=PRIDE:0000608	NT=methyl methanethiosulfonate (MMTS);AC=PRIDE:0000605	NT=Methylthio;AC=UNIMOD:39;TA=C;MT=Fixed	NT=Oxidation;AC=UNIMOD:35;TA=M;MT=Variable	NT=TMTpro;AC=UNIMOD:2016;TA=K;MT=Fixed	NT=TMTpro;AC=UNIMOD:2016;PP=Any N-term;MT=Fixed	0 hour	NIPC T1
set2-R34	Rattus norvegicus	heart	1	not applicable	tissue	0 hour	NIPC T1	adult	not available	not available	no	Lumos_221109_14-TMT127C	proteomic profiling by mass spectrometry	1	Lumos_221109_14.raw	v1.1.0	NT=ms-proteomics;VV=v1.1.0	NT=vertebrates;VV=v1.1.0	manual curation	NT=Data-dependent acquisition;AC=PRIDE:0000627	NT=Orbitrap Fusion Lumos;AC=MS:1002732	NT=Trypsin;AC=MS:1001251	TMT127C	5	NT=higher energy beam-type collision-induced dissociation;AC=MS:1000422	5 ppm	0.6 Da	NT=dithiothreitol (DTT);AC=PRIDE:0000608	NT=methyl methanethiosulfonate (MMTS);AC=PRIDE:0000605	NT=Methylthio;AC=UNIMOD:39;TA=C;MT=Fixed	NT=Oxidation;AC=UNIMOD:35;TA=M;MT=Variable	NT=TMTpro;AC=UNIMOD:2016;TA=K;MT=Fixed	NT=TMTpro;AC=UNIMOD:2016;PP=Any N-term;MT=Fixed	0 hour	NIPC T1
set2-R34	Rattus norvegicus	heart	1	not applicable	tissue	0 hour	NIPC T1	adult	not available	not available	no	Lumos_221109_15-TMT127C	proteomic profiling by mass spectrometry	1	Lumos_221109_15.raw	v1.1.0	NT=ms-proteomics;VV=v1.1.0	NT=vertebrates;VV=v1.1.0	manual curation	NT=Data-dependent acquisition;AC=PRIDE:0000627	NT=Orbitrap Fusion Lumos;AC=MS:1002732	NT=Trypsin;AC=MS:1001251	TMT127C	6	NT=higher energy beam-type collision-induced dissociation;AC=MS:1000422	5 ppm	0.6 Da	NT=dithiothreitol (DTT);AC=PRIDE:0000608	NT=methyl methanethiosulfonate (MMTS);AC=PRIDE:0000605	NT=Methylthio;AC=UNIMOD:39;TA=C;MT=Fixed	NT=Oxidation;AC=UNIMOD:35;TA=M;MT=Variable	NT=TMTpro;AC=UNIMOD:2016;TA=K;MT=Fixed	NT=TMTpro;AC=UNIMOD:2016;PP=Any N-term;MT=Fixed	0 hour	NIPC T1
set2-R34	Rattus norvegicus	heart	1	not applicable	tissue	0 hour	NIPC T1	adult	not available	not available	no	Lumos_221109_16-TMT127C	proteomic profiling by mass spectrometry	1	Lumos_221109_16.raw	v1.1.0	NT=ms-proteomics;VV=v1.1.0	NT=vertebrates;VV=v1.1.0	manual curation	NT=Data-dependent acquisition;AC=PRIDE:0000627	NT=Orbitrap Fusion Lumos;AC=MS:1002732	NT=Trypsin;AC=MS:1001251	TMT127C	7	NT=higher energy beam-type collision-induced dissociation;AC=MS:1000422	5 ppm	0.6 Da	NT=dithiothreitol (DTT);AC=PRIDE:0000608	NT=methyl methanethiosulfonate (MMTS);AC=PRIDE:0000605	NT=Methylthio;AC=UNIMOD:39;TA=C;MT=Fixed	NT=Oxidation;AC=UNIMOD:35;TA=M;MT=Variable	NT=TMTpro;AC=UNIMOD:2016;TA=K;MT=Fixed	NT=TMTpro;AC=UNIMOD:2016;PP=Any N-term;MT=Fixed	0 hour	NIPC T1
set2-R34	Rattus norvegicus	heart	1	not applicable	tissue	0 hour	NIPC T1	adult	not available	not available	no	Lumos_221109_17-TMT127C	proteomic profiling by mass spectrometry	1	Lumos_221109_17.raw	v1.1.0	NT=ms-proteomics;VV=v1.1.0	NT=vertebrates;VV=v1.1.0	manual curation	NT=Data-dependent acquisition;AC=PRIDE:0000627	NT=Orbitrap Fusion Lumos;AC=MS:1002732	NT=Trypsin;AC=MS:1001251	TMT127C	8	NT=higher energy beam-type collision-induced dissociation;AC=MS:1000422	5 ppm	0.6 Da	NT=dithiothreitol (DTT);AC=PRIDE:0000608	NT=methyl methanethiosulfonate (MMTS);AC=PRIDE:0000605	NT=Methylthio;AC=UNIMOD:39;TA=C;MT=Fixed	NT=Oxidation;AC=UNIMOD:35;TA=M;MT=Variable	NT=TMTpro;AC=UNIMOD:2016;TA=K;MT=Fixed	NT=TMTpro;AC=UNIMOD:2016;PP=Any N-term;MT=Fixed	0 hour	NIPC T1
set2-R34	Rattus norvegicus	heart	1	not applicable	tissue	0 hour	NIPC T1	adult	not available	not available	no	Lumos_221109_18-TMT127C	proteomic profiling by mass spectrometry	1	Lumos_221109_18.raw	v1.1.0	NT=ms-proteomics;VV=v1.1.0	NT=vertebrates;VV=v1.1.0	manual curation	NT=Data-dependent acquisition;AC=PRIDE:0000627	NT=Orbitrap Fusion Lumos;AC=MS:1002732	NT=Trypsin;AC=MS:1001251	TMT127C	9	NT=higher energy beam-type collision-induced dissociation;AC=MS:1000422	5 ppm	0.6 Da	NT=dithiothreitol (DTT);AC=PRIDE:0000608	NT=methyl methanethiosulfonate (MMTS);AC=PRIDE:0000605	NT=Methylthio;AC=UNIMOD:39;TA=C;MT=Fixed	NT=Oxidation;AC=UNIMOD:35;TA=M;MT=Variable	NT=TMTpro;AC=UNIMOD:2016;TA=K;MT=Fixed	NT=TMTpro;AC=UNIMOD:2016;PP=Any N-term;MT=Fixed	0 hour	NIPC T1
set2-R34	Rattus norvegicus	heart	1	not applicable	tissue	0 hour	NIPC T1	adult	not available	not available	no	Lumos_221109_19-TMT127C	proteomic profiling by mass spectrometry	1	Lumos_221109_19.raw	v1.1.0	NT=ms-proteomics;VV=v1.1.0	NT=vertebrates;VV=v1.1.0	manual curation	NT=Data-dependent acquisition;AC=PRIDE:0000627	NT=Orbitrap Fusion Lumos;AC=MS:1002732	NT=Trypsin;AC=MS:1001251	TMT127C	10	NT=higher energy beam-type collision-induced dissociation;AC=MS:1000422	5 ppm	0.6 Da	NT=dithiothreitol (DTT);AC=PRIDE:0000608	NT=methyl methanethiosulfonate (MMTS);AC=PRIDE:0000605	NT=Methylthio;AC=UNIMOD:39;TA=C;MT=Fixed	NT=Oxidation;AC=UNIMOD:35;TA=M;MT=Variable	NT=TMTpro;AC=UNIMOD:2016;TA=K;MT=Fixed	NT=TMTpro;AC=UNIMOD:2016;PP=Any N-term;MT=Fixed	0 hour	NIPC T1
set2-R34	Rattus norvegicus	heart	1	not applicable	tissue	0 hour	NIPC T1	adult	not available	not available	no	Lumos_221109_20-TMT127C	proteomic profiling by mass spectrometry	1	Lumos_221109_20.raw	v1.1.0	NT=ms-proteomics;VV=v1.1.0	NT=vertebrates;VV=v1.1.0	manual curation	NT=Data-dependent acquisition;AC=PRIDE:0000627	NT=Orbitrap Fusion Lumos;AC=MS:1002732	NT=Trypsin;AC=MS:1001251	TMT127C	11	NT=higher energy beam-type collision-induced dissociation;AC=MS:1000422	5 ppm	0.6 Da	NT=dithiothreitol (DTT);AC=PRIDE:0000608	NT=methyl methanethiosulfonate (MMTS);AC=PRIDE:0000605	NT=Methylthio;AC=UNIMOD:39;TA=C;MT=Fixed	NT=Oxidation;AC=UNIMOD:35;TA=M;MT=Variable	NT=TMTpro;AC=UNIMOD:2016;TA=K;MT=Fixed	NT=TMTpro;AC=UNIMOD:2016;PP=Any N-term;MT=Fixed	0 hour	NIPC T1
set2-R34	Rattus norvegicus	heart	1	not applicable	tissue	0 hour	NIPC T1	adult	not available	not available	no	Lumos_221109_21-TMT127C	proteomic profiling by mass spectrometry	1	Lumos_221109_21.raw	v1.1.0	NT=ms-proteomics;VV=v1.1.0	NT=vertebrates;VV=v1.1.0	manual curation	NT=Data-dependent acquisition;AC=PRIDE:0000627	NT=Orbitrap Fusion Lumos;AC=MS:1002732	NT=Trypsin;AC=MS:1001251	TMT127C	12	NT=higher energy beam-type collision-induced dissociation;AC=MS:1000422	5 ppm	0.6 Da	NT=dithiothreitol (DTT);AC=PRIDE:0000608	NT=methyl methanethiosulfonate (MMTS);AC=PRIDE:0000605	NT=Methylthio;AC=UNIMOD:39;TA=C;MT=Fixed	NT=Oxidation;AC=UNIMOD:35;TA=M;MT=Variable	NT=TMTpro;AC=UNIMOD:2016;TA=K;MT=Fixed	NT=TMTpro;AC=UNIMOD:2016;PP=Any N-term;MT=Fixed	0 hour	NIPC T1
set2-R34	Rattus norvegicus	heart	1	not applicable	tissue	0 hour	NIPC T1	adult	not available	not available	no	Lumos_221109_22-TMT127C	proteomic profiling by mass spectrometry	1	Lumos_221109_22.raw	v1.1.0	NT=ms-proteomics;VV=v1.1.0	NT=vertebrates;VV=v1.1.0	manual curation	NT=Data-dependent acquisition;AC=PRIDE:0000627	NT=Orbitrap Fusion Lumos;AC=MS:1002732	NT=Trypsin;AC=MS:1001251	TMT127C	13	NT=higher energy beam-type collision-induced dissociation;AC=MS:1000422	5 ppm	0.6 Da	NT=dithiothreitol (DTT);AC=PRIDE:0000608	NT=methyl methanethiosulfonate (MMTS);AC=PRIDE:0000605	NT=Methylthio;AC=UNIMOD:39;TA=C;MT=Fixed	NT=Oxidation;AC=UNIMOD:35;TA=M;MT=Variable	NT=TMTpro;AC=UNIMOD:2016;TA=K;MT=Fixed	NT=TMTpro;AC=UNIMOD:2016;PP=Any N-term;MT=Fixed	0 hour	NIPC T1
set2-R34	Rattus norvegicus	heart	1	not applicable	tissue	0 hour	NIPC T1	adult	not available	not available	no	Lumos_221109_23-TMT127C	proteomic profiling by mass spectrometry	1	Lumos_221109_23.raw	v1.1.0	NT=ms-proteomics;VV=v1.1.0	NT=vertebrates;VV=v1.1.0	manual curation	NT=Data-dependent acquisition;AC=PRIDE:0000627	NT=Orbitrap Fusion Lumos;AC=MS:1002732	NT=Trypsin;AC=MS:1001251	TMT127C	14	NT=higher energy beam-type collision-induced dissociation;AC=MS:1000422	5 ppm	0.6 Da	NT=dithiothreitol (DTT);AC=PRIDE:0000608	NT=methyl methanethiosulfonate (MMTS);AC=PRIDE:0000605	NT=Methylthio;AC=UNIMOD:39;TA=C;MT=Fixed	NT=Oxidation;AC=UNIMOD:35;TA=M;MT=Variable	NT=TMTpro;AC=UNIMOD:2016;TA=K;MT=Fixed	NT=TMTpro;AC=UNIMOD:2016;PP=Any N-term;MT=Fixed	0 hour	NIPC T1
set2-R34	Rattus norvegicus	heart	1	not applicable	tissue	0 hour	NIPC T1	adult	not available	not available	no	Lumos_221109_24-TMT127C	proteomic profiling by mass spectrometry	1	Lumos_221109_24.raw	v1.1.0	NT=ms-proteomics;VV=v1.1.0	NT=vertebrates;VV=v1.1.0	manual curation	NT=Data-dependent acquisition;AC=PRIDE:0000627	NT=Orbitrap Fusion Lumos;AC=MS:1002732	NT=Trypsin;AC=MS:1001251	TMT127C	15	NT=higher energy beam-type collision-induced dissociation;AC=MS:1000422	5 ppm	0.6 Da	NT=dithiothreitol (DTT);AC=PRIDE:0000608	NT=methyl methanethiosulfonate (MMTS);AC=PRIDE:0000605	NT=Methylthio;AC=UNIMOD:39;TA=C;MT=Fixed	NT=Oxidation;AC=UNIMOD:35;TA=M;MT=Variable	NT=TMTpro;AC=UNIMOD:2016;TA=K;MT=Fixed	NT=TMTpro;AC=UNIMOD:2016;PP=Any N-term;MT=Fixed	0 hour	NIPC T1
set2-R34	Rattus norvegicus	heart	1	not applicable	tissue	0 hour	NIPC T1	adult	not available	not available	no	Lumos_221109_25-TMT127C	proteomic profiling by mass spectrometry	1	Lumos_221109_25.raw	v1.1.0	NT=ms-proteomics;VV=v1.1.0	NT=vertebrates;VV=v1.1.0	manual curation	NT=Data-dependent acquisition;AC=PRIDE:0000627	NT=Orbitrap Fusion Lumos;AC=MS:1002732	NT=Trypsin;AC=MS:1001251	TMT127C	16	NT=higher energy beam-type collision-induced dissociation;AC=MS:1000422	5 ppm	0.6 Da	NT=dithiothreitol (DTT);AC=PRIDE:0000608	NT=methyl methanethiosulfonate (MMTS);AC=PRIDE:0000605	NT=Methylthio;AC=UNIMOD:39;TA=C;MT=Fixed	NT=Oxidation;AC=UNIMOD:35;TA=M;MT=Variable	NT=TMTpro;AC=UNIMOD:2016;TA=K;MT=Fixed	NT=TMTpro;AC=UNIMOD:2016;PP=Any N-term;MT=Fixed	0 hour	NIPC T1
set2-R34	Rattus norvegicus	heart	1	not applicable	tissue	0 hour	NIPC T1	adult	not available	not available	no	Lumos_221109_26-TMT127C	proteomic profiling by mass spectrometry	1	Lumos_221109_26.raw	v1.1.0	NT=ms-proteomics;VV=v1.1.0	NT=vertebrates;VV=v1.1.0	manual curation	NT=Data-dependent acquisition;AC=PRIDE:0000627	NT=Orbitrap Fusion Lumos;AC=MS:1002732	NT=Trypsin;AC=MS:1001251	TMT127C	17	NT=higher energy beam-type collision-induced dissociation;AC=MS:1000422	5 ppm	0.6 Da	NT=dithiothreitol (DTT);AC=PRIDE:0000608	NT=methyl methanethiosulfonate (MMTS);AC=PRIDE:0000605	NT=Methylthio;AC=UNIMOD:39;TA=C;MT=Fixed	NT=Oxidation;AC=UNIMOD:35;TA=M;MT=Variable	NT=TMTpro;AC=UNIMOD:2016;TA=K;MT=Fixed	NT=TMTpro;AC=UNIMOD:2016;PP=Any N-term;MT=Fixed	0 hour	NIPC T1
set2-R34	Rattus norvegicus	heart	1	not applicable	tissue	0 hour	NIPC T1	adult	not available	not available	no	Lumos_221109_27-TMT127C	proteomic profiling by mass spectrometry	1	Lumos_221109_27.raw	v1.1.0	NT=ms-proteomics;VV=v1.1.0	NT=vertebrates;VV=v1.1.0	manual curation	NT=Data-dependent acquisition;AC=PRIDE:0000627	NT=Orbitrap Fusion Lumos;AC=MS:1002732	NT=Trypsin;AC=MS:1001251	TMT127C	18	NT=higher energy beam-type collision-induced dissociation;AC=MS:1000422	5 ppm	0.6 Da	NT=dithiothreitol (DTT);AC=PRIDE:0000608	NT=methyl methanethiosulfonate (MMTS);AC=PRIDE:0000605	NT=Methylthio;AC=UNIMOD:39;TA=C;MT=Fixed	NT=Oxidation;AC=UNIMOD:35;TA=M;MT=Variable	NT=TMTpro;AC=UNIMOD:2016;TA=K;MT=Fixed	NT=TMTpro;AC=UNIMOD:2016;PP=Any N-term;MT=Fixed	0 hour	NIPC T1
set2-R34	Rattus norvegicus	heart	1	not applicable	tissue	0 hour	NIPC T1	adult	not available	not available	no	Lumos_221109_28-TMT127C	proteomic profiling by mass spectrometry	1	Lumos_221109_28.raw	v1.1.0	NT=ms-proteomics;VV=v1.1.0	NT=vertebrates;VV=v1.1.0	manual curation	NT=Data-dependent acquisition;AC=PRIDE:0000627	NT=Orbitrap Fusion Lumos;AC=MS:1002732	NT=Trypsin;AC=MS:1001251	TMT127C	19	NT=higher energy beam-type collision-induced dissociation;AC=MS:1000422	5 ppm	0.6 Da	NT=dithiothreitol (DTT);AC=PRIDE:0000608	NT=methyl methanethiosulfonate (MMTS);AC=PRIDE:0000605	NT=Methylthio;AC=UNIMOD:39;TA=C;MT=Fixed	NT=Oxidation;AC=UNIMOD:35;TA=M;MT=Variable	NT=TMTpro;AC=UNIMOD:2016;TA=K;MT=Fixed	NT=TMTpro;AC=UNIMOD:2016;PP=Any N-term;MT=Fixed	0 hour	NIPC T1
set2-R34	Rattus norvegicus	heart	1	not applicable	tissue	0 hour	NIPC T1	adult	not available	not available	no	Lumos_221109_29-TMT127C	proteomic profiling by mass spectrometry	1	Lumos_221109_29.raw	v1.1.0	NT=ms-proteomics;VV=v1.1.0	NT=vertebrates;VV=v1.1.0	manual curation	NT=Data-dependent acquisition;AC=PRIDE:0000627	NT=Orbitrap Fusion Lumos;AC=MS:1002732	NT=Trypsin;AC=MS:1001251	TMT127C	20	NT=higher energy beam-type collision-induced dissociation;AC=MS:1000422	5 ppm	0.6 Da	NT=dithiothreitol (DTT);AC=PRIDE:0000608	NT=methyl methanethiosulfonate (MMTS);AC=PRIDE:0000605	NT=Methylthio;AC=UNIMOD:39;TA=C;MT=Fixed	NT=Oxidation;AC=UNIMOD:35;TA=M;MT=Variable	NT=TMTpro;AC=UNIMOD:2016;TA=K;MT=Fixed	NT=TMTpro;AC=UNIMOD:2016;PP=Any N-term;MT=Fixed	0 hour	NIPC T1
set2-R34	Rattus norvegicus	heart	1	not applicable	tissue	0 hour	NIPC T1	adult	not available	not available	no	Lumos_221109_30-TMT127C	proteomic profiling by mass spectrometry	1	Lumos_221109_30.raw	v1.1.0	NT=ms-proteomics;VV=v1.1.0	NT=vertebrates;VV=v1.1.0	manual curation	NT=Data-dependent acquisition;AC=PRIDE:0000627	NT=Orbitrap Fusion Lumos;AC=MS:1002732	NT=Trypsin;AC=MS:1001251	TMT127C	21	NT=higher energy beam-type collision-induced dissociation;AC=MS:1000422	5 ppm	0.6 Da	NT=dithiothreitol (DTT);AC=PRIDE:0000608	NT=methyl methanethiosulfonate (MMTS);AC=PRIDE:0000605	NT=Methylthio;AC=UNIMOD:39;TA=C;MT=Fixed	NT=Oxidation;AC=UNIMOD:35;TA=M;MT=Variable	NT=TMTpro;AC=UNIMOD:2016;TA=K;MT=Fixed	NT=TMTpro;AC=UNIMOD:2016;PP=Any N-term;MT=Fixed	0 hour	NIPC T1
set2-R34	Rattus norvegicus	heart	1	not applicable	tissue	0 hour	NIPC T1	adult	not available	not available	no	Lumos_221109_31-TMT127C	proteomic profiling by mass spectrometry	1	Lumos_221109_31.raw	v1.1.0	NT=ms-proteomics;VV=v1.1.0	NT=vertebrates;VV=v1.1.0	manual curation	NT=Data-dependent acquisition;AC=PRIDE:0000627	NT=Orbitrap Fusion Lumos;AC=MS:1002732	NT=Trypsin;AC=MS:1001251	TMT127C	22	NT=higher energy beam-type collision-induced dissociation;AC=MS:1000422	5 ppm	0.6 Da	NT=dithiothreitol (DTT);AC=PRIDE:0000608	NT=methyl methanethiosulfonate (MMTS);AC=PRIDE:0000605	NT=Methylthio;AC=UNIMOD:39;TA=C;MT=Fixed	NT=Oxidation;AC=UNIMOD:35;TA=M;MT=Variable	NT=TMTpro;AC=UNIMOD:2016;TA=K;MT=Fixed	NT=TMTpro;AC=UNIMOD:2016;PP=Any N-term;MT=Fixed	0 hour	NIPC T1
set2-R12	Rattus norvegicus	heart	2	not applicable	tissue	0 hour	NIPC T1	adult	not available	not available	no	Lumos_221109_10-TMT128N	proteomic profiling by mass spectrometry	1	Lumos_221109_10.raw	v1.1.0	NT=ms-proteomics;VV=v1.1.0	NT=vertebrates;VV=v1.1.0	manual curation	NT=Data-dependent acquisition;AC=PRIDE:0000627	NT=Orbitrap Fusion Lumos;AC=MS:1002732	NT=Trypsin;AC=MS:1001251	TMT128N	1	NT=higher energy beam-type collision-induced dissociation;AC=MS:1000422	5 ppm	0.6 Da	NT=dithiothreitol (DTT);AC=PRIDE:0000608	NT=methyl methanethiosulfonate (MMTS);AC=PRIDE:0000605	NT=Methylthio;AC=UNIMOD:39;TA=C;MT=Fixed	NT=Oxidation;AC=UNIMOD:35;TA=M;MT=Variable	NT=TMTpro;AC=UNIMOD:2016;TA=K;MT=Fixed	NT=TMTpro;AC=UNIMOD:2016;PP=Any N-term;MT=Fixed	0 hour	NIPC T1
set2-R12	Rattus norvegicus	heart	2	not applicable	tissue	0 hour	NIPC T1	adult	not available	not available	no	Lumos_221109_11-TMT128N	proteomic profiling by mass spectrometry	1	Lumos_221109_11.raw	v1.1.0	NT=ms-proteomics;VV=v1.1.0	NT=vertebrates;VV=v1.1.0	manual curation	NT=Data-dependent acquisition;AC=PRIDE:0000627	NT=Orbitrap Fusion Lumos;AC=MS:1002732	NT=Trypsin;AC=MS:1001251	TMT128N	2	NT=higher energy beam-type collision-induced dissociation;AC=MS:1000422	5 ppm	0.6 Da	NT=dithiothreitol (DTT);AC=PRIDE:0000608	NT=methyl methanethiosulfonate (MMTS);AC=PRIDE:0000605	NT=Methylthio;AC=UNIMOD:39;TA=C;MT=Fixed	NT=Oxidation;AC=UNIMOD:35;TA=M;MT=Variable	NT=TMTpro;AC=UNIMOD:2016;TA=K;MT=Fixed	NT=TMTpro;AC=UNIMOD:2016;PP=Any N-term;MT=Fixed	0 hour	NIPC T1
set2-R12	Rattus norvegicus	heart	2	not applicable	tissue	0 hour	NIPC T1	adult	not available	not available	no	Lumos_221109_12-TMT128N	proteomic profiling by mass spectrometry	1	Lumos_221109_12.raw	v1.1.0	NT=ms-proteomics;VV=v1.1.0	NT=vertebrates;VV=v1.1.0	manual curation	NT=Data-dependent acquisition;AC=PRIDE:0000627	NT=Orbitrap Fusion Lumos;AC=MS:1002732	NT=Trypsin;AC=MS:1001251	TMT128N	3	NT=higher energy beam-type collision-induced dissociation;AC=MS:1000422	5 ppm	0.6 Da	NT=dithiothreitol (DTT);AC=PRIDE:0000608	NT=methyl methanethiosulfonate (MMTS);AC=PRIDE:0000605	NT=Methylthio;AC=UNIMOD:39;TA=C;MT=Fixed	NT=Oxidation;AC=UNIMOD:35;TA=M;MT=Variable	NT=TMTpro;AC=UNIMOD:2016;TA=K;MT=Fixed	NT=TMTpro;AC=UNIMOD:2016;PP=Any N-term;MT=Fixed	0 hour	NIPC T1
set2-R12	Rattus norvegicus	heart	2	not applicable	tissue	0 hour	NIPC T1	adult	not available	not available	no	Lumos_221109_13-TMT128N	proteomic profiling by mass spectrometry	1	Lumos_221109_13.raw	v1.1.0	NT=ms-proteomics;VV=v1.1.0	NT=vertebrates;VV=v1.1.0	manual curation	NT=Data-dependent acquisition;AC=PRIDE:0000627	NT=Orbitrap Fusion Lumos;AC=MS:1002732	NT=Trypsin;AC=MS:1001251	TMT128N	4	NT=higher energy beam-type collision-induced dissociation;AC=MS:1000422	5 ppm	0.6 Da	NT=dithiothreitol (DTT);AC=PRIDE:0000608	NT=methyl methanethiosulfonate (MMTS);AC=PRIDE:0000605	NT=Methylthio;AC=UNIMOD:39;TA=C;MT=Fixed	NT=Oxidation;AC=UNIMOD:35;TA=M;MT=Variable	NT=TMTpro;AC=UNIMOD:2016;TA=K;MT=Fixed	NT=TMTpro;AC=UNIMOD:2016;PP=Any N-term;MT=Fixed	0 hour	NIPC T1
set2-R12	Rattus norvegicus	heart	2	not applicable	tissue	0 hour	NIPC T1	adult	not available	not available	no	Lumos_221109_14-TMT128N	proteomic profiling by mass spectrometry	1	Lumos_221109_14.raw	v1.1.0	NT=ms-proteomics;VV=v1.1.0	NT=vertebrates;VV=v1.1.0	manual curation	NT=Data-dependent acquisition;AC=PRIDE:0000627	NT=Orbitrap Fusion Lumos;AC=MS:1002732	NT=Trypsin;AC=MS:1001251	TMT128N	5	NT=higher energy beam-type collision-induced dissociation;AC=MS:1000422	5 ppm	0.6 Da	NT=dithiothreitol (DTT);AC=PRIDE:0000608	NT=methyl methanethiosulfonate (MMTS);AC=PRIDE:0000605	NT=Methylthio;AC=UNIMOD:39;TA=C;MT=Fixed	NT=Oxidation;AC=UNIMOD:35;TA=M;MT=Variable	NT=TMTpro;AC=UNIMOD:2016;TA=K;MT=Fixed	NT=TMTpro;AC=UNIMOD:2016;PP=Any N-term;MT=Fixed	0 hour	NIPC T1
set2-R12	Rattus norvegicus	heart	2	not applicable	tissue	0 hour	NIPC T1	adult	not available	not available	no	Lumos_221109_15-TMT128N	proteomic profiling by mass spectrometry	1	Lumos_221109_15.raw	v1.1.0	NT=ms-proteomics;VV=v1.1.0	NT=vertebrates;VV=v1.1.0	manual curation	NT=Data-dependent acquisition;AC=PRIDE:0000627	NT=Orbitrap Fusion Lumos;AC=MS:1002732	NT=Trypsin;AC=MS:1001251	TMT128N	6	NT=higher energy beam-type collision-induced dissociation;AC=MS:1000422	5 ppm	0.6 Da	NT=dithiothreitol (DTT);AC=PRIDE:0000608	NT=methyl methanethiosulfonate (MMTS);AC=PRIDE:0000605	NT=Methylthio;AC=UNIMOD:39;TA=C;MT=Fixed	NT=Oxidation;AC=UNIMOD:35;TA=M;MT=Variable	NT=TMTpro;AC=UNIMOD:2016;TA=K;MT=Fixed	NT=TMTpro;AC=UNIMOD:2016;PP=Any N-term;MT=Fixed	0 hour	NIPC T1
set2-R12	Rattus norvegicus	heart	2	not applicable	tissue	0 hour	NIPC T1	adult	not available	not available	no	Lumos_221109_16-TMT128N	proteomic profiling by mass spectrometry	1	Lumos_221109_16.raw	v1.1.0	NT=ms-proteomics;VV=v1.1.0	NT=vertebrates;VV=v1.1.0	manual curation	NT=Data-dependent acquisition;AC=PRIDE:0000627	NT=Orbitrap Fusion Lumos;AC=MS:1002732	NT=Trypsin;AC=MS:1001251	TMT128N	7	NT=higher energy beam-type collision-induced dissociation;AC=MS:1000422	5 ppm	0.6 Da	NT=dithiothreitol (DTT);AC=PRIDE:0000608	NT=methyl methanethiosulfonate (MMTS);AC=PRIDE:0000605	NT=Methylthio;AC=UNIMOD:39;TA=C;MT=Fixed	NT=Oxidation;AC=UNIMOD:35;TA=M;MT=Variable	NT=TMTpro;AC=UNIMOD:2016;TA=K;MT=Fixed	NT=TMTpro;AC=UNIMOD:2016;PP=Any N-term;MT=Fixed	0 hour	NIPC T1
set2-R12	Rattus norvegicus	heart	2	not applicable	tissue	0 hour	NIPC T1	adult	not available	not available	no	Lumos_221109_17-TMT128N	proteomic profiling by mass spectrometry	1	Lumos_221109_17.raw	v1.1.0	NT=ms-proteomics;VV=v1.1.0	NT=vertebrates;VV=v1.1.0	manual curation	NT=Data-dependent acquisition;AC=PRIDE:0000627	NT=Orbitrap Fusion Lumos;AC=MS:1002732	NT=Trypsin;AC=MS:1001251	TMT128N	8	NT=higher energy beam-type collision-induced dissociation;AC=MS:1000422	5 ppm	0.6 Da	NT=dithiothreitol (DTT);AC=PRIDE:0000608	NT=methyl methanethiosulfonate (MMTS);AC=PRIDE:0000605	NT=Methylthio;AC=UNIMOD:39;TA=C;MT=Fixed	NT=Oxidation;AC=UNIMOD:35;TA=M;MT=Variable	NT=TMTpro;AC=UNIMOD:2016;TA=K;MT=Fixed	NT=TMTpro;AC=UNIMOD:2016;PP=Any N-term;MT=Fixed	0 hour	NIPC T1
set2-R12	Rattus norvegicus	heart	2	not applicable	tissue	0 hour	NIPC T1	adult	not available	not available	no	Lumos_221109_18-TMT128N	proteomic profiling by mass spectrometry	1	Lumos_221109_18.raw	v1.1.0	NT=ms-proteomics;VV=v1.1.0	NT=vertebrates;VV=v1.1.0	manual curation	NT=Data-dependent acquisition;AC=PRIDE:0000627	NT=Orbitrap Fusion Lumos;AC=MS:1002732	NT=Trypsin;AC=MS:1001251	TMT128N	9	NT=higher energy beam-type collision-induced dissociation;AC=MS:1000422	5 ppm	0.6 Da	NT=dithiothreitol (DTT);AC=PRIDE:0000608	NT=methyl methanethiosulfonate (MMTS);AC=PRIDE:0000605	NT=Methylthio;AC=UNIMOD:39;TA=C;MT=Fixed	NT=Oxidation;AC=UNIMOD:35;TA=M;MT=Variable	NT=TMTpro;AC=UNIMOD:2016;TA=K;MT=Fixed	NT=TMTpro;AC=UNIMOD:2016;PP=Any N-term;MT=Fixed	0 hour	NIPC T1
set2-R12	Rattus norvegicus	heart	2	not applicable	tissue	0 hour	NIPC T1	adult	not available	not available	no	Lumos_221109_19-TMT128N	proteomic profiling by mass spectrometry	1	Lumos_221109_19.raw	v1.1.0	NT=ms-proteomics;VV=v1.1.0	NT=vertebrates;VV=v1.1.0	manual curation	NT=Data-dependent acquisition;AC=PRIDE:0000627	NT=Orbitrap Fusion Lumos;AC=MS:1002732	NT=Trypsin;AC=MS:1001251	TMT128N	10	NT=higher energy beam-type collision-induced dissociation;AC=MS:1000422	5 ppm	0.6 Da	NT=dithiothreitol (DTT);AC=PRIDE:0000608	NT=methyl methanethiosulfonate (MMTS);AC=PRIDE:0000605	NT=Methylthio;AC=UNIMOD:39;TA=C;MT=Fixed	NT=Oxidation;AC=UNIMOD:35;TA=M;MT=Variable	NT=TMTpro;AC=UNIMOD:2016;TA=K;MT=Fixed	NT=TMTpro;AC=UNIMOD:2016;PP=Any N-term;MT=Fixed	0 hour	NIPC T1
set2-R12	Rattus norvegicus	heart	2	not applicable	tissue	0 hour	NIPC T1	adult	not available	not available	no	Lumos_221109_20-TMT128N	proteomic profiling by mass spectrometry	1	Lumos_221109_20.raw	v1.1.0	NT=ms-proteomics;VV=v1.1.0	NT=vertebrates;VV=v1.1.0	manual curation	NT=Data-dependent acquisition;AC=PRIDE:0000627	NT=Orbitrap Fusion Lumos;AC=MS:1002732	NT=Trypsin;AC=MS:1001251	TMT128N	11	NT=higher energy beam-type collision-induced dissociation;AC=MS:1000422	5 ppm	0.6 Da	NT=dithiothreitol (DTT);AC=PRIDE:0000608	NT=methyl methanethiosulfonate (MMTS);AC=PRIDE:0000605	NT=Methylthio;AC=UNIMOD:39;TA=C;MT=Fixed	NT=Oxidation;AC=UNIMOD:35;TA=M;MT=Variable	NT=TMTpro;AC=UNIMOD:2016;TA=K;MT=Fixed	NT=TMTpro;AC=UNIMOD:2016;PP=Any N-term;MT=Fixed	0 hour	NIPC T1
set2-R12	Rattus norvegicus	heart	2	not applicable	tissue	0 hour	NIPC T1	adult	not available	not available	no	Lumos_221109_21-TMT128N	proteomic profiling by mass spectrometry	1	Lumos_221109_21.raw	v1.1.0	NT=ms-proteomics;VV=v1.1.0	NT=vertebrates;VV=v1.1.0	manual curation	NT=Data-dependent acquisition;AC=PRIDE:0000627	NT=Orbitrap Fusion Lumos;AC=MS:1002732	NT=Trypsin;AC=MS:1001251	TMT128N	12	NT=higher energy beam-type collision-induced dissociation;AC=MS:1000422	5 ppm	0.6 Da	NT=dithiothreitol (DTT);AC=PRIDE:0000608	NT=methyl methanethiosulfonate (MMTS);AC=PRIDE:0000605	NT=Methylthio;AC=UNIMOD:39;TA=C;MT=Fixed	NT=Oxidation;AC=UNIMOD:35;TA=M;MT=Variable	NT=TMTpro;AC=UNIMOD:2016;TA=K;MT=Fixed	NT=TMTpro;AC=UNIMOD:2016;PP=Any N-term;MT=Fixed	0 hour	NIPC T1
set2-R12	Rattus norvegicus	heart	2	not applicable	tissue	0 hour	NIPC T1	adult	not available	not available	no	Lumos_221109_22-TMT128N	proteomic profiling by mass spectrometry	1	Lumos_221109_22.raw	v1.1.0	NT=ms-proteomics;VV=v1.1.0	NT=vertebrates;VV=v1.1.0	manual curation	NT=Data-dependent acquisition;AC=PRIDE:0000627	NT=Orbitrap Fusion Lumos;AC=MS:1002732	NT=Trypsin;AC=MS:1001251	TMT128N	13	NT=higher energy beam-type collision-induced dissociation;AC=MS:1000422	5 ppm	0.6 Da	NT=dithiothreitol (DTT);AC=PRIDE:0000608	NT=methyl methanethiosulfonate (MMTS);AC=PRIDE:0000605	NT=Methylthio;AC=UNIMOD:39;TA=C;MT=Fixed	NT=Oxidation;AC=UNIMOD:35;TA=M;MT=Variable	NT=TMTpro;AC=UNIMOD:2016;TA=K;MT=Fixed	NT=TMTpro;AC=UNIMOD:2016;PP=Any N-term;MT=Fixed	0 hour	NIPC T1
set2-R12	Rattus norvegicus	heart	2	not applicable	tissue	0 hour	NIPC T1	adult	not available	not available	no	Lumos_221109_23-TMT128N	proteomic profiling by mass spectrometry	1	Lumos_221109_23.raw	v1.1.0	NT=ms-proteomics;VV=v1.1.0	NT=vertebrates;VV=v1.1.0	manual curation	NT=Data-dependent acquisition;AC=PRIDE:0000627	NT=Orbitrap Fusion Lumos;AC=MS:1002732	NT=Trypsin;AC=MS:1001251	TMT128N	14	NT=higher energy beam-type collision-induced dissociation;AC=MS:1000422	5 ppm	0.6 Da	NT=dithiothreitol (DTT);AC=PRIDE:0000608	NT=methyl methanethiosulfonate (MMTS);AC=PRIDE:0000605	NT=Methylthio;AC=UNIMOD:39;TA=C;MT=Fixed	NT=Oxidation;AC=UNIMOD:35;TA=M;MT=Variable	NT=TMTpro;AC=UNIMOD:2016;TA=K;MT=Fixed	NT=TMTpro;AC=UNIMOD:2016;PP=Any N-term;MT=Fixed	0 hour	NIPC T1
set2-R12	Rattus norvegicus	heart	2	not applicable	tissue	0 hour	NIPC T1	adult	not available	not available	no	Lumos_221109_24-TMT128N	proteomic profiling by mass spectrometry	1	Lumos_221109_24.raw	v1.1.0	NT=ms-proteomics;VV=v1.1.0	NT=vertebrates;VV=v1.1.0	manual curation	NT=Data-dependent acquisition;AC=PRIDE:0000627	NT=Orbitrap Fusion Lumos;AC=MS:1002732	NT=Trypsin;AC=MS:1001251	TMT128N	15	NT=higher energy beam-type collision-induced dissociation;AC=MS:1000422	5 ppm	0.6 Da	NT=dithiothreitol (DTT);AC=PRIDE:0000608	NT=methyl methanethiosulfonate (MMTS);AC=PRIDE:0000605	NT=Methylthio;AC=UNIMOD:39;TA=C;MT=Fixed	NT=Oxidation;AC=UNIMOD:35;TA=M;MT=Variable	NT=TMTpro;AC=UNIMOD:2016;TA=K;MT=Fixed	NT=TMTpro;AC=UNIMOD:2016;PP=Any N-term;MT=Fixed	0 hour	NIPC T1
set2-R12	Rattus norvegicus	heart	2	not applicable	tissue	0 hour	NIPC T1	adult	not available	not available	no	Lumos_221109_25-TMT128N	proteomic profiling by mass spectrometry	1	Lumos_221109_25.raw	v1.1.0	NT=ms-proteomics;VV=v1.1.0	NT=vertebrates;VV=v1.1.0	manual curation	NT=Data-dependent acquisition;AC=PRIDE:0000627	NT=Orbitrap Fusion Lumos;AC=MS:1002732	NT=Trypsin;AC=MS:1001251	TMT128N	16	NT=higher energy beam-type collision-induced dissociation;AC=MS:1000422	5 ppm	0.6 Da	NT=dithiothreitol (DTT);AC=PRIDE:0000608	NT=methyl methanethiosulfonate (MMTS);AC=PRIDE:0000605	NT=Methylthio;AC=UNIMOD:39;TA=C;MT=Fixed	NT=Oxidation;AC=UNIMOD:35;TA=M;MT=Variable	NT=TMTpro;AC=UNIMOD:2016;TA=K;MT=Fixed	NT=TMTpro;AC=UNIMOD:2016;PP=Any N-term;MT=Fixed	0 hour	NIPC T1
set2-R12	Rattus norvegicus	heart	2	not applicable	tissue	0 hour	NIPC T1	adult	not available	not available	no	Lumos_221109_26-TMT128N	proteomic profiling by mass spectrometry	1	Lumos_221109_26.raw	v1.1.0	NT=ms-proteomics;VV=v1.1.0	NT=vertebrates;VV=v1.1.0	manual curation	NT=Data-dependent acquisition;AC=PRIDE:0000627	NT=Orbitrap Fusion Lumos;AC=MS:1002732	NT=Trypsin;AC=MS:1001251	TMT128N	17	NT=higher energy beam-type collision-induced dissociation;AC=MS:1000422	5 ppm	0.6 Da	NT=dithiothreitol (DTT);AC=PRIDE:0000608	NT=methyl methanethiosulfonate (MMTS);AC=PRIDE:0000605	NT=Methylthio;AC=UNIMOD:39;TA=C;MT=Fixed	NT=Oxidation;AC=UNIMOD:35;TA=M;MT=Variable	NT=TMTpro;AC=UNIMOD:2016;TA=K;MT=Fixed	NT=TMTpro;AC=UNIMOD:2016;PP=Any N-term;MT=Fixed	0 hour	NIPC T1
set2-R12	Rattus norvegicus	heart	2	not applicable	tissue	0 hour	NIPC T1	adult	not available	not available	no	Lumos_221109_27-TMT128N	proteomic profiling by mass spectrometry	1	Lumos_221109_27.raw	v1.1.0	NT=ms-proteomics;VV=v1.1.0	NT=vertebrates;VV=v1.1.0	manual curation	NT=Data-dependent acquisition;AC=PRIDE:0000627	NT=Orbitrap Fusion Lumos;AC=MS:1002732	NT=Trypsin;AC=MS:1001251	TMT128N	18	NT=higher energy beam-type collision-induced dissociation;AC=MS:1000422	5 ppm	0.6 Da	NT=dithiothreitol (DTT);AC=PRIDE:0000608	NT=methyl methanethiosulfonate (MMTS);AC=PRIDE:0000605	NT=Methylthio;AC=UNIMOD:39;TA=C;MT=Fixed	NT=Oxidation;AC=UNIMOD:35;TA=M;MT=Variable	NT=TMTpro;AC=UNIMOD:2016;TA=K;MT=Fixed	NT=TMTpro;AC=UNIMOD:2016;PP=Any N-term;MT=Fixed	0 hour	NIPC T1
set2-R12	Rattus norvegicus	heart	2	not applicable	tissue	0 hour	NIPC T1	adult	not available	not available	no	Lumos_221109_28-TMT128N	proteomic profiling by mass spectrometry	1	Lumos_221109_28.raw	v1.1.0	NT=ms-proteomics;VV=v1.1.0	NT=vertebrates;VV=v1.1.0	manual curation	NT=Data-dependent acquisition;AC=PRIDE:0000627	NT=Orbitrap Fusion Lumos;AC=MS:1002732	NT=Trypsin;AC=MS:1001251	TMT128N	19	NT=higher energy beam-type collision-induced dissociation;AC=MS:1000422	5 ppm	0.6 Da	NT=dithiothreitol (DTT);AC=PRIDE:0000608	NT=methyl methanethiosulfonate (MMTS);AC=PRIDE:0000605	NT=Methylthio;AC=UNIMOD:39;TA=C;MT=Fixed	NT=Oxidation;AC=UNIMOD:35;TA=M;MT=Variable	NT=TMTpro;AC=UNIMOD:2016;TA=K;MT=Fixed	NT=TMTpro;AC=UNIMOD:2016;PP=Any N-term;MT=Fixed	0 hour	NIPC T1
set2-R12	Rattus norvegicus	heart	2	not applicable	tissue	0 hour	NIPC T1	adult	not available	not available	no	Lumos_221109_29-TMT128N	proteomic profiling by mass spectrometry	1	Lumos_221109_29.raw	v1.1.0	NT=ms-proteomics;VV=v1.1.0	NT=vertebrates;VV=v1.1.0	manual curation	NT=Data-dependent acquisition;AC=PRIDE:0000627	NT=Orbitrap Fusion Lumos;AC=MS:1002732	NT=Trypsin;AC=MS:1001251	TMT128N	20	NT=higher energy beam-type collision-induced dissociation;AC=MS:1000422	5 ppm	0.6 Da	NT=dithiothreitol (DTT);AC=PRIDE:0000608	NT=methyl methanethiosulfonate (MMTS);AC=PRIDE:0000605	NT=Methylthio;AC=UNIMOD:39;TA=C;MT=Fixed	NT=Oxidation;AC=UNIMOD:35;TA=M;MT=Variable	NT=TMTpro;AC=UNIMOD:2016;TA=K;MT=Fixed	NT=TMTpro;AC=UNIMOD:2016;PP=Any N-term;MT=Fixed	0 hour	NIPC T1
set2-R12	Rattus norvegicus	heart	2	not applicable	tissue	0 hour	NIPC T1	adult	not available	not available	no	Lumos_221109_30-TMT128N	proteomic profiling by mass spectrometry	1	Lumos_221109_30.raw	v1.1.0	NT=ms-proteomics;VV=v1.1.0	NT=vertebrates;VV=v1.1.0	manual curation	NT=Data-dependent acquisition;AC=PRIDE:0000627	NT=Orbitrap Fusion Lumos;AC=MS:1002732	NT=Trypsin;AC=MS:1001251	TMT128N	21	NT=higher energy beam-type collision-induced dissociation;AC=MS:1000422	5 ppm	0.6 Da	NT=dithiothreitol (DTT);AC=PRIDE:0000608	NT=methyl methanethiosulfonate (MMTS);AC=PRIDE:0000605	NT=Methylthio;AC=UNIMOD:39;TA=C;MT=Fixed	NT=Oxidation;AC=UNIMOD:35;TA=M;MT=Variable	NT=TMTpro;AC=UNIMOD:2016;TA=K;MT=Fixed	NT=TMTpro;AC=UNIMOD:2016;PP=Any N-term;MT=Fixed	0 hour	NIPC T1
set2-R12	Rattus norvegicus	heart	2	not applicable	tissue	0 hour	NIPC T1	adult	not available	not available	no	Lumos_221109_31-TMT128N	proteomic profiling by mass spectrometry	1	Lumos_221109_31.raw	v1.1.0	NT=ms-proteomics;VV=v1.1.0	NT=vertebrates;VV=v1.1.0	manual curation	NT=Data-dependent acquisition;AC=PRIDE:0000627	NT=Orbitrap Fusion Lumos;AC=MS:1002732	NT=Trypsin;AC=MS:1001251	TMT128N	22	NT=higher energy beam-type collision-induced dissociation;AC=MS:1000422	5 ppm	0.6 Da	NT=dithiothreitol (DTT);AC=PRIDE:0000608	NT=methyl methanethiosulfonate (MMTS);AC=PRIDE:0000605	NT=Methylthio;AC=UNIMOD:39;TA=C;MT=Fixed	NT=Oxidation;AC=UNIMOD:35;TA=M;MT=Variable	NT=TMTpro;AC=UNIMOD:2016;TA=K;MT=Fixed	NT=TMTpro;AC=UNIMOD:2016;PP=Any N-term;MT=Fixed	0 hour	NIPC T1
set2-R10	Rattus norvegicus	heart	3	not applicable	tissue	0 hour	NIPC T1	adult	not available	not available	no	Lumos_221109_10-TMT128C	proteomic profiling by mass spectrometry	1	Lumos_221109_10.raw	v1.1.0	NT=ms-proteomics;VV=v1.1.0	NT=vertebrates;VV=v1.1.0	manual curation	NT=Data-dependent acquisition;AC=PRIDE:0000627	NT=Orbitrap Fusion Lumos;AC=MS:1002732	NT=Trypsin;AC=MS:1001251	TMT128C	1	NT=higher energy beam-type collision-induced dissociation;AC=MS:1000422	5 ppm	0.6 Da	NT=dithiothreitol (DTT);AC=PRIDE:0000608	NT=methyl methanethiosulfonate (MMTS);AC=PRIDE:0000605	NT=Methylthio;AC=UNIMOD:39;TA=C;MT=Fixed	NT=Oxidation;AC=UNIMOD:35;TA=M;MT=Variable	NT=TMTpro;AC=UNIMOD:2016;TA=K;MT=Fixed	NT=TMTpro;AC=UNIMOD:2016;PP=Any N-term;MT=Fixed	0 hour	NIPC T1
set2-R10	Rattus norvegicus	heart	3	not applicable	tissue	0 hour	NIPC T1	adult	not available	not available	no	Lumos_221109_11-TMT128C	proteomic profiling by mass spectrometry	1	Lumos_221109_11.raw	v1.1.0	NT=ms-proteomics;VV=v1.1.0	NT=vertebrates;VV=v1.1.0	manual curation	NT=Data-dependent acquisition;AC=PRIDE:0000627	NT=Orbitrap Fusion Lumos;AC=MS:1002732	NT=Trypsin;AC=MS:1001251	TMT128C	2	NT=higher energy beam-type collision-induced dissociation;AC=MS:1000422	5 ppm	0.6 Da	NT=dithiothreitol (DTT);AC=PRIDE:0000608	NT=methyl methanethiosulfonate (MMTS);AC=PRIDE:0000605	NT=Methylthio;AC=UNIMOD:39;TA=C;MT=Fixed	NT=Oxidation;AC=UNIMOD:35;TA=M;MT=Variable	NT=TMTpro;AC=UNIMOD:2016;TA=K;MT=Fixed	NT=TMTpro;AC=UNIMOD:2016;PP=Any N-term;MT=Fixed	0 hour	NIPC T1
set2-R10	Rattus norvegicus	heart	3	not applicable	tissue	0 hour	NIPC T1	adult	not available	not available	no	Lumos_221109_12-TMT128C	proteomic profiling by mass spectrometry	1	Lumos_221109_12.raw	v1.1.0	NT=ms-proteomics;VV=v1.1.0	NT=vertebrates;VV=v1.1.0	manual curation	NT=Data-dependent acquisition;AC=PRIDE:0000627	NT=Orbitrap Fusion Lumos;AC=MS:1002732	NT=Trypsin;AC=MS:1001251	TMT128C	3	NT=higher energy beam-type collision-induced dissociation;AC=MS:1000422	5 ppm	0.6 Da	NT=dithiothreitol (DTT);AC=PRIDE:0000608	NT=methyl methanethiosulfonate (MMTS);AC=PRIDE:0000605	NT=Methylthio;AC=UNIMOD:39;TA=C;MT=Fixed	NT=Oxidation;AC=UNIMOD:35;TA=M;MT=Variable	NT=TMTpro;AC=UNIMOD:2016;TA=K;MT=Fixed	NT=TMTpro;AC=UNIMOD:2016;PP=Any N-term;MT=Fixed	0 hour	NIPC T1
set2-R10	Rattus norvegicus	heart	3	not applicable	tissue	0 hour	NIPC T1	adult	not available	not available	no	Lumos_221109_13-TMT128C	proteomic profiling by mass spectrometry	1	Lumos_221109_13.raw	v1.1.0	NT=ms-proteomics;VV=v1.1.0	NT=vertebrates;VV=v1.1.0	manual curation	NT=Data-dependent acquisition;AC=PRIDE:0000627	NT=Orbitrap Fusion Lumos;AC=MS:1002732	NT=Trypsin;AC=MS:1001251	TMT128C	4	NT=higher energy beam-type collision-induced dissociation;AC=MS:1000422	5 ppm	0.6 Da	NT=dithiothreitol (DTT);AC=PRIDE:0000608	NT=methyl methanethiosulfonate (MMTS);AC=PRIDE:0000605	NT=Methylthio;AC=UNIMOD:39;TA=C;MT=Fixed	NT=Oxidation;AC=UNIMOD:35;TA=M;MT=Variable	NT=TMTpro;AC=UNIMOD:2016;TA=K;MT=Fixed	NT=TMTpro;AC=UNIMOD:2016;PP=Any N-term;MT=Fixed	0 hour	NIPC T1
set2-R10	Rattus norvegicus	heart	3	not applicable	tissue	0 hour	NIPC T1	adult	not available	not available	no	Lumos_221109_14-TMT128C	proteomic profiling by mass spectrometry	1	Lumos_221109_14.raw	v1.1.0	NT=ms-proteomics;VV=v1.1.0	NT=vertebrates;VV=v1.1.0	manual curation	NT=Data-dependent acquisition;AC=PRIDE:0000627	NT=Orbitrap Fusion Lumos;AC=MS:1002732	NT=Trypsin;AC=MS:1001251	TMT128C	5	NT=higher energy beam-type collision-induced dissociation;AC=MS:1000422	5 ppm	0.6 Da	NT=dithiothreitol (DTT);AC=PRIDE:0000608	NT=methyl methanethiosulfonate (MMTS);AC=PRIDE:0000605	NT=Methylthio;AC=UNIMOD:39;TA=C;MT=Fixed	NT=Oxidation;AC=UNIMOD:35;TA=M;MT=Variable	NT=TMTpro;AC=UNIMOD:2016;TA=K;MT=Fixed	NT=TMTpro;AC=UNIMOD:2016;PP=Any N-term;MT=Fixed	0 hour	NIPC T1
set2-R10	Rattus norvegicus	heart	3	not applicable	tissue	0 hour	NIPC T1	adult	not available	not available	no	Lumos_221109_15-TMT128C	proteomic profiling by mass spectrometry	1	Lumos_221109_15.raw	v1.1.0	NT=ms-proteomics;VV=v1.1.0	NT=vertebrates;VV=v1.1.0	manual curation	NT=Data-dependent acquisition;AC=PRIDE:0000627	NT=Orbitrap Fusion Lumos;AC=MS:1002732	NT=Trypsin;AC=MS:1001251	TMT128C	6	NT=higher energy beam-type collision-induced dissociation;AC=MS:1000422	5 ppm	0.6 Da	NT=dithiothreitol (DTT);AC=PRIDE:0000608	NT=methyl methanethiosulfonate (MMTS);AC=PRIDE:0000605	NT=Methylthio;AC=UNIMOD:39;TA=C;MT=Fixed	NT=Oxidation;AC=UNIMOD:35;TA=M;MT=Variable	NT=TMTpro;AC=UNIMOD:2016;TA=K;MT=Fixed	NT=TMTpro;AC=UNIMOD:2016;PP=Any N-term;MT=Fixed	0 hour	NIPC T1
set2-R10	Rattus norvegicus	heart	3	not applicable	tissue	0 hour	NIPC T1	adult	not available	not available	no	Lumos_221109_16-TMT128C	proteomic profiling by mass spectrometry	1	Lumos_221109_16.raw	v1.1.0	NT=ms-proteomics;VV=v1.1.0	NT=vertebrates;VV=v1.1.0	manual curation	NT=Data-dependent acquisition;AC=PRIDE:0000627	NT=Orbitrap Fusion Lumos;AC=MS:1002732	NT=Trypsin;AC=MS:1001251	TMT128C	7	NT=higher energy beam-type collision-induced dissociation;AC=MS:1000422	5 ppm	0.6 Da	NT=dithiothreitol (DTT);AC=PRIDE:0000608	NT=methyl methanethiosulfonate (MMTS);AC=PRIDE:0000605	NT=Methylthio;AC=UNIMOD:39;TA=C;MT=Fixed	NT=Oxidation;AC=UNIMOD:35;TA=M;MT=Variable	NT=TMTpro;AC=UNIMOD:2016;TA=K;MT=Fixed	NT=TMTpro;AC=UNIMOD:2016;PP=Any N-term;MT=Fixed	0 hour	NIPC T1
set2-R10	Rattus norvegicus	heart	3	not applicable	tissue	0 hour	NIPC T1	adult	not available	not available	no	Lumos_221109_17-TMT128C	proteomic profiling by mass spectrometry	1	Lumos_221109_17.raw	v1.1.0	NT=ms-proteomics;VV=v1.1.0	NT=vertebrates;VV=v1.1.0	manual curation	NT=Data-dependent acquisition;AC=PRIDE:0000627	NT=Orbitrap Fusion Lumos;AC=MS:1002732	NT=Trypsin;AC=MS:1001251	TMT128C	8	NT=higher energy beam-type collision-induced dissociation;AC=MS:1000422	5 ppm	0.6 Da	NT=dithiothreitol (DTT);AC=PRIDE:0000608	NT=methyl methanethiosulfonate (MMTS);AC=PRIDE:0000605	NT=Methylthio;AC=UNIMOD:39;TA=C;MT=Fixed	NT=Oxidation;AC=UNIMOD:35;TA=M;MT=Variable	NT=TMTpro;AC=UNIMOD:2016;TA=K;MT=Fixed	NT=TMTpro;AC=UNIMOD:2016;PP=Any N-term;MT=Fixed	0 hour	NIPC T1
set2-R10	Rattus norvegicus	heart	3	not applicable	tissue	0 hour	NIPC T1	adult	not available	not available	no	Lumos_221109_18-TMT128C	proteomic profiling by mass spectrometry	1	Lumos_221109_18.raw	v1.1.0	NT=ms-proteomics;VV=v1.1.0	NT=vertebrates;VV=v1.1.0	manual curation	NT=Data-dependent acquisition;AC=PRIDE:0000627	NT=Orbitrap Fusion Lumos;AC=MS:1002732	NT=Trypsin;AC=MS:1001251	TMT128C	9	NT=higher energy beam-type collision-induced dissociation;AC=MS:1000422	5 ppm	0.6 Da	NT=dithiothreitol (DTT);AC=PRIDE:0000608	NT=methyl methanethiosulfonate (MMTS);AC=PRIDE:0000605	NT=Methylthio;AC=UNIMOD:39;TA=C;MT=Fixed	NT=Oxidation;AC=UNIMOD:35;TA=M;MT=Variable	NT=TMTpro;AC=UNIMOD:2016;TA=K;MT=Fixed	NT=TMTpro;AC=UNIMOD:2016;PP=Any N-term;MT=Fixed	0 hour	NIPC T1
set2-R10	Rattus norvegicus	heart	3	not applicable	tissue	0 hour	NIPC T1	adult	not available	not available	no	Lumos_221109_19-TMT128C	proteomic profiling by mass spectrometry	1	Lumos_221109_19.raw	v1.1.0	NT=ms-proteomics;VV=v1.1.0	NT=vertebrates;VV=v1.1.0	manual curation	NT=Data-dependent acquisition;AC=PRIDE:0000627	NT=Orbitrap Fusion Lumos;AC=MS:1002732	NT=Trypsin;AC=MS:1001251	TMT128C	10	NT=higher energy beam-type collision-induced dissociation;AC=MS:1000422	5 ppm	0.6 Da	NT=dithiothreitol (DTT);AC=PRIDE:0000608	NT=methyl methanethiosulfonate (MMTS);AC=PRIDE:0000605	NT=Methylthio;AC=UNIMOD:39;TA=C;MT=Fixed	NT=Oxidation;AC=UNIMOD:35;TA=M;MT=Variable	NT=TMTpro;AC=UNIMOD:2016;TA=K;MT=Fixed	NT=TMTpro;AC=UNIMOD:2016;PP=Any N-term;MT=Fixed	0 hour	NIPC T1
set2-R10	Rattus norvegicus	heart	3	not applicable	tissue	0 hour	NIPC T1	adult	not available	not available	no	Lumos_221109_20-TMT128C	proteomic profiling by mass spectrometry	1	Lumos_221109_20.raw	v1.1.0	NT=ms-proteomics;VV=v1.1.0	NT=vertebrates;VV=v1.1.0	manual curation	NT=Data-dependent acquisition;AC=PRIDE:0000627	NT=Orbitrap Fusion Lumos;AC=MS:1002732	NT=Trypsin;AC=MS:1001251	TMT128C	11	NT=higher energy beam-type collision-induced dissociation;AC=MS:1000422	5 ppm	0.6 Da	NT=dithiothreitol (DTT);AC=PRIDE:0000608	NT=methyl methanethiosulfonate (MMTS);AC=PRIDE:0000605	NT=Methylthio;AC=UNIMOD:39;TA=C;MT=Fixed	NT=Oxidation;AC=UNIMOD:35;TA=M;MT=Variable	NT=TMTpro;AC=UNIMOD:2016;TA=K;MT=Fixed	NT=TMTpro;AC=UNIMOD:2016;PP=Any N-term;MT=Fixed	0 hour	NIPC T1
set2-R10	Rattus norvegicus	heart	3	not applicable	tissue	0 hour	NIPC T1	adult	not available	not available	no	Lumos_221109_21-TMT128C	proteomic profiling by mass spectrometry	1	Lumos_221109_21.raw	v1.1.0	NT=ms-proteomics;VV=v1.1.0	NT=vertebrates;VV=v1.1.0	manual curation	NT=Data-dependent acquisition;AC=PRIDE:0000627	NT=Orbitrap Fusion Lumos;AC=MS:1002732	NT=Trypsin;AC=MS:1001251	TMT128C	12	NT=higher energy beam-type collision-induced dissociation;AC=MS:1000422	5 ppm	0.6 Da	NT=dithiothreitol (DTT);AC=PRIDE:0000608	NT=methyl methanethiosulfonate (MMTS);AC=PRIDE:0000605	NT=Methylthio;AC=UNIMOD:39;TA=C;MT=Fixed	NT=Oxidation;AC=UNIMOD:35;TA=M;MT=Variable	NT=TMTpro;AC=UNIMOD:2016;TA=K;MT=Fixed	NT=TMTpro;AC=UNIMOD:2016;PP=Any N-term;MT=Fixed	0 hour	NIPC T1
set2-R10	Rattus norvegicus	heart	3	not applicable	tissue	0 hour	NIPC T1	adult	not available	not available	no	Lumos_221109_22-TMT128C	proteomic profiling by mass spectrometry	1	Lumos_221109_22.raw	v1.1.0	NT=ms-proteomics;VV=v1.1.0	NT=vertebrates;VV=v1.1.0	manual curation	NT=Data-dependent acquisition;AC=PRIDE:0000627	NT=Orbitrap Fusion Lumos;AC=MS:1002732	NT=Trypsin;AC=MS:1001251	TMT128C	13	NT=higher energy beam-type collision-induced dissociation;AC=MS:1000422	5 ppm	0.6 Da	NT=dithiothreitol (DTT);AC=PRIDE:0000608	NT=methyl methanethiosulfonate (MMTS);AC=PRIDE:0000605	NT=Methylthio;AC=UNIMOD:39;TA=C;MT=Fixed	NT=Oxidation;AC=UNIMOD:35;TA=M;MT=Variable	NT=TMTpro;AC=UNIMOD:2016;TA=K;MT=Fixed	NT=TMTpro;AC=UNIMOD:2016;PP=Any N-term;MT=Fixed	0 hour	NIPC T1
set2-R10	Rattus norvegicus	heart	3	not applicable	tissue	0 hour	NIPC T1	adult	not available	not available	no	Lumos_221109_23-TMT128C	proteomic profiling by mass spectrometry	1	Lumos_221109_23.raw	v1.1.0	NT=ms-proteomics;VV=v1.1.0	NT=vertebrates;VV=v1.1.0	manual curation	NT=Data-dependent acquisition;AC=PRIDE:0000627	NT=Orbitrap Fusion Lumos;AC=MS:1002732	NT=Trypsin;AC=MS:1001251	TMT128C	14	NT=higher energy beam-type collision-induced dissociation;AC=MS:1000422	5 ppm	0.6 Da	NT=dithiothreitol (DTT);AC=PRIDE:0000608	NT=methyl methanethiosulfonate (MMTS);AC=PRIDE:0000605	NT=Methylthio;AC=UNIMOD:39;TA=C;MT=Fixed	NT=Oxidation;AC=UNIMOD:35;TA=M;MT=Variable	NT=TMTpro;AC=UNIMOD:2016;TA=K;MT=Fixed	NT=TMTpro;AC=UNIMOD:2016;PP=Any N-term;MT=Fixed	0 hour	NIPC T1
set2-R10	Rattus norvegicus	heart	3	not applicable	tissue	0 hour	NIPC T1	adult	not available	not available	no	Lumos_221109_24-TMT128C	proteomic profiling by mass spectrometry	1	Lumos_221109_24.raw	v1.1.0	NT=ms-proteomics;VV=v1.1.0	NT=vertebrates;VV=v1.1.0	manual curation	NT=Data-dependent acquisition;AC=PRIDE:0000627	NT=Orbitrap Fusion Lumos;AC=MS:1002732	NT=Trypsin;AC=MS:1001251	TMT128C	15	NT=higher energy beam-type collision-induced dissociation;AC=MS:1000422	5 ppm	0.6 Da	NT=dithiothreitol (DTT);AC=PRIDE:0000608	NT=methyl methanethiosulfonate (MMTS);AC=PRIDE:0000605	NT=Methylthio;AC=UNIMOD:39;TA=C;MT=Fixed	NT=Oxidation;AC=UNIMOD:35;TA=M;MT=Variable	NT=TMTpro;AC=UNIMOD:2016;TA=K;MT=Fixed	NT=TMTpro;AC=UNIMOD:2016;PP=Any N-term;MT=Fixed	0 hour	NIPC T1
set2-R10	Rattus norvegicus	heart	3	not applicable	tissue	0 hour	NIPC T1	adult	not available	not available	no	Lumos_221109_25-TMT128C	proteomic profiling by mass spectrometry	1	Lumos_221109_25.raw	v1.1.0	NT=ms-proteomics;VV=v1.1.0	NT=vertebrates;VV=v1.1.0	manual curation	NT=Data-dependent acquisition;AC=PRIDE:0000627	NT=Orbitrap Fusion Lumos;AC=MS:1002732	NT=Trypsin;AC=MS:1001251	TMT128C	16	NT=higher energy beam-type collision-induced dissociation;AC=MS:1000422	5 ppm	0.6 Da	NT=dithiothreitol (DTT);AC=PRIDE:0000608	NT=methyl methanethiosulfonate (MMTS);AC=PRIDE:0000605	NT=Methylthio;AC=UNIMOD:39;TA=C;MT=Fixed	NT=Oxidation;AC=UNIMOD:35;TA=M;MT=Variable	NT=TMTpro;AC=UNIMOD:2016;TA=K;MT=Fixed	NT=TMTpro;AC=UNIMOD:2016;PP=Any N-term;MT=Fixed	0 hour	NIPC T1
set2-R10	Rattus norvegicus	heart	3	not applicable	tissue	0 hour	NIPC T1	adult	not available	not available	no	Lumos_221109_26-TMT128C	proteomic profiling by mass spectrometry	1	Lumos_221109_26.raw	v1.1.0	NT=ms-proteomics;VV=v1.1.0	NT=vertebrates;VV=v1.1.0	manual curation	NT=Data-dependent acquisition;AC=PRIDE:0000627	NT=Orbitrap Fusion Lumos;AC=MS:1002732	NT=Trypsin;AC=MS:1001251	TMT128C	17	NT=higher energy beam-type collision-induced dissociation;AC=MS:1000422	5 ppm	0.6 Da	NT=dithiothreitol (DTT);AC=PRIDE:0000608	NT=methyl methanethiosulfonate (MMTS);AC=PRIDE:0000605	NT=Methylthio;AC=UNIMOD:39;TA=C;MT=Fixed	NT=Oxidation;AC=UNIMOD:35;TA=M;MT=Variable	NT=TMTpro;AC=UNIMOD:2016;TA=K;MT=Fixed	NT=TMTpro;AC=UNIMOD:2016;PP=Any N-term;MT=Fixed	0 hour	NIPC T1
set2-R10	Rattus norvegicus	heart	3	not applicable	tissue	0 hour	NIPC T1	adult	not available	not available	no	Lumos_221109_27-TMT128C	proteomic profiling by mass spectrometry	1	Lumos_221109_27.raw	v1.1.0	NT=ms-proteomics;VV=v1.1.0	NT=vertebrates;VV=v1.1.0	manual curation	NT=Data-dependent acquisition;AC=PRIDE:0000627	NT=Orbitrap Fusion Lumos;AC=MS:1002732	NT=Trypsin;AC=MS:1001251	TMT128C	18	NT=higher energy beam-type collision-induced dissociation;AC=MS:1000422	5 ppm	0.6 Da	NT=dithiothreitol (DTT);AC=PRIDE:0000608	NT=methyl methanethiosulfonate (MMTS);AC=PRIDE:0000605	NT=Methylthio;AC=UNIMOD:39;TA=C;MT=Fixed	NT=Oxidation;AC=UNIMOD:35;TA=M;MT=Variable	NT=TMTpro;AC=UNIMOD:2016;TA=K;MT=Fixed	NT=TMTpro;AC=UNIMOD:2016;PP=Any N-term;MT=Fixed	0 hour	NIPC T1
set2-R10	Rattus norvegicus	heart	3	not applicable	tissue	0 hour	NIPC T1	adult	not available	not available	no	Lumos_221109_28-TMT128C	proteomic profiling by mass spectrometry	1	Lumos_221109_28.raw	v1.1.0	NT=ms-proteomics;VV=v1.1.0	NT=vertebrates;VV=v1.1.0	manual curation	NT=Data-dependent acquisition;AC=PRIDE:0000627	NT=Orbitrap Fusion Lumos;AC=MS:1002732	NT=Trypsin;AC=MS:1001251	TMT128C	19	NT=higher energy beam-type collision-induced dissociation;AC=MS:1000422	5 ppm	0.6 Da	NT=dithiothreitol (DTT);AC=PRIDE:0000608	NT=methyl methanethiosulfonate (MMTS);AC=PRIDE:0000605	NT=Methylthio;AC=UNIMOD:39;TA=C;MT=Fixed	NT=Oxidation;AC=UNIMOD:35;TA=M;MT=Variable	NT=TMTpro;AC=UNIMOD:2016;TA=K;MT=Fixed	NT=TMTpro;AC=UNIMOD:2016;PP=Any N-term;MT=Fixed	0 hour	NIPC T1
set2-R10	Rattus norvegicus	heart	3	not applicable	tissue	0 hour	NIPC T1	adult	not available	not available	no	Lumos_221109_29-TMT128C	proteomic profiling by mass spectrometry	1	Lumos_221109_29.raw	v1.1.0	NT=ms-proteomics;VV=v1.1.0	NT=vertebrates;VV=v1.1.0	manual curation	NT=Data-dependent acquisition;AC=PRIDE:0000627	NT=Orbitrap Fusion Lumos;AC=MS:1002732	NT=Trypsin;AC=MS:1001251	TMT128C	20	NT=higher energy beam-type collision-induced dissociation;AC=MS:1000422	5 ppm	0.6 Da	NT=dithiothreitol (DTT);AC=PRIDE:0000608	NT=methyl methanethiosulfonate (MMTS);AC=PRIDE:0000605	NT=Methylthio;AC=UNIMOD:39;TA=C;MT=Fixed	NT=Oxidation;AC=UNIMOD:35;TA=M;MT=Variable	NT=TMTpro;AC=UNIMOD:2016;TA=K;MT=Fixed	NT=TMTpro;AC=UNIMOD:2016;PP=Any N-term;MT=Fixed	0 hour	NIPC T1
set2-R10	Rattus norvegicus	heart	3	not applicable	tissue	0 hour	NIPC T1	adult	not available	not available	no	Lumos_221109_30-TMT128C	proteomic profiling by mass spectrometry	1	Lumos_221109_30.raw	v1.1.0	NT=ms-proteomics;VV=v1.1.0	NT=vertebrates;VV=v1.1.0	manual curation	NT=Data-dependent acquisition;AC=PRIDE:0000627	NT=Orbitrap Fusion Lumos;AC=MS:1002732	NT=Trypsin;AC=MS:1001251	TMT128C	21	NT=higher energy beam-type collision-induced dissociation;AC=MS:1000422	5 ppm	0.6 Da	NT=dithiothreitol (DTT);AC=PRIDE:0000608	NT=methyl methanethiosulfonate (MMTS);AC=PRIDE:0000605	NT=Methylthio;AC=UNIMOD:39;TA=C;MT=Fixed	NT=Oxidation;AC=UNIMOD:35;TA=M;MT=Variable	NT=TMTpro;AC=UNIMOD:2016;TA=K;MT=Fixed	NT=TMTpro;AC=UNIMOD:2016;PP=Any N-term;MT=Fixed	0 hour	NIPC T1
set2-R10	Rattus norvegicus	heart	3	not applicable	tissue	0 hour	NIPC T1	adult	not available	not available	no	Lumos_221109_31-TMT128C	proteomic profiling by mass spectrometry	1	Lumos_221109_31.raw	v1.1.0	NT=ms-proteomics;VV=v1.1.0	NT=vertebrates;VV=v1.1.0	manual curation	NT=Data-dependent acquisition;AC=PRIDE:0000627	NT=Orbitrap Fusion Lumos;AC=MS:1002732	NT=Trypsin;AC=MS:1001251	TMT128C	22	NT=higher energy beam-type collision-induced dissociation;AC=MS:1000422	5 ppm	0.6 Da	NT=dithiothreitol (DTT);AC=PRIDE:0000608	NT=methyl methanethiosulfonate (MMTS);AC=PRIDE:0000605	NT=Methylthio;AC=UNIMOD:39;TA=C;MT=Fixed	NT=Oxidation;AC=UNIMOD:35;TA=M;MT=Variable	NT=TMTpro;AC=UNIMOD:2016;TA=K;MT=Fixed	NT=TMTpro;AC=UNIMOD:2016;PP=Any N-term;MT=Fixed	0 hour	NIPC T1
set2-R31	Rattus norvegicus	heart	4	not applicable	tissue	0 hour	NIPC T1	adult	not available	not available	no	Lumos_221109_10-TMT129N	proteomic profiling by mass spectrometry	1	Lumos_221109_10.raw	v1.1.0	NT=ms-proteomics;VV=v1.1.0	NT=vertebrates;VV=v1.1.0	manual curation	NT=Data-dependent acquisition;AC=PRIDE:0000627	NT=Orbitrap Fusion Lumos;AC=MS:1002732	NT=Trypsin;AC=MS:1001251	TMT129N	1	NT=higher energy beam-type collision-induced dissociation;AC=MS:1000422	5 ppm	0.6 Da	NT=dithiothreitol (DTT);AC=PRIDE:0000608	NT=methyl methanethiosulfonate (MMTS);AC=PRIDE:0000605	NT=Methylthio;AC=UNIMOD:39;TA=C;MT=Fixed	NT=Oxidation;AC=UNIMOD:35;TA=M;MT=Variable	NT=TMTpro;AC=UNIMOD:2016;TA=K;MT=Fixed	NT=TMTpro;AC=UNIMOD:2016;PP=Any N-term;MT=Fixed	0 hour	NIPC T1
set2-R31	Rattus norvegicus	heart	4	not applicable	tissue	0 hour	NIPC T1	adult	not available	not available	no	Lumos_221109_11-TMT129N	proteomic profiling by mass spectrometry	1	Lumos_221109_11.raw	v1.1.0	NT=ms-proteomics;VV=v1.1.0	NT=vertebrates;VV=v1.1.0	manual curation	NT=Data-dependent acquisition;AC=PRIDE:0000627	NT=Orbitrap Fusion Lumos;AC=MS:1002732	NT=Trypsin;AC=MS:1001251	TMT129N	2	NT=higher energy beam-type collision-induced dissociation;AC=MS:1000422	5 ppm	0.6 Da	NT=dithiothreitol (DTT);AC=PRIDE:0000608	NT=methyl methanethiosulfonate (MMTS);AC=PRIDE:0000605	NT=Methylthio;AC=UNIMOD:39;TA=C;MT=Fixed	NT=Oxidation;AC=UNIMOD:35;TA=M;MT=Variable	NT=TMTpro;AC=UNIMOD:2016;TA=K;MT=Fixed	NT=TMTpro;AC=UNIMOD:2016;PP=Any N-term;MT=Fixed	0 hour	NIPC T1
set2-R31	Rattus norvegicus	heart	4	not applicable	tissue	0 hour	NIPC T1	adult	not available	not available	no	Lumos_221109_12-TMT129N	proteomic profiling by mass spectrometry	1	Lumos_221109_12.raw	v1.1.0	NT=ms-proteomics;VV=v1.1.0	NT=vertebrates;VV=v1.1.0	manual curation	NT=Data-dependent acquisition;AC=PRIDE:0000627	NT=Orbitrap Fusion Lumos;AC=MS:1002732	NT=Trypsin;AC=MS:1001251	TMT129N	3	NT=higher energy beam-type collision-induced dissociation;AC=MS:1000422	5 ppm	0.6 Da	NT=dithiothreitol (DTT);AC=PRIDE:0000608	NT=methyl methanethiosulfonate (MMTS);AC=PRIDE:0000605	NT=Methylthio;AC=UNIMOD:39;TA=C;MT=Fixed	NT=Oxidation;AC=UNIMOD:35;TA=M;MT=Variable	NT=TMTpro;AC=UNIMOD:2016;TA=K;MT=Fixed	NT=TMTpro;AC=UNIMOD:2016;PP=Any N-term;MT=Fixed	0 hour	NIPC T1
set2-R31	Rattus norvegicus	heart	4	not applicable	tissue	0 hour	NIPC T1	adult	not available	not available	no	Lumos_221109_13-TMT129N	proteomic profiling by mass spectrometry	1	Lumos_221109_13.raw	v1.1.0	NT=ms-proteomics;VV=v1.1.0	NT=vertebrates;VV=v1.1.0	manual curation	NT=Data-dependent acquisition;AC=PRIDE:0000627	NT=Orbitrap Fusion Lumos;AC=MS:1002732	NT=Trypsin;AC=MS:1001251	TMT129N	4	NT=higher energy beam-type collision-induced dissociation;AC=MS:1000422	5 ppm	0.6 Da	NT=dithiothreitol (DTT);AC=PRIDE:0000608	NT=methyl methanethiosulfonate (MMTS);AC=PRIDE:0000605	NT=Methylthio;AC=UNIMOD:39;TA=C;MT=Fixed	NT=Oxidation;AC=UNIMOD:35;TA=M;MT=Variable	NT=TMTpro;AC=UNIMOD:2016;TA=K;MT=Fixed	NT=TMTpro;AC=UNIMOD:2016;PP=Any N-term;MT=Fixed	0 hour	NIPC T1
set2-R31	Rattus norvegicus	heart	4	not applicable	tissue	0 hour	NIPC T1	adult	not available	not available	no	Lumos_221109_14-TMT129N	proteomic profiling by mass spectrometry	1	Lumos_221109_14.raw	v1.1.0	NT=ms-proteomics;VV=v1.1.0	NT=vertebrates;VV=v1.1.0	manual curation	NT=Data-dependent acquisition;AC=PRIDE:0000627	NT=Orbitrap Fusion Lumos;AC=MS:1002732	NT=Trypsin;AC=MS:1001251	TMT129N	5	NT=higher energy beam-type collision-induced dissociation;AC=MS:1000422	5 ppm	0.6 Da	NT=dithiothreitol (DTT);AC=PRIDE:0000608	NT=methyl methanethiosulfonate (MMTS);AC=PRIDE:0000605	NT=Methylthio;AC=UNIMOD:39;TA=C;MT=Fixed	NT=Oxidation;AC=UNIMOD:35;TA=M;MT=Variable	NT=TMTpro;AC=UNIMOD:2016;TA=K;MT=Fixed	NT=TMTpro;AC=UNIMOD:2016;PP=Any N-term;MT=Fixed	0 hour	NIPC T1
set2-R31	Rattus norvegicus	heart	4	not applicable	tissue	0 hour	NIPC T1	adult	not available	not available	no	Lumos_221109_15-TMT129N	proteomic profiling by mass spectrometry	1	Lumos_221109_15.raw	v1.1.0	NT=ms-proteomics;VV=v1.1.0	NT=vertebrates;VV=v1.1.0	manual curation	NT=Data-dependent acquisition;AC=PRIDE:0000627	NT=Orbitrap Fusion Lumos;AC=MS:1002732	NT=Trypsin;AC=MS:1001251	TMT129N	6	NT=higher energy beam-type collision-induced dissociation;AC=MS:1000422	5 ppm	0.6 Da	NT=dithiothreitol (DTT);AC=PRIDE:0000608	NT=methyl methanethiosulfonate (MMTS);AC=PRIDE:0000605	NT=Methylthio;AC=UNIMOD:39;TA=C;MT=Fixed	NT=Oxidation;AC=UNIMOD:35;TA=M;MT=Variable	NT=TMTpro;AC=UNIMOD:2016;TA=K;MT=Fixed	NT=TMTpro;AC=UNIMOD:2016;PP=Any N-term;MT=Fixed	0 hour	NIPC T1
set2-R31	Rattus norvegicus	heart	4	not applicable	tissue	0 hour	NIPC T1	adult	not available	not available	no	Lumos_221109_16-TMT129N	proteomic profiling by mass spectrometry	1	Lumos_221109_16.raw	v1.1.0	NT=ms-proteomics;VV=v1.1.0	NT=vertebrates;VV=v1.1.0	manual curation	NT=Data-dependent acquisition;AC=PRIDE:0000627	NT=Orbitrap Fusion Lumos;AC=MS:1002732	NT=Trypsin;AC=MS:1001251	TMT129N	7	NT=higher energy beam-type collision-induced dissociation;AC=MS:1000422	5 ppm	0.6 Da	NT=dithiothreitol (DTT);AC=PRIDE:0000608	NT=methyl methanethiosulfonate (MMTS);AC=PRIDE:0000605	NT=Methylthio;AC=UNIMOD:39;TA=C;MT=Fixed	NT=Oxidation;AC=UNIMOD:35;TA=M;MT=Variable	NT=TMTpro;AC=UNIMOD:2016;TA=K;MT=Fixed	NT=TMTpro;AC=UNIMOD:2016;PP=Any N-term;MT=Fixed	0 hour	NIPC T1
set2-R31	Rattus norvegicus	heart	4	not applicable	tissue	0 hour	NIPC T1	adult	not available	not available	no	Lumos_221109_17-TMT129N	proteomic profiling by mass spectrometry	1	Lumos_221109_17.raw	v1.1.0	NT=ms-proteomics;VV=v1.1.0	NT=vertebrates;VV=v1.1.0	manual curation	NT=Data-dependent acquisition;AC=PRIDE:0000627	NT=Orbitrap Fusion Lumos;AC=MS:1002732	NT=Trypsin;AC=MS:1001251	TMT129N	8	NT=higher energy beam-type collision-induced dissociation;AC=MS:1000422	5 ppm	0.6 Da	NT=dithiothreitol (DTT);AC=PRIDE:0000608	NT=methyl methanethiosulfonate (MMTS);AC=PRIDE:0000605	NT=Methylthio;AC=UNIMOD:39;TA=C;MT=Fixed	NT=Oxidation;AC=UNIMOD:35;TA=M;MT=Variable	NT=TMTpro;AC=UNIMOD:2016;TA=K;MT=Fixed	NT=TMTpro;AC=UNIMOD:2016;PP=Any N-term;MT=Fixed	0 hour	NIPC T1
set2-R31	Rattus norvegicus	heart	4	not applicable	tissue	0 hour	NIPC T1	adult	not available	not available	no	Lumos_221109_18-TMT129N	proteomic profiling by mass spectrometry	1	Lumos_221109_18.raw	v1.1.0	NT=ms-proteomics;VV=v1.1.0	NT=vertebrates;VV=v1.1.0	manual curation	NT=Data-dependent acquisition;AC=PRIDE:0000627	NT=Orbitrap Fusion Lumos;AC=MS:1002732	NT=Trypsin;AC=MS:1001251	TMT129N	9	NT=higher energy beam-type collision-induced dissociation;AC=MS:1000422	5 ppm	0.6 Da	NT=dithiothreitol (DTT);AC=PRIDE:0000608	NT=methyl methanethiosulfonate (MMTS);AC=PRIDE:0000605	NT=Methylthio;AC=UNIMOD:39;TA=C;MT=Fixed	NT=Oxidation;AC=UNIMOD:35;TA=M;MT=Variable	NT=TMTpro;AC=UNIMOD:2016;TA=K;MT=Fixed	NT=TMTpro;AC=UNIMOD:2016;PP=Any N-term;MT=Fixed	0 hour	NIPC T1
set2-R31	Rattus norvegicus	heart	4	not applicable	tissue	0 hour	NIPC T1	adult	not available	not available	no	Lumos_221109_19-TMT129N	proteomic profiling by mass spectrometry	1	Lumos_221109_19.raw	v1.1.0	NT=ms-proteomics;VV=v1.1.0	NT=vertebrates;VV=v1.1.0	manual curation	NT=Data-dependent acquisition;AC=PRIDE:0000627	NT=Orbitrap Fusion Lumos;AC=MS:1002732	NT=Trypsin;AC=MS:1001251	TMT129N	10	NT=higher energy beam-type collision-induced dissociation;AC=MS:1000422	5 ppm	0.6 Da	NT=dithiothreitol (DTT);AC=PRIDE:0000608	NT=methyl methanethiosulfonate (MMTS);AC=PRIDE:0000605	NT=Methylthio;AC=UNIMOD:39;TA=C;MT=Fixed	NT=Oxidation;AC=UNIMOD:35;TA=M;MT=Variable	NT=TMTpro;AC=UNIMOD:2016;TA=K;MT=Fixed	NT=TMTpro;AC=UNIMOD:2016;PP=Any N-term;MT=Fixed	0 hour	NIPC T1
set2-R31	Rattus norvegicus	heart	4	not applicable	tissue	0 hour	NIPC T1	adult	not available	not available	no	Lumos_221109_20-TMT129N	proteomic profiling by mass spectrometry	1	Lumos_221109_20.raw	v1.1.0	NT=ms-proteomics;VV=v1.1.0	NT=vertebrates;VV=v1.1.0	manual curation	NT=Data-dependent acquisition;AC=PRIDE:0000627	NT=Orbitrap Fusion Lumos;AC=MS:1002732	NT=Trypsin;AC=MS:1001251	TMT129N	11	NT=higher energy beam-type collision-induced dissociation;AC=MS:1000422	5 ppm	0.6 Da	NT=dithiothreitol (DTT);AC=PRIDE:0000608	NT=methyl methanethiosulfonate (MMTS);AC=PRIDE:0000605	NT=Methylthio;AC=UNIMOD:39;TA=C;MT=Fixed	NT=Oxidation;AC=UNIMOD:35;TA=M;MT=Variable	NT=TMTpro;AC=UNIMOD:2016;TA=K;MT=Fixed	NT=TMTpro;AC=UNIMOD:2016;PP=Any N-term;MT=Fixed	0 hour	NIPC T1
set2-R31	Rattus norvegicus	heart	4	not applicable	tissue	0 hour	NIPC T1	adult	not available	not available	no	Lumos_221109_21-TMT129N	proteomic profiling by mass spectrometry	1	Lumos_221109_21.raw	v1.1.0	NT=ms-proteomics;VV=v1.1.0	NT=vertebrates;VV=v1.1.0	manual curation	NT=Data-dependent acquisition;AC=PRIDE:0000627	NT=Orbitrap Fusion Lumos;AC=MS:1002732	NT=Trypsin;AC=MS:1001251	TMT129N	12	NT=higher energy beam-type collision-induced dissociation;AC=MS:1000422	5 ppm	0.6 Da	NT=dithiothreitol (DTT);AC=PRIDE:0000608	NT=methyl methanethiosulfonate (MMTS);AC=PRIDE:0000605	NT=Methylthio;AC=UNIMOD:39;TA=C;MT=Fixed	NT=Oxidation;AC=UNIMOD:35;TA=M;MT=Variable	NT=TMTpro;AC=UNIMOD:2016;TA=K;MT=Fixed	NT=TMTpro;AC=UNIMOD:2016;PP=Any N-term;MT=Fixed	0 hour	NIPC T1
set2-R31	Rattus norvegicus	heart	4	not applicable	tissue	0 hour	NIPC T1	adult	not available	not available	no	Lumos_221109_22-TMT129N	proteomic profiling by mass spectrometry	1	Lumos_221109_22.raw	v1.1.0	NT=ms-proteomics;VV=v1.1.0	NT=vertebrates;VV=v1.1.0	manual curation	NT=Data-dependent acquisition;AC=PRIDE:0000627	NT=Orbitrap Fusion Lumos;AC=MS:1002732	NT=Trypsin;AC=MS:1001251	TMT129N	13	NT=higher energy beam-type collision-induced dissociation;AC=MS:1000422	5 ppm	0.6 Da	NT=dithiothreitol (DTT);AC=PRIDE:0000608	NT=methyl methanethiosulfonate (MMTS);AC=PRIDE:0000605	NT=Methylthio;AC=UNIMOD:39;TA=C;MT=Fixed	NT=Oxidation;AC=UNIMOD:35;TA=M;MT=Variable	NT=TMTpro;AC=UNIMOD:2016;TA=K;MT=Fixed	NT=TMTpro;AC=UNIMOD:2016;PP=Any N-term;MT=Fixed	0 hour	NIPC T1
set2-R31	Rattus norvegicus	heart	4	not applicable	tissue	0 hour	NIPC T1	adult	not available	not available	no	Lumos_221109_23-TMT129N	proteomic profiling by mass spectrometry	1	Lumos_221109_23.raw	v1.1.0	NT=ms-proteomics;VV=v1.1.0	NT=vertebrates;VV=v1.1.0	manual curation	NT=Data-dependent acquisition;AC=PRIDE:0000627	NT=Orbitrap Fusion Lumos;AC=MS:1002732	NT=Trypsin;AC=MS:1001251	TMT129N	14	NT=higher energy beam-type collision-induced dissociation;AC=MS:1000422	5 ppm	0.6 Da	NT=dithiothreitol (DTT);AC=PRIDE:0000608	NT=methyl methanethiosulfonate (MMTS);AC=PRIDE:0000605	NT=Methylthio;AC=UNIMOD:39;TA=C;MT=Fixed	NT=Oxidation;AC=UNIMOD:35;TA=M;MT=Variable	NT=TMTpro;AC=UNIMOD:2016;TA=K;MT=Fixed	NT=TMTpro;AC=UNIMOD:2016;PP=Any N-term;MT=Fixed	0 hour	NIPC T1
set2-R31	Rattus norvegicus	heart	4	not applicable	tissue	0 hour	NIPC T1	adult	not available	not available	no	Lumos_221109_24-TMT129N	proteomic profiling by mass spectrometry	1	Lumos_221109_24.raw	v1.1.0	NT=ms-proteomics;VV=v1.1.0	NT=vertebrates;VV=v1.1.0	manual curation	NT=Data-dependent acquisition;AC=PRIDE:0000627	NT=Orbitrap Fusion Lumos;AC=MS:1002732	NT=Trypsin;AC=MS:1001251	TMT129N	15	NT=higher energy beam-type collision-induced dissociation;AC=MS:1000422	5 ppm	0.6 Da	NT=dithiothreitol (DTT);AC=PRIDE:0000608	NT=methyl methanethiosulfonate (MMTS);AC=PRIDE:0000605	NT=Methylthio;AC=UNIMOD:39;TA=C;MT=Fixed	NT=Oxidation;AC=UNIMOD:35;TA=M;MT=Variable	NT=TMTpro;AC=UNIMOD:2016;TA=K;MT=Fixed	NT=TMTpro;AC=UNIMOD:2016;PP=Any N-term;MT=Fixed	0 hour	NIPC T1
set2-R31	Rattus norvegicus	heart	4	not applicable	tissue	0 hour	NIPC T1	adult	not available	not available	no	Lumos_221109_25-TMT129N	proteomic profiling by mass spectrometry	1	Lumos_221109_25.raw	v1.1.0	NT=ms-proteomics;VV=v1.1.0	NT=vertebrates;VV=v1.1.0	manual curation	NT=Data-dependent acquisition;AC=PRIDE:0000627	NT=Orbitrap Fusion Lumos;AC=MS:1002732	NT=Trypsin;AC=MS:1001251	TMT129N	16	NT=higher energy beam-type collision-induced dissociation;AC=MS:1000422	5 ppm	0.6 Da	NT=dithiothreitol (DTT);AC=PRIDE:0000608	NT=methyl methanethiosulfonate (MMTS);AC=PRIDE:0000605	NT=Methylthio;AC=UNIMOD:39;TA=C;MT=Fixed	NT=Oxidation;AC=UNIMOD:35;TA=M;MT=Variable	NT=TMTpro;AC=UNIMOD:2016;TA=K;MT=Fixed	NT=TMTpro;AC=UNIMOD:2016;PP=Any N-term;MT=Fixed	0 hour	NIPC T1
set2-R31	Rattus norvegicus	heart	4	not applicable	tissue	0 hour	NIPC T1	adult	not available	not available	no	Lumos_221109_26-TMT129N	proteomic profiling by mass spectrometry	1	Lumos_221109_26.raw	v1.1.0	NT=ms-proteomics;VV=v1.1.0	NT=vertebrates;VV=v1.1.0	manual curation	NT=Data-dependent acquisition;AC=PRIDE:0000627	NT=Orbitrap Fusion Lumos;AC=MS:1002732	NT=Trypsin;AC=MS:1001251	TMT129N	17	NT=higher energy beam-type collision-induced dissociation;AC=MS:1000422	5 ppm	0.6 Da	NT=dithiothreitol (DTT);AC=PRIDE:0000608	NT=methyl methanethiosulfonate (MMTS);AC=PRIDE:0000605	NT=Methylthio;AC=UNIMOD:39;TA=C;MT=Fixed	NT=Oxidation;AC=UNIMOD:35;TA=M;MT=Variable	NT=TMTpro;AC=UNIMOD:2016;TA=K;MT=Fixed	NT=TMTpro;AC=UNIMOD:2016;PP=Any N-term;MT=Fixed	0 hour	NIPC T1
set2-R31	Rattus norvegicus	heart	4	not applicable	tissue	0 hour	NIPC T1	adult	not available	not available	no	Lumos_221109_27-TMT129N	proteomic profiling by mass spectrometry	1	Lumos_221109_27.raw	v1.1.0	NT=ms-proteomics;VV=v1.1.0	NT=vertebrates;VV=v1.1.0	manual curation	NT=Data-dependent acquisition;AC=PRIDE:0000627	NT=Orbitrap Fusion Lumos;AC=MS:1002732	NT=Trypsin;AC=MS:1001251	TMT129N	18	NT=higher energy beam-type collision-induced dissociation;AC=MS:1000422	5 ppm	0.6 Da	NT=dithiothreitol (DTT);AC=PRIDE:0000608	NT=methyl methanethiosulfonate (MMTS);AC=PRIDE:0000605	NT=Methylthio;AC=UNIMOD:39;TA=C;MT=Fixed	NT=Oxidation;AC=UNIMOD:35;TA=M;MT=Variable	NT=TMTpro;AC=UNIMOD:2016;TA=K;MT=Fixed	NT=TMTpro;AC=UNIMOD:2016;PP=Any N-term;MT=Fixed	0 hour	NIPC T1
set2-R31	Rattus norvegicus	heart	4	not applicable	tissue	0 hour	NIPC T1	adult	not available	not available	no	Lumos_221109_28-TMT129N	proteomic profiling by mass spectrometry	1	Lumos_221109_28.raw	v1.1.0	NT=ms-proteomics;VV=v1.1.0	NT=vertebrates;VV=v1.1.0	manual curation	NT=Data-dependent acquisition;AC=PRIDE:0000627	NT=Orbitrap Fusion Lumos;AC=MS:1002732	NT=Trypsin;AC=MS:1001251	TMT129N	19	NT=higher energy beam-type collision-induced dissociation;AC=MS:1000422	5 ppm	0.6 Da	NT=dithiothreitol (DTT);AC=PRIDE:0000608	NT=methyl methanethiosulfonate (MMTS);AC=PRIDE:0000605	NT=Methylthio;AC=UNIMOD:39;TA=C;MT=Fixed	NT=Oxidation;AC=UNIMOD:35;TA=M;MT=Variable	NT=TMTpro;AC=UNIMOD:2016;TA=K;MT=Fixed	NT=TMTpro;AC=UNIMOD:2016;PP=Any N-term;MT=Fixed	0 hour	NIPC T1
set2-R31	Rattus norvegicus	heart	4	not applicable	tissue	0 hour	NIPC T1	adult	not available	not available	no	Lumos_221109_29-TMT129N	proteomic profiling by mass spectrometry	1	Lumos_221109_29.raw	v1.1.0	NT=ms-proteomics;VV=v1.1.0	NT=vertebrates;VV=v1.1.0	manual curation	NT=Data-dependent acquisition;AC=PRIDE:0000627	NT=Orbitrap Fusion Lumos;AC=MS:1002732	NT=Trypsin;AC=MS:1001251	TMT129N	20	NT=higher energy beam-type collision-induced dissociation;AC=MS:1000422	5 ppm	0.6 Da	NT=dithiothreitol (DTT);AC=PRIDE:0000608	NT=methyl methanethiosulfonate (MMTS);AC=PRIDE:0000605	NT=Methylthio;AC=UNIMOD:39;TA=C;MT=Fixed	NT=Oxidation;AC=UNIMOD:35;TA=M;MT=Variable	NT=TMTpro;AC=UNIMOD:2016;TA=K;MT=Fixed	NT=TMTpro;AC=UNIMOD:2016;PP=Any N-term;MT=Fixed	0 hour	NIPC T1
set2-R31	Rattus norvegicus	heart	4	not applicable	tissue	0 hour	NIPC T1	adult	not available	not available	no	Lumos_221109_30-TMT129N	proteomic profiling by mass spectrometry	1	Lumos_221109_30.raw	v1.1.0	NT=ms-proteomics;VV=v1.1.0	NT=vertebrates;VV=v1.1.0	manual curation	NT=Data-dependent acquisition;AC=PRIDE:0000627	NT=Orbitrap Fusion Lumos;AC=MS:1002732	NT=Trypsin;AC=MS:1001251	TMT129N	21	NT=higher energy beam-type collision-induced dissociation;AC=MS:1000422	5 ppm	0.6 Da	NT=dithiothreitol (DTT);AC=PRIDE:0000608	NT=methyl methanethiosulfonate (MMTS);AC=PRIDE:0000605	NT=Methylthio;AC=UNIMOD:39;TA=C;MT=Fixed	NT=Oxidation;AC=UNIMOD:35;TA=M;MT=Variable	NT=TMTpro;AC=UNIMOD:2016;TA=K;MT=Fixed	NT=TMTpro;AC=UNIMOD:2016;PP=Any N-term;MT=Fixed	0 hour	NIPC T1
set2-R31	Rattus norvegicus	heart	4	not applicable	tissue	0 hour	NIPC T1	adult	not available	not available	no	Lumos_221109_31-TMT129N	proteomic profiling by mass spectrometry	1	Lumos_221109_31.raw	v1.1.0	NT=ms-proteomics;VV=v1.1.0	NT=vertebrates;VV=v1.1.0	manual curation	NT=Data-dependent acquisition;AC=PRIDE:0000627	NT=Orbitrap Fusion Lumos;AC=MS:1002732	NT=Trypsin;AC=MS:1001251	TMT129N	22	NT=higher energy beam-type collision-induced dissociation;AC=MS:1000422	5 ppm	0.6 Da	NT=dithiothreitol (DTT);AC=PRIDE:0000608	NT=methyl methanethiosulfonate (MMTS);AC=PRIDE:0000605	NT=Methylthio;AC=UNIMOD:39;TA=C;MT=Fixed	NT=Oxidation;AC=UNIMOD:35;TA=M;MT=Variable	NT=TMTpro;AC=UNIMOD:2016;TA=K;MT=Fixed	NT=TMTpro;AC=UNIMOD:2016;PP=Any N-term;MT=Fixed	0 hour	NIPC T1
set2-R16	Rattus norvegicus	heart	1	not applicable	tissue	4 hour	IPC T2	adult	not available	not available	yes	Lumos_221109_10-TMT129C	proteomic profiling by mass spectrometry	1	Lumos_221109_10.raw	v1.1.0	NT=ms-proteomics;VV=v1.1.0	NT=vertebrates;VV=v1.1.0	manual curation	NT=Data-dependent acquisition;AC=PRIDE:0000627	NT=Orbitrap Fusion Lumos;AC=MS:1002732	NT=Trypsin;AC=MS:1001251	TMT129C	1	NT=higher energy beam-type collision-induced dissociation;AC=MS:1000422	5 ppm	0.6 Da	NT=dithiothreitol (DTT);AC=PRIDE:0000608	NT=methyl methanethiosulfonate (MMTS);AC=PRIDE:0000605	NT=Methylthio;AC=UNIMOD:39;TA=C;MT=Fixed	NT=Oxidation;AC=UNIMOD:35;TA=M;MT=Variable	NT=TMTpro;AC=UNIMOD:2016;TA=K;MT=Fixed	NT=TMTpro;AC=UNIMOD:2016;PP=Any N-term;MT=Fixed	4 hour	IPC T2
set2-R16	Rattus norvegicus	heart	1	not applicable	tissue	4 hour	IPC T2	adult	not available	not available	yes	Lumos_221109_11-TMT129C	proteomic profiling by mass spectrometry	1	Lumos_221109_11.raw	v1.1.0	NT=ms-proteomics;VV=v1.1.0	NT=vertebrates;VV=v1.1.0	manual curation	NT=Data-dependent acquisition;AC=PRIDE:0000627	NT=Orbitrap Fusion Lumos;AC=MS:1002732	NT=Trypsin;AC=MS:1001251	TMT129C	2	NT=higher energy beam-type collision-induced dissociation;AC=MS:1000422	5 ppm	0.6 Da	NT=dithiothreitol (DTT);AC=PRIDE:0000608	NT=methyl methanethiosulfonate (MMTS);AC=PRIDE:0000605	NT=Methylthio;AC=UNIMOD:39;TA=C;MT=Fixed	NT=Oxidation;AC=UNIMOD:35;TA=M;MT=Variable	NT=TMTpro;AC=UNIMOD:2016;TA=K;MT=Fixed	NT=TMTpro;AC=UNIMOD:2016;PP=Any N-term;MT=Fixed	4 hour	IPC T2
set2-R16	Rattus norvegicus	heart	1	not applicable	tissue	4 hour	IPC T2	adult	not available	not available	yes	Lumos_221109_12-TMT129C	proteomic profiling by mass spectrometry	1	Lumos_221109_12.raw	v1.1.0	NT=ms-proteomics;VV=v1.1.0	NT=vertebrates;VV=v1.1.0	manual curation	NT=Data-dependent acquisition;AC=PRIDE:0000627	NT=Orbitrap Fusion Lumos;AC=MS:1002732	NT=Trypsin;AC=MS:1001251	TMT129C	3	NT=higher energy beam-type collision-induced dissociation;AC=MS:1000422	5 ppm	0.6 Da	NT=dithiothreitol (DTT);AC=PRIDE:0000608	NT=methyl methanethiosulfonate (MMTS);AC=PRIDE:0000605	NT=Methylthio;AC=UNIMOD:39;TA=C;MT=Fixed	NT=Oxidation;AC=UNIMOD:35;TA=M;MT=Variable	NT=TMTpro;AC=UNIMOD:2016;TA=K;MT=Fixed	NT=TMTpro;AC=UNIMOD:2016;PP=Any N-term;MT=Fixed	4 hour	IPC T2
set2-R16	Rattus norvegicus	heart	1	not applicable	tissue	4 hour	IPC T2	adult	not available	not available	yes	Lumos_221109_13-TMT129C	proteomic profiling by mass spectrometry	1	Lumos_221109_13.raw	v1.1.0	NT=ms-proteomics;VV=v1.1.0	NT=vertebrates;VV=v1.1.0	manual curation	NT=Data-dependent acquisition;AC=PRIDE:0000627	NT=Orbitrap Fusion Lumos;AC=MS:1002732	NT=Trypsin;AC=MS:1001251	TMT129C	4	NT=higher energy beam-type collision-induced dissociation;AC=MS:1000422	5 ppm	0.6 Da	NT=dithiothreitol (DTT);AC=PRIDE:0000608	NT=methyl methanethiosulfonate (MMTS);AC=PRIDE:0000605	NT=Methylthio;AC=UNIMOD:39;TA=C;MT=Fixed	NT=Oxidation;AC=UNIMOD:35;TA=M;MT=Variable	NT=TMTpro;AC=UNIMOD:2016;TA=K;MT=Fixed	NT=TMTpro;AC=UNIMOD:2016;PP=Any N-term;MT=Fixed	4 hour	IPC T2
set2-R16	Rattus norvegicus	heart	1	not applicable	tissue	4 hour	IPC T2	adult	not available	not available	yes	Lumos_221109_14-TMT129C	proteomic profiling by mass spectrometry	1	Lumos_221109_14.raw	v1.1.0	NT=ms-proteomics;VV=v1.1.0	NT=vertebrates;VV=v1.1.0	manual curation	NT=Data-dependent acquisition;AC=PRIDE:0000627	NT=Orbitrap Fusion Lumos;AC=MS:1002732	NT=Trypsin;AC=MS:1001251	TMT129C	5	NT=higher energy beam-type collision-induced dissociation;AC=MS:1000422	5 ppm	0.6 Da	NT=dithiothreitol (DTT);AC=PRIDE:0000608	NT=methyl methanethiosulfonate (MMTS);AC=PRIDE:0000605	NT=Methylthio;AC=UNIMOD:39;TA=C;MT=Fixed	NT=Oxidation;AC=UNIMOD:35;TA=M;MT=Variable	NT=TMTpro;AC=UNIMOD:2016;TA=K;MT=Fixed	NT=TMTpro;AC=UNIMOD:2016;PP=Any N-term;MT=Fixed	4 hour	IPC T2
set2-R16	Rattus norvegicus	heart	1	not applicable	tissue	4 hour	IPC T2	adult	not available	not available	yes	Lumos_221109_15-TMT129C	proteomic profiling by mass spectrometry	1	Lumos_221109_15.raw	v1.1.0	NT=ms-proteomics;VV=v1.1.0	NT=vertebrates;VV=v1.1.0	manual curation	NT=Data-dependent acquisition;AC=PRIDE:0000627	NT=Orbitrap Fusion Lumos;AC=MS:1002732	NT=Trypsin;AC=MS:1001251	TMT129C	6	NT=higher energy beam-type collision-induced dissociation;AC=MS:1000422	5 ppm	0.6 Da	NT=dithiothreitol (DTT);AC=PRIDE:0000608	NT=methyl methanethiosulfonate (MMTS);AC=PRIDE:0000605	NT=Methylthio;AC=UNIMOD:39;TA=C;MT=Fixed	NT=Oxidation;AC=UNIMOD:35;TA=M;MT=Variable	NT=TMTpro;AC=UNIMOD:2016;TA=K;MT=Fixed	NT=TMTpro;AC=UNIMOD:2016;PP=Any N-term;MT=Fixed	4 hour	IPC T2
set2-R16	Rattus norvegicus	heart	1	not applicable	tissue	4 hour	IPC T2	adult	not available	not available	yes	Lumos_221109_16-TMT129C	proteomic profiling by mass spectrometry	1	Lumos_221109_16.raw	v1.1.0	NT=ms-proteomics;VV=v1.1.0	NT=vertebrates;VV=v1.1.0	manual curation	NT=Data-dependent acquisition;AC=PRIDE:0000627	NT=Orbitrap Fusion Lumos;AC=MS:1002732	NT=Trypsin;AC=MS:1001251	TMT129C	7	NT=higher energy beam-type collision-induced dissociation;AC=MS:1000422	5 ppm	0.6 Da	NT=dithiothreitol (DTT);AC=PRIDE:0000608	NT=methyl methanethiosulfonate (MMTS);AC=PRIDE:0000605	NT=Methylthio;AC=UNIMOD:39;TA=C;MT=Fixed	NT=Oxidation;AC=UNIMOD:35;TA=M;MT=Variable	NT=TMTpro;AC=UNIMOD:2016;TA=K;MT=Fixed	NT=TMTpro;AC=UNIMOD:2016;PP=Any N-term;MT=Fixed	4 hour	IPC T2
set2-R16	Rattus norvegicus	heart	1	not applicable	tissue	4 hour	IPC T2	adult	not available	not available	yes	Lumos_221109_17-TMT129C	proteomic profiling by mass spectrometry	1	Lumos_221109_17.raw	v1.1.0	NT=ms-proteomics;VV=v1.1.0	NT=vertebrates;VV=v1.1.0	manual curation	NT=Data-dependent acquisition;AC=PRIDE:0000627	NT=Orbitrap Fusion Lumos;AC=MS:1002732	NT=Trypsin;AC=MS:1001251	TMT129C	8	NT=higher energy beam-type collision-induced dissociation;AC=MS:1000422	5 ppm	0.6 Da	NT=dithiothreitol (DTT);AC=PRIDE:0000608	NT=methyl methanethiosulfonate (MMTS);AC=PRIDE:0000605	NT=Methylthio;AC=UNIMOD:39;TA=C;MT=Fixed	NT=Oxidation;AC=UNIMOD:35;TA=M;MT=Variable	NT=TMTpro;AC=UNIMOD:2016;TA=K;MT=Fixed	NT=TMTpro;AC=UNIMOD:2016;PP=Any N-term;MT=Fixed	4 hour	IPC T2
set2-R16	Rattus norvegicus	heart	1	not applicable	tissue	4 hour	IPC T2	adult	not available	not available	yes	Lumos_221109_18-TMT129C	proteomic profiling by mass spectrometry	1	Lumos_221109_18.raw	v1.1.0	NT=ms-proteomics;VV=v1.1.0	NT=vertebrates;VV=v1.1.0	manual curation	NT=Data-dependent acquisition;AC=PRIDE:0000627	NT=Orbitrap Fusion Lumos;AC=MS:1002732	NT=Trypsin;AC=MS:1001251	TMT129C	9	NT=higher energy beam-type collision-induced dissociation;AC=MS:1000422	5 ppm	0.6 Da	NT=dithiothreitol (DTT);AC=PRIDE:0000608	NT=methyl methanethiosulfonate (MMTS);AC=PRIDE:0000605	NT=Methylthio;AC=UNIMOD:39;TA=C;MT=Fixed	NT=Oxidation;AC=UNIMOD:35;TA=M;MT=Variable	NT=TMTpro;AC=UNIMOD:2016;TA=K;MT=Fixed	NT=TMTpro;AC=UNIMOD:2016;PP=Any N-term;MT=Fixed	4 hour	IPC T2
set2-R16	Rattus norvegicus	heart	1	not applicable	tissue	4 hour	IPC T2	adult	not available	not available	yes	Lumos_221109_19-TMT129C	proteomic profiling by mass spectrometry	1	Lumos_221109_19.raw	v1.1.0	NT=ms-proteomics;VV=v1.1.0	NT=vertebrates;VV=v1.1.0	manual curation	NT=Data-dependent acquisition;AC=PRIDE:0000627	NT=Orbitrap Fusion Lumos;AC=MS:1002732	NT=Trypsin;AC=MS:1001251	TMT129C	10	NT=higher energy beam-type collision-induced dissociation;AC=MS:1000422	5 ppm	0.6 Da	NT=dithiothreitol (DTT);AC=PRIDE:0000608	NT=methyl methanethiosulfonate (MMTS);AC=PRIDE:0000605	NT=Methylthio;AC=UNIMOD:39;TA=C;MT=Fixed	NT=Oxidation;AC=UNIMOD:35;TA=M;MT=Variable	NT=TMTpro;AC=UNIMOD:2016;TA=K;MT=Fixed	NT=TMTpro;AC=UNIMOD:2016;PP=Any N-term;MT=Fixed	4 hour	IPC T2
set2-R16	Rattus norvegicus	heart	1	not applicable	tissue	4 hour	IPC T2	adult	not available	not available	yes	Lumos_221109_20-TMT129C	proteomic profiling by mass spectrometry	1	Lumos_221109_20.raw	v1.1.0	NT=ms-proteomics;VV=v1.1.0	NT=vertebrates;VV=v1.1.0	manual curation	NT=Data-dependent acquisition;AC=PRIDE:0000627	NT=Orbitrap Fusion Lumos;AC=MS:1002732	NT=Trypsin;AC=MS:1001251	TMT129C	11	NT=higher energy beam-type collision-induced dissociation;AC=MS:1000422	5 ppm	0.6 Da	NT=dithiothreitol (DTT);AC=PRIDE:0000608	NT=methyl methanethiosulfonate (MMTS);AC=PRIDE:0000605	NT=Methylthio;AC=UNIMOD:39;TA=C;MT=Fixed	NT=Oxidation;AC=UNIMOD:35;TA=M;MT=Variable	NT=TMTpro;AC=UNIMOD:2016;TA=K;MT=Fixed	NT=TMTpro;AC=UNIMOD:2016;PP=Any N-term;MT=Fixed	4 hour	IPC T2
set2-R16	Rattus norvegicus	heart	1	not applicable	tissue	4 hour	IPC T2	adult	not available	not available	yes	Lumos_221109_21-TMT129C	proteomic profiling by mass spectrometry	1	Lumos_221109_21.raw	v1.1.0	NT=ms-proteomics;VV=v1.1.0	NT=vertebrates;VV=v1.1.0	manual curation	NT=Data-dependent acquisition;AC=PRIDE:0000627	NT=Orbitrap Fusion Lumos;AC=MS:1002732	NT=Trypsin;AC=MS:1001251	TMT129C	12	NT=higher energy beam-type collision-induced dissociation;AC=MS:1000422	5 ppm	0.6 Da	NT=dithiothreitol (DTT);AC=PRIDE:0000608	NT=methyl methanethiosulfonate (MMTS);AC=PRIDE:0000605	NT=Methylthio;AC=UNIMOD:39;TA=C;MT=Fixed	NT=Oxidation;AC=UNIMOD:35;TA=M;MT=Variable	NT=TMTpro;AC=UNIMOD:2016;TA=K;MT=Fixed	NT=TMTpro;AC=UNIMOD:2016;PP=Any N-term;MT=Fixed	4 hour	IPC T2
set2-R16	Rattus norvegicus	heart	1	not applicable	tissue	4 hour	IPC T2	adult	not available	not available	yes	Lumos_221109_22-TMT129C	proteomic profiling by mass spectrometry	1	Lumos_221109_22.raw	v1.1.0	NT=ms-proteomics;VV=v1.1.0	NT=vertebrates;VV=v1.1.0	manual curation	NT=Data-dependent acquisition;AC=PRIDE:0000627	NT=Orbitrap Fusion Lumos;AC=MS:1002732	NT=Trypsin;AC=MS:1001251	TMT129C	13	NT=higher energy beam-type collision-induced dissociation;AC=MS:1000422	5 ppm	0.6 Da	NT=dithiothreitol (DTT);AC=PRIDE:0000608	NT=methyl methanethiosulfonate (MMTS);AC=PRIDE:0000605	NT=Methylthio;AC=UNIMOD:39;TA=C;MT=Fixed	NT=Oxidation;AC=UNIMOD:35;TA=M;MT=Variable	NT=TMTpro;AC=UNIMOD:2016;TA=K;MT=Fixed	NT=TMTpro;AC=UNIMOD:2016;PP=Any N-term;MT=Fixed	4 hour	IPC T2
set2-R16	Rattus norvegicus	heart	1	not applicable	tissue	4 hour	IPC T2	adult	not available	not available	yes	Lumos_221109_23-TMT129C	proteomic profiling by mass spectrometry	1	Lumos_221109_23.raw	v1.1.0	NT=ms-proteomics;VV=v1.1.0	NT=vertebrates;VV=v1.1.0	manual curation	NT=Data-dependent acquisition;AC=PRIDE:0000627	NT=Orbitrap Fusion Lumos;AC=MS:1002732	NT=Trypsin;AC=MS:1001251	TMT129C	14	NT=higher energy beam-type collision-induced dissociation;AC=MS:1000422	5 ppm	0.6 Da	NT=dithiothreitol (DTT);AC=PRIDE:0000608	NT=methyl methanethiosulfonate (MMTS);AC=PRIDE:0000605	NT=Methylthio;AC=UNIMOD:39;TA=C;MT=Fixed	NT=Oxidation;AC=UNIMOD:35;TA=M;MT=Variable	NT=TMTpro;AC=UNIMOD:2016;TA=K;MT=Fixed	NT=TMTpro;AC=UNIMOD:2016;PP=Any N-term;MT=Fixed	4 hour	IPC T2
set2-R16	Rattus norvegicus	heart	1	not applicable	tissue	4 hour	IPC T2	adult	not available	not available	yes	Lumos_221109_24-TMT129C	proteomic profiling by mass spectrometry	1	Lumos_221109_24.raw	v1.1.0	NT=ms-proteomics;VV=v1.1.0	NT=vertebrates;VV=v1.1.0	manual curation	NT=Data-dependent acquisition;AC=PRIDE:0000627	NT=Orbitrap Fusion Lumos;AC=MS:1002732	NT=Trypsin;AC=MS:1001251	TMT129C	15	NT=higher energy beam-type collision-induced dissociation;AC=MS:1000422	5 ppm	0.6 Da	NT=dithiothreitol (DTT);AC=PRIDE:0000608	NT=methyl methanethiosulfonate (MMTS);AC=PRIDE:0000605	NT=Methylthio;AC=UNIMOD:39;TA=C;MT=Fixed	NT=Oxidation;AC=UNIMOD:35;TA=M;MT=Variable	NT=TMTpro;AC=UNIMOD:2016;TA=K;MT=Fixed	NT=TMTpro;AC=UNIMOD:2016;PP=Any N-term;MT=Fixed	4 hour	IPC T2
set2-R16	Rattus norvegicus	heart	1	not applicable	tissue	4 hour	IPC T2	adult	not available	not available	yes	Lumos_221109_25-TMT129C	proteomic profiling by mass spectrometry	1	Lumos_221109_25.raw	v1.1.0	NT=ms-proteomics;VV=v1.1.0	NT=vertebrates;VV=v1.1.0	manual curation	NT=Data-dependent acquisition;AC=PRIDE:0000627	NT=Orbitrap Fusion Lumos;AC=MS:1002732	NT=Trypsin;AC=MS:1001251	TMT129C	16	NT=higher energy beam-type collision-induced dissociation;AC=MS:1000422	5 ppm	0.6 Da	NT=dithiothreitol (DTT);AC=PRIDE:0000608	NT=methyl methanethiosulfonate (MMTS);AC=PRIDE:0000605	NT=Methylthio;AC=UNIMOD:39;TA=C;MT=Fixed	NT=Oxidation;AC=UNIMOD:35;TA=M;MT=Variable	NT=TMTpro;AC=UNIMOD:2016;TA=K;MT=Fixed	NT=TMTpro;AC=UNIMOD:2016;PP=Any N-term;MT=Fixed	4 hour	IPC T2
set2-R16	Rattus norvegicus	heart	1	not applicable	tissue	4 hour	IPC T2	adult	not available	not available	yes	Lumos_221109_26-TMT129C	proteomic profiling by mass spectrometry	1	Lumos_221109_26.raw	v1.1.0	NT=ms-proteomics;VV=v1.1.0	NT=vertebrates;VV=v1.1.0	manual curation	NT=Data-dependent acquisition;AC=PRIDE:0000627	NT=Orbitrap Fusion Lumos;AC=MS:1002732	NT=Trypsin;AC=MS:1001251	TMT129C	17	NT=higher energy beam-type collision-induced dissociation;AC=MS:1000422	5 ppm	0.6 Da	NT=dithiothreitol (DTT);AC=PRIDE:0000608	NT=methyl methanethiosulfonate (MMTS);AC=PRIDE:0000605	NT=Methylthio;AC=UNIMOD:39;TA=C;MT=Fixed	NT=Oxidation;AC=UNIMOD:35;TA=M;MT=Variable	NT=TMTpro;AC=UNIMOD:2016;TA=K;MT=Fixed	NT=TMTpro;AC=UNIMOD:2016;PP=Any N-term;MT=Fixed	4 hour	IPC T2
set2-R16	Rattus norvegicus	heart	1	not applicable	tissue	4 hour	IPC T2	adult	not available	not available	yes	Lumos_221109_27-TMT129C	proteomic profiling by mass spectrometry	1	Lumos_221109_27.raw	v1.1.0	NT=ms-proteomics;VV=v1.1.0	NT=vertebrates;VV=v1.1.0	manual curation	NT=Data-dependent acquisition;AC=PRIDE:0000627	NT=Orbitrap Fusion Lumos;AC=MS:1002732	NT=Trypsin;AC=MS:1001251	TMT129C	18	NT=higher energy beam-type collision-induced dissociation;AC=MS:1000422	5 ppm	0.6 Da	NT=dithiothreitol (DTT);AC=PRIDE:0000608	NT=methyl methanethiosulfonate (MMTS);AC=PRIDE:0000605	NT=Methylthio;AC=UNIMOD:39;TA=C;MT=Fixed	NT=Oxidation;AC=UNIMOD:35;TA=M;MT=Variable	NT=TMTpro;AC=UNIMOD:2016;TA=K;MT=Fixed	NT=TMTpro;AC=UNIMOD:2016;PP=Any N-term;MT=Fixed	4 hour	IPC T2
set2-R16	Rattus norvegicus	heart	1	not applicable	tissue	4 hour	IPC T2	adult	not available	not available	yes	Lumos_221109_28-TMT129C	proteomic profiling by mass spectrometry	1	Lumos_221109_28.raw	v1.1.0	NT=ms-proteomics;VV=v1.1.0	NT=vertebrates;VV=v1.1.0	manual curation	NT=Data-dependent acquisition;AC=PRIDE:0000627	NT=Orbitrap Fusion Lumos;AC=MS:1002732	NT=Trypsin;AC=MS:1001251	TMT129C	19	NT=higher energy beam-type collision-induced dissociation;AC=MS:1000422	5 ppm	0.6 Da	NT=dithiothreitol (DTT);AC=PRIDE:0000608	NT=methyl methanethiosulfonate (MMTS);AC=PRIDE:0000605	NT=Methylthio;AC=UNIMOD:39;TA=C;MT=Fixed	NT=Oxidation;AC=UNIMOD:35;TA=M;MT=Variable	NT=TMTpro;AC=UNIMOD:2016;TA=K;MT=Fixed	NT=TMTpro;AC=UNIMOD:2016;PP=Any N-term;MT=Fixed	4 hour	IPC T2
set2-R16	Rattus norvegicus	heart	1	not applicable	tissue	4 hour	IPC T2	adult	not available	not available	yes	Lumos_221109_29-TMT129C	proteomic profiling by mass spectrometry	1	Lumos_221109_29.raw	v1.1.0	NT=ms-proteomics;VV=v1.1.0	NT=vertebrates;VV=v1.1.0	manual curation	NT=Data-dependent acquisition;AC=PRIDE:0000627	NT=Orbitrap Fusion Lumos;AC=MS:1002732	NT=Trypsin;AC=MS:1001251	TMT129C	20	NT=higher energy beam-type collision-induced dissociation;AC=MS:1000422	5 ppm	0.6 Da	NT=dithiothreitol (DTT);AC=PRIDE:0000608	NT=methyl methanethiosulfonate (MMTS);AC=PRIDE:0000605	NT=Methylthio;AC=UNIMOD:39;TA=C;MT=Fixed	NT=Oxidation;AC=UNIMOD:35;TA=M;MT=Variable	NT=TMTpro;AC=UNIMOD:2016;TA=K;MT=Fixed	NT=TMTpro;AC=UNIMOD:2016;PP=Any N-term;MT=Fixed	4 hour	IPC T2
set2-R16	Rattus norvegicus	heart	1	not applicable	tissue	4 hour	IPC T2	adult	not available	not available	yes	Lumos_221109_30-TMT129C	proteomic profiling by mass spectrometry	1	Lumos_221109_30.raw	v1.1.0	NT=ms-proteomics;VV=v1.1.0	NT=vertebrates;VV=v1.1.0	manual curation	NT=Data-dependent acquisition;AC=PRIDE:0000627	NT=Orbitrap Fusion Lumos;AC=MS:1002732	NT=Trypsin;AC=MS:1001251	TMT129C	21	NT=higher energy beam-type collision-induced dissociation;AC=MS:1000422	5 ppm	0.6 Da	NT=dithiothreitol (DTT);AC=PRIDE:0000608	NT=methyl methanethiosulfonate (MMTS);AC=PRIDE:0000605	NT=Methylthio;AC=UNIMOD:39;TA=C;MT=Fixed	NT=Oxidation;AC=UNIMOD:35;TA=M;MT=Variable	NT=TMTpro;AC=UNIMOD:2016;TA=K;MT=Fixed	NT=TMTpro;AC=UNIMOD:2016;PP=Any N-term;MT=Fixed	4 hour	IPC T2
set2-R16	Rattus norvegicus	heart	1	not applicable	tissue	4 hour	IPC T2	adult	not available	not available	yes	Lumos_221109_31-TMT129C	proteomic profiling by mass spectrometry	1	Lumos_221109_31.raw	v1.1.0	NT=ms-proteomics;VV=v1.1.0	NT=vertebrates;VV=v1.1.0	manual curation	NT=Data-dependent acquisition;AC=PRIDE:0000627	NT=Orbitrap Fusion Lumos;AC=MS:1002732	NT=Trypsin;AC=MS:1001251	TMT129C	22	NT=higher energy beam-type collision-induced dissociation;AC=MS:1000422	5 ppm	0.6 Da	NT=dithiothreitol (DTT);AC=PRIDE:0000608	NT=methyl methanethiosulfonate (MMTS);AC=PRIDE:0000605	NT=Methylthio;AC=UNIMOD:39;TA=C;MT=Fixed	NT=Oxidation;AC=UNIMOD:35;TA=M;MT=Variable	NT=TMTpro;AC=UNIMOD:2016;TA=K;MT=Fixed	NT=TMTpro;AC=UNIMOD:2016;PP=Any N-term;MT=Fixed	4 hour	IPC T2
set2-R18_2	Rattus norvegicus	heart	2	not applicable	tissue	4 hour	IPC T2	adult	not available	not available	yes	Lumos_221109_10-TMT130N	proteomic profiling by mass spectrometry	1	Lumos_221109_10.raw	v1.1.0	NT=ms-proteomics;VV=v1.1.0	NT=vertebrates;VV=v1.1.0	manual curation	NT=Data-dependent acquisition;AC=PRIDE:0000627	NT=Orbitrap Fusion Lumos;AC=MS:1002732	NT=Trypsin;AC=MS:1001251	TMT130N	1	NT=higher energy beam-type collision-induced dissociation;AC=MS:1000422	5 ppm	0.6 Da	NT=dithiothreitol (DTT);AC=PRIDE:0000608	NT=methyl methanethiosulfonate (MMTS);AC=PRIDE:0000605	NT=Methylthio;AC=UNIMOD:39;TA=C;MT=Fixed	NT=Oxidation;AC=UNIMOD:35;TA=M;MT=Variable	NT=TMTpro;AC=UNIMOD:2016;TA=K;MT=Fixed	NT=TMTpro;AC=UNIMOD:2016;PP=Any N-term;MT=Fixed	4 hour	IPC T2
set2-R18_2	Rattus norvegicus	heart	2	not applicable	tissue	4 hour	IPC T2	adult	not available	not available	yes	Lumos_221109_11-TMT130N	proteomic profiling by mass spectrometry	1	Lumos_221109_11.raw	v1.1.0	NT=ms-proteomics;VV=v1.1.0	NT=vertebrates;VV=v1.1.0	manual curation	NT=Data-dependent acquisition;AC=PRIDE:0000627	NT=Orbitrap Fusion Lumos;AC=MS:1002732	NT=Trypsin;AC=MS:1001251	TMT130N	2	NT=higher energy beam-type collision-induced dissociation;AC=MS:1000422	5 ppm	0.6 Da	NT=dithiothreitol (DTT);AC=PRIDE:0000608	NT=methyl methanethiosulfonate (MMTS);AC=PRIDE:0000605	NT=Methylthio;AC=UNIMOD:39;TA=C;MT=Fixed	NT=Oxidation;AC=UNIMOD:35;TA=M;MT=Variable	NT=TMTpro;AC=UNIMOD:2016;TA=K;MT=Fixed	NT=TMTpro;AC=UNIMOD:2016;PP=Any N-term;MT=Fixed	4 hour	IPC T2
set2-R18_2	Rattus norvegicus	heart	2	not applicable	tissue	4 hour	IPC T2	adult	not available	not available	yes	Lumos_221109_12-TMT130N	proteomic profiling by mass spectrometry	1	Lumos_221109_12.raw	v1.1.0	NT=ms-proteomics;VV=v1.1.0	NT=vertebrates;VV=v1.1.0	manual curation	NT=Data-dependent acquisition;AC=PRIDE:0000627	NT=Orbitrap Fusion Lumos;AC=MS:1002732	NT=Trypsin;AC=MS:1001251	TMT130N	3	NT=higher energy beam-type collision-induced dissociation;AC=MS:1000422	5 ppm	0.6 Da	NT=dithiothreitol (DTT);AC=PRIDE:0000608	NT=methyl methanethiosulfonate (MMTS);AC=PRIDE:0000605	NT=Methylthio;AC=UNIMOD:39;TA=C;MT=Fixed	NT=Oxidation;AC=UNIMOD:35;TA=M;MT=Variable	NT=TMTpro;AC=UNIMOD:2016;TA=K;MT=Fixed	NT=TMTpro;AC=UNIMOD:2016;PP=Any N-term;MT=Fixed	4 hour	IPC T2
set2-R18_2	Rattus norvegicus	heart	2	not applicable	tissue	4 hour	IPC T2	adult	not available	not available	yes	Lumos_221109_13-TMT130N	proteomic profiling by mass spectrometry	1	Lumos_221109_13.raw	v1.1.0	NT=ms-proteomics;VV=v1.1.0	NT=vertebrates;VV=v1.1.0	manual curation	NT=Data-dependent acquisition;AC=PRIDE:0000627	NT=Orbitrap Fusion Lumos;AC=MS:1002732	NT=Trypsin;AC=MS:1001251	TMT130N	4	NT=higher energy beam-type collision-induced dissociation;AC=MS:1000422	5 ppm	0.6 Da	NT=dithiothreitol (DTT);AC=PRIDE:0000608	NT=methyl methanethiosulfonate (MMTS);AC=PRIDE:0000605	NT=Methylthio;AC=UNIMOD:39;TA=C;MT=Fixed	NT=Oxidation;AC=UNIMOD:35;TA=M;MT=Variable	NT=TMTpro;AC=UNIMOD:2016;TA=K;MT=Fixed	NT=TMTpro;AC=UNIMOD:2016;PP=Any N-term;MT=Fixed	4 hour	IPC T2
set2-R18_2	Rattus norvegicus	heart	2	not applicable	tissue	4 hour	IPC T2	adult	not available	not available	yes	Lumos_221109_14-TMT130N	proteomic profiling by mass spectrometry	1	Lumos_221109_14.raw	v1.1.0	NT=ms-proteomics;VV=v1.1.0	NT=vertebrates;VV=v1.1.0	manual curation	NT=Data-dependent acquisition;AC=PRIDE:0000627	NT=Orbitrap Fusion Lumos;AC=MS:1002732	NT=Trypsin;AC=MS:1001251	TMT130N	5	NT=higher energy beam-type collision-induced dissociation;AC=MS:1000422	5 ppm	0.6 Da	NT=dithiothreitol (DTT);AC=PRIDE:0000608	NT=methyl methanethiosulfonate (MMTS);AC=PRIDE:0000605	NT=Methylthio;AC=UNIMOD:39;TA=C;MT=Fixed	NT=Oxidation;AC=UNIMOD:35;TA=M;MT=Variable	NT=TMTpro;AC=UNIMOD:2016;TA=K;MT=Fixed	NT=TMTpro;AC=UNIMOD:2016;PP=Any N-term;MT=Fixed	4 hour	IPC T2
set2-R18_2	Rattus norvegicus	heart	2	not applicable	tissue	4 hour	IPC T2	adult	not available	not available	yes	Lumos_221109_15-TMT130N	proteomic profiling by mass spectrometry	1	Lumos_221109_15.raw	v1.1.0	NT=ms-proteomics;VV=v1.1.0	NT=vertebrates;VV=v1.1.0	manual curation	NT=Data-dependent acquisition;AC=PRIDE:0000627	NT=Orbitrap Fusion Lumos;AC=MS:1002732	NT=Trypsin;AC=MS:1001251	TMT130N	6	NT=higher energy beam-type collision-induced dissociation;AC=MS:1000422	5 ppm	0.6 Da	NT=dithiothreitol (DTT);AC=PRIDE:0000608	NT=methyl methanethiosulfonate (MMTS);AC=PRIDE:0000605	NT=Methylthio;AC=UNIMOD:39;TA=C;MT=Fixed	NT=Oxidation;AC=UNIMOD:35;TA=M;MT=Variable	NT=TMTpro;AC=UNIMOD:2016;TA=K;MT=Fixed	NT=TMTpro;AC=UNIMOD:2016;PP=Any N-term;MT=Fixed	4 hour	IPC T2
set2-R18_2	Rattus norvegicus	heart	2	not applicable	tissue	4 hour	IPC T2	adult	not available	not available	yes	Lumos_221109_16-TMT130N	proteomic profiling by mass spectrometry	1	Lumos_221109_16.raw	v1.1.0	NT=ms-proteomics;VV=v1.1.0	NT=vertebrates;VV=v1.1.0	manual curation	NT=Data-dependent acquisition;AC=PRIDE:0000627	NT=Orbitrap Fusion Lumos;AC=MS:1002732	NT=Trypsin;AC=MS:1001251	TMT130N	7	NT=higher energy beam-type collision-induced dissociation;AC=MS:1000422	5 ppm	0.6 Da	NT=dithiothreitol (DTT);AC=PRIDE:0000608	NT=methyl methanethiosulfonate (MMTS);AC=PRIDE:0000605	NT=Methylthio;AC=UNIMOD:39;TA=C;MT=Fixed	NT=Oxidation;AC=UNIMOD:35;TA=M;MT=Variable	NT=TMTpro;AC=UNIMOD:2016;TA=K;MT=Fixed	NT=TMTpro;AC=UNIMOD:2016;PP=Any N-term;MT=Fixed	4 hour	IPC T2
set2-R18_2	Rattus norvegicus	heart	2	not applicable	tissue	4 hour	IPC T2	adult	not available	not available	yes	Lumos_221109_17-TMT130N	proteomic profiling by mass spectrometry	1	Lumos_221109_17.raw	v1.1.0	NT=ms-proteomics;VV=v1.1.0	NT=vertebrates;VV=v1.1.0	manual curation	NT=Data-dependent acquisition;AC=PRIDE:0000627	NT=Orbitrap Fusion Lumos;AC=MS:1002732	NT=Trypsin;AC=MS:1001251	TMT130N	8	NT=higher energy beam-type collision-induced dissociation;AC=MS:1000422	5 ppm	0.6 Da	NT=dithiothreitol (DTT);AC=PRIDE:0000608	NT=methyl methanethiosulfonate (MMTS);AC=PRIDE:0000605	NT=Methylthio;AC=UNIMOD:39;TA=C;MT=Fixed	NT=Oxidation;AC=UNIMOD:35;TA=M;MT=Variable	NT=TMTpro;AC=UNIMOD:2016;TA=K;MT=Fixed	NT=TMTpro;AC=UNIMOD:2016;PP=Any N-term;MT=Fixed	4 hour	IPC T2
set2-R18_2	Rattus norvegicus	heart	2	not applicable	tissue	4 hour	IPC T2	adult	not available	not available	yes	Lumos_221109_18-TMT130N	proteomic profiling by mass spectrometry	1	Lumos_221109_18.raw	v1.1.0	NT=ms-proteomics;VV=v1.1.0	NT=vertebrates;VV=v1.1.0	manual curation	NT=Data-dependent acquisition;AC=PRIDE:0000627	NT=Orbitrap Fusion Lumos;AC=MS:1002732	NT=Trypsin;AC=MS:1001251	TMT130N	9	NT=higher energy beam-type collision-induced dissociation;AC=MS:1000422	5 ppm	0.6 Da	NT=dithiothreitol (DTT);AC=PRIDE:0000608	NT=methyl methanethiosulfonate (MMTS);AC=PRIDE:0000605	NT=Methylthio;AC=UNIMOD:39;TA=C;MT=Fixed	NT=Oxidation;AC=UNIMOD:35;TA=M;MT=Variable	NT=TMTpro;AC=UNIMOD:2016;TA=K;MT=Fixed	NT=TMTpro;AC=UNIMOD:2016;PP=Any N-term;MT=Fixed	4 hour	IPC T2
set2-R18_2	Rattus norvegicus	heart	2	not applicable	tissue	4 hour	IPC T2	adult	not available	not available	yes	Lumos_221109_19-TMT130N	proteomic profiling by mass spectrometry	1	Lumos_221109_19.raw	v1.1.0	NT=ms-proteomics;VV=v1.1.0	NT=vertebrates;VV=v1.1.0	manual curation	NT=Data-dependent acquisition;AC=PRIDE:0000627	NT=Orbitrap Fusion Lumos;AC=MS:1002732	NT=Trypsin;AC=MS:1001251	TMT130N	10	NT=higher energy beam-type collision-induced dissociation;AC=MS:1000422	5 ppm	0.6 Da	NT=dithiothreitol (DTT);AC=PRIDE:0000608	NT=methyl methanethiosulfonate (MMTS);AC=PRIDE:0000605	NT=Methylthio;AC=UNIMOD:39;TA=C;MT=Fixed	NT=Oxidation;AC=UNIMOD:35;TA=M;MT=Variable	NT=TMTpro;AC=UNIMOD:2016;TA=K;MT=Fixed	NT=TMTpro;AC=UNIMOD:2016;PP=Any N-term;MT=Fixed	4 hour	IPC T2
set2-R18_2	Rattus norvegicus	heart	2	not applicable	tissue	4 hour	IPC T2	adult	not available	not available	yes	Lumos_221109_20-TMT130N	proteomic profiling by mass spectrometry	1	Lumos_221109_20.raw	v1.1.0	NT=ms-proteomics;VV=v1.1.0	NT=vertebrates;VV=v1.1.0	manual curation	NT=Data-dependent acquisition;AC=PRIDE:0000627	NT=Orbitrap Fusion Lumos;AC=MS:1002732	NT=Trypsin;AC=MS:1001251	TMT130N	11	NT=higher energy beam-type collision-induced dissociation;AC=MS:1000422	5 ppm	0.6 Da	NT=dithiothreitol (DTT);AC=PRIDE:0000608	NT=methyl methanethiosulfonate (MMTS);AC=PRIDE:0000605	NT=Methylthio;AC=UNIMOD:39;TA=C;MT=Fixed	NT=Oxidation;AC=UNIMOD:35;TA=M;MT=Variable	NT=TMTpro;AC=UNIMOD:2016;TA=K;MT=Fixed	NT=TMTpro;AC=UNIMOD:2016;PP=Any N-term;MT=Fixed	4 hour	IPC T2
set2-R18_2	Rattus norvegicus	heart	2	not applicable	tissue	4 hour	IPC T2	adult	not available	not available	yes	Lumos_221109_21-TMT130N	proteomic profiling by mass spectrometry	1	Lumos_221109_21.raw	v1.1.0	NT=ms-proteomics;VV=v1.1.0	NT=vertebrates;VV=v1.1.0	manual curation	NT=Data-dependent acquisition;AC=PRIDE:0000627	NT=Orbitrap Fusion Lumos;AC=MS:1002732	NT=Trypsin;AC=MS:1001251	TMT130N	12	NT=higher energy beam-type collision-induced dissociation;AC=MS:1000422	5 ppm	0.6 Da	NT=dithiothreitol (DTT);AC=PRIDE:0000608	NT=methyl methanethiosulfonate (MMTS);AC=PRIDE:0000605	NT=Methylthio;AC=UNIMOD:39;TA=C;MT=Fixed	NT=Oxidation;AC=UNIMOD:35;TA=M;MT=Variable	NT=TMTpro;AC=UNIMOD:2016;TA=K;MT=Fixed	NT=TMTpro;AC=UNIMOD:2016;PP=Any N-term;MT=Fixed	4 hour	IPC T2
set2-R18_2	Rattus norvegicus	heart	2	not applicable	tissue	4 hour	IPC T2	adult	not available	not available	yes	Lumos_221109_22-TMT130N	proteomic profiling by mass spectrometry	1	Lumos_221109_22.raw	v1.1.0	NT=ms-proteomics;VV=v1.1.0	NT=vertebrates;VV=v1.1.0	manual curation	NT=Data-dependent acquisition;AC=PRIDE:0000627	NT=Orbitrap Fusion Lumos;AC=MS:1002732	NT=Trypsin;AC=MS:1001251	TMT130N	13	NT=higher energy beam-type collision-induced dissociation;AC=MS:1000422	5 ppm	0.6 Da	NT=dithiothreitol (DTT);AC=PRIDE:0000608	NT=methyl methanethiosulfonate (MMTS);AC=PRIDE:0000605	NT=Methylthio;AC=UNIMOD:39;TA=C;MT=Fixed	NT=Oxidation;AC=UNIMOD:35;TA=M;MT=Variable	NT=TMTpro;AC=UNIMOD:2016;TA=K;MT=Fixed	NT=TMTpro;AC=UNIMOD:2016;PP=Any N-term;MT=Fixed	4 hour	IPC T2
set2-R18_2	Rattus norvegicus	heart	2	not applicable	tissue	4 hour	IPC T2	adult	not available	not available	yes	Lumos_221109_23-TMT130N	proteomic profiling by mass spectrometry	1	Lumos_221109_23.raw	v1.1.0	NT=ms-proteomics;VV=v1.1.0	NT=vertebrates;VV=v1.1.0	manual curation	NT=Data-dependent acquisition;AC=PRIDE:0000627	NT=Orbitrap Fusion Lumos;AC=MS:1002732	NT=Trypsin;AC=MS:1001251	TMT130N	14	NT=higher energy beam-type collision-induced dissociation;AC=MS:1000422	5 ppm	0.6 Da	NT=dithiothreitol (DTT);AC=PRIDE:0000608	NT=methyl methanethiosulfonate (MMTS);AC=PRIDE:0000605	NT=Methylthio;AC=UNIMOD:39;TA=C;MT=Fixed	NT=Oxidation;AC=UNIMOD:35;TA=M;MT=Variable	NT=TMTpro;AC=UNIMOD:2016;TA=K;MT=Fixed	NT=TMTpro;AC=UNIMOD:2016;PP=Any N-term;MT=Fixed	4 hour	IPC T2
set2-R18_2	Rattus norvegicus	heart	2	not applicable	tissue	4 hour	IPC T2	adult	not available	not available	yes	Lumos_221109_24-TMT130N	proteomic profiling by mass spectrometry	1	Lumos_221109_24.raw	v1.1.0	NT=ms-proteomics;VV=v1.1.0	NT=vertebrates;VV=v1.1.0	manual curation	NT=Data-dependent acquisition;AC=PRIDE:0000627	NT=Orbitrap Fusion Lumos;AC=MS:1002732	NT=Trypsin;AC=MS:1001251	TMT130N	15	NT=higher energy beam-type collision-induced dissociation;AC=MS:1000422	5 ppm	0.6 Da	NT=dithiothreitol (DTT);AC=PRIDE:0000608	NT=methyl methanethiosulfonate (MMTS);AC=PRIDE:0000605	NT=Methylthio;AC=UNIMOD:39;TA=C;MT=Fixed	NT=Oxidation;AC=UNIMOD:35;TA=M;MT=Variable	NT=TMTpro;AC=UNIMOD:2016;TA=K;MT=Fixed	NT=TMTpro;AC=UNIMOD:2016;PP=Any N-term;MT=Fixed	4 hour	IPC T2
set2-R18_2	Rattus norvegicus	heart	2	not applicable	tissue	4 hour	IPC T2	adult	not available	not available	yes	Lumos_221109_25-TMT130N	proteomic profiling by mass spectrometry	1	Lumos_221109_25.raw	v1.1.0	NT=ms-proteomics;VV=v1.1.0	NT=vertebrates;VV=v1.1.0	manual curation	NT=Data-dependent acquisition;AC=PRIDE:0000627	NT=Orbitrap Fusion Lumos;AC=MS:1002732	NT=Trypsin;AC=MS:1001251	TMT130N	16	NT=higher energy beam-type collision-induced dissociation;AC=MS:1000422	5 ppm	0.6 Da	NT=dithiothreitol (DTT);AC=PRIDE:0000608	NT=methyl methanethiosulfonate (MMTS);AC=PRIDE:0000605	NT=Methylthio;AC=UNIMOD:39;TA=C;MT=Fixed	NT=Oxidation;AC=UNIMOD:35;TA=M;MT=Variable	NT=TMTpro;AC=UNIMOD:2016;TA=K;MT=Fixed	NT=TMTpro;AC=UNIMOD:2016;PP=Any N-term;MT=Fixed	4 hour	IPC T2
set2-R18_2	Rattus norvegicus	heart	2	not applicable	tissue	4 hour	IPC T2	adult	not available	not available	yes	Lumos_221109_26-TMT130N	proteomic profiling by mass spectrometry	1	Lumos_221109_26.raw	v1.1.0	NT=ms-proteomics;VV=v1.1.0	NT=vertebrates;VV=v1.1.0	manual curation	NT=Data-dependent acquisition;AC=PRIDE:0000627	NT=Orbitrap Fusion Lumos;AC=MS:1002732	NT=Trypsin;AC=MS:1001251	TMT130N	17	NT=higher energy beam-type collision-induced dissociation;AC=MS:1000422	5 ppm	0.6 Da	NT=dithiothreitol (DTT);AC=PRIDE:0000608	NT=methyl methanethiosulfonate (MMTS);AC=PRIDE:0000605	NT=Methylthio;AC=UNIMOD:39;TA=C;MT=Fixed	NT=Oxidation;AC=UNIMOD:35;TA=M;MT=Variable	NT=TMTpro;AC=UNIMOD:2016;TA=K;MT=Fixed	NT=TMTpro;AC=UNIMOD:2016;PP=Any N-term;MT=Fixed	4 hour	IPC T2
set2-R18_2	Rattus norvegicus	heart	2	not applicable	tissue	4 hour	IPC T2	adult	not available	not available	yes	Lumos_221109_27-TMT130N	proteomic profiling by mass spectrometry	1	Lumos_221109_27.raw	v1.1.0	NT=ms-proteomics;VV=v1.1.0	NT=vertebrates;VV=v1.1.0	manual curation	NT=Data-dependent acquisition;AC=PRIDE:0000627	NT=Orbitrap Fusion Lumos;AC=MS:1002732	NT=Trypsin;AC=MS:1001251	TMT130N	18	NT=higher energy beam-type collision-induced dissociation;AC=MS:1000422	5 ppm	0.6 Da	NT=dithiothreitol (DTT);AC=PRIDE:0000608	NT=methyl methanethiosulfonate (MMTS);AC=PRIDE:0000605	NT=Methylthio;AC=UNIMOD:39;TA=C;MT=Fixed	NT=Oxidation;AC=UNIMOD:35;TA=M;MT=Variable	NT=TMTpro;AC=UNIMOD:2016;TA=K;MT=Fixed	NT=TMTpro;AC=UNIMOD:2016;PP=Any N-term;MT=Fixed	4 hour	IPC T2
set2-R18_2	Rattus norvegicus	heart	2	not applicable	tissue	4 hour	IPC T2	adult	not available	not available	yes	Lumos_221109_28-TMT130N	proteomic profiling by mass spectrometry	1	Lumos_221109_28.raw	v1.1.0	NT=ms-proteomics;VV=v1.1.0	NT=vertebrates;VV=v1.1.0	manual curation	NT=Data-dependent acquisition;AC=PRIDE:0000627	NT=Orbitrap Fusion Lumos;AC=MS:1002732	NT=Trypsin;AC=MS:1001251	TMT130N	19	NT=higher energy beam-type collision-induced dissociation;AC=MS:1000422	5 ppm	0.6 Da	NT=dithiothreitol (DTT);AC=PRIDE:0000608	NT=methyl methanethiosulfonate (MMTS);AC=PRIDE:0000605	NT=Methylthio;AC=UNIMOD:39;TA=C;MT=Fixed	NT=Oxidation;AC=UNIMOD:35;TA=M;MT=Variable	NT=TMTpro;AC=UNIMOD:2016;TA=K;MT=Fixed	NT=TMTpro;AC=UNIMOD:2016;PP=Any N-term;MT=Fixed	4 hour	IPC T2
set2-R18_2	Rattus norvegicus	heart	2	not applicable	tissue	4 hour	IPC T2	adult	not available	not available	yes	Lumos_221109_29-TMT130N	proteomic profiling by mass spectrometry	1	Lumos_221109_29.raw	v1.1.0	NT=ms-proteomics;VV=v1.1.0	NT=vertebrates;VV=v1.1.0	manual curation	NT=Data-dependent acquisition;AC=PRIDE:0000627	NT=Orbitrap Fusion Lumos;AC=MS:1002732	NT=Trypsin;AC=MS:1001251	TMT130N	20	NT=higher energy beam-type collision-induced dissociation;AC=MS:1000422	5 ppm	0.6 Da	NT=dithiothreitol (DTT);AC=PRIDE:0000608	NT=methyl methanethiosulfonate (MMTS);AC=PRIDE:0000605	NT=Methylthio;AC=UNIMOD:39;TA=C;MT=Fixed	NT=Oxidation;AC=UNIMOD:35;TA=M;MT=Variable	NT=TMTpro;AC=UNIMOD:2016;TA=K;MT=Fixed	NT=TMTpro;AC=UNIMOD:2016;PP=Any N-term;MT=Fixed	4 hour	IPC T2
set2-R18_2	Rattus norvegicus	heart	2	not applicable	tissue	4 hour	IPC T2	adult	not available	not available	yes	Lumos_221109_30-TMT130N	proteomic profiling by mass spectrometry	1	Lumos_221109_30.raw	v1.1.0	NT=ms-proteomics;VV=v1.1.0	NT=vertebrates;VV=v1.1.0	manual curation	NT=Data-dependent acquisition;AC=PRIDE:0000627	NT=Orbitrap Fusion Lumos;AC=MS:1002732	NT=Trypsin;AC=MS:1001251	TMT130N	21	NT=higher energy beam-type collision-induced dissociation;AC=MS:1000422	5 ppm	0.6 Da	NT=dithiothreitol (DTT);AC=PRIDE:0000608	NT=methyl methanethiosulfonate (MMTS);AC=PRIDE:0000605	NT=Methylthio;AC=UNIMOD:39;TA=C;MT=Fixed	NT=Oxidation;AC=UNIMOD:35;TA=M;MT=Variable	NT=TMTpro;AC=UNIMOD:2016;TA=K;MT=Fixed	NT=TMTpro;AC=UNIMOD:2016;PP=Any N-term;MT=Fixed	4 hour	IPC T2
set2-R18_2	Rattus norvegicus	heart	2	not applicable	tissue	4 hour	IPC T2	adult	not available	not available	yes	Lumos_221109_31-TMT130N	proteomic profiling by mass spectrometry	1	Lumos_221109_31.raw	v1.1.0	NT=ms-proteomics;VV=v1.1.0	NT=vertebrates;VV=v1.1.0	manual curation	NT=Data-dependent acquisition;AC=PRIDE:0000627	NT=Orbitrap Fusion Lumos;AC=MS:1002732	NT=Trypsin;AC=MS:1001251	TMT130N	22	NT=higher energy beam-type collision-induced dissociation;AC=MS:1000422	5 ppm	0.6 Da	NT=dithiothreitol (DTT);AC=PRIDE:0000608	NT=methyl methanethiosulfonate (MMTS);AC=PRIDE:0000605	NT=Methylthio;AC=UNIMOD:39;TA=C;MT=Fixed	NT=Oxidation;AC=UNIMOD:35;TA=M;MT=Variable	NT=TMTpro;AC=UNIMOD:2016;TA=K;MT=Fixed	NT=TMTpro;AC=UNIMOD:2016;PP=Any N-term;MT=Fixed	4 hour	IPC T2
set2-R01	Rattus norvegicus	heart	3	not applicable	tissue	4 hour	IPC T2	adult	not available	not available	yes	Lumos_221109_10-TMT130C	proteomic profiling by mass spectrometry	1	Lumos_221109_10.raw	v1.1.0	NT=ms-proteomics;VV=v1.1.0	NT=vertebrates;VV=v1.1.0	manual curation	NT=Data-dependent acquisition;AC=PRIDE:0000627	NT=Orbitrap Fusion Lumos;AC=MS:1002732	NT=Trypsin;AC=MS:1001251	TMT130C	1	NT=higher energy beam-type collision-induced dissociation;AC=MS:1000422	5 ppm	0.6 Da	NT=dithiothreitol (DTT);AC=PRIDE:0000608	NT=methyl methanethiosulfonate (MMTS);AC=PRIDE:0000605	NT=Methylthio;AC=UNIMOD:39;TA=C;MT=Fixed	NT=Oxidation;AC=UNIMOD:35;TA=M;MT=Variable	NT=TMTpro;AC=UNIMOD:2016;TA=K;MT=Fixed	NT=TMTpro;AC=UNIMOD:2016;PP=Any N-term;MT=Fixed	4 hour	IPC T2
set2-R01	Rattus norvegicus	heart	3	not applicable	tissue	4 hour	IPC T2	adult	not available	not available	yes	Lumos_221109_11-TMT130C	proteomic profiling by mass spectrometry	1	Lumos_221109_11.raw	v1.1.0	NT=ms-proteomics;VV=v1.1.0	NT=vertebrates;VV=v1.1.0	manual curation	NT=Data-dependent acquisition;AC=PRIDE:0000627	NT=Orbitrap Fusion Lumos;AC=MS:1002732	NT=Trypsin;AC=MS:1001251	TMT130C	2	NT=higher energy beam-type collision-induced dissociation;AC=MS:1000422	5 ppm	0.6 Da	NT=dithiothreitol (DTT);AC=PRIDE:0000608	NT=methyl methanethiosulfonate (MMTS);AC=PRIDE:0000605	NT=Methylthio;AC=UNIMOD:39;TA=C;MT=Fixed	NT=Oxidation;AC=UNIMOD:35;TA=M;MT=Variable	NT=TMTpro;AC=UNIMOD:2016;TA=K;MT=Fixed	NT=TMTpro;AC=UNIMOD:2016;PP=Any N-term;MT=Fixed	4 hour	IPC T2
set2-R01	Rattus norvegicus	heart	3	not applicable	tissue	4 hour	IPC T2	adult	not available	not available	yes	Lumos_221109_12-TMT130C	proteomic profiling by mass spectrometry	1	Lumos_221109_12.raw	v1.1.0	NT=ms-proteomics;VV=v1.1.0	NT=vertebrates;VV=v1.1.0	manual curation	NT=Data-dependent acquisition;AC=PRIDE:0000627	NT=Orbitrap Fusion Lumos;AC=MS:1002732	NT=Trypsin;AC=MS:1001251	TMT130C	3	NT=higher energy beam-type collision-induced dissociation;AC=MS:1000422	5 ppm	0.6 Da	NT=dithiothreitol (DTT);AC=PRIDE:0000608	NT=methyl methanethiosulfonate (MMTS);AC=PRIDE:0000605	NT=Methylthio;AC=UNIMOD:39;TA=C;MT=Fixed	NT=Oxidation;AC=UNIMOD:35;TA=M;MT=Variable	NT=TMTpro;AC=UNIMOD:2016;TA=K;MT=Fixed	NT=TMTpro;AC=UNIMOD:2016;PP=Any N-term;MT=Fixed	4 hour	IPC T2
set2-R01	Rattus norvegicus	heart	3	not applicable	tissue	4 hour	IPC T2	adult	not available	not available	yes	Lumos_221109_13-TMT130C	proteomic profiling by mass spectrometry	1	Lumos_221109_13.raw	v1.1.0	NT=ms-proteomics;VV=v1.1.0	NT=vertebrates;VV=v1.1.0	manual curation	NT=Data-dependent acquisition;AC=PRIDE:0000627	NT=Orbitrap Fusion Lumos;AC=MS:1002732	NT=Trypsin;AC=MS:1001251	TMT130C	4	NT=higher energy beam-type collision-induced dissociation;AC=MS:1000422	5 ppm	0.6 Da	NT=dithiothreitol (DTT);AC=PRIDE:0000608	NT=methyl methanethiosulfonate (MMTS);AC=PRIDE:0000605	NT=Methylthio;AC=UNIMOD:39;TA=C;MT=Fixed	NT=Oxidation;AC=UNIMOD:35;TA=M;MT=Variable	NT=TMTpro;AC=UNIMOD:2016;TA=K;MT=Fixed	NT=TMTpro;AC=UNIMOD:2016;PP=Any N-term;MT=Fixed	4 hour	IPC T2
set2-R01	Rattus norvegicus	heart	3	not applicable	tissue	4 hour	IPC T2	adult	not available	not available	yes	Lumos_221109_14-TMT130C	proteomic profiling by mass spectrometry	1	Lumos_221109_14.raw	v1.1.0	NT=ms-proteomics;VV=v1.1.0	NT=vertebrates;VV=v1.1.0	manual curation	NT=Data-dependent acquisition;AC=PRIDE:0000627	NT=Orbitrap Fusion Lumos;AC=MS:1002732	NT=Trypsin;AC=MS:1001251	TMT130C	5	NT=higher energy beam-type collision-induced dissociation;AC=MS:1000422	5 ppm	0.6 Da	NT=dithiothreitol (DTT);AC=PRIDE:0000608	NT=methyl methanethiosulfonate (MMTS);AC=PRIDE:0000605	NT=Methylthio;AC=UNIMOD:39;TA=C;MT=Fixed	NT=Oxidation;AC=UNIMOD:35;TA=M;MT=Variable	NT=TMTpro;AC=UNIMOD:2016;TA=K;MT=Fixed	NT=TMTpro;AC=UNIMOD:2016;PP=Any N-term;MT=Fixed	4 hour	IPC T2
set2-R01	Rattus norvegicus	heart	3	not applicable	tissue	4 hour	IPC T2	adult	not available	not available	yes	Lumos_221109_15-TMT130C	proteomic profiling by mass spectrometry	1	Lumos_221109_15.raw	v1.1.0	NT=ms-proteomics;VV=v1.1.0	NT=vertebrates;VV=v1.1.0	manual curation	NT=Data-dependent acquisition;AC=PRIDE:0000627	NT=Orbitrap Fusion Lumos;AC=MS:1002732	NT=Trypsin;AC=MS:1001251	TMT130C	6	NT=higher energy beam-type collision-induced dissociation;AC=MS:1000422	5 ppm	0.6 Da	NT=dithiothreitol (DTT);AC=PRIDE:0000608	NT=methyl methanethiosulfonate (MMTS);AC=PRIDE:0000605	NT=Methylthio;AC=UNIMOD:39;TA=C;MT=Fixed	NT=Oxidation;AC=UNIMOD:35;TA=M;MT=Variable	NT=TMTpro;AC=UNIMOD:2016;TA=K;MT=Fixed	NT=TMTpro;AC=UNIMOD:2016;PP=Any N-term;MT=Fixed	4 hour	IPC T2
set2-R01	Rattus norvegicus	heart	3	not applicable	tissue	4 hour	IPC T2	adult	not available	not available	yes	Lumos_221109_16-TMT130C	proteomic profiling by mass spectrometry	1	Lumos_221109_16.raw	v1.1.0	NT=ms-proteomics;VV=v1.1.0	NT=vertebrates;VV=v1.1.0	manual curation	NT=Data-dependent acquisition;AC=PRIDE:0000627	NT=Orbitrap Fusion Lumos;AC=MS:1002732	NT=Trypsin;AC=MS:1001251	TMT130C	7	NT=higher energy beam-type collision-induced dissociation;AC=MS:1000422	5 ppm	0.6 Da	NT=dithiothreitol (DTT);AC=PRIDE:0000608	NT=methyl methanethiosulfonate (MMTS);AC=PRIDE:0000605	NT=Methylthio;AC=UNIMOD:39;TA=C;MT=Fixed	NT=Oxidation;AC=UNIMOD:35;TA=M;MT=Variable	NT=TMTpro;AC=UNIMOD:2016;TA=K;MT=Fixed	NT=TMTpro;AC=UNIMOD:2016;PP=Any N-term;MT=Fixed	4 hour	IPC T2
set2-R01	Rattus norvegicus	heart	3	not applicable	tissue	4 hour	IPC T2	adult	not available	not available	yes	Lumos_221109_17-TMT130C	proteomic profiling by mass spectrometry	1	Lumos_221109_17.raw	v1.1.0	NT=ms-proteomics;VV=v1.1.0	NT=vertebrates;VV=v1.1.0	manual curation	NT=Data-dependent acquisition;AC=PRIDE:0000627	NT=Orbitrap Fusion Lumos;AC=MS:1002732	NT=Trypsin;AC=MS:1001251	TMT130C	8	NT=higher energy beam-type collision-induced dissociation;AC=MS:1000422	5 ppm	0.6 Da	NT=dithiothreitol (DTT);AC=PRIDE:0000608	NT=methyl methanethiosulfonate (MMTS);AC=PRIDE:0000605	NT=Methylthio;AC=UNIMOD:39;TA=C;MT=Fixed	NT=Oxidation;AC=UNIMOD:35;TA=M;MT=Variable	NT=TMTpro;AC=UNIMOD:2016;TA=K;MT=Fixed	NT=TMTpro;AC=UNIMOD:2016;PP=Any N-term;MT=Fixed	4 hour	IPC T2
set2-R01	Rattus norvegicus	heart	3	not applicable	tissue	4 hour	IPC T2	adult	not available	not available	yes	Lumos_221109_18-TMT130C	proteomic profiling by mass spectrometry	1	Lumos_221109_18.raw	v1.1.0	NT=ms-proteomics;VV=v1.1.0	NT=vertebrates;VV=v1.1.0	manual curation	NT=Data-dependent acquisition;AC=PRIDE:0000627	NT=Orbitrap Fusion Lumos;AC=MS:1002732	NT=Trypsin;AC=MS:1001251	TMT130C	9	NT=higher energy beam-type collision-induced dissociation;AC=MS:1000422	5 ppm	0.6 Da	NT=dithiothreitol (DTT);AC=PRIDE:0000608	NT=methyl methanethiosulfonate (MMTS);AC=PRIDE:0000605	NT=Methylthio;AC=UNIMOD:39;TA=C;MT=Fixed	NT=Oxidation;AC=UNIMOD:35;TA=M;MT=Variable	NT=TMTpro;AC=UNIMOD:2016;TA=K;MT=Fixed	NT=TMTpro;AC=UNIMOD:2016;PP=Any N-term;MT=Fixed	4 hour	IPC T2
set2-R01	Rattus norvegicus	heart	3	not applicable	tissue	4 hour	IPC T2	adult	not available	not available	yes	Lumos_221109_19-TMT130C	proteomic profiling by mass spectrometry	1	Lumos_221109_19.raw	v1.1.0	NT=ms-proteomics;VV=v1.1.0	NT=vertebrates;VV=v1.1.0	manual curation	NT=Data-dependent acquisition;AC=PRIDE:0000627	NT=Orbitrap Fusion Lumos;AC=MS:1002732	NT=Trypsin;AC=MS:1001251	TMT130C	10	NT=higher energy beam-type collision-induced dissociation;AC=MS:1000422	5 ppm	0.6 Da	NT=dithiothreitol (DTT);AC=PRIDE:0000608	NT=methyl methanethiosulfonate (MMTS);AC=PRIDE:0000605	NT=Methylthio;AC=UNIMOD:39;TA=C;MT=Fixed	NT=Oxidation;AC=UNIMOD:35;TA=M;MT=Variable	NT=TMTpro;AC=UNIMOD:2016;TA=K;MT=Fixed	NT=TMTpro;AC=UNIMOD:2016;PP=Any N-term;MT=Fixed	4 hour	IPC T2
set2-R01	Rattus norvegicus	heart	3	not applicable	tissue	4 hour	IPC T2	adult	not available	not available	yes	Lumos_221109_20-TMT130C	proteomic profiling by mass spectrometry	1	Lumos_221109_20.raw	v1.1.0	NT=ms-proteomics;VV=v1.1.0	NT=vertebrates;VV=v1.1.0	manual curation	NT=Data-dependent acquisition;AC=PRIDE:0000627	NT=Orbitrap Fusion Lumos;AC=MS:1002732	NT=Trypsin;AC=MS:1001251	TMT130C	11	NT=higher energy beam-type collision-induced dissociation;AC=MS:1000422	5 ppm	0.6 Da	NT=dithiothreitol (DTT);AC=PRIDE:0000608	NT=methyl methanethiosulfonate (MMTS);AC=PRIDE:0000605	NT=Methylthio;AC=UNIMOD:39;TA=C;MT=Fixed	NT=Oxidation;AC=UNIMOD:35;TA=M;MT=Variable	NT=TMTpro;AC=UNIMOD:2016;TA=K;MT=Fixed	NT=TMTpro;AC=UNIMOD:2016;PP=Any N-term;MT=Fixed	4 hour	IPC T2
set2-R01	Rattus norvegicus	heart	3	not applicable	tissue	4 hour	IPC T2	adult	not available	not available	yes	Lumos_221109_21-TMT130C	proteomic profiling by mass spectrometry	1	Lumos_221109_21.raw	v1.1.0	NT=ms-proteomics;VV=v1.1.0	NT=vertebrates;VV=v1.1.0	manual curation	NT=Data-dependent acquisition;AC=PRIDE:0000627	NT=Orbitrap Fusion Lumos;AC=MS:1002732	NT=Trypsin;AC=MS:1001251	TMT130C	12	NT=higher energy beam-type collision-induced dissociation;AC=MS:1000422	5 ppm	0.6 Da	NT=dithiothreitol (DTT);AC=PRIDE:0000608	NT=methyl methanethiosulfonate (MMTS);AC=PRIDE:0000605	NT=Methylthio;AC=UNIMOD:39;TA=C;MT=Fixed	NT=Oxidation;AC=UNIMOD:35;TA=M;MT=Variable	NT=TMTpro;AC=UNIMOD:2016;TA=K;MT=Fixed	NT=TMTpro;AC=UNIMOD:2016;PP=Any N-term;MT=Fixed	4 hour	IPC T2
set2-R01	Rattus norvegicus	heart	3	not applicable	tissue	4 hour	IPC T2	adult	not available	not available	yes	Lumos_221109_22-TMT130C	proteomic profiling by mass spectrometry	1	Lumos_221109_22.raw	v1.1.0	NT=ms-proteomics;VV=v1.1.0	NT=vertebrates;VV=v1.1.0	manual curation	NT=Data-dependent acquisition;AC=PRIDE:0000627	NT=Orbitrap Fusion Lumos;AC=MS:1002732	NT=Trypsin;AC=MS:1001251	TMT130C	13	NT=higher energy beam-type collision-induced dissociation;AC=MS:1000422	5 ppm	0.6 Da	NT=dithiothreitol (DTT);AC=PRIDE:0000608	NT=methyl methanethiosulfonate (MMTS);AC=PRIDE:0000605	NT=Methylthio;AC=UNIMOD:39;TA=C;MT=Fixed	NT=Oxidation;AC=UNIMOD:35;TA=M;MT=Variable	NT=TMTpro;AC=UNIMOD:2016;TA=K;MT=Fixed	NT=TMTpro;AC=UNIMOD:2016;PP=Any N-term;MT=Fixed	4 hour	IPC T2
set2-R01	Rattus norvegicus	heart	3	not applicable	tissue	4 hour	IPC T2	adult	not available	not available	yes	Lumos_221109_23-TMT130C	proteomic profiling by mass spectrometry	1	Lumos_221109_23.raw	v1.1.0	NT=ms-proteomics;VV=v1.1.0	NT=vertebrates;VV=v1.1.0	manual curation	NT=Data-dependent acquisition;AC=PRIDE:0000627	NT=Orbitrap Fusion Lumos;AC=MS:1002732	NT=Trypsin;AC=MS:1001251	TMT130C	14	NT=higher energy beam-type collision-induced dissociation;AC=MS:1000422	5 ppm	0.6 Da	NT=dithiothreitol (DTT);AC=PRIDE:0000608	NT=methyl methanethiosulfonate (MMTS);AC=PRIDE:0000605	NT=Methylthio;AC=UNIMOD:39;TA=C;MT=Fixed	NT=Oxidation;AC=UNIMOD:35;TA=M;MT=Variable	NT=TMTpro;AC=UNIMOD:2016;TA=K;MT=Fixed	NT=TMTpro;AC=UNIMOD:2016;PP=Any N-term;MT=Fixed	4 hour	IPC T2
set2-R01	Rattus norvegicus	heart	3	not applicable	tissue	4 hour	IPC T2	adult	not available	not available	yes	Lumos_221109_24-TMT130C	proteomic profiling by mass spectrometry	1	Lumos_221109_24.raw	v1.1.0	NT=ms-proteomics;VV=v1.1.0	NT=vertebrates;VV=v1.1.0	manual curation	NT=Data-dependent acquisition;AC=PRIDE:0000627	NT=Orbitrap Fusion Lumos;AC=MS:1002732	NT=Trypsin;AC=MS:1001251	TMT130C	15	NT=higher energy beam-type collision-induced dissociation;AC=MS:1000422	5 ppm	0.6 Da	NT=dithiothreitol (DTT);AC=PRIDE:0000608	NT=methyl methanethiosulfonate (MMTS);AC=PRIDE:0000605	NT=Methylthio;AC=UNIMOD:39;TA=C;MT=Fixed	NT=Oxidation;AC=UNIMOD:35;TA=M;MT=Variable	NT=TMTpro;AC=UNIMOD:2016;TA=K;MT=Fixed	NT=TMTpro;AC=UNIMOD:2016;PP=Any N-term;MT=Fixed	4 hour	IPC T2
set2-R01	Rattus norvegicus	heart	3	not applicable	tissue	4 hour	IPC T2	adult	not available	not available	yes	Lumos_221109_25-TMT130C	proteomic profiling by mass spectrometry	1	Lumos_221109_25.raw	v1.1.0	NT=ms-proteomics;VV=v1.1.0	NT=vertebrates;VV=v1.1.0	manual curation	NT=Data-dependent acquisition;AC=PRIDE:0000627	NT=Orbitrap Fusion Lumos;AC=MS:1002732	NT=Trypsin;AC=MS:1001251	TMT130C	16	NT=higher energy beam-type collision-induced dissociation;AC=MS:1000422	5 ppm	0.6 Da	NT=dithiothreitol (DTT);AC=PRIDE:0000608	NT=methyl methanethiosulfonate (MMTS);AC=PRIDE:0000605	NT=Methylthio;AC=UNIMOD:39;TA=C;MT=Fixed	NT=Oxidation;AC=UNIMOD:35;TA=M;MT=Variable	NT=TMTpro;AC=UNIMOD:2016;TA=K;MT=Fixed	NT=TMTpro;AC=UNIMOD:2016;PP=Any N-term;MT=Fixed	4 hour	IPC T2
set2-R01	Rattus norvegicus	heart	3	not applicable	tissue	4 hour	IPC T2	adult	not available	not available	yes	Lumos_221109_26-TMT130C	proteomic profiling by mass spectrometry	1	Lumos_221109_26.raw	v1.1.0	NT=ms-proteomics;VV=v1.1.0	NT=vertebrates;VV=v1.1.0	manual curation	NT=Data-dependent acquisition;AC=PRIDE:0000627	NT=Orbitrap Fusion Lumos;AC=MS:1002732	NT=Trypsin;AC=MS:1001251	TMT130C	17	NT=higher energy beam-type collision-induced dissociation;AC=MS:1000422	5 ppm	0.6 Da	NT=dithiothreitol (DTT);AC=PRIDE:0000608	NT=methyl methanethiosulfonate (MMTS);AC=PRIDE:0000605	NT=Methylthio;AC=UNIMOD:39;TA=C;MT=Fixed	NT=Oxidation;AC=UNIMOD:35;TA=M;MT=Variable	NT=TMTpro;AC=UNIMOD:2016;TA=K;MT=Fixed	NT=TMTpro;AC=UNIMOD:2016;PP=Any N-term;MT=Fixed	4 hour	IPC T2
set2-R01	Rattus norvegicus	heart	3	not applicable	tissue	4 hour	IPC T2	adult	not available	not available	yes	Lumos_221109_27-TMT130C	proteomic profiling by mass spectrometry	1	Lumos_221109_27.raw	v1.1.0	NT=ms-proteomics;VV=v1.1.0	NT=vertebrates;VV=v1.1.0	manual curation	NT=Data-dependent acquisition;AC=PRIDE:0000627	NT=Orbitrap Fusion Lumos;AC=MS:1002732	NT=Trypsin;AC=MS:1001251	TMT130C	18	NT=higher energy beam-type collision-induced dissociation;AC=MS:1000422	5 ppm	0.6 Da	NT=dithiothreitol (DTT);AC=PRIDE:0000608	NT=methyl methanethiosulfonate (MMTS);AC=PRIDE:0000605	NT=Methylthio;AC=UNIMOD:39;TA=C;MT=Fixed	NT=Oxidation;AC=UNIMOD:35;TA=M;MT=Variable	NT=TMTpro;AC=UNIMOD:2016;TA=K;MT=Fixed	NT=TMTpro;AC=UNIMOD:2016;PP=Any N-term;MT=Fixed	4 hour	IPC T2
set2-R01	Rattus norvegicus	heart	3	not applicable	tissue	4 hour	IPC T2	adult	not available	not available	yes	Lumos_221109_28-TMT130C	proteomic profiling by mass spectrometry	1	Lumos_221109_28.raw	v1.1.0	NT=ms-proteomics;VV=v1.1.0	NT=vertebrates;VV=v1.1.0	manual curation	NT=Data-dependent acquisition;AC=PRIDE:0000627	NT=Orbitrap Fusion Lumos;AC=MS:1002732	NT=Trypsin;AC=MS:1001251	TMT130C	19	NT=higher energy beam-type collision-induced dissociation;AC=MS:1000422	5 ppm	0.6 Da	NT=dithiothreitol (DTT);AC=PRIDE:0000608	NT=methyl methanethiosulfonate (MMTS);AC=PRIDE:0000605	NT=Methylthio;AC=UNIMOD:39;TA=C;MT=Fixed	NT=Oxidation;AC=UNIMOD:35;TA=M;MT=Variable	NT=TMTpro;AC=UNIMOD:2016;TA=K;MT=Fixed	NT=TMTpro;AC=UNIMOD:2016;PP=Any N-term;MT=Fixed	4 hour	IPC T2
set2-R01	Rattus norvegicus	heart	3	not applicable	tissue	4 hour	IPC T2	adult	not available	not available	yes	Lumos_221109_29-TMT130C	proteomic profiling by mass spectrometry	1	Lumos_221109_29.raw	v1.1.0	NT=ms-proteomics;VV=v1.1.0	NT=vertebrates;VV=v1.1.0	manual curation	NT=Data-dependent acquisition;AC=PRIDE:0000627	NT=Orbitrap Fusion Lumos;AC=MS:1002732	NT=Trypsin;AC=MS:1001251	TMT130C	20	NT=higher energy beam-type collision-induced dissociation;AC=MS:1000422	5 ppm	0.6 Da	NT=dithiothreitol (DTT);AC=PRIDE:0000608	NT=methyl methanethiosulfonate (MMTS);AC=PRIDE:0000605	NT=Methylthio;AC=UNIMOD:39;TA=C;MT=Fixed	NT=Oxidation;AC=UNIMOD:35;TA=M;MT=Variable	NT=TMTpro;AC=UNIMOD:2016;TA=K;MT=Fixed	NT=TMTpro;AC=UNIMOD:2016;PP=Any N-term;MT=Fixed	4 hour	IPC T2
set2-R01	Rattus norvegicus	heart	3	not applicable	tissue	4 hour	IPC T2	adult	not available	not available	yes	Lumos_221109_30-TMT130C	proteomic profiling by mass spectrometry	1	Lumos_221109_30.raw	v1.1.0	NT=ms-proteomics;VV=v1.1.0	NT=vertebrates;VV=v1.1.0	manual curation	NT=Data-dependent acquisition;AC=PRIDE:0000627	NT=Orbitrap Fusion Lumos;AC=MS:1002732	NT=Trypsin;AC=MS:1001251	TMT130C	21	NT=higher energy beam-type collision-induced dissociation;AC=MS:1000422	5 ppm	0.6 Da	NT=dithiothreitol (DTT);AC=PRIDE:0000608	NT=methyl methanethiosulfonate (MMTS);AC=PRIDE:0000605	NT=Methylthio;AC=UNIMOD:39;TA=C;MT=Fixed	NT=Oxidation;AC=UNIMOD:35;TA=M;MT=Variable	NT=TMTpro;AC=UNIMOD:2016;TA=K;MT=Fixed	NT=TMTpro;AC=UNIMOD:2016;PP=Any N-term;MT=Fixed	4 hour	IPC T2
set2-R01	Rattus norvegicus	heart	3	not applicable	tissue	4 hour	IPC T2	adult	not available	not available	yes	Lumos_221109_31-TMT130C	proteomic profiling by mass spectrometry	1	Lumos_221109_31.raw	v1.1.0	NT=ms-proteomics;VV=v1.1.0	NT=vertebrates;VV=v1.1.0	manual curation	NT=Data-dependent acquisition;AC=PRIDE:0000627	NT=Orbitrap Fusion Lumos;AC=MS:1002732	NT=Trypsin;AC=MS:1001251	TMT130C	22	NT=higher energy beam-type collision-induced dissociation;AC=MS:1000422	5 ppm	0.6 Da	NT=dithiothreitol (DTT);AC=PRIDE:0000608	NT=methyl methanethiosulfonate (MMTS);AC=PRIDE:0000605	NT=Methylthio;AC=UNIMOD:39;TA=C;MT=Fixed	NT=Oxidation;AC=UNIMOD:35;TA=M;MT=Variable	NT=TMTpro;AC=UNIMOD:2016;TA=K;MT=Fixed	NT=TMTpro;AC=UNIMOD:2016;PP=Any N-term;MT=Fixed	4 hour	IPC T2
set2-R20_2	Rattus norvegicus	heart	4	not applicable	tissue	4 hour	IPC T2	adult	not available	not available	yes	Lumos_221109_10-TMT131N	proteomic profiling by mass spectrometry	1	Lumos_221109_10.raw	v1.1.0	NT=ms-proteomics;VV=v1.1.0	NT=vertebrates;VV=v1.1.0	manual curation	NT=Data-dependent acquisition;AC=PRIDE:0000627	NT=Orbitrap Fusion Lumos;AC=MS:1002732	NT=Trypsin;AC=MS:1001251	TMT131N	1	NT=higher energy beam-type collision-induced dissociation;AC=MS:1000422	5 ppm	0.6 Da	NT=dithiothreitol (DTT);AC=PRIDE:0000608	NT=methyl methanethiosulfonate (MMTS);AC=PRIDE:0000605	NT=Methylthio;AC=UNIMOD:39;TA=C;MT=Fixed	NT=Oxidation;AC=UNIMOD:35;TA=M;MT=Variable	NT=TMTpro;AC=UNIMOD:2016;TA=K;MT=Fixed	NT=TMTpro;AC=UNIMOD:2016;PP=Any N-term;MT=Fixed	4 hour	IPC T2
set2-R20_2	Rattus norvegicus	heart	4	not applicable	tissue	4 hour	IPC T2	adult	not available	not available	yes	Lumos_221109_11-TMT131N	proteomic profiling by mass spectrometry	1	Lumos_221109_11.raw	v1.1.0	NT=ms-proteomics;VV=v1.1.0	NT=vertebrates;VV=v1.1.0	manual curation	NT=Data-dependent acquisition;AC=PRIDE:0000627	NT=Orbitrap Fusion Lumos;AC=MS:1002732	NT=Trypsin;AC=MS:1001251	TMT131N	2	NT=higher energy beam-type collision-induced dissociation;AC=MS:1000422	5 ppm	0.6 Da	NT=dithiothreitol (DTT);AC=PRIDE:0000608	NT=methyl methanethiosulfonate (MMTS);AC=PRIDE:0000605	NT=Methylthio;AC=UNIMOD:39;TA=C;MT=Fixed	NT=Oxidation;AC=UNIMOD:35;TA=M;MT=Variable	NT=TMTpro;AC=UNIMOD:2016;TA=K;MT=Fixed	NT=TMTpro;AC=UNIMOD:2016;PP=Any N-term;MT=Fixed	4 hour	IPC T2
set2-R20_2	Rattus norvegicus	heart	4	not applicable	tissue	4 hour	IPC T2	adult	not available	not available	yes	Lumos_221109_12-TMT131N	proteomic profiling by mass spectrometry	1	Lumos_221109_12.raw	v1.1.0	NT=ms-proteomics;VV=v1.1.0	NT=vertebrates;VV=v1.1.0	manual curation	NT=Data-dependent acquisition;AC=PRIDE:0000627	NT=Orbitrap Fusion Lumos;AC=MS:1002732	NT=Trypsin;AC=MS:1001251	TMT131N	3	NT=higher energy beam-type collision-induced dissociation;AC=MS:1000422	5 ppm	0.6 Da	NT=dithiothreitol (DTT);AC=PRIDE:0000608	NT=methyl methanethiosulfonate (MMTS);AC=PRIDE:0000605	NT=Methylthio;AC=UNIMOD:39;TA=C;MT=Fixed	NT=Oxidation;AC=UNIMOD:35;TA=M;MT=Variable	NT=TMTpro;AC=UNIMOD:2016;TA=K;MT=Fixed	NT=TMTpro;AC=UNIMOD:2016;PP=Any N-term;MT=Fixed	4 hour	IPC T2
set2-R20_2	Rattus norvegicus	heart	4	not applicable	tissue	4 hour	IPC T2	adult	not available	not available	yes	Lumos_221109_13-TMT131N	proteomic profiling by mass spectrometry	1	Lumos_221109_13.raw	v1.1.0	NT=ms-proteomics;VV=v1.1.0	NT=vertebrates;VV=v1.1.0	manual curation	NT=Data-dependent acquisition;AC=PRIDE:0000627	NT=Orbitrap Fusion Lumos;AC=MS:1002732	NT=Trypsin;AC=MS:1001251	TMT131N	4	NT=higher energy beam-type collision-induced dissociation;AC=MS:1000422	5 ppm	0.6 Da	NT=dithiothreitol (DTT);AC=PRIDE:0000608	NT=methyl methanethiosulfonate (MMTS);AC=PRIDE:0000605	NT=Methylthio;AC=UNIMOD:39;TA=C;MT=Fixed	NT=Oxidation;AC=UNIMOD:35;TA=M;MT=Variable	NT=TMTpro;AC=UNIMOD:2016;TA=K;MT=Fixed	NT=TMTpro;AC=UNIMOD:2016;PP=Any N-term;MT=Fixed	4 hour	IPC T2
set2-R20_2	Rattus norvegicus	heart	4	not applicable	tissue	4 hour	IPC T2	adult	not available	not available	yes	Lumos_221109_14-TMT131N	proteomic profiling by mass spectrometry	1	Lumos_221109_14.raw	v1.1.0	NT=ms-proteomics;VV=v1.1.0	NT=vertebrates;VV=v1.1.0	manual curation	NT=Data-dependent acquisition;AC=PRIDE:0000627	NT=Orbitrap Fusion Lumos;AC=MS:1002732	NT=Trypsin;AC=MS:1001251	TMT131N	5	NT=higher energy beam-type collision-induced dissociation;AC=MS:1000422	5 ppm	0.6 Da	NT=dithiothreitol (DTT);AC=PRIDE:0000608	NT=methyl methanethiosulfonate (MMTS);AC=PRIDE:0000605	NT=Methylthio;AC=UNIMOD:39;TA=C;MT=Fixed	NT=Oxidation;AC=UNIMOD:35;TA=M;MT=Variable	NT=TMTpro;AC=UNIMOD:2016;TA=K;MT=Fixed	NT=TMTpro;AC=UNIMOD:2016;PP=Any N-term;MT=Fixed	4 hour	IPC T2
set2-R20_2	Rattus norvegicus	heart	4	not applicable	tissue	4 hour	IPC T2	adult	not available	not available	yes	Lumos_221109_15-TMT131N	proteomic profiling by mass spectrometry	1	Lumos_221109_15.raw	v1.1.0	NT=ms-proteomics;VV=v1.1.0	NT=vertebrates;VV=v1.1.0	manual curation	NT=Data-dependent acquisition;AC=PRIDE:0000627	NT=Orbitrap Fusion Lumos;AC=MS:1002732	NT=Trypsin;AC=MS:1001251	TMT131N	6	NT=higher energy beam-type collision-induced dissociation;AC=MS:1000422	5 ppm	0.6 Da	NT=dithiothreitol (DTT);AC=PRIDE:0000608	NT=methyl methanethiosulfonate (MMTS);AC=PRIDE:0000605	NT=Methylthio;AC=UNIMOD:39;TA=C;MT=Fixed	NT=Oxidation;AC=UNIMOD:35;TA=M;MT=Variable	NT=TMTpro;AC=UNIMOD:2016;TA=K;MT=Fixed	NT=TMTpro;AC=UNIMOD:2016;PP=Any N-term;MT=Fixed	4 hour	IPC T2
set2-R20_2	Rattus norvegicus	heart	4	not applicable	tissue	4 hour	IPC T2	adult	not available	not available	yes	Lumos_221109_16-TMT131N	proteomic profiling by mass spectrometry	1	Lumos_221109_16.raw	v1.1.0	NT=ms-proteomics;VV=v1.1.0	NT=vertebrates;VV=v1.1.0	manual curation	NT=Data-dependent acquisition;AC=PRIDE:0000627	NT=Orbitrap Fusion Lumos;AC=MS:1002732	NT=Trypsin;AC=MS:1001251	TMT131N	7	NT=higher energy beam-type collision-induced dissociation;AC=MS:1000422	5 ppm	0.6 Da	NT=dithiothreitol (DTT);AC=PRIDE:0000608	NT=methyl methanethiosulfonate (MMTS);AC=PRIDE:0000605	NT=Methylthio;AC=UNIMOD:39;TA=C;MT=Fixed	NT=Oxidation;AC=UNIMOD:35;TA=M;MT=Variable	NT=TMTpro;AC=UNIMOD:2016;TA=K;MT=Fixed	NT=TMTpro;AC=UNIMOD:2016;PP=Any N-term;MT=Fixed	4 hour	IPC T2
set2-R20_2	Rattus norvegicus	heart	4	not applicable	tissue	4 hour	IPC T2	adult	not available	not available	yes	Lumos_221109_17-TMT131N	proteomic profiling by mass spectrometry	1	Lumos_221109_17.raw	v1.1.0	NT=ms-proteomics;VV=v1.1.0	NT=vertebrates;VV=v1.1.0	manual curation	NT=Data-dependent acquisition;AC=PRIDE:0000627	NT=Orbitrap Fusion Lumos;AC=MS:1002732	NT=Trypsin;AC=MS:1001251	TMT131N	8	NT=higher energy beam-type collision-induced dissociation;AC=MS:1000422	5 ppm	0.6 Da	NT=dithiothreitol (DTT);AC=PRIDE:0000608	NT=methyl methanethiosulfonate (MMTS);AC=PRIDE:0000605	NT=Methylthio;AC=UNIMOD:39;TA=C;MT=Fixed	NT=Oxidation;AC=UNIMOD:35;TA=M;MT=Variable	NT=TMTpro;AC=UNIMOD:2016;TA=K;MT=Fixed	NT=TMTpro;AC=UNIMOD:2016;PP=Any N-term;MT=Fixed	4 hour	IPC T2
set2-R20_2	Rattus norvegicus	heart	4	not applicable	tissue	4 hour	IPC T2	adult	not available	not available	yes	Lumos_221109_18-TMT131N	proteomic profiling by mass spectrometry	1	Lumos_221109_18.raw	v1.1.0	NT=ms-proteomics;VV=v1.1.0	NT=vertebrates;VV=v1.1.0	manual curation	NT=Data-dependent acquisition;AC=PRIDE:0000627	NT=Orbitrap Fusion Lumos;AC=MS:1002732	NT=Trypsin;AC=MS:1001251	TMT131N	9	NT=higher energy beam-type collision-induced dissociation;AC=MS:1000422	5 ppm	0.6 Da	NT=dithiothreitol (DTT);AC=PRIDE:0000608	NT=methyl methanethiosulfonate (MMTS);AC=PRIDE:0000605	NT=Methylthio;AC=UNIMOD:39;TA=C;MT=Fixed	NT=Oxidation;AC=UNIMOD:35;TA=M;MT=Variable	NT=TMTpro;AC=UNIMOD:2016;TA=K;MT=Fixed	NT=TMTpro;AC=UNIMOD:2016;PP=Any N-term;MT=Fixed	4 hour	IPC T2
set2-R20_2	Rattus norvegicus	heart	4	not applicable	tissue	4 hour	IPC T2	adult	not available	not available	yes	Lumos_221109_19-TMT131N	proteomic profiling by mass spectrometry	1	Lumos_221109_19.raw	v1.1.0	NT=ms-proteomics;VV=v1.1.0	NT=vertebrates;VV=v1.1.0	manual curation	NT=Data-dependent acquisition;AC=PRIDE:0000627	NT=Orbitrap Fusion Lumos;AC=MS:1002732	NT=Trypsin;AC=MS:1001251	TMT131N	10	NT=higher energy beam-type collision-induced dissociation;AC=MS:1000422	5 ppm	0.6 Da	NT=dithiothreitol (DTT);AC=PRIDE:0000608	NT=methyl methanethiosulfonate (MMTS);AC=PRIDE:0000605	NT=Methylthio;AC=UNIMOD:39;TA=C;MT=Fixed	NT=Oxidation;AC=UNIMOD:35;TA=M;MT=Variable	NT=TMTpro;AC=UNIMOD:2016;TA=K;MT=Fixed	NT=TMTpro;AC=UNIMOD:2016;PP=Any N-term;MT=Fixed	4 hour	IPC T2
set2-R20_2	Rattus norvegicus	heart	4	not applicable	tissue	4 hour	IPC T2	adult	not available	not available	yes	Lumos_221109_20-TMT131N	proteomic profiling by mass spectrometry	1	Lumos_221109_20.raw	v1.1.0	NT=ms-proteomics;VV=v1.1.0	NT=vertebrates;VV=v1.1.0	manual curation	NT=Data-dependent acquisition;AC=PRIDE:0000627	NT=Orbitrap Fusion Lumos;AC=MS:1002732	NT=Trypsin;AC=MS:1001251	TMT131N	11	NT=higher energy beam-type collision-induced dissociation;AC=MS:1000422	5 ppm	0.6 Da	NT=dithiothreitol (DTT);AC=PRIDE:0000608	NT=methyl methanethiosulfonate (MMTS);AC=PRIDE:0000605	NT=Methylthio;AC=UNIMOD:39;TA=C;MT=Fixed	NT=Oxidation;AC=UNIMOD:35;TA=M;MT=Variable	NT=TMTpro;AC=UNIMOD:2016;TA=K;MT=Fixed	NT=TMTpro;AC=UNIMOD:2016;PP=Any N-term;MT=Fixed	4 hour	IPC T2
set2-R20_2	Rattus norvegicus	heart	4	not applicable	tissue	4 hour	IPC T2	adult	not available	not available	yes	Lumos_221109_21-TMT131N	proteomic profiling by mass spectrometry	1	Lumos_221109_21.raw	v1.1.0	NT=ms-proteomics;VV=v1.1.0	NT=vertebrates;VV=v1.1.0	manual curation	NT=Data-dependent acquisition;AC=PRIDE:0000627	NT=Orbitrap Fusion Lumos;AC=MS:1002732	NT=Trypsin;AC=MS:1001251	TMT131N	12	NT=higher energy beam-type collision-induced dissociation;AC=MS:1000422	5 ppm	0.6 Da	NT=dithiothreitol (DTT);AC=PRIDE:0000608	NT=methyl methanethiosulfonate (MMTS);AC=PRIDE:0000605	NT=Methylthio;AC=UNIMOD:39;TA=C;MT=Fixed	NT=Oxidation;AC=UNIMOD:35;TA=M;MT=Variable	NT=TMTpro;AC=UNIMOD:2016;TA=K;MT=Fixed	NT=TMTpro;AC=UNIMOD:2016;PP=Any N-term;MT=Fixed	4 hour	IPC T2
set2-R20_2	Rattus norvegicus	heart	4	not applicable	tissue	4 hour	IPC T2	adult	not available	not available	yes	Lumos_221109_22-TMT131N	proteomic profiling by mass spectrometry	1	Lumos_221109_22.raw	v1.1.0	NT=ms-proteomics;VV=v1.1.0	NT=vertebrates;VV=v1.1.0	manual curation	NT=Data-dependent acquisition;AC=PRIDE:0000627	NT=Orbitrap Fusion Lumos;AC=MS:1002732	NT=Trypsin;AC=MS:1001251	TMT131N	13	NT=higher energy beam-type collision-induced dissociation;AC=MS:1000422	5 ppm	0.6 Da	NT=dithiothreitol (DTT);AC=PRIDE:0000608	NT=methyl methanethiosulfonate (MMTS);AC=PRIDE:0000605	NT=Methylthio;AC=UNIMOD:39;TA=C;MT=Fixed	NT=Oxidation;AC=UNIMOD:35;TA=M;MT=Variable	NT=TMTpro;AC=UNIMOD:2016;TA=K;MT=Fixed	NT=TMTpro;AC=UNIMOD:2016;PP=Any N-term;MT=Fixed	4 hour	IPC T2
set2-R20_2	Rattus norvegicus	heart	4	not applicable	tissue	4 hour	IPC T2	adult	not available	not available	yes	Lumos_221109_23-TMT131N	proteomic profiling by mass spectrometry	1	Lumos_221109_23.raw	v1.1.0	NT=ms-proteomics;VV=v1.1.0	NT=vertebrates;VV=v1.1.0	manual curation	NT=Data-dependent acquisition;AC=PRIDE:0000627	NT=Orbitrap Fusion Lumos;AC=MS:1002732	NT=Trypsin;AC=MS:1001251	TMT131N	14	NT=higher energy beam-type collision-induced dissociation;AC=MS:1000422	5 ppm	0.6 Da	NT=dithiothreitol (DTT);AC=PRIDE:0000608	NT=methyl methanethiosulfonate (MMTS);AC=PRIDE:0000605	NT=Methylthio;AC=UNIMOD:39;TA=C;MT=Fixed	NT=Oxidation;AC=UNIMOD:35;TA=M;MT=Variable	NT=TMTpro;AC=UNIMOD:2016;TA=K;MT=Fixed	NT=TMTpro;AC=UNIMOD:2016;PP=Any N-term;MT=Fixed	4 hour	IPC T2
set2-R20_2	Rattus norvegicus	heart	4	not applicable	tissue	4 hour	IPC T2	adult	not available	not available	yes	Lumos_221109_24-TMT131N	proteomic profiling by mass spectrometry	1	Lumos_221109_24.raw	v1.1.0	NT=ms-proteomics;VV=v1.1.0	NT=vertebrates;VV=v1.1.0	manual curation	NT=Data-dependent acquisition;AC=PRIDE:0000627	NT=Orbitrap Fusion Lumos;AC=MS:1002732	NT=Trypsin;AC=MS:1001251	TMT131N	15	NT=higher energy beam-type collision-induced dissociation;AC=MS:1000422	5 ppm	0.6 Da	NT=dithiothreitol (DTT);AC=PRIDE:0000608	NT=methyl methanethiosulfonate (MMTS);AC=PRIDE:0000605	NT=Methylthio;AC=UNIMOD:39;TA=C;MT=Fixed	NT=Oxidation;AC=UNIMOD:35;TA=M;MT=Variable	NT=TMTpro;AC=UNIMOD:2016;TA=K;MT=Fixed	NT=TMTpro;AC=UNIMOD:2016;PP=Any N-term;MT=Fixed	4 hour	IPC T2
set2-R20_2	Rattus norvegicus	heart	4	not applicable	tissue	4 hour	IPC T2	adult	not available	not available	yes	Lumos_221109_25-TMT131N	proteomic profiling by mass spectrometry	1	Lumos_221109_25.raw	v1.1.0	NT=ms-proteomics;VV=v1.1.0	NT=vertebrates;VV=v1.1.0	manual curation	NT=Data-dependent acquisition;AC=PRIDE:0000627	NT=Orbitrap Fusion Lumos;AC=MS:1002732	NT=Trypsin;AC=MS:1001251	TMT131N	16	NT=higher energy beam-type collision-induced dissociation;AC=MS:1000422	5 ppm	0.6 Da	NT=dithiothreitol (DTT);AC=PRIDE:0000608	NT=methyl methanethiosulfonate (MMTS);AC=PRIDE:0000605	NT=Methylthio;AC=UNIMOD:39;TA=C;MT=Fixed	NT=Oxidation;AC=UNIMOD:35;TA=M;MT=Variable	NT=TMTpro;AC=UNIMOD:2016;TA=K;MT=Fixed	NT=TMTpro;AC=UNIMOD:2016;PP=Any N-term;MT=Fixed	4 hour	IPC T2
set2-R20_2	Rattus norvegicus	heart	4	not applicable	tissue	4 hour	IPC T2	adult	not available	not available	yes	Lumos_221109_26-TMT131N	proteomic profiling by mass spectrometry	1	Lumos_221109_26.raw	v1.1.0	NT=ms-proteomics;VV=v1.1.0	NT=vertebrates;VV=v1.1.0	manual curation	NT=Data-dependent acquisition;AC=PRIDE:0000627	NT=Orbitrap Fusion Lumos;AC=MS:1002732	NT=Trypsin;AC=MS:1001251	TMT131N	17	NT=higher energy beam-type collision-induced dissociation;AC=MS:1000422	5 ppm	0.6 Da	NT=dithiothreitol (DTT);AC=PRIDE:0000608	NT=methyl methanethiosulfonate (MMTS);AC=PRIDE:0000605	NT=Methylthio;AC=UNIMOD:39;TA=C;MT=Fixed	NT=Oxidation;AC=UNIMOD:35;TA=M;MT=Variable	NT=TMTpro;AC=UNIMOD:2016;TA=K;MT=Fixed	NT=TMTpro;AC=UNIMOD:2016;PP=Any N-term;MT=Fixed	4 hour	IPC T2
set2-R20_2	Rattus norvegicus	heart	4	not applicable	tissue	4 hour	IPC T2	adult	not available	not available	yes	Lumos_221109_27-TMT131N	proteomic profiling by mass spectrometry	1	Lumos_221109_27.raw	v1.1.0	NT=ms-proteomics;VV=v1.1.0	NT=vertebrates;VV=v1.1.0	manual curation	NT=Data-dependent acquisition;AC=PRIDE:0000627	NT=Orbitrap Fusion Lumos;AC=MS:1002732	NT=Trypsin;AC=MS:1001251	TMT131N	18	NT=higher energy beam-type collision-induced dissociation;AC=MS:1000422	5 ppm	0.6 Da	NT=dithiothreitol (DTT);AC=PRIDE:0000608	NT=methyl methanethiosulfonate (MMTS);AC=PRIDE:0000605	NT=Methylthio;AC=UNIMOD:39;TA=C;MT=Fixed	NT=Oxidation;AC=UNIMOD:35;TA=M;MT=Variable	NT=TMTpro;AC=UNIMOD:2016;TA=K;MT=Fixed	NT=TMTpro;AC=UNIMOD:2016;PP=Any N-term;MT=Fixed	4 hour	IPC T2
set2-R20_2	Rattus norvegicus	heart	4	not applicable	tissue	4 hour	IPC T2	adult	not available	not available	yes	Lumos_221109_28-TMT131N	proteomic profiling by mass spectrometry	1	Lumos_221109_28.raw	v1.1.0	NT=ms-proteomics;VV=v1.1.0	NT=vertebrates;VV=v1.1.0	manual curation	NT=Data-dependent acquisition;AC=PRIDE:0000627	NT=Orbitrap Fusion Lumos;AC=MS:1002732	NT=Trypsin;AC=MS:1001251	TMT131N	19	NT=higher energy beam-type collision-induced dissociation;AC=MS:1000422	5 ppm	0.6 Da	NT=dithiothreitol (DTT);AC=PRIDE:0000608	NT=methyl methanethiosulfonate (MMTS);AC=PRIDE:0000605	NT=Methylthio;AC=UNIMOD:39;TA=C;MT=Fixed	NT=Oxidation;AC=UNIMOD:35;TA=M;MT=Variable	NT=TMTpro;AC=UNIMOD:2016;TA=K;MT=Fixed	NT=TMTpro;AC=UNIMOD:2016;PP=Any N-term;MT=Fixed	4 hour	IPC T2
set2-R20_2	Rattus norvegicus	heart	4	not applicable	tissue	4 hour	IPC T2	adult	not available	not available	yes	Lumos_221109_29-TMT131N	proteomic profiling by mass spectrometry	1	Lumos_221109_29.raw	v1.1.0	NT=ms-proteomics;VV=v1.1.0	NT=vertebrates;VV=v1.1.0	manual curation	NT=Data-dependent acquisition;AC=PRIDE:0000627	NT=Orbitrap Fusion Lumos;AC=MS:1002732	NT=Trypsin;AC=MS:1001251	TMT131N	20	NT=higher energy beam-type collision-induced dissociation;AC=MS:1000422	5 ppm	0.6 Da	NT=dithiothreitol (DTT);AC=PRIDE:0000608	NT=methyl methanethiosulfonate (MMTS);AC=PRIDE:0000605	NT=Methylthio;AC=UNIMOD:39;TA=C;MT=Fixed	NT=Oxidation;AC=UNIMOD:35;TA=M;MT=Variable	NT=TMTpro;AC=UNIMOD:2016;TA=K;MT=Fixed	NT=TMTpro;AC=UNIMOD:2016;PP=Any N-term;MT=Fixed	4 hour	IPC T2
set2-R20_2	Rattus norvegicus	heart	4	not applicable	tissue	4 hour	IPC T2	adult	not available	not available	yes	Lumos_221109_30-TMT131N	proteomic profiling by mass spectrometry	1	Lumos_221109_30.raw	v1.1.0	NT=ms-proteomics;VV=v1.1.0	NT=vertebrates;VV=v1.1.0	manual curation	NT=Data-dependent acquisition;AC=PRIDE:0000627	NT=Orbitrap Fusion Lumos;AC=MS:1002732	NT=Trypsin;AC=MS:1001251	TMT131N	21	NT=higher energy beam-type collision-induced dissociation;AC=MS:1000422	5 ppm	0.6 Da	NT=dithiothreitol (DTT);AC=PRIDE:0000608	NT=methyl methanethiosulfonate (MMTS);AC=PRIDE:0000605	NT=Methylthio;AC=UNIMOD:39;TA=C;MT=Fixed	NT=Oxidation;AC=UNIMOD:35;TA=M;MT=Variable	NT=TMTpro;AC=UNIMOD:2016;TA=K;MT=Fixed	NT=TMTpro;AC=UNIMOD:2016;PP=Any N-term;MT=Fixed	4 hour	IPC T2
set2-R20_2	Rattus norvegicus	heart	4	not applicable	tissue	4 hour	IPC T2	adult	not available	not available	yes	Lumos_221109_31-TMT131N	proteomic profiling by mass spectrometry	1	Lumos_221109_31.raw	v1.1.0	NT=ms-proteomics;VV=v1.1.0	NT=vertebrates;VV=v1.1.0	manual curation	NT=Data-dependent acquisition;AC=PRIDE:0000627	NT=Orbitrap Fusion Lumos;AC=MS:1002732	NT=Trypsin;AC=MS:1001251	TMT131N	22	NT=higher energy beam-type collision-induced dissociation;AC=MS:1000422	5 ppm	0.6 Da	NT=dithiothreitol (DTT);AC=PRIDE:0000608	NT=methyl methanethiosulfonate (MMTS);AC=PRIDE:0000605	NT=Methylthio;AC=UNIMOD:39;TA=C;MT=Fixed	NT=Oxidation;AC=UNIMOD:35;TA=M;MT=Variable	NT=TMTpro;AC=UNIMOD:2016;TA=K;MT=Fixed	NT=TMTpro;AC=UNIMOD:2016;PP=Any N-term;MT=Fixed	4 hour	IPC T2
set2-R05	Rattus norvegicus	heart	1	not applicable	tissue	4 hour	NIPC T2	adult	not available	not available	no	Lumos_221109_10-TMT131C	proteomic profiling by mass spectrometry	1	Lumos_221109_10.raw	v1.1.0	NT=ms-proteomics;VV=v1.1.0	NT=vertebrates;VV=v1.1.0	manual curation	NT=Data-dependent acquisition;AC=PRIDE:0000627	NT=Orbitrap Fusion Lumos;AC=MS:1002732	NT=Trypsin;AC=MS:1001251	TMT131C	1	NT=higher energy beam-type collision-induced dissociation;AC=MS:1000422	5 ppm	0.6 Da	NT=dithiothreitol (DTT);AC=PRIDE:0000608	NT=methyl methanethiosulfonate (MMTS);AC=PRIDE:0000605	NT=Methylthio;AC=UNIMOD:39;TA=C;MT=Fixed	NT=Oxidation;AC=UNIMOD:35;TA=M;MT=Variable	NT=TMTpro;AC=UNIMOD:2016;TA=K;MT=Fixed	NT=TMTpro;AC=UNIMOD:2016;PP=Any N-term;MT=Fixed	4 hour	NIPC T2
set2-R05	Rattus norvegicus	heart	1	not applicable	tissue	4 hour	NIPC T2	adult	not available	not available	no	Lumos_221109_11-TMT131C	proteomic profiling by mass spectrometry	1	Lumos_221109_11.raw	v1.1.0	NT=ms-proteomics;VV=v1.1.0	NT=vertebrates;VV=v1.1.0	manual curation	NT=Data-dependent acquisition;AC=PRIDE:0000627	NT=Orbitrap Fusion Lumos;AC=MS:1002732	NT=Trypsin;AC=MS:1001251	TMT131C	2	NT=higher energy beam-type collision-induced dissociation;AC=MS:1000422	5 ppm	0.6 Da	NT=dithiothreitol (DTT);AC=PRIDE:0000608	NT=methyl methanethiosulfonate (MMTS);AC=PRIDE:0000605	NT=Methylthio;AC=UNIMOD:39;TA=C;MT=Fixed	NT=Oxidation;AC=UNIMOD:35;TA=M;MT=Variable	NT=TMTpro;AC=UNIMOD:2016;TA=K;MT=Fixed	NT=TMTpro;AC=UNIMOD:2016;PP=Any N-term;MT=Fixed	4 hour	NIPC T2
set2-R05	Rattus norvegicus	heart	1	not applicable	tissue	4 hour	NIPC T2	adult	not available	not available	no	Lumos_221109_12-TMT131C	proteomic profiling by mass spectrometry	1	Lumos_221109_12.raw	v1.1.0	NT=ms-proteomics;VV=v1.1.0	NT=vertebrates;VV=v1.1.0	manual curation	NT=Data-dependent acquisition;AC=PRIDE:0000627	NT=Orbitrap Fusion Lumos;AC=MS:1002732	NT=Trypsin;AC=MS:1001251	TMT131C	3	NT=higher energy beam-type collision-induced dissociation;AC=MS:1000422	5 ppm	0.6 Da	NT=dithiothreitol (DTT);AC=PRIDE:0000608	NT=methyl methanethiosulfonate (MMTS);AC=PRIDE:0000605	NT=Methylthio;AC=UNIMOD:39;TA=C;MT=Fixed	NT=Oxidation;AC=UNIMOD:35;TA=M;MT=Variable	NT=TMTpro;AC=UNIMOD:2016;TA=K;MT=Fixed	NT=TMTpro;AC=UNIMOD:2016;PP=Any N-term;MT=Fixed	4 hour	NIPC T2
set2-R05	Rattus norvegicus	heart	1	not applicable	tissue	4 hour	NIPC T2	adult	not available	not available	no	Lumos_221109_13-TMT131C	proteomic profiling by mass spectrometry	1	Lumos_221109_13.raw	v1.1.0	NT=ms-proteomics;VV=v1.1.0	NT=vertebrates;VV=v1.1.0	manual curation	NT=Data-dependent acquisition;AC=PRIDE:0000627	NT=Orbitrap Fusion Lumos;AC=MS:1002732	NT=Trypsin;AC=MS:1001251	TMT131C	4	NT=higher energy beam-type collision-induced dissociation;AC=MS:1000422	5 ppm	0.6 Da	NT=dithiothreitol (DTT);AC=PRIDE:0000608	NT=methyl methanethiosulfonate (MMTS);AC=PRIDE:0000605	NT=Methylthio;AC=UNIMOD:39;TA=C;MT=Fixed	NT=Oxidation;AC=UNIMOD:35;TA=M;MT=Variable	NT=TMTpro;AC=UNIMOD:2016;TA=K;MT=Fixed	NT=TMTpro;AC=UNIMOD:2016;PP=Any N-term;MT=Fixed	4 hour	NIPC T2
set2-R05	Rattus norvegicus	heart	1	not applicable	tissue	4 hour	NIPC T2	adult	not available	not available	no	Lumos_221109_14-TMT131C	proteomic profiling by mass spectrometry	1	Lumos_221109_14.raw	v1.1.0	NT=ms-proteomics;VV=v1.1.0	NT=vertebrates;VV=v1.1.0	manual curation	NT=Data-dependent acquisition;AC=PRIDE:0000627	NT=Orbitrap Fusion Lumos;AC=MS:1002732	NT=Trypsin;AC=MS:1001251	TMT131C	5	NT=higher energy beam-type collision-induced dissociation;AC=MS:1000422	5 ppm	0.6 Da	NT=dithiothreitol (DTT);AC=PRIDE:0000608	NT=methyl methanethiosulfonate (MMTS);AC=PRIDE:0000605	NT=Methylthio;AC=UNIMOD:39;TA=C;MT=Fixed	NT=Oxidation;AC=UNIMOD:35;TA=M;MT=Variable	NT=TMTpro;AC=UNIMOD:2016;TA=K;MT=Fixed	NT=TMTpro;AC=UNIMOD:2016;PP=Any N-term;MT=Fixed	4 hour	NIPC T2
set2-R05	Rattus norvegicus	heart	1	not applicable	tissue	4 hour	NIPC T2	adult	not available	not available	no	Lumos_221109_15-TMT131C	proteomic profiling by mass spectrometry	1	Lumos_221109_15.raw	v1.1.0	NT=ms-proteomics;VV=v1.1.0	NT=vertebrates;VV=v1.1.0	manual curation	NT=Data-dependent acquisition;AC=PRIDE:0000627	NT=Orbitrap Fusion Lumos;AC=MS:1002732	NT=Trypsin;AC=MS:1001251	TMT131C	6	NT=higher energy beam-type collision-induced dissociation;AC=MS:1000422	5 ppm	0.6 Da	NT=dithiothreitol (DTT);AC=PRIDE:0000608	NT=methyl methanethiosulfonate (MMTS);AC=PRIDE:0000605	NT=Methylthio;AC=UNIMOD:39;TA=C;MT=Fixed	NT=Oxidation;AC=UNIMOD:35;TA=M;MT=Variable	NT=TMTpro;AC=UNIMOD:2016;TA=K;MT=Fixed	NT=TMTpro;AC=UNIMOD:2016;PP=Any N-term;MT=Fixed	4 hour	NIPC T2
set2-R05	Rattus norvegicus	heart	1	not applicable	tissue	4 hour	NIPC T2	adult	not available	not available	no	Lumos_221109_16-TMT131C	proteomic profiling by mass spectrometry	1	Lumos_221109_16.raw	v1.1.0	NT=ms-proteomics;VV=v1.1.0	NT=vertebrates;VV=v1.1.0	manual curation	NT=Data-dependent acquisition;AC=PRIDE:0000627	NT=Orbitrap Fusion Lumos;AC=MS:1002732	NT=Trypsin;AC=MS:1001251	TMT131C	7	NT=higher energy beam-type collision-induced dissociation;AC=MS:1000422	5 ppm	0.6 Da	NT=dithiothreitol (DTT);AC=PRIDE:0000608	NT=methyl methanethiosulfonate (MMTS);AC=PRIDE:0000605	NT=Methylthio;AC=UNIMOD:39;TA=C;MT=Fixed	NT=Oxidation;AC=UNIMOD:35;TA=M;MT=Variable	NT=TMTpro;AC=UNIMOD:2016;TA=K;MT=Fixed	NT=TMTpro;AC=UNIMOD:2016;PP=Any N-term;MT=Fixed	4 hour	NIPC T2
set2-R05	Rattus norvegicus	heart	1	not applicable	tissue	4 hour	NIPC T2	adult	not available	not available	no	Lumos_221109_17-TMT131C	proteomic profiling by mass spectrometry	1	Lumos_221109_17.raw	v1.1.0	NT=ms-proteomics;VV=v1.1.0	NT=vertebrates;VV=v1.1.0	manual curation	NT=Data-dependent acquisition;AC=PRIDE:0000627	NT=Orbitrap Fusion Lumos;AC=MS:1002732	NT=Trypsin;AC=MS:1001251	TMT131C	8	NT=higher energy beam-type collision-induced dissociation;AC=MS:1000422	5 ppm	0.6 Da	NT=dithiothreitol (DTT);AC=PRIDE:0000608	NT=methyl methanethiosulfonate (MMTS);AC=PRIDE:0000605	NT=Methylthio;AC=UNIMOD:39;TA=C;MT=Fixed	NT=Oxidation;AC=UNIMOD:35;TA=M;MT=Variable	NT=TMTpro;AC=UNIMOD:2016;TA=K;MT=Fixed	NT=TMTpro;AC=UNIMOD:2016;PP=Any N-term;MT=Fixed	4 hour	NIPC T2
set2-R05	Rattus norvegicus	heart	1	not applicable	tissue	4 hour	NIPC T2	adult	not available	not available	no	Lumos_221109_18-TMT131C	proteomic profiling by mass spectrometry	1	Lumos_221109_18.raw	v1.1.0	NT=ms-proteomics;VV=v1.1.0	NT=vertebrates;VV=v1.1.0	manual curation	NT=Data-dependent acquisition;AC=PRIDE:0000627	NT=Orbitrap Fusion Lumos;AC=MS:1002732	NT=Trypsin;AC=MS:1001251	TMT131C	9	NT=higher energy beam-type collision-induced dissociation;AC=MS:1000422	5 ppm	0.6 Da	NT=dithiothreitol (DTT);AC=PRIDE:0000608	NT=methyl methanethiosulfonate (MMTS);AC=PRIDE:0000605	NT=Methylthio;AC=UNIMOD:39;TA=C;MT=Fixed	NT=Oxidation;AC=UNIMOD:35;TA=M;MT=Variable	NT=TMTpro;AC=UNIMOD:2016;TA=K;MT=Fixed	NT=TMTpro;AC=UNIMOD:2016;PP=Any N-term;MT=Fixed	4 hour	NIPC T2
set2-R05	Rattus norvegicus	heart	1	not applicable	tissue	4 hour	NIPC T2	adult	not available	not available	no	Lumos_221109_19-TMT131C	proteomic profiling by mass spectrometry	1	Lumos_221109_19.raw	v1.1.0	NT=ms-proteomics;VV=v1.1.0	NT=vertebrates;VV=v1.1.0	manual curation	NT=Data-dependent acquisition;AC=PRIDE:0000627	NT=Orbitrap Fusion Lumos;AC=MS:1002732	NT=Trypsin;AC=MS:1001251	TMT131C	10	NT=higher energy beam-type collision-induced dissociation;AC=MS:1000422	5 ppm	0.6 Da	NT=dithiothreitol (DTT);AC=PRIDE:0000608	NT=methyl methanethiosulfonate (MMTS);AC=PRIDE:0000605	NT=Methylthio;AC=UNIMOD:39;TA=C;MT=Fixed	NT=Oxidation;AC=UNIMOD:35;TA=M;MT=Variable	NT=TMTpro;AC=UNIMOD:2016;TA=K;MT=Fixed	NT=TMTpro;AC=UNIMOD:2016;PP=Any N-term;MT=Fixed	4 hour	NIPC T2
set2-R05	Rattus norvegicus	heart	1	not applicable	tissue	4 hour	NIPC T2	adult	not available	not available	no	Lumos_221109_20-TMT131C	proteomic profiling by mass spectrometry	1	Lumos_221109_20.raw	v1.1.0	NT=ms-proteomics;VV=v1.1.0	NT=vertebrates;VV=v1.1.0	manual curation	NT=Data-dependent acquisition;AC=PRIDE:0000627	NT=Orbitrap Fusion Lumos;AC=MS:1002732	NT=Trypsin;AC=MS:1001251	TMT131C	11	NT=higher energy beam-type collision-induced dissociation;AC=MS:1000422	5 ppm	0.6 Da	NT=dithiothreitol (DTT);AC=PRIDE:0000608	NT=methyl methanethiosulfonate (MMTS);AC=PRIDE:0000605	NT=Methylthio;AC=UNIMOD:39;TA=C;MT=Fixed	NT=Oxidation;AC=UNIMOD:35;TA=M;MT=Variable	NT=TMTpro;AC=UNIMOD:2016;TA=K;MT=Fixed	NT=TMTpro;AC=UNIMOD:2016;PP=Any N-term;MT=Fixed	4 hour	NIPC T2
set2-R05	Rattus norvegicus	heart	1	not applicable	tissue	4 hour	NIPC T2	adult	not available	not available	no	Lumos_221109_21-TMT131C	proteomic profiling by mass spectrometry	1	Lumos_221109_21.raw	v1.1.0	NT=ms-proteomics;VV=v1.1.0	NT=vertebrates;VV=v1.1.0	manual curation	NT=Data-dependent acquisition;AC=PRIDE:0000627	NT=Orbitrap Fusion Lumos;AC=MS:1002732	NT=Trypsin;AC=MS:1001251	TMT131C	12	NT=higher energy beam-type collision-induced dissociation;AC=MS:1000422	5 ppm	0.6 Da	NT=dithiothreitol (DTT);AC=PRIDE:0000608	NT=methyl methanethiosulfonate (MMTS);AC=PRIDE:0000605	NT=Methylthio;AC=UNIMOD:39;TA=C;MT=Fixed	NT=Oxidation;AC=UNIMOD:35;TA=M;MT=Variable	NT=TMTpro;AC=UNIMOD:2016;TA=K;MT=Fixed	NT=TMTpro;AC=UNIMOD:2016;PP=Any N-term;MT=Fixed	4 hour	NIPC T2
set2-R05	Rattus norvegicus	heart	1	not applicable	tissue	4 hour	NIPC T2	adult	not available	not available	no	Lumos_221109_22-TMT131C	proteomic profiling by mass spectrometry	1	Lumos_221109_22.raw	v1.1.0	NT=ms-proteomics;VV=v1.1.0	NT=vertebrates;VV=v1.1.0	manual curation	NT=Data-dependent acquisition;AC=PRIDE:0000627	NT=Orbitrap Fusion Lumos;AC=MS:1002732	NT=Trypsin;AC=MS:1001251	TMT131C	13	NT=higher energy beam-type collision-induced dissociation;AC=MS:1000422	5 ppm	0.6 Da	NT=dithiothreitol (DTT);AC=PRIDE:0000608	NT=methyl methanethiosulfonate (MMTS);AC=PRIDE:0000605	NT=Methylthio;AC=UNIMOD:39;TA=C;MT=Fixed	NT=Oxidation;AC=UNIMOD:35;TA=M;MT=Variable	NT=TMTpro;AC=UNIMOD:2016;TA=K;MT=Fixed	NT=TMTpro;AC=UNIMOD:2016;PP=Any N-term;MT=Fixed	4 hour	NIPC T2
set2-R05	Rattus norvegicus	heart	1	not applicable	tissue	4 hour	NIPC T2	adult	not available	not available	no	Lumos_221109_23-TMT131C	proteomic profiling by mass spectrometry	1	Lumos_221109_23.raw	v1.1.0	NT=ms-proteomics;VV=v1.1.0	NT=vertebrates;VV=v1.1.0	manual curation	NT=Data-dependent acquisition;AC=PRIDE:0000627	NT=Orbitrap Fusion Lumos;AC=MS:1002732	NT=Trypsin;AC=MS:1001251	TMT131C	14	NT=higher energy beam-type collision-induced dissociation;AC=MS:1000422	5 ppm	0.6 Da	NT=dithiothreitol (DTT);AC=PRIDE:0000608	NT=methyl methanethiosulfonate (MMTS);AC=PRIDE:0000605	NT=Methylthio;AC=UNIMOD:39;TA=C;MT=Fixed	NT=Oxidation;AC=UNIMOD:35;TA=M;MT=Variable	NT=TMTpro;AC=UNIMOD:2016;TA=K;MT=Fixed	NT=TMTpro;AC=UNIMOD:2016;PP=Any N-term;MT=Fixed	4 hour	NIPC T2
set2-R05	Rattus norvegicus	heart	1	not applicable	tissue	4 hour	NIPC T2	adult	not available	not available	no	Lumos_221109_24-TMT131C	proteomic profiling by mass spectrometry	1	Lumos_221109_24.raw	v1.1.0	NT=ms-proteomics;VV=v1.1.0	NT=vertebrates;VV=v1.1.0	manual curation	NT=Data-dependent acquisition;AC=PRIDE:0000627	NT=Orbitrap Fusion Lumos;AC=MS:1002732	NT=Trypsin;AC=MS:1001251	TMT131C	15	NT=higher energy beam-type collision-induced dissociation;AC=MS:1000422	5 ppm	0.6 Da	NT=dithiothreitol (DTT);AC=PRIDE:0000608	NT=methyl methanethiosulfonate (MMTS);AC=PRIDE:0000605	NT=Methylthio;AC=UNIMOD:39;TA=C;MT=Fixed	NT=Oxidation;AC=UNIMOD:35;TA=M;MT=Variable	NT=TMTpro;AC=UNIMOD:2016;TA=K;MT=Fixed	NT=TMTpro;AC=UNIMOD:2016;PP=Any N-term;MT=Fixed	4 hour	NIPC T2
set2-R05	Rattus norvegicus	heart	1	not applicable	tissue	4 hour	NIPC T2	adult	not available	not available	no	Lumos_221109_25-TMT131C	proteomic profiling by mass spectrometry	1	Lumos_221109_25.raw	v1.1.0	NT=ms-proteomics;VV=v1.1.0	NT=vertebrates;VV=v1.1.0	manual curation	NT=Data-dependent acquisition;AC=PRIDE:0000627	NT=Orbitrap Fusion Lumos;AC=MS:1002732	NT=Trypsin;AC=MS:1001251	TMT131C	16	NT=higher energy beam-type collision-induced dissociation;AC=MS:1000422	5 ppm	0.6 Da	NT=dithiothreitol (DTT);AC=PRIDE:0000608	NT=methyl methanethiosulfonate (MMTS);AC=PRIDE:0000605	NT=Methylthio;AC=UNIMOD:39;TA=C;MT=Fixed	NT=Oxidation;AC=UNIMOD:35;TA=M;MT=Variable	NT=TMTpro;AC=UNIMOD:2016;TA=K;MT=Fixed	NT=TMTpro;AC=UNIMOD:2016;PP=Any N-term;MT=Fixed	4 hour	NIPC T2
set2-R05	Rattus norvegicus	heart	1	not applicable	tissue	4 hour	NIPC T2	adult	not available	not available	no	Lumos_221109_26-TMT131C	proteomic profiling by mass spectrometry	1	Lumos_221109_26.raw	v1.1.0	NT=ms-proteomics;VV=v1.1.0	NT=vertebrates;VV=v1.1.0	manual curation	NT=Data-dependent acquisition;AC=PRIDE:0000627	NT=Orbitrap Fusion Lumos;AC=MS:1002732	NT=Trypsin;AC=MS:1001251	TMT131C	17	NT=higher energy beam-type collision-induced dissociation;AC=MS:1000422	5 ppm	0.6 Da	NT=dithiothreitol (DTT);AC=PRIDE:0000608	NT=methyl methanethiosulfonate (MMTS);AC=PRIDE:0000605	NT=Methylthio;AC=UNIMOD:39;TA=C;MT=Fixed	NT=Oxidation;AC=UNIMOD:35;TA=M;MT=Variable	NT=TMTpro;AC=UNIMOD:2016;TA=K;MT=Fixed	NT=TMTpro;AC=UNIMOD:2016;PP=Any N-term;MT=Fixed	4 hour	NIPC T2
set2-R05	Rattus norvegicus	heart	1	not applicable	tissue	4 hour	NIPC T2	adult	not available	not available	no	Lumos_221109_27-TMT131C	proteomic profiling by mass spectrometry	1	Lumos_221109_27.raw	v1.1.0	NT=ms-proteomics;VV=v1.1.0	NT=vertebrates;VV=v1.1.0	manual curation	NT=Data-dependent acquisition;AC=PRIDE:0000627	NT=Orbitrap Fusion Lumos;AC=MS:1002732	NT=Trypsin;AC=MS:1001251	TMT131C	18	NT=higher energy beam-type collision-induced dissociation;AC=MS:1000422	5 ppm	0.6 Da	NT=dithiothreitol (DTT);AC=PRIDE:0000608	NT=methyl methanethiosulfonate (MMTS);AC=PRIDE:0000605	NT=Methylthio;AC=UNIMOD:39;TA=C;MT=Fixed	NT=Oxidation;AC=UNIMOD:35;TA=M;MT=Variable	NT=TMTpro;AC=UNIMOD:2016;TA=K;MT=Fixed	NT=TMTpro;AC=UNIMOD:2016;PP=Any N-term;MT=Fixed	4 hour	NIPC T2
set2-R05	Rattus norvegicus	heart	1	not applicable	tissue	4 hour	NIPC T2	adult	not available	not available	no	Lumos_221109_28-TMT131C	proteomic profiling by mass spectrometry	1	Lumos_221109_28.raw	v1.1.0	NT=ms-proteomics;VV=v1.1.0	NT=vertebrates;VV=v1.1.0	manual curation	NT=Data-dependent acquisition;AC=PRIDE:0000627	NT=Orbitrap Fusion Lumos;AC=MS:1002732	NT=Trypsin;AC=MS:1001251	TMT131C	19	NT=higher energy beam-type collision-induced dissociation;AC=MS:1000422	5 ppm	0.6 Da	NT=dithiothreitol (DTT);AC=PRIDE:0000608	NT=methyl methanethiosulfonate (MMTS);AC=PRIDE:0000605	NT=Methylthio;AC=UNIMOD:39;TA=C;MT=Fixed	NT=Oxidation;AC=UNIMOD:35;TA=M;MT=Variable	NT=TMTpro;AC=UNIMOD:2016;TA=K;MT=Fixed	NT=TMTpro;AC=UNIMOD:2016;PP=Any N-term;MT=Fixed	4 hour	NIPC T2
set2-R05	Rattus norvegicus	heart	1	not applicable	tissue	4 hour	NIPC T2	adult	not available	not available	no	Lumos_221109_29-TMT131C	proteomic profiling by mass spectrometry	1	Lumos_221109_29.raw	v1.1.0	NT=ms-proteomics;VV=v1.1.0	NT=vertebrates;VV=v1.1.0	manual curation	NT=Data-dependent acquisition;AC=PRIDE:0000627	NT=Orbitrap Fusion Lumos;AC=MS:1002732	NT=Trypsin;AC=MS:1001251	TMT131C	20	NT=higher energy beam-type collision-induced dissociation;AC=MS:1000422	5 ppm	0.6 Da	NT=dithiothreitol (DTT);AC=PRIDE:0000608	NT=methyl methanethiosulfonate (MMTS);AC=PRIDE:0000605	NT=Methylthio;AC=UNIMOD:39;TA=C;MT=Fixed	NT=Oxidation;AC=UNIMOD:35;TA=M;MT=Variable	NT=TMTpro;AC=UNIMOD:2016;TA=K;MT=Fixed	NT=TMTpro;AC=UNIMOD:2016;PP=Any N-term;MT=Fixed	4 hour	NIPC T2
set2-R05	Rattus norvegicus	heart	1	not applicable	tissue	4 hour	NIPC T2	adult	not available	not available	no	Lumos_221109_30-TMT131C	proteomic profiling by mass spectrometry	1	Lumos_221109_30.raw	v1.1.0	NT=ms-proteomics;VV=v1.1.0	NT=vertebrates;VV=v1.1.0	manual curation	NT=Data-dependent acquisition;AC=PRIDE:0000627	NT=Orbitrap Fusion Lumos;AC=MS:1002732	NT=Trypsin;AC=MS:1001251	TMT131C	21	NT=higher energy beam-type collision-induced dissociation;AC=MS:1000422	5 ppm	0.6 Da	NT=dithiothreitol (DTT);AC=PRIDE:0000608	NT=methyl methanethiosulfonate (MMTS);AC=PRIDE:0000605	NT=Methylthio;AC=UNIMOD:39;TA=C;MT=Fixed	NT=Oxidation;AC=UNIMOD:35;TA=M;MT=Variable	NT=TMTpro;AC=UNIMOD:2016;TA=K;MT=Fixed	NT=TMTpro;AC=UNIMOD:2016;PP=Any N-term;MT=Fixed	4 hour	NIPC T2
set2-R05	Rattus norvegicus	heart	1	not applicable	tissue	4 hour	NIPC T2	adult	not available	not available	no	Lumos_221109_31-TMT131C	proteomic profiling by mass spectrometry	1	Lumos_221109_31.raw	v1.1.0	NT=ms-proteomics;VV=v1.1.0	NT=vertebrates;VV=v1.1.0	manual curation	NT=Data-dependent acquisition;AC=PRIDE:0000627	NT=Orbitrap Fusion Lumos;AC=MS:1002732	NT=Trypsin;AC=MS:1001251	TMT131C	22	NT=higher energy beam-type collision-induced dissociation;AC=MS:1000422	5 ppm	0.6 Da	NT=dithiothreitol (DTT);AC=PRIDE:0000608	NT=methyl methanethiosulfonate (MMTS);AC=PRIDE:0000605	NT=Methylthio;AC=UNIMOD:39;TA=C;MT=Fixed	NT=Oxidation;AC=UNIMOD:35;TA=M;MT=Variable	NT=TMTpro;AC=UNIMOD:2016;TA=K;MT=Fixed	NT=TMTpro;AC=UNIMOD:2016;PP=Any N-term;MT=Fixed	4 hour	NIPC T2
set2-R21	Rattus norvegicus	heart	2	not applicable	tissue	4 hour	NIPC T2	adult	not available	not available	no	Lumos_221109_10-TMT132N	proteomic profiling by mass spectrometry	1	Lumos_221109_10.raw	v1.1.0	NT=ms-proteomics;VV=v1.1.0	NT=vertebrates;VV=v1.1.0	manual curation	NT=Data-dependent acquisition;AC=PRIDE:0000627	NT=Orbitrap Fusion Lumos;AC=MS:1002732	NT=Trypsin;AC=MS:1001251	TMT132N	1	NT=higher energy beam-type collision-induced dissociation;AC=MS:1000422	5 ppm	0.6 Da	NT=dithiothreitol (DTT);AC=PRIDE:0000608	NT=methyl methanethiosulfonate (MMTS);AC=PRIDE:0000605	NT=Methylthio;AC=UNIMOD:39;TA=C;MT=Fixed	NT=Oxidation;AC=UNIMOD:35;TA=M;MT=Variable	NT=TMTpro;AC=UNIMOD:2016;TA=K;MT=Fixed	NT=TMTpro;AC=UNIMOD:2016;PP=Any N-term;MT=Fixed	4 hour	NIPC T2
set2-R21	Rattus norvegicus	heart	2	not applicable	tissue	4 hour	NIPC T2	adult	not available	not available	no	Lumos_221109_11-TMT132N	proteomic profiling by mass spectrometry	1	Lumos_221109_11.raw	v1.1.0	NT=ms-proteomics;VV=v1.1.0	NT=vertebrates;VV=v1.1.0	manual curation	NT=Data-dependent acquisition;AC=PRIDE:0000627	NT=Orbitrap Fusion Lumos;AC=MS:1002732	NT=Trypsin;AC=MS:1001251	TMT132N	2	NT=higher energy beam-type collision-induced dissociation;AC=MS:1000422	5 ppm	0.6 Da	NT=dithiothreitol (DTT);AC=PRIDE:0000608	NT=methyl methanethiosulfonate (MMTS);AC=PRIDE:0000605	NT=Methylthio;AC=UNIMOD:39;TA=C;MT=Fixed	NT=Oxidation;AC=UNIMOD:35;TA=M;MT=Variable	NT=TMTpro;AC=UNIMOD:2016;TA=K;MT=Fixed	NT=TMTpro;AC=UNIMOD:2016;PP=Any N-term;MT=Fixed	4 hour	NIPC T2
set2-R21	Rattus norvegicus	heart	2	not applicable	tissue	4 hour	NIPC T2	adult	not available	not available	no	Lumos_221109_12-TMT132N	proteomic profiling by mass spectrometry	1	Lumos_221109_12.raw	v1.1.0	NT=ms-proteomics;VV=v1.1.0	NT=vertebrates;VV=v1.1.0	manual curation	NT=Data-dependent acquisition;AC=PRIDE:0000627	NT=Orbitrap Fusion Lumos;AC=MS:1002732	NT=Trypsin;AC=MS:1001251	TMT132N	3	NT=higher energy beam-type collision-induced dissociation;AC=MS:1000422	5 ppm	0.6 Da	NT=dithiothreitol (DTT);AC=PRIDE:0000608	NT=methyl methanethiosulfonate (MMTS);AC=PRIDE:0000605	NT=Methylthio;AC=UNIMOD:39;TA=C;MT=Fixed	NT=Oxidation;AC=UNIMOD:35;TA=M;MT=Variable	NT=TMTpro;AC=UNIMOD:2016;TA=K;MT=Fixed	NT=TMTpro;AC=UNIMOD:2016;PP=Any N-term;MT=Fixed	4 hour	NIPC T2
set2-R21	Rattus norvegicus	heart	2	not applicable	tissue	4 hour	NIPC T2	adult	not available	not available	no	Lumos_221109_13-TMT132N	proteomic profiling by mass spectrometry	1	Lumos_221109_13.raw	v1.1.0	NT=ms-proteomics;VV=v1.1.0	NT=vertebrates;VV=v1.1.0	manual curation	NT=Data-dependent acquisition;AC=PRIDE:0000627	NT=Orbitrap Fusion Lumos;AC=MS:1002732	NT=Trypsin;AC=MS:1001251	TMT132N	4	NT=higher energy beam-type collision-induced dissociation;AC=MS:1000422	5 ppm	0.6 Da	NT=dithiothreitol (DTT);AC=PRIDE:0000608	NT=methyl methanethiosulfonate (MMTS);AC=PRIDE:0000605	NT=Methylthio;AC=UNIMOD:39;TA=C;MT=Fixed	NT=Oxidation;AC=UNIMOD:35;TA=M;MT=Variable	NT=TMTpro;AC=UNIMOD:2016;TA=K;MT=Fixed	NT=TMTpro;AC=UNIMOD:2016;PP=Any N-term;MT=Fixed	4 hour	NIPC T2
set2-R21	Rattus norvegicus	heart	2	not applicable	tissue	4 hour	NIPC T2	adult	not available	not available	no	Lumos_221109_14-TMT132N	proteomic profiling by mass spectrometry	1	Lumos_221109_14.raw	v1.1.0	NT=ms-proteomics;VV=v1.1.0	NT=vertebrates;VV=v1.1.0	manual curation	NT=Data-dependent acquisition;AC=PRIDE:0000627	NT=Orbitrap Fusion Lumos;AC=MS:1002732	NT=Trypsin;AC=MS:1001251	TMT132N	5	NT=higher energy beam-type collision-induced dissociation;AC=MS:1000422	5 ppm	0.6 Da	NT=dithiothreitol (DTT);AC=PRIDE:0000608	NT=methyl methanethiosulfonate (MMTS);AC=PRIDE:0000605	NT=Methylthio;AC=UNIMOD:39;TA=C;MT=Fixed	NT=Oxidation;AC=UNIMOD:35;TA=M;MT=Variable	NT=TMTpro;AC=UNIMOD:2016;TA=K;MT=Fixed	NT=TMTpro;AC=UNIMOD:2016;PP=Any N-term;MT=Fixed	4 hour	NIPC T2
set2-R21	Rattus norvegicus	heart	2	not applicable	tissue	4 hour	NIPC T2	adult	not available	not available	no	Lumos_221109_15-TMT132N	proteomic profiling by mass spectrometry	1	Lumos_221109_15.raw	v1.1.0	NT=ms-proteomics;VV=v1.1.0	NT=vertebrates;VV=v1.1.0	manual curation	NT=Data-dependent acquisition;AC=PRIDE:0000627	NT=Orbitrap Fusion Lumos;AC=MS:1002732	NT=Trypsin;AC=MS:1001251	TMT132N	6	NT=higher energy beam-type collision-induced dissociation;AC=MS:1000422	5 ppm	0.6 Da	NT=dithiothreitol (DTT);AC=PRIDE:0000608	NT=methyl methanethiosulfonate (MMTS);AC=PRIDE:0000605	NT=Methylthio;AC=UNIMOD:39;TA=C;MT=Fixed	NT=Oxidation;AC=UNIMOD:35;TA=M;MT=Variable	NT=TMTpro;AC=UNIMOD:2016;TA=K;MT=Fixed	NT=TMTpro;AC=UNIMOD:2016;PP=Any N-term;MT=Fixed	4 hour	NIPC T2
set2-R21	Rattus norvegicus	heart	2	not applicable	tissue	4 hour	NIPC T2	adult	not available	not available	no	Lumos_221109_16-TMT132N	proteomic profiling by mass spectrometry	1	Lumos_221109_16.raw	v1.1.0	NT=ms-proteomics;VV=v1.1.0	NT=vertebrates;VV=v1.1.0	manual curation	NT=Data-dependent acquisition;AC=PRIDE:0000627	NT=Orbitrap Fusion Lumos;AC=MS:1002732	NT=Trypsin;AC=MS:1001251	TMT132N	7	NT=higher energy beam-type collision-induced dissociation;AC=MS:1000422	5 ppm	0.6 Da	NT=dithiothreitol (DTT);AC=PRIDE:0000608	NT=methyl methanethiosulfonate (MMTS);AC=PRIDE:0000605	NT=Methylthio;AC=UNIMOD:39;TA=C;MT=Fixed	NT=Oxidation;AC=UNIMOD:35;TA=M;MT=Variable	NT=TMTpro;AC=UNIMOD:2016;TA=K;MT=Fixed	NT=TMTpro;AC=UNIMOD:2016;PP=Any N-term;MT=Fixed	4 hour	NIPC T2
set2-R21	Rattus norvegicus	heart	2	not applicable	tissue	4 hour	NIPC T2	adult	not available	not available	no	Lumos_221109_17-TMT132N	proteomic profiling by mass spectrometry	1	Lumos_221109_17.raw	v1.1.0	NT=ms-proteomics;VV=v1.1.0	NT=vertebrates;VV=v1.1.0	manual curation	NT=Data-dependent acquisition;AC=PRIDE:0000627	NT=Orbitrap Fusion Lumos;AC=MS:1002732	NT=Trypsin;AC=MS:1001251	TMT132N	8	NT=higher energy beam-type collision-induced dissociation;AC=MS:1000422	5 ppm	0.6 Da	NT=dithiothreitol (DTT);AC=PRIDE:0000608	NT=methyl methanethiosulfonate (MMTS);AC=PRIDE:0000605	NT=Methylthio;AC=UNIMOD:39;TA=C;MT=Fixed	NT=Oxidation;AC=UNIMOD:35;TA=M;MT=Variable	NT=TMTpro;AC=UNIMOD:2016;TA=K;MT=Fixed	NT=TMTpro;AC=UNIMOD:2016;PP=Any N-term;MT=Fixed	4 hour	NIPC T2
set2-R21	Rattus norvegicus	heart	2	not applicable	tissue	4 hour	NIPC T2	adult	not available	not available	no	Lumos_221109_18-TMT132N	proteomic profiling by mass spectrometry	1	Lumos_221109_18.raw	v1.1.0	NT=ms-proteomics;VV=v1.1.0	NT=vertebrates;VV=v1.1.0	manual curation	NT=Data-dependent acquisition;AC=PRIDE:0000627	NT=Orbitrap Fusion Lumos;AC=MS:1002732	NT=Trypsin;AC=MS:1001251	TMT132N	9	NT=higher energy beam-type collision-induced dissociation;AC=MS:1000422	5 ppm	0.6 Da	NT=dithiothreitol (DTT);AC=PRIDE:0000608	NT=methyl methanethiosulfonate (MMTS);AC=PRIDE:0000605	NT=Methylthio;AC=UNIMOD:39;TA=C;MT=Fixed	NT=Oxidation;AC=UNIMOD:35;TA=M;MT=Variable	NT=TMTpro;AC=UNIMOD:2016;TA=K;MT=Fixed	NT=TMTpro;AC=UNIMOD:2016;PP=Any N-term;MT=Fixed	4 hour	NIPC T2
set2-R21	Rattus norvegicus	heart	2	not applicable	tissue	4 hour	NIPC T2	adult	not available	not available	no	Lumos_221109_19-TMT132N	proteomic profiling by mass spectrometry	1	Lumos_221109_19.raw	v1.1.0	NT=ms-proteomics;VV=v1.1.0	NT=vertebrates;VV=v1.1.0	manual curation	NT=Data-dependent acquisition;AC=PRIDE:0000627	NT=Orbitrap Fusion Lumos;AC=MS:1002732	NT=Trypsin;AC=MS:1001251	TMT132N	10	NT=higher energy beam-type collision-induced dissociation;AC=MS:1000422	5 ppm	0.6 Da	NT=dithiothreitol (DTT);AC=PRIDE:0000608	NT=methyl methanethiosulfonate (MMTS);AC=PRIDE:0000605	NT=Methylthio;AC=UNIMOD:39;TA=C;MT=Fixed	NT=Oxidation;AC=UNIMOD:35;TA=M;MT=Variable	NT=TMTpro;AC=UNIMOD:2016;TA=K;MT=Fixed	NT=TMTpro;AC=UNIMOD:2016;PP=Any N-term;MT=Fixed	4 hour	NIPC T2
set2-R21	Rattus norvegicus	heart	2	not applicable	tissue	4 hour	NIPC T2	adult	not available	not available	no	Lumos_221109_20-TMT132N	proteomic profiling by mass spectrometry	1	Lumos_221109_20.raw	v1.1.0	NT=ms-proteomics;VV=v1.1.0	NT=vertebrates;VV=v1.1.0	manual curation	NT=Data-dependent acquisition;AC=PRIDE:0000627	NT=Orbitrap Fusion Lumos;AC=MS:1002732	NT=Trypsin;AC=MS:1001251	TMT132N	11	NT=higher energy beam-type collision-induced dissociation;AC=MS:1000422	5 ppm	0.6 Da	NT=dithiothreitol (DTT);AC=PRIDE:0000608	NT=methyl methanethiosulfonate (MMTS);AC=PRIDE:0000605	NT=Methylthio;AC=UNIMOD:39;TA=C;MT=Fixed	NT=Oxidation;AC=UNIMOD:35;TA=M;MT=Variable	NT=TMTpro;AC=UNIMOD:2016;TA=K;MT=Fixed	NT=TMTpro;AC=UNIMOD:2016;PP=Any N-term;MT=Fixed	4 hour	NIPC T2
set2-R21	Rattus norvegicus	heart	2	not applicable	tissue	4 hour	NIPC T2	adult	not available	not available	no	Lumos_221109_21-TMT132N	proteomic profiling by mass spectrometry	1	Lumos_221109_21.raw	v1.1.0	NT=ms-proteomics;VV=v1.1.0	NT=vertebrates;VV=v1.1.0	manual curation	NT=Data-dependent acquisition;AC=PRIDE:0000627	NT=Orbitrap Fusion Lumos;AC=MS:1002732	NT=Trypsin;AC=MS:1001251	TMT132N	12	NT=higher energy beam-type collision-induced dissociation;AC=MS:1000422	5 ppm	0.6 Da	NT=dithiothreitol (DTT);AC=PRIDE:0000608	NT=methyl methanethiosulfonate (MMTS);AC=PRIDE:0000605	NT=Methylthio;AC=UNIMOD:39;TA=C;MT=Fixed	NT=Oxidation;AC=UNIMOD:35;TA=M;MT=Variable	NT=TMTpro;AC=UNIMOD:2016;TA=K;MT=Fixed	NT=TMTpro;AC=UNIMOD:2016;PP=Any N-term;MT=Fixed	4 hour	NIPC T2
set2-R21	Rattus norvegicus	heart	2	not applicable	tissue	4 hour	NIPC T2	adult	not available	not available	no	Lumos_221109_22-TMT132N	proteomic profiling by mass spectrometry	1	Lumos_221109_22.raw	v1.1.0	NT=ms-proteomics;VV=v1.1.0	NT=vertebrates;VV=v1.1.0	manual curation	NT=Data-dependent acquisition;AC=PRIDE:0000627	NT=Orbitrap Fusion Lumos;AC=MS:1002732	NT=Trypsin;AC=MS:1001251	TMT132N	13	NT=higher energy beam-type collision-induced dissociation;AC=MS:1000422	5 ppm	0.6 Da	NT=dithiothreitol (DTT);AC=PRIDE:0000608	NT=methyl methanethiosulfonate (MMTS);AC=PRIDE:0000605	NT=Methylthio;AC=UNIMOD:39;TA=C;MT=Fixed	NT=Oxidation;AC=UNIMOD:35;TA=M;MT=Variable	NT=TMTpro;AC=UNIMOD:2016;TA=K;MT=Fixed	NT=TMTpro;AC=UNIMOD:2016;PP=Any N-term;MT=Fixed	4 hour	NIPC T2
set2-R21	Rattus norvegicus	heart	2	not applicable	tissue	4 hour	NIPC T2	adult	not available	not available	no	Lumos_221109_23-TMT132N	proteomic profiling by mass spectrometry	1	Lumos_221109_23.raw	v1.1.0	NT=ms-proteomics;VV=v1.1.0	NT=vertebrates;VV=v1.1.0	manual curation	NT=Data-dependent acquisition;AC=PRIDE:0000627	NT=Orbitrap Fusion Lumos;AC=MS:1002732	NT=Trypsin;AC=MS:1001251	TMT132N	14	NT=higher energy beam-type collision-induced dissociation;AC=MS:1000422	5 ppm	0.6 Da	NT=dithiothreitol (DTT);AC=PRIDE:0000608	NT=methyl methanethiosulfonate (MMTS);AC=PRIDE:0000605	NT=Methylthio;AC=UNIMOD:39;TA=C;MT=Fixed	NT=Oxidation;AC=UNIMOD:35;TA=M;MT=Variable	NT=TMTpro;AC=UNIMOD:2016;TA=K;MT=Fixed	NT=TMTpro;AC=UNIMOD:2016;PP=Any N-term;MT=Fixed	4 hour	NIPC T2
set2-R21	Rattus norvegicus	heart	2	not applicable	tissue	4 hour	NIPC T2	adult	not available	not available	no	Lumos_221109_24-TMT132N	proteomic profiling by mass spectrometry	1	Lumos_221109_24.raw	v1.1.0	NT=ms-proteomics;VV=v1.1.0	NT=vertebrates;VV=v1.1.0	manual curation	NT=Data-dependent acquisition;AC=PRIDE:0000627	NT=Orbitrap Fusion Lumos;AC=MS:1002732	NT=Trypsin;AC=MS:1001251	TMT132N	15	NT=higher energy beam-type collision-induced dissociation;AC=MS:1000422	5 ppm	0.6 Da	NT=dithiothreitol (DTT);AC=PRIDE:0000608	NT=methyl methanethiosulfonate (MMTS);AC=PRIDE:0000605	NT=Methylthio;AC=UNIMOD:39;TA=C;MT=Fixed	NT=Oxidation;AC=UNIMOD:35;TA=M;MT=Variable	NT=TMTpro;AC=UNIMOD:2016;TA=K;MT=Fixed	NT=TMTpro;AC=UNIMOD:2016;PP=Any N-term;MT=Fixed	4 hour	NIPC T2
set2-R21	Rattus norvegicus	heart	2	not applicable	tissue	4 hour	NIPC T2	adult	not available	not available	no	Lumos_221109_25-TMT132N	proteomic profiling by mass spectrometry	1	Lumos_221109_25.raw	v1.1.0	NT=ms-proteomics;VV=v1.1.0	NT=vertebrates;VV=v1.1.0	manual curation	NT=Data-dependent acquisition;AC=PRIDE:0000627	NT=Orbitrap Fusion Lumos;AC=MS:1002732	NT=Trypsin;AC=MS:1001251	TMT132N	16	NT=higher energy beam-type collision-induced dissociation;AC=MS:1000422	5 ppm	0.6 Da	NT=dithiothreitol (DTT);AC=PRIDE:0000608	NT=methyl methanethiosulfonate (MMTS);AC=PRIDE:0000605	NT=Methylthio;AC=UNIMOD:39;TA=C;MT=Fixed	NT=Oxidation;AC=UNIMOD:35;TA=M;MT=Variable	NT=TMTpro;AC=UNIMOD:2016;TA=K;MT=Fixed	NT=TMTpro;AC=UNIMOD:2016;PP=Any N-term;MT=Fixed	4 hour	NIPC T2
set2-R21	Rattus norvegicus	heart	2	not applicable	tissue	4 hour	NIPC T2	adult	not available	not available	no	Lumos_221109_26-TMT132N	proteomic profiling by mass spectrometry	1	Lumos_221109_26.raw	v1.1.0	NT=ms-proteomics;VV=v1.1.0	NT=vertebrates;VV=v1.1.0	manual curation	NT=Data-dependent acquisition;AC=PRIDE:0000627	NT=Orbitrap Fusion Lumos;AC=MS:1002732	NT=Trypsin;AC=MS:1001251	TMT132N	17	NT=higher energy beam-type collision-induced dissociation;AC=MS:1000422	5 ppm	0.6 Da	NT=dithiothreitol (DTT);AC=PRIDE:0000608	NT=methyl methanethiosulfonate (MMTS);AC=PRIDE:0000605	NT=Methylthio;AC=UNIMOD:39;TA=C;MT=Fixed	NT=Oxidation;AC=UNIMOD:35;TA=M;MT=Variable	NT=TMTpro;AC=UNIMOD:2016;TA=K;MT=Fixed	NT=TMTpro;AC=UNIMOD:2016;PP=Any N-term;MT=Fixed	4 hour	NIPC T2
set2-R21	Rattus norvegicus	heart	2	not applicable	tissue	4 hour	NIPC T2	adult	not available	not available	no	Lumos_221109_27-TMT132N	proteomic profiling by mass spectrometry	1	Lumos_221109_27.raw	v1.1.0	NT=ms-proteomics;VV=v1.1.0	NT=vertebrates;VV=v1.1.0	manual curation	NT=Data-dependent acquisition;AC=PRIDE:0000627	NT=Orbitrap Fusion Lumos;AC=MS:1002732	NT=Trypsin;AC=MS:1001251	TMT132N	18	NT=higher energy beam-type collision-induced dissociation;AC=MS:1000422	5 ppm	0.6 Da	NT=dithiothreitol (DTT);AC=PRIDE:0000608	NT=methyl methanethiosulfonate (MMTS);AC=PRIDE:0000605	NT=Methylthio;AC=UNIMOD:39;TA=C;MT=Fixed	NT=Oxidation;AC=UNIMOD:35;TA=M;MT=Variable	NT=TMTpro;AC=UNIMOD:2016;TA=K;MT=Fixed	NT=TMTpro;AC=UNIMOD:2016;PP=Any N-term;MT=Fixed	4 hour	NIPC T2
set2-R21	Rattus norvegicus	heart	2	not applicable	tissue	4 hour	NIPC T2	adult	not available	not available	no	Lumos_221109_28-TMT132N	proteomic profiling by mass spectrometry	1	Lumos_221109_28.raw	v1.1.0	NT=ms-proteomics;VV=v1.1.0	NT=vertebrates;VV=v1.1.0	manual curation	NT=Data-dependent acquisition;AC=PRIDE:0000627	NT=Orbitrap Fusion Lumos;AC=MS:1002732	NT=Trypsin;AC=MS:1001251	TMT132N	19	NT=higher energy beam-type collision-induced dissociation;AC=MS:1000422	5 ppm	0.6 Da	NT=dithiothreitol (DTT);AC=PRIDE:0000608	NT=methyl methanethiosulfonate (MMTS);AC=PRIDE:0000605	NT=Methylthio;AC=UNIMOD:39;TA=C;MT=Fixed	NT=Oxidation;AC=UNIMOD:35;TA=M;MT=Variable	NT=TMTpro;AC=UNIMOD:2016;TA=K;MT=Fixed	NT=TMTpro;AC=UNIMOD:2016;PP=Any N-term;MT=Fixed	4 hour	NIPC T2
set2-R21	Rattus norvegicus	heart	2	not applicable	tissue	4 hour	NIPC T2	adult	not available	not available	no	Lumos_221109_29-TMT132N	proteomic profiling by mass spectrometry	1	Lumos_221109_29.raw	v1.1.0	NT=ms-proteomics;VV=v1.1.0	NT=vertebrates;VV=v1.1.0	manual curation	NT=Data-dependent acquisition;AC=PRIDE:0000627	NT=Orbitrap Fusion Lumos;AC=MS:1002732	NT=Trypsin;AC=MS:1001251	TMT132N	20	NT=higher energy beam-type collision-induced dissociation;AC=MS:1000422	5 ppm	0.6 Da	NT=dithiothreitol (DTT);AC=PRIDE:0000608	NT=methyl methanethiosulfonate (MMTS);AC=PRIDE:0000605	NT=Methylthio;AC=UNIMOD:39;TA=C;MT=Fixed	NT=Oxidation;AC=UNIMOD:35;TA=M;MT=Variable	NT=TMTpro;AC=UNIMOD:2016;TA=K;MT=Fixed	NT=TMTpro;AC=UNIMOD:2016;PP=Any N-term;MT=Fixed	4 hour	NIPC T2
set2-R21	Rattus norvegicus	heart	2	not applicable	tissue	4 hour	NIPC T2	adult	not available	not available	no	Lumos_221109_30-TMT132N	proteomic profiling by mass spectrometry	1	Lumos_221109_30.raw	v1.1.0	NT=ms-proteomics;VV=v1.1.0	NT=vertebrates;VV=v1.1.0	manual curation	NT=Data-dependent acquisition;AC=PRIDE:0000627	NT=Orbitrap Fusion Lumos;AC=MS:1002732	NT=Trypsin;AC=MS:1001251	TMT132N	21	NT=higher energy beam-type collision-induced dissociation;AC=MS:1000422	5 ppm	0.6 Da	NT=dithiothreitol (DTT);AC=PRIDE:0000608	NT=methyl methanethiosulfonate (MMTS);AC=PRIDE:0000605	NT=Methylthio;AC=UNIMOD:39;TA=C;MT=Fixed	NT=Oxidation;AC=UNIMOD:35;TA=M;MT=Variable	NT=TMTpro;AC=UNIMOD:2016;TA=K;MT=Fixed	NT=TMTpro;AC=UNIMOD:2016;PP=Any N-term;MT=Fixed	4 hour	NIPC T2
set2-R21	Rattus norvegicus	heart	2	not applicable	tissue	4 hour	NIPC T2	adult	not available	not available	no	Lumos_221109_31-TMT132N	proteomic profiling by mass spectrometry	1	Lumos_221109_31.raw	v1.1.0	NT=ms-proteomics;VV=v1.1.0	NT=vertebrates;VV=v1.1.0	manual curation	NT=Data-dependent acquisition;AC=PRIDE:0000627	NT=Orbitrap Fusion Lumos;AC=MS:1002732	NT=Trypsin;AC=MS:1001251	TMT132N	22	NT=higher energy beam-type collision-induced dissociation;AC=MS:1000422	5 ppm	0.6 Da	NT=dithiothreitol (DTT);AC=PRIDE:0000608	NT=methyl methanethiosulfonate (MMTS);AC=PRIDE:0000605	NT=Methylthio;AC=UNIMOD:39;TA=C;MT=Fixed	NT=Oxidation;AC=UNIMOD:35;TA=M;MT=Variable	NT=TMTpro;AC=UNIMOD:2016;TA=K;MT=Fixed	NT=TMTpro;AC=UNIMOD:2016;PP=Any N-term;MT=Fixed	4 hour	NIPC T2
set2-R11	Rattus norvegicus	heart	3	not applicable	tissue	4 hour	NIPC T2	adult	not available	not available	no	Lumos_221109_10-TMT132C	proteomic profiling by mass spectrometry	1	Lumos_221109_10.raw	v1.1.0	NT=ms-proteomics;VV=v1.1.0	NT=vertebrates;VV=v1.1.0	manual curation	NT=Data-dependent acquisition;AC=PRIDE:0000627	NT=Orbitrap Fusion Lumos;AC=MS:1002732	NT=Trypsin;AC=MS:1001251	TMT132C	1	NT=higher energy beam-type collision-induced dissociation;AC=MS:1000422	5 ppm	0.6 Da	NT=dithiothreitol (DTT);AC=PRIDE:0000608	NT=methyl methanethiosulfonate (MMTS);AC=PRIDE:0000605	NT=Methylthio;AC=UNIMOD:39;TA=C;MT=Fixed	NT=Oxidation;AC=UNIMOD:35;TA=M;MT=Variable	NT=TMTpro;AC=UNIMOD:2016;TA=K;MT=Fixed	NT=TMTpro;AC=UNIMOD:2016;PP=Any N-term;MT=Fixed	4 hour	NIPC T2
set2-R11	Rattus norvegicus	heart	3	not applicable	tissue	4 hour	NIPC T2	adult	not available	not available	no	Lumos_221109_11-TMT132C	proteomic profiling by mass spectrometry	1	Lumos_221109_11.raw	v1.1.0	NT=ms-proteomics;VV=v1.1.0	NT=vertebrates;VV=v1.1.0	manual curation	NT=Data-dependent acquisition;AC=PRIDE:0000627	NT=Orbitrap Fusion Lumos;AC=MS:1002732	NT=Trypsin;AC=MS:1001251	TMT132C	2	NT=higher energy beam-type collision-induced dissociation;AC=MS:1000422	5 ppm	0.6 Da	NT=dithiothreitol (DTT);AC=PRIDE:0000608	NT=methyl methanethiosulfonate (MMTS);AC=PRIDE:0000605	NT=Methylthio;AC=UNIMOD:39;TA=C;MT=Fixed	NT=Oxidation;AC=UNIMOD:35;TA=M;MT=Variable	NT=TMTpro;AC=UNIMOD:2016;TA=K;MT=Fixed	NT=TMTpro;AC=UNIMOD:2016;PP=Any N-term;MT=Fixed	4 hour	NIPC T2
set2-R11	Rattus norvegicus	heart	3	not applicable	tissue	4 hour	NIPC T2	adult	not available	not available	no	Lumos_221109_12-TMT132C	proteomic profiling by mass spectrometry	1	Lumos_221109_12.raw	v1.1.0	NT=ms-proteomics;VV=v1.1.0	NT=vertebrates;VV=v1.1.0	manual curation	NT=Data-dependent acquisition;AC=PRIDE:0000627	NT=Orbitrap Fusion Lumos;AC=MS:1002732	NT=Trypsin;AC=MS:1001251	TMT132C	3	NT=higher energy beam-type collision-induced dissociation;AC=MS:1000422	5 ppm	0.6 Da	NT=dithiothreitol (DTT);AC=PRIDE:0000608	NT=methyl methanethiosulfonate (MMTS);AC=PRIDE:0000605	NT=Methylthio;AC=UNIMOD:39;TA=C;MT=Fixed	NT=Oxidation;AC=UNIMOD:35;TA=M;MT=Variable	NT=TMTpro;AC=UNIMOD:2016;TA=K;MT=Fixed	NT=TMTpro;AC=UNIMOD:2016;PP=Any N-term;MT=Fixed	4 hour	NIPC T2
set2-R11	Rattus norvegicus	heart	3	not applicable	tissue	4 hour	NIPC T2	adult	not available	not available	no	Lumos_221109_13-TMT132C	proteomic profiling by mass spectrometry	1	Lumos_221109_13.raw	v1.1.0	NT=ms-proteomics;VV=v1.1.0	NT=vertebrates;VV=v1.1.0	manual curation	NT=Data-dependent acquisition;AC=PRIDE:0000627	NT=Orbitrap Fusion Lumos;AC=MS:1002732	NT=Trypsin;AC=MS:1001251	TMT132C	4	NT=higher energy beam-type collision-induced dissociation;AC=MS:1000422	5 ppm	0.6 Da	NT=dithiothreitol (DTT);AC=PRIDE:0000608	NT=methyl methanethiosulfonate (MMTS);AC=PRIDE:0000605	NT=Methylthio;AC=UNIMOD:39;TA=C;MT=Fixed	NT=Oxidation;AC=UNIMOD:35;TA=M;MT=Variable	NT=TMTpro;AC=UNIMOD:2016;TA=K;MT=Fixed	NT=TMTpro;AC=UNIMOD:2016;PP=Any N-term;MT=Fixed	4 hour	NIPC T2
set2-R11	Rattus norvegicus	heart	3	not applicable	tissue	4 hour	NIPC T2	adult	not available	not available	no	Lumos_221109_14-TMT132C	proteomic profiling by mass spectrometry	1	Lumos_221109_14.raw	v1.1.0	NT=ms-proteomics;VV=v1.1.0	NT=vertebrates;VV=v1.1.0	manual curation	NT=Data-dependent acquisition;AC=PRIDE:0000627	NT=Orbitrap Fusion Lumos;AC=MS:1002732	NT=Trypsin;AC=MS:1001251	TMT132C	5	NT=higher energy beam-type collision-induced dissociation;AC=MS:1000422	5 ppm	0.6 Da	NT=dithiothreitol (DTT);AC=PRIDE:0000608	NT=methyl methanethiosulfonate (MMTS);AC=PRIDE:0000605	NT=Methylthio;AC=UNIMOD:39;TA=C;MT=Fixed	NT=Oxidation;AC=UNIMOD:35;TA=M;MT=Variable	NT=TMTpro;AC=UNIMOD:2016;TA=K;MT=Fixed	NT=TMTpro;AC=UNIMOD:2016;PP=Any N-term;MT=Fixed	4 hour	NIPC T2
set2-R11	Rattus norvegicus	heart	3	not applicable	tissue	4 hour	NIPC T2	adult	not available	not available	no	Lumos_221109_15-TMT132C	proteomic profiling by mass spectrometry	1	Lumos_221109_15.raw	v1.1.0	NT=ms-proteomics;VV=v1.1.0	NT=vertebrates;VV=v1.1.0	manual curation	NT=Data-dependent acquisition;AC=PRIDE:0000627	NT=Orbitrap Fusion Lumos;AC=MS:1002732	NT=Trypsin;AC=MS:1001251	TMT132C	6	NT=higher energy beam-type collision-induced dissociation;AC=MS:1000422	5 ppm	0.6 Da	NT=dithiothreitol (DTT);AC=PRIDE:0000608	NT=methyl methanethiosulfonate (MMTS);AC=PRIDE:0000605	NT=Methylthio;AC=UNIMOD:39;TA=C;MT=Fixed	NT=Oxidation;AC=UNIMOD:35;TA=M;MT=Variable	NT=TMTpro;AC=UNIMOD:2016;TA=K;MT=Fixed	NT=TMTpro;AC=UNIMOD:2016;PP=Any N-term;MT=Fixed	4 hour	NIPC T2
set2-R11	Rattus norvegicus	heart	3	not applicable	tissue	4 hour	NIPC T2	adult	not available	not available	no	Lumos_221109_16-TMT132C	proteomic profiling by mass spectrometry	1	Lumos_221109_16.raw	v1.1.0	NT=ms-proteomics;VV=v1.1.0	NT=vertebrates;VV=v1.1.0	manual curation	NT=Data-dependent acquisition;AC=PRIDE:0000627	NT=Orbitrap Fusion Lumos;AC=MS:1002732	NT=Trypsin;AC=MS:1001251	TMT132C	7	NT=higher energy beam-type collision-induced dissociation;AC=MS:1000422	5 ppm	0.6 Da	NT=dithiothreitol (DTT);AC=PRIDE:0000608	NT=methyl methanethiosulfonate (MMTS);AC=PRIDE:0000605	NT=Methylthio;AC=UNIMOD:39;TA=C;MT=Fixed	NT=Oxidation;AC=UNIMOD:35;TA=M;MT=Variable	NT=TMTpro;AC=UNIMOD:2016;TA=K;MT=Fixed	NT=TMTpro;AC=UNIMOD:2016;PP=Any N-term;MT=Fixed	4 hour	NIPC T2
set2-R11	Rattus norvegicus	heart	3	not applicable	tissue	4 hour	NIPC T2	adult	not available	not available	no	Lumos_221109_17-TMT132C	proteomic profiling by mass spectrometry	1	Lumos_221109_17.raw	v1.1.0	NT=ms-proteomics;VV=v1.1.0	NT=vertebrates;VV=v1.1.0	manual curation	NT=Data-dependent acquisition;AC=PRIDE:0000627	NT=Orbitrap Fusion Lumos;AC=MS:1002732	NT=Trypsin;AC=MS:1001251	TMT132C	8	NT=higher energy beam-type collision-induced dissociation;AC=MS:1000422	5 ppm	0.6 Da	NT=dithiothreitol (DTT);AC=PRIDE:0000608	NT=methyl methanethiosulfonate (MMTS);AC=PRIDE:0000605	NT=Methylthio;AC=UNIMOD:39;TA=C;MT=Fixed	NT=Oxidation;AC=UNIMOD:35;TA=M;MT=Variable	NT=TMTpro;AC=UNIMOD:2016;TA=K;MT=Fixed	NT=TMTpro;AC=UNIMOD:2016;PP=Any N-term;MT=Fixed	4 hour	NIPC T2
set2-R11	Rattus norvegicus	heart	3	not applicable	tissue	4 hour	NIPC T2	adult	not available	not available	no	Lumos_221109_18-TMT132C	proteomic profiling by mass spectrometry	1	Lumos_221109_18.raw	v1.1.0	NT=ms-proteomics;VV=v1.1.0	NT=vertebrates;VV=v1.1.0	manual curation	NT=Data-dependent acquisition;AC=PRIDE:0000627	NT=Orbitrap Fusion Lumos;AC=MS:1002732	NT=Trypsin;AC=MS:1001251	TMT132C	9	NT=higher energy beam-type collision-induced dissociation;AC=MS:1000422	5 ppm	0.6 Da	NT=dithiothreitol (DTT);AC=PRIDE:0000608	NT=methyl methanethiosulfonate (MMTS);AC=PRIDE:0000605	NT=Methylthio;AC=UNIMOD:39;TA=C;MT=Fixed	NT=Oxidation;AC=UNIMOD:35;TA=M;MT=Variable	NT=TMTpro;AC=UNIMOD:2016;TA=K;MT=Fixed	NT=TMTpro;AC=UNIMOD:2016;PP=Any N-term;MT=Fixed	4 hour	NIPC T2
set2-R11	Rattus norvegicus	heart	3	not applicable	tissue	4 hour	NIPC T2	adult	not available	not available	no	Lumos_221109_19-TMT132C	proteomic profiling by mass spectrometry	1	Lumos_221109_19.raw	v1.1.0	NT=ms-proteomics;VV=v1.1.0	NT=vertebrates;VV=v1.1.0	manual curation	NT=Data-dependent acquisition;AC=PRIDE:0000627	NT=Orbitrap Fusion Lumos;AC=MS:1002732	NT=Trypsin;AC=MS:1001251	TMT132C	10	NT=higher energy beam-type collision-induced dissociation;AC=MS:1000422	5 ppm	0.6 Da	NT=dithiothreitol (DTT);AC=PRIDE:0000608	NT=methyl methanethiosulfonate (MMTS);AC=PRIDE:0000605	NT=Methylthio;AC=UNIMOD:39;TA=C;MT=Fixed	NT=Oxidation;AC=UNIMOD:35;TA=M;MT=Variable	NT=TMTpro;AC=UNIMOD:2016;TA=K;MT=Fixed	NT=TMTpro;AC=UNIMOD:2016;PP=Any N-term;MT=Fixed	4 hour	NIPC T2
set2-R11	Rattus norvegicus	heart	3	not applicable	tissue	4 hour	NIPC T2	adult	not available	not available	no	Lumos_221109_20-TMT132C	proteomic profiling by mass spectrometry	1	Lumos_221109_20.raw	v1.1.0	NT=ms-proteomics;VV=v1.1.0	NT=vertebrates;VV=v1.1.0	manual curation	NT=Data-dependent acquisition;AC=PRIDE:0000627	NT=Orbitrap Fusion Lumos;AC=MS:1002732	NT=Trypsin;AC=MS:1001251	TMT132C	11	NT=higher energy beam-type collision-induced dissociation;AC=MS:1000422	5 ppm	0.6 Da	NT=dithiothreitol (DTT);AC=PRIDE:0000608	NT=methyl methanethiosulfonate (MMTS);AC=PRIDE:0000605	NT=Methylthio;AC=UNIMOD:39;TA=C;MT=Fixed	NT=Oxidation;AC=UNIMOD:35;TA=M;MT=Variable	NT=TMTpro;AC=UNIMOD:2016;TA=K;MT=Fixed	NT=TMTpro;AC=UNIMOD:2016;PP=Any N-term;MT=Fixed	4 hour	NIPC T2
set2-R11	Rattus norvegicus	heart	3	not applicable	tissue	4 hour	NIPC T2	adult	not available	not available	no	Lumos_221109_21-TMT132C	proteomic profiling by mass spectrometry	1	Lumos_221109_21.raw	v1.1.0	NT=ms-proteomics;VV=v1.1.0	NT=vertebrates;VV=v1.1.0	manual curation	NT=Data-dependent acquisition;AC=PRIDE:0000627	NT=Orbitrap Fusion Lumos;AC=MS:1002732	NT=Trypsin;AC=MS:1001251	TMT132C	12	NT=higher energy beam-type collision-induced dissociation;AC=MS:1000422	5 ppm	0.6 Da	NT=dithiothreitol (DTT);AC=PRIDE:0000608	NT=methyl methanethiosulfonate (MMTS);AC=PRIDE:0000605	NT=Methylthio;AC=UNIMOD:39;TA=C;MT=Fixed	NT=Oxidation;AC=UNIMOD:35;TA=M;MT=Variable	NT=TMTpro;AC=UNIMOD:2016;TA=K;MT=Fixed	NT=TMTpro;AC=UNIMOD:2016;PP=Any N-term;MT=Fixed	4 hour	NIPC T2
set2-R11	Rattus norvegicus	heart	3	not applicable	tissue	4 hour	NIPC T2	adult	not available	not available	no	Lumos_221109_22-TMT132C	proteomic profiling by mass spectrometry	1	Lumos_221109_22.raw	v1.1.0	NT=ms-proteomics;VV=v1.1.0	NT=vertebrates;VV=v1.1.0	manual curation	NT=Data-dependent acquisition;AC=PRIDE:0000627	NT=Orbitrap Fusion Lumos;AC=MS:1002732	NT=Trypsin;AC=MS:1001251	TMT132C	13	NT=higher energy beam-type collision-induced dissociation;AC=MS:1000422	5 ppm	0.6 Da	NT=dithiothreitol (DTT);AC=PRIDE:0000608	NT=methyl methanethiosulfonate (MMTS);AC=PRIDE:0000605	NT=Methylthio;AC=UNIMOD:39;TA=C;MT=Fixed	NT=Oxidation;AC=UNIMOD:35;TA=M;MT=Variable	NT=TMTpro;AC=UNIMOD:2016;TA=K;MT=Fixed	NT=TMTpro;AC=UNIMOD:2016;PP=Any N-term;MT=Fixed	4 hour	NIPC T2
set2-R11	Rattus norvegicus	heart	3	not applicable	tissue	4 hour	NIPC T2	adult	not available	not available	no	Lumos_221109_23-TMT132C	proteomic profiling by mass spectrometry	1	Lumos_221109_23.raw	v1.1.0	NT=ms-proteomics;VV=v1.1.0	NT=vertebrates;VV=v1.1.0	manual curation	NT=Data-dependent acquisition;AC=PRIDE:0000627	NT=Orbitrap Fusion Lumos;AC=MS:1002732	NT=Trypsin;AC=MS:1001251	TMT132C	14	NT=higher energy beam-type collision-induced dissociation;AC=MS:1000422	5 ppm	0.6 Da	NT=dithiothreitol (DTT);AC=PRIDE:0000608	NT=methyl methanethiosulfonate (MMTS);AC=PRIDE:0000605	NT=Methylthio;AC=UNIMOD:39;TA=C;MT=Fixed	NT=Oxidation;AC=UNIMOD:35;TA=M;MT=Variable	NT=TMTpro;AC=UNIMOD:2016;TA=K;MT=Fixed	NT=TMTpro;AC=UNIMOD:2016;PP=Any N-term;MT=Fixed	4 hour	NIPC T2
set2-R11	Rattus norvegicus	heart	3	not applicable	tissue	4 hour	NIPC T2	adult	not available	not available	no	Lumos_221109_24-TMT132C	proteomic profiling by mass spectrometry	1	Lumos_221109_24.raw	v1.1.0	NT=ms-proteomics;VV=v1.1.0	NT=vertebrates;VV=v1.1.0	manual curation	NT=Data-dependent acquisition;AC=PRIDE:0000627	NT=Orbitrap Fusion Lumos;AC=MS:1002732	NT=Trypsin;AC=MS:1001251	TMT132C	15	NT=higher energy beam-type collision-induced dissociation;AC=MS:1000422	5 ppm	0.6 Da	NT=dithiothreitol (DTT);AC=PRIDE:0000608	NT=methyl methanethiosulfonate (MMTS);AC=PRIDE:0000605	NT=Methylthio;AC=UNIMOD:39;TA=C;MT=Fixed	NT=Oxidation;AC=UNIMOD:35;TA=M;MT=Variable	NT=TMTpro;AC=UNIMOD:2016;TA=K;MT=Fixed	NT=TMTpro;AC=UNIMOD:2016;PP=Any N-term;MT=Fixed	4 hour	NIPC T2
set2-R11	Rattus norvegicus	heart	3	not applicable	tissue	4 hour	NIPC T2	adult	not available	not available	no	Lumos_221109_25-TMT132C	proteomic profiling by mass spectrometry	1	Lumos_221109_25.raw	v1.1.0	NT=ms-proteomics;VV=v1.1.0	NT=vertebrates;VV=v1.1.0	manual curation	NT=Data-dependent acquisition;AC=PRIDE:0000627	NT=Orbitrap Fusion Lumos;AC=MS:1002732	NT=Trypsin;AC=MS:1001251	TMT132C	16	NT=higher energy beam-type collision-induced dissociation;AC=MS:1000422	5 ppm	0.6 Da	NT=dithiothreitol (DTT);AC=PRIDE:0000608	NT=methyl methanethiosulfonate (MMTS);AC=PRIDE:0000605	NT=Methylthio;AC=UNIMOD:39;TA=C;MT=Fixed	NT=Oxidation;AC=UNIMOD:35;TA=M;MT=Variable	NT=TMTpro;AC=UNIMOD:2016;TA=K;MT=Fixed	NT=TMTpro;AC=UNIMOD:2016;PP=Any N-term;MT=Fixed	4 hour	NIPC T2
set2-R11	Rattus norvegicus	heart	3	not applicable	tissue	4 hour	NIPC T2	adult	not available	not available	no	Lumos_221109_26-TMT132C	proteomic profiling by mass spectrometry	1	Lumos_221109_26.raw	v1.1.0	NT=ms-proteomics;VV=v1.1.0	NT=vertebrates;VV=v1.1.0	manual curation	NT=Data-dependent acquisition;AC=PRIDE:0000627	NT=Orbitrap Fusion Lumos;AC=MS:1002732	NT=Trypsin;AC=MS:1001251	TMT132C	17	NT=higher energy beam-type collision-induced dissociation;AC=MS:1000422	5 ppm	0.6 Da	NT=dithiothreitol (DTT);AC=PRIDE:0000608	NT=methyl methanethiosulfonate (MMTS);AC=PRIDE:0000605	NT=Methylthio;AC=UNIMOD:39;TA=C;MT=Fixed	NT=Oxidation;AC=UNIMOD:35;TA=M;MT=Variable	NT=TMTpro;AC=UNIMOD:2016;TA=K;MT=Fixed	NT=TMTpro;AC=UNIMOD:2016;PP=Any N-term;MT=Fixed	4 hour	NIPC T2
set2-R11	Rattus norvegicus	heart	3	not applicable	tissue	4 hour	NIPC T2	adult	not available	not available	no	Lumos_221109_27-TMT132C	proteomic profiling by mass spectrometry	1	Lumos_221109_27.raw	v1.1.0	NT=ms-proteomics;VV=v1.1.0	NT=vertebrates;VV=v1.1.0	manual curation	NT=Data-dependent acquisition;AC=PRIDE:0000627	NT=Orbitrap Fusion Lumos;AC=MS:1002732	NT=Trypsin;AC=MS:1001251	TMT132C	18	NT=higher energy beam-type collision-induced dissociation;AC=MS:1000422	5 ppm	0.6 Da	NT=dithiothreitol (DTT);AC=PRIDE:0000608	NT=methyl methanethiosulfonate (MMTS);AC=PRIDE:0000605	NT=Methylthio;AC=UNIMOD:39;TA=C;MT=Fixed	NT=Oxidation;AC=UNIMOD:35;TA=M;MT=Variable	NT=TMTpro;AC=UNIMOD:2016;TA=K;MT=Fixed	NT=TMTpro;AC=UNIMOD:2016;PP=Any N-term;MT=Fixed	4 hour	NIPC T2
set2-R11	Rattus norvegicus	heart	3	not applicable	tissue	4 hour	NIPC T2	adult	not available	not available	no	Lumos_221109_28-TMT132C	proteomic profiling by mass spectrometry	1	Lumos_221109_28.raw	v1.1.0	NT=ms-proteomics;VV=v1.1.0	NT=vertebrates;VV=v1.1.0	manual curation	NT=Data-dependent acquisition;AC=PRIDE:0000627	NT=Orbitrap Fusion Lumos;AC=MS:1002732	NT=Trypsin;AC=MS:1001251	TMT132C	19	NT=higher energy beam-type collision-induced dissociation;AC=MS:1000422	5 ppm	0.6 Da	NT=dithiothreitol (DTT);AC=PRIDE:0000608	NT=methyl methanethiosulfonate (MMTS);AC=PRIDE:0000605	NT=Methylthio;AC=UNIMOD:39;TA=C;MT=Fixed	NT=Oxidation;AC=UNIMOD:35;TA=M;MT=Variable	NT=TMTpro;AC=UNIMOD:2016;TA=K;MT=Fixed	NT=TMTpro;AC=UNIMOD:2016;PP=Any N-term;MT=Fixed	4 hour	NIPC T2
set2-R11	Rattus norvegicus	heart	3	not applicable	tissue	4 hour	NIPC T2	adult	not available	not available	no	Lumos_221109_29-TMT132C	proteomic profiling by mass spectrometry	1	Lumos_221109_29.raw	v1.1.0	NT=ms-proteomics;VV=v1.1.0	NT=vertebrates;VV=v1.1.0	manual curation	NT=Data-dependent acquisition;AC=PRIDE:0000627	NT=Orbitrap Fusion Lumos;AC=MS:1002732	NT=Trypsin;AC=MS:1001251	TMT132C	20	NT=higher energy beam-type collision-induced dissociation;AC=MS:1000422	5 ppm	0.6 Da	NT=dithiothreitol (DTT);AC=PRIDE:0000608	NT=methyl methanethiosulfonate (MMTS);AC=PRIDE:0000605	NT=Methylthio;AC=UNIMOD:39;TA=C;MT=Fixed	NT=Oxidation;AC=UNIMOD:35;TA=M;MT=Variable	NT=TMTpro;AC=UNIMOD:2016;TA=K;MT=Fixed	NT=TMTpro;AC=UNIMOD:2016;PP=Any N-term;MT=Fixed	4 hour	NIPC T2
set2-R11	Rattus norvegicus	heart	3	not applicable	tissue	4 hour	NIPC T2	adult	not available	not available	no	Lumos_221109_30-TMT132C	proteomic profiling by mass spectrometry	1	Lumos_221109_30.raw	v1.1.0	NT=ms-proteomics;VV=v1.1.0	NT=vertebrates;VV=v1.1.0	manual curation	NT=Data-dependent acquisition;AC=PRIDE:0000627	NT=Orbitrap Fusion Lumos;AC=MS:1002732	NT=Trypsin;AC=MS:1001251	TMT132C	21	NT=higher energy beam-type collision-induced dissociation;AC=MS:1000422	5 ppm	0.6 Da	NT=dithiothreitol (DTT);AC=PRIDE:0000608	NT=methyl methanethiosulfonate (MMTS);AC=PRIDE:0000605	NT=Methylthio;AC=UNIMOD:39;TA=C;MT=Fixed	NT=Oxidation;AC=UNIMOD:35;TA=M;MT=Variable	NT=TMTpro;AC=UNIMOD:2016;TA=K;MT=Fixed	NT=TMTpro;AC=UNIMOD:2016;PP=Any N-term;MT=Fixed	4 hour	NIPC T2
set2-R11	Rattus norvegicus	heart	3	not applicable	tissue	4 hour	NIPC T2	adult	not available	not available	no	Lumos_221109_31-TMT132C	proteomic profiling by mass spectrometry	1	Lumos_221109_31.raw	v1.1.0	NT=ms-proteomics;VV=v1.1.0	NT=vertebrates;VV=v1.1.0	manual curation	NT=Data-dependent acquisition;AC=PRIDE:0000627	NT=Orbitrap Fusion Lumos;AC=MS:1002732	NT=Trypsin;AC=MS:1001251	TMT132C	22	NT=higher energy beam-type collision-induced dissociation;AC=MS:1000422	5 ppm	0.6 Da	NT=dithiothreitol (DTT);AC=PRIDE:0000608	NT=methyl methanethiosulfonate (MMTS);AC=PRIDE:0000605	NT=Methylthio;AC=UNIMOD:39;TA=C;MT=Fixed	NT=Oxidation;AC=UNIMOD:35;TA=M;MT=Variable	NT=TMTpro;AC=UNIMOD:2016;TA=K;MT=Fixed	NT=TMTpro;AC=UNIMOD:2016;PP=Any N-term;MT=Fixed	4 hour	NIPC T2
set2-R32_2	Rattus norvegicus	heart	4	not applicable	tissue	4 hour	NIPC T2	adult	not available	not available	no	Lumos_221109_10-TMT133N	proteomic profiling by mass spectrometry	1	Lumos_221109_10.raw	v1.1.0	NT=ms-proteomics;VV=v1.1.0	NT=vertebrates;VV=v1.1.0	manual curation	NT=Data-dependent acquisition;AC=PRIDE:0000627	NT=Orbitrap Fusion Lumos;AC=MS:1002732	NT=Trypsin;AC=MS:1001251	TMT133N	1	NT=higher energy beam-type collision-induced dissociation;AC=MS:1000422	5 ppm	0.6 Da	NT=dithiothreitol (DTT);AC=PRIDE:0000608	NT=methyl methanethiosulfonate (MMTS);AC=PRIDE:0000605	NT=Methylthio;AC=UNIMOD:39;TA=C;MT=Fixed	NT=Oxidation;AC=UNIMOD:35;TA=M;MT=Variable	NT=TMTpro;AC=UNIMOD:2016;TA=K;MT=Fixed	NT=TMTpro;AC=UNIMOD:2016;PP=Any N-term;MT=Fixed	4 hour	NIPC T2
set2-R32_2	Rattus norvegicus	heart	4	not applicable	tissue	4 hour	NIPC T2	adult	not available	not available	no	Lumos_221109_11-TMT133N	proteomic profiling by mass spectrometry	1	Lumos_221109_11.raw	v1.1.0	NT=ms-proteomics;VV=v1.1.0	NT=vertebrates;VV=v1.1.0	manual curation	NT=Data-dependent acquisition;AC=PRIDE:0000627	NT=Orbitrap Fusion Lumos;AC=MS:1002732	NT=Trypsin;AC=MS:1001251	TMT133N	2	NT=higher energy beam-type collision-induced dissociation;AC=MS:1000422	5 ppm	0.6 Da	NT=dithiothreitol (DTT);AC=PRIDE:0000608	NT=methyl methanethiosulfonate (MMTS);AC=PRIDE:0000605	NT=Methylthio;AC=UNIMOD:39;TA=C;MT=Fixed	NT=Oxidation;AC=UNIMOD:35;TA=M;MT=Variable	NT=TMTpro;AC=UNIMOD:2016;TA=K;MT=Fixed	NT=TMTpro;AC=UNIMOD:2016;PP=Any N-term;MT=Fixed	4 hour	NIPC T2
set2-R32_2	Rattus norvegicus	heart	4	not applicable	tissue	4 hour	NIPC T2	adult	not available	not available	no	Lumos_221109_12-TMT133N	proteomic profiling by mass spectrometry	1	Lumos_221109_12.raw	v1.1.0	NT=ms-proteomics;VV=v1.1.0	NT=vertebrates;VV=v1.1.0	manual curation	NT=Data-dependent acquisition;AC=PRIDE:0000627	NT=Orbitrap Fusion Lumos;AC=MS:1002732	NT=Trypsin;AC=MS:1001251	TMT133N	3	NT=higher energy beam-type collision-induced dissociation;AC=MS:1000422	5 ppm	0.6 Da	NT=dithiothreitol (DTT);AC=PRIDE:0000608	NT=methyl methanethiosulfonate (MMTS);AC=PRIDE:0000605	NT=Methylthio;AC=UNIMOD:39;TA=C;MT=Fixed	NT=Oxidation;AC=UNIMOD:35;TA=M;MT=Variable	NT=TMTpro;AC=UNIMOD:2016;TA=K;MT=Fixed	NT=TMTpro;AC=UNIMOD:2016;PP=Any N-term;MT=Fixed	4 hour	NIPC T2
set2-R32_2	Rattus norvegicus	heart	4	not applicable	tissue	4 hour	NIPC T2	adult	not available	not available	no	Lumos_221109_13-TMT133N	proteomic profiling by mass spectrometry	1	Lumos_221109_13.raw	v1.1.0	NT=ms-proteomics;VV=v1.1.0	NT=vertebrates;VV=v1.1.0	manual curation	NT=Data-dependent acquisition;AC=PRIDE:0000627	NT=Orbitrap Fusion Lumos;AC=MS:1002732	NT=Trypsin;AC=MS:1001251	TMT133N	4	NT=higher energy beam-type collision-induced dissociation;AC=MS:1000422	5 ppm	0.6 Da	NT=dithiothreitol (DTT);AC=PRIDE:0000608	NT=methyl methanethiosulfonate (MMTS);AC=PRIDE:0000605	NT=Methylthio;AC=UNIMOD:39;TA=C;MT=Fixed	NT=Oxidation;AC=UNIMOD:35;TA=M;MT=Variable	NT=TMTpro;AC=UNIMOD:2016;TA=K;MT=Fixed	NT=TMTpro;AC=UNIMOD:2016;PP=Any N-term;MT=Fixed	4 hour	NIPC T2
set2-R32_2	Rattus norvegicus	heart	4	not applicable	tissue	4 hour	NIPC T2	adult	not available	not available	no	Lumos_221109_14-TMT133N	proteomic profiling by mass spectrometry	1	Lumos_221109_14.raw	v1.1.0	NT=ms-proteomics;VV=v1.1.0	NT=vertebrates;VV=v1.1.0	manual curation	NT=Data-dependent acquisition;AC=PRIDE:0000627	NT=Orbitrap Fusion Lumos;AC=MS:1002732	NT=Trypsin;AC=MS:1001251	TMT133N	5	NT=higher energy beam-type collision-induced dissociation;AC=MS:1000422	5 ppm	0.6 Da	NT=dithiothreitol (DTT);AC=PRIDE:0000608	NT=methyl methanethiosulfonate (MMTS);AC=PRIDE:0000605	NT=Methylthio;AC=UNIMOD:39;TA=C;MT=Fixed	NT=Oxidation;AC=UNIMOD:35;TA=M;MT=Variable	NT=TMTpro;AC=UNIMOD:2016;TA=K;MT=Fixed	NT=TMTpro;AC=UNIMOD:2016;PP=Any N-term;MT=Fixed	4 hour	NIPC T2
set2-R32_2	Rattus norvegicus	heart	4	not applicable	tissue	4 hour	NIPC T2	adult	not available	not available	no	Lumos_221109_15-TMT133N	proteomic profiling by mass spectrometry	1	Lumos_221109_15.raw	v1.1.0	NT=ms-proteomics;VV=v1.1.0	NT=vertebrates;VV=v1.1.0	manual curation	NT=Data-dependent acquisition;AC=PRIDE:0000627	NT=Orbitrap Fusion Lumos;AC=MS:1002732	NT=Trypsin;AC=MS:1001251	TMT133N	6	NT=higher energy beam-type collision-induced dissociation;AC=MS:1000422	5 ppm	0.6 Da	NT=dithiothreitol (DTT);AC=PRIDE:0000608	NT=methyl methanethiosulfonate (MMTS);AC=PRIDE:0000605	NT=Methylthio;AC=UNIMOD:39;TA=C;MT=Fixed	NT=Oxidation;AC=UNIMOD:35;TA=M;MT=Variable	NT=TMTpro;AC=UNIMOD:2016;TA=K;MT=Fixed	NT=TMTpro;AC=UNIMOD:2016;PP=Any N-term;MT=Fixed	4 hour	NIPC T2
set2-R32_2	Rattus norvegicus	heart	4	not applicable	tissue	4 hour	NIPC T2	adult	not available	not available	no	Lumos_221109_16-TMT133N	proteomic profiling by mass spectrometry	1	Lumos_221109_16.raw	v1.1.0	NT=ms-proteomics;VV=v1.1.0	NT=vertebrates;VV=v1.1.0	manual curation	NT=Data-dependent acquisition;AC=PRIDE:0000627	NT=Orbitrap Fusion Lumos;AC=MS:1002732	NT=Trypsin;AC=MS:1001251	TMT133N	7	NT=higher energy beam-type collision-induced dissociation;AC=MS:1000422	5 ppm	0.6 Da	NT=dithiothreitol (DTT);AC=PRIDE:0000608	NT=methyl methanethiosulfonate (MMTS);AC=PRIDE:0000605	NT=Methylthio;AC=UNIMOD:39;TA=C;MT=Fixed	NT=Oxidation;AC=UNIMOD:35;TA=M;MT=Variable	NT=TMTpro;AC=UNIMOD:2016;TA=K;MT=Fixed	NT=TMTpro;AC=UNIMOD:2016;PP=Any N-term;MT=Fixed	4 hour	NIPC T2
set2-R32_2	Rattus norvegicus	heart	4	not applicable	tissue	4 hour	NIPC T2	adult	not available	not available	no	Lumos_221109_17-TMT133N	proteomic profiling by mass spectrometry	1	Lumos_221109_17.raw	v1.1.0	NT=ms-proteomics;VV=v1.1.0	NT=vertebrates;VV=v1.1.0	manual curation	NT=Data-dependent acquisition;AC=PRIDE:0000627	NT=Orbitrap Fusion Lumos;AC=MS:1002732	NT=Trypsin;AC=MS:1001251	TMT133N	8	NT=higher energy beam-type collision-induced dissociation;AC=MS:1000422	5 ppm	0.6 Da	NT=dithiothreitol (DTT);AC=PRIDE:0000608	NT=methyl methanethiosulfonate (MMTS);AC=PRIDE:0000605	NT=Methylthio;AC=UNIMOD:39;TA=C;MT=Fixed	NT=Oxidation;AC=UNIMOD:35;TA=M;MT=Variable	NT=TMTpro;AC=UNIMOD:2016;TA=K;MT=Fixed	NT=TMTpro;AC=UNIMOD:2016;PP=Any N-term;MT=Fixed	4 hour	NIPC T2
set2-R32_2	Rattus norvegicus	heart	4	not applicable	tissue	4 hour	NIPC T2	adult	not available	not available	no	Lumos_221109_18-TMT133N	proteomic profiling by mass spectrometry	1	Lumos_221109_18.raw	v1.1.0	NT=ms-proteomics;VV=v1.1.0	NT=vertebrates;VV=v1.1.0	manual curation	NT=Data-dependent acquisition;AC=PRIDE:0000627	NT=Orbitrap Fusion Lumos;AC=MS:1002732	NT=Trypsin;AC=MS:1001251	TMT133N	9	NT=higher energy beam-type collision-induced dissociation;AC=MS:1000422	5 ppm	0.6 Da	NT=dithiothreitol (DTT);AC=PRIDE:0000608	NT=methyl methanethiosulfonate (MMTS);AC=PRIDE:0000605	NT=Methylthio;AC=UNIMOD:39;TA=C;MT=Fixed	NT=Oxidation;AC=UNIMOD:35;TA=M;MT=Variable	NT=TMTpro;AC=UNIMOD:2016;TA=K;MT=Fixed	NT=TMTpro;AC=UNIMOD:2016;PP=Any N-term;MT=Fixed	4 hour	NIPC T2
set2-R32_2	Rattus norvegicus	heart	4	not applicable	tissue	4 hour	NIPC T2	adult	not available	not available	no	Lumos_221109_19-TMT133N	proteomic profiling by mass spectrometry	1	Lumos_221109_19.raw	v1.1.0	NT=ms-proteomics;VV=v1.1.0	NT=vertebrates;VV=v1.1.0	manual curation	NT=Data-dependent acquisition;AC=PRIDE:0000627	NT=Orbitrap Fusion Lumos;AC=MS:1002732	NT=Trypsin;AC=MS:1001251	TMT133N	10	NT=higher energy beam-type collision-induced dissociation;AC=MS:1000422	5 ppm	0.6 Da	NT=dithiothreitol (DTT);AC=PRIDE:0000608	NT=methyl methanethiosulfonate (MMTS);AC=PRIDE:0000605	NT=Methylthio;AC=UNIMOD:39;TA=C;MT=Fixed	NT=Oxidation;AC=UNIMOD:35;TA=M;MT=Variable	NT=TMTpro;AC=UNIMOD:2016;TA=K;MT=Fixed	NT=TMTpro;AC=UNIMOD:2016;PP=Any N-term;MT=Fixed	4 hour	NIPC T2
set2-R32_2	Rattus norvegicus	heart	4	not applicable	tissue	4 hour	NIPC T2	adult	not available	not available	no	Lumos_221109_20-TMT133N	proteomic profiling by mass spectrometry	1	Lumos_221109_20.raw	v1.1.0	NT=ms-proteomics;VV=v1.1.0	NT=vertebrates;VV=v1.1.0	manual curation	NT=Data-dependent acquisition;AC=PRIDE:0000627	NT=Orbitrap Fusion Lumos;AC=MS:1002732	NT=Trypsin;AC=MS:1001251	TMT133N	11	NT=higher energy beam-type collision-induced dissociation;AC=MS:1000422	5 ppm	0.6 Da	NT=dithiothreitol (DTT);AC=PRIDE:0000608	NT=methyl methanethiosulfonate (MMTS);AC=PRIDE:0000605	NT=Methylthio;AC=UNIMOD:39;TA=C;MT=Fixed	NT=Oxidation;AC=UNIMOD:35;TA=M;MT=Variable	NT=TMTpro;AC=UNIMOD:2016;TA=K;MT=Fixed	NT=TMTpro;AC=UNIMOD:2016;PP=Any N-term;MT=Fixed	4 hour	NIPC T2
set2-R32_2	Rattus norvegicus	heart	4	not applicable	tissue	4 hour	NIPC T2	adult	not available	not available	no	Lumos_221109_21-TMT133N	proteomic profiling by mass spectrometry	1	Lumos_221109_21.raw	v1.1.0	NT=ms-proteomics;VV=v1.1.0	NT=vertebrates;VV=v1.1.0	manual curation	NT=Data-dependent acquisition;AC=PRIDE:0000627	NT=Orbitrap Fusion Lumos;AC=MS:1002732	NT=Trypsin;AC=MS:1001251	TMT133N	12	NT=higher energy beam-type collision-induced dissociation;AC=MS:1000422	5 ppm	0.6 Da	NT=dithiothreitol (DTT);AC=PRIDE:0000608	NT=methyl methanethiosulfonate (MMTS);AC=PRIDE:0000605	NT=Methylthio;AC=UNIMOD:39;TA=C;MT=Fixed	NT=Oxidation;AC=UNIMOD:35;TA=M;MT=Variable	NT=TMTpro;AC=UNIMOD:2016;TA=K;MT=Fixed	NT=TMTpro;AC=UNIMOD:2016;PP=Any N-term;MT=Fixed	4 hour	NIPC T2
set2-R32_2	Rattus norvegicus	heart	4	not applicable	tissue	4 hour	NIPC T2	adult	not available	not available	no	Lumos_221109_22-TMT133N	proteomic profiling by mass spectrometry	1	Lumos_221109_22.raw	v1.1.0	NT=ms-proteomics;VV=v1.1.0	NT=vertebrates;VV=v1.1.0	manual curation	NT=Data-dependent acquisition;AC=PRIDE:0000627	NT=Orbitrap Fusion Lumos;AC=MS:1002732	NT=Trypsin;AC=MS:1001251	TMT133N	13	NT=higher energy beam-type collision-induced dissociation;AC=MS:1000422	5 ppm	0.6 Da	NT=dithiothreitol (DTT);AC=PRIDE:0000608	NT=methyl methanethiosulfonate (MMTS);AC=PRIDE:0000605	NT=Methylthio;AC=UNIMOD:39;TA=C;MT=Fixed	NT=Oxidation;AC=UNIMOD:35;TA=M;MT=Variable	NT=TMTpro;AC=UNIMOD:2016;TA=K;MT=Fixed	NT=TMTpro;AC=UNIMOD:2016;PP=Any N-term;MT=Fixed	4 hour	NIPC T2
set2-R32_2	Rattus norvegicus	heart	4	not applicable	tissue	4 hour	NIPC T2	adult	not available	not available	no	Lumos_221109_23-TMT133N	proteomic profiling by mass spectrometry	1	Lumos_221109_23.raw	v1.1.0	NT=ms-proteomics;VV=v1.1.0	NT=vertebrates;VV=v1.1.0	manual curation	NT=Data-dependent acquisition;AC=PRIDE:0000627	NT=Orbitrap Fusion Lumos;AC=MS:1002732	NT=Trypsin;AC=MS:1001251	TMT133N	14	NT=higher energy beam-type collision-induced dissociation;AC=MS:1000422	5 ppm	0.6 Da	NT=dithiothreitol (DTT);AC=PRIDE:0000608	NT=methyl methanethiosulfonate (MMTS);AC=PRIDE:0000605	NT=Methylthio;AC=UNIMOD:39;TA=C;MT=Fixed	NT=Oxidation;AC=UNIMOD:35;TA=M;MT=Variable	NT=TMTpro;AC=UNIMOD:2016;TA=K;MT=Fixed	NT=TMTpro;AC=UNIMOD:2016;PP=Any N-term;MT=Fixed	4 hour	NIPC T2
set2-R32_2	Rattus norvegicus	heart	4	not applicable	tissue	4 hour	NIPC T2	adult	not available	not available	no	Lumos_221109_24-TMT133N	proteomic profiling by mass spectrometry	1	Lumos_221109_24.raw	v1.1.0	NT=ms-proteomics;VV=v1.1.0	NT=vertebrates;VV=v1.1.0	manual curation	NT=Data-dependent acquisition;AC=PRIDE:0000627	NT=Orbitrap Fusion Lumos;AC=MS:1002732	NT=Trypsin;AC=MS:1001251	TMT133N	15	NT=higher energy beam-type collision-induced dissociation;AC=MS:1000422	5 ppm	0.6 Da	NT=dithiothreitol (DTT);AC=PRIDE:0000608	NT=methyl methanethiosulfonate (MMTS);AC=PRIDE:0000605	NT=Methylthio;AC=UNIMOD:39;TA=C;MT=Fixed	NT=Oxidation;AC=UNIMOD:35;TA=M;MT=Variable	NT=TMTpro;AC=UNIMOD:2016;TA=K;MT=Fixed	NT=TMTpro;AC=UNIMOD:2016;PP=Any N-term;MT=Fixed	4 hour	NIPC T2
set2-R32_2	Rattus norvegicus	heart	4	not applicable	tissue	4 hour	NIPC T2	adult	not available	not available	no	Lumos_221109_25-TMT133N	proteomic profiling by mass spectrometry	1	Lumos_221109_25.raw	v1.1.0	NT=ms-proteomics;VV=v1.1.0	NT=vertebrates;VV=v1.1.0	manual curation	NT=Data-dependent acquisition;AC=PRIDE:0000627	NT=Orbitrap Fusion Lumos;AC=MS:1002732	NT=Trypsin;AC=MS:1001251	TMT133N	16	NT=higher energy beam-type collision-induced dissociation;AC=MS:1000422	5 ppm	0.6 Da	NT=dithiothreitol (DTT);AC=PRIDE:0000608	NT=methyl methanethiosulfonate (MMTS);AC=PRIDE:0000605	NT=Methylthio;AC=UNIMOD:39;TA=C;MT=Fixed	NT=Oxidation;AC=UNIMOD:35;TA=M;MT=Variable	NT=TMTpro;AC=UNIMOD:2016;TA=K;MT=Fixed	NT=TMTpro;AC=UNIMOD:2016;PP=Any N-term;MT=Fixed	4 hour	NIPC T2
set2-R32_2	Rattus norvegicus	heart	4	not applicable	tissue	4 hour	NIPC T2	adult	not available	not available	no	Lumos_221109_26-TMT133N	proteomic profiling by mass spectrometry	1	Lumos_221109_26.raw	v1.1.0	NT=ms-proteomics;VV=v1.1.0	NT=vertebrates;VV=v1.1.0	manual curation	NT=Data-dependent acquisition;AC=PRIDE:0000627	NT=Orbitrap Fusion Lumos;AC=MS:1002732	NT=Trypsin;AC=MS:1001251	TMT133N	17	NT=higher energy beam-type collision-induced dissociation;AC=MS:1000422	5 ppm	0.6 Da	NT=dithiothreitol (DTT);AC=PRIDE:0000608	NT=methyl methanethiosulfonate (MMTS);AC=PRIDE:0000605	NT=Methylthio;AC=UNIMOD:39;TA=C;MT=Fixed	NT=Oxidation;AC=UNIMOD:35;TA=M;MT=Variable	NT=TMTpro;AC=UNIMOD:2016;TA=K;MT=Fixed	NT=TMTpro;AC=UNIMOD:2016;PP=Any N-term;MT=Fixed	4 hour	NIPC T2
set2-R32_2	Rattus norvegicus	heart	4	not applicable	tissue	4 hour	NIPC T2	adult	not available	not available	no	Lumos_221109_27-TMT133N	proteomic profiling by mass spectrometry	1	Lumos_221109_27.raw	v1.1.0	NT=ms-proteomics;VV=v1.1.0	NT=vertebrates;VV=v1.1.0	manual curation	NT=Data-dependent acquisition;AC=PRIDE:0000627	NT=Orbitrap Fusion Lumos;AC=MS:1002732	NT=Trypsin;AC=MS:1001251	TMT133N	18	NT=higher energy beam-type collision-induced dissociation;AC=MS:1000422	5 ppm	0.6 Da	NT=dithiothreitol (DTT);AC=PRIDE:0000608	NT=methyl methanethiosulfonate (MMTS);AC=PRIDE:0000605	NT=Methylthio;AC=UNIMOD:39;TA=C;MT=Fixed	NT=Oxidation;AC=UNIMOD:35;TA=M;MT=Variable	NT=TMTpro;AC=UNIMOD:2016;TA=K;MT=Fixed	NT=TMTpro;AC=UNIMOD:2016;PP=Any N-term;MT=Fixed	4 hour	NIPC T2
set2-R32_2	Rattus norvegicus	heart	4	not applicable	tissue	4 hour	NIPC T2	adult	not available	not available	no	Lumos_221109_28-TMT133N	proteomic profiling by mass spectrometry	1	Lumos_221109_28.raw	v1.1.0	NT=ms-proteomics;VV=v1.1.0	NT=vertebrates;VV=v1.1.0	manual curation	NT=Data-dependent acquisition;AC=PRIDE:0000627	NT=Orbitrap Fusion Lumos;AC=MS:1002732	NT=Trypsin;AC=MS:1001251	TMT133N	19	NT=higher energy beam-type collision-induced dissociation;AC=MS:1000422	5 ppm	0.6 Da	NT=dithiothreitol (DTT);AC=PRIDE:0000608	NT=methyl methanethiosulfonate (MMTS);AC=PRIDE:0000605	NT=Methylthio;AC=UNIMOD:39;TA=C;MT=Fixed	NT=Oxidation;AC=UNIMOD:35;TA=M;MT=Variable	NT=TMTpro;AC=UNIMOD:2016;TA=K;MT=Fixed	NT=TMTpro;AC=UNIMOD:2016;PP=Any N-term;MT=Fixed	4 hour	NIPC T2
set2-R32_2	Rattus norvegicus	heart	4	not applicable	tissue	4 hour	NIPC T2	adult	not available	not available	no	Lumos_221109_29-TMT133N	proteomic profiling by mass spectrometry	1	Lumos_221109_29.raw	v1.1.0	NT=ms-proteomics;VV=v1.1.0	NT=vertebrates;VV=v1.1.0	manual curation	NT=Data-dependent acquisition;AC=PRIDE:0000627	NT=Orbitrap Fusion Lumos;AC=MS:1002732	NT=Trypsin;AC=MS:1001251	TMT133N	20	NT=higher energy beam-type collision-induced dissociation;AC=MS:1000422	5 ppm	0.6 Da	NT=dithiothreitol (DTT);AC=PRIDE:0000608	NT=methyl methanethiosulfonate (MMTS);AC=PRIDE:0000605	NT=Methylthio;AC=UNIMOD:39;TA=C;MT=Fixed	NT=Oxidation;AC=UNIMOD:35;TA=M;MT=Variable	NT=TMTpro;AC=UNIMOD:2016;TA=K;MT=Fixed	NT=TMTpro;AC=UNIMOD:2016;PP=Any N-term;MT=Fixed	4 hour	NIPC T2
set2-R32_2	Rattus norvegicus	heart	4	not applicable	tissue	4 hour	NIPC T2	adult	not available	not available	no	Lumos_221109_30-TMT133N	proteomic profiling by mass spectrometry	1	Lumos_221109_30.raw	v1.1.0	NT=ms-proteomics;VV=v1.1.0	NT=vertebrates;VV=v1.1.0	manual curation	NT=Data-dependent acquisition;AC=PRIDE:0000627	NT=Orbitrap Fusion Lumos;AC=MS:1002732	NT=Trypsin;AC=MS:1001251	TMT133N	21	NT=higher energy beam-type collision-induced dissociation;AC=MS:1000422	5 ppm	0.6 Da	NT=dithiothreitol (DTT);AC=PRIDE:0000608	NT=methyl methanethiosulfonate (MMTS);AC=PRIDE:0000605	NT=Methylthio;AC=UNIMOD:39;TA=C;MT=Fixed	NT=Oxidation;AC=UNIMOD:35;TA=M;MT=Variable	NT=TMTpro;AC=UNIMOD:2016;TA=K;MT=Fixed	NT=TMTpro;AC=UNIMOD:2016;PP=Any N-term;MT=Fixed	4 hour	NIPC T2
set2-R32_2	Rattus norvegicus	heart	4	not applicable	tissue	4 hour	NIPC T2	adult	not available	not available	no	Lumos_221109_31-TMT133N	proteomic profiling by mass spectrometry	1	Lumos_221109_31.raw	v1.1.0	NT=ms-proteomics;VV=v1.1.0	NT=vertebrates;VV=v1.1.0	manual curation	NT=Data-dependent acquisition;AC=PRIDE:0000627	NT=Orbitrap Fusion Lumos;AC=MS:1002732	NT=Trypsin;AC=MS:1001251	TMT133N	22	NT=higher energy beam-type collision-induced dissociation;AC=MS:1000422	5 ppm	0.6 Da	NT=dithiothreitol (DTT);AC=PRIDE:0000608	NT=methyl methanethiosulfonate (MMTS);AC=PRIDE:0000605	NT=Methylthio;AC=UNIMOD:39;TA=C;MT=Fixed	NT=Oxidation;AC=UNIMOD:35;TA=M;MT=Variable	NT=TMTpro;AC=UNIMOD:2016;TA=K;MT=Fixed	NT=TMTpro;AC=UNIMOD:2016;PP=Any N-term;MT=Fixed	4 hour	NIPC T2
set2-R07	Rattus norvegicus	heart	1	not applicable	tissue	0 hour	IPC T1	adult	not available	not available	yes	Lumos_221109_10-TMT133C	proteomic profiling by mass spectrometry	1	Lumos_221109_10.raw	v1.1.0	NT=ms-proteomics;VV=v1.1.0	NT=vertebrates;VV=v1.1.0	manual curation	NT=Data-dependent acquisition;AC=PRIDE:0000627	NT=Orbitrap Fusion Lumos;AC=MS:1002732	NT=Trypsin;AC=MS:1001251	TMT133C	1	NT=higher energy beam-type collision-induced dissociation;AC=MS:1000422	5 ppm	0.6 Da	NT=dithiothreitol (DTT);AC=PRIDE:0000608	NT=methyl methanethiosulfonate (MMTS);AC=PRIDE:0000605	NT=Methylthio;AC=UNIMOD:39;TA=C;MT=Fixed	NT=Oxidation;AC=UNIMOD:35;TA=M;MT=Variable	NT=TMTpro;AC=UNIMOD:2016;TA=K;MT=Fixed	NT=TMTpro;AC=UNIMOD:2016;PP=Any N-term;MT=Fixed	0 hour	IPC T1
set2-R07	Rattus norvegicus	heart	1	not applicable	tissue	0 hour	IPC T1	adult	not available	not available	yes	Lumos_221109_11-TMT133C	proteomic profiling by mass spectrometry	1	Lumos_221109_11.raw	v1.1.0	NT=ms-proteomics;VV=v1.1.0	NT=vertebrates;VV=v1.1.0	manual curation	NT=Data-dependent acquisition;AC=PRIDE:0000627	NT=Orbitrap Fusion Lumos;AC=MS:1002732	NT=Trypsin;AC=MS:1001251	TMT133C	2	NT=higher energy beam-type collision-induced dissociation;AC=MS:1000422	5 ppm	0.6 Da	NT=dithiothreitol (DTT);AC=PRIDE:0000608	NT=methyl methanethiosulfonate (MMTS);AC=PRIDE:0000605	NT=Methylthio;AC=UNIMOD:39;TA=C;MT=Fixed	NT=Oxidation;AC=UNIMOD:35;TA=M;MT=Variable	NT=TMTpro;AC=UNIMOD:2016;TA=K;MT=Fixed	NT=TMTpro;AC=UNIMOD:2016;PP=Any N-term;MT=Fixed	0 hour	IPC T1
set2-R07	Rattus norvegicus	heart	1	not applicable	tissue	0 hour	IPC T1	adult	not available	not available	yes	Lumos_221109_12-TMT133C	proteomic profiling by mass spectrometry	1	Lumos_221109_12.raw	v1.1.0	NT=ms-proteomics;VV=v1.1.0	NT=vertebrates;VV=v1.1.0	manual curation	NT=Data-dependent acquisition;AC=PRIDE:0000627	NT=Orbitrap Fusion Lumos;AC=MS:1002732	NT=Trypsin;AC=MS:1001251	TMT133C	3	NT=higher energy beam-type collision-induced dissociation;AC=MS:1000422	5 ppm	0.6 Da	NT=dithiothreitol (DTT);AC=PRIDE:0000608	NT=methyl methanethiosulfonate (MMTS);AC=PRIDE:0000605	NT=Methylthio;AC=UNIMOD:39;TA=C;MT=Fixed	NT=Oxidation;AC=UNIMOD:35;TA=M;MT=Variable	NT=TMTpro;AC=UNIMOD:2016;TA=K;MT=Fixed	NT=TMTpro;AC=UNIMOD:2016;PP=Any N-term;MT=Fixed	0 hour	IPC T1
set2-R07	Rattus norvegicus	heart	1	not applicable	tissue	0 hour	IPC T1	adult	not available	not available	yes	Lumos_221109_13-TMT133C	proteomic profiling by mass spectrometry	1	Lumos_221109_13.raw	v1.1.0	NT=ms-proteomics;VV=v1.1.0	NT=vertebrates;VV=v1.1.0	manual curation	NT=Data-dependent acquisition;AC=PRIDE:0000627	NT=Orbitrap Fusion Lumos;AC=MS:1002732	NT=Trypsin;AC=MS:1001251	TMT133C	4	NT=higher energy beam-type collision-induced dissociation;AC=MS:1000422	5 ppm	0.6 Da	NT=dithiothreitol (DTT);AC=PRIDE:0000608	NT=methyl methanethiosulfonate (MMTS);AC=PRIDE:0000605	NT=Methylthio;AC=UNIMOD:39;TA=C;MT=Fixed	NT=Oxidation;AC=UNIMOD:35;TA=M;MT=Variable	NT=TMTpro;AC=UNIMOD:2016;TA=K;MT=Fixed	NT=TMTpro;AC=UNIMOD:2016;PP=Any N-term;MT=Fixed	0 hour	IPC T1
set2-R07	Rattus norvegicus	heart	1	not applicable	tissue	0 hour	IPC T1	adult	not available	not available	yes	Lumos_221109_14-TMT133C	proteomic profiling by mass spectrometry	1	Lumos_221109_14.raw	v1.1.0	NT=ms-proteomics;VV=v1.1.0	NT=vertebrates;VV=v1.1.0	manual curation	NT=Data-dependent acquisition;AC=PRIDE:0000627	NT=Orbitrap Fusion Lumos;AC=MS:1002732	NT=Trypsin;AC=MS:1001251	TMT133C	5	NT=higher energy beam-type collision-induced dissociation;AC=MS:1000422	5 ppm	0.6 Da	NT=dithiothreitol (DTT);AC=PRIDE:0000608	NT=methyl methanethiosulfonate (MMTS);AC=PRIDE:0000605	NT=Methylthio;AC=UNIMOD:39;TA=C;MT=Fixed	NT=Oxidation;AC=UNIMOD:35;TA=M;MT=Variable	NT=TMTpro;AC=UNIMOD:2016;TA=K;MT=Fixed	NT=TMTpro;AC=UNIMOD:2016;PP=Any N-term;MT=Fixed	0 hour	IPC T1
set2-R07	Rattus norvegicus	heart	1	not applicable	tissue	0 hour	IPC T1	adult	not available	not available	yes	Lumos_221109_15-TMT133C	proteomic profiling by mass spectrometry	1	Lumos_221109_15.raw	v1.1.0	NT=ms-proteomics;VV=v1.1.0	NT=vertebrates;VV=v1.1.0	manual curation	NT=Data-dependent acquisition;AC=PRIDE:0000627	NT=Orbitrap Fusion Lumos;AC=MS:1002732	NT=Trypsin;AC=MS:1001251	TMT133C	6	NT=higher energy beam-type collision-induced dissociation;AC=MS:1000422	5 ppm	0.6 Da	NT=dithiothreitol (DTT);AC=PRIDE:0000608	NT=methyl methanethiosulfonate (MMTS);AC=PRIDE:0000605	NT=Methylthio;AC=UNIMOD:39;TA=C;MT=Fixed	NT=Oxidation;AC=UNIMOD:35;TA=M;MT=Variable	NT=TMTpro;AC=UNIMOD:2016;TA=K;MT=Fixed	NT=TMTpro;AC=UNIMOD:2016;PP=Any N-term;MT=Fixed	0 hour	IPC T1
set2-R07	Rattus norvegicus	heart	1	not applicable	tissue	0 hour	IPC T1	adult	not available	not available	yes	Lumos_221109_16-TMT133C	proteomic profiling by mass spectrometry	1	Lumos_221109_16.raw	v1.1.0	NT=ms-proteomics;VV=v1.1.0	NT=vertebrates;VV=v1.1.0	manual curation	NT=Data-dependent acquisition;AC=PRIDE:0000627	NT=Orbitrap Fusion Lumos;AC=MS:1002732	NT=Trypsin;AC=MS:1001251	TMT133C	7	NT=higher energy beam-type collision-induced dissociation;AC=MS:1000422	5 ppm	0.6 Da	NT=dithiothreitol (DTT);AC=PRIDE:0000608	NT=methyl methanethiosulfonate (MMTS);AC=PRIDE:0000605	NT=Methylthio;AC=UNIMOD:39;TA=C;MT=Fixed	NT=Oxidation;AC=UNIMOD:35;TA=M;MT=Variable	NT=TMTpro;AC=UNIMOD:2016;TA=K;MT=Fixed	NT=TMTpro;AC=UNIMOD:2016;PP=Any N-term;MT=Fixed	0 hour	IPC T1
set2-R07	Rattus norvegicus	heart	1	not applicable	tissue	0 hour	IPC T1	adult	not available	not available	yes	Lumos_221109_17-TMT133C	proteomic profiling by mass spectrometry	1	Lumos_221109_17.raw	v1.1.0	NT=ms-proteomics;VV=v1.1.0	NT=vertebrates;VV=v1.1.0	manual curation	NT=Data-dependent acquisition;AC=PRIDE:0000627	NT=Orbitrap Fusion Lumos;AC=MS:1002732	NT=Trypsin;AC=MS:1001251	TMT133C	8	NT=higher energy beam-type collision-induced dissociation;AC=MS:1000422	5 ppm	0.6 Da	NT=dithiothreitol (DTT);AC=PRIDE:0000608	NT=methyl methanethiosulfonate (MMTS);AC=PRIDE:0000605	NT=Methylthio;AC=UNIMOD:39;TA=C;MT=Fixed	NT=Oxidation;AC=UNIMOD:35;TA=M;MT=Variable	NT=TMTpro;AC=UNIMOD:2016;TA=K;MT=Fixed	NT=TMTpro;AC=UNIMOD:2016;PP=Any N-term;MT=Fixed	0 hour	IPC T1
set2-R07	Rattus norvegicus	heart	1	not applicable	tissue	0 hour	IPC T1	adult	not available	not available	yes	Lumos_221109_18-TMT133C	proteomic profiling by mass spectrometry	1	Lumos_221109_18.raw	v1.1.0	NT=ms-proteomics;VV=v1.1.0	NT=vertebrates;VV=v1.1.0	manual curation	NT=Data-dependent acquisition;AC=PRIDE:0000627	NT=Orbitrap Fusion Lumos;AC=MS:1002732	NT=Trypsin;AC=MS:1001251	TMT133C	9	NT=higher energy beam-type collision-induced dissociation;AC=MS:1000422	5 ppm	0.6 Da	NT=dithiothreitol (DTT);AC=PRIDE:0000608	NT=methyl methanethiosulfonate (MMTS);AC=PRIDE:0000605	NT=Methylthio;AC=UNIMOD:39;TA=C;MT=Fixed	NT=Oxidation;AC=UNIMOD:35;TA=M;MT=Variable	NT=TMTpro;AC=UNIMOD:2016;TA=K;MT=Fixed	NT=TMTpro;AC=UNIMOD:2016;PP=Any N-term;MT=Fixed	0 hour	IPC T1
set2-R07	Rattus norvegicus	heart	1	not applicable	tissue	0 hour	IPC T1	adult	not available	not available	yes	Lumos_221109_19-TMT133C	proteomic profiling by mass spectrometry	1	Lumos_221109_19.raw	v1.1.0	NT=ms-proteomics;VV=v1.1.0	NT=vertebrates;VV=v1.1.0	manual curation	NT=Data-dependent acquisition;AC=PRIDE:0000627	NT=Orbitrap Fusion Lumos;AC=MS:1002732	NT=Trypsin;AC=MS:1001251	TMT133C	10	NT=higher energy beam-type collision-induced dissociation;AC=MS:1000422	5 ppm	0.6 Da	NT=dithiothreitol (DTT);AC=PRIDE:0000608	NT=methyl methanethiosulfonate (MMTS);AC=PRIDE:0000605	NT=Methylthio;AC=UNIMOD:39;TA=C;MT=Fixed	NT=Oxidation;AC=UNIMOD:35;TA=M;MT=Variable	NT=TMTpro;AC=UNIMOD:2016;TA=K;MT=Fixed	NT=TMTpro;AC=UNIMOD:2016;PP=Any N-term;MT=Fixed	0 hour	IPC T1
set2-R07	Rattus norvegicus	heart	1	not applicable	tissue	0 hour	IPC T1	adult	not available	not available	yes	Lumos_221109_20-TMT133C	proteomic profiling by mass spectrometry	1	Lumos_221109_20.raw	v1.1.0	NT=ms-proteomics;VV=v1.1.0	NT=vertebrates;VV=v1.1.0	manual curation	NT=Data-dependent acquisition;AC=PRIDE:0000627	NT=Orbitrap Fusion Lumos;AC=MS:1002732	NT=Trypsin;AC=MS:1001251	TMT133C	11	NT=higher energy beam-type collision-induced dissociation;AC=MS:1000422	5 ppm	0.6 Da	NT=dithiothreitol (DTT);AC=PRIDE:0000608	NT=methyl methanethiosulfonate (MMTS);AC=PRIDE:0000605	NT=Methylthio;AC=UNIMOD:39;TA=C;MT=Fixed	NT=Oxidation;AC=UNIMOD:35;TA=M;MT=Variable	NT=TMTpro;AC=UNIMOD:2016;TA=K;MT=Fixed	NT=TMTpro;AC=UNIMOD:2016;PP=Any N-term;MT=Fixed	0 hour	IPC T1
set2-R07	Rattus norvegicus	heart	1	not applicable	tissue	0 hour	IPC T1	adult	not available	not available	yes	Lumos_221109_21-TMT133C	proteomic profiling by mass spectrometry	1	Lumos_221109_21.raw	v1.1.0	NT=ms-proteomics;VV=v1.1.0	NT=vertebrates;VV=v1.1.0	manual curation	NT=Data-dependent acquisition;AC=PRIDE:0000627	NT=Orbitrap Fusion Lumos;AC=MS:1002732	NT=Trypsin;AC=MS:1001251	TMT133C	12	NT=higher energy beam-type collision-induced dissociation;AC=MS:1000422	5 ppm	0.6 Da	NT=dithiothreitol (DTT);AC=PRIDE:0000608	NT=methyl methanethiosulfonate (MMTS);AC=PRIDE:0000605	NT=Methylthio;AC=UNIMOD:39;TA=C;MT=Fixed	NT=Oxidation;AC=UNIMOD:35;TA=M;MT=Variable	NT=TMTpro;AC=UNIMOD:2016;TA=K;MT=Fixed	NT=TMTpro;AC=UNIMOD:2016;PP=Any N-term;MT=Fixed	0 hour	IPC T1
set2-R07	Rattus norvegicus	heart	1	not applicable	tissue	0 hour	IPC T1	adult	not available	not available	yes	Lumos_221109_22-TMT133C	proteomic profiling by mass spectrometry	1	Lumos_221109_22.raw	v1.1.0	NT=ms-proteomics;VV=v1.1.0	NT=vertebrates;VV=v1.1.0	manual curation	NT=Data-dependent acquisition;AC=PRIDE:0000627	NT=Orbitrap Fusion Lumos;AC=MS:1002732	NT=Trypsin;AC=MS:1001251	TMT133C	13	NT=higher energy beam-type collision-induced dissociation;AC=MS:1000422	5 ppm	0.6 Da	NT=dithiothreitol (DTT);AC=PRIDE:0000608	NT=methyl methanethiosulfonate (MMTS);AC=PRIDE:0000605	NT=Methylthio;AC=UNIMOD:39;TA=C;MT=Fixed	NT=Oxidation;AC=UNIMOD:35;TA=M;MT=Variable	NT=TMTpro;AC=UNIMOD:2016;TA=K;MT=Fixed	NT=TMTpro;AC=UNIMOD:2016;PP=Any N-term;MT=Fixed	0 hour	IPC T1
set2-R07	Rattus norvegicus	heart	1	not applicable	tissue	0 hour	IPC T1	adult	not available	not available	yes	Lumos_221109_23-TMT133C	proteomic profiling by mass spectrometry	1	Lumos_221109_23.raw	v1.1.0	NT=ms-proteomics;VV=v1.1.0	NT=vertebrates;VV=v1.1.0	manual curation	NT=Data-dependent acquisition;AC=PRIDE:0000627	NT=Orbitrap Fusion Lumos;AC=MS:1002732	NT=Trypsin;AC=MS:1001251	TMT133C	14	NT=higher energy beam-type collision-induced dissociation;AC=MS:1000422	5 ppm	0.6 Da	NT=dithiothreitol (DTT);AC=PRIDE:0000608	NT=methyl methanethiosulfonate (MMTS);AC=PRIDE:0000605	NT=Methylthio;AC=UNIMOD:39;TA=C;MT=Fixed	NT=Oxidation;AC=UNIMOD:35;TA=M;MT=Variable	NT=TMTpro;AC=UNIMOD:2016;TA=K;MT=Fixed	NT=TMTpro;AC=UNIMOD:2016;PP=Any N-term;MT=Fixed	0 hour	IPC T1
set2-R07	Rattus norvegicus	heart	1	not applicable	tissue	0 hour	IPC T1	adult	not available	not available	yes	Lumos_221109_24-TMT133C	proteomic profiling by mass spectrometry	1	Lumos_221109_24.raw	v1.1.0	NT=ms-proteomics;VV=v1.1.0	NT=vertebrates;VV=v1.1.0	manual curation	NT=Data-dependent acquisition;AC=PRIDE:0000627	NT=Orbitrap Fusion Lumos;AC=MS:1002732	NT=Trypsin;AC=MS:1001251	TMT133C	15	NT=higher energy beam-type collision-induced dissociation;AC=MS:1000422	5 ppm	0.6 Da	NT=dithiothreitol (DTT);AC=PRIDE:0000608	NT=methyl methanethiosulfonate (MMTS);AC=PRIDE:0000605	NT=Methylthio;AC=UNIMOD:39;TA=C;MT=Fixed	NT=Oxidation;AC=UNIMOD:35;TA=M;MT=Variable	NT=TMTpro;AC=UNIMOD:2016;TA=K;MT=Fixed	NT=TMTpro;AC=UNIMOD:2016;PP=Any N-term;MT=Fixed	0 hour	IPC T1
set2-R07	Rattus norvegicus	heart	1	not applicable	tissue	0 hour	IPC T1	adult	not available	not available	yes	Lumos_221109_25-TMT133C	proteomic profiling by mass spectrometry	1	Lumos_221109_25.raw	v1.1.0	NT=ms-proteomics;VV=v1.1.0	NT=vertebrates;VV=v1.1.0	manual curation	NT=Data-dependent acquisition;AC=PRIDE:0000627	NT=Orbitrap Fusion Lumos;AC=MS:1002732	NT=Trypsin;AC=MS:1001251	TMT133C	16	NT=higher energy beam-type collision-induced dissociation;AC=MS:1000422	5 ppm	0.6 Da	NT=dithiothreitol (DTT);AC=PRIDE:0000608	NT=methyl methanethiosulfonate (MMTS);AC=PRIDE:0000605	NT=Methylthio;AC=UNIMOD:39;TA=C;MT=Fixed	NT=Oxidation;AC=UNIMOD:35;TA=M;MT=Variable	NT=TMTpro;AC=UNIMOD:2016;TA=K;MT=Fixed	NT=TMTpro;AC=UNIMOD:2016;PP=Any N-term;MT=Fixed	0 hour	IPC T1
set2-R07	Rattus norvegicus	heart	1	not applicable	tissue	0 hour	IPC T1	adult	not available	not available	yes	Lumos_221109_26-TMT133C	proteomic profiling by mass spectrometry	1	Lumos_221109_26.raw	v1.1.0	NT=ms-proteomics;VV=v1.1.0	NT=vertebrates;VV=v1.1.0	manual curation	NT=Data-dependent acquisition;AC=PRIDE:0000627	NT=Orbitrap Fusion Lumos;AC=MS:1002732	NT=Trypsin;AC=MS:1001251	TMT133C	17	NT=higher energy beam-type collision-induced dissociation;AC=MS:1000422	5 ppm	0.6 Da	NT=dithiothreitol (DTT);AC=PRIDE:0000608	NT=methyl methanethiosulfonate (MMTS);AC=PRIDE:0000605	NT=Methylthio;AC=UNIMOD:39;TA=C;MT=Fixed	NT=Oxidation;AC=UNIMOD:35;TA=M;MT=Variable	NT=TMTpro;AC=UNIMOD:2016;TA=K;MT=Fixed	NT=TMTpro;AC=UNIMOD:2016;PP=Any N-term;MT=Fixed	0 hour	IPC T1
set2-R07	Rattus norvegicus	heart	1	not applicable	tissue	0 hour	IPC T1	adult	not available	not available	yes	Lumos_221109_27-TMT133C	proteomic profiling by mass spectrometry	1	Lumos_221109_27.raw	v1.1.0	NT=ms-proteomics;VV=v1.1.0	NT=vertebrates;VV=v1.1.0	manual curation	NT=Data-dependent acquisition;AC=PRIDE:0000627	NT=Orbitrap Fusion Lumos;AC=MS:1002732	NT=Trypsin;AC=MS:1001251	TMT133C	18	NT=higher energy beam-type collision-induced dissociation;AC=MS:1000422	5 ppm	0.6 Da	NT=dithiothreitol (DTT);AC=PRIDE:0000608	NT=methyl methanethiosulfonate (MMTS);AC=PRIDE:0000605	NT=Methylthio;AC=UNIMOD:39;TA=C;MT=Fixed	NT=Oxidation;AC=UNIMOD:35;TA=M;MT=Variable	NT=TMTpro;AC=UNIMOD:2016;TA=K;MT=Fixed	NT=TMTpro;AC=UNIMOD:2016;PP=Any N-term;MT=Fixed	0 hour	IPC T1
set2-R07	Rattus norvegicus	heart	1	not applicable	tissue	0 hour	IPC T1	adult	not available	not available	yes	Lumos_221109_28-TMT133C	proteomic profiling by mass spectrometry	1	Lumos_221109_28.raw	v1.1.0	NT=ms-proteomics;VV=v1.1.0	NT=vertebrates;VV=v1.1.0	manual curation	NT=Data-dependent acquisition;AC=PRIDE:0000627	NT=Orbitrap Fusion Lumos;AC=MS:1002732	NT=Trypsin;AC=MS:1001251	TMT133C	19	NT=higher energy beam-type collision-induced dissociation;AC=MS:1000422	5 ppm	0.6 Da	NT=dithiothreitol (DTT);AC=PRIDE:0000608	NT=methyl methanethiosulfonate (MMTS);AC=PRIDE:0000605	NT=Methylthio;AC=UNIMOD:39;TA=C;MT=Fixed	NT=Oxidation;AC=UNIMOD:35;TA=M;MT=Variable	NT=TMTpro;AC=UNIMOD:2016;TA=K;MT=Fixed	NT=TMTpro;AC=UNIMOD:2016;PP=Any N-term;MT=Fixed	0 hour	IPC T1
set2-R07	Rattus norvegicus	heart	1	not applicable	tissue	0 hour	IPC T1	adult	not available	not available	yes	Lumos_221109_29-TMT133C	proteomic profiling by mass spectrometry	1	Lumos_221109_29.raw	v1.1.0	NT=ms-proteomics;VV=v1.1.0	NT=vertebrates;VV=v1.1.0	manual curation	NT=Data-dependent acquisition;AC=PRIDE:0000627	NT=Orbitrap Fusion Lumos;AC=MS:1002732	NT=Trypsin;AC=MS:1001251	TMT133C	20	NT=higher energy beam-type collision-induced dissociation;AC=MS:1000422	5 ppm	0.6 Da	NT=dithiothreitol (DTT);AC=PRIDE:0000608	NT=methyl methanethiosulfonate (MMTS);AC=PRIDE:0000605	NT=Methylthio;AC=UNIMOD:39;TA=C;MT=Fixed	NT=Oxidation;AC=UNIMOD:35;TA=M;MT=Variable	NT=TMTpro;AC=UNIMOD:2016;TA=K;MT=Fixed	NT=TMTpro;AC=UNIMOD:2016;PP=Any N-term;MT=Fixed	0 hour	IPC T1
set2-R07	Rattus norvegicus	heart	1	not applicable	tissue	0 hour	IPC T1	adult	not available	not available	yes	Lumos_221109_30-TMT133C	proteomic profiling by mass spectrometry	1	Lumos_221109_30.raw	v1.1.0	NT=ms-proteomics;VV=v1.1.0	NT=vertebrates;VV=v1.1.0	manual curation	NT=Data-dependent acquisition;AC=PRIDE:0000627	NT=Orbitrap Fusion Lumos;AC=MS:1002732	NT=Trypsin;AC=MS:1001251	TMT133C	21	NT=higher energy beam-type collision-induced dissociation;AC=MS:1000422	5 ppm	0.6 Da	NT=dithiothreitol (DTT);AC=PRIDE:0000608	NT=methyl methanethiosulfonate (MMTS);AC=PRIDE:0000605	NT=Methylthio;AC=UNIMOD:39;TA=C;MT=Fixed	NT=Oxidation;AC=UNIMOD:35;TA=M;MT=Variable	NT=TMTpro;AC=UNIMOD:2016;TA=K;MT=Fixed	NT=TMTpro;AC=UNIMOD:2016;PP=Any N-term;MT=Fixed	0 hour	IPC T1
set2-R07	Rattus norvegicus	heart	1	not applicable	tissue	0 hour	IPC T1	adult	not available	not available	yes	Lumos_221109_31-TMT133C	proteomic profiling by mass spectrometry	1	Lumos_221109_31.raw	v1.1.0	NT=ms-proteomics;VV=v1.1.0	NT=vertebrates;VV=v1.1.0	manual curation	NT=Data-dependent acquisition;AC=PRIDE:0000627	NT=Orbitrap Fusion Lumos;AC=MS:1002732	NT=Trypsin;AC=MS:1001251	TMT133C	22	NT=higher energy beam-type collision-induced dissociation;AC=MS:1000422	5 ppm	0.6 Da	NT=dithiothreitol (DTT);AC=PRIDE:0000608	NT=methyl methanethiosulfonate (MMTS);AC=PRIDE:0000605	NT=Methylthio;AC=UNIMOD:39;TA=C;MT=Fixed	NT=Oxidation;AC=UNIMOD:35;TA=M;MT=Variable	NT=TMTpro;AC=UNIMOD:2016;TA=K;MT=Fixed	NT=TMTpro;AC=UNIMOD:2016;PP=Any N-term;MT=Fixed	0 hour	IPC T1
set2-R14_2	Rattus norvegicus	heart	2	not applicable	tissue	0 hour	IPC T1	adult	not available	not available	yes	Lumos_221109_10-TMT134N	proteomic profiling by mass spectrometry	1	Lumos_221109_10.raw	v1.1.0	NT=ms-proteomics;VV=v1.1.0	NT=vertebrates;VV=v1.1.0	manual curation	NT=Data-dependent acquisition;AC=PRIDE:0000627	NT=Orbitrap Fusion Lumos;AC=MS:1002732	NT=Trypsin;AC=MS:1001251	TMT134N	1	NT=higher energy beam-type collision-induced dissociation;AC=MS:1000422	5 ppm	0.6 Da	NT=dithiothreitol (DTT);AC=PRIDE:0000608	NT=methyl methanethiosulfonate (MMTS);AC=PRIDE:0000605	NT=Methylthio;AC=UNIMOD:39;TA=C;MT=Fixed	NT=Oxidation;AC=UNIMOD:35;TA=M;MT=Variable	NT=TMTpro;AC=UNIMOD:2016;TA=K;MT=Fixed	NT=TMTpro;AC=UNIMOD:2016;PP=Any N-term;MT=Fixed	0 hour	IPC T1
set2-R14_2	Rattus norvegicus	heart	2	not applicable	tissue	0 hour	IPC T1	adult	not available	not available	yes	Lumos_221109_11-TMT134N	proteomic profiling by mass spectrometry	1	Lumos_221109_11.raw	v1.1.0	NT=ms-proteomics;VV=v1.1.0	NT=vertebrates;VV=v1.1.0	manual curation	NT=Data-dependent acquisition;AC=PRIDE:0000627	NT=Orbitrap Fusion Lumos;AC=MS:1002732	NT=Trypsin;AC=MS:1001251	TMT134N	2	NT=higher energy beam-type collision-induced dissociation;AC=MS:1000422	5 ppm	0.6 Da	NT=dithiothreitol (DTT);AC=PRIDE:0000608	NT=methyl methanethiosulfonate (MMTS);AC=PRIDE:0000605	NT=Methylthio;AC=UNIMOD:39;TA=C;MT=Fixed	NT=Oxidation;AC=UNIMOD:35;TA=M;MT=Variable	NT=TMTpro;AC=UNIMOD:2016;TA=K;MT=Fixed	NT=TMTpro;AC=UNIMOD:2016;PP=Any N-term;MT=Fixed	0 hour	IPC T1
set2-R14_2	Rattus norvegicus	heart	2	not applicable	tissue	0 hour	IPC T1	adult	not available	not available	yes	Lumos_221109_12-TMT134N	proteomic profiling by mass spectrometry	1	Lumos_221109_12.raw	v1.1.0	NT=ms-proteomics;VV=v1.1.0	NT=vertebrates;VV=v1.1.0	manual curation	NT=Data-dependent acquisition;AC=PRIDE:0000627	NT=Orbitrap Fusion Lumos;AC=MS:1002732	NT=Trypsin;AC=MS:1001251	TMT134N	3	NT=higher energy beam-type collision-induced dissociation;AC=MS:1000422	5 ppm	0.6 Da	NT=dithiothreitol (DTT);AC=PRIDE:0000608	NT=methyl methanethiosulfonate (MMTS);AC=PRIDE:0000605	NT=Methylthio;AC=UNIMOD:39;TA=C;MT=Fixed	NT=Oxidation;AC=UNIMOD:35;TA=M;MT=Variable	NT=TMTpro;AC=UNIMOD:2016;TA=K;MT=Fixed	NT=TMTpro;AC=UNIMOD:2016;PP=Any N-term;MT=Fixed	0 hour	IPC T1
set2-R14_2	Rattus norvegicus	heart	2	not applicable	tissue	0 hour	IPC T1	adult	not available	not available	yes	Lumos_221109_13-TMT134N	proteomic profiling by mass spectrometry	1	Lumos_221109_13.raw	v1.1.0	NT=ms-proteomics;VV=v1.1.0	NT=vertebrates;VV=v1.1.0	manual curation	NT=Data-dependent acquisition;AC=PRIDE:0000627	NT=Orbitrap Fusion Lumos;AC=MS:1002732	NT=Trypsin;AC=MS:1001251	TMT134N	4	NT=higher energy beam-type collision-induced dissociation;AC=MS:1000422	5 ppm	0.6 Da	NT=dithiothreitol (DTT);AC=PRIDE:0000608	NT=methyl methanethiosulfonate (MMTS);AC=PRIDE:0000605	NT=Methylthio;AC=UNIMOD:39;TA=C;MT=Fixed	NT=Oxidation;AC=UNIMOD:35;TA=M;MT=Variable	NT=TMTpro;AC=UNIMOD:2016;TA=K;MT=Fixed	NT=TMTpro;AC=UNIMOD:2016;PP=Any N-term;MT=Fixed	0 hour	IPC T1
set2-R14_2	Rattus norvegicus	heart	2	not applicable	tissue	0 hour	IPC T1	adult	not available	not available	yes	Lumos_221109_14-TMT134N	proteomic profiling by mass spectrometry	1	Lumos_221109_14.raw	v1.1.0	NT=ms-proteomics;VV=v1.1.0	NT=vertebrates;VV=v1.1.0	manual curation	NT=Data-dependent acquisition;AC=PRIDE:0000627	NT=Orbitrap Fusion Lumos;AC=MS:1002732	NT=Trypsin;AC=MS:1001251	TMT134N	5	NT=higher energy beam-type collision-induced dissociation;AC=MS:1000422	5 ppm	0.6 Da	NT=dithiothreitol (DTT);AC=PRIDE:0000608	NT=methyl methanethiosulfonate (MMTS);AC=PRIDE:0000605	NT=Methylthio;AC=UNIMOD:39;TA=C;MT=Fixed	NT=Oxidation;AC=UNIMOD:35;TA=M;MT=Variable	NT=TMTpro;AC=UNIMOD:2016;TA=K;MT=Fixed	NT=TMTpro;AC=UNIMOD:2016;PP=Any N-term;MT=Fixed	0 hour	IPC T1
set2-R14_2	Rattus norvegicus	heart	2	not applicable	tissue	0 hour	IPC T1	adult	not available	not available	yes	Lumos_221109_15-TMT134N	proteomic profiling by mass spectrometry	1	Lumos_221109_15.raw	v1.1.0	NT=ms-proteomics;VV=v1.1.0	NT=vertebrates;VV=v1.1.0	manual curation	NT=Data-dependent acquisition;AC=PRIDE:0000627	NT=Orbitrap Fusion Lumos;AC=MS:1002732	NT=Trypsin;AC=MS:1001251	TMT134N	6	NT=higher energy beam-type collision-induced dissociation;AC=MS:1000422	5 ppm	0.6 Da	NT=dithiothreitol (DTT);AC=PRIDE:0000608	NT=methyl methanethiosulfonate (MMTS);AC=PRIDE:0000605	NT=Methylthio;AC=UNIMOD:39;TA=C;MT=Fixed	NT=Oxidation;AC=UNIMOD:35;TA=M;MT=Variable	NT=TMTpro;AC=UNIMOD:2016;TA=K;MT=Fixed	NT=TMTpro;AC=UNIMOD:2016;PP=Any N-term;MT=Fixed	0 hour	IPC T1
set2-R14_2	Rattus norvegicus	heart	2	not applicable	tissue	0 hour	IPC T1	adult	not available	not available	yes	Lumos_221109_16-TMT134N	proteomic profiling by mass spectrometry	1	Lumos_221109_16.raw	v1.1.0	NT=ms-proteomics;VV=v1.1.0	NT=vertebrates;VV=v1.1.0	manual curation	NT=Data-dependent acquisition;AC=PRIDE:0000627	NT=Orbitrap Fusion Lumos;AC=MS:1002732	NT=Trypsin;AC=MS:1001251	TMT134N	7	NT=higher energy beam-type collision-induced dissociation;AC=MS:1000422	5 ppm	0.6 Da	NT=dithiothreitol (DTT);AC=PRIDE:0000608	NT=methyl methanethiosulfonate (MMTS);AC=PRIDE:0000605	NT=Methylthio;AC=UNIMOD:39;TA=C;MT=Fixed	NT=Oxidation;AC=UNIMOD:35;TA=M;MT=Variable	NT=TMTpro;AC=UNIMOD:2016;TA=K;MT=Fixed	NT=TMTpro;AC=UNIMOD:2016;PP=Any N-term;MT=Fixed	0 hour	IPC T1
set2-R14_2	Rattus norvegicus	heart	2	not applicable	tissue	0 hour	IPC T1	adult	not available	not available	yes	Lumos_221109_17-TMT134N	proteomic profiling by mass spectrometry	1	Lumos_221109_17.raw	v1.1.0	NT=ms-proteomics;VV=v1.1.0	NT=vertebrates;VV=v1.1.0	manual curation	NT=Data-dependent acquisition;AC=PRIDE:0000627	NT=Orbitrap Fusion Lumos;AC=MS:1002732	NT=Trypsin;AC=MS:1001251	TMT134N	8	NT=higher energy beam-type collision-induced dissociation;AC=MS:1000422	5 ppm	0.6 Da	NT=dithiothreitol (DTT);AC=PRIDE:0000608	NT=methyl methanethiosulfonate (MMTS);AC=PRIDE:0000605	NT=Methylthio;AC=UNIMOD:39;TA=C;MT=Fixed	NT=Oxidation;AC=UNIMOD:35;TA=M;MT=Variable	NT=TMTpro;AC=UNIMOD:2016;TA=K;MT=Fixed	NT=TMTpro;AC=UNIMOD:2016;PP=Any N-term;MT=Fixed	0 hour	IPC T1
set2-R14_2	Rattus norvegicus	heart	2	not applicable	tissue	0 hour	IPC T1	adult	not available	not available	yes	Lumos_221109_18-TMT134N	proteomic profiling by mass spectrometry	1	Lumos_221109_18.raw	v1.1.0	NT=ms-proteomics;VV=v1.1.0	NT=vertebrates;VV=v1.1.0	manual curation	NT=Data-dependent acquisition;AC=PRIDE:0000627	NT=Orbitrap Fusion Lumos;AC=MS:1002732	NT=Trypsin;AC=MS:1001251	TMT134N	9	NT=higher energy beam-type collision-induced dissociation;AC=MS:1000422	5 ppm	0.6 Da	NT=dithiothreitol (DTT);AC=PRIDE:0000608	NT=methyl methanethiosulfonate (MMTS);AC=PRIDE:0000605	NT=Methylthio;AC=UNIMOD:39;TA=C;MT=Fixed	NT=Oxidation;AC=UNIMOD:35;TA=M;MT=Variable	NT=TMTpro;AC=UNIMOD:2016;TA=K;MT=Fixed	NT=TMTpro;AC=UNIMOD:2016;PP=Any N-term;MT=Fixed	0 hour	IPC T1
set2-R14_2	Rattus norvegicus	heart	2	not applicable	tissue	0 hour	IPC T1	adult	not available	not available	yes	Lumos_221109_19-TMT134N	proteomic profiling by mass spectrometry	1	Lumos_221109_19.raw	v1.1.0	NT=ms-proteomics;VV=v1.1.0	NT=vertebrates;VV=v1.1.0	manual curation	NT=Data-dependent acquisition;AC=PRIDE:0000627	NT=Orbitrap Fusion Lumos;AC=MS:1002732	NT=Trypsin;AC=MS:1001251	TMT134N	10	NT=higher energy beam-type collision-induced dissociation;AC=MS:1000422	5 ppm	0.6 Da	NT=dithiothreitol (DTT);AC=PRIDE:0000608	NT=methyl methanethiosulfonate (MMTS);AC=PRIDE:0000605	NT=Methylthio;AC=UNIMOD:39;TA=C;MT=Fixed	NT=Oxidation;AC=UNIMOD:35;TA=M;MT=Variable	NT=TMTpro;AC=UNIMOD:2016;TA=K;MT=Fixed	NT=TMTpro;AC=UNIMOD:2016;PP=Any N-term;MT=Fixed	0 hour	IPC T1
set2-R14_2	Rattus norvegicus	heart	2	not applicable	tissue	0 hour	IPC T1	adult	not available	not available	yes	Lumos_221109_20-TMT134N	proteomic profiling by mass spectrometry	1	Lumos_221109_20.raw	v1.1.0	NT=ms-proteomics;VV=v1.1.0	NT=vertebrates;VV=v1.1.0	manual curation	NT=Data-dependent acquisition;AC=PRIDE:0000627	NT=Orbitrap Fusion Lumos;AC=MS:1002732	NT=Trypsin;AC=MS:1001251	TMT134N	11	NT=higher energy beam-type collision-induced dissociation;AC=MS:1000422	5 ppm	0.6 Da	NT=dithiothreitol (DTT);AC=PRIDE:0000608	NT=methyl methanethiosulfonate (MMTS);AC=PRIDE:0000605	NT=Methylthio;AC=UNIMOD:39;TA=C;MT=Fixed	NT=Oxidation;AC=UNIMOD:35;TA=M;MT=Variable	NT=TMTpro;AC=UNIMOD:2016;TA=K;MT=Fixed	NT=TMTpro;AC=UNIMOD:2016;PP=Any N-term;MT=Fixed	0 hour	IPC T1
set2-R14_2	Rattus norvegicus	heart	2	not applicable	tissue	0 hour	IPC T1	adult	not available	not available	yes	Lumos_221109_21-TMT134N	proteomic profiling by mass spectrometry	1	Lumos_221109_21.raw	v1.1.0	NT=ms-proteomics;VV=v1.1.0	NT=vertebrates;VV=v1.1.0	manual curation	NT=Data-dependent acquisition;AC=PRIDE:0000627	NT=Orbitrap Fusion Lumos;AC=MS:1002732	NT=Trypsin;AC=MS:1001251	TMT134N	12	NT=higher energy beam-type collision-induced dissociation;AC=MS:1000422	5 ppm	0.6 Da	NT=dithiothreitol (DTT);AC=PRIDE:0000608	NT=methyl methanethiosulfonate (MMTS);AC=PRIDE:0000605	NT=Methylthio;AC=UNIMOD:39;TA=C;MT=Fixed	NT=Oxidation;AC=UNIMOD:35;TA=M;MT=Variable	NT=TMTpro;AC=UNIMOD:2016;TA=K;MT=Fixed	NT=TMTpro;AC=UNIMOD:2016;PP=Any N-term;MT=Fixed	0 hour	IPC T1
set2-R14_2	Rattus norvegicus	heart	2	not applicable	tissue	0 hour	IPC T1	adult	not available	not available	yes	Lumos_221109_22-TMT134N	proteomic profiling by mass spectrometry	1	Lumos_221109_22.raw	v1.1.0	NT=ms-proteomics;VV=v1.1.0	NT=vertebrates;VV=v1.1.0	manual curation	NT=Data-dependent acquisition;AC=PRIDE:0000627	NT=Orbitrap Fusion Lumos;AC=MS:1002732	NT=Trypsin;AC=MS:1001251	TMT134N	13	NT=higher energy beam-type collision-induced dissociation;AC=MS:1000422	5 ppm	0.6 Da	NT=dithiothreitol (DTT);AC=PRIDE:0000608	NT=methyl methanethiosulfonate (MMTS);AC=PRIDE:0000605	NT=Methylthio;AC=UNIMOD:39;TA=C;MT=Fixed	NT=Oxidation;AC=UNIMOD:35;TA=M;MT=Variable	NT=TMTpro;AC=UNIMOD:2016;TA=K;MT=Fixed	NT=TMTpro;AC=UNIMOD:2016;PP=Any N-term;MT=Fixed	0 hour	IPC T1
set2-R14_2	Rattus norvegicus	heart	2	not applicable	tissue	0 hour	IPC T1	adult	not available	not available	yes	Lumos_221109_23-TMT134N	proteomic profiling by mass spectrometry	1	Lumos_221109_23.raw	v1.1.0	NT=ms-proteomics;VV=v1.1.0	NT=vertebrates;VV=v1.1.0	manual curation	NT=Data-dependent acquisition;AC=PRIDE:0000627	NT=Orbitrap Fusion Lumos;AC=MS:1002732	NT=Trypsin;AC=MS:1001251	TMT134N	14	NT=higher energy beam-type collision-induced dissociation;AC=MS:1000422	5 ppm	0.6 Da	NT=dithiothreitol (DTT);AC=PRIDE:0000608	NT=methyl methanethiosulfonate (MMTS);AC=PRIDE:0000605	NT=Methylthio;AC=UNIMOD:39;TA=C;MT=Fixed	NT=Oxidation;AC=UNIMOD:35;TA=M;MT=Variable	NT=TMTpro;AC=UNIMOD:2016;TA=K;MT=Fixed	NT=TMTpro;AC=UNIMOD:2016;PP=Any N-term;MT=Fixed	0 hour	IPC T1
set2-R14_2	Rattus norvegicus	heart	2	not applicable	tissue	0 hour	IPC T1	adult	not available	not available	yes	Lumos_221109_24-TMT134N	proteomic profiling by mass spectrometry	1	Lumos_221109_24.raw	v1.1.0	NT=ms-proteomics;VV=v1.1.0	NT=vertebrates;VV=v1.1.0	manual curation	NT=Data-dependent acquisition;AC=PRIDE:0000627	NT=Orbitrap Fusion Lumos;AC=MS:1002732	NT=Trypsin;AC=MS:1001251	TMT134N	15	NT=higher energy beam-type collision-induced dissociation;AC=MS:1000422	5 ppm	0.6 Da	NT=dithiothreitol (DTT);AC=PRIDE:0000608	NT=methyl methanethiosulfonate (MMTS);AC=PRIDE:0000605	NT=Methylthio;AC=UNIMOD:39;TA=C;MT=Fixed	NT=Oxidation;AC=UNIMOD:35;TA=M;MT=Variable	NT=TMTpro;AC=UNIMOD:2016;TA=K;MT=Fixed	NT=TMTpro;AC=UNIMOD:2016;PP=Any N-term;MT=Fixed	0 hour	IPC T1
set2-R14_2	Rattus norvegicus	heart	2	not applicable	tissue	0 hour	IPC T1	adult	not available	not available	yes	Lumos_221109_25-TMT134N	proteomic profiling by mass spectrometry	1	Lumos_221109_25.raw	v1.1.0	NT=ms-proteomics;VV=v1.1.0	NT=vertebrates;VV=v1.1.0	manual curation	NT=Data-dependent acquisition;AC=PRIDE:0000627	NT=Orbitrap Fusion Lumos;AC=MS:1002732	NT=Trypsin;AC=MS:1001251	TMT134N	16	NT=higher energy beam-type collision-induced dissociation;AC=MS:1000422	5 ppm	0.6 Da	NT=dithiothreitol (DTT);AC=PRIDE:0000608	NT=methyl methanethiosulfonate (MMTS);AC=PRIDE:0000605	NT=Methylthio;AC=UNIMOD:39;TA=C;MT=Fixed	NT=Oxidation;AC=UNIMOD:35;TA=M;MT=Variable	NT=TMTpro;AC=UNIMOD:2016;TA=K;MT=Fixed	NT=TMTpro;AC=UNIMOD:2016;PP=Any N-term;MT=Fixed	0 hour	IPC T1
set2-R14_2	Rattus norvegicus	heart	2	not applicable	tissue	0 hour	IPC T1	adult	not available	not available	yes	Lumos_221109_26-TMT134N	proteomic profiling by mass spectrometry	1	Lumos_221109_26.raw	v1.1.0	NT=ms-proteomics;VV=v1.1.0	NT=vertebrates;VV=v1.1.0	manual curation	NT=Data-dependent acquisition;AC=PRIDE:0000627	NT=Orbitrap Fusion Lumos;AC=MS:1002732	NT=Trypsin;AC=MS:1001251	TMT134N	17	NT=higher energy beam-type collision-induced dissociation;AC=MS:1000422	5 ppm	0.6 Da	NT=dithiothreitol (DTT);AC=PRIDE:0000608	NT=methyl methanethiosulfonate (MMTS);AC=PRIDE:0000605	NT=Methylthio;AC=UNIMOD:39;TA=C;MT=Fixed	NT=Oxidation;AC=UNIMOD:35;TA=M;MT=Variable	NT=TMTpro;AC=UNIMOD:2016;TA=K;MT=Fixed	NT=TMTpro;AC=UNIMOD:2016;PP=Any N-term;MT=Fixed	0 hour	IPC T1
set2-R14_2	Rattus norvegicus	heart	2	not applicable	tissue	0 hour	IPC T1	adult	not available	not available	yes	Lumos_221109_27-TMT134N	proteomic profiling by mass spectrometry	1	Lumos_221109_27.raw	v1.1.0	NT=ms-proteomics;VV=v1.1.0	NT=vertebrates;VV=v1.1.0	manual curation	NT=Data-dependent acquisition;AC=PRIDE:0000627	NT=Orbitrap Fusion Lumos;AC=MS:1002732	NT=Trypsin;AC=MS:1001251	TMT134N	18	NT=higher energy beam-type collision-induced dissociation;AC=MS:1000422	5 ppm	0.6 Da	NT=dithiothreitol (DTT);AC=PRIDE:0000608	NT=methyl methanethiosulfonate (MMTS);AC=PRIDE:0000605	NT=Methylthio;AC=UNIMOD:39;TA=C;MT=Fixed	NT=Oxidation;AC=UNIMOD:35;TA=M;MT=Variable	NT=TMTpro;AC=UNIMOD:2016;TA=K;MT=Fixed	NT=TMTpro;AC=UNIMOD:2016;PP=Any N-term;MT=Fixed	0 hour	IPC T1
set2-R14_2	Rattus norvegicus	heart	2	not applicable	tissue	0 hour	IPC T1	adult	not available	not available	yes	Lumos_221109_28-TMT134N	proteomic profiling by mass spectrometry	1	Lumos_221109_28.raw	v1.1.0	NT=ms-proteomics;VV=v1.1.0	NT=vertebrates;VV=v1.1.0	manual curation	NT=Data-dependent acquisition;AC=PRIDE:0000627	NT=Orbitrap Fusion Lumos;AC=MS:1002732	NT=Trypsin;AC=MS:1001251	TMT134N	19	NT=higher energy beam-type collision-induced dissociation;AC=MS:1000422	5 ppm	0.6 Da	NT=dithiothreitol (DTT);AC=PRIDE:0000608	NT=methyl methanethiosulfonate (MMTS);AC=PRIDE:0000605	NT=Methylthio;AC=UNIMOD:39;TA=C;MT=Fixed	NT=Oxidation;AC=UNIMOD:35;TA=M;MT=Variable	NT=TMTpro;AC=UNIMOD:2016;TA=K;MT=Fixed	NT=TMTpro;AC=UNIMOD:2016;PP=Any N-term;MT=Fixed	0 hour	IPC T1
set2-R14_2	Rattus norvegicus	heart	2	not applicable	tissue	0 hour	IPC T1	adult	not available	not available	yes	Lumos_221109_29-TMT134N	proteomic profiling by mass spectrometry	1	Lumos_221109_29.raw	v1.1.0	NT=ms-proteomics;VV=v1.1.0	NT=vertebrates;VV=v1.1.0	manual curation	NT=Data-dependent acquisition;AC=PRIDE:0000627	NT=Orbitrap Fusion Lumos;AC=MS:1002732	NT=Trypsin;AC=MS:1001251	TMT134N	20	NT=higher energy beam-type collision-induced dissociation;AC=MS:1000422	5 ppm	0.6 Da	NT=dithiothreitol (DTT);AC=PRIDE:0000608	NT=methyl methanethiosulfonate (MMTS);AC=PRIDE:0000605	NT=Methylthio;AC=UNIMOD:39;TA=C;MT=Fixed	NT=Oxidation;AC=UNIMOD:35;TA=M;MT=Variable	NT=TMTpro;AC=UNIMOD:2016;TA=K;MT=Fixed	NT=TMTpro;AC=UNIMOD:2016;PP=Any N-term;MT=Fixed	0 hour	IPC T1
set2-R14_2	Rattus norvegicus	heart	2	not applicable	tissue	0 hour	IPC T1	adult	not available	not available	yes	Lumos_221109_30-TMT134N	proteomic profiling by mass spectrometry	1	Lumos_221109_30.raw	v1.1.0	NT=ms-proteomics;VV=v1.1.0	NT=vertebrates;VV=v1.1.0	manual curation	NT=Data-dependent acquisition;AC=PRIDE:0000627	NT=Orbitrap Fusion Lumos;AC=MS:1002732	NT=Trypsin;AC=MS:1001251	TMT134N	21	NT=higher energy beam-type collision-induced dissociation;AC=MS:1000422	5 ppm	0.6 Da	NT=dithiothreitol (DTT);AC=PRIDE:0000608	NT=methyl methanethiosulfonate (MMTS);AC=PRIDE:0000605	NT=Methylthio;AC=UNIMOD:39;TA=C;MT=Fixed	NT=Oxidation;AC=UNIMOD:35;TA=M;MT=Variable	NT=TMTpro;AC=UNIMOD:2016;TA=K;MT=Fixed	NT=TMTpro;AC=UNIMOD:2016;PP=Any N-term;MT=Fixed	0 hour	IPC T1
set2-R14_2	Rattus norvegicus	heart	2	not applicable	tissue	0 hour	IPC T1	adult	not available	not available	yes	Lumos_221109_31-TMT134N	proteomic profiling by mass spectrometry	1	Lumos_221109_31.raw	v1.1.0	NT=ms-proteomics;VV=v1.1.0	NT=vertebrates;VV=v1.1.0	manual curation	NT=Data-dependent acquisition;AC=PRIDE:0000627	NT=Orbitrap Fusion Lumos;AC=MS:1002732	NT=Trypsin;AC=MS:1001251	TMT134N	22	NT=higher energy beam-type collision-induced dissociation;AC=MS:1000422	5 ppm	0.6 Da	NT=dithiothreitol (DTT);AC=PRIDE:0000608	NT=methyl methanethiosulfonate (MMTS);AC=PRIDE:0000605	NT=Methylthio;AC=UNIMOD:39;TA=C;MT=Fixed	NT=Oxidation;AC=UNIMOD:35;TA=M;MT=Variable	NT=TMTpro;AC=UNIMOD:2016;TA=K;MT=Fixed	NT=TMTpro;AC=UNIMOD:2016;PP=Any N-term;MT=Fixed	0 hour	IPC T1
set2-R36_2	Rattus norvegicus	heart	3	not applicable	tissue	0 hour	IPC T1	adult	not available	not available	yes	Lumos_221109_10-TMT134C	proteomic profiling by mass spectrometry	1	Lumos_221109_10.raw	v1.1.0	NT=ms-proteomics;VV=v1.1.0	NT=vertebrates;VV=v1.1.0	manual curation	NT=Data-dependent acquisition;AC=PRIDE:0000627	NT=Orbitrap Fusion Lumos;AC=MS:1002732	NT=Trypsin;AC=MS:1001251	TMT134C	1	NT=higher energy beam-type collision-induced dissociation;AC=MS:1000422	5 ppm	0.6 Da	NT=dithiothreitol (DTT);AC=PRIDE:0000608	NT=methyl methanethiosulfonate (MMTS);AC=PRIDE:0000605	NT=Methylthio;AC=UNIMOD:39;TA=C;MT=Fixed	NT=Oxidation;AC=UNIMOD:35;TA=M;MT=Variable	NT=TMTpro;AC=UNIMOD:2016;TA=K;MT=Fixed	NT=TMTpro;AC=UNIMOD:2016;PP=Any N-term;MT=Fixed	0 hour	IPC T1
set2-R36_2	Rattus norvegicus	heart	3	not applicable	tissue	0 hour	IPC T1	adult	not available	not available	yes	Lumos_221109_11-TMT134C	proteomic profiling by mass spectrometry	1	Lumos_221109_11.raw	v1.1.0	NT=ms-proteomics;VV=v1.1.0	NT=vertebrates;VV=v1.1.0	manual curation	NT=Data-dependent acquisition;AC=PRIDE:0000627	NT=Orbitrap Fusion Lumos;AC=MS:1002732	NT=Trypsin;AC=MS:1001251	TMT134C	2	NT=higher energy beam-type collision-induced dissociation;AC=MS:1000422	5 ppm	0.6 Da	NT=dithiothreitol (DTT);AC=PRIDE:0000608	NT=methyl methanethiosulfonate (MMTS);AC=PRIDE:0000605	NT=Methylthio;AC=UNIMOD:39;TA=C;MT=Fixed	NT=Oxidation;AC=UNIMOD:35;TA=M;MT=Variable	NT=TMTpro;AC=UNIMOD:2016;TA=K;MT=Fixed	NT=TMTpro;AC=UNIMOD:2016;PP=Any N-term;MT=Fixed	0 hour	IPC T1
set2-R36_2	Rattus norvegicus	heart	3	not applicable	tissue	0 hour	IPC T1	adult	not available	not available	yes	Lumos_221109_12-TMT134C	proteomic profiling by mass spectrometry	1	Lumos_221109_12.raw	v1.1.0	NT=ms-proteomics;VV=v1.1.0	NT=vertebrates;VV=v1.1.0	manual curation	NT=Data-dependent acquisition;AC=PRIDE:0000627	NT=Orbitrap Fusion Lumos;AC=MS:1002732	NT=Trypsin;AC=MS:1001251	TMT134C	3	NT=higher energy beam-type collision-induced dissociation;AC=MS:1000422	5 ppm	0.6 Da	NT=dithiothreitol (DTT);AC=PRIDE:0000608	NT=methyl methanethiosulfonate (MMTS);AC=PRIDE:0000605	NT=Methylthio;AC=UNIMOD:39;TA=C;MT=Fixed	NT=Oxidation;AC=UNIMOD:35;TA=M;MT=Variable	NT=TMTpro;AC=UNIMOD:2016;TA=K;MT=Fixed	NT=TMTpro;AC=UNIMOD:2016;PP=Any N-term;MT=Fixed	0 hour	IPC T1
set2-R36_2	Rattus norvegicus	heart	3	not applicable	tissue	0 hour	IPC T1	adult	not available	not available	yes	Lumos_221109_13-TMT134C	proteomic profiling by mass spectrometry	1	Lumos_221109_13.raw	v1.1.0	NT=ms-proteomics;VV=v1.1.0	NT=vertebrates;VV=v1.1.0	manual curation	NT=Data-dependent acquisition;AC=PRIDE:0000627	NT=Orbitrap Fusion Lumos;AC=MS:1002732	NT=Trypsin;AC=MS:1001251	TMT134C	4	NT=higher energy beam-type collision-induced dissociation;AC=MS:1000422	5 ppm	0.6 Da	NT=dithiothreitol (DTT);AC=PRIDE:0000608	NT=methyl methanethiosulfonate (MMTS);AC=PRIDE:0000605	NT=Methylthio;AC=UNIMOD:39;TA=C;MT=Fixed	NT=Oxidation;AC=UNIMOD:35;TA=M;MT=Variable	NT=TMTpro;AC=UNIMOD:2016;TA=K;MT=Fixed	NT=TMTpro;AC=UNIMOD:2016;PP=Any N-term;MT=Fixed	0 hour	IPC T1
set2-R36_2	Rattus norvegicus	heart	3	not applicable	tissue	0 hour	IPC T1	adult	not available	not available	yes	Lumos_221109_14-TMT134C	proteomic profiling by mass spectrometry	1	Lumos_221109_14.raw	v1.1.0	NT=ms-proteomics;VV=v1.1.0	NT=vertebrates;VV=v1.1.0	manual curation	NT=Data-dependent acquisition;AC=PRIDE:0000627	NT=Orbitrap Fusion Lumos;AC=MS:1002732	NT=Trypsin;AC=MS:1001251	TMT134C	5	NT=higher energy beam-type collision-induced dissociation;AC=MS:1000422	5 ppm	0.6 Da	NT=dithiothreitol (DTT);AC=PRIDE:0000608	NT=methyl methanethiosulfonate (MMTS);AC=PRIDE:0000605	NT=Methylthio;AC=UNIMOD:39;TA=C;MT=Fixed	NT=Oxidation;AC=UNIMOD:35;TA=M;MT=Variable	NT=TMTpro;AC=UNIMOD:2016;TA=K;MT=Fixed	NT=TMTpro;AC=UNIMOD:2016;PP=Any N-term;MT=Fixed	0 hour	IPC T1
set2-R36_2	Rattus norvegicus	heart	3	not applicable	tissue	0 hour	IPC T1	adult	not available	not available	yes	Lumos_221109_15-TMT134C	proteomic profiling by mass spectrometry	1	Lumos_221109_15.raw	v1.1.0	NT=ms-proteomics;VV=v1.1.0	NT=vertebrates;VV=v1.1.0	manual curation	NT=Data-dependent acquisition;AC=PRIDE:0000627	NT=Orbitrap Fusion Lumos;AC=MS:1002732	NT=Trypsin;AC=MS:1001251	TMT134C	6	NT=higher energy beam-type collision-induced dissociation;AC=MS:1000422	5 ppm	0.6 Da	NT=dithiothreitol (DTT);AC=PRIDE:0000608	NT=methyl methanethiosulfonate (MMTS);AC=PRIDE:0000605	NT=Methylthio;AC=UNIMOD:39;TA=C;MT=Fixed	NT=Oxidation;AC=UNIMOD:35;TA=M;MT=Variable	NT=TMTpro;AC=UNIMOD:2016;TA=K;MT=Fixed	NT=TMTpro;AC=UNIMOD:2016;PP=Any N-term;MT=Fixed	0 hour	IPC T1
set2-R36_2	Rattus norvegicus	heart	3	not applicable	tissue	0 hour	IPC T1	adult	not available	not available	yes	Lumos_221109_16-TMT134C	proteomic profiling by mass spectrometry	1	Lumos_221109_16.raw	v1.1.0	NT=ms-proteomics;VV=v1.1.0	NT=vertebrates;VV=v1.1.0	manual curation	NT=Data-dependent acquisition;AC=PRIDE:0000627	NT=Orbitrap Fusion Lumos;AC=MS:1002732	NT=Trypsin;AC=MS:1001251	TMT134C	7	NT=higher energy beam-type collision-induced dissociation;AC=MS:1000422	5 ppm	0.6 Da	NT=dithiothreitol (DTT);AC=PRIDE:0000608	NT=methyl methanethiosulfonate (MMTS);AC=PRIDE:0000605	NT=Methylthio;AC=UNIMOD:39;TA=C;MT=Fixed	NT=Oxidation;AC=UNIMOD:35;TA=M;MT=Variable	NT=TMTpro;AC=UNIMOD:2016;TA=K;MT=Fixed	NT=TMTpro;AC=UNIMOD:2016;PP=Any N-term;MT=Fixed	0 hour	IPC T1
set2-R36_2	Rattus norvegicus	heart	3	not applicable	tissue	0 hour	IPC T1	adult	not available	not available	yes	Lumos_221109_17-TMT134C	proteomic profiling by mass spectrometry	1	Lumos_221109_17.raw	v1.1.0	NT=ms-proteomics;VV=v1.1.0	NT=vertebrates;VV=v1.1.0	manual curation	NT=Data-dependent acquisition;AC=PRIDE:0000627	NT=Orbitrap Fusion Lumos;AC=MS:1002732	NT=Trypsin;AC=MS:1001251	TMT134C	8	NT=higher energy beam-type collision-induced dissociation;AC=MS:1000422	5 ppm	0.6 Da	NT=dithiothreitol (DTT);AC=PRIDE:0000608	NT=methyl methanethiosulfonate (MMTS);AC=PRIDE:0000605	NT=Methylthio;AC=UNIMOD:39;TA=C;MT=Fixed	NT=Oxidation;AC=UNIMOD:35;TA=M;MT=Variable	NT=TMTpro;AC=UNIMOD:2016;TA=K;MT=Fixed	NT=TMTpro;AC=UNIMOD:2016;PP=Any N-term;MT=Fixed	0 hour	IPC T1
set2-R36_2	Rattus norvegicus	heart	3	not applicable	tissue	0 hour	IPC T1	adult	not available	not available	yes	Lumos_221109_18-TMT134C	proteomic profiling by mass spectrometry	1	Lumos_221109_18.raw	v1.1.0	NT=ms-proteomics;VV=v1.1.0	NT=vertebrates;VV=v1.1.0	manual curation	NT=Data-dependent acquisition;AC=PRIDE:0000627	NT=Orbitrap Fusion Lumos;AC=MS:1002732	NT=Trypsin;AC=MS:1001251	TMT134C	9	NT=higher energy beam-type collision-induced dissociation;AC=MS:1000422	5 ppm	0.6 Da	NT=dithiothreitol (DTT);AC=PRIDE:0000608	NT=methyl methanethiosulfonate (MMTS);AC=PRIDE:0000605	NT=Methylthio;AC=UNIMOD:39;TA=C;MT=Fixed	NT=Oxidation;AC=UNIMOD:35;TA=M;MT=Variable	NT=TMTpro;AC=UNIMOD:2016;TA=K;MT=Fixed	NT=TMTpro;AC=UNIMOD:2016;PP=Any N-term;MT=Fixed	0 hour	IPC T1
set2-R36_2	Rattus norvegicus	heart	3	not applicable	tissue	0 hour	IPC T1	adult	not available	not available	yes	Lumos_221109_19-TMT134C	proteomic profiling by mass spectrometry	1	Lumos_221109_19.raw	v1.1.0	NT=ms-proteomics;VV=v1.1.0	NT=vertebrates;VV=v1.1.0	manual curation	NT=Data-dependent acquisition;AC=PRIDE:0000627	NT=Orbitrap Fusion Lumos;AC=MS:1002732	NT=Trypsin;AC=MS:1001251	TMT134C	10	NT=higher energy beam-type collision-induced dissociation;AC=MS:1000422	5 ppm	0.6 Da	NT=dithiothreitol (DTT);AC=PRIDE:0000608	NT=methyl methanethiosulfonate (MMTS);AC=PRIDE:0000605	NT=Methylthio;AC=UNIMOD:39;TA=C;MT=Fixed	NT=Oxidation;AC=UNIMOD:35;TA=M;MT=Variable	NT=TMTpro;AC=UNIMOD:2016;TA=K;MT=Fixed	NT=TMTpro;AC=UNIMOD:2016;PP=Any N-term;MT=Fixed	0 hour	IPC T1
set2-R36_2	Rattus norvegicus	heart	3	not applicable	tissue	0 hour	IPC T1	adult	not available	not available	yes	Lumos_221109_20-TMT134C	proteomic profiling by mass spectrometry	1	Lumos_221109_20.raw	v1.1.0	NT=ms-proteomics;VV=v1.1.0	NT=vertebrates;VV=v1.1.0	manual curation	NT=Data-dependent acquisition;AC=PRIDE:0000627	NT=Orbitrap Fusion Lumos;AC=MS:1002732	NT=Trypsin;AC=MS:1001251	TMT134C	11	NT=higher energy beam-type collision-induced dissociation;AC=MS:1000422	5 ppm	0.6 Da	NT=dithiothreitol (DTT);AC=PRIDE:0000608	NT=methyl methanethiosulfonate (MMTS);AC=PRIDE:0000605	NT=Methylthio;AC=UNIMOD:39;TA=C;MT=Fixed	NT=Oxidation;AC=UNIMOD:35;TA=M;MT=Variable	NT=TMTpro;AC=UNIMOD:2016;TA=K;MT=Fixed	NT=TMTpro;AC=UNIMOD:2016;PP=Any N-term;MT=Fixed	0 hour	IPC T1
set2-R36_2	Rattus norvegicus	heart	3	not applicable	tissue	0 hour	IPC T1	adult	not available	not available	yes	Lumos_221109_21-TMT134C	proteomic profiling by mass spectrometry	1	Lumos_221109_21.raw	v1.1.0	NT=ms-proteomics;VV=v1.1.0	NT=vertebrates;VV=v1.1.0	manual curation	NT=Data-dependent acquisition;AC=PRIDE:0000627	NT=Orbitrap Fusion Lumos;AC=MS:1002732	NT=Trypsin;AC=MS:1001251	TMT134C	12	NT=higher energy beam-type collision-induced dissociation;AC=MS:1000422	5 ppm	0.6 Da	NT=dithiothreitol (DTT);AC=PRIDE:0000608	NT=methyl methanethiosulfonate (MMTS);AC=PRIDE:0000605	NT=Methylthio;AC=UNIMOD:39;TA=C;MT=Fixed	NT=Oxidation;AC=UNIMOD:35;TA=M;MT=Variable	NT=TMTpro;AC=UNIMOD:2016;TA=K;MT=Fixed	NT=TMTpro;AC=UNIMOD:2016;PP=Any N-term;MT=Fixed	0 hour	IPC T1
set2-R36_2	Rattus norvegicus	heart	3	not applicable	tissue	0 hour	IPC T1	adult	not available	not available	yes	Lumos_221109_22-TMT134C	proteomic profiling by mass spectrometry	1	Lumos_221109_22.raw	v1.1.0	NT=ms-proteomics;VV=v1.1.0	NT=vertebrates;VV=v1.1.0	manual curation	NT=Data-dependent acquisition;AC=PRIDE:0000627	NT=Orbitrap Fusion Lumos;AC=MS:1002732	NT=Trypsin;AC=MS:1001251	TMT134C	13	NT=higher energy beam-type collision-induced dissociation;AC=MS:1000422	5 ppm	0.6 Da	NT=dithiothreitol (DTT);AC=PRIDE:0000608	NT=methyl methanethiosulfonate (MMTS);AC=PRIDE:0000605	NT=Methylthio;AC=UNIMOD:39;TA=C;MT=Fixed	NT=Oxidation;AC=UNIMOD:35;TA=M;MT=Variable	NT=TMTpro;AC=UNIMOD:2016;TA=K;MT=Fixed	NT=TMTpro;AC=UNIMOD:2016;PP=Any N-term;MT=Fixed	0 hour	IPC T1
set2-R36_2	Rattus norvegicus	heart	3	not applicable	tissue	0 hour	IPC T1	adult	not available	not available	yes	Lumos_221109_23-TMT134C	proteomic profiling by mass spectrometry	1	Lumos_221109_23.raw	v1.1.0	NT=ms-proteomics;VV=v1.1.0	NT=vertebrates;VV=v1.1.0	manual curation	NT=Data-dependent acquisition;AC=PRIDE:0000627	NT=Orbitrap Fusion Lumos;AC=MS:1002732	NT=Trypsin;AC=MS:1001251	TMT134C	14	NT=higher energy beam-type collision-induced dissociation;AC=MS:1000422	5 ppm	0.6 Da	NT=dithiothreitol (DTT);AC=PRIDE:0000608	NT=methyl methanethiosulfonate (MMTS);AC=PRIDE:0000605	NT=Methylthio;AC=UNIMOD:39;TA=C;MT=Fixed	NT=Oxidation;AC=UNIMOD:35;TA=M;MT=Variable	NT=TMTpro;AC=UNIMOD:2016;TA=K;MT=Fixed	NT=TMTpro;AC=UNIMOD:2016;PP=Any N-term;MT=Fixed	0 hour	IPC T1
set2-R36_2	Rattus norvegicus	heart	3	not applicable	tissue	0 hour	IPC T1	adult	not available	not available	yes	Lumos_221109_24-TMT134C	proteomic profiling by mass spectrometry	1	Lumos_221109_24.raw	v1.1.0	NT=ms-proteomics;VV=v1.1.0	NT=vertebrates;VV=v1.1.0	manual curation	NT=Data-dependent acquisition;AC=PRIDE:0000627	NT=Orbitrap Fusion Lumos;AC=MS:1002732	NT=Trypsin;AC=MS:1001251	TMT134C	15	NT=higher energy beam-type collision-induced dissociation;AC=MS:1000422	5 ppm	0.6 Da	NT=dithiothreitol (DTT);AC=PRIDE:0000608	NT=methyl methanethiosulfonate (MMTS);AC=PRIDE:0000605	NT=Methylthio;AC=UNIMOD:39;TA=C;MT=Fixed	NT=Oxidation;AC=UNIMOD:35;TA=M;MT=Variable	NT=TMTpro;AC=UNIMOD:2016;TA=K;MT=Fixed	NT=TMTpro;AC=UNIMOD:2016;PP=Any N-term;MT=Fixed	0 hour	IPC T1
set2-R36_2	Rattus norvegicus	heart	3	not applicable	tissue	0 hour	IPC T1	adult	not available	not available	yes	Lumos_221109_25-TMT134C	proteomic profiling by mass spectrometry	1	Lumos_221109_25.raw	v1.1.0	NT=ms-proteomics;VV=v1.1.0	NT=vertebrates;VV=v1.1.0	manual curation	NT=Data-dependent acquisition;AC=PRIDE:0000627	NT=Orbitrap Fusion Lumos;AC=MS:1002732	NT=Trypsin;AC=MS:1001251	TMT134C	16	NT=higher energy beam-type collision-induced dissociation;AC=MS:1000422	5 ppm	0.6 Da	NT=dithiothreitol (DTT);AC=PRIDE:0000608	NT=methyl methanethiosulfonate (MMTS);AC=PRIDE:0000605	NT=Methylthio;AC=UNIMOD:39;TA=C;MT=Fixed	NT=Oxidation;AC=UNIMOD:35;TA=M;MT=Variable	NT=TMTpro;AC=UNIMOD:2016;TA=K;MT=Fixed	NT=TMTpro;AC=UNIMOD:2016;PP=Any N-term;MT=Fixed	0 hour	IPC T1
set2-R36_2	Rattus norvegicus	heart	3	not applicable	tissue	0 hour	IPC T1	adult	not available	not available	yes	Lumos_221109_26-TMT134C	proteomic profiling by mass spectrometry	1	Lumos_221109_26.raw	v1.1.0	NT=ms-proteomics;VV=v1.1.0	NT=vertebrates;VV=v1.1.0	manual curation	NT=Data-dependent acquisition;AC=PRIDE:0000627	NT=Orbitrap Fusion Lumos;AC=MS:1002732	NT=Trypsin;AC=MS:1001251	TMT134C	17	NT=higher energy beam-type collision-induced dissociation;AC=MS:1000422	5 ppm	0.6 Da	NT=dithiothreitol (DTT);AC=PRIDE:0000608	NT=methyl methanethiosulfonate (MMTS);AC=PRIDE:0000605	NT=Methylthio;AC=UNIMOD:39;TA=C;MT=Fixed	NT=Oxidation;AC=UNIMOD:35;TA=M;MT=Variable	NT=TMTpro;AC=UNIMOD:2016;TA=K;MT=Fixed	NT=TMTpro;AC=UNIMOD:2016;PP=Any N-term;MT=Fixed	0 hour	IPC T1
set2-R36_2	Rattus norvegicus	heart	3	not applicable	tissue	0 hour	IPC T1	adult	not available	not available	yes	Lumos_221109_27-TMT134C	proteomic profiling by mass spectrometry	1	Lumos_221109_27.raw	v1.1.0	NT=ms-proteomics;VV=v1.1.0	NT=vertebrates;VV=v1.1.0	manual curation	NT=Data-dependent acquisition;AC=PRIDE:0000627	NT=Orbitrap Fusion Lumos;AC=MS:1002732	NT=Trypsin;AC=MS:1001251	TMT134C	18	NT=higher energy beam-type collision-induced dissociation;AC=MS:1000422	5 ppm	0.6 Da	NT=dithiothreitol (DTT);AC=PRIDE:0000608	NT=methyl methanethiosulfonate (MMTS);AC=PRIDE:0000605	NT=Methylthio;AC=UNIMOD:39;TA=C;MT=Fixed	NT=Oxidation;AC=UNIMOD:35;TA=M;MT=Variable	NT=TMTpro;AC=UNIMOD:2016;TA=K;MT=Fixed	NT=TMTpro;AC=UNIMOD:2016;PP=Any N-term;MT=Fixed	0 hour	IPC T1
set2-R36_2	Rattus norvegicus	heart	3	not applicable	tissue	0 hour	IPC T1	adult	not available	not available	yes	Lumos_221109_28-TMT134C	proteomic profiling by mass spectrometry	1	Lumos_221109_28.raw	v1.1.0	NT=ms-proteomics;VV=v1.1.0	NT=vertebrates;VV=v1.1.0	manual curation	NT=Data-dependent acquisition;AC=PRIDE:0000627	NT=Orbitrap Fusion Lumos;AC=MS:1002732	NT=Trypsin;AC=MS:1001251	TMT134C	19	NT=higher energy beam-type collision-induced dissociation;AC=MS:1000422	5 ppm	0.6 Da	NT=dithiothreitol (DTT);AC=PRIDE:0000608	NT=methyl methanethiosulfonate (MMTS);AC=PRIDE:0000605	NT=Methylthio;AC=UNIMOD:39;TA=C;MT=Fixed	NT=Oxidation;AC=UNIMOD:35;TA=M;MT=Variable	NT=TMTpro;AC=UNIMOD:2016;TA=K;MT=Fixed	NT=TMTpro;AC=UNIMOD:2016;PP=Any N-term;MT=Fixed	0 hour	IPC T1
set2-R36_2	Rattus norvegicus	heart	3	not applicable	tissue	0 hour	IPC T1	adult	not available	not available	yes	Lumos_221109_29-TMT134C	proteomic profiling by mass spectrometry	1	Lumos_221109_29.raw	v1.1.0	NT=ms-proteomics;VV=v1.1.0	NT=vertebrates;VV=v1.1.0	manual curation	NT=Data-dependent acquisition;AC=PRIDE:0000627	NT=Orbitrap Fusion Lumos;AC=MS:1002732	NT=Trypsin;AC=MS:1001251	TMT134C	20	NT=higher energy beam-type collision-induced dissociation;AC=MS:1000422	5 ppm	0.6 Da	NT=dithiothreitol (DTT);AC=PRIDE:0000608	NT=methyl methanethiosulfonate (MMTS);AC=PRIDE:0000605	NT=Methylthio;AC=UNIMOD:39;TA=C;MT=Fixed	NT=Oxidation;AC=UNIMOD:35;TA=M;MT=Variable	NT=TMTpro;AC=UNIMOD:2016;TA=K;MT=Fixed	NT=TMTpro;AC=UNIMOD:2016;PP=Any N-term;MT=Fixed	0 hour	IPC T1
set2-R36_2	Rattus norvegicus	heart	3	not applicable	tissue	0 hour	IPC T1	adult	not available	not available	yes	Lumos_221109_30-TMT134C	proteomic profiling by mass spectrometry	1	Lumos_221109_30.raw	v1.1.0	NT=ms-proteomics;VV=v1.1.0	NT=vertebrates;VV=v1.1.0	manual curation	NT=Data-dependent acquisition;AC=PRIDE:0000627	NT=Orbitrap Fusion Lumos;AC=MS:1002732	NT=Trypsin;AC=MS:1001251	TMT134C	21	NT=higher energy beam-type collision-induced dissociation;AC=MS:1000422	5 ppm	0.6 Da	NT=dithiothreitol (DTT);AC=PRIDE:0000608	NT=methyl methanethiosulfonate (MMTS);AC=PRIDE:0000605	NT=Methylthio;AC=UNIMOD:39;TA=C;MT=Fixed	NT=Oxidation;AC=UNIMOD:35;TA=M;MT=Variable	NT=TMTpro;AC=UNIMOD:2016;TA=K;MT=Fixed	NT=TMTpro;AC=UNIMOD:2016;PP=Any N-term;MT=Fixed	0 hour	IPC T1
set2-R36_2	Rattus norvegicus	heart	3	not applicable	tissue	0 hour	IPC T1	adult	not available	not available	yes	Lumos_221109_31-TMT134C	proteomic profiling by mass spectrometry	1	Lumos_221109_31.raw	v1.1.0	NT=ms-proteomics;VV=v1.1.0	NT=vertebrates;VV=v1.1.0	manual curation	NT=Data-dependent acquisition;AC=PRIDE:0000627	NT=Orbitrap Fusion Lumos;AC=MS:1002732	NT=Trypsin;AC=MS:1001251	TMT134C	22	NT=higher energy beam-type collision-induced dissociation;AC=MS:1000422	5 ppm	0.6 Da	NT=dithiothreitol (DTT);AC=PRIDE:0000608	NT=methyl methanethiosulfonate (MMTS);AC=PRIDE:0000605	NT=Methylthio;AC=UNIMOD:39;TA=C;MT=Fixed	NT=Oxidation;AC=UNIMOD:35;TA=M;MT=Variable	NT=TMTpro;AC=UNIMOD:2016;TA=K;MT=Fixed	NT=TMTpro;AC=UNIMOD:2016;PP=Any N-term;MT=Fixed	0 hour	IPC T1
set2-R17	Rattus norvegicus	heart	4	not applicable	tissue	0 hour	IPC T1	adult	not available	not available	yes	Lumos_221109_10-TMT135N	proteomic profiling by mass spectrometry	1	Lumos_221109_10.raw	v1.1.0	NT=ms-proteomics;VV=v1.1.0	NT=vertebrates;VV=v1.1.0	manual curation	NT=Data-dependent acquisition;AC=PRIDE:0000627	NT=Orbitrap Fusion Lumos;AC=MS:1002732	NT=Trypsin;AC=MS:1001251	TMT135N	1	NT=higher energy beam-type collision-induced dissociation;AC=MS:1000422	5 ppm	0.6 Da	NT=dithiothreitol (DTT);AC=PRIDE:0000608	NT=methyl methanethiosulfonate (MMTS);AC=PRIDE:0000605	NT=Methylthio;AC=UNIMOD:39;TA=C;MT=Fixed	NT=Oxidation;AC=UNIMOD:35;TA=M;MT=Variable	NT=TMTpro;AC=UNIMOD:2016;TA=K;MT=Fixed	NT=TMTpro;AC=UNIMOD:2016;PP=Any N-term;MT=Fixed	0 hour	IPC T1
set2-R17	Rattus norvegicus	heart	4	not applicable	tissue	0 hour	IPC T1	adult	not available	not available	yes	Lumos_221109_11-TMT135N	proteomic profiling by mass spectrometry	1	Lumos_221109_11.raw	v1.1.0	NT=ms-proteomics;VV=v1.1.0	NT=vertebrates;VV=v1.1.0	manual curation	NT=Data-dependent acquisition;AC=PRIDE:0000627	NT=Orbitrap Fusion Lumos;AC=MS:1002732	NT=Trypsin;AC=MS:1001251	TMT135N	2	NT=higher energy beam-type collision-induced dissociation;AC=MS:1000422	5 ppm	0.6 Da	NT=dithiothreitol (DTT);AC=PRIDE:0000608	NT=methyl methanethiosulfonate (MMTS);AC=PRIDE:0000605	NT=Methylthio;AC=UNIMOD:39;TA=C;MT=Fixed	NT=Oxidation;AC=UNIMOD:35;TA=M;MT=Variable	NT=TMTpro;AC=UNIMOD:2016;TA=K;MT=Fixed	NT=TMTpro;AC=UNIMOD:2016;PP=Any N-term;MT=Fixed	0 hour	IPC T1
set2-R17	Rattus norvegicus	heart	4	not applicable	tissue	0 hour	IPC T1	adult	not available	not available	yes	Lumos_221109_12-TMT135N	proteomic profiling by mass spectrometry	1	Lumos_221109_12.raw	v1.1.0	NT=ms-proteomics;VV=v1.1.0	NT=vertebrates;VV=v1.1.0	manual curation	NT=Data-dependent acquisition;AC=PRIDE:0000627	NT=Orbitrap Fusion Lumos;AC=MS:1002732	NT=Trypsin;AC=MS:1001251	TMT135N	3	NT=higher energy beam-type collision-induced dissociation;AC=MS:1000422	5 ppm	0.6 Da	NT=dithiothreitol (DTT);AC=PRIDE:0000608	NT=methyl methanethiosulfonate (MMTS);AC=PRIDE:0000605	NT=Methylthio;AC=UNIMOD:39;TA=C;MT=Fixed	NT=Oxidation;AC=UNIMOD:35;TA=M;MT=Variable	NT=TMTpro;AC=UNIMOD:2016;TA=K;MT=Fixed	NT=TMTpro;AC=UNIMOD:2016;PP=Any N-term;MT=Fixed	0 hour	IPC T1
set2-R17	Rattus norvegicus	heart	4	not applicable	tissue	0 hour	IPC T1	adult	not available	not available	yes	Lumos_221109_13-TMT135N	proteomic profiling by mass spectrometry	1	Lumos_221109_13.raw	v1.1.0	NT=ms-proteomics;VV=v1.1.0	NT=vertebrates;VV=v1.1.0	manual curation	NT=Data-dependent acquisition;AC=PRIDE:0000627	NT=Orbitrap Fusion Lumos;AC=MS:1002732	NT=Trypsin;AC=MS:1001251	TMT135N	4	NT=higher energy beam-type collision-induced dissociation;AC=MS:1000422	5 ppm	0.6 Da	NT=dithiothreitol (DTT);AC=PRIDE:0000608	NT=methyl methanethiosulfonate (MMTS);AC=PRIDE:0000605	NT=Methylthio;AC=UNIMOD:39;TA=C;MT=Fixed	NT=Oxidation;AC=UNIMOD:35;TA=M;MT=Variable	NT=TMTpro;AC=UNIMOD:2016;TA=K;MT=Fixed	NT=TMTpro;AC=UNIMOD:2016;PP=Any N-term;MT=Fixed	0 hour	IPC T1
set2-R17	Rattus norvegicus	heart	4	not applicable	tissue	0 hour	IPC T1	adult	not available	not available	yes	Lumos_221109_14-TMT135N	proteomic profiling by mass spectrometry	1	Lumos_221109_14.raw	v1.1.0	NT=ms-proteomics;VV=v1.1.0	NT=vertebrates;VV=v1.1.0	manual curation	NT=Data-dependent acquisition;AC=PRIDE:0000627	NT=Orbitrap Fusion Lumos;AC=MS:1002732	NT=Trypsin;AC=MS:1001251	TMT135N	5	NT=higher energy beam-type collision-induced dissociation;AC=MS:1000422	5 ppm	0.6 Da	NT=dithiothreitol (DTT);AC=PRIDE:0000608	NT=methyl methanethiosulfonate (MMTS);AC=PRIDE:0000605	NT=Methylthio;AC=UNIMOD:39;TA=C;MT=Fixed	NT=Oxidation;AC=UNIMOD:35;TA=M;MT=Variable	NT=TMTpro;AC=UNIMOD:2016;TA=K;MT=Fixed	NT=TMTpro;AC=UNIMOD:2016;PP=Any N-term;MT=Fixed	0 hour	IPC T1
set2-R17	Rattus norvegicus	heart	4	not applicable	tissue	0 hour	IPC T1	adult	not available	not available	yes	Lumos_221109_15-TMT135N	proteomic profiling by mass spectrometry	1	Lumos_221109_15.raw	v1.1.0	NT=ms-proteomics;VV=v1.1.0	NT=vertebrates;VV=v1.1.0	manual curation	NT=Data-dependent acquisition;AC=PRIDE:0000627	NT=Orbitrap Fusion Lumos;AC=MS:1002732	NT=Trypsin;AC=MS:1001251	TMT135N	6	NT=higher energy beam-type collision-induced dissociation;AC=MS:1000422	5 ppm	0.6 Da	NT=dithiothreitol (DTT);AC=PRIDE:0000608	NT=methyl methanethiosulfonate (MMTS);AC=PRIDE:0000605	NT=Methylthio;AC=UNIMOD:39;TA=C;MT=Fixed	NT=Oxidation;AC=UNIMOD:35;TA=M;MT=Variable	NT=TMTpro;AC=UNIMOD:2016;TA=K;MT=Fixed	NT=TMTpro;AC=UNIMOD:2016;PP=Any N-term;MT=Fixed	0 hour	IPC T1
set2-R17	Rattus norvegicus	heart	4	not applicable	tissue	0 hour	IPC T1	adult	not available	not available	yes	Lumos_221109_16-TMT135N	proteomic profiling by mass spectrometry	1	Lumos_221109_16.raw	v1.1.0	NT=ms-proteomics;VV=v1.1.0	NT=vertebrates;VV=v1.1.0	manual curation	NT=Data-dependent acquisition;AC=PRIDE:0000627	NT=Orbitrap Fusion Lumos;AC=MS:1002732	NT=Trypsin;AC=MS:1001251	TMT135N	7	NT=higher energy beam-type collision-induced dissociation;AC=MS:1000422	5 ppm	0.6 Da	NT=dithiothreitol (DTT);AC=PRIDE:0000608	NT=methyl methanethiosulfonate (MMTS);AC=PRIDE:0000605	NT=Methylthio;AC=UNIMOD:39;TA=C;MT=Fixed	NT=Oxidation;AC=UNIMOD:35;TA=M;MT=Variable	NT=TMTpro;AC=UNIMOD:2016;TA=K;MT=Fixed	NT=TMTpro;AC=UNIMOD:2016;PP=Any N-term;MT=Fixed	0 hour	IPC T1
set2-R17	Rattus norvegicus	heart	4	not applicable	tissue	0 hour	IPC T1	adult	not available	not available	yes	Lumos_221109_17-TMT135N	proteomic profiling by mass spectrometry	1	Lumos_221109_17.raw	v1.1.0	NT=ms-proteomics;VV=v1.1.0	NT=vertebrates;VV=v1.1.0	manual curation	NT=Data-dependent acquisition;AC=PRIDE:0000627	NT=Orbitrap Fusion Lumos;AC=MS:1002732	NT=Trypsin;AC=MS:1001251	TMT135N	8	NT=higher energy beam-type collision-induced dissociation;AC=MS:1000422	5 ppm	0.6 Da	NT=dithiothreitol (DTT);AC=PRIDE:0000608	NT=methyl methanethiosulfonate (MMTS);AC=PRIDE:0000605	NT=Methylthio;AC=UNIMOD:39;TA=C;MT=Fixed	NT=Oxidation;AC=UNIMOD:35;TA=M;MT=Variable	NT=TMTpro;AC=UNIMOD:2016;TA=K;MT=Fixed	NT=TMTpro;AC=UNIMOD:2016;PP=Any N-term;MT=Fixed	0 hour	IPC T1
set2-R17	Rattus norvegicus	heart	4	not applicable	tissue	0 hour	IPC T1	adult	not available	not available	yes	Lumos_221109_18-TMT135N	proteomic profiling by mass spectrometry	1	Lumos_221109_18.raw	v1.1.0	NT=ms-proteomics;VV=v1.1.0	NT=vertebrates;VV=v1.1.0	manual curation	NT=Data-dependent acquisition;AC=PRIDE:0000627	NT=Orbitrap Fusion Lumos;AC=MS:1002732	NT=Trypsin;AC=MS:1001251	TMT135N	9	NT=higher energy beam-type collision-induced dissociation;AC=MS:1000422	5 ppm	0.6 Da	NT=dithiothreitol (DTT);AC=PRIDE:0000608	NT=methyl methanethiosulfonate (MMTS);AC=PRIDE:0000605	NT=Methylthio;AC=UNIMOD:39;TA=C;MT=Fixed	NT=Oxidation;AC=UNIMOD:35;TA=M;MT=Variable	NT=TMTpro;AC=UNIMOD:2016;TA=K;MT=Fixed	NT=TMTpro;AC=UNIMOD:2016;PP=Any N-term;MT=Fixed	0 hour	IPC T1
set2-R17	Rattus norvegicus	heart	4	not applicable	tissue	0 hour	IPC T1	adult	not available	not available	yes	Lumos_221109_19-TMT135N	proteomic profiling by mass spectrometry	1	Lumos_221109_19.raw	v1.1.0	NT=ms-proteomics;VV=v1.1.0	NT=vertebrates;VV=v1.1.0	manual curation	NT=Data-dependent acquisition;AC=PRIDE:0000627	NT=Orbitrap Fusion Lumos;AC=MS:1002732	NT=Trypsin;AC=MS:1001251	TMT135N	10	NT=higher energy beam-type collision-induced dissociation;AC=MS:1000422	5 ppm	0.6 Da	NT=dithiothreitol (DTT);AC=PRIDE:0000608	NT=methyl methanethiosulfonate (MMTS);AC=PRIDE:0000605	NT=Methylthio;AC=UNIMOD:39;TA=C;MT=Fixed	NT=Oxidation;AC=UNIMOD:35;TA=M;MT=Variable	NT=TMTpro;AC=UNIMOD:2016;TA=K;MT=Fixed	NT=TMTpro;AC=UNIMOD:2016;PP=Any N-term;MT=Fixed	0 hour	IPC T1
set2-R17	Rattus norvegicus	heart	4	not applicable	tissue	0 hour	IPC T1	adult	not available	not available	yes	Lumos_221109_20-TMT135N	proteomic profiling by mass spectrometry	1	Lumos_221109_20.raw	v1.1.0	NT=ms-proteomics;VV=v1.1.0	NT=vertebrates;VV=v1.1.0	manual curation	NT=Data-dependent acquisition;AC=PRIDE:0000627	NT=Orbitrap Fusion Lumos;AC=MS:1002732	NT=Trypsin;AC=MS:1001251	TMT135N	11	NT=higher energy beam-type collision-induced dissociation;AC=MS:1000422	5 ppm	0.6 Da	NT=dithiothreitol (DTT);AC=PRIDE:0000608	NT=methyl methanethiosulfonate (MMTS);AC=PRIDE:0000605	NT=Methylthio;AC=UNIMOD:39;TA=C;MT=Fixed	NT=Oxidation;AC=UNIMOD:35;TA=M;MT=Variable	NT=TMTpro;AC=UNIMOD:2016;TA=K;MT=Fixed	NT=TMTpro;AC=UNIMOD:2016;PP=Any N-term;MT=Fixed	0 hour	IPC T1
set2-R17	Rattus norvegicus	heart	4	not applicable	tissue	0 hour	IPC T1	adult	not available	not available	yes	Lumos_221109_21-TMT135N	proteomic profiling by mass spectrometry	1	Lumos_221109_21.raw	v1.1.0	NT=ms-proteomics;VV=v1.1.0	NT=vertebrates;VV=v1.1.0	manual curation	NT=Data-dependent acquisition;AC=PRIDE:0000627	NT=Orbitrap Fusion Lumos;AC=MS:1002732	NT=Trypsin;AC=MS:1001251	TMT135N	12	NT=higher energy beam-type collision-induced dissociation;AC=MS:1000422	5 ppm	0.6 Da	NT=dithiothreitol (DTT);AC=PRIDE:0000608	NT=methyl methanethiosulfonate (MMTS);AC=PRIDE:0000605	NT=Methylthio;AC=UNIMOD:39;TA=C;MT=Fixed	NT=Oxidation;AC=UNIMOD:35;TA=M;MT=Variable	NT=TMTpro;AC=UNIMOD:2016;TA=K;MT=Fixed	NT=TMTpro;AC=UNIMOD:2016;PP=Any N-term;MT=Fixed	0 hour	IPC T1
set2-R17	Rattus norvegicus	heart	4	not applicable	tissue	0 hour	IPC T1	adult	not available	not available	yes	Lumos_221109_22-TMT135N	proteomic profiling by mass spectrometry	1	Lumos_221109_22.raw	v1.1.0	NT=ms-proteomics;VV=v1.1.0	NT=vertebrates;VV=v1.1.0	manual curation	NT=Data-dependent acquisition;AC=PRIDE:0000627	NT=Orbitrap Fusion Lumos;AC=MS:1002732	NT=Trypsin;AC=MS:1001251	TMT135N	13	NT=higher energy beam-type collision-induced dissociation;AC=MS:1000422	5 ppm	0.6 Da	NT=dithiothreitol (DTT);AC=PRIDE:0000608	NT=methyl methanethiosulfonate (MMTS);AC=PRIDE:0000605	NT=Methylthio;AC=UNIMOD:39;TA=C;MT=Fixed	NT=Oxidation;AC=UNIMOD:35;TA=M;MT=Variable	NT=TMTpro;AC=UNIMOD:2016;TA=K;MT=Fixed	NT=TMTpro;AC=UNIMOD:2016;PP=Any N-term;MT=Fixed	0 hour	IPC T1
set2-R17	Rattus norvegicus	heart	4	not applicable	tissue	0 hour	IPC T1	adult	not available	not available	yes	Lumos_221109_23-TMT135N	proteomic profiling by mass spectrometry	1	Lumos_221109_23.raw	v1.1.0	NT=ms-proteomics;VV=v1.1.0	NT=vertebrates;VV=v1.1.0	manual curation	NT=Data-dependent acquisition;AC=PRIDE:0000627	NT=Orbitrap Fusion Lumos;AC=MS:1002732	NT=Trypsin;AC=MS:1001251	TMT135N	14	NT=higher energy beam-type collision-induced dissociation;AC=MS:1000422	5 ppm	0.6 Da	NT=dithiothreitol (DTT);AC=PRIDE:0000608	NT=methyl methanethiosulfonate (MMTS);AC=PRIDE:0000605	NT=Methylthio;AC=UNIMOD:39;TA=C;MT=Fixed	NT=Oxidation;AC=UNIMOD:35;TA=M;MT=Variable	NT=TMTpro;AC=UNIMOD:2016;TA=K;MT=Fixed	NT=TMTpro;AC=UNIMOD:2016;PP=Any N-term;MT=Fixed	0 hour	IPC T1
set2-R17	Rattus norvegicus	heart	4	not applicable	tissue	0 hour	IPC T1	adult	not available	not available	yes	Lumos_221109_24-TMT135N	proteomic profiling by mass spectrometry	1	Lumos_221109_24.raw	v1.1.0	NT=ms-proteomics;VV=v1.1.0	NT=vertebrates;VV=v1.1.0	manual curation	NT=Data-dependent acquisition;AC=PRIDE:0000627	NT=Orbitrap Fusion Lumos;AC=MS:1002732	NT=Trypsin;AC=MS:1001251	TMT135N	15	NT=higher energy beam-type collision-induced dissociation;AC=MS:1000422	5 ppm	0.6 Da	NT=dithiothreitol (DTT);AC=PRIDE:0000608	NT=methyl methanethiosulfonate (MMTS);AC=PRIDE:0000605	NT=Methylthio;AC=UNIMOD:39;TA=C;MT=Fixed	NT=Oxidation;AC=UNIMOD:35;TA=M;MT=Variable	NT=TMTpro;AC=UNIMOD:2016;TA=K;MT=Fixed	NT=TMTpro;AC=UNIMOD:2016;PP=Any N-term;MT=Fixed	0 hour	IPC T1
set2-R17	Rattus norvegicus	heart	4	not applicable	tissue	0 hour	IPC T1	adult	not available	not available	yes	Lumos_221109_25-TMT135N	proteomic profiling by mass spectrometry	1	Lumos_221109_25.raw	v1.1.0	NT=ms-proteomics;VV=v1.1.0	NT=vertebrates;VV=v1.1.0	manual curation	NT=Data-dependent acquisition;AC=PRIDE:0000627	NT=Orbitrap Fusion Lumos;AC=MS:1002732	NT=Trypsin;AC=MS:1001251	TMT135N	16	NT=higher energy beam-type collision-induced dissociation;AC=MS:1000422	5 ppm	0.6 Da	NT=dithiothreitol (DTT);AC=PRIDE:0000608	NT=methyl methanethiosulfonate (MMTS);AC=PRIDE:0000605	NT=Methylthio;AC=UNIMOD:39;TA=C;MT=Fixed	NT=Oxidation;AC=UNIMOD:35;TA=M;MT=Variable	NT=TMTpro;AC=UNIMOD:2016;TA=K;MT=Fixed	NT=TMTpro;AC=UNIMOD:2016;PP=Any N-term;MT=Fixed	0 hour	IPC T1
set2-R17	Rattus norvegicus	heart	4	not applicable	tissue	0 hour	IPC T1	adult	not available	not available	yes	Lumos_221109_26-TMT135N	proteomic profiling by mass spectrometry	1	Lumos_221109_26.raw	v1.1.0	NT=ms-proteomics;VV=v1.1.0	NT=vertebrates;VV=v1.1.0	manual curation	NT=Data-dependent acquisition;AC=PRIDE:0000627	NT=Orbitrap Fusion Lumos;AC=MS:1002732	NT=Trypsin;AC=MS:1001251	TMT135N	17	NT=higher energy beam-type collision-induced dissociation;AC=MS:1000422	5 ppm	0.6 Da	NT=dithiothreitol (DTT);AC=PRIDE:0000608	NT=methyl methanethiosulfonate (MMTS);AC=PRIDE:0000605	NT=Methylthio;AC=UNIMOD:39;TA=C;MT=Fixed	NT=Oxidation;AC=UNIMOD:35;TA=M;MT=Variable	NT=TMTpro;AC=UNIMOD:2016;TA=K;MT=Fixed	NT=TMTpro;AC=UNIMOD:2016;PP=Any N-term;MT=Fixed	0 hour	IPC T1
set2-R17	Rattus norvegicus	heart	4	not applicable	tissue	0 hour	IPC T1	adult	not available	not available	yes	Lumos_221109_27-TMT135N	proteomic profiling by mass spectrometry	1	Lumos_221109_27.raw	v1.1.0	NT=ms-proteomics;VV=v1.1.0	NT=vertebrates;VV=v1.1.0	manual curation	NT=Data-dependent acquisition;AC=PRIDE:0000627	NT=Orbitrap Fusion Lumos;AC=MS:1002732	NT=Trypsin;AC=MS:1001251	TMT135N	18	NT=higher energy beam-type collision-induced dissociation;AC=MS:1000422	5 ppm	0.6 Da	NT=dithiothreitol (DTT);AC=PRIDE:0000608	NT=methyl methanethiosulfonate (MMTS);AC=PRIDE:0000605	NT=Methylthio;AC=UNIMOD:39;TA=C;MT=Fixed	NT=Oxidation;AC=UNIMOD:35;TA=M;MT=Variable	NT=TMTpro;AC=UNIMOD:2016;TA=K;MT=Fixed	NT=TMTpro;AC=UNIMOD:2016;PP=Any N-term;MT=Fixed	0 hour	IPC T1
set2-R17	Rattus norvegicus	heart	4	not applicable	tissue	0 hour	IPC T1	adult	not available	not available	yes	Lumos_221109_28-TMT135N	proteomic profiling by mass spectrometry	1	Lumos_221109_28.raw	v1.1.0	NT=ms-proteomics;VV=v1.1.0	NT=vertebrates;VV=v1.1.0	manual curation	NT=Data-dependent acquisition;AC=PRIDE:0000627	NT=Orbitrap Fusion Lumos;AC=MS:1002732	NT=Trypsin;AC=MS:1001251	TMT135N	19	NT=higher energy beam-type collision-induced dissociation;AC=MS:1000422	5 ppm	0.6 Da	NT=dithiothreitol (DTT);AC=PRIDE:0000608	NT=methyl methanethiosulfonate (MMTS);AC=PRIDE:0000605	NT=Methylthio;AC=UNIMOD:39;TA=C;MT=Fixed	NT=Oxidation;AC=UNIMOD:35;TA=M;MT=Variable	NT=TMTpro;AC=UNIMOD:2016;TA=K;MT=Fixed	NT=TMTpro;AC=UNIMOD:2016;PP=Any N-term;MT=Fixed	0 hour	IPC T1
set2-R17	Rattus norvegicus	heart	4	not applicable	tissue	0 hour	IPC T1	adult	not available	not available	yes	Lumos_221109_29-TMT135N	proteomic profiling by mass spectrometry	1	Lumos_221109_29.raw	v1.1.0	NT=ms-proteomics;VV=v1.1.0	NT=vertebrates;VV=v1.1.0	manual curation	NT=Data-dependent acquisition;AC=PRIDE:0000627	NT=Orbitrap Fusion Lumos;AC=MS:1002732	NT=Trypsin;AC=MS:1001251	TMT135N	20	NT=higher energy beam-type collision-induced dissociation;AC=MS:1000422	5 ppm	0.6 Da	NT=dithiothreitol (DTT);AC=PRIDE:0000608	NT=methyl methanethiosulfonate (MMTS);AC=PRIDE:0000605	NT=Methylthio;AC=UNIMOD:39;TA=C;MT=Fixed	NT=Oxidation;AC=UNIMOD:35;TA=M;MT=Variable	NT=TMTpro;AC=UNIMOD:2016;TA=K;MT=Fixed	NT=TMTpro;AC=UNIMOD:2016;PP=Any N-term;MT=Fixed	0 hour	IPC T1
set2-R17	Rattus norvegicus	heart	4	not applicable	tissue	0 hour	IPC T1	adult	not available	not available	yes	Lumos_221109_30-TMT135N	proteomic profiling by mass spectrometry	1	Lumos_221109_30.raw	v1.1.0	NT=ms-proteomics;VV=v1.1.0	NT=vertebrates;VV=v1.1.0	manual curation	NT=Data-dependent acquisition;AC=PRIDE:0000627	NT=Orbitrap Fusion Lumos;AC=MS:1002732	NT=Trypsin;AC=MS:1001251	TMT135N	21	NT=higher energy beam-type collision-induced dissociation;AC=MS:1000422	5 ppm	0.6 Da	NT=dithiothreitol (DTT);AC=PRIDE:0000608	NT=methyl methanethiosulfonate (MMTS);AC=PRIDE:0000605	NT=Methylthio;AC=UNIMOD:39;TA=C;MT=Fixed	NT=Oxidation;AC=UNIMOD:35;TA=M;MT=Variable	NT=TMTpro;AC=UNIMOD:2016;TA=K;MT=Fixed	NT=TMTpro;AC=UNIMOD:2016;PP=Any N-term;MT=Fixed	0 hour	IPC T1
set2-R17	Rattus norvegicus	heart	4	not applicable	tissue	0 hour	IPC T1	adult	not available	not available	yes	Lumos_221109_31-TMT135N	proteomic profiling by mass spectrometry	1	Lumos_221109_31.raw	v1.1.0	NT=ms-proteomics;VV=v1.1.0	NT=vertebrates;VV=v1.1.0	manual curation	NT=Data-dependent acquisition;AC=PRIDE:0000627	NT=Orbitrap Fusion Lumos;AC=MS:1002732	NT=Trypsin;AC=MS:1001251	TMT135N	22	NT=higher energy beam-type collision-induced dissociation;AC=MS:1000422	5 ppm	0.6 Da	NT=dithiothreitol (DTT);AC=PRIDE:0000608	NT=methyl methanethiosulfonate (MMTS);AC=PRIDE:0000605	NT=Methylthio;AC=UNIMOD:39;TA=C;MT=Fixed	NT=Oxidation;AC=UNIMOD:35;TA=M;MT=Variable	NT=TMTpro;AC=UNIMOD:2016;TA=K;MT=Fixed	NT=TMTpro;AC=UNIMOD:2016;PP=Any N-term;MT=Fixed	0 hour	IPC T1
set2-R30	Rattus norvegicus	heart	5	not applicable	tissue	4 hour	IPC T2	adult	not available	not available	yes	Lumos_221109_10-TMT126	proteomic profiling by mass spectrometry	1	Lumos_221109_10.raw	v1.1.0	NT=ms-proteomics;VV=v1.1.0	NT=vertebrates;VV=v1.1.0	manual curation	NT=Data-dependent acquisition;AC=PRIDE:0000627	NT=Orbitrap Fusion Lumos;AC=MS:1002732	NT=Trypsin;AC=MS:1001251	TMT126	1	NT=higher energy beam-type collision-induced dissociation;AC=MS:1000422	5 ppm	0.6 Da	NT=dithiothreitol (DTT);AC=PRIDE:0000608	NT=methyl methanethiosulfonate (MMTS);AC=PRIDE:0000605	NT=Methylthio;AC=UNIMOD:39;TA=C;MT=Fixed	NT=Oxidation;AC=UNIMOD:35;TA=M;MT=Variable	NT=TMTpro;AC=UNIMOD:2016;TA=K;MT=Fixed	NT=TMTpro;AC=UNIMOD:2016;PP=Any N-term;MT=Fixed	4 hour	IPC T2
set2-R30	Rattus norvegicus	heart	5	not applicable	tissue	4 hour	IPC T2	adult	not available	not available	yes	Lumos_221109_11-TMT126	proteomic profiling by mass spectrometry	1	Lumos_221109_11.raw	v1.1.0	NT=ms-proteomics;VV=v1.1.0	NT=vertebrates;VV=v1.1.0	manual curation	NT=Data-dependent acquisition;AC=PRIDE:0000627	NT=Orbitrap Fusion Lumos;AC=MS:1002732	NT=Trypsin;AC=MS:1001251	TMT126	2	NT=higher energy beam-type collision-induced dissociation;AC=MS:1000422	5 ppm	0.6 Da	NT=dithiothreitol (DTT);AC=PRIDE:0000608	NT=methyl methanethiosulfonate (MMTS);AC=PRIDE:0000605	NT=Methylthio;AC=UNIMOD:39;TA=C;MT=Fixed	NT=Oxidation;AC=UNIMOD:35;TA=M;MT=Variable	NT=TMTpro;AC=UNIMOD:2016;TA=K;MT=Fixed	NT=TMTpro;AC=UNIMOD:2016;PP=Any N-term;MT=Fixed	4 hour	IPC T2
set2-R30	Rattus norvegicus	heart	5	not applicable	tissue	4 hour	IPC T2	adult	not available	not available	yes	Lumos_221109_12-TMT126	proteomic profiling by mass spectrometry	1	Lumos_221109_12.raw	v1.1.0	NT=ms-proteomics;VV=v1.1.0	NT=vertebrates;VV=v1.1.0	manual curation	NT=Data-dependent acquisition;AC=PRIDE:0000627	NT=Orbitrap Fusion Lumos;AC=MS:1002732	NT=Trypsin;AC=MS:1001251	TMT126	3	NT=higher energy beam-type collision-induced dissociation;AC=MS:1000422	5 ppm	0.6 Da	NT=dithiothreitol (DTT);AC=PRIDE:0000608	NT=methyl methanethiosulfonate (MMTS);AC=PRIDE:0000605	NT=Methylthio;AC=UNIMOD:39;TA=C;MT=Fixed	NT=Oxidation;AC=UNIMOD:35;TA=M;MT=Variable	NT=TMTpro;AC=UNIMOD:2016;TA=K;MT=Fixed	NT=TMTpro;AC=UNIMOD:2016;PP=Any N-term;MT=Fixed	4 hour	IPC T2
set2-R30	Rattus norvegicus	heart	5	not applicable	tissue	4 hour	IPC T2	adult	not available	not available	yes	Lumos_221109_13-TMT126	proteomic profiling by mass spectrometry	1	Lumos_221109_13.raw	v1.1.0	NT=ms-proteomics;VV=v1.1.0	NT=vertebrates;VV=v1.1.0	manual curation	NT=Data-dependent acquisition;AC=PRIDE:0000627	NT=Orbitrap Fusion Lumos;AC=MS:1002732	NT=Trypsin;AC=MS:1001251	TMT126	4	NT=higher energy beam-type collision-induced dissociation;AC=MS:1000422	5 ppm	0.6 Da	NT=dithiothreitol (DTT);AC=PRIDE:0000608	NT=methyl methanethiosulfonate (MMTS);AC=PRIDE:0000605	NT=Methylthio;AC=UNIMOD:39;TA=C;MT=Fixed	NT=Oxidation;AC=UNIMOD:35;TA=M;MT=Variable	NT=TMTpro;AC=UNIMOD:2016;TA=K;MT=Fixed	NT=TMTpro;AC=UNIMOD:2016;PP=Any N-term;MT=Fixed	4 hour	IPC T2
set2-R30	Rattus norvegicus	heart	5	not applicable	tissue	4 hour	IPC T2	adult	not available	not available	yes	Lumos_221109_14-TMT126	proteomic profiling by mass spectrometry	1	Lumos_221109_14.raw	v1.1.0	NT=ms-proteomics;VV=v1.1.0	NT=vertebrates;VV=v1.1.0	manual curation	NT=Data-dependent acquisition;AC=PRIDE:0000627	NT=Orbitrap Fusion Lumos;AC=MS:1002732	NT=Trypsin;AC=MS:1001251	TMT126	5	NT=higher energy beam-type collision-induced dissociation;AC=MS:1000422	5 ppm	0.6 Da	NT=dithiothreitol (DTT);AC=PRIDE:0000608	NT=methyl methanethiosulfonate (MMTS);AC=PRIDE:0000605	NT=Methylthio;AC=UNIMOD:39;TA=C;MT=Fixed	NT=Oxidation;AC=UNIMOD:35;TA=M;MT=Variable	NT=TMTpro;AC=UNIMOD:2016;TA=K;MT=Fixed	NT=TMTpro;AC=UNIMOD:2016;PP=Any N-term;MT=Fixed	4 hour	IPC T2
set2-R30	Rattus norvegicus	heart	5	not applicable	tissue	4 hour	IPC T2	adult	not available	not available	yes	Lumos_221109_15-TMT126	proteomic profiling by mass spectrometry	1	Lumos_221109_15.raw	v1.1.0	NT=ms-proteomics;VV=v1.1.0	NT=vertebrates;VV=v1.1.0	manual curation	NT=Data-dependent acquisition;AC=PRIDE:0000627	NT=Orbitrap Fusion Lumos;AC=MS:1002732	NT=Trypsin;AC=MS:1001251	TMT126	6	NT=higher energy beam-type collision-induced dissociation;AC=MS:1000422	5 ppm	0.6 Da	NT=dithiothreitol (DTT);AC=PRIDE:0000608	NT=methyl methanethiosulfonate (MMTS);AC=PRIDE:0000605	NT=Methylthio;AC=UNIMOD:39;TA=C;MT=Fixed	NT=Oxidation;AC=UNIMOD:35;TA=M;MT=Variable	NT=TMTpro;AC=UNIMOD:2016;TA=K;MT=Fixed	NT=TMTpro;AC=UNIMOD:2016;PP=Any N-term;MT=Fixed	4 hour	IPC T2
set2-R30	Rattus norvegicus	heart	5	not applicable	tissue	4 hour	IPC T2	adult	not available	not available	yes	Lumos_221109_16-TMT126	proteomic profiling by mass spectrometry	1	Lumos_221109_16.raw	v1.1.0	NT=ms-proteomics;VV=v1.1.0	NT=vertebrates;VV=v1.1.0	manual curation	NT=Data-dependent acquisition;AC=PRIDE:0000627	NT=Orbitrap Fusion Lumos;AC=MS:1002732	NT=Trypsin;AC=MS:1001251	TMT126	7	NT=higher energy beam-type collision-induced dissociation;AC=MS:1000422	5 ppm	0.6 Da	NT=dithiothreitol (DTT);AC=PRIDE:0000608	NT=methyl methanethiosulfonate (MMTS);AC=PRIDE:0000605	NT=Methylthio;AC=UNIMOD:39;TA=C;MT=Fixed	NT=Oxidation;AC=UNIMOD:35;TA=M;MT=Variable	NT=TMTpro;AC=UNIMOD:2016;TA=K;MT=Fixed	NT=TMTpro;AC=UNIMOD:2016;PP=Any N-term;MT=Fixed	4 hour	IPC T2
set2-R30	Rattus norvegicus	heart	5	not applicable	tissue	4 hour	IPC T2	adult	not available	not available	yes	Lumos_221109_17-TMT126	proteomic profiling by mass spectrometry	1	Lumos_221109_17.raw	v1.1.0	NT=ms-proteomics;VV=v1.1.0	NT=vertebrates;VV=v1.1.0	manual curation	NT=Data-dependent acquisition;AC=PRIDE:0000627	NT=Orbitrap Fusion Lumos;AC=MS:1002732	NT=Trypsin;AC=MS:1001251	TMT126	8	NT=higher energy beam-type collision-induced dissociation;AC=MS:1000422	5 ppm	0.6 Da	NT=dithiothreitol (DTT);AC=PRIDE:0000608	NT=methyl methanethiosulfonate (MMTS);AC=PRIDE:0000605	NT=Methylthio;AC=UNIMOD:39;TA=C;MT=Fixed	NT=Oxidation;AC=UNIMOD:35;TA=M;MT=Variable	NT=TMTpro;AC=UNIMOD:2016;TA=K;MT=Fixed	NT=TMTpro;AC=UNIMOD:2016;PP=Any N-term;MT=Fixed	4 hour	IPC T2
set2-R30	Rattus norvegicus	heart	5	not applicable	tissue	4 hour	IPC T2	adult	not available	not available	yes	Lumos_221109_18-TMT126	proteomic profiling by mass spectrometry	1	Lumos_221109_18.raw	v1.1.0	NT=ms-proteomics;VV=v1.1.0	NT=vertebrates;VV=v1.1.0	manual curation	NT=Data-dependent acquisition;AC=PRIDE:0000627	NT=Orbitrap Fusion Lumos;AC=MS:1002732	NT=Trypsin;AC=MS:1001251	TMT126	9	NT=higher energy beam-type collision-induced dissociation;AC=MS:1000422	5 ppm	0.6 Da	NT=dithiothreitol (DTT);AC=PRIDE:0000608	NT=methyl methanethiosulfonate (MMTS);AC=PRIDE:0000605	NT=Methylthio;AC=UNIMOD:39;TA=C;MT=Fixed	NT=Oxidation;AC=UNIMOD:35;TA=M;MT=Variable	NT=TMTpro;AC=UNIMOD:2016;TA=K;MT=Fixed	NT=TMTpro;AC=UNIMOD:2016;PP=Any N-term;MT=Fixed	4 hour	IPC T2
set2-R30	Rattus norvegicus	heart	5	not applicable	tissue	4 hour	IPC T2	adult	not available	not available	yes	Lumos_221109_19-TMT126	proteomic profiling by mass spectrometry	1	Lumos_221109_19.raw	v1.1.0	NT=ms-proteomics;VV=v1.1.0	NT=vertebrates;VV=v1.1.0	manual curation	NT=Data-dependent acquisition;AC=PRIDE:0000627	NT=Orbitrap Fusion Lumos;AC=MS:1002732	NT=Trypsin;AC=MS:1001251	TMT126	10	NT=higher energy beam-type collision-induced dissociation;AC=MS:1000422	5 ppm	0.6 Da	NT=dithiothreitol (DTT);AC=PRIDE:0000608	NT=methyl methanethiosulfonate (MMTS);AC=PRIDE:0000605	NT=Methylthio;AC=UNIMOD:39;TA=C;MT=Fixed	NT=Oxidation;AC=UNIMOD:35;TA=M;MT=Variable	NT=TMTpro;AC=UNIMOD:2016;TA=K;MT=Fixed	NT=TMTpro;AC=UNIMOD:2016;PP=Any N-term;MT=Fixed	4 hour	IPC T2
set2-R30	Rattus norvegicus	heart	5	not applicable	tissue	4 hour	IPC T2	adult	not available	not available	yes	Lumos_221109_20-TMT126	proteomic profiling by mass spectrometry	1	Lumos_221109_20.raw	v1.1.0	NT=ms-proteomics;VV=v1.1.0	NT=vertebrates;VV=v1.1.0	manual curation	NT=Data-dependent acquisition;AC=PRIDE:0000627	NT=Orbitrap Fusion Lumos;AC=MS:1002732	NT=Trypsin;AC=MS:1001251	TMT126	11	NT=higher energy beam-type collision-induced dissociation;AC=MS:1000422	5 ppm	0.6 Da	NT=dithiothreitol (DTT);AC=PRIDE:0000608	NT=methyl methanethiosulfonate (MMTS);AC=PRIDE:0000605	NT=Methylthio;AC=UNIMOD:39;TA=C;MT=Fixed	NT=Oxidation;AC=UNIMOD:35;TA=M;MT=Variable	NT=TMTpro;AC=UNIMOD:2016;TA=K;MT=Fixed	NT=TMTpro;AC=UNIMOD:2016;PP=Any N-term;MT=Fixed	4 hour	IPC T2
set2-R30	Rattus norvegicus	heart	5	not applicable	tissue	4 hour	IPC T2	adult	not available	not available	yes	Lumos_221109_21-TMT126	proteomic profiling by mass spectrometry	1	Lumos_221109_21.raw	v1.1.0	NT=ms-proteomics;VV=v1.1.0	NT=vertebrates;VV=v1.1.0	manual curation	NT=Data-dependent acquisition;AC=PRIDE:0000627	NT=Orbitrap Fusion Lumos;AC=MS:1002732	NT=Trypsin;AC=MS:1001251	TMT126	12	NT=higher energy beam-type collision-induced dissociation;AC=MS:1000422	5 ppm	0.6 Da	NT=dithiothreitol (DTT);AC=PRIDE:0000608	NT=methyl methanethiosulfonate (MMTS);AC=PRIDE:0000605	NT=Methylthio;AC=UNIMOD:39;TA=C;MT=Fixed	NT=Oxidation;AC=UNIMOD:35;TA=M;MT=Variable	NT=TMTpro;AC=UNIMOD:2016;TA=K;MT=Fixed	NT=TMTpro;AC=UNIMOD:2016;PP=Any N-term;MT=Fixed	4 hour	IPC T2
set2-R30	Rattus norvegicus	heart	5	not applicable	tissue	4 hour	IPC T2	adult	not available	not available	yes	Lumos_221109_22-TMT126	proteomic profiling by mass spectrometry	1	Lumos_221109_22.raw	v1.1.0	NT=ms-proteomics;VV=v1.1.0	NT=vertebrates;VV=v1.1.0	manual curation	NT=Data-dependent acquisition;AC=PRIDE:0000627	NT=Orbitrap Fusion Lumos;AC=MS:1002732	NT=Trypsin;AC=MS:1001251	TMT126	13	NT=higher energy beam-type collision-induced dissociation;AC=MS:1000422	5 ppm	0.6 Da	NT=dithiothreitol (DTT);AC=PRIDE:0000608	NT=methyl methanethiosulfonate (MMTS);AC=PRIDE:0000605	NT=Methylthio;AC=UNIMOD:39;TA=C;MT=Fixed	NT=Oxidation;AC=UNIMOD:35;TA=M;MT=Variable	NT=TMTpro;AC=UNIMOD:2016;TA=K;MT=Fixed	NT=TMTpro;AC=UNIMOD:2016;PP=Any N-term;MT=Fixed	4 hour	IPC T2
set2-R30	Rattus norvegicus	heart	5	not applicable	tissue	4 hour	IPC T2	adult	not available	not available	yes	Lumos_221109_23-TMT126	proteomic profiling by mass spectrometry	1	Lumos_221109_23.raw	v1.1.0	NT=ms-proteomics;VV=v1.1.0	NT=vertebrates;VV=v1.1.0	manual curation	NT=Data-dependent acquisition;AC=PRIDE:0000627	NT=Orbitrap Fusion Lumos;AC=MS:1002732	NT=Trypsin;AC=MS:1001251	TMT126	14	NT=higher energy beam-type collision-induced dissociation;AC=MS:1000422	5 ppm	0.6 Da	NT=dithiothreitol (DTT);AC=PRIDE:0000608	NT=methyl methanethiosulfonate (MMTS);AC=PRIDE:0000605	NT=Methylthio;AC=UNIMOD:39;TA=C;MT=Fixed	NT=Oxidation;AC=UNIMOD:35;TA=M;MT=Variable	NT=TMTpro;AC=UNIMOD:2016;TA=K;MT=Fixed	NT=TMTpro;AC=UNIMOD:2016;PP=Any N-term;MT=Fixed	4 hour	IPC T2
set2-R30	Rattus norvegicus	heart	5	not applicable	tissue	4 hour	IPC T2	adult	not available	not available	yes	Lumos_221109_24-TMT126	proteomic profiling by mass spectrometry	1	Lumos_221109_24.raw	v1.1.0	NT=ms-proteomics;VV=v1.1.0	NT=vertebrates;VV=v1.1.0	manual curation	NT=Data-dependent acquisition;AC=PRIDE:0000627	NT=Orbitrap Fusion Lumos;AC=MS:1002732	NT=Trypsin;AC=MS:1001251	TMT126	15	NT=higher energy beam-type collision-induced dissociation;AC=MS:1000422	5 ppm	0.6 Da	NT=dithiothreitol (DTT);AC=PRIDE:0000608	NT=methyl methanethiosulfonate (MMTS);AC=PRIDE:0000605	NT=Methylthio;AC=UNIMOD:39;TA=C;MT=Fixed	NT=Oxidation;AC=UNIMOD:35;TA=M;MT=Variable	NT=TMTpro;AC=UNIMOD:2016;TA=K;MT=Fixed	NT=TMTpro;AC=UNIMOD:2016;PP=Any N-term;MT=Fixed	4 hour	IPC T2
set2-R30	Rattus norvegicus	heart	5	not applicable	tissue	4 hour	IPC T2	adult	not available	not available	yes	Lumos_221109_25-TMT126	proteomic profiling by mass spectrometry	1	Lumos_221109_25.raw	v1.1.0	NT=ms-proteomics;VV=v1.1.0	NT=vertebrates;VV=v1.1.0	manual curation	NT=Data-dependent acquisition;AC=PRIDE:0000627	NT=Orbitrap Fusion Lumos;AC=MS:1002732	NT=Trypsin;AC=MS:1001251	TMT126	16	NT=higher energy beam-type collision-induced dissociation;AC=MS:1000422	5 ppm	0.6 Da	NT=dithiothreitol (DTT);AC=PRIDE:0000608	NT=methyl methanethiosulfonate (MMTS);AC=PRIDE:0000605	NT=Methylthio;AC=UNIMOD:39;TA=C;MT=Fixed	NT=Oxidation;AC=UNIMOD:35;TA=M;MT=Variable	NT=TMTpro;AC=UNIMOD:2016;TA=K;MT=Fixed	NT=TMTpro;AC=UNIMOD:2016;PP=Any N-term;MT=Fixed	4 hour	IPC T2
set2-R30	Rattus norvegicus	heart	5	not applicable	tissue	4 hour	IPC T2	adult	not available	not available	yes	Lumos_221109_26-TMT126	proteomic profiling by mass spectrometry	1	Lumos_221109_26.raw	v1.1.0	NT=ms-proteomics;VV=v1.1.0	NT=vertebrates;VV=v1.1.0	manual curation	NT=Data-dependent acquisition;AC=PRIDE:0000627	NT=Orbitrap Fusion Lumos;AC=MS:1002732	NT=Trypsin;AC=MS:1001251	TMT126	17	NT=higher energy beam-type collision-induced dissociation;AC=MS:1000422	5 ppm	0.6 Da	NT=dithiothreitol (DTT);AC=PRIDE:0000608	NT=methyl methanethiosulfonate (MMTS);AC=PRIDE:0000605	NT=Methylthio;AC=UNIMOD:39;TA=C;MT=Fixed	NT=Oxidation;AC=UNIMOD:35;TA=M;MT=Variable	NT=TMTpro;AC=UNIMOD:2016;TA=K;MT=Fixed	NT=TMTpro;AC=UNIMOD:2016;PP=Any N-term;MT=Fixed	4 hour	IPC T2
set2-R30	Rattus norvegicus	heart	5	not applicable	tissue	4 hour	IPC T2	adult	not available	not available	yes	Lumos_221109_27-TMT126	proteomic profiling by mass spectrometry	1	Lumos_221109_27.raw	v1.1.0	NT=ms-proteomics;VV=v1.1.0	NT=vertebrates;VV=v1.1.0	manual curation	NT=Data-dependent acquisition;AC=PRIDE:0000627	NT=Orbitrap Fusion Lumos;AC=MS:1002732	NT=Trypsin;AC=MS:1001251	TMT126	18	NT=higher energy beam-type collision-induced dissociation;AC=MS:1000422	5 ppm	0.6 Da	NT=dithiothreitol (DTT);AC=PRIDE:0000608	NT=methyl methanethiosulfonate (MMTS);AC=PRIDE:0000605	NT=Methylthio;AC=UNIMOD:39;TA=C;MT=Fixed	NT=Oxidation;AC=UNIMOD:35;TA=M;MT=Variable	NT=TMTpro;AC=UNIMOD:2016;TA=K;MT=Fixed	NT=TMTpro;AC=UNIMOD:2016;PP=Any N-term;MT=Fixed	4 hour	IPC T2
set2-R30	Rattus norvegicus	heart	5	not applicable	tissue	4 hour	IPC T2	adult	not available	not available	yes	Lumos_221109_28-TMT126	proteomic profiling by mass spectrometry	1	Lumos_221109_28.raw	v1.1.0	NT=ms-proteomics;VV=v1.1.0	NT=vertebrates;VV=v1.1.0	manual curation	NT=Data-dependent acquisition;AC=PRIDE:0000627	NT=Orbitrap Fusion Lumos;AC=MS:1002732	NT=Trypsin;AC=MS:1001251	TMT126	19	NT=higher energy beam-type collision-induced dissociation;AC=MS:1000422	5 ppm	0.6 Da	NT=dithiothreitol (DTT);AC=PRIDE:0000608	NT=methyl methanethiosulfonate (MMTS);AC=PRIDE:0000605	NT=Methylthio;AC=UNIMOD:39;TA=C;MT=Fixed	NT=Oxidation;AC=UNIMOD:35;TA=M;MT=Variable	NT=TMTpro;AC=UNIMOD:2016;TA=K;MT=Fixed	NT=TMTpro;AC=UNIMOD:2016;PP=Any N-term;MT=Fixed	4 hour	IPC T2
set2-R30	Rattus norvegicus	heart	5	not applicable	tissue	4 hour	IPC T2	adult	not available	not available	yes	Lumos_221109_29-TMT126	proteomic profiling by mass spectrometry	1	Lumos_221109_29.raw	v1.1.0	NT=ms-proteomics;VV=v1.1.0	NT=vertebrates;VV=v1.1.0	manual curation	NT=Data-dependent acquisition;AC=PRIDE:0000627	NT=Orbitrap Fusion Lumos;AC=MS:1002732	NT=Trypsin;AC=MS:1001251	TMT126	20	NT=higher energy beam-type collision-induced dissociation;AC=MS:1000422	5 ppm	0.6 Da	NT=dithiothreitol (DTT);AC=PRIDE:0000608	NT=methyl methanethiosulfonate (MMTS);AC=PRIDE:0000605	NT=Methylthio;AC=UNIMOD:39;TA=C;MT=Fixed	NT=Oxidation;AC=UNIMOD:35;TA=M;MT=Variable	NT=TMTpro;AC=UNIMOD:2016;TA=K;MT=Fixed	NT=TMTpro;AC=UNIMOD:2016;PP=Any N-term;MT=Fixed	4 hour	IPC T2
set2-R30	Rattus norvegicus	heart	5	not applicable	tissue	4 hour	IPC T2	adult	not available	not available	yes	Lumos_221109_30-TMT126	proteomic profiling by mass spectrometry	1	Lumos_221109_30.raw	v1.1.0	NT=ms-proteomics;VV=v1.1.0	NT=vertebrates;VV=v1.1.0	manual curation	NT=Data-dependent acquisition;AC=PRIDE:0000627	NT=Orbitrap Fusion Lumos;AC=MS:1002732	NT=Trypsin;AC=MS:1001251	TMT126	21	NT=higher energy beam-type collision-induced dissociation;AC=MS:1000422	5 ppm	0.6 Da	NT=dithiothreitol (DTT);AC=PRIDE:0000608	NT=methyl methanethiosulfonate (MMTS);AC=PRIDE:0000605	NT=Methylthio;AC=UNIMOD:39;TA=C;MT=Fixed	NT=Oxidation;AC=UNIMOD:35;TA=M;MT=Variable	NT=TMTpro;AC=UNIMOD:2016;TA=K;MT=Fixed	NT=TMTpro;AC=UNIMOD:2016;PP=Any N-term;MT=Fixed	4 hour	IPC T2
set2-R30	Rattus norvegicus	heart	5	not applicable	tissue	4 hour	IPC T2	adult	not available	not available	yes	Lumos_221109_31-TMT126	proteomic profiling by mass spectrometry	1	Lumos_221109_31.raw	v1.1.0	NT=ms-proteomics;VV=v1.1.0	NT=vertebrates;VV=v1.1.0	manual curation	NT=Data-dependent acquisition;AC=PRIDE:0000627	NT=Orbitrap Fusion Lumos;AC=MS:1002732	NT=Trypsin;AC=MS:1001251	TMT126	22	NT=higher energy beam-type collision-induced dissociation;AC=MS:1000422	5 ppm	0.6 Da	NT=dithiothreitol (DTT);AC=PRIDE:0000608	NT=methyl methanethiosulfonate (MMTS);AC=PRIDE:0000605	NT=Methylthio;AC=UNIMOD:39;TA=C;MT=Fixed	NT=Oxidation;AC=UNIMOD:35;TA=M;MT=Variable	NT=TMTpro;AC=UNIMOD:2016;TA=K;MT=Fixed	NT=TMTpro;AC=UNIMOD:2016;PP=Any N-term;MT=Fixed	4 hour	IPC T2
set2-R18	Rattus norvegicus	heart	5	not applicable	tissue	4 hour	NIPC T2	adult	not available	not available	no	Lumos_221109_10-TMT127N	proteomic profiling by mass spectrometry	1	Lumos_221109_10.raw	v1.1.0	NT=ms-proteomics;VV=v1.1.0	NT=vertebrates;VV=v1.1.0	manual curation	NT=Data-dependent acquisition;AC=PRIDE:0000627	NT=Orbitrap Fusion Lumos;AC=MS:1002732	NT=Trypsin;AC=MS:1001251	TMT127N	1	NT=higher energy beam-type collision-induced dissociation;AC=MS:1000422	5 ppm	0.6 Da	NT=dithiothreitol (DTT);AC=PRIDE:0000608	NT=methyl methanethiosulfonate (MMTS);AC=PRIDE:0000605	NT=Methylthio;AC=UNIMOD:39;TA=C;MT=Fixed	NT=Oxidation;AC=UNIMOD:35;TA=M;MT=Variable	NT=TMTpro;AC=UNIMOD:2016;TA=K;MT=Fixed	NT=TMTpro;AC=UNIMOD:2016;PP=Any N-term;MT=Fixed	4 hour	NIPC T2
set2-R18	Rattus norvegicus	heart	5	not applicable	tissue	4 hour	NIPC T2	adult	not available	not available	no	Lumos_221109_11-TMT127N	proteomic profiling by mass spectrometry	1	Lumos_221109_11.raw	v1.1.0	NT=ms-proteomics;VV=v1.1.0	NT=vertebrates;VV=v1.1.0	manual curation	NT=Data-dependent acquisition;AC=PRIDE:0000627	NT=Orbitrap Fusion Lumos;AC=MS:1002732	NT=Trypsin;AC=MS:1001251	TMT127N	2	NT=higher energy beam-type collision-induced dissociation;AC=MS:1000422	5 ppm	0.6 Da	NT=dithiothreitol (DTT);AC=PRIDE:0000608	NT=methyl methanethiosulfonate (MMTS);AC=PRIDE:0000605	NT=Methylthio;AC=UNIMOD:39;TA=C;MT=Fixed	NT=Oxidation;AC=UNIMOD:35;TA=M;MT=Variable	NT=TMTpro;AC=UNIMOD:2016;TA=K;MT=Fixed	NT=TMTpro;AC=UNIMOD:2016;PP=Any N-term;MT=Fixed	4 hour	NIPC T2
set2-R18	Rattus norvegicus	heart	5	not applicable	tissue	4 hour	NIPC T2	adult	not available	not available	no	Lumos_221109_12-TMT127N	proteomic profiling by mass spectrometry	1	Lumos_221109_12.raw	v1.1.0	NT=ms-proteomics;VV=v1.1.0	NT=vertebrates;VV=v1.1.0	manual curation	NT=Data-dependent acquisition;AC=PRIDE:0000627	NT=Orbitrap Fusion Lumos;AC=MS:1002732	NT=Trypsin;AC=MS:1001251	TMT127N	3	NT=higher energy beam-type collision-induced dissociation;AC=MS:1000422	5 ppm	0.6 Da	NT=dithiothreitol (DTT);AC=PRIDE:0000608	NT=methyl methanethiosulfonate (MMTS);AC=PRIDE:0000605	NT=Methylthio;AC=UNIMOD:39;TA=C;MT=Fixed	NT=Oxidation;AC=UNIMOD:35;TA=M;MT=Variable	NT=TMTpro;AC=UNIMOD:2016;TA=K;MT=Fixed	NT=TMTpro;AC=UNIMOD:2016;PP=Any N-term;MT=Fixed	4 hour	NIPC T2
set2-R18	Rattus norvegicus	heart	5	not applicable	tissue	4 hour	NIPC T2	adult	not available	not available	no	Lumos_221109_13-TMT127N	proteomic profiling by mass spectrometry	1	Lumos_221109_13.raw	v1.1.0	NT=ms-proteomics;VV=v1.1.0	NT=vertebrates;VV=v1.1.0	manual curation	NT=Data-dependent acquisition;AC=PRIDE:0000627	NT=Orbitrap Fusion Lumos;AC=MS:1002732	NT=Trypsin;AC=MS:1001251	TMT127N	4	NT=higher energy beam-type collision-induced dissociation;AC=MS:1000422	5 ppm	0.6 Da	NT=dithiothreitol (DTT);AC=PRIDE:0000608	NT=methyl methanethiosulfonate (MMTS);AC=PRIDE:0000605	NT=Methylthio;AC=UNIMOD:39;TA=C;MT=Fixed	NT=Oxidation;AC=UNIMOD:35;TA=M;MT=Variable	NT=TMTpro;AC=UNIMOD:2016;TA=K;MT=Fixed	NT=TMTpro;AC=UNIMOD:2016;PP=Any N-term;MT=Fixed	4 hour	NIPC T2
set2-R18	Rattus norvegicus	heart	5	not applicable	tissue	4 hour	NIPC T2	adult	not available	not available	no	Lumos_221109_14-TMT127N	proteomic profiling by mass spectrometry	1	Lumos_221109_14.raw	v1.1.0	NT=ms-proteomics;VV=v1.1.0	NT=vertebrates;VV=v1.1.0	manual curation	NT=Data-dependent acquisition;AC=PRIDE:0000627	NT=Orbitrap Fusion Lumos;AC=MS:1002732	NT=Trypsin;AC=MS:1001251	TMT127N	5	NT=higher energy beam-type collision-induced dissociation;AC=MS:1000422	5 ppm	0.6 Da	NT=dithiothreitol (DTT);AC=PRIDE:0000608	NT=methyl methanethiosulfonate (MMTS);AC=PRIDE:0000605	NT=Methylthio;AC=UNIMOD:39;TA=C;MT=Fixed	NT=Oxidation;AC=UNIMOD:35;TA=M;MT=Variable	NT=TMTpro;AC=UNIMOD:2016;TA=K;MT=Fixed	NT=TMTpro;AC=UNIMOD:2016;PP=Any N-term;MT=Fixed	4 hour	NIPC T2
set2-R18	Rattus norvegicus	heart	5	not applicable	tissue	4 hour	NIPC T2	adult	not available	not available	no	Lumos_221109_15-TMT127N	proteomic profiling by mass spectrometry	1	Lumos_221109_15.raw	v1.1.0	NT=ms-proteomics;VV=v1.1.0	NT=vertebrates;VV=v1.1.0	manual curation	NT=Data-dependent acquisition;AC=PRIDE:0000627	NT=Orbitrap Fusion Lumos;AC=MS:1002732	NT=Trypsin;AC=MS:1001251	TMT127N	6	NT=higher energy beam-type collision-induced dissociation;AC=MS:1000422	5 ppm	0.6 Da	NT=dithiothreitol (DTT);AC=PRIDE:0000608	NT=methyl methanethiosulfonate (MMTS);AC=PRIDE:0000605	NT=Methylthio;AC=UNIMOD:39;TA=C;MT=Fixed	NT=Oxidation;AC=UNIMOD:35;TA=M;MT=Variable	NT=TMTpro;AC=UNIMOD:2016;TA=K;MT=Fixed	NT=TMTpro;AC=UNIMOD:2016;PP=Any N-term;MT=Fixed	4 hour	NIPC T2
set2-R18	Rattus norvegicus	heart	5	not applicable	tissue	4 hour	NIPC T2	adult	not available	not available	no	Lumos_221109_16-TMT127N	proteomic profiling by mass spectrometry	1	Lumos_221109_16.raw	v1.1.0	NT=ms-proteomics;VV=v1.1.0	NT=vertebrates;VV=v1.1.0	manual curation	NT=Data-dependent acquisition;AC=PRIDE:0000627	NT=Orbitrap Fusion Lumos;AC=MS:1002732	NT=Trypsin;AC=MS:1001251	TMT127N	7	NT=higher energy beam-type collision-induced dissociation;AC=MS:1000422	5 ppm	0.6 Da	NT=dithiothreitol (DTT);AC=PRIDE:0000608	NT=methyl methanethiosulfonate (MMTS);AC=PRIDE:0000605	NT=Methylthio;AC=UNIMOD:39;TA=C;MT=Fixed	NT=Oxidation;AC=UNIMOD:35;TA=M;MT=Variable	NT=TMTpro;AC=UNIMOD:2016;TA=K;MT=Fixed	NT=TMTpro;AC=UNIMOD:2016;PP=Any N-term;MT=Fixed	4 hour	NIPC T2
set2-R18	Rattus norvegicus	heart	5	not applicable	tissue	4 hour	NIPC T2	adult	not available	not available	no	Lumos_221109_17-TMT127N	proteomic profiling by mass spectrometry	1	Lumos_221109_17.raw	v1.1.0	NT=ms-proteomics;VV=v1.1.0	NT=vertebrates;VV=v1.1.0	manual curation	NT=Data-dependent acquisition;AC=PRIDE:0000627	NT=Orbitrap Fusion Lumos;AC=MS:1002732	NT=Trypsin;AC=MS:1001251	TMT127N	8	NT=higher energy beam-type collision-induced dissociation;AC=MS:1000422	5 ppm	0.6 Da	NT=dithiothreitol (DTT);AC=PRIDE:0000608	NT=methyl methanethiosulfonate (MMTS);AC=PRIDE:0000605	NT=Methylthio;AC=UNIMOD:39;TA=C;MT=Fixed	NT=Oxidation;AC=UNIMOD:35;TA=M;MT=Variable	NT=TMTpro;AC=UNIMOD:2016;TA=K;MT=Fixed	NT=TMTpro;AC=UNIMOD:2016;PP=Any N-term;MT=Fixed	4 hour	NIPC T2
set2-R18	Rattus norvegicus	heart	5	not applicable	tissue	4 hour	NIPC T2	adult	not available	not available	no	Lumos_221109_18-TMT127N	proteomic profiling by mass spectrometry	1	Lumos_221109_18.raw	v1.1.0	NT=ms-proteomics;VV=v1.1.0	NT=vertebrates;VV=v1.1.0	manual curation	NT=Data-dependent acquisition;AC=PRIDE:0000627	NT=Orbitrap Fusion Lumos;AC=MS:1002732	NT=Trypsin;AC=MS:1001251	TMT127N	9	NT=higher energy beam-type collision-induced dissociation;AC=MS:1000422	5 ppm	0.6 Da	NT=dithiothreitol (DTT);AC=PRIDE:0000608	NT=methyl methanethiosulfonate (MMTS);AC=PRIDE:0000605	NT=Methylthio;AC=UNIMOD:39;TA=C;MT=Fixed	NT=Oxidation;AC=UNIMOD:35;TA=M;MT=Variable	NT=TMTpro;AC=UNIMOD:2016;TA=K;MT=Fixed	NT=TMTpro;AC=UNIMOD:2016;PP=Any N-term;MT=Fixed	4 hour	NIPC T2
set2-R18	Rattus norvegicus	heart	5	not applicable	tissue	4 hour	NIPC T2	adult	not available	not available	no	Lumos_221109_19-TMT127N	proteomic profiling by mass spectrometry	1	Lumos_221109_19.raw	v1.1.0	NT=ms-proteomics;VV=v1.1.0	NT=vertebrates;VV=v1.1.0	manual curation	NT=Data-dependent acquisition;AC=PRIDE:0000627	NT=Orbitrap Fusion Lumos;AC=MS:1002732	NT=Trypsin;AC=MS:1001251	TMT127N	10	NT=higher energy beam-type collision-induced dissociation;AC=MS:1000422	5 ppm	0.6 Da	NT=dithiothreitol (DTT);AC=PRIDE:0000608	NT=methyl methanethiosulfonate (MMTS);AC=PRIDE:0000605	NT=Methylthio;AC=UNIMOD:39;TA=C;MT=Fixed	NT=Oxidation;AC=UNIMOD:35;TA=M;MT=Variable	NT=TMTpro;AC=UNIMOD:2016;TA=K;MT=Fixed	NT=TMTpro;AC=UNIMOD:2016;PP=Any N-term;MT=Fixed	4 hour	NIPC T2
set2-R18	Rattus norvegicus	heart	5	not applicable	tissue	4 hour	NIPC T2	adult	not available	not available	no	Lumos_221109_20-TMT127N	proteomic profiling by mass spectrometry	1	Lumos_221109_20.raw	v1.1.0	NT=ms-proteomics;VV=v1.1.0	NT=vertebrates;VV=v1.1.0	manual curation	NT=Data-dependent acquisition;AC=PRIDE:0000627	NT=Orbitrap Fusion Lumos;AC=MS:1002732	NT=Trypsin;AC=MS:1001251	TMT127N	11	NT=higher energy beam-type collision-induced dissociation;AC=MS:1000422	5 ppm	0.6 Da	NT=dithiothreitol (DTT);AC=PRIDE:0000608	NT=methyl methanethiosulfonate (MMTS);AC=PRIDE:0000605	NT=Methylthio;AC=UNIMOD:39;TA=C;MT=Fixed	NT=Oxidation;AC=UNIMOD:35;TA=M;MT=Variable	NT=TMTpro;AC=UNIMOD:2016;TA=K;MT=Fixed	NT=TMTpro;AC=UNIMOD:2016;PP=Any N-term;MT=Fixed	4 hour	NIPC T2
set2-R18	Rattus norvegicus	heart	5	not applicable	tissue	4 hour	NIPC T2	adult	not available	not available	no	Lumos_221109_21-TMT127N	proteomic profiling by mass spectrometry	1	Lumos_221109_21.raw	v1.1.0	NT=ms-proteomics;VV=v1.1.0	NT=vertebrates;VV=v1.1.0	manual curation	NT=Data-dependent acquisition;AC=PRIDE:0000627	NT=Orbitrap Fusion Lumos;AC=MS:1002732	NT=Trypsin;AC=MS:1001251	TMT127N	12	NT=higher energy beam-type collision-induced dissociation;AC=MS:1000422	5 ppm	0.6 Da	NT=dithiothreitol (DTT);AC=PRIDE:0000608	NT=methyl methanethiosulfonate (MMTS);AC=PRIDE:0000605	NT=Methylthio;AC=UNIMOD:39;TA=C;MT=Fixed	NT=Oxidation;AC=UNIMOD:35;TA=M;MT=Variable	NT=TMTpro;AC=UNIMOD:2016;TA=K;MT=Fixed	NT=TMTpro;AC=UNIMOD:2016;PP=Any N-term;MT=Fixed	4 hour	NIPC T2
set2-R18	Rattus norvegicus	heart	5	not applicable	tissue	4 hour	NIPC T2	adult	not available	not available	no	Lumos_221109_22-TMT127N	proteomic profiling by mass spectrometry	1	Lumos_221109_22.raw	v1.1.0	NT=ms-proteomics;VV=v1.1.0	NT=vertebrates;VV=v1.1.0	manual curation	NT=Data-dependent acquisition;AC=PRIDE:0000627	NT=Orbitrap Fusion Lumos;AC=MS:1002732	NT=Trypsin;AC=MS:1001251	TMT127N	13	NT=higher energy beam-type collision-induced dissociation;AC=MS:1000422	5 ppm	0.6 Da	NT=dithiothreitol (DTT);AC=PRIDE:0000608	NT=methyl methanethiosulfonate (MMTS);AC=PRIDE:0000605	NT=Methylthio;AC=UNIMOD:39;TA=C;MT=Fixed	NT=Oxidation;AC=UNIMOD:35;TA=M;MT=Variable	NT=TMTpro;AC=UNIMOD:2016;TA=K;MT=Fixed	NT=TMTpro;AC=UNIMOD:2016;PP=Any N-term;MT=Fixed	4 hour	NIPC T2
set2-R18	Rattus norvegicus	heart	5	not applicable	tissue	4 hour	NIPC T2	adult	not available	not available	no	Lumos_221109_23-TMT127N	proteomic profiling by mass spectrometry	1	Lumos_221109_23.raw	v1.1.0	NT=ms-proteomics;VV=v1.1.0	NT=vertebrates;VV=v1.1.0	manual curation	NT=Data-dependent acquisition;AC=PRIDE:0000627	NT=Orbitrap Fusion Lumos;AC=MS:1002732	NT=Trypsin;AC=MS:1001251	TMT127N	14	NT=higher energy beam-type collision-induced dissociation;AC=MS:1000422	5 ppm	0.6 Da	NT=dithiothreitol (DTT);AC=PRIDE:0000608	NT=methyl methanethiosulfonate (MMTS);AC=PRIDE:0000605	NT=Methylthio;AC=UNIMOD:39;TA=C;MT=Fixed	NT=Oxidation;AC=UNIMOD:35;TA=M;MT=Variable	NT=TMTpro;AC=UNIMOD:2016;TA=K;MT=Fixed	NT=TMTpro;AC=UNIMOD:2016;PP=Any N-term;MT=Fixed	4 hour	NIPC T2
set2-R18	Rattus norvegicus	heart	5	not applicable	tissue	4 hour	NIPC T2	adult	not available	not available	no	Lumos_221109_24-TMT127N	proteomic profiling by mass spectrometry	1	Lumos_221109_24.raw	v1.1.0	NT=ms-proteomics;VV=v1.1.0	NT=vertebrates;VV=v1.1.0	manual curation	NT=Data-dependent acquisition;AC=PRIDE:0000627	NT=Orbitrap Fusion Lumos;AC=MS:1002732	NT=Trypsin;AC=MS:1001251	TMT127N	15	NT=higher energy beam-type collision-induced dissociation;AC=MS:1000422	5 ppm	0.6 Da	NT=dithiothreitol (DTT);AC=PRIDE:0000608	NT=methyl methanethiosulfonate (MMTS);AC=PRIDE:0000605	NT=Methylthio;AC=UNIMOD:39;TA=C;MT=Fixed	NT=Oxidation;AC=UNIMOD:35;TA=M;MT=Variable	NT=TMTpro;AC=UNIMOD:2016;TA=K;MT=Fixed	NT=TMTpro;AC=UNIMOD:2016;PP=Any N-term;MT=Fixed	4 hour	NIPC T2
set2-R18	Rattus norvegicus	heart	5	not applicable	tissue	4 hour	NIPC T2	adult	not available	not available	no	Lumos_221109_25-TMT127N	proteomic profiling by mass spectrometry	1	Lumos_221109_25.raw	v1.1.0	NT=ms-proteomics;VV=v1.1.0	NT=vertebrates;VV=v1.1.0	manual curation	NT=Data-dependent acquisition;AC=PRIDE:0000627	NT=Orbitrap Fusion Lumos;AC=MS:1002732	NT=Trypsin;AC=MS:1001251	TMT127N	16	NT=higher energy beam-type collision-induced dissociation;AC=MS:1000422	5 ppm	0.6 Da	NT=dithiothreitol (DTT);AC=PRIDE:0000608	NT=methyl methanethiosulfonate (MMTS);AC=PRIDE:0000605	NT=Methylthio;AC=UNIMOD:39;TA=C;MT=Fixed	NT=Oxidation;AC=UNIMOD:35;TA=M;MT=Variable	NT=TMTpro;AC=UNIMOD:2016;TA=K;MT=Fixed	NT=TMTpro;AC=UNIMOD:2016;PP=Any N-term;MT=Fixed	4 hour	NIPC T2
set2-R18	Rattus norvegicus	heart	5	not applicable	tissue	4 hour	NIPC T2	adult	not available	not available	no	Lumos_221109_26-TMT127N	proteomic profiling by mass spectrometry	1	Lumos_221109_26.raw	v1.1.0	NT=ms-proteomics;VV=v1.1.0	NT=vertebrates;VV=v1.1.0	manual curation	NT=Data-dependent acquisition;AC=PRIDE:0000627	NT=Orbitrap Fusion Lumos;AC=MS:1002732	NT=Trypsin;AC=MS:1001251	TMT127N	17	NT=higher energy beam-type collision-induced dissociation;AC=MS:1000422	5 ppm	0.6 Da	NT=dithiothreitol (DTT);AC=PRIDE:0000608	NT=methyl methanethiosulfonate (MMTS);AC=PRIDE:0000605	NT=Methylthio;AC=UNIMOD:39;TA=C;MT=Fixed	NT=Oxidation;AC=UNIMOD:35;TA=M;MT=Variable	NT=TMTpro;AC=UNIMOD:2016;TA=K;MT=Fixed	NT=TMTpro;AC=UNIMOD:2016;PP=Any N-term;MT=Fixed	4 hour	NIPC T2
set2-R18	Rattus norvegicus	heart	5	not applicable	tissue	4 hour	NIPC T2	adult	not available	not available	no	Lumos_221109_27-TMT127N	proteomic profiling by mass spectrometry	1	Lumos_221109_27.raw	v1.1.0	NT=ms-proteomics;VV=v1.1.0	NT=vertebrates;VV=v1.1.0	manual curation	NT=Data-dependent acquisition;AC=PRIDE:0000627	NT=Orbitrap Fusion Lumos;AC=MS:1002732	NT=Trypsin;AC=MS:1001251	TMT127N	18	NT=higher energy beam-type collision-induced dissociation;AC=MS:1000422	5 ppm	0.6 Da	NT=dithiothreitol (DTT);AC=PRIDE:0000608	NT=methyl methanethiosulfonate (MMTS);AC=PRIDE:0000605	NT=Methylthio;AC=UNIMOD:39;TA=C;MT=Fixed	NT=Oxidation;AC=UNIMOD:35;TA=M;MT=Variable	NT=TMTpro;AC=UNIMOD:2016;TA=K;MT=Fixed	NT=TMTpro;AC=UNIMOD:2016;PP=Any N-term;MT=Fixed	4 hour	NIPC T2
set2-R18	Rattus norvegicus	heart	5	not applicable	tissue	4 hour	NIPC T2	adult	not available	not available	no	Lumos_221109_28-TMT127N	proteomic profiling by mass spectrometry	1	Lumos_221109_28.raw	v1.1.0	NT=ms-proteomics;VV=v1.1.0	NT=vertebrates;VV=v1.1.0	manual curation	NT=Data-dependent acquisition;AC=PRIDE:0000627	NT=Orbitrap Fusion Lumos;AC=MS:1002732	NT=Trypsin;AC=MS:1001251	TMT127N	19	NT=higher energy beam-type collision-induced dissociation;AC=MS:1000422	5 ppm	0.6 Da	NT=dithiothreitol (DTT);AC=PRIDE:0000608	NT=methyl methanethiosulfonate (MMTS);AC=PRIDE:0000605	NT=Methylthio;AC=UNIMOD:39;TA=C;MT=Fixed	NT=Oxidation;AC=UNIMOD:35;TA=M;MT=Variable	NT=TMTpro;AC=UNIMOD:2016;TA=K;MT=Fixed	NT=TMTpro;AC=UNIMOD:2016;PP=Any N-term;MT=Fixed	4 hour	NIPC T2
set2-R18	Rattus norvegicus	heart	5	not applicable	tissue	4 hour	NIPC T2	adult	not available	not available	no	Lumos_221109_29-TMT127N	proteomic profiling by mass spectrometry	1	Lumos_221109_29.raw	v1.1.0	NT=ms-proteomics;VV=v1.1.0	NT=vertebrates;VV=v1.1.0	manual curation	NT=Data-dependent acquisition;AC=PRIDE:0000627	NT=Orbitrap Fusion Lumos;AC=MS:1002732	NT=Trypsin;AC=MS:1001251	TMT127N	20	NT=higher energy beam-type collision-induced dissociation;AC=MS:1000422	5 ppm	0.6 Da	NT=dithiothreitol (DTT);AC=PRIDE:0000608	NT=methyl methanethiosulfonate (MMTS);AC=PRIDE:0000605	NT=Methylthio;AC=UNIMOD:39;TA=C;MT=Fixed	NT=Oxidation;AC=UNIMOD:35;TA=M;MT=Variable	NT=TMTpro;AC=UNIMOD:2016;TA=K;MT=Fixed	NT=TMTpro;AC=UNIMOD:2016;PP=Any N-term;MT=Fixed	4 hour	NIPC T2
set2-R18	Rattus norvegicus	heart	5	not applicable	tissue	4 hour	NIPC T2	adult	not available	not available	no	Lumos_221109_30-TMT127N	proteomic profiling by mass spectrometry	1	Lumos_221109_30.raw	v1.1.0	NT=ms-proteomics;VV=v1.1.0	NT=vertebrates;VV=v1.1.0	manual curation	NT=Data-dependent acquisition;AC=PRIDE:0000627	NT=Orbitrap Fusion Lumos;AC=MS:1002732	NT=Trypsin;AC=MS:1001251	TMT127N	21	NT=higher energy beam-type collision-induced dissociation;AC=MS:1000422	5 ppm	0.6 Da	NT=dithiothreitol (DTT);AC=PRIDE:0000608	NT=methyl methanethiosulfonate (MMTS);AC=PRIDE:0000605	NT=Methylthio;AC=UNIMOD:39;TA=C;MT=Fixed	NT=Oxidation;AC=UNIMOD:35;TA=M;MT=Variable	NT=TMTpro;AC=UNIMOD:2016;TA=K;MT=Fixed	NT=TMTpro;AC=UNIMOD:2016;PP=Any N-term;MT=Fixed	4 hour	NIPC T2
set2-R18	Rattus norvegicus	heart	5	not applicable	tissue	4 hour	NIPC T2	adult	not available	not available	no	Lumos_221109_31-TMT127N	proteomic profiling by mass spectrometry	1	Lumos_221109_31.raw	v1.1.0	NT=ms-proteomics;VV=v1.1.0	NT=vertebrates;VV=v1.1.0	manual curation	NT=Data-dependent acquisition;AC=PRIDE:0000627	NT=Orbitrap Fusion Lumos;AC=MS:1002732	NT=Trypsin;AC=MS:1001251	TMT127N	22	NT=higher energy beam-type collision-induced dissociation;AC=MS:1000422	5 ppm	0.6 Da	NT=dithiothreitol (DTT);AC=PRIDE:0000608	NT=methyl methanethiosulfonate (MMTS);AC=PRIDE:0000605	NT=Methylthio;AC=UNIMOD:39;TA=C;MT=Fixed	NT=Oxidation;AC=UNIMOD:35;TA=M;MT=Variable	NT=TMTpro;AC=UNIMOD:2016;TA=K;MT=Fixed	NT=TMTpro;AC=UNIMOD:2016;PP=Any N-term;MT=Fixed	4 hour	NIPC T2
