source name	characteristics[organism]	characteristics[organism part]	characteristics[cell type]	characteristics[biological replicate]	characteristics[pooled sample]	characteristics[sample type]	characteristics[disease]	characteristics[material type]	characteristics[ancestry category]	characteristics[age]	characteristics[sex]	characteristics[individual]	characteristics[tissue type]	assay name	technology type	comment[technical replicate]	comment[data file]	comment[sdrf version]	comment[sdrf template]	comment[sdrf template]	comment[sdrf template]	comment[sdrf template]	comment[sdrf annotation tool]	comment[proteomics data acquisition method]	comment[instrument]	comment[cleavage agent details]	comment[label]	comment[fraction identifier]	comment[dissociation method]	comment[precursor mass tolerance]	comment[fragment mass tolerance]	comment[reduction reagent]	comment[alkylation reagent]	comment[modification parameters]	comment[modification parameters]	comment[modification parameters]	comment[modification parameters]	factor value[tissue type]
CoM6	Homo sapiens	colon	not available	6	not pooled	study sample	colorectal cancer	tissue	not available	not available	not available	patient-6	healthy mucosal tissue	Fusion_180201_46-TMT126	proteomic profiling by mass spectrometry	1	Fusion_180201_46.raw	v1.1.0	NT=ms-proteomics;VV=v1.1.0	NT=human;VV=v1.1.0	NT=clinical-metadata;VV=v1.0.0	NT=oncology-metadata;VV=v1.0.0	manual curation	NT=Data-dependent acquisition;AC=PRIDE:0000627	NT=Orbitrap Fusion;AC=MS:1002416	NT=Trypsin;AC=MS:1001251	TMT126	1	NT=higher energy beam-type collision-induced dissociation;AC=MS:1000422	5 ppm	0.6 Da	NT=dithiothreitol (DTT);AC=PRIDE:0000608	NT=methyl methanethiosulfonate (MMTS);AC=PRIDE:0000605	NT=Methylthio;AC=UNIMOD:39;TA=C;MT=Fixed	NT=Oxidation;AC=UNIMOD:35;TA=M;MT=Variable	NT=TMT6plex;AC=UNIMOD:737;TA=K;MT=Fixed	NT=TMT6plex;AC=UNIMOD:737;PP=Any N-term;MT=Fixed	healthy mucosal tissue
CoM6	Homo sapiens	colon	not available	6	not pooled	study sample	colorectal cancer	tissue	not available	not available	not available	patient-6	healthy mucosal tissue	Fusion_180201_47-TMT126	proteomic profiling by mass spectrometry	1	Fusion_180201_47.raw	v1.1.0	NT=ms-proteomics;VV=v1.1.0	NT=human;VV=v1.1.0	NT=clinical-metadata;VV=v1.0.0	NT=oncology-metadata;VV=v1.0.0	manual curation	NT=Data-dependent acquisition;AC=PRIDE:0000627	NT=Orbitrap Fusion;AC=MS:1002416	NT=Trypsin;AC=MS:1001251	TMT126	2	NT=higher energy beam-type collision-induced dissociation;AC=MS:1000422	5 ppm	0.6 Da	NT=dithiothreitol (DTT);AC=PRIDE:0000608	NT=methyl methanethiosulfonate (MMTS);AC=PRIDE:0000605	NT=Methylthio;AC=UNIMOD:39;TA=C;MT=Fixed	NT=Oxidation;AC=UNIMOD:35;TA=M;MT=Variable	NT=TMT6plex;AC=UNIMOD:737;TA=K;MT=Fixed	NT=TMT6plex;AC=UNIMOD:737;PP=Any N-term;MT=Fixed	healthy mucosal tissue
CoM6	Homo sapiens	colon	not available	6	not pooled	study sample	colorectal cancer	tissue	not available	not available	not available	patient-6	healthy mucosal tissue	Fusion_180201_48-TMT126	proteomic profiling by mass spectrometry	1	Fusion_180201_48.raw	v1.1.0	NT=ms-proteomics;VV=v1.1.0	NT=human;VV=v1.1.0	NT=clinical-metadata;VV=v1.0.0	NT=oncology-metadata;VV=v1.0.0	manual curation	NT=Data-dependent acquisition;AC=PRIDE:0000627	NT=Orbitrap Fusion;AC=MS:1002416	NT=Trypsin;AC=MS:1001251	TMT126	3	NT=higher energy beam-type collision-induced dissociation;AC=MS:1000422	5 ppm	0.6 Da	NT=dithiothreitol (DTT);AC=PRIDE:0000608	NT=methyl methanethiosulfonate (MMTS);AC=PRIDE:0000605	NT=Methylthio;AC=UNIMOD:39;TA=C;MT=Fixed	NT=Oxidation;AC=UNIMOD:35;TA=M;MT=Variable	NT=TMT6plex;AC=UNIMOD:737;TA=K;MT=Fixed	NT=TMT6plex;AC=UNIMOD:737;PP=Any N-term;MT=Fixed	healthy mucosal tissue
CoM6	Homo sapiens	colon	not available	6	not pooled	study sample	colorectal cancer	tissue	not available	not available	not available	patient-6	healthy mucosal tissue	Fusion_180201_49-TMT126	proteomic profiling by mass spectrometry	1	Fusion_180201_49.raw	v1.1.0	NT=ms-proteomics;VV=v1.1.0	NT=human;VV=v1.1.0	NT=clinical-metadata;VV=v1.0.0	NT=oncology-metadata;VV=v1.0.0	manual curation	NT=Data-dependent acquisition;AC=PRIDE:0000627	NT=Orbitrap Fusion;AC=MS:1002416	NT=Trypsin;AC=MS:1001251	TMT126	4	NT=higher energy beam-type collision-induced dissociation;AC=MS:1000422	5 ppm	0.6 Da	NT=dithiothreitol (DTT);AC=PRIDE:0000608	NT=methyl methanethiosulfonate (MMTS);AC=PRIDE:0000605	NT=Methylthio;AC=UNIMOD:39;TA=C;MT=Fixed	NT=Oxidation;AC=UNIMOD:35;TA=M;MT=Variable	NT=TMT6plex;AC=UNIMOD:737;TA=K;MT=Fixed	NT=TMT6plex;AC=UNIMOD:737;PP=Any N-term;MT=Fixed	healthy mucosal tissue
CoM6	Homo sapiens	colon	not available	6	not pooled	study sample	colorectal cancer	tissue	not available	not available	not available	patient-6	healthy mucosal tissue	Fusion_180201_50-TMT126	proteomic profiling by mass spectrometry	1	Fusion_180201_50.raw	v1.1.0	NT=ms-proteomics;VV=v1.1.0	NT=human;VV=v1.1.0	NT=clinical-metadata;VV=v1.0.0	NT=oncology-metadata;VV=v1.0.0	manual curation	NT=Data-dependent acquisition;AC=PRIDE:0000627	NT=Orbitrap Fusion;AC=MS:1002416	NT=Trypsin;AC=MS:1001251	TMT126	5	NT=higher energy beam-type collision-induced dissociation;AC=MS:1000422	5 ppm	0.6 Da	NT=dithiothreitol (DTT);AC=PRIDE:0000608	NT=methyl methanethiosulfonate (MMTS);AC=PRIDE:0000605	NT=Methylthio;AC=UNIMOD:39;TA=C;MT=Fixed	NT=Oxidation;AC=UNIMOD:35;TA=M;MT=Variable	NT=TMT6plex;AC=UNIMOD:737;TA=K;MT=Fixed	NT=TMT6plex;AC=UNIMOD:737;PP=Any N-term;MT=Fixed	healthy mucosal tissue
CoM6	Homo sapiens	colon	not available	6	not pooled	study sample	colorectal cancer	tissue	not available	not available	not available	patient-6	healthy mucosal tissue	Fusion_180201_51-TMT126	proteomic profiling by mass spectrometry	1	Fusion_180201_51.raw	v1.1.0	NT=ms-proteomics;VV=v1.1.0	NT=human;VV=v1.1.0	NT=clinical-metadata;VV=v1.0.0	NT=oncology-metadata;VV=v1.0.0	manual curation	NT=Data-dependent acquisition;AC=PRIDE:0000627	NT=Orbitrap Fusion;AC=MS:1002416	NT=Trypsin;AC=MS:1001251	TMT126	6	NT=higher energy beam-type collision-induced dissociation;AC=MS:1000422	5 ppm	0.6 Da	NT=dithiothreitol (DTT);AC=PRIDE:0000608	NT=methyl methanethiosulfonate (MMTS);AC=PRIDE:0000605	NT=Methylthio;AC=UNIMOD:39;TA=C;MT=Fixed	NT=Oxidation;AC=UNIMOD:35;TA=M;MT=Variable	NT=TMT6plex;AC=UNIMOD:737;TA=K;MT=Fixed	NT=TMT6plex;AC=UNIMOD:737;PP=Any N-term;MT=Fixed	healthy mucosal tissue
CoM6	Homo sapiens	colon	not available	6	not pooled	study sample	colorectal cancer	tissue	not available	not available	not available	patient-6	healthy mucosal tissue	Fusion_180201_52-TMT126	proteomic profiling by mass spectrometry	1	Fusion_180201_52.raw	v1.1.0	NT=ms-proteomics;VV=v1.1.0	NT=human;VV=v1.1.0	NT=clinical-metadata;VV=v1.0.0	NT=oncology-metadata;VV=v1.0.0	manual curation	NT=Data-dependent acquisition;AC=PRIDE:0000627	NT=Orbitrap Fusion;AC=MS:1002416	NT=Trypsin;AC=MS:1001251	TMT126	7	NT=higher energy beam-type collision-induced dissociation;AC=MS:1000422	5 ppm	0.6 Da	NT=dithiothreitol (DTT);AC=PRIDE:0000608	NT=methyl methanethiosulfonate (MMTS);AC=PRIDE:0000605	NT=Methylthio;AC=UNIMOD:39;TA=C;MT=Fixed	NT=Oxidation;AC=UNIMOD:35;TA=M;MT=Variable	NT=TMT6plex;AC=UNIMOD:737;TA=K;MT=Fixed	NT=TMT6plex;AC=UNIMOD:737;PP=Any N-term;MT=Fixed	healthy mucosal tissue
CoM6	Homo sapiens	colon	not available	6	not pooled	study sample	colorectal cancer	tissue	not available	not available	not available	patient-6	healthy mucosal tissue	Fusion_180201_53-TMT126	proteomic profiling by mass spectrometry	1	Fusion_180201_53.raw	v1.1.0	NT=ms-proteomics;VV=v1.1.0	NT=human;VV=v1.1.0	NT=clinical-metadata;VV=v1.0.0	NT=oncology-metadata;VV=v1.0.0	manual curation	NT=Data-dependent acquisition;AC=PRIDE:0000627	NT=Orbitrap Fusion;AC=MS:1002416	NT=Trypsin;AC=MS:1001251	TMT126	8	NT=higher energy beam-type collision-induced dissociation;AC=MS:1000422	5 ppm	0.6 Da	NT=dithiothreitol (DTT);AC=PRIDE:0000608	NT=methyl methanethiosulfonate (MMTS);AC=PRIDE:0000605	NT=Methylthio;AC=UNIMOD:39;TA=C;MT=Fixed	NT=Oxidation;AC=UNIMOD:35;TA=M;MT=Variable	NT=TMT6plex;AC=UNIMOD:737;TA=K;MT=Fixed	NT=TMT6plex;AC=UNIMOD:737;PP=Any N-term;MT=Fixed	healthy mucosal tissue
CoM6	Homo sapiens	colon	not available	6	not pooled	study sample	colorectal cancer	tissue	not available	not available	not available	patient-6	healthy mucosal tissue	Fusion_180201_54-TMT126	proteomic profiling by mass spectrometry	1	Fusion_180201_54.raw	v1.1.0	NT=ms-proteomics;VV=v1.1.0	NT=human;VV=v1.1.0	NT=clinical-metadata;VV=v1.0.0	NT=oncology-metadata;VV=v1.0.0	manual curation	NT=Data-dependent acquisition;AC=PRIDE:0000627	NT=Orbitrap Fusion;AC=MS:1002416	NT=Trypsin;AC=MS:1001251	TMT126	9	NT=higher energy beam-type collision-induced dissociation;AC=MS:1000422	5 ppm	0.6 Da	NT=dithiothreitol (DTT);AC=PRIDE:0000608	NT=methyl methanethiosulfonate (MMTS);AC=PRIDE:0000605	NT=Methylthio;AC=UNIMOD:39;TA=C;MT=Fixed	NT=Oxidation;AC=UNIMOD:35;TA=M;MT=Variable	NT=TMT6plex;AC=UNIMOD:737;TA=K;MT=Fixed	NT=TMT6plex;AC=UNIMOD:737;PP=Any N-term;MT=Fixed	healthy mucosal tissue
CoM6	Homo sapiens	colon	not available	6	not pooled	study sample	colorectal cancer	tissue	not available	not available	not available	patient-6	healthy mucosal tissue	Fusion_180201_55-TMT126	proteomic profiling by mass spectrometry	1	Fusion_180201_55.raw	v1.1.0	NT=ms-proteomics;VV=v1.1.0	NT=human;VV=v1.1.0	NT=clinical-metadata;VV=v1.0.0	NT=oncology-metadata;VV=v1.0.0	manual curation	NT=Data-dependent acquisition;AC=PRIDE:0000627	NT=Orbitrap Fusion;AC=MS:1002416	NT=Trypsin;AC=MS:1001251	TMT126	10	NT=higher energy beam-type collision-induced dissociation;AC=MS:1000422	5 ppm	0.6 Da	NT=dithiothreitol (DTT);AC=PRIDE:0000608	NT=methyl methanethiosulfonate (MMTS);AC=PRIDE:0000605	NT=Methylthio;AC=UNIMOD:39;TA=C;MT=Fixed	NT=Oxidation;AC=UNIMOD:35;TA=M;MT=Variable	NT=TMT6plex;AC=UNIMOD:737;TA=K;MT=Fixed	NT=TMT6plex;AC=UNIMOD:737;PP=Any N-term;MT=Fixed	healthy mucosal tissue
CoM6	Homo sapiens	colon	not available	6	not pooled	study sample	colorectal cancer	tissue	not available	not available	not available	patient-6	healthy mucosal tissue	Fusion_180201_56-TMT126	proteomic profiling by mass spectrometry	1	Fusion_180201_56.raw	v1.1.0	NT=ms-proteomics;VV=v1.1.0	NT=human;VV=v1.1.0	NT=clinical-metadata;VV=v1.0.0	NT=oncology-metadata;VV=v1.0.0	manual curation	NT=Data-dependent acquisition;AC=PRIDE:0000627	NT=Orbitrap Fusion;AC=MS:1002416	NT=Trypsin;AC=MS:1001251	TMT126	11	NT=higher energy beam-type collision-induced dissociation;AC=MS:1000422	5 ppm	0.6 Da	NT=dithiothreitol (DTT);AC=PRIDE:0000608	NT=methyl methanethiosulfonate (MMTS);AC=PRIDE:0000605	NT=Methylthio;AC=UNIMOD:39;TA=C;MT=Fixed	NT=Oxidation;AC=UNIMOD:35;TA=M;MT=Variable	NT=TMT6plex;AC=UNIMOD:737;TA=K;MT=Fixed	NT=TMT6plex;AC=UNIMOD:737;PP=Any N-term;MT=Fixed	healthy mucosal tissue
CoM6	Homo sapiens	colon	not available	6	not pooled	study sample	colorectal cancer	tissue	not available	not available	not available	patient-6	healthy mucosal tissue	Fusion_180201_57-TMT126	proteomic profiling by mass spectrometry	1	Fusion_180201_57.raw	v1.1.0	NT=ms-proteomics;VV=v1.1.0	NT=human;VV=v1.1.0	NT=clinical-metadata;VV=v1.0.0	NT=oncology-metadata;VV=v1.0.0	manual curation	NT=Data-dependent acquisition;AC=PRIDE:0000627	NT=Orbitrap Fusion;AC=MS:1002416	NT=Trypsin;AC=MS:1001251	TMT126	12	NT=higher energy beam-type collision-induced dissociation;AC=MS:1000422	5 ppm	0.6 Da	NT=dithiothreitol (DTT);AC=PRIDE:0000608	NT=methyl methanethiosulfonate (MMTS);AC=PRIDE:0000605	NT=Methylthio;AC=UNIMOD:39;TA=C;MT=Fixed	NT=Oxidation;AC=UNIMOD:35;TA=M;MT=Variable	NT=TMT6plex;AC=UNIMOD:737;TA=K;MT=Fixed	NT=TMT6plex;AC=UNIMOD:737;PP=Any N-term;MT=Fixed	healthy mucosal tissue
CoM6	Homo sapiens	colon	not available	6	not pooled	study sample	colorectal cancer	tissue	not available	not available	not available	patient-6	healthy mucosal tissue	Fusion_180201_58-TMT126	proteomic profiling by mass spectrometry	1	Fusion_180201_58.raw	v1.1.0	NT=ms-proteomics;VV=v1.1.0	NT=human;VV=v1.1.0	NT=clinical-metadata;VV=v1.0.0	NT=oncology-metadata;VV=v1.0.0	manual curation	NT=Data-dependent acquisition;AC=PRIDE:0000627	NT=Orbitrap Fusion;AC=MS:1002416	NT=Trypsin;AC=MS:1001251	TMT126	13	NT=higher energy beam-type collision-induced dissociation;AC=MS:1000422	5 ppm	0.6 Da	NT=dithiothreitol (DTT);AC=PRIDE:0000608	NT=methyl methanethiosulfonate (MMTS);AC=PRIDE:0000605	NT=Methylthio;AC=UNIMOD:39;TA=C;MT=Fixed	NT=Oxidation;AC=UNIMOD:35;TA=M;MT=Variable	NT=TMT6plex;AC=UNIMOD:737;TA=K;MT=Fixed	NT=TMT6plex;AC=UNIMOD:737;PP=Any N-term;MT=Fixed	healthy mucosal tissue
CoM6	Homo sapiens	colon	not available	6	not pooled	study sample	colorectal cancer	tissue	not available	not available	not available	patient-6	healthy mucosal tissue	Fusion_180201_59-TMT126	proteomic profiling by mass spectrometry	1	Fusion_180201_59.raw	v1.1.0	NT=ms-proteomics;VV=v1.1.0	NT=human;VV=v1.1.0	NT=clinical-metadata;VV=v1.0.0	NT=oncology-metadata;VV=v1.0.0	manual curation	NT=Data-dependent acquisition;AC=PRIDE:0000627	NT=Orbitrap Fusion;AC=MS:1002416	NT=Trypsin;AC=MS:1001251	TMT126	14	NT=higher energy beam-type collision-induced dissociation;AC=MS:1000422	5 ppm	0.6 Da	NT=dithiothreitol (DTT);AC=PRIDE:0000608	NT=methyl methanethiosulfonate (MMTS);AC=PRIDE:0000605	NT=Methylthio;AC=UNIMOD:39;TA=C;MT=Fixed	NT=Oxidation;AC=UNIMOD:35;TA=M;MT=Variable	NT=TMT6plex;AC=UNIMOD:737;TA=K;MT=Fixed	NT=TMT6plex;AC=UNIMOD:737;PP=Any N-term;MT=Fixed	healthy mucosal tissue
CoM6	Homo sapiens	colon	not available	6	not pooled	study sample	colorectal cancer	tissue	not available	not available	not available	patient-6	healthy mucosal tissue	Fusion_180201_60-TMT126	proteomic profiling by mass spectrometry	1	Fusion_180201_60.raw	v1.1.0	NT=ms-proteomics;VV=v1.1.0	NT=human;VV=v1.1.0	NT=clinical-metadata;VV=v1.0.0	NT=oncology-metadata;VV=v1.0.0	manual curation	NT=Data-dependent acquisition;AC=PRIDE:0000627	NT=Orbitrap Fusion;AC=MS:1002416	NT=Trypsin;AC=MS:1001251	TMT126	15	NT=higher energy beam-type collision-induced dissociation;AC=MS:1000422	5 ppm	0.6 Da	NT=dithiothreitol (DTT);AC=PRIDE:0000608	NT=methyl methanethiosulfonate (MMTS);AC=PRIDE:0000605	NT=Methylthio;AC=UNIMOD:39;TA=C;MT=Fixed	NT=Oxidation;AC=UNIMOD:35;TA=M;MT=Variable	NT=TMT6plex;AC=UNIMOD:737;TA=K;MT=Fixed	NT=TMT6plex;AC=UNIMOD:737;PP=Any N-term;MT=Fixed	healthy mucosal tissue
CoM6	Homo sapiens	colon	not available	6	not pooled	study sample	colorectal cancer	tissue	not available	not available	not available	patient-6	healthy mucosal tissue	Fusion_180201_61-TMT126	proteomic profiling by mass spectrometry	1	Fusion_180201_61.raw	v1.1.0	NT=ms-proteomics;VV=v1.1.0	NT=human;VV=v1.1.0	NT=clinical-metadata;VV=v1.0.0	NT=oncology-metadata;VV=v1.0.0	manual curation	NT=Data-dependent acquisition;AC=PRIDE:0000627	NT=Orbitrap Fusion;AC=MS:1002416	NT=Trypsin;AC=MS:1001251	TMT126	16	NT=higher energy beam-type collision-induced dissociation;AC=MS:1000422	5 ppm	0.6 Da	NT=dithiothreitol (DTT);AC=PRIDE:0000608	NT=methyl methanethiosulfonate (MMTS);AC=PRIDE:0000605	NT=Methylthio;AC=UNIMOD:39;TA=C;MT=Fixed	NT=Oxidation;AC=UNIMOD:35;TA=M;MT=Variable	NT=TMT6plex;AC=UNIMOD:737;TA=K;MT=Fixed	NT=TMT6plex;AC=UNIMOD:737;PP=Any N-term;MT=Fixed	healthy mucosal tissue
CoM6	Homo sapiens	colon	not available	6	not pooled	study sample	colorectal cancer	tissue	not available	not available	not available	patient-6	healthy mucosal tissue	Fusion_180201_62-TMT126	proteomic profiling by mass spectrometry	1	Fusion_180201_62.raw	v1.1.0	NT=ms-proteomics;VV=v1.1.0	NT=human;VV=v1.1.0	NT=clinical-metadata;VV=v1.0.0	NT=oncology-metadata;VV=v1.0.0	manual curation	NT=Data-dependent acquisition;AC=PRIDE:0000627	NT=Orbitrap Fusion;AC=MS:1002416	NT=Trypsin;AC=MS:1001251	TMT126	17	NT=higher energy beam-type collision-induced dissociation;AC=MS:1000422	5 ppm	0.6 Da	NT=dithiothreitol (DTT);AC=PRIDE:0000608	NT=methyl methanethiosulfonate (MMTS);AC=PRIDE:0000605	NT=Methylthio;AC=UNIMOD:39;TA=C;MT=Fixed	NT=Oxidation;AC=UNIMOD:35;TA=M;MT=Variable	NT=TMT6plex;AC=UNIMOD:737;TA=K;MT=Fixed	NT=TMT6plex;AC=UNIMOD:737;PP=Any N-term;MT=Fixed	healthy mucosal tissue
CoM6	Homo sapiens	colon	not available	6	not pooled	study sample	colorectal cancer	tissue	not available	not available	not available	patient-6	healthy mucosal tissue	Fusion_180201_63-TMT126	proteomic profiling by mass spectrometry	1	Fusion_180201_63.raw	v1.1.0	NT=ms-proteomics;VV=v1.1.0	NT=human;VV=v1.1.0	NT=clinical-metadata;VV=v1.0.0	NT=oncology-metadata;VV=v1.0.0	manual curation	NT=Data-dependent acquisition;AC=PRIDE:0000627	NT=Orbitrap Fusion;AC=MS:1002416	NT=Trypsin;AC=MS:1001251	TMT126	18	NT=higher energy beam-type collision-induced dissociation;AC=MS:1000422	5 ppm	0.6 Da	NT=dithiothreitol (DTT);AC=PRIDE:0000608	NT=methyl methanethiosulfonate (MMTS);AC=PRIDE:0000605	NT=Methylthio;AC=UNIMOD:39;TA=C;MT=Fixed	NT=Oxidation;AC=UNIMOD:35;TA=M;MT=Variable	NT=TMT6plex;AC=UNIMOD:737;TA=K;MT=Fixed	NT=TMT6plex;AC=UNIMOD:737;PP=Any N-term;MT=Fixed	healthy mucosal tissue
CoM6	Homo sapiens	colon	not available	6	not pooled	study sample	colorectal cancer	tissue	not available	not available	not available	patient-6	healthy mucosal tissue	Fusion_180201_64-TMT126	proteomic profiling by mass spectrometry	1	Fusion_180201_64.raw	v1.1.0	NT=ms-proteomics;VV=v1.1.0	NT=human;VV=v1.1.0	NT=clinical-metadata;VV=v1.0.0	NT=oncology-metadata;VV=v1.0.0	manual curation	NT=Data-dependent acquisition;AC=PRIDE:0000627	NT=Orbitrap Fusion;AC=MS:1002416	NT=Trypsin;AC=MS:1001251	TMT126	19	NT=higher energy beam-type collision-induced dissociation;AC=MS:1000422	5 ppm	0.6 Da	NT=dithiothreitol (DTT);AC=PRIDE:0000608	NT=methyl methanethiosulfonate (MMTS);AC=PRIDE:0000605	NT=Methylthio;AC=UNIMOD:39;TA=C;MT=Fixed	NT=Oxidation;AC=UNIMOD:35;TA=M;MT=Variable	NT=TMT6plex;AC=UNIMOD:737;TA=K;MT=Fixed	NT=TMT6plex;AC=UNIMOD:737;PP=Any N-term;MT=Fixed	healthy mucosal tissue
CoM6	Homo sapiens	colon	not available	6	not pooled	study sample	colorectal cancer	tissue	not available	not available	not available	patient-6	healthy mucosal tissue	Fusion_180201_65-TMT126	proteomic profiling by mass spectrometry	1	Fusion_180201_65.raw	v1.1.0	NT=ms-proteomics;VV=v1.1.0	NT=human;VV=v1.1.0	NT=clinical-metadata;VV=v1.0.0	NT=oncology-metadata;VV=v1.0.0	manual curation	NT=Data-dependent acquisition;AC=PRIDE:0000627	NT=Orbitrap Fusion;AC=MS:1002416	NT=Trypsin;AC=MS:1001251	TMT126	20	NT=higher energy beam-type collision-induced dissociation;AC=MS:1000422	5 ppm	0.6 Da	NT=dithiothreitol (DTT);AC=PRIDE:0000608	NT=methyl methanethiosulfonate (MMTS);AC=PRIDE:0000605	NT=Methylthio;AC=UNIMOD:39;TA=C;MT=Fixed	NT=Oxidation;AC=UNIMOD:35;TA=M;MT=Variable	NT=TMT6plex;AC=UNIMOD:737;TA=K;MT=Fixed	NT=TMT6plex;AC=UNIMOD:737;PP=Any N-term;MT=Fixed	healthy mucosal tissue
CoT6	Homo sapiens	colon	not available	6	not pooled	study sample	colorectal cancer	tissue	not available	not available	not available	patient-6	tumor tissue	Fusion_180201_46-TMT127N	proteomic profiling by mass spectrometry	1	Fusion_180201_46.raw	v1.1.0	NT=ms-proteomics;VV=v1.1.0	NT=human;VV=v1.1.0	NT=clinical-metadata;VV=v1.0.0	NT=oncology-metadata;VV=v1.0.0	manual curation	NT=Data-dependent acquisition;AC=PRIDE:0000627	NT=Orbitrap Fusion;AC=MS:1002416	NT=Trypsin;AC=MS:1001251	TMT127N	1	NT=higher energy beam-type collision-induced dissociation;AC=MS:1000422	5 ppm	0.6 Da	NT=dithiothreitol (DTT);AC=PRIDE:0000608	NT=methyl methanethiosulfonate (MMTS);AC=PRIDE:0000605	NT=Methylthio;AC=UNIMOD:39;TA=C;MT=Fixed	NT=Oxidation;AC=UNIMOD:35;TA=M;MT=Variable	NT=TMT6plex;AC=UNIMOD:737;TA=K;MT=Fixed	NT=TMT6plex;AC=UNIMOD:737;PP=Any N-term;MT=Fixed	tumor tissue
CoT6	Homo sapiens	colon	not available	6	not pooled	study sample	colorectal cancer	tissue	not available	not available	not available	patient-6	tumor tissue	Fusion_180201_47-TMT127N	proteomic profiling by mass spectrometry	1	Fusion_180201_47.raw	v1.1.0	NT=ms-proteomics;VV=v1.1.0	NT=human;VV=v1.1.0	NT=clinical-metadata;VV=v1.0.0	NT=oncology-metadata;VV=v1.0.0	manual curation	NT=Data-dependent acquisition;AC=PRIDE:0000627	NT=Orbitrap Fusion;AC=MS:1002416	NT=Trypsin;AC=MS:1001251	TMT127N	2	NT=higher energy beam-type collision-induced dissociation;AC=MS:1000422	5 ppm	0.6 Da	NT=dithiothreitol (DTT);AC=PRIDE:0000608	NT=methyl methanethiosulfonate (MMTS);AC=PRIDE:0000605	NT=Methylthio;AC=UNIMOD:39;TA=C;MT=Fixed	NT=Oxidation;AC=UNIMOD:35;TA=M;MT=Variable	NT=TMT6plex;AC=UNIMOD:737;TA=K;MT=Fixed	NT=TMT6plex;AC=UNIMOD:737;PP=Any N-term;MT=Fixed	tumor tissue
CoT6	Homo sapiens	colon	not available	6	not pooled	study sample	colorectal cancer	tissue	not available	not available	not available	patient-6	tumor tissue	Fusion_180201_48-TMT127N	proteomic profiling by mass spectrometry	1	Fusion_180201_48.raw	v1.1.0	NT=ms-proteomics;VV=v1.1.0	NT=human;VV=v1.1.0	NT=clinical-metadata;VV=v1.0.0	NT=oncology-metadata;VV=v1.0.0	manual curation	NT=Data-dependent acquisition;AC=PRIDE:0000627	NT=Orbitrap Fusion;AC=MS:1002416	NT=Trypsin;AC=MS:1001251	TMT127N	3	NT=higher energy beam-type collision-induced dissociation;AC=MS:1000422	5 ppm	0.6 Da	NT=dithiothreitol (DTT);AC=PRIDE:0000608	NT=methyl methanethiosulfonate (MMTS);AC=PRIDE:0000605	NT=Methylthio;AC=UNIMOD:39;TA=C;MT=Fixed	NT=Oxidation;AC=UNIMOD:35;TA=M;MT=Variable	NT=TMT6plex;AC=UNIMOD:737;TA=K;MT=Fixed	NT=TMT6plex;AC=UNIMOD:737;PP=Any N-term;MT=Fixed	tumor tissue
CoT6	Homo sapiens	colon	not available	6	not pooled	study sample	colorectal cancer	tissue	not available	not available	not available	patient-6	tumor tissue	Fusion_180201_49-TMT127N	proteomic profiling by mass spectrometry	1	Fusion_180201_49.raw	v1.1.0	NT=ms-proteomics;VV=v1.1.0	NT=human;VV=v1.1.0	NT=clinical-metadata;VV=v1.0.0	NT=oncology-metadata;VV=v1.0.0	manual curation	NT=Data-dependent acquisition;AC=PRIDE:0000627	NT=Orbitrap Fusion;AC=MS:1002416	NT=Trypsin;AC=MS:1001251	TMT127N	4	NT=higher energy beam-type collision-induced dissociation;AC=MS:1000422	5 ppm	0.6 Da	NT=dithiothreitol (DTT);AC=PRIDE:0000608	NT=methyl methanethiosulfonate (MMTS);AC=PRIDE:0000605	NT=Methylthio;AC=UNIMOD:39;TA=C;MT=Fixed	NT=Oxidation;AC=UNIMOD:35;TA=M;MT=Variable	NT=TMT6plex;AC=UNIMOD:737;TA=K;MT=Fixed	NT=TMT6plex;AC=UNIMOD:737;PP=Any N-term;MT=Fixed	tumor tissue
CoT6	Homo sapiens	colon	not available	6	not pooled	study sample	colorectal cancer	tissue	not available	not available	not available	patient-6	tumor tissue	Fusion_180201_50-TMT127N	proteomic profiling by mass spectrometry	1	Fusion_180201_50.raw	v1.1.0	NT=ms-proteomics;VV=v1.1.0	NT=human;VV=v1.1.0	NT=clinical-metadata;VV=v1.0.0	NT=oncology-metadata;VV=v1.0.0	manual curation	NT=Data-dependent acquisition;AC=PRIDE:0000627	NT=Orbitrap Fusion;AC=MS:1002416	NT=Trypsin;AC=MS:1001251	TMT127N	5	NT=higher energy beam-type collision-induced dissociation;AC=MS:1000422	5 ppm	0.6 Da	NT=dithiothreitol (DTT);AC=PRIDE:0000608	NT=methyl methanethiosulfonate (MMTS);AC=PRIDE:0000605	NT=Methylthio;AC=UNIMOD:39;TA=C;MT=Fixed	NT=Oxidation;AC=UNIMOD:35;TA=M;MT=Variable	NT=TMT6plex;AC=UNIMOD:737;TA=K;MT=Fixed	NT=TMT6plex;AC=UNIMOD:737;PP=Any N-term;MT=Fixed	tumor tissue
CoT6	Homo sapiens	colon	not available	6	not pooled	study sample	colorectal cancer	tissue	not available	not available	not available	patient-6	tumor tissue	Fusion_180201_51-TMT127N	proteomic profiling by mass spectrometry	1	Fusion_180201_51.raw	v1.1.0	NT=ms-proteomics;VV=v1.1.0	NT=human;VV=v1.1.0	NT=clinical-metadata;VV=v1.0.0	NT=oncology-metadata;VV=v1.0.0	manual curation	NT=Data-dependent acquisition;AC=PRIDE:0000627	NT=Orbitrap Fusion;AC=MS:1002416	NT=Trypsin;AC=MS:1001251	TMT127N	6	NT=higher energy beam-type collision-induced dissociation;AC=MS:1000422	5 ppm	0.6 Da	NT=dithiothreitol (DTT);AC=PRIDE:0000608	NT=methyl methanethiosulfonate (MMTS);AC=PRIDE:0000605	NT=Methylthio;AC=UNIMOD:39;TA=C;MT=Fixed	NT=Oxidation;AC=UNIMOD:35;TA=M;MT=Variable	NT=TMT6plex;AC=UNIMOD:737;TA=K;MT=Fixed	NT=TMT6plex;AC=UNIMOD:737;PP=Any N-term;MT=Fixed	tumor tissue
CoT6	Homo sapiens	colon	not available	6	not pooled	study sample	colorectal cancer	tissue	not available	not available	not available	patient-6	tumor tissue	Fusion_180201_52-TMT127N	proteomic profiling by mass spectrometry	1	Fusion_180201_52.raw	v1.1.0	NT=ms-proteomics;VV=v1.1.0	NT=human;VV=v1.1.0	NT=clinical-metadata;VV=v1.0.0	NT=oncology-metadata;VV=v1.0.0	manual curation	NT=Data-dependent acquisition;AC=PRIDE:0000627	NT=Orbitrap Fusion;AC=MS:1002416	NT=Trypsin;AC=MS:1001251	TMT127N	7	NT=higher energy beam-type collision-induced dissociation;AC=MS:1000422	5 ppm	0.6 Da	NT=dithiothreitol (DTT);AC=PRIDE:0000608	NT=methyl methanethiosulfonate (MMTS);AC=PRIDE:0000605	NT=Methylthio;AC=UNIMOD:39;TA=C;MT=Fixed	NT=Oxidation;AC=UNIMOD:35;TA=M;MT=Variable	NT=TMT6plex;AC=UNIMOD:737;TA=K;MT=Fixed	NT=TMT6plex;AC=UNIMOD:737;PP=Any N-term;MT=Fixed	tumor tissue
CoT6	Homo sapiens	colon	not available	6	not pooled	study sample	colorectal cancer	tissue	not available	not available	not available	patient-6	tumor tissue	Fusion_180201_53-TMT127N	proteomic profiling by mass spectrometry	1	Fusion_180201_53.raw	v1.1.0	NT=ms-proteomics;VV=v1.1.0	NT=human;VV=v1.1.0	NT=clinical-metadata;VV=v1.0.0	NT=oncology-metadata;VV=v1.0.0	manual curation	NT=Data-dependent acquisition;AC=PRIDE:0000627	NT=Orbitrap Fusion;AC=MS:1002416	NT=Trypsin;AC=MS:1001251	TMT127N	8	NT=higher energy beam-type collision-induced dissociation;AC=MS:1000422	5 ppm	0.6 Da	NT=dithiothreitol (DTT);AC=PRIDE:0000608	NT=methyl methanethiosulfonate (MMTS);AC=PRIDE:0000605	NT=Methylthio;AC=UNIMOD:39;TA=C;MT=Fixed	NT=Oxidation;AC=UNIMOD:35;TA=M;MT=Variable	NT=TMT6plex;AC=UNIMOD:737;TA=K;MT=Fixed	NT=TMT6plex;AC=UNIMOD:737;PP=Any N-term;MT=Fixed	tumor tissue
CoT6	Homo sapiens	colon	not available	6	not pooled	study sample	colorectal cancer	tissue	not available	not available	not available	patient-6	tumor tissue	Fusion_180201_54-TMT127N	proteomic profiling by mass spectrometry	1	Fusion_180201_54.raw	v1.1.0	NT=ms-proteomics;VV=v1.1.0	NT=human;VV=v1.1.0	NT=clinical-metadata;VV=v1.0.0	NT=oncology-metadata;VV=v1.0.0	manual curation	NT=Data-dependent acquisition;AC=PRIDE:0000627	NT=Orbitrap Fusion;AC=MS:1002416	NT=Trypsin;AC=MS:1001251	TMT127N	9	NT=higher energy beam-type collision-induced dissociation;AC=MS:1000422	5 ppm	0.6 Da	NT=dithiothreitol (DTT);AC=PRIDE:0000608	NT=methyl methanethiosulfonate (MMTS);AC=PRIDE:0000605	NT=Methylthio;AC=UNIMOD:39;TA=C;MT=Fixed	NT=Oxidation;AC=UNIMOD:35;TA=M;MT=Variable	NT=TMT6plex;AC=UNIMOD:737;TA=K;MT=Fixed	NT=TMT6plex;AC=UNIMOD:737;PP=Any N-term;MT=Fixed	tumor tissue
CoT6	Homo sapiens	colon	not available	6	not pooled	study sample	colorectal cancer	tissue	not available	not available	not available	patient-6	tumor tissue	Fusion_180201_55-TMT127N	proteomic profiling by mass spectrometry	1	Fusion_180201_55.raw	v1.1.0	NT=ms-proteomics;VV=v1.1.0	NT=human;VV=v1.1.0	NT=clinical-metadata;VV=v1.0.0	NT=oncology-metadata;VV=v1.0.0	manual curation	NT=Data-dependent acquisition;AC=PRIDE:0000627	NT=Orbitrap Fusion;AC=MS:1002416	NT=Trypsin;AC=MS:1001251	TMT127N	10	NT=higher energy beam-type collision-induced dissociation;AC=MS:1000422	5 ppm	0.6 Da	NT=dithiothreitol (DTT);AC=PRIDE:0000608	NT=methyl methanethiosulfonate (MMTS);AC=PRIDE:0000605	NT=Methylthio;AC=UNIMOD:39;TA=C;MT=Fixed	NT=Oxidation;AC=UNIMOD:35;TA=M;MT=Variable	NT=TMT6plex;AC=UNIMOD:737;TA=K;MT=Fixed	NT=TMT6plex;AC=UNIMOD:737;PP=Any N-term;MT=Fixed	tumor tissue
CoT6	Homo sapiens	colon	not available	6	not pooled	study sample	colorectal cancer	tissue	not available	not available	not available	patient-6	tumor tissue	Fusion_180201_56-TMT127N	proteomic profiling by mass spectrometry	1	Fusion_180201_56.raw	v1.1.0	NT=ms-proteomics;VV=v1.1.0	NT=human;VV=v1.1.0	NT=clinical-metadata;VV=v1.0.0	NT=oncology-metadata;VV=v1.0.0	manual curation	NT=Data-dependent acquisition;AC=PRIDE:0000627	NT=Orbitrap Fusion;AC=MS:1002416	NT=Trypsin;AC=MS:1001251	TMT127N	11	NT=higher energy beam-type collision-induced dissociation;AC=MS:1000422	5 ppm	0.6 Da	NT=dithiothreitol (DTT);AC=PRIDE:0000608	NT=methyl methanethiosulfonate (MMTS);AC=PRIDE:0000605	NT=Methylthio;AC=UNIMOD:39;TA=C;MT=Fixed	NT=Oxidation;AC=UNIMOD:35;TA=M;MT=Variable	NT=TMT6plex;AC=UNIMOD:737;TA=K;MT=Fixed	NT=TMT6plex;AC=UNIMOD:737;PP=Any N-term;MT=Fixed	tumor tissue
CoT6	Homo sapiens	colon	not available	6	not pooled	study sample	colorectal cancer	tissue	not available	not available	not available	patient-6	tumor tissue	Fusion_180201_57-TMT127N	proteomic profiling by mass spectrometry	1	Fusion_180201_57.raw	v1.1.0	NT=ms-proteomics;VV=v1.1.0	NT=human;VV=v1.1.0	NT=clinical-metadata;VV=v1.0.0	NT=oncology-metadata;VV=v1.0.0	manual curation	NT=Data-dependent acquisition;AC=PRIDE:0000627	NT=Orbitrap Fusion;AC=MS:1002416	NT=Trypsin;AC=MS:1001251	TMT127N	12	NT=higher energy beam-type collision-induced dissociation;AC=MS:1000422	5 ppm	0.6 Da	NT=dithiothreitol (DTT);AC=PRIDE:0000608	NT=methyl methanethiosulfonate (MMTS);AC=PRIDE:0000605	NT=Methylthio;AC=UNIMOD:39;TA=C;MT=Fixed	NT=Oxidation;AC=UNIMOD:35;TA=M;MT=Variable	NT=TMT6plex;AC=UNIMOD:737;TA=K;MT=Fixed	NT=TMT6plex;AC=UNIMOD:737;PP=Any N-term;MT=Fixed	tumor tissue
CoT6	Homo sapiens	colon	not available	6	not pooled	study sample	colorectal cancer	tissue	not available	not available	not available	patient-6	tumor tissue	Fusion_180201_58-TMT127N	proteomic profiling by mass spectrometry	1	Fusion_180201_58.raw	v1.1.0	NT=ms-proteomics;VV=v1.1.0	NT=human;VV=v1.1.0	NT=clinical-metadata;VV=v1.0.0	NT=oncology-metadata;VV=v1.0.0	manual curation	NT=Data-dependent acquisition;AC=PRIDE:0000627	NT=Orbitrap Fusion;AC=MS:1002416	NT=Trypsin;AC=MS:1001251	TMT127N	13	NT=higher energy beam-type collision-induced dissociation;AC=MS:1000422	5 ppm	0.6 Da	NT=dithiothreitol (DTT);AC=PRIDE:0000608	NT=methyl methanethiosulfonate (MMTS);AC=PRIDE:0000605	NT=Methylthio;AC=UNIMOD:39;TA=C;MT=Fixed	NT=Oxidation;AC=UNIMOD:35;TA=M;MT=Variable	NT=TMT6plex;AC=UNIMOD:737;TA=K;MT=Fixed	NT=TMT6plex;AC=UNIMOD:737;PP=Any N-term;MT=Fixed	tumor tissue
CoT6	Homo sapiens	colon	not available	6	not pooled	study sample	colorectal cancer	tissue	not available	not available	not available	patient-6	tumor tissue	Fusion_180201_59-TMT127N	proteomic profiling by mass spectrometry	1	Fusion_180201_59.raw	v1.1.0	NT=ms-proteomics;VV=v1.1.0	NT=human;VV=v1.1.0	NT=clinical-metadata;VV=v1.0.0	NT=oncology-metadata;VV=v1.0.0	manual curation	NT=Data-dependent acquisition;AC=PRIDE:0000627	NT=Orbitrap Fusion;AC=MS:1002416	NT=Trypsin;AC=MS:1001251	TMT127N	14	NT=higher energy beam-type collision-induced dissociation;AC=MS:1000422	5 ppm	0.6 Da	NT=dithiothreitol (DTT);AC=PRIDE:0000608	NT=methyl methanethiosulfonate (MMTS);AC=PRIDE:0000605	NT=Methylthio;AC=UNIMOD:39;TA=C;MT=Fixed	NT=Oxidation;AC=UNIMOD:35;TA=M;MT=Variable	NT=TMT6plex;AC=UNIMOD:737;TA=K;MT=Fixed	NT=TMT6plex;AC=UNIMOD:737;PP=Any N-term;MT=Fixed	tumor tissue
CoT6	Homo sapiens	colon	not available	6	not pooled	study sample	colorectal cancer	tissue	not available	not available	not available	patient-6	tumor tissue	Fusion_180201_60-TMT127N	proteomic profiling by mass spectrometry	1	Fusion_180201_60.raw	v1.1.0	NT=ms-proteomics;VV=v1.1.0	NT=human;VV=v1.1.0	NT=clinical-metadata;VV=v1.0.0	NT=oncology-metadata;VV=v1.0.0	manual curation	NT=Data-dependent acquisition;AC=PRIDE:0000627	NT=Orbitrap Fusion;AC=MS:1002416	NT=Trypsin;AC=MS:1001251	TMT127N	15	NT=higher energy beam-type collision-induced dissociation;AC=MS:1000422	5 ppm	0.6 Da	NT=dithiothreitol (DTT);AC=PRIDE:0000608	NT=methyl methanethiosulfonate (MMTS);AC=PRIDE:0000605	NT=Methylthio;AC=UNIMOD:39;TA=C;MT=Fixed	NT=Oxidation;AC=UNIMOD:35;TA=M;MT=Variable	NT=TMT6plex;AC=UNIMOD:737;TA=K;MT=Fixed	NT=TMT6plex;AC=UNIMOD:737;PP=Any N-term;MT=Fixed	tumor tissue
CoT6	Homo sapiens	colon	not available	6	not pooled	study sample	colorectal cancer	tissue	not available	not available	not available	patient-6	tumor tissue	Fusion_180201_61-TMT127N	proteomic profiling by mass spectrometry	1	Fusion_180201_61.raw	v1.1.0	NT=ms-proteomics;VV=v1.1.0	NT=human;VV=v1.1.0	NT=clinical-metadata;VV=v1.0.0	NT=oncology-metadata;VV=v1.0.0	manual curation	NT=Data-dependent acquisition;AC=PRIDE:0000627	NT=Orbitrap Fusion;AC=MS:1002416	NT=Trypsin;AC=MS:1001251	TMT127N	16	NT=higher energy beam-type collision-induced dissociation;AC=MS:1000422	5 ppm	0.6 Da	NT=dithiothreitol (DTT);AC=PRIDE:0000608	NT=methyl methanethiosulfonate (MMTS);AC=PRIDE:0000605	NT=Methylthio;AC=UNIMOD:39;TA=C;MT=Fixed	NT=Oxidation;AC=UNIMOD:35;TA=M;MT=Variable	NT=TMT6plex;AC=UNIMOD:737;TA=K;MT=Fixed	NT=TMT6plex;AC=UNIMOD:737;PP=Any N-term;MT=Fixed	tumor tissue
CoT6	Homo sapiens	colon	not available	6	not pooled	study sample	colorectal cancer	tissue	not available	not available	not available	patient-6	tumor tissue	Fusion_180201_62-TMT127N	proteomic profiling by mass spectrometry	1	Fusion_180201_62.raw	v1.1.0	NT=ms-proteomics;VV=v1.1.0	NT=human;VV=v1.1.0	NT=clinical-metadata;VV=v1.0.0	NT=oncology-metadata;VV=v1.0.0	manual curation	NT=Data-dependent acquisition;AC=PRIDE:0000627	NT=Orbitrap Fusion;AC=MS:1002416	NT=Trypsin;AC=MS:1001251	TMT127N	17	NT=higher energy beam-type collision-induced dissociation;AC=MS:1000422	5 ppm	0.6 Da	NT=dithiothreitol (DTT);AC=PRIDE:0000608	NT=methyl methanethiosulfonate (MMTS);AC=PRIDE:0000605	NT=Methylthio;AC=UNIMOD:39;TA=C;MT=Fixed	NT=Oxidation;AC=UNIMOD:35;TA=M;MT=Variable	NT=TMT6plex;AC=UNIMOD:737;TA=K;MT=Fixed	NT=TMT6plex;AC=UNIMOD:737;PP=Any N-term;MT=Fixed	tumor tissue
CoT6	Homo sapiens	colon	not available	6	not pooled	study sample	colorectal cancer	tissue	not available	not available	not available	patient-6	tumor tissue	Fusion_180201_63-TMT127N	proteomic profiling by mass spectrometry	1	Fusion_180201_63.raw	v1.1.0	NT=ms-proteomics;VV=v1.1.0	NT=human;VV=v1.1.0	NT=clinical-metadata;VV=v1.0.0	NT=oncology-metadata;VV=v1.0.0	manual curation	NT=Data-dependent acquisition;AC=PRIDE:0000627	NT=Orbitrap Fusion;AC=MS:1002416	NT=Trypsin;AC=MS:1001251	TMT127N	18	NT=higher energy beam-type collision-induced dissociation;AC=MS:1000422	5 ppm	0.6 Da	NT=dithiothreitol (DTT);AC=PRIDE:0000608	NT=methyl methanethiosulfonate (MMTS);AC=PRIDE:0000605	NT=Methylthio;AC=UNIMOD:39;TA=C;MT=Fixed	NT=Oxidation;AC=UNIMOD:35;TA=M;MT=Variable	NT=TMT6plex;AC=UNIMOD:737;TA=K;MT=Fixed	NT=TMT6plex;AC=UNIMOD:737;PP=Any N-term;MT=Fixed	tumor tissue
CoT6	Homo sapiens	colon	not available	6	not pooled	study sample	colorectal cancer	tissue	not available	not available	not available	patient-6	tumor tissue	Fusion_180201_64-TMT127N	proteomic profiling by mass spectrometry	1	Fusion_180201_64.raw	v1.1.0	NT=ms-proteomics;VV=v1.1.0	NT=human;VV=v1.1.0	NT=clinical-metadata;VV=v1.0.0	NT=oncology-metadata;VV=v1.0.0	manual curation	NT=Data-dependent acquisition;AC=PRIDE:0000627	NT=Orbitrap Fusion;AC=MS:1002416	NT=Trypsin;AC=MS:1001251	TMT127N	19	NT=higher energy beam-type collision-induced dissociation;AC=MS:1000422	5 ppm	0.6 Da	NT=dithiothreitol (DTT);AC=PRIDE:0000608	NT=methyl methanethiosulfonate (MMTS);AC=PRIDE:0000605	NT=Methylthio;AC=UNIMOD:39;TA=C;MT=Fixed	NT=Oxidation;AC=UNIMOD:35;TA=M;MT=Variable	NT=TMT6plex;AC=UNIMOD:737;TA=K;MT=Fixed	NT=TMT6plex;AC=UNIMOD:737;PP=Any N-term;MT=Fixed	tumor tissue
CoT6	Homo sapiens	colon	not available	6	not pooled	study sample	colorectal cancer	tissue	not available	not available	not available	patient-6	tumor tissue	Fusion_180201_65-TMT127N	proteomic profiling by mass spectrometry	1	Fusion_180201_65.raw	v1.1.0	NT=ms-proteomics;VV=v1.1.0	NT=human;VV=v1.1.0	NT=clinical-metadata;VV=v1.0.0	NT=oncology-metadata;VV=v1.0.0	manual curation	NT=Data-dependent acquisition;AC=PRIDE:0000627	NT=Orbitrap Fusion;AC=MS:1002416	NT=Trypsin;AC=MS:1001251	TMT127N	20	NT=higher energy beam-type collision-induced dissociation;AC=MS:1000422	5 ppm	0.6 Da	NT=dithiothreitol (DTT);AC=PRIDE:0000608	NT=methyl methanethiosulfonate (MMTS);AC=PRIDE:0000605	NT=Methylthio;AC=UNIMOD:39;TA=C;MT=Fixed	NT=Oxidation;AC=UNIMOD:35;TA=M;MT=Variable	NT=TMT6plex;AC=UNIMOD:737;TA=K;MT=Fixed	NT=TMT6plex;AC=UNIMOD:737;PP=Any N-term;MT=Fixed	tumor tissue
CoM7	Homo sapiens	colon	not available	7	not pooled	study sample	colorectal cancer	tissue	not available	not available	not available	patient-7	healthy mucosal tissue	Fusion_180201_46-TMT127C	proteomic profiling by mass spectrometry	1	Fusion_180201_46.raw	v1.1.0	NT=ms-proteomics;VV=v1.1.0	NT=human;VV=v1.1.0	NT=clinical-metadata;VV=v1.0.0	NT=oncology-metadata;VV=v1.0.0	manual curation	NT=Data-dependent acquisition;AC=PRIDE:0000627	NT=Orbitrap Fusion;AC=MS:1002416	NT=Trypsin;AC=MS:1001251	TMT127C	1	NT=higher energy beam-type collision-induced dissociation;AC=MS:1000422	5 ppm	0.6 Da	NT=dithiothreitol (DTT);AC=PRIDE:0000608	NT=methyl methanethiosulfonate (MMTS);AC=PRIDE:0000605	NT=Methylthio;AC=UNIMOD:39;TA=C;MT=Fixed	NT=Oxidation;AC=UNIMOD:35;TA=M;MT=Variable	NT=TMT6plex;AC=UNIMOD:737;TA=K;MT=Fixed	NT=TMT6plex;AC=UNIMOD:737;PP=Any N-term;MT=Fixed	healthy mucosal tissue
CoM7	Homo sapiens	colon	not available	7	not pooled	study sample	colorectal cancer	tissue	not available	not available	not available	patient-7	healthy mucosal tissue	Fusion_180201_47-TMT127C	proteomic profiling by mass spectrometry	1	Fusion_180201_47.raw	v1.1.0	NT=ms-proteomics;VV=v1.1.0	NT=human;VV=v1.1.0	NT=clinical-metadata;VV=v1.0.0	NT=oncology-metadata;VV=v1.0.0	manual curation	NT=Data-dependent acquisition;AC=PRIDE:0000627	NT=Orbitrap Fusion;AC=MS:1002416	NT=Trypsin;AC=MS:1001251	TMT127C	2	NT=higher energy beam-type collision-induced dissociation;AC=MS:1000422	5 ppm	0.6 Da	NT=dithiothreitol (DTT);AC=PRIDE:0000608	NT=methyl methanethiosulfonate (MMTS);AC=PRIDE:0000605	NT=Methylthio;AC=UNIMOD:39;TA=C;MT=Fixed	NT=Oxidation;AC=UNIMOD:35;TA=M;MT=Variable	NT=TMT6plex;AC=UNIMOD:737;TA=K;MT=Fixed	NT=TMT6plex;AC=UNIMOD:737;PP=Any N-term;MT=Fixed	healthy mucosal tissue
CoM7	Homo sapiens	colon	not available	7	not pooled	study sample	colorectal cancer	tissue	not available	not available	not available	patient-7	healthy mucosal tissue	Fusion_180201_48-TMT127C	proteomic profiling by mass spectrometry	1	Fusion_180201_48.raw	v1.1.0	NT=ms-proteomics;VV=v1.1.0	NT=human;VV=v1.1.0	NT=clinical-metadata;VV=v1.0.0	NT=oncology-metadata;VV=v1.0.0	manual curation	NT=Data-dependent acquisition;AC=PRIDE:0000627	NT=Orbitrap Fusion;AC=MS:1002416	NT=Trypsin;AC=MS:1001251	TMT127C	3	NT=higher energy beam-type collision-induced dissociation;AC=MS:1000422	5 ppm	0.6 Da	NT=dithiothreitol (DTT);AC=PRIDE:0000608	NT=methyl methanethiosulfonate (MMTS);AC=PRIDE:0000605	NT=Methylthio;AC=UNIMOD:39;TA=C;MT=Fixed	NT=Oxidation;AC=UNIMOD:35;TA=M;MT=Variable	NT=TMT6plex;AC=UNIMOD:737;TA=K;MT=Fixed	NT=TMT6plex;AC=UNIMOD:737;PP=Any N-term;MT=Fixed	healthy mucosal tissue
CoM7	Homo sapiens	colon	not available	7	not pooled	study sample	colorectal cancer	tissue	not available	not available	not available	patient-7	healthy mucosal tissue	Fusion_180201_49-TMT127C	proteomic profiling by mass spectrometry	1	Fusion_180201_49.raw	v1.1.0	NT=ms-proteomics;VV=v1.1.0	NT=human;VV=v1.1.0	NT=clinical-metadata;VV=v1.0.0	NT=oncology-metadata;VV=v1.0.0	manual curation	NT=Data-dependent acquisition;AC=PRIDE:0000627	NT=Orbitrap Fusion;AC=MS:1002416	NT=Trypsin;AC=MS:1001251	TMT127C	4	NT=higher energy beam-type collision-induced dissociation;AC=MS:1000422	5 ppm	0.6 Da	NT=dithiothreitol (DTT);AC=PRIDE:0000608	NT=methyl methanethiosulfonate (MMTS);AC=PRIDE:0000605	NT=Methylthio;AC=UNIMOD:39;TA=C;MT=Fixed	NT=Oxidation;AC=UNIMOD:35;TA=M;MT=Variable	NT=TMT6plex;AC=UNIMOD:737;TA=K;MT=Fixed	NT=TMT6plex;AC=UNIMOD:737;PP=Any N-term;MT=Fixed	healthy mucosal tissue
CoM7	Homo sapiens	colon	not available	7	not pooled	study sample	colorectal cancer	tissue	not available	not available	not available	patient-7	healthy mucosal tissue	Fusion_180201_50-TMT127C	proteomic profiling by mass spectrometry	1	Fusion_180201_50.raw	v1.1.0	NT=ms-proteomics;VV=v1.1.0	NT=human;VV=v1.1.0	NT=clinical-metadata;VV=v1.0.0	NT=oncology-metadata;VV=v1.0.0	manual curation	NT=Data-dependent acquisition;AC=PRIDE:0000627	NT=Orbitrap Fusion;AC=MS:1002416	NT=Trypsin;AC=MS:1001251	TMT127C	5	NT=higher energy beam-type collision-induced dissociation;AC=MS:1000422	5 ppm	0.6 Da	NT=dithiothreitol (DTT);AC=PRIDE:0000608	NT=methyl methanethiosulfonate (MMTS);AC=PRIDE:0000605	NT=Methylthio;AC=UNIMOD:39;TA=C;MT=Fixed	NT=Oxidation;AC=UNIMOD:35;TA=M;MT=Variable	NT=TMT6plex;AC=UNIMOD:737;TA=K;MT=Fixed	NT=TMT6plex;AC=UNIMOD:737;PP=Any N-term;MT=Fixed	healthy mucosal tissue
CoM7	Homo sapiens	colon	not available	7	not pooled	study sample	colorectal cancer	tissue	not available	not available	not available	patient-7	healthy mucosal tissue	Fusion_180201_51-TMT127C	proteomic profiling by mass spectrometry	1	Fusion_180201_51.raw	v1.1.0	NT=ms-proteomics;VV=v1.1.0	NT=human;VV=v1.1.0	NT=clinical-metadata;VV=v1.0.0	NT=oncology-metadata;VV=v1.0.0	manual curation	NT=Data-dependent acquisition;AC=PRIDE:0000627	NT=Orbitrap Fusion;AC=MS:1002416	NT=Trypsin;AC=MS:1001251	TMT127C	6	NT=higher energy beam-type collision-induced dissociation;AC=MS:1000422	5 ppm	0.6 Da	NT=dithiothreitol (DTT);AC=PRIDE:0000608	NT=methyl methanethiosulfonate (MMTS);AC=PRIDE:0000605	NT=Methylthio;AC=UNIMOD:39;TA=C;MT=Fixed	NT=Oxidation;AC=UNIMOD:35;TA=M;MT=Variable	NT=TMT6plex;AC=UNIMOD:737;TA=K;MT=Fixed	NT=TMT6plex;AC=UNIMOD:737;PP=Any N-term;MT=Fixed	healthy mucosal tissue
CoM7	Homo sapiens	colon	not available	7	not pooled	study sample	colorectal cancer	tissue	not available	not available	not available	patient-7	healthy mucosal tissue	Fusion_180201_52-TMT127C	proteomic profiling by mass spectrometry	1	Fusion_180201_52.raw	v1.1.0	NT=ms-proteomics;VV=v1.1.0	NT=human;VV=v1.1.0	NT=clinical-metadata;VV=v1.0.0	NT=oncology-metadata;VV=v1.0.0	manual curation	NT=Data-dependent acquisition;AC=PRIDE:0000627	NT=Orbitrap Fusion;AC=MS:1002416	NT=Trypsin;AC=MS:1001251	TMT127C	7	NT=higher energy beam-type collision-induced dissociation;AC=MS:1000422	5 ppm	0.6 Da	NT=dithiothreitol (DTT);AC=PRIDE:0000608	NT=methyl methanethiosulfonate (MMTS);AC=PRIDE:0000605	NT=Methylthio;AC=UNIMOD:39;TA=C;MT=Fixed	NT=Oxidation;AC=UNIMOD:35;TA=M;MT=Variable	NT=TMT6plex;AC=UNIMOD:737;TA=K;MT=Fixed	NT=TMT6plex;AC=UNIMOD:737;PP=Any N-term;MT=Fixed	healthy mucosal tissue
CoM7	Homo sapiens	colon	not available	7	not pooled	study sample	colorectal cancer	tissue	not available	not available	not available	patient-7	healthy mucosal tissue	Fusion_180201_53-TMT127C	proteomic profiling by mass spectrometry	1	Fusion_180201_53.raw	v1.1.0	NT=ms-proteomics;VV=v1.1.0	NT=human;VV=v1.1.0	NT=clinical-metadata;VV=v1.0.0	NT=oncology-metadata;VV=v1.0.0	manual curation	NT=Data-dependent acquisition;AC=PRIDE:0000627	NT=Orbitrap Fusion;AC=MS:1002416	NT=Trypsin;AC=MS:1001251	TMT127C	8	NT=higher energy beam-type collision-induced dissociation;AC=MS:1000422	5 ppm	0.6 Da	NT=dithiothreitol (DTT);AC=PRIDE:0000608	NT=methyl methanethiosulfonate (MMTS);AC=PRIDE:0000605	NT=Methylthio;AC=UNIMOD:39;TA=C;MT=Fixed	NT=Oxidation;AC=UNIMOD:35;TA=M;MT=Variable	NT=TMT6plex;AC=UNIMOD:737;TA=K;MT=Fixed	NT=TMT6plex;AC=UNIMOD:737;PP=Any N-term;MT=Fixed	healthy mucosal tissue
CoM7	Homo sapiens	colon	not available	7	not pooled	study sample	colorectal cancer	tissue	not available	not available	not available	patient-7	healthy mucosal tissue	Fusion_180201_54-TMT127C	proteomic profiling by mass spectrometry	1	Fusion_180201_54.raw	v1.1.0	NT=ms-proteomics;VV=v1.1.0	NT=human;VV=v1.1.0	NT=clinical-metadata;VV=v1.0.0	NT=oncology-metadata;VV=v1.0.0	manual curation	NT=Data-dependent acquisition;AC=PRIDE:0000627	NT=Orbitrap Fusion;AC=MS:1002416	NT=Trypsin;AC=MS:1001251	TMT127C	9	NT=higher energy beam-type collision-induced dissociation;AC=MS:1000422	5 ppm	0.6 Da	NT=dithiothreitol (DTT);AC=PRIDE:0000608	NT=methyl methanethiosulfonate (MMTS);AC=PRIDE:0000605	NT=Methylthio;AC=UNIMOD:39;TA=C;MT=Fixed	NT=Oxidation;AC=UNIMOD:35;TA=M;MT=Variable	NT=TMT6plex;AC=UNIMOD:737;TA=K;MT=Fixed	NT=TMT6plex;AC=UNIMOD:737;PP=Any N-term;MT=Fixed	healthy mucosal tissue
CoM7	Homo sapiens	colon	not available	7	not pooled	study sample	colorectal cancer	tissue	not available	not available	not available	patient-7	healthy mucosal tissue	Fusion_180201_55-TMT127C	proteomic profiling by mass spectrometry	1	Fusion_180201_55.raw	v1.1.0	NT=ms-proteomics;VV=v1.1.0	NT=human;VV=v1.1.0	NT=clinical-metadata;VV=v1.0.0	NT=oncology-metadata;VV=v1.0.0	manual curation	NT=Data-dependent acquisition;AC=PRIDE:0000627	NT=Orbitrap Fusion;AC=MS:1002416	NT=Trypsin;AC=MS:1001251	TMT127C	10	NT=higher energy beam-type collision-induced dissociation;AC=MS:1000422	5 ppm	0.6 Da	NT=dithiothreitol (DTT);AC=PRIDE:0000608	NT=methyl methanethiosulfonate (MMTS);AC=PRIDE:0000605	NT=Methylthio;AC=UNIMOD:39;TA=C;MT=Fixed	NT=Oxidation;AC=UNIMOD:35;TA=M;MT=Variable	NT=TMT6plex;AC=UNIMOD:737;TA=K;MT=Fixed	NT=TMT6plex;AC=UNIMOD:737;PP=Any N-term;MT=Fixed	healthy mucosal tissue
CoM7	Homo sapiens	colon	not available	7	not pooled	study sample	colorectal cancer	tissue	not available	not available	not available	patient-7	healthy mucosal tissue	Fusion_180201_56-TMT127C	proteomic profiling by mass spectrometry	1	Fusion_180201_56.raw	v1.1.0	NT=ms-proteomics;VV=v1.1.0	NT=human;VV=v1.1.0	NT=clinical-metadata;VV=v1.0.0	NT=oncology-metadata;VV=v1.0.0	manual curation	NT=Data-dependent acquisition;AC=PRIDE:0000627	NT=Orbitrap Fusion;AC=MS:1002416	NT=Trypsin;AC=MS:1001251	TMT127C	11	NT=higher energy beam-type collision-induced dissociation;AC=MS:1000422	5 ppm	0.6 Da	NT=dithiothreitol (DTT);AC=PRIDE:0000608	NT=methyl methanethiosulfonate (MMTS);AC=PRIDE:0000605	NT=Methylthio;AC=UNIMOD:39;TA=C;MT=Fixed	NT=Oxidation;AC=UNIMOD:35;TA=M;MT=Variable	NT=TMT6plex;AC=UNIMOD:737;TA=K;MT=Fixed	NT=TMT6plex;AC=UNIMOD:737;PP=Any N-term;MT=Fixed	healthy mucosal tissue
CoM7	Homo sapiens	colon	not available	7	not pooled	study sample	colorectal cancer	tissue	not available	not available	not available	patient-7	healthy mucosal tissue	Fusion_180201_57-TMT127C	proteomic profiling by mass spectrometry	1	Fusion_180201_57.raw	v1.1.0	NT=ms-proteomics;VV=v1.1.0	NT=human;VV=v1.1.0	NT=clinical-metadata;VV=v1.0.0	NT=oncology-metadata;VV=v1.0.0	manual curation	NT=Data-dependent acquisition;AC=PRIDE:0000627	NT=Orbitrap Fusion;AC=MS:1002416	NT=Trypsin;AC=MS:1001251	TMT127C	12	NT=higher energy beam-type collision-induced dissociation;AC=MS:1000422	5 ppm	0.6 Da	NT=dithiothreitol (DTT);AC=PRIDE:0000608	NT=methyl methanethiosulfonate (MMTS);AC=PRIDE:0000605	NT=Methylthio;AC=UNIMOD:39;TA=C;MT=Fixed	NT=Oxidation;AC=UNIMOD:35;TA=M;MT=Variable	NT=TMT6plex;AC=UNIMOD:737;TA=K;MT=Fixed	NT=TMT6plex;AC=UNIMOD:737;PP=Any N-term;MT=Fixed	healthy mucosal tissue
CoM7	Homo sapiens	colon	not available	7	not pooled	study sample	colorectal cancer	tissue	not available	not available	not available	patient-7	healthy mucosal tissue	Fusion_180201_58-TMT127C	proteomic profiling by mass spectrometry	1	Fusion_180201_58.raw	v1.1.0	NT=ms-proteomics;VV=v1.1.0	NT=human;VV=v1.1.0	NT=clinical-metadata;VV=v1.0.0	NT=oncology-metadata;VV=v1.0.0	manual curation	NT=Data-dependent acquisition;AC=PRIDE:0000627	NT=Orbitrap Fusion;AC=MS:1002416	NT=Trypsin;AC=MS:1001251	TMT127C	13	NT=higher energy beam-type collision-induced dissociation;AC=MS:1000422	5 ppm	0.6 Da	NT=dithiothreitol (DTT);AC=PRIDE:0000608	NT=methyl methanethiosulfonate (MMTS);AC=PRIDE:0000605	NT=Methylthio;AC=UNIMOD:39;TA=C;MT=Fixed	NT=Oxidation;AC=UNIMOD:35;TA=M;MT=Variable	NT=TMT6plex;AC=UNIMOD:737;TA=K;MT=Fixed	NT=TMT6plex;AC=UNIMOD:737;PP=Any N-term;MT=Fixed	healthy mucosal tissue
CoM7	Homo sapiens	colon	not available	7	not pooled	study sample	colorectal cancer	tissue	not available	not available	not available	patient-7	healthy mucosal tissue	Fusion_180201_59-TMT127C	proteomic profiling by mass spectrometry	1	Fusion_180201_59.raw	v1.1.0	NT=ms-proteomics;VV=v1.1.0	NT=human;VV=v1.1.0	NT=clinical-metadata;VV=v1.0.0	NT=oncology-metadata;VV=v1.0.0	manual curation	NT=Data-dependent acquisition;AC=PRIDE:0000627	NT=Orbitrap Fusion;AC=MS:1002416	NT=Trypsin;AC=MS:1001251	TMT127C	14	NT=higher energy beam-type collision-induced dissociation;AC=MS:1000422	5 ppm	0.6 Da	NT=dithiothreitol (DTT);AC=PRIDE:0000608	NT=methyl methanethiosulfonate (MMTS);AC=PRIDE:0000605	NT=Methylthio;AC=UNIMOD:39;TA=C;MT=Fixed	NT=Oxidation;AC=UNIMOD:35;TA=M;MT=Variable	NT=TMT6plex;AC=UNIMOD:737;TA=K;MT=Fixed	NT=TMT6plex;AC=UNIMOD:737;PP=Any N-term;MT=Fixed	healthy mucosal tissue
CoM7	Homo sapiens	colon	not available	7	not pooled	study sample	colorectal cancer	tissue	not available	not available	not available	patient-7	healthy mucosal tissue	Fusion_180201_60-TMT127C	proteomic profiling by mass spectrometry	1	Fusion_180201_60.raw	v1.1.0	NT=ms-proteomics;VV=v1.1.0	NT=human;VV=v1.1.0	NT=clinical-metadata;VV=v1.0.0	NT=oncology-metadata;VV=v1.0.0	manual curation	NT=Data-dependent acquisition;AC=PRIDE:0000627	NT=Orbitrap Fusion;AC=MS:1002416	NT=Trypsin;AC=MS:1001251	TMT127C	15	NT=higher energy beam-type collision-induced dissociation;AC=MS:1000422	5 ppm	0.6 Da	NT=dithiothreitol (DTT);AC=PRIDE:0000608	NT=methyl methanethiosulfonate (MMTS);AC=PRIDE:0000605	NT=Methylthio;AC=UNIMOD:39;TA=C;MT=Fixed	NT=Oxidation;AC=UNIMOD:35;TA=M;MT=Variable	NT=TMT6plex;AC=UNIMOD:737;TA=K;MT=Fixed	NT=TMT6plex;AC=UNIMOD:737;PP=Any N-term;MT=Fixed	healthy mucosal tissue
CoM7	Homo sapiens	colon	not available	7	not pooled	study sample	colorectal cancer	tissue	not available	not available	not available	patient-7	healthy mucosal tissue	Fusion_180201_61-TMT127C	proteomic profiling by mass spectrometry	1	Fusion_180201_61.raw	v1.1.0	NT=ms-proteomics;VV=v1.1.0	NT=human;VV=v1.1.0	NT=clinical-metadata;VV=v1.0.0	NT=oncology-metadata;VV=v1.0.0	manual curation	NT=Data-dependent acquisition;AC=PRIDE:0000627	NT=Orbitrap Fusion;AC=MS:1002416	NT=Trypsin;AC=MS:1001251	TMT127C	16	NT=higher energy beam-type collision-induced dissociation;AC=MS:1000422	5 ppm	0.6 Da	NT=dithiothreitol (DTT);AC=PRIDE:0000608	NT=methyl methanethiosulfonate (MMTS);AC=PRIDE:0000605	NT=Methylthio;AC=UNIMOD:39;TA=C;MT=Fixed	NT=Oxidation;AC=UNIMOD:35;TA=M;MT=Variable	NT=TMT6plex;AC=UNIMOD:737;TA=K;MT=Fixed	NT=TMT6plex;AC=UNIMOD:737;PP=Any N-term;MT=Fixed	healthy mucosal tissue
CoM7	Homo sapiens	colon	not available	7	not pooled	study sample	colorectal cancer	tissue	not available	not available	not available	patient-7	healthy mucosal tissue	Fusion_180201_62-TMT127C	proteomic profiling by mass spectrometry	1	Fusion_180201_62.raw	v1.1.0	NT=ms-proteomics;VV=v1.1.0	NT=human;VV=v1.1.0	NT=clinical-metadata;VV=v1.0.0	NT=oncology-metadata;VV=v1.0.0	manual curation	NT=Data-dependent acquisition;AC=PRIDE:0000627	NT=Orbitrap Fusion;AC=MS:1002416	NT=Trypsin;AC=MS:1001251	TMT127C	17	NT=higher energy beam-type collision-induced dissociation;AC=MS:1000422	5 ppm	0.6 Da	NT=dithiothreitol (DTT);AC=PRIDE:0000608	NT=methyl methanethiosulfonate (MMTS);AC=PRIDE:0000605	NT=Methylthio;AC=UNIMOD:39;TA=C;MT=Fixed	NT=Oxidation;AC=UNIMOD:35;TA=M;MT=Variable	NT=TMT6plex;AC=UNIMOD:737;TA=K;MT=Fixed	NT=TMT6plex;AC=UNIMOD:737;PP=Any N-term;MT=Fixed	healthy mucosal tissue
CoM7	Homo sapiens	colon	not available	7	not pooled	study sample	colorectal cancer	tissue	not available	not available	not available	patient-7	healthy mucosal tissue	Fusion_180201_63-TMT127C	proteomic profiling by mass spectrometry	1	Fusion_180201_63.raw	v1.1.0	NT=ms-proteomics;VV=v1.1.0	NT=human;VV=v1.1.0	NT=clinical-metadata;VV=v1.0.0	NT=oncology-metadata;VV=v1.0.0	manual curation	NT=Data-dependent acquisition;AC=PRIDE:0000627	NT=Orbitrap Fusion;AC=MS:1002416	NT=Trypsin;AC=MS:1001251	TMT127C	18	NT=higher energy beam-type collision-induced dissociation;AC=MS:1000422	5 ppm	0.6 Da	NT=dithiothreitol (DTT);AC=PRIDE:0000608	NT=methyl methanethiosulfonate (MMTS);AC=PRIDE:0000605	NT=Methylthio;AC=UNIMOD:39;TA=C;MT=Fixed	NT=Oxidation;AC=UNIMOD:35;TA=M;MT=Variable	NT=TMT6plex;AC=UNIMOD:737;TA=K;MT=Fixed	NT=TMT6plex;AC=UNIMOD:737;PP=Any N-term;MT=Fixed	healthy mucosal tissue
CoM7	Homo sapiens	colon	not available	7	not pooled	study sample	colorectal cancer	tissue	not available	not available	not available	patient-7	healthy mucosal tissue	Fusion_180201_64-TMT127C	proteomic profiling by mass spectrometry	1	Fusion_180201_64.raw	v1.1.0	NT=ms-proteomics;VV=v1.1.0	NT=human;VV=v1.1.0	NT=clinical-metadata;VV=v1.0.0	NT=oncology-metadata;VV=v1.0.0	manual curation	NT=Data-dependent acquisition;AC=PRIDE:0000627	NT=Orbitrap Fusion;AC=MS:1002416	NT=Trypsin;AC=MS:1001251	TMT127C	19	NT=higher energy beam-type collision-induced dissociation;AC=MS:1000422	5 ppm	0.6 Da	NT=dithiothreitol (DTT);AC=PRIDE:0000608	NT=methyl methanethiosulfonate (MMTS);AC=PRIDE:0000605	NT=Methylthio;AC=UNIMOD:39;TA=C;MT=Fixed	NT=Oxidation;AC=UNIMOD:35;TA=M;MT=Variable	NT=TMT6plex;AC=UNIMOD:737;TA=K;MT=Fixed	NT=TMT6plex;AC=UNIMOD:737;PP=Any N-term;MT=Fixed	healthy mucosal tissue
CoM7	Homo sapiens	colon	not available	7	not pooled	study sample	colorectal cancer	tissue	not available	not available	not available	patient-7	healthy mucosal tissue	Fusion_180201_65-TMT127C	proteomic profiling by mass spectrometry	1	Fusion_180201_65.raw	v1.1.0	NT=ms-proteomics;VV=v1.1.0	NT=human;VV=v1.1.0	NT=clinical-metadata;VV=v1.0.0	NT=oncology-metadata;VV=v1.0.0	manual curation	NT=Data-dependent acquisition;AC=PRIDE:0000627	NT=Orbitrap Fusion;AC=MS:1002416	NT=Trypsin;AC=MS:1001251	TMT127C	20	NT=higher energy beam-type collision-induced dissociation;AC=MS:1000422	5 ppm	0.6 Da	NT=dithiothreitol (DTT);AC=PRIDE:0000608	NT=methyl methanethiosulfonate (MMTS);AC=PRIDE:0000605	NT=Methylthio;AC=UNIMOD:39;TA=C;MT=Fixed	NT=Oxidation;AC=UNIMOD:35;TA=M;MT=Variable	NT=TMT6plex;AC=UNIMOD:737;TA=K;MT=Fixed	NT=TMT6plex;AC=UNIMOD:737;PP=Any N-term;MT=Fixed	healthy mucosal tissue
CoT7	Homo sapiens	colon	not available	7	not pooled	study sample	colorectal cancer	tissue	not available	not available	not available	patient-7	tumor tissue	Fusion_180201_46-TMT128N	proteomic profiling by mass spectrometry	1	Fusion_180201_46.raw	v1.1.0	NT=ms-proteomics;VV=v1.1.0	NT=human;VV=v1.1.0	NT=clinical-metadata;VV=v1.0.0	NT=oncology-metadata;VV=v1.0.0	manual curation	NT=Data-dependent acquisition;AC=PRIDE:0000627	NT=Orbitrap Fusion;AC=MS:1002416	NT=Trypsin;AC=MS:1001251	TMT128N	1	NT=higher energy beam-type collision-induced dissociation;AC=MS:1000422	5 ppm	0.6 Da	NT=dithiothreitol (DTT);AC=PRIDE:0000608	NT=methyl methanethiosulfonate (MMTS);AC=PRIDE:0000605	NT=Methylthio;AC=UNIMOD:39;TA=C;MT=Fixed	NT=Oxidation;AC=UNIMOD:35;TA=M;MT=Variable	NT=TMT6plex;AC=UNIMOD:737;TA=K;MT=Fixed	NT=TMT6plex;AC=UNIMOD:737;PP=Any N-term;MT=Fixed	tumor tissue
CoT7	Homo sapiens	colon	not available	7	not pooled	study sample	colorectal cancer	tissue	not available	not available	not available	patient-7	tumor tissue	Fusion_180201_47-TMT128N	proteomic profiling by mass spectrometry	1	Fusion_180201_47.raw	v1.1.0	NT=ms-proteomics;VV=v1.1.0	NT=human;VV=v1.1.0	NT=clinical-metadata;VV=v1.0.0	NT=oncology-metadata;VV=v1.0.0	manual curation	NT=Data-dependent acquisition;AC=PRIDE:0000627	NT=Orbitrap Fusion;AC=MS:1002416	NT=Trypsin;AC=MS:1001251	TMT128N	2	NT=higher energy beam-type collision-induced dissociation;AC=MS:1000422	5 ppm	0.6 Da	NT=dithiothreitol (DTT);AC=PRIDE:0000608	NT=methyl methanethiosulfonate (MMTS);AC=PRIDE:0000605	NT=Methylthio;AC=UNIMOD:39;TA=C;MT=Fixed	NT=Oxidation;AC=UNIMOD:35;TA=M;MT=Variable	NT=TMT6plex;AC=UNIMOD:737;TA=K;MT=Fixed	NT=TMT6plex;AC=UNIMOD:737;PP=Any N-term;MT=Fixed	tumor tissue
CoT7	Homo sapiens	colon	not available	7	not pooled	study sample	colorectal cancer	tissue	not available	not available	not available	patient-7	tumor tissue	Fusion_180201_48-TMT128N	proteomic profiling by mass spectrometry	1	Fusion_180201_48.raw	v1.1.0	NT=ms-proteomics;VV=v1.1.0	NT=human;VV=v1.1.0	NT=clinical-metadata;VV=v1.0.0	NT=oncology-metadata;VV=v1.0.0	manual curation	NT=Data-dependent acquisition;AC=PRIDE:0000627	NT=Orbitrap Fusion;AC=MS:1002416	NT=Trypsin;AC=MS:1001251	TMT128N	3	NT=higher energy beam-type collision-induced dissociation;AC=MS:1000422	5 ppm	0.6 Da	NT=dithiothreitol (DTT);AC=PRIDE:0000608	NT=methyl methanethiosulfonate (MMTS);AC=PRIDE:0000605	NT=Methylthio;AC=UNIMOD:39;TA=C;MT=Fixed	NT=Oxidation;AC=UNIMOD:35;TA=M;MT=Variable	NT=TMT6plex;AC=UNIMOD:737;TA=K;MT=Fixed	NT=TMT6plex;AC=UNIMOD:737;PP=Any N-term;MT=Fixed	tumor tissue
CoT7	Homo sapiens	colon	not available	7	not pooled	study sample	colorectal cancer	tissue	not available	not available	not available	patient-7	tumor tissue	Fusion_180201_49-TMT128N	proteomic profiling by mass spectrometry	1	Fusion_180201_49.raw	v1.1.0	NT=ms-proteomics;VV=v1.1.0	NT=human;VV=v1.1.0	NT=clinical-metadata;VV=v1.0.0	NT=oncology-metadata;VV=v1.0.0	manual curation	NT=Data-dependent acquisition;AC=PRIDE:0000627	NT=Orbitrap Fusion;AC=MS:1002416	NT=Trypsin;AC=MS:1001251	TMT128N	4	NT=higher energy beam-type collision-induced dissociation;AC=MS:1000422	5 ppm	0.6 Da	NT=dithiothreitol (DTT);AC=PRIDE:0000608	NT=methyl methanethiosulfonate (MMTS);AC=PRIDE:0000605	NT=Methylthio;AC=UNIMOD:39;TA=C;MT=Fixed	NT=Oxidation;AC=UNIMOD:35;TA=M;MT=Variable	NT=TMT6plex;AC=UNIMOD:737;TA=K;MT=Fixed	NT=TMT6plex;AC=UNIMOD:737;PP=Any N-term;MT=Fixed	tumor tissue
CoT7	Homo sapiens	colon	not available	7	not pooled	study sample	colorectal cancer	tissue	not available	not available	not available	patient-7	tumor tissue	Fusion_180201_50-TMT128N	proteomic profiling by mass spectrometry	1	Fusion_180201_50.raw	v1.1.0	NT=ms-proteomics;VV=v1.1.0	NT=human;VV=v1.1.0	NT=clinical-metadata;VV=v1.0.0	NT=oncology-metadata;VV=v1.0.0	manual curation	NT=Data-dependent acquisition;AC=PRIDE:0000627	NT=Orbitrap Fusion;AC=MS:1002416	NT=Trypsin;AC=MS:1001251	TMT128N	5	NT=higher energy beam-type collision-induced dissociation;AC=MS:1000422	5 ppm	0.6 Da	NT=dithiothreitol (DTT);AC=PRIDE:0000608	NT=methyl methanethiosulfonate (MMTS);AC=PRIDE:0000605	NT=Methylthio;AC=UNIMOD:39;TA=C;MT=Fixed	NT=Oxidation;AC=UNIMOD:35;TA=M;MT=Variable	NT=TMT6plex;AC=UNIMOD:737;TA=K;MT=Fixed	NT=TMT6plex;AC=UNIMOD:737;PP=Any N-term;MT=Fixed	tumor tissue
CoT7	Homo sapiens	colon	not available	7	not pooled	study sample	colorectal cancer	tissue	not available	not available	not available	patient-7	tumor tissue	Fusion_180201_51-TMT128N	proteomic profiling by mass spectrometry	1	Fusion_180201_51.raw	v1.1.0	NT=ms-proteomics;VV=v1.1.0	NT=human;VV=v1.1.0	NT=clinical-metadata;VV=v1.0.0	NT=oncology-metadata;VV=v1.0.0	manual curation	NT=Data-dependent acquisition;AC=PRIDE:0000627	NT=Orbitrap Fusion;AC=MS:1002416	NT=Trypsin;AC=MS:1001251	TMT128N	6	NT=higher energy beam-type collision-induced dissociation;AC=MS:1000422	5 ppm	0.6 Da	NT=dithiothreitol (DTT);AC=PRIDE:0000608	NT=methyl methanethiosulfonate (MMTS);AC=PRIDE:0000605	NT=Methylthio;AC=UNIMOD:39;TA=C;MT=Fixed	NT=Oxidation;AC=UNIMOD:35;TA=M;MT=Variable	NT=TMT6plex;AC=UNIMOD:737;TA=K;MT=Fixed	NT=TMT6plex;AC=UNIMOD:737;PP=Any N-term;MT=Fixed	tumor tissue
CoT7	Homo sapiens	colon	not available	7	not pooled	study sample	colorectal cancer	tissue	not available	not available	not available	patient-7	tumor tissue	Fusion_180201_52-TMT128N	proteomic profiling by mass spectrometry	1	Fusion_180201_52.raw	v1.1.0	NT=ms-proteomics;VV=v1.1.0	NT=human;VV=v1.1.0	NT=clinical-metadata;VV=v1.0.0	NT=oncology-metadata;VV=v1.0.0	manual curation	NT=Data-dependent acquisition;AC=PRIDE:0000627	NT=Orbitrap Fusion;AC=MS:1002416	NT=Trypsin;AC=MS:1001251	TMT128N	7	NT=higher energy beam-type collision-induced dissociation;AC=MS:1000422	5 ppm	0.6 Da	NT=dithiothreitol (DTT);AC=PRIDE:0000608	NT=methyl methanethiosulfonate (MMTS);AC=PRIDE:0000605	NT=Methylthio;AC=UNIMOD:39;TA=C;MT=Fixed	NT=Oxidation;AC=UNIMOD:35;TA=M;MT=Variable	NT=TMT6plex;AC=UNIMOD:737;TA=K;MT=Fixed	NT=TMT6plex;AC=UNIMOD:737;PP=Any N-term;MT=Fixed	tumor tissue
CoT7	Homo sapiens	colon	not available	7	not pooled	study sample	colorectal cancer	tissue	not available	not available	not available	patient-7	tumor tissue	Fusion_180201_53-TMT128N	proteomic profiling by mass spectrometry	1	Fusion_180201_53.raw	v1.1.0	NT=ms-proteomics;VV=v1.1.0	NT=human;VV=v1.1.0	NT=clinical-metadata;VV=v1.0.0	NT=oncology-metadata;VV=v1.0.0	manual curation	NT=Data-dependent acquisition;AC=PRIDE:0000627	NT=Orbitrap Fusion;AC=MS:1002416	NT=Trypsin;AC=MS:1001251	TMT128N	8	NT=higher energy beam-type collision-induced dissociation;AC=MS:1000422	5 ppm	0.6 Da	NT=dithiothreitol (DTT);AC=PRIDE:0000608	NT=methyl methanethiosulfonate (MMTS);AC=PRIDE:0000605	NT=Methylthio;AC=UNIMOD:39;TA=C;MT=Fixed	NT=Oxidation;AC=UNIMOD:35;TA=M;MT=Variable	NT=TMT6plex;AC=UNIMOD:737;TA=K;MT=Fixed	NT=TMT6plex;AC=UNIMOD:737;PP=Any N-term;MT=Fixed	tumor tissue
CoT7	Homo sapiens	colon	not available	7	not pooled	study sample	colorectal cancer	tissue	not available	not available	not available	patient-7	tumor tissue	Fusion_180201_54-TMT128N	proteomic profiling by mass spectrometry	1	Fusion_180201_54.raw	v1.1.0	NT=ms-proteomics;VV=v1.1.0	NT=human;VV=v1.1.0	NT=clinical-metadata;VV=v1.0.0	NT=oncology-metadata;VV=v1.0.0	manual curation	NT=Data-dependent acquisition;AC=PRIDE:0000627	NT=Orbitrap Fusion;AC=MS:1002416	NT=Trypsin;AC=MS:1001251	TMT128N	9	NT=higher energy beam-type collision-induced dissociation;AC=MS:1000422	5 ppm	0.6 Da	NT=dithiothreitol (DTT);AC=PRIDE:0000608	NT=methyl methanethiosulfonate (MMTS);AC=PRIDE:0000605	NT=Methylthio;AC=UNIMOD:39;TA=C;MT=Fixed	NT=Oxidation;AC=UNIMOD:35;TA=M;MT=Variable	NT=TMT6plex;AC=UNIMOD:737;TA=K;MT=Fixed	NT=TMT6plex;AC=UNIMOD:737;PP=Any N-term;MT=Fixed	tumor tissue
CoT7	Homo sapiens	colon	not available	7	not pooled	study sample	colorectal cancer	tissue	not available	not available	not available	patient-7	tumor tissue	Fusion_180201_55-TMT128N	proteomic profiling by mass spectrometry	1	Fusion_180201_55.raw	v1.1.0	NT=ms-proteomics;VV=v1.1.0	NT=human;VV=v1.1.0	NT=clinical-metadata;VV=v1.0.0	NT=oncology-metadata;VV=v1.0.0	manual curation	NT=Data-dependent acquisition;AC=PRIDE:0000627	NT=Orbitrap Fusion;AC=MS:1002416	NT=Trypsin;AC=MS:1001251	TMT128N	10	NT=higher energy beam-type collision-induced dissociation;AC=MS:1000422	5 ppm	0.6 Da	NT=dithiothreitol (DTT);AC=PRIDE:0000608	NT=methyl methanethiosulfonate (MMTS);AC=PRIDE:0000605	NT=Methylthio;AC=UNIMOD:39;TA=C;MT=Fixed	NT=Oxidation;AC=UNIMOD:35;TA=M;MT=Variable	NT=TMT6plex;AC=UNIMOD:737;TA=K;MT=Fixed	NT=TMT6plex;AC=UNIMOD:737;PP=Any N-term;MT=Fixed	tumor tissue
CoT7	Homo sapiens	colon	not available	7	not pooled	study sample	colorectal cancer	tissue	not available	not available	not available	patient-7	tumor tissue	Fusion_180201_56-TMT128N	proteomic profiling by mass spectrometry	1	Fusion_180201_56.raw	v1.1.0	NT=ms-proteomics;VV=v1.1.0	NT=human;VV=v1.1.0	NT=clinical-metadata;VV=v1.0.0	NT=oncology-metadata;VV=v1.0.0	manual curation	NT=Data-dependent acquisition;AC=PRIDE:0000627	NT=Orbitrap Fusion;AC=MS:1002416	NT=Trypsin;AC=MS:1001251	TMT128N	11	NT=higher energy beam-type collision-induced dissociation;AC=MS:1000422	5 ppm	0.6 Da	NT=dithiothreitol (DTT);AC=PRIDE:0000608	NT=methyl methanethiosulfonate (MMTS);AC=PRIDE:0000605	NT=Methylthio;AC=UNIMOD:39;TA=C;MT=Fixed	NT=Oxidation;AC=UNIMOD:35;TA=M;MT=Variable	NT=TMT6plex;AC=UNIMOD:737;TA=K;MT=Fixed	NT=TMT6plex;AC=UNIMOD:737;PP=Any N-term;MT=Fixed	tumor tissue
CoT7	Homo sapiens	colon	not available	7	not pooled	study sample	colorectal cancer	tissue	not available	not available	not available	patient-7	tumor tissue	Fusion_180201_57-TMT128N	proteomic profiling by mass spectrometry	1	Fusion_180201_57.raw	v1.1.0	NT=ms-proteomics;VV=v1.1.0	NT=human;VV=v1.1.0	NT=clinical-metadata;VV=v1.0.0	NT=oncology-metadata;VV=v1.0.0	manual curation	NT=Data-dependent acquisition;AC=PRIDE:0000627	NT=Orbitrap Fusion;AC=MS:1002416	NT=Trypsin;AC=MS:1001251	TMT128N	12	NT=higher energy beam-type collision-induced dissociation;AC=MS:1000422	5 ppm	0.6 Da	NT=dithiothreitol (DTT);AC=PRIDE:0000608	NT=methyl methanethiosulfonate (MMTS);AC=PRIDE:0000605	NT=Methylthio;AC=UNIMOD:39;TA=C;MT=Fixed	NT=Oxidation;AC=UNIMOD:35;TA=M;MT=Variable	NT=TMT6plex;AC=UNIMOD:737;TA=K;MT=Fixed	NT=TMT6plex;AC=UNIMOD:737;PP=Any N-term;MT=Fixed	tumor tissue
CoT7	Homo sapiens	colon	not available	7	not pooled	study sample	colorectal cancer	tissue	not available	not available	not available	patient-7	tumor tissue	Fusion_180201_58-TMT128N	proteomic profiling by mass spectrometry	1	Fusion_180201_58.raw	v1.1.0	NT=ms-proteomics;VV=v1.1.0	NT=human;VV=v1.1.0	NT=clinical-metadata;VV=v1.0.0	NT=oncology-metadata;VV=v1.0.0	manual curation	NT=Data-dependent acquisition;AC=PRIDE:0000627	NT=Orbitrap Fusion;AC=MS:1002416	NT=Trypsin;AC=MS:1001251	TMT128N	13	NT=higher energy beam-type collision-induced dissociation;AC=MS:1000422	5 ppm	0.6 Da	NT=dithiothreitol (DTT);AC=PRIDE:0000608	NT=methyl methanethiosulfonate (MMTS);AC=PRIDE:0000605	NT=Methylthio;AC=UNIMOD:39;TA=C;MT=Fixed	NT=Oxidation;AC=UNIMOD:35;TA=M;MT=Variable	NT=TMT6plex;AC=UNIMOD:737;TA=K;MT=Fixed	NT=TMT6plex;AC=UNIMOD:737;PP=Any N-term;MT=Fixed	tumor tissue
CoT7	Homo sapiens	colon	not available	7	not pooled	study sample	colorectal cancer	tissue	not available	not available	not available	patient-7	tumor tissue	Fusion_180201_59-TMT128N	proteomic profiling by mass spectrometry	1	Fusion_180201_59.raw	v1.1.0	NT=ms-proteomics;VV=v1.1.0	NT=human;VV=v1.1.0	NT=clinical-metadata;VV=v1.0.0	NT=oncology-metadata;VV=v1.0.0	manual curation	NT=Data-dependent acquisition;AC=PRIDE:0000627	NT=Orbitrap Fusion;AC=MS:1002416	NT=Trypsin;AC=MS:1001251	TMT128N	14	NT=higher energy beam-type collision-induced dissociation;AC=MS:1000422	5 ppm	0.6 Da	NT=dithiothreitol (DTT);AC=PRIDE:0000608	NT=methyl methanethiosulfonate (MMTS);AC=PRIDE:0000605	NT=Methylthio;AC=UNIMOD:39;TA=C;MT=Fixed	NT=Oxidation;AC=UNIMOD:35;TA=M;MT=Variable	NT=TMT6plex;AC=UNIMOD:737;TA=K;MT=Fixed	NT=TMT6plex;AC=UNIMOD:737;PP=Any N-term;MT=Fixed	tumor tissue
CoT7	Homo sapiens	colon	not available	7	not pooled	study sample	colorectal cancer	tissue	not available	not available	not available	patient-7	tumor tissue	Fusion_180201_60-TMT128N	proteomic profiling by mass spectrometry	1	Fusion_180201_60.raw	v1.1.0	NT=ms-proteomics;VV=v1.1.0	NT=human;VV=v1.1.0	NT=clinical-metadata;VV=v1.0.0	NT=oncology-metadata;VV=v1.0.0	manual curation	NT=Data-dependent acquisition;AC=PRIDE:0000627	NT=Orbitrap Fusion;AC=MS:1002416	NT=Trypsin;AC=MS:1001251	TMT128N	15	NT=higher energy beam-type collision-induced dissociation;AC=MS:1000422	5 ppm	0.6 Da	NT=dithiothreitol (DTT);AC=PRIDE:0000608	NT=methyl methanethiosulfonate (MMTS);AC=PRIDE:0000605	NT=Methylthio;AC=UNIMOD:39;TA=C;MT=Fixed	NT=Oxidation;AC=UNIMOD:35;TA=M;MT=Variable	NT=TMT6plex;AC=UNIMOD:737;TA=K;MT=Fixed	NT=TMT6plex;AC=UNIMOD:737;PP=Any N-term;MT=Fixed	tumor tissue
CoT7	Homo sapiens	colon	not available	7	not pooled	study sample	colorectal cancer	tissue	not available	not available	not available	patient-7	tumor tissue	Fusion_180201_61-TMT128N	proteomic profiling by mass spectrometry	1	Fusion_180201_61.raw	v1.1.0	NT=ms-proteomics;VV=v1.1.0	NT=human;VV=v1.1.0	NT=clinical-metadata;VV=v1.0.0	NT=oncology-metadata;VV=v1.0.0	manual curation	NT=Data-dependent acquisition;AC=PRIDE:0000627	NT=Orbitrap Fusion;AC=MS:1002416	NT=Trypsin;AC=MS:1001251	TMT128N	16	NT=higher energy beam-type collision-induced dissociation;AC=MS:1000422	5 ppm	0.6 Da	NT=dithiothreitol (DTT);AC=PRIDE:0000608	NT=methyl methanethiosulfonate (MMTS);AC=PRIDE:0000605	NT=Methylthio;AC=UNIMOD:39;TA=C;MT=Fixed	NT=Oxidation;AC=UNIMOD:35;TA=M;MT=Variable	NT=TMT6plex;AC=UNIMOD:737;TA=K;MT=Fixed	NT=TMT6plex;AC=UNIMOD:737;PP=Any N-term;MT=Fixed	tumor tissue
CoT7	Homo sapiens	colon	not available	7	not pooled	study sample	colorectal cancer	tissue	not available	not available	not available	patient-7	tumor tissue	Fusion_180201_62-TMT128N	proteomic profiling by mass spectrometry	1	Fusion_180201_62.raw	v1.1.0	NT=ms-proteomics;VV=v1.1.0	NT=human;VV=v1.1.0	NT=clinical-metadata;VV=v1.0.0	NT=oncology-metadata;VV=v1.0.0	manual curation	NT=Data-dependent acquisition;AC=PRIDE:0000627	NT=Orbitrap Fusion;AC=MS:1002416	NT=Trypsin;AC=MS:1001251	TMT128N	17	NT=higher energy beam-type collision-induced dissociation;AC=MS:1000422	5 ppm	0.6 Da	NT=dithiothreitol (DTT);AC=PRIDE:0000608	NT=methyl methanethiosulfonate (MMTS);AC=PRIDE:0000605	NT=Methylthio;AC=UNIMOD:39;TA=C;MT=Fixed	NT=Oxidation;AC=UNIMOD:35;TA=M;MT=Variable	NT=TMT6plex;AC=UNIMOD:737;TA=K;MT=Fixed	NT=TMT6plex;AC=UNIMOD:737;PP=Any N-term;MT=Fixed	tumor tissue
CoT7	Homo sapiens	colon	not available	7	not pooled	study sample	colorectal cancer	tissue	not available	not available	not available	patient-7	tumor tissue	Fusion_180201_63-TMT128N	proteomic profiling by mass spectrometry	1	Fusion_180201_63.raw	v1.1.0	NT=ms-proteomics;VV=v1.1.0	NT=human;VV=v1.1.0	NT=clinical-metadata;VV=v1.0.0	NT=oncology-metadata;VV=v1.0.0	manual curation	NT=Data-dependent acquisition;AC=PRIDE:0000627	NT=Orbitrap Fusion;AC=MS:1002416	NT=Trypsin;AC=MS:1001251	TMT128N	18	NT=higher energy beam-type collision-induced dissociation;AC=MS:1000422	5 ppm	0.6 Da	NT=dithiothreitol (DTT);AC=PRIDE:0000608	NT=methyl methanethiosulfonate (MMTS);AC=PRIDE:0000605	NT=Methylthio;AC=UNIMOD:39;TA=C;MT=Fixed	NT=Oxidation;AC=UNIMOD:35;TA=M;MT=Variable	NT=TMT6plex;AC=UNIMOD:737;TA=K;MT=Fixed	NT=TMT6plex;AC=UNIMOD:737;PP=Any N-term;MT=Fixed	tumor tissue
CoT7	Homo sapiens	colon	not available	7	not pooled	study sample	colorectal cancer	tissue	not available	not available	not available	patient-7	tumor tissue	Fusion_180201_64-TMT128N	proteomic profiling by mass spectrometry	1	Fusion_180201_64.raw	v1.1.0	NT=ms-proteomics;VV=v1.1.0	NT=human;VV=v1.1.0	NT=clinical-metadata;VV=v1.0.0	NT=oncology-metadata;VV=v1.0.0	manual curation	NT=Data-dependent acquisition;AC=PRIDE:0000627	NT=Orbitrap Fusion;AC=MS:1002416	NT=Trypsin;AC=MS:1001251	TMT128N	19	NT=higher energy beam-type collision-induced dissociation;AC=MS:1000422	5 ppm	0.6 Da	NT=dithiothreitol (DTT);AC=PRIDE:0000608	NT=methyl methanethiosulfonate (MMTS);AC=PRIDE:0000605	NT=Methylthio;AC=UNIMOD:39;TA=C;MT=Fixed	NT=Oxidation;AC=UNIMOD:35;TA=M;MT=Variable	NT=TMT6plex;AC=UNIMOD:737;TA=K;MT=Fixed	NT=TMT6plex;AC=UNIMOD:737;PP=Any N-term;MT=Fixed	tumor tissue
CoT7	Homo sapiens	colon	not available	7	not pooled	study sample	colorectal cancer	tissue	not available	not available	not available	patient-7	tumor tissue	Fusion_180201_65-TMT128N	proteomic profiling by mass spectrometry	1	Fusion_180201_65.raw	v1.1.0	NT=ms-proteomics;VV=v1.1.0	NT=human;VV=v1.1.0	NT=clinical-metadata;VV=v1.0.0	NT=oncology-metadata;VV=v1.0.0	manual curation	NT=Data-dependent acquisition;AC=PRIDE:0000627	NT=Orbitrap Fusion;AC=MS:1002416	NT=Trypsin;AC=MS:1001251	TMT128N	20	NT=higher energy beam-type collision-induced dissociation;AC=MS:1000422	5 ppm	0.6 Da	NT=dithiothreitol (DTT);AC=PRIDE:0000608	NT=methyl methanethiosulfonate (MMTS);AC=PRIDE:0000605	NT=Methylthio;AC=UNIMOD:39;TA=C;MT=Fixed	NT=Oxidation;AC=UNIMOD:35;TA=M;MT=Variable	NT=TMT6plex;AC=UNIMOD:737;TA=K;MT=Fixed	NT=TMT6plex;AC=UNIMOD:737;PP=Any N-term;MT=Fixed	tumor tissue
CoM8	Homo sapiens	colon	not available	8	not pooled	study sample	colorectal cancer	tissue	not available	not available	not available	patient-8	healthy mucosal tissue	Fusion_180201_46-TMT128C	proteomic profiling by mass spectrometry	1	Fusion_180201_46.raw	v1.1.0	NT=ms-proteomics;VV=v1.1.0	NT=human;VV=v1.1.0	NT=clinical-metadata;VV=v1.0.0	NT=oncology-metadata;VV=v1.0.0	manual curation	NT=Data-dependent acquisition;AC=PRIDE:0000627	NT=Orbitrap Fusion;AC=MS:1002416	NT=Trypsin;AC=MS:1001251	TMT128C	1	NT=higher energy beam-type collision-induced dissociation;AC=MS:1000422	5 ppm	0.6 Da	NT=dithiothreitol (DTT);AC=PRIDE:0000608	NT=methyl methanethiosulfonate (MMTS);AC=PRIDE:0000605	NT=Methylthio;AC=UNIMOD:39;TA=C;MT=Fixed	NT=Oxidation;AC=UNIMOD:35;TA=M;MT=Variable	NT=TMT6plex;AC=UNIMOD:737;TA=K;MT=Fixed	NT=TMT6plex;AC=UNIMOD:737;PP=Any N-term;MT=Fixed	healthy mucosal tissue
CoM8	Homo sapiens	colon	not available	8	not pooled	study sample	colorectal cancer	tissue	not available	not available	not available	patient-8	healthy mucosal tissue	Fusion_180201_47-TMT128C	proteomic profiling by mass spectrometry	1	Fusion_180201_47.raw	v1.1.0	NT=ms-proteomics;VV=v1.1.0	NT=human;VV=v1.1.0	NT=clinical-metadata;VV=v1.0.0	NT=oncology-metadata;VV=v1.0.0	manual curation	NT=Data-dependent acquisition;AC=PRIDE:0000627	NT=Orbitrap Fusion;AC=MS:1002416	NT=Trypsin;AC=MS:1001251	TMT128C	2	NT=higher energy beam-type collision-induced dissociation;AC=MS:1000422	5 ppm	0.6 Da	NT=dithiothreitol (DTT);AC=PRIDE:0000608	NT=methyl methanethiosulfonate (MMTS);AC=PRIDE:0000605	NT=Methylthio;AC=UNIMOD:39;TA=C;MT=Fixed	NT=Oxidation;AC=UNIMOD:35;TA=M;MT=Variable	NT=TMT6plex;AC=UNIMOD:737;TA=K;MT=Fixed	NT=TMT6plex;AC=UNIMOD:737;PP=Any N-term;MT=Fixed	healthy mucosal tissue
CoM8	Homo sapiens	colon	not available	8	not pooled	study sample	colorectal cancer	tissue	not available	not available	not available	patient-8	healthy mucosal tissue	Fusion_180201_48-TMT128C	proteomic profiling by mass spectrometry	1	Fusion_180201_48.raw	v1.1.0	NT=ms-proteomics;VV=v1.1.0	NT=human;VV=v1.1.0	NT=clinical-metadata;VV=v1.0.0	NT=oncology-metadata;VV=v1.0.0	manual curation	NT=Data-dependent acquisition;AC=PRIDE:0000627	NT=Orbitrap Fusion;AC=MS:1002416	NT=Trypsin;AC=MS:1001251	TMT128C	3	NT=higher energy beam-type collision-induced dissociation;AC=MS:1000422	5 ppm	0.6 Da	NT=dithiothreitol (DTT);AC=PRIDE:0000608	NT=methyl methanethiosulfonate (MMTS);AC=PRIDE:0000605	NT=Methylthio;AC=UNIMOD:39;TA=C;MT=Fixed	NT=Oxidation;AC=UNIMOD:35;TA=M;MT=Variable	NT=TMT6plex;AC=UNIMOD:737;TA=K;MT=Fixed	NT=TMT6plex;AC=UNIMOD:737;PP=Any N-term;MT=Fixed	healthy mucosal tissue
CoM8	Homo sapiens	colon	not available	8	not pooled	study sample	colorectal cancer	tissue	not available	not available	not available	patient-8	healthy mucosal tissue	Fusion_180201_49-TMT128C	proteomic profiling by mass spectrometry	1	Fusion_180201_49.raw	v1.1.0	NT=ms-proteomics;VV=v1.1.0	NT=human;VV=v1.1.0	NT=clinical-metadata;VV=v1.0.0	NT=oncology-metadata;VV=v1.0.0	manual curation	NT=Data-dependent acquisition;AC=PRIDE:0000627	NT=Orbitrap Fusion;AC=MS:1002416	NT=Trypsin;AC=MS:1001251	TMT128C	4	NT=higher energy beam-type collision-induced dissociation;AC=MS:1000422	5 ppm	0.6 Da	NT=dithiothreitol (DTT);AC=PRIDE:0000608	NT=methyl methanethiosulfonate (MMTS);AC=PRIDE:0000605	NT=Methylthio;AC=UNIMOD:39;TA=C;MT=Fixed	NT=Oxidation;AC=UNIMOD:35;TA=M;MT=Variable	NT=TMT6plex;AC=UNIMOD:737;TA=K;MT=Fixed	NT=TMT6plex;AC=UNIMOD:737;PP=Any N-term;MT=Fixed	healthy mucosal tissue
CoM8	Homo sapiens	colon	not available	8	not pooled	study sample	colorectal cancer	tissue	not available	not available	not available	patient-8	healthy mucosal tissue	Fusion_180201_50-TMT128C	proteomic profiling by mass spectrometry	1	Fusion_180201_50.raw	v1.1.0	NT=ms-proteomics;VV=v1.1.0	NT=human;VV=v1.1.0	NT=clinical-metadata;VV=v1.0.0	NT=oncology-metadata;VV=v1.0.0	manual curation	NT=Data-dependent acquisition;AC=PRIDE:0000627	NT=Orbitrap Fusion;AC=MS:1002416	NT=Trypsin;AC=MS:1001251	TMT128C	5	NT=higher energy beam-type collision-induced dissociation;AC=MS:1000422	5 ppm	0.6 Da	NT=dithiothreitol (DTT);AC=PRIDE:0000608	NT=methyl methanethiosulfonate (MMTS);AC=PRIDE:0000605	NT=Methylthio;AC=UNIMOD:39;TA=C;MT=Fixed	NT=Oxidation;AC=UNIMOD:35;TA=M;MT=Variable	NT=TMT6plex;AC=UNIMOD:737;TA=K;MT=Fixed	NT=TMT6plex;AC=UNIMOD:737;PP=Any N-term;MT=Fixed	healthy mucosal tissue
CoM8	Homo sapiens	colon	not available	8	not pooled	study sample	colorectal cancer	tissue	not available	not available	not available	patient-8	healthy mucosal tissue	Fusion_180201_51-TMT128C	proteomic profiling by mass spectrometry	1	Fusion_180201_51.raw	v1.1.0	NT=ms-proteomics;VV=v1.1.0	NT=human;VV=v1.1.0	NT=clinical-metadata;VV=v1.0.0	NT=oncology-metadata;VV=v1.0.0	manual curation	NT=Data-dependent acquisition;AC=PRIDE:0000627	NT=Orbitrap Fusion;AC=MS:1002416	NT=Trypsin;AC=MS:1001251	TMT128C	6	NT=higher energy beam-type collision-induced dissociation;AC=MS:1000422	5 ppm	0.6 Da	NT=dithiothreitol (DTT);AC=PRIDE:0000608	NT=methyl methanethiosulfonate (MMTS);AC=PRIDE:0000605	NT=Methylthio;AC=UNIMOD:39;TA=C;MT=Fixed	NT=Oxidation;AC=UNIMOD:35;TA=M;MT=Variable	NT=TMT6plex;AC=UNIMOD:737;TA=K;MT=Fixed	NT=TMT6plex;AC=UNIMOD:737;PP=Any N-term;MT=Fixed	healthy mucosal tissue
CoM8	Homo sapiens	colon	not available	8	not pooled	study sample	colorectal cancer	tissue	not available	not available	not available	patient-8	healthy mucosal tissue	Fusion_180201_52-TMT128C	proteomic profiling by mass spectrometry	1	Fusion_180201_52.raw	v1.1.0	NT=ms-proteomics;VV=v1.1.0	NT=human;VV=v1.1.0	NT=clinical-metadata;VV=v1.0.0	NT=oncology-metadata;VV=v1.0.0	manual curation	NT=Data-dependent acquisition;AC=PRIDE:0000627	NT=Orbitrap Fusion;AC=MS:1002416	NT=Trypsin;AC=MS:1001251	TMT128C	7	NT=higher energy beam-type collision-induced dissociation;AC=MS:1000422	5 ppm	0.6 Da	NT=dithiothreitol (DTT);AC=PRIDE:0000608	NT=methyl methanethiosulfonate (MMTS);AC=PRIDE:0000605	NT=Methylthio;AC=UNIMOD:39;TA=C;MT=Fixed	NT=Oxidation;AC=UNIMOD:35;TA=M;MT=Variable	NT=TMT6plex;AC=UNIMOD:737;TA=K;MT=Fixed	NT=TMT6plex;AC=UNIMOD:737;PP=Any N-term;MT=Fixed	healthy mucosal tissue
CoM8	Homo sapiens	colon	not available	8	not pooled	study sample	colorectal cancer	tissue	not available	not available	not available	patient-8	healthy mucosal tissue	Fusion_180201_53-TMT128C	proteomic profiling by mass spectrometry	1	Fusion_180201_53.raw	v1.1.0	NT=ms-proteomics;VV=v1.1.0	NT=human;VV=v1.1.0	NT=clinical-metadata;VV=v1.0.0	NT=oncology-metadata;VV=v1.0.0	manual curation	NT=Data-dependent acquisition;AC=PRIDE:0000627	NT=Orbitrap Fusion;AC=MS:1002416	NT=Trypsin;AC=MS:1001251	TMT128C	8	NT=higher energy beam-type collision-induced dissociation;AC=MS:1000422	5 ppm	0.6 Da	NT=dithiothreitol (DTT);AC=PRIDE:0000608	NT=methyl methanethiosulfonate (MMTS);AC=PRIDE:0000605	NT=Methylthio;AC=UNIMOD:39;TA=C;MT=Fixed	NT=Oxidation;AC=UNIMOD:35;TA=M;MT=Variable	NT=TMT6plex;AC=UNIMOD:737;TA=K;MT=Fixed	NT=TMT6plex;AC=UNIMOD:737;PP=Any N-term;MT=Fixed	healthy mucosal tissue
CoM8	Homo sapiens	colon	not available	8	not pooled	study sample	colorectal cancer	tissue	not available	not available	not available	patient-8	healthy mucosal tissue	Fusion_180201_54-TMT128C	proteomic profiling by mass spectrometry	1	Fusion_180201_54.raw	v1.1.0	NT=ms-proteomics;VV=v1.1.0	NT=human;VV=v1.1.0	NT=clinical-metadata;VV=v1.0.0	NT=oncology-metadata;VV=v1.0.0	manual curation	NT=Data-dependent acquisition;AC=PRIDE:0000627	NT=Orbitrap Fusion;AC=MS:1002416	NT=Trypsin;AC=MS:1001251	TMT128C	9	NT=higher energy beam-type collision-induced dissociation;AC=MS:1000422	5 ppm	0.6 Da	NT=dithiothreitol (DTT);AC=PRIDE:0000608	NT=methyl methanethiosulfonate (MMTS);AC=PRIDE:0000605	NT=Methylthio;AC=UNIMOD:39;TA=C;MT=Fixed	NT=Oxidation;AC=UNIMOD:35;TA=M;MT=Variable	NT=TMT6plex;AC=UNIMOD:737;TA=K;MT=Fixed	NT=TMT6plex;AC=UNIMOD:737;PP=Any N-term;MT=Fixed	healthy mucosal tissue
CoM8	Homo sapiens	colon	not available	8	not pooled	study sample	colorectal cancer	tissue	not available	not available	not available	patient-8	healthy mucosal tissue	Fusion_180201_55-TMT128C	proteomic profiling by mass spectrometry	1	Fusion_180201_55.raw	v1.1.0	NT=ms-proteomics;VV=v1.1.0	NT=human;VV=v1.1.0	NT=clinical-metadata;VV=v1.0.0	NT=oncology-metadata;VV=v1.0.0	manual curation	NT=Data-dependent acquisition;AC=PRIDE:0000627	NT=Orbitrap Fusion;AC=MS:1002416	NT=Trypsin;AC=MS:1001251	TMT128C	10	NT=higher energy beam-type collision-induced dissociation;AC=MS:1000422	5 ppm	0.6 Da	NT=dithiothreitol (DTT);AC=PRIDE:0000608	NT=methyl methanethiosulfonate (MMTS);AC=PRIDE:0000605	NT=Methylthio;AC=UNIMOD:39;TA=C;MT=Fixed	NT=Oxidation;AC=UNIMOD:35;TA=M;MT=Variable	NT=TMT6plex;AC=UNIMOD:737;TA=K;MT=Fixed	NT=TMT6plex;AC=UNIMOD:737;PP=Any N-term;MT=Fixed	healthy mucosal tissue
CoM8	Homo sapiens	colon	not available	8	not pooled	study sample	colorectal cancer	tissue	not available	not available	not available	patient-8	healthy mucosal tissue	Fusion_180201_56-TMT128C	proteomic profiling by mass spectrometry	1	Fusion_180201_56.raw	v1.1.0	NT=ms-proteomics;VV=v1.1.0	NT=human;VV=v1.1.0	NT=clinical-metadata;VV=v1.0.0	NT=oncology-metadata;VV=v1.0.0	manual curation	NT=Data-dependent acquisition;AC=PRIDE:0000627	NT=Orbitrap Fusion;AC=MS:1002416	NT=Trypsin;AC=MS:1001251	TMT128C	11	NT=higher energy beam-type collision-induced dissociation;AC=MS:1000422	5 ppm	0.6 Da	NT=dithiothreitol (DTT);AC=PRIDE:0000608	NT=methyl methanethiosulfonate (MMTS);AC=PRIDE:0000605	NT=Methylthio;AC=UNIMOD:39;TA=C;MT=Fixed	NT=Oxidation;AC=UNIMOD:35;TA=M;MT=Variable	NT=TMT6plex;AC=UNIMOD:737;TA=K;MT=Fixed	NT=TMT6plex;AC=UNIMOD:737;PP=Any N-term;MT=Fixed	healthy mucosal tissue
CoM8	Homo sapiens	colon	not available	8	not pooled	study sample	colorectal cancer	tissue	not available	not available	not available	patient-8	healthy mucosal tissue	Fusion_180201_57-TMT128C	proteomic profiling by mass spectrometry	1	Fusion_180201_57.raw	v1.1.0	NT=ms-proteomics;VV=v1.1.0	NT=human;VV=v1.1.0	NT=clinical-metadata;VV=v1.0.0	NT=oncology-metadata;VV=v1.0.0	manual curation	NT=Data-dependent acquisition;AC=PRIDE:0000627	NT=Orbitrap Fusion;AC=MS:1002416	NT=Trypsin;AC=MS:1001251	TMT128C	12	NT=higher energy beam-type collision-induced dissociation;AC=MS:1000422	5 ppm	0.6 Da	NT=dithiothreitol (DTT);AC=PRIDE:0000608	NT=methyl methanethiosulfonate (MMTS);AC=PRIDE:0000605	NT=Methylthio;AC=UNIMOD:39;TA=C;MT=Fixed	NT=Oxidation;AC=UNIMOD:35;TA=M;MT=Variable	NT=TMT6plex;AC=UNIMOD:737;TA=K;MT=Fixed	NT=TMT6plex;AC=UNIMOD:737;PP=Any N-term;MT=Fixed	healthy mucosal tissue
CoM8	Homo sapiens	colon	not available	8	not pooled	study sample	colorectal cancer	tissue	not available	not available	not available	patient-8	healthy mucosal tissue	Fusion_180201_58-TMT128C	proteomic profiling by mass spectrometry	1	Fusion_180201_58.raw	v1.1.0	NT=ms-proteomics;VV=v1.1.0	NT=human;VV=v1.1.0	NT=clinical-metadata;VV=v1.0.0	NT=oncology-metadata;VV=v1.0.0	manual curation	NT=Data-dependent acquisition;AC=PRIDE:0000627	NT=Orbitrap Fusion;AC=MS:1002416	NT=Trypsin;AC=MS:1001251	TMT128C	13	NT=higher energy beam-type collision-induced dissociation;AC=MS:1000422	5 ppm	0.6 Da	NT=dithiothreitol (DTT);AC=PRIDE:0000608	NT=methyl methanethiosulfonate (MMTS);AC=PRIDE:0000605	NT=Methylthio;AC=UNIMOD:39;TA=C;MT=Fixed	NT=Oxidation;AC=UNIMOD:35;TA=M;MT=Variable	NT=TMT6plex;AC=UNIMOD:737;TA=K;MT=Fixed	NT=TMT6plex;AC=UNIMOD:737;PP=Any N-term;MT=Fixed	healthy mucosal tissue
CoM8	Homo sapiens	colon	not available	8	not pooled	study sample	colorectal cancer	tissue	not available	not available	not available	patient-8	healthy mucosal tissue	Fusion_180201_59-TMT128C	proteomic profiling by mass spectrometry	1	Fusion_180201_59.raw	v1.1.0	NT=ms-proteomics;VV=v1.1.0	NT=human;VV=v1.1.0	NT=clinical-metadata;VV=v1.0.0	NT=oncology-metadata;VV=v1.0.0	manual curation	NT=Data-dependent acquisition;AC=PRIDE:0000627	NT=Orbitrap Fusion;AC=MS:1002416	NT=Trypsin;AC=MS:1001251	TMT128C	14	NT=higher energy beam-type collision-induced dissociation;AC=MS:1000422	5 ppm	0.6 Da	NT=dithiothreitol (DTT);AC=PRIDE:0000608	NT=methyl methanethiosulfonate (MMTS);AC=PRIDE:0000605	NT=Methylthio;AC=UNIMOD:39;TA=C;MT=Fixed	NT=Oxidation;AC=UNIMOD:35;TA=M;MT=Variable	NT=TMT6plex;AC=UNIMOD:737;TA=K;MT=Fixed	NT=TMT6plex;AC=UNIMOD:737;PP=Any N-term;MT=Fixed	healthy mucosal tissue
CoM8	Homo sapiens	colon	not available	8	not pooled	study sample	colorectal cancer	tissue	not available	not available	not available	patient-8	healthy mucosal tissue	Fusion_180201_60-TMT128C	proteomic profiling by mass spectrometry	1	Fusion_180201_60.raw	v1.1.0	NT=ms-proteomics;VV=v1.1.0	NT=human;VV=v1.1.0	NT=clinical-metadata;VV=v1.0.0	NT=oncology-metadata;VV=v1.0.0	manual curation	NT=Data-dependent acquisition;AC=PRIDE:0000627	NT=Orbitrap Fusion;AC=MS:1002416	NT=Trypsin;AC=MS:1001251	TMT128C	15	NT=higher energy beam-type collision-induced dissociation;AC=MS:1000422	5 ppm	0.6 Da	NT=dithiothreitol (DTT);AC=PRIDE:0000608	NT=methyl methanethiosulfonate (MMTS);AC=PRIDE:0000605	NT=Methylthio;AC=UNIMOD:39;TA=C;MT=Fixed	NT=Oxidation;AC=UNIMOD:35;TA=M;MT=Variable	NT=TMT6plex;AC=UNIMOD:737;TA=K;MT=Fixed	NT=TMT6plex;AC=UNIMOD:737;PP=Any N-term;MT=Fixed	healthy mucosal tissue
CoM8	Homo sapiens	colon	not available	8	not pooled	study sample	colorectal cancer	tissue	not available	not available	not available	patient-8	healthy mucosal tissue	Fusion_180201_61-TMT128C	proteomic profiling by mass spectrometry	1	Fusion_180201_61.raw	v1.1.0	NT=ms-proteomics;VV=v1.1.0	NT=human;VV=v1.1.0	NT=clinical-metadata;VV=v1.0.0	NT=oncology-metadata;VV=v1.0.0	manual curation	NT=Data-dependent acquisition;AC=PRIDE:0000627	NT=Orbitrap Fusion;AC=MS:1002416	NT=Trypsin;AC=MS:1001251	TMT128C	16	NT=higher energy beam-type collision-induced dissociation;AC=MS:1000422	5 ppm	0.6 Da	NT=dithiothreitol (DTT);AC=PRIDE:0000608	NT=methyl methanethiosulfonate (MMTS);AC=PRIDE:0000605	NT=Methylthio;AC=UNIMOD:39;TA=C;MT=Fixed	NT=Oxidation;AC=UNIMOD:35;TA=M;MT=Variable	NT=TMT6plex;AC=UNIMOD:737;TA=K;MT=Fixed	NT=TMT6plex;AC=UNIMOD:737;PP=Any N-term;MT=Fixed	healthy mucosal tissue
CoM8	Homo sapiens	colon	not available	8	not pooled	study sample	colorectal cancer	tissue	not available	not available	not available	patient-8	healthy mucosal tissue	Fusion_180201_62-TMT128C	proteomic profiling by mass spectrometry	1	Fusion_180201_62.raw	v1.1.0	NT=ms-proteomics;VV=v1.1.0	NT=human;VV=v1.1.0	NT=clinical-metadata;VV=v1.0.0	NT=oncology-metadata;VV=v1.0.0	manual curation	NT=Data-dependent acquisition;AC=PRIDE:0000627	NT=Orbitrap Fusion;AC=MS:1002416	NT=Trypsin;AC=MS:1001251	TMT128C	17	NT=higher energy beam-type collision-induced dissociation;AC=MS:1000422	5 ppm	0.6 Da	NT=dithiothreitol (DTT);AC=PRIDE:0000608	NT=methyl methanethiosulfonate (MMTS);AC=PRIDE:0000605	NT=Methylthio;AC=UNIMOD:39;TA=C;MT=Fixed	NT=Oxidation;AC=UNIMOD:35;TA=M;MT=Variable	NT=TMT6plex;AC=UNIMOD:737;TA=K;MT=Fixed	NT=TMT6plex;AC=UNIMOD:737;PP=Any N-term;MT=Fixed	healthy mucosal tissue
CoM8	Homo sapiens	colon	not available	8	not pooled	study sample	colorectal cancer	tissue	not available	not available	not available	patient-8	healthy mucosal tissue	Fusion_180201_63-TMT128C	proteomic profiling by mass spectrometry	1	Fusion_180201_63.raw	v1.1.0	NT=ms-proteomics;VV=v1.1.0	NT=human;VV=v1.1.0	NT=clinical-metadata;VV=v1.0.0	NT=oncology-metadata;VV=v1.0.0	manual curation	NT=Data-dependent acquisition;AC=PRIDE:0000627	NT=Orbitrap Fusion;AC=MS:1002416	NT=Trypsin;AC=MS:1001251	TMT128C	18	NT=higher energy beam-type collision-induced dissociation;AC=MS:1000422	5 ppm	0.6 Da	NT=dithiothreitol (DTT);AC=PRIDE:0000608	NT=methyl methanethiosulfonate (MMTS);AC=PRIDE:0000605	NT=Methylthio;AC=UNIMOD:39;TA=C;MT=Fixed	NT=Oxidation;AC=UNIMOD:35;TA=M;MT=Variable	NT=TMT6plex;AC=UNIMOD:737;TA=K;MT=Fixed	NT=TMT6plex;AC=UNIMOD:737;PP=Any N-term;MT=Fixed	healthy mucosal tissue
CoM8	Homo sapiens	colon	not available	8	not pooled	study sample	colorectal cancer	tissue	not available	not available	not available	patient-8	healthy mucosal tissue	Fusion_180201_64-TMT128C	proteomic profiling by mass spectrometry	1	Fusion_180201_64.raw	v1.1.0	NT=ms-proteomics;VV=v1.1.0	NT=human;VV=v1.1.0	NT=clinical-metadata;VV=v1.0.0	NT=oncology-metadata;VV=v1.0.0	manual curation	NT=Data-dependent acquisition;AC=PRIDE:0000627	NT=Orbitrap Fusion;AC=MS:1002416	NT=Trypsin;AC=MS:1001251	TMT128C	19	NT=higher energy beam-type collision-induced dissociation;AC=MS:1000422	5 ppm	0.6 Da	NT=dithiothreitol (DTT);AC=PRIDE:0000608	NT=methyl methanethiosulfonate (MMTS);AC=PRIDE:0000605	NT=Methylthio;AC=UNIMOD:39;TA=C;MT=Fixed	NT=Oxidation;AC=UNIMOD:35;TA=M;MT=Variable	NT=TMT6plex;AC=UNIMOD:737;TA=K;MT=Fixed	NT=TMT6plex;AC=UNIMOD:737;PP=Any N-term;MT=Fixed	healthy mucosal tissue
CoM8	Homo sapiens	colon	not available	8	not pooled	study sample	colorectal cancer	tissue	not available	not available	not available	patient-8	healthy mucosal tissue	Fusion_180201_65-TMT128C	proteomic profiling by mass spectrometry	1	Fusion_180201_65.raw	v1.1.0	NT=ms-proteomics;VV=v1.1.0	NT=human;VV=v1.1.0	NT=clinical-metadata;VV=v1.0.0	NT=oncology-metadata;VV=v1.0.0	manual curation	NT=Data-dependent acquisition;AC=PRIDE:0000627	NT=Orbitrap Fusion;AC=MS:1002416	NT=Trypsin;AC=MS:1001251	TMT128C	20	NT=higher energy beam-type collision-induced dissociation;AC=MS:1000422	5 ppm	0.6 Da	NT=dithiothreitol (DTT);AC=PRIDE:0000608	NT=methyl methanethiosulfonate (MMTS);AC=PRIDE:0000605	NT=Methylthio;AC=UNIMOD:39;TA=C;MT=Fixed	NT=Oxidation;AC=UNIMOD:35;TA=M;MT=Variable	NT=TMT6plex;AC=UNIMOD:737;TA=K;MT=Fixed	NT=TMT6plex;AC=UNIMOD:737;PP=Any N-term;MT=Fixed	healthy mucosal tissue
CoT8	Homo sapiens	colon	not available	8	not pooled	study sample	colorectal cancer	tissue	not available	not available	not available	patient-8	tumor tissue	Fusion_180201_46-TMT129N	proteomic profiling by mass spectrometry	1	Fusion_180201_46.raw	v1.1.0	NT=ms-proteomics;VV=v1.1.0	NT=human;VV=v1.1.0	NT=clinical-metadata;VV=v1.0.0	NT=oncology-metadata;VV=v1.0.0	manual curation	NT=Data-dependent acquisition;AC=PRIDE:0000627	NT=Orbitrap Fusion;AC=MS:1002416	NT=Trypsin;AC=MS:1001251	TMT129N	1	NT=higher energy beam-type collision-induced dissociation;AC=MS:1000422	5 ppm	0.6 Da	NT=dithiothreitol (DTT);AC=PRIDE:0000608	NT=methyl methanethiosulfonate (MMTS);AC=PRIDE:0000605	NT=Methylthio;AC=UNIMOD:39;TA=C;MT=Fixed	NT=Oxidation;AC=UNIMOD:35;TA=M;MT=Variable	NT=TMT6plex;AC=UNIMOD:737;TA=K;MT=Fixed	NT=TMT6plex;AC=UNIMOD:737;PP=Any N-term;MT=Fixed	tumor tissue
CoT8	Homo sapiens	colon	not available	8	not pooled	study sample	colorectal cancer	tissue	not available	not available	not available	patient-8	tumor tissue	Fusion_180201_47-TMT129N	proteomic profiling by mass spectrometry	1	Fusion_180201_47.raw	v1.1.0	NT=ms-proteomics;VV=v1.1.0	NT=human;VV=v1.1.0	NT=clinical-metadata;VV=v1.0.0	NT=oncology-metadata;VV=v1.0.0	manual curation	NT=Data-dependent acquisition;AC=PRIDE:0000627	NT=Orbitrap Fusion;AC=MS:1002416	NT=Trypsin;AC=MS:1001251	TMT129N	2	NT=higher energy beam-type collision-induced dissociation;AC=MS:1000422	5 ppm	0.6 Da	NT=dithiothreitol (DTT);AC=PRIDE:0000608	NT=methyl methanethiosulfonate (MMTS);AC=PRIDE:0000605	NT=Methylthio;AC=UNIMOD:39;TA=C;MT=Fixed	NT=Oxidation;AC=UNIMOD:35;TA=M;MT=Variable	NT=TMT6plex;AC=UNIMOD:737;TA=K;MT=Fixed	NT=TMT6plex;AC=UNIMOD:737;PP=Any N-term;MT=Fixed	tumor tissue
CoT8	Homo sapiens	colon	not available	8	not pooled	study sample	colorectal cancer	tissue	not available	not available	not available	patient-8	tumor tissue	Fusion_180201_48-TMT129N	proteomic profiling by mass spectrometry	1	Fusion_180201_48.raw	v1.1.0	NT=ms-proteomics;VV=v1.1.0	NT=human;VV=v1.1.0	NT=clinical-metadata;VV=v1.0.0	NT=oncology-metadata;VV=v1.0.0	manual curation	NT=Data-dependent acquisition;AC=PRIDE:0000627	NT=Orbitrap Fusion;AC=MS:1002416	NT=Trypsin;AC=MS:1001251	TMT129N	3	NT=higher energy beam-type collision-induced dissociation;AC=MS:1000422	5 ppm	0.6 Da	NT=dithiothreitol (DTT);AC=PRIDE:0000608	NT=methyl methanethiosulfonate (MMTS);AC=PRIDE:0000605	NT=Methylthio;AC=UNIMOD:39;TA=C;MT=Fixed	NT=Oxidation;AC=UNIMOD:35;TA=M;MT=Variable	NT=TMT6plex;AC=UNIMOD:737;TA=K;MT=Fixed	NT=TMT6plex;AC=UNIMOD:737;PP=Any N-term;MT=Fixed	tumor tissue
CoT8	Homo sapiens	colon	not available	8	not pooled	study sample	colorectal cancer	tissue	not available	not available	not available	patient-8	tumor tissue	Fusion_180201_49-TMT129N	proteomic profiling by mass spectrometry	1	Fusion_180201_49.raw	v1.1.0	NT=ms-proteomics;VV=v1.1.0	NT=human;VV=v1.1.0	NT=clinical-metadata;VV=v1.0.0	NT=oncology-metadata;VV=v1.0.0	manual curation	NT=Data-dependent acquisition;AC=PRIDE:0000627	NT=Orbitrap Fusion;AC=MS:1002416	NT=Trypsin;AC=MS:1001251	TMT129N	4	NT=higher energy beam-type collision-induced dissociation;AC=MS:1000422	5 ppm	0.6 Da	NT=dithiothreitol (DTT);AC=PRIDE:0000608	NT=methyl methanethiosulfonate (MMTS);AC=PRIDE:0000605	NT=Methylthio;AC=UNIMOD:39;TA=C;MT=Fixed	NT=Oxidation;AC=UNIMOD:35;TA=M;MT=Variable	NT=TMT6plex;AC=UNIMOD:737;TA=K;MT=Fixed	NT=TMT6plex;AC=UNIMOD:737;PP=Any N-term;MT=Fixed	tumor tissue
CoT8	Homo sapiens	colon	not available	8	not pooled	study sample	colorectal cancer	tissue	not available	not available	not available	patient-8	tumor tissue	Fusion_180201_50-TMT129N	proteomic profiling by mass spectrometry	1	Fusion_180201_50.raw	v1.1.0	NT=ms-proteomics;VV=v1.1.0	NT=human;VV=v1.1.0	NT=clinical-metadata;VV=v1.0.0	NT=oncology-metadata;VV=v1.0.0	manual curation	NT=Data-dependent acquisition;AC=PRIDE:0000627	NT=Orbitrap Fusion;AC=MS:1002416	NT=Trypsin;AC=MS:1001251	TMT129N	5	NT=higher energy beam-type collision-induced dissociation;AC=MS:1000422	5 ppm	0.6 Da	NT=dithiothreitol (DTT);AC=PRIDE:0000608	NT=methyl methanethiosulfonate (MMTS);AC=PRIDE:0000605	NT=Methylthio;AC=UNIMOD:39;TA=C;MT=Fixed	NT=Oxidation;AC=UNIMOD:35;TA=M;MT=Variable	NT=TMT6plex;AC=UNIMOD:737;TA=K;MT=Fixed	NT=TMT6plex;AC=UNIMOD:737;PP=Any N-term;MT=Fixed	tumor tissue
CoT8	Homo sapiens	colon	not available	8	not pooled	study sample	colorectal cancer	tissue	not available	not available	not available	patient-8	tumor tissue	Fusion_180201_51-TMT129N	proteomic profiling by mass spectrometry	1	Fusion_180201_51.raw	v1.1.0	NT=ms-proteomics;VV=v1.1.0	NT=human;VV=v1.1.0	NT=clinical-metadata;VV=v1.0.0	NT=oncology-metadata;VV=v1.0.0	manual curation	NT=Data-dependent acquisition;AC=PRIDE:0000627	NT=Orbitrap Fusion;AC=MS:1002416	NT=Trypsin;AC=MS:1001251	TMT129N	6	NT=higher energy beam-type collision-induced dissociation;AC=MS:1000422	5 ppm	0.6 Da	NT=dithiothreitol (DTT);AC=PRIDE:0000608	NT=methyl methanethiosulfonate (MMTS);AC=PRIDE:0000605	NT=Methylthio;AC=UNIMOD:39;TA=C;MT=Fixed	NT=Oxidation;AC=UNIMOD:35;TA=M;MT=Variable	NT=TMT6plex;AC=UNIMOD:737;TA=K;MT=Fixed	NT=TMT6plex;AC=UNIMOD:737;PP=Any N-term;MT=Fixed	tumor tissue
CoT8	Homo sapiens	colon	not available	8	not pooled	study sample	colorectal cancer	tissue	not available	not available	not available	patient-8	tumor tissue	Fusion_180201_52-TMT129N	proteomic profiling by mass spectrometry	1	Fusion_180201_52.raw	v1.1.0	NT=ms-proteomics;VV=v1.1.0	NT=human;VV=v1.1.0	NT=clinical-metadata;VV=v1.0.0	NT=oncology-metadata;VV=v1.0.0	manual curation	NT=Data-dependent acquisition;AC=PRIDE:0000627	NT=Orbitrap Fusion;AC=MS:1002416	NT=Trypsin;AC=MS:1001251	TMT129N	7	NT=higher energy beam-type collision-induced dissociation;AC=MS:1000422	5 ppm	0.6 Da	NT=dithiothreitol (DTT);AC=PRIDE:0000608	NT=methyl methanethiosulfonate (MMTS);AC=PRIDE:0000605	NT=Methylthio;AC=UNIMOD:39;TA=C;MT=Fixed	NT=Oxidation;AC=UNIMOD:35;TA=M;MT=Variable	NT=TMT6plex;AC=UNIMOD:737;TA=K;MT=Fixed	NT=TMT6plex;AC=UNIMOD:737;PP=Any N-term;MT=Fixed	tumor tissue
CoT8	Homo sapiens	colon	not available	8	not pooled	study sample	colorectal cancer	tissue	not available	not available	not available	patient-8	tumor tissue	Fusion_180201_53-TMT129N	proteomic profiling by mass spectrometry	1	Fusion_180201_53.raw	v1.1.0	NT=ms-proteomics;VV=v1.1.0	NT=human;VV=v1.1.0	NT=clinical-metadata;VV=v1.0.0	NT=oncology-metadata;VV=v1.0.0	manual curation	NT=Data-dependent acquisition;AC=PRIDE:0000627	NT=Orbitrap Fusion;AC=MS:1002416	NT=Trypsin;AC=MS:1001251	TMT129N	8	NT=higher energy beam-type collision-induced dissociation;AC=MS:1000422	5 ppm	0.6 Da	NT=dithiothreitol (DTT);AC=PRIDE:0000608	NT=methyl methanethiosulfonate (MMTS);AC=PRIDE:0000605	NT=Methylthio;AC=UNIMOD:39;TA=C;MT=Fixed	NT=Oxidation;AC=UNIMOD:35;TA=M;MT=Variable	NT=TMT6plex;AC=UNIMOD:737;TA=K;MT=Fixed	NT=TMT6plex;AC=UNIMOD:737;PP=Any N-term;MT=Fixed	tumor tissue
CoT8	Homo sapiens	colon	not available	8	not pooled	study sample	colorectal cancer	tissue	not available	not available	not available	patient-8	tumor tissue	Fusion_180201_54-TMT129N	proteomic profiling by mass spectrometry	1	Fusion_180201_54.raw	v1.1.0	NT=ms-proteomics;VV=v1.1.0	NT=human;VV=v1.1.0	NT=clinical-metadata;VV=v1.0.0	NT=oncology-metadata;VV=v1.0.0	manual curation	NT=Data-dependent acquisition;AC=PRIDE:0000627	NT=Orbitrap Fusion;AC=MS:1002416	NT=Trypsin;AC=MS:1001251	TMT129N	9	NT=higher energy beam-type collision-induced dissociation;AC=MS:1000422	5 ppm	0.6 Da	NT=dithiothreitol (DTT);AC=PRIDE:0000608	NT=methyl methanethiosulfonate (MMTS);AC=PRIDE:0000605	NT=Methylthio;AC=UNIMOD:39;TA=C;MT=Fixed	NT=Oxidation;AC=UNIMOD:35;TA=M;MT=Variable	NT=TMT6plex;AC=UNIMOD:737;TA=K;MT=Fixed	NT=TMT6plex;AC=UNIMOD:737;PP=Any N-term;MT=Fixed	tumor tissue
CoT8	Homo sapiens	colon	not available	8	not pooled	study sample	colorectal cancer	tissue	not available	not available	not available	patient-8	tumor tissue	Fusion_180201_55-TMT129N	proteomic profiling by mass spectrometry	1	Fusion_180201_55.raw	v1.1.0	NT=ms-proteomics;VV=v1.1.0	NT=human;VV=v1.1.0	NT=clinical-metadata;VV=v1.0.0	NT=oncology-metadata;VV=v1.0.0	manual curation	NT=Data-dependent acquisition;AC=PRIDE:0000627	NT=Orbitrap Fusion;AC=MS:1002416	NT=Trypsin;AC=MS:1001251	TMT129N	10	NT=higher energy beam-type collision-induced dissociation;AC=MS:1000422	5 ppm	0.6 Da	NT=dithiothreitol (DTT);AC=PRIDE:0000608	NT=methyl methanethiosulfonate (MMTS);AC=PRIDE:0000605	NT=Methylthio;AC=UNIMOD:39;TA=C;MT=Fixed	NT=Oxidation;AC=UNIMOD:35;TA=M;MT=Variable	NT=TMT6plex;AC=UNIMOD:737;TA=K;MT=Fixed	NT=TMT6plex;AC=UNIMOD:737;PP=Any N-term;MT=Fixed	tumor tissue
CoT8	Homo sapiens	colon	not available	8	not pooled	study sample	colorectal cancer	tissue	not available	not available	not available	patient-8	tumor tissue	Fusion_180201_56-TMT129N	proteomic profiling by mass spectrometry	1	Fusion_180201_56.raw	v1.1.0	NT=ms-proteomics;VV=v1.1.0	NT=human;VV=v1.1.0	NT=clinical-metadata;VV=v1.0.0	NT=oncology-metadata;VV=v1.0.0	manual curation	NT=Data-dependent acquisition;AC=PRIDE:0000627	NT=Orbitrap Fusion;AC=MS:1002416	NT=Trypsin;AC=MS:1001251	TMT129N	11	NT=higher energy beam-type collision-induced dissociation;AC=MS:1000422	5 ppm	0.6 Da	NT=dithiothreitol (DTT);AC=PRIDE:0000608	NT=methyl methanethiosulfonate (MMTS);AC=PRIDE:0000605	NT=Methylthio;AC=UNIMOD:39;TA=C;MT=Fixed	NT=Oxidation;AC=UNIMOD:35;TA=M;MT=Variable	NT=TMT6plex;AC=UNIMOD:737;TA=K;MT=Fixed	NT=TMT6plex;AC=UNIMOD:737;PP=Any N-term;MT=Fixed	tumor tissue
CoT8	Homo sapiens	colon	not available	8	not pooled	study sample	colorectal cancer	tissue	not available	not available	not available	patient-8	tumor tissue	Fusion_180201_57-TMT129N	proteomic profiling by mass spectrometry	1	Fusion_180201_57.raw	v1.1.0	NT=ms-proteomics;VV=v1.1.0	NT=human;VV=v1.1.0	NT=clinical-metadata;VV=v1.0.0	NT=oncology-metadata;VV=v1.0.0	manual curation	NT=Data-dependent acquisition;AC=PRIDE:0000627	NT=Orbitrap Fusion;AC=MS:1002416	NT=Trypsin;AC=MS:1001251	TMT129N	12	NT=higher energy beam-type collision-induced dissociation;AC=MS:1000422	5 ppm	0.6 Da	NT=dithiothreitol (DTT);AC=PRIDE:0000608	NT=methyl methanethiosulfonate (MMTS);AC=PRIDE:0000605	NT=Methylthio;AC=UNIMOD:39;TA=C;MT=Fixed	NT=Oxidation;AC=UNIMOD:35;TA=M;MT=Variable	NT=TMT6plex;AC=UNIMOD:737;TA=K;MT=Fixed	NT=TMT6plex;AC=UNIMOD:737;PP=Any N-term;MT=Fixed	tumor tissue
CoT8	Homo sapiens	colon	not available	8	not pooled	study sample	colorectal cancer	tissue	not available	not available	not available	patient-8	tumor tissue	Fusion_180201_58-TMT129N	proteomic profiling by mass spectrometry	1	Fusion_180201_58.raw	v1.1.0	NT=ms-proteomics;VV=v1.1.0	NT=human;VV=v1.1.0	NT=clinical-metadata;VV=v1.0.0	NT=oncology-metadata;VV=v1.0.0	manual curation	NT=Data-dependent acquisition;AC=PRIDE:0000627	NT=Orbitrap Fusion;AC=MS:1002416	NT=Trypsin;AC=MS:1001251	TMT129N	13	NT=higher energy beam-type collision-induced dissociation;AC=MS:1000422	5 ppm	0.6 Da	NT=dithiothreitol (DTT);AC=PRIDE:0000608	NT=methyl methanethiosulfonate (MMTS);AC=PRIDE:0000605	NT=Methylthio;AC=UNIMOD:39;TA=C;MT=Fixed	NT=Oxidation;AC=UNIMOD:35;TA=M;MT=Variable	NT=TMT6plex;AC=UNIMOD:737;TA=K;MT=Fixed	NT=TMT6plex;AC=UNIMOD:737;PP=Any N-term;MT=Fixed	tumor tissue
CoT8	Homo sapiens	colon	not available	8	not pooled	study sample	colorectal cancer	tissue	not available	not available	not available	patient-8	tumor tissue	Fusion_180201_59-TMT129N	proteomic profiling by mass spectrometry	1	Fusion_180201_59.raw	v1.1.0	NT=ms-proteomics;VV=v1.1.0	NT=human;VV=v1.1.0	NT=clinical-metadata;VV=v1.0.0	NT=oncology-metadata;VV=v1.0.0	manual curation	NT=Data-dependent acquisition;AC=PRIDE:0000627	NT=Orbitrap Fusion;AC=MS:1002416	NT=Trypsin;AC=MS:1001251	TMT129N	14	NT=higher energy beam-type collision-induced dissociation;AC=MS:1000422	5 ppm	0.6 Da	NT=dithiothreitol (DTT);AC=PRIDE:0000608	NT=methyl methanethiosulfonate (MMTS);AC=PRIDE:0000605	NT=Methylthio;AC=UNIMOD:39;TA=C;MT=Fixed	NT=Oxidation;AC=UNIMOD:35;TA=M;MT=Variable	NT=TMT6plex;AC=UNIMOD:737;TA=K;MT=Fixed	NT=TMT6plex;AC=UNIMOD:737;PP=Any N-term;MT=Fixed	tumor tissue
CoT8	Homo sapiens	colon	not available	8	not pooled	study sample	colorectal cancer	tissue	not available	not available	not available	patient-8	tumor tissue	Fusion_180201_60-TMT129N	proteomic profiling by mass spectrometry	1	Fusion_180201_60.raw	v1.1.0	NT=ms-proteomics;VV=v1.1.0	NT=human;VV=v1.1.0	NT=clinical-metadata;VV=v1.0.0	NT=oncology-metadata;VV=v1.0.0	manual curation	NT=Data-dependent acquisition;AC=PRIDE:0000627	NT=Orbitrap Fusion;AC=MS:1002416	NT=Trypsin;AC=MS:1001251	TMT129N	15	NT=higher energy beam-type collision-induced dissociation;AC=MS:1000422	5 ppm	0.6 Da	NT=dithiothreitol (DTT);AC=PRIDE:0000608	NT=methyl methanethiosulfonate (MMTS);AC=PRIDE:0000605	NT=Methylthio;AC=UNIMOD:39;TA=C;MT=Fixed	NT=Oxidation;AC=UNIMOD:35;TA=M;MT=Variable	NT=TMT6plex;AC=UNIMOD:737;TA=K;MT=Fixed	NT=TMT6plex;AC=UNIMOD:737;PP=Any N-term;MT=Fixed	tumor tissue
CoT8	Homo sapiens	colon	not available	8	not pooled	study sample	colorectal cancer	tissue	not available	not available	not available	patient-8	tumor tissue	Fusion_180201_61-TMT129N	proteomic profiling by mass spectrometry	1	Fusion_180201_61.raw	v1.1.0	NT=ms-proteomics;VV=v1.1.0	NT=human;VV=v1.1.0	NT=clinical-metadata;VV=v1.0.0	NT=oncology-metadata;VV=v1.0.0	manual curation	NT=Data-dependent acquisition;AC=PRIDE:0000627	NT=Orbitrap Fusion;AC=MS:1002416	NT=Trypsin;AC=MS:1001251	TMT129N	16	NT=higher energy beam-type collision-induced dissociation;AC=MS:1000422	5 ppm	0.6 Da	NT=dithiothreitol (DTT);AC=PRIDE:0000608	NT=methyl methanethiosulfonate (MMTS);AC=PRIDE:0000605	NT=Methylthio;AC=UNIMOD:39;TA=C;MT=Fixed	NT=Oxidation;AC=UNIMOD:35;TA=M;MT=Variable	NT=TMT6plex;AC=UNIMOD:737;TA=K;MT=Fixed	NT=TMT6plex;AC=UNIMOD:737;PP=Any N-term;MT=Fixed	tumor tissue
CoT8	Homo sapiens	colon	not available	8	not pooled	study sample	colorectal cancer	tissue	not available	not available	not available	patient-8	tumor tissue	Fusion_180201_62-TMT129N	proteomic profiling by mass spectrometry	1	Fusion_180201_62.raw	v1.1.0	NT=ms-proteomics;VV=v1.1.0	NT=human;VV=v1.1.0	NT=clinical-metadata;VV=v1.0.0	NT=oncology-metadata;VV=v1.0.0	manual curation	NT=Data-dependent acquisition;AC=PRIDE:0000627	NT=Orbitrap Fusion;AC=MS:1002416	NT=Trypsin;AC=MS:1001251	TMT129N	17	NT=higher energy beam-type collision-induced dissociation;AC=MS:1000422	5 ppm	0.6 Da	NT=dithiothreitol (DTT);AC=PRIDE:0000608	NT=methyl methanethiosulfonate (MMTS);AC=PRIDE:0000605	NT=Methylthio;AC=UNIMOD:39;TA=C;MT=Fixed	NT=Oxidation;AC=UNIMOD:35;TA=M;MT=Variable	NT=TMT6plex;AC=UNIMOD:737;TA=K;MT=Fixed	NT=TMT6plex;AC=UNIMOD:737;PP=Any N-term;MT=Fixed	tumor tissue
CoT8	Homo sapiens	colon	not available	8	not pooled	study sample	colorectal cancer	tissue	not available	not available	not available	patient-8	tumor tissue	Fusion_180201_63-TMT129N	proteomic profiling by mass spectrometry	1	Fusion_180201_63.raw	v1.1.0	NT=ms-proteomics;VV=v1.1.0	NT=human;VV=v1.1.0	NT=clinical-metadata;VV=v1.0.0	NT=oncology-metadata;VV=v1.0.0	manual curation	NT=Data-dependent acquisition;AC=PRIDE:0000627	NT=Orbitrap Fusion;AC=MS:1002416	NT=Trypsin;AC=MS:1001251	TMT129N	18	NT=higher energy beam-type collision-induced dissociation;AC=MS:1000422	5 ppm	0.6 Da	NT=dithiothreitol (DTT);AC=PRIDE:0000608	NT=methyl methanethiosulfonate (MMTS);AC=PRIDE:0000605	NT=Methylthio;AC=UNIMOD:39;TA=C;MT=Fixed	NT=Oxidation;AC=UNIMOD:35;TA=M;MT=Variable	NT=TMT6plex;AC=UNIMOD:737;TA=K;MT=Fixed	NT=TMT6plex;AC=UNIMOD:737;PP=Any N-term;MT=Fixed	tumor tissue
CoT8	Homo sapiens	colon	not available	8	not pooled	study sample	colorectal cancer	tissue	not available	not available	not available	patient-8	tumor tissue	Fusion_180201_64-TMT129N	proteomic profiling by mass spectrometry	1	Fusion_180201_64.raw	v1.1.0	NT=ms-proteomics;VV=v1.1.0	NT=human;VV=v1.1.0	NT=clinical-metadata;VV=v1.0.0	NT=oncology-metadata;VV=v1.0.0	manual curation	NT=Data-dependent acquisition;AC=PRIDE:0000627	NT=Orbitrap Fusion;AC=MS:1002416	NT=Trypsin;AC=MS:1001251	TMT129N	19	NT=higher energy beam-type collision-induced dissociation;AC=MS:1000422	5 ppm	0.6 Da	NT=dithiothreitol (DTT);AC=PRIDE:0000608	NT=methyl methanethiosulfonate (MMTS);AC=PRIDE:0000605	NT=Methylthio;AC=UNIMOD:39;TA=C;MT=Fixed	NT=Oxidation;AC=UNIMOD:35;TA=M;MT=Variable	NT=TMT6plex;AC=UNIMOD:737;TA=K;MT=Fixed	NT=TMT6plex;AC=UNIMOD:737;PP=Any N-term;MT=Fixed	tumor tissue
CoT8	Homo sapiens	colon	not available	8	not pooled	study sample	colorectal cancer	tissue	not available	not available	not available	patient-8	tumor tissue	Fusion_180201_65-TMT129N	proteomic profiling by mass spectrometry	1	Fusion_180201_65.raw	v1.1.0	NT=ms-proteomics;VV=v1.1.0	NT=human;VV=v1.1.0	NT=clinical-metadata;VV=v1.0.0	NT=oncology-metadata;VV=v1.0.0	manual curation	NT=Data-dependent acquisition;AC=PRIDE:0000627	NT=Orbitrap Fusion;AC=MS:1002416	NT=Trypsin;AC=MS:1001251	TMT129N	20	NT=higher energy beam-type collision-induced dissociation;AC=MS:1000422	5 ppm	0.6 Da	NT=dithiothreitol (DTT);AC=PRIDE:0000608	NT=methyl methanethiosulfonate (MMTS);AC=PRIDE:0000605	NT=Methylthio;AC=UNIMOD:39;TA=C;MT=Fixed	NT=Oxidation;AC=UNIMOD:35;TA=M;MT=Variable	NT=TMT6plex;AC=UNIMOD:737;TA=K;MT=Fixed	NT=TMT6plex;AC=UNIMOD:737;PP=Any N-term;MT=Fixed	tumor tissue
CoM9	Homo sapiens	colon	not available	9	not pooled	study sample	colorectal cancer	tissue	not available	not available	not available	patient-9	healthy mucosal tissue	Fusion_180201_46-TMT129C	proteomic profiling by mass spectrometry	1	Fusion_180201_46.raw	v1.1.0	NT=ms-proteomics;VV=v1.1.0	NT=human;VV=v1.1.0	NT=clinical-metadata;VV=v1.0.0	NT=oncology-metadata;VV=v1.0.0	manual curation	NT=Data-dependent acquisition;AC=PRIDE:0000627	NT=Orbitrap Fusion;AC=MS:1002416	NT=Trypsin;AC=MS:1001251	TMT129C	1	NT=higher energy beam-type collision-induced dissociation;AC=MS:1000422	5 ppm	0.6 Da	NT=dithiothreitol (DTT);AC=PRIDE:0000608	NT=methyl methanethiosulfonate (MMTS);AC=PRIDE:0000605	NT=Methylthio;AC=UNIMOD:39;TA=C;MT=Fixed	NT=Oxidation;AC=UNIMOD:35;TA=M;MT=Variable	NT=TMT6plex;AC=UNIMOD:737;TA=K;MT=Fixed	NT=TMT6plex;AC=UNIMOD:737;PP=Any N-term;MT=Fixed	healthy mucosal tissue
CoM9	Homo sapiens	colon	not available	9	not pooled	study sample	colorectal cancer	tissue	not available	not available	not available	patient-9	healthy mucosal tissue	Fusion_180201_47-TMT129C	proteomic profiling by mass spectrometry	1	Fusion_180201_47.raw	v1.1.0	NT=ms-proteomics;VV=v1.1.0	NT=human;VV=v1.1.0	NT=clinical-metadata;VV=v1.0.0	NT=oncology-metadata;VV=v1.0.0	manual curation	NT=Data-dependent acquisition;AC=PRIDE:0000627	NT=Orbitrap Fusion;AC=MS:1002416	NT=Trypsin;AC=MS:1001251	TMT129C	2	NT=higher energy beam-type collision-induced dissociation;AC=MS:1000422	5 ppm	0.6 Da	NT=dithiothreitol (DTT);AC=PRIDE:0000608	NT=methyl methanethiosulfonate (MMTS);AC=PRIDE:0000605	NT=Methylthio;AC=UNIMOD:39;TA=C;MT=Fixed	NT=Oxidation;AC=UNIMOD:35;TA=M;MT=Variable	NT=TMT6plex;AC=UNIMOD:737;TA=K;MT=Fixed	NT=TMT6plex;AC=UNIMOD:737;PP=Any N-term;MT=Fixed	healthy mucosal tissue
CoM9	Homo sapiens	colon	not available	9	not pooled	study sample	colorectal cancer	tissue	not available	not available	not available	patient-9	healthy mucosal tissue	Fusion_180201_48-TMT129C	proteomic profiling by mass spectrometry	1	Fusion_180201_48.raw	v1.1.0	NT=ms-proteomics;VV=v1.1.0	NT=human;VV=v1.1.0	NT=clinical-metadata;VV=v1.0.0	NT=oncology-metadata;VV=v1.0.0	manual curation	NT=Data-dependent acquisition;AC=PRIDE:0000627	NT=Orbitrap Fusion;AC=MS:1002416	NT=Trypsin;AC=MS:1001251	TMT129C	3	NT=higher energy beam-type collision-induced dissociation;AC=MS:1000422	5 ppm	0.6 Da	NT=dithiothreitol (DTT);AC=PRIDE:0000608	NT=methyl methanethiosulfonate (MMTS);AC=PRIDE:0000605	NT=Methylthio;AC=UNIMOD:39;TA=C;MT=Fixed	NT=Oxidation;AC=UNIMOD:35;TA=M;MT=Variable	NT=TMT6plex;AC=UNIMOD:737;TA=K;MT=Fixed	NT=TMT6plex;AC=UNIMOD:737;PP=Any N-term;MT=Fixed	healthy mucosal tissue
CoM9	Homo sapiens	colon	not available	9	not pooled	study sample	colorectal cancer	tissue	not available	not available	not available	patient-9	healthy mucosal tissue	Fusion_180201_49-TMT129C	proteomic profiling by mass spectrometry	1	Fusion_180201_49.raw	v1.1.0	NT=ms-proteomics;VV=v1.1.0	NT=human;VV=v1.1.0	NT=clinical-metadata;VV=v1.0.0	NT=oncology-metadata;VV=v1.0.0	manual curation	NT=Data-dependent acquisition;AC=PRIDE:0000627	NT=Orbitrap Fusion;AC=MS:1002416	NT=Trypsin;AC=MS:1001251	TMT129C	4	NT=higher energy beam-type collision-induced dissociation;AC=MS:1000422	5 ppm	0.6 Da	NT=dithiothreitol (DTT);AC=PRIDE:0000608	NT=methyl methanethiosulfonate (MMTS);AC=PRIDE:0000605	NT=Methylthio;AC=UNIMOD:39;TA=C;MT=Fixed	NT=Oxidation;AC=UNIMOD:35;TA=M;MT=Variable	NT=TMT6plex;AC=UNIMOD:737;TA=K;MT=Fixed	NT=TMT6plex;AC=UNIMOD:737;PP=Any N-term;MT=Fixed	healthy mucosal tissue
CoM9	Homo sapiens	colon	not available	9	not pooled	study sample	colorectal cancer	tissue	not available	not available	not available	patient-9	healthy mucosal tissue	Fusion_180201_50-TMT129C	proteomic profiling by mass spectrometry	1	Fusion_180201_50.raw	v1.1.0	NT=ms-proteomics;VV=v1.1.0	NT=human;VV=v1.1.0	NT=clinical-metadata;VV=v1.0.0	NT=oncology-metadata;VV=v1.0.0	manual curation	NT=Data-dependent acquisition;AC=PRIDE:0000627	NT=Orbitrap Fusion;AC=MS:1002416	NT=Trypsin;AC=MS:1001251	TMT129C	5	NT=higher energy beam-type collision-induced dissociation;AC=MS:1000422	5 ppm	0.6 Da	NT=dithiothreitol (DTT);AC=PRIDE:0000608	NT=methyl methanethiosulfonate (MMTS);AC=PRIDE:0000605	NT=Methylthio;AC=UNIMOD:39;TA=C;MT=Fixed	NT=Oxidation;AC=UNIMOD:35;TA=M;MT=Variable	NT=TMT6plex;AC=UNIMOD:737;TA=K;MT=Fixed	NT=TMT6plex;AC=UNIMOD:737;PP=Any N-term;MT=Fixed	healthy mucosal tissue
CoM9	Homo sapiens	colon	not available	9	not pooled	study sample	colorectal cancer	tissue	not available	not available	not available	patient-9	healthy mucosal tissue	Fusion_180201_51-TMT129C	proteomic profiling by mass spectrometry	1	Fusion_180201_51.raw	v1.1.0	NT=ms-proteomics;VV=v1.1.0	NT=human;VV=v1.1.0	NT=clinical-metadata;VV=v1.0.0	NT=oncology-metadata;VV=v1.0.0	manual curation	NT=Data-dependent acquisition;AC=PRIDE:0000627	NT=Orbitrap Fusion;AC=MS:1002416	NT=Trypsin;AC=MS:1001251	TMT129C	6	NT=higher energy beam-type collision-induced dissociation;AC=MS:1000422	5 ppm	0.6 Da	NT=dithiothreitol (DTT);AC=PRIDE:0000608	NT=methyl methanethiosulfonate (MMTS);AC=PRIDE:0000605	NT=Methylthio;AC=UNIMOD:39;TA=C;MT=Fixed	NT=Oxidation;AC=UNIMOD:35;TA=M;MT=Variable	NT=TMT6plex;AC=UNIMOD:737;TA=K;MT=Fixed	NT=TMT6plex;AC=UNIMOD:737;PP=Any N-term;MT=Fixed	healthy mucosal tissue
CoM9	Homo sapiens	colon	not available	9	not pooled	study sample	colorectal cancer	tissue	not available	not available	not available	patient-9	healthy mucosal tissue	Fusion_180201_52-TMT129C	proteomic profiling by mass spectrometry	1	Fusion_180201_52.raw	v1.1.0	NT=ms-proteomics;VV=v1.1.0	NT=human;VV=v1.1.0	NT=clinical-metadata;VV=v1.0.0	NT=oncology-metadata;VV=v1.0.0	manual curation	NT=Data-dependent acquisition;AC=PRIDE:0000627	NT=Orbitrap Fusion;AC=MS:1002416	NT=Trypsin;AC=MS:1001251	TMT129C	7	NT=higher energy beam-type collision-induced dissociation;AC=MS:1000422	5 ppm	0.6 Da	NT=dithiothreitol (DTT);AC=PRIDE:0000608	NT=methyl methanethiosulfonate (MMTS);AC=PRIDE:0000605	NT=Methylthio;AC=UNIMOD:39;TA=C;MT=Fixed	NT=Oxidation;AC=UNIMOD:35;TA=M;MT=Variable	NT=TMT6plex;AC=UNIMOD:737;TA=K;MT=Fixed	NT=TMT6plex;AC=UNIMOD:737;PP=Any N-term;MT=Fixed	healthy mucosal tissue
CoM9	Homo sapiens	colon	not available	9	not pooled	study sample	colorectal cancer	tissue	not available	not available	not available	patient-9	healthy mucosal tissue	Fusion_180201_53-TMT129C	proteomic profiling by mass spectrometry	1	Fusion_180201_53.raw	v1.1.0	NT=ms-proteomics;VV=v1.1.0	NT=human;VV=v1.1.0	NT=clinical-metadata;VV=v1.0.0	NT=oncology-metadata;VV=v1.0.0	manual curation	NT=Data-dependent acquisition;AC=PRIDE:0000627	NT=Orbitrap Fusion;AC=MS:1002416	NT=Trypsin;AC=MS:1001251	TMT129C	8	NT=higher energy beam-type collision-induced dissociation;AC=MS:1000422	5 ppm	0.6 Da	NT=dithiothreitol (DTT);AC=PRIDE:0000608	NT=methyl methanethiosulfonate (MMTS);AC=PRIDE:0000605	NT=Methylthio;AC=UNIMOD:39;TA=C;MT=Fixed	NT=Oxidation;AC=UNIMOD:35;TA=M;MT=Variable	NT=TMT6plex;AC=UNIMOD:737;TA=K;MT=Fixed	NT=TMT6plex;AC=UNIMOD:737;PP=Any N-term;MT=Fixed	healthy mucosal tissue
CoM9	Homo sapiens	colon	not available	9	not pooled	study sample	colorectal cancer	tissue	not available	not available	not available	patient-9	healthy mucosal tissue	Fusion_180201_54-TMT129C	proteomic profiling by mass spectrometry	1	Fusion_180201_54.raw	v1.1.0	NT=ms-proteomics;VV=v1.1.0	NT=human;VV=v1.1.0	NT=clinical-metadata;VV=v1.0.0	NT=oncology-metadata;VV=v1.0.0	manual curation	NT=Data-dependent acquisition;AC=PRIDE:0000627	NT=Orbitrap Fusion;AC=MS:1002416	NT=Trypsin;AC=MS:1001251	TMT129C	9	NT=higher energy beam-type collision-induced dissociation;AC=MS:1000422	5 ppm	0.6 Da	NT=dithiothreitol (DTT);AC=PRIDE:0000608	NT=methyl methanethiosulfonate (MMTS);AC=PRIDE:0000605	NT=Methylthio;AC=UNIMOD:39;TA=C;MT=Fixed	NT=Oxidation;AC=UNIMOD:35;TA=M;MT=Variable	NT=TMT6plex;AC=UNIMOD:737;TA=K;MT=Fixed	NT=TMT6plex;AC=UNIMOD:737;PP=Any N-term;MT=Fixed	healthy mucosal tissue
CoM9	Homo sapiens	colon	not available	9	not pooled	study sample	colorectal cancer	tissue	not available	not available	not available	patient-9	healthy mucosal tissue	Fusion_180201_55-TMT129C	proteomic profiling by mass spectrometry	1	Fusion_180201_55.raw	v1.1.0	NT=ms-proteomics;VV=v1.1.0	NT=human;VV=v1.1.0	NT=clinical-metadata;VV=v1.0.0	NT=oncology-metadata;VV=v1.0.0	manual curation	NT=Data-dependent acquisition;AC=PRIDE:0000627	NT=Orbitrap Fusion;AC=MS:1002416	NT=Trypsin;AC=MS:1001251	TMT129C	10	NT=higher energy beam-type collision-induced dissociation;AC=MS:1000422	5 ppm	0.6 Da	NT=dithiothreitol (DTT);AC=PRIDE:0000608	NT=methyl methanethiosulfonate (MMTS);AC=PRIDE:0000605	NT=Methylthio;AC=UNIMOD:39;TA=C;MT=Fixed	NT=Oxidation;AC=UNIMOD:35;TA=M;MT=Variable	NT=TMT6plex;AC=UNIMOD:737;TA=K;MT=Fixed	NT=TMT6plex;AC=UNIMOD:737;PP=Any N-term;MT=Fixed	healthy mucosal tissue
CoM9	Homo sapiens	colon	not available	9	not pooled	study sample	colorectal cancer	tissue	not available	not available	not available	patient-9	healthy mucosal tissue	Fusion_180201_56-TMT129C	proteomic profiling by mass spectrometry	1	Fusion_180201_56.raw	v1.1.0	NT=ms-proteomics;VV=v1.1.0	NT=human;VV=v1.1.0	NT=clinical-metadata;VV=v1.0.0	NT=oncology-metadata;VV=v1.0.0	manual curation	NT=Data-dependent acquisition;AC=PRIDE:0000627	NT=Orbitrap Fusion;AC=MS:1002416	NT=Trypsin;AC=MS:1001251	TMT129C	11	NT=higher energy beam-type collision-induced dissociation;AC=MS:1000422	5 ppm	0.6 Da	NT=dithiothreitol (DTT);AC=PRIDE:0000608	NT=methyl methanethiosulfonate (MMTS);AC=PRIDE:0000605	NT=Methylthio;AC=UNIMOD:39;TA=C;MT=Fixed	NT=Oxidation;AC=UNIMOD:35;TA=M;MT=Variable	NT=TMT6plex;AC=UNIMOD:737;TA=K;MT=Fixed	NT=TMT6plex;AC=UNIMOD:737;PP=Any N-term;MT=Fixed	healthy mucosal tissue
CoM9	Homo sapiens	colon	not available	9	not pooled	study sample	colorectal cancer	tissue	not available	not available	not available	patient-9	healthy mucosal tissue	Fusion_180201_57-TMT129C	proteomic profiling by mass spectrometry	1	Fusion_180201_57.raw	v1.1.0	NT=ms-proteomics;VV=v1.1.0	NT=human;VV=v1.1.0	NT=clinical-metadata;VV=v1.0.0	NT=oncology-metadata;VV=v1.0.0	manual curation	NT=Data-dependent acquisition;AC=PRIDE:0000627	NT=Orbitrap Fusion;AC=MS:1002416	NT=Trypsin;AC=MS:1001251	TMT129C	12	NT=higher energy beam-type collision-induced dissociation;AC=MS:1000422	5 ppm	0.6 Da	NT=dithiothreitol (DTT);AC=PRIDE:0000608	NT=methyl methanethiosulfonate (MMTS);AC=PRIDE:0000605	NT=Methylthio;AC=UNIMOD:39;TA=C;MT=Fixed	NT=Oxidation;AC=UNIMOD:35;TA=M;MT=Variable	NT=TMT6plex;AC=UNIMOD:737;TA=K;MT=Fixed	NT=TMT6plex;AC=UNIMOD:737;PP=Any N-term;MT=Fixed	healthy mucosal tissue
CoM9	Homo sapiens	colon	not available	9	not pooled	study sample	colorectal cancer	tissue	not available	not available	not available	patient-9	healthy mucosal tissue	Fusion_180201_58-TMT129C	proteomic profiling by mass spectrometry	1	Fusion_180201_58.raw	v1.1.0	NT=ms-proteomics;VV=v1.1.0	NT=human;VV=v1.1.0	NT=clinical-metadata;VV=v1.0.0	NT=oncology-metadata;VV=v1.0.0	manual curation	NT=Data-dependent acquisition;AC=PRIDE:0000627	NT=Orbitrap Fusion;AC=MS:1002416	NT=Trypsin;AC=MS:1001251	TMT129C	13	NT=higher energy beam-type collision-induced dissociation;AC=MS:1000422	5 ppm	0.6 Da	NT=dithiothreitol (DTT);AC=PRIDE:0000608	NT=methyl methanethiosulfonate (MMTS);AC=PRIDE:0000605	NT=Methylthio;AC=UNIMOD:39;TA=C;MT=Fixed	NT=Oxidation;AC=UNIMOD:35;TA=M;MT=Variable	NT=TMT6plex;AC=UNIMOD:737;TA=K;MT=Fixed	NT=TMT6plex;AC=UNIMOD:737;PP=Any N-term;MT=Fixed	healthy mucosal tissue
CoM9	Homo sapiens	colon	not available	9	not pooled	study sample	colorectal cancer	tissue	not available	not available	not available	patient-9	healthy mucosal tissue	Fusion_180201_59-TMT129C	proteomic profiling by mass spectrometry	1	Fusion_180201_59.raw	v1.1.0	NT=ms-proteomics;VV=v1.1.0	NT=human;VV=v1.1.0	NT=clinical-metadata;VV=v1.0.0	NT=oncology-metadata;VV=v1.0.0	manual curation	NT=Data-dependent acquisition;AC=PRIDE:0000627	NT=Orbitrap Fusion;AC=MS:1002416	NT=Trypsin;AC=MS:1001251	TMT129C	14	NT=higher energy beam-type collision-induced dissociation;AC=MS:1000422	5 ppm	0.6 Da	NT=dithiothreitol (DTT);AC=PRIDE:0000608	NT=methyl methanethiosulfonate (MMTS);AC=PRIDE:0000605	NT=Methylthio;AC=UNIMOD:39;TA=C;MT=Fixed	NT=Oxidation;AC=UNIMOD:35;TA=M;MT=Variable	NT=TMT6plex;AC=UNIMOD:737;TA=K;MT=Fixed	NT=TMT6plex;AC=UNIMOD:737;PP=Any N-term;MT=Fixed	healthy mucosal tissue
CoM9	Homo sapiens	colon	not available	9	not pooled	study sample	colorectal cancer	tissue	not available	not available	not available	patient-9	healthy mucosal tissue	Fusion_180201_60-TMT129C	proteomic profiling by mass spectrometry	1	Fusion_180201_60.raw	v1.1.0	NT=ms-proteomics;VV=v1.1.0	NT=human;VV=v1.1.0	NT=clinical-metadata;VV=v1.0.0	NT=oncology-metadata;VV=v1.0.0	manual curation	NT=Data-dependent acquisition;AC=PRIDE:0000627	NT=Orbitrap Fusion;AC=MS:1002416	NT=Trypsin;AC=MS:1001251	TMT129C	15	NT=higher energy beam-type collision-induced dissociation;AC=MS:1000422	5 ppm	0.6 Da	NT=dithiothreitol (DTT);AC=PRIDE:0000608	NT=methyl methanethiosulfonate (MMTS);AC=PRIDE:0000605	NT=Methylthio;AC=UNIMOD:39;TA=C;MT=Fixed	NT=Oxidation;AC=UNIMOD:35;TA=M;MT=Variable	NT=TMT6plex;AC=UNIMOD:737;TA=K;MT=Fixed	NT=TMT6plex;AC=UNIMOD:737;PP=Any N-term;MT=Fixed	healthy mucosal tissue
CoM9	Homo sapiens	colon	not available	9	not pooled	study sample	colorectal cancer	tissue	not available	not available	not available	patient-9	healthy mucosal tissue	Fusion_180201_61-TMT129C	proteomic profiling by mass spectrometry	1	Fusion_180201_61.raw	v1.1.0	NT=ms-proteomics;VV=v1.1.0	NT=human;VV=v1.1.0	NT=clinical-metadata;VV=v1.0.0	NT=oncology-metadata;VV=v1.0.0	manual curation	NT=Data-dependent acquisition;AC=PRIDE:0000627	NT=Orbitrap Fusion;AC=MS:1002416	NT=Trypsin;AC=MS:1001251	TMT129C	16	NT=higher energy beam-type collision-induced dissociation;AC=MS:1000422	5 ppm	0.6 Da	NT=dithiothreitol (DTT);AC=PRIDE:0000608	NT=methyl methanethiosulfonate (MMTS);AC=PRIDE:0000605	NT=Methylthio;AC=UNIMOD:39;TA=C;MT=Fixed	NT=Oxidation;AC=UNIMOD:35;TA=M;MT=Variable	NT=TMT6plex;AC=UNIMOD:737;TA=K;MT=Fixed	NT=TMT6plex;AC=UNIMOD:737;PP=Any N-term;MT=Fixed	healthy mucosal tissue
CoM9	Homo sapiens	colon	not available	9	not pooled	study sample	colorectal cancer	tissue	not available	not available	not available	patient-9	healthy mucosal tissue	Fusion_180201_62-TMT129C	proteomic profiling by mass spectrometry	1	Fusion_180201_62.raw	v1.1.0	NT=ms-proteomics;VV=v1.1.0	NT=human;VV=v1.1.0	NT=clinical-metadata;VV=v1.0.0	NT=oncology-metadata;VV=v1.0.0	manual curation	NT=Data-dependent acquisition;AC=PRIDE:0000627	NT=Orbitrap Fusion;AC=MS:1002416	NT=Trypsin;AC=MS:1001251	TMT129C	17	NT=higher energy beam-type collision-induced dissociation;AC=MS:1000422	5 ppm	0.6 Da	NT=dithiothreitol (DTT);AC=PRIDE:0000608	NT=methyl methanethiosulfonate (MMTS);AC=PRIDE:0000605	NT=Methylthio;AC=UNIMOD:39;TA=C;MT=Fixed	NT=Oxidation;AC=UNIMOD:35;TA=M;MT=Variable	NT=TMT6plex;AC=UNIMOD:737;TA=K;MT=Fixed	NT=TMT6plex;AC=UNIMOD:737;PP=Any N-term;MT=Fixed	healthy mucosal tissue
CoM9	Homo sapiens	colon	not available	9	not pooled	study sample	colorectal cancer	tissue	not available	not available	not available	patient-9	healthy mucosal tissue	Fusion_180201_63-TMT129C	proteomic profiling by mass spectrometry	1	Fusion_180201_63.raw	v1.1.0	NT=ms-proteomics;VV=v1.1.0	NT=human;VV=v1.1.0	NT=clinical-metadata;VV=v1.0.0	NT=oncology-metadata;VV=v1.0.0	manual curation	NT=Data-dependent acquisition;AC=PRIDE:0000627	NT=Orbitrap Fusion;AC=MS:1002416	NT=Trypsin;AC=MS:1001251	TMT129C	18	NT=higher energy beam-type collision-induced dissociation;AC=MS:1000422	5 ppm	0.6 Da	NT=dithiothreitol (DTT);AC=PRIDE:0000608	NT=methyl methanethiosulfonate (MMTS);AC=PRIDE:0000605	NT=Methylthio;AC=UNIMOD:39;TA=C;MT=Fixed	NT=Oxidation;AC=UNIMOD:35;TA=M;MT=Variable	NT=TMT6plex;AC=UNIMOD:737;TA=K;MT=Fixed	NT=TMT6plex;AC=UNIMOD:737;PP=Any N-term;MT=Fixed	healthy mucosal tissue
CoM9	Homo sapiens	colon	not available	9	not pooled	study sample	colorectal cancer	tissue	not available	not available	not available	patient-9	healthy mucosal tissue	Fusion_180201_64-TMT129C	proteomic profiling by mass spectrometry	1	Fusion_180201_64.raw	v1.1.0	NT=ms-proteomics;VV=v1.1.0	NT=human;VV=v1.1.0	NT=clinical-metadata;VV=v1.0.0	NT=oncology-metadata;VV=v1.0.0	manual curation	NT=Data-dependent acquisition;AC=PRIDE:0000627	NT=Orbitrap Fusion;AC=MS:1002416	NT=Trypsin;AC=MS:1001251	TMT129C	19	NT=higher energy beam-type collision-induced dissociation;AC=MS:1000422	5 ppm	0.6 Da	NT=dithiothreitol (DTT);AC=PRIDE:0000608	NT=methyl methanethiosulfonate (MMTS);AC=PRIDE:0000605	NT=Methylthio;AC=UNIMOD:39;TA=C;MT=Fixed	NT=Oxidation;AC=UNIMOD:35;TA=M;MT=Variable	NT=TMT6plex;AC=UNIMOD:737;TA=K;MT=Fixed	NT=TMT6plex;AC=UNIMOD:737;PP=Any N-term;MT=Fixed	healthy mucosal tissue
CoM9	Homo sapiens	colon	not available	9	not pooled	study sample	colorectal cancer	tissue	not available	not available	not available	patient-9	healthy mucosal tissue	Fusion_180201_65-TMT129C	proteomic profiling by mass spectrometry	1	Fusion_180201_65.raw	v1.1.0	NT=ms-proteomics;VV=v1.1.0	NT=human;VV=v1.1.0	NT=clinical-metadata;VV=v1.0.0	NT=oncology-metadata;VV=v1.0.0	manual curation	NT=Data-dependent acquisition;AC=PRIDE:0000627	NT=Orbitrap Fusion;AC=MS:1002416	NT=Trypsin;AC=MS:1001251	TMT129C	20	NT=higher energy beam-type collision-induced dissociation;AC=MS:1000422	5 ppm	0.6 Da	NT=dithiothreitol (DTT);AC=PRIDE:0000608	NT=methyl methanethiosulfonate (MMTS);AC=PRIDE:0000605	NT=Methylthio;AC=UNIMOD:39;TA=C;MT=Fixed	NT=Oxidation;AC=UNIMOD:35;TA=M;MT=Variable	NT=TMT6plex;AC=UNIMOD:737;TA=K;MT=Fixed	NT=TMT6plex;AC=UNIMOD:737;PP=Any N-term;MT=Fixed	healthy mucosal tissue
CoT9	Homo sapiens	colon	not available	9	not pooled	study sample	colorectal cancer	tissue	not available	not available	not available	patient-9	tumor tissue	Fusion_180201_46-TMT130N	proteomic profiling by mass spectrometry	1	Fusion_180201_46.raw	v1.1.0	NT=ms-proteomics;VV=v1.1.0	NT=human;VV=v1.1.0	NT=clinical-metadata;VV=v1.0.0	NT=oncology-metadata;VV=v1.0.0	manual curation	NT=Data-dependent acquisition;AC=PRIDE:0000627	NT=Orbitrap Fusion;AC=MS:1002416	NT=Trypsin;AC=MS:1001251	TMT130N	1	NT=higher energy beam-type collision-induced dissociation;AC=MS:1000422	5 ppm	0.6 Da	NT=dithiothreitol (DTT);AC=PRIDE:0000608	NT=methyl methanethiosulfonate (MMTS);AC=PRIDE:0000605	NT=Methylthio;AC=UNIMOD:39;TA=C;MT=Fixed	NT=Oxidation;AC=UNIMOD:35;TA=M;MT=Variable	NT=TMT6plex;AC=UNIMOD:737;TA=K;MT=Fixed	NT=TMT6plex;AC=UNIMOD:737;PP=Any N-term;MT=Fixed	tumor tissue
CoT9	Homo sapiens	colon	not available	9	not pooled	study sample	colorectal cancer	tissue	not available	not available	not available	patient-9	tumor tissue	Fusion_180201_47-TMT130N	proteomic profiling by mass spectrometry	1	Fusion_180201_47.raw	v1.1.0	NT=ms-proteomics;VV=v1.1.0	NT=human;VV=v1.1.0	NT=clinical-metadata;VV=v1.0.0	NT=oncology-metadata;VV=v1.0.0	manual curation	NT=Data-dependent acquisition;AC=PRIDE:0000627	NT=Orbitrap Fusion;AC=MS:1002416	NT=Trypsin;AC=MS:1001251	TMT130N	2	NT=higher energy beam-type collision-induced dissociation;AC=MS:1000422	5 ppm	0.6 Da	NT=dithiothreitol (DTT);AC=PRIDE:0000608	NT=methyl methanethiosulfonate (MMTS);AC=PRIDE:0000605	NT=Methylthio;AC=UNIMOD:39;TA=C;MT=Fixed	NT=Oxidation;AC=UNIMOD:35;TA=M;MT=Variable	NT=TMT6plex;AC=UNIMOD:737;TA=K;MT=Fixed	NT=TMT6plex;AC=UNIMOD:737;PP=Any N-term;MT=Fixed	tumor tissue
CoT9	Homo sapiens	colon	not available	9	not pooled	study sample	colorectal cancer	tissue	not available	not available	not available	patient-9	tumor tissue	Fusion_180201_48-TMT130N	proteomic profiling by mass spectrometry	1	Fusion_180201_48.raw	v1.1.0	NT=ms-proteomics;VV=v1.1.0	NT=human;VV=v1.1.0	NT=clinical-metadata;VV=v1.0.0	NT=oncology-metadata;VV=v1.0.0	manual curation	NT=Data-dependent acquisition;AC=PRIDE:0000627	NT=Orbitrap Fusion;AC=MS:1002416	NT=Trypsin;AC=MS:1001251	TMT130N	3	NT=higher energy beam-type collision-induced dissociation;AC=MS:1000422	5 ppm	0.6 Da	NT=dithiothreitol (DTT);AC=PRIDE:0000608	NT=methyl methanethiosulfonate (MMTS);AC=PRIDE:0000605	NT=Methylthio;AC=UNIMOD:39;TA=C;MT=Fixed	NT=Oxidation;AC=UNIMOD:35;TA=M;MT=Variable	NT=TMT6plex;AC=UNIMOD:737;TA=K;MT=Fixed	NT=TMT6plex;AC=UNIMOD:737;PP=Any N-term;MT=Fixed	tumor tissue
CoT9	Homo sapiens	colon	not available	9	not pooled	study sample	colorectal cancer	tissue	not available	not available	not available	patient-9	tumor tissue	Fusion_180201_49-TMT130N	proteomic profiling by mass spectrometry	1	Fusion_180201_49.raw	v1.1.0	NT=ms-proteomics;VV=v1.1.0	NT=human;VV=v1.1.0	NT=clinical-metadata;VV=v1.0.0	NT=oncology-metadata;VV=v1.0.0	manual curation	NT=Data-dependent acquisition;AC=PRIDE:0000627	NT=Orbitrap Fusion;AC=MS:1002416	NT=Trypsin;AC=MS:1001251	TMT130N	4	NT=higher energy beam-type collision-induced dissociation;AC=MS:1000422	5 ppm	0.6 Da	NT=dithiothreitol (DTT);AC=PRIDE:0000608	NT=methyl methanethiosulfonate (MMTS);AC=PRIDE:0000605	NT=Methylthio;AC=UNIMOD:39;TA=C;MT=Fixed	NT=Oxidation;AC=UNIMOD:35;TA=M;MT=Variable	NT=TMT6plex;AC=UNIMOD:737;TA=K;MT=Fixed	NT=TMT6plex;AC=UNIMOD:737;PP=Any N-term;MT=Fixed	tumor tissue
CoT9	Homo sapiens	colon	not available	9	not pooled	study sample	colorectal cancer	tissue	not available	not available	not available	patient-9	tumor tissue	Fusion_180201_50-TMT130N	proteomic profiling by mass spectrometry	1	Fusion_180201_50.raw	v1.1.0	NT=ms-proteomics;VV=v1.1.0	NT=human;VV=v1.1.0	NT=clinical-metadata;VV=v1.0.0	NT=oncology-metadata;VV=v1.0.0	manual curation	NT=Data-dependent acquisition;AC=PRIDE:0000627	NT=Orbitrap Fusion;AC=MS:1002416	NT=Trypsin;AC=MS:1001251	TMT130N	5	NT=higher energy beam-type collision-induced dissociation;AC=MS:1000422	5 ppm	0.6 Da	NT=dithiothreitol (DTT);AC=PRIDE:0000608	NT=methyl methanethiosulfonate (MMTS);AC=PRIDE:0000605	NT=Methylthio;AC=UNIMOD:39;TA=C;MT=Fixed	NT=Oxidation;AC=UNIMOD:35;TA=M;MT=Variable	NT=TMT6plex;AC=UNIMOD:737;TA=K;MT=Fixed	NT=TMT6plex;AC=UNIMOD:737;PP=Any N-term;MT=Fixed	tumor tissue
CoT9	Homo sapiens	colon	not available	9	not pooled	study sample	colorectal cancer	tissue	not available	not available	not available	patient-9	tumor tissue	Fusion_180201_51-TMT130N	proteomic profiling by mass spectrometry	1	Fusion_180201_51.raw	v1.1.0	NT=ms-proteomics;VV=v1.1.0	NT=human;VV=v1.1.0	NT=clinical-metadata;VV=v1.0.0	NT=oncology-metadata;VV=v1.0.0	manual curation	NT=Data-dependent acquisition;AC=PRIDE:0000627	NT=Orbitrap Fusion;AC=MS:1002416	NT=Trypsin;AC=MS:1001251	TMT130N	6	NT=higher energy beam-type collision-induced dissociation;AC=MS:1000422	5 ppm	0.6 Da	NT=dithiothreitol (DTT);AC=PRIDE:0000608	NT=methyl methanethiosulfonate (MMTS);AC=PRIDE:0000605	NT=Methylthio;AC=UNIMOD:39;TA=C;MT=Fixed	NT=Oxidation;AC=UNIMOD:35;TA=M;MT=Variable	NT=TMT6plex;AC=UNIMOD:737;TA=K;MT=Fixed	NT=TMT6plex;AC=UNIMOD:737;PP=Any N-term;MT=Fixed	tumor tissue
CoT9	Homo sapiens	colon	not available	9	not pooled	study sample	colorectal cancer	tissue	not available	not available	not available	patient-9	tumor tissue	Fusion_180201_52-TMT130N	proteomic profiling by mass spectrometry	1	Fusion_180201_52.raw	v1.1.0	NT=ms-proteomics;VV=v1.1.0	NT=human;VV=v1.1.0	NT=clinical-metadata;VV=v1.0.0	NT=oncology-metadata;VV=v1.0.0	manual curation	NT=Data-dependent acquisition;AC=PRIDE:0000627	NT=Orbitrap Fusion;AC=MS:1002416	NT=Trypsin;AC=MS:1001251	TMT130N	7	NT=higher energy beam-type collision-induced dissociation;AC=MS:1000422	5 ppm	0.6 Da	NT=dithiothreitol (DTT);AC=PRIDE:0000608	NT=methyl methanethiosulfonate (MMTS);AC=PRIDE:0000605	NT=Methylthio;AC=UNIMOD:39;TA=C;MT=Fixed	NT=Oxidation;AC=UNIMOD:35;TA=M;MT=Variable	NT=TMT6plex;AC=UNIMOD:737;TA=K;MT=Fixed	NT=TMT6plex;AC=UNIMOD:737;PP=Any N-term;MT=Fixed	tumor tissue
CoT9	Homo sapiens	colon	not available	9	not pooled	study sample	colorectal cancer	tissue	not available	not available	not available	patient-9	tumor tissue	Fusion_180201_53-TMT130N	proteomic profiling by mass spectrometry	1	Fusion_180201_53.raw	v1.1.0	NT=ms-proteomics;VV=v1.1.0	NT=human;VV=v1.1.0	NT=clinical-metadata;VV=v1.0.0	NT=oncology-metadata;VV=v1.0.0	manual curation	NT=Data-dependent acquisition;AC=PRIDE:0000627	NT=Orbitrap Fusion;AC=MS:1002416	NT=Trypsin;AC=MS:1001251	TMT130N	8	NT=higher energy beam-type collision-induced dissociation;AC=MS:1000422	5 ppm	0.6 Da	NT=dithiothreitol (DTT);AC=PRIDE:0000608	NT=methyl methanethiosulfonate (MMTS);AC=PRIDE:0000605	NT=Methylthio;AC=UNIMOD:39;TA=C;MT=Fixed	NT=Oxidation;AC=UNIMOD:35;TA=M;MT=Variable	NT=TMT6plex;AC=UNIMOD:737;TA=K;MT=Fixed	NT=TMT6plex;AC=UNIMOD:737;PP=Any N-term;MT=Fixed	tumor tissue
CoT9	Homo sapiens	colon	not available	9	not pooled	study sample	colorectal cancer	tissue	not available	not available	not available	patient-9	tumor tissue	Fusion_180201_54-TMT130N	proteomic profiling by mass spectrometry	1	Fusion_180201_54.raw	v1.1.0	NT=ms-proteomics;VV=v1.1.0	NT=human;VV=v1.1.0	NT=clinical-metadata;VV=v1.0.0	NT=oncology-metadata;VV=v1.0.0	manual curation	NT=Data-dependent acquisition;AC=PRIDE:0000627	NT=Orbitrap Fusion;AC=MS:1002416	NT=Trypsin;AC=MS:1001251	TMT130N	9	NT=higher energy beam-type collision-induced dissociation;AC=MS:1000422	5 ppm	0.6 Da	NT=dithiothreitol (DTT);AC=PRIDE:0000608	NT=methyl methanethiosulfonate (MMTS);AC=PRIDE:0000605	NT=Methylthio;AC=UNIMOD:39;TA=C;MT=Fixed	NT=Oxidation;AC=UNIMOD:35;TA=M;MT=Variable	NT=TMT6plex;AC=UNIMOD:737;TA=K;MT=Fixed	NT=TMT6plex;AC=UNIMOD:737;PP=Any N-term;MT=Fixed	tumor tissue
CoT9	Homo sapiens	colon	not available	9	not pooled	study sample	colorectal cancer	tissue	not available	not available	not available	patient-9	tumor tissue	Fusion_180201_55-TMT130N	proteomic profiling by mass spectrometry	1	Fusion_180201_55.raw	v1.1.0	NT=ms-proteomics;VV=v1.1.0	NT=human;VV=v1.1.0	NT=clinical-metadata;VV=v1.0.0	NT=oncology-metadata;VV=v1.0.0	manual curation	NT=Data-dependent acquisition;AC=PRIDE:0000627	NT=Orbitrap Fusion;AC=MS:1002416	NT=Trypsin;AC=MS:1001251	TMT130N	10	NT=higher energy beam-type collision-induced dissociation;AC=MS:1000422	5 ppm	0.6 Da	NT=dithiothreitol (DTT);AC=PRIDE:0000608	NT=methyl methanethiosulfonate (MMTS);AC=PRIDE:0000605	NT=Methylthio;AC=UNIMOD:39;TA=C;MT=Fixed	NT=Oxidation;AC=UNIMOD:35;TA=M;MT=Variable	NT=TMT6plex;AC=UNIMOD:737;TA=K;MT=Fixed	NT=TMT6plex;AC=UNIMOD:737;PP=Any N-term;MT=Fixed	tumor tissue
CoT9	Homo sapiens	colon	not available	9	not pooled	study sample	colorectal cancer	tissue	not available	not available	not available	patient-9	tumor tissue	Fusion_180201_56-TMT130N	proteomic profiling by mass spectrometry	1	Fusion_180201_56.raw	v1.1.0	NT=ms-proteomics;VV=v1.1.0	NT=human;VV=v1.1.0	NT=clinical-metadata;VV=v1.0.0	NT=oncology-metadata;VV=v1.0.0	manual curation	NT=Data-dependent acquisition;AC=PRIDE:0000627	NT=Orbitrap Fusion;AC=MS:1002416	NT=Trypsin;AC=MS:1001251	TMT130N	11	NT=higher energy beam-type collision-induced dissociation;AC=MS:1000422	5 ppm	0.6 Da	NT=dithiothreitol (DTT);AC=PRIDE:0000608	NT=methyl methanethiosulfonate (MMTS);AC=PRIDE:0000605	NT=Methylthio;AC=UNIMOD:39;TA=C;MT=Fixed	NT=Oxidation;AC=UNIMOD:35;TA=M;MT=Variable	NT=TMT6plex;AC=UNIMOD:737;TA=K;MT=Fixed	NT=TMT6plex;AC=UNIMOD:737;PP=Any N-term;MT=Fixed	tumor tissue
CoT9	Homo sapiens	colon	not available	9	not pooled	study sample	colorectal cancer	tissue	not available	not available	not available	patient-9	tumor tissue	Fusion_180201_57-TMT130N	proteomic profiling by mass spectrometry	1	Fusion_180201_57.raw	v1.1.0	NT=ms-proteomics;VV=v1.1.0	NT=human;VV=v1.1.0	NT=clinical-metadata;VV=v1.0.0	NT=oncology-metadata;VV=v1.0.0	manual curation	NT=Data-dependent acquisition;AC=PRIDE:0000627	NT=Orbitrap Fusion;AC=MS:1002416	NT=Trypsin;AC=MS:1001251	TMT130N	12	NT=higher energy beam-type collision-induced dissociation;AC=MS:1000422	5 ppm	0.6 Da	NT=dithiothreitol (DTT);AC=PRIDE:0000608	NT=methyl methanethiosulfonate (MMTS);AC=PRIDE:0000605	NT=Methylthio;AC=UNIMOD:39;TA=C;MT=Fixed	NT=Oxidation;AC=UNIMOD:35;TA=M;MT=Variable	NT=TMT6plex;AC=UNIMOD:737;TA=K;MT=Fixed	NT=TMT6plex;AC=UNIMOD:737;PP=Any N-term;MT=Fixed	tumor tissue
CoT9	Homo sapiens	colon	not available	9	not pooled	study sample	colorectal cancer	tissue	not available	not available	not available	patient-9	tumor tissue	Fusion_180201_58-TMT130N	proteomic profiling by mass spectrometry	1	Fusion_180201_58.raw	v1.1.0	NT=ms-proteomics;VV=v1.1.0	NT=human;VV=v1.1.0	NT=clinical-metadata;VV=v1.0.0	NT=oncology-metadata;VV=v1.0.0	manual curation	NT=Data-dependent acquisition;AC=PRIDE:0000627	NT=Orbitrap Fusion;AC=MS:1002416	NT=Trypsin;AC=MS:1001251	TMT130N	13	NT=higher energy beam-type collision-induced dissociation;AC=MS:1000422	5 ppm	0.6 Da	NT=dithiothreitol (DTT);AC=PRIDE:0000608	NT=methyl methanethiosulfonate (MMTS);AC=PRIDE:0000605	NT=Methylthio;AC=UNIMOD:39;TA=C;MT=Fixed	NT=Oxidation;AC=UNIMOD:35;TA=M;MT=Variable	NT=TMT6plex;AC=UNIMOD:737;TA=K;MT=Fixed	NT=TMT6plex;AC=UNIMOD:737;PP=Any N-term;MT=Fixed	tumor tissue
CoT9	Homo sapiens	colon	not available	9	not pooled	study sample	colorectal cancer	tissue	not available	not available	not available	patient-9	tumor tissue	Fusion_180201_59-TMT130N	proteomic profiling by mass spectrometry	1	Fusion_180201_59.raw	v1.1.0	NT=ms-proteomics;VV=v1.1.0	NT=human;VV=v1.1.0	NT=clinical-metadata;VV=v1.0.0	NT=oncology-metadata;VV=v1.0.0	manual curation	NT=Data-dependent acquisition;AC=PRIDE:0000627	NT=Orbitrap Fusion;AC=MS:1002416	NT=Trypsin;AC=MS:1001251	TMT130N	14	NT=higher energy beam-type collision-induced dissociation;AC=MS:1000422	5 ppm	0.6 Da	NT=dithiothreitol (DTT);AC=PRIDE:0000608	NT=methyl methanethiosulfonate (MMTS);AC=PRIDE:0000605	NT=Methylthio;AC=UNIMOD:39;TA=C;MT=Fixed	NT=Oxidation;AC=UNIMOD:35;TA=M;MT=Variable	NT=TMT6plex;AC=UNIMOD:737;TA=K;MT=Fixed	NT=TMT6plex;AC=UNIMOD:737;PP=Any N-term;MT=Fixed	tumor tissue
CoT9	Homo sapiens	colon	not available	9	not pooled	study sample	colorectal cancer	tissue	not available	not available	not available	patient-9	tumor tissue	Fusion_180201_60-TMT130N	proteomic profiling by mass spectrometry	1	Fusion_180201_60.raw	v1.1.0	NT=ms-proteomics;VV=v1.1.0	NT=human;VV=v1.1.0	NT=clinical-metadata;VV=v1.0.0	NT=oncology-metadata;VV=v1.0.0	manual curation	NT=Data-dependent acquisition;AC=PRIDE:0000627	NT=Orbitrap Fusion;AC=MS:1002416	NT=Trypsin;AC=MS:1001251	TMT130N	15	NT=higher energy beam-type collision-induced dissociation;AC=MS:1000422	5 ppm	0.6 Da	NT=dithiothreitol (DTT);AC=PRIDE:0000608	NT=methyl methanethiosulfonate (MMTS);AC=PRIDE:0000605	NT=Methylthio;AC=UNIMOD:39;TA=C;MT=Fixed	NT=Oxidation;AC=UNIMOD:35;TA=M;MT=Variable	NT=TMT6plex;AC=UNIMOD:737;TA=K;MT=Fixed	NT=TMT6plex;AC=UNIMOD:737;PP=Any N-term;MT=Fixed	tumor tissue
CoT9	Homo sapiens	colon	not available	9	not pooled	study sample	colorectal cancer	tissue	not available	not available	not available	patient-9	tumor tissue	Fusion_180201_61-TMT130N	proteomic profiling by mass spectrometry	1	Fusion_180201_61.raw	v1.1.0	NT=ms-proteomics;VV=v1.1.0	NT=human;VV=v1.1.0	NT=clinical-metadata;VV=v1.0.0	NT=oncology-metadata;VV=v1.0.0	manual curation	NT=Data-dependent acquisition;AC=PRIDE:0000627	NT=Orbitrap Fusion;AC=MS:1002416	NT=Trypsin;AC=MS:1001251	TMT130N	16	NT=higher energy beam-type collision-induced dissociation;AC=MS:1000422	5 ppm	0.6 Da	NT=dithiothreitol (DTT);AC=PRIDE:0000608	NT=methyl methanethiosulfonate (MMTS);AC=PRIDE:0000605	NT=Methylthio;AC=UNIMOD:39;TA=C;MT=Fixed	NT=Oxidation;AC=UNIMOD:35;TA=M;MT=Variable	NT=TMT6plex;AC=UNIMOD:737;TA=K;MT=Fixed	NT=TMT6plex;AC=UNIMOD:737;PP=Any N-term;MT=Fixed	tumor tissue
CoT9	Homo sapiens	colon	not available	9	not pooled	study sample	colorectal cancer	tissue	not available	not available	not available	patient-9	tumor tissue	Fusion_180201_62-TMT130N	proteomic profiling by mass spectrometry	1	Fusion_180201_62.raw	v1.1.0	NT=ms-proteomics;VV=v1.1.0	NT=human;VV=v1.1.0	NT=clinical-metadata;VV=v1.0.0	NT=oncology-metadata;VV=v1.0.0	manual curation	NT=Data-dependent acquisition;AC=PRIDE:0000627	NT=Orbitrap Fusion;AC=MS:1002416	NT=Trypsin;AC=MS:1001251	TMT130N	17	NT=higher energy beam-type collision-induced dissociation;AC=MS:1000422	5 ppm	0.6 Da	NT=dithiothreitol (DTT);AC=PRIDE:0000608	NT=methyl methanethiosulfonate (MMTS);AC=PRIDE:0000605	NT=Methylthio;AC=UNIMOD:39;TA=C;MT=Fixed	NT=Oxidation;AC=UNIMOD:35;TA=M;MT=Variable	NT=TMT6plex;AC=UNIMOD:737;TA=K;MT=Fixed	NT=TMT6plex;AC=UNIMOD:737;PP=Any N-term;MT=Fixed	tumor tissue
CoT9	Homo sapiens	colon	not available	9	not pooled	study sample	colorectal cancer	tissue	not available	not available	not available	patient-9	tumor tissue	Fusion_180201_63-TMT130N	proteomic profiling by mass spectrometry	1	Fusion_180201_63.raw	v1.1.0	NT=ms-proteomics;VV=v1.1.0	NT=human;VV=v1.1.0	NT=clinical-metadata;VV=v1.0.0	NT=oncology-metadata;VV=v1.0.0	manual curation	NT=Data-dependent acquisition;AC=PRIDE:0000627	NT=Orbitrap Fusion;AC=MS:1002416	NT=Trypsin;AC=MS:1001251	TMT130N	18	NT=higher energy beam-type collision-induced dissociation;AC=MS:1000422	5 ppm	0.6 Da	NT=dithiothreitol (DTT);AC=PRIDE:0000608	NT=methyl methanethiosulfonate (MMTS);AC=PRIDE:0000605	NT=Methylthio;AC=UNIMOD:39;TA=C;MT=Fixed	NT=Oxidation;AC=UNIMOD:35;TA=M;MT=Variable	NT=TMT6plex;AC=UNIMOD:737;TA=K;MT=Fixed	NT=TMT6plex;AC=UNIMOD:737;PP=Any N-term;MT=Fixed	tumor tissue
CoT9	Homo sapiens	colon	not available	9	not pooled	study sample	colorectal cancer	tissue	not available	not available	not available	patient-9	tumor tissue	Fusion_180201_64-TMT130N	proteomic profiling by mass spectrometry	1	Fusion_180201_64.raw	v1.1.0	NT=ms-proteomics;VV=v1.1.0	NT=human;VV=v1.1.0	NT=clinical-metadata;VV=v1.0.0	NT=oncology-metadata;VV=v1.0.0	manual curation	NT=Data-dependent acquisition;AC=PRIDE:0000627	NT=Orbitrap Fusion;AC=MS:1002416	NT=Trypsin;AC=MS:1001251	TMT130N	19	NT=higher energy beam-type collision-induced dissociation;AC=MS:1000422	5 ppm	0.6 Da	NT=dithiothreitol (DTT);AC=PRIDE:0000608	NT=methyl methanethiosulfonate (MMTS);AC=PRIDE:0000605	NT=Methylthio;AC=UNIMOD:39;TA=C;MT=Fixed	NT=Oxidation;AC=UNIMOD:35;TA=M;MT=Variable	NT=TMT6plex;AC=UNIMOD:737;TA=K;MT=Fixed	NT=TMT6plex;AC=UNIMOD:737;PP=Any N-term;MT=Fixed	tumor tissue
CoT9	Homo sapiens	colon	not available	9	not pooled	study sample	colorectal cancer	tissue	not available	not available	not available	patient-9	tumor tissue	Fusion_180201_65-TMT130N	proteomic profiling by mass spectrometry	1	Fusion_180201_65.raw	v1.1.0	NT=ms-proteomics;VV=v1.1.0	NT=human;VV=v1.1.0	NT=clinical-metadata;VV=v1.0.0	NT=oncology-metadata;VV=v1.0.0	manual curation	NT=Data-dependent acquisition;AC=PRIDE:0000627	NT=Orbitrap Fusion;AC=MS:1002416	NT=Trypsin;AC=MS:1001251	TMT130N	20	NT=higher energy beam-type collision-induced dissociation;AC=MS:1000422	5 ppm	0.6 Da	NT=dithiothreitol (DTT);AC=PRIDE:0000608	NT=methyl methanethiosulfonate (MMTS);AC=PRIDE:0000605	NT=Methylthio;AC=UNIMOD:39;TA=C;MT=Fixed	NT=Oxidation;AC=UNIMOD:35;TA=M;MT=Variable	NT=TMT6plex;AC=UNIMOD:737;TA=K;MT=Fixed	NT=TMT6plex;AC=UNIMOD:737;PP=Any N-term;MT=Fixed	tumor tissue
CoM10	Homo sapiens	colon	not available	10	not pooled	study sample	colorectal cancer	tissue	not available	not available	not available	patient-10	healthy mucosal tissue	Fusion_180201_46-TMT130C	proteomic profiling by mass spectrometry	1	Fusion_180201_46.raw	v1.1.0	NT=ms-proteomics;VV=v1.1.0	NT=human;VV=v1.1.0	NT=clinical-metadata;VV=v1.0.0	NT=oncology-metadata;VV=v1.0.0	manual curation	NT=Data-dependent acquisition;AC=PRIDE:0000627	NT=Orbitrap Fusion;AC=MS:1002416	NT=Trypsin;AC=MS:1001251	TMT130C	1	NT=higher energy beam-type collision-induced dissociation;AC=MS:1000422	5 ppm	0.6 Da	NT=dithiothreitol (DTT);AC=PRIDE:0000608	NT=methyl methanethiosulfonate (MMTS);AC=PRIDE:0000605	NT=Methylthio;AC=UNIMOD:39;TA=C;MT=Fixed	NT=Oxidation;AC=UNIMOD:35;TA=M;MT=Variable	NT=TMT6plex;AC=UNIMOD:737;TA=K;MT=Fixed	NT=TMT6plex;AC=UNIMOD:737;PP=Any N-term;MT=Fixed	healthy mucosal tissue
CoM10	Homo sapiens	colon	not available	10	not pooled	study sample	colorectal cancer	tissue	not available	not available	not available	patient-10	healthy mucosal tissue	Fusion_180201_47-TMT130C	proteomic profiling by mass spectrometry	1	Fusion_180201_47.raw	v1.1.0	NT=ms-proteomics;VV=v1.1.0	NT=human;VV=v1.1.0	NT=clinical-metadata;VV=v1.0.0	NT=oncology-metadata;VV=v1.0.0	manual curation	NT=Data-dependent acquisition;AC=PRIDE:0000627	NT=Orbitrap Fusion;AC=MS:1002416	NT=Trypsin;AC=MS:1001251	TMT130C	2	NT=higher energy beam-type collision-induced dissociation;AC=MS:1000422	5 ppm	0.6 Da	NT=dithiothreitol (DTT);AC=PRIDE:0000608	NT=methyl methanethiosulfonate (MMTS);AC=PRIDE:0000605	NT=Methylthio;AC=UNIMOD:39;TA=C;MT=Fixed	NT=Oxidation;AC=UNIMOD:35;TA=M;MT=Variable	NT=TMT6plex;AC=UNIMOD:737;TA=K;MT=Fixed	NT=TMT6plex;AC=UNIMOD:737;PP=Any N-term;MT=Fixed	healthy mucosal tissue
CoM10	Homo sapiens	colon	not available	10	not pooled	study sample	colorectal cancer	tissue	not available	not available	not available	patient-10	healthy mucosal tissue	Fusion_180201_48-TMT130C	proteomic profiling by mass spectrometry	1	Fusion_180201_48.raw	v1.1.0	NT=ms-proteomics;VV=v1.1.0	NT=human;VV=v1.1.0	NT=clinical-metadata;VV=v1.0.0	NT=oncology-metadata;VV=v1.0.0	manual curation	NT=Data-dependent acquisition;AC=PRIDE:0000627	NT=Orbitrap Fusion;AC=MS:1002416	NT=Trypsin;AC=MS:1001251	TMT130C	3	NT=higher energy beam-type collision-induced dissociation;AC=MS:1000422	5 ppm	0.6 Da	NT=dithiothreitol (DTT);AC=PRIDE:0000608	NT=methyl methanethiosulfonate (MMTS);AC=PRIDE:0000605	NT=Methylthio;AC=UNIMOD:39;TA=C;MT=Fixed	NT=Oxidation;AC=UNIMOD:35;TA=M;MT=Variable	NT=TMT6plex;AC=UNIMOD:737;TA=K;MT=Fixed	NT=TMT6plex;AC=UNIMOD:737;PP=Any N-term;MT=Fixed	healthy mucosal tissue
CoM10	Homo sapiens	colon	not available	10	not pooled	study sample	colorectal cancer	tissue	not available	not available	not available	patient-10	healthy mucosal tissue	Fusion_180201_49-TMT130C	proteomic profiling by mass spectrometry	1	Fusion_180201_49.raw	v1.1.0	NT=ms-proteomics;VV=v1.1.0	NT=human;VV=v1.1.0	NT=clinical-metadata;VV=v1.0.0	NT=oncology-metadata;VV=v1.0.0	manual curation	NT=Data-dependent acquisition;AC=PRIDE:0000627	NT=Orbitrap Fusion;AC=MS:1002416	NT=Trypsin;AC=MS:1001251	TMT130C	4	NT=higher energy beam-type collision-induced dissociation;AC=MS:1000422	5 ppm	0.6 Da	NT=dithiothreitol (DTT);AC=PRIDE:0000608	NT=methyl methanethiosulfonate (MMTS);AC=PRIDE:0000605	NT=Methylthio;AC=UNIMOD:39;TA=C;MT=Fixed	NT=Oxidation;AC=UNIMOD:35;TA=M;MT=Variable	NT=TMT6plex;AC=UNIMOD:737;TA=K;MT=Fixed	NT=TMT6plex;AC=UNIMOD:737;PP=Any N-term;MT=Fixed	healthy mucosal tissue
CoM10	Homo sapiens	colon	not available	10	not pooled	study sample	colorectal cancer	tissue	not available	not available	not available	patient-10	healthy mucosal tissue	Fusion_180201_50-TMT130C	proteomic profiling by mass spectrometry	1	Fusion_180201_50.raw	v1.1.0	NT=ms-proteomics;VV=v1.1.0	NT=human;VV=v1.1.0	NT=clinical-metadata;VV=v1.0.0	NT=oncology-metadata;VV=v1.0.0	manual curation	NT=Data-dependent acquisition;AC=PRIDE:0000627	NT=Orbitrap Fusion;AC=MS:1002416	NT=Trypsin;AC=MS:1001251	TMT130C	5	NT=higher energy beam-type collision-induced dissociation;AC=MS:1000422	5 ppm	0.6 Da	NT=dithiothreitol (DTT);AC=PRIDE:0000608	NT=methyl methanethiosulfonate (MMTS);AC=PRIDE:0000605	NT=Methylthio;AC=UNIMOD:39;TA=C;MT=Fixed	NT=Oxidation;AC=UNIMOD:35;TA=M;MT=Variable	NT=TMT6plex;AC=UNIMOD:737;TA=K;MT=Fixed	NT=TMT6plex;AC=UNIMOD:737;PP=Any N-term;MT=Fixed	healthy mucosal tissue
CoM10	Homo sapiens	colon	not available	10	not pooled	study sample	colorectal cancer	tissue	not available	not available	not available	patient-10	healthy mucosal tissue	Fusion_180201_51-TMT130C	proteomic profiling by mass spectrometry	1	Fusion_180201_51.raw	v1.1.0	NT=ms-proteomics;VV=v1.1.0	NT=human;VV=v1.1.0	NT=clinical-metadata;VV=v1.0.0	NT=oncology-metadata;VV=v1.0.0	manual curation	NT=Data-dependent acquisition;AC=PRIDE:0000627	NT=Orbitrap Fusion;AC=MS:1002416	NT=Trypsin;AC=MS:1001251	TMT130C	6	NT=higher energy beam-type collision-induced dissociation;AC=MS:1000422	5 ppm	0.6 Da	NT=dithiothreitol (DTT);AC=PRIDE:0000608	NT=methyl methanethiosulfonate (MMTS);AC=PRIDE:0000605	NT=Methylthio;AC=UNIMOD:39;TA=C;MT=Fixed	NT=Oxidation;AC=UNIMOD:35;TA=M;MT=Variable	NT=TMT6plex;AC=UNIMOD:737;TA=K;MT=Fixed	NT=TMT6plex;AC=UNIMOD:737;PP=Any N-term;MT=Fixed	healthy mucosal tissue
CoM10	Homo sapiens	colon	not available	10	not pooled	study sample	colorectal cancer	tissue	not available	not available	not available	patient-10	healthy mucosal tissue	Fusion_180201_52-TMT130C	proteomic profiling by mass spectrometry	1	Fusion_180201_52.raw	v1.1.0	NT=ms-proteomics;VV=v1.1.0	NT=human;VV=v1.1.0	NT=clinical-metadata;VV=v1.0.0	NT=oncology-metadata;VV=v1.0.0	manual curation	NT=Data-dependent acquisition;AC=PRIDE:0000627	NT=Orbitrap Fusion;AC=MS:1002416	NT=Trypsin;AC=MS:1001251	TMT130C	7	NT=higher energy beam-type collision-induced dissociation;AC=MS:1000422	5 ppm	0.6 Da	NT=dithiothreitol (DTT);AC=PRIDE:0000608	NT=methyl methanethiosulfonate (MMTS);AC=PRIDE:0000605	NT=Methylthio;AC=UNIMOD:39;TA=C;MT=Fixed	NT=Oxidation;AC=UNIMOD:35;TA=M;MT=Variable	NT=TMT6plex;AC=UNIMOD:737;TA=K;MT=Fixed	NT=TMT6plex;AC=UNIMOD:737;PP=Any N-term;MT=Fixed	healthy mucosal tissue
CoM10	Homo sapiens	colon	not available	10	not pooled	study sample	colorectal cancer	tissue	not available	not available	not available	patient-10	healthy mucosal tissue	Fusion_180201_53-TMT130C	proteomic profiling by mass spectrometry	1	Fusion_180201_53.raw	v1.1.0	NT=ms-proteomics;VV=v1.1.0	NT=human;VV=v1.1.0	NT=clinical-metadata;VV=v1.0.0	NT=oncology-metadata;VV=v1.0.0	manual curation	NT=Data-dependent acquisition;AC=PRIDE:0000627	NT=Orbitrap Fusion;AC=MS:1002416	NT=Trypsin;AC=MS:1001251	TMT130C	8	NT=higher energy beam-type collision-induced dissociation;AC=MS:1000422	5 ppm	0.6 Da	NT=dithiothreitol (DTT);AC=PRIDE:0000608	NT=methyl methanethiosulfonate (MMTS);AC=PRIDE:0000605	NT=Methylthio;AC=UNIMOD:39;TA=C;MT=Fixed	NT=Oxidation;AC=UNIMOD:35;TA=M;MT=Variable	NT=TMT6plex;AC=UNIMOD:737;TA=K;MT=Fixed	NT=TMT6plex;AC=UNIMOD:737;PP=Any N-term;MT=Fixed	healthy mucosal tissue
CoM10	Homo sapiens	colon	not available	10	not pooled	study sample	colorectal cancer	tissue	not available	not available	not available	patient-10	healthy mucosal tissue	Fusion_180201_54-TMT130C	proteomic profiling by mass spectrometry	1	Fusion_180201_54.raw	v1.1.0	NT=ms-proteomics;VV=v1.1.0	NT=human;VV=v1.1.0	NT=clinical-metadata;VV=v1.0.0	NT=oncology-metadata;VV=v1.0.0	manual curation	NT=Data-dependent acquisition;AC=PRIDE:0000627	NT=Orbitrap Fusion;AC=MS:1002416	NT=Trypsin;AC=MS:1001251	TMT130C	9	NT=higher energy beam-type collision-induced dissociation;AC=MS:1000422	5 ppm	0.6 Da	NT=dithiothreitol (DTT);AC=PRIDE:0000608	NT=methyl methanethiosulfonate (MMTS);AC=PRIDE:0000605	NT=Methylthio;AC=UNIMOD:39;TA=C;MT=Fixed	NT=Oxidation;AC=UNIMOD:35;TA=M;MT=Variable	NT=TMT6plex;AC=UNIMOD:737;TA=K;MT=Fixed	NT=TMT6plex;AC=UNIMOD:737;PP=Any N-term;MT=Fixed	healthy mucosal tissue
CoM10	Homo sapiens	colon	not available	10	not pooled	study sample	colorectal cancer	tissue	not available	not available	not available	patient-10	healthy mucosal tissue	Fusion_180201_55-TMT130C	proteomic profiling by mass spectrometry	1	Fusion_180201_55.raw	v1.1.0	NT=ms-proteomics;VV=v1.1.0	NT=human;VV=v1.1.0	NT=clinical-metadata;VV=v1.0.0	NT=oncology-metadata;VV=v1.0.0	manual curation	NT=Data-dependent acquisition;AC=PRIDE:0000627	NT=Orbitrap Fusion;AC=MS:1002416	NT=Trypsin;AC=MS:1001251	TMT130C	10	NT=higher energy beam-type collision-induced dissociation;AC=MS:1000422	5 ppm	0.6 Da	NT=dithiothreitol (DTT);AC=PRIDE:0000608	NT=methyl methanethiosulfonate (MMTS);AC=PRIDE:0000605	NT=Methylthio;AC=UNIMOD:39;TA=C;MT=Fixed	NT=Oxidation;AC=UNIMOD:35;TA=M;MT=Variable	NT=TMT6plex;AC=UNIMOD:737;TA=K;MT=Fixed	NT=TMT6plex;AC=UNIMOD:737;PP=Any N-term;MT=Fixed	healthy mucosal tissue
CoM10	Homo sapiens	colon	not available	10	not pooled	study sample	colorectal cancer	tissue	not available	not available	not available	patient-10	healthy mucosal tissue	Fusion_180201_56-TMT130C	proteomic profiling by mass spectrometry	1	Fusion_180201_56.raw	v1.1.0	NT=ms-proteomics;VV=v1.1.0	NT=human;VV=v1.1.0	NT=clinical-metadata;VV=v1.0.0	NT=oncology-metadata;VV=v1.0.0	manual curation	NT=Data-dependent acquisition;AC=PRIDE:0000627	NT=Orbitrap Fusion;AC=MS:1002416	NT=Trypsin;AC=MS:1001251	TMT130C	11	NT=higher energy beam-type collision-induced dissociation;AC=MS:1000422	5 ppm	0.6 Da	NT=dithiothreitol (DTT);AC=PRIDE:0000608	NT=methyl methanethiosulfonate (MMTS);AC=PRIDE:0000605	NT=Methylthio;AC=UNIMOD:39;TA=C;MT=Fixed	NT=Oxidation;AC=UNIMOD:35;TA=M;MT=Variable	NT=TMT6plex;AC=UNIMOD:737;TA=K;MT=Fixed	NT=TMT6plex;AC=UNIMOD:737;PP=Any N-term;MT=Fixed	healthy mucosal tissue
CoM10	Homo sapiens	colon	not available	10	not pooled	study sample	colorectal cancer	tissue	not available	not available	not available	patient-10	healthy mucosal tissue	Fusion_180201_57-TMT130C	proteomic profiling by mass spectrometry	1	Fusion_180201_57.raw	v1.1.0	NT=ms-proteomics;VV=v1.1.0	NT=human;VV=v1.1.0	NT=clinical-metadata;VV=v1.0.0	NT=oncology-metadata;VV=v1.0.0	manual curation	NT=Data-dependent acquisition;AC=PRIDE:0000627	NT=Orbitrap Fusion;AC=MS:1002416	NT=Trypsin;AC=MS:1001251	TMT130C	12	NT=higher energy beam-type collision-induced dissociation;AC=MS:1000422	5 ppm	0.6 Da	NT=dithiothreitol (DTT);AC=PRIDE:0000608	NT=methyl methanethiosulfonate (MMTS);AC=PRIDE:0000605	NT=Methylthio;AC=UNIMOD:39;TA=C;MT=Fixed	NT=Oxidation;AC=UNIMOD:35;TA=M;MT=Variable	NT=TMT6plex;AC=UNIMOD:737;TA=K;MT=Fixed	NT=TMT6plex;AC=UNIMOD:737;PP=Any N-term;MT=Fixed	healthy mucosal tissue
CoM10	Homo sapiens	colon	not available	10	not pooled	study sample	colorectal cancer	tissue	not available	not available	not available	patient-10	healthy mucosal tissue	Fusion_180201_58-TMT130C	proteomic profiling by mass spectrometry	1	Fusion_180201_58.raw	v1.1.0	NT=ms-proteomics;VV=v1.1.0	NT=human;VV=v1.1.0	NT=clinical-metadata;VV=v1.0.0	NT=oncology-metadata;VV=v1.0.0	manual curation	NT=Data-dependent acquisition;AC=PRIDE:0000627	NT=Orbitrap Fusion;AC=MS:1002416	NT=Trypsin;AC=MS:1001251	TMT130C	13	NT=higher energy beam-type collision-induced dissociation;AC=MS:1000422	5 ppm	0.6 Da	NT=dithiothreitol (DTT);AC=PRIDE:0000608	NT=methyl methanethiosulfonate (MMTS);AC=PRIDE:0000605	NT=Methylthio;AC=UNIMOD:39;TA=C;MT=Fixed	NT=Oxidation;AC=UNIMOD:35;TA=M;MT=Variable	NT=TMT6plex;AC=UNIMOD:737;TA=K;MT=Fixed	NT=TMT6plex;AC=UNIMOD:737;PP=Any N-term;MT=Fixed	healthy mucosal tissue
CoM10	Homo sapiens	colon	not available	10	not pooled	study sample	colorectal cancer	tissue	not available	not available	not available	patient-10	healthy mucosal tissue	Fusion_180201_59-TMT130C	proteomic profiling by mass spectrometry	1	Fusion_180201_59.raw	v1.1.0	NT=ms-proteomics;VV=v1.1.0	NT=human;VV=v1.1.0	NT=clinical-metadata;VV=v1.0.0	NT=oncology-metadata;VV=v1.0.0	manual curation	NT=Data-dependent acquisition;AC=PRIDE:0000627	NT=Orbitrap Fusion;AC=MS:1002416	NT=Trypsin;AC=MS:1001251	TMT130C	14	NT=higher energy beam-type collision-induced dissociation;AC=MS:1000422	5 ppm	0.6 Da	NT=dithiothreitol (DTT);AC=PRIDE:0000608	NT=methyl methanethiosulfonate (MMTS);AC=PRIDE:0000605	NT=Methylthio;AC=UNIMOD:39;TA=C;MT=Fixed	NT=Oxidation;AC=UNIMOD:35;TA=M;MT=Variable	NT=TMT6plex;AC=UNIMOD:737;TA=K;MT=Fixed	NT=TMT6plex;AC=UNIMOD:737;PP=Any N-term;MT=Fixed	healthy mucosal tissue
CoM10	Homo sapiens	colon	not available	10	not pooled	study sample	colorectal cancer	tissue	not available	not available	not available	patient-10	healthy mucosal tissue	Fusion_180201_60-TMT130C	proteomic profiling by mass spectrometry	1	Fusion_180201_60.raw	v1.1.0	NT=ms-proteomics;VV=v1.1.0	NT=human;VV=v1.1.0	NT=clinical-metadata;VV=v1.0.0	NT=oncology-metadata;VV=v1.0.0	manual curation	NT=Data-dependent acquisition;AC=PRIDE:0000627	NT=Orbitrap Fusion;AC=MS:1002416	NT=Trypsin;AC=MS:1001251	TMT130C	15	NT=higher energy beam-type collision-induced dissociation;AC=MS:1000422	5 ppm	0.6 Da	NT=dithiothreitol (DTT);AC=PRIDE:0000608	NT=methyl methanethiosulfonate (MMTS);AC=PRIDE:0000605	NT=Methylthio;AC=UNIMOD:39;TA=C;MT=Fixed	NT=Oxidation;AC=UNIMOD:35;TA=M;MT=Variable	NT=TMT6plex;AC=UNIMOD:737;TA=K;MT=Fixed	NT=TMT6plex;AC=UNIMOD:737;PP=Any N-term;MT=Fixed	healthy mucosal tissue
CoM10	Homo sapiens	colon	not available	10	not pooled	study sample	colorectal cancer	tissue	not available	not available	not available	patient-10	healthy mucosal tissue	Fusion_180201_61-TMT130C	proteomic profiling by mass spectrometry	1	Fusion_180201_61.raw	v1.1.0	NT=ms-proteomics;VV=v1.1.0	NT=human;VV=v1.1.0	NT=clinical-metadata;VV=v1.0.0	NT=oncology-metadata;VV=v1.0.0	manual curation	NT=Data-dependent acquisition;AC=PRIDE:0000627	NT=Orbitrap Fusion;AC=MS:1002416	NT=Trypsin;AC=MS:1001251	TMT130C	16	NT=higher energy beam-type collision-induced dissociation;AC=MS:1000422	5 ppm	0.6 Da	NT=dithiothreitol (DTT);AC=PRIDE:0000608	NT=methyl methanethiosulfonate (MMTS);AC=PRIDE:0000605	NT=Methylthio;AC=UNIMOD:39;TA=C;MT=Fixed	NT=Oxidation;AC=UNIMOD:35;TA=M;MT=Variable	NT=TMT6plex;AC=UNIMOD:737;TA=K;MT=Fixed	NT=TMT6plex;AC=UNIMOD:737;PP=Any N-term;MT=Fixed	healthy mucosal tissue
CoM10	Homo sapiens	colon	not available	10	not pooled	study sample	colorectal cancer	tissue	not available	not available	not available	patient-10	healthy mucosal tissue	Fusion_180201_62-TMT130C	proteomic profiling by mass spectrometry	1	Fusion_180201_62.raw	v1.1.0	NT=ms-proteomics;VV=v1.1.0	NT=human;VV=v1.1.0	NT=clinical-metadata;VV=v1.0.0	NT=oncology-metadata;VV=v1.0.0	manual curation	NT=Data-dependent acquisition;AC=PRIDE:0000627	NT=Orbitrap Fusion;AC=MS:1002416	NT=Trypsin;AC=MS:1001251	TMT130C	17	NT=higher energy beam-type collision-induced dissociation;AC=MS:1000422	5 ppm	0.6 Da	NT=dithiothreitol (DTT);AC=PRIDE:0000608	NT=methyl methanethiosulfonate (MMTS);AC=PRIDE:0000605	NT=Methylthio;AC=UNIMOD:39;TA=C;MT=Fixed	NT=Oxidation;AC=UNIMOD:35;TA=M;MT=Variable	NT=TMT6plex;AC=UNIMOD:737;TA=K;MT=Fixed	NT=TMT6plex;AC=UNIMOD:737;PP=Any N-term;MT=Fixed	healthy mucosal tissue
CoM10	Homo sapiens	colon	not available	10	not pooled	study sample	colorectal cancer	tissue	not available	not available	not available	patient-10	healthy mucosal tissue	Fusion_180201_63-TMT130C	proteomic profiling by mass spectrometry	1	Fusion_180201_63.raw	v1.1.0	NT=ms-proteomics;VV=v1.1.0	NT=human;VV=v1.1.0	NT=clinical-metadata;VV=v1.0.0	NT=oncology-metadata;VV=v1.0.0	manual curation	NT=Data-dependent acquisition;AC=PRIDE:0000627	NT=Orbitrap Fusion;AC=MS:1002416	NT=Trypsin;AC=MS:1001251	TMT130C	18	NT=higher energy beam-type collision-induced dissociation;AC=MS:1000422	5 ppm	0.6 Da	NT=dithiothreitol (DTT);AC=PRIDE:0000608	NT=methyl methanethiosulfonate (MMTS);AC=PRIDE:0000605	NT=Methylthio;AC=UNIMOD:39;TA=C;MT=Fixed	NT=Oxidation;AC=UNIMOD:35;TA=M;MT=Variable	NT=TMT6plex;AC=UNIMOD:737;TA=K;MT=Fixed	NT=TMT6plex;AC=UNIMOD:737;PP=Any N-term;MT=Fixed	healthy mucosal tissue
CoM10	Homo sapiens	colon	not available	10	not pooled	study sample	colorectal cancer	tissue	not available	not available	not available	patient-10	healthy mucosal tissue	Fusion_180201_64-TMT130C	proteomic profiling by mass spectrometry	1	Fusion_180201_64.raw	v1.1.0	NT=ms-proteomics;VV=v1.1.0	NT=human;VV=v1.1.0	NT=clinical-metadata;VV=v1.0.0	NT=oncology-metadata;VV=v1.0.0	manual curation	NT=Data-dependent acquisition;AC=PRIDE:0000627	NT=Orbitrap Fusion;AC=MS:1002416	NT=Trypsin;AC=MS:1001251	TMT130C	19	NT=higher energy beam-type collision-induced dissociation;AC=MS:1000422	5 ppm	0.6 Da	NT=dithiothreitol (DTT);AC=PRIDE:0000608	NT=methyl methanethiosulfonate (MMTS);AC=PRIDE:0000605	NT=Methylthio;AC=UNIMOD:39;TA=C;MT=Fixed	NT=Oxidation;AC=UNIMOD:35;TA=M;MT=Variable	NT=TMT6plex;AC=UNIMOD:737;TA=K;MT=Fixed	NT=TMT6plex;AC=UNIMOD:737;PP=Any N-term;MT=Fixed	healthy mucosal tissue
CoM10	Homo sapiens	colon	not available	10	not pooled	study sample	colorectal cancer	tissue	not available	not available	not available	patient-10	healthy mucosal tissue	Fusion_180201_65-TMT130C	proteomic profiling by mass spectrometry	1	Fusion_180201_65.raw	v1.1.0	NT=ms-proteomics;VV=v1.1.0	NT=human;VV=v1.1.0	NT=clinical-metadata;VV=v1.0.0	NT=oncology-metadata;VV=v1.0.0	manual curation	NT=Data-dependent acquisition;AC=PRIDE:0000627	NT=Orbitrap Fusion;AC=MS:1002416	NT=Trypsin;AC=MS:1001251	TMT130C	20	NT=higher energy beam-type collision-induced dissociation;AC=MS:1000422	5 ppm	0.6 Da	NT=dithiothreitol (DTT);AC=PRIDE:0000608	NT=methyl methanethiosulfonate (MMTS);AC=PRIDE:0000605	NT=Methylthio;AC=UNIMOD:39;TA=C;MT=Fixed	NT=Oxidation;AC=UNIMOD:35;TA=M;MT=Variable	NT=TMT6plex;AC=UNIMOD:737;TA=K;MT=Fixed	NT=TMT6plex;AC=UNIMOD:737;PP=Any N-term;MT=Fixed	healthy mucosal tissue
CoT10	Homo sapiens	colon	not available	10	not pooled	study sample	colorectal cancer	tissue	not available	not available	not available	patient-10	tumor tissue	Fusion_180201_46-TMT131N	proteomic profiling by mass spectrometry	1	Fusion_180201_46.raw	v1.1.0	NT=ms-proteomics;VV=v1.1.0	NT=human;VV=v1.1.0	NT=clinical-metadata;VV=v1.0.0	NT=oncology-metadata;VV=v1.0.0	manual curation	NT=Data-dependent acquisition;AC=PRIDE:0000627	NT=Orbitrap Fusion;AC=MS:1002416	NT=Trypsin;AC=MS:1001251	TMT131N	1	NT=higher energy beam-type collision-induced dissociation;AC=MS:1000422	5 ppm	0.6 Da	NT=dithiothreitol (DTT);AC=PRIDE:0000608	NT=methyl methanethiosulfonate (MMTS);AC=PRIDE:0000605	NT=Methylthio;AC=UNIMOD:39;TA=C;MT=Fixed	NT=Oxidation;AC=UNIMOD:35;TA=M;MT=Variable	NT=TMT6plex;AC=UNIMOD:737;TA=K;MT=Fixed	NT=TMT6plex;AC=UNIMOD:737;PP=Any N-term;MT=Fixed	tumor tissue
CoT10	Homo sapiens	colon	not available	10	not pooled	study sample	colorectal cancer	tissue	not available	not available	not available	patient-10	tumor tissue	Fusion_180201_47-TMT131N	proteomic profiling by mass spectrometry	1	Fusion_180201_47.raw	v1.1.0	NT=ms-proteomics;VV=v1.1.0	NT=human;VV=v1.1.0	NT=clinical-metadata;VV=v1.0.0	NT=oncology-metadata;VV=v1.0.0	manual curation	NT=Data-dependent acquisition;AC=PRIDE:0000627	NT=Orbitrap Fusion;AC=MS:1002416	NT=Trypsin;AC=MS:1001251	TMT131N	2	NT=higher energy beam-type collision-induced dissociation;AC=MS:1000422	5 ppm	0.6 Da	NT=dithiothreitol (DTT);AC=PRIDE:0000608	NT=methyl methanethiosulfonate (MMTS);AC=PRIDE:0000605	NT=Methylthio;AC=UNIMOD:39;TA=C;MT=Fixed	NT=Oxidation;AC=UNIMOD:35;TA=M;MT=Variable	NT=TMT6plex;AC=UNIMOD:737;TA=K;MT=Fixed	NT=TMT6plex;AC=UNIMOD:737;PP=Any N-term;MT=Fixed	tumor tissue
CoT10	Homo sapiens	colon	not available	10	not pooled	study sample	colorectal cancer	tissue	not available	not available	not available	patient-10	tumor tissue	Fusion_180201_48-TMT131N	proteomic profiling by mass spectrometry	1	Fusion_180201_48.raw	v1.1.0	NT=ms-proteomics;VV=v1.1.0	NT=human;VV=v1.1.0	NT=clinical-metadata;VV=v1.0.0	NT=oncology-metadata;VV=v1.0.0	manual curation	NT=Data-dependent acquisition;AC=PRIDE:0000627	NT=Orbitrap Fusion;AC=MS:1002416	NT=Trypsin;AC=MS:1001251	TMT131N	3	NT=higher energy beam-type collision-induced dissociation;AC=MS:1000422	5 ppm	0.6 Da	NT=dithiothreitol (DTT);AC=PRIDE:0000608	NT=methyl methanethiosulfonate (MMTS);AC=PRIDE:0000605	NT=Methylthio;AC=UNIMOD:39;TA=C;MT=Fixed	NT=Oxidation;AC=UNIMOD:35;TA=M;MT=Variable	NT=TMT6plex;AC=UNIMOD:737;TA=K;MT=Fixed	NT=TMT6plex;AC=UNIMOD:737;PP=Any N-term;MT=Fixed	tumor tissue
CoT10	Homo sapiens	colon	not available	10	not pooled	study sample	colorectal cancer	tissue	not available	not available	not available	patient-10	tumor tissue	Fusion_180201_49-TMT131N	proteomic profiling by mass spectrometry	1	Fusion_180201_49.raw	v1.1.0	NT=ms-proteomics;VV=v1.1.0	NT=human;VV=v1.1.0	NT=clinical-metadata;VV=v1.0.0	NT=oncology-metadata;VV=v1.0.0	manual curation	NT=Data-dependent acquisition;AC=PRIDE:0000627	NT=Orbitrap Fusion;AC=MS:1002416	NT=Trypsin;AC=MS:1001251	TMT131N	4	NT=higher energy beam-type collision-induced dissociation;AC=MS:1000422	5 ppm	0.6 Da	NT=dithiothreitol (DTT);AC=PRIDE:0000608	NT=methyl methanethiosulfonate (MMTS);AC=PRIDE:0000605	NT=Methylthio;AC=UNIMOD:39;TA=C;MT=Fixed	NT=Oxidation;AC=UNIMOD:35;TA=M;MT=Variable	NT=TMT6plex;AC=UNIMOD:737;TA=K;MT=Fixed	NT=TMT6plex;AC=UNIMOD:737;PP=Any N-term;MT=Fixed	tumor tissue
CoT10	Homo sapiens	colon	not available	10	not pooled	study sample	colorectal cancer	tissue	not available	not available	not available	patient-10	tumor tissue	Fusion_180201_50-TMT131N	proteomic profiling by mass spectrometry	1	Fusion_180201_50.raw	v1.1.0	NT=ms-proteomics;VV=v1.1.0	NT=human;VV=v1.1.0	NT=clinical-metadata;VV=v1.0.0	NT=oncology-metadata;VV=v1.0.0	manual curation	NT=Data-dependent acquisition;AC=PRIDE:0000627	NT=Orbitrap Fusion;AC=MS:1002416	NT=Trypsin;AC=MS:1001251	TMT131N	5	NT=higher energy beam-type collision-induced dissociation;AC=MS:1000422	5 ppm	0.6 Da	NT=dithiothreitol (DTT);AC=PRIDE:0000608	NT=methyl methanethiosulfonate (MMTS);AC=PRIDE:0000605	NT=Methylthio;AC=UNIMOD:39;TA=C;MT=Fixed	NT=Oxidation;AC=UNIMOD:35;TA=M;MT=Variable	NT=TMT6plex;AC=UNIMOD:737;TA=K;MT=Fixed	NT=TMT6plex;AC=UNIMOD:737;PP=Any N-term;MT=Fixed	tumor tissue
CoT10	Homo sapiens	colon	not available	10	not pooled	study sample	colorectal cancer	tissue	not available	not available	not available	patient-10	tumor tissue	Fusion_180201_51-TMT131N	proteomic profiling by mass spectrometry	1	Fusion_180201_51.raw	v1.1.0	NT=ms-proteomics;VV=v1.1.0	NT=human;VV=v1.1.0	NT=clinical-metadata;VV=v1.0.0	NT=oncology-metadata;VV=v1.0.0	manual curation	NT=Data-dependent acquisition;AC=PRIDE:0000627	NT=Orbitrap Fusion;AC=MS:1002416	NT=Trypsin;AC=MS:1001251	TMT131N	6	NT=higher energy beam-type collision-induced dissociation;AC=MS:1000422	5 ppm	0.6 Da	NT=dithiothreitol (DTT);AC=PRIDE:0000608	NT=methyl methanethiosulfonate (MMTS);AC=PRIDE:0000605	NT=Methylthio;AC=UNIMOD:39;TA=C;MT=Fixed	NT=Oxidation;AC=UNIMOD:35;TA=M;MT=Variable	NT=TMT6plex;AC=UNIMOD:737;TA=K;MT=Fixed	NT=TMT6plex;AC=UNIMOD:737;PP=Any N-term;MT=Fixed	tumor tissue
CoT10	Homo sapiens	colon	not available	10	not pooled	study sample	colorectal cancer	tissue	not available	not available	not available	patient-10	tumor tissue	Fusion_180201_52-TMT131N	proteomic profiling by mass spectrometry	1	Fusion_180201_52.raw	v1.1.0	NT=ms-proteomics;VV=v1.1.0	NT=human;VV=v1.1.0	NT=clinical-metadata;VV=v1.0.0	NT=oncology-metadata;VV=v1.0.0	manual curation	NT=Data-dependent acquisition;AC=PRIDE:0000627	NT=Orbitrap Fusion;AC=MS:1002416	NT=Trypsin;AC=MS:1001251	TMT131N	7	NT=higher energy beam-type collision-induced dissociation;AC=MS:1000422	5 ppm	0.6 Da	NT=dithiothreitol (DTT);AC=PRIDE:0000608	NT=methyl methanethiosulfonate (MMTS);AC=PRIDE:0000605	NT=Methylthio;AC=UNIMOD:39;TA=C;MT=Fixed	NT=Oxidation;AC=UNIMOD:35;TA=M;MT=Variable	NT=TMT6plex;AC=UNIMOD:737;TA=K;MT=Fixed	NT=TMT6plex;AC=UNIMOD:737;PP=Any N-term;MT=Fixed	tumor tissue
CoT10	Homo sapiens	colon	not available	10	not pooled	study sample	colorectal cancer	tissue	not available	not available	not available	patient-10	tumor tissue	Fusion_180201_53-TMT131N	proteomic profiling by mass spectrometry	1	Fusion_180201_53.raw	v1.1.0	NT=ms-proteomics;VV=v1.1.0	NT=human;VV=v1.1.0	NT=clinical-metadata;VV=v1.0.0	NT=oncology-metadata;VV=v1.0.0	manual curation	NT=Data-dependent acquisition;AC=PRIDE:0000627	NT=Orbitrap Fusion;AC=MS:1002416	NT=Trypsin;AC=MS:1001251	TMT131N	8	NT=higher energy beam-type collision-induced dissociation;AC=MS:1000422	5 ppm	0.6 Da	NT=dithiothreitol (DTT);AC=PRIDE:0000608	NT=methyl methanethiosulfonate (MMTS);AC=PRIDE:0000605	NT=Methylthio;AC=UNIMOD:39;TA=C;MT=Fixed	NT=Oxidation;AC=UNIMOD:35;TA=M;MT=Variable	NT=TMT6plex;AC=UNIMOD:737;TA=K;MT=Fixed	NT=TMT6plex;AC=UNIMOD:737;PP=Any N-term;MT=Fixed	tumor tissue
CoT10	Homo sapiens	colon	not available	10	not pooled	study sample	colorectal cancer	tissue	not available	not available	not available	patient-10	tumor tissue	Fusion_180201_54-TMT131N	proteomic profiling by mass spectrometry	1	Fusion_180201_54.raw	v1.1.0	NT=ms-proteomics;VV=v1.1.0	NT=human;VV=v1.1.0	NT=clinical-metadata;VV=v1.0.0	NT=oncology-metadata;VV=v1.0.0	manual curation	NT=Data-dependent acquisition;AC=PRIDE:0000627	NT=Orbitrap Fusion;AC=MS:1002416	NT=Trypsin;AC=MS:1001251	TMT131N	9	NT=higher energy beam-type collision-induced dissociation;AC=MS:1000422	5 ppm	0.6 Da	NT=dithiothreitol (DTT);AC=PRIDE:0000608	NT=methyl methanethiosulfonate (MMTS);AC=PRIDE:0000605	NT=Methylthio;AC=UNIMOD:39;TA=C;MT=Fixed	NT=Oxidation;AC=UNIMOD:35;TA=M;MT=Variable	NT=TMT6plex;AC=UNIMOD:737;TA=K;MT=Fixed	NT=TMT6plex;AC=UNIMOD:737;PP=Any N-term;MT=Fixed	tumor tissue
CoT10	Homo sapiens	colon	not available	10	not pooled	study sample	colorectal cancer	tissue	not available	not available	not available	patient-10	tumor tissue	Fusion_180201_55-TMT131N	proteomic profiling by mass spectrometry	1	Fusion_180201_55.raw	v1.1.0	NT=ms-proteomics;VV=v1.1.0	NT=human;VV=v1.1.0	NT=clinical-metadata;VV=v1.0.0	NT=oncology-metadata;VV=v1.0.0	manual curation	NT=Data-dependent acquisition;AC=PRIDE:0000627	NT=Orbitrap Fusion;AC=MS:1002416	NT=Trypsin;AC=MS:1001251	TMT131N	10	NT=higher energy beam-type collision-induced dissociation;AC=MS:1000422	5 ppm	0.6 Da	NT=dithiothreitol (DTT);AC=PRIDE:0000608	NT=methyl methanethiosulfonate (MMTS);AC=PRIDE:0000605	NT=Methylthio;AC=UNIMOD:39;TA=C;MT=Fixed	NT=Oxidation;AC=UNIMOD:35;TA=M;MT=Variable	NT=TMT6plex;AC=UNIMOD:737;TA=K;MT=Fixed	NT=TMT6plex;AC=UNIMOD:737;PP=Any N-term;MT=Fixed	tumor tissue
CoT10	Homo sapiens	colon	not available	10	not pooled	study sample	colorectal cancer	tissue	not available	not available	not available	patient-10	tumor tissue	Fusion_180201_56-TMT131N	proteomic profiling by mass spectrometry	1	Fusion_180201_56.raw	v1.1.0	NT=ms-proteomics;VV=v1.1.0	NT=human;VV=v1.1.0	NT=clinical-metadata;VV=v1.0.0	NT=oncology-metadata;VV=v1.0.0	manual curation	NT=Data-dependent acquisition;AC=PRIDE:0000627	NT=Orbitrap Fusion;AC=MS:1002416	NT=Trypsin;AC=MS:1001251	TMT131N	11	NT=higher energy beam-type collision-induced dissociation;AC=MS:1000422	5 ppm	0.6 Da	NT=dithiothreitol (DTT);AC=PRIDE:0000608	NT=methyl methanethiosulfonate (MMTS);AC=PRIDE:0000605	NT=Methylthio;AC=UNIMOD:39;TA=C;MT=Fixed	NT=Oxidation;AC=UNIMOD:35;TA=M;MT=Variable	NT=TMT6plex;AC=UNIMOD:737;TA=K;MT=Fixed	NT=TMT6plex;AC=UNIMOD:737;PP=Any N-term;MT=Fixed	tumor tissue
CoT10	Homo sapiens	colon	not available	10	not pooled	study sample	colorectal cancer	tissue	not available	not available	not available	patient-10	tumor tissue	Fusion_180201_57-TMT131N	proteomic profiling by mass spectrometry	1	Fusion_180201_57.raw	v1.1.0	NT=ms-proteomics;VV=v1.1.0	NT=human;VV=v1.1.0	NT=clinical-metadata;VV=v1.0.0	NT=oncology-metadata;VV=v1.0.0	manual curation	NT=Data-dependent acquisition;AC=PRIDE:0000627	NT=Orbitrap Fusion;AC=MS:1002416	NT=Trypsin;AC=MS:1001251	TMT131N	12	NT=higher energy beam-type collision-induced dissociation;AC=MS:1000422	5 ppm	0.6 Da	NT=dithiothreitol (DTT);AC=PRIDE:0000608	NT=methyl methanethiosulfonate (MMTS);AC=PRIDE:0000605	NT=Methylthio;AC=UNIMOD:39;TA=C;MT=Fixed	NT=Oxidation;AC=UNIMOD:35;TA=M;MT=Variable	NT=TMT6plex;AC=UNIMOD:737;TA=K;MT=Fixed	NT=TMT6plex;AC=UNIMOD:737;PP=Any N-term;MT=Fixed	tumor tissue
CoT10	Homo sapiens	colon	not available	10	not pooled	study sample	colorectal cancer	tissue	not available	not available	not available	patient-10	tumor tissue	Fusion_180201_58-TMT131N	proteomic profiling by mass spectrometry	1	Fusion_180201_58.raw	v1.1.0	NT=ms-proteomics;VV=v1.1.0	NT=human;VV=v1.1.0	NT=clinical-metadata;VV=v1.0.0	NT=oncology-metadata;VV=v1.0.0	manual curation	NT=Data-dependent acquisition;AC=PRIDE:0000627	NT=Orbitrap Fusion;AC=MS:1002416	NT=Trypsin;AC=MS:1001251	TMT131N	13	NT=higher energy beam-type collision-induced dissociation;AC=MS:1000422	5 ppm	0.6 Da	NT=dithiothreitol (DTT);AC=PRIDE:0000608	NT=methyl methanethiosulfonate (MMTS);AC=PRIDE:0000605	NT=Methylthio;AC=UNIMOD:39;TA=C;MT=Fixed	NT=Oxidation;AC=UNIMOD:35;TA=M;MT=Variable	NT=TMT6plex;AC=UNIMOD:737;TA=K;MT=Fixed	NT=TMT6plex;AC=UNIMOD:737;PP=Any N-term;MT=Fixed	tumor tissue
CoT10	Homo sapiens	colon	not available	10	not pooled	study sample	colorectal cancer	tissue	not available	not available	not available	patient-10	tumor tissue	Fusion_180201_59-TMT131N	proteomic profiling by mass spectrometry	1	Fusion_180201_59.raw	v1.1.0	NT=ms-proteomics;VV=v1.1.0	NT=human;VV=v1.1.0	NT=clinical-metadata;VV=v1.0.0	NT=oncology-metadata;VV=v1.0.0	manual curation	NT=Data-dependent acquisition;AC=PRIDE:0000627	NT=Orbitrap Fusion;AC=MS:1002416	NT=Trypsin;AC=MS:1001251	TMT131N	14	NT=higher energy beam-type collision-induced dissociation;AC=MS:1000422	5 ppm	0.6 Da	NT=dithiothreitol (DTT);AC=PRIDE:0000608	NT=methyl methanethiosulfonate (MMTS);AC=PRIDE:0000605	NT=Methylthio;AC=UNIMOD:39;TA=C;MT=Fixed	NT=Oxidation;AC=UNIMOD:35;TA=M;MT=Variable	NT=TMT6plex;AC=UNIMOD:737;TA=K;MT=Fixed	NT=TMT6plex;AC=UNIMOD:737;PP=Any N-term;MT=Fixed	tumor tissue
CoT10	Homo sapiens	colon	not available	10	not pooled	study sample	colorectal cancer	tissue	not available	not available	not available	patient-10	tumor tissue	Fusion_180201_60-TMT131N	proteomic profiling by mass spectrometry	1	Fusion_180201_60.raw	v1.1.0	NT=ms-proteomics;VV=v1.1.0	NT=human;VV=v1.1.0	NT=clinical-metadata;VV=v1.0.0	NT=oncology-metadata;VV=v1.0.0	manual curation	NT=Data-dependent acquisition;AC=PRIDE:0000627	NT=Orbitrap Fusion;AC=MS:1002416	NT=Trypsin;AC=MS:1001251	TMT131N	15	NT=higher energy beam-type collision-induced dissociation;AC=MS:1000422	5 ppm	0.6 Da	NT=dithiothreitol (DTT);AC=PRIDE:0000608	NT=methyl methanethiosulfonate (MMTS);AC=PRIDE:0000605	NT=Methylthio;AC=UNIMOD:39;TA=C;MT=Fixed	NT=Oxidation;AC=UNIMOD:35;TA=M;MT=Variable	NT=TMT6plex;AC=UNIMOD:737;TA=K;MT=Fixed	NT=TMT6plex;AC=UNIMOD:737;PP=Any N-term;MT=Fixed	tumor tissue
CoT10	Homo sapiens	colon	not available	10	not pooled	study sample	colorectal cancer	tissue	not available	not available	not available	patient-10	tumor tissue	Fusion_180201_61-TMT131N	proteomic profiling by mass spectrometry	1	Fusion_180201_61.raw	v1.1.0	NT=ms-proteomics;VV=v1.1.0	NT=human;VV=v1.1.0	NT=clinical-metadata;VV=v1.0.0	NT=oncology-metadata;VV=v1.0.0	manual curation	NT=Data-dependent acquisition;AC=PRIDE:0000627	NT=Orbitrap Fusion;AC=MS:1002416	NT=Trypsin;AC=MS:1001251	TMT131N	16	NT=higher energy beam-type collision-induced dissociation;AC=MS:1000422	5 ppm	0.6 Da	NT=dithiothreitol (DTT);AC=PRIDE:0000608	NT=methyl methanethiosulfonate (MMTS);AC=PRIDE:0000605	NT=Methylthio;AC=UNIMOD:39;TA=C;MT=Fixed	NT=Oxidation;AC=UNIMOD:35;TA=M;MT=Variable	NT=TMT6plex;AC=UNIMOD:737;TA=K;MT=Fixed	NT=TMT6plex;AC=UNIMOD:737;PP=Any N-term;MT=Fixed	tumor tissue
CoT10	Homo sapiens	colon	not available	10	not pooled	study sample	colorectal cancer	tissue	not available	not available	not available	patient-10	tumor tissue	Fusion_180201_62-TMT131N	proteomic profiling by mass spectrometry	1	Fusion_180201_62.raw	v1.1.0	NT=ms-proteomics;VV=v1.1.0	NT=human;VV=v1.1.0	NT=clinical-metadata;VV=v1.0.0	NT=oncology-metadata;VV=v1.0.0	manual curation	NT=Data-dependent acquisition;AC=PRIDE:0000627	NT=Orbitrap Fusion;AC=MS:1002416	NT=Trypsin;AC=MS:1001251	TMT131N	17	NT=higher energy beam-type collision-induced dissociation;AC=MS:1000422	5 ppm	0.6 Da	NT=dithiothreitol (DTT);AC=PRIDE:0000608	NT=methyl methanethiosulfonate (MMTS);AC=PRIDE:0000605	NT=Methylthio;AC=UNIMOD:39;TA=C;MT=Fixed	NT=Oxidation;AC=UNIMOD:35;TA=M;MT=Variable	NT=TMT6plex;AC=UNIMOD:737;TA=K;MT=Fixed	NT=TMT6plex;AC=UNIMOD:737;PP=Any N-term;MT=Fixed	tumor tissue
CoT10	Homo sapiens	colon	not available	10	not pooled	study sample	colorectal cancer	tissue	not available	not available	not available	patient-10	tumor tissue	Fusion_180201_63-TMT131N	proteomic profiling by mass spectrometry	1	Fusion_180201_63.raw	v1.1.0	NT=ms-proteomics;VV=v1.1.0	NT=human;VV=v1.1.0	NT=clinical-metadata;VV=v1.0.0	NT=oncology-metadata;VV=v1.0.0	manual curation	NT=Data-dependent acquisition;AC=PRIDE:0000627	NT=Orbitrap Fusion;AC=MS:1002416	NT=Trypsin;AC=MS:1001251	TMT131N	18	NT=higher energy beam-type collision-induced dissociation;AC=MS:1000422	5 ppm	0.6 Da	NT=dithiothreitol (DTT);AC=PRIDE:0000608	NT=methyl methanethiosulfonate (MMTS);AC=PRIDE:0000605	NT=Methylthio;AC=UNIMOD:39;TA=C;MT=Fixed	NT=Oxidation;AC=UNIMOD:35;TA=M;MT=Variable	NT=TMT6plex;AC=UNIMOD:737;TA=K;MT=Fixed	NT=TMT6plex;AC=UNIMOD:737;PP=Any N-term;MT=Fixed	tumor tissue
CoT10	Homo sapiens	colon	not available	10	not pooled	study sample	colorectal cancer	tissue	not available	not available	not available	patient-10	tumor tissue	Fusion_180201_64-TMT131N	proteomic profiling by mass spectrometry	1	Fusion_180201_64.raw	v1.1.0	NT=ms-proteomics;VV=v1.1.0	NT=human;VV=v1.1.0	NT=clinical-metadata;VV=v1.0.0	NT=oncology-metadata;VV=v1.0.0	manual curation	NT=Data-dependent acquisition;AC=PRIDE:0000627	NT=Orbitrap Fusion;AC=MS:1002416	NT=Trypsin;AC=MS:1001251	TMT131N	19	NT=higher energy beam-type collision-induced dissociation;AC=MS:1000422	5 ppm	0.6 Da	NT=dithiothreitol (DTT);AC=PRIDE:0000608	NT=methyl methanethiosulfonate (MMTS);AC=PRIDE:0000605	NT=Methylthio;AC=UNIMOD:39;TA=C;MT=Fixed	NT=Oxidation;AC=UNIMOD:35;TA=M;MT=Variable	NT=TMT6plex;AC=UNIMOD:737;TA=K;MT=Fixed	NT=TMT6plex;AC=UNIMOD:737;PP=Any N-term;MT=Fixed	tumor tissue
CoT10	Homo sapiens	colon	not available	10	not pooled	study sample	colorectal cancer	tissue	not available	not available	not available	patient-10	tumor tissue	Fusion_180201_65-TMT131N	proteomic profiling by mass spectrometry	1	Fusion_180201_65.raw	v1.1.0	NT=ms-proteomics;VV=v1.1.0	NT=human;VV=v1.1.0	NT=clinical-metadata;VV=v1.0.0	NT=oncology-metadata;VV=v1.0.0	manual curation	NT=Data-dependent acquisition;AC=PRIDE:0000627	NT=Orbitrap Fusion;AC=MS:1002416	NT=Trypsin;AC=MS:1001251	TMT131N	20	NT=higher energy beam-type collision-induced dissociation;AC=MS:1000422	5 ppm	0.6 Da	NT=dithiothreitol (DTT);AC=PRIDE:0000608	NT=methyl methanethiosulfonate (MMTS);AC=PRIDE:0000605	NT=Methylthio;AC=UNIMOD:39;TA=C;MT=Fixed	NT=Oxidation;AC=UNIMOD:35;TA=M;MT=Variable	NT=TMT6plex;AC=UNIMOD:737;TA=K;MT=Fixed	NT=TMT6plex;AC=UNIMOD:737;PP=Any N-term;MT=Fixed	tumor tissue
Reference-6-10	Homo sapiens	colon	not available	pooled	pooled	study sample	colorectal cancer	tissue	not available	not available	not available	pooled	pooled reference	Fusion_180201_46-TMT131C	proteomic profiling by mass spectrometry	1	Fusion_180201_46.raw	v1.1.0	NT=ms-proteomics;VV=v1.1.0	NT=human;VV=v1.1.0	NT=clinical-metadata;VV=v1.0.0	NT=oncology-metadata;VV=v1.0.0	manual curation	NT=Data-dependent acquisition;AC=PRIDE:0000627	NT=Orbitrap Fusion;AC=MS:1002416	NT=Trypsin;AC=MS:1001251	TMT131C	1	NT=higher energy beam-type collision-induced dissociation;AC=MS:1000422	5 ppm	0.6 Da	NT=dithiothreitol (DTT);AC=PRIDE:0000608	NT=methyl methanethiosulfonate (MMTS);AC=PRIDE:0000605	NT=Methylthio;AC=UNIMOD:39;TA=C;MT=Fixed	NT=Oxidation;AC=UNIMOD:35;TA=M;MT=Variable	NT=TMT6plex;AC=UNIMOD:737;TA=K;MT=Fixed	NT=TMT6plex;AC=UNIMOD:737;PP=Any N-term;MT=Fixed	pooled reference
Reference-6-10	Homo sapiens	colon	not available	pooled	pooled	study sample	colorectal cancer	tissue	not available	not available	not available	pooled	pooled reference	Fusion_180201_47-TMT131C	proteomic profiling by mass spectrometry	1	Fusion_180201_47.raw	v1.1.0	NT=ms-proteomics;VV=v1.1.0	NT=human;VV=v1.1.0	NT=clinical-metadata;VV=v1.0.0	NT=oncology-metadata;VV=v1.0.0	manual curation	NT=Data-dependent acquisition;AC=PRIDE:0000627	NT=Orbitrap Fusion;AC=MS:1002416	NT=Trypsin;AC=MS:1001251	TMT131C	2	NT=higher energy beam-type collision-induced dissociation;AC=MS:1000422	5 ppm	0.6 Da	NT=dithiothreitol (DTT);AC=PRIDE:0000608	NT=methyl methanethiosulfonate (MMTS);AC=PRIDE:0000605	NT=Methylthio;AC=UNIMOD:39;TA=C;MT=Fixed	NT=Oxidation;AC=UNIMOD:35;TA=M;MT=Variable	NT=TMT6plex;AC=UNIMOD:737;TA=K;MT=Fixed	NT=TMT6plex;AC=UNIMOD:737;PP=Any N-term;MT=Fixed	pooled reference
Reference-6-10	Homo sapiens	colon	not available	pooled	pooled	study sample	colorectal cancer	tissue	not available	not available	not available	pooled	pooled reference	Fusion_180201_48-TMT131C	proteomic profiling by mass spectrometry	1	Fusion_180201_48.raw	v1.1.0	NT=ms-proteomics;VV=v1.1.0	NT=human;VV=v1.1.0	NT=clinical-metadata;VV=v1.0.0	NT=oncology-metadata;VV=v1.0.0	manual curation	NT=Data-dependent acquisition;AC=PRIDE:0000627	NT=Orbitrap Fusion;AC=MS:1002416	NT=Trypsin;AC=MS:1001251	TMT131C	3	NT=higher energy beam-type collision-induced dissociation;AC=MS:1000422	5 ppm	0.6 Da	NT=dithiothreitol (DTT);AC=PRIDE:0000608	NT=methyl methanethiosulfonate (MMTS);AC=PRIDE:0000605	NT=Methylthio;AC=UNIMOD:39;TA=C;MT=Fixed	NT=Oxidation;AC=UNIMOD:35;TA=M;MT=Variable	NT=TMT6plex;AC=UNIMOD:737;TA=K;MT=Fixed	NT=TMT6plex;AC=UNIMOD:737;PP=Any N-term;MT=Fixed	pooled reference
Reference-6-10	Homo sapiens	colon	not available	pooled	pooled	study sample	colorectal cancer	tissue	not available	not available	not available	pooled	pooled reference	Fusion_180201_49-TMT131C	proteomic profiling by mass spectrometry	1	Fusion_180201_49.raw	v1.1.0	NT=ms-proteomics;VV=v1.1.0	NT=human;VV=v1.1.0	NT=clinical-metadata;VV=v1.0.0	NT=oncology-metadata;VV=v1.0.0	manual curation	NT=Data-dependent acquisition;AC=PRIDE:0000627	NT=Orbitrap Fusion;AC=MS:1002416	NT=Trypsin;AC=MS:1001251	TMT131C	4	NT=higher energy beam-type collision-induced dissociation;AC=MS:1000422	5 ppm	0.6 Da	NT=dithiothreitol (DTT);AC=PRIDE:0000608	NT=methyl methanethiosulfonate (MMTS);AC=PRIDE:0000605	NT=Methylthio;AC=UNIMOD:39;TA=C;MT=Fixed	NT=Oxidation;AC=UNIMOD:35;TA=M;MT=Variable	NT=TMT6plex;AC=UNIMOD:737;TA=K;MT=Fixed	NT=TMT6plex;AC=UNIMOD:737;PP=Any N-term;MT=Fixed	pooled reference
Reference-6-10	Homo sapiens	colon	not available	pooled	pooled	study sample	colorectal cancer	tissue	not available	not available	not available	pooled	pooled reference	Fusion_180201_50-TMT131C	proteomic profiling by mass spectrometry	1	Fusion_180201_50.raw	v1.1.0	NT=ms-proteomics;VV=v1.1.0	NT=human;VV=v1.1.0	NT=clinical-metadata;VV=v1.0.0	NT=oncology-metadata;VV=v1.0.0	manual curation	NT=Data-dependent acquisition;AC=PRIDE:0000627	NT=Orbitrap Fusion;AC=MS:1002416	NT=Trypsin;AC=MS:1001251	TMT131C	5	NT=higher energy beam-type collision-induced dissociation;AC=MS:1000422	5 ppm	0.6 Da	NT=dithiothreitol (DTT);AC=PRIDE:0000608	NT=methyl methanethiosulfonate (MMTS);AC=PRIDE:0000605	NT=Methylthio;AC=UNIMOD:39;TA=C;MT=Fixed	NT=Oxidation;AC=UNIMOD:35;TA=M;MT=Variable	NT=TMT6plex;AC=UNIMOD:737;TA=K;MT=Fixed	NT=TMT6plex;AC=UNIMOD:737;PP=Any N-term;MT=Fixed	pooled reference
Reference-6-10	Homo sapiens	colon	not available	pooled	pooled	study sample	colorectal cancer	tissue	not available	not available	not available	pooled	pooled reference	Fusion_180201_51-TMT131C	proteomic profiling by mass spectrometry	1	Fusion_180201_51.raw	v1.1.0	NT=ms-proteomics;VV=v1.1.0	NT=human;VV=v1.1.0	NT=clinical-metadata;VV=v1.0.0	NT=oncology-metadata;VV=v1.0.0	manual curation	NT=Data-dependent acquisition;AC=PRIDE:0000627	NT=Orbitrap Fusion;AC=MS:1002416	NT=Trypsin;AC=MS:1001251	TMT131C	6	NT=higher energy beam-type collision-induced dissociation;AC=MS:1000422	5 ppm	0.6 Da	NT=dithiothreitol (DTT);AC=PRIDE:0000608	NT=methyl methanethiosulfonate (MMTS);AC=PRIDE:0000605	NT=Methylthio;AC=UNIMOD:39;TA=C;MT=Fixed	NT=Oxidation;AC=UNIMOD:35;TA=M;MT=Variable	NT=TMT6plex;AC=UNIMOD:737;TA=K;MT=Fixed	NT=TMT6plex;AC=UNIMOD:737;PP=Any N-term;MT=Fixed	pooled reference
Reference-6-10	Homo sapiens	colon	not available	pooled	pooled	study sample	colorectal cancer	tissue	not available	not available	not available	pooled	pooled reference	Fusion_180201_52-TMT131C	proteomic profiling by mass spectrometry	1	Fusion_180201_52.raw	v1.1.0	NT=ms-proteomics;VV=v1.1.0	NT=human;VV=v1.1.0	NT=clinical-metadata;VV=v1.0.0	NT=oncology-metadata;VV=v1.0.0	manual curation	NT=Data-dependent acquisition;AC=PRIDE:0000627	NT=Orbitrap Fusion;AC=MS:1002416	NT=Trypsin;AC=MS:1001251	TMT131C	7	NT=higher energy beam-type collision-induced dissociation;AC=MS:1000422	5 ppm	0.6 Da	NT=dithiothreitol (DTT);AC=PRIDE:0000608	NT=methyl methanethiosulfonate (MMTS);AC=PRIDE:0000605	NT=Methylthio;AC=UNIMOD:39;TA=C;MT=Fixed	NT=Oxidation;AC=UNIMOD:35;TA=M;MT=Variable	NT=TMT6plex;AC=UNIMOD:737;TA=K;MT=Fixed	NT=TMT6plex;AC=UNIMOD:737;PP=Any N-term;MT=Fixed	pooled reference
Reference-6-10	Homo sapiens	colon	not available	pooled	pooled	study sample	colorectal cancer	tissue	not available	not available	not available	pooled	pooled reference	Fusion_180201_53-TMT131C	proteomic profiling by mass spectrometry	1	Fusion_180201_53.raw	v1.1.0	NT=ms-proteomics;VV=v1.1.0	NT=human;VV=v1.1.0	NT=clinical-metadata;VV=v1.0.0	NT=oncology-metadata;VV=v1.0.0	manual curation	NT=Data-dependent acquisition;AC=PRIDE:0000627	NT=Orbitrap Fusion;AC=MS:1002416	NT=Trypsin;AC=MS:1001251	TMT131C	8	NT=higher energy beam-type collision-induced dissociation;AC=MS:1000422	5 ppm	0.6 Da	NT=dithiothreitol (DTT);AC=PRIDE:0000608	NT=methyl methanethiosulfonate (MMTS);AC=PRIDE:0000605	NT=Methylthio;AC=UNIMOD:39;TA=C;MT=Fixed	NT=Oxidation;AC=UNIMOD:35;TA=M;MT=Variable	NT=TMT6plex;AC=UNIMOD:737;TA=K;MT=Fixed	NT=TMT6plex;AC=UNIMOD:737;PP=Any N-term;MT=Fixed	pooled reference
Reference-6-10	Homo sapiens	colon	not available	pooled	pooled	study sample	colorectal cancer	tissue	not available	not available	not available	pooled	pooled reference	Fusion_180201_54-TMT131C	proteomic profiling by mass spectrometry	1	Fusion_180201_54.raw	v1.1.0	NT=ms-proteomics;VV=v1.1.0	NT=human;VV=v1.1.0	NT=clinical-metadata;VV=v1.0.0	NT=oncology-metadata;VV=v1.0.0	manual curation	NT=Data-dependent acquisition;AC=PRIDE:0000627	NT=Orbitrap Fusion;AC=MS:1002416	NT=Trypsin;AC=MS:1001251	TMT131C	9	NT=higher energy beam-type collision-induced dissociation;AC=MS:1000422	5 ppm	0.6 Da	NT=dithiothreitol (DTT);AC=PRIDE:0000608	NT=methyl methanethiosulfonate (MMTS);AC=PRIDE:0000605	NT=Methylthio;AC=UNIMOD:39;TA=C;MT=Fixed	NT=Oxidation;AC=UNIMOD:35;TA=M;MT=Variable	NT=TMT6plex;AC=UNIMOD:737;TA=K;MT=Fixed	NT=TMT6plex;AC=UNIMOD:737;PP=Any N-term;MT=Fixed	pooled reference
Reference-6-10	Homo sapiens	colon	not available	pooled	pooled	study sample	colorectal cancer	tissue	not available	not available	not available	pooled	pooled reference	Fusion_180201_55-TMT131C	proteomic profiling by mass spectrometry	1	Fusion_180201_55.raw	v1.1.0	NT=ms-proteomics;VV=v1.1.0	NT=human;VV=v1.1.0	NT=clinical-metadata;VV=v1.0.0	NT=oncology-metadata;VV=v1.0.0	manual curation	NT=Data-dependent acquisition;AC=PRIDE:0000627	NT=Orbitrap Fusion;AC=MS:1002416	NT=Trypsin;AC=MS:1001251	TMT131C	10	NT=higher energy beam-type collision-induced dissociation;AC=MS:1000422	5 ppm	0.6 Da	NT=dithiothreitol (DTT);AC=PRIDE:0000608	NT=methyl methanethiosulfonate (MMTS);AC=PRIDE:0000605	NT=Methylthio;AC=UNIMOD:39;TA=C;MT=Fixed	NT=Oxidation;AC=UNIMOD:35;TA=M;MT=Variable	NT=TMT6plex;AC=UNIMOD:737;TA=K;MT=Fixed	NT=TMT6plex;AC=UNIMOD:737;PP=Any N-term;MT=Fixed	pooled reference
Reference-6-10	Homo sapiens	colon	not available	pooled	pooled	study sample	colorectal cancer	tissue	not available	not available	not available	pooled	pooled reference	Fusion_180201_56-TMT131C	proteomic profiling by mass spectrometry	1	Fusion_180201_56.raw	v1.1.0	NT=ms-proteomics;VV=v1.1.0	NT=human;VV=v1.1.0	NT=clinical-metadata;VV=v1.0.0	NT=oncology-metadata;VV=v1.0.0	manual curation	NT=Data-dependent acquisition;AC=PRIDE:0000627	NT=Orbitrap Fusion;AC=MS:1002416	NT=Trypsin;AC=MS:1001251	TMT131C	11	NT=higher energy beam-type collision-induced dissociation;AC=MS:1000422	5 ppm	0.6 Da	NT=dithiothreitol (DTT);AC=PRIDE:0000608	NT=methyl methanethiosulfonate (MMTS);AC=PRIDE:0000605	NT=Methylthio;AC=UNIMOD:39;TA=C;MT=Fixed	NT=Oxidation;AC=UNIMOD:35;TA=M;MT=Variable	NT=TMT6plex;AC=UNIMOD:737;TA=K;MT=Fixed	NT=TMT6plex;AC=UNIMOD:737;PP=Any N-term;MT=Fixed	pooled reference
Reference-6-10	Homo sapiens	colon	not available	pooled	pooled	study sample	colorectal cancer	tissue	not available	not available	not available	pooled	pooled reference	Fusion_180201_57-TMT131C	proteomic profiling by mass spectrometry	1	Fusion_180201_57.raw	v1.1.0	NT=ms-proteomics;VV=v1.1.0	NT=human;VV=v1.1.0	NT=clinical-metadata;VV=v1.0.0	NT=oncology-metadata;VV=v1.0.0	manual curation	NT=Data-dependent acquisition;AC=PRIDE:0000627	NT=Orbitrap Fusion;AC=MS:1002416	NT=Trypsin;AC=MS:1001251	TMT131C	12	NT=higher energy beam-type collision-induced dissociation;AC=MS:1000422	5 ppm	0.6 Da	NT=dithiothreitol (DTT);AC=PRIDE:0000608	NT=methyl methanethiosulfonate (MMTS);AC=PRIDE:0000605	NT=Methylthio;AC=UNIMOD:39;TA=C;MT=Fixed	NT=Oxidation;AC=UNIMOD:35;TA=M;MT=Variable	NT=TMT6plex;AC=UNIMOD:737;TA=K;MT=Fixed	NT=TMT6plex;AC=UNIMOD:737;PP=Any N-term;MT=Fixed	pooled reference
Reference-6-10	Homo sapiens	colon	not available	pooled	pooled	study sample	colorectal cancer	tissue	not available	not available	not available	pooled	pooled reference	Fusion_180201_58-TMT131C	proteomic profiling by mass spectrometry	1	Fusion_180201_58.raw	v1.1.0	NT=ms-proteomics;VV=v1.1.0	NT=human;VV=v1.1.0	NT=clinical-metadata;VV=v1.0.0	NT=oncology-metadata;VV=v1.0.0	manual curation	NT=Data-dependent acquisition;AC=PRIDE:0000627	NT=Orbitrap Fusion;AC=MS:1002416	NT=Trypsin;AC=MS:1001251	TMT131C	13	NT=higher energy beam-type collision-induced dissociation;AC=MS:1000422	5 ppm	0.6 Da	NT=dithiothreitol (DTT);AC=PRIDE:0000608	NT=methyl methanethiosulfonate (MMTS);AC=PRIDE:0000605	NT=Methylthio;AC=UNIMOD:39;TA=C;MT=Fixed	NT=Oxidation;AC=UNIMOD:35;TA=M;MT=Variable	NT=TMT6plex;AC=UNIMOD:737;TA=K;MT=Fixed	NT=TMT6plex;AC=UNIMOD:737;PP=Any N-term;MT=Fixed	pooled reference
Reference-6-10	Homo sapiens	colon	not available	pooled	pooled	study sample	colorectal cancer	tissue	not available	not available	not available	pooled	pooled reference	Fusion_180201_59-TMT131C	proteomic profiling by mass spectrometry	1	Fusion_180201_59.raw	v1.1.0	NT=ms-proteomics;VV=v1.1.0	NT=human;VV=v1.1.0	NT=clinical-metadata;VV=v1.0.0	NT=oncology-metadata;VV=v1.0.0	manual curation	NT=Data-dependent acquisition;AC=PRIDE:0000627	NT=Orbitrap Fusion;AC=MS:1002416	NT=Trypsin;AC=MS:1001251	TMT131C	14	NT=higher energy beam-type collision-induced dissociation;AC=MS:1000422	5 ppm	0.6 Da	NT=dithiothreitol (DTT);AC=PRIDE:0000608	NT=methyl methanethiosulfonate (MMTS);AC=PRIDE:0000605	NT=Methylthio;AC=UNIMOD:39;TA=C;MT=Fixed	NT=Oxidation;AC=UNIMOD:35;TA=M;MT=Variable	NT=TMT6plex;AC=UNIMOD:737;TA=K;MT=Fixed	NT=TMT6plex;AC=UNIMOD:737;PP=Any N-term;MT=Fixed	pooled reference
Reference-6-10	Homo sapiens	colon	not available	pooled	pooled	study sample	colorectal cancer	tissue	not available	not available	not available	pooled	pooled reference	Fusion_180201_60-TMT131C	proteomic profiling by mass spectrometry	1	Fusion_180201_60.raw	v1.1.0	NT=ms-proteomics;VV=v1.1.0	NT=human;VV=v1.1.0	NT=clinical-metadata;VV=v1.0.0	NT=oncology-metadata;VV=v1.0.0	manual curation	NT=Data-dependent acquisition;AC=PRIDE:0000627	NT=Orbitrap Fusion;AC=MS:1002416	NT=Trypsin;AC=MS:1001251	TMT131C	15	NT=higher energy beam-type collision-induced dissociation;AC=MS:1000422	5 ppm	0.6 Da	NT=dithiothreitol (DTT);AC=PRIDE:0000608	NT=methyl methanethiosulfonate (MMTS);AC=PRIDE:0000605	NT=Methylthio;AC=UNIMOD:39;TA=C;MT=Fixed	NT=Oxidation;AC=UNIMOD:35;TA=M;MT=Variable	NT=TMT6plex;AC=UNIMOD:737;TA=K;MT=Fixed	NT=TMT6plex;AC=UNIMOD:737;PP=Any N-term;MT=Fixed	pooled reference
Reference-6-10	Homo sapiens	colon	not available	pooled	pooled	study sample	colorectal cancer	tissue	not available	not available	not available	pooled	pooled reference	Fusion_180201_61-TMT131C	proteomic profiling by mass spectrometry	1	Fusion_180201_61.raw	v1.1.0	NT=ms-proteomics;VV=v1.1.0	NT=human;VV=v1.1.0	NT=clinical-metadata;VV=v1.0.0	NT=oncology-metadata;VV=v1.0.0	manual curation	NT=Data-dependent acquisition;AC=PRIDE:0000627	NT=Orbitrap Fusion;AC=MS:1002416	NT=Trypsin;AC=MS:1001251	TMT131C	16	NT=higher energy beam-type collision-induced dissociation;AC=MS:1000422	5 ppm	0.6 Da	NT=dithiothreitol (DTT);AC=PRIDE:0000608	NT=methyl methanethiosulfonate (MMTS);AC=PRIDE:0000605	NT=Methylthio;AC=UNIMOD:39;TA=C;MT=Fixed	NT=Oxidation;AC=UNIMOD:35;TA=M;MT=Variable	NT=TMT6plex;AC=UNIMOD:737;TA=K;MT=Fixed	NT=TMT6plex;AC=UNIMOD:737;PP=Any N-term;MT=Fixed	pooled reference
Reference-6-10	Homo sapiens	colon	not available	pooled	pooled	study sample	colorectal cancer	tissue	not available	not available	not available	pooled	pooled reference	Fusion_180201_62-TMT131C	proteomic profiling by mass spectrometry	1	Fusion_180201_62.raw	v1.1.0	NT=ms-proteomics;VV=v1.1.0	NT=human;VV=v1.1.0	NT=clinical-metadata;VV=v1.0.0	NT=oncology-metadata;VV=v1.0.0	manual curation	NT=Data-dependent acquisition;AC=PRIDE:0000627	NT=Orbitrap Fusion;AC=MS:1002416	NT=Trypsin;AC=MS:1001251	TMT131C	17	NT=higher energy beam-type collision-induced dissociation;AC=MS:1000422	5 ppm	0.6 Da	NT=dithiothreitol (DTT);AC=PRIDE:0000608	NT=methyl methanethiosulfonate (MMTS);AC=PRIDE:0000605	NT=Methylthio;AC=UNIMOD:39;TA=C;MT=Fixed	NT=Oxidation;AC=UNIMOD:35;TA=M;MT=Variable	NT=TMT6plex;AC=UNIMOD:737;TA=K;MT=Fixed	NT=TMT6plex;AC=UNIMOD:737;PP=Any N-term;MT=Fixed	pooled reference
Reference-6-10	Homo sapiens	colon	not available	pooled	pooled	study sample	colorectal cancer	tissue	not available	not available	not available	pooled	pooled reference	Fusion_180201_63-TMT131C	proteomic profiling by mass spectrometry	1	Fusion_180201_63.raw	v1.1.0	NT=ms-proteomics;VV=v1.1.0	NT=human;VV=v1.1.0	NT=clinical-metadata;VV=v1.0.0	NT=oncology-metadata;VV=v1.0.0	manual curation	NT=Data-dependent acquisition;AC=PRIDE:0000627	NT=Orbitrap Fusion;AC=MS:1002416	NT=Trypsin;AC=MS:1001251	TMT131C	18	NT=higher energy beam-type collision-induced dissociation;AC=MS:1000422	5 ppm	0.6 Da	NT=dithiothreitol (DTT);AC=PRIDE:0000608	NT=methyl methanethiosulfonate (MMTS);AC=PRIDE:0000605	NT=Methylthio;AC=UNIMOD:39;TA=C;MT=Fixed	NT=Oxidation;AC=UNIMOD:35;TA=M;MT=Variable	NT=TMT6plex;AC=UNIMOD:737;TA=K;MT=Fixed	NT=TMT6plex;AC=UNIMOD:737;PP=Any N-term;MT=Fixed	pooled reference
Reference-6-10	Homo sapiens	colon	not available	pooled	pooled	study sample	colorectal cancer	tissue	not available	not available	not available	pooled	pooled reference	Fusion_180201_64-TMT131C	proteomic profiling by mass spectrometry	1	Fusion_180201_64.raw	v1.1.0	NT=ms-proteomics;VV=v1.1.0	NT=human;VV=v1.1.0	NT=clinical-metadata;VV=v1.0.0	NT=oncology-metadata;VV=v1.0.0	manual curation	NT=Data-dependent acquisition;AC=PRIDE:0000627	NT=Orbitrap Fusion;AC=MS:1002416	NT=Trypsin;AC=MS:1001251	TMT131C	19	NT=higher energy beam-type collision-induced dissociation;AC=MS:1000422	5 ppm	0.6 Da	NT=dithiothreitol (DTT);AC=PRIDE:0000608	NT=methyl methanethiosulfonate (MMTS);AC=PRIDE:0000605	NT=Methylthio;AC=UNIMOD:39;TA=C;MT=Fixed	NT=Oxidation;AC=UNIMOD:35;TA=M;MT=Variable	NT=TMT6plex;AC=UNIMOD:737;TA=K;MT=Fixed	NT=TMT6plex;AC=UNIMOD:737;PP=Any N-term;MT=Fixed	pooled reference
Reference-6-10	Homo sapiens	colon	not available	pooled	pooled	study sample	colorectal cancer	tissue	not available	not available	not available	pooled	pooled reference	Fusion_180201_65-TMT131C	proteomic profiling by mass spectrometry	1	Fusion_180201_65.raw	v1.1.0	NT=ms-proteomics;VV=v1.1.0	NT=human;VV=v1.1.0	NT=clinical-metadata;VV=v1.0.0	NT=oncology-metadata;VV=v1.0.0	manual curation	NT=Data-dependent acquisition;AC=PRIDE:0000627	NT=Orbitrap Fusion;AC=MS:1002416	NT=Trypsin;AC=MS:1001251	TMT131C	20	NT=higher energy beam-type collision-induced dissociation;AC=MS:1000422	5 ppm	0.6 Da	NT=dithiothreitol (DTT);AC=PRIDE:0000608	NT=methyl methanethiosulfonate (MMTS);AC=PRIDE:0000605	NT=Methylthio;AC=UNIMOD:39;TA=C;MT=Fixed	NT=Oxidation;AC=UNIMOD:35;TA=M;MT=Variable	NT=TMT6plex;AC=UNIMOD:737;TA=K;MT=Fixed	NT=TMT6plex;AC=UNIMOD:737;PP=Any N-term;MT=Fixed	pooled reference
Reference-11-17	Homo sapiens	colon	not available	pooled	pooled	study sample	colorectal cancer	tissue	not available	not available	not available	pooled	pooled reference	Fusion_180927_05-TMT126	proteomic profiling by mass spectrometry	1	Fusion_180927_05.raw	v1.1.0	NT=ms-proteomics;VV=v1.1.0	NT=human;VV=v1.1.0	NT=clinical-metadata;VV=v1.0.0	NT=oncology-metadata;VV=v1.0.0	manual curation	NT=Data-dependent acquisition;AC=PRIDE:0000627	NT=Orbitrap Fusion;AC=MS:1002416	NT=Trypsin;AC=MS:1001251	TMT126	1	NT=higher energy beam-type collision-induced dissociation;AC=MS:1000422	5 ppm	0.6 Da	NT=dithiothreitol (DTT);AC=PRIDE:0000608	NT=methyl methanethiosulfonate (MMTS);AC=PRIDE:0000605	NT=Methylthio;AC=UNIMOD:39;TA=C;MT=Fixed	NT=Oxidation;AC=UNIMOD:35;TA=M;MT=Variable	NT=TMT6plex;AC=UNIMOD:737;TA=K;MT=Fixed	NT=TMT6plex;AC=UNIMOD:737;PP=Any N-term;MT=Fixed	pooled reference
Reference-11-17	Homo sapiens	colon	not available	pooled	pooled	study sample	colorectal cancer	tissue	not available	not available	not available	pooled	pooled reference	Fusion_180927_06-TMT126	proteomic profiling by mass spectrometry	1	Fusion_180927_06.raw	v1.1.0	NT=ms-proteomics;VV=v1.1.0	NT=human;VV=v1.1.0	NT=clinical-metadata;VV=v1.0.0	NT=oncology-metadata;VV=v1.0.0	manual curation	NT=Data-dependent acquisition;AC=PRIDE:0000627	NT=Orbitrap Fusion;AC=MS:1002416	NT=Trypsin;AC=MS:1001251	TMT126	2	NT=higher energy beam-type collision-induced dissociation;AC=MS:1000422	5 ppm	0.6 Da	NT=dithiothreitol (DTT);AC=PRIDE:0000608	NT=methyl methanethiosulfonate (MMTS);AC=PRIDE:0000605	NT=Methylthio;AC=UNIMOD:39;TA=C;MT=Fixed	NT=Oxidation;AC=UNIMOD:35;TA=M;MT=Variable	NT=TMT6plex;AC=UNIMOD:737;TA=K;MT=Fixed	NT=TMT6plex;AC=UNIMOD:737;PP=Any N-term;MT=Fixed	pooled reference
Reference-11-17	Homo sapiens	colon	not available	pooled	pooled	study sample	colorectal cancer	tissue	not available	not available	not available	pooled	pooled reference	Fusion_180927_07-TMT126	proteomic profiling by mass spectrometry	1	Fusion_180927_07.raw	v1.1.0	NT=ms-proteomics;VV=v1.1.0	NT=human;VV=v1.1.0	NT=clinical-metadata;VV=v1.0.0	NT=oncology-metadata;VV=v1.0.0	manual curation	NT=Data-dependent acquisition;AC=PRIDE:0000627	NT=Orbitrap Fusion;AC=MS:1002416	NT=Trypsin;AC=MS:1001251	TMT126	3	NT=higher energy beam-type collision-induced dissociation;AC=MS:1000422	5 ppm	0.6 Da	NT=dithiothreitol (DTT);AC=PRIDE:0000608	NT=methyl methanethiosulfonate (MMTS);AC=PRIDE:0000605	NT=Methylthio;AC=UNIMOD:39;TA=C;MT=Fixed	NT=Oxidation;AC=UNIMOD:35;TA=M;MT=Variable	NT=TMT6plex;AC=UNIMOD:737;TA=K;MT=Fixed	NT=TMT6plex;AC=UNIMOD:737;PP=Any N-term;MT=Fixed	pooled reference
Reference-11-17	Homo sapiens	colon	not available	pooled	pooled	study sample	colorectal cancer	tissue	not available	not available	not available	pooled	pooled reference	Fusion_180927_08-TMT126	proteomic profiling by mass spectrometry	1	Fusion_180927_08.raw	v1.1.0	NT=ms-proteomics;VV=v1.1.0	NT=human;VV=v1.1.0	NT=clinical-metadata;VV=v1.0.0	NT=oncology-metadata;VV=v1.0.0	manual curation	NT=Data-dependent acquisition;AC=PRIDE:0000627	NT=Orbitrap Fusion;AC=MS:1002416	NT=Trypsin;AC=MS:1001251	TMT126	4	NT=higher energy beam-type collision-induced dissociation;AC=MS:1000422	5 ppm	0.6 Da	NT=dithiothreitol (DTT);AC=PRIDE:0000608	NT=methyl methanethiosulfonate (MMTS);AC=PRIDE:0000605	NT=Methylthio;AC=UNIMOD:39;TA=C;MT=Fixed	NT=Oxidation;AC=UNIMOD:35;TA=M;MT=Variable	NT=TMT6plex;AC=UNIMOD:737;TA=K;MT=Fixed	NT=TMT6plex;AC=UNIMOD:737;PP=Any N-term;MT=Fixed	pooled reference
Reference-11-17	Homo sapiens	colon	not available	pooled	pooled	study sample	colorectal cancer	tissue	not available	not available	not available	pooled	pooled reference	Fusion_180927_09-TMT126	proteomic profiling by mass spectrometry	1	Fusion_180927_09.raw	v1.1.0	NT=ms-proteomics;VV=v1.1.0	NT=human;VV=v1.1.0	NT=clinical-metadata;VV=v1.0.0	NT=oncology-metadata;VV=v1.0.0	manual curation	NT=Data-dependent acquisition;AC=PRIDE:0000627	NT=Orbitrap Fusion;AC=MS:1002416	NT=Trypsin;AC=MS:1001251	TMT126	5	NT=higher energy beam-type collision-induced dissociation;AC=MS:1000422	5 ppm	0.6 Da	NT=dithiothreitol (DTT);AC=PRIDE:0000608	NT=methyl methanethiosulfonate (MMTS);AC=PRIDE:0000605	NT=Methylthio;AC=UNIMOD:39;TA=C;MT=Fixed	NT=Oxidation;AC=UNIMOD:35;TA=M;MT=Variable	NT=TMT6plex;AC=UNIMOD:737;TA=K;MT=Fixed	NT=TMT6plex;AC=UNIMOD:737;PP=Any N-term;MT=Fixed	pooled reference
Reference-11-17	Homo sapiens	colon	not available	pooled	pooled	study sample	colorectal cancer	tissue	not available	not available	not available	pooled	pooled reference	Fusion_180927_10-TMT126	proteomic profiling by mass spectrometry	1	Fusion_180927_10.raw	v1.1.0	NT=ms-proteomics;VV=v1.1.0	NT=human;VV=v1.1.0	NT=clinical-metadata;VV=v1.0.0	NT=oncology-metadata;VV=v1.0.0	manual curation	NT=Data-dependent acquisition;AC=PRIDE:0000627	NT=Orbitrap Fusion;AC=MS:1002416	NT=Trypsin;AC=MS:1001251	TMT126	6	NT=higher energy beam-type collision-induced dissociation;AC=MS:1000422	5 ppm	0.6 Da	NT=dithiothreitol (DTT);AC=PRIDE:0000608	NT=methyl methanethiosulfonate (MMTS);AC=PRIDE:0000605	NT=Methylthio;AC=UNIMOD:39;TA=C;MT=Fixed	NT=Oxidation;AC=UNIMOD:35;TA=M;MT=Variable	NT=TMT6plex;AC=UNIMOD:737;TA=K;MT=Fixed	NT=TMT6plex;AC=UNIMOD:737;PP=Any N-term;MT=Fixed	pooled reference
Reference-11-17	Homo sapiens	colon	not available	pooled	pooled	study sample	colorectal cancer	tissue	not available	not available	not available	pooled	pooled reference	Fusion_180927_11-TMT126	proteomic profiling by mass spectrometry	1	Fusion_180927_11.raw	v1.1.0	NT=ms-proteomics;VV=v1.1.0	NT=human;VV=v1.1.0	NT=clinical-metadata;VV=v1.0.0	NT=oncology-metadata;VV=v1.0.0	manual curation	NT=Data-dependent acquisition;AC=PRIDE:0000627	NT=Orbitrap Fusion;AC=MS:1002416	NT=Trypsin;AC=MS:1001251	TMT126	7	NT=higher energy beam-type collision-induced dissociation;AC=MS:1000422	5 ppm	0.6 Da	NT=dithiothreitol (DTT);AC=PRIDE:0000608	NT=methyl methanethiosulfonate (MMTS);AC=PRIDE:0000605	NT=Methylthio;AC=UNIMOD:39;TA=C;MT=Fixed	NT=Oxidation;AC=UNIMOD:35;TA=M;MT=Variable	NT=TMT6plex;AC=UNIMOD:737;TA=K;MT=Fixed	NT=TMT6plex;AC=UNIMOD:737;PP=Any N-term;MT=Fixed	pooled reference
Reference-11-17	Homo sapiens	colon	not available	pooled	pooled	study sample	colorectal cancer	tissue	not available	not available	not available	pooled	pooled reference	Fusion_180927_12-TMT126	proteomic profiling by mass spectrometry	1	Fusion_180927_12.raw	v1.1.0	NT=ms-proteomics;VV=v1.1.0	NT=human;VV=v1.1.0	NT=clinical-metadata;VV=v1.0.0	NT=oncology-metadata;VV=v1.0.0	manual curation	NT=Data-dependent acquisition;AC=PRIDE:0000627	NT=Orbitrap Fusion;AC=MS:1002416	NT=Trypsin;AC=MS:1001251	TMT126	8	NT=higher energy beam-type collision-induced dissociation;AC=MS:1000422	5 ppm	0.6 Da	NT=dithiothreitol (DTT);AC=PRIDE:0000608	NT=methyl methanethiosulfonate (MMTS);AC=PRIDE:0000605	NT=Methylthio;AC=UNIMOD:39;TA=C;MT=Fixed	NT=Oxidation;AC=UNIMOD:35;TA=M;MT=Variable	NT=TMT6plex;AC=UNIMOD:737;TA=K;MT=Fixed	NT=TMT6plex;AC=UNIMOD:737;PP=Any N-term;MT=Fixed	pooled reference
Reference-11-17	Homo sapiens	colon	not available	pooled	pooled	study sample	colorectal cancer	tissue	not available	not available	not available	pooled	pooled reference	Fusion_180927_13-TMT126	proteomic profiling by mass spectrometry	1	Fusion_180927_13.raw	v1.1.0	NT=ms-proteomics;VV=v1.1.0	NT=human;VV=v1.1.0	NT=clinical-metadata;VV=v1.0.0	NT=oncology-metadata;VV=v1.0.0	manual curation	NT=Data-dependent acquisition;AC=PRIDE:0000627	NT=Orbitrap Fusion;AC=MS:1002416	NT=Trypsin;AC=MS:1001251	TMT126	9	NT=higher energy beam-type collision-induced dissociation;AC=MS:1000422	5 ppm	0.6 Da	NT=dithiothreitol (DTT);AC=PRIDE:0000608	NT=methyl methanethiosulfonate (MMTS);AC=PRIDE:0000605	NT=Methylthio;AC=UNIMOD:39;TA=C;MT=Fixed	NT=Oxidation;AC=UNIMOD:35;TA=M;MT=Variable	NT=TMT6plex;AC=UNIMOD:737;TA=K;MT=Fixed	NT=TMT6plex;AC=UNIMOD:737;PP=Any N-term;MT=Fixed	pooled reference
Reference-11-17	Homo sapiens	colon	not available	pooled	pooled	study sample	colorectal cancer	tissue	not available	not available	not available	pooled	pooled reference	Fusion_180927_14-TMT126	proteomic profiling by mass spectrometry	1	Fusion_180927_14.raw	v1.1.0	NT=ms-proteomics;VV=v1.1.0	NT=human;VV=v1.1.0	NT=clinical-metadata;VV=v1.0.0	NT=oncology-metadata;VV=v1.0.0	manual curation	NT=Data-dependent acquisition;AC=PRIDE:0000627	NT=Orbitrap Fusion;AC=MS:1002416	NT=Trypsin;AC=MS:1001251	TMT126	10	NT=higher energy beam-type collision-induced dissociation;AC=MS:1000422	5 ppm	0.6 Da	NT=dithiothreitol (DTT);AC=PRIDE:0000608	NT=methyl methanethiosulfonate (MMTS);AC=PRIDE:0000605	NT=Methylthio;AC=UNIMOD:39;TA=C;MT=Fixed	NT=Oxidation;AC=UNIMOD:35;TA=M;MT=Variable	NT=TMT6plex;AC=UNIMOD:737;TA=K;MT=Fixed	NT=TMT6plex;AC=UNIMOD:737;PP=Any N-term;MT=Fixed	pooled reference
Reference-11-17	Homo sapiens	colon	not available	pooled	pooled	study sample	colorectal cancer	tissue	not available	not available	not available	pooled	pooled reference	Fusion_180927_19-TMT126	proteomic profiling by mass spectrometry	1	Fusion_180927_19.raw	v1.1.0	NT=ms-proteomics;VV=v1.1.0	NT=human;VV=v1.1.0	NT=clinical-metadata;VV=v1.0.0	NT=oncology-metadata;VV=v1.0.0	manual curation	NT=Data-dependent acquisition;AC=PRIDE:0000627	NT=Orbitrap Fusion;AC=MS:1002416	NT=Trypsin;AC=MS:1001251	TMT126	11	NT=higher energy beam-type collision-induced dissociation;AC=MS:1000422	5 ppm	0.6 Da	NT=dithiothreitol (DTT);AC=PRIDE:0000608	NT=methyl methanethiosulfonate (MMTS);AC=PRIDE:0000605	NT=Methylthio;AC=UNIMOD:39;TA=C;MT=Fixed	NT=Oxidation;AC=UNIMOD:35;TA=M;MT=Variable	NT=TMT6plex;AC=UNIMOD:737;TA=K;MT=Fixed	NT=TMT6plex;AC=UNIMOD:737;PP=Any N-term;MT=Fixed	pooled reference
Reference-11-17	Homo sapiens	colon	not available	pooled	pooled	study sample	colorectal cancer	tissue	not available	not available	not available	pooled	pooled reference	Fusion_180927_20-TMT126	proteomic profiling by mass spectrometry	1	Fusion_180927_20.raw	v1.1.0	NT=ms-proteomics;VV=v1.1.0	NT=human;VV=v1.1.0	NT=clinical-metadata;VV=v1.0.0	NT=oncology-metadata;VV=v1.0.0	manual curation	NT=Data-dependent acquisition;AC=PRIDE:0000627	NT=Orbitrap Fusion;AC=MS:1002416	NT=Trypsin;AC=MS:1001251	TMT126	12	NT=higher energy beam-type collision-induced dissociation;AC=MS:1000422	5 ppm	0.6 Da	NT=dithiothreitol (DTT);AC=PRIDE:0000608	NT=methyl methanethiosulfonate (MMTS);AC=PRIDE:0000605	NT=Methylthio;AC=UNIMOD:39;TA=C;MT=Fixed	NT=Oxidation;AC=UNIMOD:35;TA=M;MT=Variable	NT=TMT6plex;AC=UNIMOD:737;TA=K;MT=Fixed	NT=TMT6plex;AC=UNIMOD:737;PP=Any N-term;MT=Fixed	pooled reference
Reference-11-17	Homo sapiens	colon	not available	pooled	pooled	study sample	colorectal cancer	tissue	not available	not available	not available	pooled	pooled reference	Fusion_180927_21-TMT126	proteomic profiling by mass spectrometry	1	Fusion_180927_21.raw	v1.1.0	NT=ms-proteomics;VV=v1.1.0	NT=human;VV=v1.1.0	NT=clinical-metadata;VV=v1.0.0	NT=oncology-metadata;VV=v1.0.0	manual curation	NT=Data-dependent acquisition;AC=PRIDE:0000627	NT=Orbitrap Fusion;AC=MS:1002416	NT=Trypsin;AC=MS:1001251	TMT126	13	NT=higher energy beam-type collision-induced dissociation;AC=MS:1000422	5 ppm	0.6 Da	NT=dithiothreitol (DTT);AC=PRIDE:0000608	NT=methyl methanethiosulfonate (MMTS);AC=PRIDE:0000605	NT=Methylthio;AC=UNIMOD:39;TA=C;MT=Fixed	NT=Oxidation;AC=UNIMOD:35;TA=M;MT=Variable	NT=TMT6plex;AC=UNIMOD:737;TA=K;MT=Fixed	NT=TMT6plex;AC=UNIMOD:737;PP=Any N-term;MT=Fixed	pooled reference
Reference-11-17	Homo sapiens	colon	not available	pooled	pooled	study sample	colorectal cancer	tissue	not available	not available	not available	pooled	pooled reference	Fusion_180927_22-TMT126	proteomic profiling by mass spectrometry	1	Fusion_180927_22.raw	v1.1.0	NT=ms-proteomics;VV=v1.1.0	NT=human;VV=v1.1.0	NT=clinical-metadata;VV=v1.0.0	NT=oncology-metadata;VV=v1.0.0	manual curation	NT=Data-dependent acquisition;AC=PRIDE:0000627	NT=Orbitrap Fusion;AC=MS:1002416	NT=Trypsin;AC=MS:1001251	TMT126	14	NT=higher energy beam-type collision-induced dissociation;AC=MS:1000422	5 ppm	0.6 Da	NT=dithiothreitol (DTT);AC=PRIDE:0000608	NT=methyl methanethiosulfonate (MMTS);AC=PRIDE:0000605	NT=Methylthio;AC=UNIMOD:39;TA=C;MT=Fixed	NT=Oxidation;AC=UNIMOD:35;TA=M;MT=Variable	NT=TMT6plex;AC=UNIMOD:737;TA=K;MT=Fixed	NT=TMT6plex;AC=UNIMOD:737;PP=Any N-term;MT=Fixed	pooled reference
Reference-11-17	Homo sapiens	colon	not available	pooled	pooled	study sample	colorectal cancer	tissue	not available	not available	not available	pooled	pooled reference	Fusion_180927_23-TMT126	proteomic profiling by mass spectrometry	1	Fusion_180927_23.raw	v1.1.0	NT=ms-proteomics;VV=v1.1.0	NT=human;VV=v1.1.0	NT=clinical-metadata;VV=v1.0.0	NT=oncology-metadata;VV=v1.0.0	manual curation	NT=Data-dependent acquisition;AC=PRIDE:0000627	NT=Orbitrap Fusion;AC=MS:1002416	NT=Trypsin;AC=MS:1001251	TMT126	15	NT=higher energy beam-type collision-induced dissociation;AC=MS:1000422	5 ppm	0.6 Da	NT=dithiothreitol (DTT);AC=PRIDE:0000608	NT=methyl methanethiosulfonate (MMTS);AC=PRIDE:0000605	NT=Methylthio;AC=UNIMOD:39;TA=C;MT=Fixed	NT=Oxidation;AC=UNIMOD:35;TA=M;MT=Variable	NT=TMT6plex;AC=UNIMOD:737;TA=K;MT=Fixed	NT=TMT6plex;AC=UNIMOD:737;PP=Any N-term;MT=Fixed	pooled reference
Reference-11-17	Homo sapiens	colon	not available	pooled	pooled	study sample	colorectal cancer	tissue	not available	not available	not available	pooled	pooled reference	Fusion_180927_24-TMT126	proteomic profiling by mass spectrometry	1	Fusion_180927_24.raw	v1.1.0	NT=ms-proteomics;VV=v1.1.0	NT=human;VV=v1.1.0	NT=clinical-metadata;VV=v1.0.0	NT=oncology-metadata;VV=v1.0.0	manual curation	NT=Data-dependent acquisition;AC=PRIDE:0000627	NT=Orbitrap Fusion;AC=MS:1002416	NT=Trypsin;AC=MS:1001251	TMT126	16	NT=higher energy beam-type collision-induced dissociation;AC=MS:1000422	5 ppm	0.6 Da	NT=dithiothreitol (DTT);AC=PRIDE:0000608	NT=methyl methanethiosulfonate (MMTS);AC=PRIDE:0000605	NT=Methylthio;AC=UNIMOD:39;TA=C;MT=Fixed	NT=Oxidation;AC=UNIMOD:35;TA=M;MT=Variable	NT=TMT6plex;AC=UNIMOD:737;TA=K;MT=Fixed	NT=TMT6plex;AC=UNIMOD:737;PP=Any N-term;MT=Fixed	pooled reference
Reference-11-17	Homo sapiens	colon	not available	pooled	pooled	study sample	colorectal cancer	tissue	not available	not available	not available	pooled	pooled reference	Fusion_180927_25-TMT126	proteomic profiling by mass spectrometry	1	Fusion_180927_25.raw	v1.1.0	NT=ms-proteomics;VV=v1.1.0	NT=human;VV=v1.1.0	NT=clinical-metadata;VV=v1.0.0	NT=oncology-metadata;VV=v1.0.0	manual curation	NT=Data-dependent acquisition;AC=PRIDE:0000627	NT=Orbitrap Fusion;AC=MS:1002416	NT=Trypsin;AC=MS:1001251	TMT126	17	NT=higher energy beam-type collision-induced dissociation;AC=MS:1000422	5 ppm	0.6 Da	NT=dithiothreitol (DTT);AC=PRIDE:0000608	NT=methyl methanethiosulfonate (MMTS);AC=PRIDE:0000605	NT=Methylthio;AC=UNIMOD:39;TA=C;MT=Fixed	NT=Oxidation;AC=UNIMOD:35;TA=M;MT=Variable	NT=TMT6plex;AC=UNIMOD:737;TA=K;MT=Fixed	NT=TMT6plex;AC=UNIMOD:737;PP=Any N-term;MT=Fixed	pooled reference
Reference-11-17	Homo sapiens	colon	not available	pooled	pooled	study sample	colorectal cancer	tissue	not available	not available	not available	pooled	pooled reference	Fusion_180927_26-TMT126	proteomic profiling by mass spectrometry	1	Fusion_180927_26.raw	v1.1.0	NT=ms-proteomics;VV=v1.1.0	NT=human;VV=v1.1.0	NT=clinical-metadata;VV=v1.0.0	NT=oncology-metadata;VV=v1.0.0	manual curation	NT=Data-dependent acquisition;AC=PRIDE:0000627	NT=Orbitrap Fusion;AC=MS:1002416	NT=Trypsin;AC=MS:1001251	TMT126	18	NT=higher energy beam-type collision-induced dissociation;AC=MS:1000422	5 ppm	0.6 Da	NT=dithiothreitol (DTT);AC=PRIDE:0000608	NT=methyl methanethiosulfonate (MMTS);AC=PRIDE:0000605	NT=Methylthio;AC=UNIMOD:39;TA=C;MT=Fixed	NT=Oxidation;AC=UNIMOD:35;TA=M;MT=Variable	NT=TMT6plex;AC=UNIMOD:737;TA=K;MT=Fixed	NT=TMT6plex;AC=UNIMOD:737;PP=Any N-term;MT=Fixed	pooled reference
Reference-11-17	Homo sapiens	colon	not available	pooled	pooled	study sample	colorectal cancer	tissue	not available	not available	not available	pooled	pooled reference	Fusion_180927_27-TMT126	proteomic profiling by mass spectrometry	1	Fusion_180927_27.raw	v1.1.0	NT=ms-proteomics;VV=v1.1.0	NT=human;VV=v1.1.0	NT=clinical-metadata;VV=v1.0.0	NT=oncology-metadata;VV=v1.0.0	manual curation	NT=Data-dependent acquisition;AC=PRIDE:0000627	NT=Orbitrap Fusion;AC=MS:1002416	NT=Trypsin;AC=MS:1001251	TMT126	19	NT=higher energy beam-type collision-induced dissociation;AC=MS:1000422	5 ppm	0.6 Da	NT=dithiothreitol (DTT);AC=PRIDE:0000608	NT=methyl methanethiosulfonate (MMTS);AC=PRIDE:0000605	NT=Methylthio;AC=UNIMOD:39;TA=C;MT=Fixed	NT=Oxidation;AC=UNIMOD:35;TA=M;MT=Variable	NT=TMT6plex;AC=UNIMOD:737;TA=K;MT=Fixed	NT=TMT6plex;AC=UNIMOD:737;PP=Any N-term;MT=Fixed	pooled reference
Reference-11-17	Homo sapiens	colon	not available	pooled	pooled	study sample	colorectal cancer	tissue	not available	not available	not available	pooled	pooled reference	Fusion_180927_28-TMT126	proteomic profiling by mass spectrometry	1	Fusion_180927_28.raw	v1.1.0	NT=ms-proteomics;VV=v1.1.0	NT=human;VV=v1.1.0	NT=clinical-metadata;VV=v1.0.0	NT=oncology-metadata;VV=v1.0.0	manual curation	NT=Data-dependent acquisition;AC=PRIDE:0000627	NT=Orbitrap Fusion;AC=MS:1002416	NT=Trypsin;AC=MS:1001251	TMT126	20	NT=higher energy beam-type collision-induced dissociation;AC=MS:1000422	5 ppm	0.6 Da	NT=dithiothreitol (DTT);AC=PRIDE:0000608	NT=methyl methanethiosulfonate (MMTS);AC=PRIDE:0000605	NT=Methylthio;AC=UNIMOD:39;TA=C;MT=Fixed	NT=Oxidation;AC=UNIMOD:35;TA=M;MT=Variable	NT=TMT6plex;AC=UNIMOD:737;TA=K;MT=Fixed	NT=TMT6plex;AC=UNIMOD:737;PP=Any N-term;MT=Fixed	pooled reference
CoT11	Homo sapiens	colon	not available	11	not pooled	study sample	colorectal cancer	tissue	not available	not available	not available	patient-11	tumor tissue	Fusion_180927_05-TMT127N	proteomic profiling by mass spectrometry	1	Fusion_180927_05.raw	v1.1.0	NT=ms-proteomics;VV=v1.1.0	NT=human;VV=v1.1.0	NT=clinical-metadata;VV=v1.0.0	NT=oncology-metadata;VV=v1.0.0	manual curation	NT=Data-dependent acquisition;AC=PRIDE:0000627	NT=Orbitrap Fusion;AC=MS:1002416	NT=Trypsin;AC=MS:1001251	TMT127N	1	NT=higher energy beam-type collision-induced dissociation;AC=MS:1000422	5 ppm	0.6 Da	NT=dithiothreitol (DTT);AC=PRIDE:0000608	NT=methyl methanethiosulfonate (MMTS);AC=PRIDE:0000605	NT=Methylthio;AC=UNIMOD:39;TA=C;MT=Fixed	NT=Oxidation;AC=UNIMOD:35;TA=M;MT=Variable	NT=TMT6plex;AC=UNIMOD:737;TA=K;MT=Fixed	NT=TMT6plex;AC=UNIMOD:737;PP=Any N-term;MT=Fixed	tumor tissue
CoT11	Homo sapiens	colon	not available	11	not pooled	study sample	colorectal cancer	tissue	not available	not available	not available	patient-11	tumor tissue	Fusion_180927_06-TMT127N	proteomic profiling by mass spectrometry	1	Fusion_180927_06.raw	v1.1.0	NT=ms-proteomics;VV=v1.1.0	NT=human;VV=v1.1.0	NT=clinical-metadata;VV=v1.0.0	NT=oncology-metadata;VV=v1.0.0	manual curation	NT=Data-dependent acquisition;AC=PRIDE:0000627	NT=Orbitrap Fusion;AC=MS:1002416	NT=Trypsin;AC=MS:1001251	TMT127N	2	NT=higher energy beam-type collision-induced dissociation;AC=MS:1000422	5 ppm	0.6 Da	NT=dithiothreitol (DTT);AC=PRIDE:0000608	NT=methyl methanethiosulfonate (MMTS);AC=PRIDE:0000605	NT=Methylthio;AC=UNIMOD:39;TA=C;MT=Fixed	NT=Oxidation;AC=UNIMOD:35;TA=M;MT=Variable	NT=TMT6plex;AC=UNIMOD:737;TA=K;MT=Fixed	NT=TMT6plex;AC=UNIMOD:737;PP=Any N-term;MT=Fixed	tumor tissue
CoT11	Homo sapiens	colon	not available	11	not pooled	study sample	colorectal cancer	tissue	not available	not available	not available	patient-11	tumor tissue	Fusion_180927_07-TMT127N	proteomic profiling by mass spectrometry	1	Fusion_180927_07.raw	v1.1.0	NT=ms-proteomics;VV=v1.1.0	NT=human;VV=v1.1.0	NT=clinical-metadata;VV=v1.0.0	NT=oncology-metadata;VV=v1.0.0	manual curation	NT=Data-dependent acquisition;AC=PRIDE:0000627	NT=Orbitrap Fusion;AC=MS:1002416	NT=Trypsin;AC=MS:1001251	TMT127N	3	NT=higher energy beam-type collision-induced dissociation;AC=MS:1000422	5 ppm	0.6 Da	NT=dithiothreitol (DTT);AC=PRIDE:0000608	NT=methyl methanethiosulfonate (MMTS);AC=PRIDE:0000605	NT=Methylthio;AC=UNIMOD:39;TA=C;MT=Fixed	NT=Oxidation;AC=UNIMOD:35;TA=M;MT=Variable	NT=TMT6plex;AC=UNIMOD:737;TA=K;MT=Fixed	NT=TMT6plex;AC=UNIMOD:737;PP=Any N-term;MT=Fixed	tumor tissue
CoT11	Homo sapiens	colon	not available	11	not pooled	study sample	colorectal cancer	tissue	not available	not available	not available	patient-11	tumor tissue	Fusion_180927_08-TMT127N	proteomic profiling by mass spectrometry	1	Fusion_180927_08.raw	v1.1.0	NT=ms-proteomics;VV=v1.1.0	NT=human;VV=v1.1.0	NT=clinical-metadata;VV=v1.0.0	NT=oncology-metadata;VV=v1.0.0	manual curation	NT=Data-dependent acquisition;AC=PRIDE:0000627	NT=Orbitrap Fusion;AC=MS:1002416	NT=Trypsin;AC=MS:1001251	TMT127N	4	NT=higher energy beam-type collision-induced dissociation;AC=MS:1000422	5 ppm	0.6 Da	NT=dithiothreitol (DTT);AC=PRIDE:0000608	NT=methyl methanethiosulfonate (MMTS);AC=PRIDE:0000605	NT=Methylthio;AC=UNIMOD:39;TA=C;MT=Fixed	NT=Oxidation;AC=UNIMOD:35;TA=M;MT=Variable	NT=TMT6plex;AC=UNIMOD:737;TA=K;MT=Fixed	NT=TMT6plex;AC=UNIMOD:737;PP=Any N-term;MT=Fixed	tumor tissue
CoT11	Homo sapiens	colon	not available	11	not pooled	study sample	colorectal cancer	tissue	not available	not available	not available	patient-11	tumor tissue	Fusion_180927_09-TMT127N	proteomic profiling by mass spectrometry	1	Fusion_180927_09.raw	v1.1.0	NT=ms-proteomics;VV=v1.1.0	NT=human;VV=v1.1.0	NT=clinical-metadata;VV=v1.0.0	NT=oncology-metadata;VV=v1.0.0	manual curation	NT=Data-dependent acquisition;AC=PRIDE:0000627	NT=Orbitrap Fusion;AC=MS:1002416	NT=Trypsin;AC=MS:1001251	TMT127N	5	NT=higher energy beam-type collision-induced dissociation;AC=MS:1000422	5 ppm	0.6 Da	NT=dithiothreitol (DTT);AC=PRIDE:0000608	NT=methyl methanethiosulfonate (MMTS);AC=PRIDE:0000605	NT=Methylthio;AC=UNIMOD:39;TA=C;MT=Fixed	NT=Oxidation;AC=UNIMOD:35;TA=M;MT=Variable	NT=TMT6plex;AC=UNIMOD:737;TA=K;MT=Fixed	NT=TMT6plex;AC=UNIMOD:737;PP=Any N-term;MT=Fixed	tumor tissue
CoT11	Homo sapiens	colon	not available	11	not pooled	study sample	colorectal cancer	tissue	not available	not available	not available	patient-11	tumor tissue	Fusion_180927_10-TMT127N	proteomic profiling by mass spectrometry	1	Fusion_180927_10.raw	v1.1.0	NT=ms-proteomics;VV=v1.1.0	NT=human;VV=v1.1.0	NT=clinical-metadata;VV=v1.0.0	NT=oncology-metadata;VV=v1.0.0	manual curation	NT=Data-dependent acquisition;AC=PRIDE:0000627	NT=Orbitrap Fusion;AC=MS:1002416	NT=Trypsin;AC=MS:1001251	TMT127N	6	NT=higher energy beam-type collision-induced dissociation;AC=MS:1000422	5 ppm	0.6 Da	NT=dithiothreitol (DTT);AC=PRIDE:0000608	NT=methyl methanethiosulfonate (MMTS);AC=PRIDE:0000605	NT=Methylthio;AC=UNIMOD:39;TA=C;MT=Fixed	NT=Oxidation;AC=UNIMOD:35;TA=M;MT=Variable	NT=TMT6plex;AC=UNIMOD:737;TA=K;MT=Fixed	NT=TMT6plex;AC=UNIMOD:737;PP=Any N-term;MT=Fixed	tumor tissue
CoT11	Homo sapiens	colon	not available	11	not pooled	study sample	colorectal cancer	tissue	not available	not available	not available	patient-11	tumor tissue	Fusion_180927_11-TMT127N	proteomic profiling by mass spectrometry	1	Fusion_180927_11.raw	v1.1.0	NT=ms-proteomics;VV=v1.1.0	NT=human;VV=v1.1.0	NT=clinical-metadata;VV=v1.0.0	NT=oncology-metadata;VV=v1.0.0	manual curation	NT=Data-dependent acquisition;AC=PRIDE:0000627	NT=Orbitrap Fusion;AC=MS:1002416	NT=Trypsin;AC=MS:1001251	TMT127N	7	NT=higher energy beam-type collision-induced dissociation;AC=MS:1000422	5 ppm	0.6 Da	NT=dithiothreitol (DTT);AC=PRIDE:0000608	NT=methyl methanethiosulfonate (MMTS);AC=PRIDE:0000605	NT=Methylthio;AC=UNIMOD:39;TA=C;MT=Fixed	NT=Oxidation;AC=UNIMOD:35;TA=M;MT=Variable	NT=TMT6plex;AC=UNIMOD:737;TA=K;MT=Fixed	NT=TMT6plex;AC=UNIMOD:737;PP=Any N-term;MT=Fixed	tumor tissue
CoT11	Homo sapiens	colon	not available	11	not pooled	study sample	colorectal cancer	tissue	not available	not available	not available	patient-11	tumor tissue	Fusion_180927_12-TMT127N	proteomic profiling by mass spectrometry	1	Fusion_180927_12.raw	v1.1.0	NT=ms-proteomics;VV=v1.1.0	NT=human;VV=v1.1.0	NT=clinical-metadata;VV=v1.0.0	NT=oncology-metadata;VV=v1.0.0	manual curation	NT=Data-dependent acquisition;AC=PRIDE:0000627	NT=Orbitrap Fusion;AC=MS:1002416	NT=Trypsin;AC=MS:1001251	TMT127N	8	NT=higher energy beam-type collision-induced dissociation;AC=MS:1000422	5 ppm	0.6 Da	NT=dithiothreitol (DTT);AC=PRIDE:0000608	NT=methyl methanethiosulfonate (MMTS);AC=PRIDE:0000605	NT=Methylthio;AC=UNIMOD:39;TA=C;MT=Fixed	NT=Oxidation;AC=UNIMOD:35;TA=M;MT=Variable	NT=TMT6plex;AC=UNIMOD:737;TA=K;MT=Fixed	NT=TMT6plex;AC=UNIMOD:737;PP=Any N-term;MT=Fixed	tumor tissue
CoT11	Homo sapiens	colon	not available	11	not pooled	study sample	colorectal cancer	tissue	not available	not available	not available	patient-11	tumor tissue	Fusion_180927_13-TMT127N	proteomic profiling by mass spectrometry	1	Fusion_180927_13.raw	v1.1.0	NT=ms-proteomics;VV=v1.1.0	NT=human;VV=v1.1.0	NT=clinical-metadata;VV=v1.0.0	NT=oncology-metadata;VV=v1.0.0	manual curation	NT=Data-dependent acquisition;AC=PRIDE:0000627	NT=Orbitrap Fusion;AC=MS:1002416	NT=Trypsin;AC=MS:1001251	TMT127N	9	NT=higher energy beam-type collision-induced dissociation;AC=MS:1000422	5 ppm	0.6 Da	NT=dithiothreitol (DTT);AC=PRIDE:0000608	NT=methyl methanethiosulfonate (MMTS);AC=PRIDE:0000605	NT=Methylthio;AC=UNIMOD:39;TA=C;MT=Fixed	NT=Oxidation;AC=UNIMOD:35;TA=M;MT=Variable	NT=TMT6plex;AC=UNIMOD:737;TA=K;MT=Fixed	NT=TMT6plex;AC=UNIMOD:737;PP=Any N-term;MT=Fixed	tumor tissue
CoT11	Homo sapiens	colon	not available	11	not pooled	study sample	colorectal cancer	tissue	not available	not available	not available	patient-11	tumor tissue	Fusion_180927_14-TMT127N	proteomic profiling by mass spectrometry	1	Fusion_180927_14.raw	v1.1.0	NT=ms-proteomics;VV=v1.1.0	NT=human;VV=v1.1.0	NT=clinical-metadata;VV=v1.0.0	NT=oncology-metadata;VV=v1.0.0	manual curation	NT=Data-dependent acquisition;AC=PRIDE:0000627	NT=Orbitrap Fusion;AC=MS:1002416	NT=Trypsin;AC=MS:1001251	TMT127N	10	NT=higher energy beam-type collision-induced dissociation;AC=MS:1000422	5 ppm	0.6 Da	NT=dithiothreitol (DTT);AC=PRIDE:0000608	NT=methyl methanethiosulfonate (MMTS);AC=PRIDE:0000605	NT=Methylthio;AC=UNIMOD:39;TA=C;MT=Fixed	NT=Oxidation;AC=UNIMOD:35;TA=M;MT=Variable	NT=TMT6plex;AC=UNIMOD:737;TA=K;MT=Fixed	NT=TMT6plex;AC=UNIMOD:737;PP=Any N-term;MT=Fixed	tumor tissue
CoT11	Homo sapiens	colon	not available	11	not pooled	study sample	colorectal cancer	tissue	not available	not available	not available	patient-11	tumor tissue	Fusion_180927_19-TMT127N	proteomic profiling by mass spectrometry	1	Fusion_180927_19.raw	v1.1.0	NT=ms-proteomics;VV=v1.1.0	NT=human;VV=v1.1.0	NT=clinical-metadata;VV=v1.0.0	NT=oncology-metadata;VV=v1.0.0	manual curation	NT=Data-dependent acquisition;AC=PRIDE:0000627	NT=Orbitrap Fusion;AC=MS:1002416	NT=Trypsin;AC=MS:1001251	TMT127N	11	NT=higher energy beam-type collision-induced dissociation;AC=MS:1000422	5 ppm	0.6 Da	NT=dithiothreitol (DTT);AC=PRIDE:0000608	NT=methyl methanethiosulfonate (MMTS);AC=PRIDE:0000605	NT=Methylthio;AC=UNIMOD:39;TA=C;MT=Fixed	NT=Oxidation;AC=UNIMOD:35;TA=M;MT=Variable	NT=TMT6plex;AC=UNIMOD:737;TA=K;MT=Fixed	NT=TMT6plex;AC=UNIMOD:737;PP=Any N-term;MT=Fixed	tumor tissue
CoT11	Homo sapiens	colon	not available	11	not pooled	study sample	colorectal cancer	tissue	not available	not available	not available	patient-11	tumor tissue	Fusion_180927_20-TMT127N	proteomic profiling by mass spectrometry	1	Fusion_180927_20.raw	v1.1.0	NT=ms-proteomics;VV=v1.1.0	NT=human;VV=v1.1.0	NT=clinical-metadata;VV=v1.0.0	NT=oncology-metadata;VV=v1.0.0	manual curation	NT=Data-dependent acquisition;AC=PRIDE:0000627	NT=Orbitrap Fusion;AC=MS:1002416	NT=Trypsin;AC=MS:1001251	TMT127N	12	NT=higher energy beam-type collision-induced dissociation;AC=MS:1000422	5 ppm	0.6 Da	NT=dithiothreitol (DTT);AC=PRIDE:0000608	NT=methyl methanethiosulfonate (MMTS);AC=PRIDE:0000605	NT=Methylthio;AC=UNIMOD:39;TA=C;MT=Fixed	NT=Oxidation;AC=UNIMOD:35;TA=M;MT=Variable	NT=TMT6plex;AC=UNIMOD:737;TA=K;MT=Fixed	NT=TMT6plex;AC=UNIMOD:737;PP=Any N-term;MT=Fixed	tumor tissue
CoT11	Homo sapiens	colon	not available	11	not pooled	study sample	colorectal cancer	tissue	not available	not available	not available	patient-11	tumor tissue	Fusion_180927_21-TMT127N	proteomic profiling by mass spectrometry	1	Fusion_180927_21.raw	v1.1.0	NT=ms-proteomics;VV=v1.1.0	NT=human;VV=v1.1.0	NT=clinical-metadata;VV=v1.0.0	NT=oncology-metadata;VV=v1.0.0	manual curation	NT=Data-dependent acquisition;AC=PRIDE:0000627	NT=Orbitrap Fusion;AC=MS:1002416	NT=Trypsin;AC=MS:1001251	TMT127N	13	NT=higher energy beam-type collision-induced dissociation;AC=MS:1000422	5 ppm	0.6 Da	NT=dithiothreitol (DTT);AC=PRIDE:0000608	NT=methyl methanethiosulfonate (MMTS);AC=PRIDE:0000605	NT=Methylthio;AC=UNIMOD:39;TA=C;MT=Fixed	NT=Oxidation;AC=UNIMOD:35;TA=M;MT=Variable	NT=TMT6plex;AC=UNIMOD:737;TA=K;MT=Fixed	NT=TMT6plex;AC=UNIMOD:737;PP=Any N-term;MT=Fixed	tumor tissue
CoT11	Homo sapiens	colon	not available	11	not pooled	study sample	colorectal cancer	tissue	not available	not available	not available	patient-11	tumor tissue	Fusion_180927_22-TMT127N	proteomic profiling by mass spectrometry	1	Fusion_180927_22.raw	v1.1.0	NT=ms-proteomics;VV=v1.1.0	NT=human;VV=v1.1.0	NT=clinical-metadata;VV=v1.0.0	NT=oncology-metadata;VV=v1.0.0	manual curation	NT=Data-dependent acquisition;AC=PRIDE:0000627	NT=Orbitrap Fusion;AC=MS:1002416	NT=Trypsin;AC=MS:1001251	TMT127N	14	NT=higher energy beam-type collision-induced dissociation;AC=MS:1000422	5 ppm	0.6 Da	NT=dithiothreitol (DTT);AC=PRIDE:0000608	NT=methyl methanethiosulfonate (MMTS);AC=PRIDE:0000605	NT=Methylthio;AC=UNIMOD:39;TA=C;MT=Fixed	NT=Oxidation;AC=UNIMOD:35;TA=M;MT=Variable	NT=TMT6plex;AC=UNIMOD:737;TA=K;MT=Fixed	NT=TMT6plex;AC=UNIMOD:737;PP=Any N-term;MT=Fixed	tumor tissue
CoT11	Homo sapiens	colon	not available	11	not pooled	study sample	colorectal cancer	tissue	not available	not available	not available	patient-11	tumor tissue	Fusion_180927_23-TMT127N	proteomic profiling by mass spectrometry	1	Fusion_180927_23.raw	v1.1.0	NT=ms-proteomics;VV=v1.1.0	NT=human;VV=v1.1.0	NT=clinical-metadata;VV=v1.0.0	NT=oncology-metadata;VV=v1.0.0	manual curation	NT=Data-dependent acquisition;AC=PRIDE:0000627	NT=Orbitrap Fusion;AC=MS:1002416	NT=Trypsin;AC=MS:1001251	TMT127N	15	NT=higher energy beam-type collision-induced dissociation;AC=MS:1000422	5 ppm	0.6 Da	NT=dithiothreitol (DTT);AC=PRIDE:0000608	NT=methyl methanethiosulfonate (MMTS);AC=PRIDE:0000605	NT=Methylthio;AC=UNIMOD:39;TA=C;MT=Fixed	NT=Oxidation;AC=UNIMOD:35;TA=M;MT=Variable	NT=TMT6plex;AC=UNIMOD:737;TA=K;MT=Fixed	NT=TMT6plex;AC=UNIMOD:737;PP=Any N-term;MT=Fixed	tumor tissue
CoT11	Homo sapiens	colon	not available	11	not pooled	study sample	colorectal cancer	tissue	not available	not available	not available	patient-11	tumor tissue	Fusion_180927_24-TMT127N	proteomic profiling by mass spectrometry	1	Fusion_180927_24.raw	v1.1.0	NT=ms-proteomics;VV=v1.1.0	NT=human;VV=v1.1.0	NT=clinical-metadata;VV=v1.0.0	NT=oncology-metadata;VV=v1.0.0	manual curation	NT=Data-dependent acquisition;AC=PRIDE:0000627	NT=Orbitrap Fusion;AC=MS:1002416	NT=Trypsin;AC=MS:1001251	TMT127N	16	NT=higher energy beam-type collision-induced dissociation;AC=MS:1000422	5 ppm	0.6 Da	NT=dithiothreitol (DTT);AC=PRIDE:0000608	NT=methyl methanethiosulfonate (MMTS);AC=PRIDE:0000605	NT=Methylthio;AC=UNIMOD:39;TA=C;MT=Fixed	NT=Oxidation;AC=UNIMOD:35;TA=M;MT=Variable	NT=TMT6plex;AC=UNIMOD:737;TA=K;MT=Fixed	NT=TMT6plex;AC=UNIMOD:737;PP=Any N-term;MT=Fixed	tumor tissue
CoT11	Homo sapiens	colon	not available	11	not pooled	study sample	colorectal cancer	tissue	not available	not available	not available	patient-11	tumor tissue	Fusion_180927_25-TMT127N	proteomic profiling by mass spectrometry	1	Fusion_180927_25.raw	v1.1.0	NT=ms-proteomics;VV=v1.1.0	NT=human;VV=v1.1.0	NT=clinical-metadata;VV=v1.0.0	NT=oncology-metadata;VV=v1.0.0	manual curation	NT=Data-dependent acquisition;AC=PRIDE:0000627	NT=Orbitrap Fusion;AC=MS:1002416	NT=Trypsin;AC=MS:1001251	TMT127N	17	NT=higher energy beam-type collision-induced dissociation;AC=MS:1000422	5 ppm	0.6 Da	NT=dithiothreitol (DTT);AC=PRIDE:0000608	NT=methyl methanethiosulfonate (MMTS);AC=PRIDE:0000605	NT=Methylthio;AC=UNIMOD:39;TA=C;MT=Fixed	NT=Oxidation;AC=UNIMOD:35;TA=M;MT=Variable	NT=TMT6plex;AC=UNIMOD:737;TA=K;MT=Fixed	NT=TMT6plex;AC=UNIMOD:737;PP=Any N-term;MT=Fixed	tumor tissue
CoT11	Homo sapiens	colon	not available	11	not pooled	study sample	colorectal cancer	tissue	not available	not available	not available	patient-11	tumor tissue	Fusion_180927_26-TMT127N	proteomic profiling by mass spectrometry	1	Fusion_180927_26.raw	v1.1.0	NT=ms-proteomics;VV=v1.1.0	NT=human;VV=v1.1.0	NT=clinical-metadata;VV=v1.0.0	NT=oncology-metadata;VV=v1.0.0	manual curation	NT=Data-dependent acquisition;AC=PRIDE:0000627	NT=Orbitrap Fusion;AC=MS:1002416	NT=Trypsin;AC=MS:1001251	TMT127N	18	NT=higher energy beam-type collision-induced dissociation;AC=MS:1000422	5 ppm	0.6 Da	NT=dithiothreitol (DTT);AC=PRIDE:0000608	NT=methyl methanethiosulfonate (MMTS);AC=PRIDE:0000605	NT=Methylthio;AC=UNIMOD:39;TA=C;MT=Fixed	NT=Oxidation;AC=UNIMOD:35;TA=M;MT=Variable	NT=TMT6plex;AC=UNIMOD:737;TA=K;MT=Fixed	NT=TMT6plex;AC=UNIMOD:737;PP=Any N-term;MT=Fixed	tumor tissue
CoT11	Homo sapiens	colon	not available	11	not pooled	study sample	colorectal cancer	tissue	not available	not available	not available	patient-11	tumor tissue	Fusion_180927_27-TMT127N	proteomic profiling by mass spectrometry	1	Fusion_180927_27.raw	v1.1.0	NT=ms-proteomics;VV=v1.1.0	NT=human;VV=v1.1.0	NT=clinical-metadata;VV=v1.0.0	NT=oncology-metadata;VV=v1.0.0	manual curation	NT=Data-dependent acquisition;AC=PRIDE:0000627	NT=Orbitrap Fusion;AC=MS:1002416	NT=Trypsin;AC=MS:1001251	TMT127N	19	NT=higher energy beam-type collision-induced dissociation;AC=MS:1000422	5 ppm	0.6 Da	NT=dithiothreitol (DTT);AC=PRIDE:0000608	NT=methyl methanethiosulfonate (MMTS);AC=PRIDE:0000605	NT=Methylthio;AC=UNIMOD:39;TA=C;MT=Fixed	NT=Oxidation;AC=UNIMOD:35;TA=M;MT=Variable	NT=TMT6plex;AC=UNIMOD:737;TA=K;MT=Fixed	NT=TMT6plex;AC=UNIMOD:737;PP=Any N-term;MT=Fixed	tumor tissue
CoT11	Homo sapiens	colon	not available	11	not pooled	study sample	colorectal cancer	tissue	not available	not available	not available	patient-11	tumor tissue	Fusion_180927_28-TMT127N	proteomic profiling by mass spectrometry	1	Fusion_180927_28.raw	v1.1.0	NT=ms-proteomics;VV=v1.1.0	NT=human;VV=v1.1.0	NT=clinical-metadata;VV=v1.0.0	NT=oncology-metadata;VV=v1.0.0	manual curation	NT=Data-dependent acquisition;AC=PRIDE:0000627	NT=Orbitrap Fusion;AC=MS:1002416	NT=Trypsin;AC=MS:1001251	TMT127N	20	NT=higher energy beam-type collision-induced dissociation;AC=MS:1000422	5 ppm	0.6 Da	NT=dithiothreitol (DTT);AC=PRIDE:0000608	NT=methyl methanethiosulfonate (MMTS);AC=PRIDE:0000605	NT=Methylthio;AC=UNIMOD:39;TA=C;MT=Fixed	NT=Oxidation;AC=UNIMOD:35;TA=M;MT=Variable	NT=TMT6plex;AC=UNIMOD:737;TA=K;MT=Fixed	NT=TMT6plex;AC=UNIMOD:737;PP=Any N-term;MT=Fixed	tumor tissue
CoM11	Homo sapiens	colon	not available	11	not pooled	study sample	colorectal cancer	tissue	not available	not available	not available	patient-11	healthy mucosal tissue	Fusion_180927_05-TMT127C	proteomic profiling by mass spectrometry	1	Fusion_180927_05.raw	v1.1.0	NT=ms-proteomics;VV=v1.1.0	NT=human;VV=v1.1.0	NT=clinical-metadata;VV=v1.0.0	NT=oncology-metadata;VV=v1.0.0	manual curation	NT=Data-dependent acquisition;AC=PRIDE:0000627	NT=Orbitrap Fusion;AC=MS:1002416	NT=Trypsin;AC=MS:1001251	TMT127C	1	NT=higher energy beam-type collision-induced dissociation;AC=MS:1000422	5 ppm	0.6 Da	NT=dithiothreitol (DTT);AC=PRIDE:0000608	NT=methyl methanethiosulfonate (MMTS);AC=PRIDE:0000605	NT=Methylthio;AC=UNIMOD:39;TA=C;MT=Fixed	NT=Oxidation;AC=UNIMOD:35;TA=M;MT=Variable	NT=TMT6plex;AC=UNIMOD:737;TA=K;MT=Fixed	NT=TMT6plex;AC=UNIMOD:737;PP=Any N-term;MT=Fixed	healthy mucosal tissue
CoM11	Homo sapiens	colon	not available	11	not pooled	study sample	colorectal cancer	tissue	not available	not available	not available	patient-11	healthy mucosal tissue	Fusion_180927_06-TMT127C	proteomic profiling by mass spectrometry	1	Fusion_180927_06.raw	v1.1.0	NT=ms-proteomics;VV=v1.1.0	NT=human;VV=v1.1.0	NT=clinical-metadata;VV=v1.0.0	NT=oncology-metadata;VV=v1.0.0	manual curation	NT=Data-dependent acquisition;AC=PRIDE:0000627	NT=Orbitrap Fusion;AC=MS:1002416	NT=Trypsin;AC=MS:1001251	TMT127C	2	NT=higher energy beam-type collision-induced dissociation;AC=MS:1000422	5 ppm	0.6 Da	NT=dithiothreitol (DTT);AC=PRIDE:0000608	NT=methyl methanethiosulfonate (MMTS);AC=PRIDE:0000605	NT=Methylthio;AC=UNIMOD:39;TA=C;MT=Fixed	NT=Oxidation;AC=UNIMOD:35;TA=M;MT=Variable	NT=TMT6plex;AC=UNIMOD:737;TA=K;MT=Fixed	NT=TMT6plex;AC=UNIMOD:737;PP=Any N-term;MT=Fixed	healthy mucosal tissue
CoM11	Homo sapiens	colon	not available	11	not pooled	study sample	colorectal cancer	tissue	not available	not available	not available	patient-11	healthy mucosal tissue	Fusion_180927_07-TMT127C	proteomic profiling by mass spectrometry	1	Fusion_180927_07.raw	v1.1.0	NT=ms-proteomics;VV=v1.1.0	NT=human;VV=v1.1.0	NT=clinical-metadata;VV=v1.0.0	NT=oncology-metadata;VV=v1.0.0	manual curation	NT=Data-dependent acquisition;AC=PRIDE:0000627	NT=Orbitrap Fusion;AC=MS:1002416	NT=Trypsin;AC=MS:1001251	TMT127C	3	NT=higher energy beam-type collision-induced dissociation;AC=MS:1000422	5 ppm	0.6 Da	NT=dithiothreitol (DTT);AC=PRIDE:0000608	NT=methyl methanethiosulfonate (MMTS);AC=PRIDE:0000605	NT=Methylthio;AC=UNIMOD:39;TA=C;MT=Fixed	NT=Oxidation;AC=UNIMOD:35;TA=M;MT=Variable	NT=TMT6plex;AC=UNIMOD:737;TA=K;MT=Fixed	NT=TMT6plex;AC=UNIMOD:737;PP=Any N-term;MT=Fixed	healthy mucosal tissue
CoM11	Homo sapiens	colon	not available	11	not pooled	study sample	colorectal cancer	tissue	not available	not available	not available	patient-11	healthy mucosal tissue	Fusion_180927_08-TMT127C	proteomic profiling by mass spectrometry	1	Fusion_180927_08.raw	v1.1.0	NT=ms-proteomics;VV=v1.1.0	NT=human;VV=v1.1.0	NT=clinical-metadata;VV=v1.0.0	NT=oncology-metadata;VV=v1.0.0	manual curation	NT=Data-dependent acquisition;AC=PRIDE:0000627	NT=Orbitrap Fusion;AC=MS:1002416	NT=Trypsin;AC=MS:1001251	TMT127C	4	NT=higher energy beam-type collision-induced dissociation;AC=MS:1000422	5 ppm	0.6 Da	NT=dithiothreitol (DTT);AC=PRIDE:0000608	NT=methyl methanethiosulfonate (MMTS);AC=PRIDE:0000605	NT=Methylthio;AC=UNIMOD:39;TA=C;MT=Fixed	NT=Oxidation;AC=UNIMOD:35;TA=M;MT=Variable	NT=TMT6plex;AC=UNIMOD:737;TA=K;MT=Fixed	NT=TMT6plex;AC=UNIMOD:737;PP=Any N-term;MT=Fixed	healthy mucosal tissue
CoM11	Homo sapiens	colon	not available	11	not pooled	study sample	colorectal cancer	tissue	not available	not available	not available	patient-11	healthy mucosal tissue	Fusion_180927_09-TMT127C	proteomic profiling by mass spectrometry	1	Fusion_180927_09.raw	v1.1.0	NT=ms-proteomics;VV=v1.1.0	NT=human;VV=v1.1.0	NT=clinical-metadata;VV=v1.0.0	NT=oncology-metadata;VV=v1.0.0	manual curation	NT=Data-dependent acquisition;AC=PRIDE:0000627	NT=Orbitrap Fusion;AC=MS:1002416	NT=Trypsin;AC=MS:1001251	TMT127C	5	NT=higher energy beam-type collision-induced dissociation;AC=MS:1000422	5 ppm	0.6 Da	NT=dithiothreitol (DTT);AC=PRIDE:0000608	NT=methyl methanethiosulfonate (MMTS);AC=PRIDE:0000605	NT=Methylthio;AC=UNIMOD:39;TA=C;MT=Fixed	NT=Oxidation;AC=UNIMOD:35;TA=M;MT=Variable	NT=TMT6plex;AC=UNIMOD:737;TA=K;MT=Fixed	NT=TMT6plex;AC=UNIMOD:737;PP=Any N-term;MT=Fixed	healthy mucosal tissue
CoM11	Homo sapiens	colon	not available	11	not pooled	study sample	colorectal cancer	tissue	not available	not available	not available	patient-11	healthy mucosal tissue	Fusion_180927_10-TMT127C	proteomic profiling by mass spectrometry	1	Fusion_180927_10.raw	v1.1.0	NT=ms-proteomics;VV=v1.1.0	NT=human;VV=v1.1.0	NT=clinical-metadata;VV=v1.0.0	NT=oncology-metadata;VV=v1.0.0	manual curation	NT=Data-dependent acquisition;AC=PRIDE:0000627	NT=Orbitrap Fusion;AC=MS:1002416	NT=Trypsin;AC=MS:1001251	TMT127C	6	NT=higher energy beam-type collision-induced dissociation;AC=MS:1000422	5 ppm	0.6 Da	NT=dithiothreitol (DTT);AC=PRIDE:0000608	NT=methyl methanethiosulfonate (MMTS);AC=PRIDE:0000605	NT=Methylthio;AC=UNIMOD:39;TA=C;MT=Fixed	NT=Oxidation;AC=UNIMOD:35;TA=M;MT=Variable	NT=TMT6plex;AC=UNIMOD:737;TA=K;MT=Fixed	NT=TMT6plex;AC=UNIMOD:737;PP=Any N-term;MT=Fixed	healthy mucosal tissue
CoM11	Homo sapiens	colon	not available	11	not pooled	study sample	colorectal cancer	tissue	not available	not available	not available	patient-11	healthy mucosal tissue	Fusion_180927_11-TMT127C	proteomic profiling by mass spectrometry	1	Fusion_180927_11.raw	v1.1.0	NT=ms-proteomics;VV=v1.1.0	NT=human;VV=v1.1.0	NT=clinical-metadata;VV=v1.0.0	NT=oncology-metadata;VV=v1.0.0	manual curation	NT=Data-dependent acquisition;AC=PRIDE:0000627	NT=Orbitrap Fusion;AC=MS:1002416	NT=Trypsin;AC=MS:1001251	TMT127C	7	NT=higher energy beam-type collision-induced dissociation;AC=MS:1000422	5 ppm	0.6 Da	NT=dithiothreitol (DTT);AC=PRIDE:0000608	NT=methyl methanethiosulfonate (MMTS);AC=PRIDE:0000605	NT=Methylthio;AC=UNIMOD:39;TA=C;MT=Fixed	NT=Oxidation;AC=UNIMOD:35;TA=M;MT=Variable	NT=TMT6plex;AC=UNIMOD:737;TA=K;MT=Fixed	NT=TMT6plex;AC=UNIMOD:737;PP=Any N-term;MT=Fixed	healthy mucosal tissue
CoM11	Homo sapiens	colon	not available	11	not pooled	study sample	colorectal cancer	tissue	not available	not available	not available	patient-11	healthy mucosal tissue	Fusion_180927_12-TMT127C	proteomic profiling by mass spectrometry	1	Fusion_180927_12.raw	v1.1.0	NT=ms-proteomics;VV=v1.1.0	NT=human;VV=v1.1.0	NT=clinical-metadata;VV=v1.0.0	NT=oncology-metadata;VV=v1.0.0	manual curation	NT=Data-dependent acquisition;AC=PRIDE:0000627	NT=Orbitrap Fusion;AC=MS:1002416	NT=Trypsin;AC=MS:1001251	TMT127C	8	NT=higher energy beam-type collision-induced dissociation;AC=MS:1000422	5 ppm	0.6 Da	NT=dithiothreitol (DTT);AC=PRIDE:0000608	NT=methyl methanethiosulfonate (MMTS);AC=PRIDE:0000605	NT=Methylthio;AC=UNIMOD:39;TA=C;MT=Fixed	NT=Oxidation;AC=UNIMOD:35;TA=M;MT=Variable	NT=TMT6plex;AC=UNIMOD:737;TA=K;MT=Fixed	NT=TMT6plex;AC=UNIMOD:737;PP=Any N-term;MT=Fixed	healthy mucosal tissue
CoM11	Homo sapiens	colon	not available	11	not pooled	study sample	colorectal cancer	tissue	not available	not available	not available	patient-11	healthy mucosal tissue	Fusion_180927_13-TMT127C	proteomic profiling by mass spectrometry	1	Fusion_180927_13.raw	v1.1.0	NT=ms-proteomics;VV=v1.1.0	NT=human;VV=v1.1.0	NT=clinical-metadata;VV=v1.0.0	NT=oncology-metadata;VV=v1.0.0	manual curation	NT=Data-dependent acquisition;AC=PRIDE:0000627	NT=Orbitrap Fusion;AC=MS:1002416	NT=Trypsin;AC=MS:1001251	TMT127C	9	NT=higher energy beam-type collision-induced dissociation;AC=MS:1000422	5 ppm	0.6 Da	NT=dithiothreitol (DTT);AC=PRIDE:0000608	NT=methyl methanethiosulfonate (MMTS);AC=PRIDE:0000605	NT=Methylthio;AC=UNIMOD:39;TA=C;MT=Fixed	NT=Oxidation;AC=UNIMOD:35;TA=M;MT=Variable	NT=TMT6plex;AC=UNIMOD:737;TA=K;MT=Fixed	NT=TMT6plex;AC=UNIMOD:737;PP=Any N-term;MT=Fixed	healthy mucosal tissue
CoM11	Homo sapiens	colon	not available	11	not pooled	study sample	colorectal cancer	tissue	not available	not available	not available	patient-11	healthy mucosal tissue	Fusion_180927_14-TMT127C	proteomic profiling by mass spectrometry	1	Fusion_180927_14.raw	v1.1.0	NT=ms-proteomics;VV=v1.1.0	NT=human;VV=v1.1.0	NT=clinical-metadata;VV=v1.0.0	NT=oncology-metadata;VV=v1.0.0	manual curation	NT=Data-dependent acquisition;AC=PRIDE:0000627	NT=Orbitrap Fusion;AC=MS:1002416	NT=Trypsin;AC=MS:1001251	TMT127C	10	NT=higher energy beam-type collision-induced dissociation;AC=MS:1000422	5 ppm	0.6 Da	NT=dithiothreitol (DTT);AC=PRIDE:0000608	NT=methyl methanethiosulfonate (MMTS);AC=PRIDE:0000605	NT=Methylthio;AC=UNIMOD:39;TA=C;MT=Fixed	NT=Oxidation;AC=UNIMOD:35;TA=M;MT=Variable	NT=TMT6plex;AC=UNIMOD:737;TA=K;MT=Fixed	NT=TMT6plex;AC=UNIMOD:737;PP=Any N-term;MT=Fixed	healthy mucosal tissue
CoM11	Homo sapiens	colon	not available	11	not pooled	study sample	colorectal cancer	tissue	not available	not available	not available	patient-11	healthy mucosal tissue	Fusion_180927_19-TMT127C	proteomic profiling by mass spectrometry	1	Fusion_180927_19.raw	v1.1.0	NT=ms-proteomics;VV=v1.1.0	NT=human;VV=v1.1.0	NT=clinical-metadata;VV=v1.0.0	NT=oncology-metadata;VV=v1.0.0	manual curation	NT=Data-dependent acquisition;AC=PRIDE:0000627	NT=Orbitrap Fusion;AC=MS:1002416	NT=Trypsin;AC=MS:1001251	TMT127C	11	NT=higher energy beam-type collision-induced dissociation;AC=MS:1000422	5 ppm	0.6 Da	NT=dithiothreitol (DTT);AC=PRIDE:0000608	NT=methyl methanethiosulfonate (MMTS);AC=PRIDE:0000605	NT=Methylthio;AC=UNIMOD:39;TA=C;MT=Fixed	NT=Oxidation;AC=UNIMOD:35;TA=M;MT=Variable	NT=TMT6plex;AC=UNIMOD:737;TA=K;MT=Fixed	NT=TMT6plex;AC=UNIMOD:737;PP=Any N-term;MT=Fixed	healthy mucosal tissue
CoM11	Homo sapiens	colon	not available	11	not pooled	study sample	colorectal cancer	tissue	not available	not available	not available	patient-11	healthy mucosal tissue	Fusion_180927_20-TMT127C	proteomic profiling by mass spectrometry	1	Fusion_180927_20.raw	v1.1.0	NT=ms-proteomics;VV=v1.1.0	NT=human;VV=v1.1.0	NT=clinical-metadata;VV=v1.0.0	NT=oncology-metadata;VV=v1.0.0	manual curation	NT=Data-dependent acquisition;AC=PRIDE:0000627	NT=Orbitrap Fusion;AC=MS:1002416	NT=Trypsin;AC=MS:1001251	TMT127C	12	NT=higher energy beam-type collision-induced dissociation;AC=MS:1000422	5 ppm	0.6 Da	NT=dithiothreitol (DTT);AC=PRIDE:0000608	NT=methyl methanethiosulfonate (MMTS);AC=PRIDE:0000605	NT=Methylthio;AC=UNIMOD:39;TA=C;MT=Fixed	NT=Oxidation;AC=UNIMOD:35;TA=M;MT=Variable	NT=TMT6plex;AC=UNIMOD:737;TA=K;MT=Fixed	NT=TMT6plex;AC=UNIMOD:737;PP=Any N-term;MT=Fixed	healthy mucosal tissue
CoM11	Homo sapiens	colon	not available	11	not pooled	study sample	colorectal cancer	tissue	not available	not available	not available	patient-11	healthy mucosal tissue	Fusion_180927_21-TMT127C	proteomic profiling by mass spectrometry	1	Fusion_180927_21.raw	v1.1.0	NT=ms-proteomics;VV=v1.1.0	NT=human;VV=v1.1.0	NT=clinical-metadata;VV=v1.0.0	NT=oncology-metadata;VV=v1.0.0	manual curation	NT=Data-dependent acquisition;AC=PRIDE:0000627	NT=Orbitrap Fusion;AC=MS:1002416	NT=Trypsin;AC=MS:1001251	TMT127C	13	NT=higher energy beam-type collision-induced dissociation;AC=MS:1000422	5 ppm	0.6 Da	NT=dithiothreitol (DTT);AC=PRIDE:0000608	NT=methyl methanethiosulfonate (MMTS);AC=PRIDE:0000605	NT=Methylthio;AC=UNIMOD:39;TA=C;MT=Fixed	NT=Oxidation;AC=UNIMOD:35;TA=M;MT=Variable	NT=TMT6plex;AC=UNIMOD:737;TA=K;MT=Fixed	NT=TMT6plex;AC=UNIMOD:737;PP=Any N-term;MT=Fixed	healthy mucosal tissue
CoM11	Homo sapiens	colon	not available	11	not pooled	study sample	colorectal cancer	tissue	not available	not available	not available	patient-11	healthy mucosal tissue	Fusion_180927_22-TMT127C	proteomic profiling by mass spectrometry	1	Fusion_180927_22.raw	v1.1.0	NT=ms-proteomics;VV=v1.1.0	NT=human;VV=v1.1.0	NT=clinical-metadata;VV=v1.0.0	NT=oncology-metadata;VV=v1.0.0	manual curation	NT=Data-dependent acquisition;AC=PRIDE:0000627	NT=Orbitrap Fusion;AC=MS:1002416	NT=Trypsin;AC=MS:1001251	TMT127C	14	NT=higher energy beam-type collision-induced dissociation;AC=MS:1000422	5 ppm	0.6 Da	NT=dithiothreitol (DTT);AC=PRIDE:0000608	NT=methyl methanethiosulfonate (MMTS);AC=PRIDE:0000605	NT=Methylthio;AC=UNIMOD:39;TA=C;MT=Fixed	NT=Oxidation;AC=UNIMOD:35;TA=M;MT=Variable	NT=TMT6plex;AC=UNIMOD:737;TA=K;MT=Fixed	NT=TMT6plex;AC=UNIMOD:737;PP=Any N-term;MT=Fixed	healthy mucosal tissue
CoM11	Homo sapiens	colon	not available	11	not pooled	study sample	colorectal cancer	tissue	not available	not available	not available	patient-11	healthy mucosal tissue	Fusion_180927_23-TMT127C	proteomic profiling by mass spectrometry	1	Fusion_180927_23.raw	v1.1.0	NT=ms-proteomics;VV=v1.1.0	NT=human;VV=v1.1.0	NT=clinical-metadata;VV=v1.0.0	NT=oncology-metadata;VV=v1.0.0	manual curation	NT=Data-dependent acquisition;AC=PRIDE:0000627	NT=Orbitrap Fusion;AC=MS:1002416	NT=Trypsin;AC=MS:1001251	TMT127C	15	NT=higher energy beam-type collision-induced dissociation;AC=MS:1000422	5 ppm	0.6 Da	NT=dithiothreitol (DTT);AC=PRIDE:0000608	NT=methyl methanethiosulfonate (MMTS);AC=PRIDE:0000605	NT=Methylthio;AC=UNIMOD:39;TA=C;MT=Fixed	NT=Oxidation;AC=UNIMOD:35;TA=M;MT=Variable	NT=TMT6plex;AC=UNIMOD:737;TA=K;MT=Fixed	NT=TMT6plex;AC=UNIMOD:737;PP=Any N-term;MT=Fixed	healthy mucosal tissue
CoM11	Homo sapiens	colon	not available	11	not pooled	study sample	colorectal cancer	tissue	not available	not available	not available	patient-11	healthy mucosal tissue	Fusion_180927_24-TMT127C	proteomic profiling by mass spectrometry	1	Fusion_180927_24.raw	v1.1.0	NT=ms-proteomics;VV=v1.1.0	NT=human;VV=v1.1.0	NT=clinical-metadata;VV=v1.0.0	NT=oncology-metadata;VV=v1.0.0	manual curation	NT=Data-dependent acquisition;AC=PRIDE:0000627	NT=Orbitrap Fusion;AC=MS:1002416	NT=Trypsin;AC=MS:1001251	TMT127C	16	NT=higher energy beam-type collision-induced dissociation;AC=MS:1000422	5 ppm	0.6 Da	NT=dithiothreitol (DTT);AC=PRIDE:0000608	NT=methyl methanethiosulfonate (MMTS);AC=PRIDE:0000605	NT=Methylthio;AC=UNIMOD:39;TA=C;MT=Fixed	NT=Oxidation;AC=UNIMOD:35;TA=M;MT=Variable	NT=TMT6plex;AC=UNIMOD:737;TA=K;MT=Fixed	NT=TMT6plex;AC=UNIMOD:737;PP=Any N-term;MT=Fixed	healthy mucosal tissue
CoM11	Homo sapiens	colon	not available	11	not pooled	study sample	colorectal cancer	tissue	not available	not available	not available	patient-11	healthy mucosal tissue	Fusion_180927_25-TMT127C	proteomic profiling by mass spectrometry	1	Fusion_180927_25.raw	v1.1.0	NT=ms-proteomics;VV=v1.1.0	NT=human;VV=v1.1.0	NT=clinical-metadata;VV=v1.0.0	NT=oncology-metadata;VV=v1.0.0	manual curation	NT=Data-dependent acquisition;AC=PRIDE:0000627	NT=Orbitrap Fusion;AC=MS:1002416	NT=Trypsin;AC=MS:1001251	TMT127C	17	NT=higher energy beam-type collision-induced dissociation;AC=MS:1000422	5 ppm	0.6 Da	NT=dithiothreitol (DTT);AC=PRIDE:0000608	NT=methyl methanethiosulfonate (MMTS);AC=PRIDE:0000605	NT=Methylthio;AC=UNIMOD:39;TA=C;MT=Fixed	NT=Oxidation;AC=UNIMOD:35;TA=M;MT=Variable	NT=TMT6plex;AC=UNIMOD:737;TA=K;MT=Fixed	NT=TMT6plex;AC=UNIMOD:737;PP=Any N-term;MT=Fixed	healthy mucosal tissue
CoM11	Homo sapiens	colon	not available	11	not pooled	study sample	colorectal cancer	tissue	not available	not available	not available	patient-11	healthy mucosal tissue	Fusion_180927_26-TMT127C	proteomic profiling by mass spectrometry	1	Fusion_180927_26.raw	v1.1.0	NT=ms-proteomics;VV=v1.1.0	NT=human;VV=v1.1.0	NT=clinical-metadata;VV=v1.0.0	NT=oncology-metadata;VV=v1.0.0	manual curation	NT=Data-dependent acquisition;AC=PRIDE:0000627	NT=Orbitrap Fusion;AC=MS:1002416	NT=Trypsin;AC=MS:1001251	TMT127C	18	NT=higher energy beam-type collision-induced dissociation;AC=MS:1000422	5 ppm	0.6 Da	NT=dithiothreitol (DTT);AC=PRIDE:0000608	NT=methyl methanethiosulfonate (MMTS);AC=PRIDE:0000605	NT=Methylthio;AC=UNIMOD:39;TA=C;MT=Fixed	NT=Oxidation;AC=UNIMOD:35;TA=M;MT=Variable	NT=TMT6plex;AC=UNIMOD:737;TA=K;MT=Fixed	NT=TMT6plex;AC=UNIMOD:737;PP=Any N-term;MT=Fixed	healthy mucosal tissue
CoM11	Homo sapiens	colon	not available	11	not pooled	study sample	colorectal cancer	tissue	not available	not available	not available	patient-11	healthy mucosal tissue	Fusion_180927_27-TMT127C	proteomic profiling by mass spectrometry	1	Fusion_180927_27.raw	v1.1.0	NT=ms-proteomics;VV=v1.1.0	NT=human;VV=v1.1.0	NT=clinical-metadata;VV=v1.0.0	NT=oncology-metadata;VV=v1.0.0	manual curation	NT=Data-dependent acquisition;AC=PRIDE:0000627	NT=Orbitrap Fusion;AC=MS:1002416	NT=Trypsin;AC=MS:1001251	TMT127C	19	NT=higher energy beam-type collision-induced dissociation;AC=MS:1000422	5 ppm	0.6 Da	NT=dithiothreitol (DTT);AC=PRIDE:0000608	NT=methyl methanethiosulfonate (MMTS);AC=PRIDE:0000605	NT=Methylthio;AC=UNIMOD:39;TA=C;MT=Fixed	NT=Oxidation;AC=UNIMOD:35;TA=M;MT=Variable	NT=TMT6plex;AC=UNIMOD:737;TA=K;MT=Fixed	NT=TMT6plex;AC=UNIMOD:737;PP=Any N-term;MT=Fixed	healthy mucosal tissue
CoM11	Homo sapiens	colon	not available	11	not pooled	study sample	colorectal cancer	tissue	not available	not available	not available	patient-11	healthy mucosal tissue	Fusion_180927_28-TMT127C	proteomic profiling by mass spectrometry	1	Fusion_180927_28.raw	v1.1.0	NT=ms-proteomics;VV=v1.1.0	NT=human;VV=v1.1.0	NT=clinical-metadata;VV=v1.0.0	NT=oncology-metadata;VV=v1.0.0	manual curation	NT=Data-dependent acquisition;AC=PRIDE:0000627	NT=Orbitrap Fusion;AC=MS:1002416	NT=Trypsin;AC=MS:1001251	TMT127C	20	NT=higher energy beam-type collision-induced dissociation;AC=MS:1000422	5 ppm	0.6 Da	NT=dithiothreitol (DTT);AC=PRIDE:0000608	NT=methyl methanethiosulfonate (MMTS);AC=PRIDE:0000605	NT=Methylthio;AC=UNIMOD:39;TA=C;MT=Fixed	NT=Oxidation;AC=UNIMOD:35;TA=M;MT=Variable	NT=TMT6plex;AC=UNIMOD:737;TA=K;MT=Fixed	NT=TMT6plex;AC=UNIMOD:737;PP=Any N-term;MT=Fixed	healthy mucosal tissue
CoT13	Homo sapiens	colon	not available	13	not pooled	study sample	colorectal cancer	tissue	not available	not available	not available	patient-13	tumor tissue	Fusion_180927_05-TMT128N	proteomic profiling by mass spectrometry	1	Fusion_180927_05.raw	v1.1.0	NT=ms-proteomics;VV=v1.1.0	NT=human;VV=v1.1.0	NT=clinical-metadata;VV=v1.0.0	NT=oncology-metadata;VV=v1.0.0	manual curation	NT=Data-dependent acquisition;AC=PRIDE:0000627	NT=Orbitrap Fusion;AC=MS:1002416	NT=Trypsin;AC=MS:1001251	TMT128N	1	NT=higher energy beam-type collision-induced dissociation;AC=MS:1000422	5 ppm	0.6 Da	NT=dithiothreitol (DTT);AC=PRIDE:0000608	NT=methyl methanethiosulfonate (MMTS);AC=PRIDE:0000605	NT=Methylthio;AC=UNIMOD:39;TA=C;MT=Fixed	NT=Oxidation;AC=UNIMOD:35;TA=M;MT=Variable	NT=TMT6plex;AC=UNIMOD:737;TA=K;MT=Fixed	NT=TMT6plex;AC=UNIMOD:737;PP=Any N-term;MT=Fixed	tumor tissue
CoT13	Homo sapiens	colon	not available	13	not pooled	study sample	colorectal cancer	tissue	not available	not available	not available	patient-13	tumor tissue	Fusion_180927_06-TMT128N	proteomic profiling by mass spectrometry	1	Fusion_180927_06.raw	v1.1.0	NT=ms-proteomics;VV=v1.1.0	NT=human;VV=v1.1.0	NT=clinical-metadata;VV=v1.0.0	NT=oncology-metadata;VV=v1.0.0	manual curation	NT=Data-dependent acquisition;AC=PRIDE:0000627	NT=Orbitrap Fusion;AC=MS:1002416	NT=Trypsin;AC=MS:1001251	TMT128N	2	NT=higher energy beam-type collision-induced dissociation;AC=MS:1000422	5 ppm	0.6 Da	NT=dithiothreitol (DTT);AC=PRIDE:0000608	NT=methyl methanethiosulfonate (MMTS);AC=PRIDE:0000605	NT=Methylthio;AC=UNIMOD:39;TA=C;MT=Fixed	NT=Oxidation;AC=UNIMOD:35;TA=M;MT=Variable	NT=TMT6plex;AC=UNIMOD:737;TA=K;MT=Fixed	NT=TMT6plex;AC=UNIMOD:737;PP=Any N-term;MT=Fixed	tumor tissue
CoT13	Homo sapiens	colon	not available	13	not pooled	study sample	colorectal cancer	tissue	not available	not available	not available	patient-13	tumor tissue	Fusion_180927_07-TMT128N	proteomic profiling by mass spectrometry	1	Fusion_180927_07.raw	v1.1.0	NT=ms-proteomics;VV=v1.1.0	NT=human;VV=v1.1.0	NT=clinical-metadata;VV=v1.0.0	NT=oncology-metadata;VV=v1.0.0	manual curation	NT=Data-dependent acquisition;AC=PRIDE:0000627	NT=Orbitrap Fusion;AC=MS:1002416	NT=Trypsin;AC=MS:1001251	TMT128N	3	NT=higher energy beam-type collision-induced dissociation;AC=MS:1000422	5 ppm	0.6 Da	NT=dithiothreitol (DTT);AC=PRIDE:0000608	NT=methyl methanethiosulfonate (MMTS);AC=PRIDE:0000605	NT=Methylthio;AC=UNIMOD:39;TA=C;MT=Fixed	NT=Oxidation;AC=UNIMOD:35;TA=M;MT=Variable	NT=TMT6plex;AC=UNIMOD:737;TA=K;MT=Fixed	NT=TMT6plex;AC=UNIMOD:737;PP=Any N-term;MT=Fixed	tumor tissue
CoT13	Homo sapiens	colon	not available	13	not pooled	study sample	colorectal cancer	tissue	not available	not available	not available	patient-13	tumor tissue	Fusion_180927_08-TMT128N	proteomic profiling by mass spectrometry	1	Fusion_180927_08.raw	v1.1.0	NT=ms-proteomics;VV=v1.1.0	NT=human;VV=v1.1.0	NT=clinical-metadata;VV=v1.0.0	NT=oncology-metadata;VV=v1.0.0	manual curation	NT=Data-dependent acquisition;AC=PRIDE:0000627	NT=Orbitrap Fusion;AC=MS:1002416	NT=Trypsin;AC=MS:1001251	TMT128N	4	NT=higher energy beam-type collision-induced dissociation;AC=MS:1000422	5 ppm	0.6 Da	NT=dithiothreitol (DTT);AC=PRIDE:0000608	NT=methyl methanethiosulfonate (MMTS);AC=PRIDE:0000605	NT=Methylthio;AC=UNIMOD:39;TA=C;MT=Fixed	NT=Oxidation;AC=UNIMOD:35;TA=M;MT=Variable	NT=TMT6plex;AC=UNIMOD:737;TA=K;MT=Fixed	NT=TMT6plex;AC=UNIMOD:737;PP=Any N-term;MT=Fixed	tumor tissue
CoT13	Homo sapiens	colon	not available	13	not pooled	study sample	colorectal cancer	tissue	not available	not available	not available	patient-13	tumor tissue	Fusion_180927_09-TMT128N	proteomic profiling by mass spectrometry	1	Fusion_180927_09.raw	v1.1.0	NT=ms-proteomics;VV=v1.1.0	NT=human;VV=v1.1.0	NT=clinical-metadata;VV=v1.0.0	NT=oncology-metadata;VV=v1.0.0	manual curation	NT=Data-dependent acquisition;AC=PRIDE:0000627	NT=Orbitrap Fusion;AC=MS:1002416	NT=Trypsin;AC=MS:1001251	TMT128N	5	NT=higher energy beam-type collision-induced dissociation;AC=MS:1000422	5 ppm	0.6 Da	NT=dithiothreitol (DTT);AC=PRIDE:0000608	NT=methyl methanethiosulfonate (MMTS);AC=PRIDE:0000605	NT=Methylthio;AC=UNIMOD:39;TA=C;MT=Fixed	NT=Oxidation;AC=UNIMOD:35;TA=M;MT=Variable	NT=TMT6plex;AC=UNIMOD:737;TA=K;MT=Fixed	NT=TMT6plex;AC=UNIMOD:737;PP=Any N-term;MT=Fixed	tumor tissue
CoT13	Homo sapiens	colon	not available	13	not pooled	study sample	colorectal cancer	tissue	not available	not available	not available	patient-13	tumor tissue	Fusion_180927_10-TMT128N	proteomic profiling by mass spectrometry	1	Fusion_180927_10.raw	v1.1.0	NT=ms-proteomics;VV=v1.1.0	NT=human;VV=v1.1.0	NT=clinical-metadata;VV=v1.0.0	NT=oncology-metadata;VV=v1.0.0	manual curation	NT=Data-dependent acquisition;AC=PRIDE:0000627	NT=Orbitrap Fusion;AC=MS:1002416	NT=Trypsin;AC=MS:1001251	TMT128N	6	NT=higher energy beam-type collision-induced dissociation;AC=MS:1000422	5 ppm	0.6 Da	NT=dithiothreitol (DTT);AC=PRIDE:0000608	NT=methyl methanethiosulfonate (MMTS);AC=PRIDE:0000605	NT=Methylthio;AC=UNIMOD:39;TA=C;MT=Fixed	NT=Oxidation;AC=UNIMOD:35;TA=M;MT=Variable	NT=TMT6plex;AC=UNIMOD:737;TA=K;MT=Fixed	NT=TMT6plex;AC=UNIMOD:737;PP=Any N-term;MT=Fixed	tumor tissue
CoT13	Homo sapiens	colon	not available	13	not pooled	study sample	colorectal cancer	tissue	not available	not available	not available	patient-13	tumor tissue	Fusion_180927_11-TMT128N	proteomic profiling by mass spectrometry	1	Fusion_180927_11.raw	v1.1.0	NT=ms-proteomics;VV=v1.1.0	NT=human;VV=v1.1.0	NT=clinical-metadata;VV=v1.0.0	NT=oncology-metadata;VV=v1.0.0	manual curation	NT=Data-dependent acquisition;AC=PRIDE:0000627	NT=Orbitrap Fusion;AC=MS:1002416	NT=Trypsin;AC=MS:1001251	TMT128N	7	NT=higher energy beam-type collision-induced dissociation;AC=MS:1000422	5 ppm	0.6 Da	NT=dithiothreitol (DTT);AC=PRIDE:0000608	NT=methyl methanethiosulfonate (MMTS);AC=PRIDE:0000605	NT=Methylthio;AC=UNIMOD:39;TA=C;MT=Fixed	NT=Oxidation;AC=UNIMOD:35;TA=M;MT=Variable	NT=TMT6plex;AC=UNIMOD:737;TA=K;MT=Fixed	NT=TMT6plex;AC=UNIMOD:737;PP=Any N-term;MT=Fixed	tumor tissue
CoT13	Homo sapiens	colon	not available	13	not pooled	study sample	colorectal cancer	tissue	not available	not available	not available	patient-13	tumor tissue	Fusion_180927_12-TMT128N	proteomic profiling by mass spectrometry	1	Fusion_180927_12.raw	v1.1.0	NT=ms-proteomics;VV=v1.1.0	NT=human;VV=v1.1.0	NT=clinical-metadata;VV=v1.0.0	NT=oncology-metadata;VV=v1.0.0	manual curation	NT=Data-dependent acquisition;AC=PRIDE:0000627	NT=Orbitrap Fusion;AC=MS:1002416	NT=Trypsin;AC=MS:1001251	TMT128N	8	NT=higher energy beam-type collision-induced dissociation;AC=MS:1000422	5 ppm	0.6 Da	NT=dithiothreitol (DTT);AC=PRIDE:0000608	NT=methyl methanethiosulfonate (MMTS);AC=PRIDE:0000605	NT=Methylthio;AC=UNIMOD:39;TA=C;MT=Fixed	NT=Oxidation;AC=UNIMOD:35;TA=M;MT=Variable	NT=TMT6plex;AC=UNIMOD:737;TA=K;MT=Fixed	NT=TMT6plex;AC=UNIMOD:737;PP=Any N-term;MT=Fixed	tumor tissue
CoT13	Homo sapiens	colon	not available	13	not pooled	study sample	colorectal cancer	tissue	not available	not available	not available	patient-13	tumor tissue	Fusion_180927_13-TMT128N	proteomic profiling by mass spectrometry	1	Fusion_180927_13.raw	v1.1.0	NT=ms-proteomics;VV=v1.1.0	NT=human;VV=v1.1.0	NT=clinical-metadata;VV=v1.0.0	NT=oncology-metadata;VV=v1.0.0	manual curation	NT=Data-dependent acquisition;AC=PRIDE:0000627	NT=Orbitrap Fusion;AC=MS:1002416	NT=Trypsin;AC=MS:1001251	TMT128N	9	NT=higher energy beam-type collision-induced dissociation;AC=MS:1000422	5 ppm	0.6 Da	NT=dithiothreitol (DTT);AC=PRIDE:0000608	NT=methyl methanethiosulfonate (MMTS);AC=PRIDE:0000605	NT=Methylthio;AC=UNIMOD:39;TA=C;MT=Fixed	NT=Oxidation;AC=UNIMOD:35;TA=M;MT=Variable	NT=TMT6plex;AC=UNIMOD:737;TA=K;MT=Fixed	NT=TMT6plex;AC=UNIMOD:737;PP=Any N-term;MT=Fixed	tumor tissue
CoT13	Homo sapiens	colon	not available	13	not pooled	study sample	colorectal cancer	tissue	not available	not available	not available	patient-13	tumor tissue	Fusion_180927_14-TMT128N	proteomic profiling by mass spectrometry	1	Fusion_180927_14.raw	v1.1.0	NT=ms-proteomics;VV=v1.1.0	NT=human;VV=v1.1.0	NT=clinical-metadata;VV=v1.0.0	NT=oncology-metadata;VV=v1.0.0	manual curation	NT=Data-dependent acquisition;AC=PRIDE:0000627	NT=Orbitrap Fusion;AC=MS:1002416	NT=Trypsin;AC=MS:1001251	TMT128N	10	NT=higher energy beam-type collision-induced dissociation;AC=MS:1000422	5 ppm	0.6 Da	NT=dithiothreitol (DTT);AC=PRIDE:0000608	NT=methyl methanethiosulfonate (MMTS);AC=PRIDE:0000605	NT=Methylthio;AC=UNIMOD:39;TA=C;MT=Fixed	NT=Oxidation;AC=UNIMOD:35;TA=M;MT=Variable	NT=TMT6plex;AC=UNIMOD:737;TA=K;MT=Fixed	NT=TMT6plex;AC=UNIMOD:737;PP=Any N-term;MT=Fixed	tumor tissue
CoT13	Homo sapiens	colon	not available	13	not pooled	study sample	colorectal cancer	tissue	not available	not available	not available	patient-13	tumor tissue	Fusion_180927_19-TMT128N	proteomic profiling by mass spectrometry	1	Fusion_180927_19.raw	v1.1.0	NT=ms-proteomics;VV=v1.1.0	NT=human;VV=v1.1.0	NT=clinical-metadata;VV=v1.0.0	NT=oncology-metadata;VV=v1.0.0	manual curation	NT=Data-dependent acquisition;AC=PRIDE:0000627	NT=Orbitrap Fusion;AC=MS:1002416	NT=Trypsin;AC=MS:1001251	TMT128N	11	NT=higher energy beam-type collision-induced dissociation;AC=MS:1000422	5 ppm	0.6 Da	NT=dithiothreitol (DTT);AC=PRIDE:0000608	NT=methyl methanethiosulfonate (MMTS);AC=PRIDE:0000605	NT=Methylthio;AC=UNIMOD:39;TA=C;MT=Fixed	NT=Oxidation;AC=UNIMOD:35;TA=M;MT=Variable	NT=TMT6plex;AC=UNIMOD:737;TA=K;MT=Fixed	NT=TMT6plex;AC=UNIMOD:737;PP=Any N-term;MT=Fixed	tumor tissue
CoT13	Homo sapiens	colon	not available	13	not pooled	study sample	colorectal cancer	tissue	not available	not available	not available	patient-13	tumor tissue	Fusion_180927_20-TMT128N	proteomic profiling by mass spectrometry	1	Fusion_180927_20.raw	v1.1.0	NT=ms-proteomics;VV=v1.1.0	NT=human;VV=v1.1.0	NT=clinical-metadata;VV=v1.0.0	NT=oncology-metadata;VV=v1.0.0	manual curation	NT=Data-dependent acquisition;AC=PRIDE:0000627	NT=Orbitrap Fusion;AC=MS:1002416	NT=Trypsin;AC=MS:1001251	TMT128N	12	NT=higher energy beam-type collision-induced dissociation;AC=MS:1000422	5 ppm	0.6 Da	NT=dithiothreitol (DTT);AC=PRIDE:0000608	NT=methyl methanethiosulfonate (MMTS);AC=PRIDE:0000605	NT=Methylthio;AC=UNIMOD:39;TA=C;MT=Fixed	NT=Oxidation;AC=UNIMOD:35;TA=M;MT=Variable	NT=TMT6plex;AC=UNIMOD:737;TA=K;MT=Fixed	NT=TMT6plex;AC=UNIMOD:737;PP=Any N-term;MT=Fixed	tumor tissue
CoT13	Homo sapiens	colon	not available	13	not pooled	study sample	colorectal cancer	tissue	not available	not available	not available	patient-13	tumor tissue	Fusion_180927_21-TMT128N	proteomic profiling by mass spectrometry	1	Fusion_180927_21.raw	v1.1.0	NT=ms-proteomics;VV=v1.1.0	NT=human;VV=v1.1.0	NT=clinical-metadata;VV=v1.0.0	NT=oncology-metadata;VV=v1.0.0	manual curation	NT=Data-dependent acquisition;AC=PRIDE:0000627	NT=Orbitrap Fusion;AC=MS:1002416	NT=Trypsin;AC=MS:1001251	TMT128N	13	NT=higher energy beam-type collision-induced dissociation;AC=MS:1000422	5 ppm	0.6 Da	NT=dithiothreitol (DTT);AC=PRIDE:0000608	NT=methyl methanethiosulfonate (MMTS);AC=PRIDE:0000605	NT=Methylthio;AC=UNIMOD:39;TA=C;MT=Fixed	NT=Oxidation;AC=UNIMOD:35;TA=M;MT=Variable	NT=TMT6plex;AC=UNIMOD:737;TA=K;MT=Fixed	NT=TMT6plex;AC=UNIMOD:737;PP=Any N-term;MT=Fixed	tumor tissue
CoT13	Homo sapiens	colon	not available	13	not pooled	study sample	colorectal cancer	tissue	not available	not available	not available	patient-13	tumor tissue	Fusion_180927_22-TMT128N	proteomic profiling by mass spectrometry	1	Fusion_180927_22.raw	v1.1.0	NT=ms-proteomics;VV=v1.1.0	NT=human;VV=v1.1.0	NT=clinical-metadata;VV=v1.0.0	NT=oncology-metadata;VV=v1.0.0	manual curation	NT=Data-dependent acquisition;AC=PRIDE:0000627	NT=Orbitrap Fusion;AC=MS:1002416	NT=Trypsin;AC=MS:1001251	TMT128N	14	NT=higher energy beam-type collision-induced dissociation;AC=MS:1000422	5 ppm	0.6 Da	NT=dithiothreitol (DTT);AC=PRIDE:0000608	NT=methyl methanethiosulfonate (MMTS);AC=PRIDE:0000605	NT=Methylthio;AC=UNIMOD:39;TA=C;MT=Fixed	NT=Oxidation;AC=UNIMOD:35;TA=M;MT=Variable	NT=TMT6plex;AC=UNIMOD:737;TA=K;MT=Fixed	NT=TMT6plex;AC=UNIMOD:737;PP=Any N-term;MT=Fixed	tumor tissue
CoT13	Homo sapiens	colon	not available	13	not pooled	study sample	colorectal cancer	tissue	not available	not available	not available	patient-13	tumor tissue	Fusion_180927_23-TMT128N	proteomic profiling by mass spectrometry	1	Fusion_180927_23.raw	v1.1.0	NT=ms-proteomics;VV=v1.1.0	NT=human;VV=v1.1.0	NT=clinical-metadata;VV=v1.0.0	NT=oncology-metadata;VV=v1.0.0	manual curation	NT=Data-dependent acquisition;AC=PRIDE:0000627	NT=Orbitrap Fusion;AC=MS:1002416	NT=Trypsin;AC=MS:1001251	TMT128N	15	NT=higher energy beam-type collision-induced dissociation;AC=MS:1000422	5 ppm	0.6 Da	NT=dithiothreitol (DTT);AC=PRIDE:0000608	NT=methyl methanethiosulfonate (MMTS);AC=PRIDE:0000605	NT=Methylthio;AC=UNIMOD:39;TA=C;MT=Fixed	NT=Oxidation;AC=UNIMOD:35;TA=M;MT=Variable	NT=TMT6plex;AC=UNIMOD:737;TA=K;MT=Fixed	NT=TMT6plex;AC=UNIMOD:737;PP=Any N-term;MT=Fixed	tumor tissue
CoT13	Homo sapiens	colon	not available	13	not pooled	study sample	colorectal cancer	tissue	not available	not available	not available	patient-13	tumor tissue	Fusion_180927_24-TMT128N	proteomic profiling by mass spectrometry	1	Fusion_180927_24.raw	v1.1.0	NT=ms-proteomics;VV=v1.1.0	NT=human;VV=v1.1.0	NT=clinical-metadata;VV=v1.0.0	NT=oncology-metadata;VV=v1.0.0	manual curation	NT=Data-dependent acquisition;AC=PRIDE:0000627	NT=Orbitrap Fusion;AC=MS:1002416	NT=Trypsin;AC=MS:1001251	TMT128N	16	NT=higher energy beam-type collision-induced dissociation;AC=MS:1000422	5 ppm	0.6 Da	NT=dithiothreitol (DTT);AC=PRIDE:0000608	NT=methyl methanethiosulfonate (MMTS);AC=PRIDE:0000605	NT=Methylthio;AC=UNIMOD:39;TA=C;MT=Fixed	NT=Oxidation;AC=UNIMOD:35;TA=M;MT=Variable	NT=TMT6plex;AC=UNIMOD:737;TA=K;MT=Fixed	NT=TMT6plex;AC=UNIMOD:737;PP=Any N-term;MT=Fixed	tumor tissue
CoT13	Homo sapiens	colon	not available	13	not pooled	study sample	colorectal cancer	tissue	not available	not available	not available	patient-13	tumor tissue	Fusion_180927_25-TMT128N	proteomic profiling by mass spectrometry	1	Fusion_180927_25.raw	v1.1.0	NT=ms-proteomics;VV=v1.1.0	NT=human;VV=v1.1.0	NT=clinical-metadata;VV=v1.0.0	NT=oncology-metadata;VV=v1.0.0	manual curation	NT=Data-dependent acquisition;AC=PRIDE:0000627	NT=Orbitrap Fusion;AC=MS:1002416	NT=Trypsin;AC=MS:1001251	TMT128N	17	NT=higher energy beam-type collision-induced dissociation;AC=MS:1000422	5 ppm	0.6 Da	NT=dithiothreitol (DTT);AC=PRIDE:0000608	NT=methyl methanethiosulfonate (MMTS);AC=PRIDE:0000605	NT=Methylthio;AC=UNIMOD:39;TA=C;MT=Fixed	NT=Oxidation;AC=UNIMOD:35;TA=M;MT=Variable	NT=TMT6plex;AC=UNIMOD:737;TA=K;MT=Fixed	NT=TMT6plex;AC=UNIMOD:737;PP=Any N-term;MT=Fixed	tumor tissue
CoT13	Homo sapiens	colon	not available	13	not pooled	study sample	colorectal cancer	tissue	not available	not available	not available	patient-13	tumor tissue	Fusion_180927_26-TMT128N	proteomic profiling by mass spectrometry	1	Fusion_180927_26.raw	v1.1.0	NT=ms-proteomics;VV=v1.1.0	NT=human;VV=v1.1.0	NT=clinical-metadata;VV=v1.0.0	NT=oncology-metadata;VV=v1.0.0	manual curation	NT=Data-dependent acquisition;AC=PRIDE:0000627	NT=Orbitrap Fusion;AC=MS:1002416	NT=Trypsin;AC=MS:1001251	TMT128N	18	NT=higher energy beam-type collision-induced dissociation;AC=MS:1000422	5 ppm	0.6 Da	NT=dithiothreitol (DTT);AC=PRIDE:0000608	NT=methyl methanethiosulfonate (MMTS);AC=PRIDE:0000605	NT=Methylthio;AC=UNIMOD:39;TA=C;MT=Fixed	NT=Oxidation;AC=UNIMOD:35;TA=M;MT=Variable	NT=TMT6plex;AC=UNIMOD:737;TA=K;MT=Fixed	NT=TMT6plex;AC=UNIMOD:737;PP=Any N-term;MT=Fixed	tumor tissue
CoT13	Homo sapiens	colon	not available	13	not pooled	study sample	colorectal cancer	tissue	not available	not available	not available	patient-13	tumor tissue	Fusion_180927_27-TMT128N	proteomic profiling by mass spectrometry	1	Fusion_180927_27.raw	v1.1.0	NT=ms-proteomics;VV=v1.1.0	NT=human;VV=v1.1.0	NT=clinical-metadata;VV=v1.0.0	NT=oncology-metadata;VV=v1.0.0	manual curation	NT=Data-dependent acquisition;AC=PRIDE:0000627	NT=Orbitrap Fusion;AC=MS:1002416	NT=Trypsin;AC=MS:1001251	TMT128N	19	NT=higher energy beam-type collision-induced dissociation;AC=MS:1000422	5 ppm	0.6 Da	NT=dithiothreitol (DTT);AC=PRIDE:0000608	NT=methyl methanethiosulfonate (MMTS);AC=PRIDE:0000605	NT=Methylthio;AC=UNIMOD:39;TA=C;MT=Fixed	NT=Oxidation;AC=UNIMOD:35;TA=M;MT=Variable	NT=TMT6plex;AC=UNIMOD:737;TA=K;MT=Fixed	NT=TMT6plex;AC=UNIMOD:737;PP=Any N-term;MT=Fixed	tumor tissue
CoT13	Homo sapiens	colon	not available	13	not pooled	study sample	colorectal cancer	tissue	not available	not available	not available	patient-13	tumor tissue	Fusion_180927_28-TMT128N	proteomic profiling by mass spectrometry	1	Fusion_180927_28.raw	v1.1.0	NT=ms-proteomics;VV=v1.1.0	NT=human;VV=v1.1.0	NT=clinical-metadata;VV=v1.0.0	NT=oncology-metadata;VV=v1.0.0	manual curation	NT=Data-dependent acquisition;AC=PRIDE:0000627	NT=Orbitrap Fusion;AC=MS:1002416	NT=Trypsin;AC=MS:1001251	TMT128N	20	NT=higher energy beam-type collision-induced dissociation;AC=MS:1000422	5 ppm	0.6 Da	NT=dithiothreitol (DTT);AC=PRIDE:0000608	NT=methyl methanethiosulfonate (MMTS);AC=PRIDE:0000605	NT=Methylthio;AC=UNIMOD:39;TA=C;MT=Fixed	NT=Oxidation;AC=UNIMOD:35;TA=M;MT=Variable	NT=TMT6plex;AC=UNIMOD:737;TA=K;MT=Fixed	NT=TMT6plex;AC=UNIMOD:737;PP=Any N-term;MT=Fixed	tumor tissue
CoM13	Homo sapiens	colon	not available	13	not pooled	study sample	colorectal cancer	tissue	not available	not available	not available	patient-13	healthy mucosal tissue	Fusion_180927_05-TMT128C	proteomic profiling by mass spectrometry	1	Fusion_180927_05.raw	v1.1.0	NT=ms-proteomics;VV=v1.1.0	NT=human;VV=v1.1.0	NT=clinical-metadata;VV=v1.0.0	NT=oncology-metadata;VV=v1.0.0	manual curation	NT=Data-dependent acquisition;AC=PRIDE:0000627	NT=Orbitrap Fusion;AC=MS:1002416	NT=Trypsin;AC=MS:1001251	TMT128C	1	NT=higher energy beam-type collision-induced dissociation;AC=MS:1000422	5 ppm	0.6 Da	NT=dithiothreitol (DTT);AC=PRIDE:0000608	NT=methyl methanethiosulfonate (MMTS);AC=PRIDE:0000605	NT=Methylthio;AC=UNIMOD:39;TA=C;MT=Fixed	NT=Oxidation;AC=UNIMOD:35;TA=M;MT=Variable	NT=TMT6plex;AC=UNIMOD:737;TA=K;MT=Fixed	NT=TMT6plex;AC=UNIMOD:737;PP=Any N-term;MT=Fixed	healthy mucosal tissue
CoM13	Homo sapiens	colon	not available	13	not pooled	study sample	colorectal cancer	tissue	not available	not available	not available	patient-13	healthy mucosal tissue	Fusion_180927_06-TMT128C	proteomic profiling by mass spectrometry	1	Fusion_180927_06.raw	v1.1.0	NT=ms-proteomics;VV=v1.1.0	NT=human;VV=v1.1.0	NT=clinical-metadata;VV=v1.0.0	NT=oncology-metadata;VV=v1.0.0	manual curation	NT=Data-dependent acquisition;AC=PRIDE:0000627	NT=Orbitrap Fusion;AC=MS:1002416	NT=Trypsin;AC=MS:1001251	TMT128C	2	NT=higher energy beam-type collision-induced dissociation;AC=MS:1000422	5 ppm	0.6 Da	NT=dithiothreitol (DTT);AC=PRIDE:0000608	NT=methyl methanethiosulfonate (MMTS);AC=PRIDE:0000605	NT=Methylthio;AC=UNIMOD:39;TA=C;MT=Fixed	NT=Oxidation;AC=UNIMOD:35;TA=M;MT=Variable	NT=TMT6plex;AC=UNIMOD:737;TA=K;MT=Fixed	NT=TMT6plex;AC=UNIMOD:737;PP=Any N-term;MT=Fixed	healthy mucosal tissue
CoM13	Homo sapiens	colon	not available	13	not pooled	study sample	colorectal cancer	tissue	not available	not available	not available	patient-13	healthy mucosal tissue	Fusion_180927_07-TMT128C	proteomic profiling by mass spectrometry	1	Fusion_180927_07.raw	v1.1.0	NT=ms-proteomics;VV=v1.1.0	NT=human;VV=v1.1.0	NT=clinical-metadata;VV=v1.0.0	NT=oncology-metadata;VV=v1.0.0	manual curation	NT=Data-dependent acquisition;AC=PRIDE:0000627	NT=Orbitrap Fusion;AC=MS:1002416	NT=Trypsin;AC=MS:1001251	TMT128C	3	NT=higher energy beam-type collision-induced dissociation;AC=MS:1000422	5 ppm	0.6 Da	NT=dithiothreitol (DTT);AC=PRIDE:0000608	NT=methyl methanethiosulfonate (MMTS);AC=PRIDE:0000605	NT=Methylthio;AC=UNIMOD:39;TA=C;MT=Fixed	NT=Oxidation;AC=UNIMOD:35;TA=M;MT=Variable	NT=TMT6plex;AC=UNIMOD:737;TA=K;MT=Fixed	NT=TMT6plex;AC=UNIMOD:737;PP=Any N-term;MT=Fixed	healthy mucosal tissue
CoM13	Homo sapiens	colon	not available	13	not pooled	study sample	colorectal cancer	tissue	not available	not available	not available	patient-13	healthy mucosal tissue	Fusion_180927_08-TMT128C	proteomic profiling by mass spectrometry	1	Fusion_180927_08.raw	v1.1.0	NT=ms-proteomics;VV=v1.1.0	NT=human;VV=v1.1.0	NT=clinical-metadata;VV=v1.0.0	NT=oncology-metadata;VV=v1.0.0	manual curation	NT=Data-dependent acquisition;AC=PRIDE:0000627	NT=Orbitrap Fusion;AC=MS:1002416	NT=Trypsin;AC=MS:1001251	TMT128C	4	NT=higher energy beam-type collision-induced dissociation;AC=MS:1000422	5 ppm	0.6 Da	NT=dithiothreitol (DTT);AC=PRIDE:0000608	NT=methyl methanethiosulfonate (MMTS);AC=PRIDE:0000605	NT=Methylthio;AC=UNIMOD:39;TA=C;MT=Fixed	NT=Oxidation;AC=UNIMOD:35;TA=M;MT=Variable	NT=TMT6plex;AC=UNIMOD:737;TA=K;MT=Fixed	NT=TMT6plex;AC=UNIMOD:737;PP=Any N-term;MT=Fixed	healthy mucosal tissue
CoM13	Homo sapiens	colon	not available	13	not pooled	study sample	colorectal cancer	tissue	not available	not available	not available	patient-13	healthy mucosal tissue	Fusion_180927_09-TMT128C	proteomic profiling by mass spectrometry	1	Fusion_180927_09.raw	v1.1.0	NT=ms-proteomics;VV=v1.1.0	NT=human;VV=v1.1.0	NT=clinical-metadata;VV=v1.0.0	NT=oncology-metadata;VV=v1.0.0	manual curation	NT=Data-dependent acquisition;AC=PRIDE:0000627	NT=Orbitrap Fusion;AC=MS:1002416	NT=Trypsin;AC=MS:1001251	TMT128C	5	NT=higher energy beam-type collision-induced dissociation;AC=MS:1000422	5 ppm	0.6 Da	NT=dithiothreitol (DTT);AC=PRIDE:0000608	NT=methyl methanethiosulfonate (MMTS);AC=PRIDE:0000605	NT=Methylthio;AC=UNIMOD:39;TA=C;MT=Fixed	NT=Oxidation;AC=UNIMOD:35;TA=M;MT=Variable	NT=TMT6plex;AC=UNIMOD:737;TA=K;MT=Fixed	NT=TMT6plex;AC=UNIMOD:737;PP=Any N-term;MT=Fixed	healthy mucosal tissue
CoM13	Homo sapiens	colon	not available	13	not pooled	study sample	colorectal cancer	tissue	not available	not available	not available	patient-13	healthy mucosal tissue	Fusion_180927_10-TMT128C	proteomic profiling by mass spectrometry	1	Fusion_180927_10.raw	v1.1.0	NT=ms-proteomics;VV=v1.1.0	NT=human;VV=v1.1.0	NT=clinical-metadata;VV=v1.0.0	NT=oncology-metadata;VV=v1.0.0	manual curation	NT=Data-dependent acquisition;AC=PRIDE:0000627	NT=Orbitrap Fusion;AC=MS:1002416	NT=Trypsin;AC=MS:1001251	TMT128C	6	NT=higher energy beam-type collision-induced dissociation;AC=MS:1000422	5 ppm	0.6 Da	NT=dithiothreitol (DTT);AC=PRIDE:0000608	NT=methyl methanethiosulfonate (MMTS);AC=PRIDE:0000605	NT=Methylthio;AC=UNIMOD:39;TA=C;MT=Fixed	NT=Oxidation;AC=UNIMOD:35;TA=M;MT=Variable	NT=TMT6plex;AC=UNIMOD:737;TA=K;MT=Fixed	NT=TMT6plex;AC=UNIMOD:737;PP=Any N-term;MT=Fixed	healthy mucosal tissue
CoM13	Homo sapiens	colon	not available	13	not pooled	study sample	colorectal cancer	tissue	not available	not available	not available	patient-13	healthy mucosal tissue	Fusion_180927_11-TMT128C	proteomic profiling by mass spectrometry	1	Fusion_180927_11.raw	v1.1.0	NT=ms-proteomics;VV=v1.1.0	NT=human;VV=v1.1.0	NT=clinical-metadata;VV=v1.0.0	NT=oncology-metadata;VV=v1.0.0	manual curation	NT=Data-dependent acquisition;AC=PRIDE:0000627	NT=Orbitrap Fusion;AC=MS:1002416	NT=Trypsin;AC=MS:1001251	TMT128C	7	NT=higher energy beam-type collision-induced dissociation;AC=MS:1000422	5 ppm	0.6 Da	NT=dithiothreitol (DTT);AC=PRIDE:0000608	NT=methyl methanethiosulfonate (MMTS);AC=PRIDE:0000605	NT=Methylthio;AC=UNIMOD:39;TA=C;MT=Fixed	NT=Oxidation;AC=UNIMOD:35;TA=M;MT=Variable	NT=TMT6plex;AC=UNIMOD:737;TA=K;MT=Fixed	NT=TMT6plex;AC=UNIMOD:737;PP=Any N-term;MT=Fixed	healthy mucosal tissue
CoM13	Homo sapiens	colon	not available	13	not pooled	study sample	colorectal cancer	tissue	not available	not available	not available	patient-13	healthy mucosal tissue	Fusion_180927_12-TMT128C	proteomic profiling by mass spectrometry	1	Fusion_180927_12.raw	v1.1.0	NT=ms-proteomics;VV=v1.1.0	NT=human;VV=v1.1.0	NT=clinical-metadata;VV=v1.0.0	NT=oncology-metadata;VV=v1.0.0	manual curation	NT=Data-dependent acquisition;AC=PRIDE:0000627	NT=Orbitrap Fusion;AC=MS:1002416	NT=Trypsin;AC=MS:1001251	TMT128C	8	NT=higher energy beam-type collision-induced dissociation;AC=MS:1000422	5 ppm	0.6 Da	NT=dithiothreitol (DTT);AC=PRIDE:0000608	NT=methyl methanethiosulfonate (MMTS);AC=PRIDE:0000605	NT=Methylthio;AC=UNIMOD:39;TA=C;MT=Fixed	NT=Oxidation;AC=UNIMOD:35;TA=M;MT=Variable	NT=TMT6plex;AC=UNIMOD:737;TA=K;MT=Fixed	NT=TMT6plex;AC=UNIMOD:737;PP=Any N-term;MT=Fixed	healthy mucosal tissue
CoM13	Homo sapiens	colon	not available	13	not pooled	study sample	colorectal cancer	tissue	not available	not available	not available	patient-13	healthy mucosal tissue	Fusion_180927_13-TMT128C	proteomic profiling by mass spectrometry	1	Fusion_180927_13.raw	v1.1.0	NT=ms-proteomics;VV=v1.1.0	NT=human;VV=v1.1.0	NT=clinical-metadata;VV=v1.0.0	NT=oncology-metadata;VV=v1.0.0	manual curation	NT=Data-dependent acquisition;AC=PRIDE:0000627	NT=Orbitrap Fusion;AC=MS:1002416	NT=Trypsin;AC=MS:1001251	TMT128C	9	NT=higher energy beam-type collision-induced dissociation;AC=MS:1000422	5 ppm	0.6 Da	NT=dithiothreitol (DTT);AC=PRIDE:0000608	NT=methyl methanethiosulfonate (MMTS);AC=PRIDE:0000605	NT=Methylthio;AC=UNIMOD:39;TA=C;MT=Fixed	NT=Oxidation;AC=UNIMOD:35;TA=M;MT=Variable	NT=TMT6plex;AC=UNIMOD:737;TA=K;MT=Fixed	NT=TMT6plex;AC=UNIMOD:737;PP=Any N-term;MT=Fixed	healthy mucosal tissue
CoM13	Homo sapiens	colon	not available	13	not pooled	study sample	colorectal cancer	tissue	not available	not available	not available	patient-13	healthy mucosal tissue	Fusion_180927_14-TMT128C	proteomic profiling by mass spectrometry	1	Fusion_180927_14.raw	v1.1.0	NT=ms-proteomics;VV=v1.1.0	NT=human;VV=v1.1.0	NT=clinical-metadata;VV=v1.0.0	NT=oncology-metadata;VV=v1.0.0	manual curation	NT=Data-dependent acquisition;AC=PRIDE:0000627	NT=Orbitrap Fusion;AC=MS:1002416	NT=Trypsin;AC=MS:1001251	TMT128C	10	NT=higher energy beam-type collision-induced dissociation;AC=MS:1000422	5 ppm	0.6 Da	NT=dithiothreitol (DTT);AC=PRIDE:0000608	NT=methyl methanethiosulfonate (MMTS);AC=PRIDE:0000605	NT=Methylthio;AC=UNIMOD:39;TA=C;MT=Fixed	NT=Oxidation;AC=UNIMOD:35;TA=M;MT=Variable	NT=TMT6plex;AC=UNIMOD:737;TA=K;MT=Fixed	NT=TMT6plex;AC=UNIMOD:737;PP=Any N-term;MT=Fixed	healthy mucosal tissue
CoM13	Homo sapiens	colon	not available	13	not pooled	study sample	colorectal cancer	tissue	not available	not available	not available	patient-13	healthy mucosal tissue	Fusion_180927_19-TMT128C	proteomic profiling by mass spectrometry	1	Fusion_180927_19.raw	v1.1.0	NT=ms-proteomics;VV=v1.1.0	NT=human;VV=v1.1.0	NT=clinical-metadata;VV=v1.0.0	NT=oncology-metadata;VV=v1.0.0	manual curation	NT=Data-dependent acquisition;AC=PRIDE:0000627	NT=Orbitrap Fusion;AC=MS:1002416	NT=Trypsin;AC=MS:1001251	TMT128C	11	NT=higher energy beam-type collision-induced dissociation;AC=MS:1000422	5 ppm	0.6 Da	NT=dithiothreitol (DTT);AC=PRIDE:0000608	NT=methyl methanethiosulfonate (MMTS);AC=PRIDE:0000605	NT=Methylthio;AC=UNIMOD:39;TA=C;MT=Fixed	NT=Oxidation;AC=UNIMOD:35;TA=M;MT=Variable	NT=TMT6plex;AC=UNIMOD:737;TA=K;MT=Fixed	NT=TMT6plex;AC=UNIMOD:737;PP=Any N-term;MT=Fixed	healthy mucosal tissue
CoM13	Homo sapiens	colon	not available	13	not pooled	study sample	colorectal cancer	tissue	not available	not available	not available	patient-13	healthy mucosal tissue	Fusion_180927_20-TMT128C	proteomic profiling by mass spectrometry	1	Fusion_180927_20.raw	v1.1.0	NT=ms-proteomics;VV=v1.1.0	NT=human;VV=v1.1.0	NT=clinical-metadata;VV=v1.0.0	NT=oncology-metadata;VV=v1.0.0	manual curation	NT=Data-dependent acquisition;AC=PRIDE:0000627	NT=Orbitrap Fusion;AC=MS:1002416	NT=Trypsin;AC=MS:1001251	TMT128C	12	NT=higher energy beam-type collision-induced dissociation;AC=MS:1000422	5 ppm	0.6 Da	NT=dithiothreitol (DTT);AC=PRIDE:0000608	NT=methyl methanethiosulfonate (MMTS);AC=PRIDE:0000605	NT=Methylthio;AC=UNIMOD:39;TA=C;MT=Fixed	NT=Oxidation;AC=UNIMOD:35;TA=M;MT=Variable	NT=TMT6plex;AC=UNIMOD:737;TA=K;MT=Fixed	NT=TMT6plex;AC=UNIMOD:737;PP=Any N-term;MT=Fixed	healthy mucosal tissue
CoM13	Homo sapiens	colon	not available	13	not pooled	study sample	colorectal cancer	tissue	not available	not available	not available	patient-13	healthy mucosal tissue	Fusion_180927_21-TMT128C	proteomic profiling by mass spectrometry	1	Fusion_180927_21.raw	v1.1.0	NT=ms-proteomics;VV=v1.1.0	NT=human;VV=v1.1.0	NT=clinical-metadata;VV=v1.0.0	NT=oncology-metadata;VV=v1.0.0	manual curation	NT=Data-dependent acquisition;AC=PRIDE:0000627	NT=Orbitrap Fusion;AC=MS:1002416	NT=Trypsin;AC=MS:1001251	TMT128C	13	NT=higher energy beam-type collision-induced dissociation;AC=MS:1000422	5 ppm	0.6 Da	NT=dithiothreitol (DTT);AC=PRIDE:0000608	NT=methyl methanethiosulfonate (MMTS);AC=PRIDE:0000605	NT=Methylthio;AC=UNIMOD:39;TA=C;MT=Fixed	NT=Oxidation;AC=UNIMOD:35;TA=M;MT=Variable	NT=TMT6plex;AC=UNIMOD:737;TA=K;MT=Fixed	NT=TMT6plex;AC=UNIMOD:737;PP=Any N-term;MT=Fixed	healthy mucosal tissue
CoM13	Homo sapiens	colon	not available	13	not pooled	study sample	colorectal cancer	tissue	not available	not available	not available	patient-13	healthy mucosal tissue	Fusion_180927_22-TMT128C	proteomic profiling by mass spectrometry	1	Fusion_180927_22.raw	v1.1.0	NT=ms-proteomics;VV=v1.1.0	NT=human;VV=v1.1.0	NT=clinical-metadata;VV=v1.0.0	NT=oncology-metadata;VV=v1.0.0	manual curation	NT=Data-dependent acquisition;AC=PRIDE:0000627	NT=Orbitrap Fusion;AC=MS:1002416	NT=Trypsin;AC=MS:1001251	TMT128C	14	NT=higher energy beam-type collision-induced dissociation;AC=MS:1000422	5 ppm	0.6 Da	NT=dithiothreitol (DTT);AC=PRIDE:0000608	NT=methyl methanethiosulfonate (MMTS);AC=PRIDE:0000605	NT=Methylthio;AC=UNIMOD:39;TA=C;MT=Fixed	NT=Oxidation;AC=UNIMOD:35;TA=M;MT=Variable	NT=TMT6plex;AC=UNIMOD:737;TA=K;MT=Fixed	NT=TMT6plex;AC=UNIMOD:737;PP=Any N-term;MT=Fixed	healthy mucosal tissue
CoM13	Homo sapiens	colon	not available	13	not pooled	study sample	colorectal cancer	tissue	not available	not available	not available	patient-13	healthy mucosal tissue	Fusion_180927_23-TMT128C	proteomic profiling by mass spectrometry	1	Fusion_180927_23.raw	v1.1.0	NT=ms-proteomics;VV=v1.1.0	NT=human;VV=v1.1.0	NT=clinical-metadata;VV=v1.0.0	NT=oncology-metadata;VV=v1.0.0	manual curation	NT=Data-dependent acquisition;AC=PRIDE:0000627	NT=Orbitrap Fusion;AC=MS:1002416	NT=Trypsin;AC=MS:1001251	TMT128C	15	NT=higher energy beam-type collision-induced dissociation;AC=MS:1000422	5 ppm	0.6 Da	NT=dithiothreitol (DTT);AC=PRIDE:0000608	NT=methyl methanethiosulfonate (MMTS);AC=PRIDE:0000605	NT=Methylthio;AC=UNIMOD:39;TA=C;MT=Fixed	NT=Oxidation;AC=UNIMOD:35;TA=M;MT=Variable	NT=TMT6plex;AC=UNIMOD:737;TA=K;MT=Fixed	NT=TMT6plex;AC=UNIMOD:737;PP=Any N-term;MT=Fixed	healthy mucosal tissue
CoM13	Homo sapiens	colon	not available	13	not pooled	study sample	colorectal cancer	tissue	not available	not available	not available	patient-13	healthy mucosal tissue	Fusion_180927_24-TMT128C	proteomic profiling by mass spectrometry	1	Fusion_180927_24.raw	v1.1.0	NT=ms-proteomics;VV=v1.1.0	NT=human;VV=v1.1.0	NT=clinical-metadata;VV=v1.0.0	NT=oncology-metadata;VV=v1.0.0	manual curation	NT=Data-dependent acquisition;AC=PRIDE:0000627	NT=Orbitrap Fusion;AC=MS:1002416	NT=Trypsin;AC=MS:1001251	TMT128C	16	NT=higher energy beam-type collision-induced dissociation;AC=MS:1000422	5 ppm	0.6 Da	NT=dithiothreitol (DTT);AC=PRIDE:0000608	NT=methyl methanethiosulfonate (MMTS);AC=PRIDE:0000605	NT=Methylthio;AC=UNIMOD:39;TA=C;MT=Fixed	NT=Oxidation;AC=UNIMOD:35;TA=M;MT=Variable	NT=TMT6plex;AC=UNIMOD:737;TA=K;MT=Fixed	NT=TMT6plex;AC=UNIMOD:737;PP=Any N-term;MT=Fixed	healthy mucosal tissue
CoM13	Homo sapiens	colon	not available	13	not pooled	study sample	colorectal cancer	tissue	not available	not available	not available	patient-13	healthy mucosal tissue	Fusion_180927_25-TMT128C	proteomic profiling by mass spectrometry	1	Fusion_180927_25.raw	v1.1.0	NT=ms-proteomics;VV=v1.1.0	NT=human;VV=v1.1.0	NT=clinical-metadata;VV=v1.0.0	NT=oncology-metadata;VV=v1.0.0	manual curation	NT=Data-dependent acquisition;AC=PRIDE:0000627	NT=Orbitrap Fusion;AC=MS:1002416	NT=Trypsin;AC=MS:1001251	TMT128C	17	NT=higher energy beam-type collision-induced dissociation;AC=MS:1000422	5 ppm	0.6 Da	NT=dithiothreitol (DTT);AC=PRIDE:0000608	NT=methyl methanethiosulfonate (MMTS);AC=PRIDE:0000605	NT=Methylthio;AC=UNIMOD:39;TA=C;MT=Fixed	NT=Oxidation;AC=UNIMOD:35;TA=M;MT=Variable	NT=TMT6plex;AC=UNIMOD:737;TA=K;MT=Fixed	NT=TMT6plex;AC=UNIMOD:737;PP=Any N-term;MT=Fixed	healthy mucosal tissue
CoM13	Homo sapiens	colon	not available	13	not pooled	study sample	colorectal cancer	tissue	not available	not available	not available	patient-13	healthy mucosal tissue	Fusion_180927_26-TMT128C	proteomic profiling by mass spectrometry	1	Fusion_180927_26.raw	v1.1.0	NT=ms-proteomics;VV=v1.1.0	NT=human;VV=v1.1.0	NT=clinical-metadata;VV=v1.0.0	NT=oncology-metadata;VV=v1.0.0	manual curation	NT=Data-dependent acquisition;AC=PRIDE:0000627	NT=Orbitrap Fusion;AC=MS:1002416	NT=Trypsin;AC=MS:1001251	TMT128C	18	NT=higher energy beam-type collision-induced dissociation;AC=MS:1000422	5 ppm	0.6 Da	NT=dithiothreitol (DTT);AC=PRIDE:0000608	NT=methyl methanethiosulfonate (MMTS);AC=PRIDE:0000605	NT=Methylthio;AC=UNIMOD:39;TA=C;MT=Fixed	NT=Oxidation;AC=UNIMOD:35;TA=M;MT=Variable	NT=TMT6plex;AC=UNIMOD:737;TA=K;MT=Fixed	NT=TMT6plex;AC=UNIMOD:737;PP=Any N-term;MT=Fixed	healthy mucosal tissue
CoM13	Homo sapiens	colon	not available	13	not pooled	study sample	colorectal cancer	tissue	not available	not available	not available	patient-13	healthy mucosal tissue	Fusion_180927_27-TMT128C	proteomic profiling by mass spectrometry	1	Fusion_180927_27.raw	v1.1.0	NT=ms-proteomics;VV=v1.1.0	NT=human;VV=v1.1.0	NT=clinical-metadata;VV=v1.0.0	NT=oncology-metadata;VV=v1.0.0	manual curation	NT=Data-dependent acquisition;AC=PRIDE:0000627	NT=Orbitrap Fusion;AC=MS:1002416	NT=Trypsin;AC=MS:1001251	TMT128C	19	NT=higher energy beam-type collision-induced dissociation;AC=MS:1000422	5 ppm	0.6 Da	NT=dithiothreitol (DTT);AC=PRIDE:0000608	NT=methyl methanethiosulfonate (MMTS);AC=PRIDE:0000605	NT=Methylthio;AC=UNIMOD:39;TA=C;MT=Fixed	NT=Oxidation;AC=UNIMOD:35;TA=M;MT=Variable	NT=TMT6plex;AC=UNIMOD:737;TA=K;MT=Fixed	NT=TMT6plex;AC=UNIMOD:737;PP=Any N-term;MT=Fixed	healthy mucosal tissue
CoM13	Homo sapiens	colon	not available	13	not pooled	study sample	colorectal cancer	tissue	not available	not available	not available	patient-13	healthy mucosal tissue	Fusion_180927_28-TMT128C	proteomic profiling by mass spectrometry	1	Fusion_180927_28.raw	v1.1.0	NT=ms-proteomics;VV=v1.1.0	NT=human;VV=v1.1.0	NT=clinical-metadata;VV=v1.0.0	NT=oncology-metadata;VV=v1.0.0	manual curation	NT=Data-dependent acquisition;AC=PRIDE:0000627	NT=Orbitrap Fusion;AC=MS:1002416	NT=Trypsin;AC=MS:1001251	TMT128C	20	NT=higher energy beam-type collision-induced dissociation;AC=MS:1000422	5 ppm	0.6 Da	NT=dithiothreitol (DTT);AC=PRIDE:0000608	NT=methyl methanethiosulfonate (MMTS);AC=PRIDE:0000605	NT=Methylthio;AC=UNIMOD:39;TA=C;MT=Fixed	NT=Oxidation;AC=UNIMOD:35;TA=M;MT=Variable	NT=TMT6plex;AC=UNIMOD:737;TA=K;MT=Fixed	NT=TMT6plex;AC=UNIMOD:737;PP=Any N-term;MT=Fixed	healthy mucosal tissue
CoT15	Homo sapiens	colon	not available	15	not pooled	study sample	colorectal cancer	tissue	not available	not available	not available	patient-15	tumor tissue	Fusion_180927_05-TMT129N	proteomic profiling by mass spectrometry	1	Fusion_180927_05.raw	v1.1.0	NT=ms-proteomics;VV=v1.1.0	NT=human;VV=v1.1.0	NT=clinical-metadata;VV=v1.0.0	NT=oncology-metadata;VV=v1.0.0	manual curation	NT=Data-dependent acquisition;AC=PRIDE:0000627	NT=Orbitrap Fusion;AC=MS:1002416	NT=Trypsin;AC=MS:1001251	TMT129N	1	NT=higher energy beam-type collision-induced dissociation;AC=MS:1000422	5 ppm	0.6 Da	NT=dithiothreitol (DTT);AC=PRIDE:0000608	NT=methyl methanethiosulfonate (MMTS);AC=PRIDE:0000605	NT=Methylthio;AC=UNIMOD:39;TA=C;MT=Fixed	NT=Oxidation;AC=UNIMOD:35;TA=M;MT=Variable	NT=TMT6plex;AC=UNIMOD:737;TA=K;MT=Fixed	NT=TMT6plex;AC=UNIMOD:737;PP=Any N-term;MT=Fixed	tumor tissue
CoT15	Homo sapiens	colon	not available	15	not pooled	study sample	colorectal cancer	tissue	not available	not available	not available	patient-15	tumor tissue	Fusion_180927_06-TMT129N	proteomic profiling by mass spectrometry	1	Fusion_180927_06.raw	v1.1.0	NT=ms-proteomics;VV=v1.1.0	NT=human;VV=v1.1.0	NT=clinical-metadata;VV=v1.0.0	NT=oncology-metadata;VV=v1.0.0	manual curation	NT=Data-dependent acquisition;AC=PRIDE:0000627	NT=Orbitrap Fusion;AC=MS:1002416	NT=Trypsin;AC=MS:1001251	TMT129N	2	NT=higher energy beam-type collision-induced dissociation;AC=MS:1000422	5 ppm	0.6 Da	NT=dithiothreitol (DTT);AC=PRIDE:0000608	NT=methyl methanethiosulfonate (MMTS);AC=PRIDE:0000605	NT=Methylthio;AC=UNIMOD:39;TA=C;MT=Fixed	NT=Oxidation;AC=UNIMOD:35;TA=M;MT=Variable	NT=TMT6plex;AC=UNIMOD:737;TA=K;MT=Fixed	NT=TMT6plex;AC=UNIMOD:737;PP=Any N-term;MT=Fixed	tumor tissue
CoT15	Homo sapiens	colon	not available	15	not pooled	study sample	colorectal cancer	tissue	not available	not available	not available	patient-15	tumor tissue	Fusion_180927_07-TMT129N	proteomic profiling by mass spectrometry	1	Fusion_180927_07.raw	v1.1.0	NT=ms-proteomics;VV=v1.1.0	NT=human;VV=v1.1.0	NT=clinical-metadata;VV=v1.0.0	NT=oncology-metadata;VV=v1.0.0	manual curation	NT=Data-dependent acquisition;AC=PRIDE:0000627	NT=Orbitrap Fusion;AC=MS:1002416	NT=Trypsin;AC=MS:1001251	TMT129N	3	NT=higher energy beam-type collision-induced dissociation;AC=MS:1000422	5 ppm	0.6 Da	NT=dithiothreitol (DTT);AC=PRIDE:0000608	NT=methyl methanethiosulfonate (MMTS);AC=PRIDE:0000605	NT=Methylthio;AC=UNIMOD:39;TA=C;MT=Fixed	NT=Oxidation;AC=UNIMOD:35;TA=M;MT=Variable	NT=TMT6plex;AC=UNIMOD:737;TA=K;MT=Fixed	NT=TMT6plex;AC=UNIMOD:737;PP=Any N-term;MT=Fixed	tumor tissue
CoT15	Homo sapiens	colon	not available	15	not pooled	study sample	colorectal cancer	tissue	not available	not available	not available	patient-15	tumor tissue	Fusion_180927_08-TMT129N	proteomic profiling by mass spectrometry	1	Fusion_180927_08.raw	v1.1.0	NT=ms-proteomics;VV=v1.1.0	NT=human;VV=v1.1.0	NT=clinical-metadata;VV=v1.0.0	NT=oncology-metadata;VV=v1.0.0	manual curation	NT=Data-dependent acquisition;AC=PRIDE:0000627	NT=Orbitrap Fusion;AC=MS:1002416	NT=Trypsin;AC=MS:1001251	TMT129N	4	NT=higher energy beam-type collision-induced dissociation;AC=MS:1000422	5 ppm	0.6 Da	NT=dithiothreitol (DTT);AC=PRIDE:0000608	NT=methyl methanethiosulfonate (MMTS);AC=PRIDE:0000605	NT=Methylthio;AC=UNIMOD:39;TA=C;MT=Fixed	NT=Oxidation;AC=UNIMOD:35;TA=M;MT=Variable	NT=TMT6plex;AC=UNIMOD:737;TA=K;MT=Fixed	NT=TMT6plex;AC=UNIMOD:737;PP=Any N-term;MT=Fixed	tumor tissue
CoT15	Homo sapiens	colon	not available	15	not pooled	study sample	colorectal cancer	tissue	not available	not available	not available	patient-15	tumor tissue	Fusion_180927_09-TMT129N	proteomic profiling by mass spectrometry	1	Fusion_180927_09.raw	v1.1.0	NT=ms-proteomics;VV=v1.1.0	NT=human;VV=v1.1.0	NT=clinical-metadata;VV=v1.0.0	NT=oncology-metadata;VV=v1.0.0	manual curation	NT=Data-dependent acquisition;AC=PRIDE:0000627	NT=Orbitrap Fusion;AC=MS:1002416	NT=Trypsin;AC=MS:1001251	TMT129N	5	NT=higher energy beam-type collision-induced dissociation;AC=MS:1000422	5 ppm	0.6 Da	NT=dithiothreitol (DTT);AC=PRIDE:0000608	NT=methyl methanethiosulfonate (MMTS);AC=PRIDE:0000605	NT=Methylthio;AC=UNIMOD:39;TA=C;MT=Fixed	NT=Oxidation;AC=UNIMOD:35;TA=M;MT=Variable	NT=TMT6plex;AC=UNIMOD:737;TA=K;MT=Fixed	NT=TMT6plex;AC=UNIMOD:737;PP=Any N-term;MT=Fixed	tumor tissue
CoT15	Homo sapiens	colon	not available	15	not pooled	study sample	colorectal cancer	tissue	not available	not available	not available	patient-15	tumor tissue	Fusion_180927_10-TMT129N	proteomic profiling by mass spectrometry	1	Fusion_180927_10.raw	v1.1.0	NT=ms-proteomics;VV=v1.1.0	NT=human;VV=v1.1.0	NT=clinical-metadata;VV=v1.0.0	NT=oncology-metadata;VV=v1.0.0	manual curation	NT=Data-dependent acquisition;AC=PRIDE:0000627	NT=Orbitrap Fusion;AC=MS:1002416	NT=Trypsin;AC=MS:1001251	TMT129N	6	NT=higher energy beam-type collision-induced dissociation;AC=MS:1000422	5 ppm	0.6 Da	NT=dithiothreitol (DTT);AC=PRIDE:0000608	NT=methyl methanethiosulfonate (MMTS);AC=PRIDE:0000605	NT=Methylthio;AC=UNIMOD:39;TA=C;MT=Fixed	NT=Oxidation;AC=UNIMOD:35;TA=M;MT=Variable	NT=TMT6plex;AC=UNIMOD:737;TA=K;MT=Fixed	NT=TMT6plex;AC=UNIMOD:737;PP=Any N-term;MT=Fixed	tumor tissue
CoT15	Homo sapiens	colon	not available	15	not pooled	study sample	colorectal cancer	tissue	not available	not available	not available	patient-15	tumor tissue	Fusion_180927_11-TMT129N	proteomic profiling by mass spectrometry	1	Fusion_180927_11.raw	v1.1.0	NT=ms-proteomics;VV=v1.1.0	NT=human;VV=v1.1.0	NT=clinical-metadata;VV=v1.0.0	NT=oncology-metadata;VV=v1.0.0	manual curation	NT=Data-dependent acquisition;AC=PRIDE:0000627	NT=Orbitrap Fusion;AC=MS:1002416	NT=Trypsin;AC=MS:1001251	TMT129N	7	NT=higher energy beam-type collision-induced dissociation;AC=MS:1000422	5 ppm	0.6 Da	NT=dithiothreitol (DTT);AC=PRIDE:0000608	NT=methyl methanethiosulfonate (MMTS);AC=PRIDE:0000605	NT=Methylthio;AC=UNIMOD:39;TA=C;MT=Fixed	NT=Oxidation;AC=UNIMOD:35;TA=M;MT=Variable	NT=TMT6plex;AC=UNIMOD:737;TA=K;MT=Fixed	NT=TMT6plex;AC=UNIMOD:737;PP=Any N-term;MT=Fixed	tumor tissue
CoT15	Homo sapiens	colon	not available	15	not pooled	study sample	colorectal cancer	tissue	not available	not available	not available	patient-15	tumor tissue	Fusion_180927_12-TMT129N	proteomic profiling by mass spectrometry	1	Fusion_180927_12.raw	v1.1.0	NT=ms-proteomics;VV=v1.1.0	NT=human;VV=v1.1.0	NT=clinical-metadata;VV=v1.0.0	NT=oncology-metadata;VV=v1.0.0	manual curation	NT=Data-dependent acquisition;AC=PRIDE:0000627	NT=Orbitrap Fusion;AC=MS:1002416	NT=Trypsin;AC=MS:1001251	TMT129N	8	NT=higher energy beam-type collision-induced dissociation;AC=MS:1000422	5 ppm	0.6 Da	NT=dithiothreitol (DTT);AC=PRIDE:0000608	NT=methyl methanethiosulfonate (MMTS);AC=PRIDE:0000605	NT=Methylthio;AC=UNIMOD:39;TA=C;MT=Fixed	NT=Oxidation;AC=UNIMOD:35;TA=M;MT=Variable	NT=TMT6plex;AC=UNIMOD:737;TA=K;MT=Fixed	NT=TMT6plex;AC=UNIMOD:737;PP=Any N-term;MT=Fixed	tumor tissue
CoT15	Homo sapiens	colon	not available	15	not pooled	study sample	colorectal cancer	tissue	not available	not available	not available	patient-15	tumor tissue	Fusion_180927_13-TMT129N	proteomic profiling by mass spectrometry	1	Fusion_180927_13.raw	v1.1.0	NT=ms-proteomics;VV=v1.1.0	NT=human;VV=v1.1.0	NT=clinical-metadata;VV=v1.0.0	NT=oncology-metadata;VV=v1.0.0	manual curation	NT=Data-dependent acquisition;AC=PRIDE:0000627	NT=Orbitrap Fusion;AC=MS:1002416	NT=Trypsin;AC=MS:1001251	TMT129N	9	NT=higher energy beam-type collision-induced dissociation;AC=MS:1000422	5 ppm	0.6 Da	NT=dithiothreitol (DTT);AC=PRIDE:0000608	NT=methyl methanethiosulfonate (MMTS);AC=PRIDE:0000605	NT=Methylthio;AC=UNIMOD:39;TA=C;MT=Fixed	NT=Oxidation;AC=UNIMOD:35;TA=M;MT=Variable	NT=TMT6plex;AC=UNIMOD:737;TA=K;MT=Fixed	NT=TMT6plex;AC=UNIMOD:737;PP=Any N-term;MT=Fixed	tumor tissue
CoT15	Homo sapiens	colon	not available	15	not pooled	study sample	colorectal cancer	tissue	not available	not available	not available	patient-15	tumor tissue	Fusion_180927_14-TMT129N	proteomic profiling by mass spectrometry	1	Fusion_180927_14.raw	v1.1.0	NT=ms-proteomics;VV=v1.1.0	NT=human;VV=v1.1.0	NT=clinical-metadata;VV=v1.0.0	NT=oncology-metadata;VV=v1.0.0	manual curation	NT=Data-dependent acquisition;AC=PRIDE:0000627	NT=Orbitrap Fusion;AC=MS:1002416	NT=Trypsin;AC=MS:1001251	TMT129N	10	NT=higher energy beam-type collision-induced dissociation;AC=MS:1000422	5 ppm	0.6 Da	NT=dithiothreitol (DTT);AC=PRIDE:0000608	NT=methyl methanethiosulfonate (MMTS);AC=PRIDE:0000605	NT=Methylthio;AC=UNIMOD:39;TA=C;MT=Fixed	NT=Oxidation;AC=UNIMOD:35;TA=M;MT=Variable	NT=TMT6plex;AC=UNIMOD:737;TA=K;MT=Fixed	NT=TMT6plex;AC=UNIMOD:737;PP=Any N-term;MT=Fixed	tumor tissue
CoT15	Homo sapiens	colon	not available	15	not pooled	study sample	colorectal cancer	tissue	not available	not available	not available	patient-15	tumor tissue	Fusion_180927_19-TMT129N	proteomic profiling by mass spectrometry	1	Fusion_180927_19.raw	v1.1.0	NT=ms-proteomics;VV=v1.1.0	NT=human;VV=v1.1.0	NT=clinical-metadata;VV=v1.0.0	NT=oncology-metadata;VV=v1.0.0	manual curation	NT=Data-dependent acquisition;AC=PRIDE:0000627	NT=Orbitrap Fusion;AC=MS:1002416	NT=Trypsin;AC=MS:1001251	TMT129N	11	NT=higher energy beam-type collision-induced dissociation;AC=MS:1000422	5 ppm	0.6 Da	NT=dithiothreitol (DTT);AC=PRIDE:0000608	NT=methyl methanethiosulfonate (MMTS);AC=PRIDE:0000605	NT=Methylthio;AC=UNIMOD:39;TA=C;MT=Fixed	NT=Oxidation;AC=UNIMOD:35;TA=M;MT=Variable	NT=TMT6plex;AC=UNIMOD:737;TA=K;MT=Fixed	NT=TMT6plex;AC=UNIMOD:737;PP=Any N-term;MT=Fixed	tumor tissue
CoT15	Homo sapiens	colon	not available	15	not pooled	study sample	colorectal cancer	tissue	not available	not available	not available	patient-15	tumor tissue	Fusion_180927_20-TMT129N	proteomic profiling by mass spectrometry	1	Fusion_180927_20.raw	v1.1.0	NT=ms-proteomics;VV=v1.1.0	NT=human;VV=v1.1.0	NT=clinical-metadata;VV=v1.0.0	NT=oncology-metadata;VV=v1.0.0	manual curation	NT=Data-dependent acquisition;AC=PRIDE:0000627	NT=Orbitrap Fusion;AC=MS:1002416	NT=Trypsin;AC=MS:1001251	TMT129N	12	NT=higher energy beam-type collision-induced dissociation;AC=MS:1000422	5 ppm	0.6 Da	NT=dithiothreitol (DTT);AC=PRIDE:0000608	NT=methyl methanethiosulfonate (MMTS);AC=PRIDE:0000605	NT=Methylthio;AC=UNIMOD:39;TA=C;MT=Fixed	NT=Oxidation;AC=UNIMOD:35;TA=M;MT=Variable	NT=TMT6plex;AC=UNIMOD:737;TA=K;MT=Fixed	NT=TMT6plex;AC=UNIMOD:737;PP=Any N-term;MT=Fixed	tumor tissue
CoT15	Homo sapiens	colon	not available	15	not pooled	study sample	colorectal cancer	tissue	not available	not available	not available	patient-15	tumor tissue	Fusion_180927_21-TMT129N	proteomic profiling by mass spectrometry	1	Fusion_180927_21.raw	v1.1.0	NT=ms-proteomics;VV=v1.1.0	NT=human;VV=v1.1.0	NT=clinical-metadata;VV=v1.0.0	NT=oncology-metadata;VV=v1.0.0	manual curation	NT=Data-dependent acquisition;AC=PRIDE:0000627	NT=Orbitrap Fusion;AC=MS:1002416	NT=Trypsin;AC=MS:1001251	TMT129N	13	NT=higher energy beam-type collision-induced dissociation;AC=MS:1000422	5 ppm	0.6 Da	NT=dithiothreitol (DTT);AC=PRIDE:0000608	NT=methyl methanethiosulfonate (MMTS);AC=PRIDE:0000605	NT=Methylthio;AC=UNIMOD:39;TA=C;MT=Fixed	NT=Oxidation;AC=UNIMOD:35;TA=M;MT=Variable	NT=TMT6plex;AC=UNIMOD:737;TA=K;MT=Fixed	NT=TMT6plex;AC=UNIMOD:737;PP=Any N-term;MT=Fixed	tumor tissue
CoT15	Homo sapiens	colon	not available	15	not pooled	study sample	colorectal cancer	tissue	not available	not available	not available	patient-15	tumor tissue	Fusion_180927_22-TMT129N	proteomic profiling by mass spectrometry	1	Fusion_180927_22.raw	v1.1.0	NT=ms-proteomics;VV=v1.1.0	NT=human;VV=v1.1.0	NT=clinical-metadata;VV=v1.0.0	NT=oncology-metadata;VV=v1.0.0	manual curation	NT=Data-dependent acquisition;AC=PRIDE:0000627	NT=Orbitrap Fusion;AC=MS:1002416	NT=Trypsin;AC=MS:1001251	TMT129N	14	NT=higher energy beam-type collision-induced dissociation;AC=MS:1000422	5 ppm	0.6 Da	NT=dithiothreitol (DTT);AC=PRIDE:0000608	NT=methyl methanethiosulfonate (MMTS);AC=PRIDE:0000605	NT=Methylthio;AC=UNIMOD:39;TA=C;MT=Fixed	NT=Oxidation;AC=UNIMOD:35;TA=M;MT=Variable	NT=TMT6plex;AC=UNIMOD:737;TA=K;MT=Fixed	NT=TMT6plex;AC=UNIMOD:737;PP=Any N-term;MT=Fixed	tumor tissue
CoT15	Homo sapiens	colon	not available	15	not pooled	study sample	colorectal cancer	tissue	not available	not available	not available	patient-15	tumor tissue	Fusion_180927_23-TMT129N	proteomic profiling by mass spectrometry	1	Fusion_180927_23.raw	v1.1.0	NT=ms-proteomics;VV=v1.1.0	NT=human;VV=v1.1.0	NT=clinical-metadata;VV=v1.0.0	NT=oncology-metadata;VV=v1.0.0	manual curation	NT=Data-dependent acquisition;AC=PRIDE:0000627	NT=Orbitrap Fusion;AC=MS:1002416	NT=Trypsin;AC=MS:1001251	TMT129N	15	NT=higher energy beam-type collision-induced dissociation;AC=MS:1000422	5 ppm	0.6 Da	NT=dithiothreitol (DTT);AC=PRIDE:0000608	NT=methyl methanethiosulfonate (MMTS);AC=PRIDE:0000605	NT=Methylthio;AC=UNIMOD:39;TA=C;MT=Fixed	NT=Oxidation;AC=UNIMOD:35;TA=M;MT=Variable	NT=TMT6plex;AC=UNIMOD:737;TA=K;MT=Fixed	NT=TMT6plex;AC=UNIMOD:737;PP=Any N-term;MT=Fixed	tumor tissue
CoT15	Homo sapiens	colon	not available	15	not pooled	study sample	colorectal cancer	tissue	not available	not available	not available	patient-15	tumor tissue	Fusion_180927_24-TMT129N	proteomic profiling by mass spectrometry	1	Fusion_180927_24.raw	v1.1.0	NT=ms-proteomics;VV=v1.1.0	NT=human;VV=v1.1.0	NT=clinical-metadata;VV=v1.0.0	NT=oncology-metadata;VV=v1.0.0	manual curation	NT=Data-dependent acquisition;AC=PRIDE:0000627	NT=Orbitrap Fusion;AC=MS:1002416	NT=Trypsin;AC=MS:1001251	TMT129N	16	NT=higher energy beam-type collision-induced dissociation;AC=MS:1000422	5 ppm	0.6 Da	NT=dithiothreitol (DTT);AC=PRIDE:0000608	NT=methyl methanethiosulfonate (MMTS);AC=PRIDE:0000605	NT=Methylthio;AC=UNIMOD:39;TA=C;MT=Fixed	NT=Oxidation;AC=UNIMOD:35;TA=M;MT=Variable	NT=TMT6plex;AC=UNIMOD:737;TA=K;MT=Fixed	NT=TMT6plex;AC=UNIMOD:737;PP=Any N-term;MT=Fixed	tumor tissue
CoT15	Homo sapiens	colon	not available	15	not pooled	study sample	colorectal cancer	tissue	not available	not available	not available	patient-15	tumor tissue	Fusion_180927_25-TMT129N	proteomic profiling by mass spectrometry	1	Fusion_180927_25.raw	v1.1.0	NT=ms-proteomics;VV=v1.1.0	NT=human;VV=v1.1.0	NT=clinical-metadata;VV=v1.0.0	NT=oncology-metadata;VV=v1.0.0	manual curation	NT=Data-dependent acquisition;AC=PRIDE:0000627	NT=Orbitrap Fusion;AC=MS:1002416	NT=Trypsin;AC=MS:1001251	TMT129N	17	NT=higher energy beam-type collision-induced dissociation;AC=MS:1000422	5 ppm	0.6 Da	NT=dithiothreitol (DTT);AC=PRIDE:0000608	NT=methyl methanethiosulfonate (MMTS);AC=PRIDE:0000605	NT=Methylthio;AC=UNIMOD:39;TA=C;MT=Fixed	NT=Oxidation;AC=UNIMOD:35;TA=M;MT=Variable	NT=TMT6plex;AC=UNIMOD:737;TA=K;MT=Fixed	NT=TMT6plex;AC=UNIMOD:737;PP=Any N-term;MT=Fixed	tumor tissue
CoT15	Homo sapiens	colon	not available	15	not pooled	study sample	colorectal cancer	tissue	not available	not available	not available	patient-15	tumor tissue	Fusion_180927_26-TMT129N	proteomic profiling by mass spectrometry	1	Fusion_180927_26.raw	v1.1.0	NT=ms-proteomics;VV=v1.1.0	NT=human;VV=v1.1.0	NT=clinical-metadata;VV=v1.0.0	NT=oncology-metadata;VV=v1.0.0	manual curation	NT=Data-dependent acquisition;AC=PRIDE:0000627	NT=Orbitrap Fusion;AC=MS:1002416	NT=Trypsin;AC=MS:1001251	TMT129N	18	NT=higher energy beam-type collision-induced dissociation;AC=MS:1000422	5 ppm	0.6 Da	NT=dithiothreitol (DTT);AC=PRIDE:0000608	NT=methyl methanethiosulfonate (MMTS);AC=PRIDE:0000605	NT=Methylthio;AC=UNIMOD:39;TA=C;MT=Fixed	NT=Oxidation;AC=UNIMOD:35;TA=M;MT=Variable	NT=TMT6plex;AC=UNIMOD:737;TA=K;MT=Fixed	NT=TMT6plex;AC=UNIMOD:737;PP=Any N-term;MT=Fixed	tumor tissue
CoT15	Homo sapiens	colon	not available	15	not pooled	study sample	colorectal cancer	tissue	not available	not available	not available	patient-15	tumor tissue	Fusion_180927_27-TMT129N	proteomic profiling by mass spectrometry	1	Fusion_180927_27.raw	v1.1.0	NT=ms-proteomics;VV=v1.1.0	NT=human;VV=v1.1.0	NT=clinical-metadata;VV=v1.0.0	NT=oncology-metadata;VV=v1.0.0	manual curation	NT=Data-dependent acquisition;AC=PRIDE:0000627	NT=Orbitrap Fusion;AC=MS:1002416	NT=Trypsin;AC=MS:1001251	TMT129N	19	NT=higher energy beam-type collision-induced dissociation;AC=MS:1000422	5 ppm	0.6 Da	NT=dithiothreitol (DTT);AC=PRIDE:0000608	NT=methyl methanethiosulfonate (MMTS);AC=PRIDE:0000605	NT=Methylthio;AC=UNIMOD:39;TA=C;MT=Fixed	NT=Oxidation;AC=UNIMOD:35;TA=M;MT=Variable	NT=TMT6plex;AC=UNIMOD:737;TA=K;MT=Fixed	NT=TMT6plex;AC=UNIMOD:737;PP=Any N-term;MT=Fixed	tumor tissue
CoT15	Homo sapiens	colon	not available	15	not pooled	study sample	colorectal cancer	tissue	not available	not available	not available	patient-15	tumor tissue	Fusion_180927_28-TMT129N	proteomic profiling by mass spectrometry	1	Fusion_180927_28.raw	v1.1.0	NT=ms-proteomics;VV=v1.1.0	NT=human;VV=v1.1.0	NT=clinical-metadata;VV=v1.0.0	NT=oncology-metadata;VV=v1.0.0	manual curation	NT=Data-dependent acquisition;AC=PRIDE:0000627	NT=Orbitrap Fusion;AC=MS:1002416	NT=Trypsin;AC=MS:1001251	TMT129N	20	NT=higher energy beam-type collision-induced dissociation;AC=MS:1000422	5 ppm	0.6 Da	NT=dithiothreitol (DTT);AC=PRIDE:0000608	NT=methyl methanethiosulfonate (MMTS);AC=PRIDE:0000605	NT=Methylthio;AC=UNIMOD:39;TA=C;MT=Fixed	NT=Oxidation;AC=UNIMOD:35;TA=M;MT=Variable	NT=TMT6plex;AC=UNIMOD:737;TA=K;MT=Fixed	NT=TMT6plex;AC=UNIMOD:737;PP=Any N-term;MT=Fixed	tumor tissue
CoM15	Homo sapiens	colon	not available	15	not pooled	study sample	colorectal cancer	tissue	not available	not available	not available	patient-15	healthy mucosal tissue	Fusion_180927_05-TMT129C	proteomic profiling by mass spectrometry	1	Fusion_180927_05.raw	v1.1.0	NT=ms-proteomics;VV=v1.1.0	NT=human;VV=v1.1.0	NT=clinical-metadata;VV=v1.0.0	NT=oncology-metadata;VV=v1.0.0	manual curation	NT=Data-dependent acquisition;AC=PRIDE:0000627	NT=Orbitrap Fusion;AC=MS:1002416	NT=Trypsin;AC=MS:1001251	TMT129C	1	NT=higher energy beam-type collision-induced dissociation;AC=MS:1000422	5 ppm	0.6 Da	NT=dithiothreitol (DTT);AC=PRIDE:0000608	NT=methyl methanethiosulfonate (MMTS);AC=PRIDE:0000605	NT=Methylthio;AC=UNIMOD:39;TA=C;MT=Fixed	NT=Oxidation;AC=UNIMOD:35;TA=M;MT=Variable	NT=TMT6plex;AC=UNIMOD:737;TA=K;MT=Fixed	NT=TMT6plex;AC=UNIMOD:737;PP=Any N-term;MT=Fixed	healthy mucosal tissue
CoM15	Homo sapiens	colon	not available	15	not pooled	study sample	colorectal cancer	tissue	not available	not available	not available	patient-15	healthy mucosal tissue	Fusion_180927_06-TMT129C	proteomic profiling by mass spectrometry	1	Fusion_180927_06.raw	v1.1.0	NT=ms-proteomics;VV=v1.1.0	NT=human;VV=v1.1.0	NT=clinical-metadata;VV=v1.0.0	NT=oncology-metadata;VV=v1.0.0	manual curation	NT=Data-dependent acquisition;AC=PRIDE:0000627	NT=Orbitrap Fusion;AC=MS:1002416	NT=Trypsin;AC=MS:1001251	TMT129C	2	NT=higher energy beam-type collision-induced dissociation;AC=MS:1000422	5 ppm	0.6 Da	NT=dithiothreitol (DTT);AC=PRIDE:0000608	NT=methyl methanethiosulfonate (MMTS);AC=PRIDE:0000605	NT=Methylthio;AC=UNIMOD:39;TA=C;MT=Fixed	NT=Oxidation;AC=UNIMOD:35;TA=M;MT=Variable	NT=TMT6plex;AC=UNIMOD:737;TA=K;MT=Fixed	NT=TMT6plex;AC=UNIMOD:737;PP=Any N-term;MT=Fixed	healthy mucosal tissue
CoM15	Homo sapiens	colon	not available	15	not pooled	study sample	colorectal cancer	tissue	not available	not available	not available	patient-15	healthy mucosal tissue	Fusion_180927_07-TMT129C	proteomic profiling by mass spectrometry	1	Fusion_180927_07.raw	v1.1.0	NT=ms-proteomics;VV=v1.1.0	NT=human;VV=v1.1.0	NT=clinical-metadata;VV=v1.0.0	NT=oncology-metadata;VV=v1.0.0	manual curation	NT=Data-dependent acquisition;AC=PRIDE:0000627	NT=Orbitrap Fusion;AC=MS:1002416	NT=Trypsin;AC=MS:1001251	TMT129C	3	NT=higher energy beam-type collision-induced dissociation;AC=MS:1000422	5 ppm	0.6 Da	NT=dithiothreitol (DTT);AC=PRIDE:0000608	NT=methyl methanethiosulfonate (MMTS);AC=PRIDE:0000605	NT=Methylthio;AC=UNIMOD:39;TA=C;MT=Fixed	NT=Oxidation;AC=UNIMOD:35;TA=M;MT=Variable	NT=TMT6plex;AC=UNIMOD:737;TA=K;MT=Fixed	NT=TMT6plex;AC=UNIMOD:737;PP=Any N-term;MT=Fixed	healthy mucosal tissue
CoM15	Homo sapiens	colon	not available	15	not pooled	study sample	colorectal cancer	tissue	not available	not available	not available	patient-15	healthy mucosal tissue	Fusion_180927_08-TMT129C	proteomic profiling by mass spectrometry	1	Fusion_180927_08.raw	v1.1.0	NT=ms-proteomics;VV=v1.1.0	NT=human;VV=v1.1.0	NT=clinical-metadata;VV=v1.0.0	NT=oncology-metadata;VV=v1.0.0	manual curation	NT=Data-dependent acquisition;AC=PRIDE:0000627	NT=Orbitrap Fusion;AC=MS:1002416	NT=Trypsin;AC=MS:1001251	TMT129C	4	NT=higher energy beam-type collision-induced dissociation;AC=MS:1000422	5 ppm	0.6 Da	NT=dithiothreitol (DTT);AC=PRIDE:0000608	NT=methyl methanethiosulfonate (MMTS);AC=PRIDE:0000605	NT=Methylthio;AC=UNIMOD:39;TA=C;MT=Fixed	NT=Oxidation;AC=UNIMOD:35;TA=M;MT=Variable	NT=TMT6plex;AC=UNIMOD:737;TA=K;MT=Fixed	NT=TMT6plex;AC=UNIMOD:737;PP=Any N-term;MT=Fixed	healthy mucosal tissue
CoM15	Homo sapiens	colon	not available	15	not pooled	study sample	colorectal cancer	tissue	not available	not available	not available	patient-15	healthy mucosal tissue	Fusion_180927_09-TMT129C	proteomic profiling by mass spectrometry	1	Fusion_180927_09.raw	v1.1.0	NT=ms-proteomics;VV=v1.1.0	NT=human;VV=v1.1.0	NT=clinical-metadata;VV=v1.0.0	NT=oncology-metadata;VV=v1.0.0	manual curation	NT=Data-dependent acquisition;AC=PRIDE:0000627	NT=Orbitrap Fusion;AC=MS:1002416	NT=Trypsin;AC=MS:1001251	TMT129C	5	NT=higher energy beam-type collision-induced dissociation;AC=MS:1000422	5 ppm	0.6 Da	NT=dithiothreitol (DTT);AC=PRIDE:0000608	NT=methyl methanethiosulfonate (MMTS);AC=PRIDE:0000605	NT=Methylthio;AC=UNIMOD:39;TA=C;MT=Fixed	NT=Oxidation;AC=UNIMOD:35;TA=M;MT=Variable	NT=TMT6plex;AC=UNIMOD:737;TA=K;MT=Fixed	NT=TMT6plex;AC=UNIMOD:737;PP=Any N-term;MT=Fixed	healthy mucosal tissue
CoM15	Homo sapiens	colon	not available	15	not pooled	study sample	colorectal cancer	tissue	not available	not available	not available	patient-15	healthy mucosal tissue	Fusion_180927_10-TMT129C	proteomic profiling by mass spectrometry	1	Fusion_180927_10.raw	v1.1.0	NT=ms-proteomics;VV=v1.1.0	NT=human;VV=v1.1.0	NT=clinical-metadata;VV=v1.0.0	NT=oncology-metadata;VV=v1.0.0	manual curation	NT=Data-dependent acquisition;AC=PRIDE:0000627	NT=Orbitrap Fusion;AC=MS:1002416	NT=Trypsin;AC=MS:1001251	TMT129C	6	NT=higher energy beam-type collision-induced dissociation;AC=MS:1000422	5 ppm	0.6 Da	NT=dithiothreitol (DTT);AC=PRIDE:0000608	NT=methyl methanethiosulfonate (MMTS);AC=PRIDE:0000605	NT=Methylthio;AC=UNIMOD:39;TA=C;MT=Fixed	NT=Oxidation;AC=UNIMOD:35;TA=M;MT=Variable	NT=TMT6plex;AC=UNIMOD:737;TA=K;MT=Fixed	NT=TMT6plex;AC=UNIMOD:737;PP=Any N-term;MT=Fixed	healthy mucosal tissue
CoM15	Homo sapiens	colon	not available	15	not pooled	study sample	colorectal cancer	tissue	not available	not available	not available	patient-15	healthy mucosal tissue	Fusion_180927_11-TMT129C	proteomic profiling by mass spectrometry	1	Fusion_180927_11.raw	v1.1.0	NT=ms-proteomics;VV=v1.1.0	NT=human;VV=v1.1.0	NT=clinical-metadata;VV=v1.0.0	NT=oncology-metadata;VV=v1.0.0	manual curation	NT=Data-dependent acquisition;AC=PRIDE:0000627	NT=Orbitrap Fusion;AC=MS:1002416	NT=Trypsin;AC=MS:1001251	TMT129C	7	NT=higher energy beam-type collision-induced dissociation;AC=MS:1000422	5 ppm	0.6 Da	NT=dithiothreitol (DTT);AC=PRIDE:0000608	NT=methyl methanethiosulfonate (MMTS);AC=PRIDE:0000605	NT=Methylthio;AC=UNIMOD:39;TA=C;MT=Fixed	NT=Oxidation;AC=UNIMOD:35;TA=M;MT=Variable	NT=TMT6plex;AC=UNIMOD:737;TA=K;MT=Fixed	NT=TMT6plex;AC=UNIMOD:737;PP=Any N-term;MT=Fixed	healthy mucosal tissue
CoM15	Homo sapiens	colon	not available	15	not pooled	study sample	colorectal cancer	tissue	not available	not available	not available	patient-15	healthy mucosal tissue	Fusion_180927_12-TMT129C	proteomic profiling by mass spectrometry	1	Fusion_180927_12.raw	v1.1.0	NT=ms-proteomics;VV=v1.1.0	NT=human;VV=v1.1.0	NT=clinical-metadata;VV=v1.0.0	NT=oncology-metadata;VV=v1.0.0	manual curation	NT=Data-dependent acquisition;AC=PRIDE:0000627	NT=Orbitrap Fusion;AC=MS:1002416	NT=Trypsin;AC=MS:1001251	TMT129C	8	NT=higher energy beam-type collision-induced dissociation;AC=MS:1000422	5 ppm	0.6 Da	NT=dithiothreitol (DTT);AC=PRIDE:0000608	NT=methyl methanethiosulfonate (MMTS);AC=PRIDE:0000605	NT=Methylthio;AC=UNIMOD:39;TA=C;MT=Fixed	NT=Oxidation;AC=UNIMOD:35;TA=M;MT=Variable	NT=TMT6plex;AC=UNIMOD:737;TA=K;MT=Fixed	NT=TMT6plex;AC=UNIMOD:737;PP=Any N-term;MT=Fixed	healthy mucosal tissue
CoM15	Homo sapiens	colon	not available	15	not pooled	study sample	colorectal cancer	tissue	not available	not available	not available	patient-15	healthy mucosal tissue	Fusion_180927_13-TMT129C	proteomic profiling by mass spectrometry	1	Fusion_180927_13.raw	v1.1.0	NT=ms-proteomics;VV=v1.1.0	NT=human;VV=v1.1.0	NT=clinical-metadata;VV=v1.0.0	NT=oncology-metadata;VV=v1.0.0	manual curation	NT=Data-dependent acquisition;AC=PRIDE:0000627	NT=Orbitrap Fusion;AC=MS:1002416	NT=Trypsin;AC=MS:1001251	TMT129C	9	NT=higher energy beam-type collision-induced dissociation;AC=MS:1000422	5 ppm	0.6 Da	NT=dithiothreitol (DTT);AC=PRIDE:0000608	NT=methyl methanethiosulfonate (MMTS);AC=PRIDE:0000605	NT=Methylthio;AC=UNIMOD:39;TA=C;MT=Fixed	NT=Oxidation;AC=UNIMOD:35;TA=M;MT=Variable	NT=TMT6plex;AC=UNIMOD:737;TA=K;MT=Fixed	NT=TMT6plex;AC=UNIMOD:737;PP=Any N-term;MT=Fixed	healthy mucosal tissue
CoM15	Homo sapiens	colon	not available	15	not pooled	study sample	colorectal cancer	tissue	not available	not available	not available	patient-15	healthy mucosal tissue	Fusion_180927_14-TMT129C	proteomic profiling by mass spectrometry	1	Fusion_180927_14.raw	v1.1.0	NT=ms-proteomics;VV=v1.1.0	NT=human;VV=v1.1.0	NT=clinical-metadata;VV=v1.0.0	NT=oncology-metadata;VV=v1.0.0	manual curation	NT=Data-dependent acquisition;AC=PRIDE:0000627	NT=Orbitrap Fusion;AC=MS:1002416	NT=Trypsin;AC=MS:1001251	TMT129C	10	NT=higher energy beam-type collision-induced dissociation;AC=MS:1000422	5 ppm	0.6 Da	NT=dithiothreitol (DTT);AC=PRIDE:0000608	NT=methyl methanethiosulfonate (MMTS);AC=PRIDE:0000605	NT=Methylthio;AC=UNIMOD:39;TA=C;MT=Fixed	NT=Oxidation;AC=UNIMOD:35;TA=M;MT=Variable	NT=TMT6plex;AC=UNIMOD:737;TA=K;MT=Fixed	NT=TMT6plex;AC=UNIMOD:737;PP=Any N-term;MT=Fixed	healthy mucosal tissue
CoM15	Homo sapiens	colon	not available	15	not pooled	study sample	colorectal cancer	tissue	not available	not available	not available	patient-15	healthy mucosal tissue	Fusion_180927_19-TMT129C	proteomic profiling by mass spectrometry	1	Fusion_180927_19.raw	v1.1.0	NT=ms-proteomics;VV=v1.1.0	NT=human;VV=v1.1.0	NT=clinical-metadata;VV=v1.0.0	NT=oncology-metadata;VV=v1.0.0	manual curation	NT=Data-dependent acquisition;AC=PRIDE:0000627	NT=Orbitrap Fusion;AC=MS:1002416	NT=Trypsin;AC=MS:1001251	TMT129C	11	NT=higher energy beam-type collision-induced dissociation;AC=MS:1000422	5 ppm	0.6 Da	NT=dithiothreitol (DTT);AC=PRIDE:0000608	NT=methyl methanethiosulfonate (MMTS);AC=PRIDE:0000605	NT=Methylthio;AC=UNIMOD:39;TA=C;MT=Fixed	NT=Oxidation;AC=UNIMOD:35;TA=M;MT=Variable	NT=TMT6plex;AC=UNIMOD:737;TA=K;MT=Fixed	NT=TMT6plex;AC=UNIMOD:737;PP=Any N-term;MT=Fixed	healthy mucosal tissue
CoM15	Homo sapiens	colon	not available	15	not pooled	study sample	colorectal cancer	tissue	not available	not available	not available	patient-15	healthy mucosal tissue	Fusion_180927_20-TMT129C	proteomic profiling by mass spectrometry	1	Fusion_180927_20.raw	v1.1.0	NT=ms-proteomics;VV=v1.1.0	NT=human;VV=v1.1.0	NT=clinical-metadata;VV=v1.0.0	NT=oncology-metadata;VV=v1.0.0	manual curation	NT=Data-dependent acquisition;AC=PRIDE:0000627	NT=Orbitrap Fusion;AC=MS:1002416	NT=Trypsin;AC=MS:1001251	TMT129C	12	NT=higher energy beam-type collision-induced dissociation;AC=MS:1000422	5 ppm	0.6 Da	NT=dithiothreitol (DTT);AC=PRIDE:0000608	NT=methyl methanethiosulfonate (MMTS);AC=PRIDE:0000605	NT=Methylthio;AC=UNIMOD:39;TA=C;MT=Fixed	NT=Oxidation;AC=UNIMOD:35;TA=M;MT=Variable	NT=TMT6plex;AC=UNIMOD:737;TA=K;MT=Fixed	NT=TMT6plex;AC=UNIMOD:737;PP=Any N-term;MT=Fixed	healthy mucosal tissue
CoM15	Homo sapiens	colon	not available	15	not pooled	study sample	colorectal cancer	tissue	not available	not available	not available	patient-15	healthy mucosal tissue	Fusion_180927_21-TMT129C	proteomic profiling by mass spectrometry	1	Fusion_180927_21.raw	v1.1.0	NT=ms-proteomics;VV=v1.1.0	NT=human;VV=v1.1.0	NT=clinical-metadata;VV=v1.0.0	NT=oncology-metadata;VV=v1.0.0	manual curation	NT=Data-dependent acquisition;AC=PRIDE:0000627	NT=Orbitrap Fusion;AC=MS:1002416	NT=Trypsin;AC=MS:1001251	TMT129C	13	NT=higher energy beam-type collision-induced dissociation;AC=MS:1000422	5 ppm	0.6 Da	NT=dithiothreitol (DTT);AC=PRIDE:0000608	NT=methyl methanethiosulfonate (MMTS);AC=PRIDE:0000605	NT=Methylthio;AC=UNIMOD:39;TA=C;MT=Fixed	NT=Oxidation;AC=UNIMOD:35;TA=M;MT=Variable	NT=TMT6plex;AC=UNIMOD:737;TA=K;MT=Fixed	NT=TMT6plex;AC=UNIMOD:737;PP=Any N-term;MT=Fixed	healthy mucosal tissue
CoM15	Homo sapiens	colon	not available	15	not pooled	study sample	colorectal cancer	tissue	not available	not available	not available	patient-15	healthy mucosal tissue	Fusion_180927_22-TMT129C	proteomic profiling by mass spectrometry	1	Fusion_180927_22.raw	v1.1.0	NT=ms-proteomics;VV=v1.1.0	NT=human;VV=v1.1.0	NT=clinical-metadata;VV=v1.0.0	NT=oncology-metadata;VV=v1.0.0	manual curation	NT=Data-dependent acquisition;AC=PRIDE:0000627	NT=Orbitrap Fusion;AC=MS:1002416	NT=Trypsin;AC=MS:1001251	TMT129C	14	NT=higher energy beam-type collision-induced dissociation;AC=MS:1000422	5 ppm	0.6 Da	NT=dithiothreitol (DTT);AC=PRIDE:0000608	NT=methyl methanethiosulfonate (MMTS);AC=PRIDE:0000605	NT=Methylthio;AC=UNIMOD:39;TA=C;MT=Fixed	NT=Oxidation;AC=UNIMOD:35;TA=M;MT=Variable	NT=TMT6plex;AC=UNIMOD:737;TA=K;MT=Fixed	NT=TMT6plex;AC=UNIMOD:737;PP=Any N-term;MT=Fixed	healthy mucosal tissue
CoM15	Homo sapiens	colon	not available	15	not pooled	study sample	colorectal cancer	tissue	not available	not available	not available	patient-15	healthy mucosal tissue	Fusion_180927_23-TMT129C	proteomic profiling by mass spectrometry	1	Fusion_180927_23.raw	v1.1.0	NT=ms-proteomics;VV=v1.1.0	NT=human;VV=v1.1.0	NT=clinical-metadata;VV=v1.0.0	NT=oncology-metadata;VV=v1.0.0	manual curation	NT=Data-dependent acquisition;AC=PRIDE:0000627	NT=Orbitrap Fusion;AC=MS:1002416	NT=Trypsin;AC=MS:1001251	TMT129C	15	NT=higher energy beam-type collision-induced dissociation;AC=MS:1000422	5 ppm	0.6 Da	NT=dithiothreitol (DTT);AC=PRIDE:0000608	NT=methyl methanethiosulfonate (MMTS);AC=PRIDE:0000605	NT=Methylthio;AC=UNIMOD:39;TA=C;MT=Fixed	NT=Oxidation;AC=UNIMOD:35;TA=M;MT=Variable	NT=TMT6plex;AC=UNIMOD:737;TA=K;MT=Fixed	NT=TMT6plex;AC=UNIMOD:737;PP=Any N-term;MT=Fixed	healthy mucosal tissue
CoM15	Homo sapiens	colon	not available	15	not pooled	study sample	colorectal cancer	tissue	not available	not available	not available	patient-15	healthy mucosal tissue	Fusion_180927_24-TMT129C	proteomic profiling by mass spectrometry	1	Fusion_180927_24.raw	v1.1.0	NT=ms-proteomics;VV=v1.1.0	NT=human;VV=v1.1.0	NT=clinical-metadata;VV=v1.0.0	NT=oncology-metadata;VV=v1.0.0	manual curation	NT=Data-dependent acquisition;AC=PRIDE:0000627	NT=Orbitrap Fusion;AC=MS:1002416	NT=Trypsin;AC=MS:1001251	TMT129C	16	NT=higher energy beam-type collision-induced dissociation;AC=MS:1000422	5 ppm	0.6 Da	NT=dithiothreitol (DTT);AC=PRIDE:0000608	NT=methyl methanethiosulfonate (MMTS);AC=PRIDE:0000605	NT=Methylthio;AC=UNIMOD:39;TA=C;MT=Fixed	NT=Oxidation;AC=UNIMOD:35;TA=M;MT=Variable	NT=TMT6plex;AC=UNIMOD:737;TA=K;MT=Fixed	NT=TMT6plex;AC=UNIMOD:737;PP=Any N-term;MT=Fixed	healthy mucosal tissue
CoM15	Homo sapiens	colon	not available	15	not pooled	study sample	colorectal cancer	tissue	not available	not available	not available	patient-15	healthy mucosal tissue	Fusion_180927_25-TMT129C	proteomic profiling by mass spectrometry	1	Fusion_180927_25.raw	v1.1.0	NT=ms-proteomics;VV=v1.1.0	NT=human;VV=v1.1.0	NT=clinical-metadata;VV=v1.0.0	NT=oncology-metadata;VV=v1.0.0	manual curation	NT=Data-dependent acquisition;AC=PRIDE:0000627	NT=Orbitrap Fusion;AC=MS:1002416	NT=Trypsin;AC=MS:1001251	TMT129C	17	NT=higher energy beam-type collision-induced dissociation;AC=MS:1000422	5 ppm	0.6 Da	NT=dithiothreitol (DTT);AC=PRIDE:0000608	NT=methyl methanethiosulfonate (MMTS);AC=PRIDE:0000605	NT=Methylthio;AC=UNIMOD:39;TA=C;MT=Fixed	NT=Oxidation;AC=UNIMOD:35;TA=M;MT=Variable	NT=TMT6plex;AC=UNIMOD:737;TA=K;MT=Fixed	NT=TMT6plex;AC=UNIMOD:737;PP=Any N-term;MT=Fixed	healthy mucosal tissue
CoM15	Homo sapiens	colon	not available	15	not pooled	study sample	colorectal cancer	tissue	not available	not available	not available	patient-15	healthy mucosal tissue	Fusion_180927_26-TMT129C	proteomic profiling by mass spectrometry	1	Fusion_180927_26.raw	v1.1.0	NT=ms-proteomics;VV=v1.1.0	NT=human;VV=v1.1.0	NT=clinical-metadata;VV=v1.0.0	NT=oncology-metadata;VV=v1.0.0	manual curation	NT=Data-dependent acquisition;AC=PRIDE:0000627	NT=Orbitrap Fusion;AC=MS:1002416	NT=Trypsin;AC=MS:1001251	TMT129C	18	NT=higher energy beam-type collision-induced dissociation;AC=MS:1000422	5 ppm	0.6 Da	NT=dithiothreitol (DTT);AC=PRIDE:0000608	NT=methyl methanethiosulfonate (MMTS);AC=PRIDE:0000605	NT=Methylthio;AC=UNIMOD:39;TA=C;MT=Fixed	NT=Oxidation;AC=UNIMOD:35;TA=M;MT=Variable	NT=TMT6plex;AC=UNIMOD:737;TA=K;MT=Fixed	NT=TMT6plex;AC=UNIMOD:737;PP=Any N-term;MT=Fixed	healthy mucosal tissue
CoM15	Homo sapiens	colon	not available	15	not pooled	study sample	colorectal cancer	tissue	not available	not available	not available	patient-15	healthy mucosal tissue	Fusion_180927_27-TMT129C	proteomic profiling by mass spectrometry	1	Fusion_180927_27.raw	v1.1.0	NT=ms-proteomics;VV=v1.1.0	NT=human;VV=v1.1.0	NT=clinical-metadata;VV=v1.0.0	NT=oncology-metadata;VV=v1.0.0	manual curation	NT=Data-dependent acquisition;AC=PRIDE:0000627	NT=Orbitrap Fusion;AC=MS:1002416	NT=Trypsin;AC=MS:1001251	TMT129C	19	NT=higher energy beam-type collision-induced dissociation;AC=MS:1000422	5 ppm	0.6 Da	NT=dithiothreitol (DTT);AC=PRIDE:0000608	NT=methyl methanethiosulfonate (MMTS);AC=PRIDE:0000605	NT=Methylthio;AC=UNIMOD:39;TA=C;MT=Fixed	NT=Oxidation;AC=UNIMOD:35;TA=M;MT=Variable	NT=TMT6plex;AC=UNIMOD:737;TA=K;MT=Fixed	NT=TMT6plex;AC=UNIMOD:737;PP=Any N-term;MT=Fixed	healthy mucosal tissue
CoM15	Homo sapiens	colon	not available	15	not pooled	study sample	colorectal cancer	tissue	not available	not available	not available	patient-15	healthy mucosal tissue	Fusion_180927_28-TMT129C	proteomic profiling by mass spectrometry	1	Fusion_180927_28.raw	v1.1.0	NT=ms-proteomics;VV=v1.1.0	NT=human;VV=v1.1.0	NT=clinical-metadata;VV=v1.0.0	NT=oncology-metadata;VV=v1.0.0	manual curation	NT=Data-dependent acquisition;AC=PRIDE:0000627	NT=Orbitrap Fusion;AC=MS:1002416	NT=Trypsin;AC=MS:1001251	TMT129C	20	NT=higher energy beam-type collision-induced dissociation;AC=MS:1000422	5 ppm	0.6 Da	NT=dithiothreitol (DTT);AC=PRIDE:0000608	NT=methyl methanethiosulfonate (MMTS);AC=PRIDE:0000605	NT=Methylthio;AC=UNIMOD:39;TA=C;MT=Fixed	NT=Oxidation;AC=UNIMOD:35;TA=M;MT=Variable	NT=TMT6plex;AC=UNIMOD:737;TA=K;MT=Fixed	NT=TMT6plex;AC=UNIMOD:737;PP=Any N-term;MT=Fixed	healthy mucosal tissue
CoT16	Homo sapiens	colon	not available	16	not pooled	study sample	colorectal cancer	tissue	not available	not available	not available	patient-16	tumor tissue	Fusion_180927_05-TMT130N	proteomic profiling by mass spectrometry	1	Fusion_180927_05.raw	v1.1.0	NT=ms-proteomics;VV=v1.1.0	NT=human;VV=v1.1.0	NT=clinical-metadata;VV=v1.0.0	NT=oncology-metadata;VV=v1.0.0	manual curation	NT=Data-dependent acquisition;AC=PRIDE:0000627	NT=Orbitrap Fusion;AC=MS:1002416	NT=Trypsin;AC=MS:1001251	TMT130N	1	NT=higher energy beam-type collision-induced dissociation;AC=MS:1000422	5 ppm	0.6 Da	NT=dithiothreitol (DTT);AC=PRIDE:0000608	NT=methyl methanethiosulfonate (MMTS);AC=PRIDE:0000605	NT=Methylthio;AC=UNIMOD:39;TA=C;MT=Fixed	NT=Oxidation;AC=UNIMOD:35;TA=M;MT=Variable	NT=TMT6plex;AC=UNIMOD:737;TA=K;MT=Fixed	NT=TMT6plex;AC=UNIMOD:737;PP=Any N-term;MT=Fixed	tumor tissue
CoT16	Homo sapiens	colon	not available	16	not pooled	study sample	colorectal cancer	tissue	not available	not available	not available	patient-16	tumor tissue	Fusion_180927_06-TMT130N	proteomic profiling by mass spectrometry	1	Fusion_180927_06.raw	v1.1.0	NT=ms-proteomics;VV=v1.1.0	NT=human;VV=v1.1.0	NT=clinical-metadata;VV=v1.0.0	NT=oncology-metadata;VV=v1.0.0	manual curation	NT=Data-dependent acquisition;AC=PRIDE:0000627	NT=Orbitrap Fusion;AC=MS:1002416	NT=Trypsin;AC=MS:1001251	TMT130N	2	NT=higher energy beam-type collision-induced dissociation;AC=MS:1000422	5 ppm	0.6 Da	NT=dithiothreitol (DTT);AC=PRIDE:0000608	NT=methyl methanethiosulfonate (MMTS);AC=PRIDE:0000605	NT=Methylthio;AC=UNIMOD:39;TA=C;MT=Fixed	NT=Oxidation;AC=UNIMOD:35;TA=M;MT=Variable	NT=TMT6plex;AC=UNIMOD:737;TA=K;MT=Fixed	NT=TMT6plex;AC=UNIMOD:737;PP=Any N-term;MT=Fixed	tumor tissue
CoT16	Homo sapiens	colon	not available	16	not pooled	study sample	colorectal cancer	tissue	not available	not available	not available	patient-16	tumor tissue	Fusion_180927_07-TMT130N	proteomic profiling by mass spectrometry	1	Fusion_180927_07.raw	v1.1.0	NT=ms-proteomics;VV=v1.1.0	NT=human;VV=v1.1.0	NT=clinical-metadata;VV=v1.0.0	NT=oncology-metadata;VV=v1.0.0	manual curation	NT=Data-dependent acquisition;AC=PRIDE:0000627	NT=Orbitrap Fusion;AC=MS:1002416	NT=Trypsin;AC=MS:1001251	TMT130N	3	NT=higher energy beam-type collision-induced dissociation;AC=MS:1000422	5 ppm	0.6 Da	NT=dithiothreitol (DTT);AC=PRIDE:0000608	NT=methyl methanethiosulfonate (MMTS);AC=PRIDE:0000605	NT=Methylthio;AC=UNIMOD:39;TA=C;MT=Fixed	NT=Oxidation;AC=UNIMOD:35;TA=M;MT=Variable	NT=TMT6plex;AC=UNIMOD:737;TA=K;MT=Fixed	NT=TMT6plex;AC=UNIMOD:737;PP=Any N-term;MT=Fixed	tumor tissue
CoT16	Homo sapiens	colon	not available	16	not pooled	study sample	colorectal cancer	tissue	not available	not available	not available	patient-16	tumor tissue	Fusion_180927_08-TMT130N	proteomic profiling by mass spectrometry	1	Fusion_180927_08.raw	v1.1.0	NT=ms-proteomics;VV=v1.1.0	NT=human;VV=v1.1.0	NT=clinical-metadata;VV=v1.0.0	NT=oncology-metadata;VV=v1.0.0	manual curation	NT=Data-dependent acquisition;AC=PRIDE:0000627	NT=Orbitrap Fusion;AC=MS:1002416	NT=Trypsin;AC=MS:1001251	TMT130N	4	NT=higher energy beam-type collision-induced dissociation;AC=MS:1000422	5 ppm	0.6 Da	NT=dithiothreitol (DTT);AC=PRIDE:0000608	NT=methyl methanethiosulfonate (MMTS);AC=PRIDE:0000605	NT=Methylthio;AC=UNIMOD:39;TA=C;MT=Fixed	NT=Oxidation;AC=UNIMOD:35;TA=M;MT=Variable	NT=TMT6plex;AC=UNIMOD:737;TA=K;MT=Fixed	NT=TMT6plex;AC=UNIMOD:737;PP=Any N-term;MT=Fixed	tumor tissue
CoT16	Homo sapiens	colon	not available	16	not pooled	study sample	colorectal cancer	tissue	not available	not available	not available	patient-16	tumor tissue	Fusion_180927_09-TMT130N	proteomic profiling by mass spectrometry	1	Fusion_180927_09.raw	v1.1.0	NT=ms-proteomics;VV=v1.1.0	NT=human;VV=v1.1.0	NT=clinical-metadata;VV=v1.0.0	NT=oncology-metadata;VV=v1.0.0	manual curation	NT=Data-dependent acquisition;AC=PRIDE:0000627	NT=Orbitrap Fusion;AC=MS:1002416	NT=Trypsin;AC=MS:1001251	TMT130N	5	NT=higher energy beam-type collision-induced dissociation;AC=MS:1000422	5 ppm	0.6 Da	NT=dithiothreitol (DTT);AC=PRIDE:0000608	NT=methyl methanethiosulfonate (MMTS);AC=PRIDE:0000605	NT=Methylthio;AC=UNIMOD:39;TA=C;MT=Fixed	NT=Oxidation;AC=UNIMOD:35;TA=M;MT=Variable	NT=TMT6plex;AC=UNIMOD:737;TA=K;MT=Fixed	NT=TMT6plex;AC=UNIMOD:737;PP=Any N-term;MT=Fixed	tumor tissue
CoT16	Homo sapiens	colon	not available	16	not pooled	study sample	colorectal cancer	tissue	not available	not available	not available	patient-16	tumor tissue	Fusion_180927_10-TMT130N	proteomic profiling by mass spectrometry	1	Fusion_180927_10.raw	v1.1.0	NT=ms-proteomics;VV=v1.1.0	NT=human;VV=v1.1.0	NT=clinical-metadata;VV=v1.0.0	NT=oncology-metadata;VV=v1.0.0	manual curation	NT=Data-dependent acquisition;AC=PRIDE:0000627	NT=Orbitrap Fusion;AC=MS:1002416	NT=Trypsin;AC=MS:1001251	TMT130N	6	NT=higher energy beam-type collision-induced dissociation;AC=MS:1000422	5 ppm	0.6 Da	NT=dithiothreitol (DTT);AC=PRIDE:0000608	NT=methyl methanethiosulfonate (MMTS);AC=PRIDE:0000605	NT=Methylthio;AC=UNIMOD:39;TA=C;MT=Fixed	NT=Oxidation;AC=UNIMOD:35;TA=M;MT=Variable	NT=TMT6plex;AC=UNIMOD:737;TA=K;MT=Fixed	NT=TMT6plex;AC=UNIMOD:737;PP=Any N-term;MT=Fixed	tumor tissue
CoT16	Homo sapiens	colon	not available	16	not pooled	study sample	colorectal cancer	tissue	not available	not available	not available	patient-16	tumor tissue	Fusion_180927_11-TMT130N	proteomic profiling by mass spectrometry	1	Fusion_180927_11.raw	v1.1.0	NT=ms-proteomics;VV=v1.1.0	NT=human;VV=v1.1.0	NT=clinical-metadata;VV=v1.0.0	NT=oncology-metadata;VV=v1.0.0	manual curation	NT=Data-dependent acquisition;AC=PRIDE:0000627	NT=Orbitrap Fusion;AC=MS:1002416	NT=Trypsin;AC=MS:1001251	TMT130N	7	NT=higher energy beam-type collision-induced dissociation;AC=MS:1000422	5 ppm	0.6 Da	NT=dithiothreitol (DTT);AC=PRIDE:0000608	NT=methyl methanethiosulfonate (MMTS);AC=PRIDE:0000605	NT=Methylthio;AC=UNIMOD:39;TA=C;MT=Fixed	NT=Oxidation;AC=UNIMOD:35;TA=M;MT=Variable	NT=TMT6plex;AC=UNIMOD:737;TA=K;MT=Fixed	NT=TMT6plex;AC=UNIMOD:737;PP=Any N-term;MT=Fixed	tumor tissue
CoT16	Homo sapiens	colon	not available	16	not pooled	study sample	colorectal cancer	tissue	not available	not available	not available	patient-16	tumor tissue	Fusion_180927_12-TMT130N	proteomic profiling by mass spectrometry	1	Fusion_180927_12.raw	v1.1.0	NT=ms-proteomics;VV=v1.1.0	NT=human;VV=v1.1.0	NT=clinical-metadata;VV=v1.0.0	NT=oncology-metadata;VV=v1.0.0	manual curation	NT=Data-dependent acquisition;AC=PRIDE:0000627	NT=Orbitrap Fusion;AC=MS:1002416	NT=Trypsin;AC=MS:1001251	TMT130N	8	NT=higher energy beam-type collision-induced dissociation;AC=MS:1000422	5 ppm	0.6 Da	NT=dithiothreitol (DTT);AC=PRIDE:0000608	NT=methyl methanethiosulfonate (MMTS);AC=PRIDE:0000605	NT=Methylthio;AC=UNIMOD:39;TA=C;MT=Fixed	NT=Oxidation;AC=UNIMOD:35;TA=M;MT=Variable	NT=TMT6plex;AC=UNIMOD:737;TA=K;MT=Fixed	NT=TMT6plex;AC=UNIMOD:737;PP=Any N-term;MT=Fixed	tumor tissue
CoT16	Homo sapiens	colon	not available	16	not pooled	study sample	colorectal cancer	tissue	not available	not available	not available	patient-16	tumor tissue	Fusion_180927_13-TMT130N	proteomic profiling by mass spectrometry	1	Fusion_180927_13.raw	v1.1.0	NT=ms-proteomics;VV=v1.1.0	NT=human;VV=v1.1.0	NT=clinical-metadata;VV=v1.0.0	NT=oncology-metadata;VV=v1.0.0	manual curation	NT=Data-dependent acquisition;AC=PRIDE:0000627	NT=Orbitrap Fusion;AC=MS:1002416	NT=Trypsin;AC=MS:1001251	TMT130N	9	NT=higher energy beam-type collision-induced dissociation;AC=MS:1000422	5 ppm	0.6 Da	NT=dithiothreitol (DTT);AC=PRIDE:0000608	NT=methyl methanethiosulfonate (MMTS);AC=PRIDE:0000605	NT=Methylthio;AC=UNIMOD:39;TA=C;MT=Fixed	NT=Oxidation;AC=UNIMOD:35;TA=M;MT=Variable	NT=TMT6plex;AC=UNIMOD:737;TA=K;MT=Fixed	NT=TMT6plex;AC=UNIMOD:737;PP=Any N-term;MT=Fixed	tumor tissue
CoT16	Homo sapiens	colon	not available	16	not pooled	study sample	colorectal cancer	tissue	not available	not available	not available	patient-16	tumor tissue	Fusion_180927_14-TMT130N	proteomic profiling by mass spectrometry	1	Fusion_180927_14.raw	v1.1.0	NT=ms-proteomics;VV=v1.1.0	NT=human;VV=v1.1.0	NT=clinical-metadata;VV=v1.0.0	NT=oncology-metadata;VV=v1.0.0	manual curation	NT=Data-dependent acquisition;AC=PRIDE:0000627	NT=Orbitrap Fusion;AC=MS:1002416	NT=Trypsin;AC=MS:1001251	TMT130N	10	NT=higher energy beam-type collision-induced dissociation;AC=MS:1000422	5 ppm	0.6 Da	NT=dithiothreitol (DTT);AC=PRIDE:0000608	NT=methyl methanethiosulfonate (MMTS);AC=PRIDE:0000605	NT=Methylthio;AC=UNIMOD:39;TA=C;MT=Fixed	NT=Oxidation;AC=UNIMOD:35;TA=M;MT=Variable	NT=TMT6plex;AC=UNIMOD:737;TA=K;MT=Fixed	NT=TMT6plex;AC=UNIMOD:737;PP=Any N-term;MT=Fixed	tumor tissue
CoT16	Homo sapiens	colon	not available	16	not pooled	study sample	colorectal cancer	tissue	not available	not available	not available	patient-16	tumor tissue	Fusion_180927_19-TMT130N	proteomic profiling by mass spectrometry	1	Fusion_180927_19.raw	v1.1.0	NT=ms-proteomics;VV=v1.1.0	NT=human;VV=v1.1.0	NT=clinical-metadata;VV=v1.0.0	NT=oncology-metadata;VV=v1.0.0	manual curation	NT=Data-dependent acquisition;AC=PRIDE:0000627	NT=Orbitrap Fusion;AC=MS:1002416	NT=Trypsin;AC=MS:1001251	TMT130N	11	NT=higher energy beam-type collision-induced dissociation;AC=MS:1000422	5 ppm	0.6 Da	NT=dithiothreitol (DTT);AC=PRIDE:0000608	NT=methyl methanethiosulfonate (MMTS);AC=PRIDE:0000605	NT=Methylthio;AC=UNIMOD:39;TA=C;MT=Fixed	NT=Oxidation;AC=UNIMOD:35;TA=M;MT=Variable	NT=TMT6plex;AC=UNIMOD:737;TA=K;MT=Fixed	NT=TMT6plex;AC=UNIMOD:737;PP=Any N-term;MT=Fixed	tumor tissue
CoT16	Homo sapiens	colon	not available	16	not pooled	study sample	colorectal cancer	tissue	not available	not available	not available	patient-16	tumor tissue	Fusion_180927_20-TMT130N	proteomic profiling by mass spectrometry	1	Fusion_180927_20.raw	v1.1.0	NT=ms-proteomics;VV=v1.1.0	NT=human;VV=v1.1.0	NT=clinical-metadata;VV=v1.0.0	NT=oncology-metadata;VV=v1.0.0	manual curation	NT=Data-dependent acquisition;AC=PRIDE:0000627	NT=Orbitrap Fusion;AC=MS:1002416	NT=Trypsin;AC=MS:1001251	TMT130N	12	NT=higher energy beam-type collision-induced dissociation;AC=MS:1000422	5 ppm	0.6 Da	NT=dithiothreitol (DTT);AC=PRIDE:0000608	NT=methyl methanethiosulfonate (MMTS);AC=PRIDE:0000605	NT=Methylthio;AC=UNIMOD:39;TA=C;MT=Fixed	NT=Oxidation;AC=UNIMOD:35;TA=M;MT=Variable	NT=TMT6plex;AC=UNIMOD:737;TA=K;MT=Fixed	NT=TMT6plex;AC=UNIMOD:737;PP=Any N-term;MT=Fixed	tumor tissue
CoT16	Homo sapiens	colon	not available	16	not pooled	study sample	colorectal cancer	tissue	not available	not available	not available	patient-16	tumor tissue	Fusion_180927_21-TMT130N	proteomic profiling by mass spectrometry	1	Fusion_180927_21.raw	v1.1.0	NT=ms-proteomics;VV=v1.1.0	NT=human;VV=v1.1.0	NT=clinical-metadata;VV=v1.0.0	NT=oncology-metadata;VV=v1.0.0	manual curation	NT=Data-dependent acquisition;AC=PRIDE:0000627	NT=Orbitrap Fusion;AC=MS:1002416	NT=Trypsin;AC=MS:1001251	TMT130N	13	NT=higher energy beam-type collision-induced dissociation;AC=MS:1000422	5 ppm	0.6 Da	NT=dithiothreitol (DTT);AC=PRIDE:0000608	NT=methyl methanethiosulfonate (MMTS);AC=PRIDE:0000605	NT=Methylthio;AC=UNIMOD:39;TA=C;MT=Fixed	NT=Oxidation;AC=UNIMOD:35;TA=M;MT=Variable	NT=TMT6plex;AC=UNIMOD:737;TA=K;MT=Fixed	NT=TMT6plex;AC=UNIMOD:737;PP=Any N-term;MT=Fixed	tumor tissue
CoT16	Homo sapiens	colon	not available	16	not pooled	study sample	colorectal cancer	tissue	not available	not available	not available	patient-16	tumor tissue	Fusion_180927_22-TMT130N	proteomic profiling by mass spectrometry	1	Fusion_180927_22.raw	v1.1.0	NT=ms-proteomics;VV=v1.1.0	NT=human;VV=v1.1.0	NT=clinical-metadata;VV=v1.0.0	NT=oncology-metadata;VV=v1.0.0	manual curation	NT=Data-dependent acquisition;AC=PRIDE:0000627	NT=Orbitrap Fusion;AC=MS:1002416	NT=Trypsin;AC=MS:1001251	TMT130N	14	NT=higher energy beam-type collision-induced dissociation;AC=MS:1000422	5 ppm	0.6 Da	NT=dithiothreitol (DTT);AC=PRIDE:0000608	NT=methyl methanethiosulfonate (MMTS);AC=PRIDE:0000605	NT=Methylthio;AC=UNIMOD:39;TA=C;MT=Fixed	NT=Oxidation;AC=UNIMOD:35;TA=M;MT=Variable	NT=TMT6plex;AC=UNIMOD:737;TA=K;MT=Fixed	NT=TMT6plex;AC=UNIMOD:737;PP=Any N-term;MT=Fixed	tumor tissue
CoT16	Homo sapiens	colon	not available	16	not pooled	study sample	colorectal cancer	tissue	not available	not available	not available	patient-16	tumor tissue	Fusion_180927_23-TMT130N	proteomic profiling by mass spectrometry	1	Fusion_180927_23.raw	v1.1.0	NT=ms-proteomics;VV=v1.1.0	NT=human;VV=v1.1.0	NT=clinical-metadata;VV=v1.0.0	NT=oncology-metadata;VV=v1.0.0	manual curation	NT=Data-dependent acquisition;AC=PRIDE:0000627	NT=Orbitrap Fusion;AC=MS:1002416	NT=Trypsin;AC=MS:1001251	TMT130N	15	NT=higher energy beam-type collision-induced dissociation;AC=MS:1000422	5 ppm	0.6 Da	NT=dithiothreitol (DTT);AC=PRIDE:0000608	NT=methyl methanethiosulfonate (MMTS);AC=PRIDE:0000605	NT=Methylthio;AC=UNIMOD:39;TA=C;MT=Fixed	NT=Oxidation;AC=UNIMOD:35;TA=M;MT=Variable	NT=TMT6plex;AC=UNIMOD:737;TA=K;MT=Fixed	NT=TMT6plex;AC=UNIMOD:737;PP=Any N-term;MT=Fixed	tumor tissue
CoT16	Homo sapiens	colon	not available	16	not pooled	study sample	colorectal cancer	tissue	not available	not available	not available	patient-16	tumor tissue	Fusion_180927_24-TMT130N	proteomic profiling by mass spectrometry	1	Fusion_180927_24.raw	v1.1.0	NT=ms-proteomics;VV=v1.1.0	NT=human;VV=v1.1.0	NT=clinical-metadata;VV=v1.0.0	NT=oncology-metadata;VV=v1.0.0	manual curation	NT=Data-dependent acquisition;AC=PRIDE:0000627	NT=Orbitrap Fusion;AC=MS:1002416	NT=Trypsin;AC=MS:1001251	TMT130N	16	NT=higher energy beam-type collision-induced dissociation;AC=MS:1000422	5 ppm	0.6 Da	NT=dithiothreitol (DTT);AC=PRIDE:0000608	NT=methyl methanethiosulfonate (MMTS);AC=PRIDE:0000605	NT=Methylthio;AC=UNIMOD:39;TA=C;MT=Fixed	NT=Oxidation;AC=UNIMOD:35;TA=M;MT=Variable	NT=TMT6plex;AC=UNIMOD:737;TA=K;MT=Fixed	NT=TMT6plex;AC=UNIMOD:737;PP=Any N-term;MT=Fixed	tumor tissue
CoT16	Homo sapiens	colon	not available	16	not pooled	study sample	colorectal cancer	tissue	not available	not available	not available	patient-16	tumor tissue	Fusion_180927_25-TMT130N	proteomic profiling by mass spectrometry	1	Fusion_180927_25.raw	v1.1.0	NT=ms-proteomics;VV=v1.1.0	NT=human;VV=v1.1.0	NT=clinical-metadata;VV=v1.0.0	NT=oncology-metadata;VV=v1.0.0	manual curation	NT=Data-dependent acquisition;AC=PRIDE:0000627	NT=Orbitrap Fusion;AC=MS:1002416	NT=Trypsin;AC=MS:1001251	TMT130N	17	NT=higher energy beam-type collision-induced dissociation;AC=MS:1000422	5 ppm	0.6 Da	NT=dithiothreitol (DTT);AC=PRIDE:0000608	NT=methyl methanethiosulfonate (MMTS);AC=PRIDE:0000605	NT=Methylthio;AC=UNIMOD:39;TA=C;MT=Fixed	NT=Oxidation;AC=UNIMOD:35;TA=M;MT=Variable	NT=TMT6plex;AC=UNIMOD:737;TA=K;MT=Fixed	NT=TMT6plex;AC=UNIMOD:737;PP=Any N-term;MT=Fixed	tumor tissue
CoT16	Homo sapiens	colon	not available	16	not pooled	study sample	colorectal cancer	tissue	not available	not available	not available	patient-16	tumor tissue	Fusion_180927_26-TMT130N	proteomic profiling by mass spectrometry	1	Fusion_180927_26.raw	v1.1.0	NT=ms-proteomics;VV=v1.1.0	NT=human;VV=v1.1.0	NT=clinical-metadata;VV=v1.0.0	NT=oncology-metadata;VV=v1.0.0	manual curation	NT=Data-dependent acquisition;AC=PRIDE:0000627	NT=Orbitrap Fusion;AC=MS:1002416	NT=Trypsin;AC=MS:1001251	TMT130N	18	NT=higher energy beam-type collision-induced dissociation;AC=MS:1000422	5 ppm	0.6 Da	NT=dithiothreitol (DTT);AC=PRIDE:0000608	NT=methyl methanethiosulfonate (MMTS);AC=PRIDE:0000605	NT=Methylthio;AC=UNIMOD:39;TA=C;MT=Fixed	NT=Oxidation;AC=UNIMOD:35;TA=M;MT=Variable	NT=TMT6plex;AC=UNIMOD:737;TA=K;MT=Fixed	NT=TMT6plex;AC=UNIMOD:737;PP=Any N-term;MT=Fixed	tumor tissue
CoT16	Homo sapiens	colon	not available	16	not pooled	study sample	colorectal cancer	tissue	not available	not available	not available	patient-16	tumor tissue	Fusion_180927_27-TMT130N	proteomic profiling by mass spectrometry	1	Fusion_180927_27.raw	v1.1.0	NT=ms-proteomics;VV=v1.1.0	NT=human;VV=v1.1.0	NT=clinical-metadata;VV=v1.0.0	NT=oncology-metadata;VV=v1.0.0	manual curation	NT=Data-dependent acquisition;AC=PRIDE:0000627	NT=Orbitrap Fusion;AC=MS:1002416	NT=Trypsin;AC=MS:1001251	TMT130N	19	NT=higher energy beam-type collision-induced dissociation;AC=MS:1000422	5 ppm	0.6 Da	NT=dithiothreitol (DTT);AC=PRIDE:0000608	NT=methyl methanethiosulfonate (MMTS);AC=PRIDE:0000605	NT=Methylthio;AC=UNIMOD:39;TA=C;MT=Fixed	NT=Oxidation;AC=UNIMOD:35;TA=M;MT=Variable	NT=TMT6plex;AC=UNIMOD:737;TA=K;MT=Fixed	NT=TMT6plex;AC=UNIMOD:737;PP=Any N-term;MT=Fixed	tumor tissue
CoT16	Homo sapiens	colon	not available	16	not pooled	study sample	colorectal cancer	tissue	not available	not available	not available	patient-16	tumor tissue	Fusion_180927_28-TMT130N	proteomic profiling by mass spectrometry	1	Fusion_180927_28.raw	v1.1.0	NT=ms-proteomics;VV=v1.1.0	NT=human;VV=v1.1.0	NT=clinical-metadata;VV=v1.0.0	NT=oncology-metadata;VV=v1.0.0	manual curation	NT=Data-dependent acquisition;AC=PRIDE:0000627	NT=Orbitrap Fusion;AC=MS:1002416	NT=Trypsin;AC=MS:1001251	TMT130N	20	NT=higher energy beam-type collision-induced dissociation;AC=MS:1000422	5 ppm	0.6 Da	NT=dithiothreitol (DTT);AC=PRIDE:0000608	NT=methyl methanethiosulfonate (MMTS);AC=PRIDE:0000605	NT=Methylthio;AC=UNIMOD:39;TA=C;MT=Fixed	NT=Oxidation;AC=UNIMOD:35;TA=M;MT=Variable	NT=TMT6plex;AC=UNIMOD:737;TA=K;MT=Fixed	NT=TMT6plex;AC=UNIMOD:737;PP=Any N-term;MT=Fixed	tumor tissue
CoM16	Homo sapiens	colon	not available	16	not pooled	study sample	colorectal cancer	tissue	not available	not available	not available	patient-16	healthy mucosal tissue	Fusion_180927_05-TMT130C	proteomic profiling by mass spectrometry	1	Fusion_180927_05.raw	v1.1.0	NT=ms-proteomics;VV=v1.1.0	NT=human;VV=v1.1.0	NT=clinical-metadata;VV=v1.0.0	NT=oncology-metadata;VV=v1.0.0	manual curation	NT=Data-dependent acquisition;AC=PRIDE:0000627	NT=Orbitrap Fusion;AC=MS:1002416	NT=Trypsin;AC=MS:1001251	TMT130C	1	NT=higher energy beam-type collision-induced dissociation;AC=MS:1000422	5 ppm	0.6 Da	NT=dithiothreitol (DTT);AC=PRIDE:0000608	NT=methyl methanethiosulfonate (MMTS);AC=PRIDE:0000605	NT=Methylthio;AC=UNIMOD:39;TA=C;MT=Fixed	NT=Oxidation;AC=UNIMOD:35;TA=M;MT=Variable	NT=TMT6plex;AC=UNIMOD:737;TA=K;MT=Fixed	NT=TMT6plex;AC=UNIMOD:737;PP=Any N-term;MT=Fixed	healthy mucosal tissue
CoM16	Homo sapiens	colon	not available	16	not pooled	study sample	colorectal cancer	tissue	not available	not available	not available	patient-16	healthy mucosal tissue	Fusion_180927_06-TMT130C	proteomic profiling by mass spectrometry	1	Fusion_180927_06.raw	v1.1.0	NT=ms-proteomics;VV=v1.1.0	NT=human;VV=v1.1.0	NT=clinical-metadata;VV=v1.0.0	NT=oncology-metadata;VV=v1.0.0	manual curation	NT=Data-dependent acquisition;AC=PRIDE:0000627	NT=Orbitrap Fusion;AC=MS:1002416	NT=Trypsin;AC=MS:1001251	TMT130C	2	NT=higher energy beam-type collision-induced dissociation;AC=MS:1000422	5 ppm	0.6 Da	NT=dithiothreitol (DTT);AC=PRIDE:0000608	NT=methyl methanethiosulfonate (MMTS);AC=PRIDE:0000605	NT=Methylthio;AC=UNIMOD:39;TA=C;MT=Fixed	NT=Oxidation;AC=UNIMOD:35;TA=M;MT=Variable	NT=TMT6plex;AC=UNIMOD:737;TA=K;MT=Fixed	NT=TMT6plex;AC=UNIMOD:737;PP=Any N-term;MT=Fixed	healthy mucosal tissue
CoM16	Homo sapiens	colon	not available	16	not pooled	study sample	colorectal cancer	tissue	not available	not available	not available	patient-16	healthy mucosal tissue	Fusion_180927_07-TMT130C	proteomic profiling by mass spectrometry	1	Fusion_180927_07.raw	v1.1.0	NT=ms-proteomics;VV=v1.1.0	NT=human;VV=v1.1.0	NT=clinical-metadata;VV=v1.0.0	NT=oncology-metadata;VV=v1.0.0	manual curation	NT=Data-dependent acquisition;AC=PRIDE:0000627	NT=Orbitrap Fusion;AC=MS:1002416	NT=Trypsin;AC=MS:1001251	TMT130C	3	NT=higher energy beam-type collision-induced dissociation;AC=MS:1000422	5 ppm	0.6 Da	NT=dithiothreitol (DTT);AC=PRIDE:0000608	NT=methyl methanethiosulfonate (MMTS);AC=PRIDE:0000605	NT=Methylthio;AC=UNIMOD:39;TA=C;MT=Fixed	NT=Oxidation;AC=UNIMOD:35;TA=M;MT=Variable	NT=TMT6plex;AC=UNIMOD:737;TA=K;MT=Fixed	NT=TMT6plex;AC=UNIMOD:737;PP=Any N-term;MT=Fixed	healthy mucosal tissue
CoM16	Homo sapiens	colon	not available	16	not pooled	study sample	colorectal cancer	tissue	not available	not available	not available	patient-16	healthy mucosal tissue	Fusion_180927_08-TMT130C	proteomic profiling by mass spectrometry	1	Fusion_180927_08.raw	v1.1.0	NT=ms-proteomics;VV=v1.1.0	NT=human;VV=v1.1.0	NT=clinical-metadata;VV=v1.0.0	NT=oncology-metadata;VV=v1.0.0	manual curation	NT=Data-dependent acquisition;AC=PRIDE:0000627	NT=Orbitrap Fusion;AC=MS:1002416	NT=Trypsin;AC=MS:1001251	TMT130C	4	NT=higher energy beam-type collision-induced dissociation;AC=MS:1000422	5 ppm	0.6 Da	NT=dithiothreitol (DTT);AC=PRIDE:0000608	NT=methyl methanethiosulfonate (MMTS);AC=PRIDE:0000605	NT=Methylthio;AC=UNIMOD:39;TA=C;MT=Fixed	NT=Oxidation;AC=UNIMOD:35;TA=M;MT=Variable	NT=TMT6plex;AC=UNIMOD:737;TA=K;MT=Fixed	NT=TMT6plex;AC=UNIMOD:737;PP=Any N-term;MT=Fixed	healthy mucosal tissue
CoM16	Homo sapiens	colon	not available	16	not pooled	study sample	colorectal cancer	tissue	not available	not available	not available	patient-16	healthy mucosal tissue	Fusion_180927_09-TMT130C	proteomic profiling by mass spectrometry	1	Fusion_180927_09.raw	v1.1.0	NT=ms-proteomics;VV=v1.1.0	NT=human;VV=v1.1.0	NT=clinical-metadata;VV=v1.0.0	NT=oncology-metadata;VV=v1.0.0	manual curation	NT=Data-dependent acquisition;AC=PRIDE:0000627	NT=Orbitrap Fusion;AC=MS:1002416	NT=Trypsin;AC=MS:1001251	TMT130C	5	NT=higher energy beam-type collision-induced dissociation;AC=MS:1000422	5 ppm	0.6 Da	NT=dithiothreitol (DTT);AC=PRIDE:0000608	NT=methyl methanethiosulfonate (MMTS);AC=PRIDE:0000605	NT=Methylthio;AC=UNIMOD:39;TA=C;MT=Fixed	NT=Oxidation;AC=UNIMOD:35;TA=M;MT=Variable	NT=TMT6plex;AC=UNIMOD:737;TA=K;MT=Fixed	NT=TMT6plex;AC=UNIMOD:737;PP=Any N-term;MT=Fixed	healthy mucosal tissue
CoM16	Homo sapiens	colon	not available	16	not pooled	study sample	colorectal cancer	tissue	not available	not available	not available	patient-16	healthy mucosal tissue	Fusion_180927_10-TMT130C	proteomic profiling by mass spectrometry	1	Fusion_180927_10.raw	v1.1.0	NT=ms-proteomics;VV=v1.1.0	NT=human;VV=v1.1.0	NT=clinical-metadata;VV=v1.0.0	NT=oncology-metadata;VV=v1.0.0	manual curation	NT=Data-dependent acquisition;AC=PRIDE:0000627	NT=Orbitrap Fusion;AC=MS:1002416	NT=Trypsin;AC=MS:1001251	TMT130C	6	NT=higher energy beam-type collision-induced dissociation;AC=MS:1000422	5 ppm	0.6 Da	NT=dithiothreitol (DTT);AC=PRIDE:0000608	NT=methyl methanethiosulfonate (MMTS);AC=PRIDE:0000605	NT=Methylthio;AC=UNIMOD:39;TA=C;MT=Fixed	NT=Oxidation;AC=UNIMOD:35;TA=M;MT=Variable	NT=TMT6plex;AC=UNIMOD:737;TA=K;MT=Fixed	NT=TMT6plex;AC=UNIMOD:737;PP=Any N-term;MT=Fixed	healthy mucosal tissue
CoM16	Homo sapiens	colon	not available	16	not pooled	study sample	colorectal cancer	tissue	not available	not available	not available	patient-16	healthy mucosal tissue	Fusion_180927_11-TMT130C	proteomic profiling by mass spectrometry	1	Fusion_180927_11.raw	v1.1.0	NT=ms-proteomics;VV=v1.1.0	NT=human;VV=v1.1.0	NT=clinical-metadata;VV=v1.0.0	NT=oncology-metadata;VV=v1.0.0	manual curation	NT=Data-dependent acquisition;AC=PRIDE:0000627	NT=Orbitrap Fusion;AC=MS:1002416	NT=Trypsin;AC=MS:1001251	TMT130C	7	NT=higher energy beam-type collision-induced dissociation;AC=MS:1000422	5 ppm	0.6 Da	NT=dithiothreitol (DTT);AC=PRIDE:0000608	NT=methyl methanethiosulfonate (MMTS);AC=PRIDE:0000605	NT=Methylthio;AC=UNIMOD:39;TA=C;MT=Fixed	NT=Oxidation;AC=UNIMOD:35;TA=M;MT=Variable	NT=TMT6plex;AC=UNIMOD:737;TA=K;MT=Fixed	NT=TMT6plex;AC=UNIMOD:737;PP=Any N-term;MT=Fixed	healthy mucosal tissue
CoM16	Homo sapiens	colon	not available	16	not pooled	study sample	colorectal cancer	tissue	not available	not available	not available	patient-16	healthy mucosal tissue	Fusion_180927_12-TMT130C	proteomic profiling by mass spectrometry	1	Fusion_180927_12.raw	v1.1.0	NT=ms-proteomics;VV=v1.1.0	NT=human;VV=v1.1.0	NT=clinical-metadata;VV=v1.0.0	NT=oncology-metadata;VV=v1.0.0	manual curation	NT=Data-dependent acquisition;AC=PRIDE:0000627	NT=Orbitrap Fusion;AC=MS:1002416	NT=Trypsin;AC=MS:1001251	TMT130C	8	NT=higher energy beam-type collision-induced dissociation;AC=MS:1000422	5 ppm	0.6 Da	NT=dithiothreitol (DTT);AC=PRIDE:0000608	NT=methyl methanethiosulfonate (MMTS);AC=PRIDE:0000605	NT=Methylthio;AC=UNIMOD:39;TA=C;MT=Fixed	NT=Oxidation;AC=UNIMOD:35;TA=M;MT=Variable	NT=TMT6plex;AC=UNIMOD:737;TA=K;MT=Fixed	NT=TMT6plex;AC=UNIMOD:737;PP=Any N-term;MT=Fixed	healthy mucosal tissue
CoM16	Homo sapiens	colon	not available	16	not pooled	study sample	colorectal cancer	tissue	not available	not available	not available	patient-16	healthy mucosal tissue	Fusion_180927_13-TMT130C	proteomic profiling by mass spectrometry	1	Fusion_180927_13.raw	v1.1.0	NT=ms-proteomics;VV=v1.1.0	NT=human;VV=v1.1.0	NT=clinical-metadata;VV=v1.0.0	NT=oncology-metadata;VV=v1.0.0	manual curation	NT=Data-dependent acquisition;AC=PRIDE:0000627	NT=Orbitrap Fusion;AC=MS:1002416	NT=Trypsin;AC=MS:1001251	TMT130C	9	NT=higher energy beam-type collision-induced dissociation;AC=MS:1000422	5 ppm	0.6 Da	NT=dithiothreitol (DTT);AC=PRIDE:0000608	NT=methyl methanethiosulfonate (MMTS);AC=PRIDE:0000605	NT=Methylthio;AC=UNIMOD:39;TA=C;MT=Fixed	NT=Oxidation;AC=UNIMOD:35;TA=M;MT=Variable	NT=TMT6plex;AC=UNIMOD:737;TA=K;MT=Fixed	NT=TMT6plex;AC=UNIMOD:737;PP=Any N-term;MT=Fixed	healthy mucosal tissue
CoM16	Homo sapiens	colon	not available	16	not pooled	study sample	colorectal cancer	tissue	not available	not available	not available	patient-16	healthy mucosal tissue	Fusion_180927_14-TMT130C	proteomic profiling by mass spectrometry	1	Fusion_180927_14.raw	v1.1.0	NT=ms-proteomics;VV=v1.1.0	NT=human;VV=v1.1.0	NT=clinical-metadata;VV=v1.0.0	NT=oncology-metadata;VV=v1.0.0	manual curation	NT=Data-dependent acquisition;AC=PRIDE:0000627	NT=Orbitrap Fusion;AC=MS:1002416	NT=Trypsin;AC=MS:1001251	TMT130C	10	NT=higher energy beam-type collision-induced dissociation;AC=MS:1000422	5 ppm	0.6 Da	NT=dithiothreitol (DTT);AC=PRIDE:0000608	NT=methyl methanethiosulfonate (MMTS);AC=PRIDE:0000605	NT=Methylthio;AC=UNIMOD:39;TA=C;MT=Fixed	NT=Oxidation;AC=UNIMOD:35;TA=M;MT=Variable	NT=TMT6plex;AC=UNIMOD:737;TA=K;MT=Fixed	NT=TMT6plex;AC=UNIMOD:737;PP=Any N-term;MT=Fixed	healthy mucosal tissue
CoM16	Homo sapiens	colon	not available	16	not pooled	study sample	colorectal cancer	tissue	not available	not available	not available	patient-16	healthy mucosal tissue	Fusion_180927_19-TMT130C	proteomic profiling by mass spectrometry	1	Fusion_180927_19.raw	v1.1.0	NT=ms-proteomics;VV=v1.1.0	NT=human;VV=v1.1.0	NT=clinical-metadata;VV=v1.0.0	NT=oncology-metadata;VV=v1.0.0	manual curation	NT=Data-dependent acquisition;AC=PRIDE:0000627	NT=Orbitrap Fusion;AC=MS:1002416	NT=Trypsin;AC=MS:1001251	TMT130C	11	NT=higher energy beam-type collision-induced dissociation;AC=MS:1000422	5 ppm	0.6 Da	NT=dithiothreitol (DTT);AC=PRIDE:0000608	NT=methyl methanethiosulfonate (MMTS);AC=PRIDE:0000605	NT=Methylthio;AC=UNIMOD:39;TA=C;MT=Fixed	NT=Oxidation;AC=UNIMOD:35;TA=M;MT=Variable	NT=TMT6plex;AC=UNIMOD:737;TA=K;MT=Fixed	NT=TMT6plex;AC=UNIMOD:737;PP=Any N-term;MT=Fixed	healthy mucosal tissue
CoM16	Homo sapiens	colon	not available	16	not pooled	study sample	colorectal cancer	tissue	not available	not available	not available	patient-16	healthy mucosal tissue	Fusion_180927_20-TMT130C	proteomic profiling by mass spectrometry	1	Fusion_180927_20.raw	v1.1.0	NT=ms-proteomics;VV=v1.1.0	NT=human;VV=v1.1.0	NT=clinical-metadata;VV=v1.0.0	NT=oncology-metadata;VV=v1.0.0	manual curation	NT=Data-dependent acquisition;AC=PRIDE:0000627	NT=Orbitrap Fusion;AC=MS:1002416	NT=Trypsin;AC=MS:1001251	TMT130C	12	NT=higher energy beam-type collision-induced dissociation;AC=MS:1000422	5 ppm	0.6 Da	NT=dithiothreitol (DTT);AC=PRIDE:0000608	NT=methyl methanethiosulfonate (MMTS);AC=PRIDE:0000605	NT=Methylthio;AC=UNIMOD:39;TA=C;MT=Fixed	NT=Oxidation;AC=UNIMOD:35;TA=M;MT=Variable	NT=TMT6plex;AC=UNIMOD:737;TA=K;MT=Fixed	NT=TMT6plex;AC=UNIMOD:737;PP=Any N-term;MT=Fixed	healthy mucosal tissue
CoM16	Homo sapiens	colon	not available	16	not pooled	study sample	colorectal cancer	tissue	not available	not available	not available	patient-16	healthy mucosal tissue	Fusion_180927_21-TMT130C	proteomic profiling by mass spectrometry	1	Fusion_180927_21.raw	v1.1.0	NT=ms-proteomics;VV=v1.1.0	NT=human;VV=v1.1.0	NT=clinical-metadata;VV=v1.0.0	NT=oncology-metadata;VV=v1.0.0	manual curation	NT=Data-dependent acquisition;AC=PRIDE:0000627	NT=Orbitrap Fusion;AC=MS:1002416	NT=Trypsin;AC=MS:1001251	TMT130C	13	NT=higher energy beam-type collision-induced dissociation;AC=MS:1000422	5 ppm	0.6 Da	NT=dithiothreitol (DTT);AC=PRIDE:0000608	NT=methyl methanethiosulfonate (MMTS);AC=PRIDE:0000605	NT=Methylthio;AC=UNIMOD:39;TA=C;MT=Fixed	NT=Oxidation;AC=UNIMOD:35;TA=M;MT=Variable	NT=TMT6plex;AC=UNIMOD:737;TA=K;MT=Fixed	NT=TMT6plex;AC=UNIMOD:737;PP=Any N-term;MT=Fixed	healthy mucosal tissue
CoM16	Homo sapiens	colon	not available	16	not pooled	study sample	colorectal cancer	tissue	not available	not available	not available	patient-16	healthy mucosal tissue	Fusion_180927_22-TMT130C	proteomic profiling by mass spectrometry	1	Fusion_180927_22.raw	v1.1.0	NT=ms-proteomics;VV=v1.1.0	NT=human;VV=v1.1.0	NT=clinical-metadata;VV=v1.0.0	NT=oncology-metadata;VV=v1.0.0	manual curation	NT=Data-dependent acquisition;AC=PRIDE:0000627	NT=Orbitrap Fusion;AC=MS:1002416	NT=Trypsin;AC=MS:1001251	TMT130C	14	NT=higher energy beam-type collision-induced dissociation;AC=MS:1000422	5 ppm	0.6 Da	NT=dithiothreitol (DTT);AC=PRIDE:0000608	NT=methyl methanethiosulfonate (MMTS);AC=PRIDE:0000605	NT=Methylthio;AC=UNIMOD:39;TA=C;MT=Fixed	NT=Oxidation;AC=UNIMOD:35;TA=M;MT=Variable	NT=TMT6plex;AC=UNIMOD:737;TA=K;MT=Fixed	NT=TMT6plex;AC=UNIMOD:737;PP=Any N-term;MT=Fixed	healthy mucosal tissue
CoM16	Homo sapiens	colon	not available	16	not pooled	study sample	colorectal cancer	tissue	not available	not available	not available	patient-16	healthy mucosal tissue	Fusion_180927_23-TMT130C	proteomic profiling by mass spectrometry	1	Fusion_180927_23.raw	v1.1.0	NT=ms-proteomics;VV=v1.1.0	NT=human;VV=v1.1.0	NT=clinical-metadata;VV=v1.0.0	NT=oncology-metadata;VV=v1.0.0	manual curation	NT=Data-dependent acquisition;AC=PRIDE:0000627	NT=Orbitrap Fusion;AC=MS:1002416	NT=Trypsin;AC=MS:1001251	TMT130C	15	NT=higher energy beam-type collision-induced dissociation;AC=MS:1000422	5 ppm	0.6 Da	NT=dithiothreitol (DTT);AC=PRIDE:0000608	NT=methyl methanethiosulfonate (MMTS);AC=PRIDE:0000605	NT=Methylthio;AC=UNIMOD:39;TA=C;MT=Fixed	NT=Oxidation;AC=UNIMOD:35;TA=M;MT=Variable	NT=TMT6plex;AC=UNIMOD:737;TA=K;MT=Fixed	NT=TMT6plex;AC=UNIMOD:737;PP=Any N-term;MT=Fixed	healthy mucosal tissue
CoM16	Homo sapiens	colon	not available	16	not pooled	study sample	colorectal cancer	tissue	not available	not available	not available	patient-16	healthy mucosal tissue	Fusion_180927_24-TMT130C	proteomic profiling by mass spectrometry	1	Fusion_180927_24.raw	v1.1.0	NT=ms-proteomics;VV=v1.1.0	NT=human;VV=v1.1.0	NT=clinical-metadata;VV=v1.0.0	NT=oncology-metadata;VV=v1.0.0	manual curation	NT=Data-dependent acquisition;AC=PRIDE:0000627	NT=Orbitrap Fusion;AC=MS:1002416	NT=Trypsin;AC=MS:1001251	TMT130C	16	NT=higher energy beam-type collision-induced dissociation;AC=MS:1000422	5 ppm	0.6 Da	NT=dithiothreitol (DTT);AC=PRIDE:0000608	NT=methyl methanethiosulfonate (MMTS);AC=PRIDE:0000605	NT=Methylthio;AC=UNIMOD:39;TA=C;MT=Fixed	NT=Oxidation;AC=UNIMOD:35;TA=M;MT=Variable	NT=TMT6plex;AC=UNIMOD:737;TA=K;MT=Fixed	NT=TMT6plex;AC=UNIMOD:737;PP=Any N-term;MT=Fixed	healthy mucosal tissue
CoM16	Homo sapiens	colon	not available	16	not pooled	study sample	colorectal cancer	tissue	not available	not available	not available	patient-16	healthy mucosal tissue	Fusion_180927_25-TMT130C	proteomic profiling by mass spectrometry	1	Fusion_180927_25.raw	v1.1.0	NT=ms-proteomics;VV=v1.1.0	NT=human;VV=v1.1.0	NT=clinical-metadata;VV=v1.0.0	NT=oncology-metadata;VV=v1.0.0	manual curation	NT=Data-dependent acquisition;AC=PRIDE:0000627	NT=Orbitrap Fusion;AC=MS:1002416	NT=Trypsin;AC=MS:1001251	TMT130C	17	NT=higher energy beam-type collision-induced dissociation;AC=MS:1000422	5 ppm	0.6 Da	NT=dithiothreitol (DTT);AC=PRIDE:0000608	NT=methyl methanethiosulfonate (MMTS);AC=PRIDE:0000605	NT=Methylthio;AC=UNIMOD:39;TA=C;MT=Fixed	NT=Oxidation;AC=UNIMOD:35;TA=M;MT=Variable	NT=TMT6plex;AC=UNIMOD:737;TA=K;MT=Fixed	NT=TMT6plex;AC=UNIMOD:737;PP=Any N-term;MT=Fixed	healthy mucosal tissue
CoM16	Homo sapiens	colon	not available	16	not pooled	study sample	colorectal cancer	tissue	not available	not available	not available	patient-16	healthy mucosal tissue	Fusion_180927_26-TMT130C	proteomic profiling by mass spectrometry	1	Fusion_180927_26.raw	v1.1.0	NT=ms-proteomics;VV=v1.1.0	NT=human;VV=v1.1.0	NT=clinical-metadata;VV=v1.0.0	NT=oncology-metadata;VV=v1.0.0	manual curation	NT=Data-dependent acquisition;AC=PRIDE:0000627	NT=Orbitrap Fusion;AC=MS:1002416	NT=Trypsin;AC=MS:1001251	TMT130C	18	NT=higher energy beam-type collision-induced dissociation;AC=MS:1000422	5 ppm	0.6 Da	NT=dithiothreitol (DTT);AC=PRIDE:0000608	NT=methyl methanethiosulfonate (MMTS);AC=PRIDE:0000605	NT=Methylthio;AC=UNIMOD:39;TA=C;MT=Fixed	NT=Oxidation;AC=UNIMOD:35;TA=M;MT=Variable	NT=TMT6plex;AC=UNIMOD:737;TA=K;MT=Fixed	NT=TMT6plex;AC=UNIMOD:737;PP=Any N-term;MT=Fixed	healthy mucosal tissue
CoM16	Homo sapiens	colon	not available	16	not pooled	study sample	colorectal cancer	tissue	not available	not available	not available	patient-16	healthy mucosal tissue	Fusion_180927_27-TMT130C	proteomic profiling by mass spectrometry	1	Fusion_180927_27.raw	v1.1.0	NT=ms-proteomics;VV=v1.1.0	NT=human;VV=v1.1.0	NT=clinical-metadata;VV=v1.0.0	NT=oncology-metadata;VV=v1.0.0	manual curation	NT=Data-dependent acquisition;AC=PRIDE:0000627	NT=Orbitrap Fusion;AC=MS:1002416	NT=Trypsin;AC=MS:1001251	TMT130C	19	NT=higher energy beam-type collision-induced dissociation;AC=MS:1000422	5 ppm	0.6 Da	NT=dithiothreitol (DTT);AC=PRIDE:0000608	NT=methyl methanethiosulfonate (MMTS);AC=PRIDE:0000605	NT=Methylthio;AC=UNIMOD:39;TA=C;MT=Fixed	NT=Oxidation;AC=UNIMOD:35;TA=M;MT=Variable	NT=TMT6plex;AC=UNIMOD:737;TA=K;MT=Fixed	NT=TMT6plex;AC=UNIMOD:737;PP=Any N-term;MT=Fixed	healthy mucosal tissue
CoM16	Homo sapiens	colon	not available	16	not pooled	study sample	colorectal cancer	tissue	not available	not available	not available	patient-16	healthy mucosal tissue	Fusion_180927_28-TMT130C	proteomic profiling by mass spectrometry	1	Fusion_180927_28.raw	v1.1.0	NT=ms-proteomics;VV=v1.1.0	NT=human;VV=v1.1.0	NT=clinical-metadata;VV=v1.0.0	NT=oncology-metadata;VV=v1.0.0	manual curation	NT=Data-dependent acquisition;AC=PRIDE:0000627	NT=Orbitrap Fusion;AC=MS:1002416	NT=Trypsin;AC=MS:1001251	TMT130C	20	NT=higher energy beam-type collision-induced dissociation;AC=MS:1000422	5 ppm	0.6 Da	NT=dithiothreitol (DTT);AC=PRIDE:0000608	NT=methyl methanethiosulfonate (MMTS);AC=PRIDE:0000605	NT=Methylthio;AC=UNIMOD:39;TA=C;MT=Fixed	NT=Oxidation;AC=UNIMOD:35;TA=M;MT=Variable	NT=TMT6plex;AC=UNIMOD:737;TA=K;MT=Fixed	NT=TMT6plex;AC=UNIMOD:737;PP=Any N-term;MT=Fixed	healthy mucosal tissue
CoT17	Homo sapiens	colon	not available	17	not pooled	study sample	colorectal cancer	tissue	not available	not available	not available	patient-17	tumor tissue	Fusion_180927_05-TMT131N	proteomic profiling by mass spectrometry	1	Fusion_180927_05.raw	v1.1.0	NT=ms-proteomics;VV=v1.1.0	NT=human;VV=v1.1.0	NT=clinical-metadata;VV=v1.0.0	NT=oncology-metadata;VV=v1.0.0	manual curation	NT=Data-dependent acquisition;AC=PRIDE:0000627	NT=Orbitrap Fusion;AC=MS:1002416	NT=Trypsin;AC=MS:1001251	TMT131N	1	NT=higher energy beam-type collision-induced dissociation;AC=MS:1000422	5 ppm	0.6 Da	NT=dithiothreitol (DTT);AC=PRIDE:0000608	NT=methyl methanethiosulfonate (MMTS);AC=PRIDE:0000605	NT=Methylthio;AC=UNIMOD:39;TA=C;MT=Fixed	NT=Oxidation;AC=UNIMOD:35;TA=M;MT=Variable	NT=TMT6plex;AC=UNIMOD:737;TA=K;MT=Fixed	NT=TMT6plex;AC=UNIMOD:737;PP=Any N-term;MT=Fixed	tumor tissue
CoT17	Homo sapiens	colon	not available	17	not pooled	study sample	colorectal cancer	tissue	not available	not available	not available	patient-17	tumor tissue	Fusion_180927_06-TMT131N	proteomic profiling by mass spectrometry	1	Fusion_180927_06.raw	v1.1.0	NT=ms-proteomics;VV=v1.1.0	NT=human;VV=v1.1.0	NT=clinical-metadata;VV=v1.0.0	NT=oncology-metadata;VV=v1.0.0	manual curation	NT=Data-dependent acquisition;AC=PRIDE:0000627	NT=Orbitrap Fusion;AC=MS:1002416	NT=Trypsin;AC=MS:1001251	TMT131N	2	NT=higher energy beam-type collision-induced dissociation;AC=MS:1000422	5 ppm	0.6 Da	NT=dithiothreitol (DTT);AC=PRIDE:0000608	NT=methyl methanethiosulfonate (MMTS);AC=PRIDE:0000605	NT=Methylthio;AC=UNIMOD:39;TA=C;MT=Fixed	NT=Oxidation;AC=UNIMOD:35;TA=M;MT=Variable	NT=TMT6plex;AC=UNIMOD:737;TA=K;MT=Fixed	NT=TMT6plex;AC=UNIMOD:737;PP=Any N-term;MT=Fixed	tumor tissue
CoT17	Homo sapiens	colon	not available	17	not pooled	study sample	colorectal cancer	tissue	not available	not available	not available	patient-17	tumor tissue	Fusion_180927_07-TMT131N	proteomic profiling by mass spectrometry	1	Fusion_180927_07.raw	v1.1.0	NT=ms-proteomics;VV=v1.1.0	NT=human;VV=v1.1.0	NT=clinical-metadata;VV=v1.0.0	NT=oncology-metadata;VV=v1.0.0	manual curation	NT=Data-dependent acquisition;AC=PRIDE:0000627	NT=Orbitrap Fusion;AC=MS:1002416	NT=Trypsin;AC=MS:1001251	TMT131N	3	NT=higher energy beam-type collision-induced dissociation;AC=MS:1000422	5 ppm	0.6 Da	NT=dithiothreitol (DTT);AC=PRIDE:0000608	NT=methyl methanethiosulfonate (MMTS);AC=PRIDE:0000605	NT=Methylthio;AC=UNIMOD:39;TA=C;MT=Fixed	NT=Oxidation;AC=UNIMOD:35;TA=M;MT=Variable	NT=TMT6plex;AC=UNIMOD:737;TA=K;MT=Fixed	NT=TMT6plex;AC=UNIMOD:737;PP=Any N-term;MT=Fixed	tumor tissue
CoT17	Homo sapiens	colon	not available	17	not pooled	study sample	colorectal cancer	tissue	not available	not available	not available	patient-17	tumor tissue	Fusion_180927_08-TMT131N	proteomic profiling by mass spectrometry	1	Fusion_180927_08.raw	v1.1.0	NT=ms-proteomics;VV=v1.1.0	NT=human;VV=v1.1.0	NT=clinical-metadata;VV=v1.0.0	NT=oncology-metadata;VV=v1.0.0	manual curation	NT=Data-dependent acquisition;AC=PRIDE:0000627	NT=Orbitrap Fusion;AC=MS:1002416	NT=Trypsin;AC=MS:1001251	TMT131N	4	NT=higher energy beam-type collision-induced dissociation;AC=MS:1000422	5 ppm	0.6 Da	NT=dithiothreitol (DTT);AC=PRIDE:0000608	NT=methyl methanethiosulfonate (MMTS);AC=PRIDE:0000605	NT=Methylthio;AC=UNIMOD:39;TA=C;MT=Fixed	NT=Oxidation;AC=UNIMOD:35;TA=M;MT=Variable	NT=TMT6plex;AC=UNIMOD:737;TA=K;MT=Fixed	NT=TMT6plex;AC=UNIMOD:737;PP=Any N-term;MT=Fixed	tumor tissue
CoT17	Homo sapiens	colon	not available	17	not pooled	study sample	colorectal cancer	tissue	not available	not available	not available	patient-17	tumor tissue	Fusion_180927_09-TMT131N	proteomic profiling by mass spectrometry	1	Fusion_180927_09.raw	v1.1.0	NT=ms-proteomics;VV=v1.1.0	NT=human;VV=v1.1.0	NT=clinical-metadata;VV=v1.0.0	NT=oncology-metadata;VV=v1.0.0	manual curation	NT=Data-dependent acquisition;AC=PRIDE:0000627	NT=Orbitrap Fusion;AC=MS:1002416	NT=Trypsin;AC=MS:1001251	TMT131N	5	NT=higher energy beam-type collision-induced dissociation;AC=MS:1000422	5 ppm	0.6 Da	NT=dithiothreitol (DTT);AC=PRIDE:0000608	NT=methyl methanethiosulfonate (MMTS);AC=PRIDE:0000605	NT=Methylthio;AC=UNIMOD:39;TA=C;MT=Fixed	NT=Oxidation;AC=UNIMOD:35;TA=M;MT=Variable	NT=TMT6plex;AC=UNIMOD:737;TA=K;MT=Fixed	NT=TMT6plex;AC=UNIMOD:737;PP=Any N-term;MT=Fixed	tumor tissue
CoT17	Homo sapiens	colon	not available	17	not pooled	study sample	colorectal cancer	tissue	not available	not available	not available	patient-17	tumor tissue	Fusion_180927_10-TMT131N	proteomic profiling by mass spectrometry	1	Fusion_180927_10.raw	v1.1.0	NT=ms-proteomics;VV=v1.1.0	NT=human;VV=v1.1.0	NT=clinical-metadata;VV=v1.0.0	NT=oncology-metadata;VV=v1.0.0	manual curation	NT=Data-dependent acquisition;AC=PRIDE:0000627	NT=Orbitrap Fusion;AC=MS:1002416	NT=Trypsin;AC=MS:1001251	TMT131N	6	NT=higher energy beam-type collision-induced dissociation;AC=MS:1000422	5 ppm	0.6 Da	NT=dithiothreitol (DTT);AC=PRIDE:0000608	NT=methyl methanethiosulfonate (MMTS);AC=PRIDE:0000605	NT=Methylthio;AC=UNIMOD:39;TA=C;MT=Fixed	NT=Oxidation;AC=UNIMOD:35;TA=M;MT=Variable	NT=TMT6plex;AC=UNIMOD:737;TA=K;MT=Fixed	NT=TMT6plex;AC=UNIMOD:737;PP=Any N-term;MT=Fixed	tumor tissue
CoT17	Homo sapiens	colon	not available	17	not pooled	study sample	colorectal cancer	tissue	not available	not available	not available	patient-17	tumor tissue	Fusion_180927_11-TMT131N	proteomic profiling by mass spectrometry	1	Fusion_180927_11.raw	v1.1.0	NT=ms-proteomics;VV=v1.1.0	NT=human;VV=v1.1.0	NT=clinical-metadata;VV=v1.0.0	NT=oncology-metadata;VV=v1.0.0	manual curation	NT=Data-dependent acquisition;AC=PRIDE:0000627	NT=Orbitrap Fusion;AC=MS:1002416	NT=Trypsin;AC=MS:1001251	TMT131N	7	NT=higher energy beam-type collision-induced dissociation;AC=MS:1000422	5 ppm	0.6 Da	NT=dithiothreitol (DTT);AC=PRIDE:0000608	NT=methyl methanethiosulfonate (MMTS);AC=PRIDE:0000605	NT=Methylthio;AC=UNIMOD:39;TA=C;MT=Fixed	NT=Oxidation;AC=UNIMOD:35;TA=M;MT=Variable	NT=TMT6plex;AC=UNIMOD:737;TA=K;MT=Fixed	NT=TMT6plex;AC=UNIMOD:737;PP=Any N-term;MT=Fixed	tumor tissue
CoT17	Homo sapiens	colon	not available	17	not pooled	study sample	colorectal cancer	tissue	not available	not available	not available	patient-17	tumor tissue	Fusion_180927_12-TMT131N	proteomic profiling by mass spectrometry	1	Fusion_180927_12.raw	v1.1.0	NT=ms-proteomics;VV=v1.1.0	NT=human;VV=v1.1.0	NT=clinical-metadata;VV=v1.0.0	NT=oncology-metadata;VV=v1.0.0	manual curation	NT=Data-dependent acquisition;AC=PRIDE:0000627	NT=Orbitrap Fusion;AC=MS:1002416	NT=Trypsin;AC=MS:1001251	TMT131N	8	NT=higher energy beam-type collision-induced dissociation;AC=MS:1000422	5 ppm	0.6 Da	NT=dithiothreitol (DTT);AC=PRIDE:0000608	NT=methyl methanethiosulfonate (MMTS);AC=PRIDE:0000605	NT=Methylthio;AC=UNIMOD:39;TA=C;MT=Fixed	NT=Oxidation;AC=UNIMOD:35;TA=M;MT=Variable	NT=TMT6plex;AC=UNIMOD:737;TA=K;MT=Fixed	NT=TMT6plex;AC=UNIMOD:737;PP=Any N-term;MT=Fixed	tumor tissue
CoT17	Homo sapiens	colon	not available	17	not pooled	study sample	colorectal cancer	tissue	not available	not available	not available	patient-17	tumor tissue	Fusion_180927_13-TMT131N	proteomic profiling by mass spectrometry	1	Fusion_180927_13.raw	v1.1.0	NT=ms-proteomics;VV=v1.1.0	NT=human;VV=v1.1.0	NT=clinical-metadata;VV=v1.0.0	NT=oncology-metadata;VV=v1.0.0	manual curation	NT=Data-dependent acquisition;AC=PRIDE:0000627	NT=Orbitrap Fusion;AC=MS:1002416	NT=Trypsin;AC=MS:1001251	TMT131N	9	NT=higher energy beam-type collision-induced dissociation;AC=MS:1000422	5 ppm	0.6 Da	NT=dithiothreitol (DTT);AC=PRIDE:0000608	NT=methyl methanethiosulfonate (MMTS);AC=PRIDE:0000605	NT=Methylthio;AC=UNIMOD:39;TA=C;MT=Fixed	NT=Oxidation;AC=UNIMOD:35;TA=M;MT=Variable	NT=TMT6plex;AC=UNIMOD:737;TA=K;MT=Fixed	NT=TMT6plex;AC=UNIMOD:737;PP=Any N-term;MT=Fixed	tumor tissue
CoT17	Homo sapiens	colon	not available	17	not pooled	study sample	colorectal cancer	tissue	not available	not available	not available	patient-17	tumor tissue	Fusion_180927_14-TMT131N	proteomic profiling by mass spectrometry	1	Fusion_180927_14.raw	v1.1.0	NT=ms-proteomics;VV=v1.1.0	NT=human;VV=v1.1.0	NT=clinical-metadata;VV=v1.0.0	NT=oncology-metadata;VV=v1.0.0	manual curation	NT=Data-dependent acquisition;AC=PRIDE:0000627	NT=Orbitrap Fusion;AC=MS:1002416	NT=Trypsin;AC=MS:1001251	TMT131N	10	NT=higher energy beam-type collision-induced dissociation;AC=MS:1000422	5 ppm	0.6 Da	NT=dithiothreitol (DTT);AC=PRIDE:0000608	NT=methyl methanethiosulfonate (MMTS);AC=PRIDE:0000605	NT=Methylthio;AC=UNIMOD:39;TA=C;MT=Fixed	NT=Oxidation;AC=UNIMOD:35;TA=M;MT=Variable	NT=TMT6plex;AC=UNIMOD:737;TA=K;MT=Fixed	NT=TMT6plex;AC=UNIMOD:737;PP=Any N-term;MT=Fixed	tumor tissue
CoT17	Homo sapiens	colon	not available	17	not pooled	study sample	colorectal cancer	tissue	not available	not available	not available	patient-17	tumor tissue	Fusion_180927_19-TMT131N	proteomic profiling by mass spectrometry	1	Fusion_180927_19.raw	v1.1.0	NT=ms-proteomics;VV=v1.1.0	NT=human;VV=v1.1.0	NT=clinical-metadata;VV=v1.0.0	NT=oncology-metadata;VV=v1.0.0	manual curation	NT=Data-dependent acquisition;AC=PRIDE:0000627	NT=Orbitrap Fusion;AC=MS:1002416	NT=Trypsin;AC=MS:1001251	TMT131N	11	NT=higher energy beam-type collision-induced dissociation;AC=MS:1000422	5 ppm	0.6 Da	NT=dithiothreitol (DTT);AC=PRIDE:0000608	NT=methyl methanethiosulfonate (MMTS);AC=PRIDE:0000605	NT=Methylthio;AC=UNIMOD:39;TA=C;MT=Fixed	NT=Oxidation;AC=UNIMOD:35;TA=M;MT=Variable	NT=TMT6plex;AC=UNIMOD:737;TA=K;MT=Fixed	NT=TMT6plex;AC=UNIMOD:737;PP=Any N-term;MT=Fixed	tumor tissue
CoT17	Homo sapiens	colon	not available	17	not pooled	study sample	colorectal cancer	tissue	not available	not available	not available	patient-17	tumor tissue	Fusion_180927_20-TMT131N	proteomic profiling by mass spectrometry	1	Fusion_180927_20.raw	v1.1.0	NT=ms-proteomics;VV=v1.1.0	NT=human;VV=v1.1.0	NT=clinical-metadata;VV=v1.0.0	NT=oncology-metadata;VV=v1.0.0	manual curation	NT=Data-dependent acquisition;AC=PRIDE:0000627	NT=Orbitrap Fusion;AC=MS:1002416	NT=Trypsin;AC=MS:1001251	TMT131N	12	NT=higher energy beam-type collision-induced dissociation;AC=MS:1000422	5 ppm	0.6 Da	NT=dithiothreitol (DTT);AC=PRIDE:0000608	NT=methyl methanethiosulfonate (MMTS);AC=PRIDE:0000605	NT=Methylthio;AC=UNIMOD:39;TA=C;MT=Fixed	NT=Oxidation;AC=UNIMOD:35;TA=M;MT=Variable	NT=TMT6plex;AC=UNIMOD:737;TA=K;MT=Fixed	NT=TMT6plex;AC=UNIMOD:737;PP=Any N-term;MT=Fixed	tumor tissue
CoT17	Homo sapiens	colon	not available	17	not pooled	study sample	colorectal cancer	tissue	not available	not available	not available	patient-17	tumor tissue	Fusion_180927_21-TMT131N	proteomic profiling by mass spectrometry	1	Fusion_180927_21.raw	v1.1.0	NT=ms-proteomics;VV=v1.1.0	NT=human;VV=v1.1.0	NT=clinical-metadata;VV=v1.0.0	NT=oncology-metadata;VV=v1.0.0	manual curation	NT=Data-dependent acquisition;AC=PRIDE:0000627	NT=Orbitrap Fusion;AC=MS:1002416	NT=Trypsin;AC=MS:1001251	TMT131N	13	NT=higher energy beam-type collision-induced dissociation;AC=MS:1000422	5 ppm	0.6 Da	NT=dithiothreitol (DTT);AC=PRIDE:0000608	NT=methyl methanethiosulfonate (MMTS);AC=PRIDE:0000605	NT=Methylthio;AC=UNIMOD:39;TA=C;MT=Fixed	NT=Oxidation;AC=UNIMOD:35;TA=M;MT=Variable	NT=TMT6plex;AC=UNIMOD:737;TA=K;MT=Fixed	NT=TMT6plex;AC=UNIMOD:737;PP=Any N-term;MT=Fixed	tumor tissue
CoT17	Homo sapiens	colon	not available	17	not pooled	study sample	colorectal cancer	tissue	not available	not available	not available	patient-17	tumor tissue	Fusion_180927_22-TMT131N	proteomic profiling by mass spectrometry	1	Fusion_180927_22.raw	v1.1.0	NT=ms-proteomics;VV=v1.1.0	NT=human;VV=v1.1.0	NT=clinical-metadata;VV=v1.0.0	NT=oncology-metadata;VV=v1.0.0	manual curation	NT=Data-dependent acquisition;AC=PRIDE:0000627	NT=Orbitrap Fusion;AC=MS:1002416	NT=Trypsin;AC=MS:1001251	TMT131N	14	NT=higher energy beam-type collision-induced dissociation;AC=MS:1000422	5 ppm	0.6 Da	NT=dithiothreitol (DTT);AC=PRIDE:0000608	NT=methyl methanethiosulfonate (MMTS);AC=PRIDE:0000605	NT=Methylthio;AC=UNIMOD:39;TA=C;MT=Fixed	NT=Oxidation;AC=UNIMOD:35;TA=M;MT=Variable	NT=TMT6plex;AC=UNIMOD:737;TA=K;MT=Fixed	NT=TMT6plex;AC=UNIMOD:737;PP=Any N-term;MT=Fixed	tumor tissue
CoT17	Homo sapiens	colon	not available	17	not pooled	study sample	colorectal cancer	tissue	not available	not available	not available	patient-17	tumor tissue	Fusion_180927_23-TMT131N	proteomic profiling by mass spectrometry	1	Fusion_180927_23.raw	v1.1.0	NT=ms-proteomics;VV=v1.1.0	NT=human;VV=v1.1.0	NT=clinical-metadata;VV=v1.0.0	NT=oncology-metadata;VV=v1.0.0	manual curation	NT=Data-dependent acquisition;AC=PRIDE:0000627	NT=Orbitrap Fusion;AC=MS:1002416	NT=Trypsin;AC=MS:1001251	TMT131N	15	NT=higher energy beam-type collision-induced dissociation;AC=MS:1000422	5 ppm	0.6 Da	NT=dithiothreitol (DTT);AC=PRIDE:0000608	NT=methyl methanethiosulfonate (MMTS);AC=PRIDE:0000605	NT=Methylthio;AC=UNIMOD:39;TA=C;MT=Fixed	NT=Oxidation;AC=UNIMOD:35;TA=M;MT=Variable	NT=TMT6plex;AC=UNIMOD:737;TA=K;MT=Fixed	NT=TMT6plex;AC=UNIMOD:737;PP=Any N-term;MT=Fixed	tumor tissue
CoT17	Homo sapiens	colon	not available	17	not pooled	study sample	colorectal cancer	tissue	not available	not available	not available	patient-17	tumor tissue	Fusion_180927_24-TMT131N	proteomic profiling by mass spectrometry	1	Fusion_180927_24.raw	v1.1.0	NT=ms-proteomics;VV=v1.1.0	NT=human;VV=v1.1.0	NT=clinical-metadata;VV=v1.0.0	NT=oncology-metadata;VV=v1.0.0	manual curation	NT=Data-dependent acquisition;AC=PRIDE:0000627	NT=Orbitrap Fusion;AC=MS:1002416	NT=Trypsin;AC=MS:1001251	TMT131N	16	NT=higher energy beam-type collision-induced dissociation;AC=MS:1000422	5 ppm	0.6 Da	NT=dithiothreitol (DTT);AC=PRIDE:0000608	NT=methyl methanethiosulfonate (MMTS);AC=PRIDE:0000605	NT=Methylthio;AC=UNIMOD:39;TA=C;MT=Fixed	NT=Oxidation;AC=UNIMOD:35;TA=M;MT=Variable	NT=TMT6plex;AC=UNIMOD:737;TA=K;MT=Fixed	NT=TMT6plex;AC=UNIMOD:737;PP=Any N-term;MT=Fixed	tumor tissue
CoT17	Homo sapiens	colon	not available	17	not pooled	study sample	colorectal cancer	tissue	not available	not available	not available	patient-17	tumor tissue	Fusion_180927_25-TMT131N	proteomic profiling by mass spectrometry	1	Fusion_180927_25.raw	v1.1.0	NT=ms-proteomics;VV=v1.1.0	NT=human;VV=v1.1.0	NT=clinical-metadata;VV=v1.0.0	NT=oncology-metadata;VV=v1.0.0	manual curation	NT=Data-dependent acquisition;AC=PRIDE:0000627	NT=Orbitrap Fusion;AC=MS:1002416	NT=Trypsin;AC=MS:1001251	TMT131N	17	NT=higher energy beam-type collision-induced dissociation;AC=MS:1000422	5 ppm	0.6 Da	NT=dithiothreitol (DTT);AC=PRIDE:0000608	NT=methyl methanethiosulfonate (MMTS);AC=PRIDE:0000605	NT=Methylthio;AC=UNIMOD:39;TA=C;MT=Fixed	NT=Oxidation;AC=UNIMOD:35;TA=M;MT=Variable	NT=TMT6plex;AC=UNIMOD:737;TA=K;MT=Fixed	NT=TMT6plex;AC=UNIMOD:737;PP=Any N-term;MT=Fixed	tumor tissue
CoT17	Homo sapiens	colon	not available	17	not pooled	study sample	colorectal cancer	tissue	not available	not available	not available	patient-17	tumor tissue	Fusion_180927_26-TMT131N	proteomic profiling by mass spectrometry	1	Fusion_180927_26.raw	v1.1.0	NT=ms-proteomics;VV=v1.1.0	NT=human;VV=v1.1.0	NT=clinical-metadata;VV=v1.0.0	NT=oncology-metadata;VV=v1.0.0	manual curation	NT=Data-dependent acquisition;AC=PRIDE:0000627	NT=Orbitrap Fusion;AC=MS:1002416	NT=Trypsin;AC=MS:1001251	TMT131N	18	NT=higher energy beam-type collision-induced dissociation;AC=MS:1000422	5 ppm	0.6 Da	NT=dithiothreitol (DTT);AC=PRIDE:0000608	NT=methyl methanethiosulfonate (MMTS);AC=PRIDE:0000605	NT=Methylthio;AC=UNIMOD:39;TA=C;MT=Fixed	NT=Oxidation;AC=UNIMOD:35;TA=M;MT=Variable	NT=TMT6plex;AC=UNIMOD:737;TA=K;MT=Fixed	NT=TMT6plex;AC=UNIMOD:737;PP=Any N-term;MT=Fixed	tumor tissue
CoT17	Homo sapiens	colon	not available	17	not pooled	study sample	colorectal cancer	tissue	not available	not available	not available	patient-17	tumor tissue	Fusion_180927_27-TMT131N	proteomic profiling by mass spectrometry	1	Fusion_180927_27.raw	v1.1.0	NT=ms-proteomics;VV=v1.1.0	NT=human;VV=v1.1.0	NT=clinical-metadata;VV=v1.0.0	NT=oncology-metadata;VV=v1.0.0	manual curation	NT=Data-dependent acquisition;AC=PRIDE:0000627	NT=Orbitrap Fusion;AC=MS:1002416	NT=Trypsin;AC=MS:1001251	TMT131N	19	NT=higher energy beam-type collision-induced dissociation;AC=MS:1000422	5 ppm	0.6 Da	NT=dithiothreitol (DTT);AC=PRIDE:0000608	NT=methyl methanethiosulfonate (MMTS);AC=PRIDE:0000605	NT=Methylthio;AC=UNIMOD:39;TA=C;MT=Fixed	NT=Oxidation;AC=UNIMOD:35;TA=M;MT=Variable	NT=TMT6plex;AC=UNIMOD:737;TA=K;MT=Fixed	NT=TMT6plex;AC=UNIMOD:737;PP=Any N-term;MT=Fixed	tumor tissue
CoT17	Homo sapiens	colon	not available	17	not pooled	study sample	colorectal cancer	tissue	not available	not available	not available	patient-17	tumor tissue	Fusion_180927_28-TMT131N	proteomic profiling by mass spectrometry	1	Fusion_180927_28.raw	v1.1.0	NT=ms-proteomics;VV=v1.1.0	NT=human;VV=v1.1.0	NT=clinical-metadata;VV=v1.0.0	NT=oncology-metadata;VV=v1.0.0	manual curation	NT=Data-dependent acquisition;AC=PRIDE:0000627	NT=Orbitrap Fusion;AC=MS:1002416	NT=Trypsin;AC=MS:1001251	TMT131N	20	NT=higher energy beam-type collision-induced dissociation;AC=MS:1000422	5 ppm	0.6 Da	NT=dithiothreitol (DTT);AC=PRIDE:0000608	NT=methyl methanethiosulfonate (MMTS);AC=PRIDE:0000605	NT=Methylthio;AC=UNIMOD:39;TA=C;MT=Fixed	NT=Oxidation;AC=UNIMOD:35;TA=M;MT=Variable	NT=TMT6plex;AC=UNIMOD:737;TA=K;MT=Fixed	NT=TMT6plex;AC=UNIMOD:737;PP=Any N-term;MT=Fixed	tumor tissue
CoM17	Homo sapiens	colon	not available	17	not pooled	study sample	colorectal cancer	tissue	not available	not available	not available	patient-17	healthy mucosal tissue	Fusion_180927_05-TMT131C	proteomic profiling by mass spectrometry	1	Fusion_180927_05.raw	v1.1.0	NT=ms-proteomics;VV=v1.1.0	NT=human;VV=v1.1.0	NT=clinical-metadata;VV=v1.0.0	NT=oncology-metadata;VV=v1.0.0	manual curation	NT=Data-dependent acquisition;AC=PRIDE:0000627	NT=Orbitrap Fusion;AC=MS:1002416	NT=Trypsin;AC=MS:1001251	TMT131C	1	NT=higher energy beam-type collision-induced dissociation;AC=MS:1000422	5 ppm	0.6 Da	NT=dithiothreitol (DTT);AC=PRIDE:0000608	NT=methyl methanethiosulfonate (MMTS);AC=PRIDE:0000605	NT=Methylthio;AC=UNIMOD:39;TA=C;MT=Fixed	NT=Oxidation;AC=UNIMOD:35;TA=M;MT=Variable	NT=TMT6plex;AC=UNIMOD:737;TA=K;MT=Fixed	NT=TMT6plex;AC=UNIMOD:737;PP=Any N-term;MT=Fixed	healthy mucosal tissue
CoM17	Homo sapiens	colon	not available	17	not pooled	study sample	colorectal cancer	tissue	not available	not available	not available	patient-17	healthy mucosal tissue	Fusion_180927_06-TMT131C	proteomic profiling by mass spectrometry	1	Fusion_180927_06.raw	v1.1.0	NT=ms-proteomics;VV=v1.1.0	NT=human;VV=v1.1.0	NT=clinical-metadata;VV=v1.0.0	NT=oncology-metadata;VV=v1.0.0	manual curation	NT=Data-dependent acquisition;AC=PRIDE:0000627	NT=Orbitrap Fusion;AC=MS:1002416	NT=Trypsin;AC=MS:1001251	TMT131C	2	NT=higher energy beam-type collision-induced dissociation;AC=MS:1000422	5 ppm	0.6 Da	NT=dithiothreitol (DTT);AC=PRIDE:0000608	NT=methyl methanethiosulfonate (MMTS);AC=PRIDE:0000605	NT=Methylthio;AC=UNIMOD:39;TA=C;MT=Fixed	NT=Oxidation;AC=UNIMOD:35;TA=M;MT=Variable	NT=TMT6plex;AC=UNIMOD:737;TA=K;MT=Fixed	NT=TMT6plex;AC=UNIMOD:737;PP=Any N-term;MT=Fixed	healthy mucosal tissue
CoM17	Homo sapiens	colon	not available	17	not pooled	study sample	colorectal cancer	tissue	not available	not available	not available	patient-17	healthy mucosal tissue	Fusion_180927_07-TMT131C	proteomic profiling by mass spectrometry	1	Fusion_180927_07.raw	v1.1.0	NT=ms-proteomics;VV=v1.1.0	NT=human;VV=v1.1.0	NT=clinical-metadata;VV=v1.0.0	NT=oncology-metadata;VV=v1.0.0	manual curation	NT=Data-dependent acquisition;AC=PRIDE:0000627	NT=Orbitrap Fusion;AC=MS:1002416	NT=Trypsin;AC=MS:1001251	TMT131C	3	NT=higher energy beam-type collision-induced dissociation;AC=MS:1000422	5 ppm	0.6 Da	NT=dithiothreitol (DTT);AC=PRIDE:0000608	NT=methyl methanethiosulfonate (MMTS);AC=PRIDE:0000605	NT=Methylthio;AC=UNIMOD:39;TA=C;MT=Fixed	NT=Oxidation;AC=UNIMOD:35;TA=M;MT=Variable	NT=TMT6plex;AC=UNIMOD:737;TA=K;MT=Fixed	NT=TMT6plex;AC=UNIMOD:737;PP=Any N-term;MT=Fixed	healthy mucosal tissue
CoM17	Homo sapiens	colon	not available	17	not pooled	study sample	colorectal cancer	tissue	not available	not available	not available	patient-17	healthy mucosal tissue	Fusion_180927_08-TMT131C	proteomic profiling by mass spectrometry	1	Fusion_180927_08.raw	v1.1.0	NT=ms-proteomics;VV=v1.1.0	NT=human;VV=v1.1.0	NT=clinical-metadata;VV=v1.0.0	NT=oncology-metadata;VV=v1.0.0	manual curation	NT=Data-dependent acquisition;AC=PRIDE:0000627	NT=Orbitrap Fusion;AC=MS:1002416	NT=Trypsin;AC=MS:1001251	TMT131C	4	NT=higher energy beam-type collision-induced dissociation;AC=MS:1000422	5 ppm	0.6 Da	NT=dithiothreitol (DTT);AC=PRIDE:0000608	NT=methyl methanethiosulfonate (MMTS);AC=PRIDE:0000605	NT=Methylthio;AC=UNIMOD:39;TA=C;MT=Fixed	NT=Oxidation;AC=UNIMOD:35;TA=M;MT=Variable	NT=TMT6plex;AC=UNIMOD:737;TA=K;MT=Fixed	NT=TMT6plex;AC=UNIMOD:737;PP=Any N-term;MT=Fixed	healthy mucosal tissue
CoM17	Homo sapiens	colon	not available	17	not pooled	study sample	colorectal cancer	tissue	not available	not available	not available	patient-17	healthy mucosal tissue	Fusion_180927_09-TMT131C	proteomic profiling by mass spectrometry	1	Fusion_180927_09.raw	v1.1.0	NT=ms-proteomics;VV=v1.1.0	NT=human;VV=v1.1.0	NT=clinical-metadata;VV=v1.0.0	NT=oncology-metadata;VV=v1.0.0	manual curation	NT=Data-dependent acquisition;AC=PRIDE:0000627	NT=Orbitrap Fusion;AC=MS:1002416	NT=Trypsin;AC=MS:1001251	TMT131C	5	NT=higher energy beam-type collision-induced dissociation;AC=MS:1000422	5 ppm	0.6 Da	NT=dithiothreitol (DTT);AC=PRIDE:0000608	NT=methyl methanethiosulfonate (MMTS);AC=PRIDE:0000605	NT=Methylthio;AC=UNIMOD:39;TA=C;MT=Fixed	NT=Oxidation;AC=UNIMOD:35;TA=M;MT=Variable	NT=TMT6plex;AC=UNIMOD:737;TA=K;MT=Fixed	NT=TMT6plex;AC=UNIMOD:737;PP=Any N-term;MT=Fixed	healthy mucosal tissue
CoM17	Homo sapiens	colon	not available	17	not pooled	study sample	colorectal cancer	tissue	not available	not available	not available	patient-17	healthy mucosal tissue	Fusion_180927_10-TMT131C	proteomic profiling by mass spectrometry	1	Fusion_180927_10.raw	v1.1.0	NT=ms-proteomics;VV=v1.1.0	NT=human;VV=v1.1.0	NT=clinical-metadata;VV=v1.0.0	NT=oncology-metadata;VV=v1.0.0	manual curation	NT=Data-dependent acquisition;AC=PRIDE:0000627	NT=Orbitrap Fusion;AC=MS:1002416	NT=Trypsin;AC=MS:1001251	TMT131C	6	NT=higher energy beam-type collision-induced dissociation;AC=MS:1000422	5 ppm	0.6 Da	NT=dithiothreitol (DTT);AC=PRIDE:0000608	NT=methyl methanethiosulfonate (MMTS);AC=PRIDE:0000605	NT=Methylthio;AC=UNIMOD:39;TA=C;MT=Fixed	NT=Oxidation;AC=UNIMOD:35;TA=M;MT=Variable	NT=TMT6plex;AC=UNIMOD:737;TA=K;MT=Fixed	NT=TMT6plex;AC=UNIMOD:737;PP=Any N-term;MT=Fixed	healthy mucosal tissue
CoM17	Homo sapiens	colon	not available	17	not pooled	study sample	colorectal cancer	tissue	not available	not available	not available	patient-17	healthy mucosal tissue	Fusion_180927_11-TMT131C	proteomic profiling by mass spectrometry	1	Fusion_180927_11.raw	v1.1.0	NT=ms-proteomics;VV=v1.1.0	NT=human;VV=v1.1.0	NT=clinical-metadata;VV=v1.0.0	NT=oncology-metadata;VV=v1.0.0	manual curation	NT=Data-dependent acquisition;AC=PRIDE:0000627	NT=Orbitrap Fusion;AC=MS:1002416	NT=Trypsin;AC=MS:1001251	TMT131C	7	NT=higher energy beam-type collision-induced dissociation;AC=MS:1000422	5 ppm	0.6 Da	NT=dithiothreitol (DTT);AC=PRIDE:0000608	NT=methyl methanethiosulfonate (MMTS);AC=PRIDE:0000605	NT=Methylthio;AC=UNIMOD:39;TA=C;MT=Fixed	NT=Oxidation;AC=UNIMOD:35;TA=M;MT=Variable	NT=TMT6plex;AC=UNIMOD:737;TA=K;MT=Fixed	NT=TMT6plex;AC=UNIMOD:737;PP=Any N-term;MT=Fixed	healthy mucosal tissue
CoM17	Homo sapiens	colon	not available	17	not pooled	study sample	colorectal cancer	tissue	not available	not available	not available	patient-17	healthy mucosal tissue	Fusion_180927_12-TMT131C	proteomic profiling by mass spectrometry	1	Fusion_180927_12.raw	v1.1.0	NT=ms-proteomics;VV=v1.1.0	NT=human;VV=v1.1.0	NT=clinical-metadata;VV=v1.0.0	NT=oncology-metadata;VV=v1.0.0	manual curation	NT=Data-dependent acquisition;AC=PRIDE:0000627	NT=Orbitrap Fusion;AC=MS:1002416	NT=Trypsin;AC=MS:1001251	TMT131C	8	NT=higher energy beam-type collision-induced dissociation;AC=MS:1000422	5 ppm	0.6 Da	NT=dithiothreitol (DTT);AC=PRIDE:0000608	NT=methyl methanethiosulfonate (MMTS);AC=PRIDE:0000605	NT=Methylthio;AC=UNIMOD:39;TA=C;MT=Fixed	NT=Oxidation;AC=UNIMOD:35;TA=M;MT=Variable	NT=TMT6plex;AC=UNIMOD:737;TA=K;MT=Fixed	NT=TMT6plex;AC=UNIMOD:737;PP=Any N-term;MT=Fixed	healthy mucosal tissue
CoM17	Homo sapiens	colon	not available	17	not pooled	study sample	colorectal cancer	tissue	not available	not available	not available	patient-17	healthy mucosal tissue	Fusion_180927_13-TMT131C	proteomic profiling by mass spectrometry	1	Fusion_180927_13.raw	v1.1.0	NT=ms-proteomics;VV=v1.1.0	NT=human;VV=v1.1.0	NT=clinical-metadata;VV=v1.0.0	NT=oncology-metadata;VV=v1.0.0	manual curation	NT=Data-dependent acquisition;AC=PRIDE:0000627	NT=Orbitrap Fusion;AC=MS:1002416	NT=Trypsin;AC=MS:1001251	TMT131C	9	NT=higher energy beam-type collision-induced dissociation;AC=MS:1000422	5 ppm	0.6 Da	NT=dithiothreitol (DTT);AC=PRIDE:0000608	NT=methyl methanethiosulfonate (MMTS);AC=PRIDE:0000605	NT=Methylthio;AC=UNIMOD:39;TA=C;MT=Fixed	NT=Oxidation;AC=UNIMOD:35;TA=M;MT=Variable	NT=TMT6plex;AC=UNIMOD:737;TA=K;MT=Fixed	NT=TMT6plex;AC=UNIMOD:737;PP=Any N-term;MT=Fixed	healthy mucosal tissue
CoM17	Homo sapiens	colon	not available	17	not pooled	study sample	colorectal cancer	tissue	not available	not available	not available	patient-17	healthy mucosal tissue	Fusion_180927_14-TMT131C	proteomic profiling by mass spectrometry	1	Fusion_180927_14.raw	v1.1.0	NT=ms-proteomics;VV=v1.1.0	NT=human;VV=v1.1.0	NT=clinical-metadata;VV=v1.0.0	NT=oncology-metadata;VV=v1.0.0	manual curation	NT=Data-dependent acquisition;AC=PRIDE:0000627	NT=Orbitrap Fusion;AC=MS:1002416	NT=Trypsin;AC=MS:1001251	TMT131C	10	NT=higher energy beam-type collision-induced dissociation;AC=MS:1000422	5 ppm	0.6 Da	NT=dithiothreitol (DTT);AC=PRIDE:0000608	NT=methyl methanethiosulfonate (MMTS);AC=PRIDE:0000605	NT=Methylthio;AC=UNIMOD:39;TA=C;MT=Fixed	NT=Oxidation;AC=UNIMOD:35;TA=M;MT=Variable	NT=TMT6plex;AC=UNIMOD:737;TA=K;MT=Fixed	NT=TMT6plex;AC=UNIMOD:737;PP=Any N-term;MT=Fixed	healthy mucosal tissue
CoM17	Homo sapiens	colon	not available	17	not pooled	study sample	colorectal cancer	tissue	not available	not available	not available	patient-17	healthy mucosal tissue	Fusion_180927_19-TMT131C	proteomic profiling by mass spectrometry	1	Fusion_180927_19.raw	v1.1.0	NT=ms-proteomics;VV=v1.1.0	NT=human;VV=v1.1.0	NT=clinical-metadata;VV=v1.0.0	NT=oncology-metadata;VV=v1.0.0	manual curation	NT=Data-dependent acquisition;AC=PRIDE:0000627	NT=Orbitrap Fusion;AC=MS:1002416	NT=Trypsin;AC=MS:1001251	TMT131C	11	NT=higher energy beam-type collision-induced dissociation;AC=MS:1000422	5 ppm	0.6 Da	NT=dithiothreitol (DTT);AC=PRIDE:0000608	NT=methyl methanethiosulfonate (MMTS);AC=PRIDE:0000605	NT=Methylthio;AC=UNIMOD:39;TA=C;MT=Fixed	NT=Oxidation;AC=UNIMOD:35;TA=M;MT=Variable	NT=TMT6plex;AC=UNIMOD:737;TA=K;MT=Fixed	NT=TMT6plex;AC=UNIMOD:737;PP=Any N-term;MT=Fixed	healthy mucosal tissue
CoM17	Homo sapiens	colon	not available	17	not pooled	study sample	colorectal cancer	tissue	not available	not available	not available	patient-17	healthy mucosal tissue	Fusion_180927_20-TMT131C	proteomic profiling by mass spectrometry	1	Fusion_180927_20.raw	v1.1.0	NT=ms-proteomics;VV=v1.1.0	NT=human;VV=v1.1.0	NT=clinical-metadata;VV=v1.0.0	NT=oncology-metadata;VV=v1.0.0	manual curation	NT=Data-dependent acquisition;AC=PRIDE:0000627	NT=Orbitrap Fusion;AC=MS:1002416	NT=Trypsin;AC=MS:1001251	TMT131C	12	NT=higher energy beam-type collision-induced dissociation;AC=MS:1000422	5 ppm	0.6 Da	NT=dithiothreitol (DTT);AC=PRIDE:0000608	NT=methyl methanethiosulfonate (MMTS);AC=PRIDE:0000605	NT=Methylthio;AC=UNIMOD:39;TA=C;MT=Fixed	NT=Oxidation;AC=UNIMOD:35;TA=M;MT=Variable	NT=TMT6plex;AC=UNIMOD:737;TA=K;MT=Fixed	NT=TMT6plex;AC=UNIMOD:737;PP=Any N-term;MT=Fixed	healthy mucosal tissue
CoM17	Homo sapiens	colon	not available	17	not pooled	study sample	colorectal cancer	tissue	not available	not available	not available	patient-17	healthy mucosal tissue	Fusion_180927_21-TMT131C	proteomic profiling by mass spectrometry	1	Fusion_180927_21.raw	v1.1.0	NT=ms-proteomics;VV=v1.1.0	NT=human;VV=v1.1.0	NT=clinical-metadata;VV=v1.0.0	NT=oncology-metadata;VV=v1.0.0	manual curation	NT=Data-dependent acquisition;AC=PRIDE:0000627	NT=Orbitrap Fusion;AC=MS:1002416	NT=Trypsin;AC=MS:1001251	TMT131C	13	NT=higher energy beam-type collision-induced dissociation;AC=MS:1000422	5 ppm	0.6 Da	NT=dithiothreitol (DTT);AC=PRIDE:0000608	NT=methyl methanethiosulfonate (MMTS);AC=PRIDE:0000605	NT=Methylthio;AC=UNIMOD:39;TA=C;MT=Fixed	NT=Oxidation;AC=UNIMOD:35;TA=M;MT=Variable	NT=TMT6plex;AC=UNIMOD:737;TA=K;MT=Fixed	NT=TMT6plex;AC=UNIMOD:737;PP=Any N-term;MT=Fixed	healthy mucosal tissue
CoM17	Homo sapiens	colon	not available	17	not pooled	study sample	colorectal cancer	tissue	not available	not available	not available	patient-17	healthy mucosal tissue	Fusion_180927_22-TMT131C	proteomic profiling by mass spectrometry	1	Fusion_180927_22.raw	v1.1.0	NT=ms-proteomics;VV=v1.1.0	NT=human;VV=v1.1.0	NT=clinical-metadata;VV=v1.0.0	NT=oncology-metadata;VV=v1.0.0	manual curation	NT=Data-dependent acquisition;AC=PRIDE:0000627	NT=Orbitrap Fusion;AC=MS:1002416	NT=Trypsin;AC=MS:1001251	TMT131C	14	NT=higher energy beam-type collision-induced dissociation;AC=MS:1000422	5 ppm	0.6 Da	NT=dithiothreitol (DTT);AC=PRIDE:0000608	NT=methyl methanethiosulfonate (MMTS);AC=PRIDE:0000605	NT=Methylthio;AC=UNIMOD:39;TA=C;MT=Fixed	NT=Oxidation;AC=UNIMOD:35;TA=M;MT=Variable	NT=TMT6plex;AC=UNIMOD:737;TA=K;MT=Fixed	NT=TMT6plex;AC=UNIMOD:737;PP=Any N-term;MT=Fixed	healthy mucosal tissue
CoM17	Homo sapiens	colon	not available	17	not pooled	study sample	colorectal cancer	tissue	not available	not available	not available	patient-17	healthy mucosal tissue	Fusion_180927_23-TMT131C	proteomic profiling by mass spectrometry	1	Fusion_180927_23.raw	v1.1.0	NT=ms-proteomics;VV=v1.1.0	NT=human;VV=v1.1.0	NT=clinical-metadata;VV=v1.0.0	NT=oncology-metadata;VV=v1.0.0	manual curation	NT=Data-dependent acquisition;AC=PRIDE:0000627	NT=Orbitrap Fusion;AC=MS:1002416	NT=Trypsin;AC=MS:1001251	TMT131C	15	NT=higher energy beam-type collision-induced dissociation;AC=MS:1000422	5 ppm	0.6 Da	NT=dithiothreitol (DTT);AC=PRIDE:0000608	NT=methyl methanethiosulfonate (MMTS);AC=PRIDE:0000605	NT=Methylthio;AC=UNIMOD:39;TA=C;MT=Fixed	NT=Oxidation;AC=UNIMOD:35;TA=M;MT=Variable	NT=TMT6plex;AC=UNIMOD:737;TA=K;MT=Fixed	NT=TMT6plex;AC=UNIMOD:737;PP=Any N-term;MT=Fixed	healthy mucosal tissue
CoM17	Homo sapiens	colon	not available	17	not pooled	study sample	colorectal cancer	tissue	not available	not available	not available	patient-17	healthy mucosal tissue	Fusion_180927_24-TMT131C	proteomic profiling by mass spectrometry	1	Fusion_180927_24.raw	v1.1.0	NT=ms-proteomics;VV=v1.1.0	NT=human;VV=v1.1.0	NT=clinical-metadata;VV=v1.0.0	NT=oncology-metadata;VV=v1.0.0	manual curation	NT=Data-dependent acquisition;AC=PRIDE:0000627	NT=Orbitrap Fusion;AC=MS:1002416	NT=Trypsin;AC=MS:1001251	TMT131C	16	NT=higher energy beam-type collision-induced dissociation;AC=MS:1000422	5 ppm	0.6 Da	NT=dithiothreitol (DTT);AC=PRIDE:0000608	NT=methyl methanethiosulfonate (MMTS);AC=PRIDE:0000605	NT=Methylthio;AC=UNIMOD:39;TA=C;MT=Fixed	NT=Oxidation;AC=UNIMOD:35;TA=M;MT=Variable	NT=TMT6plex;AC=UNIMOD:737;TA=K;MT=Fixed	NT=TMT6plex;AC=UNIMOD:737;PP=Any N-term;MT=Fixed	healthy mucosal tissue
CoM17	Homo sapiens	colon	not available	17	not pooled	study sample	colorectal cancer	tissue	not available	not available	not available	patient-17	healthy mucosal tissue	Fusion_180927_25-TMT131C	proteomic profiling by mass spectrometry	1	Fusion_180927_25.raw	v1.1.0	NT=ms-proteomics;VV=v1.1.0	NT=human;VV=v1.1.0	NT=clinical-metadata;VV=v1.0.0	NT=oncology-metadata;VV=v1.0.0	manual curation	NT=Data-dependent acquisition;AC=PRIDE:0000627	NT=Orbitrap Fusion;AC=MS:1002416	NT=Trypsin;AC=MS:1001251	TMT131C	17	NT=higher energy beam-type collision-induced dissociation;AC=MS:1000422	5 ppm	0.6 Da	NT=dithiothreitol (DTT);AC=PRIDE:0000608	NT=methyl methanethiosulfonate (MMTS);AC=PRIDE:0000605	NT=Methylthio;AC=UNIMOD:39;TA=C;MT=Fixed	NT=Oxidation;AC=UNIMOD:35;TA=M;MT=Variable	NT=TMT6plex;AC=UNIMOD:737;TA=K;MT=Fixed	NT=TMT6plex;AC=UNIMOD:737;PP=Any N-term;MT=Fixed	healthy mucosal tissue
CoM17	Homo sapiens	colon	not available	17	not pooled	study sample	colorectal cancer	tissue	not available	not available	not available	patient-17	healthy mucosal tissue	Fusion_180927_26-TMT131C	proteomic profiling by mass spectrometry	1	Fusion_180927_26.raw	v1.1.0	NT=ms-proteomics;VV=v1.1.0	NT=human;VV=v1.1.0	NT=clinical-metadata;VV=v1.0.0	NT=oncology-metadata;VV=v1.0.0	manual curation	NT=Data-dependent acquisition;AC=PRIDE:0000627	NT=Orbitrap Fusion;AC=MS:1002416	NT=Trypsin;AC=MS:1001251	TMT131C	18	NT=higher energy beam-type collision-induced dissociation;AC=MS:1000422	5 ppm	0.6 Da	NT=dithiothreitol (DTT);AC=PRIDE:0000608	NT=methyl methanethiosulfonate (MMTS);AC=PRIDE:0000605	NT=Methylthio;AC=UNIMOD:39;TA=C;MT=Fixed	NT=Oxidation;AC=UNIMOD:35;TA=M;MT=Variable	NT=TMT6plex;AC=UNIMOD:737;TA=K;MT=Fixed	NT=TMT6plex;AC=UNIMOD:737;PP=Any N-term;MT=Fixed	healthy mucosal tissue
CoM17	Homo sapiens	colon	not available	17	not pooled	study sample	colorectal cancer	tissue	not available	not available	not available	patient-17	healthy mucosal tissue	Fusion_180927_27-TMT131C	proteomic profiling by mass spectrometry	1	Fusion_180927_27.raw	v1.1.0	NT=ms-proteomics;VV=v1.1.0	NT=human;VV=v1.1.0	NT=clinical-metadata;VV=v1.0.0	NT=oncology-metadata;VV=v1.0.0	manual curation	NT=Data-dependent acquisition;AC=PRIDE:0000627	NT=Orbitrap Fusion;AC=MS:1002416	NT=Trypsin;AC=MS:1001251	TMT131C	19	NT=higher energy beam-type collision-induced dissociation;AC=MS:1000422	5 ppm	0.6 Da	NT=dithiothreitol (DTT);AC=PRIDE:0000608	NT=methyl methanethiosulfonate (MMTS);AC=PRIDE:0000605	NT=Methylthio;AC=UNIMOD:39;TA=C;MT=Fixed	NT=Oxidation;AC=UNIMOD:35;TA=M;MT=Variable	NT=TMT6plex;AC=UNIMOD:737;TA=K;MT=Fixed	NT=TMT6plex;AC=UNIMOD:737;PP=Any N-term;MT=Fixed	healthy mucosal tissue
CoM17	Homo sapiens	colon	not available	17	not pooled	study sample	colorectal cancer	tissue	not available	not available	not available	patient-17	healthy mucosal tissue	Fusion_180927_28-TMT131C	proteomic profiling by mass spectrometry	1	Fusion_180927_28.raw	v1.1.0	NT=ms-proteomics;VV=v1.1.0	NT=human;VV=v1.1.0	NT=clinical-metadata;VV=v1.0.0	NT=oncology-metadata;VV=v1.0.0	manual curation	NT=Data-dependent acquisition;AC=PRIDE:0000627	NT=Orbitrap Fusion;AC=MS:1002416	NT=Trypsin;AC=MS:1001251	TMT131C	20	NT=higher energy beam-type collision-induced dissociation;AC=MS:1000422	5 ppm	0.6 Da	NT=dithiothreitol (DTT);AC=PRIDE:0000608	NT=methyl methanethiosulfonate (MMTS);AC=PRIDE:0000605	NT=Methylthio;AC=UNIMOD:39;TA=C;MT=Fixed	NT=Oxidation;AC=UNIMOD:35;TA=M;MT=Variable	NT=TMT6plex;AC=UNIMOD:737;TA=K;MT=Fixed	NT=TMT6plex;AC=UNIMOD:737;PP=Any N-term;MT=Fixed	healthy mucosal tissue
