source name	characteristics[organism]	characteristics[organism part]	characteristics[cell type]	characteristics[biological replicate]	characteristics[pooled sample]	characteristics[disease]	characteristics[material type]	characteristics[dilution rate]	characteristics[strain]	assay name	technology type	comment[technical replicate]	comment[data file]	comment[sdrf version]	comment[sdrf template]	comment[sdrf annotation tool]	comment[proteomics data acquisition method]	comment[instrument]	comment[cleavage agent details]	comment[label]	comment[fraction identifier]	comment[dissociation method]	comment[precursor mass tolerance]	comment[fragment mass tolerance]	comment[modification parameters]	comment[modification parameters]	comment[modification parameters]	comment[modification parameters]	factor value[dilution rate]	factor value[strain]
reference-pool	Saccharomyces cerevisiae	not applicable	not applicable	pooled	pooled	not applicable	cell	not applicable	CEN.PK 113-7D	Fusion_180705_47-TMT126	proteomic profiling by mass spectrometry	1	Fusion_180705_47.raw	v1.1.0	NT=ms-proteomics;VV=v1.1.0	manual curation	NT=Data-dependent acquisition;AC=PRIDE:0000627	NT=Orbitrap Fusion;AC=MS:1002416	NT=Trypsin;AC=MS:1001251	TMT126	1	NT=higher energy beam-type collision-induced dissociation;AC=MS:1002481	5 ppm	0.6 Da	NT=Methylthio;AC=UNIMOD:39;TA=C;MT=Fixed	NT=Oxidation;AC=UNIMOD:35;TA=M;MT=Variable	NT=TMT6plex;AC=UNIMOD:737;TA=K;MT=Fixed	NT=TMT6plex;AC=UNIMOD:737;PP=Any N-term;MT=Fixed	not applicable	CEN.PK 113-7D
reference-pool	Saccharomyces cerevisiae	not applicable	not applicable	pooled	pooled	not applicable	cell	not applicable	CEN.PK 113-7D	Fusion_180705_48-TMT126	proteomic profiling by mass spectrometry	1	Fusion_180705_48.raw	v1.1.0	NT=ms-proteomics;VV=v1.1.0	manual curation	NT=Data-dependent acquisition;AC=PRIDE:0000627	NT=Orbitrap Fusion;AC=MS:1002416	NT=Trypsin;AC=MS:1001251	TMT126	2	NT=higher energy beam-type collision-induced dissociation;AC=MS:1002481	5 ppm	0.6 Da	NT=Methylthio;AC=UNIMOD:39;TA=C;MT=Fixed	NT=Oxidation;AC=UNIMOD:35;TA=M;MT=Variable	NT=TMT6plex;AC=UNIMOD:737;TA=K;MT=Fixed	NT=TMT6plex;AC=UNIMOD:737;PP=Any N-term;MT=Fixed	not applicable	CEN.PK 113-7D
reference-pool	Saccharomyces cerevisiae	not applicable	not applicable	pooled	pooled	not applicable	cell	not applicable	CEN.PK 113-7D	Fusion_180705_49-TMT126	proteomic profiling by mass spectrometry	1	Fusion_180705_49.raw	v1.1.0	NT=ms-proteomics;VV=v1.1.0	manual curation	NT=Data-dependent acquisition;AC=PRIDE:0000627	NT=Orbitrap Fusion;AC=MS:1002416	NT=Trypsin;AC=MS:1001251	TMT126	3	NT=higher energy beam-type collision-induced dissociation;AC=MS:1002481	5 ppm	0.6 Da	NT=Methylthio;AC=UNIMOD:39;TA=C;MT=Fixed	NT=Oxidation;AC=UNIMOD:35;TA=M;MT=Variable	NT=TMT6plex;AC=UNIMOD:737;TA=K;MT=Fixed	NT=TMT6plex;AC=UNIMOD:737;PP=Any N-term;MT=Fixed	not applicable	CEN.PK 113-7D
reference-pool	Saccharomyces cerevisiae	not applicable	not applicable	pooled	pooled	not applicable	cell	not applicable	CEN.PK 113-7D	Fusion_180705_50-TMT126	proteomic profiling by mass spectrometry	1	Fusion_180705_50.raw	v1.1.0	NT=ms-proteomics;VV=v1.1.0	manual curation	NT=Data-dependent acquisition;AC=PRIDE:0000627	NT=Orbitrap Fusion;AC=MS:1002416	NT=Trypsin;AC=MS:1001251	TMT126	4	NT=higher energy beam-type collision-induced dissociation;AC=MS:1002481	5 ppm	0.6 Da	NT=Methylthio;AC=UNIMOD:39;TA=C;MT=Fixed	NT=Oxidation;AC=UNIMOD:35;TA=M;MT=Variable	NT=TMT6plex;AC=UNIMOD:737;TA=K;MT=Fixed	NT=TMT6plex;AC=UNIMOD:737;PP=Any N-term;MT=Fixed	not applicable	CEN.PK 113-7D
reference-pool	Saccharomyces cerevisiae	not applicable	not applicable	pooled	pooled	not applicable	cell	not applicable	CEN.PK 113-7D	Fusion_180705_51-TMT126	proteomic profiling by mass spectrometry	1	Fusion_180705_51.raw	v1.1.0	NT=ms-proteomics;VV=v1.1.0	manual curation	NT=Data-dependent acquisition;AC=PRIDE:0000627	NT=Orbitrap Fusion;AC=MS:1002416	NT=Trypsin;AC=MS:1001251	TMT126	5	NT=higher energy beam-type collision-induced dissociation;AC=MS:1002481	5 ppm	0.6 Da	NT=Methylthio;AC=UNIMOD:39;TA=C;MT=Fixed	NT=Oxidation;AC=UNIMOD:35;TA=M;MT=Variable	NT=TMT6plex;AC=UNIMOD:737;TA=K;MT=Fixed	NT=TMT6plex;AC=UNIMOD:737;PP=Any N-term;MT=Fixed	not applicable	CEN.PK 113-7D
reference-pool	Saccharomyces cerevisiae	not applicable	not applicable	pooled	pooled	not applicable	cell	not applicable	CEN.PK 113-7D	Fusion_180705_52-TMT126	proteomic profiling by mass spectrometry	1	Fusion_180705_52.raw	v1.1.0	NT=ms-proteomics;VV=v1.1.0	manual curation	NT=Data-dependent acquisition;AC=PRIDE:0000627	NT=Orbitrap Fusion;AC=MS:1002416	NT=Trypsin;AC=MS:1001251	TMT126	6	NT=higher energy beam-type collision-induced dissociation;AC=MS:1002481	5 ppm	0.6 Da	NT=Methylthio;AC=UNIMOD:39;TA=C;MT=Fixed	NT=Oxidation;AC=UNIMOD:35;TA=M;MT=Variable	NT=TMT6plex;AC=UNIMOD:737;TA=K;MT=Fixed	NT=TMT6plex;AC=UNIMOD:737;PP=Any N-term;MT=Fixed	not applicable	CEN.PK 113-7D
reference-pool	Saccharomyces cerevisiae	not applicable	not applicable	pooled	pooled	not applicable	cell	not applicable	CEN.PK 113-7D	Fusion_180705_53-TMT126	proteomic profiling by mass spectrometry	1	Fusion_180705_53.raw	v1.1.0	NT=ms-proteomics;VV=v1.1.0	manual curation	NT=Data-dependent acquisition;AC=PRIDE:0000627	NT=Orbitrap Fusion;AC=MS:1002416	NT=Trypsin;AC=MS:1001251	TMT126	7	NT=higher energy beam-type collision-induced dissociation;AC=MS:1002481	5 ppm	0.6 Da	NT=Methylthio;AC=UNIMOD:39;TA=C;MT=Fixed	NT=Oxidation;AC=UNIMOD:35;TA=M;MT=Variable	NT=TMT6plex;AC=UNIMOD:737;TA=K;MT=Fixed	NT=TMT6plex;AC=UNIMOD:737;PP=Any N-term;MT=Fixed	not applicable	CEN.PK 113-7D
reference-pool	Saccharomyces cerevisiae	not applicable	not applicable	pooled	pooled	not applicable	cell	not applicable	CEN.PK 113-7D	Fusion_180705_54-TMT126	proteomic profiling by mass spectrometry	1	Fusion_180705_54.raw	v1.1.0	NT=ms-proteomics;VV=v1.1.0	manual curation	NT=Data-dependent acquisition;AC=PRIDE:0000627	NT=Orbitrap Fusion;AC=MS:1002416	NT=Trypsin;AC=MS:1001251	TMT126	8	NT=higher energy beam-type collision-induced dissociation;AC=MS:1002481	5 ppm	0.6 Da	NT=Methylthio;AC=UNIMOD:39;TA=C;MT=Fixed	NT=Oxidation;AC=UNIMOD:35;TA=M;MT=Variable	NT=TMT6plex;AC=UNIMOD:737;TA=K;MT=Fixed	NT=TMT6plex;AC=UNIMOD:737;PP=Any N-term;MT=Fixed	not applicable	CEN.PK 113-7D
reference-pool	Saccharomyces cerevisiae	not applicable	not applicable	pooled	pooled	not applicable	cell	not applicable	CEN.PK 113-7D	Fusion_180705_55-TMT126	proteomic profiling by mass spectrometry	1	Fusion_180705_55.raw	v1.1.0	NT=ms-proteomics;VV=v1.1.0	manual curation	NT=Data-dependent acquisition;AC=PRIDE:0000627	NT=Orbitrap Fusion;AC=MS:1002416	NT=Trypsin;AC=MS:1001251	TMT126	9	NT=higher energy beam-type collision-induced dissociation;AC=MS:1002481	5 ppm	0.6 Da	NT=Methylthio;AC=UNIMOD:39;TA=C;MT=Fixed	NT=Oxidation;AC=UNIMOD:35;TA=M;MT=Variable	NT=TMT6plex;AC=UNIMOD:737;TA=K;MT=Fixed	NT=TMT6plex;AC=UNIMOD:737;PP=Any N-term;MT=Fixed	not applicable	CEN.PK 113-7D
reference-pool	Saccharomyces cerevisiae	not applicable	not applicable	pooled	pooled	not applicable	cell	not applicable	CEN.PK 113-7D	Fusion_180705_56-TMT126	proteomic profiling by mass spectrometry	1	Fusion_180705_56.raw	v1.1.0	NT=ms-proteomics;VV=v1.1.0	manual curation	NT=Data-dependent acquisition;AC=PRIDE:0000627	NT=Orbitrap Fusion;AC=MS:1002416	NT=Trypsin;AC=MS:1001251	TMT126	10	NT=higher energy beam-type collision-induced dissociation;AC=MS:1002481	5 ppm	0.6 Da	NT=Methylthio;AC=UNIMOD:39;TA=C;MT=Fixed	NT=Oxidation;AC=UNIMOD:35;TA=M;MT=Variable	NT=TMT6plex;AC=UNIMOD:737;TA=K;MT=Fixed	NT=TMT6plex;AC=UNIMOD:737;PP=Any N-term;MT=Fixed	not applicable	CEN.PK 113-7D
reference-pool	Saccharomyces cerevisiae	not applicable	not applicable	pooled	pooled	not applicable	cell	not applicable	CEN.PK 113-7D	Fusion_180705_57-TMT126	proteomic profiling by mass spectrometry	1	Fusion_180705_57.raw	v1.1.0	NT=ms-proteomics;VV=v1.1.0	manual curation	NT=Data-dependent acquisition;AC=PRIDE:0000627	NT=Orbitrap Fusion;AC=MS:1002416	NT=Trypsin;AC=MS:1001251	TMT126	11	NT=higher energy beam-type collision-induced dissociation;AC=MS:1002481	5 ppm	0.6 Da	NT=Methylthio;AC=UNIMOD:39;TA=C;MT=Fixed	NT=Oxidation;AC=UNIMOD:35;TA=M;MT=Variable	NT=TMT6plex;AC=UNIMOD:737;TA=K;MT=Fixed	NT=TMT6plex;AC=UNIMOD:737;PP=Any N-term;MT=Fixed	not applicable	CEN.PK 113-7D
reference-pool	Saccharomyces cerevisiae	not applicable	not applicable	pooled	pooled	not applicable	cell	not applicable	CEN.PK 113-7D	Fusion_180705_58-TMT126	proteomic profiling by mass spectrometry	1	Fusion_180705_58.raw	v1.1.0	NT=ms-proteomics;VV=v1.1.0	manual curation	NT=Data-dependent acquisition;AC=PRIDE:0000627	NT=Orbitrap Fusion;AC=MS:1002416	NT=Trypsin;AC=MS:1001251	TMT126	12	NT=higher energy beam-type collision-induced dissociation;AC=MS:1002481	5 ppm	0.6 Da	NT=Methylthio;AC=UNIMOD:39;TA=C;MT=Fixed	NT=Oxidation;AC=UNIMOD:35;TA=M;MT=Variable	NT=TMT6plex;AC=UNIMOD:737;TA=K;MT=Fixed	NT=TMT6plex;AC=UNIMOD:737;PP=Any N-term;MT=Fixed	not applicable	CEN.PK 113-7D
reference-pool	Saccharomyces cerevisiae	not applicable	not applicable	pooled	pooled	not applicable	cell	not applicable	CEN.PK 113-7D	Fusion_180705_59-TMT126	proteomic profiling by mass spectrometry	1	Fusion_180705_59.raw	v1.1.0	NT=ms-proteomics;VV=v1.1.0	manual curation	NT=Data-dependent acquisition;AC=PRIDE:0000627	NT=Orbitrap Fusion;AC=MS:1002416	NT=Trypsin;AC=MS:1001251	TMT126	13	NT=higher energy beam-type collision-induced dissociation;AC=MS:1002481	5 ppm	0.6 Da	NT=Methylthio;AC=UNIMOD:39;TA=C;MT=Fixed	NT=Oxidation;AC=UNIMOD:35;TA=M;MT=Variable	NT=TMT6plex;AC=UNIMOD:737;TA=K;MT=Fixed	NT=TMT6plex;AC=UNIMOD:737;PP=Any N-term;MT=Fixed	not applicable	CEN.PK 113-7D
reference-pool	Saccharomyces cerevisiae	not applicable	not applicable	pooled	pooled	not applicable	cell	not applicable	CEN.PK 113-7D	Fusion_180705_60-TMT126	proteomic profiling by mass spectrometry	1	Fusion_180705_60.raw	v1.1.0	NT=ms-proteomics;VV=v1.1.0	manual curation	NT=Data-dependent acquisition;AC=PRIDE:0000627	NT=Orbitrap Fusion;AC=MS:1002416	NT=Trypsin;AC=MS:1001251	TMT126	14	NT=higher energy beam-type collision-induced dissociation;AC=MS:1002481	5 ppm	0.6 Da	NT=Methylthio;AC=UNIMOD:39;TA=C;MT=Fixed	NT=Oxidation;AC=UNIMOD:35;TA=M;MT=Variable	NT=TMT6plex;AC=UNIMOD:737;TA=K;MT=Fixed	NT=TMT6plex;AC=UNIMOD:737;PP=Any N-term;MT=Fixed	not applicable	CEN.PK 113-7D
reference-pool	Saccharomyces cerevisiae	not applicable	not applicable	pooled	pooled	not applicable	cell	not applicable	CEN.PK 113-7D	Fusion_180705_61-TMT126	proteomic profiling by mass spectrometry	1	Fusion_180705_61.raw	v1.1.0	NT=ms-proteomics;VV=v1.1.0	manual curation	NT=Data-dependent acquisition;AC=PRIDE:0000627	NT=Orbitrap Fusion;AC=MS:1002416	NT=Trypsin;AC=MS:1001251	TMT126	15	NT=higher energy beam-type collision-induced dissociation;AC=MS:1002481	5 ppm	0.6 Da	NT=Methylthio;AC=UNIMOD:39;TA=C;MT=Fixed	NT=Oxidation;AC=UNIMOD:35;TA=M;MT=Variable	NT=TMT6plex;AC=UNIMOD:737;TA=K;MT=Fixed	NT=TMT6plex;AC=UNIMOD:737;PP=Any N-term;MT=Fixed	not applicable	CEN.PK 113-7D
reference-pool	Saccharomyces cerevisiae	not applicable	not applicable	pooled	pooled	not applicable	cell	not applicable	CEN.PK 113-7D	Fusion_180705_62-TMT126	proteomic profiling by mass spectrometry	1	Fusion_180705_62.raw	v1.1.0	NT=ms-proteomics;VV=v1.1.0	manual curation	NT=Data-dependent acquisition;AC=PRIDE:0000627	NT=Orbitrap Fusion;AC=MS:1002416	NT=Trypsin;AC=MS:1001251	TMT126	16	NT=higher energy beam-type collision-induced dissociation;AC=MS:1002481	5 ppm	0.6 Da	NT=Methylthio;AC=UNIMOD:39;TA=C;MT=Fixed	NT=Oxidation;AC=UNIMOD:35;TA=M;MT=Variable	NT=TMT6plex;AC=UNIMOD:737;TA=K;MT=Fixed	NT=TMT6plex;AC=UNIMOD:737;PP=Any N-term;MT=Fixed	not applicable	CEN.PK 113-7D
reference-pool	Saccharomyces cerevisiae	not applicable	not applicable	pooled	pooled	not applicable	cell	not applicable	CEN.PK 113-7D	Fusion_180705_63-TMT126	proteomic profiling by mass spectrometry	1	Fusion_180705_63.raw	v1.1.0	NT=ms-proteomics;VV=v1.1.0	manual curation	NT=Data-dependent acquisition;AC=PRIDE:0000627	NT=Orbitrap Fusion;AC=MS:1002416	NT=Trypsin;AC=MS:1001251	TMT126	17	NT=higher energy beam-type collision-induced dissociation;AC=MS:1002481	5 ppm	0.6 Da	NT=Methylthio;AC=UNIMOD:39;TA=C;MT=Fixed	NT=Oxidation;AC=UNIMOD:35;TA=M;MT=Variable	NT=TMT6plex;AC=UNIMOD:737;TA=K;MT=Fixed	NT=TMT6plex;AC=UNIMOD:737;PP=Any N-term;MT=Fixed	not applicable	CEN.PK 113-7D
reference-pool	Saccharomyces cerevisiae	not applicable	not applicable	pooled	pooled	not applicable	cell	not applicable	CEN.PK 113-7D	Fusion_180705_64-TMT126	proteomic profiling by mass spectrometry	1	Fusion_180705_64.raw	v1.1.0	NT=ms-proteomics;VV=v1.1.0	manual curation	NT=Data-dependent acquisition;AC=PRIDE:0000627	NT=Orbitrap Fusion;AC=MS:1002416	NT=Trypsin;AC=MS:1001251	TMT126	18	NT=higher energy beam-type collision-induced dissociation;AC=MS:1002481	5 ppm	0.6 Da	NT=Methylthio;AC=UNIMOD:39;TA=C;MT=Fixed	NT=Oxidation;AC=UNIMOD:35;TA=M;MT=Variable	NT=TMT6plex;AC=UNIMOD:737;TA=K;MT=Fixed	NT=TMT6plex;AC=UNIMOD:737;PP=Any N-term;MT=Fixed	not applicable	CEN.PK 113-7D
reference-pool	Saccharomyces cerevisiae	not applicable	not applicable	pooled	pooled	not applicable	cell	not applicable	CEN.PK 113-7D	Fusion_180705_65-TMT126	proteomic profiling by mass spectrometry	1	Fusion_180705_65.raw	v1.1.0	NT=ms-proteomics;VV=v1.1.0	manual curation	NT=Data-dependent acquisition;AC=PRIDE:0000627	NT=Orbitrap Fusion;AC=MS:1002416	NT=Trypsin;AC=MS:1001251	TMT126	19	NT=higher energy beam-type collision-induced dissociation;AC=MS:1002481	5 ppm	0.6 Da	NT=Methylthio;AC=UNIMOD:39;TA=C;MT=Fixed	NT=Oxidation;AC=UNIMOD:35;TA=M;MT=Variable	NT=TMT6plex;AC=UNIMOD:737;TA=K;MT=Fixed	NT=TMT6plex;AC=UNIMOD:737;PP=Any N-term;MT=Fixed	not applicable	CEN.PK 113-7D
reference-pool	Saccharomyces cerevisiae	not applicable	not applicable	pooled	pooled	not applicable	cell	not applicable	CEN.PK 113-7D	Fusion_180705_66-TMT126	proteomic profiling by mass spectrometry	1	Fusion_180705_66.raw	v1.1.0	NT=ms-proteomics;VV=v1.1.0	manual curation	NT=Data-dependent acquisition;AC=PRIDE:0000627	NT=Orbitrap Fusion;AC=MS:1002416	NT=Trypsin;AC=MS:1001251	TMT126	20	NT=higher energy beam-type collision-induced dissociation;AC=MS:1002481	5 ppm	0.6 Da	NT=Methylthio;AC=UNIMOD:39;TA=C;MT=Fixed	NT=Oxidation;AC=UNIMOD:35;TA=M;MT=Variable	NT=TMT6plex;AC=UNIMOD:737;TA=K;MT=Fixed	NT=TMT6plex;AC=UNIMOD:737;PP=Any N-term;MT=Fixed	not applicable	CEN.PK 113-7D
AAC-rate0.2-rep2	Saccharomyces cerevisiae	not applicable	not applicable	2	not pooled	not applicable	cell	0.2 /h	AAC	Fusion_180705_47-TMT127C	proteomic profiling by mass spectrometry	1	Fusion_180705_47.raw	v1.1.0	NT=ms-proteomics;VV=v1.1.0	manual curation	NT=Data-dependent acquisition;AC=PRIDE:0000627	NT=Orbitrap Fusion;AC=MS:1002416	NT=Trypsin;AC=MS:1001251	TMT127C	1	NT=higher energy beam-type collision-induced dissociation;AC=MS:1002481	5 ppm	0.6 Da	NT=Methylthio;AC=UNIMOD:39;TA=C;MT=Fixed	NT=Oxidation;AC=UNIMOD:35;TA=M;MT=Variable	NT=TMT6plex;AC=UNIMOD:737;TA=K;MT=Fixed	NT=TMT6plex;AC=UNIMOD:737;PP=Any N-term;MT=Fixed	0.2 /h	AAC
AAC-rate0.2-rep2	Saccharomyces cerevisiae	not applicable	not applicable	2	not pooled	not applicable	cell	0.2 /h	AAC	Fusion_180705_48-TMT127C	proteomic profiling by mass spectrometry	1	Fusion_180705_48.raw	v1.1.0	NT=ms-proteomics;VV=v1.1.0	manual curation	NT=Data-dependent acquisition;AC=PRIDE:0000627	NT=Orbitrap Fusion;AC=MS:1002416	NT=Trypsin;AC=MS:1001251	TMT127C	2	NT=higher energy beam-type collision-induced dissociation;AC=MS:1002481	5 ppm	0.6 Da	NT=Methylthio;AC=UNIMOD:39;TA=C;MT=Fixed	NT=Oxidation;AC=UNIMOD:35;TA=M;MT=Variable	NT=TMT6plex;AC=UNIMOD:737;TA=K;MT=Fixed	NT=TMT6plex;AC=UNIMOD:737;PP=Any N-term;MT=Fixed	0.2 /h	AAC
AAC-rate0.2-rep2	Saccharomyces cerevisiae	not applicable	not applicable	2	not pooled	not applicable	cell	0.2 /h	AAC	Fusion_180705_49-TMT127C	proteomic profiling by mass spectrometry	1	Fusion_180705_49.raw	v1.1.0	NT=ms-proteomics;VV=v1.1.0	manual curation	NT=Data-dependent acquisition;AC=PRIDE:0000627	NT=Orbitrap Fusion;AC=MS:1002416	NT=Trypsin;AC=MS:1001251	TMT127C	3	NT=higher energy beam-type collision-induced dissociation;AC=MS:1002481	5 ppm	0.6 Da	NT=Methylthio;AC=UNIMOD:39;TA=C;MT=Fixed	NT=Oxidation;AC=UNIMOD:35;TA=M;MT=Variable	NT=TMT6plex;AC=UNIMOD:737;TA=K;MT=Fixed	NT=TMT6plex;AC=UNIMOD:737;PP=Any N-term;MT=Fixed	0.2 /h	AAC
AAC-rate0.2-rep2	Saccharomyces cerevisiae	not applicable	not applicable	2	not pooled	not applicable	cell	0.2 /h	AAC	Fusion_180705_50-TMT127C	proteomic profiling by mass spectrometry	1	Fusion_180705_50.raw	v1.1.0	NT=ms-proteomics;VV=v1.1.0	manual curation	NT=Data-dependent acquisition;AC=PRIDE:0000627	NT=Orbitrap Fusion;AC=MS:1002416	NT=Trypsin;AC=MS:1001251	TMT127C	4	NT=higher energy beam-type collision-induced dissociation;AC=MS:1002481	5 ppm	0.6 Da	NT=Methylthio;AC=UNIMOD:39;TA=C;MT=Fixed	NT=Oxidation;AC=UNIMOD:35;TA=M;MT=Variable	NT=TMT6plex;AC=UNIMOD:737;TA=K;MT=Fixed	NT=TMT6plex;AC=UNIMOD:737;PP=Any N-term;MT=Fixed	0.2 /h	AAC
AAC-rate0.2-rep2	Saccharomyces cerevisiae	not applicable	not applicable	2	not pooled	not applicable	cell	0.2 /h	AAC	Fusion_180705_51-TMT127C	proteomic profiling by mass spectrometry	1	Fusion_180705_51.raw	v1.1.0	NT=ms-proteomics;VV=v1.1.0	manual curation	NT=Data-dependent acquisition;AC=PRIDE:0000627	NT=Orbitrap Fusion;AC=MS:1002416	NT=Trypsin;AC=MS:1001251	TMT127C	5	NT=higher energy beam-type collision-induced dissociation;AC=MS:1002481	5 ppm	0.6 Da	NT=Methylthio;AC=UNIMOD:39;TA=C;MT=Fixed	NT=Oxidation;AC=UNIMOD:35;TA=M;MT=Variable	NT=TMT6plex;AC=UNIMOD:737;TA=K;MT=Fixed	NT=TMT6plex;AC=UNIMOD:737;PP=Any N-term;MT=Fixed	0.2 /h	AAC
AAC-rate0.2-rep2	Saccharomyces cerevisiae	not applicable	not applicable	2	not pooled	not applicable	cell	0.2 /h	AAC	Fusion_180705_52-TMT127C	proteomic profiling by mass spectrometry	1	Fusion_180705_52.raw	v1.1.0	NT=ms-proteomics;VV=v1.1.0	manual curation	NT=Data-dependent acquisition;AC=PRIDE:0000627	NT=Orbitrap Fusion;AC=MS:1002416	NT=Trypsin;AC=MS:1001251	TMT127C	6	NT=higher energy beam-type collision-induced dissociation;AC=MS:1002481	5 ppm	0.6 Da	NT=Methylthio;AC=UNIMOD:39;TA=C;MT=Fixed	NT=Oxidation;AC=UNIMOD:35;TA=M;MT=Variable	NT=TMT6plex;AC=UNIMOD:737;TA=K;MT=Fixed	NT=TMT6plex;AC=UNIMOD:737;PP=Any N-term;MT=Fixed	0.2 /h	AAC
AAC-rate0.2-rep2	Saccharomyces cerevisiae	not applicable	not applicable	2	not pooled	not applicable	cell	0.2 /h	AAC	Fusion_180705_53-TMT127C	proteomic profiling by mass spectrometry	1	Fusion_180705_53.raw	v1.1.0	NT=ms-proteomics;VV=v1.1.0	manual curation	NT=Data-dependent acquisition;AC=PRIDE:0000627	NT=Orbitrap Fusion;AC=MS:1002416	NT=Trypsin;AC=MS:1001251	TMT127C	7	NT=higher energy beam-type collision-induced dissociation;AC=MS:1002481	5 ppm	0.6 Da	NT=Methylthio;AC=UNIMOD:39;TA=C;MT=Fixed	NT=Oxidation;AC=UNIMOD:35;TA=M;MT=Variable	NT=TMT6plex;AC=UNIMOD:737;TA=K;MT=Fixed	NT=TMT6plex;AC=UNIMOD:737;PP=Any N-term;MT=Fixed	0.2 /h	AAC
AAC-rate0.2-rep2	Saccharomyces cerevisiae	not applicable	not applicable	2	not pooled	not applicable	cell	0.2 /h	AAC	Fusion_180705_54-TMT127C	proteomic profiling by mass spectrometry	1	Fusion_180705_54.raw	v1.1.0	NT=ms-proteomics;VV=v1.1.0	manual curation	NT=Data-dependent acquisition;AC=PRIDE:0000627	NT=Orbitrap Fusion;AC=MS:1002416	NT=Trypsin;AC=MS:1001251	TMT127C	8	NT=higher energy beam-type collision-induced dissociation;AC=MS:1002481	5 ppm	0.6 Da	NT=Methylthio;AC=UNIMOD:39;TA=C;MT=Fixed	NT=Oxidation;AC=UNIMOD:35;TA=M;MT=Variable	NT=TMT6plex;AC=UNIMOD:737;TA=K;MT=Fixed	NT=TMT6plex;AC=UNIMOD:737;PP=Any N-term;MT=Fixed	0.2 /h	AAC
AAC-rate0.2-rep2	Saccharomyces cerevisiae	not applicable	not applicable	2	not pooled	not applicable	cell	0.2 /h	AAC	Fusion_180705_55-TMT127C	proteomic profiling by mass spectrometry	1	Fusion_180705_55.raw	v1.1.0	NT=ms-proteomics;VV=v1.1.0	manual curation	NT=Data-dependent acquisition;AC=PRIDE:0000627	NT=Orbitrap Fusion;AC=MS:1002416	NT=Trypsin;AC=MS:1001251	TMT127C	9	NT=higher energy beam-type collision-induced dissociation;AC=MS:1002481	5 ppm	0.6 Da	NT=Methylthio;AC=UNIMOD:39;TA=C;MT=Fixed	NT=Oxidation;AC=UNIMOD:35;TA=M;MT=Variable	NT=TMT6plex;AC=UNIMOD:737;TA=K;MT=Fixed	NT=TMT6plex;AC=UNIMOD:737;PP=Any N-term;MT=Fixed	0.2 /h	AAC
AAC-rate0.2-rep2	Saccharomyces cerevisiae	not applicable	not applicable	2	not pooled	not applicable	cell	0.2 /h	AAC	Fusion_180705_56-TMT127C	proteomic profiling by mass spectrometry	1	Fusion_180705_56.raw	v1.1.0	NT=ms-proteomics;VV=v1.1.0	manual curation	NT=Data-dependent acquisition;AC=PRIDE:0000627	NT=Orbitrap Fusion;AC=MS:1002416	NT=Trypsin;AC=MS:1001251	TMT127C	10	NT=higher energy beam-type collision-induced dissociation;AC=MS:1002481	5 ppm	0.6 Da	NT=Methylthio;AC=UNIMOD:39;TA=C;MT=Fixed	NT=Oxidation;AC=UNIMOD:35;TA=M;MT=Variable	NT=TMT6plex;AC=UNIMOD:737;TA=K;MT=Fixed	NT=TMT6plex;AC=UNIMOD:737;PP=Any N-term;MT=Fixed	0.2 /h	AAC
AAC-rate0.2-rep2	Saccharomyces cerevisiae	not applicable	not applicable	2	not pooled	not applicable	cell	0.2 /h	AAC	Fusion_180705_57-TMT127C	proteomic profiling by mass spectrometry	1	Fusion_180705_57.raw	v1.1.0	NT=ms-proteomics;VV=v1.1.0	manual curation	NT=Data-dependent acquisition;AC=PRIDE:0000627	NT=Orbitrap Fusion;AC=MS:1002416	NT=Trypsin;AC=MS:1001251	TMT127C	11	NT=higher energy beam-type collision-induced dissociation;AC=MS:1002481	5 ppm	0.6 Da	NT=Methylthio;AC=UNIMOD:39;TA=C;MT=Fixed	NT=Oxidation;AC=UNIMOD:35;TA=M;MT=Variable	NT=TMT6plex;AC=UNIMOD:737;TA=K;MT=Fixed	NT=TMT6plex;AC=UNIMOD:737;PP=Any N-term;MT=Fixed	0.2 /h	AAC
AAC-rate0.2-rep2	Saccharomyces cerevisiae	not applicable	not applicable	2	not pooled	not applicable	cell	0.2 /h	AAC	Fusion_180705_58-TMT127C	proteomic profiling by mass spectrometry	1	Fusion_180705_58.raw	v1.1.0	NT=ms-proteomics;VV=v1.1.0	manual curation	NT=Data-dependent acquisition;AC=PRIDE:0000627	NT=Orbitrap Fusion;AC=MS:1002416	NT=Trypsin;AC=MS:1001251	TMT127C	12	NT=higher energy beam-type collision-induced dissociation;AC=MS:1002481	5 ppm	0.6 Da	NT=Methylthio;AC=UNIMOD:39;TA=C;MT=Fixed	NT=Oxidation;AC=UNIMOD:35;TA=M;MT=Variable	NT=TMT6plex;AC=UNIMOD:737;TA=K;MT=Fixed	NT=TMT6plex;AC=UNIMOD:737;PP=Any N-term;MT=Fixed	0.2 /h	AAC
AAC-rate0.2-rep2	Saccharomyces cerevisiae	not applicable	not applicable	2	not pooled	not applicable	cell	0.2 /h	AAC	Fusion_180705_59-TMT127C	proteomic profiling by mass spectrometry	1	Fusion_180705_59.raw	v1.1.0	NT=ms-proteomics;VV=v1.1.0	manual curation	NT=Data-dependent acquisition;AC=PRIDE:0000627	NT=Orbitrap Fusion;AC=MS:1002416	NT=Trypsin;AC=MS:1001251	TMT127C	13	NT=higher energy beam-type collision-induced dissociation;AC=MS:1002481	5 ppm	0.6 Da	NT=Methylthio;AC=UNIMOD:39;TA=C;MT=Fixed	NT=Oxidation;AC=UNIMOD:35;TA=M;MT=Variable	NT=TMT6plex;AC=UNIMOD:737;TA=K;MT=Fixed	NT=TMT6plex;AC=UNIMOD:737;PP=Any N-term;MT=Fixed	0.2 /h	AAC
AAC-rate0.2-rep2	Saccharomyces cerevisiae	not applicable	not applicable	2	not pooled	not applicable	cell	0.2 /h	AAC	Fusion_180705_60-TMT127C	proteomic profiling by mass spectrometry	1	Fusion_180705_60.raw	v1.1.0	NT=ms-proteomics;VV=v1.1.0	manual curation	NT=Data-dependent acquisition;AC=PRIDE:0000627	NT=Orbitrap Fusion;AC=MS:1002416	NT=Trypsin;AC=MS:1001251	TMT127C	14	NT=higher energy beam-type collision-induced dissociation;AC=MS:1002481	5 ppm	0.6 Da	NT=Methylthio;AC=UNIMOD:39;TA=C;MT=Fixed	NT=Oxidation;AC=UNIMOD:35;TA=M;MT=Variable	NT=TMT6plex;AC=UNIMOD:737;TA=K;MT=Fixed	NT=TMT6plex;AC=UNIMOD:737;PP=Any N-term;MT=Fixed	0.2 /h	AAC
AAC-rate0.2-rep2	Saccharomyces cerevisiae	not applicable	not applicable	2	not pooled	not applicable	cell	0.2 /h	AAC	Fusion_180705_61-TMT127C	proteomic profiling by mass spectrometry	1	Fusion_180705_61.raw	v1.1.0	NT=ms-proteomics;VV=v1.1.0	manual curation	NT=Data-dependent acquisition;AC=PRIDE:0000627	NT=Orbitrap Fusion;AC=MS:1002416	NT=Trypsin;AC=MS:1001251	TMT127C	15	NT=higher energy beam-type collision-induced dissociation;AC=MS:1002481	5 ppm	0.6 Da	NT=Methylthio;AC=UNIMOD:39;TA=C;MT=Fixed	NT=Oxidation;AC=UNIMOD:35;TA=M;MT=Variable	NT=TMT6plex;AC=UNIMOD:737;TA=K;MT=Fixed	NT=TMT6plex;AC=UNIMOD:737;PP=Any N-term;MT=Fixed	0.2 /h	AAC
AAC-rate0.2-rep2	Saccharomyces cerevisiae	not applicable	not applicable	2	not pooled	not applicable	cell	0.2 /h	AAC	Fusion_180705_62-TMT127C	proteomic profiling by mass spectrometry	1	Fusion_180705_62.raw	v1.1.0	NT=ms-proteomics;VV=v1.1.0	manual curation	NT=Data-dependent acquisition;AC=PRIDE:0000627	NT=Orbitrap Fusion;AC=MS:1002416	NT=Trypsin;AC=MS:1001251	TMT127C	16	NT=higher energy beam-type collision-induced dissociation;AC=MS:1002481	5 ppm	0.6 Da	NT=Methylthio;AC=UNIMOD:39;TA=C;MT=Fixed	NT=Oxidation;AC=UNIMOD:35;TA=M;MT=Variable	NT=TMT6plex;AC=UNIMOD:737;TA=K;MT=Fixed	NT=TMT6plex;AC=UNIMOD:737;PP=Any N-term;MT=Fixed	0.2 /h	AAC
AAC-rate0.2-rep2	Saccharomyces cerevisiae	not applicable	not applicable	2	not pooled	not applicable	cell	0.2 /h	AAC	Fusion_180705_63-TMT127C	proteomic profiling by mass spectrometry	1	Fusion_180705_63.raw	v1.1.0	NT=ms-proteomics;VV=v1.1.0	manual curation	NT=Data-dependent acquisition;AC=PRIDE:0000627	NT=Orbitrap Fusion;AC=MS:1002416	NT=Trypsin;AC=MS:1001251	TMT127C	17	NT=higher energy beam-type collision-induced dissociation;AC=MS:1002481	5 ppm	0.6 Da	NT=Methylthio;AC=UNIMOD:39;TA=C;MT=Fixed	NT=Oxidation;AC=UNIMOD:35;TA=M;MT=Variable	NT=TMT6plex;AC=UNIMOD:737;TA=K;MT=Fixed	NT=TMT6plex;AC=UNIMOD:737;PP=Any N-term;MT=Fixed	0.2 /h	AAC
AAC-rate0.2-rep2	Saccharomyces cerevisiae	not applicable	not applicable	2	not pooled	not applicable	cell	0.2 /h	AAC	Fusion_180705_64-TMT127C	proteomic profiling by mass spectrometry	1	Fusion_180705_64.raw	v1.1.0	NT=ms-proteomics;VV=v1.1.0	manual curation	NT=Data-dependent acquisition;AC=PRIDE:0000627	NT=Orbitrap Fusion;AC=MS:1002416	NT=Trypsin;AC=MS:1001251	TMT127C	18	NT=higher energy beam-type collision-induced dissociation;AC=MS:1002481	5 ppm	0.6 Da	NT=Methylthio;AC=UNIMOD:39;TA=C;MT=Fixed	NT=Oxidation;AC=UNIMOD:35;TA=M;MT=Variable	NT=TMT6plex;AC=UNIMOD:737;TA=K;MT=Fixed	NT=TMT6plex;AC=UNIMOD:737;PP=Any N-term;MT=Fixed	0.2 /h	AAC
AAC-rate0.2-rep2	Saccharomyces cerevisiae	not applicable	not applicable	2	not pooled	not applicable	cell	0.2 /h	AAC	Fusion_180705_65-TMT127C	proteomic profiling by mass spectrometry	1	Fusion_180705_65.raw	v1.1.0	NT=ms-proteomics;VV=v1.1.0	manual curation	NT=Data-dependent acquisition;AC=PRIDE:0000627	NT=Orbitrap Fusion;AC=MS:1002416	NT=Trypsin;AC=MS:1001251	TMT127C	19	NT=higher energy beam-type collision-induced dissociation;AC=MS:1002481	5 ppm	0.6 Da	NT=Methylthio;AC=UNIMOD:39;TA=C;MT=Fixed	NT=Oxidation;AC=UNIMOD:35;TA=M;MT=Variable	NT=TMT6plex;AC=UNIMOD:737;TA=K;MT=Fixed	NT=TMT6plex;AC=UNIMOD:737;PP=Any N-term;MT=Fixed	0.2 /h	AAC
AAC-rate0.2-rep2	Saccharomyces cerevisiae	not applicable	not applicable	2	not pooled	not applicable	cell	0.2 /h	AAC	Fusion_180705_66-TMT127C	proteomic profiling by mass spectrometry	1	Fusion_180705_66.raw	v1.1.0	NT=ms-proteomics;VV=v1.1.0	manual curation	NT=Data-dependent acquisition;AC=PRIDE:0000627	NT=Orbitrap Fusion;AC=MS:1002416	NT=Trypsin;AC=MS:1001251	TMT127C	20	NT=higher energy beam-type collision-induced dissociation;AC=MS:1002481	5 ppm	0.6 Da	NT=Methylthio;AC=UNIMOD:39;TA=C;MT=Fixed	NT=Oxidation;AC=UNIMOD:35;TA=M;MT=Variable	NT=TMT6plex;AC=UNIMOD:737;TA=K;MT=Fixed	NT=TMT6plex;AC=UNIMOD:737;PP=Any N-term;MT=Fixed	0.2 /h	AAC
MH34-rate0.2-rep2	Saccharomyces cerevisiae	not applicable	not applicable	2	not pooled	not applicable	cell	0.2 /h	MH34	Fusion_180705_47-TMT128N	proteomic profiling by mass spectrometry	1	Fusion_180705_47.raw	v1.1.0	NT=ms-proteomics;VV=v1.1.0	manual curation	NT=Data-dependent acquisition;AC=PRIDE:0000627	NT=Orbitrap Fusion;AC=MS:1002416	NT=Trypsin;AC=MS:1001251	TMT128N	1	NT=higher energy beam-type collision-induced dissociation;AC=MS:1002481	5 ppm	0.6 Da	NT=Methylthio;AC=UNIMOD:39;TA=C;MT=Fixed	NT=Oxidation;AC=UNIMOD:35;TA=M;MT=Variable	NT=TMT6plex;AC=UNIMOD:737;TA=K;MT=Fixed	NT=TMT6plex;AC=UNIMOD:737;PP=Any N-term;MT=Fixed	0.2 /h	MH34
MH34-rate0.2-rep2	Saccharomyces cerevisiae	not applicable	not applicable	2	not pooled	not applicable	cell	0.2 /h	MH34	Fusion_180705_48-TMT128N	proteomic profiling by mass spectrometry	1	Fusion_180705_48.raw	v1.1.0	NT=ms-proteomics;VV=v1.1.0	manual curation	NT=Data-dependent acquisition;AC=PRIDE:0000627	NT=Orbitrap Fusion;AC=MS:1002416	NT=Trypsin;AC=MS:1001251	TMT128N	2	NT=higher energy beam-type collision-induced dissociation;AC=MS:1002481	5 ppm	0.6 Da	NT=Methylthio;AC=UNIMOD:39;TA=C;MT=Fixed	NT=Oxidation;AC=UNIMOD:35;TA=M;MT=Variable	NT=TMT6plex;AC=UNIMOD:737;TA=K;MT=Fixed	NT=TMT6plex;AC=UNIMOD:737;PP=Any N-term;MT=Fixed	0.2 /h	MH34
MH34-rate0.2-rep2	Saccharomyces cerevisiae	not applicable	not applicable	2	not pooled	not applicable	cell	0.2 /h	MH34	Fusion_180705_49-TMT128N	proteomic profiling by mass spectrometry	1	Fusion_180705_49.raw	v1.1.0	NT=ms-proteomics;VV=v1.1.0	manual curation	NT=Data-dependent acquisition;AC=PRIDE:0000627	NT=Orbitrap Fusion;AC=MS:1002416	NT=Trypsin;AC=MS:1001251	TMT128N	3	NT=higher energy beam-type collision-induced dissociation;AC=MS:1002481	5 ppm	0.6 Da	NT=Methylthio;AC=UNIMOD:39;TA=C;MT=Fixed	NT=Oxidation;AC=UNIMOD:35;TA=M;MT=Variable	NT=TMT6plex;AC=UNIMOD:737;TA=K;MT=Fixed	NT=TMT6plex;AC=UNIMOD:737;PP=Any N-term;MT=Fixed	0.2 /h	MH34
MH34-rate0.2-rep2	Saccharomyces cerevisiae	not applicable	not applicable	2	not pooled	not applicable	cell	0.2 /h	MH34	Fusion_180705_50-TMT128N	proteomic profiling by mass spectrometry	1	Fusion_180705_50.raw	v1.1.0	NT=ms-proteomics;VV=v1.1.0	manual curation	NT=Data-dependent acquisition;AC=PRIDE:0000627	NT=Orbitrap Fusion;AC=MS:1002416	NT=Trypsin;AC=MS:1001251	TMT128N	4	NT=higher energy beam-type collision-induced dissociation;AC=MS:1002481	5 ppm	0.6 Da	NT=Methylthio;AC=UNIMOD:39;TA=C;MT=Fixed	NT=Oxidation;AC=UNIMOD:35;TA=M;MT=Variable	NT=TMT6plex;AC=UNIMOD:737;TA=K;MT=Fixed	NT=TMT6plex;AC=UNIMOD:737;PP=Any N-term;MT=Fixed	0.2 /h	MH34
MH34-rate0.2-rep2	Saccharomyces cerevisiae	not applicable	not applicable	2	not pooled	not applicable	cell	0.2 /h	MH34	Fusion_180705_51-TMT128N	proteomic profiling by mass spectrometry	1	Fusion_180705_51.raw	v1.1.0	NT=ms-proteomics;VV=v1.1.0	manual curation	NT=Data-dependent acquisition;AC=PRIDE:0000627	NT=Orbitrap Fusion;AC=MS:1002416	NT=Trypsin;AC=MS:1001251	TMT128N	5	NT=higher energy beam-type collision-induced dissociation;AC=MS:1002481	5 ppm	0.6 Da	NT=Methylthio;AC=UNIMOD:39;TA=C;MT=Fixed	NT=Oxidation;AC=UNIMOD:35;TA=M;MT=Variable	NT=TMT6plex;AC=UNIMOD:737;TA=K;MT=Fixed	NT=TMT6plex;AC=UNIMOD:737;PP=Any N-term;MT=Fixed	0.2 /h	MH34
MH34-rate0.2-rep2	Saccharomyces cerevisiae	not applicable	not applicable	2	not pooled	not applicable	cell	0.2 /h	MH34	Fusion_180705_52-TMT128N	proteomic profiling by mass spectrometry	1	Fusion_180705_52.raw	v1.1.0	NT=ms-proteomics;VV=v1.1.0	manual curation	NT=Data-dependent acquisition;AC=PRIDE:0000627	NT=Orbitrap Fusion;AC=MS:1002416	NT=Trypsin;AC=MS:1001251	TMT128N	6	NT=higher energy beam-type collision-induced dissociation;AC=MS:1002481	5 ppm	0.6 Da	NT=Methylthio;AC=UNIMOD:39;TA=C;MT=Fixed	NT=Oxidation;AC=UNIMOD:35;TA=M;MT=Variable	NT=TMT6plex;AC=UNIMOD:737;TA=K;MT=Fixed	NT=TMT6plex;AC=UNIMOD:737;PP=Any N-term;MT=Fixed	0.2 /h	MH34
MH34-rate0.2-rep2	Saccharomyces cerevisiae	not applicable	not applicable	2	not pooled	not applicable	cell	0.2 /h	MH34	Fusion_180705_53-TMT128N	proteomic profiling by mass spectrometry	1	Fusion_180705_53.raw	v1.1.0	NT=ms-proteomics;VV=v1.1.0	manual curation	NT=Data-dependent acquisition;AC=PRIDE:0000627	NT=Orbitrap Fusion;AC=MS:1002416	NT=Trypsin;AC=MS:1001251	TMT128N	7	NT=higher energy beam-type collision-induced dissociation;AC=MS:1002481	5 ppm	0.6 Da	NT=Methylthio;AC=UNIMOD:39;TA=C;MT=Fixed	NT=Oxidation;AC=UNIMOD:35;TA=M;MT=Variable	NT=TMT6plex;AC=UNIMOD:737;TA=K;MT=Fixed	NT=TMT6plex;AC=UNIMOD:737;PP=Any N-term;MT=Fixed	0.2 /h	MH34
MH34-rate0.2-rep2	Saccharomyces cerevisiae	not applicable	not applicable	2	not pooled	not applicable	cell	0.2 /h	MH34	Fusion_180705_54-TMT128N	proteomic profiling by mass spectrometry	1	Fusion_180705_54.raw	v1.1.0	NT=ms-proteomics;VV=v1.1.0	manual curation	NT=Data-dependent acquisition;AC=PRIDE:0000627	NT=Orbitrap Fusion;AC=MS:1002416	NT=Trypsin;AC=MS:1001251	TMT128N	8	NT=higher energy beam-type collision-induced dissociation;AC=MS:1002481	5 ppm	0.6 Da	NT=Methylthio;AC=UNIMOD:39;TA=C;MT=Fixed	NT=Oxidation;AC=UNIMOD:35;TA=M;MT=Variable	NT=TMT6plex;AC=UNIMOD:737;TA=K;MT=Fixed	NT=TMT6plex;AC=UNIMOD:737;PP=Any N-term;MT=Fixed	0.2 /h	MH34
MH34-rate0.2-rep2	Saccharomyces cerevisiae	not applicable	not applicable	2	not pooled	not applicable	cell	0.2 /h	MH34	Fusion_180705_55-TMT128N	proteomic profiling by mass spectrometry	1	Fusion_180705_55.raw	v1.1.0	NT=ms-proteomics;VV=v1.1.0	manual curation	NT=Data-dependent acquisition;AC=PRIDE:0000627	NT=Orbitrap Fusion;AC=MS:1002416	NT=Trypsin;AC=MS:1001251	TMT128N	9	NT=higher energy beam-type collision-induced dissociation;AC=MS:1002481	5 ppm	0.6 Da	NT=Methylthio;AC=UNIMOD:39;TA=C;MT=Fixed	NT=Oxidation;AC=UNIMOD:35;TA=M;MT=Variable	NT=TMT6plex;AC=UNIMOD:737;TA=K;MT=Fixed	NT=TMT6plex;AC=UNIMOD:737;PP=Any N-term;MT=Fixed	0.2 /h	MH34
MH34-rate0.2-rep2	Saccharomyces cerevisiae	not applicable	not applicable	2	not pooled	not applicable	cell	0.2 /h	MH34	Fusion_180705_56-TMT128N	proteomic profiling by mass spectrometry	1	Fusion_180705_56.raw	v1.1.0	NT=ms-proteomics;VV=v1.1.0	manual curation	NT=Data-dependent acquisition;AC=PRIDE:0000627	NT=Orbitrap Fusion;AC=MS:1002416	NT=Trypsin;AC=MS:1001251	TMT128N	10	NT=higher energy beam-type collision-induced dissociation;AC=MS:1002481	5 ppm	0.6 Da	NT=Methylthio;AC=UNIMOD:39;TA=C;MT=Fixed	NT=Oxidation;AC=UNIMOD:35;TA=M;MT=Variable	NT=TMT6plex;AC=UNIMOD:737;TA=K;MT=Fixed	NT=TMT6plex;AC=UNIMOD:737;PP=Any N-term;MT=Fixed	0.2 /h	MH34
MH34-rate0.2-rep2	Saccharomyces cerevisiae	not applicable	not applicable	2	not pooled	not applicable	cell	0.2 /h	MH34	Fusion_180705_57-TMT128N	proteomic profiling by mass spectrometry	1	Fusion_180705_57.raw	v1.1.0	NT=ms-proteomics;VV=v1.1.0	manual curation	NT=Data-dependent acquisition;AC=PRIDE:0000627	NT=Orbitrap Fusion;AC=MS:1002416	NT=Trypsin;AC=MS:1001251	TMT128N	11	NT=higher energy beam-type collision-induced dissociation;AC=MS:1002481	5 ppm	0.6 Da	NT=Methylthio;AC=UNIMOD:39;TA=C;MT=Fixed	NT=Oxidation;AC=UNIMOD:35;TA=M;MT=Variable	NT=TMT6plex;AC=UNIMOD:737;TA=K;MT=Fixed	NT=TMT6plex;AC=UNIMOD:737;PP=Any N-term;MT=Fixed	0.2 /h	MH34
MH34-rate0.2-rep2	Saccharomyces cerevisiae	not applicable	not applicable	2	not pooled	not applicable	cell	0.2 /h	MH34	Fusion_180705_58-TMT128N	proteomic profiling by mass spectrometry	1	Fusion_180705_58.raw	v1.1.0	NT=ms-proteomics;VV=v1.1.0	manual curation	NT=Data-dependent acquisition;AC=PRIDE:0000627	NT=Orbitrap Fusion;AC=MS:1002416	NT=Trypsin;AC=MS:1001251	TMT128N	12	NT=higher energy beam-type collision-induced dissociation;AC=MS:1002481	5 ppm	0.6 Da	NT=Methylthio;AC=UNIMOD:39;TA=C;MT=Fixed	NT=Oxidation;AC=UNIMOD:35;TA=M;MT=Variable	NT=TMT6plex;AC=UNIMOD:737;TA=K;MT=Fixed	NT=TMT6plex;AC=UNIMOD:737;PP=Any N-term;MT=Fixed	0.2 /h	MH34
MH34-rate0.2-rep2	Saccharomyces cerevisiae	not applicable	not applicable	2	not pooled	not applicable	cell	0.2 /h	MH34	Fusion_180705_59-TMT128N	proteomic profiling by mass spectrometry	1	Fusion_180705_59.raw	v1.1.0	NT=ms-proteomics;VV=v1.1.0	manual curation	NT=Data-dependent acquisition;AC=PRIDE:0000627	NT=Orbitrap Fusion;AC=MS:1002416	NT=Trypsin;AC=MS:1001251	TMT128N	13	NT=higher energy beam-type collision-induced dissociation;AC=MS:1002481	5 ppm	0.6 Da	NT=Methylthio;AC=UNIMOD:39;TA=C;MT=Fixed	NT=Oxidation;AC=UNIMOD:35;TA=M;MT=Variable	NT=TMT6plex;AC=UNIMOD:737;TA=K;MT=Fixed	NT=TMT6plex;AC=UNIMOD:737;PP=Any N-term;MT=Fixed	0.2 /h	MH34
MH34-rate0.2-rep2	Saccharomyces cerevisiae	not applicable	not applicable	2	not pooled	not applicable	cell	0.2 /h	MH34	Fusion_180705_60-TMT128N	proteomic profiling by mass spectrometry	1	Fusion_180705_60.raw	v1.1.0	NT=ms-proteomics;VV=v1.1.0	manual curation	NT=Data-dependent acquisition;AC=PRIDE:0000627	NT=Orbitrap Fusion;AC=MS:1002416	NT=Trypsin;AC=MS:1001251	TMT128N	14	NT=higher energy beam-type collision-induced dissociation;AC=MS:1002481	5 ppm	0.6 Da	NT=Methylthio;AC=UNIMOD:39;TA=C;MT=Fixed	NT=Oxidation;AC=UNIMOD:35;TA=M;MT=Variable	NT=TMT6plex;AC=UNIMOD:737;TA=K;MT=Fixed	NT=TMT6plex;AC=UNIMOD:737;PP=Any N-term;MT=Fixed	0.2 /h	MH34
MH34-rate0.2-rep2	Saccharomyces cerevisiae	not applicable	not applicable	2	not pooled	not applicable	cell	0.2 /h	MH34	Fusion_180705_61-TMT128N	proteomic profiling by mass spectrometry	1	Fusion_180705_61.raw	v1.1.0	NT=ms-proteomics;VV=v1.1.0	manual curation	NT=Data-dependent acquisition;AC=PRIDE:0000627	NT=Orbitrap Fusion;AC=MS:1002416	NT=Trypsin;AC=MS:1001251	TMT128N	15	NT=higher energy beam-type collision-induced dissociation;AC=MS:1002481	5 ppm	0.6 Da	NT=Methylthio;AC=UNIMOD:39;TA=C;MT=Fixed	NT=Oxidation;AC=UNIMOD:35;TA=M;MT=Variable	NT=TMT6plex;AC=UNIMOD:737;TA=K;MT=Fixed	NT=TMT6plex;AC=UNIMOD:737;PP=Any N-term;MT=Fixed	0.2 /h	MH34
MH34-rate0.2-rep2	Saccharomyces cerevisiae	not applicable	not applicable	2	not pooled	not applicable	cell	0.2 /h	MH34	Fusion_180705_62-TMT128N	proteomic profiling by mass spectrometry	1	Fusion_180705_62.raw	v1.1.0	NT=ms-proteomics;VV=v1.1.0	manual curation	NT=Data-dependent acquisition;AC=PRIDE:0000627	NT=Orbitrap Fusion;AC=MS:1002416	NT=Trypsin;AC=MS:1001251	TMT128N	16	NT=higher energy beam-type collision-induced dissociation;AC=MS:1002481	5 ppm	0.6 Da	NT=Methylthio;AC=UNIMOD:39;TA=C;MT=Fixed	NT=Oxidation;AC=UNIMOD:35;TA=M;MT=Variable	NT=TMT6plex;AC=UNIMOD:737;TA=K;MT=Fixed	NT=TMT6plex;AC=UNIMOD:737;PP=Any N-term;MT=Fixed	0.2 /h	MH34
MH34-rate0.2-rep2	Saccharomyces cerevisiae	not applicable	not applicable	2	not pooled	not applicable	cell	0.2 /h	MH34	Fusion_180705_63-TMT128N	proteomic profiling by mass spectrometry	1	Fusion_180705_63.raw	v1.1.0	NT=ms-proteomics;VV=v1.1.0	manual curation	NT=Data-dependent acquisition;AC=PRIDE:0000627	NT=Orbitrap Fusion;AC=MS:1002416	NT=Trypsin;AC=MS:1001251	TMT128N	17	NT=higher energy beam-type collision-induced dissociation;AC=MS:1002481	5 ppm	0.6 Da	NT=Methylthio;AC=UNIMOD:39;TA=C;MT=Fixed	NT=Oxidation;AC=UNIMOD:35;TA=M;MT=Variable	NT=TMT6plex;AC=UNIMOD:737;TA=K;MT=Fixed	NT=TMT6plex;AC=UNIMOD:737;PP=Any N-term;MT=Fixed	0.2 /h	MH34
MH34-rate0.2-rep2	Saccharomyces cerevisiae	not applicable	not applicable	2	not pooled	not applicable	cell	0.2 /h	MH34	Fusion_180705_64-TMT128N	proteomic profiling by mass spectrometry	1	Fusion_180705_64.raw	v1.1.0	NT=ms-proteomics;VV=v1.1.0	manual curation	NT=Data-dependent acquisition;AC=PRIDE:0000627	NT=Orbitrap Fusion;AC=MS:1002416	NT=Trypsin;AC=MS:1001251	TMT128N	18	NT=higher energy beam-type collision-induced dissociation;AC=MS:1002481	5 ppm	0.6 Da	NT=Methylthio;AC=UNIMOD:39;TA=C;MT=Fixed	NT=Oxidation;AC=UNIMOD:35;TA=M;MT=Variable	NT=TMT6plex;AC=UNIMOD:737;TA=K;MT=Fixed	NT=TMT6plex;AC=UNIMOD:737;PP=Any N-term;MT=Fixed	0.2 /h	MH34
MH34-rate0.2-rep2	Saccharomyces cerevisiae	not applicable	not applicable	2	not pooled	not applicable	cell	0.2 /h	MH34	Fusion_180705_65-TMT128N	proteomic profiling by mass spectrometry	1	Fusion_180705_65.raw	v1.1.0	NT=ms-proteomics;VV=v1.1.0	manual curation	NT=Data-dependent acquisition;AC=PRIDE:0000627	NT=Orbitrap Fusion;AC=MS:1002416	NT=Trypsin;AC=MS:1001251	TMT128N	19	NT=higher energy beam-type collision-induced dissociation;AC=MS:1002481	5 ppm	0.6 Da	NT=Methylthio;AC=UNIMOD:39;TA=C;MT=Fixed	NT=Oxidation;AC=UNIMOD:35;TA=M;MT=Variable	NT=TMT6plex;AC=UNIMOD:737;TA=K;MT=Fixed	NT=TMT6plex;AC=UNIMOD:737;PP=Any N-term;MT=Fixed	0.2 /h	MH34
MH34-rate0.2-rep2	Saccharomyces cerevisiae	not applicable	not applicable	2	not pooled	not applicable	cell	0.2 /h	MH34	Fusion_180705_66-TMT128N	proteomic profiling by mass spectrometry	1	Fusion_180705_66.raw	v1.1.0	NT=ms-proteomics;VV=v1.1.0	manual curation	NT=Data-dependent acquisition;AC=PRIDE:0000627	NT=Orbitrap Fusion;AC=MS:1002416	NT=Trypsin;AC=MS:1001251	TMT128N	20	NT=higher energy beam-type collision-induced dissociation;AC=MS:1002481	5 ppm	0.6 Da	NT=Methylthio;AC=UNIMOD:39;TA=C;MT=Fixed	NT=Oxidation;AC=UNIMOD:35;TA=M;MT=Variable	NT=TMT6plex;AC=UNIMOD:737;TA=K;MT=Fixed	NT=TMT6plex;AC=UNIMOD:737;PP=Any N-term;MT=Fixed	0.2 /h	MH34
MH34-rate0.1-rep2	Saccharomyces cerevisiae	not applicable	not applicable	2	not pooled	not applicable	cell	0.1 /h	MH34	Fusion_180705_47-TMT128C	proteomic profiling by mass spectrometry	1	Fusion_180705_47.raw	v1.1.0	NT=ms-proteomics;VV=v1.1.0	manual curation	NT=Data-dependent acquisition;AC=PRIDE:0000627	NT=Orbitrap Fusion;AC=MS:1002416	NT=Trypsin;AC=MS:1001251	TMT128C	1	NT=higher energy beam-type collision-induced dissociation;AC=MS:1002481	5 ppm	0.6 Da	NT=Methylthio;AC=UNIMOD:39;TA=C;MT=Fixed	NT=Oxidation;AC=UNIMOD:35;TA=M;MT=Variable	NT=TMT6plex;AC=UNIMOD:737;TA=K;MT=Fixed	NT=TMT6plex;AC=UNIMOD:737;PP=Any N-term;MT=Fixed	0.1 /h	MH34
MH34-rate0.1-rep2	Saccharomyces cerevisiae	not applicable	not applicable	2	not pooled	not applicable	cell	0.1 /h	MH34	Fusion_180705_48-TMT128C	proteomic profiling by mass spectrometry	1	Fusion_180705_48.raw	v1.1.0	NT=ms-proteomics;VV=v1.1.0	manual curation	NT=Data-dependent acquisition;AC=PRIDE:0000627	NT=Orbitrap Fusion;AC=MS:1002416	NT=Trypsin;AC=MS:1001251	TMT128C	2	NT=higher energy beam-type collision-induced dissociation;AC=MS:1002481	5 ppm	0.6 Da	NT=Methylthio;AC=UNIMOD:39;TA=C;MT=Fixed	NT=Oxidation;AC=UNIMOD:35;TA=M;MT=Variable	NT=TMT6plex;AC=UNIMOD:737;TA=K;MT=Fixed	NT=TMT6plex;AC=UNIMOD:737;PP=Any N-term;MT=Fixed	0.1 /h	MH34
MH34-rate0.1-rep2	Saccharomyces cerevisiae	not applicable	not applicable	2	not pooled	not applicable	cell	0.1 /h	MH34	Fusion_180705_49-TMT128C	proteomic profiling by mass spectrometry	1	Fusion_180705_49.raw	v1.1.0	NT=ms-proteomics;VV=v1.1.0	manual curation	NT=Data-dependent acquisition;AC=PRIDE:0000627	NT=Orbitrap Fusion;AC=MS:1002416	NT=Trypsin;AC=MS:1001251	TMT128C	3	NT=higher energy beam-type collision-induced dissociation;AC=MS:1002481	5 ppm	0.6 Da	NT=Methylthio;AC=UNIMOD:39;TA=C;MT=Fixed	NT=Oxidation;AC=UNIMOD:35;TA=M;MT=Variable	NT=TMT6plex;AC=UNIMOD:737;TA=K;MT=Fixed	NT=TMT6plex;AC=UNIMOD:737;PP=Any N-term;MT=Fixed	0.1 /h	MH34
MH34-rate0.1-rep2	Saccharomyces cerevisiae	not applicable	not applicable	2	not pooled	not applicable	cell	0.1 /h	MH34	Fusion_180705_50-TMT128C	proteomic profiling by mass spectrometry	1	Fusion_180705_50.raw	v1.1.0	NT=ms-proteomics;VV=v1.1.0	manual curation	NT=Data-dependent acquisition;AC=PRIDE:0000627	NT=Orbitrap Fusion;AC=MS:1002416	NT=Trypsin;AC=MS:1001251	TMT128C	4	NT=higher energy beam-type collision-induced dissociation;AC=MS:1002481	5 ppm	0.6 Da	NT=Methylthio;AC=UNIMOD:39;TA=C;MT=Fixed	NT=Oxidation;AC=UNIMOD:35;TA=M;MT=Variable	NT=TMT6plex;AC=UNIMOD:737;TA=K;MT=Fixed	NT=TMT6plex;AC=UNIMOD:737;PP=Any N-term;MT=Fixed	0.1 /h	MH34
MH34-rate0.1-rep2	Saccharomyces cerevisiae	not applicable	not applicable	2	not pooled	not applicable	cell	0.1 /h	MH34	Fusion_180705_51-TMT128C	proteomic profiling by mass spectrometry	1	Fusion_180705_51.raw	v1.1.0	NT=ms-proteomics;VV=v1.1.0	manual curation	NT=Data-dependent acquisition;AC=PRIDE:0000627	NT=Orbitrap Fusion;AC=MS:1002416	NT=Trypsin;AC=MS:1001251	TMT128C	5	NT=higher energy beam-type collision-induced dissociation;AC=MS:1002481	5 ppm	0.6 Da	NT=Methylthio;AC=UNIMOD:39;TA=C;MT=Fixed	NT=Oxidation;AC=UNIMOD:35;TA=M;MT=Variable	NT=TMT6plex;AC=UNIMOD:737;TA=K;MT=Fixed	NT=TMT6plex;AC=UNIMOD:737;PP=Any N-term;MT=Fixed	0.1 /h	MH34
MH34-rate0.1-rep2	Saccharomyces cerevisiae	not applicable	not applicable	2	not pooled	not applicable	cell	0.1 /h	MH34	Fusion_180705_52-TMT128C	proteomic profiling by mass spectrometry	1	Fusion_180705_52.raw	v1.1.0	NT=ms-proteomics;VV=v1.1.0	manual curation	NT=Data-dependent acquisition;AC=PRIDE:0000627	NT=Orbitrap Fusion;AC=MS:1002416	NT=Trypsin;AC=MS:1001251	TMT128C	6	NT=higher energy beam-type collision-induced dissociation;AC=MS:1002481	5 ppm	0.6 Da	NT=Methylthio;AC=UNIMOD:39;TA=C;MT=Fixed	NT=Oxidation;AC=UNIMOD:35;TA=M;MT=Variable	NT=TMT6plex;AC=UNIMOD:737;TA=K;MT=Fixed	NT=TMT6plex;AC=UNIMOD:737;PP=Any N-term;MT=Fixed	0.1 /h	MH34
MH34-rate0.1-rep2	Saccharomyces cerevisiae	not applicable	not applicable	2	not pooled	not applicable	cell	0.1 /h	MH34	Fusion_180705_53-TMT128C	proteomic profiling by mass spectrometry	1	Fusion_180705_53.raw	v1.1.0	NT=ms-proteomics;VV=v1.1.0	manual curation	NT=Data-dependent acquisition;AC=PRIDE:0000627	NT=Orbitrap Fusion;AC=MS:1002416	NT=Trypsin;AC=MS:1001251	TMT128C	7	NT=higher energy beam-type collision-induced dissociation;AC=MS:1002481	5 ppm	0.6 Da	NT=Methylthio;AC=UNIMOD:39;TA=C;MT=Fixed	NT=Oxidation;AC=UNIMOD:35;TA=M;MT=Variable	NT=TMT6plex;AC=UNIMOD:737;TA=K;MT=Fixed	NT=TMT6plex;AC=UNIMOD:737;PP=Any N-term;MT=Fixed	0.1 /h	MH34
MH34-rate0.1-rep2	Saccharomyces cerevisiae	not applicable	not applicable	2	not pooled	not applicable	cell	0.1 /h	MH34	Fusion_180705_54-TMT128C	proteomic profiling by mass spectrometry	1	Fusion_180705_54.raw	v1.1.0	NT=ms-proteomics;VV=v1.1.0	manual curation	NT=Data-dependent acquisition;AC=PRIDE:0000627	NT=Orbitrap Fusion;AC=MS:1002416	NT=Trypsin;AC=MS:1001251	TMT128C	8	NT=higher energy beam-type collision-induced dissociation;AC=MS:1002481	5 ppm	0.6 Da	NT=Methylthio;AC=UNIMOD:39;TA=C;MT=Fixed	NT=Oxidation;AC=UNIMOD:35;TA=M;MT=Variable	NT=TMT6plex;AC=UNIMOD:737;TA=K;MT=Fixed	NT=TMT6plex;AC=UNIMOD:737;PP=Any N-term;MT=Fixed	0.1 /h	MH34
MH34-rate0.1-rep2	Saccharomyces cerevisiae	not applicable	not applicable	2	not pooled	not applicable	cell	0.1 /h	MH34	Fusion_180705_55-TMT128C	proteomic profiling by mass spectrometry	1	Fusion_180705_55.raw	v1.1.0	NT=ms-proteomics;VV=v1.1.0	manual curation	NT=Data-dependent acquisition;AC=PRIDE:0000627	NT=Orbitrap Fusion;AC=MS:1002416	NT=Trypsin;AC=MS:1001251	TMT128C	9	NT=higher energy beam-type collision-induced dissociation;AC=MS:1002481	5 ppm	0.6 Da	NT=Methylthio;AC=UNIMOD:39;TA=C;MT=Fixed	NT=Oxidation;AC=UNIMOD:35;TA=M;MT=Variable	NT=TMT6plex;AC=UNIMOD:737;TA=K;MT=Fixed	NT=TMT6plex;AC=UNIMOD:737;PP=Any N-term;MT=Fixed	0.1 /h	MH34
MH34-rate0.1-rep2	Saccharomyces cerevisiae	not applicable	not applicable	2	not pooled	not applicable	cell	0.1 /h	MH34	Fusion_180705_56-TMT128C	proteomic profiling by mass spectrometry	1	Fusion_180705_56.raw	v1.1.0	NT=ms-proteomics;VV=v1.1.0	manual curation	NT=Data-dependent acquisition;AC=PRIDE:0000627	NT=Orbitrap Fusion;AC=MS:1002416	NT=Trypsin;AC=MS:1001251	TMT128C	10	NT=higher energy beam-type collision-induced dissociation;AC=MS:1002481	5 ppm	0.6 Da	NT=Methylthio;AC=UNIMOD:39;TA=C;MT=Fixed	NT=Oxidation;AC=UNIMOD:35;TA=M;MT=Variable	NT=TMT6plex;AC=UNIMOD:737;TA=K;MT=Fixed	NT=TMT6plex;AC=UNIMOD:737;PP=Any N-term;MT=Fixed	0.1 /h	MH34
MH34-rate0.1-rep2	Saccharomyces cerevisiae	not applicable	not applicable	2	not pooled	not applicable	cell	0.1 /h	MH34	Fusion_180705_57-TMT128C	proteomic profiling by mass spectrometry	1	Fusion_180705_57.raw	v1.1.0	NT=ms-proteomics;VV=v1.1.0	manual curation	NT=Data-dependent acquisition;AC=PRIDE:0000627	NT=Orbitrap Fusion;AC=MS:1002416	NT=Trypsin;AC=MS:1001251	TMT128C	11	NT=higher energy beam-type collision-induced dissociation;AC=MS:1002481	5 ppm	0.6 Da	NT=Methylthio;AC=UNIMOD:39;TA=C;MT=Fixed	NT=Oxidation;AC=UNIMOD:35;TA=M;MT=Variable	NT=TMT6plex;AC=UNIMOD:737;TA=K;MT=Fixed	NT=TMT6plex;AC=UNIMOD:737;PP=Any N-term;MT=Fixed	0.1 /h	MH34
MH34-rate0.1-rep2	Saccharomyces cerevisiae	not applicable	not applicable	2	not pooled	not applicable	cell	0.1 /h	MH34	Fusion_180705_58-TMT128C	proteomic profiling by mass spectrometry	1	Fusion_180705_58.raw	v1.1.0	NT=ms-proteomics;VV=v1.1.0	manual curation	NT=Data-dependent acquisition;AC=PRIDE:0000627	NT=Orbitrap Fusion;AC=MS:1002416	NT=Trypsin;AC=MS:1001251	TMT128C	12	NT=higher energy beam-type collision-induced dissociation;AC=MS:1002481	5 ppm	0.6 Da	NT=Methylthio;AC=UNIMOD:39;TA=C;MT=Fixed	NT=Oxidation;AC=UNIMOD:35;TA=M;MT=Variable	NT=TMT6plex;AC=UNIMOD:737;TA=K;MT=Fixed	NT=TMT6plex;AC=UNIMOD:737;PP=Any N-term;MT=Fixed	0.1 /h	MH34
MH34-rate0.1-rep2	Saccharomyces cerevisiae	not applicable	not applicable	2	not pooled	not applicable	cell	0.1 /h	MH34	Fusion_180705_59-TMT128C	proteomic profiling by mass spectrometry	1	Fusion_180705_59.raw	v1.1.0	NT=ms-proteomics;VV=v1.1.0	manual curation	NT=Data-dependent acquisition;AC=PRIDE:0000627	NT=Orbitrap Fusion;AC=MS:1002416	NT=Trypsin;AC=MS:1001251	TMT128C	13	NT=higher energy beam-type collision-induced dissociation;AC=MS:1002481	5 ppm	0.6 Da	NT=Methylthio;AC=UNIMOD:39;TA=C;MT=Fixed	NT=Oxidation;AC=UNIMOD:35;TA=M;MT=Variable	NT=TMT6plex;AC=UNIMOD:737;TA=K;MT=Fixed	NT=TMT6plex;AC=UNIMOD:737;PP=Any N-term;MT=Fixed	0.1 /h	MH34
MH34-rate0.1-rep2	Saccharomyces cerevisiae	not applicable	not applicable	2	not pooled	not applicable	cell	0.1 /h	MH34	Fusion_180705_60-TMT128C	proteomic profiling by mass spectrometry	1	Fusion_180705_60.raw	v1.1.0	NT=ms-proteomics;VV=v1.1.0	manual curation	NT=Data-dependent acquisition;AC=PRIDE:0000627	NT=Orbitrap Fusion;AC=MS:1002416	NT=Trypsin;AC=MS:1001251	TMT128C	14	NT=higher energy beam-type collision-induced dissociation;AC=MS:1002481	5 ppm	0.6 Da	NT=Methylthio;AC=UNIMOD:39;TA=C;MT=Fixed	NT=Oxidation;AC=UNIMOD:35;TA=M;MT=Variable	NT=TMT6plex;AC=UNIMOD:737;TA=K;MT=Fixed	NT=TMT6plex;AC=UNIMOD:737;PP=Any N-term;MT=Fixed	0.1 /h	MH34
MH34-rate0.1-rep2	Saccharomyces cerevisiae	not applicable	not applicable	2	not pooled	not applicable	cell	0.1 /h	MH34	Fusion_180705_61-TMT128C	proteomic profiling by mass spectrometry	1	Fusion_180705_61.raw	v1.1.0	NT=ms-proteomics;VV=v1.1.0	manual curation	NT=Data-dependent acquisition;AC=PRIDE:0000627	NT=Orbitrap Fusion;AC=MS:1002416	NT=Trypsin;AC=MS:1001251	TMT128C	15	NT=higher energy beam-type collision-induced dissociation;AC=MS:1002481	5 ppm	0.6 Da	NT=Methylthio;AC=UNIMOD:39;TA=C;MT=Fixed	NT=Oxidation;AC=UNIMOD:35;TA=M;MT=Variable	NT=TMT6plex;AC=UNIMOD:737;TA=K;MT=Fixed	NT=TMT6plex;AC=UNIMOD:737;PP=Any N-term;MT=Fixed	0.1 /h	MH34
MH34-rate0.1-rep2	Saccharomyces cerevisiae	not applicable	not applicable	2	not pooled	not applicable	cell	0.1 /h	MH34	Fusion_180705_62-TMT128C	proteomic profiling by mass spectrometry	1	Fusion_180705_62.raw	v1.1.0	NT=ms-proteomics;VV=v1.1.0	manual curation	NT=Data-dependent acquisition;AC=PRIDE:0000627	NT=Orbitrap Fusion;AC=MS:1002416	NT=Trypsin;AC=MS:1001251	TMT128C	16	NT=higher energy beam-type collision-induced dissociation;AC=MS:1002481	5 ppm	0.6 Da	NT=Methylthio;AC=UNIMOD:39;TA=C;MT=Fixed	NT=Oxidation;AC=UNIMOD:35;TA=M;MT=Variable	NT=TMT6plex;AC=UNIMOD:737;TA=K;MT=Fixed	NT=TMT6plex;AC=UNIMOD:737;PP=Any N-term;MT=Fixed	0.1 /h	MH34
MH34-rate0.1-rep2	Saccharomyces cerevisiae	not applicable	not applicable	2	not pooled	not applicable	cell	0.1 /h	MH34	Fusion_180705_63-TMT128C	proteomic profiling by mass spectrometry	1	Fusion_180705_63.raw	v1.1.0	NT=ms-proteomics;VV=v1.1.0	manual curation	NT=Data-dependent acquisition;AC=PRIDE:0000627	NT=Orbitrap Fusion;AC=MS:1002416	NT=Trypsin;AC=MS:1001251	TMT128C	17	NT=higher energy beam-type collision-induced dissociation;AC=MS:1002481	5 ppm	0.6 Da	NT=Methylthio;AC=UNIMOD:39;TA=C;MT=Fixed	NT=Oxidation;AC=UNIMOD:35;TA=M;MT=Variable	NT=TMT6plex;AC=UNIMOD:737;TA=K;MT=Fixed	NT=TMT6plex;AC=UNIMOD:737;PP=Any N-term;MT=Fixed	0.1 /h	MH34
MH34-rate0.1-rep2	Saccharomyces cerevisiae	not applicable	not applicable	2	not pooled	not applicable	cell	0.1 /h	MH34	Fusion_180705_64-TMT128C	proteomic profiling by mass spectrometry	1	Fusion_180705_64.raw	v1.1.0	NT=ms-proteomics;VV=v1.1.0	manual curation	NT=Data-dependent acquisition;AC=PRIDE:0000627	NT=Orbitrap Fusion;AC=MS:1002416	NT=Trypsin;AC=MS:1001251	TMT128C	18	NT=higher energy beam-type collision-induced dissociation;AC=MS:1002481	5 ppm	0.6 Da	NT=Methylthio;AC=UNIMOD:39;TA=C;MT=Fixed	NT=Oxidation;AC=UNIMOD:35;TA=M;MT=Variable	NT=TMT6plex;AC=UNIMOD:737;TA=K;MT=Fixed	NT=TMT6plex;AC=UNIMOD:737;PP=Any N-term;MT=Fixed	0.1 /h	MH34
MH34-rate0.1-rep2	Saccharomyces cerevisiae	not applicable	not applicable	2	not pooled	not applicable	cell	0.1 /h	MH34	Fusion_180705_65-TMT128C	proteomic profiling by mass spectrometry	1	Fusion_180705_65.raw	v1.1.0	NT=ms-proteomics;VV=v1.1.0	manual curation	NT=Data-dependent acquisition;AC=PRIDE:0000627	NT=Orbitrap Fusion;AC=MS:1002416	NT=Trypsin;AC=MS:1001251	TMT128C	19	NT=higher energy beam-type collision-induced dissociation;AC=MS:1002481	5 ppm	0.6 Da	NT=Methylthio;AC=UNIMOD:39;TA=C;MT=Fixed	NT=Oxidation;AC=UNIMOD:35;TA=M;MT=Variable	NT=TMT6plex;AC=UNIMOD:737;TA=K;MT=Fixed	NT=TMT6plex;AC=UNIMOD:737;PP=Any N-term;MT=Fixed	0.1 /h	MH34
MH34-rate0.1-rep2	Saccharomyces cerevisiae	not applicable	not applicable	2	not pooled	not applicable	cell	0.1 /h	MH34	Fusion_180705_66-TMT128C	proteomic profiling by mass spectrometry	1	Fusion_180705_66.raw	v1.1.0	NT=ms-proteomics;VV=v1.1.0	manual curation	NT=Data-dependent acquisition;AC=PRIDE:0000627	NT=Orbitrap Fusion;AC=MS:1002416	NT=Trypsin;AC=MS:1001251	TMT128C	20	NT=higher energy beam-type collision-induced dissociation;AC=MS:1002481	5 ppm	0.6 Da	NT=Methylthio;AC=UNIMOD:39;TA=C;MT=Fixed	NT=Oxidation;AC=UNIMOD:35;TA=M;MT=Variable	NT=TMT6plex;AC=UNIMOD:737;TA=K;MT=Fixed	NT=TMT6plex;AC=UNIMOD:737;PP=Any N-term;MT=Fixed	0.1 /h	MH34
MH34-rate0.1-rep1	Saccharomyces cerevisiae	not applicable	not applicable	1	not pooled	not applicable	cell	0.1 /h	MH34	Fusion_180705_47-TMT129N	proteomic profiling by mass spectrometry	1	Fusion_180705_47.raw	v1.1.0	NT=ms-proteomics;VV=v1.1.0	manual curation	NT=Data-dependent acquisition;AC=PRIDE:0000627	NT=Orbitrap Fusion;AC=MS:1002416	NT=Trypsin;AC=MS:1001251	TMT129N	1	NT=higher energy beam-type collision-induced dissociation;AC=MS:1002481	5 ppm	0.6 Da	NT=Methylthio;AC=UNIMOD:39;TA=C;MT=Fixed	NT=Oxidation;AC=UNIMOD:35;TA=M;MT=Variable	NT=TMT6plex;AC=UNIMOD:737;TA=K;MT=Fixed	NT=TMT6plex;AC=UNIMOD:737;PP=Any N-term;MT=Fixed	0.1 /h	MH34
MH34-rate0.1-rep1	Saccharomyces cerevisiae	not applicable	not applicable	1	not pooled	not applicable	cell	0.1 /h	MH34	Fusion_180705_48-TMT129N	proteomic profiling by mass spectrometry	1	Fusion_180705_48.raw	v1.1.0	NT=ms-proteomics;VV=v1.1.0	manual curation	NT=Data-dependent acquisition;AC=PRIDE:0000627	NT=Orbitrap Fusion;AC=MS:1002416	NT=Trypsin;AC=MS:1001251	TMT129N	2	NT=higher energy beam-type collision-induced dissociation;AC=MS:1002481	5 ppm	0.6 Da	NT=Methylthio;AC=UNIMOD:39;TA=C;MT=Fixed	NT=Oxidation;AC=UNIMOD:35;TA=M;MT=Variable	NT=TMT6plex;AC=UNIMOD:737;TA=K;MT=Fixed	NT=TMT6plex;AC=UNIMOD:737;PP=Any N-term;MT=Fixed	0.1 /h	MH34
MH34-rate0.1-rep1	Saccharomyces cerevisiae	not applicable	not applicable	1	not pooled	not applicable	cell	0.1 /h	MH34	Fusion_180705_49-TMT129N	proteomic profiling by mass spectrometry	1	Fusion_180705_49.raw	v1.1.0	NT=ms-proteomics;VV=v1.1.0	manual curation	NT=Data-dependent acquisition;AC=PRIDE:0000627	NT=Orbitrap Fusion;AC=MS:1002416	NT=Trypsin;AC=MS:1001251	TMT129N	3	NT=higher energy beam-type collision-induced dissociation;AC=MS:1002481	5 ppm	0.6 Da	NT=Methylthio;AC=UNIMOD:39;TA=C;MT=Fixed	NT=Oxidation;AC=UNIMOD:35;TA=M;MT=Variable	NT=TMT6plex;AC=UNIMOD:737;TA=K;MT=Fixed	NT=TMT6plex;AC=UNIMOD:737;PP=Any N-term;MT=Fixed	0.1 /h	MH34
MH34-rate0.1-rep1	Saccharomyces cerevisiae	not applicable	not applicable	1	not pooled	not applicable	cell	0.1 /h	MH34	Fusion_180705_50-TMT129N	proteomic profiling by mass spectrometry	1	Fusion_180705_50.raw	v1.1.0	NT=ms-proteomics;VV=v1.1.0	manual curation	NT=Data-dependent acquisition;AC=PRIDE:0000627	NT=Orbitrap Fusion;AC=MS:1002416	NT=Trypsin;AC=MS:1001251	TMT129N	4	NT=higher energy beam-type collision-induced dissociation;AC=MS:1002481	5 ppm	0.6 Da	NT=Methylthio;AC=UNIMOD:39;TA=C;MT=Fixed	NT=Oxidation;AC=UNIMOD:35;TA=M;MT=Variable	NT=TMT6plex;AC=UNIMOD:737;TA=K;MT=Fixed	NT=TMT6plex;AC=UNIMOD:737;PP=Any N-term;MT=Fixed	0.1 /h	MH34
MH34-rate0.1-rep1	Saccharomyces cerevisiae	not applicable	not applicable	1	not pooled	not applicable	cell	0.1 /h	MH34	Fusion_180705_51-TMT129N	proteomic profiling by mass spectrometry	1	Fusion_180705_51.raw	v1.1.0	NT=ms-proteomics;VV=v1.1.0	manual curation	NT=Data-dependent acquisition;AC=PRIDE:0000627	NT=Orbitrap Fusion;AC=MS:1002416	NT=Trypsin;AC=MS:1001251	TMT129N	5	NT=higher energy beam-type collision-induced dissociation;AC=MS:1002481	5 ppm	0.6 Da	NT=Methylthio;AC=UNIMOD:39;TA=C;MT=Fixed	NT=Oxidation;AC=UNIMOD:35;TA=M;MT=Variable	NT=TMT6plex;AC=UNIMOD:737;TA=K;MT=Fixed	NT=TMT6plex;AC=UNIMOD:737;PP=Any N-term;MT=Fixed	0.1 /h	MH34
MH34-rate0.1-rep1	Saccharomyces cerevisiae	not applicable	not applicable	1	not pooled	not applicable	cell	0.1 /h	MH34	Fusion_180705_52-TMT129N	proteomic profiling by mass spectrometry	1	Fusion_180705_52.raw	v1.1.0	NT=ms-proteomics;VV=v1.1.0	manual curation	NT=Data-dependent acquisition;AC=PRIDE:0000627	NT=Orbitrap Fusion;AC=MS:1002416	NT=Trypsin;AC=MS:1001251	TMT129N	6	NT=higher energy beam-type collision-induced dissociation;AC=MS:1002481	5 ppm	0.6 Da	NT=Methylthio;AC=UNIMOD:39;TA=C;MT=Fixed	NT=Oxidation;AC=UNIMOD:35;TA=M;MT=Variable	NT=TMT6plex;AC=UNIMOD:737;TA=K;MT=Fixed	NT=TMT6plex;AC=UNIMOD:737;PP=Any N-term;MT=Fixed	0.1 /h	MH34
MH34-rate0.1-rep1	Saccharomyces cerevisiae	not applicable	not applicable	1	not pooled	not applicable	cell	0.1 /h	MH34	Fusion_180705_53-TMT129N	proteomic profiling by mass spectrometry	1	Fusion_180705_53.raw	v1.1.0	NT=ms-proteomics;VV=v1.1.0	manual curation	NT=Data-dependent acquisition;AC=PRIDE:0000627	NT=Orbitrap Fusion;AC=MS:1002416	NT=Trypsin;AC=MS:1001251	TMT129N	7	NT=higher energy beam-type collision-induced dissociation;AC=MS:1002481	5 ppm	0.6 Da	NT=Methylthio;AC=UNIMOD:39;TA=C;MT=Fixed	NT=Oxidation;AC=UNIMOD:35;TA=M;MT=Variable	NT=TMT6plex;AC=UNIMOD:737;TA=K;MT=Fixed	NT=TMT6plex;AC=UNIMOD:737;PP=Any N-term;MT=Fixed	0.1 /h	MH34
MH34-rate0.1-rep1	Saccharomyces cerevisiae	not applicable	not applicable	1	not pooled	not applicable	cell	0.1 /h	MH34	Fusion_180705_54-TMT129N	proteomic profiling by mass spectrometry	1	Fusion_180705_54.raw	v1.1.0	NT=ms-proteomics;VV=v1.1.0	manual curation	NT=Data-dependent acquisition;AC=PRIDE:0000627	NT=Orbitrap Fusion;AC=MS:1002416	NT=Trypsin;AC=MS:1001251	TMT129N	8	NT=higher energy beam-type collision-induced dissociation;AC=MS:1002481	5 ppm	0.6 Da	NT=Methylthio;AC=UNIMOD:39;TA=C;MT=Fixed	NT=Oxidation;AC=UNIMOD:35;TA=M;MT=Variable	NT=TMT6plex;AC=UNIMOD:737;TA=K;MT=Fixed	NT=TMT6plex;AC=UNIMOD:737;PP=Any N-term;MT=Fixed	0.1 /h	MH34
MH34-rate0.1-rep1	Saccharomyces cerevisiae	not applicable	not applicable	1	not pooled	not applicable	cell	0.1 /h	MH34	Fusion_180705_55-TMT129N	proteomic profiling by mass spectrometry	1	Fusion_180705_55.raw	v1.1.0	NT=ms-proteomics;VV=v1.1.0	manual curation	NT=Data-dependent acquisition;AC=PRIDE:0000627	NT=Orbitrap Fusion;AC=MS:1002416	NT=Trypsin;AC=MS:1001251	TMT129N	9	NT=higher energy beam-type collision-induced dissociation;AC=MS:1002481	5 ppm	0.6 Da	NT=Methylthio;AC=UNIMOD:39;TA=C;MT=Fixed	NT=Oxidation;AC=UNIMOD:35;TA=M;MT=Variable	NT=TMT6plex;AC=UNIMOD:737;TA=K;MT=Fixed	NT=TMT6plex;AC=UNIMOD:737;PP=Any N-term;MT=Fixed	0.1 /h	MH34
MH34-rate0.1-rep1	Saccharomyces cerevisiae	not applicable	not applicable	1	not pooled	not applicable	cell	0.1 /h	MH34	Fusion_180705_56-TMT129N	proteomic profiling by mass spectrometry	1	Fusion_180705_56.raw	v1.1.0	NT=ms-proteomics;VV=v1.1.0	manual curation	NT=Data-dependent acquisition;AC=PRIDE:0000627	NT=Orbitrap Fusion;AC=MS:1002416	NT=Trypsin;AC=MS:1001251	TMT129N	10	NT=higher energy beam-type collision-induced dissociation;AC=MS:1002481	5 ppm	0.6 Da	NT=Methylthio;AC=UNIMOD:39;TA=C;MT=Fixed	NT=Oxidation;AC=UNIMOD:35;TA=M;MT=Variable	NT=TMT6plex;AC=UNIMOD:737;TA=K;MT=Fixed	NT=TMT6plex;AC=UNIMOD:737;PP=Any N-term;MT=Fixed	0.1 /h	MH34
MH34-rate0.1-rep1	Saccharomyces cerevisiae	not applicable	not applicable	1	not pooled	not applicable	cell	0.1 /h	MH34	Fusion_180705_57-TMT129N	proteomic profiling by mass spectrometry	1	Fusion_180705_57.raw	v1.1.0	NT=ms-proteomics;VV=v1.1.0	manual curation	NT=Data-dependent acquisition;AC=PRIDE:0000627	NT=Orbitrap Fusion;AC=MS:1002416	NT=Trypsin;AC=MS:1001251	TMT129N	11	NT=higher energy beam-type collision-induced dissociation;AC=MS:1002481	5 ppm	0.6 Da	NT=Methylthio;AC=UNIMOD:39;TA=C;MT=Fixed	NT=Oxidation;AC=UNIMOD:35;TA=M;MT=Variable	NT=TMT6plex;AC=UNIMOD:737;TA=K;MT=Fixed	NT=TMT6plex;AC=UNIMOD:737;PP=Any N-term;MT=Fixed	0.1 /h	MH34
MH34-rate0.1-rep1	Saccharomyces cerevisiae	not applicable	not applicable	1	not pooled	not applicable	cell	0.1 /h	MH34	Fusion_180705_58-TMT129N	proteomic profiling by mass spectrometry	1	Fusion_180705_58.raw	v1.1.0	NT=ms-proteomics;VV=v1.1.0	manual curation	NT=Data-dependent acquisition;AC=PRIDE:0000627	NT=Orbitrap Fusion;AC=MS:1002416	NT=Trypsin;AC=MS:1001251	TMT129N	12	NT=higher energy beam-type collision-induced dissociation;AC=MS:1002481	5 ppm	0.6 Da	NT=Methylthio;AC=UNIMOD:39;TA=C;MT=Fixed	NT=Oxidation;AC=UNIMOD:35;TA=M;MT=Variable	NT=TMT6plex;AC=UNIMOD:737;TA=K;MT=Fixed	NT=TMT6plex;AC=UNIMOD:737;PP=Any N-term;MT=Fixed	0.1 /h	MH34
MH34-rate0.1-rep1	Saccharomyces cerevisiae	not applicable	not applicable	1	not pooled	not applicable	cell	0.1 /h	MH34	Fusion_180705_59-TMT129N	proteomic profiling by mass spectrometry	1	Fusion_180705_59.raw	v1.1.0	NT=ms-proteomics;VV=v1.1.0	manual curation	NT=Data-dependent acquisition;AC=PRIDE:0000627	NT=Orbitrap Fusion;AC=MS:1002416	NT=Trypsin;AC=MS:1001251	TMT129N	13	NT=higher energy beam-type collision-induced dissociation;AC=MS:1002481	5 ppm	0.6 Da	NT=Methylthio;AC=UNIMOD:39;TA=C;MT=Fixed	NT=Oxidation;AC=UNIMOD:35;TA=M;MT=Variable	NT=TMT6plex;AC=UNIMOD:737;TA=K;MT=Fixed	NT=TMT6plex;AC=UNIMOD:737;PP=Any N-term;MT=Fixed	0.1 /h	MH34
MH34-rate0.1-rep1	Saccharomyces cerevisiae	not applicable	not applicable	1	not pooled	not applicable	cell	0.1 /h	MH34	Fusion_180705_60-TMT129N	proteomic profiling by mass spectrometry	1	Fusion_180705_60.raw	v1.1.0	NT=ms-proteomics;VV=v1.1.0	manual curation	NT=Data-dependent acquisition;AC=PRIDE:0000627	NT=Orbitrap Fusion;AC=MS:1002416	NT=Trypsin;AC=MS:1001251	TMT129N	14	NT=higher energy beam-type collision-induced dissociation;AC=MS:1002481	5 ppm	0.6 Da	NT=Methylthio;AC=UNIMOD:39;TA=C;MT=Fixed	NT=Oxidation;AC=UNIMOD:35;TA=M;MT=Variable	NT=TMT6plex;AC=UNIMOD:737;TA=K;MT=Fixed	NT=TMT6plex;AC=UNIMOD:737;PP=Any N-term;MT=Fixed	0.1 /h	MH34
MH34-rate0.1-rep1	Saccharomyces cerevisiae	not applicable	not applicable	1	not pooled	not applicable	cell	0.1 /h	MH34	Fusion_180705_61-TMT129N	proteomic profiling by mass spectrometry	1	Fusion_180705_61.raw	v1.1.0	NT=ms-proteomics;VV=v1.1.0	manual curation	NT=Data-dependent acquisition;AC=PRIDE:0000627	NT=Orbitrap Fusion;AC=MS:1002416	NT=Trypsin;AC=MS:1001251	TMT129N	15	NT=higher energy beam-type collision-induced dissociation;AC=MS:1002481	5 ppm	0.6 Da	NT=Methylthio;AC=UNIMOD:39;TA=C;MT=Fixed	NT=Oxidation;AC=UNIMOD:35;TA=M;MT=Variable	NT=TMT6plex;AC=UNIMOD:737;TA=K;MT=Fixed	NT=TMT6plex;AC=UNIMOD:737;PP=Any N-term;MT=Fixed	0.1 /h	MH34
MH34-rate0.1-rep1	Saccharomyces cerevisiae	not applicable	not applicable	1	not pooled	not applicable	cell	0.1 /h	MH34	Fusion_180705_62-TMT129N	proteomic profiling by mass spectrometry	1	Fusion_180705_62.raw	v1.1.0	NT=ms-proteomics;VV=v1.1.0	manual curation	NT=Data-dependent acquisition;AC=PRIDE:0000627	NT=Orbitrap Fusion;AC=MS:1002416	NT=Trypsin;AC=MS:1001251	TMT129N	16	NT=higher energy beam-type collision-induced dissociation;AC=MS:1002481	5 ppm	0.6 Da	NT=Methylthio;AC=UNIMOD:39;TA=C;MT=Fixed	NT=Oxidation;AC=UNIMOD:35;TA=M;MT=Variable	NT=TMT6plex;AC=UNIMOD:737;TA=K;MT=Fixed	NT=TMT6plex;AC=UNIMOD:737;PP=Any N-term;MT=Fixed	0.1 /h	MH34
MH34-rate0.1-rep1	Saccharomyces cerevisiae	not applicable	not applicable	1	not pooled	not applicable	cell	0.1 /h	MH34	Fusion_180705_63-TMT129N	proteomic profiling by mass spectrometry	1	Fusion_180705_63.raw	v1.1.0	NT=ms-proteomics;VV=v1.1.0	manual curation	NT=Data-dependent acquisition;AC=PRIDE:0000627	NT=Orbitrap Fusion;AC=MS:1002416	NT=Trypsin;AC=MS:1001251	TMT129N	17	NT=higher energy beam-type collision-induced dissociation;AC=MS:1002481	5 ppm	0.6 Da	NT=Methylthio;AC=UNIMOD:39;TA=C;MT=Fixed	NT=Oxidation;AC=UNIMOD:35;TA=M;MT=Variable	NT=TMT6plex;AC=UNIMOD:737;TA=K;MT=Fixed	NT=TMT6plex;AC=UNIMOD:737;PP=Any N-term;MT=Fixed	0.1 /h	MH34
MH34-rate0.1-rep1	Saccharomyces cerevisiae	not applicable	not applicable	1	not pooled	not applicable	cell	0.1 /h	MH34	Fusion_180705_64-TMT129N	proteomic profiling by mass spectrometry	1	Fusion_180705_64.raw	v1.1.0	NT=ms-proteomics;VV=v1.1.0	manual curation	NT=Data-dependent acquisition;AC=PRIDE:0000627	NT=Orbitrap Fusion;AC=MS:1002416	NT=Trypsin;AC=MS:1001251	TMT129N	18	NT=higher energy beam-type collision-induced dissociation;AC=MS:1002481	5 ppm	0.6 Da	NT=Methylthio;AC=UNIMOD:39;TA=C;MT=Fixed	NT=Oxidation;AC=UNIMOD:35;TA=M;MT=Variable	NT=TMT6plex;AC=UNIMOD:737;TA=K;MT=Fixed	NT=TMT6plex;AC=UNIMOD:737;PP=Any N-term;MT=Fixed	0.1 /h	MH34
MH34-rate0.1-rep1	Saccharomyces cerevisiae	not applicable	not applicable	1	not pooled	not applicable	cell	0.1 /h	MH34	Fusion_180705_65-TMT129N	proteomic profiling by mass spectrometry	1	Fusion_180705_65.raw	v1.1.0	NT=ms-proteomics;VV=v1.1.0	manual curation	NT=Data-dependent acquisition;AC=PRIDE:0000627	NT=Orbitrap Fusion;AC=MS:1002416	NT=Trypsin;AC=MS:1001251	TMT129N	19	NT=higher energy beam-type collision-induced dissociation;AC=MS:1002481	5 ppm	0.6 Da	NT=Methylthio;AC=UNIMOD:39;TA=C;MT=Fixed	NT=Oxidation;AC=UNIMOD:35;TA=M;MT=Variable	NT=TMT6plex;AC=UNIMOD:737;TA=K;MT=Fixed	NT=TMT6plex;AC=UNIMOD:737;PP=Any N-term;MT=Fixed	0.1 /h	MH34
MH34-rate0.1-rep1	Saccharomyces cerevisiae	not applicable	not applicable	1	not pooled	not applicable	cell	0.1 /h	MH34	Fusion_180705_66-TMT129N	proteomic profiling by mass spectrometry	1	Fusion_180705_66.raw	v1.1.0	NT=ms-proteomics;VV=v1.1.0	manual curation	NT=Data-dependent acquisition;AC=PRIDE:0000627	NT=Orbitrap Fusion;AC=MS:1002416	NT=Trypsin;AC=MS:1001251	TMT129N	20	NT=higher energy beam-type collision-induced dissociation;AC=MS:1002481	5 ppm	0.6 Da	NT=Methylthio;AC=UNIMOD:39;TA=C;MT=Fixed	NT=Oxidation;AC=UNIMOD:35;TA=M;MT=Variable	NT=TMT6plex;AC=UNIMOD:737;TA=K;MT=Fixed	NT=TMT6plex;AC=UNIMOD:737;PP=Any N-term;MT=Fixed	0.1 /h	MH34
MH34-rate0.2-rep1	Saccharomyces cerevisiae	not applicable	not applicable	1	not pooled	not applicable	cell	0.2 /h	MH34	Fusion_180705_47-TMT130C	proteomic profiling by mass spectrometry	1	Fusion_180705_47.raw	v1.1.0	NT=ms-proteomics;VV=v1.1.0	manual curation	NT=Data-dependent acquisition;AC=PRIDE:0000627	NT=Orbitrap Fusion;AC=MS:1002416	NT=Trypsin;AC=MS:1001251	TMT130C	1	NT=higher energy beam-type collision-induced dissociation;AC=MS:1002481	5 ppm	0.6 Da	NT=Methylthio;AC=UNIMOD:39;TA=C;MT=Fixed	NT=Oxidation;AC=UNIMOD:35;TA=M;MT=Variable	NT=TMT6plex;AC=UNIMOD:737;TA=K;MT=Fixed	NT=TMT6plex;AC=UNIMOD:737;PP=Any N-term;MT=Fixed	0.2 /h	MH34
MH34-rate0.2-rep1	Saccharomyces cerevisiae	not applicable	not applicable	1	not pooled	not applicable	cell	0.2 /h	MH34	Fusion_180705_48-TMT130C	proteomic profiling by mass spectrometry	1	Fusion_180705_48.raw	v1.1.0	NT=ms-proteomics;VV=v1.1.0	manual curation	NT=Data-dependent acquisition;AC=PRIDE:0000627	NT=Orbitrap Fusion;AC=MS:1002416	NT=Trypsin;AC=MS:1001251	TMT130C	2	NT=higher energy beam-type collision-induced dissociation;AC=MS:1002481	5 ppm	0.6 Da	NT=Methylthio;AC=UNIMOD:39;TA=C;MT=Fixed	NT=Oxidation;AC=UNIMOD:35;TA=M;MT=Variable	NT=TMT6plex;AC=UNIMOD:737;TA=K;MT=Fixed	NT=TMT6plex;AC=UNIMOD:737;PP=Any N-term;MT=Fixed	0.2 /h	MH34
MH34-rate0.2-rep1	Saccharomyces cerevisiae	not applicable	not applicable	1	not pooled	not applicable	cell	0.2 /h	MH34	Fusion_180705_49-TMT130C	proteomic profiling by mass spectrometry	1	Fusion_180705_49.raw	v1.1.0	NT=ms-proteomics;VV=v1.1.0	manual curation	NT=Data-dependent acquisition;AC=PRIDE:0000627	NT=Orbitrap Fusion;AC=MS:1002416	NT=Trypsin;AC=MS:1001251	TMT130C	3	NT=higher energy beam-type collision-induced dissociation;AC=MS:1002481	5 ppm	0.6 Da	NT=Methylthio;AC=UNIMOD:39;TA=C;MT=Fixed	NT=Oxidation;AC=UNIMOD:35;TA=M;MT=Variable	NT=TMT6plex;AC=UNIMOD:737;TA=K;MT=Fixed	NT=TMT6plex;AC=UNIMOD:737;PP=Any N-term;MT=Fixed	0.2 /h	MH34
MH34-rate0.2-rep1	Saccharomyces cerevisiae	not applicable	not applicable	1	not pooled	not applicable	cell	0.2 /h	MH34	Fusion_180705_50-TMT130C	proteomic profiling by mass spectrometry	1	Fusion_180705_50.raw	v1.1.0	NT=ms-proteomics;VV=v1.1.0	manual curation	NT=Data-dependent acquisition;AC=PRIDE:0000627	NT=Orbitrap Fusion;AC=MS:1002416	NT=Trypsin;AC=MS:1001251	TMT130C	4	NT=higher energy beam-type collision-induced dissociation;AC=MS:1002481	5 ppm	0.6 Da	NT=Methylthio;AC=UNIMOD:39;TA=C;MT=Fixed	NT=Oxidation;AC=UNIMOD:35;TA=M;MT=Variable	NT=TMT6plex;AC=UNIMOD:737;TA=K;MT=Fixed	NT=TMT6plex;AC=UNIMOD:737;PP=Any N-term;MT=Fixed	0.2 /h	MH34
MH34-rate0.2-rep1	Saccharomyces cerevisiae	not applicable	not applicable	1	not pooled	not applicable	cell	0.2 /h	MH34	Fusion_180705_51-TMT130C	proteomic profiling by mass spectrometry	1	Fusion_180705_51.raw	v1.1.0	NT=ms-proteomics;VV=v1.1.0	manual curation	NT=Data-dependent acquisition;AC=PRIDE:0000627	NT=Orbitrap Fusion;AC=MS:1002416	NT=Trypsin;AC=MS:1001251	TMT130C	5	NT=higher energy beam-type collision-induced dissociation;AC=MS:1002481	5 ppm	0.6 Da	NT=Methylthio;AC=UNIMOD:39;TA=C;MT=Fixed	NT=Oxidation;AC=UNIMOD:35;TA=M;MT=Variable	NT=TMT6plex;AC=UNIMOD:737;TA=K;MT=Fixed	NT=TMT6plex;AC=UNIMOD:737;PP=Any N-term;MT=Fixed	0.2 /h	MH34
MH34-rate0.2-rep1	Saccharomyces cerevisiae	not applicable	not applicable	1	not pooled	not applicable	cell	0.2 /h	MH34	Fusion_180705_52-TMT130C	proteomic profiling by mass spectrometry	1	Fusion_180705_52.raw	v1.1.0	NT=ms-proteomics;VV=v1.1.0	manual curation	NT=Data-dependent acquisition;AC=PRIDE:0000627	NT=Orbitrap Fusion;AC=MS:1002416	NT=Trypsin;AC=MS:1001251	TMT130C	6	NT=higher energy beam-type collision-induced dissociation;AC=MS:1002481	5 ppm	0.6 Da	NT=Methylthio;AC=UNIMOD:39;TA=C;MT=Fixed	NT=Oxidation;AC=UNIMOD:35;TA=M;MT=Variable	NT=TMT6plex;AC=UNIMOD:737;TA=K;MT=Fixed	NT=TMT6plex;AC=UNIMOD:737;PP=Any N-term;MT=Fixed	0.2 /h	MH34
MH34-rate0.2-rep1	Saccharomyces cerevisiae	not applicable	not applicable	1	not pooled	not applicable	cell	0.2 /h	MH34	Fusion_180705_53-TMT130C	proteomic profiling by mass spectrometry	1	Fusion_180705_53.raw	v1.1.0	NT=ms-proteomics;VV=v1.1.0	manual curation	NT=Data-dependent acquisition;AC=PRIDE:0000627	NT=Orbitrap Fusion;AC=MS:1002416	NT=Trypsin;AC=MS:1001251	TMT130C	7	NT=higher energy beam-type collision-induced dissociation;AC=MS:1002481	5 ppm	0.6 Da	NT=Methylthio;AC=UNIMOD:39;TA=C;MT=Fixed	NT=Oxidation;AC=UNIMOD:35;TA=M;MT=Variable	NT=TMT6plex;AC=UNIMOD:737;TA=K;MT=Fixed	NT=TMT6plex;AC=UNIMOD:737;PP=Any N-term;MT=Fixed	0.2 /h	MH34
MH34-rate0.2-rep1	Saccharomyces cerevisiae	not applicable	not applicable	1	not pooled	not applicable	cell	0.2 /h	MH34	Fusion_180705_54-TMT130C	proteomic profiling by mass spectrometry	1	Fusion_180705_54.raw	v1.1.0	NT=ms-proteomics;VV=v1.1.0	manual curation	NT=Data-dependent acquisition;AC=PRIDE:0000627	NT=Orbitrap Fusion;AC=MS:1002416	NT=Trypsin;AC=MS:1001251	TMT130C	8	NT=higher energy beam-type collision-induced dissociation;AC=MS:1002481	5 ppm	0.6 Da	NT=Methylthio;AC=UNIMOD:39;TA=C;MT=Fixed	NT=Oxidation;AC=UNIMOD:35;TA=M;MT=Variable	NT=TMT6plex;AC=UNIMOD:737;TA=K;MT=Fixed	NT=TMT6plex;AC=UNIMOD:737;PP=Any N-term;MT=Fixed	0.2 /h	MH34
MH34-rate0.2-rep1	Saccharomyces cerevisiae	not applicable	not applicable	1	not pooled	not applicable	cell	0.2 /h	MH34	Fusion_180705_55-TMT130C	proteomic profiling by mass spectrometry	1	Fusion_180705_55.raw	v1.1.0	NT=ms-proteomics;VV=v1.1.0	manual curation	NT=Data-dependent acquisition;AC=PRIDE:0000627	NT=Orbitrap Fusion;AC=MS:1002416	NT=Trypsin;AC=MS:1001251	TMT130C	9	NT=higher energy beam-type collision-induced dissociation;AC=MS:1002481	5 ppm	0.6 Da	NT=Methylthio;AC=UNIMOD:39;TA=C;MT=Fixed	NT=Oxidation;AC=UNIMOD:35;TA=M;MT=Variable	NT=TMT6plex;AC=UNIMOD:737;TA=K;MT=Fixed	NT=TMT6plex;AC=UNIMOD:737;PP=Any N-term;MT=Fixed	0.2 /h	MH34
MH34-rate0.2-rep1	Saccharomyces cerevisiae	not applicable	not applicable	1	not pooled	not applicable	cell	0.2 /h	MH34	Fusion_180705_56-TMT130C	proteomic profiling by mass spectrometry	1	Fusion_180705_56.raw	v1.1.0	NT=ms-proteomics;VV=v1.1.0	manual curation	NT=Data-dependent acquisition;AC=PRIDE:0000627	NT=Orbitrap Fusion;AC=MS:1002416	NT=Trypsin;AC=MS:1001251	TMT130C	10	NT=higher energy beam-type collision-induced dissociation;AC=MS:1002481	5 ppm	0.6 Da	NT=Methylthio;AC=UNIMOD:39;TA=C;MT=Fixed	NT=Oxidation;AC=UNIMOD:35;TA=M;MT=Variable	NT=TMT6plex;AC=UNIMOD:737;TA=K;MT=Fixed	NT=TMT6plex;AC=UNIMOD:737;PP=Any N-term;MT=Fixed	0.2 /h	MH34
MH34-rate0.2-rep1	Saccharomyces cerevisiae	not applicable	not applicable	1	not pooled	not applicable	cell	0.2 /h	MH34	Fusion_180705_57-TMT130C	proteomic profiling by mass spectrometry	1	Fusion_180705_57.raw	v1.1.0	NT=ms-proteomics;VV=v1.1.0	manual curation	NT=Data-dependent acquisition;AC=PRIDE:0000627	NT=Orbitrap Fusion;AC=MS:1002416	NT=Trypsin;AC=MS:1001251	TMT130C	11	NT=higher energy beam-type collision-induced dissociation;AC=MS:1002481	5 ppm	0.6 Da	NT=Methylthio;AC=UNIMOD:39;TA=C;MT=Fixed	NT=Oxidation;AC=UNIMOD:35;TA=M;MT=Variable	NT=TMT6plex;AC=UNIMOD:737;TA=K;MT=Fixed	NT=TMT6plex;AC=UNIMOD:737;PP=Any N-term;MT=Fixed	0.2 /h	MH34
MH34-rate0.2-rep1	Saccharomyces cerevisiae	not applicable	not applicable	1	not pooled	not applicable	cell	0.2 /h	MH34	Fusion_180705_58-TMT130C	proteomic profiling by mass spectrometry	1	Fusion_180705_58.raw	v1.1.0	NT=ms-proteomics;VV=v1.1.0	manual curation	NT=Data-dependent acquisition;AC=PRIDE:0000627	NT=Orbitrap Fusion;AC=MS:1002416	NT=Trypsin;AC=MS:1001251	TMT130C	12	NT=higher energy beam-type collision-induced dissociation;AC=MS:1002481	5 ppm	0.6 Da	NT=Methylthio;AC=UNIMOD:39;TA=C;MT=Fixed	NT=Oxidation;AC=UNIMOD:35;TA=M;MT=Variable	NT=TMT6plex;AC=UNIMOD:737;TA=K;MT=Fixed	NT=TMT6plex;AC=UNIMOD:737;PP=Any N-term;MT=Fixed	0.2 /h	MH34
MH34-rate0.2-rep1	Saccharomyces cerevisiae	not applicable	not applicable	1	not pooled	not applicable	cell	0.2 /h	MH34	Fusion_180705_59-TMT130C	proteomic profiling by mass spectrometry	1	Fusion_180705_59.raw	v1.1.0	NT=ms-proteomics;VV=v1.1.0	manual curation	NT=Data-dependent acquisition;AC=PRIDE:0000627	NT=Orbitrap Fusion;AC=MS:1002416	NT=Trypsin;AC=MS:1001251	TMT130C	13	NT=higher energy beam-type collision-induced dissociation;AC=MS:1002481	5 ppm	0.6 Da	NT=Methylthio;AC=UNIMOD:39;TA=C;MT=Fixed	NT=Oxidation;AC=UNIMOD:35;TA=M;MT=Variable	NT=TMT6plex;AC=UNIMOD:737;TA=K;MT=Fixed	NT=TMT6plex;AC=UNIMOD:737;PP=Any N-term;MT=Fixed	0.2 /h	MH34
MH34-rate0.2-rep1	Saccharomyces cerevisiae	not applicable	not applicable	1	not pooled	not applicable	cell	0.2 /h	MH34	Fusion_180705_60-TMT130C	proteomic profiling by mass spectrometry	1	Fusion_180705_60.raw	v1.1.0	NT=ms-proteomics;VV=v1.1.0	manual curation	NT=Data-dependent acquisition;AC=PRIDE:0000627	NT=Orbitrap Fusion;AC=MS:1002416	NT=Trypsin;AC=MS:1001251	TMT130C	14	NT=higher energy beam-type collision-induced dissociation;AC=MS:1002481	5 ppm	0.6 Da	NT=Methylthio;AC=UNIMOD:39;TA=C;MT=Fixed	NT=Oxidation;AC=UNIMOD:35;TA=M;MT=Variable	NT=TMT6plex;AC=UNIMOD:737;TA=K;MT=Fixed	NT=TMT6plex;AC=UNIMOD:737;PP=Any N-term;MT=Fixed	0.2 /h	MH34
MH34-rate0.2-rep1	Saccharomyces cerevisiae	not applicable	not applicable	1	not pooled	not applicable	cell	0.2 /h	MH34	Fusion_180705_61-TMT130C	proteomic profiling by mass spectrometry	1	Fusion_180705_61.raw	v1.1.0	NT=ms-proteomics;VV=v1.1.0	manual curation	NT=Data-dependent acquisition;AC=PRIDE:0000627	NT=Orbitrap Fusion;AC=MS:1002416	NT=Trypsin;AC=MS:1001251	TMT130C	15	NT=higher energy beam-type collision-induced dissociation;AC=MS:1002481	5 ppm	0.6 Da	NT=Methylthio;AC=UNIMOD:39;TA=C;MT=Fixed	NT=Oxidation;AC=UNIMOD:35;TA=M;MT=Variable	NT=TMT6plex;AC=UNIMOD:737;TA=K;MT=Fixed	NT=TMT6plex;AC=UNIMOD:737;PP=Any N-term;MT=Fixed	0.2 /h	MH34
MH34-rate0.2-rep1	Saccharomyces cerevisiae	not applicable	not applicable	1	not pooled	not applicable	cell	0.2 /h	MH34	Fusion_180705_62-TMT130C	proteomic profiling by mass spectrometry	1	Fusion_180705_62.raw	v1.1.0	NT=ms-proteomics;VV=v1.1.0	manual curation	NT=Data-dependent acquisition;AC=PRIDE:0000627	NT=Orbitrap Fusion;AC=MS:1002416	NT=Trypsin;AC=MS:1001251	TMT130C	16	NT=higher energy beam-type collision-induced dissociation;AC=MS:1002481	5 ppm	0.6 Da	NT=Methylthio;AC=UNIMOD:39;TA=C;MT=Fixed	NT=Oxidation;AC=UNIMOD:35;TA=M;MT=Variable	NT=TMT6plex;AC=UNIMOD:737;TA=K;MT=Fixed	NT=TMT6plex;AC=UNIMOD:737;PP=Any N-term;MT=Fixed	0.2 /h	MH34
MH34-rate0.2-rep1	Saccharomyces cerevisiae	not applicable	not applicable	1	not pooled	not applicable	cell	0.2 /h	MH34	Fusion_180705_63-TMT130C	proteomic profiling by mass spectrometry	1	Fusion_180705_63.raw	v1.1.0	NT=ms-proteomics;VV=v1.1.0	manual curation	NT=Data-dependent acquisition;AC=PRIDE:0000627	NT=Orbitrap Fusion;AC=MS:1002416	NT=Trypsin;AC=MS:1001251	TMT130C	17	NT=higher energy beam-type collision-induced dissociation;AC=MS:1002481	5 ppm	0.6 Da	NT=Methylthio;AC=UNIMOD:39;TA=C;MT=Fixed	NT=Oxidation;AC=UNIMOD:35;TA=M;MT=Variable	NT=TMT6plex;AC=UNIMOD:737;TA=K;MT=Fixed	NT=TMT6plex;AC=UNIMOD:737;PP=Any N-term;MT=Fixed	0.2 /h	MH34
MH34-rate0.2-rep1	Saccharomyces cerevisiae	not applicable	not applicable	1	not pooled	not applicable	cell	0.2 /h	MH34	Fusion_180705_64-TMT130C	proteomic profiling by mass spectrometry	1	Fusion_180705_64.raw	v1.1.0	NT=ms-proteomics;VV=v1.1.0	manual curation	NT=Data-dependent acquisition;AC=PRIDE:0000627	NT=Orbitrap Fusion;AC=MS:1002416	NT=Trypsin;AC=MS:1001251	TMT130C	18	NT=higher energy beam-type collision-induced dissociation;AC=MS:1002481	5 ppm	0.6 Da	NT=Methylthio;AC=UNIMOD:39;TA=C;MT=Fixed	NT=Oxidation;AC=UNIMOD:35;TA=M;MT=Variable	NT=TMT6plex;AC=UNIMOD:737;TA=K;MT=Fixed	NT=TMT6plex;AC=UNIMOD:737;PP=Any N-term;MT=Fixed	0.2 /h	MH34
MH34-rate0.2-rep1	Saccharomyces cerevisiae	not applicable	not applicable	1	not pooled	not applicable	cell	0.2 /h	MH34	Fusion_180705_65-TMT130C	proteomic profiling by mass spectrometry	1	Fusion_180705_65.raw	v1.1.0	NT=ms-proteomics;VV=v1.1.0	manual curation	NT=Data-dependent acquisition;AC=PRIDE:0000627	NT=Orbitrap Fusion;AC=MS:1002416	NT=Trypsin;AC=MS:1001251	TMT130C	19	NT=higher energy beam-type collision-induced dissociation;AC=MS:1002481	5 ppm	0.6 Da	NT=Methylthio;AC=UNIMOD:39;TA=C;MT=Fixed	NT=Oxidation;AC=UNIMOD:35;TA=M;MT=Variable	NT=TMT6plex;AC=UNIMOD:737;TA=K;MT=Fixed	NT=TMT6plex;AC=UNIMOD:737;PP=Any N-term;MT=Fixed	0.2 /h	MH34
MH34-rate0.2-rep1	Saccharomyces cerevisiae	not applicable	not applicable	1	not pooled	not applicable	cell	0.2 /h	MH34	Fusion_180705_66-TMT130C	proteomic profiling by mass spectrometry	1	Fusion_180705_66.raw	v1.1.0	NT=ms-proteomics;VV=v1.1.0	manual curation	NT=Data-dependent acquisition;AC=PRIDE:0000627	NT=Orbitrap Fusion;AC=MS:1002416	NT=Trypsin;AC=MS:1001251	TMT130C	20	NT=higher energy beam-type collision-induced dissociation;AC=MS:1002481	5 ppm	0.6 Da	NT=Methylthio;AC=UNIMOD:39;TA=C;MT=Fixed	NT=Oxidation;AC=UNIMOD:35;TA=M;MT=Variable	NT=TMT6plex;AC=UNIMOD:737;TA=K;MT=Fixed	NT=TMT6plex;AC=UNIMOD:737;PP=Any N-term;MT=Fixed	0.2 /h	MH34
AAC-rate0.2-rep1	Saccharomyces cerevisiae	not applicable	not applicable	1	not pooled	not applicable	cell	0.2 /h	AAC	Fusion_180705_47-TMT131C	proteomic profiling by mass spectrometry	1	Fusion_180705_47.raw	v1.1.0	NT=ms-proteomics;VV=v1.1.0	manual curation	NT=Data-dependent acquisition;AC=PRIDE:0000627	NT=Orbitrap Fusion;AC=MS:1002416	NT=Trypsin;AC=MS:1001251	TMT131C	1	NT=higher energy beam-type collision-induced dissociation;AC=MS:1002481	5 ppm	0.6 Da	NT=Methylthio;AC=UNIMOD:39;TA=C;MT=Fixed	NT=Oxidation;AC=UNIMOD:35;TA=M;MT=Variable	NT=TMT6plex;AC=UNIMOD:737;TA=K;MT=Fixed	NT=TMT6plex;AC=UNIMOD:737;PP=Any N-term;MT=Fixed	0.2 /h	AAC
AAC-rate0.2-rep1	Saccharomyces cerevisiae	not applicable	not applicable	1	not pooled	not applicable	cell	0.2 /h	AAC	Fusion_180705_48-TMT131C	proteomic profiling by mass spectrometry	1	Fusion_180705_48.raw	v1.1.0	NT=ms-proteomics;VV=v1.1.0	manual curation	NT=Data-dependent acquisition;AC=PRIDE:0000627	NT=Orbitrap Fusion;AC=MS:1002416	NT=Trypsin;AC=MS:1001251	TMT131C	2	NT=higher energy beam-type collision-induced dissociation;AC=MS:1002481	5 ppm	0.6 Da	NT=Methylthio;AC=UNIMOD:39;TA=C;MT=Fixed	NT=Oxidation;AC=UNIMOD:35;TA=M;MT=Variable	NT=TMT6plex;AC=UNIMOD:737;TA=K;MT=Fixed	NT=TMT6plex;AC=UNIMOD:737;PP=Any N-term;MT=Fixed	0.2 /h	AAC
AAC-rate0.2-rep1	Saccharomyces cerevisiae	not applicable	not applicable	1	not pooled	not applicable	cell	0.2 /h	AAC	Fusion_180705_49-TMT131C	proteomic profiling by mass spectrometry	1	Fusion_180705_49.raw	v1.1.0	NT=ms-proteomics;VV=v1.1.0	manual curation	NT=Data-dependent acquisition;AC=PRIDE:0000627	NT=Orbitrap Fusion;AC=MS:1002416	NT=Trypsin;AC=MS:1001251	TMT131C	3	NT=higher energy beam-type collision-induced dissociation;AC=MS:1002481	5 ppm	0.6 Da	NT=Methylthio;AC=UNIMOD:39;TA=C;MT=Fixed	NT=Oxidation;AC=UNIMOD:35;TA=M;MT=Variable	NT=TMT6plex;AC=UNIMOD:737;TA=K;MT=Fixed	NT=TMT6plex;AC=UNIMOD:737;PP=Any N-term;MT=Fixed	0.2 /h	AAC
AAC-rate0.2-rep1	Saccharomyces cerevisiae	not applicable	not applicable	1	not pooled	not applicable	cell	0.2 /h	AAC	Fusion_180705_50-TMT131C	proteomic profiling by mass spectrometry	1	Fusion_180705_50.raw	v1.1.0	NT=ms-proteomics;VV=v1.1.0	manual curation	NT=Data-dependent acquisition;AC=PRIDE:0000627	NT=Orbitrap Fusion;AC=MS:1002416	NT=Trypsin;AC=MS:1001251	TMT131C	4	NT=higher energy beam-type collision-induced dissociation;AC=MS:1002481	5 ppm	0.6 Da	NT=Methylthio;AC=UNIMOD:39;TA=C;MT=Fixed	NT=Oxidation;AC=UNIMOD:35;TA=M;MT=Variable	NT=TMT6plex;AC=UNIMOD:737;TA=K;MT=Fixed	NT=TMT6plex;AC=UNIMOD:737;PP=Any N-term;MT=Fixed	0.2 /h	AAC
AAC-rate0.2-rep1	Saccharomyces cerevisiae	not applicable	not applicable	1	not pooled	not applicable	cell	0.2 /h	AAC	Fusion_180705_51-TMT131C	proteomic profiling by mass spectrometry	1	Fusion_180705_51.raw	v1.1.0	NT=ms-proteomics;VV=v1.1.0	manual curation	NT=Data-dependent acquisition;AC=PRIDE:0000627	NT=Orbitrap Fusion;AC=MS:1002416	NT=Trypsin;AC=MS:1001251	TMT131C	5	NT=higher energy beam-type collision-induced dissociation;AC=MS:1002481	5 ppm	0.6 Da	NT=Methylthio;AC=UNIMOD:39;TA=C;MT=Fixed	NT=Oxidation;AC=UNIMOD:35;TA=M;MT=Variable	NT=TMT6plex;AC=UNIMOD:737;TA=K;MT=Fixed	NT=TMT6plex;AC=UNIMOD:737;PP=Any N-term;MT=Fixed	0.2 /h	AAC
AAC-rate0.2-rep1	Saccharomyces cerevisiae	not applicable	not applicable	1	not pooled	not applicable	cell	0.2 /h	AAC	Fusion_180705_52-TMT131C	proteomic profiling by mass spectrometry	1	Fusion_180705_52.raw	v1.1.0	NT=ms-proteomics;VV=v1.1.0	manual curation	NT=Data-dependent acquisition;AC=PRIDE:0000627	NT=Orbitrap Fusion;AC=MS:1002416	NT=Trypsin;AC=MS:1001251	TMT131C	6	NT=higher energy beam-type collision-induced dissociation;AC=MS:1002481	5 ppm	0.6 Da	NT=Methylthio;AC=UNIMOD:39;TA=C;MT=Fixed	NT=Oxidation;AC=UNIMOD:35;TA=M;MT=Variable	NT=TMT6plex;AC=UNIMOD:737;TA=K;MT=Fixed	NT=TMT6plex;AC=UNIMOD:737;PP=Any N-term;MT=Fixed	0.2 /h	AAC
AAC-rate0.2-rep1	Saccharomyces cerevisiae	not applicable	not applicable	1	not pooled	not applicable	cell	0.2 /h	AAC	Fusion_180705_53-TMT131C	proteomic profiling by mass spectrometry	1	Fusion_180705_53.raw	v1.1.0	NT=ms-proteomics;VV=v1.1.0	manual curation	NT=Data-dependent acquisition;AC=PRIDE:0000627	NT=Orbitrap Fusion;AC=MS:1002416	NT=Trypsin;AC=MS:1001251	TMT131C	7	NT=higher energy beam-type collision-induced dissociation;AC=MS:1002481	5 ppm	0.6 Da	NT=Methylthio;AC=UNIMOD:39;TA=C;MT=Fixed	NT=Oxidation;AC=UNIMOD:35;TA=M;MT=Variable	NT=TMT6plex;AC=UNIMOD:737;TA=K;MT=Fixed	NT=TMT6plex;AC=UNIMOD:737;PP=Any N-term;MT=Fixed	0.2 /h	AAC
AAC-rate0.2-rep1	Saccharomyces cerevisiae	not applicable	not applicable	1	not pooled	not applicable	cell	0.2 /h	AAC	Fusion_180705_54-TMT131C	proteomic profiling by mass spectrometry	1	Fusion_180705_54.raw	v1.1.0	NT=ms-proteomics;VV=v1.1.0	manual curation	NT=Data-dependent acquisition;AC=PRIDE:0000627	NT=Orbitrap Fusion;AC=MS:1002416	NT=Trypsin;AC=MS:1001251	TMT131C	8	NT=higher energy beam-type collision-induced dissociation;AC=MS:1002481	5 ppm	0.6 Da	NT=Methylthio;AC=UNIMOD:39;TA=C;MT=Fixed	NT=Oxidation;AC=UNIMOD:35;TA=M;MT=Variable	NT=TMT6plex;AC=UNIMOD:737;TA=K;MT=Fixed	NT=TMT6plex;AC=UNIMOD:737;PP=Any N-term;MT=Fixed	0.2 /h	AAC
AAC-rate0.2-rep1	Saccharomyces cerevisiae	not applicable	not applicable	1	not pooled	not applicable	cell	0.2 /h	AAC	Fusion_180705_55-TMT131C	proteomic profiling by mass spectrometry	1	Fusion_180705_55.raw	v1.1.0	NT=ms-proteomics;VV=v1.1.0	manual curation	NT=Data-dependent acquisition;AC=PRIDE:0000627	NT=Orbitrap Fusion;AC=MS:1002416	NT=Trypsin;AC=MS:1001251	TMT131C	9	NT=higher energy beam-type collision-induced dissociation;AC=MS:1002481	5 ppm	0.6 Da	NT=Methylthio;AC=UNIMOD:39;TA=C;MT=Fixed	NT=Oxidation;AC=UNIMOD:35;TA=M;MT=Variable	NT=TMT6plex;AC=UNIMOD:737;TA=K;MT=Fixed	NT=TMT6plex;AC=UNIMOD:737;PP=Any N-term;MT=Fixed	0.2 /h	AAC
AAC-rate0.2-rep1	Saccharomyces cerevisiae	not applicable	not applicable	1	not pooled	not applicable	cell	0.2 /h	AAC	Fusion_180705_56-TMT131C	proteomic profiling by mass spectrometry	1	Fusion_180705_56.raw	v1.1.0	NT=ms-proteomics;VV=v1.1.0	manual curation	NT=Data-dependent acquisition;AC=PRIDE:0000627	NT=Orbitrap Fusion;AC=MS:1002416	NT=Trypsin;AC=MS:1001251	TMT131C	10	NT=higher energy beam-type collision-induced dissociation;AC=MS:1002481	5 ppm	0.6 Da	NT=Methylthio;AC=UNIMOD:39;TA=C;MT=Fixed	NT=Oxidation;AC=UNIMOD:35;TA=M;MT=Variable	NT=TMT6plex;AC=UNIMOD:737;TA=K;MT=Fixed	NT=TMT6plex;AC=UNIMOD:737;PP=Any N-term;MT=Fixed	0.2 /h	AAC
AAC-rate0.2-rep1	Saccharomyces cerevisiae	not applicable	not applicable	1	not pooled	not applicable	cell	0.2 /h	AAC	Fusion_180705_57-TMT131C	proteomic profiling by mass spectrometry	1	Fusion_180705_57.raw	v1.1.0	NT=ms-proteomics;VV=v1.1.0	manual curation	NT=Data-dependent acquisition;AC=PRIDE:0000627	NT=Orbitrap Fusion;AC=MS:1002416	NT=Trypsin;AC=MS:1001251	TMT131C	11	NT=higher energy beam-type collision-induced dissociation;AC=MS:1002481	5 ppm	0.6 Da	NT=Methylthio;AC=UNIMOD:39;TA=C;MT=Fixed	NT=Oxidation;AC=UNIMOD:35;TA=M;MT=Variable	NT=TMT6plex;AC=UNIMOD:737;TA=K;MT=Fixed	NT=TMT6plex;AC=UNIMOD:737;PP=Any N-term;MT=Fixed	0.2 /h	AAC
AAC-rate0.2-rep1	Saccharomyces cerevisiae	not applicable	not applicable	1	not pooled	not applicable	cell	0.2 /h	AAC	Fusion_180705_58-TMT131C	proteomic profiling by mass spectrometry	1	Fusion_180705_58.raw	v1.1.0	NT=ms-proteomics;VV=v1.1.0	manual curation	NT=Data-dependent acquisition;AC=PRIDE:0000627	NT=Orbitrap Fusion;AC=MS:1002416	NT=Trypsin;AC=MS:1001251	TMT131C	12	NT=higher energy beam-type collision-induced dissociation;AC=MS:1002481	5 ppm	0.6 Da	NT=Methylthio;AC=UNIMOD:39;TA=C;MT=Fixed	NT=Oxidation;AC=UNIMOD:35;TA=M;MT=Variable	NT=TMT6plex;AC=UNIMOD:737;TA=K;MT=Fixed	NT=TMT6plex;AC=UNIMOD:737;PP=Any N-term;MT=Fixed	0.2 /h	AAC
AAC-rate0.2-rep1	Saccharomyces cerevisiae	not applicable	not applicable	1	not pooled	not applicable	cell	0.2 /h	AAC	Fusion_180705_59-TMT131C	proteomic profiling by mass spectrometry	1	Fusion_180705_59.raw	v1.1.0	NT=ms-proteomics;VV=v1.1.0	manual curation	NT=Data-dependent acquisition;AC=PRIDE:0000627	NT=Orbitrap Fusion;AC=MS:1002416	NT=Trypsin;AC=MS:1001251	TMT131C	13	NT=higher energy beam-type collision-induced dissociation;AC=MS:1002481	5 ppm	0.6 Da	NT=Methylthio;AC=UNIMOD:39;TA=C;MT=Fixed	NT=Oxidation;AC=UNIMOD:35;TA=M;MT=Variable	NT=TMT6plex;AC=UNIMOD:737;TA=K;MT=Fixed	NT=TMT6plex;AC=UNIMOD:737;PP=Any N-term;MT=Fixed	0.2 /h	AAC
AAC-rate0.2-rep1	Saccharomyces cerevisiae	not applicable	not applicable	1	not pooled	not applicable	cell	0.2 /h	AAC	Fusion_180705_60-TMT131C	proteomic profiling by mass spectrometry	1	Fusion_180705_60.raw	v1.1.0	NT=ms-proteomics;VV=v1.1.0	manual curation	NT=Data-dependent acquisition;AC=PRIDE:0000627	NT=Orbitrap Fusion;AC=MS:1002416	NT=Trypsin;AC=MS:1001251	TMT131C	14	NT=higher energy beam-type collision-induced dissociation;AC=MS:1002481	5 ppm	0.6 Da	NT=Methylthio;AC=UNIMOD:39;TA=C;MT=Fixed	NT=Oxidation;AC=UNIMOD:35;TA=M;MT=Variable	NT=TMT6plex;AC=UNIMOD:737;TA=K;MT=Fixed	NT=TMT6plex;AC=UNIMOD:737;PP=Any N-term;MT=Fixed	0.2 /h	AAC
AAC-rate0.2-rep1	Saccharomyces cerevisiae	not applicable	not applicable	1	not pooled	not applicable	cell	0.2 /h	AAC	Fusion_180705_61-TMT131C	proteomic profiling by mass spectrometry	1	Fusion_180705_61.raw	v1.1.0	NT=ms-proteomics;VV=v1.1.0	manual curation	NT=Data-dependent acquisition;AC=PRIDE:0000627	NT=Orbitrap Fusion;AC=MS:1002416	NT=Trypsin;AC=MS:1001251	TMT131C	15	NT=higher energy beam-type collision-induced dissociation;AC=MS:1002481	5 ppm	0.6 Da	NT=Methylthio;AC=UNIMOD:39;TA=C;MT=Fixed	NT=Oxidation;AC=UNIMOD:35;TA=M;MT=Variable	NT=TMT6plex;AC=UNIMOD:737;TA=K;MT=Fixed	NT=TMT6plex;AC=UNIMOD:737;PP=Any N-term;MT=Fixed	0.2 /h	AAC
AAC-rate0.2-rep1	Saccharomyces cerevisiae	not applicable	not applicable	1	not pooled	not applicable	cell	0.2 /h	AAC	Fusion_180705_62-TMT131C	proteomic profiling by mass spectrometry	1	Fusion_180705_62.raw	v1.1.0	NT=ms-proteomics;VV=v1.1.0	manual curation	NT=Data-dependent acquisition;AC=PRIDE:0000627	NT=Orbitrap Fusion;AC=MS:1002416	NT=Trypsin;AC=MS:1001251	TMT131C	16	NT=higher energy beam-type collision-induced dissociation;AC=MS:1002481	5 ppm	0.6 Da	NT=Methylthio;AC=UNIMOD:39;TA=C;MT=Fixed	NT=Oxidation;AC=UNIMOD:35;TA=M;MT=Variable	NT=TMT6plex;AC=UNIMOD:737;TA=K;MT=Fixed	NT=TMT6plex;AC=UNIMOD:737;PP=Any N-term;MT=Fixed	0.2 /h	AAC
AAC-rate0.2-rep1	Saccharomyces cerevisiae	not applicable	not applicable	1	not pooled	not applicable	cell	0.2 /h	AAC	Fusion_180705_63-TMT131C	proteomic profiling by mass spectrometry	1	Fusion_180705_63.raw	v1.1.0	NT=ms-proteomics;VV=v1.1.0	manual curation	NT=Data-dependent acquisition;AC=PRIDE:0000627	NT=Orbitrap Fusion;AC=MS:1002416	NT=Trypsin;AC=MS:1001251	TMT131C	17	NT=higher energy beam-type collision-induced dissociation;AC=MS:1002481	5 ppm	0.6 Da	NT=Methylthio;AC=UNIMOD:39;TA=C;MT=Fixed	NT=Oxidation;AC=UNIMOD:35;TA=M;MT=Variable	NT=TMT6plex;AC=UNIMOD:737;TA=K;MT=Fixed	NT=TMT6plex;AC=UNIMOD:737;PP=Any N-term;MT=Fixed	0.2 /h	AAC
AAC-rate0.2-rep1	Saccharomyces cerevisiae	not applicable	not applicable	1	not pooled	not applicable	cell	0.2 /h	AAC	Fusion_180705_64-TMT131C	proteomic profiling by mass spectrometry	1	Fusion_180705_64.raw	v1.1.0	NT=ms-proteomics;VV=v1.1.0	manual curation	NT=Data-dependent acquisition;AC=PRIDE:0000627	NT=Orbitrap Fusion;AC=MS:1002416	NT=Trypsin;AC=MS:1001251	TMT131C	18	NT=higher energy beam-type collision-induced dissociation;AC=MS:1002481	5 ppm	0.6 Da	NT=Methylthio;AC=UNIMOD:39;TA=C;MT=Fixed	NT=Oxidation;AC=UNIMOD:35;TA=M;MT=Variable	NT=TMT6plex;AC=UNIMOD:737;TA=K;MT=Fixed	NT=TMT6plex;AC=UNIMOD:737;PP=Any N-term;MT=Fixed	0.2 /h	AAC
AAC-rate0.2-rep1	Saccharomyces cerevisiae	not applicable	not applicable	1	not pooled	not applicable	cell	0.2 /h	AAC	Fusion_180705_65-TMT131C	proteomic profiling by mass spectrometry	1	Fusion_180705_65.raw	v1.1.0	NT=ms-proteomics;VV=v1.1.0	manual curation	NT=Data-dependent acquisition;AC=PRIDE:0000627	NT=Orbitrap Fusion;AC=MS:1002416	NT=Trypsin;AC=MS:1001251	TMT131C	19	NT=higher energy beam-type collision-induced dissociation;AC=MS:1002481	5 ppm	0.6 Da	NT=Methylthio;AC=UNIMOD:39;TA=C;MT=Fixed	NT=Oxidation;AC=UNIMOD:35;TA=M;MT=Variable	NT=TMT6plex;AC=UNIMOD:737;TA=K;MT=Fixed	NT=TMT6plex;AC=UNIMOD:737;PP=Any N-term;MT=Fixed	0.2 /h	AAC
AAC-rate0.2-rep1	Saccharomyces cerevisiae	not applicable	not applicable	1	not pooled	not applicable	cell	0.2 /h	AAC	Fusion_180705_66-TMT131C	proteomic profiling by mass spectrometry	1	Fusion_180705_66.raw	v1.1.0	NT=ms-proteomics;VV=v1.1.0	manual curation	NT=Data-dependent acquisition;AC=PRIDE:0000627	NT=Orbitrap Fusion;AC=MS:1002416	NT=Trypsin;AC=MS:1001251	TMT131C	20	NT=higher energy beam-type collision-induced dissociation;AC=MS:1002481	5 ppm	0.6 Da	NT=Methylthio;AC=UNIMOD:39;TA=C;MT=Fixed	NT=Oxidation;AC=UNIMOD:35;TA=M;MT=Variable	NT=TMT6plex;AC=UNIMOD:737;TA=K;MT=Fixed	NT=TMT6plex;AC=UNIMOD:737;PP=Any N-term;MT=Fixed	0.2 /h	AAC
reference-pool	Saccharomyces cerevisiae	not applicable	not applicable	pooled	pooled	not applicable	cell	not applicable	CEN.PK 113-7D	Fusion_180709_73-TMT126	proteomic profiling by mass spectrometry	2	Fusion_180709_73.raw	v1.1.0	NT=ms-proteomics;VV=v1.1.0	manual curation	NT=Data-dependent acquisition;AC=PRIDE:0000627	NT=Orbitrap Fusion;AC=MS:1002416	NT=Trypsin;AC=MS:1001251	TMT126	1	NT=higher energy beam-type collision-induced dissociation;AC=MS:1002481	5 ppm	0.6 Da	NT=Methylthio;AC=UNIMOD:39;TA=C;MT=Fixed	NT=Oxidation;AC=UNIMOD:35;TA=M;MT=Variable	NT=TMT6plex;AC=UNIMOD:737;TA=K;MT=Fixed	NT=TMT6plex;AC=UNIMOD:737;PP=Any N-term;MT=Fixed	not applicable	CEN.PK 113-7D
reference-pool	Saccharomyces cerevisiae	not applicable	not applicable	pooled	pooled	not applicable	cell	not applicable	CEN.PK 113-7D	Fusion_180709_74-TMT126	proteomic profiling by mass spectrometry	2	Fusion_180709_74.raw	v1.1.0	NT=ms-proteomics;VV=v1.1.0	manual curation	NT=Data-dependent acquisition;AC=PRIDE:0000627	NT=Orbitrap Fusion;AC=MS:1002416	NT=Trypsin;AC=MS:1001251	TMT126	2	NT=higher energy beam-type collision-induced dissociation;AC=MS:1002481	5 ppm	0.6 Da	NT=Methylthio;AC=UNIMOD:39;TA=C;MT=Fixed	NT=Oxidation;AC=UNIMOD:35;TA=M;MT=Variable	NT=TMT6plex;AC=UNIMOD:737;TA=K;MT=Fixed	NT=TMT6plex;AC=UNIMOD:737;PP=Any N-term;MT=Fixed	not applicable	CEN.PK 113-7D
reference-pool	Saccharomyces cerevisiae	not applicable	not applicable	pooled	pooled	not applicable	cell	not applicable	CEN.PK 113-7D	Fusion_180709_75-TMT126	proteomic profiling by mass spectrometry	2	Fusion_180709_75.raw	v1.1.0	NT=ms-proteomics;VV=v1.1.0	manual curation	NT=Data-dependent acquisition;AC=PRIDE:0000627	NT=Orbitrap Fusion;AC=MS:1002416	NT=Trypsin;AC=MS:1001251	TMT126	3	NT=higher energy beam-type collision-induced dissociation;AC=MS:1002481	5 ppm	0.6 Da	NT=Methylthio;AC=UNIMOD:39;TA=C;MT=Fixed	NT=Oxidation;AC=UNIMOD:35;TA=M;MT=Variable	NT=TMT6plex;AC=UNIMOD:737;TA=K;MT=Fixed	NT=TMT6plex;AC=UNIMOD:737;PP=Any N-term;MT=Fixed	not applicable	CEN.PK 113-7D
reference-pool	Saccharomyces cerevisiae	not applicable	not applicable	pooled	pooled	not applicable	cell	not applicable	CEN.PK 113-7D	Fusion_180709_76-TMT126	proteomic profiling by mass spectrometry	2	Fusion_180709_76.raw	v1.1.0	NT=ms-proteomics;VV=v1.1.0	manual curation	NT=Data-dependent acquisition;AC=PRIDE:0000627	NT=Orbitrap Fusion;AC=MS:1002416	NT=Trypsin;AC=MS:1001251	TMT126	4	NT=higher energy beam-type collision-induced dissociation;AC=MS:1002481	5 ppm	0.6 Da	NT=Methylthio;AC=UNIMOD:39;TA=C;MT=Fixed	NT=Oxidation;AC=UNIMOD:35;TA=M;MT=Variable	NT=TMT6plex;AC=UNIMOD:737;TA=K;MT=Fixed	NT=TMT6plex;AC=UNIMOD:737;PP=Any N-term;MT=Fixed	not applicable	CEN.PK 113-7D
reference-pool	Saccharomyces cerevisiae	not applicable	not applicable	pooled	pooled	not applicable	cell	not applicable	CEN.PK 113-7D	Fusion_180709_77-TMT126	proteomic profiling by mass spectrometry	2	Fusion_180709_77.raw	v1.1.0	NT=ms-proteomics;VV=v1.1.0	manual curation	NT=Data-dependent acquisition;AC=PRIDE:0000627	NT=Orbitrap Fusion;AC=MS:1002416	NT=Trypsin;AC=MS:1001251	TMT126	5	NT=higher energy beam-type collision-induced dissociation;AC=MS:1002481	5 ppm	0.6 Da	NT=Methylthio;AC=UNIMOD:39;TA=C;MT=Fixed	NT=Oxidation;AC=UNIMOD:35;TA=M;MT=Variable	NT=TMT6plex;AC=UNIMOD:737;TA=K;MT=Fixed	NT=TMT6plex;AC=UNIMOD:737;PP=Any N-term;MT=Fixed	not applicable	CEN.PK 113-7D
reference-pool	Saccharomyces cerevisiae	not applicable	not applicable	pooled	pooled	not applicable	cell	not applicable	CEN.PK 113-7D	Fusion_180709_78-TMT126	proteomic profiling by mass spectrometry	2	Fusion_180709_78.raw	v1.1.0	NT=ms-proteomics;VV=v1.1.0	manual curation	NT=Data-dependent acquisition;AC=PRIDE:0000627	NT=Orbitrap Fusion;AC=MS:1002416	NT=Trypsin;AC=MS:1001251	TMT126	6	NT=higher energy beam-type collision-induced dissociation;AC=MS:1002481	5 ppm	0.6 Da	NT=Methylthio;AC=UNIMOD:39;TA=C;MT=Fixed	NT=Oxidation;AC=UNIMOD:35;TA=M;MT=Variable	NT=TMT6plex;AC=UNIMOD:737;TA=K;MT=Fixed	NT=TMT6plex;AC=UNIMOD:737;PP=Any N-term;MT=Fixed	not applicable	CEN.PK 113-7D
reference-pool	Saccharomyces cerevisiae	not applicable	not applicable	pooled	pooled	not applicable	cell	not applicable	CEN.PK 113-7D	Fusion_180709_79-TMT126	proteomic profiling by mass spectrometry	2	Fusion_180709_79.raw	v1.1.0	NT=ms-proteomics;VV=v1.1.0	manual curation	NT=Data-dependent acquisition;AC=PRIDE:0000627	NT=Orbitrap Fusion;AC=MS:1002416	NT=Trypsin;AC=MS:1001251	TMT126	7	NT=higher energy beam-type collision-induced dissociation;AC=MS:1002481	5 ppm	0.6 Da	NT=Methylthio;AC=UNIMOD:39;TA=C;MT=Fixed	NT=Oxidation;AC=UNIMOD:35;TA=M;MT=Variable	NT=TMT6plex;AC=UNIMOD:737;TA=K;MT=Fixed	NT=TMT6plex;AC=UNIMOD:737;PP=Any N-term;MT=Fixed	not applicable	CEN.PK 113-7D
reference-pool	Saccharomyces cerevisiae	not applicable	not applicable	pooled	pooled	not applicable	cell	not applicable	CEN.PK 113-7D	Fusion_180709_80-TMT126	proteomic profiling by mass spectrometry	2	Fusion_180709_80.raw	v1.1.0	NT=ms-proteomics;VV=v1.1.0	manual curation	NT=Data-dependent acquisition;AC=PRIDE:0000627	NT=Orbitrap Fusion;AC=MS:1002416	NT=Trypsin;AC=MS:1001251	TMT126	8	NT=higher energy beam-type collision-induced dissociation;AC=MS:1002481	5 ppm	0.6 Da	NT=Methylthio;AC=UNIMOD:39;TA=C;MT=Fixed	NT=Oxidation;AC=UNIMOD:35;TA=M;MT=Variable	NT=TMT6plex;AC=UNIMOD:737;TA=K;MT=Fixed	NT=TMT6plex;AC=UNIMOD:737;PP=Any N-term;MT=Fixed	not applicable	CEN.PK 113-7D
reference-pool	Saccharomyces cerevisiae	not applicable	not applicable	pooled	pooled	not applicable	cell	not applicable	CEN.PK 113-7D	Fusion_180709_81-TMT126	proteomic profiling by mass spectrometry	2	Fusion_180709_81.raw	v1.1.0	NT=ms-proteomics;VV=v1.1.0	manual curation	NT=Data-dependent acquisition;AC=PRIDE:0000627	NT=Orbitrap Fusion;AC=MS:1002416	NT=Trypsin;AC=MS:1001251	TMT126	9	NT=higher energy beam-type collision-induced dissociation;AC=MS:1002481	5 ppm	0.6 Da	NT=Methylthio;AC=UNIMOD:39;TA=C;MT=Fixed	NT=Oxidation;AC=UNIMOD:35;TA=M;MT=Variable	NT=TMT6plex;AC=UNIMOD:737;TA=K;MT=Fixed	NT=TMT6plex;AC=UNIMOD:737;PP=Any N-term;MT=Fixed	not applicable	CEN.PK 113-7D
reference-pool	Saccharomyces cerevisiae	not applicable	not applicable	pooled	pooled	not applicable	cell	not applicable	CEN.PK 113-7D	Fusion_180709_82-TMT126	proteomic profiling by mass spectrometry	2	Fusion_180709_82.raw	v1.1.0	NT=ms-proteomics;VV=v1.1.0	manual curation	NT=Data-dependent acquisition;AC=PRIDE:0000627	NT=Orbitrap Fusion;AC=MS:1002416	NT=Trypsin;AC=MS:1001251	TMT126	10	NT=higher energy beam-type collision-induced dissociation;AC=MS:1002481	5 ppm	0.6 Da	NT=Methylthio;AC=UNIMOD:39;TA=C;MT=Fixed	NT=Oxidation;AC=UNIMOD:35;TA=M;MT=Variable	NT=TMT6plex;AC=UNIMOD:737;TA=K;MT=Fixed	NT=TMT6plex;AC=UNIMOD:737;PP=Any N-term;MT=Fixed	not applicable	CEN.PK 113-7D
reference-pool	Saccharomyces cerevisiae	not applicable	not applicable	pooled	pooled	not applicable	cell	not applicable	CEN.PK 113-7D	Fusion_180709_83-TMT126	proteomic profiling by mass spectrometry	2	Fusion_180709_83.raw	v1.1.0	NT=ms-proteomics;VV=v1.1.0	manual curation	NT=Data-dependent acquisition;AC=PRIDE:0000627	NT=Orbitrap Fusion;AC=MS:1002416	NT=Trypsin;AC=MS:1001251	TMT126	11	NT=higher energy beam-type collision-induced dissociation;AC=MS:1002481	5 ppm	0.6 Da	NT=Methylthio;AC=UNIMOD:39;TA=C;MT=Fixed	NT=Oxidation;AC=UNIMOD:35;TA=M;MT=Variable	NT=TMT6plex;AC=UNIMOD:737;TA=K;MT=Fixed	NT=TMT6plex;AC=UNIMOD:737;PP=Any N-term;MT=Fixed	not applicable	CEN.PK 113-7D
reference-pool	Saccharomyces cerevisiae	not applicable	not applicable	pooled	pooled	not applicable	cell	not applicable	CEN.PK 113-7D	Fusion_180709_84-TMT126	proteomic profiling by mass spectrometry	2	Fusion_180709_84.raw	v1.1.0	NT=ms-proteomics;VV=v1.1.0	manual curation	NT=Data-dependent acquisition;AC=PRIDE:0000627	NT=Orbitrap Fusion;AC=MS:1002416	NT=Trypsin;AC=MS:1001251	TMT126	12	NT=higher energy beam-type collision-induced dissociation;AC=MS:1002481	5 ppm	0.6 Da	NT=Methylthio;AC=UNIMOD:39;TA=C;MT=Fixed	NT=Oxidation;AC=UNIMOD:35;TA=M;MT=Variable	NT=TMT6plex;AC=UNIMOD:737;TA=K;MT=Fixed	NT=TMT6plex;AC=UNIMOD:737;PP=Any N-term;MT=Fixed	not applicable	CEN.PK 113-7D
reference-pool	Saccharomyces cerevisiae	not applicable	not applicable	pooled	pooled	not applicable	cell	not applicable	CEN.PK 113-7D	Fusion_180709_85-TMT126	proteomic profiling by mass spectrometry	2	Fusion_180709_85.raw	v1.1.0	NT=ms-proteomics;VV=v1.1.0	manual curation	NT=Data-dependent acquisition;AC=PRIDE:0000627	NT=Orbitrap Fusion;AC=MS:1002416	NT=Trypsin;AC=MS:1001251	TMT126	13	NT=higher energy beam-type collision-induced dissociation;AC=MS:1002481	5 ppm	0.6 Da	NT=Methylthio;AC=UNIMOD:39;TA=C;MT=Fixed	NT=Oxidation;AC=UNIMOD:35;TA=M;MT=Variable	NT=TMT6plex;AC=UNIMOD:737;TA=K;MT=Fixed	NT=TMT6plex;AC=UNIMOD:737;PP=Any N-term;MT=Fixed	not applicable	CEN.PK 113-7D
reference-pool	Saccharomyces cerevisiae	not applicable	not applicable	pooled	pooled	not applicable	cell	not applicable	CEN.PK 113-7D	Fusion_180709_86-TMT126	proteomic profiling by mass spectrometry	2	Fusion_180709_86.raw	v1.1.0	NT=ms-proteomics;VV=v1.1.0	manual curation	NT=Data-dependent acquisition;AC=PRIDE:0000627	NT=Orbitrap Fusion;AC=MS:1002416	NT=Trypsin;AC=MS:1001251	TMT126	14	NT=higher energy beam-type collision-induced dissociation;AC=MS:1002481	5 ppm	0.6 Da	NT=Methylthio;AC=UNIMOD:39;TA=C;MT=Fixed	NT=Oxidation;AC=UNIMOD:35;TA=M;MT=Variable	NT=TMT6plex;AC=UNIMOD:737;TA=K;MT=Fixed	NT=TMT6plex;AC=UNIMOD:737;PP=Any N-term;MT=Fixed	not applicable	CEN.PK 113-7D
reference-pool	Saccharomyces cerevisiae	not applicable	not applicable	pooled	pooled	not applicable	cell	not applicable	CEN.PK 113-7D	Fusion_180709_87-TMT126	proteomic profiling by mass spectrometry	2	Fusion_180709_87.raw	v1.1.0	NT=ms-proteomics;VV=v1.1.0	manual curation	NT=Data-dependent acquisition;AC=PRIDE:0000627	NT=Orbitrap Fusion;AC=MS:1002416	NT=Trypsin;AC=MS:1001251	TMT126	15	NT=higher energy beam-type collision-induced dissociation;AC=MS:1002481	5 ppm	0.6 Da	NT=Methylthio;AC=UNIMOD:39;TA=C;MT=Fixed	NT=Oxidation;AC=UNIMOD:35;TA=M;MT=Variable	NT=TMT6plex;AC=UNIMOD:737;TA=K;MT=Fixed	NT=TMT6plex;AC=UNIMOD:737;PP=Any N-term;MT=Fixed	not applicable	CEN.PK 113-7D
reference-pool	Saccharomyces cerevisiae	not applicable	not applicable	pooled	pooled	not applicable	cell	not applicable	CEN.PK 113-7D	Fusion_180709_88-TMT126	proteomic profiling by mass spectrometry	2	Fusion_180709_88.raw	v1.1.0	NT=ms-proteomics;VV=v1.1.0	manual curation	NT=Data-dependent acquisition;AC=PRIDE:0000627	NT=Orbitrap Fusion;AC=MS:1002416	NT=Trypsin;AC=MS:1001251	TMT126	16	NT=higher energy beam-type collision-induced dissociation;AC=MS:1002481	5 ppm	0.6 Da	NT=Methylthio;AC=UNIMOD:39;TA=C;MT=Fixed	NT=Oxidation;AC=UNIMOD:35;TA=M;MT=Variable	NT=TMT6plex;AC=UNIMOD:737;TA=K;MT=Fixed	NT=TMT6plex;AC=UNIMOD:737;PP=Any N-term;MT=Fixed	not applicable	CEN.PK 113-7D
reference-pool	Saccharomyces cerevisiae	not applicable	not applicable	pooled	pooled	not applicable	cell	not applicable	CEN.PK 113-7D	Fusion_180709_89-TMT126	proteomic profiling by mass spectrometry	2	Fusion_180709_89.raw	v1.1.0	NT=ms-proteomics;VV=v1.1.0	manual curation	NT=Data-dependent acquisition;AC=PRIDE:0000627	NT=Orbitrap Fusion;AC=MS:1002416	NT=Trypsin;AC=MS:1001251	TMT126	17	NT=higher energy beam-type collision-induced dissociation;AC=MS:1002481	5 ppm	0.6 Da	NT=Methylthio;AC=UNIMOD:39;TA=C;MT=Fixed	NT=Oxidation;AC=UNIMOD:35;TA=M;MT=Variable	NT=TMT6plex;AC=UNIMOD:737;TA=K;MT=Fixed	NT=TMT6plex;AC=UNIMOD:737;PP=Any N-term;MT=Fixed	not applicable	CEN.PK 113-7D
reference-pool	Saccharomyces cerevisiae	not applicable	not applicable	pooled	pooled	not applicable	cell	not applicable	CEN.PK 113-7D	Fusion_180709_90-TMT126	proteomic profiling by mass spectrometry	2	Fusion_180709_90.raw	v1.1.0	NT=ms-proteomics;VV=v1.1.0	manual curation	NT=Data-dependent acquisition;AC=PRIDE:0000627	NT=Orbitrap Fusion;AC=MS:1002416	NT=Trypsin;AC=MS:1001251	TMT126	18	NT=higher energy beam-type collision-induced dissociation;AC=MS:1002481	5 ppm	0.6 Da	NT=Methylthio;AC=UNIMOD:39;TA=C;MT=Fixed	NT=Oxidation;AC=UNIMOD:35;TA=M;MT=Variable	NT=TMT6plex;AC=UNIMOD:737;TA=K;MT=Fixed	NT=TMT6plex;AC=UNIMOD:737;PP=Any N-term;MT=Fixed	not applicable	CEN.PK 113-7D
reference-pool	Saccharomyces cerevisiae	not applicable	not applicable	pooled	pooled	not applicable	cell	not applicable	CEN.PK 113-7D	Fusion_180709_91-TMT126	proteomic profiling by mass spectrometry	2	Fusion_180709_91.raw	v1.1.0	NT=ms-proteomics;VV=v1.1.0	manual curation	NT=Data-dependent acquisition;AC=PRIDE:0000627	NT=Orbitrap Fusion;AC=MS:1002416	NT=Trypsin;AC=MS:1001251	TMT126	19	NT=higher energy beam-type collision-induced dissociation;AC=MS:1002481	5 ppm	0.6 Da	NT=Methylthio;AC=UNIMOD:39;TA=C;MT=Fixed	NT=Oxidation;AC=UNIMOD:35;TA=M;MT=Variable	NT=TMT6plex;AC=UNIMOD:737;TA=K;MT=Fixed	NT=TMT6plex;AC=UNIMOD:737;PP=Any N-term;MT=Fixed	not applicable	CEN.PK 113-7D
reference-pool	Saccharomyces cerevisiae	not applicable	not applicable	pooled	pooled	not applicable	cell	not applicable	CEN.PK 113-7D	Fusion_180709_92-TMT126	proteomic profiling by mass spectrometry	2	Fusion_180709_92.raw	v1.1.0	NT=ms-proteomics;VV=v1.1.0	manual curation	NT=Data-dependent acquisition;AC=PRIDE:0000627	NT=Orbitrap Fusion;AC=MS:1002416	NT=Trypsin;AC=MS:1001251	TMT126	20	NT=higher energy beam-type collision-induced dissociation;AC=MS:1002481	5 ppm	0.6 Da	NT=Methylthio;AC=UNIMOD:39;TA=C;MT=Fixed	NT=Oxidation;AC=UNIMOD:35;TA=M;MT=Variable	NT=TMT6plex;AC=UNIMOD:737;TA=K;MT=Fixed	NT=TMT6plex;AC=UNIMOD:737;PP=Any N-term;MT=Fixed	not applicable	CEN.PK 113-7D
B184-rate0.2-rep1	Saccharomyces cerevisiae	not applicable	not applicable	1	not pooled	not applicable	cell	0.2 /h	B184	Fusion_180709_73-TMT128C	proteomic profiling by mass spectrometry	1	Fusion_180709_73.raw	v1.1.0	NT=ms-proteomics;VV=v1.1.0	manual curation	NT=Data-dependent acquisition;AC=PRIDE:0000627	NT=Orbitrap Fusion;AC=MS:1002416	NT=Trypsin;AC=MS:1001251	TMT128C	1	NT=higher energy beam-type collision-induced dissociation;AC=MS:1002481	5 ppm	0.6 Da	NT=Methylthio;AC=UNIMOD:39;TA=C;MT=Fixed	NT=Oxidation;AC=UNIMOD:35;TA=M;MT=Variable	NT=TMT6plex;AC=UNIMOD:737;TA=K;MT=Fixed	NT=TMT6plex;AC=UNIMOD:737;PP=Any N-term;MT=Fixed	0.2 /h	B184
B184-rate0.2-rep1	Saccharomyces cerevisiae	not applicable	not applicable	1	not pooled	not applicable	cell	0.2 /h	B184	Fusion_180709_74-TMT128C	proteomic profiling by mass spectrometry	1	Fusion_180709_74.raw	v1.1.0	NT=ms-proteomics;VV=v1.1.0	manual curation	NT=Data-dependent acquisition;AC=PRIDE:0000627	NT=Orbitrap Fusion;AC=MS:1002416	NT=Trypsin;AC=MS:1001251	TMT128C	2	NT=higher energy beam-type collision-induced dissociation;AC=MS:1002481	5 ppm	0.6 Da	NT=Methylthio;AC=UNIMOD:39;TA=C;MT=Fixed	NT=Oxidation;AC=UNIMOD:35;TA=M;MT=Variable	NT=TMT6plex;AC=UNIMOD:737;TA=K;MT=Fixed	NT=TMT6plex;AC=UNIMOD:737;PP=Any N-term;MT=Fixed	0.2 /h	B184
B184-rate0.2-rep1	Saccharomyces cerevisiae	not applicable	not applicable	1	not pooled	not applicable	cell	0.2 /h	B184	Fusion_180709_75-TMT128C	proteomic profiling by mass spectrometry	1	Fusion_180709_75.raw	v1.1.0	NT=ms-proteomics;VV=v1.1.0	manual curation	NT=Data-dependent acquisition;AC=PRIDE:0000627	NT=Orbitrap Fusion;AC=MS:1002416	NT=Trypsin;AC=MS:1001251	TMT128C	3	NT=higher energy beam-type collision-induced dissociation;AC=MS:1002481	5 ppm	0.6 Da	NT=Methylthio;AC=UNIMOD:39;TA=C;MT=Fixed	NT=Oxidation;AC=UNIMOD:35;TA=M;MT=Variable	NT=TMT6plex;AC=UNIMOD:737;TA=K;MT=Fixed	NT=TMT6plex;AC=UNIMOD:737;PP=Any N-term;MT=Fixed	0.2 /h	B184
B184-rate0.2-rep1	Saccharomyces cerevisiae	not applicable	not applicable	1	not pooled	not applicable	cell	0.2 /h	B184	Fusion_180709_76-TMT128C	proteomic profiling by mass spectrometry	1	Fusion_180709_76.raw	v1.1.0	NT=ms-proteomics;VV=v1.1.0	manual curation	NT=Data-dependent acquisition;AC=PRIDE:0000627	NT=Orbitrap Fusion;AC=MS:1002416	NT=Trypsin;AC=MS:1001251	TMT128C	4	NT=higher energy beam-type collision-induced dissociation;AC=MS:1002481	5 ppm	0.6 Da	NT=Methylthio;AC=UNIMOD:39;TA=C;MT=Fixed	NT=Oxidation;AC=UNIMOD:35;TA=M;MT=Variable	NT=TMT6plex;AC=UNIMOD:737;TA=K;MT=Fixed	NT=TMT6plex;AC=UNIMOD:737;PP=Any N-term;MT=Fixed	0.2 /h	B184
B184-rate0.2-rep1	Saccharomyces cerevisiae	not applicable	not applicable	1	not pooled	not applicable	cell	0.2 /h	B184	Fusion_180709_77-TMT128C	proteomic profiling by mass spectrometry	1	Fusion_180709_77.raw	v1.1.0	NT=ms-proteomics;VV=v1.1.0	manual curation	NT=Data-dependent acquisition;AC=PRIDE:0000627	NT=Orbitrap Fusion;AC=MS:1002416	NT=Trypsin;AC=MS:1001251	TMT128C	5	NT=higher energy beam-type collision-induced dissociation;AC=MS:1002481	5 ppm	0.6 Da	NT=Methylthio;AC=UNIMOD:39;TA=C;MT=Fixed	NT=Oxidation;AC=UNIMOD:35;TA=M;MT=Variable	NT=TMT6plex;AC=UNIMOD:737;TA=K;MT=Fixed	NT=TMT6plex;AC=UNIMOD:737;PP=Any N-term;MT=Fixed	0.2 /h	B184
B184-rate0.2-rep1	Saccharomyces cerevisiae	not applicable	not applicable	1	not pooled	not applicable	cell	0.2 /h	B184	Fusion_180709_78-TMT128C	proteomic profiling by mass spectrometry	1	Fusion_180709_78.raw	v1.1.0	NT=ms-proteomics;VV=v1.1.0	manual curation	NT=Data-dependent acquisition;AC=PRIDE:0000627	NT=Orbitrap Fusion;AC=MS:1002416	NT=Trypsin;AC=MS:1001251	TMT128C	6	NT=higher energy beam-type collision-induced dissociation;AC=MS:1002481	5 ppm	0.6 Da	NT=Methylthio;AC=UNIMOD:39;TA=C;MT=Fixed	NT=Oxidation;AC=UNIMOD:35;TA=M;MT=Variable	NT=TMT6plex;AC=UNIMOD:737;TA=K;MT=Fixed	NT=TMT6plex;AC=UNIMOD:737;PP=Any N-term;MT=Fixed	0.2 /h	B184
B184-rate0.2-rep1	Saccharomyces cerevisiae	not applicable	not applicable	1	not pooled	not applicable	cell	0.2 /h	B184	Fusion_180709_79-TMT128C	proteomic profiling by mass spectrometry	1	Fusion_180709_79.raw	v1.1.0	NT=ms-proteomics;VV=v1.1.0	manual curation	NT=Data-dependent acquisition;AC=PRIDE:0000627	NT=Orbitrap Fusion;AC=MS:1002416	NT=Trypsin;AC=MS:1001251	TMT128C	7	NT=higher energy beam-type collision-induced dissociation;AC=MS:1002481	5 ppm	0.6 Da	NT=Methylthio;AC=UNIMOD:39;TA=C;MT=Fixed	NT=Oxidation;AC=UNIMOD:35;TA=M;MT=Variable	NT=TMT6plex;AC=UNIMOD:737;TA=K;MT=Fixed	NT=TMT6plex;AC=UNIMOD:737;PP=Any N-term;MT=Fixed	0.2 /h	B184
B184-rate0.2-rep1	Saccharomyces cerevisiae	not applicable	not applicable	1	not pooled	not applicable	cell	0.2 /h	B184	Fusion_180709_80-TMT128C	proteomic profiling by mass spectrometry	1	Fusion_180709_80.raw	v1.1.0	NT=ms-proteomics;VV=v1.1.0	manual curation	NT=Data-dependent acquisition;AC=PRIDE:0000627	NT=Orbitrap Fusion;AC=MS:1002416	NT=Trypsin;AC=MS:1001251	TMT128C	8	NT=higher energy beam-type collision-induced dissociation;AC=MS:1002481	5 ppm	0.6 Da	NT=Methylthio;AC=UNIMOD:39;TA=C;MT=Fixed	NT=Oxidation;AC=UNIMOD:35;TA=M;MT=Variable	NT=TMT6plex;AC=UNIMOD:737;TA=K;MT=Fixed	NT=TMT6plex;AC=UNIMOD:737;PP=Any N-term;MT=Fixed	0.2 /h	B184
B184-rate0.2-rep1	Saccharomyces cerevisiae	not applicable	not applicable	1	not pooled	not applicable	cell	0.2 /h	B184	Fusion_180709_81-TMT128C	proteomic profiling by mass spectrometry	1	Fusion_180709_81.raw	v1.1.0	NT=ms-proteomics;VV=v1.1.0	manual curation	NT=Data-dependent acquisition;AC=PRIDE:0000627	NT=Orbitrap Fusion;AC=MS:1002416	NT=Trypsin;AC=MS:1001251	TMT128C	9	NT=higher energy beam-type collision-induced dissociation;AC=MS:1002481	5 ppm	0.6 Da	NT=Methylthio;AC=UNIMOD:39;TA=C;MT=Fixed	NT=Oxidation;AC=UNIMOD:35;TA=M;MT=Variable	NT=TMT6plex;AC=UNIMOD:737;TA=K;MT=Fixed	NT=TMT6plex;AC=UNIMOD:737;PP=Any N-term;MT=Fixed	0.2 /h	B184
B184-rate0.2-rep1	Saccharomyces cerevisiae	not applicable	not applicable	1	not pooled	not applicable	cell	0.2 /h	B184	Fusion_180709_82-TMT128C	proteomic profiling by mass spectrometry	1	Fusion_180709_82.raw	v1.1.0	NT=ms-proteomics;VV=v1.1.0	manual curation	NT=Data-dependent acquisition;AC=PRIDE:0000627	NT=Orbitrap Fusion;AC=MS:1002416	NT=Trypsin;AC=MS:1001251	TMT128C	10	NT=higher energy beam-type collision-induced dissociation;AC=MS:1002481	5 ppm	0.6 Da	NT=Methylthio;AC=UNIMOD:39;TA=C;MT=Fixed	NT=Oxidation;AC=UNIMOD:35;TA=M;MT=Variable	NT=TMT6plex;AC=UNIMOD:737;TA=K;MT=Fixed	NT=TMT6plex;AC=UNIMOD:737;PP=Any N-term;MT=Fixed	0.2 /h	B184
B184-rate0.2-rep1	Saccharomyces cerevisiae	not applicable	not applicable	1	not pooled	not applicable	cell	0.2 /h	B184	Fusion_180709_83-TMT128C	proteomic profiling by mass spectrometry	1	Fusion_180709_83.raw	v1.1.0	NT=ms-proteomics;VV=v1.1.0	manual curation	NT=Data-dependent acquisition;AC=PRIDE:0000627	NT=Orbitrap Fusion;AC=MS:1002416	NT=Trypsin;AC=MS:1001251	TMT128C	11	NT=higher energy beam-type collision-induced dissociation;AC=MS:1002481	5 ppm	0.6 Da	NT=Methylthio;AC=UNIMOD:39;TA=C;MT=Fixed	NT=Oxidation;AC=UNIMOD:35;TA=M;MT=Variable	NT=TMT6plex;AC=UNIMOD:737;TA=K;MT=Fixed	NT=TMT6plex;AC=UNIMOD:737;PP=Any N-term;MT=Fixed	0.2 /h	B184
B184-rate0.2-rep1	Saccharomyces cerevisiae	not applicable	not applicable	1	not pooled	not applicable	cell	0.2 /h	B184	Fusion_180709_84-TMT128C	proteomic profiling by mass spectrometry	1	Fusion_180709_84.raw	v1.1.0	NT=ms-proteomics;VV=v1.1.0	manual curation	NT=Data-dependent acquisition;AC=PRIDE:0000627	NT=Orbitrap Fusion;AC=MS:1002416	NT=Trypsin;AC=MS:1001251	TMT128C	12	NT=higher energy beam-type collision-induced dissociation;AC=MS:1002481	5 ppm	0.6 Da	NT=Methylthio;AC=UNIMOD:39;TA=C;MT=Fixed	NT=Oxidation;AC=UNIMOD:35;TA=M;MT=Variable	NT=TMT6plex;AC=UNIMOD:737;TA=K;MT=Fixed	NT=TMT6plex;AC=UNIMOD:737;PP=Any N-term;MT=Fixed	0.2 /h	B184
B184-rate0.2-rep1	Saccharomyces cerevisiae	not applicable	not applicable	1	not pooled	not applicable	cell	0.2 /h	B184	Fusion_180709_85-TMT128C	proteomic profiling by mass spectrometry	1	Fusion_180709_85.raw	v1.1.0	NT=ms-proteomics;VV=v1.1.0	manual curation	NT=Data-dependent acquisition;AC=PRIDE:0000627	NT=Orbitrap Fusion;AC=MS:1002416	NT=Trypsin;AC=MS:1001251	TMT128C	13	NT=higher energy beam-type collision-induced dissociation;AC=MS:1002481	5 ppm	0.6 Da	NT=Methylthio;AC=UNIMOD:39;TA=C;MT=Fixed	NT=Oxidation;AC=UNIMOD:35;TA=M;MT=Variable	NT=TMT6plex;AC=UNIMOD:737;TA=K;MT=Fixed	NT=TMT6plex;AC=UNIMOD:737;PP=Any N-term;MT=Fixed	0.2 /h	B184
B184-rate0.2-rep1	Saccharomyces cerevisiae	not applicable	not applicable	1	not pooled	not applicable	cell	0.2 /h	B184	Fusion_180709_86-TMT128C	proteomic profiling by mass spectrometry	1	Fusion_180709_86.raw	v1.1.0	NT=ms-proteomics;VV=v1.1.0	manual curation	NT=Data-dependent acquisition;AC=PRIDE:0000627	NT=Orbitrap Fusion;AC=MS:1002416	NT=Trypsin;AC=MS:1001251	TMT128C	14	NT=higher energy beam-type collision-induced dissociation;AC=MS:1002481	5 ppm	0.6 Da	NT=Methylthio;AC=UNIMOD:39;TA=C;MT=Fixed	NT=Oxidation;AC=UNIMOD:35;TA=M;MT=Variable	NT=TMT6plex;AC=UNIMOD:737;TA=K;MT=Fixed	NT=TMT6plex;AC=UNIMOD:737;PP=Any N-term;MT=Fixed	0.2 /h	B184
B184-rate0.2-rep1	Saccharomyces cerevisiae	not applicable	not applicable	1	not pooled	not applicable	cell	0.2 /h	B184	Fusion_180709_87-TMT128C	proteomic profiling by mass spectrometry	1	Fusion_180709_87.raw	v1.1.0	NT=ms-proteomics;VV=v1.1.0	manual curation	NT=Data-dependent acquisition;AC=PRIDE:0000627	NT=Orbitrap Fusion;AC=MS:1002416	NT=Trypsin;AC=MS:1001251	TMT128C	15	NT=higher energy beam-type collision-induced dissociation;AC=MS:1002481	5 ppm	0.6 Da	NT=Methylthio;AC=UNIMOD:39;TA=C;MT=Fixed	NT=Oxidation;AC=UNIMOD:35;TA=M;MT=Variable	NT=TMT6plex;AC=UNIMOD:737;TA=K;MT=Fixed	NT=TMT6plex;AC=UNIMOD:737;PP=Any N-term;MT=Fixed	0.2 /h	B184
B184-rate0.2-rep1	Saccharomyces cerevisiae	not applicable	not applicable	1	not pooled	not applicable	cell	0.2 /h	B184	Fusion_180709_88-TMT128C	proteomic profiling by mass spectrometry	1	Fusion_180709_88.raw	v1.1.0	NT=ms-proteomics;VV=v1.1.0	manual curation	NT=Data-dependent acquisition;AC=PRIDE:0000627	NT=Orbitrap Fusion;AC=MS:1002416	NT=Trypsin;AC=MS:1001251	TMT128C	16	NT=higher energy beam-type collision-induced dissociation;AC=MS:1002481	5 ppm	0.6 Da	NT=Methylthio;AC=UNIMOD:39;TA=C;MT=Fixed	NT=Oxidation;AC=UNIMOD:35;TA=M;MT=Variable	NT=TMT6plex;AC=UNIMOD:737;TA=K;MT=Fixed	NT=TMT6plex;AC=UNIMOD:737;PP=Any N-term;MT=Fixed	0.2 /h	B184
B184-rate0.2-rep1	Saccharomyces cerevisiae	not applicable	not applicable	1	not pooled	not applicable	cell	0.2 /h	B184	Fusion_180709_89-TMT128C	proteomic profiling by mass spectrometry	1	Fusion_180709_89.raw	v1.1.0	NT=ms-proteomics;VV=v1.1.0	manual curation	NT=Data-dependent acquisition;AC=PRIDE:0000627	NT=Orbitrap Fusion;AC=MS:1002416	NT=Trypsin;AC=MS:1001251	TMT128C	17	NT=higher energy beam-type collision-induced dissociation;AC=MS:1002481	5 ppm	0.6 Da	NT=Methylthio;AC=UNIMOD:39;TA=C;MT=Fixed	NT=Oxidation;AC=UNIMOD:35;TA=M;MT=Variable	NT=TMT6plex;AC=UNIMOD:737;TA=K;MT=Fixed	NT=TMT6plex;AC=UNIMOD:737;PP=Any N-term;MT=Fixed	0.2 /h	B184
B184-rate0.2-rep1	Saccharomyces cerevisiae	not applicable	not applicable	1	not pooled	not applicable	cell	0.2 /h	B184	Fusion_180709_90-TMT128C	proteomic profiling by mass spectrometry	1	Fusion_180709_90.raw	v1.1.0	NT=ms-proteomics;VV=v1.1.0	manual curation	NT=Data-dependent acquisition;AC=PRIDE:0000627	NT=Orbitrap Fusion;AC=MS:1002416	NT=Trypsin;AC=MS:1001251	TMT128C	18	NT=higher energy beam-type collision-induced dissociation;AC=MS:1002481	5 ppm	0.6 Da	NT=Methylthio;AC=UNIMOD:39;TA=C;MT=Fixed	NT=Oxidation;AC=UNIMOD:35;TA=M;MT=Variable	NT=TMT6plex;AC=UNIMOD:737;TA=K;MT=Fixed	NT=TMT6plex;AC=UNIMOD:737;PP=Any N-term;MT=Fixed	0.2 /h	B184
B184-rate0.2-rep1	Saccharomyces cerevisiae	not applicable	not applicable	1	not pooled	not applicable	cell	0.2 /h	B184	Fusion_180709_91-TMT128C	proteomic profiling by mass spectrometry	1	Fusion_180709_91.raw	v1.1.0	NT=ms-proteomics;VV=v1.1.0	manual curation	NT=Data-dependent acquisition;AC=PRIDE:0000627	NT=Orbitrap Fusion;AC=MS:1002416	NT=Trypsin;AC=MS:1001251	TMT128C	19	NT=higher energy beam-type collision-induced dissociation;AC=MS:1002481	5 ppm	0.6 Da	NT=Methylthio;AC=UNIMOD:39;TA=C;MT=Fixed	NT=Oxidation;AC=UNIMOD:35;TA=M;MT=Variable	NT=TMT6plex;AC=UNIMOD:737;TA=K;MT=Fixed	NT=TMT6plex;AC=UNIMOD:737;PP=Any N-term;MT=Fixed	0.2 /h	B184
B184-rate0.2-rep1	Saccharomyces cerevisiae	not applicable	not applicable	1	not pooled	not applicable	cell	0.2 /h	B184	Fusion_180709_92-TMT128C	proteomic profiling by mass spectrometry	1	Fusion_180709_92.raw	v1.1.0	NT=ms-proteomics;VV=v1.1.0	manual curation	NT=Data-dependent acquisition;AC=PRIDE:0000627	NT=Orbitrap Fusion;AC=MS:1002416	NT=Trypsin;AC=MS:1001251	TMT128C	20	NT=higher energy beam-type collision-induced dissociation;AC=MS:1002481	5 ppm	0.6 Da	NT=Methylthio;AC=UNIMOD:39;TA=C;MT=Fixed	NT=Oxidation;AC=UNIMOD:35;TA=M;MT=Variable	NT=TMT6plex;AC=UNIMOD:737;TA=K;MT=Fixed	NT=TMT6plex;AC=UNIMOD:737;PP=Any N-term;MT=Fixed	0.2 /h	B184
B184-rate0.2-rep2	Saccharomyces cerevisiae	not applicable	not applicable	2	not pooled	not applicable	cell	0.2 /h	B184	Fusion_180709_73-TMT130C	proteomic profiling by mass spectrometry	1	Fusion_180709_73.raw	v1.1.0	NT=ms-proteomics;VV=v1.1.0	manual curation	NT=Data-dependent acquisition;AC=PRIDE:0000627	NT=Orbitrap Fusion;AC=MS:1002416	NT=Trypsin;AC=MS:1001251	TMT130C	1	NT=higher energy beam-type collision-induced dissociation;AC=MS:1002481	5 ppm	0.6 Da	NT=Methylthio;AC=UNIMOD:39;TA=C;MT=Fixed	NT=Oxidation;AC=UNIMOD:35;TA=M;MT=Variable	NT=TMT6plex;AC=UNIMOD:737;TA=K;MT=Fixed	NT=TMT6plex;AC=UNIMOD:737;PP=Any N-term;MT=Fixed	0.2 /h	B184
B184-rate0.2-rep2	Saccharomyces cerevisiae	not applicable	not applicable	2	not pooled	not applicable	cell	0.2 /h	B184	Fusion_180709_74-TMT130C	proteomic profiling by mass spectrometry	1	Fusion_180709_74.raw	v1.1.0	NT=ms-proteomics;VV=v1.1.0	manual curation	NT=Data-dependent acquisition;AC=PRIDE:0000627	NT=Orbitrap Fusion;AC=MS:1002416	NT=Trypsin;AC=MS:1001251	TMT130C	2	NT=higher energy beam-type collision-induced dissociation;AC=MS:1002481	5 ppm	0.6 Da	NT=Methylthio;AC=UNIMOD:39;TA=C;MT=Fixed	NT=Oxidation;AC=UNIMOD:35;TA=M;MT=Variable	NT=TMT6plex;AC=UNIMOD:737;TA=K;MT=Fixed	NT=TMT6plex;AC=UNIMOD:737;PP=Any N-term;MT=Fixed	0.2 /h	B184
B184-rate0.2-rep2	Saccharomyces cerevisiae	not applicable	not applicable	2	not pooled	not applicable	cell	0.2 /h	B184	Fusion_180709_75-TMT130C	proteomic profiling by mass spectrometry	1	Fusion_180709_75.raw	v1.1.0	NT=ms-proteomics;VV=v1.1.0	manual curation	NT=Data-dependent acquisition;AC=PRIDE:0000627	NT=Orbitrap Fusion;AC=MS:1002416	NT=Trypsin;AC=MS:1001251	TMT130C	3	NT=higher energy beam-type collision-induced dissociation;AC=MS:1002481	5 ppm	0.6 Da	NT=Methylthio;AC=UNIMOD:39;TA=C;MT=Fixed	NT=Oxidation;AC=UNIMOD:35;TA=M;MT=Variable	NT=TMT6plex;AC=UNIMOD:737;TA=K;MT=Fixed	NT=TMT6plex;AC=UNIMOD:737;PP=Any N-term;MT=Fixed	0.2 /h	B184
B184-rate0.2-rep2	Saccharomyces cerevisiae	not applicable	not applicable	2	not pooled	not applicable	cell	0.2 /h	B184	Fusion_180709_76-TMT130C	proteomic profiling by mass spectrometry	1	Fusion_180709_76.raw	v1.1.0	NT=ms-proteomics;VV=v1.1.0	manual curation	NT=Data-dependent acquisition;AC=PRIDE:0000627	NT=Orbitrap Fusion;AC=MS:1002416	NT=Trypsin;AC=MS:1001251	TMT130C	4	NT=higher energy beam-type collision-induced dissociation;AC=MS:1002481	5 ppm	0.6 Da	NT=Methylthio;AC=UNIMOD:39;TA=C;MT=Fixed	NT=Oxidation;AC=UNIMOD:35;TA=M;MT=Variable	NT=TMT6plex;AC=UNIMOD:737;TA=K;MT=Fixed	NT=TMT6plex;AC=UNIMOD:737;PP=Any N-term;MT=Fixed	0.2 /h	B184
B184-rate0.2-rep2	Saccharomyces cerevisiae	not applicable	not applicable	2	not pooled	not applicable	cell	0.2 /h	B184	Fusion_180709_77-TMT130C	proteomic profiling by mass spectrometry	1	Fusion_180709_77.raw	v1.1.0	NT=ms-proteomics;VV=v1.1.0	manual curation	NT=Data-dependent acquisition;AC=PRIDE:0000627	NT=Orbitrap Fusion;AC=MS:1002416	NT=Trypsin;AC=MS:1001251	TMT130C	5	NT=higher energy beam-type collision-induced dissociation;AC=MS:1002481	5 ppm	0.6 Da	NT=Methylthio;AC=UNIMOD:39;TA=C;MT=Fixed	NT=Oxidation;AC=UNIMOD:35;TA=M;MT=Variable	NT=TMT6plex;AC=UNIMOD:737;TA=K;MT=Fixed	NT=TMT6plex;AC=UNIMOD:737;PP=Any N-term;MT=Fixed	0.2 /h	B184
B184-rate0.2-rep2	Saccharomyces cerevisiae	not applicable	not applicable	2	not pooled	not applicable	cell	0.2 /h	B184	Fusion_180709_78-TMT130C	proteomic profiling by mass spectrometry	1	Fusion_180709_78.raw	v1.1.0	NT=ms-proteomics;VV=v1.1.0	manual curation	NT=Data-dependent acquisition;AC=PRIDE:0000627	NT=Orbitrap Fusion;AC=MS:1002416	NT=Trypsin;AC=MS:1001251	TMT130C	6	NT=higher energy beam-type collision-induced dissociation;AC=MS:1002481	5 ppm	0.6 Da	NT=Methylthio;AC=UNIMOD:39;TA=C;MT=Fixed	NT=Oxidation;AC=UNIMOD:35;TA=M;MT=Variable	NT=TMT6plex;AC=UNIMOD:737;TA=K;MT=Fixed	NT=TMT6plex;AC=UNIMOD:737;PP=Any N-term;MT=Fixed	0.2 /h	B184
B184-rate0.2-rep2	Saccharomyces cerevisiae	not applicable	not applicable	2	not pooled	not applicable	cell	0.2 /h	B184	Fusion_180709_79-TMT130C	proteomic profiling by mass spectrometry	1	Fusion_180709_79.raw	v1.1.0	NT=ms-proteomics;VV=v1.1.0	manual curation	NT=Data-dependent acquisition;AC=PRIDE:0000627	NT=Orbitrap Fusion;AC=MS:1002416	NT=Trypsin;AC=MS:1001251	TMT130C	7	NT=higher energy beam-type collision-induced dissociation;AC=MS:1002481	5 ppm	0.6 Da	NT=Methylthio;AC=UNIMOD:39;TA=C;MT=Fixed	NT=Oxidation;AC=UNIMOD:35;TA=M;MT=Variable	NT=TMT6plex;AC=UNIMOD:737;TA=K;MT=Fixed	NT=TMT6plex;AC=UNIMOD:737;PP=Any N-term;MT=Fixed	0.2 /h	B184
B184-rate0.2-rep2	Saccharomyces cerevisiae	not applicable	not applicable	2	not pooled	not applicable	cell	0.2 /h	B184	Fusion_180709_80-TMT130C	proteomic profiling by mass spectrometry	1	Fusion_180709_80.raw	v1.1.0	NT=ms-proteomics;VV=v1.1.0	manual curation	NT=Data-dependent acquisition;AC=PRIDE:0000627	NT=Orbitrap Fusion;AC=MS:1002416	NT=Trypsin;AC=MS:1001251	TMT130C	8	NT=higher energy beam-type collision-induced dissociation;AC=MS:1002481	5 ppm	0.6 Da	NT=Methylthio;AC=UNIMOD:39;TA=C;MT=Fixed	NT=Oxidation;AC=UNIMOD:35;TA=M;MT=Variable	NT=TMT6plex;AC=UNIMOD:737;TA=K;MT=Fixed	NT=TMT6plex;AC=UNIMOD:737;PP=Any N-term;MT=Fixed	0.2 /h	B184
B184-rate0.2-rep2	Saccharomyces cerevisiae	not applicable	not applicable	2	not pooled	not applicable	cell	0.2 /h	B184	Fusion_180709_81-TMT130C	proteomic profiling by mass spectrometry	1	Fusion_180709_81.raw	v1.1.0	NT=ms-proteomics;VV=v1.1.0	manual curation	NT=Data-dependent acquisition;AC=PRIDE:0000627	NT=Orbitrap Fusion;AC=MS:1002416	NT=Trypsin;AC=MS:1001251	TMT130C	9	NT=higher energy beam-type collision-induced dissociation;AC=MS:1002481	5 ppm	0.6 Da	NT=Methylthio;AC=UNIMOD:39;TA=C;MT=Fixed	NT=Oxidation;AC=UNIMOD:35;TA=M;MT=Variable	NT=TMT6plex;AC=UNIMOD:737;TA=K;MT=Fixed	NT=TMT6plex;AC=UNIMOD:737;PP=Any N-term;MT=Fixed	0.2 /h	B184
B184-rate0.2-rep2	Saccharomyces cerevisiae	not applicable	not applicable	2	not pooled	not applicable	cell	0.2 /h	B184	Fusion_180709_82-TMT130C	proteomic profiling by mass spectrometry	1	Fusion_180709_82.raw	v1.1.0	NT=ms-proteomics;VV=v1.1.0	manual curation	NT=Data-dependent acquisition;AC=PRIDE:0000627	NT=Orbitrap Fusion;AC=MS:1002416	NT=Trypsin;AC=MS:1001251	TMT130C	10	NT=higher energy beam-type collision-induced dissociation;AC=MS:1002481	5 ppm	0.6 Da	NT=Methylthio;AC=UNIMOD:39;TA=C;MT=Fixed	NT=Oxidation;AC=UNIMOD:35;TA=M;MT=Variable	NT=TMT6plex;AC=UNIMOD:737;TA=K;MT=Fixed	NT=TMT6plex;AC=UNIMOD:737;PP=Any N-term;MT=Fixed	0.2 /h	B184
B184-rate0.2-rep2	Saccharomyces cerevisiae	not applicable	not applicable	2	not pooled	not applicable	cell	0.2 /h	B184	Fusion_180709_83-TMT130C	proteomic profiling by mass spectrometry	1	Fusion_180709_83.raw	v1.1.0	NT=ms-proteomics;VV=v1.1.0	manual curation	NT=Data-dependent acquisition;AC=PRIDE:0000627	NT=Orbitrap Fusion;AC=MS:1002416	NT=Trypsin;AC=MS:1001251	TMT130C	11	NT=higher energy beam-type collision-induced dissociation;AC=MS:1002481	5 ppm	0.6 Da	NT=Methylthio;AC=UNIMOD:39;TA=C;MT=Fixed	NT=Oxidation;AC=UNIMOD:35;TA=M;MT=Variable	NT=TMT6plex;AC=UNIMOD:737;TA=K;MT=Fixed	NT=TMT6plex;AC=UNIMOD:737;PP=Any N-term;MT=Fixed	0.2 /h	B184
B184-rate0.2-rep2	Saccharomyces cerevisiae	not applicable	not applicable	2	not pooled	not applicable	cell	0.2 /h	B184	Fusion_180709_84-TMT130C	proteomic profiling by mass spectrometry	1	Fusion_180709_84.raw	v1.1.0	NT=ms-proteomics;VV=v1.1.0	manual curation	NT=Data-dependent acquisition;AC=PRIDE:0000627	NT=Orbitrap Fusion;AC=MS:1002416	NT=Trypsin;AC=MS:1001251	TMT130C	12	NT=higher energy beam-type collision-induced dissociation;AC=MS:1002481	5 ppm	0.6 Da	NT=Methylthio;AC=UNIMOD:39;TA=C;MT=Fixed	NT=Oxidation;AC=UNIMOD:35;TA=M;MT=Variable	NT=TMT6plex;AC=UNIMOD:737;TA=K;MT=Fixed	NT=TMT6plex;AC=UNIMOD:737;PP=Any N-term;MT=Fixed	0.2 /h	B184
B184-rate0.2-rep2	Saccharomyces cerevisiae	not applicable	not applicable	2	not pooled	not applicable	cell	0.2 /h	B184	Fusion_180709_85-TMT130C	proteomic profiling by mass spectrometry	1	Fusion_180709_85.raw	v1.1.0	NT=ms-proteomics;VV=v1.1.0	manual curation	NT=Data-dependent acquisition;AC=PRIDE:0000627	NT=Orbitrap Fusion;AC=MS:1002416	NT=Trypsin;AC=MS:1001251	TMT130C	13	NT=higher energy beam-type collision-induced dissociation;AC=MS:1002481	5 ppm	0.6 Da	NT=Methylthio;AC=UNIMOD:39;TA=C;MT=Fixed	NT=Oxidation;AC=UNIMOD:35;TA=M;MT=Variable	NT=TMT6plex;AC=UNIMOD:737;TA=K;MT=Fixed	NT=TMT6plex;AC=UNIMOD:737;PP=Any N-term;MT=Fixed	0.2 /h	B184
B184-rate0.2-rep2	Saccharomyces cerevisiae	not applicable	not applicable	2	not pooled	not applicable	cell	0.2 /h	B184	Fusion_180709_86-TMT130C	proteomic profiling by mass spectrometry	1	Fusion_180709_86.raw	v1.1.0	NT=ms-proteomics;VV=v1.1.0	manual curation	NT=Data-dependent acquisition;AC=PRIDE:0000627	NT=Orbitrap Fusion;AC=MS:1002416	NT=Trypsin;AC=MS:1001251	TMT130C	14	NT=higher energy beam-type collision-induced dissociation;AC=MS:1002481	5 ppm	0.6 Da	NT=Methylthio;AC=UNIMOD:39;TA=C;MT=Fixed	NT=Oxidation;AC=UNIMOD:35;TA=M;MT=Variable	NT=TMT6plex;AC=UNIMOD:737;TA=K;MT=Fixed	NT=TMT6plex;AC=UNIMOD:737;PP=Any N-term;MT=Fixed	0.2 /h	B184
B184-rate0.2-rep2	Saccharomyces cerevisiae	not applicable	not applicable	2	not pooled	not applicable	cell	0.2 /h	B184	Fusion_180709_87-TMT130C	proteomic profiling by mass spectrometry	1	Fusion_180709_87.raw	v1.1.0	NT=ms-proteomics;VV=v1.1.0	manual curation	NT=Data-dependent acquisition;AC=PRIDE:0000627	NT=Orbitrap Fusion;AC=MS:1002416	NT=Trypsin;AC=MS:1001251	TMT130C	15	NT=higher energy beam-type collision-induced dissociation;AC=MS:1002481	5 ppm	0.6 Da	NT=Methylthio;AC=UNIMOD:39;TA=C;MT=Fixed	NT=Oxidation;AC=UNIMOD:35;TA=M;MT=Variable	NT=TMT6plex;AC=UNIMOD:737;TA=K;MT=Fixed	NT=TMT6plex;AC=UNIMOD:737;PP=Any N-term;MT=Fixed	0.2 /h	B184
B184-rate0.2-rep2	Saccharomyces cerevisiae	not applicable	not applicable	2	not pooled	not applicable	cell	0.2 /h	B184	Fusion_180709_88-TMT130C	proteomic profiling by mass spectrometry	1	Fusion_180709_88.raw	v1.1.0	NT=ms-proteomics;VV=v1.1.0	manual curation	NT=Data-dependent acquisition;AC=PRIDE:0000627	NT=Orbitrap Fusion;AC=MS:1002416	NT=Trypsin;AC=MS:1001251	TMT130C	16	NT=higher energy beam-type collision-induced dissociation;AC=MS:1002481	5 ppm	0.6 Da	NT=Methylthio;AC=UNIMOD:39;TA=C;MT=Fixed	NT=Oxidation;AC=UNIMOD:35;TA=M;MT=Variable	NT=TMT6plex;AC=UNIMOD:737;TA=K;MT=Fixed	NT=TMT6plex;AC=UNIMOD:737;PP=Any N-term;MT=Fixed	0.2 /h	B184
B184-rate0.2-rep2	Saccharomyces cerevisiae	not applicable	not applicable	2	not pooled	not applicable	cell	0.2 /h	B184	Fusion_180709_89-TMT130C	proteomic profiling by mass spectrometry	1	Fusion_180709_89.raw	v1.1.0	NT=ms-proteomics;VV=v1.1.0	manual curation	NT=Data-dependent acquisition;AC=PRIDE:0000627	NT=Orbitrap Fusion;AC=MS:1002416	NT=Trypsin;AC=MS:1001251	TMT130C	17	NT=higher energy beam-type collision-induced dissociation;AC=MS:1002481	5 ppm	0.6 Da	NT=Methylthio;AC=UNIMOD:39;TA=C;MT=Fixed	NT=Oxidation;AC=UNIMOD:35;TA=M;MT=Variable	NT=TMT6plex;AC=UNIMOD:737;TA=K;MT=Fixed	NT=TMT6plex;AC=UNIMOD:737;PP=Any N-term;MT=Fixed	0.2 /h	B184
B184-rate0.2-rep2	Saccharomyces cerevisiae	not applicable	not applicable	2	not pooled	not applicable	cell	0.2 /h	B184	Fusion_180709_90-TMT130C	proteomic profiling by mass spectrometry	1	Fusion_180709_90.raw	v1.1.0	NT=ms-proteomics;VV=v1.1.0	manual curation	NT=Data-dependent acquisition;AC=PRIDE:0000627	NT=Orbitrap Fusion;AC=MS:1002416	NT=Trypsin;AC=MS:1001251	TMT130C	18	NT=higher energy beam-type collision-induced dissociation;AC=MS:1002481	5 ppm	0.6 Da	NT=Methylthio;AC=UNIMOD:39;TA=C;MT=Fixed	NT=Oxidation;AC=UNIMOD:35;TA=M;MT=Variable	NT=TMT6plex;AC=UNIMOD:737;TA=K;MT=Fixed	NT=TMT6plex;AC=UNIMOD:737;PP=Any N-term;MT=Fixed	0.2 /h	B184
B184-rate0.2-rep2	Saccharomyces cerevisiae	not applicable	not applicable	2	not pooled	not applicable	cell	0.2 /h	B184	Fusion_180709_91-TMT130C	proteomic profiling by mass spectrometry	1	Fusion_180709_91.raw	v1.1.0	NT=ms-proteomics;VV=v1.1.0	manual curation	NT=Data-dependent acquisition;AC=PRIDE:0000627	NT=Orbitrap Fusion;AC=MS:1002416	NT=Trypsin;AC=MS:1001251	TMT130C	19	NT=higher energy beam-type collision-induced dissociation;AC=MS:1002481	5 ppm	0.6 Da	NT=Methylthio;AC=UNIMOD:39;TA=C;MT=Fixed	NT=Oxidation;AC=UNIMOD:35;TA=M;MT=Variable	NT=TMT6plex;AC=UNIMOD:737;TA=K;MT=Fixed	NT=TMT6plex;AC=UNIMOD:737;PP=Any N-term;MT=Fixed	0.2 /h	B184
B184-rate0.2-rep2	Saccharomyces cerevisiae	not applicable	not applicable	2	not pooled	not applicable	cell	0.2 /h	B184	Fusion_180709_92-TMT130C	proteomic profiling by mass spectrometry	1	Fusion_180709_92.raw	v1.1.0	NT=ms-proteomics;VV=v1.1.0	manual curation	NT=Data-dependent acquisition;AC=PRIDE:0000627	NT=Orbitrap Fusion;AC=MS:1002416	NT=Trypsin;AC=MS:1001251	TMT130C	20	NT=higher energy beam-type collision-induced dissociation;AC=MS:1002481	5 ppm	0.6 Da	NT=Methylthio;AC=UNIMOD:39;TA=C;MT=Fixed	NT=Oxidation;AC=UNIMOD:35;TA=M;MT=Variable	NT=TMT6plex;AC=UNIMOD:737;TA=K;MT=Fixed	NT=TMT6plex;AC=UNIMOD:737;PP=Any N-term;MT=Fixed	0.2 /h	B184
reference-pool	Saccharomyces cerevisiae	not applicable	not applicable	pooled	pooled	not applicable	cell	not applicable	CEN.PK 113-7D	Fusion_181127_04-TMT126	proteomic profiling by mass spectrometry	3	Fusion_181127_04.raw	v1.1.0	NT=ms-proteomics;VV=v1.1.0	manual curation	NT=Data-dependent acquisition;AC=PRIDE:0000627	NT=Orbitrap Fusion;AC=MS:1002416	NT=Trypsin;AC=MS:1001251	TMT126	1	NT=higher energy beam-type collision-induced dissociation;AC=MS:1002481	5 ppm	0.6 Da	NT=Methylthio;AC=UNIMOD:39;TA=C;MT=Fixed	NT=Oxidation;AC=UNIMOD:35;TA=M;MT=Variable	NT=TMT6plex;AC=UNIMOD:737;TA=K;MT=Fixed	NT=TMT6plex;AC=UNIMOD:737;PP=Any N-term;MT=Fixed	not applicable	CEN.PK 113-7D
reference-pool	Saccharomyces cerevisiae	not applicable	not applicable	pooled	pooled	not applicable	cell	not applicable	CEN.PK 113-7D	Fusion_181127_05-TMT126	proteomic profiling by mass spectrometry	3	Fusion_181127_05.raw	v1.1.0	NT=ms-proteomics;VV=v1.1.0	manual curation	NT=Data-dependent acquisition;AC=PRIDE:0000627	NT=Orbitrap Fusion;AC=MS:1002416	NT=Trypsin;AC=MS:1001251	TMT126	2	NT=higher energy beam-type collision-induced dissociation;AC=MS:1002481	5 ppm	0.6 Da	NT=Methylthio;AC=UNIMOD:39;TA=C;MT=Fixed	NT=Oxidation;AC=UNIMOD:35;TA=M;MT=Variable	NT=TMT6plex;AC=UNIMOD:737;TA=K;MT=Fixed	NT=TMT6plex;AC=UNIMOD:737;PP=Any N-term;MT=Fixed	not applicable	CEN.PK 113-7D
reference-pool	Saccharomyces cerevisiae	not applicable	not applicable	pooled	pooled	not applicable	cell	not applicable	CEN.PK 113-7D	Fusion_181127_06-TMT126	proteomic profiling by mass spectrometry	3	Fusion_181127_06.raw	v1.1.0	NT=ms-proteomics;VV=v1.1.0	manual curation	NT=Data-dependent acquisition;AC=PRIDE:0000627	NT=Orbitrap Fusion;AC=MS:1002416	NT=Trypsin;AC=MS:1001251	TMT126	3	NT=higher energy beam-type collision-induced dissociation;AC=MS:1002481	5 ppm	0.6 Da	NT=Methylthio;AC=UNIMOD:39;TA=C;MT=Fixed	NT=Oxidation;AC=UNIMOD:35;TA=M;MT=Variable	NT=TMT6plex;AC=UNIMOD:737;TA=K;MT=Fixed	NT=TMT6plex;AC=UNIMOD:737;PP=Any N-term;MT=Fixed	not applicable	CEN.PK 113-7D
reference-pool	Saccharomyces cerevisiae	not applicable	not applicable	pooled	pooled	not applicable	cell	not applicable	CEN.PK 113-7D	Fusion_181127_07-TMT126	proteomic profiling by mass spectrometry	3	Fusion_181127_07.raw	v1.1.0	NT=ms-proteomics;VV=v1.1.0	manual curation	NT=Data-dependent acquisition;AC=PRIDE:0000627	NT=Orbitrap Fusion;AC=MS:1002416	NT=Trypsin;AC=MS:1001251	TMT126	4	NT=higher energy beam-type collision-induced dissociation;AC=MS:1002481	5 ppm	0.6 Da	NT=Methylthio;AC=UNIMOD:39;TA=C;MT=Fixed	NT=Oxidation;AC=UNIMOD:35;TA=M;MT=Variable	NT=TMT6plex;AC=UNIMOD:737;TA=K;MT=Fixed	NT=TMT6plex;AC=UNIMOD:737;PP=Any N-term;MT=Fixed	not applicable	CEN.PK 113-7D
reference-pool	Saccharomyces cerevisiae	not applicable	not applicable	pooled	pooled	not applicable	cell	not applicable	CEN.PK 113-7D	Fusion_181127_08-TMT126	proteomic profiling by mass spectrometry	3	Fusion_181127_08.raw	v1.1.0	NT=ms-proteomics;VV=v1.1.0	manual curation	NT=Data-dependent acquisition;AC=PRIDE:0000627	NT=Orbitrap Fusion;AC=MS:1002416	NT=Trypsin;AC=MS:1001251	TMT126	5	NT=higher energy beam-type collision-induced dissociation;AC=MS:1002481	5 ppm	0.6 Da	NT=Methylthio;AC=UNIMOD:39;TA=C;MT=Fixed	NT=Oxidation;AC=UNIMOD:35;TA=M;MT=Variable	NT=TMT6plex;AC=UNIMOD:737;TA=K;MT=Fixed	NT=TMT6plex;AC=UNIMOD:737;PP=Any N-term;MT=Fixed	not applicable	CEN.PK 113-7D
reference-pool	Saccharomyces cerevisiae	not applicable	not applicable	pooled	pooled	not applicable	cell	not applicable	CEN.PK 113-7D	Fusion_181127_09-TMT126	proteomic profiling by mass spectrometry	3	Fusion_181127_09.raw	v1.1.0	NT=ms-proteomics;VV=v1.1.0	manual curation	NT=Data-dependent acquisition;AC=PRIDE:0000627	NT=Orbitrap Fusion;AC=MS:1002416	NT=Trypsin;AC=MS:1001251	TMT126	6	NT=higher energy beam-type collision-induced dissociation;AC=MS:1002481	5 ppm	0.6 Da	NT=Methylthio;AC=UNIMOD:39;TA=C;MT=Fixed	NT=Oxidation;AC=UNIMOD:35;TA=M;MT=Variable	NT=TMT6plex;AC=UNIMOD:737;TA=K;MT=Fixed	NT=TMT6plex;AC=UNIMOD:737;PP=Any N-term;MT=Fixed	not applicable	CEN.PK 113-7D
reference-pool	Saccharomyces cerevisiae	not applicable	not applicable	pooled	pooled	not applicable	cell	not applicable	CEN.PK 113-7D	Fusion_181127_10-TMT126	proteomic profiling by mass spectrometry	3	Fusion_181127_10.raw	v1.1.0	NT=ms-proteomics;VV=v1.1.0	manual curation	NT=Data-dependent acquisition;AC=PRIDE:0000627	NT=Orbitrap Fusion;AC=MS:1002416	NT=Trypsin;AC=MS:1001251	TMT126	7	NT=higher energy beam-type collision-induced dissociation;AC=MS:1002481	5 ppm	0.6 Da	NT=Methylthio;AC=UNIMOD:39;TA=C;MT=Fixed	NT=Oxidation;AC=UNIMOD:35;TA=M;MT=Variable	NT=TMT6plex;AC=UNIMOD:737;TA=K;MT=Fixed	NT=TMT6plex;AC=UNIMOD:737;PP=Any N-term;MT=Fixed	not applicable	CEN.PK 113-7D
reference-pool	Saccharomyces cerevisiae	not applicable	not applicable	pooled	pooled	not applicable	cell	not applicable	CEN.PK 113-7D	Fusion_181127_11-TMT126	proteomic profiling by mass spectrometry	3	Fusion_181127_11.raw	v1.1.0	NT=ms-proteomics;VV=v1.1.0	manual curation	NT=Data-dependent acquisition;AC=PRIDE:0000627	NT=Orbitrap Fusion;AC=MS:1002416	NT=Trypsin;AC=MS:1001251	TMT126	8	NT=higher energy beam-type collision-induced dissociation;AC=MS:1002481	5 ppm	0.6 Da	NT=Methylthio;AC=UNIMOD:39;TA=C;MT=Fixed	NT=Oxidation;AC=UNIMOD:35;TA=M;MT=Variable	NT=TMT6plex;AC=UNIMOD:737;TA=K;MT=Fixed	NT=TMT6plex;AC=UNIMOD:737;PP=Any N-term;MT=Fixed	not applicable	CEN.PK 113-7D
reference-pool	Saccharomyces cerevisiae	not applicable	not applicable	pooled	pooled	not applicable	cell	not applicable	CEN.PK 113-7D	Fusion_181127_12-TMT126	proteomic profiling by mass spectrometry	3	Fusion_181127_12.raw	v1.1.0	NT=ms-proteomics;VV=v1.1.0	manual curation	NT=Data-dependent acquisition;AC=PRIDE:0000627	NT=Orbitrap Fusion;AC=MS:1002416	NT=Trypsin;AC=MS:1001251	TMT126	9	NT=higher energy beam-type collision-induced dissociation;AC=MS:1002481	5 ppm	0.6 Da	NT=Methylthio;AC=UNIMOD:39;TA=C;MT=Fixed	NT=Oxidation;AC=UNIMOD:35;TA=M;MT=Variable	NT=TMT6plex;AC=UNIMOD:737;TA=K;MT=Fixed	NT=TMT6plex;AC=UNIMOD:737;PP=Any N-term;MT=Fixed	not applicable	CEN.PK 113-7D
reference-pool	Saccharomyces cerevisiae	not applicable	not applicable	pooled	pooled	not applicable	cell	not applicable	CEN.PK 113-7D	Fusion_181127_13-TMT126	proteomic profiling by mass spectrometry	3	Fusion_181127_13.raw	v1.1.0	NT=ms-proteomics;VV=v1.1.0	manual curation	NT=Data-dependent acquisition;AC=PRIDE:0000627	NT=Orbitrap Fusion;AC=MS:1002416	NT=Trypsin;AC=MS:1001251	TMT126	10	NT=higher energy beam-type collision-induced dissociation;AC=MS:1002481	5 ppm	0.6 Da	NT=Methylthio;AC=UNIMOD:39;TA=C;MT=Fixed	NT=Oxidation;AC=UNIMOD:35;TA=M;MT=Variable	NT=TMT6plex;AC=UNIMOD:737;TA=K;MT=Fixed	NT=TMT6plex;AC=UNIMOD:737;PP=Any N-term;MT=Fixed	not applicable	CEN.PK 113-7D
reference-pool	Saccharomyces cerevisiae	not applicable	not applicable	pooled	pooled	not applicable	cell	not applicable	CEN.PK 113-7D	Fusion_181127_14-TMT126	proteomic profiling by mass spectrometry	3	Fusion_181127_14.raw	v1.1.0	NT=ms-proteomics;VV=v1.1.0	manual curation	NT=Data-dependent acquisition;AC=PRIDE:0000627	NT=Orbitrap Fusion;AC=MS:1002416	NT=Trypsin;AC=MS:1001251	TMT126	11	NT=higher energy beam-type collision-induced dissociation;AC=MS:1002481	5 ppm	0.6 Da	NT=Methylthio;AC=UNIMOD:39;TA=C;MT=Fixed	NT=Oxidation;AC=UNIMOD:35;TA=M;MT=Variable	NT=TMT6plex;AC=UNIMOD:737;TA=K;MT=Fixed	NT=TMT6plex;AC=UNIMOD:737;PP=Any N-term;MT=Fixed	not applicable	CEN.PK 113-7D
reference-pool	Saccharomyces cerevisiae	not applicable	not applicable	pooled	pooled	not applicable	cell	not applicable	CEN.PK 113-7D	Fusion_181127_15-TMT126	proteomic profiling by mass spectrometry	3	Fusion_181127_15.raw	v1.1.0	NT=ms-proteomics;VV=v1.1.0	manual curation	NT=Data-dependent acquisition;AC=PRIDE:0000627	NT=Orbitrap Fusion;AC=MS:1002416	NT=Trypsin;AC=MS:1001251	TMT126	12	NT=higher energy beam-type collision-induced dissociation;AC=MS:1002481	5 ppm	0.6 Da	NT=Methylthio;AC=UNIMOD:39;TA=C;MT=Fixed	NT=Oxidation;AC=UNIMOD:35;TA=M;MT=Variable	NT=TMT6plex;AC=UNIMOD:737;TA=K;MT=Fixed	NT=TMT6plex;AC=UNIMOD:737;PP=Any N-term;MT=Fixed	not applicable	CEN.PK 113-7D
reference-pool	Saccharomyces cerevisiae	not applicable	not applicable	pooled	pooled	not applicable	cell	not applicable	CEN.PK 113-7D	Fusion_181127_16-TMT126	proteomic profiling by mass spectrometry	3	Fusion_181127_16.raw	v1.1.0	NT=ms-proteomics;VV=v1.1.0	manual curation	NT=Data-dependent acquisition;AC=PRIDE:0000627	NT=Orbitrap Fusion;AC=MS:1002416	NT=Trypsin;AC=MS:1001251	TMT126	13	NT=higher energy beam-type collision-induced dissociation;AC=MS:1002481	5 ppm	0.6 Da	NT=Methylthio;AC=UNIMOD:39;TA=C;MT=Fixed	NT=Oxidation;AC=UNIMOD:35;TA=M;MT=Variable	NT=TMT6plex;AC=UNIMOD:737;TA=K;MT=Fixed	NT=TMT6plex;AC=UNIMOD:737;PP=Any N-term;MT=Fixed	not applicable	CEN.PK 113-7D
reference-pool	Saccharomyces cerevisiae	not applicable	not applicable	pooled	pooled	not applicable	cell	not applicable	CEN.PK 113-7D	Fusion_181127_17-TMT126	proteomic profiling by mass spectrometry	3	Fusion_181127_17.raw	v1.1.0	NT=ms-proteomics;VV=v1.1.0	manual curation	NT=Data-dependent acquisition;AC=PRIDE:0000627	NT=Orbitrap Fusion;AC=MS:1002416	NT=Trypsin;AC=MS:1001251	TMT126	14	NT=higher energy beam-type collision-induced dissociation;AC=MS:1002481	5 ppm	0.6 Da	NT=Methylthio;AC=UNIMOD:39;TA=C;MT=Fixed	NT=Oxidation;AC=UNIMOD:35;TA=M;MT=Variable	NT=TMT6plex;AC=UNIMOD:737;TA=K;MT=Fixed	NT=TMT6plex;AC=UNIMOD:737;PP=Any N-term;MT=Fixed	not applicable	CEN.PK 113-7D
reference-pool	Saccharomyces cerevisiae	not applicable	not applicable	pooled	pooled	not applicable	cell	not applicable	CEN.PK 113-7D	Fusion_181127_18-TMT126	proteomic profiling by mass spectrometry	3	Fusion_181127_18.raw	v1.1.0	NT=ms-proteomics;VV=v1.1.0	manual curation	NT=Data-dependent acquisition;AC=PRIDE:0000627	NT=Orbitrap Fusion;AC=MS:1002416	NT=Trypsin;AC=MS:1001251	TMT126	15	NT=higher energy beam-type collision-induced dissociation;AC=MS:1002481	5 ppm	0.6 Da	NT=Methylthio;AC=UNIMOD:39;TA=C;MT=Fixed	NT=Oxidation;AC=UNIMOD:35;TA=M;MT=Variable	NT=TMT6plex;AC=UNIMOD:737;TA=K;MT=Fixed	NT=TMT6plex;AC=UNIMOD:737;PP=Any N-term;MT=Fixed	not applicable	CEN.PK 113-7D
reference-pool	Saccharomyces cerevisiae	not applicable	not applicable	pooled	pooled	not applicable	cell	not applicable	CEN.PK 113-7D	Fusion_181127_21-TMT126	proteomic profiling by mass spectrometry	3	Fusion_181127_21.raw	v1.1.0	NT=ms-proteomics;VV=v1.1.0	manual curation	NT=Data-dependent acquisition;AC=PRIDE:0000627	NT=Orbitrap Fusion;AC=MS:1002416	NT=Trypsin;AC=MS:1001251	TMT126	16	NT=higher energy beam-type collision-induced dissociation;AC=MS:1002481	5 ppm	0.6 Da	NT=Methylthio;AC=UNIMOD:39;TA=C;MT=Fixed	NT=Oxidation;AC=UNIMOD:35;TA=M;MT=Variable	NT=TMT6plex;AC=UNIMOD:737;TA=K;MT=Fixed	NT=TMT6plex;AC=UNIMOD:737;PP=Any N-term;MT=Fixed	not applicable	CEN.PK 113-7D
reference-pool	Saccharomyces cerevisiae	not applicable	not applicable	pooled	pooled	not applicable	cell	not applicable	CEN.PK 113-7D	Fusion_181127_22-TMT126	proteomic profiling by mass spectrometry	3	Fusion_181127_22.raw	v1.1.0	NT=ms-proteomics;VV=v1.1.0	manual curation	NT=Data-dependent acquisition;AC=PRIDE:0000627	NT=Orbitrap Fusion;AC=MS:1002416	NT=Trypsin;AC=MS:1001251	TMT126	17	NT=higher energy beam-type collision-induced dissociation;AC=MS:1002481	5 ppm	0.6 Da	NT=Methylthio;AC=UNIMOD:39;TA=C;MT=Fixed	NT=Oxidation;AC=UNIMOD:35;TA=M;MT=Variable	NT=TMT6plex;AC=UNIMOD:737;TA=K;MT=Fixed	NT=TMT6plex;AC=UNIMOD:737;PP=Any N-term;MT=Fixed	not applicable	CEN.PK 113-7D
reference-pool	Saccharomyces cerevisiae	not applicable	not applicable	pooled	pooled	not applicable	cell	not applicable	CEN.PK 113-7D	Fusion_181127_23-TMT126	proteomic profiling by mass spectrometry	3	Fusion_181127_23.raw	v1.1.0	NT=ms-proteomics;VV=v1.1.0	manual curation	NT=Data-dependent acquisition;AC=PRIDE:0000627	NT=Orbitrap Fusion;AC=MS:1002416	NT=Trypsin;AC=MS:1001251	TMT126	18	NT=higher energy beam-type collision-induced dissociation;AC=MS:1002481	5 ppm	0.6 Da	NT=Methylthio;AC=UNIMOD:39;TA=C;MT=Fixed	NT=Oxidation;AC=UNIMOD:35;TA=M;MT=Variable	NT=TMT6plex;AC=UNIMOD:737;TA=K;MT=Fixed	NT=TMT6plex;AC=UNIMOD:737;PP=Any N-term;MT=Fixed	not applicable	CEN.PK 113-7D
reference-pool	Saccharomyces cerevisiae	not applicable	not applicable	pooled	pooled	not applicable	cell	not applicable	CEN.PK 113-7D	Fusion_181127_96-TMT126	proteomic profiling by mass spectrometry	3	Fusion_181127_96.raw	v1.1.0	NT=ms-proteomics;VV=v1.1.0	manual curation	NT=Data-dependent acquisition;AC=PRIDE:0000627	NT=Orbitrap Fusion;AC=MS:1002416	NT=Trypsin;AC=MS:1001251	TMT126	19	NT=higher energy beam-type collision-induced dissociation;AC=MS:1002481	5 ppm	0.6 Da	NT=Methylthio;AC=UNIMOD:39;TA=C;MT=Fixed	NT=Oxidation;AC=UNIMOD:35;TA=M;MT=Variable	NT=TMT6plex;AC=UNIMOD:737;TA=K;MT=Fixed	NT=TMT6plex;AC=UNIMOD:737;PP=Any N-term;MT=Fixed	not applicable	CEN.PK 113-7D
reference-pool	Saccharomyces cerevisiae	not applicable	not applicable	pooled	pooled	not applicable	cell	not applicable	CEN.PK 113-7D	Fusion_181127_97-TMT126	proteomic profiling by mass spectrometry	3	Fusion_181127_97.raw	v1.1.0	NT=ms-proteomics;VV=v1.1.0	manual curation	NT=Data-dependent acquisition;AC=PRIDE:0000627	NT=Orbitrap Fusion;AC=MS:1002416	NT=Trypsin;AC=MS:1001251	TMT126	20	NT=higher energy beam-type collision-induced dissociation;AC=MS:1002481	5 ppm	0.6 Da	NT=Methylthio;AC=UNIMOD:39;TA=C;MT=Fixed	NT=Oxidation;AC=UNIMOD:35;TA=M;MT=Variable	NT=TMT6plex;AC=UNIMOD:737;TA=K;MT=Fixed	NT=TMT6plex;AC=UNIMOD:737;PP=Any N-term;MT=Fixed	not applicable	CEN.PK 113-7D
AAC-rate0.1-rep2	Saccharomyces cerevisiae	not applicable	not applicable	2	not pooled	not applicable	cell	0.1 /h	AAC	Fusion_181127_04-TMT127N	proteomic profiling by mass spectrometry	1	Fusion_181127_04.raw	v1.1.0	NT=ms-proteomics;VV=v1.1.0	manual curation	NT=Data-dependent acquisition;AC=PRIDE:0000627	NT=Orbitrap Fusion;AC=MS:1002416	NT=Trypsin;AC=MS:1001251	TMT127N	1	NT=higher energy beam-type collision-induced dissociation;AC=MS:1002481	5 ppm	0.6 Da	NT=Methylthio;AC=UNIMOD:39;TA=C;MT=Fixed	NT=Oxidation;AC=UNIMOD:35;TA=M;MT=Variable	NT=TMT6plex;AC=UNIMOD:737;TA=K;MT=Fixed	NT=TMT6plex;AC=UNIMOD:737;PP=Any N-term;MT=Fixed	0.1 /h	AAC
AAC-rate0.1-rep2	Saccharomyces cerevisiae	not applicable	not applicable	2	not pooled	not applicable	cell	0.1 /h	AAC	Fusion_181127_05-TMT127N	proteomic profiling by mass spectrometry	1	Fusion_181127_05.raw	v1.1.0	NT=ms-proteomics;VV=v1.1.0	manual curation	NT=Data-dependent acquisition;AC=PRIDE:0000627	NT=Orbitrap Fusion;AC=MS:1002416	NT=Trypsin;AC=MS:1001251	TMT127N	2	NT=higher energy beam-type collision-induced dissociation;AC=MS:1002481	5 ppm	0.6 Da	NT=Methylthio;AC=UNIMOD:39;TA=C;MT=Fixed	NT=Oxidation;AC=UNIMOD:35;TA=M;MT=Variable	NT=TMT6plex;AC=UNIMOD:737;TA=K;MT=Fixed	NT=TMT6plex;AC=UNIMOD:737;PP=Any N-term;MT=Fixed	0.1 /h	AAC
AAC-rate0.1-rep2	Saccharomyces cerevisiae	not applicable	not applicable	2	not pooled	not applicable	cell	0.1 /h	AAC	Fusion_181127_06-TMT127N	proteomic profiling by mass spectrometry	1	Fusion_181127_06.raw	v1.1.0	NT=ms-proteomics;VV=v1.1.0	manual curation	NT=Data-dependent acquisition;AC=PRIDE:0000627	NT=Orbitrap Fusion;AC=MS:1002416	NT=Trypsin;AC=MS:1001251	TMT127N	3	NT=higher energy beam-type collision-induced dissociation;AC=MS:1002481	5 ppm	0.6 Da	NT=Methylthio;AC=UNIMOD:39;TA=C;MT=Fixed	NT=Oxidation;AC=UNIMOD:35;TA=M;MT=Variable	NT=TMT6plex;AC=UNIMOD:737;TA=K;MT=Fixed	NT=TMT6plex;AC=UNIMOD:737;PP=Any N-term;MT=Fixed	0.1 /h	AAC
AAC-rate0.1-rep2	Saccharomyces cerevisiae	not applicable	not applicable	2	not pooled	not applicable	cell	0.1 /h	AAC	Fusion_181127_07-TMT127N	proteomic profiling by mass spectrometry	1	Fusion_181127_07.raw	v1.1.0	NT=ms-proteomics;VV=v1.1.0	manual curation	NT=Data-dependent acquisition;AC=PRIDE:0000627	NT=Orbitrap Fusion;AC=MS:1002416	NT=Trypsin;AC=MS:1001251	TMT127N	4	NT=higher energy beam-type collision-induced dissociation;AC=MS:1002481	5 ppm	0.6 Da	NT=Methylthio;AC=UNIMOD:39;TA=C;MT=Fixed	NT=Oxidation;AC=UNIMOD:35;TA=M;MT=Variable	NT=TMT6plex;AC=UNIMOD:737;TA=K;MT=Fixed	NT=TMT6plex;AC=UNIMOD:737;PP=Any N-term;MT=Fixed	0.1 /h	AAC
AAC-rate0.1-rep2	Saccharomyces cerevisiae	not applicable	not applicable	2	not pooled	not applicable	cell	0.1 /h	AAC	Fusion_181127_08-TMT127N	proteomic profiling by mass spectrometry	1	Fusion_181127_08.raw	v1.1.0	NT=ms-proteomics;VV=v1.1.0	manual curation	NT=Data-dependent acquisition;AC=PRIDE:0000627	NT=Orbitrap Fusion;AC=MS:1002416	NT=Trypsin;AC=MS:1001251	TMT127N	5	NT=higher energy beam-type collision-induced dissociation;AC=MS:1002481	5 ppm	0.6 Da	NT=Methylthio;AC=UNIMOD:39;TA=C;MT=Fixed	NT=Oxidation;AC=UNIMOD:35;TA=M;MT=Variable	NT=TMT6plex;AC=UNIMOD:737;TA=K;MT=Fixed	NT=TMT6plex;AC=UNIMOD:737;PP=Any N-term;MT=Fixed	0.1 /h	AAC
AAC-rate0.1-rep2	Saccharomyces cerevisiae	not applicable	not applicable	2	not pooled	not applicable	cell	0.1 /h	AAC	Fusion_181127_09-TMT127N	proteomic profiling by mass spectrometry	1	Fusion_181127_09.raw	v1.1.0	NT=ms-proteomics;VV=v1.1.0	manual curation	NT=Data-dependent acquisition;AC=PRIDE:0000627	NT=Orbitrap Fusion;AC=MS:1002416	NT=Trypsin;AC=MS:1001251	TMT127N	6	NT=higher energy beam-type collision-induced dissociation;AC=MS:1002481	5 ppm	0.6 Da	NT=Methylthio;AC=UNIMOD:39;TA=C;MT=Fixed	NT=Oxidation;AC=UNIMOD:35;TA=M;MT=Variable	NT=TMT6plex;AC=UNIMOD:737;TA=K;MT=Fixed	NT=TMT6plex;AC=UNIMOD:737;PP=Any N-term;MT=Fixed	0.1 /h	AAC
AAC-rate0.1-rep2	Saccharomyces cerevisiae	not applicable	not applicable	2	not pooled	not applicable	cell	0.1 /h	AAC	Fusion_181127_10-TMT127N	proteomic profiling by mass spectrometry	1	Fusion_181127_10.raw	v1.1.0	NT=ms-proteomics;VV=v1.1.0	manual curation	NT=Data-dependent acquisition;AC=PRIDE:0000627	NT=Orbitrap Fusion;AC=MS:1002416	NT=Trypsin;AC=MS:1001251	TMT127N	7	NT=higher energy beam-type collision-induced dissociation;AC=MS:1002481	5 ppm	0.6 Da	NT=Methylthio;AC=UNIMOD:39;TA=C;MT=Fixed	NT=Oxidation;AC=UNIMOD:35;TA=M;MT=Variable	NT=TMT6plex;AC=UNIMOD:737;TA=K;MT=Fixed	NT=TMT6plex;AC=UNIMOD:737;PP=Any N-term;MT=Fixed	0.1 /h	AAC
AAC-rate0.1-rep2	Saccharomyces cerevisiae	not applicable	not applicable	2	not pooled	not applicable	cell	0.1 /h	AAC	Fusion_181127_11-TMT127N	proteomic profiling by mass spectrometry	1	Fusion_181127_11.raw	v1.1.0	NT=ms-proteomics;VV=v1.1.0	manual curation	NT=Data-dependent acquisition;AC=PRIDE:0000627	NT=Orbitrap Fusion;AC=MS:1002416	NT=Trypsin;AC=MS:1001251	TMT127N	8	NT=higher energy beam-type collision-induced dissociation;AC=MS:1002481	5 ppm	0.6 Da	NT=Methylthio;AC=UNIMOD:39;TA=C;MT=Fixed	NT=Oxidation;AC=UNIMOD:35;TA=M;MT=Variable	NT=TMT6plex;AC=UNIMOD:737;TA=K;MT=Fixed	NT=TMT6plex;AC=UNIMOD:737;PP=Any N-term;MT=Fixed	0.1 /h	AAC
AAC-rate0.1-rep2	Saccharomyces cerevisiae	not applicable	not applicable	2	not pooled	not applicable	cell	0.1 /h	AAC	Fusion_181127_12-TMT127N	proteomic profiling by mass spectrometry	1	Fusion_181127_12.raw	v1.1.0	NT=ms-proteomics;VV=v1.1.0	manual curation	NT=Data-dependent acquisition;AC=PRIDE:0000627	NT=Orbitrap Fusion;AC=MS:1002416	NT=Trypsin;AC=MS:1001251	TMT127N	9	NT=higher energy beam-type collision-induced dissociation;AC=MS:1002481	5 ppm	0.6 Da	NT=Methylthio;AC=UNIMOD:39;TA=C;MT=Fixed	NT=Oxidation;AC=UNIMOD:35;TA=M;MT=Variable	NT=TMT6plex;AC=UNIMOD:737;TA=K;MT=Fixed	NT=TMT6plex;AC=UNIMOD:737;PP=Any N-term;MT=Fixed	0.1 /h	AAC
AAC-rate0.1-rep2	Saccharomyces cerevisiae	not applicable	not applicable	2	not pooled	not applicable	cell	0.1 /h	AAC	Fusion_181127_13-TMT127N	proteomic profiling by mass spectrometry	1	Fusion_181127_13.raw	v1.1.0	NT=ms-proteomics;VV=v1.1.0	manual curation	NT=Data-dependent acquisition;AC=PRIDE:0000627	NT=Orbitrap Fusion;AC=MS:1002416	NT=Trypsin;AC=MS:1001251	TMT127N	10	NT=higher energy beam-type collision-induced dissociation;AC=MS:1002481	5 ppm	0.6 Da	NT=Methylthio;AC=UNIMOD:39;TA=C;MT=Fixed	NT=Oxidation;AC=UNIMOD:35;TA=M;MT=Variable	NT=TMT6plex;AC=UNIMOD:737;TA=K;MT=Fixed	NT=TMT6plex;AC=UNIMOD:737;PP=Any N-term;MT=Fixed	0.1 /h	AAC
AAC-rate0.1-rep2	Saccharomyces cerevisiae	not applicable	not applicable	2	not pooled	not applicable	cell	0.1 /h	AAC	Fusion_181127_14-TMT127N	proteomic profiling by mass spectrometry	1	Fusion_181127_14.raw	v1.1.0	NT=ms-proteomics;VV=v1.1.0	manual curation	NT=Data-dependent acquisition;AC=PRIDE:0000627	NT=Orbitrap Fusion;AC=MS:1002416	NT=Trypsin;AC=MS:1001251	TMT127N	11	NT=higher energy beam-type collision-induced dissociation;AC=MS:1002481	5 ppm	0.6 Da	NT=Methylthio;AC=UNIMOD:39;TA=C;MT=Fixed	NT=Oxidation;AC=UNIMOD:35;TA=M;MT=Variable	NT=TMT6plex;AC=UNIMOD:737;TA=K;MT=Fixed	NT=TMT6plex;AC=UNIMOD:737;PP=Any N-term;MT=Fixed	0.1 /h	AAC
AAC-rate0.1-rep2	Saccharomyces cerevisiae	not applicable	not applicable	2	not pooled	not applicable	cell	0.1 /h	AAC	Fusion_181127_15-TMT127N	proteomic profiling by mass spectrometry	1	Fusion_181127_15.raw	v1.1.0	NT=ms-proteomics;VV=v1.1.0	manual curation	NT=Data-dependent acquisition;AC=PRIDE:0000627	NT=Orbitrap Fusion;AC=MS:1002416	NT=Trypsin;AC=MS:1001251	TMT127N	12	NT=higher energy beam-type collision-induced dissociation;AC=MS:1002481	5 ppm	0.6 Da	NT=Methylthio;AC=UNIMOD:39;TA=C;MT=Fixed	NT=Oxidation;AC=UNIMOD:35;TA=M;MT=Variable	NT=TMT6plex;AC=UNIMOD:737;TA=K;MT=Fixed	NT=TMT6plex;AC=UNIMOD:737;PP=Any N-term;MT=Fixed	0.1 /h	AAC
AAC-rate0.1-rep2	Saccharomyces cerevisiae	not applicable	not applicable	2	not pooled	not applicable	cell	0.1 /h	AAC	Fusion_181127_16-TMT127N	proteomic profiling by mass spectrometry	1	Fusion_181127_16.raw	v1.1.0	NT=ms-proteomics;VV=v1.1.0	manual curation	NT=Data-dependent acquisition;AC=PRIDE:0000627	NT=Orbitrap Fusion;AC=MS:1002416	NT=Trypsin;AC=MS:1001251	TMT127N	13	NT=higher energy beam-type collision-induced dissociation;AC=MS:1002481	5 ppm	0.6 Da	NT=Methylthio;AC=UNIMOD:39;TA=C;MT=Fixed	NT=Oxidation;AC=UNIMOD:35;TA=M;MT=Variable	NT=TMT6plex;AC=UNIMOD:737;TA=K;MT=Fixed	NT=TMT6plex;AC=UNIMOD:737;PP=Any N-term;MT=Fixed	0.1 /h	AAC
AAC-rate0.1-rep2	Saccharomyces cerevisiae	not applicable	not applicable	2	not pooled	not applicable	cell	0.1 /h	AAC	Fusion_181127_17-TMT127N	proteomic profiling by mass spectrometry	1	Fusion_181127_17.raw	v1.1.0	NT=ms-proteomics;VV=v1.1.0	manual curation	NT=Data-dependent acquisition;AC=PRIDE:0000627	NT=Orbitrap Fusion;AC=MS:1002416	NT=Trypsin;AC=MS:1001251	TMT127N	14	NT=higher energy beam-type collision-induced dissociation;AC=MS:1002481	5 ppm	0.6 Da	NT=Methylthio;AC=UNIMOD:39;TA=C;MT=Fixed	NT=Oxidation;AC=UNIMOD:35;TA=M;MT=Variable	NT=TMT6plex;AC=UNIMOD:737;TA=K;MT=Fixed	NT=TMT6plex;AC=UNIMOD:737;PP=Any N-term;MT=Fixed	0.1 /h	AAC
AAC-rate0.1-rep2	Saccharomyces cerevisiae	not applicable	not applicable	2	not pooled	not applicable	cell	0.1 /h	AAC	Fusion_181127_18-TMT127N	proteomic profiling by mass spectrometry	1	Fusion_181127_18.raw	v1.1.0	NT=ms-proteomics;VV=v1.1.0	manual curation	NT=Data-dependent acquisition;AC=PRIDE:0000627	NT=Orbitrap Fusion;AC=MS:1002416	NT=Trypsin;AC=MS:1001251	TMT127N	15	NT=higher energy beam-type collision-induced dissociation;AC=MS:1002481	5 ppm	0.6 Da	NT=Methylthio;AC=UNIMOD:39;TA=C;MT=Fixed	NT=Oxidation;AC=UNIMOD:35;TA=M;MT=Variable	NT=TMT6plex;AC=UNIMOD:737;TA=K;MT=Fixed	NT=TMT6plex;AC=UNIMOD:737;PP=Any N-term;MT=Fixed	0.1 /h	AAC
AAC-rate0.1-rep2	Saccharomyces cerevisiae	not applicable	not applicable	2	not pooled	not applicable	cell	0.1 /h	AAC	Fusion_181127_21-TMT127N	proteomic profiling by mass spectrometry	1	Fusion_181127_21.raw	v1.1.0	NT=ms-proteomics;VV=v1.1.0	manual curation	NT=Data-dependent acquisition;AC=PRIDE:0000627	NT=Orbitrap Fusion;AC=MS:1002416	NT=Trypsin;AC=MS:1001251	TMT127N	16	NT=higher energy beam-type collision-induced dissociation;AC=MS:1002481	5 ppm	0.6 Da	NT=Methylthio;AC=UNIMOD:39;TA=C;MT=Fixed	NT=Oxidation;AC=UNIMOD:35;TA=M;MT=Variable	NT=TMT6plex;AC=UNIMOD:737;TA=K;MT=Fixed	NT=TMT6plex;AC=UNIMOD:737;PP=Any N-term;MT=Fixed	0.1 /h	AAC
AAC-rate0.1-rep2	Saccharomyces cerevisiae	not applicable	not applicable	2	not pooled	not applicable	cell	0.1 /h	AAC	Fusion_181127_22-TMT127N	proteomic profiling by mass spectrometry	1	Fusion_181127_22.raw	v1.1.0	NT=ms-proteomics;VV=v1.1.0	manual curation	NT=Data-dependent acquisition;AC=PRIDE:0000627	NT=Orbitrap Fusion;AC=MS:1002416	NT=Trypsin;AC=MS:1001251	TMT127N	17	NT=higher energy beam-type collision-induced dissociation;AC=MS:1002481	5 ppm	0.6 Da	NT=Methylthio;AC=UNIMOD:39;TA=C;MT=Fixed	NT=Oxidation;AC=UNIMOD:35;TA=M;MT=Variable	NT=TMT6plex;AC=UNIMOD:737;TA=K;MT=Fixed	NT=TMT6plex;AC=UNIMOD:737;PP=Any N-term;MT=Fixed	0.1 /h	AAC
AAC-rate0.1-rep2	Saccharomyces cerevisiae	not applicable	not applicable	2	not pooled	not applicable	cell	0.1 /h	AAC	Fusion_181127_23-TMT127N	proteomic profiling by mass spectrometry	1	Fusion_181127_23.raw	v1.1.0	NT=ms-proteomics;VV=v1.1.0	manual curation	NT=Data-dependent acquisition;AC=PRIDE:0000627	NT=Orbitrap Fusion;AC=MS:1002416	NT=Trypsin;AC=MS:1001251	TMT127N	18	NT=higher energy beam-type collision-induced dissociation;AC=MS:1002481	5 ppm	0.6 Da	NT=Methylthio;AC=UNIMOD:39;TA=C;MT=Fixed	NT=Oxidation;AC=UNIMOD:35;TA=M;MT=Variable	NT=TMT6plex;AC=UNIMOD:737;TA=K;MT=Fixed	NT=TMT6plex;AC=UNIMOD:737;PP=Any N-term;MT=Fixed	0.1 /h	AAC
AAC-rate0.1-rep2	Saccharomyces cerevisiae	not applicable	not applicable	2	not pooled	not applicable	cell	0.1 /h	AAC	Fusion_181127_96-TMT127N	proteomic profiling by mass spectrometry	1	Fusion_181127_96.raw	v1.1.0	NT=ms-proteomics;VV=v1.1.0	manual curation	NT=Data-dependent acquisition;AC=PRIDE:0000627	NT=Orbitrap Fusion;AC=MS:1002416	NT=Trypsin;AC=MS:1001251	TMT127N	19	NT=higher energy beam-type collision-induced dissociation;AC=MS:1002481	5 ppm	0.6 Da	NT=Methylthio;AC=UNIMOD:39;TA=C;MT=Fixed	NT=Oxidation;AC=UNIMOD:35;TA=M;MT=Variable	NT=TMT6plex;AC=UNIMOD:737;TA=K;MT=Fixed	NT=TMT6plex;AC=UNIMOD:737;PP=Any N-term;MT=Fixed	0.1 /h	AAC
AAC-rate0.1-rep2	Saccharomyces cerevisiae	not applicable	not applicable	2	not pooled	not applicable	cell	0.1 /h	AAC	Fusion_181127_97-TMT127N	proteomic profiling by mass spectrometry	1	Fusion_181127_97.raw	v1.1.0	NT=ms-proteomics;VV=v1.1.0	manual curation	NT=Data-dependent acquisition;AC=PRIDE:0000627	NT=Orbitrap Fusion;AC=MS:1002416	NT=Trypsin;AC=MS:1001251	TMT127N	20	NT=higher energy beam-type collision-induced dissociation;AC=MS:1002481	5 ppm	0.6 Da	NT=Methylthio;AC=UNIMOD:39;TA=C;MT=Fixed	NT=Oxidation;AC=UNIMOD:35;TA=M;MT=Variable	NT=TMT6plex;AC=UNIMOD:737;TA=K;MT=Fixed	NT=TMT6plex;AC=UNIMOD:737;PP=Any N-term;MT=Fixed	0.1 /h	AAC
AAC-rate0.1-rep1	Saccharomyces cerevisiae	not applicable	not applicable	1	not pooled	not applicable	cell	0.1 /h	AAC	Fusion_181127_04-TMT127C	proteomic profiling by mass spectrometry	1	Fusion_181127_04.raw	v1.1.0	NT=ms-proteomics;VV=v1.1.0	manual curation	NT=Data-dependent acquisition;AC=PRIDE:0000627	NT=Orbitrap Fusion;AC=MS:1002416	NT=Trypsin;AC=MS:1001251	TMT127C	1	NT=higher energy beam-type collision-induced dissociation;AC=MS:1002481	5 ppm	0.6 Da	NT=Methylthio;AC=UNIMOD:39;TA=C;MT=Fixed	NT=Oxidation;AC=UNIMOD:35;TA=M;MT=Variable	NT=TMT6plex;AC=UNIMOD:737;TA=K;MT=Fixed	NT=TMT6plex;AC=UNIMOD:737;PP=Any N-term;MT=Fixed	0.1 /h	AAC
AAC-rate0.1-rep1	Saccharomyces cerevisiae	not applicable	not applicable	1	not pooled	not applicable	cell	0.1 /h	AAC	Fusion_181127_05-TMT127C	proteomic profiling by mass spectrometry	1	Fusion_181127_05.raw	v1.1.0	NT=ms-proteomics;VV=v1.1.0	manual curation	NT=Data-dependent acquisition;AC=PRIDE:0000627	NT=Orbitrap Fusion;AC=MS:1002416	NT=Trypsin;AC=MS:1001251	TMT127C	2	NT=higher energy beam-type collision-induced dissociation;AC=MS:1002481	5 ppm	0.6 Da	NT=Methylthio;AC=UNIMOD:39;TA=C;MT=Fixed	NT=Oxidation;AC=UNIMOD:35;TA=M;MT=Variable	NT=TMT6plex;AC=UNIMOD:737;TA=K;MT=Fixed	NT=TMT6plex;AC=UNIMOD:737;PP=Any N-term;MT=Fixed	0.1 /h	AAC
AAC-rate0.1-rep1	Saccharomyces cerevisiae	not applicable	not applicable	1	not pooled	not applicable	cell	0.1 /h	AAC	Fusion_181127_06-TMT127C	proteomic profiling by mass spectrometry	1	Fusion_181127_06.raw	v1.1.0	NT=ms-proteomics;VV=v1.1.0	manual curation	NT=Data-dependent acquisition;AC=PRIDE:0000627	NT=Orbitrap Fusion;AC=MS:1002416	NT=Trypsin;AC=MS:1001251	TMT127C	3	NT=higher energy beam-type collision-induced dissociation;AC=MS:1002481	5 ppm	0.6 Da	NT=Methylthio;AC=UNIMOD:39;TA=C;MT=Fixed	NT=Oxidation;AC=UNIMOD:35;TA=M;MT=Variable	NT=TMT6plex;AC=UNIMOD:737;TA=K;MT=Fixed	NT=TMT6plex;AC=UNIMOD:737;PP=Any N-term;MT=Fixed	0.1 /h	AAC
AAC-rate0.1-rep1	Saccharomyces cerevisiae	not applicable	not applicable	1	not pooled	not applicable	cell	0.1 /h	AAC	Fusion_181127_07-TMT127C	proteomic profiling by mass spectrometry	1	Fusion_181127_07.raw	v1.1.0	NT=ms-proteomics;VV=v1.1.0	manual curation	NT=Data-dependent acquisition;AC=PRIDE:0000627	NT=Orbitrap Fusion;AC=MS:1002416	NT=Trypsin;AC=MS:1001251	TMT127C	4	NT=higher energy beam-type collision-induced dissociation;AC=MS:1002481	5 ppm	0.6 Da	NT=Methylthio;AC=UNIMOD:39;TA=C;MT=Fixed	NT=Oxidation;AC=UNIMOD:35;TA=M;MT=Variable	NT=TMT6plex;AC=UNIMOD:737;TA=K;MT=Fixed	NT=TMT6plex;AC=UNIMOD:737;PP=Any N-term;MT=Fixed	0.1 /h	AAC
AAC-rate0.1-rep1	Saccharomyces cerevisiae	not applicable	not applicable	1	not pooled	not applicable	cell	0.1 /h	AAC	Fusion_181127_08-TMT127C	proteomic profiling by mass spectrometry	1	Fusion_181127_08.raw	v1.1.0	NT=ms-proteomics;VV=v1.1.0	manual curation	NT=Data-dependent acquisition;AC=PRIDE:0000627	NT=Orbitrap Fusion;AC=MS:1002416	NT=Trypsin;AC=MS:1001251	TMT127C	5	NT=higher energy beam-type collision-induced dissociation;AC=MS:1002481	5 ppm	0.6 Da	NT=Methylthio;AC=UNIMOD:39;TA=C;MT=Fixed	NT=Oxidation;AC=UNIMOD:35;TA=M;MT=Variable	NT=TMT6plex;AC=UNIMOD:737;TA=K;MT=Fixed	NT=TMT6plex;AC=UNIMOD:737;PP=Any N-term;MT=Fixed	0.1 /h	AAC
AAC-rate0.1-rep1	Saccharomyces cerevisiae	not applicable	not applicable	1	not pooled	not applicable	cell	0.1 /h	AAC	Fusion_181127_09-TMT127C	proteomic profiling by mass spectrometry	1	Fusion_181127_09.raw	v1.1.0	NT=ms-proteomics;VV=v1.1.0	manual curation	NT=Data-dependent acquisition;AC=PRIDE:0000627	NT=Orbitrap Fusion;AC=MS:1002416	NT=Trypsin;AC=MS:1001251	TMT127C	6	NT=higher energy beam-type collision-induced dissociation;AC=MS:1002481	5 ppm	0.6 Da	NT=Methylthio;AC=UNIMOD:39;TA=C;MT=Fixed	NT=Oxidation;AC=UNIMOD:35;TA=M;MT=Variable	NT=TMT6plex;AC=UNIMOD:737;TA=K;MT=Fixed	NT=TMT6plex;AC=UNIMOD:737;PP=Any N-term;MT=Fixed	0.1 /h	AAC
AAC-rate0.1-rep1	Saccharomyces cerevisiae	not applicable	not applicable	1	not pooled	not applicable	cell	0.1 /h	AAC	Fusion_181127_10-TMT127C	proteomic profiling by mass spectrometry	1	Fusion_181127_10.raw	v1.1.0	NT=ms-proteomics;VV=v1.1.0	manual curation	NT=Data-dependent acquisition;AC=PRIDE:0000627	NT=Orbitrap Fusion;AC=MS:1002416	NT=Trypsin;AC=MS:1001251	TMT127C	7	NT=higher energy beam-type collision-induced dissociation;AC=MS:1002481	5 ppm	0.6 Da	NT=Methylthio;AC=UNIMOD:39;TA=C;MT=Fixed	NT=Oxidation;AC=UNIMOD:35;TA=M;MT=Variable	NT=TMT6plex;AC=UNIMOD:737;TA=K;MT=Fixed	NT=TMT6plex;AC=UNIMOD:737;PP=Any N-term;MT=Fixed	0.1 /h	AAC
AAC-rate0.1-rep1	Saccharomyces cerevisiae	not applicable	not applicable	1	not pooled	not applicable	cell	0.1 /h	AAC	Fusion_181127_11-TMT127C	proteomic profiling by mass spectrometry	1	Fusion_181127_11.raw	v1.1.0	NT=ms-proteomics;VV=v1.1.0	manual curation	NT=Data-dependent acquisition;AC=PRIDE:0000627	NT=Orbitrap Fusion;AC=MS:1002416	NT=Trypsin;AC=MS:1001251	TMT127C	8	NT=higher energy beam-type collision-induced dissociation;AC=MS:1002481	5 ppm	0.6 Da	NT=Methylthio;AC=UNIMOD:39;TA=C;MT=Fixed	NT=Oxidation;AC=UNIMOD:35;TA=M;MT=Variable	NT=TMT6plex;AC=UNIMOD:737;TA=K;MT=Fixed	NT=TMT6plex;AC=UNIMOD:737;PP=Any N-term;MT=Fixed	0.1 /h	AAC
AAC-rate0.1-rep1	Saccharomyces cerevisiae	not applicable	not applicable	1	not pooled	not applicable	cell	0.1 /h	AAC	Fusion_181127_12-TMT127C	proteomic profiling by mass spectrometry	1	Fusion_181127_12.raw	v1.1.0	NT=ms-proteomics;VV=v1.1.0	manual curation	NT=Data-dependent acquisition;AC=PRIDE:0000627	NT=Orbitrap Fusion;AC=MS:1002416	NT=Trypsin;AC=MS:1001251	TMT127C	9	NT=higher energy beam-type collision-induced dissociation;AC=MS:1002481	5 ppm	0.6 Da	NT=Methylthio;AC=UNIMOD:39;TA=C;MT=Fixed	NT=Oxidation;AC=UNIMOD:35;TA=M;MT=Variable	NT=TMT6plex;AC=UNIMOD:737;TA=K;MT=Fixed	NT=TMT6plex;AC=UNIMOD:737;PP=Any N-term;MT=Fixed	0.1 /h	AAC
AAC-rate0.1-rep1	Saccharomyces cerevisiae	not applicable	not applicable	1	not pooled	not applicable	cell	0.1 /h	AAC	Fusion_181127_13-TMT127C	proteomic profiling by mass spectrometry	1	Fusion_181127_13.raw	v1.1.0	NT=ms-proteomics;VV=v1.1.0	manual curation	NT=Data-dependent acquisition;AC=PRIDE:0000627	NT=Orbitrap Fusion;AC=MS:1002416	NT=Trypsin;AC=MS:1001251	TMT127C	10	NT=higher energy beam-type collision-induced dissociation;AC=MS:1002481	5 ppm	0.6 Da	NT=Methylthio;AC=UNIMOD:39;TA=C;MT=Fixed	NT=Oxidation;AC=UNIMOD:35;TA=M;MT=Variable	NT=TMT6plex;AC=UNIMOD:737;TA=K;MT=Fixed	NT=TMT6plex;AC=UNIMOD:737;PP=Any N-term;MT=Fixed	0.1 /h	AAC
AAC-rate0.1-rep1	Saccharomyces cerevisiae	not applicable	not applicable	1	not pooled	not applicable	cell	0.1 /h	AAC	Fusion_181127_14-TMT127C	proteomic profiling by mass spectrometry	1	Fusion_181127_14.raw	v1.1.0	NT=ms-proteomics;VV=v1.1.0	manual curation	NT=Data-dependent acquisition;AC=PRIDE:0000627	NT=Orbitrap Fusion;AC=MS:1002416	NT=Trypsin;AC=MS:1001251	TMT127C	11	NT=higher energy beam-type collision-induced dissociation;AC=MS:1002481	5 ppm	0.6 Da	NT=Methylthio;AC=UNIMOD:39;TA=C;MT=Fixed	NT=Oxidation;AC=UNIMOD:35;TA=M;MT=Variable	NT=TMT6plex;AC=UNIMOD:737;TA=K;MT=Fixed	NT=TMT6plex;AC=UNIMOD:737;PP=Any N-term;MT=Fixed	0.1 /h	AAC
AAC-rate0.1-rep1	Saccharomyces cerevisiae	not applicable	not applicable	1	not pooled	not applicable	cell	0.1 /h	AAC	Fusion_181127_15-TMT127C	proteomic profiling by mass spectrometry	1	Fusion_181127_15.raw	v1.1.0	NT=ms-proteomics;VV=v1.1.0	manual curation	NT=Data-dependent acquisition;AC=PRIDE:0000627	NT=Orbitrap Fusion;AC=MS:1002416	NT=Trypsin;AC=MS:1001251	TMT127C	12	NT=higher energy beam-type collision-induced dissociation;AC=MS:1002481	5 ppm	0.6 Da	NT=Methylthio;AC=UNIMOD:39;TA=C;MT=Fixed	NT=Oxidation;AC=UNIMOD:35;TA=M;MT=Variable	NT=TMT6plex;AC=UNIMOD:737;TA=K;MT=Fixed	NT=TMT6plex;AC=UNIMOD:737;PP=Any N-term;MT=Fixed	0.1 /h	AAC
AAC-rate0.1-rep1	Saccharomyces cerevisiae	not applicable	not applicable	1	not pooled	not applicable	cell	0.1 /h	AAC	Fusion_181127_16-TMT127C	proteomic profiling by mass spectrometry	1	Fusion_181127_16.raw	v1.1.0	NT=ms-proteomics;VV=v1.1.0	manual curation	NT=Data-dependent acquisition;AC=PRIDE:0000627	NT=Orbitrap Fusion;AC=MS:1002416	NT=Trypsin;AC=MS:1001251	TMT127C	13	NT=higher energy beam-type collision-induced dissociation;AC=MS:1002481	5 ppm	0.6 Da	NT=Methylthio;AC=UNIMOD:39;TA=C;MT=Fixed	NT=Oxidation;AC=UNIMOD:35;TA=M;MT=Variable	NT=TMT6plex;AC=UNIMOD:737;TA=K;MT=Fixed	NT=TMT6plex;AC=UNIMOD:737;PP=Any N-term;MT=Fixed	0.1 /h	AAC
AAC-rate0.1-rep1	Saccharomyces cerevisiae	not applicable	not applicable	1	not pooled	not applicable	cell	0.1 /h	AAC	Fusion_181127_17-TMT127C	proteomic profiling by mass spectrometry	1	Fusion_181127_17.raw	v1.1.0	NT=ms-proteomics;VV=v1.1.0	manual curation	NT=Data-dependent acquisition;AC=PRIDE:0000627	NT=Orbitrap Fusion;AC=MS:1002416	NT=Trypsin;AC=MS:1001251	TMT127C	14	NT=higher energy beam-type collision-induced dissociation;AC=MS:1002481	5 ppm	0.6 Da	NT=Methylthio;AC=UNIMOD:39;TA=C;MT=Fixed	NT=Oxidation;AC=UNIMOD:35;TA=M;MT=Variable	NT=TMT6plex;AC=UNIMOD:737;TA=K;MT=Fixed	NT=TMT6plex;AC=UNIMOD:737;PP=Any N-term;MT=Fixed	0.1 /h	AAC
AAC-rate0.1-rep1	Saccharomyces cerevisiae	not applicable	not applicable	1	not pooled	not applicable	cell	0.1 /h	AAC	Fusion_181127_18-TMT127C	proteomic profiling by mass spectrometry	1	Fusion_181127_18.raw	v1.1.0	NT=ms-proteomics;VV=v1.1.0	manual curation	NT=Data-dependent acquisition;AC=PRIDE:0000627	NT=Orbitrap Fusion;AC=MS:1002416	NT=Trypsin;AC=MS:1001251	TMT127C	15	NT=higher energy beam-type collision-induced dissociation;AC=MS:1002481	5 ppm	0.6 Da	NT=Methylthio;AC=UNIMOD:39;TA=C;MT=Fixed	NT=Oxidation;AC=UNIMOD:35;TA=M;MT=Variable	NT=TMT6plex;AC=UNIMOD:737;TA=K;MT=Fixed	NT=TMT6plex;AC=UNIMOD:737;PP=Any N-term;MT=Fixed	0.1 /h	AAC
AAC-rate0.1-rep1	Saccharomyces cerevisiae	not applicable	not applicable	1	not pooled	not applicable	cell	0.1 /h	AAC	Fusion_181127_21-TMT127C	proteomic profiling by mass spectrometry	1	Fusion_181127_21.raw	v1.1.0	NT=ms-proteomics;VV=v1.1.0	manual curation	NT=Data-dependent acquisition;AC=PRIDE:0000627	NT=Orbitrap Fusion;AC=MS:1002416	NT=Trypsin;AC=MS:1001251	TMT127C	16	NT=higher energy beam-type collision-induced dissociation;AC=MS:1002481	5 ppm	0.6 Da	NT=Methylthio;AC=UNIMOD:39;TA=C;MT=Fixed	NT=Oxidation;AC=UNIMOD:35;TA=M;MT=Variable	NT=TMT6plex;AC=UNIMOD:737;TA=K;MT=Fixed	NT=TMT6plex;AC=UNIMOD:737;PP=Any N-term;MT=Fixed	0.1 /h	AAC
AAC-rate0.1-rep1	Saccharomyces cerevisiae	not applicable	not applicable	1	not pooled	not applicable	cell	0.1 /h	AAC	Fusion_181127_22-TMT127C	proteomic profiling by mass spectrometry	1	Fusion_181127_22.raw	v1.1.0	NT=ms-proteomics;VV=v1.1.0	manual curation	NT=Data-dependent acquisition;AC=PRIDE:0000627	NT=Orbitrap Fusion;AC=MS:1002416	NT=Trypsin;AC=MS:1001251	TMT127C	17	NT=higher energy beam-type collision-induced dissociation;AC=MS:1002481	5 ppm	0.6 Da	NT=Methylthio;AC=UNIMOD:39;TA=C;MT=Fixed	NT=Oxidation;AC=UNIMOD:35;TA=M;MT=Variable	NT=TMT6plex;AC=UNIMOD:737;TA=K;MT=Fixed	NT=TMT6plex;AC=UNIMOD:737;PP=Any N-term;MT=Fixed	0.1 /h	AAC
AAC-rate0.1-rep1	Saccharomyces cerevisiae	not applicable	not applicable	1	not pooled	not applicable	cell	0.1 /h	AAC	Fusion_181127_23-TMT127C	proteomic profiling by mass spectrometry	1	Fusion_181127_23.raw	v1.1.0	NT=ms-proteomics;VV=v1.1.0	manual curation	NT=Data-dependent acquisition;AC=PRIDE:0000627	NT=Orbitrap Fusion;AC=MS:1002416	NT=Trypsin;AC=MS:1001251	TMT127C	18	NT=higher energy beam-type collision-induced dissociation;AC=MS:1002481	5 ppm	0.6 Da	NT=Methylthio;AC=UNIMOD:39;TA=C;MT=Fixed	NT=Oxidation;AC=UNIMOD:35;TA=M;MT=Variable	NT=TMT6plex;AC=UNIMOD:737;TA=K;MT=Fixed	NT=TMT6plex;AC=UNIMOD:737;PP=Any N-term;MT=Fixed	0.1 /h	AAC
AAC-rate0.1-rep1	Saccharomyces cerevisiae	not applicable	not applicable	1	not pooled	not applicable	cell	0.1 /h	AAC	Fusion_181127_96-TMT127C	proteomic profiling by mass spectrometry	1	Fusion_181127_96.raw	v1.1.0	NT=ms-proteomics;VV=v1.1.0	manual curation	NT=Data-dependent acquisition;AC=PRIDE:0000627	NT=Orbitrap Fusion;AC=MS:1002416	NT=Trypsin;AC=MS:1001251	TMT127C	19	NT=higher energy beam-type collision-induced dissociation;AC=MS:1002481	5 ppm	0.6 Da	NT=Methylthio;AC=UNIMOD:39;TA=C;MT=Fixed	NT=Oxidation;AC=UNIMOD:35;TA=M;MT=Variable	NT=TMT6plex;AC=UNIMOD:737;TA=K;MT=Fixed	NT=TMT6plex;AC=UNIMOD:737;PP=Any N-term;MT=Fixed	0.1 /h	AAC
AAC-rate0.1-rep1	Saccharomyces cerevisiae	not applicable	not applicable	1	not pooled	not applicable	cell	0.1 /h	AAC	Fusion_181127_97-TMT127C	proteomic profiling by mass spectrometry	1	Fusion_181127_97.raw	v1.1.0	NT=ms-proteomics;VV=v1.1.0	manual curation	NT=Data-dependent acquisition;AC=PRIDE:0000627	NT=Orbitrap Fusion;AC=MS:1002416	NT=Trypsin;AC=MS:1001251	TMT127C	20	NT=higher energy beam-type collision-induced dissociation;AC=MS:1002481	5 ppm	0.6 Da	NT=Methylthio;AC=UNIMOD:39;TA=C;MT=Fixed	NT=Oxidation;AC=UNIMOD:35;TA=M;MT=Variable	NT=TMT6plex;AC=UNIMOD:737;TA=K;MT=Fixed	NT=TMT6plex;AC=UNIMOD:737;PP=Any N-term;MT=Fixed	0.1 /h	AAC
B184-rate0.1-rep1	Saccharomyces cerevisiae	not applicable	not applicable	1	not pooled	not applicable	cell	0.1 /h	B184	Fusion_181127_04-TMT128N	proteomic profiling by mass spectrometry	1	Fusion_181127_04.raw	v1.1.0	NT=ms-proteomics;VV=v1.1.0	manual curation	NT=Data-dependent acquisition;AC=PRIDE:0000627	NT=Orbitrap Fusion;AC=MS:1002416	NT=Trypsin;AC=MS:1001251	TMT128N	1	NT=higher energy beam-type collision-induced dissociation;AC=MS:1002481	5 ppm	0.6 Da	NT=Methylthio;AC=UNIMOD:39;TA=C;MT=Fixed	NT=Oxidation;AC=UNIMOD:35;TA=M;MT=Variable	NT=TMT6plex;AC=UNIMOD:737;TA=K;MT=Fixed	NT=TMT6plex;AC=UNIMOD:737;PP=Any N-term;MT=Fixed	0.1 /h	B184
B184-rate0.1-rep1	Saccharomyces cerevisiae	not applicable	not applicable	1	not pooled	not applicable	cell	0.1 /h	B184	Fusion_181127_05-TMT128N	proteomic profiling by mass spectrometry	1	Fusion_181127_05.raw	v1.1.0	NT=ms-proteomics;VV=v1.1.0	manual curation	NT=Data-dependent acquisition;AC=PRIDE:0000627	NT=Orbitrap Fusion;AC=MS:1002416	NT=Trypsin;AC=MS:1001251	TMT128N	2	NT=higher energy beam-type collision-induced dissociation;AC=MS:1002481	5 ppm	0.6 Da	NT=Methylthio;AC=UNIMOD:39;TA=C;MT=Fixed	NT=Oxidation;AC=UNIMOD:35;TA=M;MT=Variable	NT=TMT6plex;AC=UNIMOD:737;TA=K;MT=Fixed	NT=TMT6plex;AC=UNIMOD:737;PP=Any N-term;MT=Fixed	0.1 /h	B184
B184-rate0.1-rep1	Saccharomyces cerevisiae	not applicable	not applicable	1	not pooled	not applicable	cell	0.1 /h	B184	Fusion_181127_06-TMT128N	proteomic profiling by mass spectrometry	1	Fusion_181127_06.raw	v1.1.0	NT=ms-proteomics;VV=v1.1.0	manual curation	NT=Data-dependent acquisition;AC=PRIDE:0000627	NT=Orbitrap Fusion;AC=MS:1002416	NT=Trypsin;AC=MS:1001251	TMT128N	3	NT=higher energy beam-type collision-induced dissociation;AC=MS:1002481	5 ppm	0.6 Da	NT=Methylthio;AC=UNIMOD:39;TA=C;MT=Fixed	NT=Oxidation;AC=UNIMOD:35;TA=M;MT=Variable	NT=TMT6plex;AC=UNIMOD:737;TA=K;MT=Fixed	NT=TMT6plex;AC=UNIMOD:737;PP=Any N-term;MT=Fixed	0.1 /h	B184
B184-rate0.1-rep1	Saccharomyces cerevisiae	not applicable	not applicable	1	not pooled	not applicable	cell	0.1 /h	B184	Fusion_181127_07-TMT128N	proteomic profiling by mass spectrometry	1	Fusion_181127_07.raw	v1.1.0	NT=ms-proteomics;VV=v1.1.0	manual curation	NT=Data-dependent acquisition;AC=PRIDE:0000627	NT=Orbitrap Fusion;AC=MS:1002416	NT=Trypsin;AC=MS:1001251	TMT128N	4	NT=higher energy beam-type collision-induced dissociation;AC=MS:1002481	5 ppm	0.6 Da	NT=Methylthio;AC=UNIMOD:39;TA=C;MT=Fixed	NT=Oxidation;AC=UNIMOD:35;TA=M;MT=Variable	NT=TMT6plex;AC=UNIMOD:737;TA=K;MT=Fixed	NT=TMT6plex;AC=UNIMOD:737;PP=Any N-term;MT=Fixed	0.1 /h	B184
B184-rate0.1-rep1	Saccharomyces cerevisiae	not applicable	not applicable	1	not pooled	not applicable	cell	0.1 /h	B184	Fusion_181127_08-TMT128N	proteomic profiling by mass spectrometry	1	Fusion_181127_08.raw	v1.1.0	NT=ms-proteomics;VV=v1.1.0	manual curation	NT=Data-dependent acquisition;AC=PRIDE:0000627	NT=Orbitrap Fusion;AC=MS:1002416	NT=Trypsin;AC=MS:1001251	TMT128N	5	NT=higher energy beam-type collision-induced dissociation;AC=MS:1002481	5 ppm	0.6 Da	NT=Methylthio;AC=UNIMOD:39;TA=C;MT=Fixed	NT=Oxidation;AC=UNIMOD:35;TA=M;MT=Variable	NT=TMT6plex;AC=UNIMOD:737;TA=K;MT=Fixed	NT=TMT6plex;AC=UNIMOD:737;PP=Any N-term;MT=Fixed	0.1 /h	B184
B184-rate0.1-rep1	Saccharomyces cerevisiae	not applicable	not applicable	1	not pooled	not applicable	cell	0.1 /h	B184	Fusion_181127_09-TMT128N	proteomic profiling by mass spectrometry	1	Fusion_181127_09.raw	v1.1.0	NT=ms-proteomics;VV=v1.1.0	manual curation	NT=Data-dependent acquisition;AC=PRIDE:0000627	NT=Orbitrap Fusion;AC=MS:1002416	NT=Trypsin;AC=MS:1001251	TMT128N	6	NT=higher energy beam-type collision-induced dissociation;AC=MS:1002481	5 ppm	0.6 Da	NT=Methylthio;AC=UNIMOD:39;TA=C;MT=Fixed	NT=Oxidation;AC=UNIMOD:35;TA=M;MT=Variable	NT=TMT6plex;AC=UNIMOD:737;TA=K;MT=Fixed	NT=TMT6plex;AC=UNIMOD:737;PP=Any N-term;MT=Fixed	0.1 /h	B184
B184-rate0.1-rep1	Saccharomyces cerevisiae	not applicable	not applicable	1	not pooled	not applicable	cell	0.1 /h	B184	Fusion_181127_10-TMT128N	proteomic profiling by mass spectrometry	1	Fusion_181127_10.raw	v1.1.0	NT=ms-proteomics;VV=v1.1.0	manual curation	NT=Data-dependent acquisition;AC=PRIDE:0000627	NT=Orbitrap Fusion;AC=MS:1002416	NT=Trypsin;AC=MS:1001251	TMT128N	7	NT=higher energy beam-type collision-induced dissociation;AC=MS:1002481	5 ppm	0.6 Da	NT=Methylthio;AC=UNIMOD:39;TA=C;MT=Fixed	NT=Oxidation;AC=UNIMOD:35;TA=M;MT=Variable	NT=TMT6plex;AC=UNIMOD:737;TA=K;MT=Fixed	NT=TMT6plex;AC=UNIMOD:737;PP=Any N-term;MT=Fixed	0.1 /h	B184
B184-rate0.1-rep1	Saccharomyces cerevisiae	not applicable	not applicable	1	not pooled	not applicable	cell	0.1 /h	B184	Fusion_181127_11-TMT128N	proteomic profiling by mass spectrometry	1	Fusion_181127_11.raw	v1.1.0	NT=ms-proteomics;VV=v1.1.0	manual curation	NT=Data-dependent acquisition;AC=PRIDE:0000627	NT=Orbitrap Fusion;AC=MS:1002416	NT=Trypsin;AC=MS:1001251	TMT128N	8	NT=higher energy beam-type collision-induced dissociation;AC=MS:1002481	5 ppm	0.6 Da	NT=Methylthio;AC=UNIMOD:39;TA=C;MT=Fixed	NT=Oxidation;AC=UNIMOD:35;TA=M;MT=Variable	NT=TMT6plex;AC=UNIMOD:737;TA=K;MT=Fixed	NT=TMT6plex;AC=UNIMOD:737;PP=Any N-term;MT=Fixed	0.1 /h	B184
B184-rate0.1-rep1	Saccharomyces cerevisiae	not applicable	not applicable	1	not pooled	not applicable	cell	0.1 /h	B184	Fusion_181127_12-TMT128N	proteomic profiling by mass spectrometry	1	Fusion_181127_12.raw	v1.1.0	NT=ms-proteomics;VV=v1.1.0	manual curation	NT=Data-dependent acquisition;AC=PRIDE:0000627	NT=Orbitrap Fusion;AC=MS:1002416	NT=Trypsin;AC=MS:1001251	TMT128N	9	NT=higher energy beam-type collision-induced dissociation;AC=MS:1002481	5 ppm	0.6 Da	NT=Methylthio;AC=UNIMOD:39;TA=C;MT=Fixed	NT=Oxidation;AC=UNIMOD:35;TA=M;MT=Variable	NT=TMT6plex;AC=UNIMOD:737;TA=K;MT=Fixed	NT=TMT6plex;AC=UNIMOD:737;PP=Any N-term;MT=Fixed	0.1 /h	B184
B184-rate0.1-rep1	Saccharomyces cerevisiae	not applicable	not applicable	1	not pooled	not applicable	cell	0.1 /h	B184	Fusion_181127_13-TMT128N	proteomic profiling by mass spectrometry	1	Fusion_181127_13.raw	v1.1.0	NT=ms-proteomics;VV=v1.1.0	manual curation	NT=Data-dependent acquisition;AC=PRIDE:0000627	NT=Orbitrap Fusion;AC=MS:1002416	NT=Trypsin;AC=MS:1001251	TMT128N	10	NT=higher energy beam-type collision-induced dissociation;AC=MS:1002481	5 ppm	0.6 Da	NT=Methylthio;AC=UNIMOD:39;TA=C;MT=Fixed	NT=Oxidation;AC=UNIMOD:35;TA=M;MT=Variable	NT=TMT6plex;AC=UNIMOD:737;TA=K;MT=Fixed	NT=TMT6plex;AC=UNIMOD:737;PP=Any N-term;MT=Fixed	0.1 /h	B184
B184-rate0.1-rep1	Saccharomyces cerevisiae	not applicable	not applicable	1	not pooled	not applicable	cell	0.1 /h	B184	Fusion_181127_14-TMT128N	proteomic profiling by mass spectrometry	1	Fusion_181127_14.raw	v1.1.0	NT=ms-proteomics;VV=v1.1.0	manual curation	NT=Data-dependent acquisition;AC=PRIDE:0000627	NT=Orbitrap Fusion;AC=MS:1002416	NT=Trypsin;AC=MS:1001251	TMT128N	11	NT=higher energy beam-type collision-induced dissociation;AC=MS:1002481	5 ppm	0.6 Da	NT=Methylthio;AC=UNIMOD:39;TA=C;MT=Fixed	NT=Oxidation;AC=UNIMOD:35;TA=M;MT=Variable	NT=TMT6plex;AC=UNIMOD:737;TA=K;MT=Fixed	NT=TMT6plex;AC=UNIMOD:737;PP=Any N-term;MT=Fixed	0.1 /h	B184
B184-rate0.1-rep1	Saccharomyces cerevisiae	not applicable	not applicable	1	not pooled	not applicable	cell	0.1 /h	B184	Fusion_181127_15-TMT128N	proteomic profiling by mass spectrometry	1	Fusion_181127_15.raw	v1.1.0	NT=ms-proteomics;VV=v1.1.0	manual curation	NT=Data-dependent acquisition;AC=PRIDE:0000627	NT=Orbitrap Fusion;AC=MS:1002416	NT=Trypsin;AC=MS:1001251	TMT128N	12	NT=higher energy beam-type collision-induced dissociation;AC=MS:1002481	5 ppm	0.6 Da	NT=Methylthio;AC=UNIMOD:39;TA=C;MT=Fixed	NT=Oxidation;AC=UNIMOD:35;TA=M;MT=Variable	NT=TMT6plex;AC=UNIMOD:737;TA=K;MT=Fixed	NT=TMT6plex;AC=UNIMOD:737;PP=Any N-term;MT=Fixed	0.1 /h	B184
B184-rate0.1-rep1	Saccharomyces cerevisiae	not applicable	not applicable	1	not pooled	not applicable	cell	0.1 /h	B184	Fusion_181127_16-TMT128N	proteomic profiling by mass spectrometry	1	Fusion_181127_16.raw	v1.1.0	NT=ms-proteomics;VV=v1.1.0	manual curation	NT=Data-dependent acquisition;AC=PRIDE:0000627	NT=Orbitrap Fusion;AC=MS:1002416	NT=Trypsin;AC=MS:1001251	TMT128N	13	NT=higher energy beam-type collision-induced dissociation;AC=MS:1002481	5 ppm	0.6 Da	NT=Methylthio;AC=UNIMOD:39;TA=C;MT=Fixed	NT=Oxidation;AC=UNIMOD:35;TA=M;MT=Variable	NT=TMT6plex;AC=UNIMOD:737;TA=K;MT=Fixed	NT=TMT6plex;AC=UNIMOD:737;PP=Any N-term;MT=Fixed	0.1 /h	B184
B184-rate0.1-rep1	Saccharomyces cerevisiae	not applicable	not applicable	1	not pooled	not applicable	cell	0.1 /h	B184	Fusion_181127_17-TMT128N	proteomic profiling by mass spectrometry	1	Fusion_181127_17.raw	v1.1.0	NT=ms-proteomics;VV=v1.1.0	manual curation	NT=Data-dependent acquisition;AC=PRIDE:0000627	NT=Orbitrap Fusion;AC=MS:1002416	NT=Trypsin;AC=MS:1001251	TMT128N	14	NT=higher energy beam-type collision-induced dissociation;AC=MS:1002481	5 ppm	0.6 Da	NT=Methylthio;AC=UNIMOD:39;TA=C;MT=Fixed	NT=Oxidation;AC=UNIMOD:35;TA=M;MT=Variable	NT=TMT6plex;AC=UNIMOD:737;TA=K;MT=Fixed	NT=TMT6plex;AC=UNIMOD:737;PP=Any N-term;MT=Fixed	0.1 /h	B184
B184-rate0.1-rep1	Saccharomyces cerevisiae	not applicable	not applicable	1	not pooled	not applicable	cell	0.1 /h	B184	Fusion_181127_18-TMT128N	proteomic profiling by mass spectrometry	1	Fusion_181127_18.raw	v1.1.0	NT=ms-proteomics;VV=v1.1.0	manual curation	NT=Data-dependent acquisition;AC=PRIDE:0000627	NT=Orbitrap Fusion;AC=MS:1002416	NT=Trypsin;AC=MS:1001251	TMT128N	15	NT=higher energy beam-type collision-induced dissociation;AC=MS:1002481	5 ppm	0.6 Da	NT=Methylthio;AC=UNIMOD:39;TA=C;MT=Fixed	NT=Oxidation;AC=UNIMOD:35;TA=M;MT=Variable	NT=TMT6plex;AC=UNIMOD:737;TA=K;MT=Fixed	NT=TMT6plex;AC=UNIMOD:737;PP=Any N-term;MT=Fixed	0.1 /h	B184
B184-rate0.1-rep1	Saccharomyces cerevisiae	not applicable	not applicable	1	not pooled	not applicable	cell	0.1 /h	B184	Fusion_181127_21-TMT128N	proteomic profiling by mass spectrometry	1	Fusion_181127_21.raw	v1.1.0	NT=ms-proteomics;VV=v1.1.0	manual curation	NT=Data-dependent acquisition;AC=PRIDE:0000627	NT=Orbitrap Fusion;AC=MS:1002416	NT=Trypsin;AC=MS:1001251	TMT128N	16	NT=higher energy beam-type collision-induced dissociation;AC=MS:1002481	5 ppm	0.6 Da	NT=Methylthio;AC=UNIMOD:39;TA=C;MT=Fixed	NT=Oxidation;AC=UNIMOD:35;TA=M;MT=Variable	NT=TMT6plex;AC=UNIMOD:737;TA=K;MT=Fixed	NT=TMT6plex;AC=UNIMOD:737;PP=Any N-term;MT=Fixed	0.1 /h	B184
B184-rate0.1-rep1	Saccharomyces cerevisiae	not applicable	not applicable	1	not pooled	not applicable	cell	0.1 /h	B184	Fusion_181127_22-TMT128N	proteomic profiling by mass spectrometry	1	Fusion_181127_22.raw	v1.1.0	NT=ms-proteomics;VV=v1.1.0	manual curation	NT=Data-dependent acquisition;AC=PRIDE:0000627	NT=Orbitrap Fusion;AC=MS:1002416	NT=Trypsin;AC=MS:1001251	TMT128N	17	NT=higher energy beam-type collision-induced dissociation;AC=MS:1002481	5 ppm	0.6 Da	NT=Methylthio;AC=UNIMOD:39;TA=C;MT=Fixed	NT=Oxidation;AC=UNIMOD:35;TA=M;MT=Variable	NT=TMT6plex;AC=UNIMOD:737;TA=K;MT=Fixed	NT=TMT6plex;AC=UNIMOD:737;PP=Any N-term;MT=Fixed	0.1 /h	B184
B184-rate0.1-rep1	Saccharomyces cerevisiae	not applicable	not applicable	1	not pooled	not applicable	cell	0.1 /h	B184	Fusion_181127_23-TMT128N	proteomic profiling by mass spectrometry	1	Fusion_181127_23.raw	v1.1.0	NT=ms-proteomics;VV=v1.1.0	manual curation	NT=Data-dependent acquisition;AC=PRIDE:0000627	NT=Orbitrap Fusion;AC=MS:1002416	NT=Trypsin;AC=MS:1001251	TMT128N	18	NT=higher energy beam-type collision-induced dissociation;AC=MS:1002481	5 ppm	0.6 Da	NT=Methylthio;AC=UNIMOD:39;TA=C;MT=Fixed	NT=Oxidation;AC=UNIMOD:35;TA=M;MT=Variable	NT=TMT6plex;AC=UNIMOD:737;TA=K;MT=Fixed	NT=TMT6plex;AC=UNIMOD:737;PP=Any N-term;MT=Fixed	0.1 /h	B184
B184-rate0.1-rep1	Saccharomyces cerevisiae	not applicable	not applicable	1	not pooled	not applicable	cell	0.1 /h	B184	Fusion_181127_96-TMT128N	proteomic profiling by mass spectrometry	1	Fusion_181127_96.raw	v1.1.0	NT=ms-proteomics;VV=v1.1.0	manual curation	NT=Data-dependent acquisition;AC=PRIDE:0000627	NT=Orbitrap Fusion;AC=MS:1002416	NT=Trypsin;AC=MS:1001251	TMT128N	19	NT=higher energy beam-type collision-induced dissociation;AC=MS:1002481	5 ppm	0.6 Da	NT=Methylthio;AC=UNIMOD:39;TA=C;MT=Fixed	NT=Oxidation;AC=UNIMOD:35;TA=M;MT=Variable	NT=TMT6plex;AC=UNIMOD:737;TA=K;MT=Fixed	NT=TMT6plex;AC=UNIMOD:737;PP=Any N-term;MT=Fixed	0.1 /h	B184
B184-rate0.1-rep1	Saccharomyces cerevisiae	not applicable	not applicable	1	not pooled	not applicable	cell	0.1 /h	B184	Fusion_181127_97-TMT128N	proteomic profiling by mass spectrometry	1	Fusion_181127_97.raw	v1.1.0	NT=ms-proteomics;VV=v1.1.0	manual curation	NT=Data-dependent acquisition;AC=PRIDE:0000627	NT=Orbitrap Fusion;AC=MS:1002416	NT=Trypsin;AC=MS:1001251	TMT128N	20	NT=higher energy beam-type collision-induced dissociation;AC=MS:1002481	5 ppm	0.6 Da	NT=Methylthio;AC=UNIMOD:39;TA=C;MT=Fixed	NT=Oxidation;AC=UNIMOD:35;TA=M;MT=Variable	NT=TMT6plex;AC=UNIMOD:737;TA=K;MT=Fixed	NT=TMT6plex;AC=UNIMOD:737;PP=Any N-term;MT=Fixed	0.1 /h	B184
B184-rate0.1-rep2	Saccharomyces cerevisiae	not applicable	not applicable	2	not pooled	not applicable	cell	0.1 /h	B184	Fusion_181127_04-TMT129C	proteomic profiling by mass spectrometry	1	Fusion_181127_04.raw	v1.1.0	NT=ms-proteomics;VV=v1.1.0	manual curation	NT=Data-dependent acquisition;AC=PRIDE:0000627	NT=Orbitrap Fusion;AC=MS:1002416	NT=Trypsin;AC=MS:1001251	TMT129C	1	NT=higher energy beam-type collision-induced dissociation;AC=MS:1002481	5 ppm	0.6 Da	NT=Methylthio;AC=UNIMOD:39;TA=C;MT=Fixed	NT=Oxidation;AC=UNIMOD:35;TA=M;MT=Variable	NT=TMT6plex;AC=UNIMOD:737;TA=K;MT=Fixed	NT=TMT6plex;AC=UNIMOD:737;PP=Any N-term;MT=Fixed	0.1 /h	B184
B184-rate0.1-rep2	Saccharomyces cerevisiae	not applicable	not applicable	2	not pooled	not applicable	cell	0.1 /h	B184	Fusion_181127_05-TMT129C	proteomic profiling by mass spectrometry	1	Fusion_181127_05.raw	v1.1.0	NT=ms-proteomics;VV=v1.1.0	manual curation	NT=Data-dependent acquisition;AC=PRIDE:0000627	NT=Orbitrap Fusion;AC=MS:1002416	NT=Trypsin;AC=MS:1001251	TMT129C	2	NT=higher energy beam-type collision-induced dissociation;AC=MS:1002481	5 ppm	0.6 Da	NT=Methylthio;AC=UNIMOD:39;TA=C;MT=Fixed	NT=Oxidation;AC=UNIMOD:35;TA=M;MT=Variable	NT=TMT6plex;AC=UNIMOD:737;TA=K;MT=Fixed	NT=TMT6plex;AC=UNIMOD:737;PP=Any N-term;MT=Fixed	0.1 /h	B184
B184-rate0.1-rep2	Saccharomyces cerevisiae	not applicable	not applicable	2	not pooled	not applicable	cell	0.1 /h	B184	Fusion_181127_06-TMT129C	proteomic profiling by mass spectrometry	1	Fusion_181127_06.raw	v1.1.0	NT=ms-proteomics;VV=v1.1.0	manual curation	NT=Data-dependent acquisition;AC=PRIDE:0000627	NT=Orbitrap Fusion;AC=MS:1002416	NT=Trypsin;AC=MS:1001251	TMT129C	3	NT=higher energy beam-type collision-induced dissociation;AC=MS:1002481	5 ppm	0.6 Da	NT=Methylthio;AC=UNIMOD:39;TA=C;MT=Fixed	NT=Oxidation;AC=UNIMOD:35;TA=M;MT=Variable	NT=TMT6plex;AC=UNIMOD:737;TA=K;MT=Fixed	NT=TMT6plex;AC=UNIMOD:737;PP=Any N-term;MT=Fixed	0.1 /h	B184
B184-rate0.1-rep2	Saccharomyces cerevisiae	not applicable	not applicable	2	not pooled	not applicable	cell	0.1 /h	B184	Fusion_181127_07-TMT129C	proteomic profiling by mass spectrometry	1	Fusion_181127_07.raw	v1.1.0	NT=ms-proteomics;VV=v1.1.0	manual curation	NT=Data-dependent acquisition;AC=PRIDE:0000627	NT=Orbitrap Fusion;AC=MS:1002416	NT=Trypsin;AC=MS:1001251	TMT129C	4	NT=higher energy beam-type collision-induced dissociation;AC=MS:1002481	5 ppm	0.6 Da	NT=Methylthio;AC=UNIMOD:39;TA=C;MT=Fixed	NT=Oxidation;AC=UNIMOD:35;TA=M;MT=Variable	NT=TMT6plex;AC=UNIMOD:737;TA=K;MT=Fixed	NT=TMT6plex;AC=UNIMOD:737;PP=Any N-term;MT=Fixed	0.1 /h	B184
B184-rate0.1-rep2	Saccharomyces cerevisiae	not applicable	not applicable	2	not pooled	not applicable	cell	0.1 /h	B184	Fusion_181127_08-TMT129C	proteomic profiling by mass spectrometry	1	Fusion_181127_08.raw	v1.1.0	NT=ms-proteomics;VV=v1.1.0	manual curation	NT=Data-dependent acquisition;AC=PRIDE:0000627	NT=Orbitrap Fusion;AC=MS:1002416	NT=Trypsin;AC=MS:1001251	TMT129C	5	NT=higher energy beam-type collision-induced dissociation;AC=MS:1002481	5 ppm	0.6 Da	NT=Methylthio;AC=UNIMOD:39;TA=C;MT=Fixed	NT=Oxidation;AC=UNIMOD:35;TA=M;MT=Variable	NT=TMT6plex;AC=UNIMOD:737;TA=K;MT=Fixed	NT=TMT6plex;AC=UNIMOD:737;PP=Any N-term;MT=Fixed	0.1 /h	B184
B184-rate0.1-rep2	Saccharomyces cerevisiae	not applicable	not applicable	2	not pooled	not applicable	cell	0.1 /h	B184	Fusion_181127_09-TMT129C	proteomic profiling by mass spectrometry	1	Fusion_181127_09.raw	v1.1.0	NT=ms-proteomics;VV=v1.1.0	manual curation	NT=Data-dependent acquisition;AC=PRIDE:0000627	NT=Orbitrap Fusion;AC=MS:1002416	NT=Trypsin;AC=MS:1001251	TMT129C	6	NT=higher energy beam-type collision-induced dissociation;AC=MS:1002481	5 ppm	0.6 Da	NT=Methylthio;AC=UNIMOD:39;TA=C;MT=Fixed	NT=Oxidation;AC=UNIMOD:35;TA=M;MT=Variable	NT=TMT6plex;AC=UNIMOD:737;TA=K;MT=Fixed	NT=TMT6plex;AC=UNIMOD:737;PP=Any N-term;MT=Fixed	0.1 /h	B184
B184-rate0.1-rep2	Saccharomyces cerevisiae	not applicable	not applicable	2	not pooled	not applicable	cell	0.1 /h	B184	Fusion_181127_10-TMT129C	proteomic profiling by mass spectrometry	1	Fusion_181127_10.raw	v1.1.0	NT=ms-proteomics;VV=v1.1.0	manual curation	NT=Data-dependent acquisition;AC=PRIDE:0000627	NT=Orbitrap Fusion;AC=MS:1002416	NT=Trypsin;AC=MS:1001251	TMT129C	7	NT=higher energy beam-type collision-induced dissociation;AC=MS:1002481	5 ppm	0.6 Da	NT=Methylthio;AC=UNIMOD:39;TA=C;MT=Fixed	NT=Oxidation;AC=UNIMOD:35;TA=M;MT=Variable	NT=TMT6plex;AC=UNIMOD:737;TA=K;MT=Fixed	NT=TMT6plex;AC=UNIMOD:737;PP=Any N-term;MT=Fixed	0.1 /h	B184
B184-rate0.1-rep2	Saccharomyces cerevisiae	not applicable	not applicable	2	not pooled	not applicable	cell	0.1 /h	B184	Fusion_181127_11-TMT129C	proteomic profiling by mass spectrometry	1	Fusion_181127_11.raw	v1.1.0	NT=ms-proteomics;VV=v1.1.0	manual curation	NT=Data-dependent acquisition;AC=PRIDE:0000627	NT=Orbitrap Fusion;AC=MS:1002416	NT=Trypsin;AC=MS:1001251	TMT129C	8	NT=higher energy beam-type collision-induced dissociation;AC=MS:1002481	5 ppm	0.6 Da	NT=Methylthio;AC=UNIMOD:39;TA=C;MT=Fixed	NT=Oxidation;AC=UNIMOD:35;TA=M;MT=Variable	NT=TMT6plex;AC=UNIMOD:737;TA=K;MT=Fixed	NT=TMT6plex;AC=UNIMOD:737;PP=Any N-term;MT=Fixed	0.1 /h	B184
B184-rate0.1-rep2	Saccharomyces cerevisiae	not applicable	not applicable	2	not pooled	not applicable	cell	0.1 /h	B184	Fusion_181127_12-TMT129C	proteomic profiling by mass spectrometry	1	Fusion_181127_12.raw	v1.1.0	NT=ms-proteomics;VV=v1.1.0	manual curation	NT=Data-dependent acquisition;AC=PRIDE:0000627	NT=Orbitrap Fusion;AC=MS:1002416	NT=Trypsin;AC=MS:1001251	TMT129C	9	NT=higher energy beam-type collision-induced dissociation;AC=MS:1002481	5 ppm	0.6 Da	NT=Methylthio;AC=UNIMOD:39;TA=C;MT=Fixed	NT=Oxidation;AC=UNIMOD:35;TA=M;MT=Variable	NT=TMT6plex;AC=UNIMOD:737;TA=K;MT=Fixed	NT=TMT6plex;AC=UNIMOD:737;PP=Any N-term;MT=Fixed	0.1 /h	B184
B184-rate0.1-rep2	Saccharomyces cerevisiae	not applicable	not applicable	2	not pooled	not applicable	cell	0.1 /h	B184	Fusion_181127_13-TMT129C	proteomic profiling by mass spectrometry	1	Fusion_181127_13.raw	v1.1.0	NT=ms-proteomics;VV=v1.1.0	manual curation	NT=Data-dependent acquisition;AC=PRIDE:0000627	NT=Orbitrap Fusion;AC=MS:1002416	NT=Trypsin;AC=MS:1001251	TMT129C	10	NT=higher energy beam-type collision-induced dissociation;AC=MS:1002481	5 ppm	0.6 Da	NT=Methylthio;AC=UNIMOD:39;TA=C;MT=Fixed	NT=Oxidation;AC=UNIMOD:35;TA=M;MT=Variable	NT=TMT6plex;AC=UNIMOD:737;TA=K;MT=Fixed	NT=TMT6plex;AC=UNIMOD:737;PP=Any N-term;MT=Fixed	0.1 /h	B184
B184-rate0.1-rep2	Saccharomyces cerevisiae	not applicable	not applicable	2	not pooled	not applicable	cell	0.1 /h	B184	Fusion_181127_14-TMT129C	proteomic profiling by mass spectrometry	1	Fusion_181127_14.raw	v1.1.0	NT=ms-proteomics;VV=v1.1.0	manual curation	NT=Data-dependent acquisition;AC=PRIDE:0000627	NT=Orbitrap Fusion;AC=MS:1002416	NT=Trypsin;AC=MS:1001251	TMT129C	11	NT=higher energy beam-type collision-induced dissociation;AC=MS:1002481	5 ppm	0.6 Da	NT=Methylthio;AC=UNIMOD:39;TA=C;MT=Fixed	NT=Oxidation;AC=UNIMOD:35;TA=M;MT=Variable	NT=TMT6plex;AC=UNIMOD:737;TA=K;MT=Fixed	NT=TMT6plex;AC=UNIMOD:737;PP=Any N-term;MT=Fixed	0.1 /h	B184
B184-rate0.1-rep2	Saccharomyces cerevisiae	not applicable	not applicable	2	not pooled	not applicable	cell	0.1 /h	B184	Fusion_181127_15-TMT129C	proteomic profiling by mass spectrometry	1	Fusion_181127_15.raw	v1.1.0	NT=ms-proteomics;VV=v1.1.0	manual curation	NT=Data-dependent acquisition;AC=PRIDE:0000627	NT=Orbitrap Fusion;AC=MS:1002416	NT=Trypsin;AC=MS:1001251	TMT129C	12	NT=higher energy beam-type collision-induced dissociation;AC=MS:1002481	5 ppm	0.6 Da	NT=Methylthio;AC=UNIMOD:39;TA=C;MT=Fixed	NT=Oxidation;AC=UNIMOD:35;TA=M;MT=Variable	NT=TMT6plex;AC=UNIMOD:737;TA=K;MT=Fixed	NT=TMT6plex;AC=UNIMOD:737;PP=Any N-term;MT=Fixed	0.1 /h	B184
B184-rate0.1-rep2	Saccharomyces cerevisiae	not applicable	not applicable	2	not pooled	not applicable	cell	0.1 /h	B184	Fusion_181127_16-TMT129C	proteomic profiling by mass spectrometry	1	Fusion_181127_16.raw	v1.1.0	NT=ms-proteomics;VV=v1.1.0	manual curation	NT=Data-dependent acquisition;AC=PRIDE:0000627	NT=Orbitrap Fusion;AC=MS:1002416	NT=Trypsin;AC=MS:1001251	TMT129C	13	NT=higher energy beam-type collision-induced dissociation;AC=MS:1002481	5 ppm	0.6 Da	NT=Methylthio;AC=UNIMOD:39;TA=C;MT=Fixed	NT=Oxidation;AC=UNIMOD:35;TA=M;MT=Variable	NT=TMT6plex;AC=UNIMOD:737;TA=K;MT=Fixed	NT=TMT6plex;AC=UNIMOD:737;PP=Any N-term;MT=Fixed	0.1 /h	B184
B184-rate0.1-rep2	Saccharomyces cerevisiae	not applicable	not applicable	2	not pooled	not applicable	cell	0.1 /h	B184	Fusion_181127_17-TMT129C	proteomic profiling by mass spectrometry	1	Fusion_181127_17.raw	v1.1.0	NT=ms-proteomics;VV=v1.1.0	manual curation	NT=Data-dependent acquisition;AC=PRIDE:0000627	NT=Orbitrap Fusion;AC=MS:1002416	NT=Trypsin;AC=MS:1001251	TMT129C	14	NT=higher energy beam-type collision-induced dissociation;AC=MS:1002481	5 ppm	0.6 Da	NT=Methylthio;AC=UNIMOD:39;TA=C;MT=Fixed	NT=Oxidation;AC=UNIMOD:35;TA=M;MT=Variable	NT=TMT6plex;AC=UNIMOD:737;TA=K;MT=Fixed	NT=TMT6plex;AC=UNIMOD:737;PP=Any N-term;MT=Fixed	0.1 /h	B184
B184-rate0.1-rep2	Saccharomyces cerevisiae	not applicable	not applicable	2	not pooled	not applicable	cell	0.1 /h	B184	Fusion_181127_18-TMT129C	proteomic profiling by mass spectrometry	1	Fusion_181127_18.raw	v1.1.0	NT=ms-proteomics;VV=v1.1.0	manual curation	NT=Data-dependent acquisition;AC=PRIDE:0000627	NT=Orbitrap Fusion;AC=MS:1002416	NT=Trypsin;AC=MS:1001251	TMT129C	15	NT=higher energy beam-type collision-induced dissociation;AC=MS:1002481	5 ppm	0.6 Da	NT=Methylthio;AC=UNIMOD:39;TA=C;MT=Fixed	NT=Oxidation;AC=UNIMOD:35;TA=M;MT=Variable	NT=TMT6plex;AC=UNIMOD:737;TA=K;MT=Fixed	NT=TMT6plex;AC=UNIMOD:737;PP=Any N-term;MT=Fixed	0.1 /h	B184
B184-rate0.1-rep2	Saccharomyces cerevisiae	not applicable	not applicable	2	not pooled	not applicable	cell	0.1 /h	B184	Fusion_181127_21-TMT129C	proteomic profiling by mass spectrometry	1	Fusion_181127_21.raw	v1.1.0	NT=ms-proteomics;VV=v1.1.0	manual curation	NT=Data-dependent acquisition;AC=PRIDE:0000627	NT=Orbitrap Fusion;AC=MS:1002416	NT=Trypsin;AC=MS:1001251	TMT129C	16	NT=higher energy beam-type collision-induced dissociation;AC=MS:1002481	5 ppm	0.6 Da	NT=Methylthio;AC=UNIMOD:39;TA=C;MT=Fixed	NT=Oxidation;AC=UNIMOD:35;TA=M;MT=Variable	NT=TMT6plex;AC=UNIMOD:737;TA=K;MT=Fixed	NT=TMT6plex;AC=UNIMOD:737;PP=Any N-term;MT=Fixed	0.1 /h	B184
B184-rate0.1-rep2	Saccharomyces cerevisiae	not applicable	not applicable	2	not pooled	not applicable	cell	0.1 /h	B184	Fusion_181127_22-TMT129C	proteomic profiling by mass spectrometry	1	Fusion_181127_22.raw	v1.1.0	NT=ms-proteomics;VV=v1.1.0	manual curation	NT=Data-dependent acquisition;AC=PRIDE:0000627	NT=Orbitrap Fusion;AC=MS:1002416	NT=Trypsin;AC=MS:1001251	TMT129C	17	NT=higher energy beam-type collision-induced dissociation;AC=MS:1002481	5 ppm	0.6 Da	NT=Methylthio;AC=UNIMOD:39;TA=C;MT=Fixed	NT=Oxidation;AC=UNIMOD:35;TA=M;MT=Variable	NT=TMT6plex;AC=UNIMOD:737;TA=K;MT=Fixed	NT=TMT6plex;AC=UNIMOD:737;PP=Any N-term;MT=Fixed	0.1 /h	B184
B184-rate0.1-rep2	Saccharomyces cerevisiae	not applicable	not applicable	2	not pooled	not applicable	cell	0.1 /h	B184	Fusion_181127_23-TMT129C	proteomic profiling by mass spectrometry	1	Fusion_181127_23.raw	v1.1.0	NT=ms-proteomics;VV=v1.1.0	manual curation	NT=Data-dependent acquisition;AC=PRIDE:0000627	NT=Orbitrap Fusion;AC=MS:1002416	NT=Trypsin;AC=MS:1001251	TMT129C	18	NT=higher energy beam-type collision-induced dissociation;AC=MS:1002481	5 ppm	0.6 Da	NT=Methylthio;AC=UNIMOD:39;TA=C;MT=Fixed	NT=Oxidation;AC=UNIMOD:35;TA=M;MT=Variable	NT=TMT6plex;AC=UNIMOD:737;TA=K;MT=Fixed	NT=TMT6plex;AC=UNIMOD:737;PP=Any N-term;MT=Fixed	0.1 /h	B184
B184-rate0.1-rep2	Saccharomyces cerevisiae	not applicable	not applicable	2	not pooled	not applicable	cell	0.1 /h	B184	Fusion_181127_96-TMT129C	proteomic profiling by mass spectrometry	1	Fusion_181127_96.raw	v1.1.0	NT=ms-proteomics;VV=v1.1.0	manual curation	NT=Data-dependent acquisition;AC=PRIDE:0000627	NT=Orbitrap Fusion;AC=MS:1002416	NT=Trypsin;AC=MS:1001251	TMT129C	19	NT=higher energy beam-type collision-induced dissociation;AC=MS:1002481	5 ppm	0.6 Da	NT=Methylthio;AC=UNIMOD:39;TA=C;MT=Fixed	NT=Oxidation;AC=UNIMOD:35;TA=M;MT=Variable	NT=TMT6plex;AC=UNIMOD:737;TA=K;MT=Fixed	NT=TMT6plex;AC=UNIMOD:737;PP=Any N-term;MT=Fixed	0.1 /h	B184
B184-rate0.1-rep2	Saccharomyces cerevisiae	not applicable	not applicable	2	not pooled	not applicable	cell	0.1 /h	B184	Fusion_181127_97-TMT129C	proteomic profiling by mass spectrometry	1	Fusion_181127_97.raw	v1.1.0	NT=ms-proteomics;VV=v1.1.0	manual curation	NT=Data-dependent acquisition;AC=PRIDE:0000627	NT=Orbitrap Fusion;AC=MS:1002416	NT=Trypsin;AC=MS:1001251	TMT129C	20	NT=higher energy beam-type collision-induced dissociation;AC=MS:1002481	5 ppm	0.6 Da	NT=Methylthio;AC=UNIMOD:39;TA=C;MT=Fixed	NT=Oxidation;AC=UNIMOD:35;TA=M;MT=Variable	NT=TMT6plex;AC=UNIMOD:737;TA=K;MT=Fixed	NT=TMT6plex;AC=UNIMOD:737;PP=Any N-term;MT=Fixed	0.1 /h	B184
